i:      0, t:        0.0 s (0.00 periods), wall: 26.381 seconds, Δt:   1.20, CFL: 3.14e-01
i:    100, t:      310.9 s (0.01 periods), wall: 53.557 seconds, Δt:   6.55, CFL: 7.20e-01
i:    200, t:     1282.3 s (0.03 periods), wall: 1.002 minutes, Δt:  14.65, CFL: 7.20e-01
i:    300, t:     2579.4 s (0.06 periods), wall: 1.114 minutes, Δt:  12.65, CFL: 7.20e-01
i:    400, t:     3709.7 s (0.08 periods), wall: 1.225 minutes, Δt:  10.37, CFL: 7.20e-01
i:    500, t:     4658.1 s (0.10 periods), wall: 1.335 minutes, Δt:   9.12, CFL: 7.20e-01
i:    600, t:     5504.9 s (0.12 periods), wall: 1.445 minutes, Δt:   8.11, CFL: 7.20e-01
i:    700, t:     6264.6 s (0.14 periods), wall: 1.555 minutes, Δt:   7.45, CFL: 7.20e-01
i:    800, t:     6975.3 s (0.16 periods), wall: 1.665 minutes, Δt:   6.97, CFL: 7.20e-01
i:    900, t:     7642.0 s (0.17 periods), wall: 1.774 minutes, Δt:   6.63, CFL: 7.20e-01
i:   1000, t:     8284.0 s (0.19 periods), wall: 1.884 minutes, Δt:   6.37, CFL: 7.20e-01
i:   1100, t:     8903.5 s (0.20 periods), wall: 1.992 minutes, Δt:   6.17, CFL: 7.20e-01
i:   1200, t:     9507.6 s (0.21 periods), wall: 2.102 minutes, Δt:   6.04, CFL: 7.20e-01
i:   1300, t:    10097.5 s (0.23 periods), wall: 2.211 minutes, Δt:   5.94, CFL: 7.20e-01
i:   1400, t:    10685.3 s (0.24 periods), wall: 2.320 minutes, Δt:   5.90, CFL: 7.20e-01
i:   1500, t:    11272.1 s (0.25 periods), wall: 2.430 minutes, Δt:   5.90, CFL: 7.20e-01
i:   1600, t:    11859.2 s (0.27 periods), wall: 2.539 minutes, Δt:   5.93, CFL: 7.20e-01
i:   1700, t:    12449.5 s (0.28 periods), wall: 2.647 minutes, Δt:   6.00, CFL: 7.20e-01
i:   1800, t:    13043.1 s (0.29 periods), wall: 2.757 minutes, Δt:   6.11, CFL: 7.20e-01
i:   1900, t:    13652.8 s (0.31 periods), wall: 2.866 minutes, Δt:   6.30, CFL: 7.20e-01
i:   2000, t:    14284.8 s (0.32 periods), wall: 2.975 minutes, Δt:   6.53, CFL: 7.20e-01
i:   2100, t:    14948.2 s (0.33 periods), wall: 3.084 minutes, Δt:   6.86, CFL: 7.20e-01
i:   2200, t:    15638.5 s (0.35 periods), wall: 3.195 minutes, Δt:   7.31, CFL: 7.20e-01
i:   2300, t:    16388.2 s (0.37 periods), wall: 3.305 minutes, Δt:   7.97, CFL: 7.20e-01
i:   2400, t:    17204.1 s (0.39 periods), wall: 3.415 minutes, Δt:   8.96, CFL: 7.20e-01
i:   2500, t:    18162.9 s (0.41 periods), wall: 3.526 minutes, Δt:  10.69, CFL: 7.20e-01
i:   2600, t:    19361.6 s (0.43 periods), wall: 3.636 minutes, Δt:  14.57, CFL: 7.20e-01
i:   2700, t:    21196.5 s (0.47 periods), wall: 3.750 minutes, Δt:  16.59, CFL: 7.20e-01
i:   2800, t:    22107.3 s (0.50 periods), wall: 3.861 minutes, Δt:   4.92, CFL: 7.20e-01
i:   2900, t:    22519.6 s (0.50 periods), wall: 3.972 minutes, Δt:   3.22, CFL: 7.20e-01
i:   3000, t:    22814.0 s (0.51 periods), wall: 4.080 minutes, Δt:   2.69, CFL: 7.20e-01
i:   3100, t:    23060.6 s (0.52 periods), wall: 4.188 minutes, Δt:   2.52, CFL: 7.20e-01
i:   3200, t:    23309.7 s (0.52 periods), wall: 4.296 minutes, Δt:   2.91, CFL: 7.20e-01
i:   3300, t:    23578.2 s (0.53 periods), wall: 4.404 minutes, Δt:   2.27, CFL: 7.20e-01
i:   3400, t:    23853.6 s (0.53 periods), wall: 4.513 minutes, Δt:   2.80, CFL: 7.20e-01
i:   3500, t:    24148.0 s (0.54 periods), wall: 4.621 minutes, Δt:   3.19, CFL: 7.20e-01
i:   3600, t:    24472.3 s (0.55 periods), wall: 4.729 minutes, Δt:   3.28, CFL: 7.20e-01
i:   3700, t:    24824.0 s (0.56 periods), wall: 4.838 minutes, Δt:   3.75, CFL: 7.20e-01
i:   3800, t:    25170.6 s (0.56 periods), wall: 4.946 minutes, Δt:   3.87, CFL: 7.20e-01
i:   3900, t:    25580.3 s (0.57 periods), wall: 5.055 minutes, Δt:   3.94, CFL: 7.20e-01
i:   4000, t:    25956.5 s (0.58 periods), wall: 5.164 minutes, Δt:   3.15, CFL: 7.20e-01
i:   4100, t:    26259.1 s (0.59 periods), wall: 5.272 minutes, Δt:   3.13, CFL: 7.20e-01
i:   4200, t:    26575.9 s (0.60 periods), wall: 5.381 minutes, Δt:   2.90, CFL: 7.20e-01
i:   4300, t:    26863.6 s (0.60 periods), wall: 5.489 minutes, Δt:   3.11, CFL: 7.20e-01
i:   4400, t:    27140.1 s (0.61 periods), wall: 5.598 minutes, Δt:   1.99, CFL: 7.20e-01
i:   4500, t:    27334.3 s (0.61 periods), wall: 5.705 minutes, Δt:   2.30, CFL: 7.20e-01
i:   4600, t:    27583.9 s (0.62 periods), wall: 5.813 minutes, Δt:   2.29, CFL: 7.20e-01
i:   4700, t:    27806.3 s (0.62 periods), wall: 5.921 minutes, Δt:   2.11, CFL: 7.20e-01
i:   4800, t:    28015.2 s (0.63 periods), wall: 6.029 minutes, Δt:   1.56, CFL: 7.20e-01
i:   4900, t:    28194.9 s (0.63 periods), wall: 6.138 minutes, Δt:   2.42, CFL: 7.20e-01
i:   5000, t:    28429.0 s (0.64 periods), wall: 6.246 minutes, Δt:   2.27, CFL: 7.20e-01
i:   5100, t:    28650.9 s (0.64 periods), wall: 6.354 minutes, Δt:   2.30, CFL: 7.20e-01
i:   5200, t:    28870.6 s (0.65 periods), wall: 6.462 minutes, Δt:   1.94, CFL: 7.20e-01
i:   5300, t:    29048.0 s (0.65 periods), wall: 6.570 minutes, Δt:   1.92, CFL: 7.20e-01
i:   5400, t:    29212.8 s (0.65 periods), wall: 6.677 minutes, Δt:   1.72, CFL: 7.20e-01
i:   5500, t:    29386.3 s (0.66 periods), wall: 6.786 minutes, Δt:   1.55, CFL: 7.20e-01
i:   5600, t:    29561.2 s (0.66 periods), wall: 6.894 minutes, Δt:   1.70, CFL: 7.20e-01
i:   5700, t:    29725.5 s (0.67 periods), wall: 7.002 minutes, Δt:   1.49, CFL: 7.20e-01
i:   5800, t:    29856.7 s (0.67 periods), wall: 7.109 minutes, Δt:   1.48, CFL: 7.20e-01
i:   5900, t:    30011.1 s (0.67 periods), wall: 7.217 minutes, Δt:   1.50, CFL: 7.20e-01
i:   6000, t:    30154.6 s (0.68 periods), wall: 7.325 minutes, Δt:   1.35, CFL: 7.20e-01
i:   6100, t:    30317.2 s (0.68 periods), wall: 7.432 minutes, Δt:   1.49, CFL: 7.20e-01
i:   6200, t:    30475.6 s (0.68 periods), wall: 7.541 minutes, Δt:   1.44, CFL: 7.20e-01
i:   6300, t:    30629.4 s (0.69 periods), wall: 7.649 minutes, Δt:   1.72, CFL: 7.20e-01
i:   6400, t:    30790.0 s (0.69 periods), wall: 7.756 minutes, Δt:   1.69, CFL: 7.20e-01
i:   6500, t:    30962.5 s (0.69 periods), wall: 7.864 minutes, Δt:   1.50, CFL: 7.20e-01
i:   6600, t:    31095.6 s (0.70 periods), wall: 7.972 minutes, Δt:   1.30, CFL: 7.20e-01
i:   6700, t:    31238.5 s (0.70 periods), wall: 8.080 minutes, Δt:   1.56, CFL: 7.20e-01
i:   6800, t:    31391.1 s (0.70 periods), wall: 8.188 minutes, Δt:   1.60, CFL: 7.20e-01
i:   6900, t:    31540.0 s (0.71 periods), wall: 8.296 minutes, Δt:   1.49, CFL: 7.20e-01
i:   7000, t:    31686.2 s (0.71 periods), wall: 8.403 minutes, Δt:   1.55, CFL: 7.20e-01
i:   7100, t:    31845.0 s (0.71 periods), wall: 8.511 minutes, Δt:   1.54, CFL: 7.20e-01
i:   7200, t:    31991.5 s (0.72 periods), wall: 8.620 minutes, Δt:   1.71, CFL: 7.20e-01
i:   7300, t:    32144.0 s (0.72 periods), wall: 8.727 minutes, Δt:   1.60, CFL: 7.20e-01
i:   7400, t:    32299.1 s (0.72 periods), wall: 8.835 minutes, Δt:   1.53, CFL: 7.20e-01
i:   7500, t:    32448.6 s (0.73 periods), wall: 8.943 minutes, Δt:   1.42, CFL: 7.20e-01
i:   7600, t:    32594.0 s (0.73 periods), wall: 9.051 minutes, Δt:   1.38, CFL: 7.20e-01
i:   7700, t:    32739.6 s (0.73 periods), wall: 9.158 minutes, Δt:   1.36, CFL: 7.20e-01
i:   7800, t:    32884.9 s (0.74 periods), wall: 9.266 minutes, Δt:   1.40, CFL: 7.20e-01
i:   7900, t:    33027.9 s (0.74 periods), wall: 9.374 minutes, Δt:   1.33, CFL: 7.20e-01
i:   8000, t:    33152.3 s (0.74 periods), wall: 9.482 minutes, Δt:   1.39, CFL: 7.20e-01
i:   8100, t:    33299.1 s (0.75 periods), wall: 9.590 minutes, Δt:   1.49, CFL: 7.20e-01
i:   8200, t:    33428.4 s (0.75 periods), wall: 9.698 minutes, Δt:   1.28, CFL: 7.20e-01
i:   8300, t:    33561.0 s (0.75 periods), wall: 9.806 minutes, Δt:   1.56, CFL: 7.20e-01
i:   8400, t:    33702.2 s (0.75 periods), wall: 9.913 minutes, Δt:   1.21, CFL: 7.20e-01
i:   8500, t:    33840.8 s (0.76 periods), wall: 10.021 minutes, Δt:   1.56, CFL: 7.20e-01
i:   8600, t:    33997.0 s (0.76 periods), wall: 10.129 minutes, Δt:   1.59, CFL: 7.20e-01
i:   8700, t:    34154.2 s (0.77 periods), wall: 10.237 minutes, Δt:   1.48, CFL: 7.20e-01
i:   8800, t:    34293.9 s (0.77 periods), wall: 10.344 minutes, Δt:   1.60, CFL: 7.20e-01
i:   8900, t:    34436.8 s (0.77 periods), wall: 10.452 minutes, Δt:   1.34, CFL: 7.20e-01
i:   9000, t:    34571.3 s (0.77 periods), wall: 10.560 minutes, Δt:   1.57, CFL: 7.20e-01
i:   9100, t:    34732.9 s (0.78 periods), wall: 10.668 minutes, Δt:   1.67, CFL: 7.20e-01
i:   9200, t:    34867.1 s (0.78 periods), wall: 10.776 minutes, Δt:   1.64, CFL: 7.20e-01
i:   9300, t:    35018.3 s (0.78 periods), wall: 10.883 minutes, Δt:   1.34, CFL: 7.20e-01
i:   9400, t:    35155.6 s (0.79 periods), wall: 10.991 minutes, Δt:   1.45, CFL: 7.20e-01
i:   9500, t:    35284.9 s (0.79 periods), wall: 11.100 minutes, Δt:   1.33, CFL: 7.20e-01
i:   9600, t:    35441.2 s (0.79 periods), wall: 11.207 minutes, Δt:   1.60, CFL: 7.20e-01
i:   9700, t:    35590.2 s (0.80 periods), wall: 11.315 minutes, Δt:   1.73, CFL: 7.20e-01
i:   9800, t:    35753.0 s (0.80 periods), wall: 11.423 minutes, Δt:   1.61, CFL: 7.20e-01
i:   9900, t:    35914.6 s (0.80 periods), wall: 11.532 minutes, Δt:   1.61, CFL: 7.20e-01
i:  10000, t:    36062.9 s (0.81 periods), wall: 11.640 minutes, Δt:   1.45, CFL: 7.20e-01
i:  10100, t:    36214.8 s (0.81 periods), wall: 11.748 minutes, Δt:   1.59, CFL: 7.20e-01
i:  10200, t:    36373.8 s (0.81 periods), wall: 11.855 minutes, Δt:   1.30, CFL: 7.20e-01
i:  10300, t:    36523.5 s (0.82 periods), wall: 11.963 minutes, Δt:   1.48, CFL: 7.20e-01
i:  10400, t:    36697.6 s (0.82 periods), wall: 12.071 minutes, Δt:   1.74, CFL: 7.20e-01
i:  10500, t:    36875.5 s (0.83 periods), wall: 12.179 minutes, Δt:   1.78, CFL: 7.20e-01
i:  10600, t:    37032.4 s (0.83 periods), wall: 12.287 minutes, Δt:   1.52, CFL: 7.20e-01
i:  10700, t:    37179.5 s (0.83 periods), wall: 12.395 minutes, Δt:   1.56, CFL: 7.20e-01
i:  10800, t:    37359.7 s (0.84 periods), wall: 12.503 minutes, Δt:   1.68, CFL: 7.20e-01
i:  10900, t:    37508.3 s (0.84 periods), wall: 12.611 minutes, Δt:   1.57, CFL: 7.20e-01
i:  11000, t:    37674.9 s (0.84 periods), wall: 12.718 minutes, Δt:   1.74, CFL: 7.20e-01
i:  11100, t:    37850.6 s (0.85 periods), wall: 12.827 minutes, Δt:   1.79, CFL: 7.20e-01
i:  11200, t:    38029.4 s (0.85 periods), wall: 12.935 minutes, Δt:   1.80, CFL: 7.20e-01
i:  11300, t:    38211.1 s (0.86 periods), wall: 13.043 minutes, Δt:   1.76, CFL: 7.20e-01
i:  11400, t:    38373.0 s (0.86 periods), wall: 13.150 minutes, Δt:   1.71, CFL: 7.20e-01
i:  11500, t:    38575.6 s (0.86 periods), wall: 13.258 minutes, Δt:   1.99, CFL: 7.20e-01
i:  11600, t:    38763.5 s (0.87 periods), wall: 13.366 minutes, Δt:   1.60, CFL: 7.20e-01
i:  11700, t:    38939.4 s (0.87 periods), wall: 13.474 minutes, Δt:   2.02, CFL: 7.20e-01
i:  11800, t:    39115.9 s (0.88 periods), wall: 13.582 minutes, Δt:   1.74, CFL: 7.20e-01
i:  11900, t:    39295.2 s (0.88 periods), wall: 13.690 minutes, Δt:   1.81, CFL: 7.20e-01
i:  12000, t:    39460.2 s (0.88 periods), wall: 13.797 minutes, Δt:   2.00, CFL: 7.20e-01
i:  12100, t:    39676.6 s (0.89 periods), wall: 13.906 minutes, Δt:   2.07, CFL: 7.20e-01
i:  12200, t:    39880.0 s (0.89 periods), wall: 14.014 minutes, Δt:   2.17, CFL: 7.20e-01
i:  12300, t:    40107.5 s (0.90 periods), wall: 14.122 minutes, Δt:   2.39, CFL: 7.20e-01
i:  12400, t:    40300.2 s (0.90 periods), wall: 14.230 minutes, Δt:   2.13, CFL: 7.20e-01
i:  12500, t:    40517.7 s (0.91 periods), wall: 14.338 minutes, Δt:   2.39, CFL: 7.20e-01
i:  12600, t:    40739.8 s (0.91 periods), wall: 14.446 minutes, Δt:   1.85, CFL: 7.20e-01
i:  12700, t:    40958.8 s (0.92 periods), wall: 14.555 minutes, Δt:   2.46, CFL: 7.20e-01
i:  12800, t:    41231.7 s (0.92 periods), wall: 14.663 minutes, Δt:   2.27, CFL: 7.20e-01
i:  12900, t:    41486.9 s (0.93 periods), wall: 14.771 minutes, Δt:   2.48, CFL: 7.20e-01
i:  13000, t:    41756.2 s (0.94 periods), wall: 14.880 minutes, Δt:   2.40, CFL: 7.20e-01
i:  13100, t:    42044.7 s (0.94 periods), wall: 14.988 minutes, Δt:   2.85, CFL: 7.20e-01
i:  13200, t:    42373.1 s (0.95 periods), wall: 15.095 minutes, Δt:   2.83, CFL: 7.20e-01
i:  13300, t:    42726.8 s (0.96 periods), wall: 15.204 minutes, Δt:   4.43, CFL: 7.20e-01
i:  13400, t:    43182.9 s (0.97 periods), wall: 15.313 minutes, Δt:   5.47, CFL: 7.20e-01
i:  13500, t:    43704.1 s (0.98 periods), wall: 15.422 minutes, Δt:   5.09, CFL: 7.20e-01
i:  13600, t:    44170.3 s (0.99 periods), wall: 15.531 minutes, Δt:   4.13, CFL: 7.20e-01
i:  13700, t:    44703.3 s (1.00 periods), wall: 15.643 minutes, Δt:   6.73, CFL: 7.20e-01
i:  13800, t:    45321.7 s (1.02 periods), wall: 15.753 minutes, Δt:   6.00, CFL: 7.20e-01
i:  13900, t:    45889.5 s (1.03 periods), wall: 15.861 minutes, Δt:   5.15, CFL: 7.20e-01
i:  14000, t:    46398.2 s (1.04 periods), wall: 15.970 minutes, Δt:   5.74, CFL: 7.20e-01
i:  14100, t:    46932.2 s (1.05 periods), wall: 16.079 minutes, Δt:   4.82, CFL: 7.20e-01
i:  14200, t:    47414.0 s (1.06 periods), wall: 16.188 minutes, Δt:   4.30, CFL: 7.20e-01
i:  14300, t:    47792.1 s (1.07 periods), wall: 16.297 minutes, Δt:   4.05, CFL: 7.20e-01
i:  14400, t:    48197.5 s (1.08 periods), wall: 16.405 minutes, Δt:   3.42, CFL: 7.20e-01
i:  14500, t:    48547.0 s (1.09 periods), wall: 16.514 minutes, Δt:   3.19, CFL: 7.20e-01
i:  14600, t:    48859.2 s (1.09 periods), wall: 16.622 minutes, Δt:   3.05, CFL: 7.20e-01
i:  14700, t:    49116.2 s (1.10 periods), wall: 16.731 minutes, Δt:   1.89, CFL: 7.20e-01
i:  14800, t:    49323.7 s (1.10 periods), wall: 16.838 minutes, Δt:   2.01, CFL: 7.20e-01
i:  14900, t:    49516.5 s (1.11 periods), wall: 16.946 minutes, Δt:   2.27, CFL: 7.20e-01
i:  15000, t:    49725.2 s (1.11 periods), wall: 17.055 minutes, Δt:   2.11, CFL: 7.20e-01
i:  15100, t:    49921.6 s (1.12 periods), wall: 17.163 minutes, Δt:   2.13, CFL: 7.20e-01
i:  15200, t:    50117.0 s (1.12 periods), wall: 17.271 minutes, Δt:   1.84, CFL: 7.20e-01
i:  15300, t:    50304.6 s (1.13 periods), wall: 17.379 minutes, Δt:   1.90, CFL: 7.20e-01
i:  15400, t:    50503.6 s (1.13 periods), wall: 17.487 minutes, Δt:   2.09, CFL: 7.20e-01
i:  15500, t:    50689.4 s (1.14 periods), wall: 17.595 minutes, Δt:   1.66, CFL: 7.20e-01
i:  15600, t:    50858.9 s (1.14 periods), wall: 17.703 minutes, Δt:   1.76, CFL: 7.20e-01
i:  15700, t:    51043.2 s (1.14 periods), wall: 17.811 minutes, Δt:   1.73, CFL: 7.20e-01
i:  15800, t:    51213.0 s (1.15 periods), wall: 17.919 minutes, Δt:   1.88, CFL: 7.20e-01
i:  15900, t:    51374.3 s (1.15 periods), wall: 18.027 minutes, Δt:   1.75, CFL: 7.20e-01
i:  16000, t:    51532.0 s (1.15 periods), wall: 18.134 minutes, Δt:   1.66, CFL: 7.20e-01
i:  16100, t:    51699.7 s (1.16 periods), wall: 18.242 minutes, Δt:   1.60, CFL: 7.20e-01
i:  16200, t:    51854.7 s (1.16 periods), wall: 18.351 minutes, Δt:   1.43, CFL: 7.20e-01
i:  16300, t:    52012.0 s (1.17 periods), wall: 18.459 minutes, Δt:   1.44, CFL: 7.20e-01
i:  16400, t:    52167.1 s (1.17 periods), wall: 18.566 minutes, Δt:   1.68, CFL: 7.20e-01
i:  16500, t:    52328.4 s (1.17 periods), wall: 18.674 minutes, Δt:   1.45, CFL: 7.20e-01
i:  16600, t:    52474.2 s (1.18 periods), wall: 18.783 minutes, Δt:   1.63, CFL: 7.20e-01
i:  16700, t:    52618.6 s (1.18 periods), wall: 18.890 minutes, Δt:   1.38, CFL: 7.20e-01
i:  16800, t:    52758.7 s (1.18 periods), wall: 18.998 minutes, Δt:   1.07, CFL: 7.20e-01
i:  16900, t:    52885.3 s (1.18 periods), wall: 19.106 minutes, Δt:   1.29, CFL: 7.20e-01
i:  17000, t:    53033.8 s (1.19 periods), wall: 19.214 minutes, Δt:   1.51, CFL: 7.20e-01
i:  17100, t:    53175.0 s (1.19 periods), wall: 19.322 minutes, Δt:   1.54, CFL: 7.20e-01
i:  17200, t:    53316.7 s (1.19 periods), wall: 19.429 minutes, Δt:   1.54, CFL: 7.20e-01
i:  17300, t:    53471.3 s (1.20 periods), wall: 19.537 minutes, Δt:   1.52, CFL: 7.20e-01
i:  17400, t:    53624.2 s (1.20 periods), wall: 19.646 minutes, Δt:   1.69, CFL: 7.20e-01
i:  17500, t:    53788.8 s (1.20 periods), wall: 19.753 minutes, Δt:   1.50, CFL: 7.20e-01
i:  17600, t:    53936.1 s (1.21 periods), wall: 19.861 minutes, Δt:   1.51, CFL: 7.20e-01
i:  17700, t:    54081.8 s (1.21 periods), wall: 19.970 minutes, Δt:   1.52, CFL: 7.20e-01
i:  17800, t:    54237.3 s (1.21 periods), wall: 20.077 minutes, Δt:   1.50, CFL: 7.20e-01
i:  17900, t:    54364.4 s (1.22 periods), wall: 20.185 minutes, Δt:   1.33, CFL: 7.20e-01
i:  18000, t:    54494.8 s (1.22 periods), wall: 20.293 minutes, Δt:   1.06, CFL: 7.20e-01
i:  18100, t:    54634.4 s (1.22 periods), wall: 20.400 minutes, Δt:   1.51, CFL: 7.20e-01
i:  18200, t:    54784.0 s (1.23 periods), wall: 20.509 minutes, Δt:   1.39, CFL: 7.20e-01
i:  18300, t:    54922.8 s (1.23 periods), wall: 20.617 minutes, Δt:   1.27, CFL: 7.20e-01
i:  18400, t:    55069.4 s (1.23 periods), wall: 20.724 minutes, Δt:   1.54, CFL: 7.20e-01
i:  18500, t:    55210.8 s (1.24 periods), wall: 20.832 minutes, Δt:   1.41, CFL: 7.20e-01
i:  18600, t:    55350.9 s (1.24 periods), wall: 20.940 minutes, Δt:   1.30, CFL: 7.20e-01
i:  18700, t:    55490.4 s (1.24 periods), wall: 21.048 minutes, Δt:   1.55, CFL: 7.20e-01
i:  18800, t:    55625.2 s (1.25 periods), wall: 21.156 minutes, Δt:   1.41, CFL: 7.20e-01
i:  18900, t:    55769.6 s (1.25 periods), wall: 21.263 minutes, Δt:   1.54, CFL: 7.20e-01
i:  19000, t:    55931.0 s (1.25 periods), wall: 21.371 minutes, Δt:   1.42, CFL: 7.20e-01
i:  19100, t:    56083.8 s (1.26 periods), wall: 21.479 minutes, Δt:   1.55, CFL: 7.20e-01
i:  19200, t:    56238.2 s (1.26 periods), wall: 21.587 minutes, Δt:   1.53, CFL: 7.20e-01
i:  19300, t:    56379.0 s (1.26 periods), wall: 21.695 minutes, Δt:   1.40, CFL: 7.20e-01
i:  19400, t:    56523.7 s (1.27 periods), wall: 21.803 minutes, Δt:   1.36, CFL: 7.20e-01
i:  19500, t:    56669.1 s (1.27 periods), wall: 21.910 minutes, Δt:   1.63, CFL: 7.20e-01
i:  19600, t:    56820.4 s (1.27 periods), wall: 22.019 minutes, Δt:   1.52, CFL: 7.20e-01
i:  19700, t:    56972.2 s (1.28 periods), wall: 22.127 minutes, Δt:   1.48, CFL: 7.20e-01
i:  19800, t:    57123.1 s (1.28 periods), wall: 22.234 minutes, Δt:   1.45, CFL: 7.20e-01
i:  19900, t:    57272.3 s (1.28 periods), wall: 22.342 minutes, Δt:   1.14, CFL: 7.20e-01
i:  20000, t:    57396.3 s (1.29 periods), wall: 22.450 minutes, Δt:   1.27, CFL: 7.20e-01
i:  20100, t:    57542.6 s (1.29 periods), wall: 22.558 minutes, Δt:   1.36, CFL: 7.20e-01
i:  20200, t:    57689.0 s (1.29 periods), wall: 22.666 minutes, Δt:   1.45, CFL: 7.20e-01
i:  20300, t:    57836.2 s (1.30 periods), wall: 22.773 minutes, Δt:   1.39, CFL: 7.20e-01
i:  20400, t:    57984.2 s (1.30 periods), wall: 22.881 minutes, Δt:   1.43, CFL: 7.20e-01
i:  20500, t:    58121.3 s (1.30 periods), wall: 22.989 minutes, Δt:   1.22, CFL: 7.20e-01
i:  20600, t:    58276.6 s (1.31 periods), wall: 23.097 minutes, Δt:   1.67, CFL: 7.20e-01
i:  20700, t:    58445.3 s (1.31 periods), wall: 23.205 minutes, Δt:   1.64, CFL: 7.20e-01
i:  20800, t:    58601.6 s (1.31 periods), wall: 23.313 minutes, Δt:   1.43, CFL: 7.20e-01
i:  20900, t:    58754.6 s (1.32 periods), wall: 23.421 minutes, Δt:   1.54, CFL: 7.20e-01
i:  21000, t:    58926.6 s (1.32 periods), wall: 23.529 minutes, Δt:   1.79, CFL: 7.20e-01
i:  21100, t:    59081.8 s (1.32 periods), wall: 23.636 minutes, Δt:   1.64, CFL: 7.20e-01
i:  21200, t:    59241.6 s (1.33 periods), wall: 23.744 minutes, Δt:   1.40, CFL: 7.20e-01
i:  21300, t:    59393.6 s (1.33 periods), wall: 23.853 minutes, Δt:   1.30, CFL: 7.20e-01
i:  21400, t:    59524.4 s (1.33 periods), wall: 23.960 minutes, Δt:   1.24, CFL: 7.20e-01
i:  21500, t:    59641.7 s (1.34 periods), wall: 24.068 minutes, Δt:   1.22, CFL: 7.20e-01
i:  21600, t:    59790.0 s (1.34 periods), wall: 24.176 minutes, Δt:   1.56, CFL: 7.20e-01
i:  21700, t:    59963.9 s (1.34 periods), wall: 24.283 minutes, Δt:   1.43, CFL: 7.20e-01
i:  21800, t:    60122.8 s (1.35 periods), wall: 24.391 minutes, Δt:   1.68, CFL: 7.20e-01
i:  21900, t:    60293.3 s (1.35 periods), wall: 24.500 minutes, Δt:   1.73, CFL: 7.20e-01
i:  22000, t:    60451.2 s (1.35 periods), wall: 24.607 minutes, Δt:   1.60, CFL: 7.20e-01
i:  22100, t:    60624.3 s (1.36 periods), wall: 24.715 minutes, Δt:   1.85, CFL: 7.20e-01
i:  22200, t:    60795.0 s (1.36 periods), wall: 24.823 minutes, Δt:   1.88, CFL: 7.20e-01
i:  22300, t:    60989.7 s (1.37 periods), wall: 24.931 minutes, Δt:   1.90, CFL: 7.20e-01
i:  22400, t:    61174.6 s (1.37 periods), wall: 25.040 minutes, Δt:   1.91, CFL: 7.20e-01
i:  22500, t:    61357.8 s (1.37 periods), wall: 25.147 minutes, Δt:   1.61, CFL: 7.20e-01
i:  22600, t:    61544.0 s (1.38 periods), wall: 25.255 minutes, Δt:   1.97, CFL: 7.20e-01
i:  22700, t:    61748.2 s (1.38 periods), wall: 25.363 minutes, Δt:   2.29, CFL: 7.20e-01
i:  22800, t:    61969.0 s (1.39 periods), wall: 25.471 minutes, Δt:   2.11, CFL: 7.20e-01
i:  22900, t:    62166.2 s (1.39 periods), wall: 25.579 minutes, Δt:   2.11, CFL: 7.20e-01
i:  23000, t:    62383.7 s (1.40 periods), wall: 25.688 minutes, Δt:   2.08, CFL: 7.20e-01
i:  23100, t:    62604.9 s (1.40 periods), wall: 25.795 minutes, Δt:   2.35, CFL: 7.20e-01
i:  23200, t:    62855.2 s (1.41 periods), wall: 25.903 minutes, Δt:   2.54, CFL: 7.20e-01
i:  23300, t:    63093.0 s (1.41 periods), wall: 26.011 minutes, Δt:   1.95, CFL: 7.20e-01
i:  23400, t:    63337.2 s (1.42 periods), wall: 26.119 minutes, Δt:   2.86, CFL: 7.20e-01
i:  23500, t:    63612.0 s (1.43 periods), wall: 26.228 minutes, Δt:   2.60, CFL: 7.20e-01
i:  23600, t:    63864.5 s (1.43 periods), wall: 26.337 minutes, Δt:   2.97, CFL: 7.20e-01
i:  23700, t:    64153.1 s (1.44 periods), wall: 26.446 minutes, Δt:   3.15, CFL: 7.20e-01
i:  23800, t:    64452.6 s (1.44 periods), wall: 26.554 minutes, Δt:   2.93, CFL: 7.20e-01
i:  23900, t:    64719.8 s (1.45 periods), wall: 26.662 minutes, Δt:   3.19, CFL: 7.20e-01
i:  24000, t:    65073.3 s (1.46 periods), wall: 26.771 minutes, Δt:   3.54, CFL: 7.20e-01
i:  24100, t:    65456.8 s (1.47 periods), wall: 26.880 minutes, Δt:   4.07, CFL: 7.20e-01
i:  24200, t:    65847.7 s (1.48 periods), wall: 26.989 minutes, Δt:   3.76, CFL: 7.20e-01
i:  24300, t:    66206.3 s (1.48 periods), wall: 27.097 minutes, Δt:   3.73, CFL: 7.20e-01
i:  24400, t:    66617.3 s (1.49 periods), wall: 27.206 minutes, Δt:   5.39, CFL: 7.20e-01
i:  24500, t:    67093.8 s (1.50 periods), wall: 27.316 minutes, Δt:   4.29, CFL: 7.20e-01
i:  24600, t:    67592.9 s (1.51 periods), wall: 27.425 minutes, Δt:   5.33, CFL: 7.20e-01
i:  24700, t:    68086.6 s (1.53 periods), wall: 27.535 minutes, Δt:   5.07, CFL: 7.20e-01
i:  24800, t:    68585.2 s (1.54 periods), wall: 27.644 minutes, Δt:   4.59, CFL: 7.20e-01
i:  24900, t:    69049.2 s (1.55 periods), wall: 27.753 minutes, Δt:   4.83, CFL: 7.20e-01
i:  25000, t:    69523.1 s (1.56 periods), wall: 27.862 minutes, Δt:   4.52, CFL: 7.20e-01
i:  25100, t:    69887.2 s (1.57 periods), wall: 27.971 minutes, Δt:   3.31, CFL: 7.20e-01
i:  25200, t:    70247.7 s (1.57 periods), wall: 28.079 minutes, Δt:   3.60, CFL: 7.20e-01
i:  25300, t:    70558.1 s (1.58 periods), wall: 28.188 minutes, Δt:   2.76, CFL: 7.20e-01
i:  25400, t:    70851.8 s (1.59 periods), wall: 28.296 minutes, Δt:   2.68, CFL: 7.20e-01
i:  25500, t:    71098.1 s (1.59 periods), wall: 28.404 minutes, Δt:   2.40, CFL: 7.20e-01
i:  25600, t:    71349.7 s (1.60 periods), wall: 28.512 minutes, Δt:   2.74, CFL: 7.20e-01
i:  25700, t:    71621.6 s (1.60 periods), wall: 28.620 minutes, Δt:   2.60, CFL: 7.20e-01
i:  25800, t:    71842.7 s (1.61 periods), wall: 28.728 minutes, Δt:   2.19, CFL: 7.20e-01
i:  25900, t:    72028.7 s (1.61 periods), wall: 28.836 minutes, Δt:   1.56, CFL: 7.20e-01
i:  26000, t:    72201.7 s (1.62 periods), wall: 28.944 minutes, Δt:   1.73, CFL: 7.20e-01
i:  26100, t:    72384.8 s (1.62 periods), wall: 29.053 minutes, Δt:   1.92, CFL: 7.20e-01
i:  26200, t:    72576.0 s (1.63 periods), wall: 29.161 minutes, Δt:   1.56, CFL: 7.20e-01
i:  26300, t:    72763.2 s (1.63 periods), wall: 29.268 minutes, Δt:   1.94, CFL: 7.20e-01
i:  26400, t:    72948.0 s (1.63 periods), wall: 29.376 minutes, Δt:   1.69, CFL: 7.20e-01
i:  26500, t:    73111.8 s (1.64 periods), wall: 29.485 minutes, Δt:   1.60, CFL: 7.20e-01
i:  26600, t:    73254.7 s (1.64 periods), wall: 29.593 minutes, Δt:   1.53, CFL: 7.20e-01
i:  26700, t:    73413.1 s (1.64 periods), wall: 29.700 minutes, Δt:   1.71, CFL: 7.20e-01
i:  26800, t:    73583.2 s (1.65 periods), wall: 29.808 minutes, Δt:   1.95, CFL: 7.20e-01
i:  26900, t:    73747.2 s (1.65 periods), wall: 29.916 minutes, Δt:   1.48, CFL: 7.20e-01
i:  27000, t:    73911.9 s (1.66 periods), wall: 30.025 minutes, Δt:   1.88, CFL: 7.20e-01
i:  27100, t:    74091.2 s (1.66 periods), wall: 30.132 minutes, Δt:   1.68, CFL: 7.20e-01
i:  27200, t:    74243.4 s (1.66 periods), wall: 30.240 minutes, Δt:   1.82, CFL: 7.20e-01
i:  27300, t:    74412.4 s (1.67 periods), wall: 30.348 minutes, Δt:   1.59, CFL: 7.20e-01
i:  27400, t:    74579.3 s (1.67 periods), wall: 30.456 minutes, Δt:   1.61, CFL: 7.20e-01
i:  27500, t:    74740.1 s (1.67 periods), wall: 30.563 minutes, Δt:   1.59, CFL: 7.20e-01
i:  27600, t:    74906.4 s (1.68 periods), wall: 30.671 minutes, Δt:   1.65, CFL: 7.20e-01
i:  27700, t:    75068.2 s (1.68 periods), wall: 30.779 minutes, Δt:   1.70, CFL: 7.20e-01
i:  27800, t:    75244.4 s (1.69 periods), wall: 30.888 minutes, Δt:   1.59, CFL: 7.20e-01
i:  27900, t:    75398.5 s (1.69 periods), wall: 30.995 minutes, Δt:   1.55, CFL: 7.20e-01
i:  28000, t:    75552.2 s (1.69 periods), wall: 31.103 minutes, Δt:   1.48, CFL: 7.20e-01
i:  28100, t:    75701.8 s (1.70 periods), wall: 31.211 minutes, Δt:   1.47, CFL: 7.20e-01
i:  28200, t:    75846.4 s (1.70 periods), wall: 31.319 minutes, Δt:   1.36, CFL: 7.20e-01
i:  28300, t:    75981.6 s (1.70 periods), wall: 31.427 minutes, Δt:   1.51, CFL: 7.20e-01
i:  28400, t:    76126.6 s (1.71 periods), wall: 31.535 minutes, Δt:   1.37, CFL: 7.20e-01
i:  28500, t:    76277.1 s (1.71 periods), wall: 31.642 minutes, Δt:   1.60, CFL: 7.20e-01
i:  28600, t:    76427.7 s (1.71 periods), wall: 31.751 minutes, Δt:   1.48, CFL: 7.20e-01
i:  28700, t:    76575.5 s (1.72 periods), wall: 31.858 minutes, Δt:   1.51, CFL: 7.20e-01
i:  28800, t:    76714.9 s (1.72 periods), wall: 31.966 minutes, Δt:   1.19, CFL: 7.20e-01
i:  28900, t:    76844.9 s (1.72 periods), wall: 32.074 minutes, Δt:   1.38, CFL: 7.20e-01
i:  29000, t:    76991.8 s (1.72 periods), wall: 32.181 minutes, Δt:   1.57, CFL: 7.20e-01
i:  29100, t:    77138.6 s (1.73 periods), wall: 32.289 minutes, Δt:   1.48, CFL: 7.20e-01
i:  29200, t:    77278.4 s (1.73 periods), wall: 32.397 minutes, Δt:   1.24, CFL: 7.20e-01
i:  29300, t:    77423.3 s (1.73 periods), wall: 32.505 minutes, Δt:   1.48, CFL: 7.20e-01
i:  29400, t:    77563.3 s (1.74 periods), wall: 32.613 minutes, Δt:   1.48, CFL: 7.20e-01
i:  29500, t:    77703.5 s (1.74 periods), wall: 32.721 minutes, Δt:   1.22, CFL: 7.20e-01
i:  29600, t:    77835.8 s (1.74 periods), wall: 32.828 minutes, Δt:   1.51, CFL: 7.20e-01
i:  29700, t:    77977.5 s (1.75 periods), wall: 32.937 minutes, Δt:   1.52, CFL: 7.20e-01
i:  29800, t:    78122.9 s (1.75 periods), wall: 33.045 minutes, Δt:   1.34, CFL: 7.20e-01
i:  29900, t:    78261.5 s (1.75 periods), wall: 33.153 minutes, Δt:   1.40, CFL: 7.20e-01
i:  30000, t:    78392.9 s (1.76 periods), wall: 33.261 minutes, Δt:   1.46, CFL: 7.20e-01
i:  30100, t:    78549.9 s (1.76 periods), wall: 33.368 minutes, Δt:   1.66, CFL: 7.20e-01
i:  30200, t:    78696.4 s (1.76 periods), wall: 33.476 minutes, Δt:   1.38, CFL: 7.20e-01
i:  30300, t:    78813.3 s (1.77 periods), wall: 33.584 minutes, Δt:   1.46, CFL: 7.20e-01
i:  30400, t:    78949.1 s (1.77 periods), wall: 33.692 minutes, Δt:   1.51, CFL: 7.20e-01
i:  30500, t:    79085.8 s (1.77 periods), wall: 33.800 minutes, Δt:   1.32, CFL: 7.20e-01
i:  30600, t:    79222.6 s (1.77 periods), wall: 33.907 minutes, Δt:   1.47, CFL: 7.20e-01
i:  30700, t:    79367.1 s (1.78 periods), wall: 34.015 minutes, Δt:   1.38, CFL: 7.20e-01
i:  30800, t:    79508.3 s (1.78 periods), wall: 34.123 minutes, Δt:   1.41, CFL: 7.20e-01
i:  30900, t:    79651.2 s (1.78 periods), wall: 34.231 minutes, Δt:   1.46, CFL: 7.20e-01
i:  31000, t:    79795.1 s (1.79 periods), wall: 34.339 minutes, Δt:   1.27, CFL: 7.20e-01
i:  31100, t:    79930.7 s (1.79 periods), wall: 34.447 minutes, Δt:   1.59, CFL: 7.20e-01
i:  31200, t:    80083.0 s (1.79 periods), wall: 34.555 minutes, Δt:   1.39, CFL: 7.20e-01
i:  31300, t:    80230.2 s (1.80 periods), wall: 34.663 minutes, Δt:   1.47, CFL: 7.20e-01
i:  31400, t:    80368.8 s (1.80 periods), wall: 34.771 minutes, Δt:   1.44, CFL: 7.20e-01
i:  31500, t:    80512.7 s (1.80 periods), wall: 34.878 minutes, Δt:   1.38, CFL: 7.20e-01
i:  31600, t:    80659.7 s (1.81 periods), wall: 34.986 minutes, Δt:   1.28, CFL: 7.20e-01
i:  31700, t:    80793.6 s (1.81 periods), wall: 35.093 minutes, Δt:   1.43, CFL: 7.20e-01
i:  31800, t:    80931.0 s (1.81 periods), wall: 35.201 minutes, Δt:   1.56, CFL: 7.20e-01
i:  31900, t:    81090.1 s (1.82 periods), wall: 35.309 minutes, Δt:   1.58, CFL: 7.20e-01
i:  32000, t:    81239.9 s (1.82 periods), wall: 35.417 minutes, Δt:   1.66, CFL: 7.20e-01
i:  32100, t:    81388.1 s (1.82 periods), wall: 35.525 minutes, Δt:   1.49, CFL: 7.20e-01
i:  32200, t:    81537.7 s (1.83 periods), wall: 35.633 minutes, Δt:   1.50, CFL: 7.20e-01
i:  32300, t:    81697.0 s (1.83 periods), wall: 35.741 minutes, Δt:   1.41, CFL: 7.20e-01
i:  32400, t:    81852.3 s (1.83 periods), wall: 35.849 minutes, Δt:   1.53, CFL: 7.20e-01
i:  32500, t:    82026.7 s (1.84 periods), wall: 35.957 minutes, Δt:   1.88, CFL: 7.20e-01
i:  32600, t:    82209.7 s (1.84 periods), wall: 36.065 minutes, Δt:   1.64, CFL: 7.20e-01
i:  32700, t:    82379.8 s (1.85 periods), wall: 36.173 minutes, Δt:   1.80, CFL: 7.20e-01
i:  32800, t:    82557.2 s (1.85 periods), wall: 36.281 minutes, Δt:   1.57, CFL: 7.20e-01
i:  32900, t:    82732.5 s (1.85 periods), wall: 36.389 minutes, Δt:   1.95, CFL: 7.20e-01
i:  33000, t:    82922.2 s (1.86 periods), wall: 36.497 minutes, Δt:   1.75, CFL: 7.20e-01
i:  33100, t:    83098.8 s (1.86 periods), wall: 36.605 minutes, Δt:   1.81, CFL: 7.20e-01
i:  33200, t:    83273.1 s (1.87 periods), wall: 36.713 minutes, Δt:   1.71, CFL: 7.20e-01
i:  33300, t:    83447.0 s (1.87 periods), wall: 36.820 minutes, Δt:   1.41, CFL: 7.20e-01
i:  33400, t:    83615.1 s (1.87 periods), wall: 36.928 minutes, Δt:   2.05, CFL: 7.20e-01
i:  33500, t:    83831.5 s (1.88 periods), wall: 37.037 minutes, Δt:   2.25, CFL: 7.20e-01
i:  33600, t:    84021.0 s (1.88 periods), wall: 37.145 minutes, Δt:   1.91, CFL: 7.20e-01
i:  33700, t:    84226.2 s (1.89 periods), wall: 37.253 minutes, Δt:   2.21, CFL: 7.20e-01
i:  33800, t:    84428.8 s (1.89 periods), wall: 37.361 minutes, Δt:   1.86, CFL: 7.20e-01
i:  33900, t:    84637.6 s (1.90 periods), wall: 37.469 minutes, Δt:   2.44, CFL: 7.20e-01
i:  34000, t:    84881.6 s (1.90 periods), wall: 37.577 minutes, Δt:   2.38, CFL: 7.20e-01
i:  34100, t:    85118.5 s (1.91 periods), wall: 37.686 minutes, Δt:   2.15, CFL: 7.20e-01
i:  34200, t:    85375.9 s (1.91 periods), wall: 37.794 minutes, Δt:   2.69, CFL: 7.20e-01
i:  34300, t:    85647.8 s (1.92 periods), wall: 37.902 minutes, Δt:   2.42, CFL: 7.20e-01
i:  34400, t:    85892.7 s (1.92 periods), wall: 38.010 minutes, Δt:   2.66, CFL: 7.18e-01
i:  34500, t:    86149.8 s (1.93 periods), wall: 38.118 minutes, Δt:   2.76, CFL: 7.20e-01
i:  34600, t:    86447.1 s (1.94 periods), wall: 38.227 minutes, Δt:   3.22, CFL: 7.20e-01
i:  34700, t:    86797.9 s (1.94 periods), wall: 38.335 minutes, Δt:   3.63, CFL: 7.20e-01
i:  34800, t:    87138.5 s (1.95 periods), wall: 38.444 minutes, Δt:   2.72, CFL: 7.20e-01
i:  34900, t:    87483.5 s (1.96 periods), wall: 38.552 minutes, Δt:   3.98, CFL: 7.20e-01
i:  35000, t:    87922.8 s (1.97 periods), wall: 38.661 minutes, Δt:   4.55, CFL: 7.20e-01
i:  35100, t:    88360.0 s (1.98 periods), wall: 38.770 minutes, Δt:   5.53, CFL: 7.20e-01
i:  35200, t:    88908.2 s (1.99 periods), wall: 38.880 minutes, Δt:   5.43, CFL: 7.20e-01
i:  35300, t:    89395.0 s (2.00 periods), wall: 38.991 minutes, Δt:   5.67, CFL: 7.20e-01
i:  35400, t:    89972.8 s (2.02 periods), wall: 39.101 minutes, Δt:   5.78, CFL: 7.20e-01
i:  35500, t:    90545.9 s (2.03 periods), wall: 39.210 minutes, Δt:   5.47, CFL: 7.20e-01
i:  35600, t:    91132.1 s (2.04 periods), wall: 39.320 minutes, Δt:   5.70, CFL: 7.20e-01
i:  35700, t:    91693.4 s (2.05 periods), wall: 39.429 minutes, Δt:   5.27, CFL: 7.20e-01
i:  35800, t:    92167.3 s (2.06 periods), wall: 39.537 minutes, Δt:   5.25, CFL: 7.20e-01
i:  35900, t:    92672.4 s (2.08 periods), wall: 39.647 minutes, Δt:   4.83, CFL: 7.20e-01
i:  36000, t:    93115.1 s (2.09 periods), wall: 39.755 minutes, Δt:   4.11, CFL: 7.20e-01
i:  36100, t:    93470.1 s (2.09 periods), wall: 39.864 minutes, Δt:   3.60, CFL: 7.20e-01
i:  36200, t:    93812.2 s (2.10 periods), wall: 39.973 minutes, Δt:   3.34, CFL: 7.20e-01
i:  36300, t:    94151.9 s (2.11 periods), wall: 40.081 minutes, Δt:   3.14, CFL: 7.20e-01
i:  36400, t:    94421.8 s (2.12 periods), wall: 40.190 minutes, Δt:   1.97, CFL: 7.20e-01
i:  36500, t:    94627.9 s (2.12 periods), wall: 40.297 minutes, Δt:   1.95, CFL: 7.20e-01
i:  36600, t:    94834.1 s (2.12 periods), wall: 40.405 minutes, Δt:   2.00, CFL: 7.20e-01
i:  36700, t:    95017.0 s (2.13 periods), wall: 40.513 minutes, Δt:   1.58, CFL: 7.20e-01
i:  36800, t:    95207.7 s (2.13 periods), wall: 40.621 minutes, Δt:   2.10, CFL: 7.20e-01
i:  36900, t:    95376.8 s (2.14 periods), wall: 40.730 minutes, Δt:   1.61, CFL: 7.20e-01
i:  37000, t:    95550.9 s (2.14 periods), wall: 40.838 minutes, Δt:   1.89, CFL: 7.20e-01
i:  37100, t:    95714.5 s (2.14 periods), wall: 40.945 minutes, Δt:   1.38, CFL: 7.20e-01
i:  37200, t:    95863.0 s (2.15 periods), wall: 41.054 minutes, Δt:   1.70, CFL: 7.20e-01
i:  37300, t:    96024.4 s (2.15 periods), wall: 41.162 minutes, Δt:   1.41, CFL: 7.20e-01
i:  37400, t:    96170.4 s (2.15 periods), wall: 41.269 minutes, Δt:   1.83, CFL: 7.20e-01
i:  37500, t:    96324.1 s (2.16 periods), wall: 41.377 minutes, Δt:   1.62, CFL: 7.20e-01
i:  37600, t:    96479.0 s (2.16 periods), wall: 41.485 minutes, Δt:   1.31, CFL: 7.20e-01
i:  37700, t:    96620.1 s (2.16 periods), wall: 41.592 minutes, Δt:   1.54, CFL: 7.20e-01
i:  37800, t:    96774.7 s (2.17 periods), wall: 41.701 minutes, Δt:   1.63, CFL: 7.20e-01
i:  37900, t:    96932.9 s (2.17 periods), wall: 41.809 minutes, Δt:   1.44, CFL: 7.20e-01
i:  38000, t:    97087.0 s (2.17 periods), wall: 41.916 minutes, Δt:   1.64, CFL: 7.20e-01
i:  38100, t:    97253.3 s (2.18 periods), wall: 42.024 minutes, Δt:   1.64, CFL: 7.20e-01
i:  38200, t:    97410.5 s (2.18 periods), wall: 42.132 minutes, Δt:   1.47, CFL: 7.20e-01
i:  38300, t:    97547.2 s (2.19 periods), wall: 42.241 minutes, Δt:   1.47, CFL: 7.20e-01
i:  38400, t:    97682.0 s (2.19 periods), wall: 42.348 minutes, Δt:   1.45, CFL: 7.20e-01
i:  38500, t:    97822.7 s (2.19 periods), wall: 42.456 minutes, Δt:   1.24, CFL: 7.20e-01
i:  38600, t:    97950.8 s (2.19 periods), wall: 42.564 minutes, Δt:   1.27, CFL: 7.20e-01
i:  38700, t:    98105.4 s (2.20 periods), wall: 42.672 minutes, Δt:   1.67, CFL: 7.20e-01
i:  38800, t:    98263.1 s (2.20 periods), wall: 42.780 minutes, Δt:   1.37, CFL: 7.20e-01
i:  38900, t:    98396.1 s (2.20 periods), wall: 42.887 minutes, Δt:   1.43, CFL: 7.20e-01
i:  39000, t:    98547.7 s (2.21 periods), wall: 42.995 minutes, Δt:   1.59, CFL: 7.20e-01
i:  39100, t:    98693.9 s (2.21 periods), wall: 43.103 minutes, Δt:   1.43, CFL: 7.20e-01
i:  39200, t:    98833.9 s (2.21 periods), wall: 43.211 minutes, Δt:   1.42, CFL: 7.20e-01
i:  39300, t:    98975.6 s (2.22 periods), wall: 43.319 minutes, Δt:   1.35, CFL: 7.20e-01
i:  39400, t:    99118.1 s (2.22 periods), wall: 43.427 minutes, Δt:   1.44, CFL: 7.20e-01
i:  39500, t:    99250.4 s (2.22 periods), wall: 43.534 minutes, Δt:   1.16, CFL: 7.20e-01
i:  39600, t:    99377.7 s (2.23 periods), wall: 43.642 minutes, Δt:   1.40, CFL: 7.20e-01
i:  39700, t:    99521.9 s (2.23 periods), wall: 43.750 minutes, Δt:   1.61, CFL: 7.20e-01
i:  39800, t:    99668.6 s (2.23 periods), wall: 43.858 minutes, Δt:   1.24, CFL: 7.20e-01
i:  39900, t:    99789.0 s (2.24 periods), wall: 43.967 minutes, Δt:   1.50, CFL: 7.20e-01
i:  40000, t:    99932.6 s (2.24 periods), wall: 44.074 minutes, Δt:   1.43, CFL: 7.20e-01
i:  40100, t:   100072.2 s (2.24 periods), wall: 44.183 minutes, Δt:   1.50, CFL: 7.20e-01
i:  40200, t:   100208.0 s (2.24 periods), wall: 44.290 minutes, Δt:   1.24, CFL: 7.20e-01
i:  40300, t:   100345.0 s (2.25 periods), wall: 44.398 minutes, Δt:   1.17, CFL: 7.20e-01
i:  40400, t:   100469.6 s (2.25 periods), wall: 44.506 minutes, Δt:   1.24, CFL: 7.20e-01
i:  40500, t:   100603.1 s (2.25 periods), wall: 44.613 minutes, Δt:   1.53, CFL: 7.20e-01
i:  40600, t:   100744.6 s (2.26 periods), wall: 44.721 minutes, Δt:   1.49, CFL: 7.20e-01
i:  40700, t:   100870.8 s (2.26 periods), wall: 44.829 minutes, Δt:   1.25, CFL: 7.20e-01
i:  40800, t:   101002.3 s (2.26 periods), wall: 44.937 minutes, Δt:   1.51, CFL: 7.20e-01
i:  40900, t:   101149.8 s (2.27 periods), wall: 45.045 minutes, Δt:   1.50, CFL: 7.20e-01
i:  41000, t:   101291.2 s (2.27 periods), wall: 45.153 minutes, Δt:   1.39, CFL: 7.20e-01
i:  41100, t:   101436.6 s (2.27 periods), wall: 45.261 minutes, Δt:   1.40, CFL: 7.20e-01
i:  41200, t:   101576.5 s (2.28 periods), wall: 45.369 minutes, Δt:   1.26, CFL: 7.20e-01
i:  41300, t:   101719.0 s (2.28 periods), wall: 45.476 minutes, Δt:   1.35, CFL: 7.20e-01
i:  41400, t:   101853.9 s (2.28 periods), wall: 45.584 minutes, Δt:   1.43, CFL: 7.20e-01
i:  41500, t:   101993.6 s (2.28 periods), wall: 45.692 minutes, Δt:   1.32, CFL: 7.20e-01
i:  41600, t:   102136.4 s (2.29 periods), wall: 45.800 minutes, Δt:   1.66, CFL: 7.20e-01
i:  41700, t:   102297.9 s (2.29 periods), wall: 45.908 minutes, Δt:   1.28, CFL: 7.20e-01
i:  41800, t:   102444.2 s (2.29 periods), wall: 46.015 minutes, Δt:   1.56, CFL: 7.20e-01
i:  41900, t:   102591.1 s (2.30 periods), wall: 46.123 minutes, Δt:   1.33, CFL: 7.20e-01
i:  42000, t:   102731.9 s (2.30 periods), wall: 46.231 minutes, Δt:   1.68, CFL: 7.20e-01
i:  42100, t:   102896.8 s (2.31 periods), wall: 46.340 minutes, Δt:   1.58, CFL: 7.20e-01
i:  42200, t:   103052.9 s (2.31 periods), wall: 46.447 minutes, Δt:   1.69, CFL: 7.20e-01
i:  42300, t:   103183.2 s (2.31 periods), wall: 46.555 minutes, Δt:   1.34, CFL: 7.20e-01
i:  42400, t:   103321.3 s (2.31 periods), wall: 46.663 minutes, Δt:   1.64, CFL: 7.20e-01
i:  42500, t:   103486.3 s (2.32 periods), wall: 46.771 minutes, Δt:   1.65, CFL: 7.20e-01
i:  42600, t:   103638.9 s (2.32 periods), wall: 46.879 minutes, Δt:   1.55, CFL: 7.20e-01
i:  42700, t:   103795.4 s (2.33 periods), wall: 46.987 minutes, Δt:   1.41, CFL: 7.20e-01
i:  42800, t:   103936.4 s (2.33 periods), wall: 47.095 minutes, Δt:   1.56, CFL: 7.20e-01
i:  42900, t:   104078.0 s (2.33 periods), wall: 47.203 minutes, Δt:   1.44, CFL: 7.20e-01
i:  43000, t:   104234.4 s (2.33 periods), wall: 47.310 minutes, Δt:   1.61, CFL: 7.20e-01
i:  43100, t:   104394.4 s (2.34 periods), wall: 47.418 minutes, Δt:   1.69, CFL: 7.20e-01
i:  43200, t:   104554.0 s (2.34 periods), wall: 47.526 minutes, Δt:   1.57, CFL: 7.20e-01
i:  43300, t:   104707.1 s (2.35 periods), wall: 47.634 minutes, Δt:   1.52, CFL: 7.20e-01
i:  43400, t:   104857.1 s (2.35 periods), wall: 47.742 minutes, Δt:   1.65, CFL: 7.20e-01
i:  43500, t:   105031.3 s (2.35 periods), wall: 47.850 minutes, Δt:   1.71, CFL: 7.20e-01
i:  43600, t:   105200.7 s (2.36 periods), wall: 47.958 minutes, Δt:   1.68, CFL: 7.20e-01
i:  43700, t:   105375.6 s (2.36 periods), wall: 48.067 minutes, Δt:   1.87, CFL: 7.20e-01
i:  43800, t:   105549.7 s (2.36 periods), wall: 48.174 minutes, Δt:   1.67, CFL: 7.20e-01
i:  43900, t:   105719.2 s (2.37 periods), wall: 48.282 minutes, Δt:   2.11, CFL: 7.20e-01
i:  44000, t:   105921.3 s (2.37 periods), wall: 48.391 minutes, Δt:   2.15, CFL: 7.20e-01
i:  44100, t:   106118.0 s (2.38 periods), wall: 48.499 minutes, Δt:   2.04, CFL: 7.20e-01
i:  44200, t:   106307.4 s (2.38 periods), wall: 48.607 minutes, Δt:   2.00, CFL: 7.20e-01
i:  44300, t:   106528.4 s (2.39 periods), wall: 48.715 minutes, Δt:   2.27, CFL: 7.20e-01
i:  44400, t:   106732.4 s (2.39 periods), wall: 48.823 minutes, Δt:   2.25, CFL: 7.20e-01
i:  44500, t:   106961.0 s (2.40 periods), wall: 48.931 minutes, Δt:   1.92, CFL: 7.20e-01
i:  44600, t:   107195.7 s (2.40 periods), wall: 49.039 minutes, Δt:   2.36, CFL: 7.20e-01
i:  44700, t:   107397.8 s (2.41 periods), wall: 49.147 minutes, Δt:   2.34, CFL: 7.20e-01
i:  44800, t:   107627.5 s (2.41 periods), wall: 49.256 minutes, Δt:   2.40, CFL: 7.20e-01
i:  44900, t:   107873.7 s (2.42 periods), wall: 49.364 minutes, Δt:   2.36, CFL: 7.20e-01
i:  45000, t:   108145.8 s (2.42 periods), wall: 49.472 minutes, Δt:   3.34, CFL: 7.20e-01
i:  45100, t:   108448.0 s (2.43 periods), wall: 49.580 minutes, Δt:   2.74, CFL: 7.20e-01
i:  45200, t:   108745.6 s (2.44 periods), wall: 49.690 minutes, Δt:   2.82, CFL: 7.20e-01
i:  45300, t:   109059.9 s (2.44 periods), wall: 49.798 minutes, Δt:   3.23, CFL: 7.20e-01
i:  45400, t:   109374.8 s (2.45 periods), wall: 49.907 minutes, Δt:   3.48, CFL: 7.20e-01
i:  45500, t:   109733.6 s (2.46 periods), wall: 50.016 minutes, Δt:   4.06, CFL: 7.20e-01
i:  45600, t:   110150.2 s (2.47 periods), wall: 50.125 minutes, Δt:   4.77, CFL: 7.20e-01
i:  45700, t:   110569.8 s (2.48 periods), wall: 50.234 minutes, Δt:   3.93, CFL: 7.20e-01
i:  45800, t:   110966.8 s (2.49 periods), wall: 50.343 minutes, Δt:   4.32, CFL: 7.20e-01
i:  45900, t:   111419.5 s (2.50 periods), wall: 50.451 minutes, Δt:   5.57, CFL: 7.20e-01
i:  46000, t:   111924.2 s (2.51 periods), wall: 50.563 minutes, Δt:   5.29, CFL: 7.20e-01
i:  46100, t:   112407.0 s (2.52 periods), wall: 50.672 minutes, Δt:   5.73, CFL: 7.20e-01
i:  46200, t:   112961.1 s (2.53 periods), wall: 50.781 minutes, Δt:   5.44, CFL: 7.20e-01
i:  46300, t:   113411.1 s (2.54 periods), wall: 50.890 minutes, Δt:   4.35, CFL: 7.20e-01
i:  46400, t:   113872.6 s (2.55 periods), wall: 50.999 minutes, Δt:   4.37, CFL: 7.20e-01
i:  46500, t:   114351.6 s (2.56 periods), wall: 51.109 minutes, Δt:   4.80, CFL: 7.20e-01
i:  46600, t:   114778.4 s (2.57 periods), wall: 51.218 minutes, Δt:   4.42, CFL: 7.20e-01
i:  46700, t:   115203.7 s (2.58 periods), wall: 51.327 minutes, Δt:   4.51, CFL: 7.20e-01
i:  46800, t:   115612.2 s (2.59 periods), wall: 51.435 minutes, Δt:   4.05, CFL: 7.20e-01
i:  46900, t:   115945.8 s (2.60 periods), wall: 51.544 minutes, Δt:   2.73, CFL: 7.20e-01
i:  47000, t:   116224.4 s (2.60 periods), wall: 51.652 minutes, Δt:   2.99, CFL: 7.20e-01
i:  47100, t:   116509.3 s (2.61 periods), wall: 51.760 minutes, Δt:   2.73, CFL: 7.20e-01
i:  47200, t:   116766.0 s (2.62 periods), wall: 51.869 minutes, Δt:   2.25, CFL: 7.20e-01
i:  47300, t:   116956.8 s (2.62 periods), wall: 51.976 minutes, Δt:   1.86, CFL: 7.20e-01
i:  47400, t:   117156.9 s (2.62 periods), wall: 52.084 minutes, Δt:   1.87, CFL: 7.20e-01
i:  47500, t:   117335.5 s (2.63 periods), wall: 52.193 minutes, Δt:   1.82, CFL: 7.20e-01
i:  47600, t:   117508.4 s (2.63 periods), wall: 52.301 minutes, Δt:   1.66, CFL: 7.20e-01
i:  47700, t:   117667.1 s (2.64 periods), wall: 52.409 minutes, Δt:   1.64, CFL: 7.20e-01
i:  47800, t:   117826.5 s (2.64 periods), wall: 52.516 minutes, Δt:   1.63, CFL: 7.20e-01
i:  47900, t:   117986.1 s (2.64 periods), wall: 52.625 minutes, Δt:   1.27, CFL: 7.20e-01
i:  48000, t:   118142.1 s (2.65 periods), wall: 52.733 minutes, Δt:   1.62, CFL: 7.20e-01
i:  48100, t:   118297.5 s (2.65 periods), wall: 52.841 minutes, Δt:   1.51, CFL: 7.20e-01
i:  48200, t:   118466.2 s (2.65 periods), wall: 52.948 minutes, Δt:   1.70, CFL: 7.20e-01
i:  48300, t:   118629.3 s (2.66 periods), wall: 53.057 minutes, Δt:   1.50, CFL: 7.20e-01
i:  48400, t:   118793.2 s (2.66 periods), wall: 53.165 minutes, Δt:   1.43, CFL: 7.20e-01
i:  48500, t:   118938.6 s (2.66 periods), wall: 53.272 minutes, Δt:   1.40, CFL: 7.20e-01
i:  48600, t:   119093.9 s (2.67 periods), wall: 53.381 minutes, Δt:   1.64, CFL: 7.20e-01
i:  48700, t:   119239.5 s (2.67 periods), wall: 53.488 minutes, Δt:   1.38, CFL: 7.20e-01
i:  48800, t:   119388.8 s (2.67 periods), wall: 53.596 minutes, Δt:   1.66, CFL: 7.20e-01
i:  48900, t:   119543.5 s (2.68 periods), wall: 53.704 minutes, Δt:   1.57, CFL: 7.20e-01
i:  49000, t:   119700.2 s (2.68 periods), wall: 53.812 minutes, Δt:   1.62, CFL: 7.20e-01
i:  49100, t:   119853.9 s (2.68 periods), wall: 53.920 minutes, Δt:   1.66, CFL: 7.20e-01
i:  49200, t:   120000.3 s (2.69 periods), wall: 54.028 minutes, Δt:   1.47, CFL: 7.20e-01
i:  49300, t:   120157.6 s (2.69 periods), wall: 54.136 minutes, Δt:   1.55, CFL: 7.20e-01
i:  49400, t:   120303.6 s (2.69 periods), wall: 54.243 minutes, Δt:   1.33, CFL: 7.20e-01
i:  49500, t:   120463.7 s (2.70 periods), wall: 54.352 minutes, Δt:   1.58, CFL: 7.20e-01
i:  49600, t:   120613.5 s (2.70 periods), wall: 54.460 minutes, Δt:   1.47, CFL: 7.20e-01
i:  49700, t:   120755.5 s (2.71 periods), wall: 54.568 minutes, Δt:   1.37, CFL: 7.20e-01
i:  49800, t:   120902.9 s (2.71 periods), wall: 54.675 minutes, Δt:   1.59, CFL: 7.20e-01
i:  49900, t:   121055.3 s (2.71 periods), wall: 54.784 minutes, Δt:   1.47, CFL: 7.20e-01
i:  50000, t:   121196.3 s (2.71 periods), wall: 54.892 minutes, Δt:   1.39, CFL: 7.20e-01
i:  50100, t:   121336.6 s (2.72 periods), wall: 54.999 minutes, Δt:   1.46, CFL: 7.20e-01
i:  50200, t:   121480.6 s (2.72 periods), wall: 55.108 minutes, Δt:   1.57, CFL: 7.20e-01
i:  50300, t:   121623.9 s (2.72 periods), wall: 55.215 minutes, Δt:   1.42, CFL: 7.20e-01
i:  50400, t:   121764.5 s (2.73 periods), wall: 55.323 minutes, Δt:   1.56, CFL: 7.20e-01
i:  50500, t:   121912.1 s (2.73 periods), wall: 55.432 minutes, Δt:   1.15, CFL: 7.20e-01
i:  50600, t:   122058.6 s (2.73 periods), wall: 55.539 minutes, Δt:   1.34, CFL: 7.20e-01
i:  50700, t:   122194.7 s (2.74 periods), wall: 55.647 minutes, Δt:   1.39, CFL: 7.20e-01
i:  50800, t:   122334.2 s (2.74 periods), wall: 55.755 minutes, Δt:   1.52, CFL: 7.20e-01
i:  50900, t:   122473.9 s (2.74 periods), wall: 55.863 minutes, Δt:   1.30, CFL: 7.20e-01
i:  51000, t:   122608.5 s (2.75 periods), wall: 55.971 minutes, Δt:   1.21, CFL: 7.20e-01
i:  51100, t:   122730.0 s (2.75 periods), wall: 56.079 minutes, Δt:   1.19, CFL: 7.20e-01
i:  51200, t:   122853.4 s (2.75 periods), wall: 56.187 minutes, Δt:   1.38, CFL: 7.20e-01
i:  51300, t:   123004.6 s (2.76 periods), wall: 56.295 minutes, Δt:   1.45, CFL: 7.20e-01
i:  51400, t:   123150.9 s (2.76 periods), wall: 56.402 minutes, Δt:   1.22, CFL: 7.20e-01
i:  51500, t:   123278.1 s (2.76 periods), wall: 56.510 minutes, Δt:   1.26, CFL: 7.20e-01
i:  51600, t:   123404.2 s (2.76 periods), wall: 56.617 minutes, Δt:   1.58, CFL: 7.20e-01
i:  51700, t:   123562.3 s (2.77 periods), wall: 56.725 minutes, Δt:   1.44, CFL: 7.20e-01
i:  51800, t:   123711.8 s (2.77 periods), wall: 56.834 minutes, Δt:   1.55, CFL: 7.20e-01
i:  51900, t:   123856.2 s (2.77 periods), wall: 56.941 minutes, Δt:   1.55, CFL: 7.20e-01
i:  52000, t:   124004.0 s (2.78 periods), wall: 57.049 minutes, Δt:   1.45, CFL: 7.20e-01
i:  52100, t:   124142.5 s (2.78 periods), wall: 57.157 minutes, Δt:   1.37, CFL: 7.20e-01
i:  52200, t:   124281.4 s (2.78 periods), wall: 57.265 minutes, Δt:   1.54, CFL: 7.20e-01
i:  52300, t:   124414.6 s (2.79 periods), wall: 57.373 minutes, Δt:   1.34, CFL: 7.20e-01
i:  52400, t:   124559.2 s (2.79 periods), wall: 57.481 minutes, Δt:   1.51, CFL: 7.20e-01
i:  52500, t:   124703.2 s (2.79 periods), wall: 57.588 minutes, Δt:   1.20, CFL: 7.20e-01
i:  52600, t:   124833.6 s (2.80 periods), wall: 57.697 minutes, Δt:   1.60, CFL: 7.20e-01
i:  52700, t:   124988.5 s (2.80 periods), wall: 57.804 minutes, Δt:   1.65, CFL: 7.20e-01
i:  52800, t:   125134.7 s (2.80 periods), wall: 57.912 minutes, Δt:   1.68, CFL: 7.20e-01
i:  52900, t:   125286.1 s (2.81 periods), wall: 58.021 minutes, Δt:   1.32, CFL: 7.20e-01
i:  53000, t:   125429.6 s (2.81 periods), wall: 58.128 minutes, Δt:   1.27, CFL: 7.20e-01
i:  53100, t:   125555.7 s (2.81 periods), wall: 58.236 minutes, Δt:   1.21, CFL: 7.20e-01
i:  53200, t:   125695.8 s (2.82 periods), wall: 58.344 minutes, Δt:   1.61, CFL: 7.20e-01
i:  53300, t:   125862.5 s (2.82 periods), wall: 58.451 minutes, Δt:   1.56, CFL: 7.20e-01
i:  53400, t:   126018.3 s (2.82 periods), wall: 58.559 minutes, Δt:   1.43, CFL: 7.20e-01
i:  53500, t:   126169.3 s (2.83 periods), wall: 58.668 minutes, Δt:   1.61, CFL: 7.20e-01
i:  53600, t:   126325.3 s (2.83 periods), wall: 58.775 minutes, Δt:   1.65, CFL: 7.20e-01
i:  53700, t:   126485.9 s (2.83 periods), wall: 58.883 minutes, Δt:   1.75, CFL: 7.20e-01
i:  53800, t:   126651.6 s (2.84 periods), wall: 58.991 minutes, Δt:   1.63, CFL: 7.20e-01
i:  53900, t:   126805.1 s (2.84 periods), wall: 59.100 minutes, Δt:   1.44, CFL: 7.20e-01
i:  54000, t:   126955.6 s (2.84 periods), wall: 59.207 minutes, Δt:   1.25, CFL: 7.20e-01
i:  54100, t:   127090.9 s (2.85 periods), wall: 59.315 minutes, Δt:   1.40, CFL: 7.20e-01
i:  54200, t:   127249.7 s (2.85 periods), wall: 59.423 minutes, Δt:   1.59, CFL: 7.20e-01
i:  54300, t:   127418.8 s (2.85 periods), wall: 59.531 minutes, Δt:   1.67, CFL: 7.20e-01
i:  54400, t:   127592.7 s (2.86 periods), wall: 59.639 minutes, Δt:   1.48, CFL: 7.20e-01
i:  54500, t:   127752.4 s (2.86 periods), wall: 59.747 minutes, Δt:   1.69, CFL: 7.20e-01
i:  54600, t:   127914.7 s (2.87 periods), wall: 59.856 minutes, Δt:   1.58, CFL: 7.20e-01
i:  54700, t:   128078.4 s (2.87 periods), wall: 59.963 minutes, Δt:   1.60, CFL: 7.20e-01
i:  54800, t:   128256.5 s (2.87 periods), wall: 1.001 hours, Δt:   1.77, CFL: 7.20e-01
i:  54900, t:   128442.4 s (2.88 periods), wall: 1.003 hours, Δt:   2.04, CFL: 7.20e-01
i:  55000, t:   128629.7 s (2.88 periods), wall: 1.005 hours, Δt:   1.80, CFL: 7.20e-01
i:  55100, t:   128820.4 s (2.89 periods), wall: 1.007 hours, Δt:   1.86, CFL: 7.20e-01
i:  55200, t:   129015.2 s (2.89 periods), wall: 1.008 hours, Δt:   1.94, CFL: 7.20e-01
i:  55300, t:   129206.1 s (2.89 periods), wall: 1.010 hours, Δt:   2.13, CFL: 7.20e-01
i:  55400, t:   129393.7 s (2.90 periods), wall: 1.012 hours, Δt:   2.15, CFL: 7.20e-01
i:  55500, t:   129598.7 s (2.90 periods), wall: 1.014 hours, Δt:   2.32, CFL: 7.20e-01
i:  55600, t:   129822.0 s (2.91 periods), wall: 1.016 hours, Δt:   2.35, CFL: 7.20e-01
i:  55700, t:   130083.0 s (2.91 periods), wall: 1.017 hours, Δt:   2.40, CFL: 7.20e-01
i:  55800, t:   130310.0 s (2.92 periods), wall: 1.019 hours, Δt:   2.54, CFL: 7.20e-01
i:  55900, t:   130564.8 s (2.92 periods), wall: 1.021 hours, Δt:   2.59, CFL: 7.20e-01
i:  56000, t:   130844.3 s (2.93 periods), wall: 1.023 hours, Δt:   2.59, CFL: 7.20e-01
i:  56100, t:   131118.1 s (2.94 periods), wall: 1.025 hours, Δt:   2.97, CFL: 7.20e-01
i:  56200, t:   131408.3 s (2.94 periods), wall: 1.026 hours, Δt:   2.84, CFL: 7.20e-01
i:  56300, t:   131731.2 s (2.95 periods), wall: 1.028 hours, Δt:   3.23, CFL: 7.20e-01
i:  56400, t:   132109.8 s (2.96 periods), wall: 1.030 hours, Δt:   3.99, CFL: 7.20e-01
i:  56500, t:   132503.4 s (2.97 periods), wall: 1.032 hours, Δt:   4.53, CFL: 7.20e-01
i:  56600, t:   132917.8 s (2.98 periods), wall: 1.034 hours, Δt:   4.97, CFL: 7.20e-01
i:  56700, t:   133404.8 s (2.99 periods), wall: 1.036 hours, Δt:   5.54, CFL: 7.20e-01
i:  56800, t:   133924.8 s (3.00 periods), wall: 1.037 hours, Δt:   5.12, CFL: 7.20e-01
i:  56900, t:   134412.7 s (3.01 periods), wall: 1.039 hours, Δt:   4.40, CFL: 7.20e-01
i:  57000, t:   134877.0 s (3.02 periods), wall: 1.041 hours, Δt:   4.99, CFL: 7.20e-01
i:  57100, t:   135327.4 s (3.03 periods), wall: 1.043 hours, Δt:   4.85, CFL: 7.20e-01
i:  57200, t:   135770.0 s (3.04 periods), wall: 1.045 hours, Δt:   4.12, CFL: 7.20e-01
i:  57300, t:   136149.4 s (3.05 periods), wall: 1.046 hours, Δt:   3.32, CFL: 7.20e-01
i:  57400, t:   136536.8 s (3.06 periods), wall: 1.048 hours, Δt:   4.09, CFL: 7.20e-01
i:  57500, t:   136936.8 s (3.07 periods), wall: 1.050 hours, Δt:   3.35, CFL: 7.20e-01
i:  57600, t:   137255.1 s (3.07 periods), wall: 1.052 hours, Δt:   4.14, CFL: 7.20e-01
i:  57700, t:   137617.2 s (3.08 periods), wall: 1.054 hours, Δt:   3.73, CFL: 7.20e-01
i:  57800, t:   137911.5 s (3.09 periods), wall: 1.056 hours, Δt:   2.46, CFL: 7.20e-01
i:  57900, t:   138152.1 s (3.09 periods), wall: 1.057 hours, Δt:   2.13, CFL: 7.20e-01
i:  58000, t:   138405.4 s (3.10 periods), wall: 1.059 hours, Δt:   2.19, CFL: 7.20e-01
i:  58100, t:   138611.6 s (3.11 periods), wall: 1.061 hours, Δt:   2.18, CFL: 7.20e-01
i:  58200, t:   138832.7 s (3.11 periods), wall: 1.063 hours, Δt:   2.20, CFL: 7.20e-01
i:  58300, t:   139071.5 s (3.12 periods), wall: 1.065 hours, Δt:   2.27, CFL: 7.20e-01
i:  58400, t:   139290.6 s (3.12 periods), wall: 1.066 hours, Δt:   1.94, CFL: 7.20e-01
i:  58500, t:   139489.6 s (3.12 periods), wall: 1.068 hours, Δt:   2.09, CFL: 7.20e-01
i:  58600, t:   139701.0 s (3.13 periods), wall: 1.070 hours, Δt:   1.88, CFL: 7.20e-01
i:  58700, t:   139882.0 s (3.13 periods), wall: 1.072 hours, Δt:   2.00, CFL: 7.20e-01
i:  58800, t:   140088.9 s (3.14 periods), wall: 1.074 hours, Δt:   1.81, CFL: 7.20e-01
i:  58900, t:   140270.4 s (3.14 periods), wall: 1.075 hours, Δt:   1.73, CFL: 7.20e-01
i:  59000, t:   140450.7 s (3.15 periods), wall: 1.077 hours, Δt:   1.79, CFL: 7.20e-01
i:  59100, t:   140647.8 s (3.15 periods), wall: 1.079 hours, Δt:   1.90, CFL: 7.20e-01
i:  59200, t:   140813.9 s (3.15 periods), wall: 1.081 hours, Δt:   1.92, CFL: 7.20e-01
i:  59300, t:   140978.1 s (3.16 periods), wall: 1.083 hours, Δt:   1.83, CFL: 7.20e-01
i:  59400, t:   141148.7 s (3.16 periods), wall: 1.084 hours, Δt:   1.62, CFL: 7.20e-01
i:  59500, t:   141318.4 s (3.17 periods), wall: 1.086 hours, Δt:   1.94, CFL: 7.20e-01
i:  59600, t:   141481.7 s (3.17 periods), wall: 1.088 hours, Δt:   1.88, CFL: 7.20e-01
i:  59700, t:   141650.6 s (3.17 periods), wall: 1.090 hours, Δt:   1.46, CFL: 7.20e-01
i:  59800, t:   141788.7 s (3.18 periods), wall: 1.092 hours, Δt:   1.63, CFL: 7.20e-01
i:  59900, t:   141946.4 s (3.18 periods), wall: 1.093 hours, Δt:   1.46, CFL: 7.20e-01
i:  60000, t:   142105.8 s (3.18 periods), wall: 1.095 hours, Δt:   1.69, CFL: 7.20e-01
i:  60100, t:   142261.8 s (3.19 periods), wall: 1.097 hours, Δt:   1.52, CFL: 7.20e-01
i:  60200, t:   142422.8 s (3.19 periods), wall: 1.099 hours, Δt:   1.74, CFL: 7.20e-01
i:  60300, t:   142591.4 s (3.19 periods), wall: 1.101 hours, Δt:   1.47, CFL: 7.20e-01
i:  60400, t:   142746.7 s (3.20 periods), wall: 1.102 hours, Δt:   1.32, CFL: 7.20e-01
i:  60500, t:   142891.1 s (3.20 periods), wall: 1.104 hours, Δt:   1.63, CFL: 7.20e-01
i:  60600, t:   143025.0 s (3.20 periods), wall: 1.106 hours, Δt:   1.26, CFL: 7.20e-01
i:  60700, t:   143172.5 s (3.21 periods), wall: 1.108 hours, Δt:   1.51, CFL: 7.20e-01
i:  60800, t:   143319.1 s (3.21 periods), wall: 1.110 hours, Δt:   1.61, CFL: 7.20e-01
i:  60900, t:   143474.6 s (3.21 periods), wall: 1.111 hours, Δt:   1.56, CFL: 7.20e-01
i:  61000, t:   143633.6 s (3.22 periods), wall: 1.113 hours, Δt:   1.60, CFL: 7.20e-01
i:  61100, t:   143778.0 s (3.22 periods), wall: 1.115 hours, Δt:   1.27, CFL: 7.20e-01
i:  61200, t:   143927.5 s (3.22 periods), wall: 1.117 hours, Δt:   1.62, CFL: 7.20e-01
i:  61300, t:   144062.3 s (3.23 periods), wall: 1.119 hours, Δt:   1.25, CFL: 7.20e-01
i:  61400, t:   144201.6 s (3.23 periods), wall: 1.120 hours, Δt:   1.58, CFL: 7.20e-01
i:  61500, t:   144357.0 s (3.23 periods), wall: 1.122 hours, Δt:   1.63, CFL: 7.20e-01
i:  61600, t:   144504.3 s (3.24 periods), wall: 1.124 hours, Δt:   1.64, CFL: 7.20e-01
i:  61700, t:   144633.6 s (3.24 periods), wall: 1.126 hours, Δt:   1.32, CFL: 7.20e-01
i:  61800, t:   144784.7 s (3.24 periods), wall: 1.128 hours, Δt:   1.51, CFL: 7.20e-01
i:  61900, t:   144936.6 s (3.25 periods), wall: 1.129 hours, Δt:   1.50, CFL: 7.20e-01
i:  62000, t:   145085.6 s (3.25 periods), wall: 1.131 hours, Δt:   1.47, CFL: 7.20e-01
i:  62100, t:   145238.1 s (3.25 periods), wall: 1.133 hours, Δt:   1.70, CFL: 7.20e-01
i:  62200, t:   145392.2 s (3.26 periods), wall: 1.135 hours, Δt:   1.41, CFL: 7.20e-01
i:  62300, t:   145541.8 s (3.26 periods), wall: 1.137 hours, Δt:   1.49, CFL: 7.20e-01
i:  62400, t:   145683.6 s (3.26 periods), wall: 1.138 hours, Δt:   1.23, CFL: 7.20e-01
i:  62500, t:   145810.9 s (3.27 periods), wall: 1.140 hours, Δt:   1.25, CFL: 7.20e-01
i:  62600, t:   145939.3 s (3.27 periods), wall: 1.142 hours, Δt:   1.33, CFL: 7.20e-01
i:  62700, t:   146085.7 s (3.27 periods), wall: 1.144 hours, Δt:   1.50, CFL: 7.20e-01
i:  62800, t:   146223.8 s (3.28 periods), wall: 1.146 hours, Δt:   1.46, CFL: 7.20e-01
i:  62900, t:   146368.3 s (3.28 periods), wall: 1.147 hours, Δt:   1.50, CFL: 7.20e-01
i:  63000, t:   146520.6 s (3.28 periods), wall: 1.149 hours, Δt:   1.58, CFL: 7.20e-01
i:  63100, t:   146663.0 s (3.29 periods), wall: 1.151 hours, Δt:   1.45, CFL: 7.20e-01
i:  63200, t:   146805.2 s (3.29 periods), wall: 1.153 hours, Δt:   1.50, CFL: 7.20e-01
i:  63300, t:   146939.1 s (3.29 periods), wall: 1.155 hours, Δt:   1.37, CFL: 7.20e-01
i:  63400, t:   147076.4 s (3.29 periods), wall: 1.156 hours, Δt:   1.52, CFL: 7.20e-01
i:  63500, t:   147216.0 s (3.30 periods), wall: 1.158 hours, Δt:   1.34, CFL: 7.20e-01
i:  63600, t:   147361.3 s (3.30 periods), wall: 1.160 hours, Δt:   1.58, CFL: 7.20e-01
i:  63700, t:   147503.8 s (3.30 periods), wall: 1.162 hours, Δt:   1.67, CFL: 7.20e-01
i:  63800, t:   147659.0 s (3.31 periods), wall: 1.164 hours, Δt:   1.39, CFL: 7.20e-01
i:  63900, t:   147811.9 s (3.31 periods), wall: 1.165 hours, Δt:   1.63, CFL: 7.20e-01
i:  64000, t:   147955.4 s (3.31 periods), wall: 1.167 hours, Δt:   1.47, CFL: 7.20e-01
i:  64100, t:   148111.9 s (3.32 periods), wall: 1.169 hours, Δt:   1.51, CFL: 7.20e-01
i:  64200, t:   148275.4 s (3.32 periods), wall: 1.171 hours, Δt:   1.58, CFL: 7.20e-01
i:  64300, t:   148435.2 s (3.33 periods), wall: 1.173 hours, Δt:   1.51, CFL: 7.20e-01
i:  64400, t:   148601.3 s (3.33 periods), wall: 1.174 hours, Δt:   1.79, CFL: 7.20e-01
i:  64500, t:   148768.6 s (3.33 periods), wall: 1.176 hours, Δt:   1.74, CFL: 7.20e-01
i:  64600, t:   148941.9 s (3.34 periods), wall: 1.178 hours, Δt:   1.81, CFL: 7.20e-01
i:  64700, t:   149113.5 s (3.34 periods), wall: 1.180 hours, Δt:   1.61, CFL: 7.20e-01
i:  64800, t:   149275.3 s (3.34 periods), wall: 1.182 hours, Δt:   1.78, CFL: 7.20e-01
i:  64900, t:   149442.8 s (3.35 periods), wall: 1.183 hours, Δt:   1.60, CFL: 7.20e-01
i:  65000, t:   149607.3 s (3.35 periods), wall: 1.185 hours, Δt:   1.71, CFL: 7.20e-01
i:  65100, t:   149793.7 s (3.36 periods), wall: 1.187 hours, Δt:   1.88, CFL: 7.20e-01
i:  65200, t:   149976.2 s (3.36 periods), wall: 1.189 hours, Δt:   1.80, CFL: 7.20e-01
i:  65300, t:   150156.1 s (3.36 periods), wall: 1.191 hours, Δt:   1.64, CFL: 7.20e-01
i:  65400, t:   150316.9 s (3.37 periods), wall: 1.192 hours, Δt:   1.77, CFL: 7.20e-01
i:  65500, t:   150502.1 s (3.37 periods), wall: 1.194 hours, Δt:   2.02, CFL: 7.20e-01
i:  65600, t:   150692.6 s (3.38 periods), wall: 1.196 hours, Δt:   1.79, CFL: 7.20e-01
i:  65700, t:   150895.9 s (3.38 periods), wall: 1.198 hours, Δt:   2.34, CFL: 7.20e-01
i:  65800, t:   151110.4 s (3.39 periods), wall: 1.200 hours, Δt:   2.03, CFL: 7.20e-01
i:  65900, t:   151286.5 s (3.39 periods), wall: 1.201 hours, Δt:   2.07, CFL: 7.20e-01
i:  66000, t:   151500.1 s (3.39 periods), wall: 1.203 hours, Δt:   2.36, CFL: 7.20e-01
i:  66100, t:   151721.3 s (3.40 periods), wall: 1.205 hours, Δt:   2.40, CFL: 7.20e-01
i:  66200, t:   151975.4 s (3.40 periods), wall: 1.207 hours, Δt:   2.61, CFL: 7.20e-01
i:  66300, t:   152242.3 s (3.41 periods), wall: 1.209 hours, Δt:   2.67, CFL: 7.20e-01
i:  66400, t:   152524.6 s (3.42 periods), wall: 1.210 hours, Δt:   2.85, CFL: 7.20e-01
i:  66500, t:   152809.5 s (3.42 periods), wall: 1.212 hours, Δt:   3.40, CFL: 7.20e-01
i:  66600, t:   153128.2 s (3.43 periods), wall: 1.214 hours, Δt:   3.06, CFL: 7.20e-01
i:  66700, t:   153410.7 s (3.44 periods), wall: 1.216 hours, Δt:   3.05, CFL: 7.20e-01
i:  66800, t:   153712.2 s (3.44 periods), wall: 1.218 hours, Δt:   3.65, CFL: 7.05e-01
i:  66900, t:   154086.5 s (3.45 periods), wall: 1.219 hours, Δt:   4.22, CFL: 7.20e-01
i:  67000, t:   154491.0 s (3.46 periods), wall: 1.221 hours, Δt:   3.70, CFL: 7.20e-01
i:  67100, t:   154878.8 s (3.47 periods), wall: 1.223 hours, Δt:   4.32, CFL: 7.20e-01
i:  67200, t:   155322.7 s (3.48 periods), wall: 1.225 hours, Δt:   4.95, CFL: 7.20e-01
i:  67300, t:   155793.6 s (3.49 periods), wall: 1.227 hours, Δt:   4.69, CFL: 6.96e-01
i:  67400, t:   156258.0 s (3.50 periods), wall: 1.229 hours, Δt:   4.96, CFL: 7.20e-01
i:  67500, t:   156757.2 s (3.51 periods), wall: 1.230 hours, Δt:   5.31, CFL: 7.20e-01
i:  67600, t:   157294.9 s (3.52 periods), wall: 1.232 hours, Δt:   5.36, CFL: 7.20e-01
i:  67700, t:   157767.8 s (3.53 periods), wall: 1.234 hours, Δt:   4.90, CFL: 7.20e-01
i:  67800, t:   158235.7 s (3.54 periods), wall: 1.236 hours, Δt:   4.82, CFL: 7.20e-01
i:  67900, t:   158699.0 s (3.56 periods), wall: 1.238 hours, Δt:   3.99, CFL: 7.20e-01
i:  68000, t:   159115.0 s (3.56 periods), wall: 1.239 hours, Δt:   3.45, CFL: 7.20e-01
i:  68100, t:   159457.2 s (3.57 periods), wall: 1.241 hours, Δt:   4.16, CFL: 7.20e-01
i:  68200, t:   159844.5 s (3.58 periods), wall: 1.243 hours, Δt:   3.01, CFL: 7.20e-01
i:  68300, t:   160122.3 s (3.59 periods), wall: 1.245 hours, Δt:   2.69, CFL: 7.20e-01
i:  68400, t:   160408.3 s (3.59 periods), wall: 1.247 hours, Δt:   3.29, CFL: 7.20e-01
i:  68500, t:   160672.2 s (3.60 periods), wall: 1.248 hours, Δt:   2.19, CFL: 7.20e-01
i:  68600, t:   160865.7 s (3.60 periods), wall: 1.250 hours, Δt:   1.67, CFL: 7.20e-01
i:  68700, t:   161051.7 s (3.61 periods), wall: 1.252 hours, Δt:   2.29, CFL: 7.20e-01
i:  68800, t:   161256.9 s (3.61 periods), wall: 1.254 hours, Δt:   2.29, CFL: 7.20e-01
i:  68900, t:   161461.1 s (3.62 periods), wall: 1.256 hours, Δt:   1.85, CFL: 7.20e-01
i:  69000, t:   161647.9 s (3.62 periods), wall: 1.258 hours, Δt:   1.55, CFL: 7.20e-01
i:  69100, t:   161819.8 s (3.62 periods), wall: 1.259 hours, Δt:   1.75, CFL: 7.20e-01
i:  69200, t:   162002.4 s (3.63 periods), wall: 1.261 hours, Δt:   1.80, CFL: 7.20e-01
i:  69300, t:   162180.3 s (3.63 periods), wall: 1.263 hours, Δt:   1.87, CFL: 7.20e-01
i:  69400, t:   162361.0 s (3.64 periods), wall: 1.265 hours, Δt:   1.63, CFL: 7.20e-01
i:  69500, t:   162529.1 s (3.64 periods), wall: 1.267 hours, Δt:   1.76, CFL: 7.20e-01
i:  69600, t:   162705.3 s (3.64 periods), wall: 1.268 hours, Δt:   1.57, CFL: 7.20e-01
i:  69700, t:   162868.0 s (3.65 periods), wall: 1.270 hours, Δt:   1.54, CFL: 7.20e-01
i:  69800, t:   163026.0 s (3.65 periods), wall: 1.272 hours, Δt:   1.57, CFL: 7.20e-01
i:  69900, t:   163185.5 s (3.66 periods), wall: 1.274 hours, Δt:   1.48, CFL: 7.20e-01
i:  70000, t:   163337.0 s (3.66 periods), wall: 1.276 hours, Δt:   1.30, CFL: 7.20e-01
i:  70100, t:   163481.6 s (3.66 periods), wall: 1.277 hours, Δt:   1.74, CFL: 7.20e-01
i:  70200, t:   163639.0 s (3.67 periods), wall: 1.279 hours, Δt:   1.71, CFL: 7.20e-01
i:  70300, t:   163791.8 s (3.67 periods), wall: 1.281 hours, Δt:   1.64, CFL: 7.20e-01
i:  70400, t:   163946.8 s (3.67 periods), wall: 1.283 hours, Δt:   1.41, CFL: 7.20e-01
i:  70500, t:   164090.6 s (3.68 periods), wall: 1.285 hours, Δt:   1.62, CFL: 7.20e-01
i:  70600, t:   164238.1 s (3.68 periods), wall: 1.286 hours, Δt:   1.53, CFL: 7.20e-01
i:  70700, t:   164380.0 s (3.68 periods), wall: 1.288 hours, Δt:   1.26, CFL: 7.20e-01
i:  70800, t:   164532.0 s (3.69 periods), wall: 1.290 hours, Δt:   1.68, CFL: 7.20e-01
i:  70900, t:   164683.2 s (3.69 periods), wall: 1.292 hours, Δt:   1.57, CFL: 7.20e-01
i:  71000, t:   164827.0 s (3.69 periods), wall: 1.294 hours, Δt:   1.57, CFL: 7.20e-01
i:  71100, t:   164971.4 s (3.70 periods), wall: 1.295 hours, Δt:   1.44, CFL: 7.20e-01
i:  71200, t:   165114.2 s (3.70 periods), wall: 1.297 hours, Δt:   1.59, CFL: 7.20e-01
i:  71300, t:   165269.0 s (3.70 periods), wall: 1.299 hours, Δt:   1.46, CFL: 7.20e-01
i:  71400, t:   165409.4 s (3.71 periods), wall: 1.301 hours, Δt:   1.27, CFL: 7.20e-01
i:  71500, t:   165545.7 s (3.71 periods), wall: 1.302 hours, Δt:   1.36, CFL: 7.20e-01
i:  71600, t:   165678.0 s (3.71 periods), wall: 1.304 hours, Δt:   1.31, CFL: 7.20e-01
i:  71700, t:   165815.0 s (3.71 periods), wall: 1.306 hours, Δt:   1.26, CFL: 7.20e-01
i:  71800, t:   165949.9 s (3.72 periods), wall: 1.308 hours, Δt:   1.63, CFL: 7.20e-01
i:  71900, t:   166089.7 s (3.72 periods), wall: 1.310 hours, Δt:   1.43, CFL: 7.20e-01
i:  72000, t:   166240.0 s (3.72 periods), wall: 1.311 hours, Δt:   1.62, CFL: 7.20e-01
i:  72100, t:   166381.0 s (3.73 periods), wall: 1.313 hours, Δt:   1.21, CFL: 7.20e-01
i:  72200, t:   166509.7 s (3.73 periods), wall: 1.315 hours, Δt:   1.27, CFL: 7.20e-01
i:  72300, t:   166654.5 s (3.73 periods), wall: 1.317 hours, Δt:   1.51, CFL: 7.20e-01
i:  72400, t:   166794.5 s (3.74 periods), wall: 1.319 hours, Δt:   1.56, CFL: 7.20e-01
i:  72500, t:   166929.2 s (3.74 periods), wall: 1.320 hours, Δt:   1.09, CFL: 7.20e-01
i:  72600, t:   167056.4 s (3.74 periods), wall: 1.322 hours, Δt:   1.35, CFL: 7.20e-01
i:  72700, t:   167194.6 s (3.75 periods), wall: 1.324 hours, Δt:   1.23, CFL: 7.20e-01
i:  72800, t:   167324.2 s (3.75 periods), wall: 1.326 hours, Δt:   1.52, CFL: 7.20e-01
i:  72900, t:   167453.0 s (3.75 periods), wall: 1.328 hours, Δt:   1.45, CFL: 7.20e-01
i:  73000, t:   167571.5 s (3.75 periods), wall: 1.329 hours, Δt:   1.22, CFL: 7.20e-01
i:  73100, t:   167711.0 s (3.76 periods), wall: 1.331 hours, Δt:   1.48, CFL: 7.20e-01
i:  73200, t:   167852.4 s (3.76 periods), wall: 1.333 hours, Δt:   1.58, CFL: 7.20e-01
i:  73300, t:   167995.7 s (3.76 periods), wall: 1.335 hours, Δt:   1.25, CFL: 7.20e-01
i:  73400, t:   168121.5 s (3.77 periods), wall: 1.337 hours, Δt:   1.37, CFL: 7.20e-01
i:  73500, t:   168257.5 s (3.77 periods), wall: 1.338 hours, Δt:   1.34, CFL: 7.20e-01
i:  73600, t:   168400.4 s (3.77 periods), wall: 1.340 hours, Δt:   1.48, CFL: 7.20e-01
i:  73700, t:   168535.1 s (3.78 periods), wall: 1.342 hours, Δt:   1.14, CFL: 7.20e-01
i:  73800, t:   168673.2 s (3.78 periods), wall: 1.344 hours, Δt:   1.34, CFL: 7.20e-01
i:  73900, t:   168813.6 s (3.78 periods), wall: 1.346 hours, Δt:   1.53, CFL: 7.20e-01
i:  74000, t:   168953.0 s (3.78 periods), wall: 1.347 hours, Δt:   1.33, CFL: 7.20e-01
i:  74100, t:   169084.2 s (3.79 periods), wall: 1.349 hours, Δt:   1.37, CFL: 7.20e-01
i:  74200, t:   169225.1 s (3.79 periods), wall: 1.351 hours, Δt:   1.38, CFL: 7.20e-01
i:  74300, t:   169374.4 s (3.79 periods), wall: 1.353 hours, Δt:   1.46, CFL: 7.20e-01
i:  74400, t:   169524.6 s (3.80 periods), wall: 1.355 hours, Δt:   1.26, CFL: 7.20e-01
i:  74500, t:   169647.8 s (3.80 periods), wall: 1.356 hours, Δt:   1.08, CFL: 7.20e-01
i:  74600, t:   169787.3 s (3.80 periods), wall: 1.358 hours, Δt:   1.24, CFL: 7.20e-01
i:  74700, t:   169936.6 s (3.81 periods), wall: 1.360 hours, Δt:   1.54, CFL: 7.20e-01
i:  74800, t:   170077.7 s (3.81 periods), wall: 1.362 hours, Δt:   1.19, CFL: 7.20e-01
i:  74900, t:   170220.9 s (3.81 periods), wall: 1.364 hours, Δt:   1.65, CFL: 7.20e-01
i:  75000, t:   170370.5 s (3.82 periods), wall: 1.365 hours, Δt:   1.56, CFL: 7.20e-01
i:  75100, t:   170522.7 s (3.82 periods), wall: 1.367 hours, Δt:   1.25, CFL: 7.20e-01
i:  75200, t:   170657.5 s (3.82 periods), wall: 1.369 hours, Δt:   1.65, CFL: 7.20e-01
i:  75300, t:   170826.0 s (3.83 periods), wall: 1.371 hours, Δt:   1.62, CFL: 7.20e-01
i:  75400, t:   170992.2 s (3.83 periods), wall: 1.373 hours, Δt:   1.59, CFL: 7.20e-01
i:  75500, t:   171140.7 s (3.83 periods), wall: 1.374 hours, Δt:   1.51, CFL: 7.20e-01
i:  75600, t:   171314.1 s (3.84 periods), wall: 1.376 hours, Δt:   1.65, CFL: 7.20e-01
i:  75700, t:   171471.5 s (3.84 periods), wall: 1.378 hours, Δt:   1.37, CFL: 7.20e-01
i:  75800, t:   171614.0 s (3.84 periods), wall: 1.380 hours, Δt:   1.43, CFL: 7.20e-01
i:  75900, t:   171754.9 s (3.85 periods), wall: 1.382 hours, Δt:   1.56, CFL: 7.20e-01
i:  76000, t:   171909.2 s (3.85 periods), wall: 1.383 hours, Δt:   1.48, CFL: 7.20e-01
i:  76100, t:   172073.0 s (3.85 periods), wall: 1.385 hours, Δt:   1.73, CFL: 7.20e-01
i:  76200, t:   172222.1 s (3.86 periods), wall: 1.387 hours, Δt:   1.46, CFL: 7.20e-01
i:  76300, t:   172371.4 s (3.86 periods), wall: 1.389 hours, Δt:   1.70, CFL: 7.20e-01
i:  76400, t:   172546.4 s (3.87 periods), wall: 1.391 hours, Δt:   2.05, CFL: 7.20e-01
i:  76500, t:   172727.3 s (3.87 periods), wall: 1.392 hours, Δt:   1.78, CFL: 7.20e-01
i:  76600, t:   172924.7 s (3.87 periods), wall: 1.394 hours, Δt:   1.90, CFL: 7.20e-01
i:  76700, t:   173146.1 s (3.88 periods), wall: 1.396 hours, Δt:   2.18, CFL: 7.20e-01
i:  76800, t:   173370.5 s (3.88 periods), wall: 1.398 hours, Δt:   2.61, CFL: 7.20e-01
i:  76900, t:   173581.2 s (3.89 periods), wall: 1.400 hours, Δt:   1.94, CFL: 7.20e-01
i:  77000, t:   173796.1 s (3.89 periods), wall: 1.401 hours, Δt:   2.19, CFL: 7.20e-01
i:  77100, t:   174001.7 s (3.90 periods), wall: 1.403 hours, Δt:   2.09, CFL: 7.20e-01
i:  77200, t:   174208.8 s (3.90 periods), wall: 1.405 hours, Δt:   2.55, CFL: 7.20e-01
i:  77300, t:   174422.8 s (3.91 periods), wall: 1.407 hours, Δt:   2.03, CFL: 7.20e-01
i:  77400, t:   174639.3 s (3.91 periods), wall: 1.409 hours, Δt:   2.39, CFL: 7.20e-01
i:  77500, t:   174898.3 s (3.92 periods), wall: 1.410 hours, Δt:   2.76, CFL: 7.20e-01
i:  77600, t:   175158.4 s (3.92 periods), wall: 1.412 hours, Δt:   2.99, CFL: 7.20e-01
i:  77700, t:   175397.9 s (3.93 periods), wall: 1.414 hours, Δt:   2.60, CFL: 7.20e-01
i:  77800, t:   175664.2 s (3.94 periods), wall: 1.416 hours, Δt:   2.83, CFL: 7.20e-01
i:  77900, t:   175961.0 s (3.94 periods), wall: 1.418 hours, Δt:   3.25, CFL: 7.20e-01
i:  78000, t:   176303.9 s (3.95 periods), wall: 1.419 hours, Δt:   3.63, CFL: 7.20e-01
i:  78100, t:   176684.3 s (3.96 periods), wall: 1.421 hours, Δt:   3.91, CFL: 7.20e-01
i:  78200, t:   177053.8 s (3.97 periods), wall: 1.423 hours, Δt:   4.97, CFL: 7.20e-01
i:  78300, t:   177526.8 s (3.98 periods), wall: 1.425 hours, Δt:   4.74, CFL: 7.20e-01
i:  78400, t:   177994.9 s (3.99 periods), wall: 1.427 hours, Δt:   5.03, CFL: 7.20e-01
i:  78500, t:   178526.3 s (4.00 periods), wall: 1.429 hours, Δt:   5.31, CFL: 7.20e-01
i:  78600, t:   179044.8 s (4.01 periods), wall: 1.430 hours, Δt:   5.96, CFL: 7.20e-01
i:  78700, t:   179609.2 s (4.02 periods), wall: 1.432 hours, Δt:   5.86, CFL: 7.20e-01
i:  78800, t:   180168.1 s (4.04 periods), wall: 1.434 hours, Δt:   5.57, CFL: 7.20e-01
i:  78900, t:   180674.6 s (4.05 periods), wall: 1.436 hours, Δt:   4.82, CFL: 7.20e-01
i:  79000, t:   181110.3 s (4.06 periods), wall: 1.438 hours, Δt:   5.26, CFL: 7.20e-01
i:  79100, t:   181607.8 s (4.07 periods), wall: 1.440 hours, Δt:   4.98, CFL: 7.20e-01
i:  79200, t:   182054.0 s (4.08 periods), wall: 1.441 hours, Δt:   3.83, CFL: 7.20e-01
i:  79300, t:   182376.2 s (4.09 periods), wall: 1.443 hours, Δt:   3.08, CFL: 7.20e-01
i:  79400, t:   182673.9 s (4.09 periods), wall: 1.445 hours, Δt:   2.95, CFL: 7.20e-01
i:  79500, t:   182988.4 s (4.10 periods), wall: 1.447 hours, Δt:   2.73, CFL: 7.20e-01
i:  79600, t:   183271.0 s (4.11 periods), wall: 1.449 hours, Δt:   2.90, CFL: 7.20e-01
i:  79700, t:   183561.5 s (4.11 periods), wall: 1.450 hours, Δt:   2.75, CFL: 7.20e-01
i:  79800, t:   183821.8 s (4.12 periods), wall: 1.452 hours, Δt:   2.12, CFL: 7.20e-01
i:  79900, t:   184048.3 s (4.12 periods), wall: 1.454 hours, Δt:   2.22, CFL: 7.20e-01
i:  80000, t:   184250.2 s (4.13 periods), wall: 1.456 hours, Δt:   2.16, CFL: 7.20e-01
i:  80100, t:   184444.6 s (4.13 periods), wall: 1.458 hours, Δt:   1.82, CFL: 7.20e-01
i:  80200, t:   184625.9 s (4.14 periods), wall: 1.459 hours, Δt:   1.87, CFL: 7.20e-01
i:  80300, t:   184813.1 s (4.14 periods), wall: 1.461 hours, Δt:   1.83, CFL: 7.20e-01
i:  80400, t:   184984.7 s (4.14 periods), wall: 1.463 hours, Δt:   1.69, CFL: 7.20e-01
i:  80500, t:   185153.2 s (4.15 periods), wall: 1.465 hours, Δt:   1.65, CFL: 7.20e-01
i:  80600, t:   185315.1 s (4.15 periods), wall: 1.467 hours, Δt:   1.69, CFL: 7.20e-01
i:  80700, t:   185486.4 s (4.16 periods), wall: 1.468 hours, Δt:   1.81, CFL: 7.20e-01
i:  80800, t:   185656.1 s (4.16 periods), wall: 1.470 hours, Δt:   1.77, CFL: 7.20e-01
i:  80900, t:   185818.1 s (4.16 periods), wall: 1.472 hours, Δt:   1.60, CFL: 7.20e-01
i:  81000, t:   185981.5 s (4.17 periods), wall: 1.474 hours, Δt:   1.80, CFL: 7.20e-01
i:  81100, t:   186150.5 s (4.17 periods), wall: 1.476 hours, Δt:   1.79, CFL: 7.20e-01
i:  81200, t:   186327.8 s (4.17 periods), wall: 1.477 hours, Δt:   1.62, CFL: 7.20e-01
i:  81300, t:   186482.0 s (4.18 periods), wall: 1.479 hours, Δt:   1.41, CFL: 7.20e-01
i:  81400, t:   186627.6 s (4.18 periods), wall: 1.481 hours, Δt:   1.75, CFL: 7.20e-01
i:  81500, t:   186801.0 s (4.18 periods), wall: 1.483 hours, Δt:   1.95, CFL: 7.20e-01
i:  81600, t:   186974.0 s (4.19 periods), wall: 1.485 hours, Δt:   1.74, CFL: 7.20e-01
i:  81700, t:   187129.1 s (4.19 periods), wall: 1.486 hours, Δt:   1.29, CFL: 7.20e-01
i:  81800, t:   187266.2 s (4.20 periods), wall: 1.488 hours, Δt:   1.43, CFL: 7.20e-01
i:  81900, t:   187419.3 s (4.20 periods), wall: 1.490 hours, Δt:   1.59, CFL: 7.20e-01
i:  82000, t:   187578.0 s (4.20 periods), wall: 1.492 hours, Δt:   1.54, CFL: 7.20e-01
i:  82100, t:   187724.2 s (4.21 periods), wall: 1.494 hours, Δt:   1.60, CFL: 7.20e-01
i:  82200, t:   187856.9 s (4.21 periods), wall: 1.495 hours, Δt:   1.23, CFL: 7.20e-01
i:  82300, t:   188002.4 s (4.21 periods), wall: 1.497 hours, Δt:   1.32, CFL: 7.20e-01
i:  82400, t:   188125.2 s (4.21 periods), wall: 1.499 hours, Δt:   1.21, CFL: 7.20e-01
i:  82500, t:   188250.9 s (4.22 periods), wall: 1.501 hours, Δt:   1.22, CFL: 7.20e-01
i:  82600, t:   188387.1 s (4.22 periods), wall: 1.503 hours, Δt:   1.48, CFL: 7.20e-01
i:  82700, t:   188535.4 s (4.22 periods), wall: 1.504 hours, Δt:   1.35, CFL: 7.20e-01
i:  82800, t:   188673.7 s (4.23 periods), wall: 1.506 hours, Δt:   1.14, CFL: 7.20e-01
i:  82900, t:   188810.1 s (4.23 periods), wall: 1.508 hours, Δt:   1.41, CFL: 7.20e-01
i:  83000, t:   188939.2 s (4.23 periods), wall: 1.510 hours, Δt:   1.24, CFL: 7.20e-01
i:  83100, t:   189072.1 s (4.24 periods), wall: 1.512 hours, Δt:   1.46, CFL: 7.20e-01
i:  83200, t:   189222.0 s (4.24 periods), wall: 1.513 hours, Δt:   1.50, CFL: 7.20e-01
i:  83300, t:   189368.3 s (4.24 periods), wall: 1.515 hours, Δt:   1.22, CFL: 7.20e-01
i:  83400, t:   189511.8 s (4.25 periods), wall: 1.517 hours, Δt:   1.50, CFL: 7.20e-01
i:  83500, t:   189655.9 s (4.25 periods), wall: 1.519 hours, Δt:   1.26, CFL: 7.20e-01
i:  83600, t:   189794.5 s (4.25 periods), wall: 1.521 hours, Δt:   1.58, CFL: 7.20e-01
i:  83700, t:   189935.1 s (4.25 periods), wall: 1.522 hours, Δt:   1.35, CFL: 7.20e-01
i:  83800, t:   190069.4 s (4.26 periods), wall: 1.524 hours, Δt:   1.37, CFL: 7.20e-01
i:  83900, t:   190196.5 s (4.26 periods), wall: 1.526 hours, Δt:   1.20, CFL: 7.20e-01
i:  84000, t:   190338.0 s (4.26 periods), wall: 1.528 hours, Δt:   1.58, CFL: 7.20e-01
i:  84100, t:   190476.3 s (4.27 periods), wall: 1.530 hours, Δt:   1.22, CFL: 7.20e-01
i:  84200, t:   190619.1 s (4.27 periods), wall: 1.531 hours, Δt:   1.46, CFL: 7.20e-01
i:  84300, t:   190760.5 s (4.27 periods), wall: 1.533 hours, Δt:   1.53, CFL: 7.20e-01
i:  84400, t:   190910.4 s (4.28 periods), wall: 1.535 hours, Δt:   1.33, CFL: 7.20e-01
i:  84500, t:   191044.5 s (4.28 periods), wall: 1.537 hours, Δt:   1.49, CFL: 7.20e-01
i:  84600, t:   191192.2 s (4.28 periods), wall: 1.539 hours, Δt:   1.32, CFL: 7.20e-01
i:  84700, t:   191330.9 s (4.29 periods), wall: 1.540 hours, Δt:   1.45, CFL: 7.20e-01
i:  84800, t:   191487.8 s (4.29 periods), wall: 1.542 hours, Δt:   1.47, CFL: 7.20e-01
i:  84900, t:   191640.4 s (4.29 periods), wall: 1.544 hours, Δt:   1.61, CFL: 7.20e-01
i:  85000, t:   191799.2 s (4.30 periods), wall: 1.546 hours, Δt:   1.52, CFL: 7.20e-01
i:  85100, t:   191945.9 s (4.30 periods), wall: 1.548 hours, Δt:   1.42, CFL: 7.20e-01
i:  85200, t:   192086.9 s (4.30 periods), wall: 1.549 hours, Δt:   1.54, CFL: 7.20e-01
i:  85300, t:   192242.6 s (4.31 periods), wall: 1.551 hours, Δt:   1.73, CFL: 7.20e-01
i:  85400, t:   192398.4 s (4.31 periods), wall: 1.553 hours, Δt:   1.60, CFL: 7.20e-01
i:  85500, t:   192565.8 s (4.31 periods), wall: 1.555 hours, Δt:   1.66, CFL: 7.20e-01
i:  85600, t:   192720.6 s (4.32 periods), wall: 1.557 hours, Δt:   1.59, CFL: 7.20e-01
i:  85700, t:   192884.3 s (4.32 periods), wall: 1.558 hours, Δt:   1.82, CFL: 7.20e-01
i:  85800, t:   193052.1 s (4.32 periods), wall: 1.560 hours, Δt:   1.51, CFL: 7.20e-01
i:  85900, t:   193217.9 s (4.33 periods), wall: 1.562 hours, Δt:   1.79, CFL: 7.20e-01
i:  86000, t:   193388.5 s (4.33 periods), wall: 1.564 hours, Δt:   1.61, CFL: 7.20e-01
i:  86100, t:   193552.1 s (4.34 periods), wall: 1.566 hours, Δt:   1.71, CFL: 7.20e-01
i:  86200, t:   193724.4 s (4.34 periods), wall: 1.567 hours, Δt:   1.75, CFL: 7.20e-01
i:  86300, t:   193883.0 s (4.34 periods), wall: 1.569 hours, Δt:   1.52, CFL: 7.20e-01
i:  86400, t:   194045.8 s (4.35 periods), wall: 1.571 hours, Δt:   1.65, CFL: 7.20e-01
i:  86500, t:   194226.4 s (4.35 periods), wall: 1.573 hours, Δt:   1.68, CFL: 7.20e-01
i:  86600, t:   194419.2 s (4.36 periods), wall: 1.575 hours, Δt:   1.79, CFL: 7.20e-01
i:  86700, t:   194602.3 s (4.36 periods), wall: 1.576 hours, Δt:   1.77, CFL: 7.20e-01
i:  86800, t:   194749.9 s (4.36 periods), wall: 1.578 hours, Δt:   1.39, CFL: 7.20e-01
i:  86900, t:   194908.6 s (4.37 periods), wall: 1.580 hours, Δt:   1.56, CFL: 7.20e-01
i:  87000, t:   195088.3 s (4.37 periods), wall: 1.582 hours, Δt:   1.60, CFL: 7.20e-01
i:  87100, t:   195275.8 s (4.37 periods), wall: 1.584 hours, Δt:   2.08, CFL: 7.20e-01
i:  87200, t:   195488.3 s (4.38 periods), wall: 1.585 hours, Δt:   2.20, CFL: 7.20e-01
i:  87300, t:   195728.4 s (4.38 periods), wall: 1.587 hours, Δt:   2.32, CFL: 7.20e-01
i:  87400, t:   195905.6 s (4.39 periods), wall: 1.589 hours, Δt:   2.19, CFL: 7.20e-01
i:  87500, t:   196136.4 s (4.39 periods), wall: 1.591 hours, Δt:   2.50, CFL: 7.20e-01
i:  87600, t:   196373.4 s (4.40 periods), wall: 1.593 hours, Δt:   2.27, CFL: 7.20e-01
i:  87700, t:   196584.6 s (4.40 periods), wall: 1.594 hours, Δt:   2.33, CFL: 7.20e-01
i:  87800, t:   196805.1 s (4.41 periods), wall: 1.596 hours, Δt:   2.17, CFL: 7.20e-01
i:  87900, t:   197035.1 s (4.41 periods), wall: 1.598 hours, Δt:   2.24, CFL: 7.20e-01
i:  88000, t:   197269.5 s (4.42 periods), wall: 1.600 hours, Δt:   2.22, CFL: 7.20e-01
i:  88100, t:   197509.1 s (4.42 periods), wall: 1.602 hours, Δt:   2.85, CFL: 7.20e-01
i:  88200, t:   197787.5 s (4.43 periods), wall: 1.603 hours, Δt:   3.26, CFL: 7.20e-01
i:  88300, t:   198089.3 s (4.44 periods), wall: 1.605 hours, Δt:   3.55, CFL: 7.20e-01
i:  88400, t:   198394.8 s (4.44 periods), wall: 1.607 hours, Δt:   3.06, CFL: 7.20e-01
i:  88500, t:   198761.3 s (4.45 periods), wall: 1.609 hours, Δt:   3.81, CFL: 7.20e-01
i:  88600, t:   199131.3 s (4.46 periods), wall: 1.611 hours, Δt:   3.83, CFL: 7.20e-01
i:  88700, t:   199515.5 s (4.47 periods), wall: 1.613 hours, Δt:   3.66, CFL: 7.20e-01
i:  88800, t:   199941.3 s (4.48 periods), wall: 1.614 hours, Δt:   4.06, CFL: 7.20e-01
i:  88900, t:   200378.3 s (4.49 periods), wall: 1.616 hours, Δt:   5.21, CFL: 7.20e-01
i:  89000, t:   200838.1 s (4.50 periods), wall: 1.618 hours, Δt:   4.53, CFL: 7.20e-01
i:  89100, t:   201309.7 s (4.51 periods), wall: 1.620 hours, Δt:   4.99, CFL: 7.20e-01
i:  89200, t:   201763.1 s (4.52 periods), wall: 1.622 hours, Δt:   4.32, CFL: 7.20e-01
i:  89300, t:   202212.9 s (4.53 periods), wall: 1.623 hours, Δt:   4.28, CFL: 7.20e-01
i:  89400, t:   202654.3 s (4.54 periods), wall: 1.625 hours, Δt:   4.23, CFL: 7.20e-01
i:  89500, t:   203049.1 s (4.55 periods), wall: 1.627 hours, Δt:   3.48, CFL: 7.20e-01
i:  89600, t:   203467.7 s (4.56 periods), wall: 1.629 hours, Δt:   4.46, CFL: 7.20e-01
i:  89700, t:   203899.3 s (4.57 periods), wall: 1.631 hours, Δt:   3.88, CFL: 7.20e-01
i:  89800, t:   204299.1 s (4.58 periods), wall: 1.633 hours, Δt:   4.19, CFL: 7.20e-01
i:  89900, t:   204721.9 s (4.59 periods), wall: 1.634 hours, Δt:   4.12, CFL: 7.20e-01
i:  90000, t:   205089.9 s (4.59 periods), wall: 1.636 hours, Δt:   3.31, CFL: 7.20e-01
i:  90100, t:   205327.1 s (4.60 periods), wall: 1.638 hours, Δt:   1.97, CFL: 7.20e-01
i:  90200, t:   205556.5 s (4.60 periods), wall: 1.640 hours, Δt:   2.30, CFL: 7.20e-01
i:  90300, t:   205781.6 s (4.61 periods), wall: 1.642 hours, Δt:   2.49, CFL: 7.20e-01
i:  90400, t:   206018.1 s (4.62 periods), wall: 1.643 hours, Δt:   2.22, CFL: 7.20e-01
i:  90500, t:   206209.7 s (4.62 periods), wall: 1.645 hours, Δt:   1.76, CFL: 7.20e-01
i:  90600, t:   206412.1 s (4.62 periods), wall: 1.647 hours, Δt:   2.23, CFL: 7.20e-01
i:  90700, t:   206619.6 s (4.63 periods), wall: 1.649 hours, Δt:   1.87, CFL: 7.20e-01
i:  90800, t:   206769.1 s (4.63 periods), wall: 1.651 hours, Δt:   1.49, CFL: 7.20e-01
i:  90900, t:   206936.2 s (4.64 periods), wall: 1.652 hours, Δt:   1.99, CFL: 7.20e-01
i:  91000, t:   207105.8 s (4.64 periods), wall: 1.654 hours, Δt:   1.48, CFL: 7.20e-01
i:  91100, t:   207271.9 s (4.64 periods), wall: 1.656 hours, Δt:   1.56, CFL: 7.20e-01
i:  91200, t:   207431.6 s (4.65 periods), wall: 1.658 hours, Δt:   1.58, CFL: 7.20e-01
i:  91300, t:   207593.8 s (4.65 periods), wall: 1.660 hours, Δt:   1.72, CFL: 7.20e-01
i:  91400, t:   207757.7 s (4.65 periods), wall: 1.661 hours, Δt:   1.50, CFL: 7.20e-01
i:  91500, t:   207907.6 s (4.66 periods), wall: 1.663 hours, Δt:   1.60, CFL: 7.20e-01
i:  91600, t:   208065.0 s (4.66 periods), wall: 1.665 hours, Δt:   1.66, CFL: 7.20e-01
i:  91700, t:   208226.0 s (4.66 periods), wall: 1.667 hours, Δt:   1.51, CFL: 7.20e-01
i:  91800, t:   208370.7 s (4.67 periods), wall: 1.669 hours, Δt:   1.43, CFL: 7.20e-01
i:  91900, t:   208512.9 s (4.67 periods), wall: 1.670 hours, Δt:   1.38, CFL: 7.20e-01
i:  92000, t:   208653.7 s (4.67 periods), wall: 1.672 hours, Δt:   1.53, CFL: 7.20e-01
i:  92100, t:   208804.8 s (4.68 periods), wall: 1.674 hours, Δt:   1.48, CFL: 7.20e-01
i:  92200, t:   208957.3 s (4.68 periods), wall: 1.676 hours, Δt:   1.50, CFL: 7.20e-01
i:  92300, t:   209103.5 s (4.68 periods), wall: 1.678 hours, Δt:   1.59, CFL: 7.20e-01
i:  92400, t:   209258.1 s (4.69 periods), wall: 1.679 hours, Δt:   1.47, CFL: 7.20e-01
i:  92500, t:   209407.3 s (4.69 periods), wall: 1.681 hours, Δt:   1.47, CFL: 7.20e-01
i:  92600, t:   209561.5 s (4.69 periods), wall: 1.683 hours, Δt:   1.63, CFL: 7.20e-01
i:  92700, t:   209701.3 s (4.70 periods), wall: 1.685 hours, Δt:   1.55, CFL: 7.20e-01
i:  92800, t:   209842.3 s (4.70 periods), wall: 1.687 hours, Δt:   1.36, CFL: 7.20e-01
i:  92900, t:   209976.9 s (4.70 periods), wall: 1.688 hours, Δt:   1.45, CFL: 7.20e-01
i:  93000, t:   210123.5 s (4.71 periods), wall: 1.690 hours, Δt:   1.56, CFL: 7.20e-01
i:  93100, t:   210268.9 s (4.71 periods), wall: 1.692 hours, Δt:   1.33, CFL: 7.20e-01
i:  93200, t:   210406.6 s (4.71 periods), wall: 1.694 hours, Δt:   1.70, CFL: 7.20e-01
i:  93300, t:   210564.1 s (4.72 periods), wall: 1.696 hours, Δt:   1.51, CFL: 7.20e-01
i:  93400, t:   210710.8 s (4.72 periods), wall: 1.697 hours, Δt:   1.36, CFL: 7.20e-01
i:  93500, t:   210847.2 s (4.72 periods), wall: 1.699 hours, Δt:   1.24, CFL: 7.20e-01
i:  93600, t:   210985.0 s (4.73 periods), wall: 1.701 hours, Δt:   1.32, CFL: 7.20e-01
i:  93700, t:   211116.9 s (4.73 periods), wall: 1.703 hours, Δt:   1.15, CFL: 7.20e-01
i:  93800, t:   211256.1 s (4.73 periods), wall: 1.705 hours, Δt:   1.60, CFL: 7.20e-01
i:  93900, t:   211396.7 s (4.74 periods), wall: 1.706 hours, Δt:   1.38, CFL: 7.20e-01
i:  94000, t:   211526.1 s (4.74 periods), wall: 1.708 hours, Δt:   1.23, CFL: 7.20e-01
i:  94100, t:   211667.6 s (4.74 periods), wall: 1.710 hours, Δt:   1.37, CFL: 7.20e-01
i:  94200, t:   211808.2 s (4.74 periods), wall: 1.712 hours, Δt:   1.59, CFL: 7.20e-01
i:  94300, t:   211942.0 s (4.75 periods), wall: 1.714 hours, Δt:   1.24, CFL: 7.20e-01
i:  94400, t:   212076.5 s (4.75 periods), wall: 1.715 hours, Δt:   1.49, CFL: 7.20e-01
i:  94500, t:   212221.4 s (4.75 periods), wall: 1.717 hours, Δt:   1.50, CFL: 7.20e-01
i:  94600, t:   212352.3 s (4.76 periods), wall: 1.719 hours, Δt:   1.20, CFL: 7.20e-01
i:  94700, t:   212486.4 s (4.76 periods), wall: 1.721 hours, Δt:   1.17, CFL: 7.20e-01
i:  94800, t:   212614.8 s (4.76 periods), wall: 1.723 hours, Δt:   1.50, CFL: 7.20e-01
i:  94900, t:   212754.4 s (4.77 periods), wall: 1.724 hours, Δt:   1.51, CFL: 7.20e-01
i:  95000, t:   212895.9 s (4.77 periods), wall: 1.726 hours, Δt:   1.20, CFL: 7.20e-01
i:  95100, t:   213016.7 s (4.77 periods), wall: 1.728 hours, Δt:   1.25, CFL: 7.20e-01
i:  95200, t:   213158.8 s (4.78 periods), wall: 1.730 hours, Δt:   1.32, CFL: 7.20e-01
i:  95300, t:   213300.1 s (4.78 periods), wall: 1.732 hours, Δt:   1.55, CFL: 7.20e-01
i:  95400, t:   213442.6 s (4.78 periods), wall: 1.733 hours, Δt:   1.30, CFL: 7.20e-01
i:  95500, t:   213581.2 s (4.78 periods), wall: 1.735 hours, Δt:   1.35, CFL: 7.20e-01
i:  95600, t:   213723.6 s (4.79 periods), wall: 1.737 hours, Δt:   1.52, CFL: 7.20e-01
i:  95700, t:   213868.1 s (4.79 periods), wall: 1.739 hours, Δt:   1.46, CFL: 7.20e-01
i:  95800, t:   214019.8 s (4.79 periods), wall: 1.741 hours, Δt:   1.32, CFL: 7.20e-01
i:  95900, t:   214155.8 s (4.80 periods), wall: 1.742 hours, Δt:   1.55, CFL: 7.20e-01
i:  96000, t:   214299.0 s (4.80 periods), wall: 1.744 hours, Δt:   1.53, CFL: 7.20e-01
i:  96100, t:   214446.2 s (4.80 periods), wall: 1.746 hours, Δt:   1.39, CFL: 7.20e-01
i:  96200, t:   214584.2 s (4.81 periods), wall: 1.748 hours, Δt:   1.31, CFL: 7.20e-01
i:  96300, t:   214728.4 s (4.81 periods), wall: 1.750 hours, Δt:   1.42, CFL: 7.20e-01
i:  96400, t:   214881.7 s (4.81 periods), wall: 1.751 hours, Δt:   1.61, CFL: 7.20e-01
i:  96500, t:   215032.8 s (4.82 periods), wall: 1.753 hours, Δt:   1.41, CFL: 7.20e-01
i:  96600, t:   215186.6 s (4.82 periods), wall: 1.755 hours, Δt:   1.36, CFL: 7.20e-01
i:  96700, t:   215329.7 s (4.82 periods), wall: 1.757 hours, Δt:   1.63, CFL: 7.20e-01
i:  96800, t:   215484.7 s (4.83 periods), wall: 1.759 hours, Δt:   1.69, CFL: 7.20e-01
i:  96900, t:   215654.5 s (4.83 periods), wall: 1.760 hours, Δt:   1.66, CFL: 7.20e-01
i:  97000, t:   215813.7 s (4.83 periods), wall: 1.762 hours, Δt:   1.70, CFL: 7.20e-01
i:  97100, t:   215970.9 s (4.84 periods), wall: 1.764 hours, Δt:   1.70, CFL: 7.20e-01
i:  97200, t:   216135.5 s (4.84 periods), wall: 1.766 hours, Δt:   1.56, CFL: 7.20e-01
i:  97300, t:   216296.9 s (4.85 periods), wall: 1.768 hours, Δt:   1.71, CFL: 7.20e-01
i:  97400, t:   216464.5 s (4.85 periods), wall: 1.769 hours, Δt:   1.58, CFL: 7.20e-01
i:  97500, t:   216619.0 s (4.85 periods), wall: 1.771 hours, Δt:   1.60, CFL: 7.20e-01
i:  97600, t:   216776.6 s (4.86 periods), wall: 1.773 hours, Δt:   1.68, CFL: 7.20e-01
i:  97700, t:   216939.6 s (4.86 periods), wall: 1.775 hours, Δt:   1.69, CFL: 7.20e-01
i:  97800, t:   217119.1 s (4.86 periods), wall: 1.777 hours, Δt:   1.78, CFL: 7.20e-01
i:  97900, t:   217294.2 s (4.87 periods), wall: 1.778 hours, Δt:   2.00, CFL: 7.20e-01
i:  98000, t:   217480.9 s (4.87 periods), wall: 1.780 hours, Δt:   1.56, CFL: 7.20e-01
i:  98100, t:   217666.1 s (4.88 periods), wall: 1.782 hours, Δt:   1.82, CFL: 7.20e-01
i:  98200, t:   217838.1 s (4.88 periods), wall: 1.784 hours, Δt:   1.79, CFL: 7.20e-01
i:  98300, t:   218029.8 s (4.88 periods), wall: 1.786 hours, Δt:   2.19, CFL: 7.20e-01
i:  98400, t:   218222.4 s (4.89 periods), wall: 1.787 hours, Δt:   1.87, CFL: 7.20e-01
i:  98500, t:   218421.9 s (4.89 periods), wall: 1.789 hours, Δt:   2.15, CFL: 7.20e-01
i:  98600, t:   218625.2 s (4.90 periods), wall: 1.791 hours, Δt:   1.85, CFL: 7.20e-01
i:  98700, t:   218822.0 s (4.90 periods), wall: 1.793 hours, Δt:   1.99, CFL: 7.20e-01
i:  98800, t:   219021.1 s (4.91 periods), wall: 1.795 hours, Δt:   1.98, CFL: 7.20e-01
i:  98900, t:   219231.6 s (4.91 periods), wall: 1.796 hours, Δt:   1.95, CFL: 7.20e-01
i:  99000, t:   219439.1 s (4.92 periods), wall: 1.798 hours, Δt:   2.22, CFL: 7.20e-01
i:  99100, t:   219687.4 s (4.92 periods), wall: 1.800 hours, Δt:   2.32, CFL: 7.20e-01
i:  99200, t:   219944.5 s (4.93 periods), wall: 1.802 hours, Δt:   2.88, CFL: 7.20e-01
i:  99300, t:   220224.2 s (4.93 periods), wall: 1.804 hours, Δt:   2.70, CFL: 7.20e-01
i:  99400, t:   220511.7 s (4.94 periods), wall: 1.805 hours, Δt:   2.73, CFL: 7.20e-01
i:  99500, t:   220777.1 s (4.95 periods), wall: 1.807 hours, Δt:   2.62, CFL: 7.20e-01
i:  99600, t:   221090.9 s (4.95 periods), wall: 1.809 hours, Δt:   3.23, CFL: 7.20e-01
i:  99700, t:   221452.4 s (4.96 periods), wall: 1.811 hours, Δt:   3.77, CFL: 7.20e-01
i:  99800, t:   221842.7 s (4.97 periods), wall: 1.813 hours, Δt:   4.47, CFL: 7.20e-01
i:  99900, t:   222267.2 s (4.98 periods), wall: 1.815 hours, Δt:   4.67, CFL: 7.20e-01
i: 100000, t:   222621.1 s (4.99 periods), wall: 1.816 hours, Δt:   3.85, CFL: 7.20e-01
i: 100100, t:   223057.7 s (5.00 periods), wall: 1.818 hours, Δt:   4.23, CFL: 7.20e-01
i: 100200, t:   223467.2 s (5.01 periods), wall: 1.820 hours, Δt:   4.90, CFL: 7.20e-01
i: 100300, t:   224005.1 s (5.02 periods), wall: 1.822 hours, Δt:   5.07, CFL: 7.20e-01
i: 100400, t:   224501.9 s (5.03 periods), wall: 1.824 hours, Δt:   4.77, CFL: 7.20e-01
i: 100500, t:   224999.6 s (5.04 periods), wall: 1.826 hours, Δt:   4.65, CFL: 7.20e-01
i: 100600, t:   225426.4 s (5.05 periods), wall: 1.827 hours, Δt:   4.11, CFL: 7.20e-01
i: 100700, t:   225816.3 s (5.06 periods), wall: 1.829 hours, Δt:   3.83, CFL: 7.20e-01
i: 100800, t:   226224.9 s (5.07 periods), wall: 1.831 hours, Δt:   4.22, CFL: 7.20e-01
i: 100900, t:   226607.3 s (5.08 periods), wall: 1.833 hours, Δt:   3.40, CFL: 7.20e-01
i: 101000, t:   226948.2 s (5.08 periods), wall: 1.835 hours, Δt:   3.70, CFL: 7.20e-01
i: 101100, t:   227237.3 s (5.09 periods), wall: 1.836 hours, Δt:   2.92, CFL: 7.20e-01
i: 101200, t:   227497.1 s (5.10 periods), wall: 1.838 hours, Δt:   2.31, CFL: 7.20e-01
i: 101300, t:   227742.7 s (5.10 periods), wall: 1.840 hours, Δt:   2.56, CFL: 7.20e-01
i: 101400, t:   227971.8 s (5.11 periods), wall: 1.842 hours, Δt:   2.72, CFL: 7.20e-01
i: 101500, t:   228215.8 s (5.11 periods), wall: 1.844 hours, Δt:   2.63, CFL: 7.20e-01
i: 101600, t:   228444.7 s (5.12 periods), wall: 1.845 hours, Δt:   1.59, CFL: 7.20e-01
i: 101700, t:   228637.8 s (5.12 periods), wall: 1.847 hours, Δt:   2.06, CFL: 7.20e-01
i: 101800, t:   228827.4 s (5.13 periods), wall: 1.849 hours, Δt:   2.02, CFL: 7.20e-01
i: 101900, t:   229015.4 s (5.13 periods), wall: 1.851 hours, Δt:   1.73, CFL: 7.20e-01
i: 102000, t:   229201.0 s (5.13 periods), wall: 1.853 hours, Δt:   1.94, CFL: 7.20e-01
i: 102100, t:   229386.2 s (5.14 periods), wall: 1.854 hours, Δt:   1.97, CFL: 7.20e-01
i: 102200, t:   229587.2 s (5.14 periods), wall: 1.856 hours, Δt:   1.92, CFL: 7.20e-01
i: 102300, t:   229765.1 s (5.15 periods), wall: 1.858 hours, Δt:   1.92, CFL: 7.20e-01
i: 102400, t:   229932.9 s (5.15 periods), wall: 1.860 hours, Δt:   1.76, CFL: 7.20e-01
i: 102500, t:   230111.2 s (5.15 periods), wall: 1.862 hours, Δt:   1.41, CFL: 7.20e-01
i: 102600, t:   230260.2 s (5.16 periods), wall: 1.863 hours, Δt:   1.68, CFL: 7.20e-01
i: 102700, t:   230420.1 s (5.16 periods), wall: 1.865 hours, Δt:   1.67, CFL: 7.20e-01
i: 102800, t:   230583.8 s (5.17 periods), wall: 1.867 hours, Δt:   1.56, CFL: 7.20e-01
i: 102900, t:   230745.8 s (5.17 periods), wall: 1.869 hours, Δt:   1.64, CFL: 7.20e-01
i: 103000, t:   230905.5 s (5.17 periods), wall: 1.871 hours, Δt:   1.54, CFL: 7.20e-01
i: 103100, t:   231066.5 s (5.18 periods), wall: 1.872 hours, Δt:   1.67, CFL: 7.20e-01
i: 103200, t:   231242.6 s (5.18 periods), wall: 1.874 hours, Δt:   1.90, CFL: 7.20e-01
i: 103300, t:   231411.7 s (5.18 periods), wall: 1.876 hours, Δt:   1.58, CFL: 7.20e-01
i: 103400, t:   231559.8 s (5.19 periods), wall: 1.878 hours, Δt:   1.52, CFL: 7.20e-01
i: 103500, t:   231705.9 s (5.19 periods), wall: 1.880 hours, Δt:   1.40, CFL: 7.20e-01
i: 103600, t:   231862.5 s (5.19 periods), wall: 1.881 hours, Δt:   1.61, CFL: 7.20e-01
i: 103700, t:   232014.9 s (5.20 periods), wall: 1.883 hours, Δt:   1.32, CFL: 7.20e-01
i: 103800, t:   232153.1 s (5.20 periods), wall: 1.885 hours, Δt:   1.64, CFL: 7.20e-01
i: 103900, t:   232301.1 s (5.20 periods), wall: 1.887 hours, Δt:   1.44, CFL: 7.20e-01
i: 104000, t:   232438.6 s (5.21 periods), wall: 1.889 hours, Δt:   1.50, CFL: 7.20e-01
i: 104100, t:   232589.5 s (5.21 periods), wall: 1.890 hours, Δt:   1.41, CFL: 7.20e-01
i: 104200, t:   232735.1 s (5.21 periods), wall: 1.892 hours, Δt:   1.20, CFL: 7.20e-01
i: 104300, t:   232867.4 s (5.22 periods), wall: 1.894 hours, Δt:   1.47, CFL: 7.20e-01
i: 104400, t:   233011.4 s (5.22 periods), wall: 1.896 hours, Δt:   1.55, CFL: 7.20e-01
i: 104500, t:   233159.0 s (5.22 periods), wall: 1.898 hours, Δt:   1.69, CFL: 7.20e-01
i: 104600, t:   233299.2 s (5.23 periods), wall: 1.899 hours, Δt:   1.30, CFL: 7.20e-01
i: 104700, t:   233434.5 s (5.23 periods), wall: 1.901 hours, Δt:   1.40, CFL: 7.20e-01
i: 104800, t:   233572.9 s (5.23 periods), wall: 1.903 hours, Δt:   1.31, CFL: 7.20e-01
i: 104900, t:   233702.2 s (5.24 periods), wall: 1.905 hours, Δt:   1.44, CFL: 7.20e-01
i: 105000, t:   233846.2 s (5.24 periods), wall: 1.907 hours, Δt:   1.41, CFL: 7.20e-01
i: 105100, t:   233998.4 s (5.24 periods), wall: 1.908 hours, Δt:   1.34, CFL: 7.20e-01
i: 105200, t:   234138.2 s (5.25 periods), wall: 1.910 hours, Δt:   1.42, CFL: 7.20e-01
i: 105300, t:   234278.7 s (5.25 periods), wall: 1.912 hours, Δt:   1.51, CFL: 7.20e-01
i: 105400, t:   234413.1 s (5.25 periods), wall: 1.914 hours, Δt:   1.23, CFL: 7.20e-01
i: 105500, t:   234557.9 s (5.25 periods), wall: 1.916 hours, Δt:   1.61, CFL: 7.20e-01
i: 105600, t:   234694.5 s (5.26 periods), wall: 1.917 hours, Δt:   1.48, CFL: 7.20e-01
i: 105700, t:   234835.0 s (5.26 periods), wall: 1.919 hours, Δt:   1.18, CFL: 7.20e-01
i: 105800, t:   234978.6 s (5.26 periods), wall: 1.921 hours, Δt:   1.60, CFL: 7.20e-01
i: 105900, t:   235127.8 s (5.27 periods), wall: 1.923 hours, Δt:   1.51, CFL: 7.20e-01
i: 106000, t:   235288.0 s (5.27 periods), wall: 1.925 hours, Δt:   1.60, CFL: 7.20e-01
i: 106100, t:   235447.2 s (5.27 periods), wall: 1.926 hours, Δt:   1.28, CFL: 7.20e-01
i: 106200, t:   235579.2 s (5.28 periods), wall: 1.928 hours, Δt:   1.40, CFL: 7.20e-01
i: 106300, t:   235738.1 s (5.28 periods), wall: 1.930 hours, Δt:   1.53, CFL: 7.20e-01
i: 106400, t:   235890.5 s (5.28 periods), wall: 1.932 hours, Δt:   1.64, CFL: 7.20e-01
i: 106500, t:   236046.7 s (5.29 periods), wall: 1.934 hours, Δt:   1.52, CFL: 7.20e-01
i: 106600, t:   236192.3 s (5.29 periods), wall: 1.935 hours, Δt:   1.57, CFL: 7.20e-01
i: 106700, t:   236331.9 s (5.29 periods), wall: 1.937 hours, Δt:   1.36, CFL: 7.20e-01
i: 106800, t:   236467.5 s (5.30 periods), wall: 1.939 hours, Δt:   1.46, CFL: 7.20e-01
i: 106900, t:   236617.4 s (5.30 periods), wall: 1.941 hours, Δt:   1.61, CFL: 7.20e-01
i: 107000, t:   236757.6 s (5.30 periods), wall: 1.943 hours, Δt:   1.35, CFL: 7.20e-01
i: 107100, t:   236902.1 s (5.31 periods), wall: 1.944 hours, Δt:   1.38, CFL: 7.20e-01
i: 107200, t:   237042.9 s (5.31 periods), wall: 1.946 hours, Δt:   1.45, CFL: 7.20e-01
i: 107300, t:   237199.9 s (5.31 periods), wall: 1.948 hours, Δt:   1.66, CFL: 7.20e-01
i: 107400, t:   237364.4 s (5.32 periods), wall: 1.950 hours, Δt:   1.71, CFL: 7.20e-01
i: 107500, t:   237525.2 s (5.32 periods), wall: 1.952 hours, Δt:   1.66, CFL: 7.20e-01
i: 107600, t:   237694.7 s (5.32 periods), wall: 1.953 hours, Δt:   1.83, CFL: 7.20e-01
i: 107700, t:   237875.8 s (5.33 periods), wall: 1.955 hours, Δt:   1.88, CFL: 7.20e-01
i: 107800, t:   238049.7 s (5.33 periods), wall: 1.957 hours, Δt:   1.75, CFL: 7.20e-01
i: 107900, t:   238226.3 s (5.34 periods), wall: 1.959 hours, Δt:   1.82, CFL: 7.20e-01
i: 108000, t:   238406.9 s (5.34 periods), wall: 1.961 hours, Δt:   1.49, CFL: 7.20e-01
i: 108100, t:   238539.4 s (5.34 periods), wall: 1.962 hours, Δt:   1.74, CFL: 7.20e-01
i: 108200, t:   238710.7 s (5.35 periods), wall: 1.964 hours, Δt:   1.68, CFL: 7.20e-01
i: 108300, t:   238882.4 s (5.35 periods), wall: 1.966 hours, Δt:   1.84, CFL: 7.20e-01
i: 108400, t:   239060.7 s (5.36 periods), wall: 1.968 hours, Δt:   1.78, CFL: 7.20e-01
i: 108500, t:   239222.9 s (5.36 periods), wall: 1.970 hours, Δt:   1.49, CFL: 7.20e-01
i: 108600, t:   239391.8 s (5.36 periods), wall: 1.971 hours, Δt:   1.82, CFL: 7.20e-01
i: 108700, t:   239595.5 s (5.37 periods), wall: 1.973 hours, Δt:   2.08, CFL: 7.20e-01
i: 108800, t:   239807.2 s (5.37 periods), wall: 1.975 hours, Δt:   2.01, CFL: 7.20e-01
i: 108900, t:   240012.4 s (5.38 periods), wall: 1.977 hours, Δt:   2.40, CFL: 7.20e-01
i: 109000, t:   240229.5 s (5.38 periods), wall: 1.979 hours, Δt:   1.77, CFL: 7.20e-01
i: 109100, t:   240432.5 s (5.39 periods), wall: 1.980 hours, Δt:   2.05, CFL: 7.20e-01
i: 109200, t:   240643.7 s (5.39 periods), wall: 1.982 hours, Δt:   2.15, CFL: 7.20e-01
i: 109300, t:   240873.7 s (5.40 periods), wall: 1.984 hours, Δt:   2.20, CFL: 7.20e-01
i: 109400, t:   241076.4 s (5.40 periods), wall: 1.986 hours, Δt:   2.07, CFL: 7.20e-01
i: 109500, t:   241299.7 s (5.41 periods), wall: 1.988 hours, Δt:   2.24, CFL: 7.20e-01
i: 109600, t:   241524.8 s (5.41 periods), wall: 1.989 hours, Δt:   2.28, CFL: 7.20e-01
i: 109700, t:   241741.6 s (5.42 periods), wall: 1.991 hours, Δt:   2.32, CFL: 7.20e-01
i: 109800, t:   241965.1 s (5.42 periods), wall: 1.993 hours, Δt:   2.59, CFL: 7.20e-01
i: 109900, t:   242219.9 s (5.43 periods), wall: 1.995 hours, Δt:   2.72, CFL: 7.20e-01
i: 110000, t:   242512.8 s (5.43 periods), wall: 1.997 hours, Δt:   3.39, CFL: 7.20e-01
i: 110100, t:   242840.5 s (5.44 periods), wall: 1.999 hours, Δt:   2.82, CFL: 7.20e-01
i: 110200, t:   243151.6 s (5.45 periods), wall: 2.000 hours, Δt:   4.19, CFL: 7.20e-01
i: 110300, t:   243523.1 s (5.46 periods), wall: 2.002 hours, Δt:   2.99, CFL: 7.20e-01
i: 110400, t:   243903.6 s (5.46 periods), wall: 2.004 hours, Δt:   4.36, CFL: 7.20e-01
i: 110500, t:   244295.5 s (5.47 periods), wall: 2.006 hours, Δt:   3.78, CFL: 7.20e-01
i: 110600, t:   244662.2 s (5.48 periods), wall: 2.008 hours, Δt:   3.41, CFL: 7.20e-01
i: 110700, t:   244985.4 s (5.49 periods), wall: 2.009 hours, Δt:   3.50, CFL: 7.20e-01
i: 110800, t:   245377.7 s (5.50 periods), wall: 2.011 hours, Δt:   4.57, CFL: 7.20e-01
i: 110900, t:   245803.6 s (5.51 periods), wall: 2.013 hours, Δt:   4.17, CFL: 7.20e-01
i: 111000, t:   246260.9 s (5.52 periods), wall: 2.015 hours, Δt:   5.11, CFL: 7.20e-01
i: 111100, t:   246731.5 s (5.53 periods), wall: 2.017 hours, Δt:   4.92, CFL: 7.20e-01
i: 111200, t:   247194.5 s (5.54 periods), wall: 2.019 hours, Δt:   4.62, CFL: 7.20e-01
i: 111300, t:   247631.6 s (5.55 periods), wall: 2.020 hours, Δt:   3.83, CFL: 7.20e-01
i: 111400, t:   248009.0 s (5.56 periods), wall: 2.022 hours, Δt:   4.22, CFL: 7.20e-01
i: 111500, t:   248464.7 s (5.57 periods), wall: 2.024 hours, Δt:   3.98, CFL: 7.20e-01
i: 111600, t:   248841.7 s (5.57 periods), wall: 2.026 hours, Δt:   3.19, CFL: 7.20e-01
i: 111700, t:   249140.7 s (5.58 periods), wall: 2.028 hours, Δt:   3.63, CFL: 7.20e-01
i: 111800, t:   249469.4 s (5.59 periods), wall: 2.029 hours, Δt:   2.52, CFL: 7.20e-01
i: 111900, t:   249714.9 s (5.59 periods), wall: 2.031 hours, Δt:   2.80, CFL: 7.20e-01
i: 112000, t:   249957.0 s (5.60 periods), wall: 2.033 hours, Δt:   2.37, CFL: 7.20e-01
i: 112100, t:   250187.7 s (5.60 periods), wall: 2.035 hours, Δt:   2.56, CFL: 7.20e-01
i: 112200, t:   250413.0 s (5.61 periods), wall: 2.037 hours, Δt:   2.08, CFL: 7.20e-01
i: 112300, t:   250619.2 s (5.61 periods), wall: 2.038 hours, Δt:   1.84, CFL: 7.20e-01
i: 112400, t:   250831.7 s (5.62 periods), wall: 2.040 hours, Δt:   2.37, CFL: 7.20e-01
i: 112500, t:   251054.7 s (5.62 periods), wall: 2.042 hours, Δt:   1.93, CFL: 7.20e-01
i: 112600, t:   251221.8 s (5.63 periods), wall: 2.044 hours, Δt:   1.84, CFL: 7.20e-01
i: 112700, t:   251411.0 s (5.63 periods), wall: 2.046 hours, Δt:   1.94, CFL: 7.20e-01
i: 112800, t:   251599.0 s (5.64 periods), wall: 2.047 hours, Δt:   2.04, CFL: 7.20e-01
i: 112900, t:   251786.3 s (5.64 periods), wall: 2.049 hours, Δt:   1.83, CFL: 7.20e-01
i: 113000, t:   251974.5 s (5.64 periods), wall: 2.051 hours, Δt:   1.82, CFL: 7.20e-01
i: 113100, t:   252141.4 s (5.65 periods), wall: 2.053 hours, Δt:   1.41, CFL: 7.20e-01
i: 113200, t:   252287.8 s (5.65 periods), wall: 2.055 hours, Δt:   1.64, CFL: 7.20e-01
i: 113300, t:   252442.2 s (5.66 periods), wall: 2.056 hours, Δt:   1.44, CFL: 7.20e-01
i: 113400, t:   252610.5 s (5.66 periods), wall: 2.058 hours, Δt:   1.79, CFL: 7.20e-01
i: 113500, t:   252774.0 s (5.66 periods), wall: 2.060 hours, Δt:   1.55, CFL: 7.20e-01
i: 113600, t:   252934.5 s (5.67 periods), wall: 2.062 hours, Δt:   1.85, CFL: 7.20e-01
i: 113700, t:   253085.7 s (5.67 periods), wall: 2.064 hours, Δt:   1.26, CFL: 7.20e-01
i: 113800, t:   253241.1 s (5.67 periods), wall: 2.065 hours, Δt:   1.44, CFL: 7.20e-01
i: 113900, t:   253387.6 s (5.68 periods), wall: 2.067 hours, Δt:   1.26, CFL: 7.20e-01
i: 114000, t:   253523.2 s (5.68 periods), wall: 2.069 hours, Δt:   1.41, CFL: 7.20e-01
i: 114100, t:   253661.6 s (5.68 periods), wall: 2.071 hours, Δt:   1.71, CFL: 7.20e-01
i: 114200, t:   253819.0 s (5.69 periods), wall: 2.073 hours, Δt:   1.60, CFL: 7.20e-01
i: 114300, t:   253971.3 s (5.69 periods), wall: 2.074 hours, Δt:   1.49, CFL: 7.20e-01
i: 114400, t:   254126.6 s (5.69 periods), wall: 2.076 hours, Δt:   1.57, CFL: 7.20e-01
i: 114500, t:   254275.4 s (5.70 periods), wall: 2.078 hours, Δt:   1.51, CFL: 7.20e-01
i: 114600, t:   254421.2 s (5.70 periods), wall: 2.080 hours, Δt:   1.32, CFL: 7.20e-01
i: 114700, t:   254550.6 s (5.70 periods), wall: 2.082 hours, Δt:   1.46, CFL: 7.20e-01
i: 114800, t:   254707.0 s (5.71 periods), wall: 2.083 hours, Δt:   1.55, CFL: 7.20e-01
i: 114900, t:   254836.9 s (5.71 periods), wall: 2.085 hours, Δt:   1.23, CFL: 7.20e-01
i: 115000, t:   254979.6 s (5.71 periods), wall: 2.087 hours, Δt:   1.48, CFL: 7.20e-01
i: 115100, t:   255125.0 s (5.72 periods), wall: 2.089 hours, Δt:   1.33, CFL: 7.20e-01
i: 115200, t:   255261.8 s (5.72 periods), wall: 2.091 hours, Δt:   1.58, CFL: 7.20e-01
i: 115300, t:   255425.1 s (5.72 periods), wall: 2.092 hours, Δt:   1.60, CFL: 7.20e-01
i: 115400, t:   255573.0 s (5.73 periods), wall: 2.094 hours, Δt:   1.36, CFL: 7.20e-01
i: 115500, t:   255721.3 s (5.73 periods), wall: 2.096 hours, Δt:   1.34, CFL: 7.20e-01
i: 115600, t:   255862.3 s (5.73 periods), wall: 2.098 hours, Δt:   1.45, CFL: 7.20e-01
i: 115700, t:   256018.1 s (5.74 periods), wall: 2.100 hours, Δt:   1.44, CFL: 7.20e-01
i: 115800, t:   256151.0 s (5.74 periods), wall: 2.101 hours, Δt:   1.41, CFL: 7.20e-01
i: 115900, t:   256282.0 s (5.74 periods), wall: 2.103 hours, Δt:   1.35, CFL: 7.20e-01
i: 116000, t:   256402.3 s (5.74 periods), wall: 2.105 hours, Δt:   1.14, CFL: 7.20e-01
i: 116100, t:   256530.8 s (5.75 periods), wall: 2.107 hours, Δt:   1.36, CFL: 7.20e-01
i: 116200, t:   256653.4 s (5.75 periods), wall: 2.109 hours, Δt:   1.17, CFL: 7.20e-01
i: 116300, t:   256791.3 s (5.75 periods), wall: 2.110 hours, Δt:   1.38, CFL: 7.20e-01
i: 116400, t:   256930.2 s (5.76 periods), wall: 2.112 hours, Δt:   1.21, CFL: 7.20e-01
i: 116500, t:   257052.3 s (5.76 periods), wall: 2.114 hours, Δt:   1.27, CFL: 7.20e-01
i: 116600, t:   257199.1 s (5.76 periods), wall: 2.116 hours, Δt:   1.51, CFL: 7.20e-01
i: 116700, t:   257342.3 s (5.76 periods), wall: 2.118 hours, Δt:   1.56, CFL: 7.20e-01
i: 116800, t:   257488.5 s (5.77 periods), wall: 2.119 hours, Δt:   1.59, CFL: 7.20e-01
i: 116900, t:   257623.3 s (5.77 periods), wall: 2.121 hours, Δt:   1.48, CFL: 7.20e-01
i: 117000, t:   257771.2 s (5.77 periods), wall: 2.123 hours, Δt:   1.58, CFL: 7.20e-01
i: 117100, t:   257893.2 s (5.78 periods), wall: 2.125 hours, Δt:   1.28, CFL: 7.20e-01
i: 117200, t:   258046.7 s (5.78 periods), wall: 2.127 hours, Δt:   1.60, CFL: 7.20e-01
i: 117300, t:   258200.7 s (5.78 periods), wall: 2.128 hours, Δt:   1.46, CFL: 7.20e-01
i: 117400, t:   258348.8 s (5.79 periods), wall: 2.130 hours, Δt:   1.19, CFL: 7.20e-01
i: 117500, t:   258493.0 s (5.79 periods), wall: 2.132 hours, Δt:   1.59, CFL: 7.20e-01
i: 117600, t:   258641.6 s (5.79 periods), wall: 2.134 hours, Δt:   1.36, CFL: 7.20e-01
i: 117700, t:   258788.9 s (5.80 periods), wall: 2.136 hours, Δt:   1.36, CFL: 7.20e-01
i: 117800, t:   258929.7 s (5.80 periods), wall: 2.137 hours, Δt:   1.64, CFL: 7.20e-01
i: 117900, t:   259083.3 s (5.80 periods), wall: 2.139 hours, Δt:   1.64, CFL: 7.20e-01
i: 118000, t:   259231.7 s (5.81 periods), wall: 2.141 hours, Δt:   1.54, CFL: 7.20e-01
i: 118100, t:   259364.9 s (5.81 periods), wall: 2.143 hours, Δt:   1.37, CFL: 7.20e-01
i: 118200, t:   259518.0 s (5.81 periods), wall: 2.145 hours, Δt:   1.49, CFL: 7.20e-01
i: 118300, t:   259666.3 s (5.82 periods), wall: 2.146 hours, Δt:   1.59, CFL: 7.20e-01
i: 118400, t:   259833.9 s (5.82 periods), wall: 2.148 hours, Δt:   1.61, CFL: 7.20e-01
i: 118500, t:   259998.2 s (5.82 periods), wall: 2.150 hours, Δt:   1.62, CFL: 7.20e-01
i: 118600, t:   260163.8 s (5.83 periods), wall: 2.152 hours, Δt:   1.59, CFL: 7.20e-01
i: 118700, t:   260317.8 s (5.83 periods), wall: 2.154 hours, Δt:   1.38, CFL: 7.20e-01
i: 118800, t:   260467.8 s (5.83 periods), wall: 2.155 hours, Δt:   1.73, CFL: 7.20e-01
i: 118900, t:   260618.1 s (5.84 periods), wall: 2.157 hours, Δt:   1.37, CFL: 7.20e-01
i: 119000, t:   260749.3 s (5.84 periods), wall: 2.159 hours, Δt:   1.55, CFL: 7.20e-01
i: 119100, t:   260911.5 s (5.84 periods), wall: 2.161 hours, Δt:   1.68, CFL: 7.20e-01
i: 119200, t:   261095.2 s (5.85 periods), wall: 2.163 hours, Δt:   2.07, CFL: 7.20e-01
i: 119300, t:   261262.9 s (5.85 periods), wall: 2.164 hours, Δt:   1.45, CFL: 7.20e-01
i: 119400, t:   261425.9 s (5.86 periods), wall: 2.166 hours, Δt:   1.62, CFL: 7.20e-01
i: 119500, t:   261601.3 s (5.86 periods), wall: 2.168 hours, Δt:   1.97, CFL: 7.20e-01
i: 119600, t:   261802.1 s (5.86 periods), wall: 2.170 hours, Δt:   1.77, CFL: 7.20e-01
i: 119700, t:   261994.5 s (5.87 periods), wall: 2.172 hours, Δt:   1.98, CFL: 7.20e-01
i: 119800, t:   262174.8 s (5.87 periods), wall: 2.173 hours, Δt:   2.08, CFL: 7.20e-01
i: 119900, t:   262372.7 s (5.88 periods), wall: 2.175 hours, Δt:   1.82, CFL: 7.20e-01
i: 120000, t:   262565.5 s (5.88 periods), wall: 2.177 hours, Δt:   2.18, CFL: 7.20e-01
i: 120100, t:   262784.8 s (5.89 periods), wall: 2.179 hours, Δt:   2.34, CFL: 7.20e-01
i: 120200, t:   263011.4 s (5.89 periods), wall: 2.181 hours, Δt:   2.45, CFL: 7.20e-01
i: 120300, t:   263224.1 s (5.90 periods), wall: 2.182 hours, Δt:   2.31, CFL: 7.20e-01
i: 120400, t:   263452.3 s (5.90 periods), wall: 2.184 hours, Δt:   2.35, CFL: 7.20e-01
i: 120500, t:   263695.5 s (5.91 periods), wall: 2.186 hours, Δt:   2.52, CFL: 7.20e-01
i: 120600, t:   263939.5 s (5.91 periods), wall: 2.188 hours, Δt:   2.50, CFL: 7.20e-01
i: 120700, t:   264222.1 s (5.92 periods), wall: 2.190 hours, Δt:   2.76, CFL: 7.20e-01
i: 120800, t:   264490.2 s (5.92 periods), wall: 2.191 hours, Δt:   2.42, CFL: 7.20e-01
i: 120900, t:   264758.5 s (5.93 periods), wall: 2.193 hours, Δt:   2.50, CFL: 7.20e-01
i: 121000, t:   265022.0 s (5.94 periods), wall: 2.195 hours, Δt:   2.64, CFL: 7.20e-01
i: 121100, t:   265299.6 s (5.94 periods), wall: 2.197 hours, Δt:   3.00, CFL: 7.20e-01
i: 121200, t:   265610.9 s (5.95 periods), wall: 2.199 hours, Δt:   2.85, CFL: 7.20e-01
i: 121300, t:   265956.8 s (5.96 periods), wall: 2.201 hours, Δt:   3.65, CFL: 7.20e-01
i: 121400, t:   266301.8 s (5.97 periods), wall: 2.202 hours, Δt:   2.72, CFL: 7.20e-01
i: 121500, t:   266620.7 s (5.97 periods), wall: 2.204 hours, Δt:   3.62, CFL: 7.20e-01
i: 121600, t:   267021.1 s (5.98 periods), wall: 2.206 hours, Δt:   4.53, CFL: 7.20e-01
i: 121700, t:   267581.0 s (5.99 periods), wall: 2.208 hours, Δt:   5.46, CFL: 7.20e-01
i: 121800, t:   268129.6 s (6.01 periods), wall: 2.210 hours, Δt:   4.53, CFL: 7.20e-01
i: 121900, t:   268612.3 s (6.02 periods), wall: 2.212 hours, Δt:   4.73, CFL: 7.20e-01
i: 122000, t:   269112.9 s (6.03 periods), wall: 2.213 hours, Δt:   4.95, CFL: 7.20e-01
i: 122100, t:   269573.4 s (6.04 periods), wall: 2.215 hours, Δt:   4.49, CFL: 7.20e-01
i: 122200, t:   270042.9 s (6.05 periods), wall: 2.217 hours, Δt:   4.45, CFL: 7.20e-01
i: 122300, t:   270514.3 s (6.06 periods), wall: 2.219 hours, Δt:   4.64, CFL: 7.20e-01
i: 122400, t:   270940.4 s (6.07 periods), wall: 2.221 hours, Δt:   4.01, CFL: 7.20e-01
i: 122500, t:   271301.5 s (6.08 periods), wall: 2.222 hours, Δt:   3.40, CFL: 7.20e-01
i: 122600, t:   271674.5 s (6.09 periods), wall: 2.224 hours, Δt:   2.59, CFL: 7.20e-01
i: 122700, t:   271917.4 s (6.09 periods), wall: 2.226 hours, Δt:   2.84, CFL: 7.20e-01
i: 122800, t:   272175.7 s (6.10 periods), wall: 2.228 hours, Δt:   2.90, CFL: 7.20e-01
i: 122900, t:   272453.2 s (6.10 periods), wall: 2.230 hours, Δt:   2.71, CFL: 7.20e-01
i: 123000, t:   272728.5 s (6.11 periods), wall: 2.231 hours, Δt:   2.62, CFL: 7.20e-01
i: 123100, t:   272967.3 s (6.11 periods), wall: 2.233 hours, Δt:   2.04, CFL: 7.20e-01
i: 123200, t:   273169.4 s (6.12 periods), wall: 2.235 hours, Δt:   2.49, CFL: 7.20e-01
i: 123300, t:   273378.3 s (6.12 periods), wall: 2.237 hours, Δt:   1.87, CFL: 7.20e-01
i: 123400, t:   273570.6 s (6.13 periods), wall: 2.239 hours, Δt:   1.74, CFL: 7.20e-01
i: 123500, t:   273766.7 s (6.13 periods), wall: 2.241 hours, Δt:   2.01, CFL: 7.20e-01
i: 123600, t:   273956.7 s (6.14 periods), wall: 2.242 hours, Δt:   1.92, CFL: 7.20e-01
i: 123700, t:   274138.8 s (6.14 periods), wall: 2.244 hours, Δt:   1.83, CFL: 7.20e-01
i: 123800, t:   274324.5 s (6.15 periods), wall: 2.246 hours, Δt:   1.65, CFL: 7.20e-01
i: 123900, t:   274483.0 s (6.15 periods), wall: 2.248 hours, Δt:   1.42, CFL: 7.20e-01
i: 124000, t:   274655.3 s (6.15 periods), wall: 2.250 hours, Δt:   1.78, CFL: 7.20e-01
i: 124100, t:   274842.2 s (6.16 periods), wall: 2.251 hours, Δt:   1.72, CFL: 7.20e-01
i: 124200, t:   275009.5 s (6.16 periods), wall: 2.253 hours, Δt:   1.71, CFL: 7.20e-01
i: 124300, t:   275156.6 s (6.16 periods), wall: 2.255 hours, Δt:   1.47, CFL: 7.20e-01
i: 124400, t:   275324.0 s (6.17 periods), wall: 2.257 hours, Δt:   1.63, CFL: 7.20e-01
i: 124500, t:   275491.7 s (6.17 periods), wall: 2.259 hours, Δt:   1.66, CFL: 7.20e-01
i: 124600, t:   275668.3 s (6.18 periods), wall: 2.260 hours, Δt:   1.78, CFL: 7.20e-01
i: 124700, t:   275823.3 s (6.18 periods), wall: 2.262 hours, Δt:   1.55, CFL: 7.20e-01
i: 124800, t:   275993.6 s (6.18 periods), wall: 2.264 hours, Δt:   1.51, CFL: 7.20e-01
i: 124900, t:   276148.4 s (6.19 periods), wall: 2.266 hours, Δt:   1.31, CFL: 7.20e-01
i: 125000, t:   276284.1 s (6.19 periods), wall: 2.268 hours, Δt:   1.66, CFL: 7.20e-01
i: 125100, t:   276437.9 s (6.19 periods), wall: 2.269 hours, Δt:   1.53, CFL: 7.20e-01
i: 125200, t:   276579.6 s (6.20 periods), wall: 2.271 hours, Δt:   1.36, CFL: 7.20e-01
i: 125300, t:   276733.2 s (6.20 periods), wall: 2.273 hours, Δt:   1.50, CFL: 7.20e-01
i: 125400, t:   276867.0 s (6.20 periods), wall: 2.275 hours, Δt:   1.39, CFL: 7.20e-01
i: 125500, t:   277011.0 s (6.21 periods), wall: 2.277 hours, Δt:   1.46, CFL: 7.20e-01
i: 125600, t:   277163.9 s (6.21 periods), wall: 2.278 hours, Δt:   1.54, CFL: 7.20e-01
i: 125700, t:   277327.1 s (6.21 periods), wall: 2.280 hours, Δt:   1.72, CFL: 7.20e-01
i: 125800, t:   277463.8 s (6.22 periods), wall: 2.282 hours, Δt:   1.30, CFL: 7.20e-01
i: 125900, t:   277604.3 s (6.22 periods), wall: 2.284 hours, Δt:   1.52, CFL: 7.20e-01
i: 126000, t:   277743.8 s (6.22 periods), wall: 2.286 hours, Δt:   1.39, CFL: 7.20e-01
i: 126100, t:   277896.5 s (6.23 periods), wall: 2.287 hours, Δt:   1.53, CFL: 7.20e-01
i: 126200, t:   278046.2 s (6.23 periods), wall: 2.289 hours, Δt:   1.48, CFL: 7.20e-01
i: 126300, t:   278185.6 s (6.23 periods), wall: 2.291 hours, Δt:   1.28, CFL: 7.20e-01
i: 126400, t:   278327.6 s (6.23 periods), wall: 2.293 hours, Δt:   1.27, CFL: 7.20e-01
i: 126500, t:   278475.0 s (6.24 periods), wall: 2.295 hours, Δt:   1.62, CFL: 7.20e-01
i: 126600, t:   278626.4 s (6.24 periods), wall: 2.296 hours, Δt:   1.64, CFL: 7.20e-01
i: 126700, t:   278761.8 s (6.24 periods), wall: 2.298 hours, Δt:   1.36, CFL: 7.20e-01
i: 126800, t:   278908.2 s (6.25 periods), wall: 2.300 hours, Δt:   1.29, CFL: 7.20e-01
i: 126900, t:   279056.0 s (6.25 periods), wall: 2.302 hours, Δt:   1.56, CFL: 7.20e-01
i: 127000, t:   279198.6 s (6.25 periods), wall: 2.304 hours, Δt:   1.40, CFL: 7.20e-01
i: 127100, t:   279342.1 s (6.26 periods), wall: 2.305 hours, Δt:   1.49, CFL: 7.20e-01
i: 127200, t:   279486.4 s (6.26 periods), wall: 2.307 hours, Δt:   1.35, CFL: 7.20e-01
i: 127300, t:   279617.5 s (6.26 periods), wall: 2.309 hours, Δt:   1.59, CFL: 7.20e-01
i: 127400, t:   279766.7 s (6.27 periods), wall: 2.311 hours, Δt:   1.38, CFL: 7.20e-01
i: 127500, t:   279917.0 s (6.27 periods), wall: 2.313 hours, Δt:   1.55, CFL: 7.20e-01
i: 127600, t:   280077.1 s (6.27 periods), wall: 2.314 hours, Δt:   1.69, CFL: 7.20e-01
i: 127700, t:   280226.3 s (6.28 periods), wall: 2.316 hours, Δt:   1.70, CFL: 7.20e-01
i: 127800, t:   280366.7 s (6.28 periods), wall: 2.318 hours, Δt:   1.15, CFL: 7.20e-01
i: 127900, t:   280507.3 s (6.28 periods), wall: 2.320 hours, Δt:   1.63, CFL: 7.20e-01
i: 128000, t:   280666.5 s (6.29 periods), wall: 2.322 hours, Δt:   1.22, CFL: 7.20e-01
i: 128100, t:   280796.2 s (6.29 periods), wall: 2.323 hours, Δt:   1.30, CFL: 7.20e-01
i: 128200, t:   280933.6 s (6.29 periods), wall: 2.325 hours, Δt:   1.28, CFL: 7.20e-01
i: 128300, t:   281073.5 s (6.30 periods), wall: 2.327 hours, Δt:   1.56, CFL: 7.20e-01
i: 128400, t:   281220.5 s (6.30 periods), wall: 2.329 hours, Δt:   1.52, CFL: 7.20e-01
i: 128500, t:   281384.4 s (6.30 periods), wall: 2.330 hours, Δt:   1.62, CFL: 7.20e-01
i: 128600, t:   281546.2 s (6.31 periods), wall: 2.332 hours, Δt:   1.62, CFL: 7.20e-01
i: 128700, t:   281701.1 s (6.31 periods), wall: 2.334 hours, Δt:   1.73, CFL: 7.20e-01
i: 128800, t:   281850.2 s (6.31 periods), wall: 2.336 hours, Δt:   1.40, CFL: 7.20e-01
i: 128900, t:   281996.5 s (6.32 periods), wall: 2.338 hours, Δt:   1.38, CFL: 7.20e-01
i: 129000, t:   282123.9 s (6.32 periods), wall: 2.339 hours, Δt:   1.48, CFL: 7.20e-01
i: 129100, t:   282258.2 s (6.32 periods), wall: 2.341 hours, Δt:   1.24, CFL: 7.20e-01
i: 129200, t:   282396.0 s (6.33 periods), wall: 2.343 hours, Δt:   1.38, CFL: 7.20e-01
i: 129300, t:   282557.2 s (6.33 periods), wall: 2.345 hours, Δt:   1.55, CFL: 7.20e-01
i: 129400, t:   282719.1 s (6.33 periods), wall: 2.347 hours, Δt:   1.50, CFL: 7.20e-01
i: 129500, t:   282884.0 s (6.34 periods), wall: 2.348 hours, Δt:   1.48, CFL: 7.20e-01
i: 129600, t:   283040.6 s (6.34 periods), wall: 2.350 hours, Δt:   1.60, CFL: 7.20e-01
i: 129700, t:   283212.1 s (6.34 periods), wall: 2.352 hours, Δt:   1.66, CFL: 7.20e-01
i: 129800, t:   283372.4 s (6.35 periods), wall: 2.354 hours, Δt:   1.71, CFL: 7.20e-01
i: 129900, t:   283543.3 s (6.35 periods), wall: 2.356 hours, Δt:   1.87, CFL: 7.20e-01
i: 130000, t:   283710.0 s (6.36 periods), wall: 2.358 hours, Δt:   1.39, CFL: 7.20e-01
i: 130100, t:   283867.3 s (6.36 periods), wall: 2.359 hours, Δt:   1.64, CFL: 7.20e-01
i: 130200, t:   284035.4 s (6.36 periods), wall: 2.361 hours, Δt:   1.56, CFL: 7.20e-01
i: 130300, t:   284190.6 s (6.37 periods), wall: 2.363 hours, Δt:   1.62, CFL: 7.20e-01
i: 130400, t:   284371.6 s (6.37 periods), wall: 2.365 hours, Δt:   1.84, CFL: 7.20e-01
i: 130500, t:   284532.5 s (6.37 periods), wall: 2.367 hours, Δt:   1.91, CFL: 7.20e-01
i: 130600, t:   284684.5 s (6.38 periods), wall: 2.368 hours, Δt:   1.34, CFL: 7.20e-01
i: 130700, t:   284847.3 s (6.38 periods), wall: 2.370 hours, Δt:   1.85, CFL: 7.20e-01
i: 130800, t:   285033.7 s (6.39 periods), wall: 2.372 hours, Δt:   1.83, CFL: 7.20e-01
i: 130900, t:   285232.7 s (6.39 periods), wall: 2.374 hours, Δt:   1.82, CFL: 7.20e-01
i: 131000, t:   285411.3 s (6.39 periods), wall: 2.376 hours, Δt:   1.96, CFL: 7.20e-01
i: 131100, t:   285611.1 s (6.40 periods), wall: 2.377 hours, Δt:   2.27, CFL: 7.20e-01
i: 131200, t:   285829.5 s (6.40 periods), wall: 2.379 hours, Δt:   2.12, CFL: 7.20e-01
i: 131300, t:   286060.5 s (6.41 periods), wall: 2.381 hours, Δt:   2.25, CFL: 7.20e-01
i: 131400, t:   286302.1 s (6.41 periods), wall: 2.383 hours, Δt:   2.70, CFL: 7.20e-01
i: 131500, t:   286570.2 s (6.42 periods), wall: 2.385 hours, Δt:   2.93, CFL: 7.20e-01
i: 131600, t:   286840.8 s (6.43 periods), wall: 2.386 hours, Δt:   2.91, CFL: 7.20e-01
i: 131700, t:   287130.4 s (6.43 periods), wall: 2.388 hours, Δt:   2.86, CFL: 7.20e-01
i: 131800, t:   287440.0 s (6.44 periods), wall: 2.390 hours, Δt:   3.47, CFL: 7.20e-01
i: 131900, t:   287748.2 s (6.45 periods), wall: 2.392 hours, Δt:   3.30, CFL: 7.20e-01
i: 132000, t:   288076.7 s (6.45 periods), wall: 2.394 hours, Δt:   3.52, CFL: 7.20e-01
i: 132100, t:   288448.7 s (6.46 periods), wall: 2.395 hours, Δt:   3.98, CFL: 7.20e-01
i: 132200, t:   288873.5 s (6.47 periods), wall: 2.397 hours, Δt:   4.55, CFL: 7.20e-01
i: 132300, t:   289356.6 s (6.48 periods), wall: 2.399 hours, Δt:   4.21, CFL: 7.20e-01
i: 132400, t:   289848.2 s (6.49 periods), wall: 2.401 hours, Δt:   6.10, CFL: 7.20e-01
i: 132500, t:   290333.9 s (6.50 periods), wall: 2.403 hours, Δt:   4.45, CFL: 7.20e-01
i: 132600, t:   290792.8 s (6.51 periods), wall: 2.405 hours, Δt:   5.29, CFL: 7.20e-01
i: 132700, t:   291320.6 s (6.53 periods), wall: 2.406 hours, Δt:   5.43, CFL: 7.20e-01
i: 132800, t:   291839.5 s (6.54 periods), wall: 2.408 hours, Δt:   4.56, CFL: 7.20e-01
i: 132900, t:   292308.1 s (6.55 periods), wall: 2.410 hours, Δt:   4.36, CFL: 7.20e-01
i: 133000, t:   292777.9 s (6.56 periods), wall: 2.412 hours, Δt:   4.37, CFL: 7.20e-01
i: 133100, t:   293146.9 s (6.57 periods), wall: 2.414 hours, Δt:   3.42, CFL: 7.20e-01
i: 133200, t:   293501.2 s (6.57 periods), wall: 2.415 hours, Δt:   3.84, CFL: 7.20e-01
i: 133300, t:   293843.4 s (6.58 periods), wall: 2.417 hours, Δt:   3.36, CFL: 7.20e-01
i: 133400, t:   294174.8 s (6.59 periods), wall: 2.419 hours, Δt:   2.81, CFL: 7.20e-01
i: 133500, t:   294429.6 s (6.60 periods), wall: 2.421 hours, Δt:   2.67, CFL: 7.20e-01
i: 133600, t:   294690.0 s (6.60 periods), wall: 2.423 hours, Δt:   2.54, CFL: 7.20e-01
i: 133700, t:   294917.5 s (6.61 periods), wall: 2.425 hours, Δt:   2.45, CFL: 7.20e-01
i: 133800, t:   295131.1 s (6.61 periods), wall: 2.426 hours, Δt:   1.89, CFL: 7.20e-01
i: 133900, t:   295341.5 s (6.62 periods), wall: 2.428 hours, Δt:   2.22, CFL: 7.20e-01
i: 134000, t:   295564.7 s (6.62 periods), wall: 2.430 hours, Δt:   1.74, CFL: 7.20e-01
i: 134100, t:   295735.5 s (6.62 periods), wall: 2.432 hours, Δt:   1.89, CFL: 7.20e-01
i: 134200, t:   295909.1 s (6.63 periods), wall: 2.434 hours, Δt:   1.72, CFL: 7.20e-01
i: 134300, t:   296087.6 s (6.63 periods), wall: 2.435 hours, Δt:   1.79, CFL: 7.20e-01
i: 134400, t:   296265.4 s (6.64 periods), wall: 2.437 hours, Δt:   1.82, CFL: 7.20e-01
i: 134500, t:   296439.2 s (6.64 periods), wall: 2.439 hours, Δt:   1.57, CFL: 7.20e-01
i: 134600, t:   296595.1 s (6.64 periods), wall: 2.441 hours, Δt:   1.73, CFL: 7.20e-01
i: 134700, t:   296755.5 s (6.65 periods), wall: 2.443 hours, Δt:   1.60, CFL: 7.20e-01
i: 134800, t:   296920.6 s (6.65 periods), wall: 2.444 hours, Δt:   1.62, CFL: 7.20e-01
i: 134900, t:   297079.2 s (6.66 periods), wall: 2.446 hours, Δt:   1.83, CFL: 7.20e-01
i: 135000, t:   297252.0 s (6.66 periods), wall: 2.448 hours, Δt:   1.70, CFL: 7.20e-01
i: 135100, t:   297423.9 s (6.66 periods), wall: 2.450 hours, Δt:   1.69, CFL: 7.20e-01
i: 135200, t:   297592.9 s (6.67 periods), wall: 2.452 hours, Δt:   1.77, CFL: 7.20e-01
i: 135300, t:   297763.4 s (6.67 periods), wall: 2.453 hours, Δt:   1.64, CFL: 7.20e-01
i: 135400, t:   297925.3 s (6.67 periods), wall: 2.455 hours, Δt:   1.72, CFL: 7.20e-01
i: 135500, t:   298091.8 s (6.68 periods), wall: 2.457 hours, Δt:   1.63, CFL: 7.20e-01
i: 135600, t:   298242.9 s (6.68 periods), wall: 2.459 hours, Δt:   1.51, CFL: 7.20e-01
i: 135700, t:   298393.5 s (6.68 periods), wall: 2.461 hours, Δt:   1.51, CFL: 7.20e-01
i: 135800, t:   298548.5 s (6.69 periods), wall: 2.462 hours, Δt:   1.51, CFL: 7.20e-01
i: 135900, t:   298684.0 s (6.69 periods), wall: 2.464 hours, Δt:   1.40, CFL: 7.20e-01
i: 136000, t:   298827.8 s (6.69 periods), wall: 2.466 hours, Δt:   1.23, CFL: 7.20e-01
i: 136100, t:   298958.4 s (6.70 periods), wall: 2.468 hours, Δt:   1.43, CFL: 7.20e-01
i: 136200, t:   299100.6 s (6.70 periods), wall: 2.470 hours, Δt:   1.48, CFL: 7.20e-01
i: 136300, t:   299232.3 s (6.70 periods), wall: 2.471 hours, Δt:   1.45, CFL: 7.20e-01
i: 136400, t:   299387.7 s (6.71 periods), wall: 2.473 hours, Δt:   1.33, CFL: 7.20e-01
i: 136500, t:   299515.0 s (6.71 periods), wall: 2.475 hours, Δt:   1.27, CFL: 7.20e-01
i: 136600, t:   299643.1 s (6.71 periods), wall: 2.477 hours, Δt:   1.13, CFL: 7.20e-01
i: 136700, t:   299784.7 s (6.72 periods), wall: 2.479 hours, Δt:   1.38, CFL: 7.20e-01
i: 136800, t:   299925.5 s (6.72 periods), wall: 2.480 hours, Δt:   1.36, CFL: 7.20e-01
i: 136900, t:   300070.8 s (6.72 periods), wall: 2.482 hours, Δt:   1.45, CFL: 7.20e-01
i: 137000, t:   300219.7 s (6.73 periods), wall: 2.484 hours, Δt:   1.65, CFL: 7.20e-01
i: 137100, t:   300371.4 s (6.73 periods), wall: 2.486 hours, Δt:   1.41, CFL: 7.20e-01
i: 137200, t:   300509.2 s (6.73 periods), wall: 2.488 hours, Δt:   1.36, CFL: 7.20e-01
i: 137300, t:   300642.3 s (6.73 periods), wall: 2.489 hours, Δt:   1.20, CFL: 7.20e-01
i: 137400, t:   300766.7 s (6.74 periods), wall: 2.491 hours, Δt:   1.40, CFL: 7.20e-01
i: 137500, t:   300894.3 s (6.74 periods), wall: 2.493 hours, Δt:   1.43, CFL: 7.20e-01
i: 137600, t:   301030.2 s (6.74 periods), wall: 2.495 hours, Δt:   1.40, CFL: 7.20e-01
i: 137700, t:   301166.1 s (6.75 periods), wall: 2.497 hours, Δt:   1.56, CFL: 7.20e-01
i: 137800, t:   301314.2 s (6.75 periods), wall: 2.498 hours, Δt:   1.32, CFL: 7.20e-01
i: 137900, t:   301455.9 s (6.75 periods), wall: 2.500 hours, Δt:   1.51, CFL: 7.20e-01
i: 138000, t:   301596.9 s (6.76 periods), wall: 2.502 hours, Δt:   1.45, CFL: 7.20e-01
i: 138100, t:   301731.0 s (6.76 periods), wall: 2.504 hours, Δt:   1.31, CFL: 7.20e-01
i: 138200, t:   301861.1 s (6.76 periods), wall: 2.506 hours, Δt:   1.23, CFL: 7.20e-01
i: 138300, t:   302001.7 s (6.77 periods), wall: 2.507 hours, Δt:   1.32, CFL: 7.20e-01
i: 138400, t:   302129.1 s (6.77 periods), wall: 2.509 hours, Δt:   1.35, CFL: 7.20e-01
i: 138500, t:   302264.8 s (6.77 periods), wall: 2.511 hours, Δt:   1.48, CFL: 7.20e-01
i: 138600, t:   302401.3 s (6.77 periods), wall: 2.513 hours, Δt:   1.36, CFL: 7.20e-01
i: 138700, t:   302533.7 s (6.78 periods), wall: 2.515 hours, Δt:   1.25, CFL: 7.20e-01
i: 138800, t:   302651.8 s (6.78 periods), wall: 2.516 hours, Δt:   1.49, CFL: 7.20e-01
i: 138900, t:   302783.7 s (6.78 periods), wall: 2.518 hours, Δt:   1.40, CFL: 7.20e-01
i: 139000, t:   302927.9 s (6.79 periods), wall: 2.520 hours, Δt:   1.54, CFL: 7.20e-01
i: 139100, t:   303078.4 s (6.79 periods), wall: 2.522 hours, Δt:   1.54, CFL: 7.20e-01
i: 139200, t:   303217.8 s (6.79 periods), wall: 2.524 hours, Δt:   1.33, CFL: 7.20e-01
i: 139300, t:   303351.3 s (6.80 periods), wall: 2.525 hours, Δt:   1.36, CFL: 7.20e-01
i: 139400, t:   303499.6 s (6.80 periods), wall: 2.527 hours, Δt:   1.46, CFL: 7.20e-01
i: 139500, t:   303652.2 s (6.80 periods), wall: 2.529 hours, Δt:   1.49, CFL: 7.20e-01
i: 139600, t:   303803.7 s (6.81 periods), wall: 2.531 hours, Δt:   1.38, CFL: 7.20e-01
i: 139700, t:   303946.5 s (6.81 periods), wall: 2.533 hours, Δt:   1.55, CFL: 7.20e-01
i: 139800, t:   304104.1 s (6.81 periods), wall: 2.534 hours, Δt:   1.57, CFL: 7.20e-01
i: 139900, t:   304255.7 s (6.82 periods), wall: 2.536 hours, Δt:   1.63, CFL: 7.20e-01
i: 140000, t:   304420.3 s (6.82 periods), wall: 2.538 hours, Δt:   1.64, CFL: 7.20e-01
i: 140100, t:   304574.9 s (6.82 periods), wall: 2.540 hours, Δt:   1.70, CFL: 7.20e-01
i: 140200, t:   304735.6 s (6.83 periods), wall: 2.542 hours, Δt:   1.56, CFL: 7.20e-01
i: 140300, t:   304879.9 s (6.83 periods), wall: 2.543 hours, Δt:   1.42, CFL: 7.20e-01
i: 140400, t:   305049.2 s (6.83 periods), wall: 2.545 hours, Δt:   1.76, CFL: 7.20e-01
i: 140500, t:   305225.8 s (6.84 periods), wall: 2.547 hours, Δt:   1.75, CFL: 7.20e-01
i: 140600, t:   305382.5 s (6.84 periods), wall: 2.549 hours, Δt:   1.27, CFL: 7.20e-01
i: 140700, t:   305536.7 s (6.84 periods), wall: 2.551 hours, Δt:   1.59, CFL: 7.20e-01
i: 140800, t:   305695.2 s (6.85 periods), wall: 2.552 hours, Δt:   1.57, CFL: 7.20e-01
i: 140900, t:   305859.6 s (6.85 periods), wall: 2.554 hours, Δt:   1.89, CFL: 7.20e-01
i: 141000, t:   306033.8 s (6.86 periods), wall: 2.556 hours, Δt:   1.76, CFL: 7.20e-01
i: 141100, t:   306212.9 s (6.86 periods), wall: 2.558 hours, Δt:   1.96, CFL: 7.20e-01
i: 141200, t:   306406.6 s (6.86 periods), wall: 2.560 hours, Δt:   1.61, CFL: 7.20e-01
i: 141300, t:   306569.3 s (6.87 periods), wall: 2.561 hours, Δt:   1.68, CFL: 7.20e-01
i: 141400, t:   306741.1 s (6.87 periods), wall: 2.563 hours, Δt:   2.01, CFL: 7.20e-01
i: 141500, t:   306954.0 s (6.88 periods), wall: 2.565 hours, Δt:   2.30, CFL: 7.20e-01
i: 141600, t:   307153.3 s (6.88 periods), wall: 2.567 hours, Δt:   2.00, CFL: 7.20e-01
i: 141700, t:   307360.7 s (6.89 periods), wall: 2.569 hours, Δt:   1.78, CFL: 7.20e-01
i: 141800, t:   307547.6 s (6.89 periods), wall: 2.570 hours, Δt:   1.94, CFL: 7.20e-01
i: 141900, t:   307762.5 s (6.89 periods), wall: 2.572 hours, Δt:   2.53, CFL: 7.20e-01
i: 142000, t:   307983.2 s (6.90 periods), wall: 2.574 hours, Δt:   2.19, CFL: 7.20e-01
i: 142100, t:   308213.7 s (6.90 periods), wall: 2.576 hours, Δt:   2.02, CFL: 7.20e-01
i: 142200, t:   308417.2 s (6.91 periods), wall: 2.578 hours, Δt:   2.15, CFL: 7.20e-01
i: 142300, t:   308628.1 s (6.91 periods), wall: 2.579 hours, Δt:   2.39, CFL: 7.20e-01
i: 142400, t:   308870.7 s (6.92 periods), wall: 2.581 hours, Δt:   2.80, CFL: 7.20e-01
i: 142500, t:   309152.4 s (6.93 periods), wall: 2.583 hours, Δt:   2.59, CFL: 7.20e-01
i: 142600, t:   309436.0 s (6.93 periods), wall: 2.585 hours, Δt:   2.75, CFL: 7.20e-01
i: 142700, t:   309746.9 s (6.94 periods), wall: 2.587 hours, Δt:   3.04, CFL: 7.20e-01
i: 142800, t:   310097.3 s (6.95 periods), wall: 2.588 hours, Δt:   3.91, CFL: 7.20e-01
i: 142900, t:   310498.1 s (6.96 periods), wall: 2.590 hours, Δt:   4.50, CFL: 7.20e-01
i: 143000, t:   310934.5 s (6.97 periods), wall: 2.592 hours, Δt:   4.17, CFL: 7.20e-01
i: 143100, t:   311316.9 s (6.97 periods), wall: 2.594 hours, Δt:   4.00, CFL: 7.20e-01
i: 143200, t:   311745.6 s (6.98 periods), wall: 2.596 hours, Δt:   4.48, CFL: 7.20e-01
i: 143300, t:   312143.4 s (6.99 periods), wall: 2.598 hours, Δt:   3.30, CFL: 7.20e-01
i: 143400, t:   312538.5 s (7.00 periods), wall: 2.599 hours, Δt:   5.36, CFL: 7.20e-01
i: 143500, t:   313048.1 s (7.01 periods), wall: 2.601 hours, Δt:   5.45, CFL: 7.20e-01
i: 143600, t:   313587.3 s (7.02 periods), wall: 2.603 hours, Δt:   5.02, CFL: 7.20e-01
i: 143700, t:   314112.7 s (7.04 periods), wall: 2.605 hours, Δt:   5.52, CFL: 7.20e-01
i: 143800, t:   314626.5 s (7.05 periods), wall: 2.607 hours, Δt:   4.47, CFL: 7.20e-01
i: 143900, t:   315049.6 s (7.06 periods), wall: 2.609 hours, Δt:   3.83, CFL: 7.20e-01
i: 144000, t:   315398.4 s (7.07 periods), wall: 2.610 hours, Δt:   3.45, CFL: 7.20e-01
i: 144100, t:   315799.6 s (7.07 periods), wall: 2.612 hours, Δt:   3.83, CFL: 7.20e-01
i: 144200, t:   316155.7 s (7.08 periods), wall: 2.614 hours, Δt:   3.74, CFL: 7.20e-01
i: 144300, t:   316488.0 s (7.09 periods), wall: 2.616 hours, Δt:   2.67, CFL: 7.20e-01
i: 144400, t:   316774.2 s (7.10 periods), wall: 2.618 hours, Δt:   2.78, CFL: 7.20e-01
i: 144500, t:   317040.2 s (7.10 periods), wall: 2.619 hours, Δt:   2.35, CFL: 7.20e-01
i: 144600, t:   317262.6 s (7.11 periods), wall: 2.621 hours, Δt:   2.34, CFL: 7.20e-01
i: 144700, t:   317522.4 s (7.11 periods), wall: 2.623 hours, Δt:   2.33, CFL: 7.20e-01
i: 144800, t:   317713.3 s (7.12 periods), wall: 2.625 hours, Δt:   1.95, CFL: 7.20e-01
i: 144900, t:   317907.4 s (7.12 periods), wall: 2.627 hours, Δt:   2.46, CFL: 7.20e-01
i: 145000, t:   318112.0 s (7.13 periods), wall: 2.628 hours, Δt:   1.85, CFL: 7.20e-01
i: 145100, t:   318292.1 s (7.13 periods), wall: 2.630 hours, Δt:   1.85, CFL: 7.20e-01
i: 145200, t:   318479.7 s (7.13 periods), wall: 2.632 hours, Δt:   1.84, CFL: 7.20e-01
i: 145300, t:   318671.2 s (7.14 periods), wall: 2.634 hours, Δt:   2.01, CFL: 7.20e-01
i: 145400, t:   318846.1 s (7.14 periods), wall: 2.636 hours, Δt:   1.68, CFL: 7.20e-01
i: 145500, t:   319018.8 s (7.15 periods), wall: 2.637 hours, Δt:   1.49, CFL: 7.20e-01
i: 145600, t:   319183.3 s (7.15 periods), wall: 2.639 hours, Δt:   1.73, CFL: 7.20e-01
i: 145700, t:   319359.3 s (7.15 periods), wall: 2.641 hours, Δt:   1.95, CFL: 7.20e-01
i: 145800, t:   319532.8 s (7.16 periods), wall: 2.643 hours, Δt:   1.61, CFL: 7.20e-01
i: 145900, t:   319704.3 s (7.16 periods), wall: 2.645 hours, Δt:   1.66, CFL: 7.20e-01
i: 146000, t:   319872.6 s (7.17 periods), wall: 2.647 hours, Δt:   1.80, CFL: 7.20e-01
i: 146100, t:   320039.2 s (7.17 periods), wall: 2.648 hours, Δt:   1.71, CFL: 7.20e-01
i: 146200, t:   320210.9 s (7.17 periods), wall: 2.650 hours, Δt:   1.46, CFL: 7.20e-01
i: 146300, t:   320357.9 s (7.18 periods), wall: 2.652 hours, Δt:   1.34, CFL: 7.20e-01
i: 146400, t:   320514.1 s (7.18 periods), wall: 2.654 hours, Δt:   1.64, CFL: 7.20e-01
i: 146500, t:   320671.7 s (7.18 periods), wall: 2.656 hours, Δt:   1.39, CFL: 7.20e-01
i: 146600, t:   320829.3 s (7.19 periods), wall: 2.657 hours, Δt:   1.58, CFL: 7.20e-01
i: 146700, t:   320984.2 s (7.19 periods), wall: 2.659 hours, Δt:   1.61, CFL: 7.20e-01
i: 146800, t:   321150.1 s (7.19 periods), wall: 2.661 hours, Δt:   1.68, CFL: 7.20e-01
i: 146900, t:   321300.1 s (7.20 periods), wall: 2.663 hours, Δt:   1.46, CFL: 7.20e-01
i: 147000, t:   321444.6 s (7.20 periods), wall: 2.665 hours, Δt:   1.45, CFL: 7.20e-01
i: 147100, t:   321593.5 s (7.20 periods), wall: 2.666 hours, Δt:   1.41, CFL: 7.20e-01
i: 147200, t:   321735.6 s (7.21 periods), wall: 2.668 hours, Δt:   1.30, CFL: 7.20e-01
i: 147300, t:   321868.3 s (7.21 periods), wall: 2.670 hours, Δt:   1.37, CFL: 7.20e-01
i: 147400, t:   322004.7 s (7.21 periods), wall: 2.672 hours, Δt:   1.38, CFL: 7.20e-01
i: 147500, t:   322139.5 s (7.22 periods), wall: 2.674 hours, Δt:   1.45, CFL: 7.20e-01
i: 147600, t:   322288.0 s (7.22 periods), wall: 2.675 hours, Δt:   1.31, CFL: 7.20e-01
i: 147700, t:   322418.2 s (7.22 periods), wall: 2.677 hours, Δt:   1.47, CFL: 7.20e-01
i: 147800, t:   322568.2 s (7.23 periods), wall: 2.679 hours, Δt:   1.32, CFL: 7.20e-01
i: 147900, t:   322714.2 s (7.23 periods), wall: 2.681 hours, Δt:   1.44, CFL: 7.20e-01
i: 148000, t:   322845.1 s (7.23 periods), wall: 2.683 hours, Δt:   1.53, CFL: 7.20e-01
i: 148100, t:   322997.6 s (7.24 periods), wall: 2.684 hours, Δt:   1.62, CFL: 7.20e-01
i: 148200, t:   323164.0 s (7.24 periods), wall: 2.686 hours, Δt:   1.51, CFL: 7.20e-01
i: 148300, t:   323309.2 s (7.24 periods), wall: 2.688 hours, Δt:   1.45, CFL: 7.20e-01
i: 148400, t:   323470.3 s (7.25 periods), wall: 2.690 hours, Δt:   1.49, CFL: 7.20e-01
i: 148500, t:   323616.3 s (7.25 periods), wall: 2.692 hours, Δt:   1.38, CFL: 7.20e-01
i: 148600, t:   323753.2 s (7.25 periods), wall: 2.693 hours, Δt:   1.37, CFL: 7.20e-01
i: 148700, t:   323900.6 s (7.26 periods), wall: 2.695 hours, Δt:   1.43, CFL: 7.20e-01
i: 148800, t:   324050.7 s (7.26 periods), wall: 2.697 hours, Δt:   1.54, CFL: 7.20e-01
i: 148900, t:   324194.0 s (7.26 periods), wall: 2.699 hours, Δt:   1.11, CFL: 7.20e-01
i: 149000, t:   324322.5 s (7.27 periods), wall: 2.701 hours, Δt:   1.37, CFL: 7.20e-01
i: 149100, t:   324458.1 s (7.27 periods), wall: 2.702 hours, Δt:   1.12, CFL: 7.20e-01
i: 149200, t:   324596.5 s (7.27 periods), wall: 2.704 hours, Δt:   1.48, CFL: 7.20e-01
i: 149300, t:   324757.7 s (7.28 periods), wall: 2.706 hours, Δt:   1.76, CFL: 7.20e-01
i: 149400, t:   324916.3 s (7.28 periods), wall: 2.708 hours, Δt:   1.65, CFL: 7.20e-01
i: 149500, t:   325080.3 s (7.28 periods), wall: 2.710 hours, Δt:   1.54, CFL: 7.20e-01
i: 149600, t:   325222.6 s (7.29 periods), wall: 2.711 hours, Δt:   1.52, CFL: 7.20e-01
i: 149700, t:   325377.6 s (7.29 periods), wall: 2.713 hours, Δt:   1.48, CFL: 7.20e-01
i: 149800, t:   325529.4 s (7.29 periods), wall: 2.715 hours, Δt:   1.54, CFL: 7.20e-01
i: 149900, t:   325692.4 s (7.30 periods), wall: 2.717 hours, Δt:   1.56, CFL: 7.20e-01
i: 150000, t:   325840.8 s (7.30 periods), wall: 2.719 hours, Δt:   1.50, CFL: 7.20e-01
i: 150100, t:   325969.7 s (7.30 periods), wall: 2.720 hours, Δt:   1.17, CFL: 7.20e-01
i: 150200, t:   326095.2 s (7.30 periods), wall: 2.722 hours, Δt:   1.13, CFL: 7.20e-01
i: 150300, t:   326227.7 s (7.31 periods), wall: 2.724 hours, Δt:   1.61, CFL: 7.20e-01
i: 150400, t:   326365.4 s (7.31 periods), wall: 2.726 hours, Δt:   1.31, CFL: 7.20e-01
i: 150500, t:   326516.5 s (7.31 periods), wall: 2.728 hours, Δt:   1.52, CFL: 7.20e-01
i: 150600, t:   326669.2 s (7.32 periods), wall: 2.729 hours, Δt:   1.48, CFL: 7.20e-01
i: 150700, t:   326825.4 s (7.32 periods), wall: 2.731 hours, Δt:   1.55, CFL: 7.20e-01
i: 150800, t:   326985.9 s (7.32 periods), wall: 2.733 hours, Δt:   1.68, CFL: 7.20e-01
i: 150900, t:   327152.1 s (7.33 periods), wall: 2.735 hours, Δt:   1.70, CFL: 7.20e-01
i: 151000, t:   327300.2 s (7.33 periods), wall: 2.737 hours, Δt:   1.45, CFL: 7.20e-01
i: 151100, t:   327450.1 s (7.34 periods), wall: 2.738 hours, Δt:   1.69, CFL: 7.20e-01
i: 151200, t:   327622.2 s (7.34 periods), wall: 2.740 hours, Δt:   1.57, CFL: 7.20e-01
i: 151300, t:   327792.1 s (7.34 periods), wall: 2.742 hours, Δt:   1.45, CFL: 7.20e-01
i: 151400, t:   327956.3 s (7.35 periods), wall: 2.744 hours, Δt:   1.87, CFL: 7.20e-01
i: 151500, t:   328117.4 s (7.35 periods), wall: 2.746 hours, Δt:   1.58, CFL: 7.20e-01
i: 151600, t:   328269.7 s (7.35 periods), wall: 2.747 hours, Δt:   1.55, CFL: 7.20e-01
i: 151700, t:   328431.2 s (7.36 periods), wall: 2.749 hours, Δt:   1.63, CFL: 7.20e-01
i: 151800, t:   328605.6 s (7.36 periods), wall: 2.751 hours, Δt:   1.55, CFL: 7.20e-01
i: 151900, t:   328794.4 s (7.37 periods), wall: 2.753 hours, Δt:   1.86, CFL: 7.20e-01
i: 152000, t:   328975.4 s (7.37 periods), wall: 2.755 hours, Δt:   1.89, CFL: 7.20e-01
i: 152100, t:   329147.9 s (7.37 periods), wall: 2.756 hours, Δt:   1.82, CFL: 7.20e-01
i: 152200, t:   329337.2 s (7.38 periods), wall: 2.758 hours, Δt:   1.69, CFL: 7.20e-01
i: 152300, t:   329534.5 s (7.38 periods), wall: 2.760 hours, Δt:   2.18, CFL: 7.20e-01
i: 152400, t:   329741.5 s (7.39 periods), wall: 2.762 hours, Δt:   1.79, CFL: 7.20e-01
i: 152500, t:   329935.4 s (7.39 periods), wall: 2.764 hours, Δt:   2.21, CFL: 7.20e-01
i: 152600, t:   330142.7 s (7.40 periods), wall: 2.765 hours, Δt:   1.83, CFL: 7.20e-01
i: 152700, t:   330327.3 s (7.40 periods), wall: 2.767 hours, Δt:   1.95, CFL: 7.20e-01
i: 152800, t:   330532.2 s (7.40 periods), wall: 2.769 hours, Δt:   2.39, CFL: 7.20e-01
i: 152900, t:   330752.9 s (7.41 periods), wall: 2.771 hours, Δt:   2.08, CFL: 7.20e-01
i: 153000, t:   330982.4 s (7.41 periods), wall: 2.773 hours, Δt:   2.41, CFL: 7.20e-01
i: 153100, t:   331217.9 s (7.42 periods), wall: 2.774 hours, Δt:   2.40, CFL: 7.20e-01
i: 153200, t:   331470.7 s (7.43 periods), wall: 2.776 hours, Δt:   2.58, CFL: 7.20e-01
i: 153300, t:   331738.2 s (7.43 periods), wall: 2.778 hours, Δt:   2.80, CFL: 7.20e-01
i: 153400, t:   332001.7 s (7.44 periods), wall: 2.780 hours, Δt:   2.83, CFL: 7.20e-01
i: 153500, t:   332294.0 s (7.44 periods), wall: 2.782 hours, Δt:   2.70, CFL: 7.20e-01
i: 153600, t:   332584.8 s (7.45 periods), wall: 2.783 hours, Δt:   3.35, CFL: 7.20e-01
i: 153700, t:   332940.2 s (7.46 periods), wall: 2.785 hours, Δt:   4.35, CFL: 7.20e-01
i: 153800, t:   333325.8 s (7.47 periods), wall: 2.787 hours, Δt:   3.68, CFL: 7.20e-01
i: 153900, t:   333769.3 s (7.48 periods), wall: 2.789 hours, Δt:   4.38, CFL: 7.20e-01
i: 154000, t:   334248.9 s (7.49 periods), wall: 2.791 hours, Δt:   5.05, CFL: 7.20e-01
i: 154100, t:   334754.0 s (7.50 periods), wall: 2.793 hours, Δt:   5.56, CFL: 7.20e-01
i: 154200, t:   335261.7 s (7.51 periods), wall: 2.794 hours, Δt:   5.03, CFL: 7.20e-01
i: 154300, t:   335798.9 s (7.52 periods), wall: 2.796 hours, Δt:   5.19, CFL: 7.20e-01
i: 154400, t:   336321.2 s (7.53 periods), wall: 2.798 hours, Δt:   4.54, CFL: 7.20e-01
i: 154500, t:   336767.1 s (7.54 periods), wall: 2.800 hours, Δt:   4.56, CFL: 7.20e-01
i: 154600, t:   337172.2 s (7.55 periods), wall: 2.802 hours, Δt:   4.08, CFL: 7.20e-01
i: 154700, t:   337610.4 s (7.56 periods), wall: 2.804 hours, Δt:   4.68, CFL: 7.20e-01
i: 154800, t:   338050.9 s (7.57 periods), wall: 2.805 hours, Δt:   4.12, CFL: 7.20e-01
i: 154900, t:   338421.7 s (7.58 periods), wall: 2.807 hours, Δt:   3.75, CFL: 7.20e-01
i: 155000, t:   338762.3 s (7.59 periods), wall: 2.809 hours, Δt:   3.17, CFL: 7.20e-01
i: 155100, t:   339098.5 s (7.60 periods), wall: 2.811 hours, Δt:   3.41, CFL: 7.20e-01
i: 155200, t:   339397.7 s (7.60 periods), wall: 2.813 hours, Δt:   2.95, CFL: 7.20e-01
i: 155300, t:   339668.4 s (7.61 periods), wall: 2.814 hours, Δt:   2.90, CFL: 7.20e-01
i: 155400, t:   339925.6 s (7.61 periods), wall: 2.816 hours, Δt:   2.22, CFL: 7.20e-01
i: 155500, t:   340141.2 s (7.62 periods), wall: 2.818 hours, Δt:   1.63, CFL: 7.20e-01
i: 155600, t:   340329.4 s (7.62 periods), wall: 2.820 hours, Δt:   2.18, CFL: 7.20e-01
i: 155700, t:   340517.1 s (7.63 periods), wall: 2.822 hours, Δt:   1.67, CFL: 7.20e-01
i: 155800, t:   340705.4 s (7.63 periods), wall: 2.823 hours, Δt:   1.69, CFL: 7.20e-01
i: 155900, t:   340860.7 s (7.64 periods), wall: 2.825 hours, Δt:   1.63, CFL: 7.20e-01
i: 156000, t:   341023.5 s (7.64 periods), wall: 2.827 hours, Δt:   1.51, CFL: 7.20e-01
i: 156100, t:   341178.9 s (7.64 periods), wall: 2.829 hours, Δt:   1.57, CFL: 7.20e-01
i: 156200, t:   341332.4 s (7.65 periods), wall: 2.831 hours, Δt:   1.78, CFL: 7.20e-01
i: 156300, t:   341509.4 s (7.65 periods), wall: 2.832 hours, Δt:   1.69, CFL: 7.20e-01
i: 156400, t:   341669.2 s (7.65 periods), wall: 2.834 hours, Δt:   1.84, CFL: 7.20e-01
i: 156500, t:   341818.1 s (7.66 periods), wall: 2.836 hours, Δt:   1.45, CFL: 7.20e-01
i: 156600, t:   341969.1 s (7.66 periods), wall: 2.838 hours, Δt:   1.40, CFL: 7.20e-01
i: 156700, t:   342129.3 s (7.66 periods), wall: 2.840 hours, Δt:   1.68, CFL: 7.20e-01
i: 156800, t:   342299.2 s (7.67 periods), wall: 2.841 hours, Δt:   1.56, CFL: 7.20e-01
i: 156900, t:   342447.7 s (7.67 periods), wall: 2.843 hours, Δt:   1.35, CFL: 7.20e-01
i: 157000, t:   342613.8 s (7.68 periods), wall: 2.845 hours, Δt:   1.65, CFL: 7.20e-01
i: 157100, t:   342766.1 s (7.68 periods), wall: 2.847 hours, Δt:   1.43, CFL: 7.20e-01
i: 157200, t:   342911.2 s (7.68 periods), wall: 2.849 hours, Δt:   1.63, CFL: 7.20e-01
i: 157300, t:   343054.7 s (7.68 periods), wall: 2.850 hours, Δt:   1.45, CFL: 7.20e-01
i: 157400, t:   343188.3 s (7.69 periods), wall: 2.852 hours, Δt:   1.43, CFL: 7.20e-01
i: 157500, t:   343338.8 s (7.69 periods), wall: 2.854 hours, Δt:   1.60, CFL: 7.20e-01
i: 157600, t:   343496.4 s (7.69 periods), wall: 2.856 hours, Δt:   1.37, CFL: 7.20e-01
i: 157700, t:   343642.8 s (7.70 periods), wall: 2.858 hours, Δt:   1.35, CFL: 7.20e-01
i: 157800, t:   343773.6 s (7.70 periods), wall: 2.859 hours, Δt:   1.42, CFL: 7.20e-01
i: 157900, t:   343917.4 s (7.70 periods), wall: 2.861 hours, Δt:   1.30, CFL: 7.20e-01
i: 158000, t:   344063.3 s (7.71 periods), wall: 2.863 hours, Δt:   1.69, CFL: 7.20e-01
i: 158100, t:   344202.4 s (7.71 periods), wall: 2.865 hours, Δt:   1.31, CFL: 7.20e-01
i: 158200, t:   344350.9 s (7.71 periods), wall: 2.867 hours, Δt:   1.38, CFL: 7.20e-01
i: 158300, t:   344488.7 s (7.72 periods), wall: 2.868 hours, Δt:   1.48, CFL: 7.20e-01
i: 158400, t:   344630.9 s (7.72 periods), wall: 2.870 hours, Δt:   1.46, CFL: 7.20e-01
i: 158500, t:   344765.4 s (7.72 periods), wall: 2.872 hours, Δt:   1.34, CFL: 7.20e-01
i: 158600, t:   344910.7 s (7.73 periods), wall: 2.874 hours, Δt:   1.43, CFL: 7.20e-01
i: 158700, t:   345056.8 s (7.73 periods), wall: 2.876 hours, Δt:   1.56, CFL: 7.20e-01
i: 158800, t:   345201.2 s (7.73 periods), wall: 2.877 hours, Δt:   1.51, CFL: 7.20e-01
i: 158900, t:   345341.5 s (7.74 periods), wall: 2.879 hours, Δt:   1.56, CFL: 7.20e-01
i: 159000, t:   345492.2 s (7.74 periods), wall: 2.881 hours, Δt:   1.60, CFL: 7.20e-01
i: 159100, t:   345633.3 s (7.74 periods), wall: 2.883 hours, Δt:   1.56, CFL: 7.20e-01
i: 159200, t:   345777.9 s (7.75 periods), wall: 2.885 hours, Δt:   1.38, CFL: 7.20e-01
i: 159300, t:   345917.6 s (7.75 periods), wall: 2.886 hours, Δt:   1.41, CFL: 7.20e-01
i: 159400, t:   346059.8 s (7.75 periods), wall: 2.888 hours, Δt:   1.42, CFL: 7.20e-01
i: 159500, t:   346172.0 s (7.75 periods), wall: 2.890 hours, Δt:   1.17, CFL: 7.20e-01
i: 159600, t:   346292.4 s (7.76 periods), wall: 2.892 hours, Δt:   1.49, CFL: 7.20e-01
i: 159700, t:   346435.8 s (7.76 periods), wall: 2.894 hours, Δt:   1.36, CFL: 7.20e-01
i: 159800, t:   346568.3 s (7.76 periods), wall: 2.895 hours, Δt:   1.43, CFL: 7.20e-01
i: 159900, t:   346710.4 s (7.77 periods), wall: 2.897 hours, Δt:   1.56, CFL: 7.20e-01
i: 160000, t:   346852.8 s (7.77 periods), wall: 2.899 hours, Δt:   1.28, CFL: 7.20e-01
i: 160100, t:   346989.0 s (7.77 periods), wall: 2.901 hours, Δt:   1.34, CFL: 7.20e-01
i: 160200, t:   347135.1 s (7.78 periods), wall: 2.903 hours, Δt:   1.42, CFL: 7.20e-01
i: 160300, t:   347286.6 s (7.78 periods), wall: 2.904 hours, Δt:   1.59, CFL: 7.20e-01
i: 160400, t:   347428.5 s (7.78 periods), wall: 2.906 hours, Δt:   1.24, CFL: 7.20e-01
i: 160500, t:   347570.3 s (7.79 periods), wall: 2.908 hours, Δt:   1.30, CFL: 7.20e-01
i: 160600, t:   347705.4 s (7.79 periods), wall: 2.910 hours, Δt:   1.37, CFL: 7.20e-01
i: 160700, t:   347847.6 s (7.79 periods), wall: 2.912 hours, Δt:   1.31, CFL: 7.20e-01
i: 160800, t:   347971.6 s (7.80 periods), wall: 2.913 hours, Δt:   1.33, CFL: 7.20e-01
i: 160900, t:   348107.7 s (7.80 periods), wall: 2.915 hours, Δt:   1.52, CFL: 7.20e-01
i: 161000, t:   348246.2 s (7.80 periods), wall: 2.917 hours, Δt:   1.42, CFL: 7.20e-01
i: 161100, t:   348393.0 s (7.80 periods), wall: 2.919 hours, Δt:   1.37, CFL: 7.20e-01
i: 161200, t:   348546.1 s (7.81 periods), wall: 2.921 hours, Δt:   1.57, CFL: 7.20e-01
i: 161300, t:   348706.6 s (7.81 periods), wall: 2.922 hours, Δt:   1.37, CFL: 7.20e-01
i: 161400, t:   348842.0 s (7.81 periods), wall: 2.924 hours, Δt:   1.38, CFL: 7.20e-01
i: 161500, t:   349004.4 s (7.82 periods), wall: 2.926 hours, Δt:   1.44, CFL: 7.20e-01
i: 161600, t:   349143.9 s (7.82 periods), wall: 2.928 hours, Δt:   1.36, CFL: 7.20e-01
i: 161700, t:   349299.0 s (7.82 periods), wall: 2.930 hours, Δt:   1.72, CFL: 7.20e-01
i: 161800, t:   349452.5 s (7.83 periods), wall: 2.931 hours, Δt:   1.34, CFL: 7.20e-01
i: 161900, t:   349587.0 s (7.83 periods), wall: 2.933 hours, Δt:   1.63, CFL: 7.20e-01
i: 162000, t:   349751.6 s (7.83 periods), wall: 2.935 hours, Δt:   1.60, CFL: 7.20e-01
i: 162100, t:   349897.0 s (7.84 periods), wall: 2.937 hours, Δt:   1.42, CFL: 7.20e-01
i: 162200, t:   350054.7 s (7.84 periods), wall: 2.939 hours, Δt:   1.32, CFL: 7.20e-01
i: 162300, t:   350198.7 s (7.84 periods), wall: 2.940 hours, Δt:   1.51, CFL: 7.20e-01
i: 162400, t:   350373.1 s (7.85 periods), wall: 2.942 hours, Δt:   1.46, CFL: 7.20e-01
i: 162500, t:   350533.1 s (7.85 periods), wall: 2.944 hours, Δt:   1.81, CFL: 7.20e-01
i: 162600, t:   350716.9 s (7.86 periods), wall: 2.946 hours, Δt:   1.53, CFL: 7.20e-01
i: 162700, t:   350881.3 s (7.86 periods), wall: 2.948 hours, Δt:   1.92, CFL: 7.20e-01
i: 162800, t:   351061.5 s (7.86 periods), wall: 2.949 hours, Δt:   1.90, CFL: 7.20e-01
i: 162900, t:   351250.5 s (7.87 periods), wall: 2.951 hours, Δt:   1.87, CFL: 7.20e-01
i: 163000, t:   351438.7 s (7.87 periods), wall: 2.953 hours, Δt:   1.72, CFL: 7.20e-01
i: 163100, t:   351609.5 s (7.88 periods), wall: 2.955 hours, Δt:   1.77, CFL: 7.20e-01
i: 163200, t:   351808.6 s (7.88 periods), wall: 2.957 hours, Δt:   2.04, CFL: 7.20e-01
i: 163300, t:   351997.1 s (7.89 periods), wall: 2.959 hours, Δt:   1.73, CFL: 7.20e-01
i: 163400, t:   352189.1 s (7.89 periods), wall: 2.960 hours, Δt:   2.32, CFL: 7.09e-01
i: 163500, t:   352381.5 s (7.89 periods), wall: 2.962 hours, Δt:   2.11, CFL: 7.20e-01
i: 163600, t:   352581.5 s (7.90 periods), wall: 2.964 hours, Δt:   2.01, CFL: 7.20e-01
i: 163700, t:   352804.7 s (7.90 periods), wall: 2.966 hours, Δt:   2.34, CFL: 7.20e-01
i: 163800, t:   353051.6 s (7.91 periods), wall: 2.968 hours, Δt:   2.65, CFL: 7.20e-01
i: 163900, t:   353290.4 s (7.91 periods), wall: 2.969 hours, Δt:   2.36, CFL: 7.20e-01
i: 164000, t:   353545.8 s (7.92 periods), wall: 2.971 hours, Δt:   2.57, CFL: 7.20e-01
i: 164100, t:   353827.7 s (7.93 periods), wall: 2.973 hours, Δt:   2.57, CFL: 7.20e-01
i: 164200, t:   354070.7 s (7.93 periods), wall: 2.975 hours, Δt:   2.82, CFL: 7.20e-01
i: 164300, t:   354385.3 s (7.94 periods), wall: 2.977 hours, Δt:   2.89, CFL: 7.20e-01
i: 164400, t:   354670.1 s (7.95 periods), wall: 2.978 hours, Δt:   2.69, CFL: 7.20e-01
i: 164500, t:   354961.5 s (7.95 periods), wall: 2.980 hours, Δt:   3.36, CFL: 7.20e-01
i: 164600, t:   355299.8 s (7.96 periods), wall: 2.982 hours, Δt:   3.89, CFL: 7.20e-01
i: 164700, t:   355653.2 s (7.97 periods), wall: 2.984 hours, Δt:   3.95, CFL: 7.20e-01
i: 164800, t:   356004.0 s (7.97 periods), wall: 2.986 hours, Δt:   3.53, CFL: 7.20e-01
i: 164900, t:   356368.9 s (7.98 periods), wall: 2.987 hours, Δt:   3.31, CFL: 7.20e-01

[2003791] signal 15: Terminated
in expression starting at /home/tll46/SRIM-2026/Stokes/3D/Tidal3D.jl:313
unknown function (ip: 0x7de18cc58823) at /home/tll46/.julia/artifacts/2c8e4324b86fc70a7c041ce8dc72b5f9b41a7a98/lib/libcuda.so
unknown function (ip: 0x7de18ca710fe) at /home/tll46/.julia/artifacts/2c8e4324b86fc70a7c041ce8dc72b5f9b41a7a98/lib/libcuda.so
unknown function (ip: 0x7de18ca9943b) at /home/tll46/.julia/artifacts/2c8e4324b86fc70a7c041ce8dc72b5f9b41a7a98/lib/libcuda.so
unknown function (ip: 0x7de18db344a1) at /home/tll46/.julia/artifacts/2c8e4324b86fc70a7c041ce8dc72b5f9b41a7a98/lib/libcuda.so
unknown function (ip: 0x7de18db34924) at /home/tll46/.julia/artifacts/2c8e4324b86fc70a7c041ce8dc72b5f9b41a7a98/lib/libcuda.so
unknown function (ip: 0x7de18ca8708c) at /home/tll46/.julia/artifacts/2c8e4324b86fc70a7c041ce8dc72b5f9b41a7a98/lib/libcuda.so
unknown function (ip: 0x7de18cb2a899) at /home/tll46/.julia/artifacts/2c8e4324b86fc70a7c041ce8dc72b5f9b41a7a98/lib/libcuda.so
unknown function (ip: 0x7de18db2d064) at /home/tll46/.julia/artifacts/2c8e4324b86fc70a7c041ce8dc72b5f9b41a7a98/lib/libcuda.so
unknown function (ip: 0x7de18cbd7d56) at /home/tll46/.julia/artifacts/2c8e4324b86fc70a7c041ce8dc72b5f9b41a7a98/lib/libcuda.so
cuStreamSynchronize at /home/tll46/.julia/artifacts/2c8e4324b86fc70a7c041ce8dc72b5f9b41a7a98/lib/libcuda.so (unknown line)
unchecked_cuStreamSynchronize at /home/tll46/.julia/packages/CUDACore/NlVPI/lib/cudadrv/libcuda.jl:5269 [inlined]
#synchronization_worker##0 at /home/tll46/.julia/packages/CUDACore/NlVPI/lib/cudadrv/synchronization.jl:125
take! at /home/tll46/.julia/packages/CUDACore/NlVPI/lib/cudadrv/synchronization.jl:56
synchronization_worker at /home/tll46/.julia/packages/CUDACore/NlVPI/lib/cudadrv/synchronization.jl:119
unknown function (ip: 0x7de1bc595c6f) at (unknown file)
unknown function (ip: 0x7de206f1561f) at (unknown file)
unknown function (ip: 0x7de29d69caa3) at /lib/x86_64-linux-gnu/libc.so.6
unknown function (ip: 0x7de29d729c6b) at /lib/x86_64-linux-gnu/libc.so.6
unknown function (ip: (nil)) at (unknown file)
unknown function (ip: 0x7de29d698d6f) at /lib/x86_64-linux-gnu/libc.so.6
pthread_cond_wait at /lib/x86_64-linux-gnu/libc.so.6 (unknown line)
uv_cond_wait at /workspace/srcdir/libuv/src/unix/thread.c:822
jl_parallel_gc_threadfun at /cache/build/builder-amdci5-4/julialang/julia-release-1-dot-12/src/gc-stock.c:3640
unknown function (ip: 0x7de29d69caa3) at /lib/x86_64-linux-gnu/libc.so.6
unknown function (ip: 0x7de29d729c6b) at /lib/x86_64-linux-gnu/libc.so.6
unknown function (ip: (nil)) at (unknown file)
unknown function (ip: 0x7de29d698d6f) at /lib/x86_64-linux-gnu/libc.so.6
pthread_cond_wait at /lib/x86_64-linux-gnu/libc.so.6 (unknown line)
uv_cond_wait at /workspace/srcdir/libuv/src/unix/thread.c:822
jl_parallel_gc_threadfun at /cache/build/builder-amdci5-4/julialang/julia-release-1-dot-12/src/gc-stock.c:3640
unknown function (ip: 0x7de29d69caa3) at /lib/x86_64-linux-gnu/libc.so.6
unknown function (ip: 0x7de29d729c6b) at /lib/x86_64-linux-gnu/libc.so.6
unknown function (ip: (nil)) at (unknown file)
unknown function (ip: 0x7de29d698d6f) at /lib/x86_64-linux-gnu/libc.so.6
pthread_cond_wait at /lib/x86_64-linux-gnu/libc.so.6 (unknown line)
uv_cond_wait at /workspace/srcdir/libuv/src/unix/thread.c:822
jl_parallel_gc_threadfun at /cache/build/builder-amdci5-4/julialang/julia-release-1-dot-12/src/gc-stock.c:3640
unknown function (ip: 0x7de29d69caa3) at /lib/x86_64-linux-gnu/libc.so.6
unknown function (ip: 0x7de29d729c6b) at /lib/x86_64-linux-gnu/libc.so.6
unknown function (ip: (nil)) at (unknown file)
unknown function (ip: 0x7de29d698d6f) at /lib/x86_64-linux-gnu/libc.so.6
pthread_cond_wait at /lib/x86_64-linux-gnu/libc.so.6 (unknown line)
uv_cond_wait at /workspace/srcdir/libuv/src/unix/thread.c:822
jl_parallel_gc_threadfun at /cache/build/builder-amdci5-4/julialang/julia-release-1-dot-12/src/gc-stock.c:3640
unknown function (ip: 0x7de29d69caa3) at /lib/x86_64-linux-gnu/libc.so.6
unknown function (ip: 0x7de29d729c6b) at /lib/x86_64-linux-gnu/libc.so.6
unknown function (ip: (nil)) at (unknown file)
unknown function (ip: 0x7de29d698d6f) at /lib/x86_64-linux-gnu/libc.so.6
pthread_cond_wait at /lib/x86_64-linux-gnu/libc.so.6 (unknown line)
uv_cond_wait at /workspace/srcdir/libuv/src/unix/thread.c:822
jl_parallel_gc_threadfun at /cache/build/builder-amdci5-4/julialang/julia-release-1-dot-12/src/gc-stock.c:3640
unknown function (ip: 0x7de29d69caa3) at /lib/x86_64-linux-gnu/libc.so.6
unknown function (ip: 0x7de29d729c6b) at /lib/x86_64-linux-gnu/libc.so.6
unknown function (ip: (nil)) at (unknown file)
unknown function (ip: 0x7de29d698d6f) at /lib/x86_64-linux-gnu/libc.so.6
pthread_cond_wait at /lib/x86_64-linux-gnu/libc.so.6 (unknown line)
uv_cond_wait at /workspace/srcdir/libuv/src/unix/thread.c:822
jl_parallel_gc_threadfun at /cache/build/builder-amdci5-4/julialang/julia-release-1-dot-12/src/gc-stock.c:3640
unknown function (ip: 0x7de29d69caa3) at /lib/x86_64-linux-gnu/libc.so.6
unknown function (ip: 0x7de29d729c6b) at /lib/x86_64-linux-gnu/libc.so.6
unknown function (ip: (nil)) at (unknown file)
unknown function (ip: 0x7de29d698d6f) at /lib/x86_64-linux-gnu/libc.so.6
pthread_cond_wait at /lib/x86_64-linux-gnu/libc.so.6 (unknown line)
uv_cond_wait at /workspace/srcdir/libuv/src/unix/thread.c:822
jl_parallel_gc_threadfun at /cache/build/builder-amdci5-4/julialang/julia-release-1-dot-12/src/gc-stock.c:3640
unknown function (ip: 0x7de29d69caa3) at /lib/x86_64-linux-gnu/libc.so.6
unknown function (ip: 0x7de29d729c6b) at /lib/x86_64-linux-gnu/libc.so.6
unknown function (ip: (nil)) at (unknown file)
unknown function (ip: 0x7de29d698d6f) at /lib/x86_64-linux-gnu/libc.so.6
pthread_cond_wait at /lib/x86_64-linux-gnu/libc.so.6 (unknown line)
uv_cond_wait at /workspace/srcdir/libuv/src/unix/thread.c:822
jl_parallel_gc_threadfun at /cache/build/builder-amdci5-4/julialang/julia-release-1-dot-12/src/gc-stock.c:3640
unknown function (ip: 0x7de29d69caa3) at /lib/x86_64-linux-gnu/libc.so.6
unknown function (ip: 0x7de29d729c6b) at /lib/x86_64-linux-gnu/libc.so.6
unknown function (ip: (nil)) at (unknown file)
unknown function (ip: 0x7de29d698d6f) at /lib/x86_64-linux-gnu/libc.so.6
pthread_cond_wait at /lib/x86_64-linux-gnu/libc.so.6 (unknown line)
uv_cond_wait at /workspace/srcdir/libuv/src/unix/thread.c:822
jl_parallel_gc_threadfun at /cache/build/builder-amdci5-4/julialang/julia-release-1-dot-12/src/gc-stock.c:3640
unknown function (ip: 0x7de29d69caa3) at /lib/x86_64-linux-gnu/libc.so.6
unknown function (ip: 0x7de29d729c6b) at /lib/x86_64-linux-gnu/libc.so.6
unknown function (ip: (nil)) at (unknown file)
unknown function (ip: 0x7de29d698d6f) at /lib/x86_64-linux-gnu/libc.so.6
pthread_cond_wait at /lib/x86_64-linux-gnu/libc.so.6 (unknown line)
uv_cond_wait at /workspace/srcdir/libuv/src/unix/thread.c:822
jl_parallel_gc_threadfun at /cache/build/builder-amdci5-4/julialang/julia-release-1-dot-12/src/gc-stock.c:3640
unknown function (ip: 0x7de29d69caa3) at /lib/x86_64-linux-gnu/libc.so.6
unknown function (ip: 0x7de29d729c6b) at /lib/x86_64-linux-gnu/libc.so.6
unknown function (ip: (nil)) at (unknown file)
unknown function (ip: 0x7de29d698d6f) at /lib/x86_64-linux-gnu/libc.so.6
pthread_cond_wait at /lib/x86_64-linux-gnu/libc.so.6 (unknown line)
uv_cond_wait at /workspace/srcdir/libuv/src/unix/thread.c:822
jl_parallel_gc_threadfun at /cache/build/builder-amdci5-4/julialang/julia-release-1-dot-12/src/gc-stock.c:3640
unknown function (ip: 0x7de29d69caa3) at /lib/x86_64-linux-gnu/libc.so.6
unknown function (ip: 0x7de29d729c6b) at /lib/x86_64-linux-gnu/libc.so.6
unknown function (ip: (nil)) at (unknown file)
unknown function (ip: 0x7de29d698d6f) at /lib/x86_64-linux-gnu/libc.so.6
pthread_cond_wait at /lib/x86_64-linux-gnu/libc.so.6 (unknown line)
uv_cond_wait at /workspace/srcdir/libuv/src/unix/thread.c:822
jl_parallel_gc_threadfun at /cache/build/builder-amdci5-4/julialang/julia-release-1-dot-12/src/gc-stock.c:3640
unknown function (ip: 0x7de29d69caa3) at /lib/x86_64-linux-gnu/libc.so.6
unknown function (ip: 0x7de29d729c6b) at /lib/x86_64-linux-gnu/libc.so.6
unknown function (ip: (nil)) at (unknown file)
unknown function (ip: 0x7de29d698d6f) at /lib/x86_64-linux-gnu/libc.so.6
pthread_cond_wait at /lib/x86_64-linux-gnu/libc.so.6 (unknown line)
uv_cond_wait at /workspace/srcdir/libuv/src/unix/thread.c:822
jl_parallel_gc_threadfun at /cache/build/builder-amdci5-4/julialang/julia-release-1-dot-12/src/gc-stock.c:3640
unknown function (ip: 0x7de29d69caa3) at /lib/x86_64-linux-gnu/libc.so.6
unknown function (ip: 0x7de29d729c6b) at /lib/x86_64-linux-gnu/libc.so.6
unknown function (ip: (nil)) at (unknown file)
unknown function (ip: 0x7de29d698d6f) at /lib/x86_64-linux-gnu/libc.so.6
pthread_cond_wait at /lib/x86_64-linux-gnu/libc.so.6 (unknown line)
uv_cond_wait at /workspace/srcdir/libuv/src/unix/thread.c:822
jl_parallel_gc_threadfun at /cache/build/builder-amdci5-4/julialang/julia-release-1-dot-12/src/gc-stock.c:3640
unknown function (ip: 0x7de29d69caa3) at /lib/x86_64-linux-gnu/libc.so.6
unknown function (ip: 0x7de29d729c6b) at /lib/x86_64-linux-gnu/libc.so.6
unknown function (ip: (nil)) at (unknown file)
unknown function (ip: 0x7de29d698d6f) at /lib/x86_64-linux-gnu/libc.so.6
pthread_cond_wait at /lib/x86_64-linux-gnu/libc.so.6 (unknown line)
uv_cond_wait at /workspace/srcdir/libuv/src/unix/thread.c:822
jl_parallel_gc_threadfun at /cache/build/builder-amdci5-4/julialang/julia-release-1-dot-12/src/gc-stock.c:3640
unknown function (ip: 0x7de29d69caa3) at /lib/x86_64-linux-gnu/libc.so.6
unknown function (ip: 0x7de29d729c6b) at /lib/x86_64-linux-gnu/libc.so.6
unknown function (ip: (nil)) at (unknown file)
unknown function (ip: 0x7de29d698d6f) at /lib/x86_64-linux-gnu/libc.so.6
pthread_cond_wait at /lib/x86_64-linux-gnu/libc.so.6 (unknown line)
uv_cond_wait at /workspace/srcdir/libuv/src/unix/thread.c:822
ijl_task_get_next at /cache/build/builder-amdci5-4/julialang/julia-release-1-dot-12/src/scheduler.c:523
poptask at ./task.jl:1216
wait at ./task.jl:1228
task_done_hook at ./task.jl:868
jfptr_task_done_hook_59905.1 at /home/tll46/.julia/juliaup/julia-1.12.6+0.x64.linux.gnu/lib/julia/sys.so (unknown line)
jl_apply at /cache/build/builder-amdci5-4/julialang/julia-release-1-dot-12/src/julia.h:2391 [inlined]
jl_finish_task at /cache/build/builder-amdci5-4/julialang/julia-release-1-dot-12/src/task.c:341
start_task at /cache/build/builder-amdci5-4/julialang/julia-release-1-dot-12/src/task.c:1263
unknown function (ip: (nil)) at (unknown file)
unknown function (ip: 0x7de29d698d6f) at /lib/x86_64-linux-gnu/libc.so.6
pthread_cond_wait at /lib/x86_64-linux-gnu/libc.so.6 (unknown line)
uv_cond_wait at /workspace/srcdir/libuv/src/unix/thread.c:822
ijl_task_get_next at /cache/build/builder-amdci5-4/julialang/julia-release-1-dot-12/src/scheduler.c:523
poptask at ./task.jl:1216
wait at ./task.jl:1228
task_done_hook at ./task.jl:868
jfptr_task_done_hook_59905.1 at /home/tll46/.julia/juliaup/julia-1.12.6+0.x64.linux.gnu/lib/julia/sys.so (unknown line)
jl_apply at /cache/build/builder-amdci5-4/julialang/julia-release-1-dot-12/src/julia.h:2391 [inlined]
jl_finish_task at /cache/build/builder-amdci5-4/julialang/julia-release-1-dot-12/src/task.c:341
start_task at /cache/build/builder-amdci5-4/julialang/julia-release-1-dot-12/src/task.c:1263
unknown function (ip: (nil)) at (unknown file)
unknown function (ip: 0x7de29d698d6f) at /lib/x86_64-linux-gnu/libc.so.6
pthread_cond_wait at /lib/x86_64-linux-gnu/libc.so.6 (unknown line)
uv_cond_wait at /workspace/srcdir/libuv/src/unix/thread.c:822
ijl_task_get_next at /cache/build/builder-amdci5-4/julialang/julia-release-1-dot-12/src/scheduler.c:523
poptask at ./task.jl:1216
wait at ./task.jl:1228
task_done_hook at ./task.jl:868
jfptr_task_done_hook_59905.1 at /home/tll46/.julia/juliaup/julia-1.12.6+0.x64.linux.gnu/lib/julia/sys.so (unknown line)
jl_apply at /cache/build/builder-amdci5-4/julialang/julia-release-1-dot-12/src/julia.h:2391 [inlined]
jl_finish_task at /cache/build/builder-amdci5-4/julialang/julia-release-1-dot-12/src/task.c:341
start_task at /cache/build/builder-amdci5-4/julialang/julia-release-1-dot-12/src/task.c:1263
unknown function (ip: (nil)) at (unknown file)
unknown function (ip: 0x7de29d698d6f) at /lib/x86_64-linux-gnu/libc.so.6
pthread_cond_wait at /lib/x86_64-linux-gnu/libc.so.6 (unknown line)
uv_cond_wait at /workspace/srcdir/libuv/src/unix/thread.c:822
ijl_task_get_next at /cache/build/builder-amdci5-4/julialang/julia-release-1-dot-12/src/scheduler.c:523
poptask at ./task.jl:1216
wait at ./task.jl:1228
task_done_hook at ./task.jl:868
jfptr_task_done_hook_59905.1 at /home/tll46/.julia/juliaup/julia-1.12.6+0.x64.linux.gnu/lib/julia/sys.so (unknown line)
jl_apply at /cache/build/builder-amdci5-4/julialang/julia-release-1-dot-12/src/julia.h:2391 [inlined]
jl_finish_task at /cache/build/builder-amdci5-4/julialang/julia-release-1-dot-12/src/task.c:341
start_task at /cache/build/builder-amdci5-4/julialang/julia-release-1-dot-12/src/task.c:1263
unknown function (ip: (nil)) at (unknown file)
unknown function (ip: 0x7de29d698d6f) at /lib/x86_64-linux-gnu/libc.so.6
pthread_cond_wait at /lib/x86_64-linux-gnu/libc.so.6 (unknown line)
uv_cond_wait at /workspace/srcdir/libuv/src/unix/thread.c:822
ijl_task_get_next at /cache/build/builder-amdci5-4/julialang/julia-release-1-dot-12/src/scheduler.c:523
poptask at ./task.jl:1216
wait at ./task.jl:1228
task_done_hook at ./task.jl:868
jfptr_task_done_hook_59905.1 at /home/tll46/.julia/juliaup/julia-1.12.6+0.x64.linux.gnu/lib/julia/sys.so (unknown line)
jl_apply at /cache/build/builder-amdci5-4/julialang/julia-release-1-dot-12/src/julia.h:2391 [inlined]
jl_finish_task at /cache/build/builder-amdci5-4/julialang/julia-release-1-dot-12/src/task.c:341
start_task at /cache/build/builder-amdci5-4/julialang/julia-release-1-dot-12/src/task.c:1263
unknown function (ip: (nil)) at (unknown file)
unknown function (ip: 0x7de29d698d6f) at /lib/x86_64-linux-gnu/libc.so.6
pthread_cond_wait at /lib/x86_64-linux-gnu/libc.so.6 (unknown line)
uv_cond_wait at /workspace/srcdir/libuv/src/unix/thread.c:822
ijl_task_get_next at /cache/build/builder-amdci5-4/julialang/julia-release-1-dot-12/src/scheduler.c:523
poptask at ./task.jl:1216
wait at ./task.jl:1228
task_done_hook at ./task.jl:868
jfptr_task_done_hook_59905.1 at /home/tll46/.julia/juliaup/julia-1.12.6+0.x64.linux.gnu/lib/julia/sys.so (unknown line)
jl_apply at /cache/build/builder-amdci5-4/julialang/julia-release-1-dot-12/src/julia.h:2391 [inlined]
jl_finish_task at /cache/build/builder-amdci5-4/julialang/julia-release-1-dot-12/src/task.c:341
start_task at /cache/build/builder-amdci5-4/julialang/julia-release-1-dot-12/src/task.c:1263
unknown function (ip: (nil)) at (unknown file)
unknown function (ip: 0x7de29d698d6f) at /lib/x86_64-linux-gnu/libc.so.6
pthread_cond_wait at /lib/x86_64-linux-gnu/libc.so.6 (unknown line)
uv_cond_wait at /workspace/srcdir/libuv/src/unix/thread.c:822
ijl_task_get_next at /cache/build/builder-amdci5-4/julialang/julia-release-1-dot-12/src/scheduler.c:523
poptask at ./task.jl:1216
wait at ./task.jl:1228
task_done_hook at ./task.jl:868
jfptr_task_done_hook_59905.1 at /home/tll46/.julia/juliaup/julia-1.12.6+0.x64.linux.gnu/lib/julia/sys.so (unknown line)
jl_apply at /cache/build/builder-amdci5-4/julialang/julia-release-1-dot-12/src/julia.h:2391 [inlined]
jl_finish_task at /cache/build/builder-amdci5-4/julialang/julia-release-1-dot-12/src/task.c:341
start_task at /cache/build/builder-amdci5-4/julialang/julia-release-1-dot-12/src/task.c:1263
unknown function (ip: (nil)) at (unknown file)
unknown function (ip: 0x7de29d698d6f) at /lib/x86_64-linux-gnu/libc.so.6
pthread_cond_wait at /lib/x86_64-linux-gnu/libc.so.6 (unknown line)
uv_cond_wait at /workspace/srcdir/libuv/src/unix/thread.c:822
ijl_task_get_next at /cache/build/builder-amdci5-4/julialang/julia-release-1-dot-12/src/scheduler.c:523
poptask at ./task.jl:1216
wait at ./task.jl:1228
task_done_hook at ./task.jl:868
jfptr_task_done_hook_59905.1 at /home/tll46/.julia/juliaup/julia-1.12.6+0.x64.linux.gnu/lib/julia/sys.so (unknown line)
jl_apply at /cache/build/builder-amdci5-4/julialang/julia-release-1-dot-12/src/julia.h:2391 [inlined]
jl_finish_task at /cache/build/builder-amdci5-4/julialang/julia-release-1-dot-12/src/task.c:341
start_task at /cache/build/builder-amdci5-4/julialang/julia-release-1-dot-12/src/task.c:1263
unknown function (ip: (nil)) at (unknown file)
unknown function (ip: 0x7de29d698d6f) at /lib/x86_64-linux-gnu/libc.so.6
pthread_cond_wait at /lib/x86_64-linux-gnu/libc.so.6 (unknown line)
uv_cond_wait at /workspace/srcdir/libuv/src/unix/thread.c:822
ijl_task_get_next at /cache/build/builder-amdci5-4/julialang/julia-release-1-dot-12/src/scheduler.c:523
poptask at ./task.jl:1216
wait at ./task.jl:1228
task_done_hook at ./task.jl:868
jfptr_task_done_hook_59905.1 at /home/tll46/.julia/juliaup/julia-1.12.6+0.x64.linux.gnu/lib/julia/sys.so (unknown line)
jl_apply at /cache/build/builder-amdci5-4/julialang/julia-release-1-dot-12/src/julia.h:2391 [inlined]
jl_finish_task at /cache/build/builder-amdci5-4/julialang/julia-release-1-dot-12/src/task.c:341
start_task at /cache/build/builder-amdci5-4/julialang/julia-release-1-dot-12/src/task.c:1263
unknown function (ip: (nil)) at (unknown file)
unknown function (ip: 0x7de29d698d6f) at /lib/x86_64-linux-gnu/libc.so.6
pthread_cond_wait at /lib/x86_64-linux-gnu/libc.so.6 (unknown line)
uv_cond_wait at /workspace/srcdir/libuv/src/unix/thread.c:822
ijl_task_get_next at /cache/build/builder-amdci5-4/julialang/julia-release-1-dot-12/src/scheduler.c:523
poptask at ./task.jl:1216
wait at ./task.jl:1228
task_done_hook at ./task.jl:868
jfptr_task_done_hook_59905.1 at /home/tll46/.julia/juliaup/julia-1.12.6+0.x64.linux.gnu/lib/julia/sys.so (unknown line)
jl_apply at /cache/build/builder-amdci5-4/julialang/julia-release-1-dot-12/src/julia.h:2391 [inlined]
jl_finish_task at /cache/build/builder-amdci5-4/julialang/julia-release-1-dot-12/src/task.c:341
start_task at /cache/build/builder-amdci5-4/julialang/julia-release-1-dot-12/src/task.c:1263
unknown function (ip: (nil)) at (unknown file)
unknown function (ip: 0x7de29d698d6f) at /lib/x86_64-linux-gnu/libc.so.6
pthread_cond_wait at /lib/x86_64-linux-gnu/libc.so.6 (unknown line)
uv_cond_wait at /workspace/srcdir/libuv/src/unix/thread.c:822
ijl_task_get_next at /cache/build/builder-amdci5-4/julialang/julia-release-1-dot-12/src/scheduler.c:523
poptask at ./task.jl:1216
wait at ./task.jl:1228
task_done_hook at ./task.jl:868
jfptr_task_done_hook_59905.1 at /home/tll46/.julia/juliaup/julia-1.12.6+0.x64.linux.gnu/lib/julia/sys.so (unknown line)
jl_apply at /cache/build/builder-amdci5-4/julialang/julia-release-1-dot-12/src/julia.h:2391 [inlined]
jl_finish_task at /cache/build/builder-amdci5-4/julialang/julia-release-1-dot-12/src/task.c:341
start_task at /cache/build/builder-amdci5-4/julialang/julia-release-1-dot-12/src/task.c:1263
unknown function (ip: (nil)) at (unknown file)
unknown function (ip: 0x7de29d698d6f) at /lib/x86_64-linux-gnu/libc.so.6
pthread_cond_wait at /lib/x86_64-linux-gnu/libc.so.6 (unknown line)
uv_cond_wait at /workspace/srcdir/libuv/src/unix/thread.c:822
ijl_task_get_next at /cache/build/builder-amdci5-4/julialang/julia-release-1-dot-12/src/scheduler.c:523
poptask at ./task.jl:1216
wait at ./task.jl:1228
task_done_hook at ./task.jl:868
jfptr_task_done_hook_59905.1 at /home/tll46/.julia/juliaup/julia-1.12.6+0.x64.linux.gnu/lib/julia/sys.so (unknown line)
jl_apply at /cache/build/builder-amdci5-4/julialang/julia-release-1-dot-12/src/julia.h:2391 [inlined]
jl_finish_task at /cache/build/builder-amdci5-4/julialang/julia-release-1-dot-12/src/task.c:341
start_task at /cache/build/builder-amdci5-4/julialang/julia-release-1-dot-12/src/task.c:1263
unknown function (ip: (nil)) at (unknown file)
unknown function (ip: 0x7de29d698d6f) at /lib/x86_64-linux-gnu/libc.so.6
pthread_cond_wait at /lib/x86_64-linux-gnu/libc.so.6 (unknown line)
uv_cond_wait at /workspace/srcdir/libuv/src/unix/thread.c:822
ijl_task_get_next at /cache/build/builder-amdci5-4/julialang/julia-release-1-dot-12/src/scheduler.c:523
poptask at ./task.jl:1216
wait at ./task.jl:1228
task_done_hook at ./task.jl:868
jfptr_task_done_hook_59905.1 at /home/tll46/.julia/juliaup/julia-1.12.6+0.x64.linux.gnu/lib/julia/sys.so (unknown line)
jl_apply at /cache/build/builder-amdci5-4/julialang/julia-release-1-dot-12/src/julia.h:2391 [inlined]
jl_finish_task at /cache/build/builder-amdci5-4/julialang/julia-release-1-dot-12/src/task.c:341
start_task at /cache/build/builder-amdci5-4/julialang/julia-release-1-dot-12/src/task.c:1263
unknown function (ip: (nil)) at (unknown file)
unknown function (ip: 0x7de29d698d6f) at /lib/x86_64-linux-gnu/libc.so.6
pthread_cond_wait at /lib/x86_64-linux-gnu/libc.so.6 (unknown line)
uv_cond_wait at /workspace/srcdir/libuv/src/unix/thread.c:822
ijl_task_get_next at /cache/build/builder-amdci5-4/julialang/julia-release-1-dot-12/src/scheduler.c:523
poptask at ./task.jl:1216
wait at ./task.jl:1228
task_done_hook at ./task.jl:868
jfptr_task_done_hook_59905.1 at /home/tll46/.julia/juliaup/julia-1.12.6+0.x64.linux.gnu/lib/julia/sys.so (unknown line)
jl_apply at /cache/build/builder-amdci5-4/julialang/julia-release-1-dot-12/src/julia.h:2391 [inlined]
jl_finish_task at /cache/build/builder-amdci5-4/julialang/julia-release-1-dot-12/src/task.c:341
start_task at /cache/build/builder-amdci5-4/julialang/julia-release-1-dot-12/src/task.c:1263
unknown function (ip: (nil)) at (unknown file)
unknown function (ip: 0x7de29d698d6f) at /lib/x86_64-linux-gnu/libc.so.6
pthread_cond_wait at /lib/x86_64-linux-gnu/libc.so.6 (unknown line)
uv_cond_wait at /workspace/srcdir/libuv/src/unix/thread.c:822
ijl_task_get_next at /cache/build/builder-amdci5-4/julialang/julia-release-1-dot-12/src/scheduler.c:523
poptask at ./task.jl:1216
wait at ./task.jl:1228
task_done_hook at ./task.jl:868
jfptr_task_done_hook_59905.1 at /home/tll46/.julia/juliaup/julia-1.12.6+0.x64.linux.gnu/lib/julia/sys.so (unknown line)
jl_apply at /cache/build/builder-amdci5-4/julialang/julia-release-1-dot-12/src/julia.h:2391 [inlined]
jl_finish_task at /cache/build/builder-amdci5-4/julialang/julia-release-1-dot-12/src/task.c:341
start_task at /cache/build/builder-amdci5-4/julialang/julia-release-1-dot-12/src/task.c:1263
unknown function (ip: (nil)) at (unknown file)
unknown function (ip: 0x7de29d698d6f) at /lib/x86_64-linux-gnu/libc.so.6
pthread_cond_wait at /lib/x86_64-linux-gnu/libc.so.6 (unknown line)
uv_cond_wait at /workspace/srcdir/libuv/src/unix/thread.c:822
ijl_task_get_next at /cache/build/builder-amdci5-4/julialang/julia-release-1-dot-12/src/scheduler.c:523
poptask at ./task.jl:1216
wait at ./task.jl:1228
task_done_hook at ./task.jl:868
jfptr_task_done_hook_59905.1 at /home/tll46/.julia/juliaup/julia-1.12.6+0.x64.linux.gnu/lib/julia/sys.so (unknown line)
jl_apply at /cache/build/builder-amdci5-4/julialang/julia-release-1-dot-12/src/julia.h:2391 [inlined]
jl_finish_task at /cache/build/builder-amdci5-4/julialang/julia-release-1-dot-12/src/task.c:341
start_task at /cache/build/builder-amdci5-4/julialang/julia-release-1-dot-12/src/task.c:1263
unknown function (ip: (nil)) at (unknown file)
unknown function (ip: 0x7de29d698d6f) at /lib/x86_64-linux-gnu/libc.so.6
pthread_cond_wait at /lib/x86_64-linux-gnu/libc.so.6 (unknown line)
uv_cond_wait at /workspace/srcdir/libuv/src/unix/thread.c:822
ijl_task_get_next at /cache/build/builder-amdci5-4/julialang/julia-release-1-dot-12/src/scheduler.c:523
poptask at ./task.jl:1216
wait at ./task.jl:1228
#wait#398 at ./condition.jl:141
wait at ./condition.jl:136 [inlined]
put! at /home/tll46/.julia/packages/CUDACore/NlVPI/lib/cudadrv/synchronization.jl:40
nonblocking_synchronize at /home/tll46/.julia/packages/CUDACore/NlVPI/lib/cudadrv/synchronization.jl:175
#synchronize#593 at /home/tll46/.julia/packages/CUDACore/NlVPI/lib/cudadrv/synchronization.jl:207
synchronize at /home/tll46/.julia/packages/CUDACore/NlVPI/lib/cudadrv/synchronization.jl:201 [inlined]
synchronize at /home/tll46/.julia/packages/CUDACore/NlVPI/src/memory.jl:580 [inlined]
synchronize at /home/tll46/.julia/packages/CUDACore/NlVPI/src/array.jl:494
#712 at /home/tll46/.julia/packages/CUDACore/NlVPI/src/array.jl:617 [inlined]
context! at /home/tll46/.julia/packages/CUDACore/NlVPI/lib/cudadrv/state.jl:157 [inlined]
unsafe_copyto! at /home/tll46/.julia/packages/CUDACore/NlVPI/src/array.jl:612
copyto! at /home/tll46/.julia/packages/CUDACore/NlVPI/src/array.jl:564 [inlined]
getindex at /home/tll46/.julia/packages/GPUArrays/VNJ6B/src/host/indexing.jl:52 [inlined]
scalar_getindex at /home/tll46/.julia/packages/GPUArrays/VNJ6B/src/host/indexing.jl:36 [inlined]
_getindex at /home/tll46/.julia/packages/GPUArrays/VNJ6B/src/host/indexing.jl:19 [inlined]
getindex at /home/tll46/.julia/packages/GPUArrays/VNJ6B/src/host/indexing.jl:17 [inlined]
macro expansion at /home/tll46/.julia/packages/GPUArraysCore/aNaXo/src/GPUArraysCore.jl:206 [inlined]
#_mapreduce#48 at /home/tll46/.julia/packages/GPUArrays/VNJ6B/src/host/mapreduce.jl:88
_mapreduce at /home/tll46/.julia/packages/GPUArrays/VNJ6B/src/host/mapreduce.jl:40 [inlined]
#mapreduce#46 at /home/tll46/.julia/packages/GPUArrays/VNJ6B/src/host/mapreduce.jl:35 [inlined]
mapreduce at /home/tll46/.julia/packages/GPUArrays/VNJ6B/src/host/mapreduce.jl:35 [inlined]
#_sum#738 at ./reducedim.jl:984 [inlined]
_sum at ./reducedim.jl:984 [inlined]
#sum#736 at ./reducedim.jl:980 [inlined]
sum at ./reducedim.jl:980 [inlined]
_mean at /home/tll46/.julia/packages/GPUArrays/VNJ6B/src/host/statistics.jl:27 [inlined]
#mean#2 at /home/tll46/.julia/packages/Statistics/gbcbG/src/Statistics.jl:178 [inlined]
mean at /home/tll46/.julia/packages/Statistics/gbcbG/src/Statistics.jl:178 [inlined]
solve! at /home/tll46/.julia/packages/Oceananigans/p6AAO/src/Solvers/fourier_tridiagonal_poisson_solver.jl:253
solve! at /home/tll46/.julia/packages/Oceananigans/p6AAO/src/Solvers/fourier_tridiagonal_poisson_solver.jl:232 [inlined]
solve_for_pressure! at /home/tll46/.julia/packages/Oceananigans/p6AAO/src/Models/NonhydrostaticModels/solve_for_pressure.jl:124 [inlined]
compute_pressure_correction! at /home/tll46/.julia/packages/Oceananigans/p6AAO/src/Models/NonhydrostaticModels/pressure_correction.jl:14
pressure_correction_rk3_substep! at /home/tll46/.julia/packages/Oceananigans/p6AAO/src/Models/NonhydrostaticModels/nonhydrostatic_rk3_substep.jl:59
rk3_substep! at /home/tll46/.julia/packages/Oceananigans/p6AAO/src/Models/NonhydrostaticModels/nonhydrostatic_rk3_substep.jl:11 [inlined]
#time_step!#10 at /home/tll46/.julia/packages/Oceananigans/p6AAO/src/TimeSteppers/runge_kutta_3.jl:141
time_step! at /home/tll46/.julia/packages/Oceananigans/p6AAO/src/TimeSteppers/runge_kutta_3.jl:103
unknown function (ip: 0x7de1b857163b) at (unknown file)
time_step! at /home/tll46/.julia/packages/Oceananigans/p6AAO/src/Simulations/run.jl:247
#run!#7 at /home/tll46/.julia/packages/Oceananigans/p6AAO/src/Simulations/run.jl:176
run! at /home/tll46/.julia/packages/Oceananigans/p6AAO/src/Simulations/run.jl:156
unknown function (ip: 0x7de1bb7fdcc2) at (unknown file)
jl_apply at /cache/build/builder-amdci5-4/julialang/julia-release-1-dot-12/src/julia.h:2391 [inlined]
do_call at /cache/build/builder-amdci5-4/julialang/julia-release-1-dot-12/src/interpreter.c:123
eval_value at /cache/build/builder-amdci5-4/julialang/julia-release-1-dot-12/src/interpreter.c:243
eval_stmt_value at /cache/build/builder-amdci5-4/julialang/julia-release-1-dot-12/src/interpreter.c:194 [inlined]
eval_body at /cache/build/builder-amdci5-4/julialang/julia-release-1-dot-12/src/interpreter.c:707
jl_interpret_toplevel_thunk at /cache/build/builder-amdci5-4/julialang/julia-release-1-dot-12/src/interpreter.c:898
jl_toplevel_eval_flex at /cache/build/builder-amdci5-4/julialang/julia-release-1-dot-12/src/toplevel.c:1035
jl_toplevel_eval_flex at /cache/build/builder-amdci5-4/julialang/julia-release-1-dot-12/src/toplevel.c:975
ijl_toplevel_eval at /cache/build/builder-amdci5-4/julialang/julia-release-1-dot-12/src/toplevel.c:1047
ijl_toplevel_eval_in at /cache/build/builder-amdci5-4/julialang/julia-release-1-dot-12/src/toplevel.c:1092
eval at ./boot.jl:489
include_string at ./loading.jl:2874
_include at ./loading.jl:2934
include at ./Base.jl:306
exec_options at ./client.jl:317
_start at ./client.jl:550
jfptr__start_63319.1 at /home/tll46/.julia/juliaup/julia-1.12.6+0.x64.linux.gnu/lib/julia/sys.so (unknown line)
jl_apply at /cache/build/builder-amdci5-4/julialang/julia-release-1-dot-12/src/julia.h:2391 [inlined]
true_main at /cache/build/builder-amdci5-4/julialang/julia-release-1-dot-12/src/jlapi.c:971
jl_repl_entrypoint at /cache/build/builder-amdci5-4/julialang/julia-release-1-dot-12/src/jlapi.c:1139
main at /cache/build/builder-amdci5-4/julialang/julia-release-1-dot-12/cli/loader_exe.c:58
unknown function (ip: 0x7de29d62a1c9) at /lib/x86_64-linux-gnu/libc.so.6
__libc_start_main at /lib/x86_64-linux-gnu/libc.so.6 (unknown line)
unknown function (ip: 0x4010b8) at /workspace/srcdir/glibc-2.17/csu/../sysdeps/x86_64/start.S
unknown function (ip: (nil)) at (unknown file)
Allocations: 2146358058 (Pool: 2050804270; Big: 95553788); GC: 15899
[ Info: Oceananigans will use 16 threads
[ Info: Case Ri0: Ri = 0, N² = 0 s⁻², δ_s = 0.1192 m, Re_s = 1788
[ Info: Domain 5.960 × 2.980 × 10.728 m = 50 × 25 × 90 δ_s, 8 periods (b is a passive scalar)
[ Info: Bottom Δz = 0.0061 m = 0.051 δ_s (19.5 points across δ_s); 182 of 192 cells below the sponge
[ Info: Δx = 0.1242 m = 1.04 δ_s, Δy = 0.0621 m = 0.52 δ_s
[ Info: x-y slice at k = 18 (z = 0.128 m ≈ δ)
[ Info: Initializing simulation...
[ Info:     ... simulation initialization complete (20.105 seconds)
[ Info: Executing initial time step...
[ Info:     ... initial time step complete (4.427 seconds).
