i:      0, t:       0.0 s, ωt:   0.00 (0.00 periods), wall: 23.809 seconds, Δt:   1.20, CFL: 1.96e-01
i:    100, t:     291.7 s, ωt:   0.03 (0.00 periods), wall: 44.922 seconds, Δt:   4.30, CFL: 7.20e-01
i:    200, t:     705.8 s, ωt:   0.07 (0.01 periods), wall: 47.906 seconds, Δt:   3.77, CFL: 7.20e-01
i:    300, t:    1045.6 s, ωt:   0.10 (0.02 periods), wall: 50.889 seconds, Δt:   3.11, CFL: 7.20e-01
i:    400, t:    1335.3 s, ωt:   0.13 (0.02 periods), wall: 53.868 seconds, Δt:   2.58, CFL: 7.20e-01
i:    500, t:    1583.0 s, ωt:   0.16 (0.03 periods), wall: 56.850 seconds, Δt:   2.62, CFL: 7.20e-01
i:    600, t:    1836.8 s, ωt:   0.18 (0.03 periods), wall: 59.819 seconds, Δt:   2.19, CFL: 7.20e-01
i:    700, t:    2058.8 s, ωt:   0.21 (0.03 periods), wall: 1.047 minutes, Δt:   2.32, CFL: 7.20e-01
i:    800, t:    2296.1 s, ωt:   0.23 (0.04 periods), wall: 1.096 minutes, Δt:   2.43, CFL: 7.20e-01
i:    900, t:    2513.3 s, ωt:   0.25 (0.04 periods), wall: 1.146 minutes, Δt:   2.45, CFL: 7.20e-01
i:   1000, t:    2757.8 s, ωt:   0.28 (0.04 periods), wall: 1.195 minutes, Δt:   2.38, CFL: 7.20e-01
i:   1100, t:    2997.8 s, ωt:   0.30 (0.05 periods), wall: 1.245 minutes, Δt:   2.35, CFL: 7.20e-01
i:   1200, t:    3229.2 s, ωt:   0.32 (0.05 periods), wall: 1.295 minutes, Δt:   2.22, CFL: 7.20e-01
i:   1300, t:    3441.3 s, ωt:   0.34 (0.05 periods), wall: 1.344 minutes, Δt:   2.06, CFL: 7.20e-01
i:   1400, t:    3651.5 s, ωt:   0.37 (0.06 periods), wall: 1.394 minutes, Δt:   1.91, CFL: 7.20e-01
i:   1500, t:    3843.4 s, ωt:   0.38 (0.06 periods), wall: 1.444 minutes, Δt:   1.77, CFL: 7.20e-01
i:   1600, t:    4029.5 s, ωt:   0.40 (0.06 periods), wall: 1.494 minutes, Δt:   1.99, CFL: 7.20e-01
i:   1700, t:    4218.3 s, ωt:   0.42 (0.07 periods), wall: 1.543 minutes, Δt:   2.11, CFL: 7.20e-01
i:   1800, t:    4398.2 s, ωt:   0.44 (0.07 periods), wall: 1.593 minutes, Δt:   1.56, CFL: 7.20e-01
i:   1900, t:    4547.1 s, ωt:   0.45 (0.07 periods), wall: 1.643 minutes, Δt:   1.60, CFL: 7.20e-01
i:   2000, t:    4709.4 s, ωt:   0.47 (0.07 periods), wall: 1.692 minutes, Δt:   1.66, CFL: 7.20e-01
i:   2100, t:    4861.1 s, ωt:   0.49 (0.08 periods), wall: 1.742 minutes, Δt:   1.38, CFL: 7.20e-01
i:   2200, t:    5004.9 s, ωt:   0.50 (0.08 periods), wall: 1.792 minutes, Δt:   1.32, CFL: 7.20e-01
i:   2300, t:    5146.2 s, ωt:   0.51 (0.08 periods), wall: 1.842 minutes, Δt:   1.36, CFL: 7.20e-01
i:   2400, t:    5293.7 s, ωt:   0.53 (0.08 periods), wall: 1.891 minutes, Δt:   1.50, CFL: 7.20e-01
i:   2500, t:    5442.8 s, ωt:   0.54 (0.09 periods), wall: 1.941 minutes, Δt:   1.43, CFL: 7.20e-01
i:   2600, t:    5592.1 s, ωt:   0.56 (0.09 periods), wall: 1.991 minutes, Δt:   1.28, CFL: 7.20e-01
i:   2700, t:    5721.1 s, ωt:   0.57 (0.09 periods), wall: 2.041 minutes, Δt:   1.04, CFL: 7.20e-01
i:   2800, t:    5841.6 s, ωt:   0.58 (0.09 periods), wall: 2.090 minutes, Δt:   1.24, CFL: 7.20e-01
i:   2900, t:    5967.8 s, ωt:   0.60 (0.09 periods), wall: 2.140 minutes, Δt:   1.20, CFL: 7.20e-01
i:   3000, t:    6088.2 s, ωt:   0.61 (0.10 periods), wall: 2.190 minutes, Δt:   1.18, CFL: 7.20e-01
i:   3100, t:    6211.9 s, ωt:   0.62 (0.10 periods), wall: 2.239 minutes, Δt:   1.18, CFL: 7.20e-01
i:   3200, t:    6335.8 s, ωt:   0.63 (0.10 periods), wall: 2.289 minutes, Δt:   1.05, CFL: 7.20e-01
i:   3300, t:    6456.0 s, ωt:   0.65 (0.10 periods), wall: 2.339 minutes, Δt:   1.35, CFL: 7.20e-01
i:   3400, t:    6573.7 s, ωt:   0.66 (0.10 periods), wall: 2.389 minutes, Δt:   1.19, CFL: 7.20e-01
i:   3500, t:    6691.5 s, ωt:   0.67 (0.11 periods), wall: 2.439 minutes, Δt:   1.09, CFL: 7.20e-01
i:   3600, t:    6800.5 s, ωt:   0.68 (0.11 periods), wall: 2.488 minutes, Δt:   1.16, CFL: 7.20e-01
i:   3700, t:    6916.4 s, ωt:   0.69 (0.11 periods), wall: 2.538 minutes, Δt:   0.98, CFL: 7.20e-01
i:   3800, t:    7020.2 s, ωt:   0.70 (0.11 periods), wall: 2.588 minutes, Δt:   1.19, CFL: 7.20e-01
i:   3900, t:    7135.6 s, ωt:   0.71 (0.11 periods), wall: 2.638 minutes, Δt:   1.07, CFL: 7.20e-01
i:   4000, t:    7236.6 s, ωt:   0.72 (0.12 periods), wall: 2.687 minutes, Δt:   0.94, CFL: 7.20e-01
i:   4100, t:    7341.1 s, ωt:   0.73 (0.12 periods), wall: 2.737 minutes, Δt:   1.00, CFL: 7.20e-01
i:   4200, t:    7449.8 s, ωt:   0.74 (0.12 periods), wall: 2.787 minutes, Δt:   0.93, CFL: 7.20e-01
i:   4300, t:    7554.7 s, ωt:   0.76 (0.12 periods), wall: 2.837 minutes, Δt:   1.17, CFL: 7.20e-01
i:   4400, t:    7661.9 s, ωt:   0.77 (0.12 periods), wall: 2.886 minutes, Δt:   0.99, CFL: 7.20e-01
i:   4500, t:    7771.1 s, ωt:   0.78 (0.12 periods), wall: 2.936 minutes, Δt:   0.99, CFL: 7.20e-01
i:   4600, t:    7875.1 s, ωt:   0.79 (0.13 periods), wall: 2.986 minutes, Δt:   1.17, CFL: 7.20e-01
i:   4700, t:    7974.8 s, ωt:   0.80 (0.13 periods), wall: 3.036 minutes, Δt:   0.81, CFL: 7.20e-01
i:   4800, t:    8074.1 s, ωt:   0.81 (0.13 periods), wall: 3.085 minutes, Δt:   1.01, CFL: 7.20e-01
i:   4900, t:    8175.3 s, ωt:   0.82 (0.13 periods), wall: 3.135 minutes, Δt:   1.01, CFL: 7.20e-01
i:   5000, t:    8261.3 s, ωt:   0.83 (0.13 periods), wall: 3.185 minutes, Δt:   0.88, CFL: 7.20e-01
i:   5100, t:    8354.8 s, ωt:   0.84 (0.13 periods), wall: 3.234 minutes, Δt:   1.02, CFL: 7.20e-01
i:   5200, t:    8459.4 s, ωt:   0.85 (0.13 periods), wall: 3.284 minutes, Δt:   0.97, CFL: 7.20e-01
i:   5300, t:    8558.1 s, ωt:   0.86 (0.14 periods), wall: 3.334 minutes, Δt:   0.98, CFL: 7.20e-01
i:   5400, t:    8651.1 s, ωt:   0.87 (0.14 periods), wall: 3.384 minutes, Δt:   1.08, CFL: 7.20e-01
i:   5500, t:    8754.8 s, ωt:   0.88 (0.14 periods), wall: 3.433 minutes, Δt:   1.07, CFL: 7.20e-01
i:   5600, t:    8855.8 s, ωt:   0.89 (0.14 periods), wall: 3.483 minutes, Δt:   0.91, CFL: 7.20e-01
i:   5700, t:    8948.8 s, ωt:   0.89 (0.14 periods), wall: 3.533 minutes, Δt:   0.83, CFL: 7.20e-01
i:   5800, t:    9038.1 s, ωt:   0.90 (0.14 periods), wall: 3.582 minutes, Δt:   0.91, CFL: 7.20e-01
i:   5900, t:    9132.7 s, ωt:   0.91 (0.15 periods), wall: 3.632 minutes, Δt:   0.87, CFL: 7.20e-01
i:   6000, t:    9219.8 s, ωt:   0.92 (0.15 periods), wall: 3.682 minutes, Δt:   0.80, CFL: 7.20e-01
i:   6100, t:    9307.9 s, ωt:   0.93 (0.15 periods), wall: 3.732 minutes, Δt:   0.83, CFL: 7.20e-01
i:   6200, t:    9394.5 s, ωt:   0.94 (0.15 periods), wall: 3.782 minutes, Δt:   1.00, CFL: 7.20e-01
i:   6300, t:    9477.9 s, ωt:   0.95 (0.15 periods), wall: 3.831 minutes, Δt:   0.86, CFL: 7.20e-01
i:   6400, t:    9572.9 s, ωt:   0.96 (0.15 periods), wall: 3.881 minutes, Δt:   0.96, CFL: 7.20e-01
i:   6500, t:    9647.3 s, ωt:   0.96 (0.15 periods), wall: 3.931 minutes, Δt:   0.86, CFL: 7.20e-01
i:   6600, t:    9738.4 s, ωt:   0.97 (0.15 periods), wall: 3.980 minutes, Δt:   0.78, CFL: 7.20e-01
i:   6700, t:    9823.7 s, ωt:   0.98 (0.16 periods), wall: 4.030 minutes, Δt:   0.84, CFL: 7.20e-01
i:   6800, t:    9912.5 s, ωt:   0.99 (0.16 periods), wall: 4.080 minutes, Δt:   0.93, CFL: 7.20e-01
i:   6900, t:   10005.2 s, ωt:   1.00 (0.16 periods), wall: 4.130 minutes, Δt:   0.91, CFL: 7.20e-01
i:   7000, t:   10097.8 s, ωt:   1.01 (0.16 periods), wall: 4.179 minutes, Δt:   0.89, CFL: 7.20e-01
i:   7100, t:   10176.2 s, ωt:   1.02 (0.16 periods), wall: 4.229 minutes, Δt:   0.88, CFL: 7.20e-01
i:   7200, t:   10268.4 s, ωt:   1.03 (0.16 periods), wall: 4.279 minutes, Δt:   0.87, CFL: 7.20e-01
i:   7300, t:   10354.2 s, ωt:   1.04 (0.16 periods), wall: 4.329 minutes, Δt:   0.74, CFL: 7.20e-01
i:   7400, t:   10439.1 s, ωt:   1.04 (0.17 periods), wall: 4.378 minutes, Δt:   0.75, CFL: 7.20e-01
i:   7500, t:   10522.0 s, ωt:   1.05 (0.17 periods), wall: 4.428 minutes, Δt:   0.82, CFL: 7.20e-01
i:   7600, t:   10598.6 s, ωt:   1.06 (0.17 periods), wall: 4.478 minutes, Δt:   0.82, CFL: 7.20e-01
i:   7700, t:   10684.8 s, ωt:   1.07 (0.17 periods), wall: 4.527 minutes, Δt:   0.90, CFL: 7.20e-01
i:   7800, t:   10767.8 s, ωt:   1.08 (0.17 periods), wall: 4.577 minutes, Δt:   0.84, CFL: 7.20e-01
i:   7900, t:   10846.8 s, ωt:   1.08 (0.17 periods), wall: 4.627 minutes, Δt:   0.87, CFL: 7.20e-01
i:   8000, t:   10933.6 s, ωt:   1.09 (0.17 periods), wall: 4.676 minutes, Δt:   0.84, CFL: 7.20e-01
i:   8100, t:   11010.3 s, ωt:   1.10 (0.18 periods), wall: 4.726 minutes, Δt:   0.68, CFL: 7.20e-01
i:   8200, t:   11088.3 s, ωt:   1.11 (0.18 periods), wall: 4.776 minutes, Δt:   0.84, CFL: 7.20e-01
i:   8300, t:   11171.8 s, ωt:   1.12 (0.18 periods), wall: 4.825 minutes, Δt:   0.65, CFL: 7.20e-01
i:   8400, t:   11246.1 s, ωt:   1.12 (0.18 periods), wall: 4.875 minutes, Δt:   0.86, CFL: 7.20e-01
i:   8500, t:   11330.1 s, ωt:   1.13 (0.18 periods), wall: 4.925 minutes, Δt:   0.79, CFL: 7.20e-01
i:   8600, t:   11407.5 s, ωt:   1.14 (0.18 periods), wall: 4.975 minutes, Δt:   0.68, CFL: 7.20e-01
i:   8700, t:   11482.7 s, ωt:   1.15 (0.18 periods), wall: 5.024 minutes, Δt:   0.80, CFL: 7.20e-01
i:   8800, t:   11562.0 s, ωt:   1.16 (0.18 periods), wall: 5.074 minutes, Δt:   0.80, CFL: 7.20e-01
i:   8900, t:   11642.7 s, ωt:   1.16 (0.19 periods), wall: 5.124 minutes, Δt:   0.78, CFL: 7.20e-01
i:   9000, t:   11717.2 s, ωt:   1.17 (0.19 periods), wall: 5.173 minutes, Δt:   0.88, CFL: 7.20e-01
i:   9100, t:   11804.0 s, ωt:   1.18 (0.19 periods), wall: 5.223 minutes, Δt:   0.89, CFL: 7.20e-01
i:   9200, t:   11890.6 s, ωt:   1.19 (0.19 periods), wall: 5.273 minutes, Δt:   0.95, CFL: 7.20e-01
i:   9300, t:   11977.5 s, ωt:   1.20 (0.19 periods), wall: 5.323 minutes, Δt:   0.77, CFL: 7.20e-01
i:   9400, t:   12057.2 s, ωt:   1.21 (0.19 periods), wall: 5.372 minutes, Δt:   0.80, CFL: 7.20e-01
i:   9500, t:   12141.4 s, ωt:   1.21 (0.19 periods), wall: 5.423 minutes, Δt:   0.78, CFL: 7.20e-01
i:   9600, t:   12223.7 s, ωt:   1.22 (0.19 periods), wall: 5.473 minutes, Δt:   0.83, CFL: 7.20e-01
i:   9700, t:   12302.2 s, ωt:   1.23 (0.20 periods), wall: 5.523 minutes, Δt:   0.84, CFL: 7.20e-01
i:   9800, t:   12380.1 s, ωt:   1.24 (0.20 periods), wall: 5.572 minutes, Δt:   0.68, CFL: 7.20e-01
i:   9900, t:   12451.8 s, ωt:   1.25 (0.20 periods), wall: 5.622 minutes, Δt:   0.71, CFL: 7.20e-01
i:  10000, t:   12527.4 s, ωt:   1.25 (0.20 periods), wall: 5.672 minutes, Δt:   0.81, CFL: 7.20e-01
i:  10100, t:   12608.1 s, ωt:   1.26 (0.20 periods), wall: 5.722 minutes, Δt:   0.81, CFL: 7.20e-01
i:  10200, t:   12691.1 s, ωt:   1.27 (0.20 periods), wall: 5.771 minutes, Δt:   0.84, CFL: 7.20e-01
i:  10300, t:   12764.7 s, ωt:   1.28 (0.20 periods), wall: 5.821 minutes, Δt:   0.79, CFL: 7.20e-01
i:  10400, t:   12849.3 s, ωt:   1.28 (0.20 periods), wall: 5.871 minutes, Δt:   0.77, CFL: 7.20e-01
i:  10500, t:   12929.4 s, ωt:   1.29 (0.21 periods), wall: 5.920 minutes, Δt:   0.80, CFL: 7.20e-01
i:  10600, t:   13015.8 s, ωt:   1.30 (0.21 periods), wall: 5.970 minutes, Δt:   0.76, CFL: 7.20e-01
i:  10700, t:   13088.2 s, ωt:   1.31 (0.21 periods), wall: 6.020 minutes, Δt:   0.87, CFL: 7.20e-01
i:  10800, t:   13177.9 s, ωt:   1.32 (0.21 periods), wall: 6.070 minutes, Δt:   0.83, CFL: 7.20e-01
i:  10900, t:   13255.8 s, ωt:   1.33 (0.21 periods), wall: 6.119 minutes, Δt:   0.81, CFL: 7.20e-01
i:  11000, t:   13329.0 s, ωt:   1.33 (0.21 periods), wall: 6.169 minutes, Δt:   0.80, CFL: 7.20e-01
i:  11100, t:   13408.9 s, ωt:   1.34 (0.21 periods), wall: 6.219 minutes, Δt:   0.79, CFL: 7.20e-01
i:  11200, t:   13495.4 s, ωt:   1.35 (0.21 periods), wall: 6.269 minutes, Δt:   0.69, CFL: 7.20e-01
i:  11300, t:   13571.4 s, ωt:   1.36 (0.22 periods), wall: 6.318 minutes, Δt:   0.91, CFL: 7.20e-01
i:  11400, t:   13654.5 s, ωt:   1.37 (0.22 periods), wall: 6.368 minutes, Δt:   0.78, CFL: 7.20e-01
i:  11500, t:   13732.1 s, ωt:   1.37 (0.22 periods), wall: 6.418 minutes, Δt:   0.71, CFL: 7.20e-01
i:  11600, t:   13812.4 s, ωt:   1.38 (0.22 periods), wall: 6.467 minutes, Δt:   0.75, CFL: 7.20e-01
i:  11700, t:   13890.5 s, ωt:   1.39 (0.22 periods), wall: 6.517 minutes, Δt:   0.68, CFL: 7.20e-01
i:  11800, t:   13965.7 s, ωt:   1.40 (0.22 periods), wall: 6.567 minutes, Δt:   0.81, CFL: 7.20e-01
i:  11900, t:   14039.6 s, ωt:   1.40 (0.22 periods), wall: 6.617 minutes, Δt:   0.73, CFL: 7.20e-01
i:  12000, t:   14113.2 s, ωt:   1.41 (0.22 periods), wall: 6.666 minutes, Δt:   0.68, CFL: 7.20e-01
i:  12100, t:   14187.2 s, ωt:   1.42 (0.23 periods), wall: 6.716 minutes, Δt:   0.74, CFL: 7.20e-01
i:  12200, t:   14258.4 s, ωt:   1.43 (0.23 periods), wall: 6.766 minutes, Δt:   0.73, CFL: 7.20e-01
i:  12300, t:   14332.9 s, ωt:   1.43 (0.23 periods), wall: 6.816 minutes, Δt:   0.74, CFL: 7.20e-01
i:  12400, t:   14410.0 s, ωt:   1.44 (0.23 periods), wall: 6.865 minutes, Δt:   0.72, CFL: 7.20e-01
i:  12500, t:   14487.7 s, ωt:   1.45 (0.23 periods), wall: 6.915 minutes, Δt:   0.85, CFL: 7.20e-01
i:  12600, t:   14564.2 s, ωt:   1.46 (0.23 periods), wall: 6.965 minutes, Δt:   0.71, CFL: 7.20e-01
i:  12700, t:   14644.5 s, ωt:   1.46 (0.23 periods), wall: 7.015 minutes, Δt:   0.85, CFL: 7.20e-01
i:  12800, t:   14725.6 s, ωt:   1.47 (0.23 periods), wall: 7.064 minutes, Δt:   0.78, CFL: 7.20e-01
i:  12900, t:   14799.4 s, ωt:   1.48 (0.24 periods), wall: 7.114 minutes, Δt:   0.76, CFL: 7.20e-01
i:  13000, t:   14872.3 s, ωt:   1.49 (0.24 periods), wall: 7.164 minutes, Δt:   0.72, CFL: 7.20e-01
i:  13100, t:   14948.7 s, ωt:   1.49 (0.24 periods), wall: 7.213 minutes, Δt:   0.73, CFL: 7.20e-01
i:  13200, t:   15026.1 s, ωt:   1.50 (0.24 periods), wall: 7.263 minutes, Δt:   0.81, CFL: 7.20e-01
i:  13300, t:   15094.7 s, ωt:   1.51 (0.24 periods), wall: 7.313 minutes, Δt:   0.63, CFL: 7.20e-01
i:  13400, t:   15167.7 s, ωt:   1.52 (0.24 periods), wall: 7.363 minutes, Δt:   0.73, CFL: 7.20e-01
i:  13500, t:   15240.9 s, ωt:   1.52 (0.24 periods), wall: 7.412 minutes, Δt:   0.80, CFL: 7.20e-01
i:  13600, t:   15316.4 s, ωt:   1.53 (0.24 periods), wall: 7.462 minutes, Δt:   0.74, CFL: 7.20e-01
i:  13700, t:   15389.6 s, ωt:   1.54 (0.24 periods), wall: 7.512 minutes, Δt:   0.67, CFL: 7.20e-01
i:  13800, t:   15460.9 s, ωt:   1.55 (0.25 periods), wall: 7.562 minutes, Δt:   0.66, CFL: 7.20e-01
i:  13900, t:   15528.0 s, ωt:   1.55 (0.25 periods), wall: 7.611 minutes, Δt:   0.82, CFL: 7.20e-01
i:  14000, t:   15604.1 s, ωt:   1.56 (0.25 periods), wall: 7.661 minutes, Δt:   0.80, CFL: 7.20e-01
i:  14100, t:   15680.7 s, ωt:   1.57 (0.25 periods), wall: 7.711 minutes, Δt:   0.88, CFL: 7.20e-01
i:  14200, t:   15763.4 s, ωt:   1.58 (0.25 periods), wall: 7.760 minutes, Δt:   0.78, CFL: 7.20e-01
i:  14300, t:   15834.8 s, ωt:   1.58 (0.25 periods), wall: 7.810 minutes, Δt:   0.80, CFL: 7.20e-01
i:  14400, t:   15911.7 s, ωt:   1.59 (0.25 periods), wall: 7.860 minutes, Δt:   0.77, CFL: 7.20e-01
i:  14500, t:   15986.3 s, ωt:   1.60 (0.25 periods), wall: 7.910 minutes, Δt:   0.61, CFL: 7.20e-01
i:  14600, t:   16061.9 s, ωt:   1.61 (0.26 periods), wall: 7.960 minutes, Δt:   0.82, CFL: 7.20e-01
i:  14700, t:   16140.3 s, ωt:   1.61 (0.26 periods), wall: 8.009 minutes, Δt:   0.81, CFL: 7.20e-01
i:  14800, t:   16213.9 s, ωt:   1.62 (0.26 periods), wall: 8.059 minutes, Δt:   0.82, CFL: 7.20e-01
i:  14900, t:   16296.5 s, ωt:   1.63 (0.26 periods), wall: 8.109 minutes, Δt:   0.67, CFL: 7.20e-01
i:  15000, t:   16364.1 s, ωt:   1.64 (0.26 periods), wall: 8.158 minutes, Δt:   0.80, CFL: 7.20e-01
i:  15100, t:   16435.9 s, ωt:   1.64 (0.26 periods), wall: 8.208 minutes, Δt:   0.67, CFL: 7.20e-01
i:  15200, t:   16513.9 s, ωt:   1.65 (0.26 periods), wall: 8.258 minutes, Δt:   0.80, CFL: 7.20e-01
i:  15300, t:   16593.4 s, ωt:   1.66 (0.26 periods), wall: 8.308 minutes, Δt:   0.70, CFL: 7.20e-01
i:  15400, t:   16666.9 s, ωt:   1.67 (0.27 periods), wall: 8.357 minutes, Δt:   0.70, CFL: 7.20e-01
i:  15500, t:   16744.0 s, ωt:   1.67 (0.27 periods), wall: 8.407 minutes, Δt:   0.72, CFL: 7.20e-01
i:  15600, t:   16817.6 s, ωt:   1.68 (0.27 periods), wall: 8.457 minutes, Δt:   0.84, CFL: 7.20e-01
i:  15700, t:   16906.2 s, ωt:   1.69 (0.27 periods), wall: 8.507 minutes, Δt:   0.89, CFL: 7.20e-01
i:  15800, t:   16988.6 s, ωt:   1.70 (0.27 periods), wall: 8.557 minutes, Δt:   0.79, CFL: 7.20e-01
i:  15900, t:   17073.8 s, ωt:   1.71 (0.27 periods), wall: 8.606 minutes, Δt:   0.87, CFL: 7.20e-01
i:  16000, t:   17155.7 s, ωt:   1.72 (0.27 periods), wall: 8.656 minutes, Δt:   0.81, CFL: 7.20e-01
i:  16100, t:   17231.8 s, ωt:   1.72 (0.27 periods), wall: 8.706 minutes, Δt:   0.66, CFL: 7.20e-01
i:  16200, t:   17309.0 s, ωt:   1.73 (0.28 periods), wall: 8.756 minutes, Δt:   0.79, CFL: 7.20e-01
i:  16300, t:   17396.1 s, ωt:   1.74 (0.28 periods), wall: 8.805 minutes, Δt:   0.92, CFL: 7.20e-01
i:  16400, t:   17478.2 s, ωt:   1.75 (0.28 periods), wall: 8.855 minutes, Δt:   0.78, CFL: 7.20e-01
i:  16500, t:   17555.0 s, ωt:   1.76 (0.28 periods), wall: 8.905 minutes, Δt:   0.80, CFL: 7.20e-01
i:  16600, t:   17632.9 s, ωt:   1.76 (0.28 periods), wall: 8.955 minutes, Δt:   0.76, CFL: 7.20e-01
i:  16700, t:   17702.3 s, ωt:   1.77 (0.28 periods), wall: 9.004 minutes, Δt:   0.73, CFL: 7.20e-01
i:  16800, t:   17770.8 s, ωt:   1.78 (0.28 periods), wall: 9.054 minutes, Δt:   0.64, CFL: 7.20e-01
i:  16900, t:   17839.8 s, ωt:   1.78 (0.28 periods), wall: 9.104 minutes, Δt:   0.78, CFL: 7.20e-01
i:  17000, t:   17910.4 s, ωt:   1.79 (0.29 periods), wall: 9.154 minutes, Δt:   0.91, CFL: 7.20e-01
i:  17100, t:   17988.9 s, ωt:   1.80 (0.29 periods), wall: 9.203 minutes, Δt:   0.78, CFL: 7.20e-01
i:  17200, t:   18070.6 s, ωt:   1.81 (0.29 periods), wall: 9.253 minutes, Δt:   0.82, CFL: 7.20e-01
i:  17300, t:   18153.6 s, ωt:   1.82 (0.29 periods), wall: 9.303 minutes, Δt:   0.93, CFL: 7.20e-01
i:  17400, t:   18236.4 s, ωt:   1.82 (0.29 periods), wall: 9.353 minutes, Δt:   0.91, CFL: 7.20e-01
i:  17500, t:   18321.3 s, ωt:   1.83 (0.29 periods), wall: 9.402 minutes, Δt:   0.75, CFL: 7.20e-01
i:  17600, t:   18403.5 s, ωt:   1.84 (0.29 periods), wall: 9.452 minutes, Δt:   0.64, CFL: 7.20e-01
i:  17700, t:   18484.9 s, ωt:   1.85 (0.29 periods), wall: 9.502 minutes, Δt:   0.91, CFL: 7.20e-01
i:  17800, t:   18574.5 s, ωt:   1.86 (0.30 periods), wall: 9.552 minutes, Δt:   0.88, CFL: 7.20e-01
i:  17900, t:   18653.6 s, ωt:   1.87 (0.30 periods), wall: 9.601 minutes, Δt:   0.58, CFL: 7.20e-01
i:  18000, t:   18722.6 s, ωt:   1.87 (0.30 periods), wall: 9.651 minutes, Δt:   0.74, CFL: 7.20e-01
i:  18100, t:   18795.6 s, ωt:   1.88 (0.30 periods), wall: 9.701 minutes, Δt:   0.78, CFL: 7.20e-01
i:  18200, t:   18880.8 s, ωt:   1.89 (0.30 periods), wall: 9.750 minutes, Δt:   0.90, CFL: 7.20e-01
i:  18300, t:   18963.9 s, ωt:   1.90 (0.30 periods), wall: 9.800 minutes, Δt:   0.92, CFL: 7.20e-01
i:  18400, t:   19052.0 s, ωt:   1.91 (0.30 periods), wall: 9.850 minutes, Δt:   0.95, CFL: 7.20e-01
i:  18500, t:   19136.2 s, ωt:   1.91 (0.30 periods), wall: 9.900 minutes, Δt:   0.88, CFL: 7.20e-01
i:  18600, t:   19221.4 s, ωt:   1.92 (0.31 periods), wall: 9.949 minutes, Δt:   0.70, CFL: 7.20e-01
i:  18700, t:   19304.0 s, ωt:   1.93 (0.31 periods), wall: 9.999 minutes, Δt:   0.91, CFL: 7.20e-01
i:  18800, t:   19395.5 s, ωt:   1.94 (0.31 periods), wall: 10.049 minutes, Δt:   0.89, CFL: 7.20e-01
i:  18900, t:   19483.7 s, ωt:   1.95 (0.31 periods), wall: 10.099 minutes, Δt:   0.86, CFL: 7.20e-01
i:  19000, t:   19569.0 s, ωt:   1.96 (0.31 periods), wall: 10.148 minutes, Δt:   0.88, CFL: 7.20e-01
i:  19100, t:   19656.9 s, ωt:   1.97 (0.31 periods), wall: 10.198 minutes, Δt:   0.91, CFL: 7.20e-01
i:  19200, t:   19738.0 s, ωt:   1.97 (0.31 periods), wall: 10.248 minutes, Δt:   0.87, CFL: 7.20e-01
i:  19300, t:   19826.4 s, ωt:   1.98 (0.32 periods), wall: 10.297 minutes, Δt:   0.94, CFL: 7.20e-01
i:  19400, t:   19912.3 s, ωt:   1.99 (0.32 periods), wall: 10.347 minutes, Δt:   0.88, CFL: 7.20e-01
i:  19500, t:   19997.4 s, ωt:   2.00 (0.32 periods), wall: 10.397 minutes, Δt:   0.68, CFL: 7.20e-01
i:  19600, t:   20071.3 s, ωt:   2.01 (0.32 periods), wall: 10.447 minutes, Δt:   0.81, CFL: 7.20e-01
i:  19700, t:   20151.6 s, ωt:   2.02 (0.32 periods), wall: 10.497 minutes, Δt:   0.90, CFL: 7.20e-01
i:  19800, t:   20241.3 s, ωt:   2.02 (0.32 periods), wall: 10.546 minutes, Δt:   0.80, CFL: 7.20e-01
i:  19900, t:   20328.5 s, ωt:   2.03 (0.32 periods), wall: 10.596 minutes, Δt:   0.96, CFL: 7.20e-01
i:  20000, t:   20422.4 s, ωt:   2.04 (0.33 periods), wall: 10.646 minutes, Δt:   1.03, CFL: 7.20e-01
i:  20100, t:   20514.0 s, ωt:   2.05 (0.33 periods), wall: 10.695 minutes, Δt:   0.90, CFL: 7.20e-01
i:  20200, t:   20607.7 s, ωt:   2.06 (0.33 periods), wall: 10.745 minutes, Δt:   0.83, CFL: 7.20e-01
i:  20300, t:   20695.9 s, ωt:   2.07 (0.33 periods), wall: 10.796 minutes, Δt:   0.98, CFL: 7.20e-01
i:  20400, t:   20786.7 s, ωt:   2.08 (0.33 periods), wall: 10.846 minutes, Δt:   0.87, CFL: 7.20e-01
i:  20500, t:   20875.6 s, ωt:   2.09 (0.33 periods), wall: 10.895 minutes, Δt:   0.92, CFL: 7.20e-01
i:  20600, t:   20968.7 s, ωt:   2.10 (0.33 periods), wall: 10.945 minutes, Δt:   0.88, CFL: 7.20e-01
i:  20700, t:   21061.6 s, ωt:   2.11 (0.34 periods), wall: 10.995 minutes, Δt:   0.87, CFL: 7.20e-01
i:  20800, t:   21155.0 s, ωt:   2.12 (0.34 periods), wall: 11.045 minutes, Δt:   1.00, CFL: 7.20e-01
i:  20900, t:   21255.2 s, ωt:   2.13 (0.34 periods), wall: 11.094 minutes, Δt:   0.82, CFL: 7.20e-01
i:  21000, t:   21341.6 s, ωt:   2.13 (0.34 periods), wall: 11.144 minutes, Δt:   0.88, CFL: 7.20e-01
i:  21100, t:   21426.9 s, ωt:   2.14 (0.34 periods), wall: 11.194 minutes, Δt:   0.84, CFL: 7.20e-01
i:  21200, t:   21508.2 s, ωt:   2.15 (0.34 periods), wall: 11.244 minutes, Δt:   0.82, CFL: 7.20e-01
i:  21300, t:   21595.6 s, ωt:   2.16 (0.34 periods), wall: 11.293 minutes, Δt:   0.89, CFL: 7.20e-01
i:  21400, t:   21687.2 s, ωt:   2.17 (0.35 periods), wall: 11.343 minutes, Δt:   0.91, CFL: 7.20e-01
i:  21500, t:   21784.7 s, ωt:   2.18 (0.35 periods), wall: 11.393 minutes, Δt:   0.81, CFL: 7.20e-01
i:  21600, t:   21870.9 s, ωt:   2.19 (0.35 periods), wall: 11.443 minutes, Δt:   0.93, CFL: 7.20e-01
i:  21700, t:   21967.7 s, ωt:   2.20 (0.35 periods), wall: 11.492 minutes, Δt:   1.00, CFL: 7.20e-01
i:  21800, t:   22066.9 s, ωt:   2.21 (0.35 periods), wall: 11.542 minutes, Δt:   0.97, CFL: 7.20e-01
i:  21900, t:   22162.6 s, ωt:   2.22 (0.35 periods), wall: 11.592 minutes, Δt:   1.00, CFL: 7.20e-01
i:  22000, t:   22270.2 s, ωt:   2.23 (0.35 periods), wall: 11.642 minutes, Δt:   1.20, CFL: 7.20e-01
i:  22100, t:   22375.4 s, ωt:   2.24 (0.36 periods), wall: 11.691 minutes, Δt:   0.98, CFL: 7.20e-01
i:  22200, t:   22472.0 s, ωt:   2.25 (0.36 periods), wall: 11.741 minutes, Δt:   0.71, CFL: 7.20e-01
i:  22300, t:   22564.7 s, ωt:   2.26 (0.36 periods), wall: 11.791 minutes, Δt:   1.04, CFL: 7.20e-01
i:  22400, t:   22661.9 s, ωt:   2.27 (0.36 periods), wall: 11.841 minutes, Δt:   1.01, CFL: 7.20e-01
i:  22500, t:   22767.3 s, ωt:   2.28 (0.36 periods), wall: 11.890 minutes, Δt:   1.12, CFL: 7.20e-01
i:  22600, t:   22879.5 s, ωt:   2.29 (0.36 periods), wall: 11.940 minutes, Δt:   0.84, CFL: 7.20e-01
i:  22700, t:   22981.7 s, ωt:   2.30 (0.37 periods), wall: 11.990 minutes, Δt:   1.15, CFL: 7.20e-01
i:  22800, t:   23098.7 s, ωt:   2.31 (0.37 periods), wall: 12.040 minutes, Δt:   1.26, CFL: 7.20e-01
i:  22900, t:   23210.1 s, ωt:   2.32 (0.37 periods), wall: 12.089 minutes, Δt:   1.08, CFL: 7.20e-01
i:  23000, t:   23316.4 s, ωt:   2.33 (0.37 periods), wall: 12.139 minutes, Δt:   1.04, CFL: 7.20e-01
i:  23100, t:   23421.8 s, ωt:   2.34 (0.37 periods), wall: 12.189 minutes, Δt:   0.86, CFL: 7.20e-01
i:  23200, t:   23504.8 s, ωt:   2.35 (0.37 periods), wall: 12.239 minutes, Δt:   0.98, CFL: 7.20e-01
i:  23300, t:   23597.6 s, ωt:   2.36 (0.38 periods), wall: 12.289 minutes, Δt:   0.91, CFL: 7.20e-01
i:  23400, t:   23706.2 s, ωt:   2.37 (0.38 periods), wall: 12.338 minutes, Δt:   1.14, CFL: 7.20e-01
i:  23500, t:   23820.1 s, ωt:   2.38 (0.38 periods), wall: 12.388 minutes, Δt:   1.08, CFL: 7.20e-01
i:  23600, t:   23922.4 s, ωt:   2.39 (0.38 periods), wall: 12.438 minutes, Δt:   1.15, CFL: 7.20e-01
i:  23700, t:   24031.1 s, ωt:   2.40 (0.38 periods), wall: 12.488 minutes, Δt:   0.83, CFL: 7.20e-01
i:  23800, t:   24132.3 s, ωt:   2.41 (0.38 periods), wall: 12.537 minutes, Δt:   1.12, CFL: 7.20e-01
i:  23900, t:   24234.0 s, ωt:   2.42 (0.39 periods), wall: 12.587 minutes, Δt:   0.86, CFL: 7.20e-01
i:  24000, t:   24350.0 s, ωt:   2.43 (0.39 periods), wall: 12.637 minutes, Δt:   1.13, CFL: 7.20e-01
i:  24100, t:   24481.3 s, ωt:   2.45 (0.39 periods), wall: 12.687 minutes, Δt:   1.31, CFL: 7.20e-01
i:  24200, t:   24608.0 s, ωt:   2.46 (0.39 periods), wall: 12.736 minutes, Δt:   1.21, CFL: 7.20e-01
i:  24300, t:   24724.2 s, ωt:   2.47 (0.39 periods), wall: 12.786 minutes, Δt:   1.17, CFL: 7.20e-01
i:  24400, t:   24841.3 s, ωt:   2.48 (0.40 periods), wall: 12.836 minutes, Δt:   1.47, CFL: 7.20e-01
i:  24500, t:   24976.4 s, ωt:   2.50 (0.40 periods), wall: 12.886 minutes, Δt:   1.32, CFL: 7.20e-01
i:  24600, t:   25116.3 s, ωt:   2.51 (0.40 periods), wall: 12.935 minutes, Δt:   1.33, CFL: 7.20e-01
i:  24700, t:   25250.4 s, ωt:   2.53 (0.40 periods), wall: 12.985 minutes, Δt:   1.41, CFL: 7.20e-01
i:  24800, t:   25384.9 s, ωt:   2.54 (0.40 periods), wall: 13.035 minutes, Δt:   1.46, CFL: 7.20e-01
i:  24900, t:   25532.7 s, ωt:   2.55 (0.41 periods), wall: 13.085 minutes, Δt:   1.44, CFL: 7.20e-01
i:  25000, t:   25674.0 s, ωt:   2.57 (0.41 periods), wall: 13.135 minutes, Δt:   1.59, CFL: 7.20e-01
i:  25100, t:   25824.7 s, ωt:   2.58 (0.41 periods), wall: 13.184 minutes, Δt:   1.33, CFL: 7.20e-01
i:  25200, t:   25969.8 s, ωt:   2.60 (0.41 periods), wall: 13.234 minutes, Δt:   1.32, CFL: 7.20e-01
i:  25300, t:   26121.8 s, ωt:   2.61 (0.42 periods), wall: 13.284 minutes, Δt:   1.93, CFL: 7.20e-01
i:  25400, t:   26299.1 s, ωt:   2.63 (0.42 periods), wall: 13.334 minutes, Δt:   1.75, CFL: 7.20e-01
i:  25500, t:   26441.1 s, ωt:   2.64 (0.42 periods), wall: 13.384 minutes, Δt:   1.63, CFL: 7.20e-01
i:  25600, t:   26599.9 s, ωt:   2.66 (0.42 periods), wall: 13.433 minutes, Δt:   1.82, CFL: 7.20e-01
i:  25700, t:   26772.0 s, ωt:   2.68 (0.43 periods), wall: 13.483 minutes, Δt:   2.00, CFL: 7.20e-01
i:  25800, t:   26947.1 s, ωt:   2.69 (0.43 periods), wall: 13.533 minutes, Δt:   1.64, CFL: 6.95e-01
i:  25900, t:   27124.0 s, ωt:   2.71 (0.43 periods), wall: 13.583 minutes, Δt:   1.88, CFL: 7.20e-01
i:  26000, t:   27324.4 s, ωt:   2.73 (0.43 periods), wall: 13.632 minutes, Δt:   2.22, CFL: 7.20e-01
i:  26100, t:   27536.8 s, ωt:   2.75 (0.44 periods), wall: 13.682 minutes, Δt:   2.27, CFL: 7.20e-01
i:  26200, t:   27764.6 s, ωt:   2.78 (0.44 periods), wall: 13.732 minutes, Δt:   2.30, CFL: 7.20e-01
i:  26300, t:   28001.6 s, ωt:   2.80 (0.45 periods), wall: 13.782 minutes, Δt:   2.76, CFL: 7.20e-01
i:  26400, t:   28246.3 s, ωt:   2.82 (0.45 periods), wall: 13.831 minutes, Δt:   2.29, CFL: 7.20e-01
i:  26500, t:   28535.4 s, ωt:   2.85 (0.45 periods), wall: 13.881 minutes, Δt:   3.35, CFL: 7.20e-01
i:  26600, t:   28869.5 s, ωt:   2.89 (0.46 periods), wall: 13.931 minutes, Δt:   3.38, CFL: 7.20e-01
i:  26700, t:   29210.6 s, ωt:   2.92 (0.46 periods), wall: 13.981 minutes, Δt:   3.58, CFL: 7.20e-01
i:  26800, t:   29540.8 s, ωt:   2.95 (0.47 periods), wall: 14.031 minutes, Δt:   2.86, CFL: 7.20e-01
i:  26900, t:   29832.2 s, ωt:   2.98 (0.47 periods), wall: 14.080 minutes, Δt:   3.50, CFL: 7.20e-01
i:  27000, t:   30199.0 s, ωt:   3.02 (0.48 periods), wall: 14.130 minutes, Δt:   3.15, CFL: 7.20e-01
i:  27100, t:   30518.2 s, ωt:   3.05 (0.49 periods), wall: 14.180 minutes, Δt:   3.87, CFL: 7.20e-01
i:  27200, t:   30897.7 s, ωt:   3.09 (0.49 periods), wall: 14.230 minutes, Δt:   3.71, CFL: 7.20e-01
i:  27300, t:   31254.0 s, ωt:   3.13 (0.50 periods), wall: 14.280 minutes, Δt:   3.09, CFL: 7.20e-01
i:  27400, t:   31567.3 s, ωt:   3.16 (0.50 periods), wall: 14.333 minutes, Δt:   3.38, CFL: 7.20e-01
i:  27500, t:   31862.5 s, ωt:   3.19 (0.51 periods), wall: 14.383 minutes, Δt:   2.66, CFL: 7.20e-01
i:  27600, t:   32133.9 s, ωt:   3.21 (0.51 periods), wall: 14.432 minutes, Δt:   2.65, CFL: 7.20e-01
i:  27700, t:   32390.1 s, ωt:   3.24 (0.52 periods), wall: 14.482 minutes, Δt:   2.33, CFL: 7.20e-01
i:  27800, t:   32606.7 s, ωt:   3.26 (0.52 periods), wall: 14.532 minutes, Δt:   2.22, CFL: 7.20e-01
i:  27900, t:   32849.1 s, ωt:   3.28 (0.52 periods), wall: 14.582 minutes, Δt:   2.41, CFL: 7.20e-01
i:  28000, t:   33073.4 s, ωt:   3.31 (0.53 periods), wall: 14.632 minutes, Δt:   2.00, CFL: 7.20e-01
i:  28100, t:   33279.3 s, ωt:   3.33 (0.53 periods), wall: 14.682 minutes, Δt:   2.16, CFL: 7.20e-01
i:  28200, t:   33457.2 s, ωt:   3.35 (0.53 periods), wall: 14.731 minutes, Δt:   1.52, CFL: 7.20e-01
i:  28300, t:   33631.4 s, ωt:   3.36 (0.54 periods), wall: 14.781 minutes, Δt:   1.83, CFL: 7.20e-01
i:  28400, t:   33795.7 s, ωt:   3.38 (0.54 periods), wall: 14.831 minutes, Δt:   1.62, CFL: 7.20e-01
i:  28500, t:   33957.7 s, ωt:   3.40 (0.54 periods), wall: 14.881 minutes, Δt:   1.51, CFL: 7.20e-01
i:  28600, t:   34117.3 s, ωt:   3.41 (0.54 periods), wall: 14.931 minutes, Δt:   1.67, CFL: 7.20e-01
i:  28700, t:   34280.1 s, ωt:   3.43 (0.55 periods), wall: 14.980 minutes, Δt:   1.45, CFL: 7.20e-01
i:  28800, t:   34418.4 s, ωt:   3.44 (0.55 periods), wall: 15.030 minutes, Δt:   1.16, CFL: 7.20e-01
i:  28900, t:   34557.5 s, ωt:   3.46 (0.55 periods), wall: 15.080 minutes, Δt:   1.46, CFL: 7.20e-01
i:  29000, t:   34708.4 s, ωt:   3.47 (0.55 periods), wall: 15.130 minutes, Δt:   1.35, CFL: 7.20e-01
i:  29100, t:   34848.2 s, ωt:   3.48 (0.55 periods), wall: 15.179 minutes, Δt:   1.19, CFL: 7.20e-01
i:  29200, t:   34961.8 s, ωt:   3.50 (0.56 periods), wall: 15.229 minutes, Δt:   1.24, CFL: 7.20e-01
i:  29300, t:   35094.6 s, ωt:   3.51 (0.56 periods), wall: 15.279 minutes, Δt:   1.34, CFL: 7.20e-01
i:  29400, t:   35221.2 s, ωt:   3.52 (0.56 periods), wall: 15.329 minutes, Δt:   1.35, CFL: 7.20e-01
i:  29500, t:   35346.0 s, ωt:   3.53 (0.56 periods), wall: 15.379 minutes, Δt:   1.08, CFL: 7.20e-01
i:  29600, t:   35468.8 s, ωt:   3.55 (0.56 periods), wall: 15.428 minutes, Δt:   1.08, CFL: 7.20e-01
i:  29700, t:   35585.9 s, ωt:   3.56 (0.57 periods), wall: 15.478 minutes, Δt:   1.03, CFL: 7.20e-01
i:  29800, t:   35705.0 s, ωt:   3.57 (0.57 periods), wall: 15.528 minutes, Δt:   1.30, CFL: 7.20e-01
i:  29900, t:   35827.1 s, ωt:   3.58 (0.57 periods), wall: 15.578 minutes, Δt:   1.20, CFL: 7.20e-01
i:  30000, t:   35939.8 s, ωt:   3.59 (0.57 periods), wall: 15.627 minutes, Δt:   1.13, CFL: 7.20e-01
i:  30100, t:   36042.8 s, ωt:   3.60 (0.57 periods), wall: 15.677 minutes, Δt:   1.02, CFL: 7.20e-01
i:  30200, t:   36152.3 s, ωt:   3.62 (0.58 periods), wall: 15.727 minutes, Δt:   1.19, CFL: 7.20e-01
i:  30300, t:   36265.7 s, ωt:   3.63 (0.58 periods), wall: 15.777 minutes, Δt:   1.10, CFL: 7.20e-01
i:  30400, t:   36366.9 s, ωt:   3.64 (0.58 periods), wall: 15.826 minutes, Δt:   0.95, CFL: 7.20e-01
i:  30500, t:   36473.3 s, ωt:   3.65 (0.58 periods), wall: 15.876 minutes, Δt:   1.16, CFL: 7.20e-01
i:  30600, t:   36580.1 s, ωt:   3.66 (0.58 periods), wall: 15.926 minutes, Δt:   1.00, CFL: 7.20e-01
i:  30700, t:   36690.4 s, ωt:   3.67 (0.58 periods), wall: 15.976 minutes, Δt:   1.13, CFL: 7.20e-01
i:  30800, t:   36796.5 s, ωt:   3.68 (0.59 periods), wall: 16.025 minutes, Δt:   1.05, CFL: 7.20e-01
i:  30900, t:   36901.8 s, ωt:   3.69 (0.59 periods), wall: 16.075 minutes, Δt:   1.01, CFL: 7.20e-01
i:  31000, t:   37001.5 s, ωt:   3.70 (0.59 periods), wall: 16.125 minutes, Δt:   1.09, CFL: 7.20e-01
i:  31100, t:   37091.5 s, ωt:   3.71 (0.59 periods), wall: 16.175 minutes, Δt:   0.83, CFL: 7.20e-01
i:  31200, t:   37190.4 s, ωt:   3.72 (0.59 periods), wall: 16.224 minutes, Δt:   1.00, CFL: 7.20e-01
i:  31300, t:   37289.4 s, ωt:   3.73 (0.59 periods), wall: 16.274 minutes, Δt:   1.05, CFL: 7.20e-01
i:  31400, t:   37390.3 s, ωt:   3.74 (0.60 periods), wall: 16.324 minutes, Δt:   1.03, CFL: 7.20e-01
i:  31500, t:   37489.2 s, ωt:   3.75 (0.60 periods), wall: 16.374 minutes, Δt:   0.99, CFL: 7.20e-01
i:  31600, t:   37586.1 s, ωt:   3.76 (0.60 periods), wall: 16.423 minutes, Δt:   0.94, CFL: 7.20e-01
i:  31700, t:   37671.1 s, ωt:   3.77 (0.60 periods), wall: 16.473 minutes, Δt:   0.94, CFL: 7.20e-01
i:  31800, t:   37754.9 s, ωt:   3.78 (0.60 periods), wall: 16.523 minutes, Δt:   0.90, CFL: 7.20e-01
i:  31900, t:   37844.0 s, ωt:   3.78 (0.60 periods), wall: 16.572 minutes, Δt:   0.90, CFL: 7.20e-01
i:  32000, t:   37931.1 s, ωt:   3.79 (0.60 periods), wall: 16.622 minutes, Δt:   0.84, CFL: 7.20e-01
i:  32100, t:   38018.5 s, ωt:   3.80 (0.61 periods), wall: 16.672 minutes, Δt:   0.89, CFL: 7.20e-01
i:  32200, t:   38107.1 s, ωt:   3.81 (0.61 periods), wall: 16.722 minutes, Δt:   0.87, CFL: 7.20e-01
i:  32300, t:   38195.8 s, ωt:   3.82 (0.61 periods), wall: 16.771 minutes, Δt:   0.94, CFL: 7.20e-01
i:  32400, t:   38269.7 s, ωt:   3.83 (0.61 periods), wall: 16.821 minutes, Δt:   0.78, CFL: 7.20e-01
i:  32500, t:   38351.2 s, ωt:   3.84 (0.61 periods), wall: 16.871 minutes, Δt:   0.88, CFL: 7.20e-01
i:  32600, t:   38434.7 s, ωt:   3.84 (0.61 periods), wall: 16.921 minutes, Δt:   0.93, CFL: 7.20e-01
i:  32700, t:   38527.3 s, ωt:   3.85 (0.61 periods), wall: 16.970 minutes, Δt:   0.91, CFL: 7.20e-01
i:  32800, t:   38619.1 s, ωt:   3.86 (0.61 periods), wall: 17.020 minutes, Δt:   0.99, CFL: 7.20e-01
i:  32900, t:   38711.6 s, ωt:   3.87 (0.62 periods), wall: 17.070 minutes, Δt:   0.94, CFL: 7.20e-01
i:  33000, t:   38802.8 s, ωt:   3.88 (0.62 periods), wall: 17.119 minutes, Δt:   0.79, CFL: 7.20e-01
i:  33100, t:   38881.9 s, ωt:   3.89 (0.62 periods), wall: 17.169 minutes, Δt:   0.84, CFL: 7.20e-01
i:  33200, t:   38963.7 s, ωt:   3.90 (0.62 periods), wall: 17.219 minutes, Δt:   0.75, CFL: 7.20e-01
i:  33300, t:   39050.5 s, ωt:   3.91 (0.62 periods), wall: 17.269 minutes, Δt:   0.84, CFL: 7.20e-01
i:  33400, t:   39138.1 s, ωt:   3.91 (0.62 periods), wall: 17.318 minutes, Δt:   0.83, CFL: 7.20e-01
i:  33500, t:   39218.2 s, ωt:   3.92 (0.62 periods), wall: 17.368 minutes, Δt:   0.77, CFL: 7.20e-01
i:  33600, t:   39292.7 s, ωt:   3.93 (0.63 periods), wall: 17.418 minutes, Δt:   0.80, CFL: 7.20e-01
i:  33700, t:   39372.4 s, ωt:   3.94 (0.63 periods), wall: 17.467 minutes, Δt:   0.83, CFL: 7.20e-01
i:  33800, t:   39448.4 s, ωt:   3.94 (0.63 periods), wall: 17.517 minutes, Δt:   0.75, CFL: 7.20e-01
i:  33900, t:   39522.2 s, ωt:   3.95 (0.63 periods), wall: 17.567 minutes, Δt:   0.66, CFL: 7.20e-01
i:  34000, t:   39603.2 s, ωt:   3.96 (0.63 periods), wall: 17.617 minutes, Δt:   0.86, CFL: 7.20e-01
i:  34100, t:   39686.8 s, ωt:   3.97 (0.63 periods), wall: 17.666 minutes, Δt:   0.87, CFL: 7.20e-01
i:  34200, t:   39764.4 s, ωt:   3.98 (0.63 periods), wall: 17.716 minutes, Δt:   0.78, CFL: 7.20e-01
i:  34300, t:   39850.6 s, ωt:   3.99 (0.63 periods), wall: 17.766 minutes, Δt:   0.82, CFL: 7.20e-01
i:  34400, t:   39925.9 s, ωt:   3.99 (0.64 periods), wall: 17.816 minutes, Δt:   0.67, CFL: 7.20e-01
i:  34500, t:   39997.8 s, ωt:   4.00 (0.64 periods), wall: 17.865 minutes, Δt:   0.76, CFL: 7.20e-01
i:  34600, t:   40075.9 s, ωt:   4.01 (0.64 periods), wall: 17.915 minutes, Δt:   0.83, CFL: 7.20e-01
i:  34700, t:   40159.5 s, ωt:   4.02 (0.64 periods), wall: 17.965 minutes, Δt:   0.81, CFL: 7.20e-01
i:  34800, t:   40239.7 s, ωt:   4.02 (0.64 periods), wall: 18.015 minutes, Δt:   0.79, CFL: 7.20e-01
i:  34900, t:   40317.3 s, ωt:   4.03 (0.64 periods), wall: 18.064 minutes, Δt:   0.85, CFL: 7.20e-01
i:  35000, t:   40389.4 s, ωt:   4.04 (0.64 periods), wall: 18.115 minutes, Δt:   0.78, CFL: 7.20e-01
i:  35100, t:   40454.7 s, ωt:   4.05 (0.64 periods), wall: 18.165 minutes, Δt:   0.73, CFL: 7.20e-01
i:  35200, t:   40534.3 s, ωt:   4.05 (0.65 periods), wall: 18.215 minutes, Δt:   0.71, CFL: 7.20e-01
i:  35300, t:   40610.3 s, ωt:   4.06 (0.65 periods), wall: 18.265 minutes, Δt:   0.72, CFL: 7.20e-01
i:  35400, t:   40680.7 s, ωt:   4.07 (0.65 periods), wall: 18.314 minutes, Δt:   0.70, CFL: 7.20e-01
i:  35500, t:   40750.7 s, ωt:   4.08 (0.65 periods), wall: 18.364 minutes, Δt:   0.65, CFL: 7.20e-01
i:  35600, t:   40823.0 s, ωt:   4.08 (0.65 periods), wall: 18.413 minutes, Δt:   0.79, CFL: 7.20e-01
i:  35700, t:   40901.0 s, ωt:   4.09 (0.65 periods), wall: 18.463 minutes, Δt:   0.67, CFL: 7.20e-01
i:  35800, t:   40972.7 s, ωt:   4.10 (0.65 periods), wall: 18.513 minutes, Δt:   0.76, CFL: 7.20e-01
i:  35900, t:   41046.1 s, ωt:   4.10 (0.65 periods), wall: 18.563 minutes, Δt:   0.83, CFL: 7.20e-01
i:  36000, t:   41126.3 s, ωt:   4.11 (0.65 periods), wall: 18.612 minutes, Δt:   0.68, CFL: 7.20e-01
i:  36100, t:   41196.9 s, ωt:   4.12 (0.66 periods), wall: 18.662 minutes, Δt:   0.81, CFL: 7.20e-01
i:  36200, t:   41268.7 s, ωt:   4.13 (0.66 periods), wall: 18.712 minutes, Δt:   0.57, CFL: 7.20e-01
i:  36300, t:   41334.0 s, ωt:   4.13 (0.66 periods), wall: 18.761 minutes, Δt:   0.69, CFL: 7.20e-01
i:  36400, t:   41405.5 s, ωt:   4.14 (0.66 periods), wall: 18.811 minutes, Δt:   0.69, CFL: 7.20e-01
i:  36500, t:   41464.0 s, ωt:   4.15 (0.66 periods), wall: 18.861 minutes, Δt:   0.69, CFL: 7.20e-01
i:  36600, t:   41541.3 s, ωt:   4.15 (0.66 periods), wall: 18.911 minutes, Δt:   0.82, CFL: 7.20e-01
i:  36700, t:   41620.6 s, ωt:   4.16 (0.66 periods), wall: 18.960 minutes, Δt:   0.78, CFL: 7.20e-01
i:  36800, t:   41692.9 s, ωt:   4.17 (0.66 periods), wall: 19.010 minutes, Δt:   0.62, CFL: 7.20e-01
i:  36900, t:   41759.7 s, ωt:   4.18 (0.66 periods), wall: 19.060 minutes, Δt:   0.64, CFL: 7.20e-01
i:  37000, t:   41828.9 s, ωt:   4.18 (0.67 periods), wall: 19.110 minutes, Δt:   0.72, CFL: 7.20e-01
i:  37100, t:   41901.9 s, ωt:   4.19 (0.67 periods), wall: 19.159 minutes, Δt:   0.77, CFL: 7.20e-01
i:  37200, t:   41973.3 s, ωt:   4.20 (0.67 periods), wall: 19.209 minutes, Δt:   0.70, CFL: 7.20e-01
i:  37300, t:   42048.3 s, ωt:   4.20 (0.67 periods), wall: 19.259 minutes, Δt:   0.75, CFL: 7.20e-01
i:  37400, t:   42123.7 s, ωt:   4.21 (0.67 periods), wall: 19.309 minutes, Δt:   0.65, CFL: 7.20e-01
i:  37500, t:   42186.9 s, ωt:   4.22 (0.67 periods), wall: 19.358 minutes, Δt:   0.72, CFL: 7.20e-01
i:  37600, t:   42255.2 s, ωt:   4.23 (0.67 periods), wall: 19.408 minutes, Δt:   0.69, CFL: 7.20e-01
i:  37700, t:   42326.3 s, ωt:   4.23 (0.67 periods), wall: 19.458 minutes, Δt:   0.84, CFL: 7.20e-01
i:  37800, t:   42404.8 s, ωt:   4.24 (0.67 periods), wall: 19.507 minutes, Δt:   0.71, CFL: 7.20e-01
i:  37900, t:   42474.0 s, ωt:   4.25 (0.68 periods), wall: 19.557 minutes, Δt:   0.67, CFL: 7.20e-01
i:  38000, t:   42548.2 s, ωt:   4.25 (0.68 periods), wall: 19.607 minutes, Δt:   0.60, CFL: 7.20e-01
i:  38100, t:   42615.9 s, ωt:   4.26 (0.68 periods), wall: 19.657 minutes, Δt:   0.80, CFL: 7.20e-01
i:  38200, t:   42686.7 s, ωt:   4.27 (0.68 periods), wall: 19.706 minutes, Δt:   0.70, CFL: 7.20e-01
i:  38300, t:   42754.5 s, ωt:   4.28 (0.68 periods), wall: 19.756 minutes, Δt:   0.62, CFL: 7.20e-01
i:  38400, t:   42817.6 s, ωt:   4.28 (0.68 periods), wall: 19.806 minutes, Δt:   0.59, CFL: 7.20e-01
i:  38500, t:   42879.2 s, ωt:   4.29 (0.68 periods), wall: 19.856 minutes, Δt:   0.55, CFL: 7.20e-01
i:  38600, t:   42935.6 s, ωt:   4.29 (0.68 periods), wall: 19.905 minutes, Δt:   0.62, CFL: 7.20e-01
i:  38700, t:   43003.1 s, ωt:   4.30 (0.68 periods), wall: 19.955 minutes, Δt:   0.68, CFL: 7.20e-01
i:  38800, t:   43074.0 s, ωt:   4.31 (0.69 periods), wall: 20.005 minutes, Δt:   0.74, CFL: 7.20e-01
i:  38900, t:   43136.6 s, ωt:   4.31 (0.69 periods), wall: 20.055 minutes, Δt:   0.58, CFL: 7.20e-01
i:  39000, t:   43205.1 s, ωt:   4.32 (0.69 periods), wall: 20.104 minutes, Δt:   0.70, CFL: 7.20e-01
i:  39100, t:   43273.5 s, ωt:   4.33 (0.69 periods), wall: 20.154 minutes, Δt:   0.56, CFL: 7.20e-01
i:  39200, t:   43334.6 s, ωt:   4.33 (0.69 periods), wall: 20.204 minutes, Δt:   0.69, CFL: 7.20e-01
i:  39300, t:   43404.2 s, ωt:   4.34 (0.69 periods), wall: 20.253 minutes, Δt:   0.62, CFL: 7.20e-01
i:  39400, t:   43472.7 s, ωt:   4.35 (0.69 periods), wall: 20.303 minutes, Δt:   0.68, CFL: 7.20e-01
i:  39500, t:   43540.1 s, ωt:   4.35 (0.69 periods), wall: 20.353 minutes, Δt:   0.78, CFL: 7.20e-01
i:  39600, t:   43612.7 s, ωt:   4.36 (0.69 periods), wall: 20.402 minutes, Δt:   0.66, CFL: 7.20e-01
i:  39700, t:   43680.3 s, ωt:   4.37 (0.70 periods), wall: 20.452 minutes, Δt:   0.68, CFL: 7.20e-01
i:  39800, t:   43748.9 s, ωt:   4.37 (0.70 periods), wall: 20.502 minutes, Δt:   0.70, CFL: 7.20e-01
i:  39900, t:   43819.1 s, ωt:   4.38 (0.70 periods), wall: 20.552 minutes, Δt:   0.71, CFL: 7.20e-01
i:  40000, t:   43893.3 s, ωt:   4.39 (0.70 periods), wall: 20.601 minutes, Δt:   0.62, CFL: 7.20e-01
i:  40100, t:   43960.1 s, ωt:   4.40 (0.70 periods), wall: 20.651 minutes, Δt:   0.71, CFL: 7.20e-01
i:  40200, t:   44021.7 s, ωt:   4.40 (0.70 periods), wall: 20.701 minutes, Δt:   0.69, CFL: 7.20e-01
i:  40300, t:   44084.7 s, ωt:   4.41 (0.70 periods), wall: 20.751 minutes, Δt:   0.67, CFL: 7.20e-01
i:  40400, t:   44153.2 s, ωt:   4.42 (0.70 periods), wall: 20.800 minutes, Δt:   0.59, CFL: 7.20e-01
i:  40500, t:   44218.4 s, ωt:   4.42 (0.70 periods), wall: 20.850 minutes, Δt:   0.74, CFL: 7.20e-01
i:  40600, t:   44287.6 s, ωt:   4.43 (0.70 periods), wall: 20.900 minutes, Δt:   0.64, CFL: 7.20e-01
i:  40700, t:   44354.0 s, ωt:   4.44 (0.71 periods), wall: 20.949 minutes, Δt:   0.72, CFL: 7.20e-01
i:  40800, t:   44419.4 s, ωt:   4.44 (0.71 periods), wall: 20.999 minutes, Δt:   0.65, CFL: 7.20e-01
i:  40900, t:   44487.9 s, ωt:   4.45 (0.71 periods), wall: 21.049 minutes, Δt:   0.66, CFL: 7.20e-01
i:  41000, t:   44552.9 s, ωt:   4.46 (0.71 periods), wall: 21.098 minutes, Δt:   0.73, CFL: 7.20e-01
i:  41100, t:   44622.7 s, ωt:   4.46 (0.71 periods), wall: 21.148 minutes, Δt:   0.71, CFL: 7.20e-01
i:  41200, t:   44693.7 s, ωt:   4.47 (0.71 periods), wall: 21.198 minutes, Δt:   0.71, CFL: 7.20e-01
i:  41300, t:   44758.8 s, ωt:   4.48 (0.71 periods), wall: 21.248 minutes, Δt:   0.63, CFL: 7.20e-01
i:  41400, t:   44816.7 s, ωt:   4.48 (0.71 periods), wall: 21.297 minutes, Δt:   0.57, CFL: 7.20e-01
i:  41500, t:   44879.7 s, ωt:   4.49 (0.71 periods), wall: 21.347 minutes, Δt:   0.67, CFL: 7.20e-01
i:  41600, t:   44944.9 s, ωt:   4.49 (0.72 periods), wall: 21.397 minutes, Δt:   0.65, CFL: 7.20e-01
i:  41700, t:   45010.6 s, ωt:   4.50 (0.72 periods), wall: 21.447 minutes, Δt:   0.63, CFL: 7.20e-01
i:  41800, t:   45066.5 s, ωt:   4.51 (0.72 periods), wall: 21.496 minutes, Δt:   0.72, CFL: 7.20e-01
i:  41900, t:   45130.0 s, ωt:   4.51 (0.72 periods), wall: 21.546 minutes, Δt:   0.62, CFL: 7.20e-01
i:  42000, t:   45198.2 s, ωt:   4.52 (0.72 periods), wall: 21.596 minutes, Δt:   0.62, CFL: 7.20e-01
i:  42100, t:   45262.5 s, ωt:   4.53 (0.72 periods), wall: 21.646 minutes, Δt:   0.70, CFL: 7.20e-01
i:  42200, t:   45334.1 s, ωt:   4.53 (0.72 periods), wall: 21.695 minutes, Δt:   0.67, CFL: 7.20e-01
i:  42300, t:   45406.0 s, ωt:   4.54 (0.72 periods), wall: 21.745 minutes, Δt:   0.69, CFL: 7.20e-01
i:  42400, t:   45470.5 s, ωt:   4.55 (0.72 periods), wall: 21.794 minutes, Δt:   0.59, CFL: 7.20e-01
i:  42500, t:   45535.2 s, ωt:   4.55 (0.72 periods), wall: 21.844 minutes, Δt:   0.63, CFL: 7.20e-01
i:  42600, t:   45599.6 s, ωt:   4.56 (0.73 periods), wall: 21.894 minutes, Δt:   0.62, CFL: 7.20e-01
i:  42700, t:   45660.2 s, ωt:   4.57 (0.73 periods), wall: 21.944 minutes, Δt:   0.61, CFL: 7.20e-01
i:  42800, t:   45727.6 s, ωt:   4.57 (0.73 periods), wall: 21.993 minutes, Δt:   0.58, CFL: 7.20e-01
i:  42900, t:   45795.1 s, ωt:   4.58 (0.73 periods), wall: 22.043 minutes, Δt:   0.77, CFL: 7.20e-01
i:  43000, t:   45867.3 s, ωt:   4.59 (0.73 periods), wall: 22.093 minutes, Δt:   0.73, CFL: 7.20e-01
i:  43100, t:   45940.7 s, ωt:   4.59 (0.73 periods), wall: 22.143 minutes, Δt:   0.81, CFL: 7.20e-01
i:  43200, t:   46008.5 s, ωt:   4.60 (0.73 periods), wall: 22.192 minutes, Δt:   0.67, CFL: 7.20e-01
i:  43300, t:   46072.7 s, ωt:   4.61 (0.73 periods), wall: 22.242 minutes, Δt:   0.63, CFL: 7.20e-01
i:  43400, t:   46139.4 s, ωt:   4.61 (0.73 periods), wall: 22.292 minutes, Δt:   0.78, CFL: 7.20e-01
i:  43500, t:   46216.1 s, ωt:   4.62 (0.74 periods), wall: 22.342 minutes, Δt:   0.75, CFL: 7.20e-01
i:  43600, t:   46291.9 s, ωt:   4.63 (0.74 periods), wall: 22.391 minutes, Δt:   0.70, CFL: 7.20e-01
i:  43700, t:   46354.0 s, ωt:   4.64 (0.74 periods), wall: 22.441 minutes, Δt:   0.59, CFL: 7.20e-01
i:  43800, t:   46420.7 s, ωt:   4.64 (0.74 periods), wall: 22.490 minutes, Δt:   0.68, CFL: 7.20e-01
i:  43900, t:   46484.2 s, ωt:   4.65 (0.74 periods), wall: 22.540 minutes, Δt:   0.65, CFL: 7.20e-01
i:  44000, t:   46549.4 s, ωt:   4.65 (0.74 periods), wall: 22.590 minutes, Δt:   0.63, CFL: 7.20e-01
i:  44100, t:   46609.9 s, ωt:   4.66 (0.74 periods), wall: 22.640 minutes, Δt:   0.65, CFL: 7.20e-01
i:  44200, t:   46673.3 s, ωt:   4.67 (0.74 periods), wall: 22.689 minutes, Δt:   0.72, CFL: 7.20e-01
i:  44300, t:   46738.5 s, ωt:   4.67 (0.74 periods), wall: 22.739 minutes, Δt:   0.65, CFL: 7.20e-01
i:  44400, t:   46805.6 s, ωt:   4.68 (0.74 periods), wall: 22.789 minutes, Δt:   0.65, CFL: 7.20e-01
i:  44500, t:   46877.8 s, ωt:   4.69 (0.75 periods), wall: 22.838 minutes, Δt:   0.68, CFL: 7.20e-01
i:  44600, t:   46940.3 s, ωt:   4.69 (0.75 periods), wall: 22.888 minutes, Δt:   0.64, CFL: 7.20e-01
i:  44700, t:   47008.0 s, ωt:   4.70 (0.75 periods), wall: 22.938 minutes, Δt:   0.67, CFL: 7.20e-01
i:  44800, t:   47070.6 s, ωt:   4.71 (0.75 periods), wall: 22.987 minutes, Δt:   0.63, CFL: 7.20e-01
i:  44900, t:   47135.8 s, ωt:   4.71 (0.75 periods), wall: 23.037 minutes, Δt:   0.64, CFL: 7.20e-01
i:  45000, t:   47192.1 s, ωt:   4.72 (0.75 periods), wall: 23.087 minutes, Δt:   0.64, CFL: 7.20e-01
i:  45100, t:   47256.3 s, ωt:   4.73 (0.75 periods), wall: 23.136 minutes, Δt:   0.61, CFL: 7.20e-01
i:  45200, t:   47320.0 s, ωt:   4.73 (0.75 periods), wall: 23.186 minutes, Δt:   0.68, CFL: 7.20e-01
i:  45300, t:   47385.1 s, ωt:   4.74 (0.75 periods), wall: 23.237 minutes, Δt:   0.59, CFL: 7.20e-01
i:  45400, t:   47448.2 s, ωt:   4.74 (0.76 periods), wall: 23.287 minutes, Δt:   0.64, CFL: 7.20e-01
i:  45500, t:   47516.0 s, ωt:   4.75 (0.76 periods), wall: 23.337 minutes, Δt:   0.67, CFL: 7.20e-01
i:  45600, t:   47579.4 s, ωt:   4.76 (0.76 periods), wall: 23.387 minutes, Δt:   0.61, CFL: 7.20e-01
i:  45700, t:   47652.6 s, ωt:   4.77 (0.76 periods), wall: 23.436 minutes, Δt:   0.74, CFL: 7.20e-01
i:  45800, t:   47721.7 s, ωt:   4.77 (0.76 periods), wall: 23.486 minutes, Δt:   0.56, CFL: 7.20e-01
i:  45900, t:   47785.4 s, ωt:   4.78 (0.76 periods), wall: 23.536 minutes, Δt:   0.60, CFL: 7.20e-01
i:  46000, t:   47847.2 s, ωt:   4.78 (0.76 periods), wall: 23.586 minutes, Δt:   0.68, CFL: 7.20e-01
i:  46100, t:   47914.2 s, ωt:   4.79 (0.76 periods), wall: 23.635 minutes, Δt:   0.68, CFL: 7.20e-01
i:  46200, t:   47978.1 s, ωt:   4.80 (0.76 periods), wall: 23.685 minutes, Δt:   0.67, CFL: 7.20e-01
i:  46300, t:   48053.8 s, ωt:   4.81 (0.76 periods), wall: 23.735 minutes, Δt:   0.78, CFL: 7.20e-01
i:  46400, t:   48125.0 s, ωt:   4.81 (0.77 periods), wall: 23.785 minutes, Δt:   0.71, CFL: 7.20e-01
i:  46500, t:   48197.9 s, ωt:   4.82 (0.77 periods), wall: 23.834 minutes, Δt:   0.78, CFL: 7.20e-01
i:  46600, t:   48272.2 s, ωt:   4.83 (0.77 periods), wall: 23.884 minutes, Δt:   0.77, CFL: 7.20e-01
i:  46700, t:   48344.2 s, ωt:   4.83 (0.77 periods), wall: 23.934 minutes, Δt:   0.62, CFL: 7.20e-01
i:  46800, t:   48414.1 s, ωt:   4.84 (0.77 periods), wall: 23.984 minutes, Δt:   0.64, CFL: 7.20e-01
i:  46900, t:   48481.2 s, ωt:   4.85 (0.77 periods), wall: 24.033 minutes, Δt:   0.76, CFL: 7.20e-01
i:  47000, t:   48549.5 s, ωt:   4.85 (0.77 periods), wall: 24.083 minutes, Δt:   0.79, CFL: 7.20e-01
i:  47100, t:   48629.1 s, ωt:   4.86 (0.77 periods), wall: 24.133 minutes, Δt:   0.83, CFL: 7.20e-01
i:  47200, t:   48702.9 s, ωt:   4.87 (0.78 periods), wall: 24.183 minutes, Δt:   0.72, CFL: 7.20e-01
i:  47300, t:   48771.7 s, ωt:   4.88 (0.78 periods), wall: 24.232 minutes, Δt:   0.74, CFL: 7.20e-01
i:  47400, t:   48845.0 s, ωt:   4.88 (0.78 periods), wall: 24.282 minutes, Δt:   0.84, CFL: 7.20e-01
i:  47500, t:   48916.3 s, ωt:   4.89 (0.78 periods), wall: 24.332 minutes, Δt:   0.67, CFL: 7.20e-01
i:  47600, t:   48985.6 s, ωt:   4.90 (0.78 periods), wall: 24.381 minutes, Δt:   0.72, CFL: 7.20e-01
i:  47700, t:   49055.4 s, ωt:   4.91 (0.78 periods), wall: 24.431 minutes, Δt:   0.73, CFL: 7.20e-01
i:  47800, t:   49128.7 s, ωt:   4.91 (0.78 periods), wall: 24.481 minutes, Δt:   0.73, CFL: 7.20e-01
i:  47900, t:   49199.7 s, ωt:   4.92 (0.78 periods), wall: 24.531 minutes, Δt:   0.71, CFL: 7.20e-01
i:  48000, t:   49270.5 s, ωt:   4.93 (0.78 periods), wall: 24.580 minutes, Δt:   0.76, CFL: 7.20e-01
i:  48100, t:   49336.8 s, ωt:   4.93 (0.79 periods), wall: 24.630 minutes, Δt:   0.59, CFL: 7.20e-01
i:  48200, t:   49406.1 s, ωt:   4.94 (0.79 periods), wall: 24.680 minutes, Δt:   0.80, CFL: 7.20e-01
i:  48300, t:   49481.1 s, ωt:   4.95 (0.79 periods), wall: 24.730 minutes, Δt:   0.75, CFL: 7.20e-01
i:  48400, t:   49550.7 s, ωt:   4.96 (0.79 periods), wall: 24.779 minutes, Δt:   0.66, CFL: 7.20e-01
i:  48500, t:   49622.2 s, ωt:   4.96 (0.79 periods), wall: 24.829 minutes, Δt:   0.66, CFL: 7.20e-01
i:  48600, t:   49697.3 s, ωt:   4.97 (0.79 periods), wall: 24.879 minutes, Δt:   0.71, CFL: 7.20e-01
i:  48700, t:   49772.0 s, ωt:   4.98 (0.79 periods), wall: 24.929 minutes, Δt:   0.74, CFL: 7.20e-01
i:  48800, t:   49836.9 s, ωt:   4.98 (0.79 periods), wall: 24.978 minutes, Δt:   0.78, CFL: 7.20e-01
i:  48900, t:   49914.6 s, ωt:   4.99 (0.79 periods), wall: 25.028 minutes, Δt:   0.75, CFL: 7.20e-01
i:  49000, t:   49997.1 s, ωt:   5.00 (0.80 periods), wall: 25.078 minutes, Δt:   0.81, CFL: 7.20e-01
i:  49100, t:   50075.2 s, ωt:   5.01 (0.80 periods), wall: 25.128 minutes, Δt:   0.80, CFL: 7.20e-01
i:  49200, t:   50158.5 s, ωt:   5.02 (0.80 periods), wall: 25.177 minutes, Δt:   0.81, CFL: 7.20e-01
i:  49300, t:   50230.8 s, ωt:   5.02 (0.80 periods), wall: 25.227 minutes, Δt:   0.78, CFL: 7.20e-01
i:  49400, t:   50300.0 s, ωt:   5.03 (0.80 periods), wall: 25.277 minutes, Δt:   0.63, CFL: 7.20e-01
i:  49500, t:   50364.7 s, ωt:   5.04 (0.80 periods), wall: 25.327 minutes, Δt:   0.68, CFL: 7.20e-01
i:  49600, t:   50432.6 s, ωt:   5.04 (0.80 periods), wall: 25.376 minutes, Δt:   0.79, CFL: 7.20e-01
i:  49700, t:   50509.4 s, ωt:   5.05 (0.80 periods), wall: 25.426 minutes, Δt:   0.71, CFL: 7.20e-01
i:  49800, t:   50586.2 s, ωt:   5.06 (0.81 periods), wall: 25.476 minutes, Δt:   0.77, CFL: 7.20e-01
i:  49900, t:   50659.3 s, ωt:   5.07 (0.81 periods), wall: 25.526 minutes, Δt:   0.65, CFL: 7.20e-01
i:  50000, t:   50729.2 s, ωt:   5.07 (0.81 periods), wall: 25.575 minutes, Δt:   0.71, CFL: 7.20e-01
i:  50100, t:   50802.7 s, ωt:   5.08 (0.81 periods), wall: 25.625 minutes, Δt:   0.76, CFL: 7.20e-01
i:  50200, t:   50877.2 s, ωt:   5.09 (0.81 periods), wall: 25.675 minutes, Δt:   0.58, CFL: 7.20e-01
i:  50300, t:   50944.6 s, ωt:   5.09 (0.81 periods), wall: 25.724 minutes, Δt:   0.76, CFL: 7.20e-01
i:  50400, t:   51023.1 s, ωt:   5.10 (0.81 periods), wall: 25.774 minutes, Δt:   0.75, CFL: 7.20e-01
i:  50500, t:   51099.6 s, ωt:   5.11 (0.81 periods), wall: 25.824 minutes, Δt:   0.72, CFL: 7.20e-01
i:  50600, t:   51179.8 s, ωt:   5.12 (0.81 periods), wall: 25.874 minutes, Δt:   0.82, CFL: 7.20e-01
i:  50700, t:   51262.5 s, ωt:   5.13 (0.82 periods), wall: 25.923 minutes, Δt:   0.79, CFL: 7.20e-01
i:  50800, t:   51338.4 s, ωt:   5.13 (0.82 periods), wall: 25.973 minutes, Δt:   0.68, CFL: 7.20e-01
i:  50900, t:   51415.3 s, ωt:   5.14 (0.82 periods), wall: 26.023 minutes, Δt:   0.80, CFL: 7.20e-01
i:  51000, t:   51493.9 s, ωt:   5.15 (0.82 periods), wall: 26.072 minutes, Δt:   0.83, CFL: 7.20e-01
i:  51100, t:   51569.5 s, ωt:   5.16 (0.82 periods), wall: 26.122 minutes, Δt:   0.83, CFL: 7.20e-01
i:  51200, t:   51645.1 s, ωt:   5.16 (0.82 periods), wall: 26.172 minutes, Δt:   0.76, CFL: 7.20e-01
i:  51300, t:   51726.9 s, ωt:   5.17 (0.82 periods), wall: 26.222 minutes, Δt:   0.85, CFL: 7.20e-01
i:  51400, t:   51809.5 s, ωt:   5.18 (0.82 periods), wall: 26.271 minutes, Δt:   0.97, CFL: 7.20e-01
i:  51500, t:   51891.3 s, ωt:   5.19 (0.83 periods), wall: 26.321 minutes, Δt:   0.81, CFL: 7.20e-01
i:  51600, t:   51974.3 s, ωt:   5.20 (0.83 periods), wall: 26.371 minutes, Δt:   0.80, CFL: 7.20e-01
i:  51700, t:   52060.4 s, ωt:   5.21 (0.83 periods), wall: 26.421 minutes, Δt:   0.88, CFL: 7.20e-01
i:  51800, t:   52145.9 s, ωt:   5.21 (0.83 periods), wall: 26.470 minutes, Δt:   0.90, CFL: 7.20e-01
i:  51900, t:   52230.8 s, ωt:   5.22 (0.83 periods), wall: 26.520 minutes, Δt:   0.71, CFL: 7.20e-01
i:  52000, t:   52315.9 s, ωt:   5.23 (0.83 periods), wall: 26.570 minutes, Δt:   0.92, CFL: 7.20e-01
i:  52100, t:   52401.8 s, ωt:   5.24 (0.83 periods), wall: 26.620 minutes, Δt:   0.71, CFL: 7.20e-01
i:  52200, t:   52478.5 s, ωt:   5.25 (0.84 periods), wall: 26.669 minutes, Δt:   0.92, CFL: 7.20e-01
i:  52300, t:   52565.3 s, ωt:   5.26 (0.84 periods), wall: 26.719 minutes, Δt:   0.88, CFL: 7.20e-01
i:  52400, t:   52649.6 s, ωt:   5.26 (0.84 periods), wall: 26.769 minutes, Δt:   0.68, CFL: 7.20e-01
i:  52500, t:   52725.6 s, ωt:   5.27 (0.84 periods), wall: 26.819 minutes, Δt:   0.73, CFL: 7.20e-01
i:  52600, t:   52805.6 s, ωt:   5.28 (0.84 periods), wall: 26.868 minutes, Δt:   0.84, CFL: 7.20e-01
i:  52700, t:   52883.9 s, ωt:   5.29 (0.84 periods), wall: 26.918 minutes, Δt:   0.82, CFL: 7.20e-01
i:  52800, t:   52960.5 s, ωt:   5.30 (0.84 periods), wall: 26.968 minutes, Δt:   0.82, CFL: 7.20e-01
i:  52900, t:   53035.9 s, ωt:   5.30 (0.84 periods), wall: 27.017 minutes, Δt:   0.74, CFL: 7.20e-01
i:  53000, t:   53114.3 s, ωt:   5.31 (0.85 periods), wall: 27.067 minutes, Δt:   0.85, CFL: 7.20e-01
i:  53100, t:   53198.5 s, ωt:   5.32 (0.85 periods), wall: 27.117 minutes, Δt:   0.81, CFL: 7.20e-01
i:  53200, t:   53274.4 s, ωt:   5.33 (0.85 periods), wall: 27.167 minutes, Δt:   0.95, CFL: 7.20e-01
i:  53300, t:   53362.4 s, ωt:   5.34 (0.85 periods), wall: 27.217 minutes, Δt:   0.83, CFL: 7.20e-01
i:  53400, t:   53440.2 s, ωt:   5.34 (0.85 periods), wall: 27.266 minutes, Δt:   0.86, CFL: 7.20e-01
i:  53500, t:   53524.8 s, ωt:   5.35 (0.85 periods), wall: 27.316 minutes, Δt:   0.79, CFL: 7.20e-01
i:  53600, t:   53605.2 s, ωt:   5.36 (0.85 periods), wall: 27.366 minutes, Δt:   0.92, CFL: 7.20e-01
i:  53700, t:   53687.4 s, ωt:   5.37 (0.85 periods), wall: 27.415 minutes, Δt:   0.73, CFL: 7.20e-01
i:  53800, t:   53778.2 s, ωt:   5.38 (0.86 periods), wall: 27.465 minutes, Δt:   0.82, CFL: 7.20e-01
i:  53900, t:   53858.1 s, ωt:   5.39 (0.86 periods), wall: 27.515 minutes, Δt:   0.74, CFL: 7.20e-01
i:  54000, t:   53936.1 s, ωt:   5.39 (0.86 periods), wall: 27.565 minutes, Δt:   0.83, CFL: 7.20e-01
i:  54100, t:   54020.2 s, ωt:   5.40 (0.86 periods), wall: 27.614 minutes, Δt:   0.83, CFL: 7.20e-01
i:  54200, t:   54096.8 s, ωt:   5.41 (0.86 periods), wall: 27.664 minutes, Δt:   0.94, CFL: 7.20e-01
i:  54300, t:   54186.5 s, ωt:   5.42 (0.86 periods), wall: 27.714 minutes, Δt:   0.91, CFL: 7.20e-01
i:  54400, t:   54283.1 s, ωt:   5.43 (0.86 periods), wall: 27.764 minutes, Δt:   1.09, CFL: 7.20e-01
i:  54500, t:   54382.6 s, ωt:   5.44 (0.87 periods), wall: 27.814 minutes, Δt:   0.86, CFL: 7.20e-01
i:  54600, t:   54477.8 s, ωt:   5.45 (0.87 periods), wall: 27.863 minutes, Δt:   1.03, CFL: 7.20e-01
i:  54700, t:   54578.3 s, ωt:   5.46 (0.87 periods), wall: 27.913 minutes, Δt:   0.93, CFL: 7.20e-01
i:  54800, t:   54672.0 s, ωt:   5.47 (0.87 periods), wall: 27.963 minutes, Δt:   0.99, CFL: 7.20e-01
i:  54900, t:   54778.5 s, ωt:   5.48 (0.87 periods), wall: 28.012 minutes, Δt:   1.06, CFL: 7.20e-01
i:  55000, t:   54879.6 s, ωt:   5.49 (0.87 periods), wall: 28.063 minutes, Δt:   1.11, CFL: 7.20e-01
i:  55100, t:   54983.3 s, ωt:   5.50 (0.88 periods), wall: 28.113 minutes, Δt:   0.98, CFL: 7.20e-01
i:  55200, t:   55079.2 s, ωt:   5.51 (0.88 periods), wall: 28.163 minutes, Δt:   1.00, CFL: 7.20e-01
i:  55300, t:   55178.7 s, ωt:   5.52 (0.88 periods), wall: 28.213 minutes, Δt:   1.03, CFL: 7.20e-01
i:  55400, t:   55280.9 s, ωt:   5.53 (0.88 periods), wall: 28.262 minutes, Δt:   1.13, CFL: 7.20e-01
i:  55500, t:   55390.2 s, ωt:   5.54 (0.88 periods), wall: 28.312 minutes, Δt:   1.04, CFL: 7.20e-01
i:  55600, t:   55492.5 s, ωt:   5.55 (0.88 periods), wall: 28.362 minutes, Δt:   1.10, CFL: 7.20e-01
i:  55700, t:   55584.6 s, ωt:   5.56 (0.88 periods), wall: 28.412 minutes, Δt:   0.95, CFL: 7.20e-01
i:  55800, t:   55690.8 s, ωt:   5.57 (0.89 periods), wall: 28.462 minutes, Δt:   1.05, CFL: 7.20e-01
i:  55900, t:   55793.3 s, ωt:   5.58 (0.89 periods), wall: 28.511 minutes, Δt:   1.04, CFL: 7.20e-01
i:  56000, t:   55904.8 s, ωt:   5.59 (0.89 periods), wall: 28.561 minutes, Δt:   1.11, CFL: 7.20e-01
i:  56100, t:   56014.8 s, ωt:   5.60 (0.89 periods), wall: 28.611 minutes, Δt:   1.22, CFL: 7.20e-01
i:  56200, t:   56136.1 s, ωt:   5.61 (0.89 periods), wall: 28.661 minutes, Δt:   1.06, CFL: 7.20e-01
i:  56300, t:   56240.2 s, ωt:   5.62 (0.90 periods), wall: 28.710 minutes, Δt:   0.93, CFL: 7.20e-01
i:  56400, t:   56343.8 s, ωt:   5.63 (0.90 periods), wall: 28.760 minutes, Δt:   1.18, CFL: 7.20e-01
i:  56500, t:   56466.2 s, ωt:   5.65 (0.90 periods), wall: 28.810 minutes, Δt:   0.91, CFL: 7.20e-01
i:  56600, t:   56575.2 s, ωt:   5.66 (0.90 periods), wall: 28.859 minutes, Δt:   1.33, CFL: 7.20e-01
i:  56700, t:   56705.9 s, ωt:   5.67 (0.90 periods), wall: 28.909 minutes, Δt:   1.36, CFL: 7.20e-01
i:  56800, t:   56827.0 s, ωt:   5.68 (0.90 periods), wall: 28.959 minutes, Δt:   1.24, CFL: 7.20e-01
i:  56900, t:   56953.5 s, ωt:   5.70 (0.91 periods), wall: 29.009 minutes, Δt:   1.25, CFL: 7.20e-01
i:  57000, t:   57078.7 s, ωt:   5.71 (0.91 periods), wall: 29.058 minutes, Δt:   1.31, CFL: 7.20e-01
i:  57100, t:   57206.4 s, ωt:   5.72 (0.91 periods), wall: 29.108 minutes, Δt:   1.10, CFL: 7.20e-01
i:  57200, t:   57325.2 s, ωt:   5.73 (0.91 periods), wall: 29.158 minutes, Δt:   1.24, CFL: 7.20e-01
i:  57300, t:   57455.2 s, ωt:   5.75 (0.91 periods), wall: 29.208 minutes, Δt:   1.52, CFL: 7.20e-01
i:  57400, t:   57584.3 s, ωt:   5.76 (0.92 periods), wall: 29.257 minutes, Δt:   1.29, CFL: 7.20e-01
i:  57500, t:   57717.2 s, ωt:   5.77 (0.92 periods), wall: 29.307 minutes, Δt:   1.34, CFL: 7.20e-01
i:  57600, t:   57854.4 s, ωt:   5.79 (0.92 periods), wall: 29.357 minutes, Δt:   1.35, CFL: 7.20e-01
i:  57700, t:   57986.4 s, ωt:   5.80 (0.92 periods), wall: 29.407 minutes, Δt:   1.17, CFL: 7.20e-01
i:  57800, t:   58110.1 s, ωt:   5.81 (0.92 periods), wall: 29.456 minutes, Δt:   1.25, CFL: 7.20e-01
i:  57900, t:   58256.1 s, ωt:   5.83 (0.93 periods), wall: 29.506 minutes, Δt:   1.40, CFL: 7.20e-01
i:  58000, t:   58383.4 s, ωt:   5.84 (0.93 periods), wall: 29.556 minutes, Δt:   1.06, CFL: 7.20e-01
i:  58100, t:   58505.8 s, ωt:   5.85 (0.93 periods), wall: 29.606 minutes, Δt:   1.25, CFL: 7.20e-01
i:  58200, t:   58643.0 s, ωt:   5.86 (0.93 periods), wall: 29.655 minutes, Δt:   1.53, CFL: 7.20e-01
i:  58300, t:   58797.6 s, ωt:   5.88 (0.94 periods), wall: 29.705 minutes, Δt:   1.65, CFL: 7.20e-01
i:  58400, t:   58953.7 s, ωt:   5.90 (0.94 periods), wall: 29.755 minutes, Δt:   1.40, CFL: 7.20e-01
i:  58500, t:   59126.8 s, ωt:   5.91 (0.94 periods), wall: 29.805 minutes, Δt:   2.02, CFL: 7.20e-01
i:  58600, t:   59318.0 s, ωt:   5.93 (0.94 periods), wall: 29.854 minutes, Δt:   1.96, CFL: 7.20e-01
i:  58700, t:   59511.5 s, ωt:   5.95 (0.95 periods), wall: 29.904 minutes, Δt:   1.94, CFL: 7.20e-01
i:  58800, t:   59694.3 s, ωt:   5.97 (0.95 periods), wall: 29.954 minutes, Δt:   2.08, CFL: 7.20e-01
i:  58900, t:   59904.6 s, ωt:   5.99 (0.95 periods), wall: 30.003 minutes, Δt:   1.96, CFL: 7.20e-01
i:  59000, t:   60125.0 s, ωt:   6.01 (0.96 periods), wall: 30.054 minutes, Δt:   2.49, CFL: 7.20e-01
i:  59100, t:   60359.1 s, ωt:   6.04 (0.96 periods), wall: 30.103 minutes, Δt:   2.16, CFL: 7.20e-01
i:  59200, t:   60580.0 s, ωt:   6.06 (0.96 periods), wall: 30.153 minutes, Δt:   2.52, CFL: 7.02e-01
i:  59300, t:   60873.8 s, ωt:   6.09 (0.97 periods), wall: 30.203 minutes, Δt:   2.73, CFL: 7.20e-01
i:  59400, t:   61182.4 s, ωt:   6.12 (0.97 periods), wall: 30.253 minutes, Δt:   3.66, CFL: 7.20e-01
i:  59500, t:   61503.4 s, ωt:   6.15 (0.98 periods), wall: 30.302 minutes, Δt:   3.31, CFL: 7.20e-01
i:  59600, t:   61826.5 s, ωt:   6.18 (0.98 periods), wall: 30.352 minutes, Δt:   3.38, CFL: 7.20e-01
i:  59700, t:   62126.0 s, ωt:   6.21 (0.99 periods), wall: 30.402 minutes, Δt:   2.65, CFL: 7.20e-01
i:  59800, t:   62432.8 s, ωt:   6.24 (0.99 periods), wall: 30.452 minutes, Δt:   2.75, CFL: 7.20e-01
i:  59900, t:   62754.0 s, ωt:   6.28 (1.00 periods), wall: 30.502 minutes, Δt:   3.46, CFL: 7.20e-01
i:  60000, t:   63072.2 s, ωt:   6.31 (1.00 periods), wall: 30.554 minutes, Δt:   2.87, CFL: 7.20e-01
i:  60100, t:   63378.7 s, ωt:   6.34 (1.01 periods), wall: 30.605 minutes, Δt:   3.14, CFL: 7.20e-01
i:  60200, t:   63709.0 s, ωt:   6.37 (1.01 periods), wall: 30.654 minutes, Δt:   3.17, CFL: 7.20e-01
i:  60300, t:   63998.1 s, ωt:   6.40 (1.02 periods), wall: 30.704 minutes, Δt:   3.24, CFL: 7.20e-01
i:  60400, t:   64295.9 s, ωt:   6.43 (1.02 periods), wall: 30.754 minutes, Δt:   3.01, CFL: 7.20e-01
i:  60500, t:   64558.3 s, ωt:   6.46 (1.03 periods), wall: 30.804 minutes, Δt:   2.56, CFL: 7.20e-01
i:  60600, t:   64790.0 s, ωt:   6.48 (1.03 periods), wall: 30.854 minutes, Δt:   2.22, CFL: 7.20e-01
i:  60700, t:   65014.0 s, ωt:   6.50 (1.03 periods), wall: 30.903 minutes, Δt:   2.41, CFL: 7.20e-01
i:  60800, t:   65226.9 s, ωt:   6.52 (1.04 periods), wall: 30.953 minutes, Δt:   2.06, CFL: 7.20e-01
i:  60900, t:   65427.7 s, ωt:   6.54 (1.04 periods), wall: 31.003 minutes, Δt:   1.78, CFL: 7.20e-01
i:  61000, t:   65617.5 s, ωt:   6.56 (1.04 periods), wall: 31.053 minutes, Δt:   2.03, CFL: 7.20e-01
i:  61100, t:   65816.1 s, ωt:   6.58 (1.05 periods), wall: 31.103 minutes, Δt:   1.72, CFL: 7.20e-01
i:  61200, t:   66002.4 s, ωt:   6.60 (1.05 periods), wall: 31.153 minutes, Δt:   2.01, CFL: 7.20e-01
i:  61300, t:   66195.4 s, ωt:   6.62 (1.05 periods), wall: 31.202 minutes, Δt:   1.78, CFL: 7.20e-01
i:  61400, t:   66361.4 s, ωt:   6.64 (1.06 periods), wall: 31.252 minutes, Δt:   1.54, CFL: 7.20e-01
i:  61500, t:   66515.4 s, ωt:   6.65 (1.06 periods), wall: 31.302 minutes, Δt:   1.59, CFL: 7.20e-01
i:  61600, t:   66662.2 s, ωt:   6.67 (1.06 periods), wall: 31.352 minutes, Δt:   1.53, CFL: 7.20e-01
i:  61700, t:   66816.6 s, ωt:   6.68 (1.06 periods), wall: 31.402 minutes, Δt:   1.63, CFL: 7.20e-01
i:  61800, t:   66970.1 s, ωt:   6.70 (1.07 periods), wall: 31.452 minutes, Δt:   1.35, CFL: 7.20e-01
i:  61900, t:   67112.4 s, ωt:   6.71 (1.07 periods), wall: 31.501 minutes, Δt:   1.46, CFL: 7.20e-01
i:  62000, t:   67253.2 s, ωt:   6.73 (1.07 periods), wall: 31.551 minutes, Δt:   1.36, CFL: 7.20e-01
i:  62100, t:   67381.7 s, ωt:   6.74 (1.07 periods), wall: 31.601 minutes, Δt:   1.30, CFL: 7.20e-01
i:  62200, t:   67507.1 s, ωt:   6.75 (1.07 periods), wall: 31.651 minutes, Δt:   1.20, CFL: 7.20e-01
i:  62300, t:   67627.4 s, ωt:   6.76 (1.08 periods), wall: 31.701 minutes, Δt:   1.30, CFL: 7.20e-01
i:  62400, t:   67747.1 s, ωt:   6.77 (1.08 periods), wall: 31.750 minutes, Δt:   1.16, CFL: 7.20e-01
i:  62500, t:   67867.5 s, ωt:   6.79 (1.08 periods), wall: 31.800 minutes, Δt:   1.13, CFL: 7.20e-01
i:  62600, t:   67983.5 s, ωt:   6.80 (1.08 periods), wall: 31.850 minutes, Δt:   1.17, CFL: 7.20e-01
i:  62700, t:   68102.6 s, ωt:   6.81 (1.08 periods), wall: 31.900 minutes, Δt:   1.07, CFL: 7.20e-01
i:  62800, t:   68214.3 s, ωt:   6.82 (1.09 periods), wall: 31.949 minutes, Δt:   1.15, CFL: 7.20e-01
i:  62900, t:   68324.9 s, ωt:   6.83 (1.09 periods), wall: 31.999 minutes, Δt:   1.20, CFL: 7.20e-01
i:  63000, t:   68437.9 s, ωt:   6.84 (1.09 periods), wall: 32.049 minutes, Δt:   1.00, CFL: 7.20e-01
i:  63100, t:   68548.1 s, ωt:   6.85 (1.09 periods), wall: 32.099 minutes, Δt:   1.13, CFL: 7.20e-01
i:  63200, t:   68651.6 s, ωt:   6.87 (1.09 periods), wall: 32.148 minutes, Δt:   1.27, CFL: 7.20e-01
i:  63300, t:   68760.9 s, ωt:   6.88 (1.09 periods), wall: 32.198 minutes, Δt:   1.13, CFL: 7.20e-01
i:  63400, t:   68871.0 s, ωt:   6.89 (1.10 periods), wall: 32.248 minutes, Δt:   0.96, CFL: 7.20e-01
i:  63500, t:   68953.9 s, ωt:   6.90 (1.10 periods), wall: 32.298 minutes, Δt:   0.76, CFL: 7.20e-01
i:  63600, t:   69048.5 s, ωt:   6.90 (1.10 periods), wall: 32.347 minutes, Δt:   1.06, CFL: 7.20e-01
i:  63700, t:   69153.4 s, ωt:   6.92 (1.10 periods), wall: 32.397 minutes, Δt:   1.12, CFL: 7.20e-01
i:  63800, t:   69254.7 s, ωt:   6.93 (1.10 periods), wall: 32.447 minutes, Δt:   1.10, CFL: 7.20e-01
i:  63900, t:   69367.9 s, ωt:   6.94 (1.10 periods), wall: 32.497 minutes, Δt:   1.08, CFL: 7.20e-01
i:  64000, t:   69480.3 s, ωt:   6.95 (1.11 periods), wall: 32.547 minutes, Δt:   1.04, CFL: 7.20e-01
i:  64100, t:   69575.0 s, ωt:   6.96 (1.11 periods), wall: 32.596 minutes, Δt:   0.84, CFL: 7.20e-01
i:  64200, t:   69683.7 s, ωt:   6.97 (1.11 periods), wall: 32.646 minutes, Δt:   1.07, CFL: 7.20e-01
i:  64300, t:   69778.9 s, ωt:   6.98 (1.11 periods), wall: 32.696 minutes, Δt:   1.05, CFL: 7.20e-01
i:  64400, t:   69881.3 s, ωt:   6.99 (1.11 periods), wall: 32.746 minutes, Δt:   0.86, CFL: 7.20e-01
i:  64500, t:   69977.6 s, ωt:   7.00 (1.11 periods), wall: 32.795 minutes, Δt:   0.95, CFL: 7.20e-01
i:  64600, t:   70069.2 s, ωt:   7.01 (1.12 periods), wall: 32.845 minutes, Δt:   1.11, CFL: 7.20e-01
i:  64700, t:   70165.1 s, ωt:   7.02 (1.12 periods), wall: 32.895 minutes, Δt:   0.95, CFL: 7.20e-01
i:  64800, t:   70262.0 s, ωt:   7.03 (1.12 periods), wall: 32.945 minutes, Δt:   1.01, CFL: 7.20e-01
i:  64900, t:   70353.8 s, ωt:   7.04 (1.12 periods), wall: 32.994 minutes, Δt:   0.80, CFL: 7.20e-01
i:  65000, t:   70436.5 s, ωt:   7.04 (1.12 periods), wall: 33.044 minutes, Δt:   0.86, CFL: 7.20e-01
i:  65100, t:   70531.3 s, ωt:   7.05 (1.12 periods), wall: 33.094 minutes, Δt:   0.94, CFL: 7.20e-01
i:  65200, t:   70628.3 s, ωt:   7.06 (1.12 periods), wall: 33.143 minutes, Δt:   1.02, CFL: 7.20e-01
i:  65300, t:   70727.0 s, ωt:   7.07 (1.13 periods), wall: 33.193 minutes, Δt:   0.89, CFL: 7.20e-01
i:  65400, t:   70806.2 s, ωt:   7.08 (1.13 periods), wall: 33.243 minutes, Δt:   0.67, CFL: 7.20e-01
i:  65500, t:   70883.0 s, ωt:   7.09 (1.13 periods), wall: 33.293 minutes, Δt:   0.82, CFL: 7.20e-01
i:  65600, t:   70965.2 s, ωt:   7.10 (1.13 periods), wall: 33.342 minutes, Δt:   0.91, CFL: 7.20e-01
i:  65700, t:   71049.0 s, ωt:   7.10 (1.13 periods), wall: 33.392 minutes, Δt:   0.95, CFL: 7.20e-01
i:  65800, t:   71135.6 s, ωt:   7.11 (1.13 periods), wall: 33.443 minutes, Δt:   0.82, CFL: 7.20e-01
i:  65900, t:   71224.1 s, ωt:   7.12 (1.13 periods), wall: 33.493 minutes, Δt:   0.91, CFL: 7.20e-01
i:  66000, t:   71308.8 s, ωt:   7.13 (1.13 periods), wall: 33.542 minutes, Δt:   0.82, CFL: 7.20e-01
i:  66100, t:   71395.9 s, ωt:   7.14 (1.14 periods), wall: 33.592 minutes, Δt:   0.99, CFL: 7.20e-01
i:  66200, t:   71489.5 s, ωt:   7.15 (1.14 periods), wall: 33.642 minutes, Δt:   0.93, CFL: 7.20e-01
i:  66300, t:   71576.3 s, ωt:   7.16 (1.14 periods), wall: 33.692 minutes, Δt:   0.90, CFL: 7.20e-01
i:  66400, t:   71660.4 s, ωt:   7.17 (1.14 periods), wall: 33.742 minutes, Δt:   0.89, CFL: 7.20e-01
i:  66500, t:   71747.2 s, ωt:   7.17 (1.14 periods), wall: 33.791 minutes, Δt:   0.94, CFL: 7.20e-01
i:  66600, t:   71837.8 s, ωt:   7.18 (1.14 periods), wall: 33.841 minutes, Δt:   0.93, CFL: 7.20e-01
i:  66700, t:   71921.9 s, ωt:   7.19 (1.14 periods), wall: 33.891 minutes, Δt:   0.81, CFL: 7.20e-01
i:  66800, t:   72000.3 s, ωt:   7.20 (1.15 periods), wall: 33.940 minutes, Δt:   0.78, CFL: 7.20e-01
i:  66900, t:   72085.4 s, ωt:   7.21 (1.15 periods), wall: 33.990 minutes, Δt:   0.96, CFL: 7.20e-01
i:  67000, t:   72174.9 s, ωt:   7.22 (1.15 periods), wall: 34.040 minutes, Δt:   0.93, CFL: 7.20e-01
i:  67100, t:   72255.7 s, ωt:   7.23 (1.15 periods), wall: 34.089 minutes, Δt:   0.87, CFL: 7.20e-01
i:  67200, t:   72334.6 s, ωt:   7.23 (1.15 periods), wall: 34.139 minutes, Δt:   0.63, CFL: 7.20e-01
i:  67300, t:   72411.7 s, ωt:   7.24 (1.15 periods), wall: 34.189 minutes, Δt:   0.77, CFL: 7.20e-01
i:  67400, t:   72488.8 s, ωt:   7.25 (1.15 periods), wall: 34.239 minutes, Δt:   0.87, CFL: 7.20e-01
i:  67500, t:   72570.8 s, ωt:   7.26 (1.15 periods), wall: 34.288 minutes, Δt:   0.71, CFL: 7.20e-01
i:  67600, t:   72653.2 s, ωt:   7.27 (1.16 periods), wall: 34.338 minutes, Δt:   0.68, CFL: 7.20e-01
i:  67700, t:   72730.3 s, ωt:   7.27 (1.16 periods), wall: 34.388 minutes, Δt:   0.78, CFL: 7.20e-01
i:  67800, t:   72810.8 s, ωt:   7.28 (1.16 periods), wall: 34.438 minutes, Δt:   0.80, CFL: 7.20e-01
i:  67900, t:   72892.2 s, ωt:   7.29 (1.16 periods), wall: 34.487 minutes, Δt:   0.74, CFL: 7.20e-01
i:  68000, t:   72973.6 s, ωt:   7.30 (1.16 periods), wall: 34.537 minutes, Δt:   0.86, CFL: 7.20e-01
i:  68100, t:   73054.0 s, ωt:   7.31 (1.16 periods), wall: 34.587 minutes, Δt:   0.86, CFL: 7.20e-01
i:  68200, t:   73132.3 s, ωt:   7.31 (1.16 periods), wall: 34.636 minutes, Δt:   0.84, CFL: 7.20e-01
i:  68300, t:   73219.1 s, ωt:   7.32 (1.17 periods), wall: 34.686 minutes, Δt:   0.81, CFL: 7.20e-01
i:  68400, t:   73296.0 s, ωt:   7.33 (1.17 periods), wall: 34.736 minutes, Δt:   0.69, CFL: 7.20e-01
i:  68500, t:   73372.1 s, ωt:   7.34 (1.17 periods), wall: 34.786 minutes, Δt:   0.67, CFL: 7.20e-01
i:  68600, t:   73443.9 s, ωt:   7.34 (1.17 periods), wall: 34.835 minutes, Δt:   0.71, CFL: 7.20e-01
i:  68700, t:   73520.3 s, ωt:   7.35 (1.17 periods), wall: 34.885 minutes, Δt:   0.67, CFL: 7.20e-01
i:  68800, t:   73593.0 s, ωt:   7.36 (1.17 periods), wall: 34.935 minutes, Δt:   0.79, CFL: 7.20e-01
i:  68900, t:   73669.5 s, ωt:   7.37 (1.17 periods), wall: 34.985 minutes, Δt:   0.83, CFL: 7.20e-01
i:  69000, t:   73745.4 s, ωt:   7.37 (1.17 periods), wall: 35.035 minutes, Δt:   0.80, CFL: 7.20e-01
i:  69100, t:   73825.5 s, ωt:   7.38 (1.17 periods), wall: 35.084 minutes, Δt:   0.77, CFL: 7.20e-01
i:  69200, t:   73901.4 s, ωt:   7.39 (1.18 periods), wall: 35.134 minutes, Δt:   0.75, CFL: 7.20e-01
i:  69300, t:   73978.8 s, ωt:   7.40 (1.18 periods), wall: 35.184 minutes, Δt:   0.75, CFL: 7.20e-01
i:  69400, t:   74054.6 s, ωt:   7.41 (1.18 periods), wall: 35.234 minutes, Δt:   0.80, CFL: 7.20e-01
i:  69500, t:   74127.9 s, ωt:   7.41 (1.18 periods), wall: 35.283 minutes, Δt:   0.76, CFL: 7.20e-01
i:  69600, t:   74200.9 s, ωt:   7.42 (1.18 periods), wall: 35.333 minutes, Δt:   0.78, CFL: 7.20e-01
i:  69700, t:   74276.7 s, ωt:   7.43 (1.18 periods), wall: 35.383 minutes, Δt:   0.81, CFL: 7.20e-01
i:  69800, t:   74357.3 s, ωt:   7.44 (1.18 periods), wall: 35.433 minutes, Δt:   0.74, CFL: 7.20e-01
i:  69900, t:   74431.4 s, ωt:   7.44 (1.18 periods), wall: 35.483 minutes, Δt:   0.67, CFL: 7.20e-01
i:  70000, t:   74508.8 s, ωt:   7.45 (1.19 periods), wall: 35.532 minutes, Δt:   0.76, CFL: 7.20e-01
i:  70100, t:   74587.5 s, ωt:   7.46 (1.19 periods), wall: 35.582 minutes, Δt:   0.81, CFL: 7.20e-01
i:  70200, t:   74659.9 s, ωt:   7.47 (1.19 periods), wall: 35.632 minutes, Δt:   0.76, CFL: 7.20e-01
i:  70300, t:   74731.5 s, ωt:   7.47 (1.19 periods), wall: 35.682 minutes, Δt:   0.65, CFL: 7.20e-01
i:  70400, t:   74797.1 s, ωt:   7.48 (1.19 periods), wall: 35.731 minutes, Δt:   0.77, CFL: 7.20e-01
i:  70500, t:   74877.2 s, ωt:   7.49 (1.19 periods), wall: 35.781 minutes, Δt:   0.72, CFL: 7.20e-01
i:  70600, t:   74946.8 s, ωt:   7.49 (1.19 periods), wall: 35.831 minutes, Δt:   0.71, CFL: 7.20e-01
i:  70700, t:   75023.9 s, ωt:   7.50 (1.19 periods), wall: 35.881 minutes, Δt:   0.71, CFL: 7.20e-01
i:  70800, t:   75098.3 s, ωt:   7.51 (1.20 periods), wall: 35.931 minutes, Δt:   0.76, CFL: 7.20e-01
i:  70900, t:   75168.3 s, ωt:   7.52 (1.20 periods), wall: 35.980 minutes, Δt:   0.84, CFL: 7.20e-01
i:  71000, t:   75246.4 s, ωt:   7.52 (1.20 periods), wall: 36.030 minutes, Δt:   0.81, CFL: 7.20e-01
i:  71100, t:   75322.9 s, ωt:   7.53 (1.20 periods), wall: 36.080 minutes, Δt:   0.75, CFL: 7.20e-01
i:  71200, t:   75390.4 s, ωt:   7.54 (1.20 periods), wall: 36.129 minutes, Δt:   0.64, CFL: 7.20e-01
i:  71300, t:   75455.9 s, ωt:   7.55 (1.20 periods), wall: 36.179 minutes, Δt:   0.56, CFL: 7.20e-01
i:  71400, t:   75524.6 s, ωt:   7.55 (1.20 periods), wall: 36.229 minutes, Δt:   0.68, CFL: 7.20e-01
i:  71500, t:   75600.1 s, ωt:   7.56 (1.20 periods), wall: 36.279 minutes, Δt:   0.84, CFL: 7.20e-01
i:  71600, t:   75682.3 s, ωt:   7.57 (1.20 periods), wall: 36.329 minutes, Δt:   0.78, CFL: 7.20e-01
i:  71700, t:   75759.0 s, ωt:   7.58 (1.21 periods), wall: 36.379 minutes, Δt:   0.74, CFL: 7.20e-01
i:  71800, t:   75831.9 s, ωt:   7.58 (1.21 periods), wall: 36.428 minutes, Δt:   0.70, CFL: 7.20e-01
i:  71900, t:   75905.5 s, ωt:   7.59 (1.21 periods), wall: 36.478 minutes, Δt:   0.81, CFL: 7.20e-01
i:  72000, t:   75978.4 s, ωt:   7.60 (1.21 periods), wall: 36.528 minutes, Δt:   0.85, CFL: 7.20e-01
i:  72100, t:   76051.8 s, ωt:   7.61 (1.21 periods), wall: 36.578 minutes, Δt:   0.70, CFL: 7.20e-01
i:  72200, t:   76121.2 s, ωt:   7.61 (1.21 periods), wall: 36.627 minutes, Δt:   0.72, CFL: 7.20e-01
i:  72300, t:   76185.2 s, ωt:   7.62 (1.21 periods), wall: 36.677 minutes, Δt:   0.74, CFL: 7.20e-01
i:  72400, t:   76259.6 s, ωt:   7.63 (1.21 periods), wall: 36.727 minutes, Δt:   0.70, CFL: 7.20e-01
i:  72500, t:   76334.8 s, ωt:   7.63 (1.21 periods), wall: 36.777 minutes, Δt:   0.74, CFL: 7.20e-01
i:  72600, t:   76402.0 s, ωt:   7.64 (1.22 periods), wall: 36.826 minutes, Δt:   0.51, CFL: 7.20e-01
i:  72700, t:   76467.4 s, ωt:   7.65 (1.22 periods), wall: 36.876 minutes, Δt:   0.73, CFL: 7.20e-01
i:  72800, t:   76538.8 s, ωt:   7.65 (1.22 periods), wall: 36.926 minutes, Δt:   0.74, CFL: 7.20e-01
i:  72900, t:   76607.1 s, ωt:   7.66 (1.22 periods), wall: 36.976 minutes, Δt:   0.73, CFL: 7.20e-01
i:  73000, t:   76674.6 s, ωt:   7.67 (1.22 periods), wall: 37.026 minutes, Δt:   0.70, CFL: 7.20e-01
i:  73100, t:   76745.8 s, ωt:   7.67 (1.22 periods), wall: 37.075 minutes, Δt:   0.70, CFL: 7.20e-01
i:  73200, t:   76817.0 s, ωt:   7.68 (1.22 periods), wall: 37.125 minutes, Δt:   0.65, CFL: 7.20e-01
i:  73300, t:   76883.7 s, ωt:   7.69 (1.22 periods), wall: 37.175 minutes, Δt:   0.77, CFL: 7.20e-01
i:  73400, t:   76960.2 s, ωt:   7.70 (1.22 periods), wall: 37.224 minutes, Δt:   0.65, CFL: 7.20e-01
i:  73500, t:   77031.2 s, ωt:   7.70 (1.23 periods), wall: 37.274 minutes, Δt:   0.71, CFL: 7.20e-01
i:  73600, t:   77098.7 s, ωt:   7.71 (1.23 periods), wall: 37.324 minutes, Δt:   0.76, CFL: 7.20e-01
i:  73700, t:   77168.8 s, ωt:   7.72 (1.23 periods), wall: 37.374 minutes, Δt:   0.62, CFL: 7.20e-01
i:  73800, t:   77245.8 s, ωt:   7.72 (1.23 periods), wall: 37.423 minutes, Δt:   0.60, CFL: 7.20e-01
i:  73900, t:   77314.3 s, ωt:   7.73 (1.23 periods), wall: 37.473 minutes, Δt:   0.65, CFL: 7.20e-01
i:  74000, t:   77382.0 s, ωt:   7.74 (1.23 periods), wall: 37.523 minutes, Δt:   0.68, CFL: 7.20e-01
i:  74100, t:   77455.1 s, ωt:   7.75 (1.23 periods), wall: 37.572 minutes, Δt:   0.66, CFL: 7.20e-01
i:  74200, t:   77522.2 s, ωt:   7.75 (1.23 periods), wall: 37.622 minutes, Δt:   0.70, CFL: 7.20e-01
i:  74300, t:   77595.2 s, ωt:   7.76 (1.23 periods), wall: 37.672 minutes, Δt:   0.79, CFL: 7.20e-01
i:  74400, t:   77670.0 s, ωt:   7.77 (1.24 periods), wall: 37.722 minutes, Δt:   0.60, CFL: 7.20e-01
i:  74500, t:   77735.2 s, ωt:   7.77 (1.24 periods), wall: 37.771 minutes, Δt:   0.71, CFL: 7.20e-01
i:  74600, t:   77810.2 s, ωt:   7.78 (1.24 periods), wall: 37.821 minutes, Δt:   0.71, CFL: 7.20e-01
i:  74700, t:   77877.9 s, ωt:   7.79 (1.24 periods), wall: 37.871 minutes, Δt:   0.80, CFL: 7.20e-01
i:  74800, t:   77951.9 s, ωt:   7.80 (1.24 periods), wall: 37.921 minutes, Δt:   0.63, CFL: 7.20e-01
i:  74900, t:   78026.4 s, ωt:   7.80 (1.24 periods), wall: 37.970 minutes, Δt:   0.72, CFL: 7.20e-01
i:  75000, t:   78102.1 s, ωt:   7.81 (1.24 periods), wall: 38.020 minutes, Δt:   0.78, CFL: 7.20e-01
i:  75100, t:   78175.6 s, ωt:   7.82 (1.24 periods), wall: 38.070 minutes, Δt:   0.76, CFL: 7.20e-01
i:  75200, t:   78243.9 s, ωt:   7.82 (1.25 periods), wall: 38.121 minutes, Δt:   0.66, CFL: 7.20e-01
i:  75300, t:   78310.7 s, ωt:   7.83 (1.25 periods), wall: 38.171 minutes, Δt:   0.67, CFL: 7.20e-01
i:  75400, t:   78376.9 s, ωt:   7.84 (1.25 periods), wall: 38.220 minutes, Δt:   0.68, CFL: 7.20e-01
i:  75500, t:   78451.6 s, ωt:   7.85 (1.25 periods), wall: 38.270 minutes, Δt:   0.81, CFL: 7.20e-01
i:  75600, t:   78531.8 s, ωt:   7.85 (1.25 periods), wall: 38.320 minutes, Δt:   0.81, CFL: 7.20e-01
i:  75700, t:   78612.1 s, ωt:   7.86 (1.25 periods), wall: 38.369 minutes, Δt:   0.76, CFL: 7.20e-01
i:  75800, t:   78689.9 s, ωt:   7.87 (1.25 periods), wall: 38.419 minutes, Δt:   0.81, CFL: 7.20e-01
i:  75900, t:   78761.2 s, ωt:   7.88 (1.25 periods), wall: 38.469 minutes, Δt:   0.67, CFL: 7.20e-01
i:  76000, t:   78837.4 s, ωt:   7.88 (1.25 periods), wall: 38.519 minutes, Δt:   0.77, CFL: 7.20e-01
i:  76100, t:   78913.3 s, ωt:   7.89 (1.26 periods), wall: 38.568 minutes, Δt:   0.69, CFL: 7.20e-01
i:  76200, t:   78988.2 s, ωt:   7.90 (1.26 periods), wall: 38.618 minutes, Δt:   0.80, CFL: 7.20e-01
i:  76300, t:   79071.8 s, ωt:   7.91 (1.26 periods), wall: 38.668 minutes, Δt:   0.73, CFL: 7.20e-01
i:  76400, t:   79150.0 s, ωt:   7.91 (1.26 periods), wall: 38.717 minutes, Δt:   0.77, CFL: 7.20e-01
i:  76500, t:   79223.6 s, ωt:   7.92 (1.26 periods), wall: 38.767 minutes, Δt:   0.77, CFL: 7.20e-01
i:  76600, t:   79297.3 s, ωt:   7.93 (1.26 periods), wall: 38.817 minutes, Δt:   0.69, CFL: 7.20e-01
i:  76700, t:   79368.8 s, ωt:   7.94 (1.26 periods), wall: 38.867 minutes, Δt:   0.71, CFL: 7.20e-01
i:  76800, t:   79444.0 s, ωt:   7.94 (1.26 periods), wall: 38.916 minutes, Δt:   0.78, CFL: 7.20e-01
i:  76900, t:   79517.4 s, ωt:   7.95 (1.27 periods), wall: 38.966 minutes, Δt:   0.68, CFL: 7.20e-01
i:  77000, t:   79597.5 s, ωt:   7.96 (1.27 periods), wall: 39.016 minutes, Δt:   0.82, CFL: 7.20e-01
i:  77100, t:   79678.7 s, ωt:   7.97 (1.27 periods), wall: 39.066 minutes, Δt:   0.84, CFL: 7.20e-01
i:  77200, t:   79758.8 s, ωt:   7.98 (1.27 periods), wall: 39.115 minutes, Δt:   0.86, CFL: 7.20e-01
i:  77300, t:   79834.2 s, ωt:   7.98 (1.27 periods), wall: 39.165 minutes, Δt:   0.72, CFL: 7.20e-01
i:  77400, t:   79910.9 s, ωt:   7.99 (1.27 periods), wall: 39.215 minutes, Δt:   0.63, CFL: 7.20e-01
i:  77500, t:   79982.2 s, ωt:   8.00 (1.27 periods), wall: 39.265 minutes, Δt:   0.87, CFL: 7.20e-01
i:  77600, t:   80065.6 s, ωt:   8.01 (1.27 periods), wall: 39.314 minutes, Δt:   0.74, CFL: 7.20e-01
i:  77700, t:   80142.3 s, ωt:   8.01 (1.28 periods), wall: 39.364 minutes, Δt:   0.85, CFL: 7.20e-01
i:  77800, t:   80222.7 s, ωt:   8.02 (1.28 periods), wall: 39.414 minutes, Δt:   0.75, CFL: 7.20e-01
i:  77900, t:   80293.2 s, ωt:   8.03 (1.28 periods), wall: 39.463 minutes, Δt:   0.70, CFL: 7.20e-01
i:  78000, t:   80365.3 s, ωt:   8.04 (1.28 periods), wall: 39.513 minutes, Δt:   0.69, CFL: 7.20e-01
i:  78100, t:   80442.6 s, ωt:   8.04 (1.28 periods), wall: 39.563 minutes, Δt:   0.72, CFL: 7.20e-01
i:  78200, t:   80516.5 s, ωt:   8.05 (1.28 periods), wall: 39.613 minutes, Δt:   0.72, CFL: 7.20e-01
i:  78300, t:   80591.0 s, ωt:   8.06 (1.28 periods), wall: 39.662 minutes, Δt:   0.74, CFL: 7.20e-01
i:  78400, t:   80674.7 s, ωt:   8.07 (1.28 periods), wall: 39.712 minutes, Δt:   0.84, CFL: 7.20e-01
i:  78500, t:   80748.2 s, ωt:   8.07 (1.29 periods), wall: 39.762 minutes, Δt:   0.71, CFL: 7.20e-01
i:  78600, t:   80827.6 s, ωt:   8.08 (1.29 periods), wall: 39.812 minutes, Δt:   0.71, CFL: 7.20e-01
i:  78700, t:   80902.6 s, ωt:   8.09 (1.29 periods), wall: 39.861 minutes, Δt:   0.79, CFL: 7.20e-01
i:  78800, t:   80972.6 s, ωt:   8.10 (1.29 periods), wall: 39.911 minutes, Δt:   0.67, CFL: 7.20e-01
i:  78900, t:   81050.5 s, ωt:   8.11 (1.29 periods), wall: 39.961 minutes, Δt:   0.84, CFL: 7.20e-01
i:  79000, t:   81127.3 s, ωt:   8.11 (1.29 periods), wall: 40.011 minutes, Δt:   0.73, CFL: 7.20e-01
i:  79100, t:   81206.1 s, ωt:   8.12 (1.29 periods), wall: 40.060 minutes, Δt:   0.92, CFL: 7.20e-01
i:  79200, t:   81279.7 s, ωt:   8.13 (1.29 periods), wall: 40.110 minutes, Δt:   0.75, CFL: 7.20e-01
i:  79300, t:   81361.9 s, ωt:   8.14 (1.29 periods), wall: 40.160 minutes, Δt:   0.87, CFL: 7.20e-01
i:  79400, t:   81451.2 s, ωt:   8.15 (1.30 periods), wall: 40.210 minutes, Δt:   0.83, CFL: 7.20e-01
i:  79500, t:   81533.2 s, ωt:   8.15 (1.30 periods), wall: 40.260 minutes, Δt:   0.93, CFL: 7.20e-01
i:  79600, t:   81619.5 s, ωt:   8.16 (1.30 periods), wall: 40.309 minutes, Δt:   0.91, CFL: 7.20e-01
i:  79700, t:   81699.3 s, ωt:   8.17 (1.30 periods), wall: 40.359 minutes, Δt:   0.81, CFL: 7.20e-01
i:  79800, t:   81777.2 s, ωt:   8.18 (1.30 periods), wall: 40.409 minutes, Δt:   0.81, CFL: 7.20e-01
i:  79900, t:   81847.4 s, ωt:   8.18 (1.30 periods), wall: 40.459 minutes, Δt:   0.78, CFL: 7.20e-01
i:  80000, t:   81926.8 s, ωt:   8.19 (1.30 periods), wall: 40.508 minutes, Δt:   0.90, CFL: 7.20e-01
i:  80100, t:   82006.4 s, ωt:   8.20 (1.31 periods), wall: 40.558 minutes, Δt:   0.76, CFL: 7.20e-01
i:  80200, t:   82089.1 s, ωt:   8.21 (1.31 periods), wall: 40.608 minutes, Δt:   0.88, CFL: 7.20e-01
i:  80300, t:   82170.5 s, ωt:   8.22 (1.31 periods), wall: 40.658 minutes, Δt:   0.78, CFL: 7.20e-01
i:  80400, t:   82240.0 s, ωt:   8.22 (1.31 periods), wall: 40.708 minutes, Δt:   0.86, CFL: 7.20e-01
i:  80500, t:   82332.9 s, ωt:   8.23 (1.31 periods), wall: 40.758 minutes, Δt:   0.93, CFL: 7.20e-01
i:  80600, t:   82420.0 s, ωt:   8.24 (1.31 periods), wall: 40.807 minutes, Δt:   0.92, CFL: 7.20e-01
i:  80700, t:   82510.4 s, ωt:   8.25 (1.31 periods), wall: 40.857 minutes, Δt:   0.81, CFL: 7.20e-01
i:  80800, t:   82584.0 s, ωt:   8.26 (1.31 periods), wall: 40.907 minutes, Δt:   0.82, CFL: 7.20e-01
i:  80900, t:   82667.2 s, ωt:   8.27 (1.32 periods), wall: 40.957 minutes, Δt:   0.78, CFL: 7.20e-01
i:  81000, t:   82749.9 s, ωt:   8.27 (1.32 periods), wall: 41.006 minutes, Δt:   0.75, CFL: 7.20e-01
i:  81100, t:   82838.0 s, ωt:   8.28 (1.32 periods), wall: 41.056 minutes, Δt:   0.89, CFL: 7.20e-01
i:  81200, t:   82927.5 s, ωt:   8.29 (1.32 periods), wall: 41.106 minutes, Δt:   0.95, CFL: 7.20e-01
i:  81300, t:   83017.1 s, ωt:   8.30 (1.32 periods), wall: 41.155 minutes, Δt:   0.86, CFL: 7.20e-01
i:  81400, t:   83105.6 s, ωt:   8.31 (1.32 periods), wall: 41.205 minutes, Δt:   0.83, CFL: 7.20e-01
i:  81500, t:   83188.2 s, ωt:   8.32 (1.32 periods), wall: 41.255 minutes, Δt:   0.84, CFL: 7.20e-01
i:  81600, t:   83272.5 s, ωt:   8.33 (1.33 periods), wall: 41.305 minutes, Δt:   0.94, CFL: 7.20e-01
i:  81700, t:   83365.1 s, ωt:   8.34 (1.33 periods), wall: 41.354 minutes, Δt:   0.88, CFL: 7.20e-01
i:  81800, t:   83457.1 s, ωt:   8.35 (1.33 periods), wall: 41.404 minutes, Δt:   0.81, CFL: 7.20e-01
i:  81900, t:   83535.9 s, ωt:   8.35 (1.33 periods), wall: 41.454 minutes, Δt:   0.87, CFL: 7.20e-01
i:  82000, t:   83621.4 s, ωt:   8.36 (1.33 periods), wall: 41.504 minutes, Δt:   0.80, CFL: 7.20e-01
i:  82100, t:   83702.3 s, ωt:   8.37 (1.33 periods), wall: 41.554 minutes, Δt:   0.93, CFL: 7.20e-01
i:  82200, t:   83791.1 s, ωt:   8.38 (1.33 periods), wall: 41.603 minutes, Δt:   0.82, CFL: 7.20e-01
i:  82300, t:   83864.7 s, ωt:   8.39 (1.33 periods), wall: 41.653 minutes, Δt:   0.84, CFL: 7.20e-01
i:  82400, t:   83945.8 s, ωt:   8.39 (1.34 periods), wall: 41.703 minutes, Δt:   0.91, CFL: 7.20e-01
i:  82500, t:   84030.8 s, ωt:   8.40 (1.34 periods), wall: 41.752 minutes, Δt:   0.89, CFL: 7.20e-01
i:  82600, t:   84117.2 s, ωt:   8.41 (1.34 periods), wall: 41.802 minutes, Δt:   0.93, CFL: 7.20e-01
i:  82700, t:   84208.7 s, ωt:   8.42 (1.34 periods), wall: 41.852 minutes, Δt:   0.85, CFL: 7.20e-01
i:  82800, t:   84290.2 s, ωt:   8.43 (1.34 periods), wall: 41.901 minutes, Δt:   0.81, CFL: 7.20e-01
i:  82900, t:   84381.9 s, ωt:   8.44 (1.34 periods), wall: 41.951 minutes, Δt:   0.99, CFL: 7.20e-01
i:  83000, t:   84475.8 s, ωt:   8.45 (1.34 periods), wall: 42.001 minutes, Δt:   0.86, CFL: 7.20e-01
i:  83100, t:   84573.8 s, ωt:   8.46 (1.35 periods), wall: 42.051 minutes, Δt:   1.05, CFL: 7.20e-01
i:  83200, t:   84669.2 s, ωt:   8.47 (1.35 periods), wall: 42.100 minutes, Δt:   0.71, CFL: 7.20e-01
i:  83300, t:   84742.3 s, ωt:   8.47 (1.35 periods), wall: 42.150 minutes, Δt:   0.81, CFL: 7.20e-01
i:  83400, t:   84828.3 s, ωt:   8.48 (1.35 periods), wall: 42.200 minutes, Δt:   0.83, CFL: 7.20e-01
i:  83500, t:   84907.4 s, ωt:   8.49 (1.35 periods), wall: 42.250 minutes, Δt:   0.74, CFL: 7.20e-01
i:  83600, t:   84995.0 s, ωt:   8.50 (1.35 periods), wall: 42.299 minutes, Δt:   0.97, CFL: 7.20e-01
i:  83700, t:   85092.6 s, ωt:   8.51 (1.35 periods), wall: 42.349 minutes, Δt:   0.86, CFL: 7.20e-01
i:  83800, t:   85186.1 s, ωt:   8.52 (1.36 periods), wall: 42.399 minutes, Δt:   0.87, CFL: 7.20e-01
i:  83900, t:   85283.2 s, ωt:   8.53 (1.36 periods), wall: 42.448 minutes, Δt:   1.13, CFL: 7.20e-01
i:  84000, t:   85382.4 s, ωt:   8.54 (1.36 periods), wall: 42.498 minutes, Δt:   1.02, CFL: 7.20e-01
i:  84100, t:   85486.9 s, ωt:   8.55 (1.36 periods), wall: 42.548 minutes, Δt:   1.10, CFL: 7.20e-01
i:  84200, t:   85583.0 s, ωt:   8.56 (1.36 periods), wall: 42.598 minutes, Δt:   1.00, CFL: 7.20e-01
i:  84300, t:   85677.8 s, ωt:   8.57 (1.36 periods), wall: 42.647 minutes, Δt:   1.08, CFL: 7.20e-01
i:  84400, t:   85776.8 s, ωt:   8.58 (1.37 periods), wall: 42.698 minutes, Δt:   0.90, CFL: 7.20e-01
i:  84500, t:   85882.1 s, ωt:   8.59 (1.37 periods), wall: 42.748 minutes, Δt:   1.06, CFL: 7.20e-01
i:  84600, t:   85993.0 s, ωt:   8.60 (1.37 periods), wall: 42.798 minutes, Δt:   1.15, CFL: 7.20e-01
i:  84700, t:   86097.4 s, ωt:   8.61 (1.37 periods), wall: 42.848 minutes, Δt:   1.19, CFL: 7.20e-01
i:  84800, t:   86208.7 s, ωt:   8.62 (1.37 periods), wall: 42.897 minutes, Δt:   1.14, CFL: 7.20e-01
i:  84900, t:   86320.6 s, ωt:   8.63 (1.37 periods), wall: 42.947 minutes, Δt:   1.10, CFL: 7.20e-01
i:  85000, t:   86418.9 s, ωt:   8.64 (1.38 periods), wall: 42.997 minutes, Δt:   1.14, CFL: 7.20e-01
i:  85100, t:   86534.0 s, ωt:   8.65 (1.38 periods), wall: 43.047 minutes, Δt:   1.01, CFL: 7.20e-01
i:  85200, t:   86642.0 s, ωt:   8.66 (1.38 periods), wall: 43.096 minutes, Δt:   1.24, CFL: 7.20e-01
i:  85300, t:   86762.7 s, ωt:   8.68 (1.38 periods), wall: 43.146 minutes, Δt:   1.40, CFL: 7.20e-01
i:  85400, t:   86897.0 s, ωt:   8.69 (1.38 periods), wall: 43.196 minutes, Δt:   1.13, CFL: 7.20e-01
i:  85500, t:   87014.6 s, ωt:   8.70 (1.38 periods), wall: 43.246 minutes, Δt:   1.26, CFL: 7.20e-01
i:  85600, t:   87136.5 s, ωt:   8.71 (1.39 periods), wall: 43.296 minutes, Δt:   1.17, CFL: 7.20e-01
i:  85700, t:   87253.0 s, ωt:   8.73 (1.39 periods), wall: 43.345 minutes, Δt:   1.35, CFL: 7.20e-01
i:  85800, t:   87381.4 s, ωt:   8.74 (1.39 periods), wall: 43.395 minutes, Δt:   1.09, CFL: 7.20e-01
i:  85900, t:   87503.4 s, ωt:   8.75 (1.39 periods), wall: 43.445 minutes, Δt:   1.34, CFL: 7.20e-01
i:  86000, t:   87634.2 s, ωt:   8.76 (1.39 periods), wall: 43.494 minutes, Δt:   1.12, CFL: 7.20e-01
i:  86100, t:   87743.5 s, ωt:   8.77 (1.40 periods), wall: 43.544 minutes, Δt:   1.17, CFL: 7.20e-01
i:  86200, t:   87871.7 s, ωt:   8.79 (1.40 periods), wall: 43.594 minutes, Δt:   1.29, CFL: 7.20e-01
i:  86300, t:   87999.3 s, ωt:   8.80 (1.40 periods), wall: 43.644 minutes, Δt:   1.20, CFL: 7.20e-01
i:  86400, t:   88129.0 s, ωt:   8.81 (1.40 periods), wall: 43.694 minutes, Δt:   1.34, CFL: 7.20e-01
i:  86500, t:   88266.2 s, ωt:   8.83 (1.40 periods), wall: 43.743 minutes, Δt:   1.49, CFL: 7.20e-01
i:  86600, t:   88409.1 s, ωt:   8.84 (1.41 periods), wall: 43.793 minutes, Δt:   1.55, CFL: 7.20e-01
i:  86700, t:   88545.9 s, ωt:   8.85 (1.41 periods), wall: 43.843 minutes, Δt:   1.44, CFL: 7.20e-01
i:  86800, t:   88670.0 s, ωt:   8.87 (1.41 periods), wall: 43.892 minutes, Δt:   1.05, CFL: 7.20e-01
i:  86900, t:   88798.9 s, ωt:   8.88 (1.41 periods), wall: 43.942 minutes, Δt:   1.35, CFL: 7.20e-01
i:  87000, t:   88945.0 s, ωt:   8.89 (1.42 periods), wall: 43.992 minutes, Δt:   1.42, CFL: 7.20e-01
i:  87100, t:   89092.2 s, ωt:   8.91 (1.42 periods), wall: 44.042 minutes, Δt:   1.37, CFL: 7.20e-01
i:  87200, t:   89244.9 s, ωt:   8.92 (1.42 periods), wall: 44.091 minutes, Δt:   1.55, CFL: 7.20e-01
i:  87300, t:   89401.5 s, ωt:   8.94 (1.42 periods), wall: 44.141 minutes, Δt:   1.53, CFL: 7.20e-01
i:  87400, t:   89573.6 s, ωt:   8.96 (1.43 periods), wall: 44.191 minutes, Δt:   1.59, CFL: 7.20e-01
i:  87500, t:   89725.3 s, ωt:   8.97 (1.43 periods), wall: 44.241 minutes, Δt:   1.63, CFL: 7.20e-01
i:  87600, t:   89889.8 s, ωt:   8.99 (1.43 periods), wall: 44.291 minutes, Δt:   1.56, CFL: 7.20e-01
i:  87700, t:   90026.6 s, ωt:   9.00 (1.43 periods), wall: 44.341 minutes, Δt:   1.56, CFL: 7.20e-01
i:  87800, t:   90188.4 s, ωt:   9.02 (1.44 periods), wall: 44.391 minutes, Δt:   1.59, CFL: 7.20e-01
i:  87900, t:   90356.6 s, ωt:   9.04 (1.44 periods), wall: 44.440 minutes, Δt:   1.71, CFL: 7.20e-01
i:  88000, t:   90546.3 s, ωt:   9.05 (1.44 periods), wall: 44.490 minutes, Δt:   1.98, CFL: 7.20e-01
i:  88100, t:   90752.2 s, ωt:   9.08 (1.44 periods), wall: 44.540 minutes, Δt:   2.34, CFL: 7.20e-01
i:  88200, t:   90970.7 s, ωt:   9.10 (1.45 periods), wall: 44.590 minutes, Δt:   1.80, CFL: 7.20e-01
i:  88300, t:   91160.6 s, ωt:   9.12 (1.45 periods), wall: 44.640 minutes, Δt:   2.22, CFL: 7.20e-01
i:  88400, t:   91381.9 s, ωt:   9.14 (1.45 periods), wall: 44.689 minutes, Δt:   2.46, CFL: 7.20e-01
i:  88500, t:   91635.0 s, ωt:   9.16 (1.46 periods), wall: 44.739 minutes, Δt:   2.16, CFL: 7.20e-01
i:  88600, t:   91857.4 s, ωt:   9.19 (1.46 periods), wall: 44.789 minutes, Δt:   2.43, CFL: 7.20e-01
i:  88700, t:   92123.5 s, ωt:   9.21 (1.47 periods), wall: 44.839 minutes, Δt:   3.01, CFL: 7.20e-01
i:  88800, t:   92379.7 s, ωt:   9.24 (1.47 periods), wall: 44.889 minutes, Δt:   2.76, CFL: 7.20e-01
i:  88900, t:   92647.6 s, ωt:   9.26 (1.47 periods), wall: 44.938 minutes, Δt:   2.53, CFL: 7.20e-01
i:  89000, t:   92938.0 s, ωt:   9.29 (1.48 periods), wall: 44.988 minutes, Δt:   3.23, CFL: 7.20e-01
i:  89100, t:   93227.3 s, ωt:   9.32 (1.48 periods), wall: 45.038 minutes, Δt:   3.29, CFL: 7.20e-01
i:  89200, t:   93526.9 s, ωt:   9.35 (1.49 periods), wall: 45.088 minutes, Δt:   2.69, CFL: 7.20e-01
i:  89300, t:   93803.3 s, ωt:   9.38 (1.49 periods), wall: 45.138 minutes, Δt:   2.88, CFL: 7.20e-01
i:  89400, t:   94067.1 s, ωt:   9.41 (1.50 periods), wall: 45.188 minutes, Δt:   2.62, CFL: 7.20e-01
i:  89500, t:   94328.0 s, ωt:   9.43 (1.50 periods), wall: 45.241 minutes, Δt:   2.85, CFL: 7.20e-01
i:  89600, t:   94596.2 s, ωt:   9.46 (1.51 periods), wall: 45.291 minutes, Δt:   2.47, CFL: 7.20e-01
i:  89700, t:   94854.8 s, ωt:   9.49 (1.51 periods), wall: 45.340 minutes, Δt:   2.70, CFL: 7.20e-01
i:  89800, t:   95132.1 s, ωt:   9.51 (1.51 periods), wall: 45.390 minutes, Δt:   2.91, CFL: 7.20e-01
i:  89900, t:   95391.0 s, ωt:   9.54 (1.52 periods), wall: 45.440 minutes, Δt:   2.48, CFL: 7.20e-01
i:  90000, t:   95643.3 s, ωt:   9.56 (1.52 periods), wall: 45.490 minutes, Δt:   2.56, CFL: 7.20e-01
i:  90100, t:   95886.4 s, ωt:   9.59 (1.53 periods), wall: 45.539 minutes, Δt:   2.19, CFL: 7.20e-01
i:  90200, t:   96097.0 s, ωt:   9.61 (1.53 periods), wall: 45.589 minutes, Δt:   1.77, CFL: 7.20e-01
i:  90300, t:   96285.1 s, ωt:   9.63 (1.53 periods), wall: 45.639 minutes, Δt:   1.89, CFL: 7.20e-01
i:  90400, t:   96481.5 s, ωt:   9.65 (1.54 periods), wall: 45.689 minutes, Δt:   2.03, CFL: 7.20e-01
i:  90500, t:   96671.6 s, ωt:   9.67 (1.54 periods), wall: 45.738 minutes, Δt:   1.68, CFL: 7.20e-01
i:  90600, t:   96847.7 s, ωt:   9.68 (1.54 periods), wall: 45.788 minutes, Δt:   1.51, CFL: 7.20e-01
i:  90700, t:   97026.2 s, ωt:   9.70 (1.54 periods), wall: 45.838 minutes, Δt:   1.70, CFL: 7.20e-01
i:  90800, t:   97184.5 s, ωt:   9.72 (1.55 periods), wall: 45.888 minutes, Δt:   1.49, CFL: 7.20e-01
i:  90900, t:   97344.5 s, ωt:   9.73 (1.55 periods), wall: 45.937 minutes, Δt:   1.48, CFL: 7.20e-01
i:  91000, t:   97493.8 s, ωt:   9.75 (1.55 periods), wall: 45.987 minutes, Δt:   1.49, CFL: 7.20e-01
i:  91100, t:   97635.1 s, ωt:   9.76 (1.55 periods), wall: 46.037 minutes, Δt:   1.30, CFL: 7.20e-01
i:  91200, t:   97773.0 s, ωt:   9.78 (1.56 periods), wall: 46.087 minutes, Δt:   1.33, CFL: 7.20e-01
i:  91300, t:   97913.2 s, ωt:   9.79 (1.56 periods), wall: 46.137 minutes, Δt:   1.31, CFL: 7.20e-01
i:  91400, t:   98046.3 s, ωt:   9.80 (1.56 periods), wall: 46.187 minutes, Δt:   1.35, CFL: 7.20e-01
i:  91500, t:   98172.6 s, ωt:   9.82 (1.56 periods), wall: 46.236 minutes, Δt:   1.19, CFL: 7.20e-01
i:  91600, t:   98282.0 s, ωt:   9.83 (1.56 periods), wall: 46.286 minutes, Δt:   1.26, CFL: 7.20e-01
i:  91700, t:   98407.7 s, ωt:   9.84 (1.57 periods), wall: 46.336 minutes, Δt:   1.00, CFL: 7.20e-01
i:  91800, t:   98533.9 s, ωt:   9.85 (1.57 periods), wall: 46.385 minutes, Δt:   1.35, CFL: 7.20e-01
i:  91900, t:   98660.1 s, ωt:   9.87 (1.57 periods), wall: 46.435 minutes, Δt:   1.39, CFL: 7.20e-01
i:  92000, t:   98782.0 s, ωt:   9.88 (1.57 periods), wall: 46.485 minutes, Δt:   1.22, CFL: 7.20e-01
i:  92100, t:   98905.2 s, ωt:   9.89 (1.57 periods), wall: 46.535 minutes, Δt:   1.14, CFL: 7.20e-01
i:  92200, t:   99016.1 s, ωt:   9.90 (1.58 periods), wall: 46.585 minutes, Δt:   1.26, CFL: 7.20e-01
i:  92300, t:   99131.0 s, ωt:   9.91 (1.58 periods), wall: 46.634 minutes, Δt:   1.24, CFL: 7.20e-01
i:  92400, t:   99251.8 s, ωt:   9.93 (1.58 periods), wall: 46.684 minutes, Δt:   1.06, CFL: 7.20e-01
i:  92500, t:   99353.5 s, ωt:   9.94 (1.58 periods), wall: 46.734 minutes, Δt:   0.95, CFL: 7.20e-01
i:  92600, t:   99459.7 s, ωt:   9.95 (1.58 periods), wall: 46.784 minutes, Δt:   0.98, CFL: 7.20e-01
i:  92700, t:   99572.2 s, ωt:   9.96 (1.58 periods), wall: 46.834 minutes, Δt:   1.07, CFL: 7.20e-01
i:  92800, t:   99671.8 s, ωt:   9.97 (1.59 periods), wall: 46.883 minutes, Δt:   1.09, CFL: 7.20e-01
i:  92900, t:   99778.3 s, ωt:   9.98 (1.59 periods), wall: 46.933 minutes, Δt:   1.12, CFL: 7.20e-01
i:  93000, t:   99891.4 s, ωt:   9.99 (1.59 periods), wall: 46.983 minutes, Δt:   1.12, CFL: 7.20e-01
i:  93100, t:   99997.8 s, ωt:  10.00 (1.59 periods), wall: 47.033 minutes, Δt:   1.04, CFL: 7.20e-01
i:  93200, t:  100101.5 s, ωt:  10.01 (1.59 periods), wall: 47.082 minutes, Δt:   0.96, CFL: 7.20e-01
i:  93300, t:  100196.6 s, ωt:  10.02 (1.59 periods), wall: 47.132 minutes, Δt:   1.03, CFL: 7.20e-01
i:  93400, t:  100301.5 s, ωt:  10.03 (1.60 periods), wall: 47.182 minutes, Δt:   1.20, CFL: 7.20e-01
i:  93500, t:  100401.6 s, ωt:  10.04 (1.60 periods), wall: 47.232 minutes, Δt:   0.95, CFL: 7.20e-01
i:  93600, t:  100491.6 s, ωt:  10.05 (1.60 periods), wall: 47.281 minutes, Δt:   1.10, CFL: 7.20e-01
i:  93700, t:  100587.6 s, ωt:  10.06 (1.60 periods), wall: 47.331 minutes, Δt:   0.94, CFL: 7.20e-01
i:  93800, t:  100682.8 s, ωt:  10.07 (1.60 periods), wall: 47.381 minutes, Δt:   0.94, CFL: 7.20e-01
i:  93900, t:  100779.5 s, ωt:  10.08 (1.60 periods), wall: 47.431 minutes, Δt:   0.94, CFL: 7.20e-01
i:  94000, t:  100869.3 s, ωt:  10.09 (1.61 periods), wall: 47.481 minutes, Δt:   1.01, CFL: 7.20e-01
i:  94100, t:  100969.5 s, ωt:  10.10 (1.61 periods), wall: 47.530 minutes, Δt:   0.90, CFL: 7.20e-01
i:  94200, t:  101059.5 s, ωt:  10.11 (1.61 periods), wall: 47.580 minutes, Δt:   0.89, CFL: 7.20e-01
i:  94300, t:  101146.7 s, ωt:  10.11 (1.61 periods), wall: 47.630 minutes, Δt:   0.93, CFL: 7.20e-01
i:  94400, t:  101232.5 s, ωt:  10.12 (1.61 periods), wall: 47.680 minutes, Δt:   0.95, CFL: 7.20e-01
i:  94500, t:  101324.6 s, ωt:  10.13 (1.61 periods), wall: 47.729 minutes, Δt:   0.88, CFL: 7.20e-01
i:  94600, t:  101415.0 s, ωt:  10.14 (1.61 periods), wall: 47.779 minutes, Δt:   0.96, CFL: 7.20e-01
i:  94700, t:  101509.9 s, ωt:  10.15 (1.62 periods), wall: 47.829 minutes, Δt:   0.88, CFL: 7.20e-01
i:  94800, t:  101605.9 s, ωt:  10.16 (1.62 periods), wall: 47.878 minutes, Δt:   0.90, CFL: 7.20e-01
i:  94900, t:  101692.2 s, ωt:  10.17 (1.62 periods), wall: 47.928 minutes, Δt:   0.79, CFL: 7.20e-01
i:  95000, t:  101783.5 s, ωt:  10.18 (1.62 periods), wall: 47.978 minutes, Δt:   0.85, CFL: 7.20e-01
i:  95100, t:  101870.3 s, ωt:  10.19 (1.62 periods), wall: 48.029 minutes, Δt:   0.87, CFL: 7.20e-01
i:  95200, t:  101952.8 s, ωt:  10.20 (1.62 periods), wall: 48.078 minutes, Δt:   0.91, CFL: 7.20e-01
i:  95300, t:  102043.3 s, ωt:  10.20 (1.62 periods), wall: 48.128 minutes, Δt:   0.87, CFL: 7.20e-01
i:  95400, t:  102128.2 s, ωt:  10.21 (1.63 periods), wall: 48.178 minutes, Δt:   0.98, CFL: 7.20e-01
i:  95500, t:  102218.9 s, ωt:  10.22 (1.63 periods), wall: 48.227 minutes, Δt:   0.71, CFL: 7.20e-01
i:  95600, t:  102298.8 s, ωt:  10.23 (1.63 periods), wall: 48.277 minutes, Δt:   0.90, CFL: 7.20e-01
i:  95700, t:  102388.7 s, ωt:  10.24 (1.63 periods), wall: 48.327 minutes, Δt:   0.96, CFL: 7.20e-01
i:  95800, t:  102471.8 s, ωt:  10.25 (1.63 periods), wall: 48.377 minutes, Δt:   0.66, CFL: 7.20e-01
i:  95900, t:  102543.8 s, ωt:  10.25 (1.63 periods), wall: 48.426 minutes, Δt:   0.85, CFL: 7.20e-01
i:  96000, t:  102622.0 s, ωt:  10.26 (1.63 periods), wall: 48.476 minutes, Δt:   0.66, CFL: 7.20e-01
i:  96100, t:  102700.8 s, ωt:  10.27 (1.63 periods), wall: 48.526 minutes, Δt:   0.67, CFL: 7.20e-01
i:  96200, t:  102777.7 s, ωt:  10.28 (1.64 periods), wall: 48.576 minutes, Δt:   0.81, CFL: 7.20e-01
i:  96300, t:  102857.3 s, ωt:  10.29 (1.64 periods), wall: 48.625 minutes, Δt:   0.75, CFL: 7.20e-01
i:  96400, t:  102932.8 s, ωt:  10.29 (1.64 periods), wall: 48.675 minutes, Δt:   0.76, CFL: 7.20e-01
i:  96500, t:  103014.1 s, ωt:  10.30 (1.64 periods), wall: 48.725 minutes, Δt:   0.81, CFL: 7.20e-01
i:  96600, t:  103093.9 s, ωt:  10.31 (1.64 periods), wall: 48.775 minutes, Δt:   0.78, CFL: 7.20e-01
i:  96700, t:  103175.8 s, ωt:  10.32 (1.64 periods), wall: 48.824 minutes, Δt:   0.84, CFL: 7.20e-01
i:  96800, t:  103256.3 s, ωt:  10.33 (1.64 periods), wall: 48.874 minutes, Δt:   0.86, CFL: 7.20e-01
i:  96900, t:  103340.0 s, ωt:  10.33 (1.64 periods), wall: 48.924 minutes, Δt:   0.80, CFL: 7.20e-01
i:  97000, t:  103414.4 s, ωt:  10.34 (1.65 periods), wall: 48.974 minutes, Δt:   0.81, CFL: 7.20e-01
i:  97100, t:  103492.7 s, ωt:  10.35 (1.65 periods), wall: 49.023 minutes, Δt:   0.77, CFL: 7.20e-01
i:  97200, t:  103572.8 s, ωt:  10.36 (1.65 periods), wall: 49.073 minutes, Δt:   0.93, CFL: 7.20e-01
i:  97300, t:  103659.0 s, ωt:  10.37 (1.65 periods), wall: 49.123 minutes, Δt:   0.89, CFL: 7.20e-01
i:  97400, t:  103738.0 s, ωt:  10.37 (1.65 periods), wall: 49.173 minutes, Δt:   0.75, CFL: 7.20e-01
i:  97500, t:  103817.9 s, ωt:  10.38 (1.65 periods), wall: 49.222 minutes, Δt:   0.88, CFL: 7.20e-01
i:  97600, t:  103889.4 s, ωt:  10.39 (1.65 periods), wall: 49.272 minutes, Δt:   0.72, CFL: 7.20e-01
i:  97700, t:  103960.5 s, ωt:  10.40 (1.65 periods), wall: 49.322 minutes, Δt:   0.77, CFL: 7.20e-01
i:  97800, t:  104032.8 s, ωt:  10.40 (1.66 periods), wall: 49.372 minutes, Δt:   0.63, CFL: 7.20e-01
i:  97900, t:  104105.6 s, ωt:  10.41 (1.66 periods), wall: 49.421 minutes, Δt:   0.65, CFL: 7.20e-01
i:  98000, t:  104178.8 s, ωt:  10.42 (1.66 periods), wall: 49.471 minutes, Δt:   0.81, CFL: 7.20e-01
i:  98100, t:  104252.8 s, ωt:  10.43 (1.66 periods), wall: 49.521 minutes, Δt:   0.62, CFL: 7.20e-01
i:  98200, t:  104324.4 s, ωt:  10.43 (1.66 periods), wall: 49.571 minutes, Δt:   0.67, CFL: 7.20e-01
i:  98300, t:  104394.2 s, ωt:  10.44 (1.66 periods), wall: 49.621 minutes, Δt:   0.75, CFL: 7.20e-01
i:  98400, t:  104470.0 s, ωt:  10.45 (1.66 periods), wall: 49.670 minutes, Δt:   0.71, CFL: 7.20e-01
i:  98500, t:  104544.0 s, ωt:  10.45 (1.66 periods), wall: 49.720 minutes, Δt:   0.69, CFL: 7.20e-01
i:  98600, t:  104614.0 s, ωt:  10.46 (1.66 periods), wall: 49.770 minutes, Δt:   0.73, CFL: 7.20e-01
i:  98700, t:  104686.1 s, ωt:  10.47 (1.67 periods), wall: 49.820 minutes, Δt:   0.72, CFL: 7.20e-01
i:  98800, t:  104750.6 s, ωt:  10.48 (1.67 periods), wall: 49.870 minutes, Δt:   0.61, CFL: 7.20e-01
i:  98900, t:  104820.8 s, ωt:  10.48 (1.67 periods), wall: 49.919 minutes, Δt:   0.69, CFL: 7.20e-01
i:  99000, t:  104888.1 s, ωt:  10.49 (1.67 periods), wall: 49.969 minutes, Δt:   0.71, CFL: 7.20e-01
i:  99100, t:  104961.7 s, ωt:  10.50 (1.67 periods), wall: 50.019 minutes, Δt:   0.80, CFL: 7.20e-01
i:  99200, t:  105043.2 s, ωt:  10.50 (1.67 periods), wall: 50.069 minutes, Δt:   0.75, CFL: 7.20e-01
i:  99300, t:  105117.0 s, ωt:  10.51 (1.67 periods), wall: 50.118 minutes, Δt:   0.78, CFL: 7.20e-01
i:  99400, t:  105190.8 s, ωt:  10.52 (1.67 periods), wall: 50.168 minutes, Δt:   0.74, CFL: 7.20e-01
i:  99500, t:  105261.1 s, ωt:  10.53 (1.68 periods), wall: 50.218 minutes, Δt:   0.72, CFL: 7.20e-01
i:  99600, t:  105333.1 s, ωt:  10.53 (1.68 periods), wall: 50.268 minutes, Δt:   0.62, CFL: 7.20e-01
i:  99700, t:  105403.6 s, ωt:  10.54 (1.68 periods), wall: 50.317 minutes, Δt:   0.76, CFL: 7.20e-01
i:  99800, t:  105474.7 s, ωt:  10.55 (1.68 periods), wall: 50.367 minutes, Δt:   0.73, CFL: 7.20e-01
i:  99900, t:  105547.1 s, ωt:  10.55 (1.68 periods), wall: 50.417 minutes, Δt:   0.66, CFL: 7.20e-01
i: 100000, t:  105615.4 s, ωt:  10.56 (1.68 periods), wall: 50.467 minutes, Δt:   0.68, CFL: 7.20e-01
i: 100100, t:  105685.1 s, ωt:  10.57 (1.68 periods), wall: 50.516 minutes, Δt:   0.72, CFL: 7.20e-01
i: 100200, t:  105751.9 s, ωt:  10.58 (1.68 periods), wall: 50.566 minutes, Δt:   0.61, CFL: 7.20e-01
i: 100300, t:  105815.0 s, ωt:  10.58 (1.68 periods), wall: 50.616 minutes, Δt:   0.72, CFL: 7.20e-01
i: 100400, t:  105885.4 s, ωt:  10.59 (1.69 periods), wall: 50.665 minutes, Δt:   0.69, CFL: 7.20e-01
i: 100500, t:  105960.9 s, ωt:  10.60 (1.69 periods), wall: 50.715 minutes, Δt:   0.74, CFL: 7.20e-01
i: 100600, t:  106030.4 s, ωt:  10.60 (1.69 periods), wall: 50.765 minutes, Δt:   0.75, CFL: 7.20e-01
i: 100700, t:  106104.1 s, ωt:  10.61 (1.69 periods), wall: 50.815 minutes, Δt:   0.80, CFL: 7.20e-01
i: 100800, t:  106183.0 s, ωt:  10.62 (1.69 periods), wall: 50.864 minutes, Δt:   0.69, CFL: 7.20e-01
i: 100900, t:  106253.4 s, ωt:  10.63 (1.69 periods), wall: 50.914 minutes, Δt:   0.79, CFL: 7.20e-01
i: 101000, t:  106324.4 s, ωt:  10.63 (1.69 periods), wall: 50.964 minutes, Δt:   0.70, CFL: 7.20e-01
i: 101100, t:  106395.1 s, ωt:  10.64 (1.69 periods), wall: 51.014 minutes, Δt:   0.72, CFL: 7.20e-01
i: 101200, t:  106465.0 s, ωt:  10.65 (1.69 periods), wall: 51.063 minutes, Δt:   0.63, CFL: 7.20e-01
i: 101300, t:  106527.6 s, ωt:  10.65 (1.70 periods), wall: 51.113 minutes, Δt:   0.63, CFL: 7.20e-01
i: 101400, t:  106592.8 s, ωt:  10.66 (1.70 periods), wall: 51.163 minutes, Δt:   0.76, CFL: 7.20e-01
i: 101500, t:  106664.4 s, ωt:  10.67 (1.70 periods), wall: 51.213 minutes, Δt:   0.67, CFL: 7.20e-01
i: 101600, t:  106728.7 s, ωt:  10.67 (1.70 periods), wall: 51.262 minutes, Δt:   0.63, CFL: 7.20e-01
i: 101700, t:  106797.1 s, ωt:  10.68 (1.70 periods), wall: 51.312 minutes, Δt:   0.64, CFL: 7.20e-01
i: 101800, t:  106865.9 s, ωt:  10.69 (1.70 periods), wall: 51.362 minutes, Δt:   0.69, CFL: 7.20e-01
i: 101900, t:  106939.7 s, ωt:  10.69 (1.70 periods), wall: 51.411 minutes, Δt:   0.68, CFL: 7.20e-01
i: 102000, t:  107003.0 s, ωt:  10.70 (1.70 periods), wall: 51.461 minutes, Δt:   0.63, CFL: 7.20e-01
i: 102100, t:  107064.4 s, ωt:  10.71 (1.70 periods), wall: 51.511 minutes, Δt:   0.68, CFL: 7.20e-01
i: 102200, t:  107130.6 s, ωt:  10.71 (1.71 periods), wall: 51.560 minutes, Δt:   0.73, CFL: 7.20e-01
i: 102300, t:  107199.8 s, ωt:  10.72 (1.71 periods), wall: 51.610 minutes, Δt:   0.69, CFL: 7.20e-01
i: 102400, t:  107262.6 s, ωt:  10.73 (1.71 periods), wall: 51.660 minutes, Δt:   0.72, CFL: 7.20e-01
i: 102500, t:  107334.4 s, ωt:  10.73 (1.71 periods), wall: 51.710 minutes, Δt:   0.71, CFL: 7.20e-01
i: 102600, t:  107405.6 s, ωt:  10.74 (1.71 periods), wall: 51.759 minutes, Δt:   0.69, CFL: 7.20e-01
i: 102700, t:  107474.2 s, ωt:  10.75 (1.71 periods), wall: 51.809 minutes, Δt:   0.64, CFL: 7.20e-01
i: 102800, t:  107541.0 s, ωt:  10.75 (1.71 periods), wall: 51.859 minutes, Δt:   0.68, CFL: 7.20e-01
i: 102900, t:  107612.3 s, ωt:  10.76 (1.71 periods), wall: 51.908 minutes, Δt:   0.66, CFL: 7.20e-01
i: 103000, t:  107678.0 s, ωt:  10.77 (1.71 periods), wall: 51.958 minutes, Δt:   0.77, CFL: 7.20e-01
i: 103100, t:  107756.1 s, ωt:  10.78 (1.71 periods), wall: 52.008 minutes, Δt:   0.78, CFL: 7.20e-01
i: 103200, t:  107834.9 s, ωt:  10.78 (1.72 periods), wall: 52.058 minutes, Δt:   0.76, CFL: 7.20e-01
i: 103300, t:  107906.3 s, ωt:  10.79 (1.72 periods), wall: 52.107 minutes, Δt:   0.73, CFL: 7.20e-01
i: 103400, t:  107980.6 s, ωt:  10.80 (1.72 periods), wall: 52.157 minutes, Δt:   0.70, CFL: 7.20e-01
i: 103500, t:  108058.7 s, ωt:  10.81 (1.72 periods), wall: 52.207 minutes, Δt:   0.78, CFL: 7.20e-01
i: 103600, t:  108131.3 s, ωt:  10.81 (1.72 periods), wall: 52.257 minutes, Δt:   0.70, CFL: 7.20e-01
i: 103700, t:  108199.4 s, ωt:  10.82 (1.72 periods), wall: 52.306 minutes, Δt:   0.78, CFL: 7.20e-01
i: 103800, t:  108271.1 s, ωt:  10.83 (1.72 periods), wall: 52.356 minutes, Δt:   0.66, CFL: 7.20e-01
i: 103900, t:  108343.6 s, ωt:  10.83 (1.72 periods), wall: 52.405 minutes, Δt:   0.66, CFL: 7.20e-01
i: 104000, t:  108414.6 s, ωt:  10.84 (1.73 periods), wall: 52.455 minutes, Δt:   0.79, CFL: 7.20e-01
i: 104100, t:  108486.1 s, ωt:  10.85 (1.73 periods), wall: 52.505 minutes, Δt:   0.61, CFL: 7.20e-01
i: 104200, t:  108557.3 s, ωt:  10.86 (1.73 periods), wall: 52.555 minutes, Δt:   0.70, CFL: 7.20e-01
i: 104300, t:  108619.3 s, ωt:  10.86 (1.73 periods), wall: 52.604 minutes, Δt:   0.69, CFL: 7.20e-01
i: 104400, t:  108689.0 s, ωt:  10.87 (1.73 periods), wall: 52.655 minutes, Δt:   0.68, CFL: 7.20e-01
i: 104500, t:  108756.4 s, ωt:  10.88 (1.73 periods), wall: 52.705 minutes, Δt:   0.63, CFL: 7.20e-01
i: 104600, t:  108824.8 s, ωt:  10.88 (1.73 periods), wall: 52.755 minutes, Δt:   0.73, CFL: 7.20e-01
i: 104700, t:  108895.0 s, ωt:  10.89 (1.73 periods), wall: 52.805 minutes, Δt:   0.49, CFL: 7.20e-01
i: 104800, t:  108951.3 s, ωt:  10.90 (1.73 periods), wall: 52.854 minutes, Δt:   0.73, CFL: 7.20e-01
i: 104900, t:  109019.4 s, ωt:  10.90 (1.74 periods), wall: 52.904 minutes, Δt:   0.71, CFL: 7.20e-01
i: 105000, t:  109088.3 s, ωt:  10.91 (1.74 periods), wall: 52.954 minutes, Δt:   0.70, CFL: 7.20e-01
i: 105100, t:  109156.8 s, ωt:  10.92 (1.74 periods), wall: 53.004 minutes, Δt:   0.78, CFL: 7.20e-01
i: 105200, t:  109232.7 s, ωt:  10.92 (1.74 periods), wall: 53.053 minutes, Δt:   0.72, CFL: 7.20e-01
i: 105300, t:  109299.7 s, ωt:  10.93 (1.74 periods), wall: 53.103 minutes, Δt:   0.65, CFL: 7.20e-01
i: 105400, t:  109363.8 s, ωt:  10.94 (1.74 periods), wall: 53.153 minutes, Δt:   0.60, CFL: 7.20e-01
i: 105500, t:  109427.9 s, ωt:  10.94 (1.74 periods), wall: 53.203 minutes, Δt:   0.69, CFL: 7.20e-01
i: 105600, t:  109493.7 s, ωt:  10.95 (1.74 periods), wall: 53.252 minutes, Δt:   0.66, CFL: 7.20e-01
i: 105700, t:  109562.3 s, ωt:  10.96 (1.74 periods), wall: 53.302 minutes, Δt:   0.65, CFL: 7.20e-01
i: 105800, t:  109629.4 s, ωt:  10.96 (1.74 periods), wall: 53.352 minutes, Δt:   0.68, CFL: 7.20e-01
i: 105900, t:  109700.5 s, ωt:  10.97 (1.75 periods), wall: 53.402 minutes, Δt:   0.74, CFL: 7.20e-01
i: 106000, t:  109774.4 s, ωt:  10.98 (1.75 periods), wall: 53.451 minutes, Δt:   0.65, CFL: 7.20e-01
i: 106100, t:  109840.4 s, ωt:  10.98 (1.75 periods), wall: 53.501 minutes, Δt:   0.68, CFL: 7.20e-01
i: 106200, t:  109911.5 s, ωt:  10.99 (1.75 periods), wall: 53.551 minutes, Δt:   0.69, CFL: 7.20e-01
i: 106300, t:  109978.7 s, ωt:  11.00 (1.75 periods), wall: 53.600 minutes, Δt:   0.67, CFL: 7.20e-01
i: 106400, t:  110044.5 s, ωt:  11.00 (1.75 periods), wall: 53.650 minutes, Δt:   0.68, CFL: 7.20e-01
i: 106500, t:  110112.6 s, ωt:  11.01 (1.75 periods), wall: 53.700 minutes, Δt:   0.70, CFL: 7.20e-01
i: 106600, t:  110179.9 s, ωt:  11.02 (1.75 periods), wall: 53.749 minutes, Δt:   0.66, CFL: 7.20e-01
i: 106700, t:  110248.4 s, ωt:  11.02 (1.75 periods), wall: 53.799 minutes, Δt:   0.72, CFL: 7.20e-01
i: 106800, t:  110318.9 s, ωt:  11.03 (1.76 periods), wall: 53.849 minutes, Δt:   0.65, CFL: 7.20e-01
i: 106900, t:  110388.0 s, ωt:  11.04 (1.76 periods), wall: 53.898 minutes, Δt:   0.69, CFL: 7.20e-01
i: 107000, t:  110456.9 s, ωt:  11.05 (1.76 periods), wall: 53.948 minutes, Δt:   0.71, CFL: 7.20e-01
i: 107100, t:  110528.7 s, ωt:  11.05 (1.76 periods), wall: 53.998 minutes, Δt:   0.63, CFL: 7.20e-01
i: 107200, t:  110589.7 s, ωt:  11.06 (1.76 periods), wall: 54.048 minutes, Δt:   0.49, CFL: 7.20e-01
i: 107300, t:  110650.2 s, ωt:  11.07 (1.76 periods), wall: 54.097 minutes, Δt:   0.68, CFL: 7.20e-01
i: 107400, t:  110714.5 s, ωt:  11.07 (1.76 periods), wall: 54.147 minutes, Δt:   0.67, CFL: 7.20e-01
i: 107500, t:  110777.4 s, ωt:  11.08 (1.76 periods), wall: 54.197 minutes, Δt:   0.62, CFL: 7.20e-01
i: 107600, t:  110849.1 s, ωt:  11.08 (1.76 periods), wall: 54.247 minutes, Δt:   0.77, CFL: 7.20e-01
i: 107700, t:  110918.5 s, ωt:  11.09 (1.77 periods), wall: 54.296 minutes, Δt:   0.68, CFL: 7.20e-01
i: 107800, t:  110983.7 s, ωt:  11.10 (1.77 periods), wall: 54.346 minutes, Δt:   0.81, CFL: 7.20e-01
i: 107900, t:  111056.2 s, ωt:  11.11 (1.77 periods), wall: 54.396 minutes, Δt:   0.65, CFL: 7.20e-01
i: 108000, t:  111121.2 s, ωt:  11.11 (1.77 periods), wall: 54.446 minutes, Δt:   0.73, CFL: 7.20e-01
i: 108100, t:  111190.2 s, ωt:  11.12 (1.77 periods), wall: 54.495 minutes, Δt:   0.61, CFL: 7.20e-01
i: 108200, t:  111255.2 s, ωt:  11.13 (1.77 periods), wall: 54.545 minutes, Δt:   0.53, CFL: 7.20e-01
i: 108300, t:  111312.7 s, ωt:  11.13 (1.77 periods), wall: 54.595 minutes, Δt:   0.72, CFL: 7.20e-01
i: 108400, t:  111387.4 s, ωt:  11.14 (1.77 periods), wall: 54.645 minutes, Δt:   0.79, CFL: 7.20e-01
i: 108500, t:  111461.4 s, ωt:  11.15 (1.77 periods), wall: 54.694 minutes, Δt:   0.69, CFL: 7.20e-01
i: 108600, t:  111531.3 s, ωt:  11.15 (1.78 periods), wall: 54.744 minutes, Δt:   0.60, CFL: 7.20e-01
i: 108700, t:  111606.6 s, ωt:  11.16 (1.78 periods), wall: 54.794 minutes, Δt:   0.76, CFL: 7.20e-01
i: 108800, t:  111680.5 s, ωt:  11.17 (1.78 periods), wall: 54.843 minutes, Δt:   0.74, CFL: 7.20e-01
i: 108900, t:  111748.6 s, ωt:  11.17 (1.78 periods), wall: 54.893 minutes, Δt:   0.63, CFL: 7.20e-01
i: 109000, t:  111822.0 s, ωt:  11.18 (1.78 periods), wall: 54.943 minutes, Δt:   0.71, CFL: 7.20e-01
i: 109100, t:  111896.4 s, ωt:  11.19 (1.78 periods), wall: 54.993 minutes, Δt:   0.78, CFL: 7.20e-01
i: 109200, t:  111967.8 s, ωt:  11.20 (1.78 periods), wall: 55.042 minutes, Δt:   0.77, CFL: 7.20e-01
i: 109300, t:  112042.5 s, ωt:  11.20 (1.78 periods), wall: 55.092 minutes, Δt:   0.67, CFL: 7.20e-01
i: 109400, t:  112113.4 s, ωt:  11.21 (1.78 periods), wall: 55.142 minutes, Δt:   0.66, CFL: 7.20e-01
i: 109500, t:  112184.2 s, ωt:  11.22 (1.79 periods), wall: 55.192 minutes, Δt:   0.73, CFL: 7.20e-01
i: 109600, t:  112258.2 s, ωt:  11.23 (1.79 periods), wall: 55.241 minutes, Δt:   0.75, CFL: 7.20e-01
i: 109700, t:  112323.3 s, ωt:  11.23 (1.79 periods), wall: 55.291 minutes, Δt:   0.62, CFL: 7.20e-01
i: 109800, t:  112391.9 s, ωt:  11.24 (1.79 periods), wall: 55.341 minutes, Δt:   0.71, CFL: 7.20e-01
i: 109900, t:  112456.9 s, ωt:  11.25 (1.79 periods), wall: 55.390 minutes, Δt:   0.71, CFL: 7.20e-01
i: 110000, t:  112530.9 s, ωt:  11.25 (1.79 periods), wall: 55.440 minutes, Δt:   0.71, CFL: 7.20e-01
i: 110100, t:  112602.0 s, ωt:  11.26 (1.79 periods), wall: 55.490 minutes, Δt:   0.77, CFL: 7.20e-01
i: 110200, t:  112669.1 s, ωt:  11.27 (1.79 periods), wall: 55.540 minutes, Δt:   0.62, CFL: 7.20e-01
i: 110300, t:  112740.4 s, ωt:  11.27 (1.79 periods), wall: 55.589 minutes, Δt:   0.71, CFL: 7.20e-01
i: 110400, t:  112807.1 s, ωt:  11.28 (1.80 periods), wall: 55.639 minutes, Δt:   0.57, CFL: 7.20e-01
i: 110500, t:  112879.1 s, ωt:  11.29 (1.80 periods), wall: 55.689 minutes, Δt:   0.82, CFL: 7.20e-01
i: 110600, t:  112964.2 s, ωt:  11.30 (1.80 periods), wall: 55.739 minutes, Δt:   0.85, CFL: 7.20e-01
i: 110700, t:  113044.0 s, ωt:  11.30 (1.80 periods), wall: 55.788 minutes, Δt:   0.73, CFL: 7.20e-01
i: 110800, t:  113122.4 s, ωt:  11.31 (1.80 periods), wall: 55.838 minutes, Δt:   0.78, CFL: 7.20e-01
i: 110900, t:  113198.3 s, ωt:  11.32 (1.80 periods), wall: 55.888 minutes, Δt:   0.60, CFL: 7.20e-01
i: 111000, t:  113269.6 s, ωt:  11.33 (1.80 periods), wall: 55.938 minutes, Δt:   0.81, CFL: 7.20e-01
i: 111100, t:  113342.3 s, ωt:  11.33 (1.80 periods), wall: 55.987 minutes, Δt:   0.78, CFL: 7.20e-01
i: 111200, t:  113420.0 s, ωt:  11.34 (1.81 periods), wall: 56.037 minutes, Δt:   0.74, CFL: 7.20e-01
i: 111300, t:  113498.3 s, ωt:  11.35 (1.81 periods), wall: 56.087 minutes, Δt:   0.65, CFL: 7.20e-01
i: 111400, t:  113574.4 s, ωt:  11.36 (1.81 periods), wall: 56.136 minutes, Δt:   0.75, CFL: 7.20e-01
i: 111500, t:  113649.3 s, ωt:  11.36 (1.81 periods), wall: 56.186 minutes, Δt:   0.72, CFL: 7.20e-01
i: 111600, t:  113722.0 s, ωt:  11.37 (1.81 periods), wall: 56.236 minutes, Δt:   0.83, CFL: 7.20e-01
i: 111700, t:  113785.6 s, ωt:  11.38 (1.81 periods), wall: 56.286 minutes, Δt:   0.64, CFL: 7.20e-01
i: 111800, t:  113859.5 s, ωt:  11.39 (1.81 periods), wall: 56.335 minutes, Δt:   0.80, CFL: 7.20e-01
i: 111900, t:  113935.8 s, ωt:  11.39 (1.81 periods), wall: 56.385 minutes, Δt:   0.83, CFL: 7.20e-01
i: 112000, t:  114010.6 s, ωt:  11.40 (1.81 periods), wall: 56.435 minutes, Δt:   0.62, CFL: 7.20e-01
i: 112100, t:  114088.5 s, ωt:  11.41 (1.82 periods), wall: 56.485 minutes, Δt:   0.81, CFL: 7.20e-01
i: 112200, t:  114153.9 s, ωt:  11.42 (1.82 periods), wall: 56.534 minutes, Δt:   0.73, CFL: 7.20e-01
i: 112300, t:  114234.5 s, ωt:  11.42 (1.82 periods), wall: 56.584 minutes, Δt:   0.91, CFL: 7.20e-01
i: 112400, t:  114317.1 s, ωt:  11.43 (1.82 periods), wall: 56.634 minutes, Δt:   0.85, CFL: 7.20e-01
i: 112500, t:  114391.0 s, ωt:  11.44 (1.82 periods), wall: 56.684 minutes, Δt:   0.70, CFL: 7.20e-01
i: 112600, t:  114470.4 s, ωt:  11.45 (1.82 periods), wall: 56.733 minutes, Δt:   0.93, CFL: 7.20e-01
i: 112700, t:  114556.6 s, ωt:  11.46 (1.82 periods), wall: 56.783 minutes, Δt:   0.87, CFL: 7.20e-01
i: 112800, t:  114641.5 s, ωt:  11.46 (1.82 periods), wall: 56.833 minutes, Δt:   0.83, CFL: 7.20e-01
i: 112900, t:  114710.6 s, ωt:  11.47 (1.83 periods), wall: 56.883 minutes, Δt:   0.78, CFL: 7.20e-01
i: 113000, t:  114787.2 s, ωt:  11.48 (1.83 periods), wall: 56.932 minutes, Δt:   0.77, CFL: 7.20e-01
i: 113100, t:  114862.4 s, ωt:  11.49 (1.83 periods), wall: 56.982 minutes, Δt:   0.77, CFL: 7.20e-01
i: 113200, t:  114934.2 s, ωt:  11.49 (1.83 periods), wall: 57.032 minutes, Δt:   0.68, CFL: 7.20e-01
i: 113300, t:  115001.3 s, ωt:  11.50 (1.83 periods), wall: 57.082 minutes, Δt:   0.67, CFL: 7.20e-01
i: 113400, t:  115076.6 s, ωt:  11.51 (1.83 periods), wall: 57.131 minutes, Δt:   0.74, CFL: 7.20e-01
i: 113500, t:  115160.5 s, ωt:  11.52 (1.83 periods), wall: 57.181 minutes, Δt:   0.96, CFL: 7.20e-01
i: 113600, t:  115245.3 s, ωt:  11.52 (1.83 periods), wall: 57.232 minutes, Δt:   0.76, CFL: 7.20e-01
i: 113700, t:  115326.9 s, ωt:  11.53 (1.84 periods), wall: 57.282 minutes, Δt:   0.81, CFL: 7.20e-01
i: 113800, t:  115403.2 s, ωt:  11.54 (1.84 periods), wall: 57.331 minutes, Δt:   0.83, CFL: 7.20e-01
i: 113900, t:  115477.8 s, ωt:  11.55 (1.84 periods), wall: 57.381 minutes, Δt:   0.67, CFL: 7.20e-01
i: 114000, t:  115561.8 s, ωt:  11.56 (1.84 periods), wall: 57.431 minutes, Δt:   0.94, CFL: 7.20e-01
i: 114100, t:  115651.3 s, ωt:  11.57 (1.84 periods), wall: 57.480 minutes, Δt:   0.88, CFL: 7.20e-01
i: 114200, t:  115734.2 s, ωt:  11.57 (1.84 periods), wall: 57.530 minutes, Δt:   0.88, CFL: 7.20e-01
i: 114300, t:  115817.6 s, ωt:  11.58 (1.84 periods), wall: 57.580 minutes, Δt:   0.76, CFL: 7.20e-01
i: 114400, t:  115905.7 s, ωt:  11.59 (1.84 periods), wall: 57.629 minutes, Δt:   0.97, CFL: 7.20e-01
i: 114500, t:  115993.8 s, ωt:  11.60 (1.85 periods), wall: 57.680 minutes, Δt:   0.77, CFL: 7.20e-01
i: 114600, t:  116085.2 s, ωt:  11.61 (1.85 periods), wall: 57.729 minutes, Δt:   0.90, CFL: 7.20e-01
i: 114700, t:  116175.2 s, ωt:  11.62 (1.85 periods), wall: 57.779 minutes, Δt:   0.99, CFL: 7.20e-01
i: 114800, t:  116263.5 s, ωt:  11.63 (1.85 periods), wall: 57.829 minutes, Δt:   0.93, CFL: 7.20e-01
i: 114900, t:  116356.5 s, ωt:  11.64 (1.85 periods), wall: 57.878 minutes, Δt:   1.00, CFL: 7.20e-01
i: 115000, t:  116447.0 s, ωt:  11.64 (1.85 periods), wall: 57.928 minutes, Δt:   0.90, CFL: 7.20e-01
i: 115100, t:  116539.6 s, ωt:  11.65 (1.85 periods), wall: 57.978 minutes, Δt:   0.90, CFL: 7.20e-01
i: 115200, t:  116628.9 s, ωt:  11.66 (1.86 periods), wall: 58.028 minutes, Δt:   0.91, CFL: 7.20e-01
i: 115300, t:  116719.5 s, ωt:  11.67 (1.86 periods), wall: 58.078 minutes, Δt:   0.79, CFL: 7.20e-01
i: 115400, t:  116807.2 s, ωt:  11.68 (1.86 periods), wall: 58.127 minutes, Δt:   0.93, CFL: 7.20e-01
i: 115500, t:  116906.2 s, ωt:  11.69 (1.86 periods), wall: 58.177 minutes, Δt:   1.09, CFL: 7.20e-01
i: 115600, t:  117009.3 s, ωt:  11.70 (1.86 periods), wall: 58.227 minutes, Δt:   0.88, CFL: 7.20e-01
i: 115700, t:  117105.7 s, ωt:  11.71 (1.86 periods), wall: 58.277 minutes, Δt:   1.03, CFL: 7.20e-01
i: 115800, t:  117198.9 s, ωt:  11.72 (1.87 periods), wall: 58.326 minutes, Δt:   0.91, CFL: 7.20e-01
i: 115900, t:  117294.5 s, ωt:  11.73 (1.87 periods), wall: 58.376 minutes, Δt:   1.04, CFL: 7.20e-01
i: 116000, t:  117396.1 s, ωt:  11.74 (1.87 periods), wall: 58.426 minutes, Δt:   0.84, CFL: 7.20e-01
i: 116100, t:  117488.1 s, ωt:  11.75 (1.87 periods), wall: 58.475 minutes, Δt:   1.11, CFL: 7.20e-01
i: 116200, t:  117593.6 s, ωt:  11.76 (1.87 periods), wall: 58.525 minutes, Δt:   1.08, CFL: 7.20e-01
i: 116300, t:  117692.5 s, ωt:  11.77 (1.87 periods), wall: 58.575 minutes, Δt:   0.90, CFL: 7.20e-01
i: 116400, t:  117791.5 s, ωt:  11.78 (1.87 periods), wall: 58.625 minutes, Δt:   1.07, CFL: 7.20e-01
i: 116500, t:  117892.2 s, ωt:  11.79 (1.88 periods), wall: 58.674 minutes, Δt:   1.04, CFL: 7.20e-01
i: 116600, t:  118000.3 s, ωt:  11.80 (1.88 periods), wall: 58.724 minutes, Δt:   1.05, CFL: 7.20e-01
i: 116700, t:  118099.4 s, ωt:  11.81 (1.88 periods), wall: 58.774 minutes, Δt:   1.05, CFL: 7.20e-01
i: 116800, t:  118202.4 s, ωt:  11.82 (1.88 periods), wall: 58.823 minutes, Δt:   1.02, CFL: 7.20e-01
i: 116900, t:  118296.5 s, ωt:  11.83 (1.88 periods), wall: 58.873 minutes, Δt:   0.82, CFL: 7.20e-01
i: 117000, t:  118387.4 s, ωt:  11.84 (1.88 periods), wall: 58.923 minutes, Δt:   1.02, CFL: 7.20e-01
i: 117100, t:  118486.2 s, ωt:  11.85 (1.89 periods), wall: 58.973 minutes, Δt:   1.02, CFL: 7.20e-01
i: 117200, t:  118575.3 s, ωt:  11.86 (1.89 periods), wall: 59.023 minutes, Δt:   0.83, CFL: 7.20e-01
i: 117300, t:  118660.5 s, ωt:  11.87 (1.89 periods), wall: 59.072 minutes, Δt:   0.98, CFL: 7.20e-01
i: 117400, t:  118754.1 s, ωt:  11.88 (1.89 periods), wall: 59.122 minutes, Δt:   0.99, CFL: 7.20e-01
i: 117500, t:  118856.3 s, ωt:  11.89 (1.89 periods), wall: 59.172 minutes, Δt:   1.08, CFL: 7.20e-01
i: 117600, t:  118965.3 s, ωt:  11.90 (1.89 periods), wall: 59.222 minutes, Δt:   1.09, CFL: 7.20e-01
i: 117700, t:  119068.3 s, ωt:  11.91 (1.90 periods), wall: 59.271 minutes, Δt:   1.01, CFL: 7.20e-01
i: 117800, t:  119177.9 s, ωt:  11.92 (1.90 periods), wall: 59.321 minutes, Δt:   0.96, CFL: 7.20e-01
i: 117900, t:  119287.0 s, ωt:  11.93 (1.90 periods), wall: 59.371 minutes, Δt:   1.10, CFL: 7.20e-01
i: 118000, t:  119397.9 s, ωt:  11.94 (1.90 periods), wall: 59.420 minutes, Δt:   1.00, CFL: 7.20e-01
i: 118100, t:  119522.1 s, ωt:  11.95 (1.90 periods), wall: 59.470 minutes, Δt:   1.19, CFL: 7.20e-01
i: 118200, t:  119637.1 s, ωt:  11.96 (1.90 periods), wall: 59.520 minutes, Δt:   1.25, CFL: 7.20e-01
i: 118300, t:  119765.8 s, ωt:  11.98 (1.91 periods), wall: 59.570 minutes, Δt:   1.16, CFL: 7.20e-01
i: 118400, t:  119868.2 s, ωt:  11.99 (1.91 periods), wall: 59.620 minutes, Δt:   1.25, CFL: 7.20e-01
i: 118500, t:  120000.2 s, ωt:  12.00 (1.91 periods), wall: 59.669 minutes, Δt:   1.42, CFL: 7.20e-01
i: 118600, t:  120134.2 s, ωt:  12.01 (1.91 periods), wall: 59.719 minutes, Δt:   1.52, CFL: 7.20e-01
i: 118700, t:  120287.8 s, ωt:  12.03 (1.91 periods), wall: 59.769 minutes, Δt:   1.46, CFL: 7.20e-01
i: 118800, t:  120439.5 s, ωt:  12.04 (1.92 periods), wall: 59.819 minutes, Δt:   1.28, CFL: 7.20e-01
i: 118900, t:  120582.7 s, ωt:  12.06 (1.92 periods), wall: 59.869 minutes, Δt:   1.75, CFL: 7.20e-01
i: 119000, t:  120736.7 s, ωt:  12.07 (1.92 periods), wall: 59.919 minutes, Δt:   1.59, CFL: 7.20e-01
i: 119100, t:  120879.5 s, ωt:  12.09 (1.92 periods), wall: 59.968 minutes, Δt:   1.44, CFL: 7.20e-01
i: 119200, t:  121026.1 s, ωt:  12.10 (1.93 periods), wall: 1.000 hours, Δt:   1.40, CFL: 7.20e-01
i: 119300, t:  121177.8 s, ωt:  12.12 (1.93 periods), wall: 1.001 hours, Δt:   1.68, CFL: 7.20e-01
i: 119400, t:  121326.8 s, ωt:  12.13 (1.93 periods), wall: 1.002 hours, Δt:   1.38, CFL: 7.20e-01
i: 119500, t:  121483.9 s, ωt:  12.15 (1.93 periods), wall: 1.003 hours, Δt:   1.51, CFL: 7.20e-01
i: 119600, t:  121643.1 s, ωt:  12.16 (1.94 periods), wall: 1.004 hours, Δt:   1.63, CFL: 7.20e-01
i: 119700, t:  121799.4 s, ωt:  12.18 (1.94 periods), wall: 1.004 hours, Δt:   1.75, CFL: 7.20e-01
i: 119800, t:  121975.2 s, ωt:  12.20 (1.94 periods), wall: 1.005 hours, Δt:   1.68, CFL: 7.20e-01
i: 119900, t:  122167.2 s, ωt:  12.22 (1.94 periods), wall: 1.006 hours, Δt:   2.09, CFL: 7.20e-01
i: 120000, t:  122366.8 s, ωt:  12.24 (1.95 periods), wall: 1.007 hours, Δt:   2.18, CFL: 7.20e-01
i: 120100, t:  122579.1 s, ωt:  12.26 (1.95 periods), wall: 1.008 hours, Δt:   2.07, CFL: 7.20e-01
i: 120200, t:  122803.4 s, ωt:  12.28 (1.95 periods), wall: 1.009 hours, Δt:   2.17, CFL: 7.20e-01
i: 120300, t:  123051.4 s, ωt:  12.31 (1.96 periods), wall: 1.009 hours, Δt:   2.55, CFL: 7.20e-01
i: 120400, t:  123305.1 s, ωt:  12.33 (1.96 periods), wall: 1.010 hours, Δt:   2.44, CFL: 7.20e-01
i: 120500, t:  123563.0 s, ωt:  12.36 (1.97 periods), wall: 1.011 hours, Δt:   3.02, CFL: 7.20e-01
i: 120600, t:  123867.6 s, ωt:  12.39 (1.97 periods), wall: 1.012 hours, Δt:   2.79, CFL: 7.20e-01
i: 120700, t:  124135.6 s, ωt:  12.41 (1.98 periods), wall: 1.013 hours, Δt:   2.97, CFL: 7.20e-01
i: 120800, t:  124405.4 s, ωt:  12.44 (1.98 periods), wall: 1.014 hours, Δt:   2.46, CFL: 7.20e-01
i: 120900, t:  124703.8 s, ωt:  12.47 (1.98 periods), wall: 1.014 hours, Δt:   2.98, CFL: 7.20e-01
i: 121000, t:  124959.7 s, ωt:  12.50 (1.99 periods), wall: 1.015 hours, Δt:   2.16, CFL: 7.20e-01
i: 121100, t:  125226.0 s, ωt:  12.52 (1.99 periods), wall: 1.016 hours, Δt:   2.73, CFL: 7.20e-01
i: 121200, t:  125507.6 s, ωt:  12.55 (2.00 periods), wall: 1.017 hours, Δt:   2.94, CFL: 7.20e-01
i: 121300, t:  125802.2 s, ωt:  12.58 (2.00 periods), wall: 1.018 hours, Δt:   3.00, CFL: 7.20e-01
i: 121400, t:  126109.6 s, ωt:  12.61 (2.01 periods), wall: 1.019 hours, Δt:   2.64, CFL: 7.20e-01
i: 121500, t:  126371.3 s, ωt:  12.64 (2.01 periods), wall: 1.019 hours, Δt:   2.19, CFL: 7.20e-01
i: 121600, t:  126582.1 s, ωt:  12.66 (2.01 periods), wall: 1.020 hours, Δt:   2.01, CFL: 7.20e-01
i: 121700, t:  126814.2 s, ωt:  12.68 (2.02 periods), wall: 1.021 hours, Δt:   2.22, CFL: 7.20e-01
i: 121800, t:  127042.1 s, ωt:  12.70 (2.02 periods), wall: 1.022 hours, Δt:   2.14, CFL: 7.20e-01
i: 121900, t:  127252.4 s, ωt:  12.73 (2.03 periods), wall: 1.023 hours, Δt:   1.93, CFL: 7.20e-01
i: 122000, t:  127461.3 s, ωt:  12.75 (2.03 periods), wall: 1.024 hours, Δt:   1.77, CFL: 7.20e-01
i: 122100, t:  127672.9 s, ωt:  12.77 (2.03 periods), wall: 1.024 hours, Δt:   2.23, CFL: 7.20e-01
i: 122200, t:  127868.6 s, ωt:  12.79 (2.04 periods), wall: 1.025 hours, Δt:   2.00, CFL: 7.20e-01
i: 122300, t:  128069.8 s, ωt:  12.81 (2.04 periods), wall: 1.026 hours, Δt:   1.83, CFL: 7.20e-01
i: 122400, t:  128276.4 s, ωt:  12.83 (2.04 periods), wall: 1.027 hours, Δt:   1.75, CFL: 7.20e-01
i: 122500, t:  128470.2 s, ωt:  12.85 (2.04 periods), wall: 1.028 hours, Δt:   1.87, CFL: 7.20e-01
i: 122600, t:  128649.4 s, ωt:  12.86 (2.05 periods), wall: 1.029 hours, Δt:   1.90, CFL: 7.20e-01
i: 122700, t:  128816.3 s, ωt:  12.88 (2.05 periods), wall: 1.029 hours, Δt:   1.70, CFL: 7.20e-01
i: 122800, t:  129001.1 s, ωt:  12.90 (2.05 periods), wall: 1.030 hours, Δt:   1.83, CFL: 7.20e-01
i: 122900, t:  129166.7 s, ωt:  12.92 (2.06 periods), wall: 1.031 hours, Δt:   1.42, CFL: 7.20e-01
i: 123000, t:  129313.4 s, ωt:  12.93 (2.06 periods), wall: 1.032 hours, Δt:   1.63, CFL: 7.20e-01
i: 123100, t:  129470.9 s, ωt:  12.95 (2.06 periods), wall: 1.033 hours, Δt:   1.29, CFL: 7.20e-01
i: 123200, t:  129607.4 s, ωt:  12.96 (2.06 periods), wall: 1.034 hours, Δt:   1.48, CFL: 7.20e-01
i: 123300, t:  129740.7 s, ωt:  12.97 (2.06 periods), wall: 1.034 hours, Δt:   1.49, CFL: 7.20e-01
i: 123400, t:  129878.8 s, ωt:  12.99 (2.07 periods), wall: 1.035 hours, Δt:   1.37, CFL: 7.20e-01
i: 123500, t:  130024.0 s, ωt:  13.00 (2.07 periods), wall: 1.036 hours, Δt:   1.47, CFL: 7.20e-01
i: 123600, t:  130166.1 s, ωt:  13.02 (2.07 periods), wall: 1.037 hours, Δt:   1.47, CFL: 7.20e-01
i: 123700, t:  130304.4 s, ωt:  13.03 (2.07 periods), wall: 1.038 hours, Δt:   1.52, CFL: 7.20e-01
i: 123800, t:  130448.4 s, ωt:  13.04 (2.08 periods), wall: 1.039 hours, Δt:   1.40, CFL: 7.20e-01
i: 123900, t:  130584.5 s, ωt:  13.06 (2.08 periods), wall: 1.039 hours, Δt:   1.39, CFL: 7.20e-01
i: 124000, t:  130720.3 s, ωt:  13.07 (2.08 periods), wall: 1.040 hours, Δt:   1.36, CFL: 7.20e-01
i: 124100, t:  130858.6 s, ωt:  13.09 (2.08 periods), wall: 1.041 hours, Δt:   1.25, CFL: 7.20e-01
i: 124200, t:  130982.5 s, ωt:  13.10 (2.08 periods), wall: 1.042 hours, Δt:   1.36, CFL: 7.20e-01
i: 124300, t:  131107.9 s, ωt:  13.11 (2.09 periods), wall: 1.043 hours, Δt:   1.15, CFL: 7.20e-01
i: 124400, t:  131220.3 s, ωt:  13.12 (2.09 periods), wall: 1.044 hours, Δt:   1.33, CFL: 7.20e-01
i: 124500, t:  131335.6 s, ωt:  13.13 (2.09 periods), wall: 1.044 hours, Δt:   1.14, CFL: 7.20e-01
i: 124600, t:  131449.3 s, ωt:  13.14 (2.09 periods), wall: 1.045 hours, Δt:   1.15, CFL: 7.20e-01
i: 124700, t:  131559.9 s, ωt:  13.16 (2.09 periods), wall: 1.046 hours, Δt:   0.98, CFL: 7.20e-01
i: 124800, t:  131663.7 s, ωt:  13.17 (2.10 periods), wall: 1.047 hours, Δt:   1.21, CFL: 7.20e-01
i: 124900, t:  131775.4 s, ωt:  13.18 (2.10 periods), wall: 1.048 hours, Δt:   1.20, CFL: 7.20e-01
i: 125000, t:  131881.3 s, ωt:  13.19 (2.10 periods), wall: 1.049 hours, Δt:   1.07, CFL: 7.20e-01
i: 125100, t:  131992.2 s, ωt:  13.20 (2.10 periods), wall: 1.049 hours, Δt:   1.25, CFL: 7.20e-01
i: 125200, t:  132102.9 s, ωt:  13.21 (2.10 periods), wall: 1.050 hours, Δt:   1.15, CFL: 7.20e-01
i: 125300, t:  132211.3 s, ωt:  13.22 (2.10 periods), wall: 1.051 hours, Δt:   1.01, CFL: 7.20e-01
i: 125400, t:  132308.9 s, ωt:  13.23 (2.11 periods), wall: 1.052 hours, Δt:   1.11, CFL: 7.20e-01
i: 125500, t:  132410.9 s, ωt:  13.24 (2.11 periods), wall: 1.053 hours, Δt:   0.87, CFL: 7.20e-01
i: 125600, t:  132505.5 s, ωt:  13.25 (2.11 periods), wall: 1.054 hours, Δt:   1.00, CFL: 7.20e-01
i: 125700, t:  132602.6 s, ωt:  13.26 (2.11 periods), wall: 1.054 hours, Δt:   0.93, CFL: 7.20e-01
i: 125800, t:  132702.3 s, ωt:  13.27 (2.11 periods), wall: 1.055 hours, Δt:   0.85, CFL: 7.20e-01
i: 125900, t:  132794.5 s, ωt:  13.28 (2.11 periods), wall: 1.056 hours, Δt:   0.86, CFL: 7.20e-01
i: 126000, t:  132891.2 s, ωt:  13.29 (2.12 periods), wall: 1.057 hours, Δt:   0.98, CFL: 7.20e-01
i: 126100, t:  132980.4 s, ωt:  13.30 (2.12 periods), wall: 1.058 hours, Δt:   0.95, CFL: 7.20e-01
i: 126200, t:  133071.4 s, ωt:  13.31 (2.12 periods), wall: 1.058 hours, Δt:   0.97, CFL: 7.20e-01
i: 126300, t:  133172.9 s, ωt:  13.32 (2.12 periods), wall: 1.059 hours, Δt:   0.93, CFL: 7.20e-01
i: 126400, t:  133272.9 s, ωt:  13.33 (2.12 periods), wall: 1.060 hours, Δt:   1.08, CFL: 7.20e-01
i: 126500, t:  133371.2 s, ωt:  13.34 (2.12 periods), wall: 1.061 hours, Δt:   0.84, CFL: 7.20e-01
i: 126600, t:  133463.7 s, ωt:  13.35 (2.12 periods), wall: 1.062 hours, Δt:   1.04, CFL: 7.20e-01
i: 126700, t:  133558.0 s, ωt:  13.36 (2.13 periods), wall: 1.063 hours, Δt:   0.97, CFL: 7.20e-01
i: 126800, t:  133657.5 s, ωt:  13.37 (2.13 periods), wall: 1.063 hours, Δt:   0.94, CFL: 7.20e-01
i: 126900, t:  133744.8 s, ωt:  13.37 (2.13 periods), wall: 1.064 hours, Δt:   0.88, CFL: 7.20e-01
i: 127000, t:  133834.8 s, ωt:  13.38 (2.13 periods), wall: 1.065 hours, Δt:   0.98, CFL: 7.20e-01
i: 127100, t:  133922.2 s, ωt:  13.39 (2.13 periods), wall: 1.066 hours, Δt:   0.85, CFL: 7.20e-01
i: 127200, t:  134008.2 s, ωt:  13.40 (2.13 periods), wall: 1.067 hours, Δt:   0.93, CFL: 7.20e-01
i: 127300, t:  134094.7 s, ωt:  13.41 (2.13 periods), wall: 1.068 hours, Δt:   0.95, CFL: 7.20e-01
i: 127400, t:  134181.3 s, ωt:  13.42 (2.14 periods), wall: 1.068 hours, Δt:   0.88, CFL: 7.20e-01
i: 127500, t:  134262.9 s, ωt:  13.43 (2.14 periods), wall: 1.069 hours, Δt:   0.86, CFL: 7.20e-01
i: 127600, t:  134350.1 s, ωt:  13.44 (2.14 periods), wall: 1.070 hours, Δt:   0.86, CFL: 7.20e-01
i: 127700, t:  134437.0 s, ωt:  13.44 (2.14 periods), wall: 1.071 hours, Δt:   0.93, CFL: 7.20e-01
i: 127800, t:  134519.3 s, ωt:  13.45 (2.14 periods), wall: 1.072 hours, Δt:   0.78, CFL: 7.20e-01
i: 127900, t:  134598.5 s, ωt:  13.46 (2.14 periods), wall: 1.073 hours, Δt:   0.78, CFL: 7.20e-01
i: 128000, t:  134676.0 s, ωt:  13.47 (2.14 periods), wall: 1.073 hours, Δt:   0.87, CFL: 7.20e-01
i: 128100, t:  134755.1 s, ωt:  13.48 (2.14 periods), wall: 1.074 hours, Δt:   0.64, CFL: 7.20e-01
i: 128200, t:  134830.7 s, ωt:  13.48 (2.15 periods), wall: 1.075 hours, Δt:   0.91, CFL: 7.20e-01
i: 128300, t:  134916.6 s, ωt:  13.49 (2.15 periods), wall: 1.076 hours, Δt:   0.90, CFL: 7.20e-01
i: 128400, t:  134997.6 s, ωt:  13.50 (2.15 periods), wall: 1.077 hours, Δt:   0.71, CFL: 7.20e-01
i: 128500, t:  135071.1 s, ωt:  13.51 (2.15 periods), wall: 1.078 hours, Δt:   0.69, CFL: 7.20e-01
i: 128600, t:  135142.7 s, ωt:  13.51 (2.15 periods), wall: 1.078 hours, Δt:   0.82, CFL: 7.20e-01
i: 128700, t:  135217.1 s, ωt:  13.52 (2.15 periods), wall: 1.079 hours, Δt:   0.76, CFL: 7.20e-01
i: 128800, t:  135297.7 s, ωt:  13.53 (2.15 periods), wall: 1.080 hours, Δt:   0.82, CFL: 7.20e-01
i: 128900, t:  135378.8 s, ωt:  13.54 (2.15 periods), wall: 1.081 hours, Δt:   0.75, CFL: 7.20e-01
i: 129000, t:  135462.1 s, ωt:  13.55 (2.16 periods), wall: 1.082 hours, Δt:   0.83, CFL: 7.20e-01
i: 129100, t:  135540.8 s, ωt:  13.55 (2.16 periods), wall: 1.083 hours, Δt:   0.83, CFL: 7.20e-01
i: 129200, t:  135617.4 s, ωt:  13.56 (2.16 periods), wall: 1.083 hours, Δt:   0.77, CFL: 7.20e-01
i: 129300, t:  135698.2 s, ωt:  13.57 (2.16 periods), wall: 1.084 hours, Δt:   0.79, CFL: 7.20e-01
i: 129400, t:  135779.3 s, ωt:  13.58 (2.16 periods), wall: 1.085 hours, Δt:   0.81, CFL: 7.20e-01
i: 129500, t:  135855.6 s, ωt:  13.59 (2.16 periods), wall: 1.086 hours, Δt:   0.67, CFL: 7.20e-01
i: 129600, t:  135939.7 s, ωt:  13.59 (2.16 periods), wall: 1.087 hours, Δt:   0.79, CFL: 7.20e-01
i: 129700, t:  136011.8 s, ωt:  13.60 (2.16 periods), wall: 1.088 hours, Δt:   0.77, CFL: 7.20e-01
i: 129800, t:  136083.5 s, ωt:  13.61 (2.17 periods), wall: 1.088 hours, Δt:   0.75, CFL: 7.20e-01
i: 129900, t:  136158.0 s, ωt:  13.62 (2.17 periods), wall: 1.089 hours, Δt:   0.85, CFL: 7.20e-01
i: 130000, t:  136234.0 s, ωt:  13.62 (2.17 periods), wall: 1.090 hours, Δt:   0.68, CFL: 7.20e-01
i: 130100, t:  136304.6 s, ωt:  13.63 (2.17 periods), wall: 1.091 hours, Δt:   0.64, CFL: 7.20e-01
i: 130200, t:  136374.8 s, ωt:  13.64 (2.17 periods), wall: 1.092 hours, Δt:   0.72, CFL: 7.20e-01
i: 130300, t:  136451.0 s, ωt:  13.65 (2.17 periods), wall: 1.093 hours, Δt:   0.89, CFL: 7.20e-01
i: 130400, t:  136529.9 s, ωt:  13.65 (2.17 periods), wall: 1.093 hours, Δt:   0.64, CFL: 7.20e-01
i: 130500, t:  136603.4 s, ωt:  13.66 (2.17 periods), wall: 1.094 hours, Δt:   0.84, CFL: 7.20e-01
i: 130600, t:  136684.8 s, ωt:  13.67 (2.18 periods), wall: 1.095 hours, Δt:   0.80, CFL: 7.20e-01
i: 130700, t:  136763.4 s, ωt:  13.68 (2.18 periods), wall: 1.096 hours, Δt:   0.76, CFL: 7.20e-01
i: 130800, t:  136843.5 s, ωt:  13.68 (2.18 periods), wall: 1.097 hours, Δt:   0.90, CFL: 7.20e-01
i: 130900, t:  136931.9 s, ωt:  13.69 (2.18 periods), wall: 1.097 hours, Δt:   0.87, CFL: 7.20e-01
i: 131000, t:  137014.1 s, ωt:  13.70 (2.18 periods), wall: 1.098 hours, Δt:   0.73, CFL: 7.20e-01
i: 131100, t:  137092.4 s, ωt:  13.71 (2.18 periods), wall: 1.099 hours, Δt:   0.74, CFL: 7.20e-01
i: 131200, t:  137170.6 s, ωt:  13.72 (2.18 periods), wall: 1.100 hours, Δt:   0.85, CFL: 7.20e-01
i: 131300, t:  137250.0 s, ωt:  13.72 (2.18 periods), wall: 1.101 hours, Δt:   0.78, CFL: 7.20e-01
i: 131400, t:  137330.4 s, ωt:  13.73 (2.19 periods), wall: 1.102 hours, Δt:   0.86, CFL: 7.20e-01
i: 131500, t:  137408.8 s, ωt:  13.74 (2.19 periods), wall: 1.102 hours, Δt:   0.81, CFL: 7.20e-01
i: 131600, t:  137484.8 s, ωt:  13.75 (2.19 periods), wall: 1.103 hours, Δt:   0.75, CFL: 7.20e-01
i: 131700, t:  137559.7 s, ωt:  13.76 (2.19 periods), wall: 1.104 hours, Δt:   0.82, CFL: 7.20e-01
i: 131800, t:  137633.7 s, ωt:  13.76 (2.19 periods), wall: 1.105 hours, Δt:   0.75, CFL: 7.20e-01
i: 131900, t:  137711.9 s, ωt:  13.77 (2.19 periods), wall: 1.106 hours, Δt:   0.73, CFL: 7.20e-01
i: 132000, t:  137793.1 s, ωt:  13.78 (2.19 periods), wall: 1.107 hours, Δt:   0.77, CFL: 7.20e-01
i: 132100, t:  137866.7 s, ωt:  13.79 (2.19 periods), wall: 1.107 hours, Δt:   0.72, CFL: 7.20e-01
i: 132200, t:  137934.3 s, ωt:  13.79 (2.20 periods), wall: 1.108 hours, Δt:   0.66, CFL: 7.20e-01
i: 132300, t:  138004.7 s, ωt:  13.80 (2.20 periods), wall: 1.109 hours, Δt:   0.67, CFL: 7.20e-01
i: 132400, t:  138074.7 s, ωt:  13.81 (2.20 periods), wall: 1.110 hours, Δt:   0.75, CFL: 7.20e-01
i: 132500, t:  138145.8 s, ωt:  13.81 (2.20 periods), wall: 1.111 hours, Δt:   0.72, CFL: 7.20e-01
i: 132600, t:  138217.7 s, ωt:  13.82 (2.20 periods), wall: 1.112 hours, Δt:   0.74, CFL: 7.20e-01
i: 132700, t:  138292.9 s, ωt:  13.83 (2.20 periods), wall: 1.112 hours, Δt:   0.75, CFL: 7.20e-01
i: 132800, t:  138374.3 s, ωt:  13.84 (2.20 periods), wall: 1.113 hours, Δt:   0.82, CFL: 7.20e-01
i: 132900, t:  138452.0 s, ωt:  13.85 (2.20 periods), wall: 1.114 hours, Δt:   0.73, CFL: 7.20e-01
i: 133000, t:  138523.3 s, ωt:  13.85 (2.20 periods), wall: 1.115 hours, Δt:   0.79, CFL: 7.20e-01
i: 133100, t:  138599.7 s, ωt:  13.86 (2.21 periods), wall: 1.116 hours, Δt:   0.71, CFL: 7.20e-01
i: 133200, t:  138673.1 s, ωt:  13.87 (2.21 periods), wall: 1.117 hours, Δt:   0.70, CFL: 7.20e-01
i: 133300, t:  138750.6 s, ωt:  13.88 (2.21 periods), wall: 1.117 hours, Δt:   0.81, CFL: 7.20e-01
i: 133400, t:  138814.7 s, ωt:  13.88 (2.21 periods), wall: 1.118 hours, Δt:   0.60, CFL: 7.20e-01
i: 133500, t:  138880.3 s, ωt:  13.89 (2.21 periods), wall: 1.119 hours, Δt:   0.66, CFL: 7.20e-01
i: 133600, t:  138947.7 s, ωt:  13.89 (2.21 periods), wall: 1.120 hours, Δt:   0.65, CFL: 7.20e-01
i: 133700, t:  139020.8 s, ωt:  13.90 (2.21 periods), wall: 1.121 hours, Δt:   0.66, CFL: 7.20e-01
i: 133800, t:  139093.0 s, ωt:  13.91 (2.21 periods), wall: 1.122 hours, Δt:   0.68, CFL: 7.20e-01
i: 133900, t:  139165.3 s, ωt:  13.92 (2.21 periods), wall: 1.122 hours, Δt:   0.72, CFL: 7.20e-01
i: 134000, t:  139242.3 s, ωt:  13.92 (2.22 periods), wall: 1.123 hours, Δt:   0.72, CFL: 7.20e-01
i: 134100, t:  139314.3 s, ωt:  13.93 (2.22 periods), wall: 1.124 hours, Δt:   0.67, CFL: 7.20e-01
i: 134200, t:  139382.2 s, ωt:  13.94 (2.22 periods), wall: 1.125 hours, Δt:   0.66, CFL: 7.20e-01
i: 134300, t:  139450.3 s, ωt:  13.95 (2.22 periods), wall: 1.126 hours, Δt:   0.69, CFL: 7.20e-01
i: 134400, t:  139525.1 s, ωt:  13.95 (2.22 periods), wall: 1.127 hours, Δt:   0.76, CFL: 7.20e-01
i: 134500, t:  139599.9 s, ωt:  13.96 (2.22 periods), wall: 1.127 hours, Δt:   0.76, CFL: 7.20e-01
i: 134600, t:  139677.8 s, ωt:  13.97 (2.22 periods), wall: 1.128 hours, Δt:   0.73, CFL: 7.20e-01
i: 134700, t:  139755.2 s, ωt:  13.98 (2.22 periods), wall: 1.129 hours, Δt:   0.76, CFL: 7.20e-01
i: 134800, t:  139828.3 s, ωt:  13.98 (2.23 periods), wall: 1.130 hours, Δt:   0.82, CFL: 7.20e-01
i: 134900, t:  139899.2 s, ωt:  13.99 (2.23 periods), wall: 1.131 hours, Δt:   0.66, CFL: 7.20e-01
i: 135000, t:  139969.9 s, ωt:  14.00 (2.23 periods), wall: 1.132 hours, Δt:   0.84, CFL: 7.20e-01
i: 135100, t:  140038.4 s, ωt:  14.00 (2.23 periods), wall: 1.132 hours, Δt:   0.69, CFL: 7.20e-01
i: 135200, t:  140105.2 s, ωt:  14.01 (2.23 periods), wall: 1.133 hours, Δt:   0.56, CFL: 7.20e-01
i: 135300, t:  140170.6 s, ωt:  14.02 (2.23 periods), wall: 1.134 hours, Δt:   0.73, CFL: 7.20e-01
i: 135400, t:  140237.2 s, ωt:  14.02 (2.23 periods), wall: 1.135 hours, Δt:   0.65, CFL: 7.20e-01
i: 135500, t:  140307.7 s, ωt:  14.03 (2.23 periods), wall: 1.136 hours, Δt:   0.68, CFL: 7.20e-01
i: 135600, t:  140373.4 s, ωt:  14.04 (2.23 periods), wall: 1.136 hours, Δt:   0.67, CFL: 7.20e-01
i: 135700, t:  140441.1 s, ωt:  14.04 (2.24 periods), wall: 1.137 hours, Δt:   0.73, CFL: 7.20e-01
i: 135800, t:  140515.3 s, ωt:  14.05 (2.24 periods), wall: 1.138 hours, Δt:   0.79, CFL: 7.20e-01
i: 135900, t:  140589.8 s, ωt:  14.06 (2.24 periods), wall: 1.139 hours, Δt:   0.69, CFL: 7.20e-01
i: 136000, t:  140660.7 s, ωt:  14.07 (2.24 periods), wall: 1.140 hours, Δt:   0.78, CFL: 7.20e-01
i: 136100, t:  140729.3 s, ωt:  14.07 (2.24 periods), wall: 1.141 hours, Δt:   0.59, CFL: 7.20e-01
i: 136200, t:  140794.6 s, ωt:  14.08 (2.24 periods), wall: 1.141 hours, Δt:   0.67, CFL: 7.20e-01
i: 136300, t:  140859.4 s, ωt:  14.09 (2.24 periods), wall: 1.142 hours, Δt:   0.65, CFL: 7.20e-01
i: 136400, t:  140929.8 s, ωt:  14.09 (2.24 periods), wall: 1.143 hours, Δt:   0.64, CFL: 7.20e-01
i: 136500, t:  140998.6 s, ωt:  14.10 (2.24 periods), wall: 1.144 hours, Δt:   0.69, CFL: 7.20e-01
i: 136600, t:  141060.2 s, ωt:  14.11 (2.25 periods), wall: 1.145 hours, Δt:   0.52, CFL: 7.20e-01
i: 136700, t:  141121.8 s, ωt:  14.11 (2.25 periods), wall: 1.146 hours, Δt:   0.77, CFL: 7.20e-01
i: 136800, t:  141192.5 s, ωt:  14.12 (2.25 periods), wall: 1.146 hours, Δt:   0.70, CFL: 7.20e-01
i: 136900, t:  141264.2 s, ωt:  14.13 (2.25 periods), wall: 1.147 hours, Δt:   0.81, CFL: 7.20e-01
i: 137000, t:  141343.1 s, ωt:  14.13 (2.25 periods), wall: 1.148 hours, Δt:   0.72, CFL: 7.20e-01
i: 137100, t:  141421.2 s, ωt:  14.14 (2.25 periods), wall: 1.149 hours, Δt:   0.83, CFL: 7.20e-01
i: 137200, t:  141496.0 s, ωt:  14.15 (2.25 periods), wall: 1.150 hours, Δt:   0.82, CFL: 7.20e-01
i: 137300, t:  141567.2 s, ωt:  14.16 (2.25 periods), wall: 1.151 hours, Δt:   0.74, CFL: 7.20e-01
i: 137400, t:  141644.6 s, ωt:  14.16 (2.25 periods), wall: 1.151 hours, Δt:   0.70, CFL: 7.20e-01
i: 137500, t:  141720.0 s, ωt:  14.17 (2.26 periods), wall: 1.152 hours, Δt:   0.67, CFL: 7.20e-01
i: 137600, t:  141791.2 s, ωt:  14.18 (2.26 periods), wall: 1.153 hours, Δt:   0.68, CFL: 7.20e-01
i: 137700, t:  141864.8 s, ωt:  14.19 (2.26 periods), wall: 1.154 hours, Δt:   0.67, CFL: 7.20e-01
i: 137800, t:  141937.2 s, ωt:  14.19 (2.26 periods), wall: 1.155 hours, Δt:   0.70, CFL: 7.20e-01
i: 137900, t:  142004.4 s, ωt:  14.20 (2.26 periods), wall: 1.156 hours, Δt:   0.63, CFL: 7.20e-01
i: 138000, t:  142067.5 s, ωt:  14.21 (2.26 periods), wall: 1.156 hours, Δt:   0.65, CFL: 7.20e-01
i: 138100, t:  142138.9 s, ωt:  14.21 (2.26 periods), wall: 1.157 hours, Δt:   0.73, CFL: 7.20e-01
i: 138200, t:  142214.3 s, ωt:  14.22 (2.26 periods), wall: 1.158 hours, Δt:   0.75, CFL: 7.20e-01
i: 138300, t:  142289.7 s, ωt:  14.23 (2.26 periods), wall: 1.159 hours, Δt:   0.64, CFL: 7.20e-01
i: 138400, t:  142366.4 s, ωt:  14.24 (2.27 periods), wall: 1.160 hours, Δt:   0.78, CFL: 7.20e-01
i: 138500, t:  142442.5 s, ωt:  14.24 (2.27 periods), wall: 1.161 hours, Δt:   0.71, CFL: 7.20e-01
i: 138600, t:  142516.5 s, ωt:  14.25 (2.27 periods), wall: 1.161 hours, Δt:   0.64, CFL: 7.20e-01
i: 138700, t:  142582.8 s, ωt:  14.26 (2.27 periods), wall: 1.162 hours, Δt:   0.76, CFL: 7.20e-01
i: 138800, t:  142656.4 s, ωt:  14.27 (2.27 periods), wall: 1.163 hours, Δt:   0.83, CFL: 7.20e-01
i: 138900, t:  142732.3 s, ωt:  14.27 (2.27 periods), wall: 1.164 hours, Δt:   0.65, CFL: 7.20e-01
i: 139000, t:  142800.9 s, ωt:  14.28 (2.27 periods), wall: 1.165 hours, Δt:   0.72, CFL: 7.20e-01
i: 139100, t:  142870.7 s, ωt:  14.29 (2.27 periods), wall: 1.166 hours, Δt:   0.60, CFL: 7.20e-01
i: 139200, t:  142945.5 s, ωt:  14.29 (2.28 periods), wall: 1.166 hours, Δt:   0.74, CFL: 7.20e-01
i: 139300, t:  143012.5 s, ωt:  14.30 (2.28 periods), wall: 1.167 hours, Δt:   0.73, CFL: 7.20e-01
i: 139400, t:  143089.7 s, ωt:  14.31 (2.28 periods), wall: 1.168 hours, Δt:   0.73, CFL: 7.20e-01
i: 139500, t:  143162.3 s, ωt:  14.32 (2.28 periods), wall: 1.169 hours, Δt:   0.69, CFL: 7.20e-01
i: 139600, t:  143239.4 s, ωt:  14.32 (2.28 periods), wall: 1.170 hours, Δt:   0.73, CFL: 7.20e-01
i: 139700, t:  143316.4 s, ωt:  14.33 (2.28 periods), wall: 1.170 hours, Δt:   0.76, CFL: 7.20e-01
i: 139800, t:  143394.6 s, ωt:  14.34 (2.28 periods), wall: 1.171 hours, Δt:   0.66, CFL: 7.20e-01
i: 139900, t:  143469.8 s, ωt:  14.35 (2.28 periods), wall: 1.172 hours, Δt:   0.80, CFL: 7.20e-01
i: 140000, t:  143542.3 s, ωt:  14.35 (2.28 periods), wall: 1.173 hours, Δt:   0.76, CFL: 7.20e-01
i: 140100, t:  143620.7 s, ωt:  14.36 (2.29 periods), wall: 1.174 hours, Δt:   0.79, CFL: 7.20e-01
i: 140200, t:  143689.9 s, ωt:  14.37 (2.29 periods), wall: 1.175 hours, Δt:   0.61, CFL: 7.20e-01
i: 140300, t:  143766.9 s, ωt:  14.38 (2.29 periods), wall: 1.175 hours, Δt:   0.74, CFL: 7.20e-01
i: 140400, t:  143845.8 s, ωt:  14.38 (2.29 periods), wall: 1.176 hours, Δt:   0.80, CFL: 7.20e-01
i: 140500, t:  143923.4 s, ωt:  14.39 (2.29 periods), wall: 1.177 hours, Δt:   0.83, CFL: 7.20e-01
i: 140600, t:  143998.9 s, ωt:  14.40 (2.29 periods), wall: 1.178 hours, Δt:   0.78, CFL: 7.20e-01
i: 140700, t:  144080.9 s, ωt:  14.41 (2.29 periods), wall: 1.179 hours, Δt:   0.81, CFL: 7.20e-01
i: 140800, t:  144162.7 s, ωt:  14.42 (2.29 periods), wall: 1.180 hours, Δt:   0.76, CFL: 7.20e-01
i: 140900, t:  144239.3 s, ωt:  14.42 (2.30 periods), wall: 1.180 hours, Δt:   0.81, CFL: 7.20e-01
i: 141000, t:  144314.1 s, ωt:  14.43 (2.30 periods), wall: 1.181 hours, Δt:   0.76, CFL: 7.20e-01
i: 141100, t:  144394.4 s, ωt:  14.44 (2.30 periods), wall: 1.182 hours, Δt:   0.77, CFL: 7.20e-01
i: 141200, t:  144469.6 s, ωt:  14.45 (2.30 periods), wall: 1.183 hours, Δt:   0.68, CFL: 7.20e-01
i: 141300, t:  144544.4 s, ωt:  14.45 (2.30 periods), wall: 1.184 hours, Δt:   0.72, CFL: 7.20e-01
i: 141400, t:  144629.1 s, ωt:  14.46 (2.30 periods), wall: 1.185 hours, Δt:   0.89, CFL: 7.20e-01
i: 141500, t:  144708.1 s, ωt:  14.47 (2.30 periods), wall: 1.185 hours, Δt:   0.77, CFL: 7.20e-01
i: 141600, t:  144788.9 s, ωt:  14.48 (2.30 periods), wall: 1.186 hours, Δt:   0.83, CFL: 7.20e-01
i: 141700, t:  144861.6 s, ωt:  14.49 (2.31 periods), wall: 1.187 hours, Δt:   0.87, CFL: 7.20e-01
i: 141800, t:  144943.9 s, ωt:  14.49 (2.31 periods), wall: 1.188 hours, Δt:   0.78, CFL: 7.20e-01
i: 141900, t:  145023.7 s, ωt:  14.50 (2.31 periods), wall: 1.189 hours, Δt:   0.95, CFL: 7.20e-01
i: 142000, t:  145103.3 s, ωt:  14.51 (2.31 periods), wall: 1.190 hours, Δt:   0.76, CFL: 7.20e-01
i: 142100, t:  145174.8 s, ωt:  14.52 (2.31 periods), wall: 1.190 hours, Δt:   0.75, CFL: 7.20e-01
i: 142200, t:  145253.1 s, ωt:  14.53 (2.31 periods), wall: 1.191 hours, Δt:   0.83, CFL: 7.20e-01
i: 142300, t:  145341.4 s, ωt:  14.53 (2.31 periods), wall: 1.192 hours, Δt:   0.71, CFL: 7.20e-01
i: 142400, t:  145417.4 s, ωt:  14.54 (2.31 periods), wall: 1.193 hours, Δt:   0.80, CFL: 7.20e-01
i: 142500, t:  145496.8 s, ωt:  14.55 (2.32 periods), wall: 1.194 hours, Δt:   0.61, CFL: 7.20e-01
i: 142600, t:  145571.5 s, ωt:  14.56 (2.32 periods), wall: 1.195 hours, Δt:   0.77, CFL: 7.20e-01
i: 142700, t:  145645.7 s, ωt:  14.56 (2.32 periods), wall: 1.195 hours, Δt:   0.83, CFL: 7.20e-01
i: 142800, t:  145719.4 s, ωt:  14.57 (2.32 periods), wall: 1.196 hours, Δt:   0.76, CFL: 7.20e-01
i: 142900, t:  145803.4 s, ωt:  14.58 (2.32 periods), wall: 1.197 hours, Δt:   0.79, CFL: 7.20e-01
i: 143000, t:  145879.4 s, ωt:  14.59 (2.32 periods), wall: 1.198 hours, Δt:   0.75, CFL: 7.20e-01
i: 143100, t:  145962.6 s, ωt:  14.60 (2.32 periods), wall: 1.199 hours, Δt:   0.75, CFL: 7.20e-01
i: 143200, t:  146047.0 s, ωt:  14.60 (2.32 periods), wall: 1.200 hours, Δt:   0.89, CFL: 7.20e-01
i: 143300, t:  146139.2 s, ωt:  14.61 (2.33 periods), wall: 1.200 hours, Δt:   0.91, CFL: 7.20e-01
i: 143400, t:  146226.9 s, ωt:  14.62 (2.33 periods), wall: 1.201 hours, Δt:   0.78, CFL: 7.20e-01
i: 143500, t:  146306.5 s, ωt:  14.63 (2.33 periods), wall: 1.202 hours, Δt:   0.95, CFL: 7.20e-01
i: 143600, t:  146391.9 s, ωt:  14.64 (2.33 periods), wall: 1.203 hours, Δt:   0.91, CFL: 7.20e-01
i: 143700, t:  146487.9 s, ωt:  14.65 (2.33 periods), wall: 1.204 hours, Δt:   0.90, CFL: 7.20e-01
i: 143800, t:  146572.5 s, ωt:  14.66 (2.33 periods), wall: 1.205 hours, Δt:   0.86, CFL: 7.20e-01
i: 143900, t:  146662.4 s, ωt:  14.67 (2.33 periods), wall: 1.205 hours, Δt:   1.00, CFL: 7.20e-01
i: 144000, t:  146754.7 s, ωt:  14.68 (2.34 periods), wall: 1.206 hours, Δt:   0.76, CFL: 7.20e-01
i: 144100, t:  146834.3 s, ωt:  14.68 (2.34 periods), wall: 1.207 hours, Δt:   0.98, CFL: 7.20e-01
i: 144200, t:  146933.6 s, ωt:  14.69 (2.34 periods), wall: 1.208 hours, Δt:   1.01, CFL: 7.20e-01
i: 144300, t:  147028.4 s, ωt:  14.70 (2.34 periods), wall: 1.209 hours, Δt:   0.97, CFL: 7.20e-01
i: 144400, t:  147117.5 s, ωt:  14.71 (2.34 periods), wall: 1.209 hours, Δt:   0.86, CFL: 7.20e-01
i: 144500, t:  147211.7 s, ωt:  14.72 (2.34 periods), wall: 1.210 hours, Δt:   0.96, CFL: 7.20e-01
i: 144600, t:  147302.0 s, ωt:  14.73 (2.34 periods), wall: 1.211 hours, Δt:   1.01, CFL: 7.20e-01
i: 144700, t:  147392.2 s, ωt:  14.74 (2.35 periods), wall: 1.212 hours, Δt:   0.87, CFL: 7.20e-01
i: 144800, t:  147491.3 s, ωt:  14.75 (2.35 periods), wall: 1.213 hours, Δt:   1.13, CFL: 7.20e-01
i: 144900, t:  147595.9 s, ωt:  14.76 (2.35 periods), wall: 1.214 hours, Δt:   1.14, CFL: 7.20e-01
i: 145000, t:  147697.9 s, ωt:  14.77 (2.35 periods), wall: 1.214 hours, Δt:   0.90, CFL: 7.20e-01
i: 145100, t:  147794.3 s, ωt:  14.78 (2.35 periods), wall: 1.215 hours, Δt:   1.01, CFL: 7.20e-01
i: 145200, t:  147893.6 s, ωt:  14.79 (2.35 periods), wall: 1.216 hours, Δt:   0.89, CFL: 7.20e-01
i: 145300, t:  147988.5 s, ωt:  14.80 (2.36 periods), wall: 1.217 hours, Δt:   0.95, CFL: 7.20e-01
i: 145400, t:  148077.5 s, ωt:  14.81 (2.36 periods), wall: 1.218 hours, Δt:   1.06, CFL: 7.20e-01
i: 145500, t:  148179.1 s, ωt:  14.82 (2.36 periods), wall: 1.219 hours, Δt:   0.99, CFL: 7.20e-01
i: 145600, t:  148275.9 s, ωt:  14.83 (2.36 periods), wall: 1.219 hours, Δt:   0.91, CFL: 7.20e-01
i: 145700, t:  148368.1 s, ωt:  14.84 (2.36 periods), wall: 1.220 hours, Δt:   0.83, CFL: 7.20e-01
i: 145800, t:  148459.6 s, ωt:  14.85 (2.36 periods), wall: 1.221 hours, Δt:   0.91, CFL: 7.20e-01
i: 145900, t:  148551.8 s, ωt:  14.86 (2.36 periods), wall: 1.222 hours, Δt:   1.02, CFL: 7.20e-01
i: 146000, t:  148646.0 s, ωt:  14.86 (2.37 periods), wall: 1.223 hours, Δt:   1.07, CFL: 7.20e-01
i: 146100, t:  148748.2 s, ωt:  14.87 (2.37 periods), wall: 1.224 hours, Δt:   1.08, CFL: 7.20e-01
i: 146200, t:  148868.3 s, ωt:  14.89 (2.37 periods), wall: 1.224 hours, Δt:   1.10, CFL: 7.20e-01
i: 146300, t:  148980.0 s, ωt:  14.90 (2.37 periods), wall: 1.225 hours, Δt:   1.09, CFL: 7.20e-01
i: 146400, t:  149086.4 s, ωt:  14.91 (2.37 periods), wall: 1.226 hours, Δt:   0.96, CFL: 7.20e-01
i: 146500, t:  149196.4 s, ωt:  14.92 (2.37 periods), wall: 1.227 hours, Δt:   1.34, CFL: 7.20e-01
i: 146600, t:  149304.3 s, ωt:  14.93 (2.38 periods), wall: 1.228 hours, Δt:   1.08, CFL: 7.20e-01
i: 146700, t:  149417.8 s, ωt:  14.94 (2.38 periods), wall: 1.229 hours, Δt:   1.27, CFL: 7.20e-01
i: 146800, t:  149535.2 s, ωt:  14.95 (2.38 periods), wall: 1.229 hours, Δt:   0.97, CFL: 7.20e-01
i: 146900, t:  149631.8 s, ωt:  14.96 (2.38 periods), wall: 1.230 hours, Δt:   1.05, CFL: 7.20e-01
i: 147000, t:  149733.1 s, ωt:  14.97 (2.38 periods), wall: 1.231 hours, Δt:   1.09, CFL: 7.20e-01
i: 147100, t:  149842.0 s, ωt:  14.98 (2.38 periods), wall: 1.232 hours, Δt:   1.04, CFL: 7.20e-01
i: 147200, t:  149957.2 s, ωt:  15.00 (2.39 periods), wall: 1.233 hours, Δt:   1.16, CFL: 7.20e-01
i: 147300, t:  150068.4 s, ωt:  15.01 (2.39 periods), wall: 1.234 hours, Δt:   1.15, CFL: 7.20e-01
i: 147400, t:  150188.5 s, ωt:  15.02 (2.39 periods), wall: 1.234 hours, Δt:   1.18, CFL: 7.20e-01
i: 147500, t:  150312.0 s, ωt:  15.03 (2.39 periods), wall: 1.235 hours, Δt:   1.24, CFL: 7.20e-01
i: 147600, t:  150448.5 s, ωt:  15.04 (2.39 periods), wall: 1.236 hours, Δt:   1.35, CFL: 7.20e-01
i: 147700, t:  150581.5 s, ωt:  15.06 (2.40 periods), wall: 1.237 hours, Δt:   1.42, CFL: 7.20e-01
i: 147800, t:  150726.5 s, ωt:  15.07 (2.40 periods), wall: 1.238 hours, Δt:   1.42, CFL: 7.20e-01
i: 147900, t:  150863.0 s, ωt:  15.09 (2.40 periods), wall: 1.239 hours, Δt:   1.41, CFL: 7.20e-01
i: 148000, t:  150995.9 s, ωt:  15.10 (2.40 periods), wall: 1.239 hours, Δt:   1.40, CFL: 7.20e-01
i: 148100, t:  151124.2 s, ωt:  15.11 (2.41 periods), wall: 1.240 hours, Δt:   1.32, CFL: 7.20e-01
i: 148200, t:  151249.4 s, ωt:  15.12 (2.41 periods), wall: 1.241 hours, Δt:   1.44, CFL: 7.20e-01
i: 148300, t:  151396.8 s, ωt:  15.14 (2.41 periods), wall: 1.242 hours, Δt:   1.57, CFL: 7.20e-01
i: 148400, t:  151545.6 s, ωt:  15.15 (2.41 periods), wall: 1.243 hours, Δt:   1.29, CFL: 7.20e-01
i: 148500, t:  151672.1 s, ωt:  15.17 (2.41 periods), wall: 1.244 hours, Δt:   1.46, CFL: 7.20e-01
i: 148600, t:  151812.1 s, ωt:  15.18 (2.42 periods), wall: 1.244 hours, Δt:   1.37, CFL: 7.20e-01
i: 148700, t:  151937.9 s, ωt:  15.19 (2.42 periods), wall: 1.245 hours, Δt:   1.47, CFL: 7.20e-01
i: 148800, t:  152102.9 s, ωt:  15.21 (2.42 periods), wall: 1.246 hours, Δt:   1.48, CFL: 7.20e-01
i: 148900, t:  152278.0 s, ωt:  15.23 (2.42 periods), wall: 1.247 hours, Δt:   1.94, CFL: 7.20e-01
i: 149000, t:  152462.7 s, ωt:  15.25 (2.43 periods), wall: 1.248 hours, Δt:   1.93, CFL: 7.20e-01
i: 149100, t:  152609.0 s, ωt:  15.26 (2.43 periods), wall: 1.249 hours, Δt:   1.65, CFL: 7.16e-01
i: 149200, t:  152781.3 s, ωt:  15.28 (2.43 periods), wall: 1.249 hours, Δt:   1.51, CFL: 7.20e-01
i: 149300, t:  152939.2 s, ωt:  15.29 (2.43 periods), wall: 1.250 hours, Δt:   1.88, CFL: 7.20e-01
i: 149400, t:  153130.3 s, ωt:  15.31 (2.44 periods), wall: 1.251 hours, Δt:   2.06, CFL: 7.20e-01
i: 149500, t:  153307.2 s, ωt:  15.33 (2.44 periods), wall: 1.252 hours, Δt:   1.75, CFL: 7.20e-01
i: 149600, t:  153501.0 s, ωt:  15.35 (2.44 periods), wall: 1.253 hours, Δt:   2.03, CFL: 7.20e-01
i: 149700, t:  153703.4 s, ωt:  15.37 (2.45 periods), wall: 1.254 hours, Δt:   1.89, CFL: 7.20e-01
i: 149800, t:  153921.3 s, ωt:  15.39 (2.45 periods), wall: 1.254 hours, Δt:   2.05, CFL: 7.20e-01
i: 149900, t:  154132.6 s, ωt:  15.41 (2.45 periods), wall: 1.255 hours, Δt:   2.28, CFL: 7.20e-01
i: 150000, t:  154378.2 s, ωt:  15.44 (2.46 periods), wall: 1.256 hours, Δt:   2.47, CFL: 7.20e-01
i: 150100, t:  154608.9 s, ωt:  15.46 (2.46 periods), wall: 1.257 hours, Δt:   2.47, CFL: 7.20e-01
i: 150200, t:  154864.9 s, ωt:  15.49 (2.46 periods), wall: 1.258 hours, Δt:   3.15, CFL: 7.20e-01
i: 150300, t:  155151.1 s, ωt:  15.52 (2.47 periods), wall: 1.258 hours, Δt:   2.44, CFL: 7.20e-01
i: 150400, t:  155446.1 s, ωt:  15.54 (2.47 periods), wall: 1.259 hours, Δt:   3.16, CFL: 7.20e-01
i: 150500, t:  155807.9 s, ωt:  15.58 (2.48 periods), wall: 1.260 hours, Δt:   3.45, CFL: 7.20e-01
i: 150600, t:  156176.3 s, ωt:  15.62 (2.49 periods), wall: 1.261 hours, Δt:   3.37, CFL: 7.20e-01
i: 150700, t:  156473.5 s, ωt:  15.65 (2.49 periods), wall: 1.262 hours, Δt:   3.56, CFL: 7.20e-01
i: 150800, t:  156827.7 s, ωt:  15.68 (2.50 periods), wall: 1.263 hours, Δt:   3.80, CFL: 7.20e-01
i: 150900, t:  157176.1 s, ωt:  15.72 (2.50 periods), wall: 1.264 hours, Δt:   3.31, CFL: 7.20e-01
i: 151000, t:  157521.2 s, ωt:  15.75 (2.51 periods), wall: 1.264 hours, Δt:   3.21, CFL: 7.20e-01
i: 151100, t:  157843.5 s, ωt:  15.78 (2.51 periods), wall: 1.265 hours, Δt:   2.67, CFL: 7.20e-01
i: 151200, t:  158113.2 s, ωt:  15.81 (2.52 periods), wall: 1.266 hours, Δt:   2.89, CFL: 7.20e-01
i: 151300, t:  158363.5 s, ωt:  15.84 (2.52 periods), wall: 1.267 hours, Δt:   2.08, CFL: 7.20e-01
i: 151400, t:  158577.0 s, ωt:  15.86 (2.52 periods), wall: 1.268 hours, Δt:   2.47, CFL: 7.20e-01
i: 151500, t:  158801.3 s, ωt:  15.88 (2.53 periods), wall: 1.269 hours, Δt:   2.16, CFL: 7.20e-01
i: 151600, t:  159016.2 s, ωt:  15.90 (2.53 periods), wall: 1.269 hours, Δt:   1.80, CFL: 7.20e-01
i: 151700, t:  159203.8 s, ωt:  15.92 (2.53 periods), wall: 1.270 hours, Δt:   1.60, CFL: 7.20e-01
i: 151800, t:  159364.1 s, ωt:  15.94 (2.54 periods), wall: 1.271 hours, Δt:   1.70, CFL: 7.20e-01
i: 151900, t:  159538.3 s, ωt:  15.95 (2.54 periods), wall: 1.272 hours, Δt:   1.81, CFL: 7.20e-01
i: 152000, t:  159706.3 s, ωt:  15.97 (2.54 periods), wall: 1.273 hours, Δt:   1.71, CFL: 7.20e-01
i: 152100, t:  159854.7 s, ωt:  15.99 (2.54 periods), wall: 1.274 hours, Δt:   1.59, CFL: 7.20e-01
i: 152200, t:  160017.8 s, ωt:  16.00 (2.55 periods), wall: 1.274 hours, Δt:   1.63, CFL: 7.20e-01
i: 152300, t:  160178.7 s, ωt:  16.02 (2.55 periods), wall: 1.275 hours, Δt:   1.61, CFL: 7.20e-01
i: 152400, t:  160322.3 s, ωt:  16.03 (2.55 periods), wall: 1.276 hours, Δt:   1.31, CFL: 7.20e-01
i: 152500, t:  160461.7 s, ωt:  16.05 (2.55 periods), wall: 1.277 hours, Δt:   1.38, CFL: 7.20e-01
i: 152600, t:  160594.4 s, ωt:  16.06 (2.56 periods), wall: 1.278 hours, Δt:   1.41, CFL: 7.20e-01
i: 152700, t:  160727.6 s, ωt:  16.07 (2.56 periods), wall: 1.279 hours, Δt:   1.46, CFL: 7.20e-01
i: 152800, t:  160873.0 s, ωt:  16.09 (2.56 periods), wall: 1.279 hours, Δt:   1.29, CFL: 7.20e-01
i: 152900, t:  161003.9 s, ωt:  16.10 (2.56 periods), wall: 1.280 hours, Δt:   1.28, CFL: 7.20e-01
i: 153000, t:  161133.7 s, ωt:  16.11 (2.56 periods), wall: 1.281 hours, Δt:   1.24, CFL: 7.20e-01
i: 153100, t:  161266.9 s, ωt:  16.13 (2.57 periods), wall: 1.282 hours, Δt:   1.18, CFL: 7.20e-01
i: 153200, t:  161374.2 s, ωt:  16.14 (2.57 periods), wall: 1.283 hours, Δt:   1.03, CFL: 7.20e-01
i: 153300, t:  161495.0 s, ωt:  16.15 (2.57 periods), wall: 1.283 hours, Δt:   1.03, CFL: 7.20e-01
i: 153400, t:  161610.0 s, ωt:  16.16 (2.57 periods), wall: 1.284 hours, Δt:   1.04, CFL: 7.20e-01
i: 153500, t:  161719.6 s, ωt:  16.17 (2.57 periods), wall: 1.285 hours, Δt:   0.94, CFL: 7.20e-01
i: 153600, t:  161817.6 s, ωt:  16.18 (2.58 periods), wall: 1.286 hours, Δt:   1.06, CFL: 7.20e-01
i: 153700, t:  161931.9 s, ωt:  16.19 (2.58 periods), wall: 1.287 hours, Δt:   1.13, CFL: 7.20e-01
i: 153800, t:  162049.7 s, ωt:  16.20 (2.58 periods), wall: 1.288 hours, Δt:   1.15, CFL: 7.20e-01
i: 153900, t:  162154.6 s, ωt:  16.22 (2.58 periods), wall: 1.288 hours, Δt:   0.97, CFL: 7.20e-01
i: 154000, t:  162259.8 s, ωt:  16.23 (2.58 periods), wall: 1.289 hours, Δt:   1.07, CFL: 7.20e-01
i: 154100, t:  162365.6 s, ωt:  16.24 (2.58 periods), wall: 1.290 hours, Δt:   0.92, CFL: 7.20e-01
i: 154200, t:  162463.6 s, ωt:  16.25 (2.59 periods), wall: 1.291 hours, Δt:   1.24, CFL: 7.20e-01
i: 154300, t:  162566.1 s, ωt:  16.26 (2.59 periods), wall: 1.292 hours, Δt:   0.94, CFL: 7.20e-01
i: 154400, t:  162673.7 s, ωt:  16.27 (2.59 periods), wall: 1.293 hours, Δt:   0.89, CFL: 7.20e-01
i: 154500, t:  162777.4 s, ωt:  16.28 (2.59 periods), wall: 1.293 hours, Δt:   1.03, CFL: 7.20e-01
i: 154600, t:  162884.1 s, ωt:  16.29 (2.59 periods), wall: 1.294 hours, Δt:   0.99, CFL: 7.20e-01
i: 154700, t:  162984.0 s, ωt:  16.30 (2.59 periods), wall: 1.295 hours, Δt:   1.13, CFL: 7.20e-01
i: 154800, t:  163091.3 s, ωt:  16.31 (2.60 periods), wall: 1.296 hours, Δt:   1.02, CFL: 7.20e-01
i: 154900, t:  163192.8 s, ωt:  16.32 (2.60 periods), wall: 1.297 hours, Δt:   0.87, CFL: 7.20e-01
i: 155000, t:  163287.9 s, ωt:  16.33 (2.60 periods), wall: 1.298 hours, Δt:   1.03, CFL: 7.20e-01
i: 155100, t:  163382.2 s, ωt:  16.34 (2.60 periods), wall: 1.298 hours, Δt:   1.03, CFL: 7.20e-01
i: 155200, t:  163471.4 s, ωt:  16.35 (2.60 periods), wall: 1.299 hours, Δt:   1.00, CFL: 7.20e-01
i: 155300, t:  163568.0 s, ωt:  16.36 (2.60 periods), wall: 1.300 hours, Δt:   0.89, CFL: 7.20e-01
i: 155400, t:  163660.2 s, ωt:  16.37 (2.60 periods), wall: 1.301 hours, Δt:   1.00, CFL: 7.20e-01
i: 155500, t:  163754.4 s, ωt:  16.38 (2.61 periods), wall: 1.302 hours, Δt:   0.95, CFL: 7.20e-01
i: 155600, t:  163836.7 s, ωt:  16.38 (2.61 periods), wall: 1.303 hours, Δt:   0.86, CFL: 7.20e-01
i: 155700, t:  163921.5 s, ωt:  16.39 (2.61 periods), wall: 1.303 hours, Δt:   0.97, CFL: 7.20e-01
i: 155800, t:  164013.6 s, ωt:  16.40 (2.61 periods), wall: 1.304 hours, Δt:   0.90, CFL: 7.20e-01
i: 155900, t:  164099.5 s, ωt:  16.41 (2.61 periods), wall: 1.305 hours, Δt:   0.87, CFL: 7.20e-01
i: 156000, t:  164188.4 s, ωt:  16.42 (2.61 periods), wall: 1.306 hours, Δt:   0.81, CFL: 7.20e-01
i: 156100, t:  164272.8 s, ωt:  16.43 (2.61 periods), wall: 1.307 hours, Δt:   0.84, CFL: 7.20e-01
i: 156200, t:  164356.4 s, ωt:  16.44 (2.62 periods), wall: 1.308 hours, Δt:   0.74, CFL: 7.20e-01
i: 156300, t:  164444.6 s, ωt:  16.44 (2.62 periods), wall: 1.308 hours, Δt:   0.89, CFL: 7.20e-01
i: 156400, t:  164533.4 s, ωt:  16.45 (2.62 periods), wall: 1.309 hours, Δt:   0.87, CFL: 7.20e-01
i: 156500, t:  164619.5 s, ωt:  16.46 (2.62 periods), wall: 1.310 hours, Δt:   0.94, CFL: 7.20e-01
i: 156600, t:  164705.9 s, ωt:  16.47 (2.62 periods), wall: 1.311 hours, Δt:   0.89, CFL: 7.20e-01
i: 156700, t:  164790.6 s, ωt:  16.48 (2.62 periods), wall: 1.312 hours, Δt:   0.94, CFL: 7.20e-01
i: 156800, t:  164878.7 s, ωt:  16.49 (2.62 periods), wall: 1.313 hours, Δt:   0.79, CFL: 7.20e-01
i: 156900, t:  164961.0 s, ωt:  16.50 (2.63 periods), wall: 1.313 hours, Δt:   0.87, CFL: 7.20e-01
i: 157000, t:  165048.6 s, ωt:  16.50 (2.63 periods), wall: 1.314 hours, Δt:   0.86, CFL: 7.20e-01
i: 157100, t:  165136.8 s, ωt:  16.51 (2.63 periods), wall: 1.315 hours, Δt:   0.92, CFL: 7.20e-01
i: 157200, t:  165216.6 s, ωt:  16.52 (2.63 periods), wall: 1.316 hours, Δt:   0.86, CFL: 7.20e-01
i: 157300, t:  165302.4 s, ωt:  16.53 (2.63 periods), wall: 1.317 hours, Δt:   0.81, CFL: 7.20e-01
i: 157400, t:  165389.6 s, ωt:  16.54 (2.63 periods), wall: 1.318 hours, Δt:   0.86, CFL: 7.20e-01
i: 157500, t:  165470.2 s, ωt:  16.55 (2.63 periods), wall: 1.318 hours, Δt:   0.75, CFL: 7.20e-01
i: 157600, t:  165553.3 s, ωt:  16.56 (2.63 periods), wall: 1.319 hours, Δt:   0.84, CFL: 7.20e-01
i: 157700, t:  165636.0 s, ωt:  16.56 (2.64 periods), wall: 1.320 hours, Δt:   0.97, CFL: 7.20e-01
i: 157800, t:  165720.3 s, ωt:  16.57 (2.64 periods), wall: 1.321 hours, Δt:   0.77, CFL: 7.20e-01
i: 157900, t:  165796.7 s, ωt:  16.58 (2.64 periods), wall: 1.322 hours, Δt:   0.73, CFL: 7.20e-01
i: 158000, t:  165874.8 s, ωt:  16.59 (2.64 periods), wall: 1.322 hours, Δt:   0.71, CFL: 7.20e-01
i: 158100, t:  165952.4 s, ωt:  16.60 (2.64 periods), wall: 1.323 hours, Δt:   0.79, CFL: 7.20e-01
i: 158200, t:  166039.8 s, ωt:  16.60 (2.64 periods), wall: 1.324 hours, Δt:   0.86, CFL: 7.20e-01
i: 158300, t:  166124.6 s, ωt:  16.61 (2.64 periods), wall: 1.325 hours, Δt:   0.80, CFL: 7.20e-01
i: 158400, t:  166202.2 s, ωt:  16.62 (2.65 periods), wall: 1.326 hours, Δt:   0.77, CFL: 7.20e-01
i: 158500, t:  166282.0 s, ωt:  16.63 (2.65 periods), wall: 1.327 hours, Δt:   0.72, CFL: 7.20e-01
i: 158600, t:  166358.5 s, ωt:  16.64 (2.65 periods), wall: 1.327 hours, Δt:   0.94, CFL: 7.20e-01
i: 158700, t:  166443.0 s, ωt:  16.64 (2.65 periods), wall: 1.328 hours, Δt:   0.82, CFL: 7.20e-01
i: 158800, t:  166521.6 s, ωt:  16.65 (2.65 periods), wall: 1.329 hours, Δt:   0.79, CFL: 7.20e-01
i: 158900, t:  166593.8 s, ωt:  16.66 (2.65 periods), wall: 1.330 hours, Δt:   0.89, CFL: 7.20e-01
i: 159000, t:  166676.9 s, ωt:  16.67 (2.65 periods), wall: 1.331 hours, Δt:   0.85, CFL: 7.20e-01
i: 159100, t:  166753.1 s, ωt:  16.68 (2.65 periods), wall: 1.332 hours, Δt:   0.72, CFL: 7.20e-01
i: 159200, t:  166819.2 s, ωt:  16.68 (2.66 periods), wall: 1.332 hours, Δt:   0.64, CFL: 7.20e-01
i: 159300, t:  166889.5 s, ωt:  16.69 (2.66 periods), wall: 1.333 hours, Δt:   0.69, CFL: 7.20e-01
i: 159400, t:  166960.8 s, ωt:  16.70 (2.66 periods), wall: 1.334 hours, Δt:   0.71, CFL: 7.20e-01
i: 159500, t:  167035.7 s, ωt:  16.70 (2.66 periods), wall: 1.335 hours, Δt:   0.77, CFL: 7.20e-01
i: 159600, t:  167108.0 s, ωt:  16.71 (2.66 periods), wall: 1.336 hours, Δt:   0.71, CFL: 7.20e-01
i: 159700, t:  167172.3 s, ωt:  16.72 (2.66 periods), wall: 1.337 hours, Δt:   0.72, CFL: 7.20e-01
i: 159800, t:  167241.4 s, ωt:  16.72 (2.66 periods), wall: 1.337 hours, Δt:   0.72, CFL: 7.20e-01
i: 159900, t:  167316.9 s, ωt:  16.73 (2.66 periods), wall: 1.338 hours, Δt:   0.75, CFL: 7.20e-01
i: 160000, t:  167390.0 s, ωt:  16.74 (2.66 periods), wall: 1.339 hours, Δt:   0.68, CFL: 7.20e-01
i: 160100, t:  167450.5 s, ωt:  16.75 (2.67 periods), wall: 1.340 hours, Δt:   0.70, CFL: 7.20e-01
i: 160200, t:  167525.5 s, ωt:  16.75 (2.67 periods), wall: 1.341 hours, Δt:   0.74, CFL: 7.20e-01
i: 160300, t:  167602.8 s, ωt:  16.76 (2.67 periods), wall: 1.342 hours, Δt:   0.58, CFL: 7.20e-01
i: 160400, t:  167678.4 s, ωt:  16.77 (2.67 periods), wall: 1.342 hours, Δt:   0.72, CFL: 7.20e-01
i: 160500, t:  167756.4 s, ωt:  16.78 (2.67 periods), wall: 1.343 hours, Δt:   0.78, CFL: 7.20e-01
i: 160600, t:  167838.6 s, ωt:  16.78 (2.67 periods), wall: 1.344 hours, Δt:   0.80, CFL: 7.20e-01
i: 160700, t:  167917.3 s, ωt:  16.79 (2.67 periods), wall: 1.345 hours, Δt:   0.70, CFL: 7.20e-01
i: 160800, t:  167989.9 s, ωt:  16.80 (2.67 periods), wall: 1.346 hours, Δt:   0.77, CFL: 7.20e-01
i: 160900, t:  168063.6 s, ωt:  16.81 (2.67 periods), wall: 1.347 hours, Δt:   0.67, CFL: 7.20e-01
i: 161000, t:  168136.0 s, ωt:  16.81 (2.68 periods), wall: 1.347 hours, Δt:   0.74, CFL: 7.20e-01
i: 161100, t:  168212.0 s, ωt:  16.82 (2.68 periods), wall: 1.348 hours, Δt:   0.65, CFL: 7.20e-01
i: 161200, t:  168283.1 s, ωt:  16.83 (2.68 periods), wall: 1.349 hours, Δt:   0.71, CFL: 7.20e-01
i: 161300, t:  168358.3 s, ωt:  16.84 (2.68 periods), wall: 1.350 hours, Δt:   0.75, CFL: 7.20e-01
i: 161400, t:  168437.6 s, ωt:  16.84 (2.68 periods), wall: 1.351 hours, Δt:   0.77, CFL: 7.20e-01
i: 161500, t:  168514.5 s, ωt:  16.85 (2.68 periods), wall: 1.352 hours, Δt:   0.78, CFL: 7.20e-01
i: 161600, t:  168586.7 s, ωt:  16.86 (2.68 periods), wall: 1.352 hours, Δt:   0.77, CFL: 7.20e-01
i: 161700, t:  168662.2 s, ωt:  16.87 (2.68 periods), wall: 1.353 hours, Δt:   0.68, CFL: 7.20e-01
i: 161800, t:  168733.1 s, ωt:  16.87 (2.69 periods), wall: 1.354 hours, Δt:   0.64, CFL: 7.20e-01
i: 161900, t:  168805.5 s, ωt:  16.88 (2.69 periods), wall: 1.355 hours, Δt:   0.76, CFL: 7.20e-01
i: 162000, t:  168873.5 s, ωt:  16.89 (2.69 periods), wall: 1.356 hours, Δt:   0.74, CFL: 7.20e-01
i: 162100, t:  168934.5 s, ωt:  16.89 (2.69 periods), wall: 1.356 hours, Δt:   0.72, CFL: 7.20e-01
i: 162200, t:  169010.1 s, ωt:  16.90 (2.69 periods), wall: 1.357 hours, Δt:   0.77, CFL: 7.20e-01
i: 162300, t:  169078.2 s, ωt:  16.91 (2.69 periods), wall: 1.358 hours, Δt:   0.73, CFL: 7.20e-01
i: 162400, t:  169150.3 s, ωt:  16.92 (2.69 periods), wall: 1.359 hours, Δt:   0.71, CFL: 7.20e-01
i: 162500, t:  169221.5 s, ωt:  16.92 (2.69 periods), wall: 1.360 hours, Δt:   0.75, CFL: 7.20e-01
i: 162600, t:  169284.7 s, ωt:  16.93 (2.69 periods), wall: 1.361 hours, Δt:   0.58, CFL: 7.20e-01
i: 162700, t:  169349.3 s, ωt:  16.93 (2.70 periods), wall: 1.361 hours, Δt:   0.73, CFL: 7.20e-01
i: 162800, t:  169414.9 s, ωt:  16.94 (2.70 periods), wall: 1.362 hours, Δt:   0.64, CFL: 7.20e-01
i: 162900, t:  169480.6 s, ωt:  16.95 (2.70 periods), wall: 1.363 hours, Δt:   0.61, CFL: 7.20e-01
i: 163000, t:  169546.7 s, ωt:  16.95 (2.70 periods), wall: 1.364 hours, Δt:   0.70, CFL: 7.20e-01
i: 163100, t:  169615.9 s, ωt:  16.96 (2.70 periods), wall: 1.365 hours, Δt:   0.75, CFL: 7.20e-01
i: 163200, t:  169686.4 s, ωt:  16.97 (2.70 periods), wall: 1.366 hours, Δt:   0.69, CFL: 7.20e-01
i: 163300, t:  169753.4 s, ωt:  16.98 (2.70 periods), wall: 1.366 hours, Δt:   0.54, CFL: 7.20e-01
i: 163400, t:  169817.0 s, ωt:  16.98 (2.70 periods), wall: 1.367 hours, Δt:   0.66, CFL: 7.20e-01
i: 163500, t:  169884.0 s, ωt:  16.99 (2.70 periods), wall: 1.368 hours, Δt:   0.69, CFL: 7.20e-01
i: 163600, t:  169955.8 s, ωt:  17.00 (2.70 periods), wall: 1.369 hours, Δt:   0.62, CFL: 7.20e-01
i: 163700, t:  170021.5 s, ωt:  17.00 (2.71 periods), wall: 1.370 hours, Δt:   0.83, CFL: 7.20e-01
i: 163800, t:  170094.8 s, ωt:  17.01 (2.71 periods), wall: 1.371 hours, Δt:   0.64, CFL: 7.20e-01
i: 163900, t:  170162.4 s, ωt:  17.02 (2.71 periods), wall: 1.371 hours, Δt:   0.80, CFL: 7.20e-01
i: 164000, t:  170235.7 s, ωt:  17.02 (2.71 periods), wall: 1.372 hours, Δt:   0.75, CFL: 7.20e-01
i: 164100, t:  170307.1 s, ωt:  17.03 (2.71 periods), wall: 1.373 hours, Δt:   0.72, CFL: 7.20e-01
i: 164200, t:  170373.9 s, ωt:  17.04 (2.71 periods), wall: 1.374 hours, Δt:   0.67, CFL: 7.20e-01
i: 164300, t:  170440.9 s, ωt:  17.04 (2.71 periods), wall: 1.375 hours, Δt:   0.71, CFL: 7.20e-01
i: 164400, t:  170510.0 s, ωt:  17.05 (2.71 periods), wall: 1.376 hours, Δt:   0.69, CFL: 7.20e-01
i: 164500, t:  170580.1 s, ωt:  17.06 (2.71 periods), wall: 1.376 hours, Δt:   0.70, CFL: 7.20e-01
i: 164600, t:  170649.6 s, ωt:  17.06 (2.72 periods), wall: 1.377 hours, Δt:   0.78, CFL: 7.20e-01
i: 164700, t:  170723.2 s, ωt:  17.07 (2.72 periods), wall: 1.378 hours, Δt:   0.66, CFL: 7.20e-01
i: 164800, t:  170788.8 s, ωt:  17.08 (2.72 periods), wall: 1.379 hours, Δt:   0.68, CFL: 7.20e-01
i: 164900, t:  170849.4 s, ωt:  17.08 (2.72 periods), wall: 1.380 hours, Δt:   0.62, CFL: 7.20e-01
i: 165000, t:  170908.1 s, ωt:  17.09 (2.72 periods), wall: 1.381 hours, Δt:   0.68, CFL: 7.20e-01
i: 165100, t:  170978.7 s, ωt:  17.10 (2.72 periods), wall: 1.381 hours, Δt:   0.68, CFL: 7.20e-01
i: 165200, t:  171042.8 s, ωt:  17.10 (2.72 periods), wall: 1.382 hours, Δt:   0.67, CFL: 7.20e-01
i: 165300, t:  171113.3 s, ωt:  17.11 (2.72 periods), wall: 1.383 hours, Δt:   0.70, CFL: 7.20e-01
i: 165400, t:  171180.5 s, ωt:  17.12 (2.72 periods), wall: 1.384 hours, Δt:   0.74, CFL: 7.20e-01
i: 165500, t:  171247.8 s, ωt:  17.12 (2.73 periods), wall: 1.385 hours, Δt:   0.75, CFL: 7.20e-01
i: 165600, t:  171318.5 s, ωt:  17.13 (2.73 periods), wall: 1.386 hours, Δt:   0.70, CFL: 7.20e-01
i: 165700, t:  171386.7 s, ωt:  17.14 (2.73 periods), wall: 1.386 hours, Δt:   0.72, CFL: 7.20e-01
i: 165800, t:  171459.1 s, ωt:  17.15 (2.73 periods), wall: 1.387 hours, Δt:   0.70, CFL: 7.20e-01
i: 165900, t:  171523.2 s, ωt:  17.15 (2.73 periods), wall: 1.388 hours, Δt:   0.70, CFL: 7.20e-01
i: 166000, t:  171586.0 s, ωt:  17.16 (2.73 periods), wall: 1.389 hours, Δt:   0.63, CFL: 7.20e-01
i: 166100, t:  171644.2 s, ωt:  17.16 (2.73 periods), wall: 1.390 hours, Δt:   0.57, CFL: 7.20e-01
i: 166200, t:  171708.5 s, ωt:  17.17 (2.73 periods), wall: 1.391 hours, Δt:   0.66, CFL: 7.20e-01
i: 166300, t:  171772.2 s, ωt:  17.18 (2.73 periods), wall: 1.391 hours, Δt:   0.66, CFL: 7.20e-01
i: 166400, t:  171838.1 s, ωt:  17.18 (2.73 periods), wall: 1.392 hours, Δt:   0.69, CFL: 7.20e-01
i: 166500, t:  171910.0 s, ωt:  17.19 (2.74 periods), wall: 1.393 hours, Δt:   0.75, CFL: 7.20e-01
i: 166600, t:  171983.3 s, ωt:  17.20 (2.74 periods), wall: 1.394 hours, Δt:   0.64, CFL: 7.20e-01
i: 166700, t:  172054.6 s, ωt:  17.21 (2.74 periods), wall: 1.395 hours, Δt:   0.56, CFL: 7.20e-01
i: 166800, t:  172118.7 s, ωt:  17.21 (2.74 periods), wall: 1.395 hours, Δt:   0.72, CFL: 7.20e-01
i: 166900, t:  172196.6 s, ωt:  17.22 (2.74 periods), wall: 1.396 hours, Δt:   0.78, CFL: 7.20e-01
i: 167000, t:  172267.0 s, ωt:  17.23 (2.74 periods), wall: 1.397 hours, Δt:   0.71, CFL: 7.20e-01
i: 167100, t:  172340.4 s, ωt:  17.23 (2.74 periods), wall: 1.398 hours, Δt:   0.62, CFL: 7.20e-01
i: 167200, t:  172409.3 s, ωt:  17.24 (2.74 periods), wall: 1.399 hours, Δt:   0.74, CFL: 7.20e-01
i: 167300, t:  172482.5 s, ωt:  17.25 (2.75 periods), wall: 1.400 hours, Δt:   0.68, CFL: 7.20e-01
i: 167400, t:  172551.5 s, ωt:  17.26 (2.75 periods), wall: 1.400 hours, Δt:   0.65, CFL: 7.20e-01
i: 167500, t:  172619.9 s, ωt:  17.26 (2.75 periods), wall: 1.401 hours, Δt:   0.67, CFL: 7.20e-01
i: 167600, t:  172688.5 s, ωt:  17.27 (2.75 periods), wall: 1.402 hours, Δt:   0.59, CFL: 7.20e-01
i: 167700, t:  172745.7 s, ωt:  17.27 (2.75 periods), wall: 1.403 hours, Δt:   0.62, CFL: 7.20e-01
i: 167800, t:  172802.8 s, ωt:  17.28 (2.75 periods), wall: 1.404 hours, Δt:   0.56, CFL: 7.20e-01
i: 167900, t:  172864.5 s, ωt:  17.29 (2.75 periods), wall: 1.405 hours, Δt:   0.73, CFL: 7.20e-01
i: 168000, t:  172925.8 s, ωt:  17.29 (2.75 periods), wall: 1.405 hours, Δt:   0.59, CFL: 7.20e-01
i: 168100, t:  172988.9 s, ωt:  17.30 (2.75 periods), wall: 1.406 hours, Δt:   0.72, CFL: 7.20e-01
i: 168200, t:  173059.8 s, ωt:  17.31 (2.75 periods), wall: 1.407 hours, Δt:   0.78, CFL: 7.20e-01
i: 168300, t:  173133.4 s, ωt:  17.31 (2.76 periods), wall: 1.408 hours, Δt:   0.64, CFL: 7.20e-01
i: 168400, t:  173206.8 s, ωt:  17.32 (2.76 periods), wall: 1.409 hours, Δt:   0.69, CFL: 7.20e-01
i: 168500, t:  173277.1 s, ωt:  17.33 (2.76 periods), wall: 1.410 hours, Δt:   0.74, CFL: 7.20e-01
i: 168600, t:  173341.6 s, ωt:  17.33 (2.76 periods), wall: 1.410 hours, Δt:   0.51, CFL: 7.20e-01
i: 168700, t:  173400.5 s, ωt:  17.34 (2.76 periods), wall: 1.411 hours, Δt:   0.70, CFL: 7.20e-01
i: 168800, t:  173467.7 s, ωt:  17.35 (2.76 periods), wall: 1.412 hours, Δt:   0.58, CFL: 7.20e-01
i: 168900, t:  173534.2 s, ωt:  17.35 (2.76 periods), wall: 1.413 hours, Δt:   0.70, CFL: 7.20e-01
i: 169000, t:  173595.2 s, ωt:  17.36 (2.76 periods), wall: 1.414 hours, Δt:   0.75, CFL: 7.20e-01
i: 169100, t:  173666.7 s, ωt:  17.37 (2.76 periods), wall: 1.415 hours, Δt:   0.66, CFL: 7.20e-01
i: 169200, t:  173732.0 s, ωt:  17.37 (2.77 periods), wall: 1.415 hours, Δt:   0.69, CFL: 7.20e-01
i: 169300, t:  173806.2 s, ωt:  17.38 (2.77 periods), wall: 1.416 hours, Δt:   0.83, CFL: 7.20e-01
i: 169400, t:  173882.5 s, ωt:  17.39 (2.77 periods), wall: 1.417 hours, Δt:   0.73, CFL: 7.20e-01
i: 169500, t:  173955.2 s, ωt:  17.40 (2.77 periods), wall: 1.418 hours, Δt:   0.61, CFL: 7.20e-01
i: 169600, t:  174023.8 s, ωt:  17.40 (2.77 periods), wall: 1.419 hours, Δt:   0.73, CFL: 7.20e-01
i: 169700, t:  174090.0 s, ωt:  17.41 (2.77 periods), wall: 1.420 hours, Δt:   0.67, CFL: 7.20e-01
i: 169800, t:  174160.8 s, ωt:  17.42 (2.77 periods), wall: 1.420 hours, Δt:   0.69, CFL: 7.20e-01
i: 169900, t:  174234.5 s, ωt:  17.42 (2.77 periods), wall: 1.421 hours, Δt:   0.74, CFL: 7.20e-01
i: 170000, t:  174300.8 s, ωt:  17.43 (2.77 periods), wall: 1.422 hours, Δt:   0.75, CFL: 7.20e-01
i: 170100, t:  174373.3 s, ωt:  17.44 (2.78 periods), wall: 1.423 hours, Δt:   0.70, CFL: 7.20e-01
i: 170200, t:  174446.8 s, ωt:  17.44 (2.78 periods), wall: 1.424 hours, Δt:   0.75, CFL: 7.20e-01
i: 170300, t:  174515.5 s, ωt:  17.45 (2.78 periods), wall: 1.425 hours, Δt:   0.75, CFL: 7.20e-01
i: 170400, t:  174590.7 s, ωt:  17.46 (2.78 periods), wall: 1.425 hours, Δt:   0.55, CFL: 7.20e-01
i: 170500, t:  174661.6 s, ωt:  17.47 (2.78 periods), wall: 1.426 hours, Δt:   0.66, CFL: 7.20e-01
i: 170600, t:  174731.6 s, ωt:  17.47 (2.78 periods), wall: 1.427 hours, Δt:   0.68, CFL: 7.20e-01
i: 170700, t:  174808.5 s, ωt:  17.48 (2.78 periods), wall: 1.428 hours, Δt:   0.73, CFL: 7.20e-01
i: 170800, t:  174882.9 s, ωt:  17.49 (2.78 periods), wall: 1.429 hours, Δt:   0.68, CFL: 7.20e-01
i: 170900, t:  174958.4 s, ωt:  17.50 (2.78 periods), wall: 1.430 hours, Δt:   0.72, CFL: 7.20e-01
i: 171000, t:  175032.2 s, ωt:  17.50 (2.79 periods), wall: 1.430 hours, Δt:   0.73, CFL: 7.20e-01
i: 171100, t:  175100.5 s, ωt:  17.51 (2.79 periods), wall: 1.431 hours, Δt:   0.83, CFL: 7.20e-01
i: 171200, t:  175183.9 s, ωt:  17.52 (2.79 periods), wall: 1.432 hours, Δt:   0.84, CFL: 7.20e-01
i: 171300, t:  175265.0 s, ωt:  17.53 (2.79 periods), wall: 1.433 hours, Δt:   0.68, CFL: 7.20e-01
i: 171400, t:  175337.3 s, ωt:  17.53 (2.79 periods), wall: 1.434 hours, Δt:   0.66, CFL: 7.20e-01
i: 171500, t:  175405.4 s, ωt:  17.54 (2.79 periods), wall: 1.434 hours, Δt:   0.66, CFL: 7.20e-01
i: 171600, t:  175475.3 s, ωt:  17.55 (2.79 periods), wall: 1.435 hours, Δt:   0.80, CFL: 7.20e-01
i: 171700, t:  175548.4 s, ωt:  17.55 (2.79 periods), wall: 1.436 hours, Δt:   0.67, CFL: 7.20e-01
i: 171800, t:  175618.9 s, ωt:  17.56 (2.80 periods), wall: 1.437 hours, Δt:   0.70, CFL: 7.20e-01
i: 171900, t:  175689.7 s, ωt:  17.57 (2.80 periods), wall: 1.438 hours, Δt:   0.72, CFL: 7.20e-01
i: 172000, t:  175761.0 s, ωt:  17.58 (2.80 periods), wall: 1.439 hours, Δt:   0.84, CFL: 7.20e-01
i: 172100, t:  175840.5 s, ωt:  17.58 (2.80 periods), wall: 1.439 hours, Δt:   0.93, CFL: 7.20e-01
i: 172200, t:  175921.4 s, ωt:  17.59 (2.80 periods), wall: 1.440 hours, Δt:   0.79, CFL: 7.20e-01
i: 172300, t:  176000.5 s, ωt:  17.60 (2.80 periods), wall: 1.441 hours, Δt:   0.81, CFL: 7.20e-01
i: 172400, t:  176085.9 s, ωt:  17.61 (2.80 periods), wall: 1.442 hours, Δt:   0.83, CFL: 7.20e-01
i: 172500, t:  176156.4 s, ωt:  17.62 (2.80 periods), wall: 1.443 hours, Δt:   0.85, CFL: 7.20e-01
i: 172600, t:  176237.9 s, ωt:  17.62 (2.80 periods), wall: 1.444 hours, Δt:   0.73, CFL: 7.20e-01
i: 172700, t:  176303.2 s, ωt:  17.63 (2.81 periods), wall: 1.444 hours, Δt:   0.62, CFL: 7.20e-01
i: 172800, t:  176373.2 s, ωt:  17.64 (2.81 periods), wall: 1.445 hours, Δt:   0.60, CFL: 7.20e-01
i: 172900, t:  176449.9 s, ωt:  17.64 (2.81 periods), wall: 1.446 hours, Δt:   0.84, CFL: 7.20e-01
i: 173000, t:  176533.4 s, ωt:  17.65 (2.81 periods), wall: 1.447 hours, Δt:   0.88, CFL: 7.20e-01
i: 173100, t:  176617.4 s, ωt:  17.66 (2.81 periods), wall: 1.448 hours, Δt:   0.75, CFL: 7.20e-01
i: 173200, t:  176697.0 s, ωt:  17.67 (2.81 periods), wall: 1.449 hours, Δt:   0.84, CFL: 7.20e-01
i: 173300, t:  176776.7 s, ωt:  17.68 (2.81 periods), wall: 1.449 hours, Δt:   0.79, CFL: 7.20e-01
i: 173400, t:  176858.2 s, ωt:  17.69 (2.81 periods), wall: 1.450 hours, Δt:   0.71, CFL: 7.20e-01
i: 173500, t:  176935.6 s, ωt:  17.69 (2.82 periods), wall: 1.451 hours, Δt:   0.88, CFL: 7.20e-01
i: 173600, t:  177022.6 s, ωt:  17.70 (2.82 periods), wall: 1.452 hours, Δt:   0.91, CFL: 7.20e-01
i: 173700, t:  177113.8 s, ωt:  17.71 (2.82 periods), wall: 1.453 hours, Δt:   0.75, CFL: 7.20e-01
i: 173800, t:  177191.2 s, ωt:  17.72 (2.82 periods), wall: 1.454 hours, Δt:   0.78, CFL: 7.20e-01
i: 173900, t:  177266.9 s, ωt:  17.73 (2.82 periods), wall: 1.454 hours, Δt:   0.78, CFL: 7.20e-01
i: 174000, t:  177342.9 s, ωt:  17.73 (2.82 periods), wall: 1.455 hours, Δt:   0.70, CFL: 7.20e-01
i: 174100, t:  177421.8 s, ωt:  17.74 (2.82 periods), wall: 1.456 hours, Δt:   0.71, CFL: 7.20e-01
i: 174200, t:  177496.8 s, ωt:  17.75 (2.82 periods), wall: 1.457 hours, Δt:   0.88, CFL: 7.20e-01
i: 174300, t:  177580.7 s, ωt:  17.76 (2.83 periods), wall: 1.458 hours, Δt:   0.82, CFL: 7.20e-01
i: 174400, t:  177660.3 s, ωt:  17.77 (2.83 periods), wall: 1.459 hours, Δt:   0.83, CFL: 7.20e-01
i: 174500, t:  177744.1 s, ωt:  17.77 (2.83 periods), wall: 1.459 hours, Δt:   0.82, CFL: 7.20e-01
i: 174600, t:  177831.6 s, ωt:  17.78 (2.83 periods), wall: 1.460 hours, Δt:   0.78, CFL: 7.20e-01
i: 174700, t:  177911.7 s, ωt:  17.79 (2.83 periods), wall: 1.461 hours, Δt:   0.66, CFL: 7.20e-01
i: 174800, t:  177991.6 s, ωt:  17.80 (2.83 periods), wall: 1.462 hours, Δt:   0.73, CFL: 7.20e-01
i: 174900, t:  178073.2 s, ωt:  17.81 (2.83 periods), wall: 1.463 hours, Δt:   0.87, CFL: 7.20e-01
i: 175000, t:  178161.0 s, ωt:  17.82 (2.84 periods), wall: 1.464 hours, Δt:   0.86, CFL: 7.20e-01
i: 175100, t:  178245.8 s, ωt:  17.82 (2.84 periods), wall: 1.464 hours, Δt:   0.86, CFL: 7.20e-01
i: 175200, t:  178339.2 s, ωt:  17.83 (2.84 periods), wall: 1.465 hours, Δt:   0.93, CFL: 7.20e-01
i: 175300, t:  178428.0 s, ωt:  17.84 (2.84 periods), wall: 1.466 hours, Δt:   0.78, CFL: 7.20e-01
i: 175400, t:  178513.1 s, ωt:  17.85 (2.84 periods), wall: 1.467 hours, Δt:   0.90, CFL: 7.20e-01
i: 175500, t:  178593.8 s, ωt:  17.86 (2.84 periods), wall: 1.468 hours, Δt:   0.77, CFL: 7.20e-01
i: 175600, t:  178675.4 s, ωt:  17.87 (2.84 periods), wall: 1.469 hours, Δt:   0.84, CFL: 7.20e-01
i: 175700, t:  178762.7 s, ωt:  17.88 (2.85 periods), wall: 1.469 hours, Δt:   0.79, CFL: 7.20e-01
i: 175800, t:  178846.0 s, ωt:  17.88 (2.85 periods), wall: 1.470 hours, Δt:   0.89, CFL: 7.20e-01
i: 175900, t:  178937.3 s, ωt:  17.89 (2.85 periods), wall: 1.471 hours, Δt:   0.99, CFL: 7.20e-01
i: 176000, t:  179033.4 s, ωt:  17.90 (2.85 periods), wall: 1.472 hours, Δt:   0.92, CFL: 7.20e-01
i: 176100, t:  179124.2 s, ωt:  17.91 (2.85 periods), wall: 1.473 hours, Δt:   0.89, CFL: 7.20e-01
i: 176200, t:  179212.4 s, ωt:  17.92 (2.85 periods), wall: 1.473 hours, Δt:   0.94, CFL: 7.20e-01
i: 176300, t:  179303.4 s, ωt:  17.93 (2.85 periods), wall: 1.474 hours, Δt:   1.01, CFL: 7.20e-01
i: 176400, t:  179395.3 s, ωt:  17.94 (2.86 periods), wall: 1.475 hours, Δt:   0.97, CFL: 7.20e-01
i: 176500, t:  179490.7 s, ωt:  17.95 (2.86 periods), wall: 1.476 hours, Δt:   0.83, CFL: 7.20e-01
i: 176600, t:  179583.9 s, ωt:  17.96 (2.86 periods), wall: 1.477 hours, Δt:   0.94, CFL: 7.20e-01
i: 176700, t:  179684.6 s, ωt:  17.97 (2.86 periods), wall: 1.478 hours, Δt:   1.06, CFL: 7.20e-01
i: 176800, t:  179791.0 s, ωt:  17.98 (2.86 periods), wall: 1.478 hours, Δt:   1.01, CFL: 7.20e-01
i: 176900, t:  179892.9 s, ωt:  17.99 (2.86 periods), wall: 1.479 hours, Δt:   1.05, CFL: 7.20e-01
i: 177000, t:  179997.0 s, ωt:  18.00 (2.86 periods), wall: 1.480 hours, Δt:   1.05, CFL: 7.20e-01
i: 177100, t:  180104.8 s, ωt:  18.01 (2.87 periods), wall: 1.481 hours, Δt:   1.05, CFL: 7.20e-01
i: 177200, t:  180209.5 s, ωt:  18.02 (2.87 periods), wall: 1.482 hours, Δt:   1.08, CFL: 7.20e-01
i: 177300, t:  180311.6 s, ωt:  18.03 (2.87 periods), wall: 1.483 hours, Δt:   0.94, CFL: 7.20e-01
i: 177400, t:  180413.6 s, ωt:  18.04 (2.87 periods), wall: 1.483 hours, Δt:   0.98, CFL: 7.20e-01
i: 177500, t:  180514.9 s, ωt:  18.05 (2.87 periods), wall: 1.484 hours, Δt:   1.14, CFL: 7.20e-01
i: 177600, t:  180620.5 s, ωt:  18.06 (2.87 periods), wall: 1.485 hours, Δt:   0.85, CFL: 7.20e-01
i: 177700, t:  180706.4 s, ωt:  18.07 (2.88 periods), wall: 1.486 hours, Δt:   0.92, CFL: 7.20e-01
i: 177800, t:  180805.0 s, ωt:  18.08 (2.88 periods), wall: 1.487 hours, Δt:   1.05, CFL: 7.20e-01
i: 177900, t:  180909.9 s, ωt:  18.09 (2.88 periods), wall: 1.488 hours, Δt:   1.01, CFL: 7.20e-01
i: 178000, t:  181002.2 s, ωt:  18.10 (2.88 periods), wall: 1.488 hours, Δt:   0.96, CFL: 7.20e-01
i: 178100, t:  181113.4 s, ωt:  18.11 (2.88 periods), wall: 1.489 hours, Δt:   1.20, CFL: 7.20e-01
i: 178200, t:  181232.7 s, ωt:  18.12 (2.88 periods), wall: 1.490 hours, Δt:   1.06, CFL: 7.20e-01
i: 178300, t:  181348.9 s, ωt:  18.13 (2.89 periods), wall: 1.491 hours, Δt:   1.23, CFL: 7.20e-01
i: 178400, t:  181465.1 s, ωt:  18.15 (2.89 periods), wall: 1.492 hours, Δt:   1.21, CFL: 7.20e-01
i: 178500, t:  181590.8 s, ωt:  18.16 (2.89 periods), wall: 1.493 hours, Δt:   1.32, CFL: 7.20e-01
i: 178600, t:  181718.4 s, ωt:  18.17 (2.89 periods), wall: 1.493 hours, Δt:   1.02, CFL: 7.20e-01
i: 178700, t:  181823.9 s, ωt:  18.18 (2.89 periods), wall: 1.494 hours, Δt:   1.21, CFL: 7.20e-01
i: 178800, t:  181955.5 s, ωt:  18.20 (2.90 periods), wall: 1.495 hours, Δt:   1.43, CFL: 7.20e-01
i: 178900, t:  182085.1 s, ωt:  18.21 (2.90 periods), wall: 1.496 hours, Δt:   1.26, CFL: 7.20e-01
i: 179000, t:  182213.8 s, ωt:  18.22 (2.90 periods), wall: 1.497 hours, Δt:   1.44, CFL: 7.20e-01
i: 179100, t:  182360.2 s, ωt:  18.24 (2.90 periods), wall: 1.498 hours, Δt:   1.19, CFL: 7.20e-01
i: 179200, t:  182496.9 s, ωt:  18.25 (2.90 periods), wall: 1.498 hours, Δt:   1.31, CFL: 7.20e-01
i: 179300, t:  182630.3 s, ωt:  18.26 (2.91 periods), wall: 1.499 hours, Δt:   1.31, CFL: 7.20e-01
i: 179400, t:  182767.1 s, ωt:  18.28 (2.91 periods), wall: 1.500 hours, Δt:   1.26, CFL: 7.20e-01
i: 179500, t:  182900.6 s, ωt:  18.29 (2.91 periods), wall: 1.501 hours, Δt:   1.32, CFL: 7.20e-01
i: 179600, t:  183027.1 s, ωt:  18.30 (2.91 periods), wall: 1.502 hours, Δt:   1.43, CFL: 7.20e-01
i: 179700, t:  183179.8 s, ωt:  18.32 (2.92 periods), wall: 1.503 hours, Δt:   1.43, CFL: 7.20e-01
i: 179800, t:  183322.0 s, ωt:  18.33 (2.92 periods), wall: 1.503 hours, Δt:   1.37, CFL: 7.20e-01
i: 179900, t:  183438.4 s, ωt:  18.34 (2.92 periods), wall: 1.504 hours, Δt:   1.28, CFL: 7.20e-01
i: 180000, t:  183570.0 s, ωt:  18.36 (2.92 periods), wall: 1.505 hours, Δt:   1.38, CFL: 7.20e-01
i: 180100, t:  183709.1 s, ωt:  18.37 (2.92 periods), wall: 1.506 hours, Δt:   1.44, CFL: 7.20e-01
i: 180200, t:  183844.1 s, ωt:  18.38 (2.93 periods), wall: 1.507 hours, Δt:   1.47, CFL: 7.20e-01
i: 180300, t:  183991.4 s, ωt:  18.40 (2.93 periods), wall: 1.508 hours, Δt:   1.48, CFL: 7.20e-01
i: 180400, t:  184127.4 s, ωt:  18.41 (2.93 periods), wall: 1.508 hours, Δt:   1.34, CFL: 7.20e-01
i: 180500, t:  184282.6 s, ωt:  18.43 (2.93 periods), wall: 1.509 hours, Δt:   1.70, CFL: 7.20e-01
i: 180600, t:  184442.9 s, ωt:  18.44 (2.94 periods), wall: 1.510 hours, Δt:   1.65, CFL: 7.20e-01
i: 180700, t:  184606.0 s, ωt:  18.46 (2.94 periods), wall: 1.511 hours, Δt:   1.68, CFL: 7.20e-01
i: 180800, t:  184765.3 s, ωt:  18.48 (2.94 periods), wall: 1.512 hours, Δt:   1.56, CFL: 7.20e-01
i: 180900, t:  184926.5 s, ωt:  18.49 (2.94 periods), wall: 1.513 hours, Δt:   1.63, CFL: 7.20e-01
i: 181000, t:  185094.9 s, ωt:  18.51 (2.95 periods), wall: 1.513 hours, Δt:   1.65, CFL: 7.20e-01
i: 181100, t:  185259.1 s, ωt:  18.53 (2.95 periods), wall: 1.514 hours, Δt:   1.75, CFL: 7.20e-01
i: 181200, t:  185425.6 s, ωt:  18.54 (2.95 periods), wall: 1.515 hours, Δt:   1.65, CFL: 7.20e-01
i: 181300, t:  185597.2 s, ωt:  18.56 (2.95 periods), wall: 1.516 hours, Δt:   1.99, CFL: 7.20e-01
i: 181400, t:  185818.1 s, ωt:  18.58 (2.96 periods), wall: 1.517 hours, Δt:   2.33, CFL: 7.20e-01
i: 181500, t:  186059.7 s, ωt:  18.61 (2.96 periods), wall: 1.518 hours, Δt:   2.11, CFL: 7.20e-01
i: 181600, t:  186299.5 s, ωt:  18.63 (2.97 periods), wall: 1.518 hours, Δt:   2.96, CFL: 7.20e-01
i: 181700, t:  186596.5 s, ωt:  18.66 (2.97 periods), wall: 1.519 hours, Δt:   3.31, CFL: 7.20e-01
i: 181800, t:  186903.7 s, ωt:  18.69 (2.97 periods), wall: 1.520 hours, Δt:   3.15, CFL: 7.20e-01
i: 181900, t:  187205.1 s, ωt:  18.72 (2.98 periods), wall: 1.521 hours, Δt:   2.96, CFL: 7.20e-01
i: 182000, t:  187514.3 s, ωt:  18.75 (2.98 periods), wall: 1.522 hours, Δt:   3.22, CFL: 7.20e-01
i: 182100, t:  187798.8 s, ωt:  18.78 (2.99 periods), wall: 1.522 hours, Δt:   2.59, CFL: 7.20e-01
i: 182200, t:  188063.3 s, ωt:  18.81 (2.99 periods), wall: 1.523 hours, Δt:   2.41, CFL: 7.20e-01
i: 182300, t:  188383.6 s, ωt:  18.84 (3.00 periods), wall: 1.524 hours, Δt:   3.46, CFL: 7.20e-01
i: 182400, t:  188709.3 s, ωt:  18.87 (3.00 periods), wall: 1.525 hours, Δt:   3.51, CFL: 7.20e-01
i: 182500, t:  189024.0 s, ωt:  18.90 (3.01 periods), wall: 1.526 hours, Δt:   3.16, CFL: 7.20e-01
i: 182600, t:  189341.2 s, ωt:  18.93 (3.01 periods), wall: 1.527 hours, Δt:   3.24, CFL: 7.20e-01
i: 182700, t:  189642.1 s, ωt:  18.96 (3.02 periods), wall: 1.528 hours, Δt:   2.93, CFL: 7.20e-01
i: 182800, t:  189924.9 s, ωt:  18.99 (3.02 periods), wall: 1.528 hours, Δt:   2.37, CFL: 7.20e-01
i: 182900, t:  190160.5 s, ωt:  19.02 (3.03 periods), wall: 1.529 hours, Δt:   2.24, CFL: 7.20e-01
i: 183000, t:  190363.4 s, ωt:  19.04 (3.03 periods), wall: 1.530 hours, Δt:   2.16, CFL: 7.20e-01
i: 183100, t:  190573.1 s, ωt:  19.06 (3.03 periods), wall: 1.531 hours, Δt:   1.71, CFL: 7.20e-01
i: 183200, t:  190760.8 s, ωt:  19.08 (3.04 periods), wall: 1.532 hours, Δt:   1.99, CFL: 7.20e-01
i: 183300, t:  190959.6 s, ωt:  19.10 (3.04 periods), wall: 1.533 hours, Δt:   1.60, CFL: 7.20e-01
i: 183400, t:  191142.6 s, ωt:  19.11 (3.04 periods), wall: 1.533 hours, Δt:   1.88, CFL: 7.20e-01
i: 183500, t:  191319.9 s, ωt:  19.13 (3.04 periods), wall: 1.534 hours, Δt:   1.87, CFL: 7.20e-01
i: 183600, t:  191485.2 s, ωt:  19.15 (3.05 periods), wall: 1.535 hours, Δt:   1.59, CFL: 7.20e-01
i: 183700, t:  191635.5 s, ωt:  19.16 (3.05 periods), wall: 1.536 hours, Δt:   1.60, CFL: 7.20e-01
i: 183800, t:  191796.2 s, ωt:  19.18 (3.05 periods), wall: 1.537 hours, Δt:   1.53, CFL: 7.20e-01
i: 183900, t:  191949.9 s, ωt:  19.19 (3.05 periods), wall: 1.538 hours, Δt:   1.53, CFL: 7.20e-01
i: 184000, t:  192098.1 s, ωt:  19.21 (3.06 periods), wall: 1.538 hours, Δt:   1.22, CFL: 7.20e-01
i: 184100, t:  192242.5 s, ωt:  19.22 (3.06 periods), wall: 1.539 hours, Δt:   1.55, CFL: 7.20e-01
i: 184200, t:  192383.9 s, ωt:  19.24 (3.06 periods), wall: 1.540 hours, Δt:   1.27, CFL: 7.20e-01
i: 184300, t:  192519.6 s, ωt:  19.25 (3.06 periods), wall: 1.541 hours, Δt:   1.32, CFL: 7.20e-01
i: 184400, t:  192645.8 s, ωt:  19.26 (3.07 periods), wall: 1.542 hours, Δt:   1.26, CFL: 7.20e-01
i: 184500, t:  192772.1 s, ωt:  19.28 (3.07 periods), wall: 1.543 hours, Δt:   1.30, CFL: 7.20e-01
i: 184600, t:  192901.8 s, ωt:  19.29 (3.07 periods), wall: 1.543 hours, Δt:   1.34, CFL: 7.20e-01
i: 184700, t:  193023.4 s, ωt:  19.30 (3.07 periods), wall: 1.544 hours, Δt:   1.20, CFL: 7.20e-01
i: 184800, t:  193152.1 s, ωt:  19.32 (3.07 periods), wall: 1.545 hours, Δt:   1.43, CFL: 7.20e-01
i: 184900, t:  193276.1 s, ωt:  19.33 (3.08 periods), wall: 1.546 hours, Δt:   1.20, CFL: 7.20e-01
i: 185000, t:  193406.6 s, ωt:  19.34 (3.08 periods), wall: 1.547 hours, Δt:   1.26, CFL: 7.20e-01
i: 185100, t:  193529.0 s, ωt:  19.35 (3.08 periods), wall: 1.548 hours, Δt:   1.15, CFL: 7.20e-01
i: 185200, t:  193633.6 s, ωt:  19.36 (3.08 periods), wall: 1.548 hours, Δt:   1.23, CFL: 7.20e-01
i: 185300, t:  193742.9 s, ωt:  19.37 (3.08 periods), wall: 1.549 hours, Δt:   1.20, CFL: 7.20e-01
i: 185400, t:  193848.1 s, ωt:  19.38 (3.09 periods), wall: 1.550 hours, Δt:   1.18, CFL: 7.20e-01
i: 185500, t:  193960.1 s, ωt:  19.40 (3.09 periods), wall: 1.551 hours, Δt:   0.96, CFL: 7.20e-01
i: 185600, t:  194063.5 s, ωt:  19.41 (3.09 periods), wall: 1.552 hours, Δt:   1.20, CFL: 7.20e-01
i: 185700, t:  194171.9 s, ωt:  19.42 (3.09 periods), wall: 1.553 hours, Δt:   1.11, CFL: 7.20e-01
i: 185800, t:  194286.8 s, ωt:  19.43 (3.09 periods), wall: 1.553 hours, Δt:   1.06, CFL: 7.20e-01
i: 185900, t:  194399.4 s, ωt:  19.44 (3.09 periods), wall: 1.554 hours, Δt:   1.16, CFL: 7.20e-01
i: 186000, t:  194495.7 s, ωt:  19.45 (3.10 periods), wall: 1.555 hours, Δt:   1.05, CFL: 7.20e-01
i: 186100, t:  194600.3 s, ωt:  19.46 (3.10 periods), wall: 1.556 hours, Δt:   1.14, CFL: 7.20e-01
i: 186200, t:  194703.8 s, ωt:  19.47 (3.10 periods), wall: 1.557 hours, Δt:   1.10, CFL: 7.20e-01
i: 186300, t:  194808.4 s, ωt:  19.48 (3.10 periods), wall: 1.557 hours, Δt:   0.97, CFL: 7.20e-01
i: 186400, t:  194908.7 s, ωt:  19.49 (3.10 periods), wall: 1.558 hours, Δt:   1.09, CFL: 7.20e-01
i: 186500, t:  195007.1 s, ωt:  19.50 (3.10 periods), wall: 1.559 hours, Δt:   1.02, CFL: 7.20e-01
i: 186600, t:  195107.2 s, ωt:  19.51 (3.11 periods), wall: 1.560 hours, Δt:   1.02, CFL: 7.20e-01
i: 186700, t:  195210.7 s, ωt:  19.52 (3.11 periods), wall: 1.561 hours, Δt:   1.02, CFL: 7.20e-01
i: 186800, t:  195310.2 s, ωt:  19.53 (3.11 periods), wall: 1.562 hours, Δt:   1.06, CFL: 7.20e-01
i: 186900, t:  195405.9 s, ωt:  19.54 (3.11 periods), wall: 1.562 hours, Δt:   0.88, CFL: 7.20e-01
i: 187000, t:  195497.0 s, ωt:  19.55 (3.11 periods), wall: 1.563 hours, Δt:   0.88, CFL: 7.20e-01
i: 187100, t:  195588.2 s, ωt:  19.56 (3.11 periods), wall: 1.564 hours, Δt:   0.97, CFL: 7.20e-01
i: 187200, t:  195680.1 s, ωt:  19.57 (3.11 periods), wall: 1.565 hours, Δt:   0.85, CFL: 7.20e-01
i: 187300, t:  195769.5 s, ωt:  19.58 (3.12 periods), wall: 1.566 hours, Δt:   0.79, CFL: 7.20e-01
i: 187400, t:  195853.7 s, ωt:  19.59 (3.12 periods), wall: 1.567 hours, Δt:   0.99, CFL: 7.20e-01
i: 187500, t:  195948.5 s, ωt:  19.59 (3.12 periods), wall: 1.567 hours, Δt:   1.05, CFL: 7.20e-01
i: 187600, t:  196047.1 s, ωt:  19.60 (3.12 periods), wall: 1.568 hours, Δt:   0.85, CFL: 7.20e-01
i: 187700, t:  196134.5 s, ωt:  19.61 (3.12 periods), wall: 1.569 hours, Δt:   0.77, CFL: 7.20e-01
i: 187800, t:  196222.6 s, ωt:  19.62 (3.12 periods), wall: 1.570 hours, Δt:   0.85, CFL: 7.20e-01
i: 187900, t:  196315.2 s, ωt:  19.63 (3.12 periods), wall: 1.571 hours, Δt:   0.86, CFL: 7.20e-01
i: 188000, t:  196401.2 s, ωt:  19.64 (3.13 periods), wall: 1.572 hours, Δt:   0.91, CFL: 7.20e-01
i: 188100, t:  196489.7 s, ωt:  19.65 (3.13 periods), wall: 1.572 hours, Δt:   0.99, CFL: 7.20e-01
i: 188200, t:  196577.2 s, ωt:  19.66 (3.13 periods), wall: 1.573 hours, Δt:   0.90, CFL: 7.20e-01
i: 188300, t:  196669.8 s, ωt:  19.67 (3.13 periods), wall: 1.574 hours, Δt:   0.91, CFL: 7.20e-01
i: 188400, t:  196761.7 s, ωt:  19.68 (3.13 periods), wall: 1.575 hours, Δt:   0.85, CFL: 7.20e-01
i: 188500, t:  196844.0 s, ωt:  19.68 (3.13 periods), wall: 1.576 hours, Δt:   0.85, CFL: 7.20e-01
i: 188600, t:  196927.5 s, ωt:  19.69 (3.13 periods), wall: 1.577 hours, Δt:   0.84, CFL: 7.20e-01
i: 188700, t:  197002.0 s, ωt:  19.70 (3.14 periods), wall: 1.577 hours, Δt:   0.93, CFL: 7.20e-01
i: 188800, t:  197081.3 s, ωt:  19.71 (3.14 periods), wall: 1.578 hours, Δt:   0.83, CFL: 7.20e-01
i: 188900, t:  197164.0 s, ωt:  19.72 (3.14 periods), wall: 1.579 hours, Δt:   0.84, CFL: 7.20e-01
i: 189000, t:  197240.4 s, ωt:  19.72 (3.14 periods), wall: 1.580 hours, Δt:   0.87, CFL: 7.20e-01
i: 189100, t:  197319.9 s, ωt:  19.73 (3.14 periods), wall: 1.581 hours, Δt:   0.71, CFL: 7.20e-01
i: 189200, t:  197392.5 s, ωt:  19.74 (3.14 periods), wall: 1.582 hours, Δt:   0.85, CFL: 7.20e-01
i: 189300, t:  197483.6 s, ωt:  19.75 (3.14 periods), wall: 1.582 hours, Δt:   0.89, CFL: 7.20e-01
i: 189400, t:  197564.8 s, ωt:  19.76 (3.14 periods), wall: 1.583 hours, Δt:   0.69, CFL: 7.20e-01
i: 189500, t:  197635.9 s, ωt:  19.76 (3.15 periods), wall: 1.584 hours, Δt:   0.90, CFL: 7.20e-01
i: 189600, t:  197716.0 s, ωt:  19.77 (3.15 periods), wall: 1.585 hours, Δt:   0.82, CFL: 7.20e-01
i: 189700, t:  197794.8 s, ωt:  19.78 (3.15 periods), wall: 1.586 hours, Δt:   0.84, CFL: 7.20e-01
i: 189800, t:  197882.9 s, ωt:  19.79 (3.15 periods), wall: 1.587 hours, Δt:   0.73, CFL: 7.20e-01
i: 189900, t:  197957.4 s, ωt:  19.80 (3.15 periods), wall: 1.587 hours, Δt:   0.75, CFL: 7.20e-01
i: 190000, t:  198032.9 s, ωt:  19.80 (3.15 periods), wall: 1.588 hours, Δt:   0.71, CFL: 7.20e-01
i: 190100, t:  198107.7 s, ωt:  19.81 (3.15 periods), wall: 1.589 hours, Δt:   0.69, CFL: 7.20e-01
i: 190200, t:  198186.6 s, ωt:  19.82 (3.15 periods), wall: 1.590 hours, Δt:   0.80, CFL: 7.20e-01
i: 190300, t:  198264.9 s, ωt:  19.83 (3.16 periods), wall: 1.591 hours, Δt:   0.83, CFL: 7.20e-01
i: 190400, t:  198346.2 s, ωt:  19.83 (3.16 periods), wall: 1.592 hours, Δt:   0.77, CFL: 7.20e-01
i: 190500, t:  198422.2 s, ωt:  19.84 (3.16 periods), wall: 1.592 hours, Δt:   0.76, CFL: 7.20e-01
i: 190600, t:  198498.3 s, ωt:  19.85 (3.16 periods), wall: 1.593 hours, Δt:   0.73, CFL: 7.20e-01
i: 190700, t:  198569.9 s, ωt:  19.86 (3.16 periods), wall: 1.594 hours, Δt:   0.79, CFL: 7.20e-01
i: 190800, t:  198647.3 s, ωt:  19.86 (3.16 periods), wall: 1.595 hours, Δt:   0.80, CFL: 7.20e-01
i: 190900, t:  198722.7 s, ωt:  19.87 (3.16 periods), wall: 1.596 hours, Δt:   0.86, CFL: 7.20e-01
i: 191000, t:  198799.3 s, ωt:  19.88 (3.16 periods), wall: 1.596 hours, Δt:   0.55, CFL: 7.20e-01
i: 191100, t:  198873.2 s, ωt:  19.89 (3.17 periods), wall: 1.597 hours, Δt:   0.83, CFL: 7.20e-01
i: 191200, t:  198955.4 s, ωt:  19.90 (3.17 periods), wall: 1.598 hours, Δt:   0.75, CFL: 7.20e-01
i: 191300, t:  199038.7 s, ωt:  19.90 (3.17 periods), wall: 1.599 hours, Δt:   0.86, CFL: 7.20e-01
i: 191400, t:  199121.3 s, ωt:  19.91 (3.17 periods), wall: 1.600 hours, Δt:   0.73, CFL: 7.20e-01
i: 191500, t:  199195.6 s, ωt:  19.92 (3.17 periods), wall: 1.601 hours, Δt:   0.75, CFL: 7.20e-01
i: 191600, t:  199270.7 s, ωt:  19.93 (3.17 periods), wall: 1.601 hours, Δt:   0.77, CFL: 7.20e-01
i: 191700, t:  199346.6 s, ωt:  19.93 (3.17 periods), wall: 1.602 hours, Δt:   0.81, CFL: 7.20e-01
i: 191800, t:  199426.4 s, ωt:  19.94 (3.17 periods), wall: 1.603 hours, Δt:   0.70, CFL: 7.20e-01
i: 191900, t:  199500.2 s, ωt:  19.95 (3.18 periods), wall: 1.604 hours, Δt:   0.82, CFL: 7.20e-01
i: 192000, t:  199566.0 s, ωt:  19.96 (3.18 periods), wall: 1.605 hours, Δt:   0.64, CFL: 7.20e-01
i: 192100, t:  199638.3 s, ωt:  19.96 (3.18 periods), wall: 1.606 hours, Δt:   0.66, CFL: 7.20e-01
i: 192200, t:  199716.0 s, ωt:  19.97 (3.18 periods), wall: 1.606 hours, Δt:   0.83, CFL: 7.20e-01
i: 192300, t:  199797.9 s, ωt:  19.98 (3.18 periods), wall: 1.607 hours, Δt:   0.82, CFL: 7.20e-01
i: 192400, t:  199878.2 s, ωt:  19.99 (3.18 periods), wall: 1.608 hours, Δt:   0.80, CFL: 7.20e-01
i: 192500, t:  199954.2 s, ωt:  20.00 (3.18 periods), wall: 1.609 hours, Δt:   0.63, CFL: 7.20e-01
i: 192600, t:  200027.8 s, ωt:  20.00 (3.18 periods), wall: 1.610 hours, Δt:   0.84, CFL: 7.20e-01
i: 192700, t:  200094.5 s, ωt:  20.01 (3.18 periods), wall: 1.611 hours, Δt:   0.73, CFL: 7.20e-01
i: 192800, t:  200171.4 s, ωt:  20.02 (3.19 periods), wall: 1.611 hours, Δt:   0.82, CFL: 7.20e-01
i: 192900, t:  200251.8 s, ωt:  20.03 (3.19 periods), wall: 1.612 hours, Δt:   0.80, CFL: 7.20e-01
i: 193000, t:  200335.4 s, ωt:  20.03 (3.19 periods), wall: 1.613 hours, Δt:   0.89, CFL: 7.20e-01
i: 193100, t:  200418.9 s, ωt:  20.04 (3.19 periods), wall: 1.614 hours, Δt:   0.72, CFL: 7.20e-01
i: 193200, t:  200490.5 s, ωt:  20.05 (3.19 periods), wall: 1.615 hours, Δt:   0.74, CFL: 7.20e-01
i: 193300, t:  200566.2 s, ωt:  20.06 (3.19 periods), wall: 1.616 hours, Δt:   0.72, CFL: 7.20e-01
i: 193400, t:  200640.3 s, ωt:  20.06 (3.19 periods), wall: 1.616 hours, Δt:   0.77, CFL: 7.20e-01
i: 193500, t:  200719.9 s, ωt:  20.07 (3.19 periods), wall: 1.617 hours, Δt:   0.78, CFL: 7.20e-01
i: 193600, t:  200794.7 s, ωt:  20.08 (3.20 periods), wall: 1.618 hours, Δt:   0.67, CFL: 7.20e-01
i: 193700, t:  200867.4 s, ωt:  20.09 (3.20 periods), wall: 1.619 hours, Δt:   0.76, CFL: 7.20e-01
i: 193800, t:  200938.6 s, ωt:  20.09 (3.20 periods), wall: 1.620 hours, Δt:   0.77, CFL: 7.20e-01
i: 193900, t:  201010.6 s, ωt:  20.10 (3.20 periods), wall: 1.621 hours, Δt:   0.55, CFL: 7.20e-01
i: 194000, t:  201073.0 s, ωt:  20.11 (3.20 periods), wall: 1.621 hours, Δt:   0.74, CFL: 7.20e-01
i: 194100, t:  201144.3 s, ωt:  20.11 (3.20 periods), wall: 1.622 hours, Δt:   0.70, CFL: 7.20e-01
i: 194200, t:  201215.3 s, ωt:  20.12 (3.20 periods), wall: 1.623 hours, Δt:   0.72, CFL: 7.20e-01
i: 194300, t:  201288.1 s, ωt:  20.13 (3.20 periods), wall: 1.624 hours, Δt:   0.75, CFL: 7.20e-01
i: 194400, t:  201366.6 s, ωt:  20.14 (3.20 periods), wall: 1.625 hours, Δt:   0.73, CFL: 7.20e-01
i: 194500, t:  201440.7 s, ωt:  20.14 (3.21 periods), wall: 1.626 hours, Δt:   0.54, CFL: 7.20e-01
i: 194600, t:  201504.1 s, ωt:  20.15 (3.21 periods), wall: 1.626 hours, Δt:   0.68, CFL: 7.20e-01
i: 194700, t:  201573.0 s, ωt:  20.16 (3.21 periods), wall: 1.627 hours, Δt:   0.63, CFL: 7.20e-01
i: 194800, t:  201647.0 s, ωt:  20.16 (3.21 periods), wall: 1.628 hours, Δt:   0.76, CFL: 7.20e-01
i: 194900, t:  201717.0 s, ωt:  20.17 (3.21 periods), wall: 1.629 hours, Δt:   0.66, CFL: 7.20e-01
i: 195000, t:  201782.4 s, ωt:  20.18 (3.21 periods), wall: 1.630 hours, Δt:   0.69, CFL: 7.20e-01
i: 195100, t:  201856.1 s, ωt:  20.19 (3.21 periods), wall: 1.631 hours, Δt:   0.78, CFL: 7.20e-01
i: 195200, t:  201931.6 s, ωt:  20.19 (3.21 periods), wall: 1.631 hours, Δt:   0.73, CFL: 7.20e-01
i: 195300, t:  202005.8 s, ωt:  20.20 (3.22 periods), wall: 1.632 hours, Δt:   0.68, CFL: 7.20e-01
i: 195400, t:  202078.3 s, ωt:  20.21 (3.22 periods), wall: 1.633 hours, Δt:   0.75, CFL: 7.20e-01
i: 195500, t:  202154.4 s, ωt:  20.22 (3.22 periods), wall: 1.634 hours, Δt:   0.81, CFL: 7.20e-01
i: 195600, t:  202232.0 s, ωt:  20.22 (3.22 periods), wall: 1.635 hours, Δt:   0.77, CFL: 7.20e-01
i: 195700, t:  202305.0 s, ωt:  20.23 (3.22 periods), wall: 1.636 hours, Δt:   0.73, CFL: 7.20e-01
i: 195800, t:  202382.5 s, ωt:  20.24 (3.22 periods), wall: 1.636 hours, Δt:   0.73, CFL: 7.20e-01
i: 195900, t:  202453.0 s, ωt:  20.25 (3.22 periods), wall: 1.637 hours, Δt:   0.64, CFL: 7.20e-01
i: 196000, t:  202525.2 s, ωt:  20.25 (3.22 periods), wall: 1.638 hours, Δt:   0.73, CFL: 7.20e-01
i: 196100, t:  202596.7 s, ωt:  20.26 (3.22 periods), wall: 1.639 hours, Δt:   0.72, CFL: 7.20e-01
i: 196200, t:  202668.0 s, ωt:  20.27 (3.23 periods), wall: 1.640 hours, Δt:   0.72, CFL: 7.20e-01
i: 196300, t:  202739.4 s, ωt:  20.27 (3.23 periods), wall: 1.640 hours, Δt:   0.74, CFL: 7.20e-01
i: 196400, t:  202812.2 s, ωt:  20.28 (3.23 periods), wall: 1.641 hours, Δt:   0.71, CFL: 7.20e-01
i: 196500, t:  202885.4 s, ωt:  20.29 (3.23 periods), wall: 1.642 hours, Δt:   0.75, CFL: 7.20e-01
i: 196600, t:  202952.6 s, ωt:  20.30 (3.23 periods), wall: 1.643 hours, Δt:   0.63, CFL: 7.20e-01
i: 196700, t:  203029.6 s, ωt:  20.30 (3.23 periods), wall: 1.644 hours, Δt:   0.80, CFL: 7.20e-01
i: 196800, t:  203101.3 s, ωt:  20.31 (3.23 periods), wall: 1.645 hours, Δt:   0.63, CFL: 7.20e-01
i: 196900, t:  203172.2 s, ωt:  20.32 (3.23 periods), wall: 1.645 hours, Δt:   0.60, CFL: 7.20e-01
i: 197000, t:  203235.7 s, ωt:  20.32 (3.23 periods), wall: 1.646 hours, Δt:   0.71, CFL: 7.20e-01
i: 197100, t:  203308.4 s, ωt:  20.33 (3.24 periods), wall: 1.647 hours, Δt:   0.76, CFL: 7.20e-01
i: 197200, t:  203387.0 s, ωt:  20.34 (3.24 periods), wall: 1.648 hours, Δt:   0.84, CFL: 7.20e-01
i: 197300, t:  203464.9 s, ωt:  20.35 (3.24 periods), wall: 1.649 hours, Δt:   0.86, CFL: 7.20e-01
i: 197400, t:  203542.9 s, ωt:  20.35 (3.24 periods), wall: 1.650 hours, Δt:   0.78, CFL: 7.20e-01
i: 197500, t:  203612.3 s, ωt:  20.36 (3.24 periods), wall: 1.650 hours, Δt:   0.63, CFL: 7.20e-01
i: 197600, t:  203676.5 s, ωt:  20.37 (3.24 periods), wall: 1.651 hours, Δt:   0.68, CFL: 7.20e-01
i: 197700, t:  203744.8 s, ωt:  20.37 (3.24 periods), wall: 1.652 hours, Δt:   0.75, CFL: 7.20e-01
i: 197800, t:  203819.8 s, ωt:  20.38 (3.24 periods), wall: 1.653 hours, Δt:   0.65, CFL: 7.20e-01
i: 197900, t:  203882.9 s, ωt:  20.39 (3.24 periods), wall: 1.654 hours, Δt:   0.78, CFL: 7.20e-01
i: 198000, t:  203952.1 s, ωt:  20.40 (3.25 periods), wall: 1.655 hours, Δt:   0.57, CFL: 7.20e-01
i: 198100, t:  204014.7 s, ωt:  20.40 (3.25 periods), wall: 1.655 hours, Δt:   0.67, CFL: 7.20e-01
i: 198200, t:  204085.3 s, ωt:  20.41 (3.25 periods), wall: 1.656 hours, Δt:   0.64, CFL: 7.20e-01
i: 198300, t:  204155.3 s, ωt:  20.42 (3.25 periods), wall: 1.657 hours, Δt:   0.74, CFL: 7.20e-01
i: 198400, t:  204229.3 s, ωt:  20.42 (3.25 periods), wall: 1.658 hours, Δt:   0.67, CFL: 7.20e-01
i: 198500, t:  204294.2 s, ωt:  20.43 (3.25 periods), wall: 1.659 hours, Δt:   0.75, CFL: 7.20e-01
i: 198600, t:  204372.3 s, ωt:  20.44 (3.25 periods), wall: 1.660 hours, Δt:   0.69, CFL: 7.20e-01
i: 198700, t:  204443.0 s, ωt:  20.44 (3.25 periods), wall: 1.660 hours, Δt:   0.75, CFL: 7.20e-01
i: 198800, t:  204520.5 s, ωt:  20.45 (3.26 periods), wall: 1.661 hours, Δt:   0.70, CFL: 7.20e-01
i: 198900, t:  204598.1 s, ωt:  20.46 (3.26 periods), wall: 1.662 hours, Δt:   0.67, CFL: 7.20e-01
i: 199000, t:  204673.8 s, ωt:  20.47 (3.26 periods), wall: 1.663 hours, Δt:   0.72, CFL: 7.20e-01
i: 199100, t:  204751.2 s, ωt:  20.48 (3.26 periods), wall: 1.664 hours, Δt:   0.84, CFL: 7.20e-01
i: 199200, t:  204832.7 s, ωt:  20.48 (3.26 periods), wall: 1.665 hours, Δt:   0.84, CFL: 7.20e-01
i: 199300, t:  204908.1 s, ωt:  20.49 (3.26 periods), wall: 1.665 hours, Δt:   0.82, CFL: 7.20e-01
i: 199400, t:  204989.9 s, ωt:  20.50 (3.26 periods), wall: 1.666 hours, Δt:   0.80, CFL: 7.20e-01
i: 199500, t:  205068.3 s, ωt:  20.51 (3.26 periods), wall: 1.667 hours, Δt:   0.70, CFL: 7.20e-01
i: 199600, t:  205139.0 s, ωt:  20.51 (3.26 periods), wall: 1.668 hours, Δt:   0.74, CFL: 7.20e-01
i: 199700, t:  205208.8 s, ωt:  20.52 (3.27 periods), wall: 1.669 hours, Δt:   0.63, CFL: 7.20e-01
i: 199800, t:  205282.6 s, ωt:  20.53 (3.27 periods), wall: 1.670 hours, Δt:   0.87, CFL: 7.20e-01
i: 199900, t:  205355.3 s, ωt:  20.54 (3.27 periods), wall: 1.670 hours, Δt:   0.66, CFL: 7.20e-01
i: 200000, t:  205428.7 s, ωt:  20.54 (3.27 periods), wall: 1.671 hours, Δt:   0.78, CFL: 7.20e-01
i: 200100, t:  205503.1 s, ωt:  20.55 (3.27 periods), wall: 1.672 hours, Δt:   0.71, CFL: 7.20e-01
i: 200200, t:  205578.7 s, ωt:  20.56 (3.27 periods), wall: 1.673 hours, Δt:   0.77, CFL: 7.20e-01
i: 200300, t:  205646.8 s, ωt:  20.56 (3.27 periods), wall: 1.674 hours, Δt:   0.61, CFL: 7.20e-01
i: 200400, t:  205713.1 s, ωt:  20.57 (3.27 periods), wall: 1.674 hours, Δt:   0.77, CFL: 7.20e-01
i: 200500, t:  205779.5 s, ωt:  20.58 (3.28 periods), wall: 1.675 hours, Δt:   0.59, CFL: 7.20e-01
i: 200600, t:  205851.0 s, ωt:  20.59 (3.28 periods), wall: 1.676 hours, Δt:   0.73, CFL: 7.20e-01
i: 200700, t:  205917.4 s, ωt:  20.59 (3.28 periods), wall: 1.677 hours, Δt:   0.79, CFL: 7.20e-01
i: 200800, t:  205991.4 s, ωt:  20.60 (3.28 periods), wall: 1.678 hours, Δt:   0.64, CFL: 7.20e-01
i: 200900, t:  206065.5 s, ωt:  20.61 (3.28 periods), wall: 1.679 hours, Δt:   0.73, CFL: 7.20e-01
i: 201000, t:  206139.8 s, ωt:  20.61 (3.28 periods), wall: 1.679 hours, Δt:   0.79, CFL: 7.20e-01
i: 201100, t:  206216.2 s, ωt:  20.62 (3.28 periods), wall: 1.680 hours, Δt:   0.74, CFL: 7.20e-01
i: 201200, t:  206290.8 s, ωt:  20.63 (3.28 periods), wall: 1.681 hours, Δt:   0.75, CFL: 7.20e-01
i: 201300, t:  206362.1 s, ωt:  20.64 (3.28 periods), wall: 1.682 hours, Δt:   0.71, CFL: 7.20e-01
i: 201400, t:  206435.0 s, ωt:  20.64 (3.29 periods), wall: 1.683 hours, Δt:   0.70, CFL: 7.20e-01
i: 201500, t:  206506.2 s, ωt:  20.65 (3.29 periods), wall: 1.684 hours, Δt:   0.79, CFL: 7.20e-01
i: 201600, t:  206578.8 s, ωt:  20.66 (3.29 periods), wall: 1.684 hours, Δt:   0.78, CFL: 7.20e-01
i: 201700, t:  206662.6 s, ωt:  20.67 (3.29 periods), wall: 1.685 hours, Δt:   0.84, CFL: 7.20e-01
i: 201800, t:  206738.4 s, ωt:  20.67 (3.29 periods), wall: 1.686 hours, Δt:   0.76, CFL: 7.20e-01
i: 201900, t:  206814.6 s, ωt:  20.68 (3.29 periods), wall: 1.687 hours, Δt:   0.89, CFL: 7.20e-01
i: 202000, t:  206891.5 s, ωt:  20.69 (3.29 periods), wall: 1.688 hours, Δt:   0.90, CFL: 7.20e-01
i: 202100, t:  206968.8 s, ωt:  20.70 (3.29 periods), wall: 1.689 hours, Δt:   0.67, CFL: 7.20e-01
i: 202200, t:  207045.7 s, ωt:  20.70 (3.30 periods), wall: 1.689 hours, Δt:   0.77, CFL: 7.20e-01
i: 202300, t:  207121.4 s, ωt:  20.71 (3.30 periods), wall: 1.690 hours, Δt:   0.73, CFL: 7.20e-01
i: 202400, t:  207199.8 s, ωt:  20.72 (3.30 periods), wall: 1.691 hours, Δt:   0.85, CFL: 7.20e-01
i: 202500, t:  207280.6 s, ωt:  20.73 (3.30 periods), wall: 1.692 hours, Δt:   0.81, CFL: 7.20e-01
i: 202600, t:  207351.7 s, ωt:  20.74 (3.30 periods), wall: 1.693 hours, Δt:   0.72, CFL: 7.20e-01
i: 202700, t:  207428.9 s, ωt:  20.74 (3.30 periods), wall: 1.694 hours, Δt:   0.73, CFL: 7.20e-01
i: 202800, t:  207505.9 s, ωt:  20.75 (3.30 periods), wall: 1.694 hours, Δt:   0.78, CFL: 7.20e-01
i: 202900, t:  207583.2 s, ωt:  20.76 (3.30 periods), wall: 1.695 hours, Δt:   0.63, CFL: 7.20e-01
i: 203000, t:  207650.0 s, ωt:  20.77 (3.30 periods), wall: 1.696 hours, Δt:   0.72, CFL: 7.20e-01
i: 203100, t:  207725.2 s, ωt:  20.77 (3.31 periods), wall: 1.697 hours, Δt:   0.86, CFL: 7.20e-01
i: 203200, t:  207806.9 s, ωt:  20.78 (3.31 periods), wall: 1.698 hours, Δt:   0.84, CFL: 7.20e-01
i: 203300, t:  207890.6 s, ωt:  20.79 (3.31 periods), wall: 1.699 hours, Δt:   0.78, CFL: 7.20e-01
i: 203400, t:  207969.9 s, ωt:  20.80 (3.31 periods), wall: 1.699 hours, Δt:   0.78, CFL: 7.20e-01
i: 203500, t:  208040.2 s, ωt:  20.80 (3.31 periods), wall: 1.700 hours, Δt:   0.69, CFL: 7.20e-01
i: 203600, t:  208115.7 s, ωt:  20.81 (3.31 periods), wall: 1.701 hours, Δt:   0.80, CFL: 7.20e-01
i: 203700, t:  208188.5 s, ωt:  20.82 (3.31 periods), wall: 1.702 hours, Δt:   0.64, CFL: 7.20e-01
i: 203800, t:  208263.0 s, ωt:  20.83 (3.31 periods), wall: 1.703 hours, Δt:   0.86, CFL: 7.20e-01
i: 203900, t:  208337.5 s, ωt:  20.83 (3.32 periods), wall: 1.704 hours, Δt:   0.83, CFL: 7.20e-01
i: 204000, t:  208418.9 s, ωt:  20.84 (3.32 periods), wall: 1.704 hours, Δt:   0.68, CFL: 7.20e-01
i: 204100, t:  208489.1 s, ωt:  20.85 (3.32 periods), wall: 1.705 hours, Δt:   0.79, CFL: 7.20e-01
i: 204200, t:  208567.7 s, ωt:  20.86 (3.32 periods), wall: 1.706 hours, Δt:   0.82, CFL: 7.20e-01
i: 204300, t:  208650.1 s, ωt:  20.87 (3.32 periods), wall: 1.707 hours, Δt:   0.93, CFL: 7.20e-01
i: 204400, t:  208739.9 s, ωt:  20.87 (3.32 periods), wall: 1.708 hours, Δt:   0.93, CFL: 7.20e-01
i: 204500, t:  208828.6 s, ωt:  20.88 (3.32 periods), wall: 1.709 hours, Δt:   0.86, CFL: 7.20e-01
i: 204600, t:  208909.7 s, ωt:  20.89 (3.32 periods), wall: 1.709 hours, Δt:   0.87, CFL: 7.20e-01
i: 204700, t:  208991.7 s, ωt:  20.90 (3.33 periods), wall: 1.710 hours, Δt:   0.67, CFL: 7.20e-01
i: 204800, t:  209075.7 s, ωt:  20.91 (3.33 periods), wall: 1.711 hours, Δt:   0.92, CFL: 7.20e-01
i: 204900, t:  209163.2 s, ωt:  20.92 (3.33 periods), wall: 1.712 hours, Δt:   0.77, CFL: 7.20e-01
i: 205000, t:  209241.8 s, ωt:  20.92 (3.33 periods), wall: 1.713 hours, Δt:   0.75, CFL: 7.20e-01
i: 205100, t:  209326.6 s, ωt:  20.93 (3.33 periods), wall: 1.714 hours, Δt:   0.80, CFL: 7.20e-01
i: 205200, t:  209418.0 s, ωt:  20.94 (3.33 periods), wall: 1.714 hours, Δt:   0.95, CFL: 7.20e-01
i: 205300, t:  209506.7 s, ωt:  20.95 (3.33 periods), wall: 1.715 hours, Δt:   0.83, CFL: 7.20e-01
i: 205400, t:  209600.9 s, ωt:  20.96 (3.34 periods), wall: 1.716 hours, Δt:   0.91, CFL: 7.20e-01
i: 205500, t:  209690.3 s, ωt:  20.97 (3.34 periods), wall: 1.717 hours, Δt:   0.88, CFL: 7.20e-01
i: 205600, t:  209777.0 s, ωt:  20.98 (3.34 periods), wall: 1.718 hours, Δt:   0.99, CFL: 7.20e-01
i: 205700, t:  209868.4 s, ωt:  20.99 (3.34 periods), wall: 1.718 hours, Δt:   0.85, CFL: 7.20e-01
i: 205800, t:  209958.6 s, ωt:  21.00 (3.34 periods), wall: 1.719 hours, Δt:   0.83, CFL: 7.20e-01
i: 205900, t:  210044.9 s, ωt:  21.00 (3.34 periods), wall: 1.720 hours, Δt:   0.91, CFL: 7.20e-01
i: 206000, t:  210125.7 s, ωt:  21.01 (3.34 periods), wall: 1.721 hours, Δt:   0.88, CFL: 7.20e-01
i: 206100, t:  210215.5 s, ωt:  21.02 (3.35 periods), wall: 1.722 hours, Δt:   0.95, CFL: 7.20e-01
i: 206200, t:  210305.4 s, ωt:  21.03 (3.35 periods), wall: 1.723 hours, Δt:   0.70, CFL: 7.20e-01
i: 206300, t:  210389.3 s, ωt:  21.04 (3.35 periods), wall: 1.723 hours, Δt:   0.91, CFL: 7.20e-01
i: 206400, t:  210478.4 s, ωt:  21.05 (3.35 periods), wall: 1.724 hours, Δt:   0.78, CFL: 7.20e-01
i: 206500, t:  210568.5 s, ωt:  21.06 (3.35 periods), wall: 1.725 hours, Δt:   0.98, CFL: 7.20e-01
i: 206600, t:  210665.3 s, ωt:  21.07 (3.35 periods), wall: 1.726 hours, Δt:   0.90, CFL: 7.20e-01
i: 206700, t:  210747.6 s, ωt:  21.07 (3.35 periods), wall: 1.727 hours, Δt:   0.81, CFL: 7.20e-01
i: 206800, t:  210836.6 s, ωt:  21.08 (3.36 periods), wall: 1.728 hours, Δt:   0.87, CFL: 7.20e-01
i: 206900, t:  210934.7 s, ωt:  21.09 (3.36 periods), wall: 1.728 hours, Δt:   1.01, CFL: 7.20e-01
i: 207000, t:  211022.4 s, ωt:  21.10 (3.36 periods), wall: 1.729 hours, Δt:   0.96, CFL: 7.20e-01
i: 207100, t:  211115.0 s, ωt:  21.11 (3.36 periods), wall: 1.730 hours, Δt:   0.76, CFL: 7.20e-01
i: 207200, t:  211205.4 s, ωt:  21.12 (3.36 periods), wall: 1.731 hours, Δt:   0.84, CFL: 7.20e-01
i: 207300, t:  211299.4 s, ωt:  21.13 (3.36 periods), wall: 1.732 hours, Δt:   0.92, CFL: 7.20e-01
i: 207400, t:  211395.9 s, ωt:  21.14 (3.36 periods), wall: 1.733 hours, Δt:   0.99, CFL: 7.20e-01
i: 207500, t:  211485.6 s, ωt:  21.15 (3.37 periods), wall: 1.733 hours, Δt:   0.94, CFL: 7.20e-01
i: 207600, t:  211581.2 s, ωt:  21.16 (3.37 periods), wall: 1.734 hours, Δt:   1.18, CFL: 7.20e-01
i: 207700, t:  211687.1 s, ωt:  21.17 (3.37 periods), wall: 1.735 hours, Δt:   0.81, CFL: 7.20e-01
i: 207800, t:  211779.5 s, ωt:  21.18 (3.37 periods), wall: 1.736 hours, Δt:   1.07, CFL: 7.20e-01
i: 207900, t:  211891.7 s, ωt:  21.19 (3.37 periods), wall: 1.737 hours, Δt:   1.13, CFL: 7.20e-01
i: 208000, t:  211994.8 s, ωt:  21.20 (3.37 periods), wall: 1.738 hours, Δt:   1.12, CFL: 7.20e-01
i: 208100, t:  212108.9 s, ωt:  21.21 (3.38 periods), wall: 1.738 hours, Δt:   1.33, CFL: 7.20e-01
i: 208200, t:  212231.0 s, ωt:  21.22 (3.38 periods), wall: 1.739 hours, Δt:   1.10, CFL: 7.20e-01
i: 208300, t:  212345.0 s, ωt:  21.23 (3.38 periods), wall: 1.740 hours, Δt:   1.17, CFL: 7.20e-01
i: 208400, t:  212456.1 s, ωt:  21.25 (3.38 periods), wall: 1.741 hours, Δt:   0.95, CFL: 7.20e-01
i: 208500, t:  212557.3 s, ωt:  21.26 (3.38 periods), wall: 1.742 hours, Δt:   0.98, CFL: 7.20e-01
i: 208600, t:  212674.8 s, ωt:  21.27 (3.38 periods), wall: 1.743 hours, Δt:   1.23, CFL: 7.20e-01
i: 208700, t:  212799.4 s, ωt:  21.28 (3.39 periods), wall: 1.743 hours, Δt:   1.06, CFL: 7.20e-01
i: 208800, t:  212912.8 s, ωt:  21.29 (3.39 periods), wall: 1.744 hours, Δt:   1.08, CFL: 7.20e-01
i: 208900, t:  213028.1 s, ωt:  21.30 (3.39 periods), wall: 1.745 hours, Δt:   0.96, CFL: 7.20e-01
i: 209000, t:  213140.9 s, ωt:  21.31 (3.39 periods), wall: 1.746 hours, Δt:   1.10, CFL: 7.20e-01
i: 209100, t:  213257.5 s, ωt:  21.33 (3.39 periods), wall: 1.747 hours, Δt:   1.24, CFL: 7.20e-01
i: 209200, t:  213387.1 s, ωt:  21.34 (3.40 periods), wall: 1.748 hours, Δt:   1.40, CFL: 7.20e-01
i: 209300, t:  213502.0 s, ωt:  21.35 (3.40 periods), wall: 1.748 hours, Δt:   0.96, CFL: 7.20e-01
i: 209400, t:  213615.3 s, ωt:  21.36 (3.40 periods), wall: 1.749 hours, Δt:   1.31, CFL: 7.20e-01
i: 209500, t:  213734.4 s, ωt:  21.37 (3.40 periods), wall: 1.750 hours, Δt:   1.17, CFL: 7.20e-01
i: 209600, t:  213860.5 s, ωt:  21.39 (3.40 periods), wall: 1.751 hours, Δt:   1.19, CFL: 7.20e-01
i: 209700, t:  213989.2 s, ωt:  21.40 (3.41 periods), wall: 1.752 hours, Δt:   1.27, CFL: 7.20e-01
i: 209800, t:  214109.2 s, ωt:  21.41 (3.41 periods), wall: 1.753 hours, Δt:   1.25, CFL: 7.20e-01
i: 209900, t:  214234.5 s, ωt:  21.42 (3.41 periods), wall: 1.753 hours, Δt:   1.01, CFL: 7.20e-01
i: 210000, t:  214361.2 s, ωt:  21.44 (3.41 periods), wall: 1.754 hours, Δt:   1.34, CFL: 7.20e-01
i: 210100, t:  214492.5 s, ωt:  21.45 (3.41 periods), wall: 1.755 hours, Δt:   1.19, CFL: 7.20e-01
i: 210200, t:  214620.1 s, ωt:  21.46 (3.42 periods), wall: 1.756 hours, Δt:   1.34, CFL: 7.20e-01
i: 210300, t:  214763.4 s, ωt:  21.48 (3.42 periods), wall: 1.757 hours, Δt:   1.34, CFL: 7.20e-01
i: 210400, t:  214894.7 s, ωt:  21.49 (3.42 periods), wall: 1.758 hours, Δt:   1.52, CFL: 7.20e-01
i: 210500, t:  215047.9 s, ωt:  21.50 (3.42 periods), wall: 1.758 hours, Δt:   1.47, CFL: 7.20e-01
i: 210600, t:  215210.4 s, ωt:  21.52 (3.43 periods), wall: 1.759 hours, Δt:   1.61, CFL: 7.20e-01
i: 210700, t:  215374.2 s, ωt:  21.54 (3.43 periods), wall: 1.760 hours, Δt:   1.68, CFL: 7.20e-01
i: 210800, t:  215530.0 s, ωt:  21.55 (3.43 periods), wall: 1.761 hours, Δt:   1.30, CFL: 7.20e-01
i: 210900, t:  215714.8 s, ωt:  21.57 (3.43 periods), wall: 1.762 hours, Δt:   2.07, CFL: 7.20e-01
i: 211000, t:  215913.4 s, ωt:  21.59 (3.44 periods), wall: 1.762 hours, Δt:   2.18, CFL: 7.20e-01
i: 211100, t:  216120.2 s, ωt:  21.61 (3.44 periods), wall: 1.763 hours, Δt:   2.08, CFL: 7.20e-01
i: 211200, t:  216298.2 s, ωt:  21.63 (3.44 periods), wall: 1.764 hours, Δt:   1.60, CFL: 7.20e-01
i: 211300, t:  216489.6 s, ωt:  21.65 (3.45 periods), wall: 1.765 hours, Δt:   1.83, CFL: 7.20e-01
i: 211400, t:  216669.1 s, ωt:  21.67 (3.45 periods), wall: 1.766 hours, Δt:   1.83, CFL: 7.20e-01
i: 211500, t:  216862.1 s, ωt:  21.69 (3.45 periods), wall: 1.767 hours, Δt:   1.74, CFL: 7.20e-01
i: 211600, t:  217068.8 s, ωt:  21.71 (3.45 periods), wall: 1.767 hours, Δt:   1.76, CFL: 7.20e-01
i: 211700, t:  217260.8 s, ωt:  21.73 (3.46 periods), wall: 1.768 hours, Δt:   1.99, CFL: 7.20e-01
i: 211800, t:  217479.8 s, ωt:  21.75 (3.46 periods), wall: 1.769 hours, Δt:   2.09, CFL: 7.20e-01
i: 211900, t:  217685.1 s, ωt:  21.77 (3.46 periods), wall: 1.770 hours, Δt:   2.47, CFL: 7.20e-01
i: 212000, t:  217929.8 s, ωt:  21.79 (3.47 periods), wall: 1.771 hours, Δt:   2.83, CFL: 7.20e-01
i: 212100, t:  218232.8 s, ωt:  21.82 (3.47 periods), wall: 1.772 hours, Δt:   2.89, CFL: 7.20e-01
i: 212200, t:  218504.1 s, ωt:  21.85 (3.48 periods), wall: 1.772 hours, Δt:   2.96, CFL: 7.20e-01
i: 212300, t:  218788.8 s, ωt:  21.88 (3.48 periods), wall: 1.773 hours, Δt:   2.92, CFL: 7.20e-01
i: 212400, t:  219039.7 s, ωt:  21.90 (3.49 periods), wall: 1.774 hours, Δt:   2.90, CFL: 7.20e-01
i: 212500, t:  219330.1 s, ωt:  21.93 (3.49 periods), wall: 1.775 hours, Δt:   2.83, CFL: 7.20e-01
i: 212600, t:  219656.5 s, ωt:  21.97 (3.50 periods), wall: 1.776 hours, Δt:   3.09, CFL: 7.20e-01
i: 212700, t:  219944.2 s, ωt:  21.99 (3.50 periods), wall: 1.777 hours, Δt:   3.25, CFL: 7.20e-01
i: 212800, t:  220242.3 s, ωt:  22.02 (3.51 periods), wall: 1.778 hours, Δt:   2.83, CFL: 7.20e-01
i: 212900, t:  220509.8 s, ωt:  22.05 (3.51 periods), wall: 1.778 hours, Δt:   2.41, CFL: 7.20e-01
i: 213000, t:  220755.0 s, ωt:  22.08 (3.51 periods), wall: 1.779 hours, Δt:   2.85, CFL: 7.20e-01
i: 213100, t:  221012.9 s, ωt:  22.10 (3.52 periods), wall: 1.780 hours, Δt:   2.55, CFL: 7.20e-01
i: 213200, t:  221254.4 s, ωt:  22.13 (3.52 periods), wall: 1.781 hours, Δt:   2.53, CFL: 7.20e-01
i: 213300, t:  221496.3 s, ωt:  22.15 (3.53 periods), wall: 1.782 hours, Δt:   2.79, CFL: 7.20e-01
i: 213400, t:  221741.1 s, ωt:  22.17 (3.53 periods), wall: 1.783 hours, Δt:   2.05, CFL: 7.20e-01
i: 213500, t:  221939.3 s, ωt:  22.19 (3.53 periods), wall: 1.783 hours, Δt:   2.54, CFL: 7.20e-01
i: 213600, t:  222162.9 s, ωt:  22.22 (3.54 periods), wall: 1.784 hours, Δt:   2.20, CFL: 7.20e-01
i: 213700, t:  222358.8 s, ωt:  22.24 (3.54 periods), wall: 1.785 hours, Δt:   2.11, CFL: 7.20e-01
i: 213800, t:  222542.2 s, ωt:  22.25 (3.54 periods), wall: 1.786 hours, Δt:   1.83, CFL: 7.20e-01
i: 213900, t:  222699.4 s, ωt:  22.27 (3.54 periods), wall: 1.787 hours, Δt:   1.43, CFL: 7.20e-01
i: 214000, t:  222861.8 s, ωt:  22.29 (3.55 periods), wall: 1.788 hours, Δt:   1.46, CFL: 7.20e-01
i: 214100, t:  223010.1 s, ωt:  22.30 (3.55 periods), wall: 1.788 hours, Δt:   1.75, CFL: 7.20e-01
i: 214200, t:  223177.8 s, ωt:  22.32 (3.55 periods), wall: 1.789 hours, Δt:   1.54, CFL: 7.20e-01
i: 214300, t:  223326.4 s, ωt:  22.33 (3.55 periods), wall: 1.790 hours, Δt:   1.51, CFL: 7.20e-01
i: 214400, t:  223470.6 s, ωt:  22.35 (3.56 periods), wall: 1.791 hours, Δt:   1.45, CFL: 7.20e-01
i: 214500, t:  223614.9 s, ωt:  22.36 (3.56 periods), wall: 1.792 hours, Δt:   1.15, CFL: 7.20e-01
i: 214600, t:  223739.5 s, ωt:  22.37 (3.56 periods), wall: 1.793 hours, Δt:   1.36, CFL: 7.20e-01
i: 214700, t:  223871.0 s, ωt:  22.39 (3.56 periods), wall: 1.793 hours, Δt:   1.42, CFL: 7.20e-01
i: 214800, t:  224008.0 s, ωt:  22.40 (3.57 periods), wall: 1.794 hours, Δt:   1.40, CFL: 7.20e-01
i: 214900, t:  224151.2 s, ωt:  22.42 (3.57 periods), wall: 1.795 hours, Δt:   1.36, CFL: 7.20e-01
i: 215000, t:  224283.4 s, ωt:  22.43 (3.57 periods), wall: 1.796 hours, Δt:   1.22, CFL: 7.20e-01
i: 215100, t:  224403.8 s, ωt:  22.44 (3.57 periods), wall: 1.797 hours, Δt:   1.11, CFL: 7.20e-01
i: 215200, t:  224531.8 s, ωt:  22.45 (3.57 periods), wall: 1.797 hours, Δt:   1.25, CFL: 7.20e-01
i: 215300, t:  224654.7 s, ωt:  22.47 (3.58 periods), wall: 1.798 hours, Δt:   1.23, CFL: 7.20e-01
i: 215400, t:  224782.7 s, ωt:  22.48 (3.58 periods), wall: 1.799 hours, Δt:   1.26, CFL: 7.20e-01
i: 215500, t:  224909.2 s, ωt:  22.49 (3.58 periods), wall: 1.800 hours, Δt:   1.23, CFL: 7.20e-01
i: 215600, t:  225024.9 s, ωt:  22.50 (3.58 periods), wall: 1.801 hours, Δt:   1.21, CFL: 7.20e-01
i: 215700, t:  225125.2 s, ωt:  22.51 (3.58 periods), wall: 1.802 hours, Δt:   1.05, CFL: 7.20e-01
i: 215800, t:  225229.8 s, ωt:  22.52 (3.58 periods), wall: 1.802 hours, Δt:   0.95, CFL: 7.20e-01
i: 215900, t:  225321.3 s, ωt:  22.53 (3.59 periods), wall: 1.803 hours, Δt:   0.73, CFL: 7.20e-01
i: 216000, t:  225413.1 s, ωt:  22.54 (3.59 periods), wall: 1.804 hours, Δt:   1.07, CFL: 7.20e-01
i: 216100, t:  225510.1 s, ωt:  22.55 (3.59 periods), wall: 1.805 hours, Δt:   0.88, CFL: 7.20e-01
i: 216200, t:  225590.4 s, ωt:  22.56 (3.59 periods), wall: 1.806 hours, Δt:   0.94, CFL: 7.20e-01
i: 216300, t:  225689.9 s, ωt:  22.57 (3.59 periods), wall: 1.807 hours, Δt:   0.99, CFL: 7.20e-01
i: 216400, t:  225793.9 s, ωt:  22.58 (3.59 periods), wall: 1.807 hours, Δt:   1.05, CFL: 7.20e-01
i: 216500, t:  225900.2 s, ωt:  22.59 (3.60 periods), wall: 1.808 hours, Δt:   1.04, CFL: 7.20e-01
i: 216600, t:  226002.1 s, ωt:  22.60 (3.60 periods), wall: 1.809 hours, Δt:   1.09, CFL: 7.20e-01
i: 216700, t:  226113.5 s, ωt:  22.61 (3.60 periods), wall: 1.810 hours, Δt:   1.06, CFL: 7.20e-01
i: 216800, t:  226218.8 s, ωt:  22.62 (3.60 periods), wall: 1.811 hours, Δt:   1.02, CFL: 7.20e-01
i: 216900, t:  226324.6 s, ωt:  22.63 (3.60 periods), wall: 1.812 hours, Δt:   0.94, CFL: 7.20e-01
i: 217000, t:  226417.0 s, ωt:  22.64 (3.60 periods), wall: 1.812 hours, Δt:   1.07, CFL: 7.20e-01
i: 217100, t:  226522.1 s, ωt:  22.65 (3.61 periods), wall: 1.813 hours, Δt:   0.98, CFL: 7.20e-01
i: 217200, t:  226615.7 s, ωt:  22.66 (3.61 periods), wall: 1.814 hours, Δt:   1.01, CFL: 7.20e-01
i: 217300, t:  226712.5 s, ωt:  22.67 (3.61 periods), wall: 1.815 hours, Δt:   0.99, CFL: 7.20e-01
i: 217400, t:  226802.6 s, ωt:  22.68 (3.61 periods), wall: 1.816 hours, Δt:   0.86, CFL: 7.20e-01
i: 217500, t:  226896.3 s, ωt:  22.69 (3.61 periods), wall: 1.817 hours, Δt:   0.87, CFL: 7.20e-01
i: 217600, t:  226993.6 s, ωt:  22.70 (3.61 periods), wall: 1.817 hours, Δt:   1.00, CFL: 7.20e-01
i: 217700, t:  227083.7 s, ωt:  22.71 (3.61 periods), wall: 1.818 hours, Δt:   0.85, CFL: 7.20e-01
i: 217800, t:  227175.3 s, ωt:  22.72 (3.62 periods), wall: 1.819 hours, Δt:   0.86, CFL: 7.20e-01
i: 217900, t:  227267.7 s, ωt:  22.73 (3.62 periods), wall: 1.820 hours, Δt:   1.02, CFL: 7.20e-01
i: 218000, t:  227356.7 s, ωt:  22.74 (3.62 periods), wall: 1.821 hours, Δt:   0.88, CFL: 7.20e-01
i: 218100, t:  227444.5 s, ωt:  22.74 (3.62 periods), wall: 1.822 hours, Δt:   0.89, CFL: 7.20e-01
i: 218200, t:  227533.4 s, ωt:  22.75 (3.62 periods), wall: 1.822 hours, Δt:   0.77, CFL: 7.20e-01
i: 218300, t:  227624.6 s, ωt:  22.76 (3.62 periods), wall: 1.823 hours, Δt:   0.78, CFL: 7.20e-01
i: 218400, t:  227702.4 s, ωt:  22.77 (3.62 periods), wall: 1.824 hours, Δt:   0.97, CFL: 7.20e-01
i: 218500, t:  227789.9 s, ωt:  22.78 (3.63 periods), wall: 1.825 hours, Δt:   0.86, CFL: 7.20e-01
i: 218600, t:  227876.0 s, ωt:  22.79 (3.63 periods), wall: 1.826 hours, Δt:   0.86, CFL: 7.20e-01
i: 218700, t:  227959.0 s, ωt:  22.80 (3.63 periods), wall: 1.827 hours, Δt:   0.80, CFL: 7.20e-01
i: 218800, t:  228045.1 s, ωt:  22.80 (3.63 periods), wall: 1.827 hours, Δt:   0.96, CFL: 7.20e-01
i: 218900, t:  228134.2 s, ωt:  22.81 (3.63 periods), wall: 1.828 hours, Δt:   0.88, CFL: 7.20e-01
i: 219000, t:  228218.4 s, ωt:  22.82 (3.63 periods), wall: 1.829 hours, Δt:   0.86, CFL: 7.20e-01
i: 219100, t:  228302.8 s, ωt:  22.83 (3.63 periods), wall: 1.830 hours, Δt:   0.84, CFL: 7.20e-01
i: 219200, t:  228387.1 s, ωt:  22.84 (3.63 periods), wall: 1.831 hours, Δt:   0.71, CFL: 7.20e-01
i: 219300, t:  228468.0 s, ωt:  22.85 (3.64 periods), wall: 1.832 hours, Δt:   0.99, CFL: 7.20e-01
i: 219400, t:  228556.3 s, ωt:  22.86 (3.64 periods), wall: 1.832 hours, Δt:   0.97, CFL: 7.20e-01
i: 219500, t:  228645.9 s, ωt:  22.86 (3.64 periods), wall: 1.833 hours, Δt:   0.87, CFL: 7.20e-01
i: 219600, t:  228719.6 s, ωt:  22.87 (3.64 periods), wall: 1.834 hours, Δt:   0.76, CFL: 7.20e-01
i: 219700, t:  228799.6 s, ωt:  22.88 (3.64 periods), wall: 1.835 hours, Δt:   0.77, CFL: 7.20e-01
i: 219800, t:  228875.9 s, ωt:  22.89 (3.64 periods), wall: 1.836 hours, Δt:   0.83, CFL: 7.20e-01
i: 219900, t:  228955.8 s, ωt:  22.90 (3.64 periods), wall: 1.837 hours, Δt:   0.80, CFL: 7.20e-01
i: 220000, t:  229030.7 s, ωt:  22.90 (3.65 periods), wall: 1.837 hours, Δt:   0.71, CFL: 7.20e-01
i: 220100, t:  229108.9 s, ωt:  22.91 (3.65 periods), wall: 1.838 hours, Δt:   0.88, CFL: 7.20e-01
i: 220200, t:  229193.2 s, ωt:  22.92 (3.65 periods), wall: 1.839 hours, Δt:   0.84, CFL: 7.20e-01
i: 220300, t:  229267.1 s, ωt:  22.93 (3.65 periods), wall: 1.840 hours, Δt:   0.70, CFL: 7.20e-01
i: 220400, t:  229347.9 s, ωt:  22.93 (3.65 periods), wall: 1.841 hours, Δt:   0.84, CFL: 7.20e-01
i: 220500, t:  229426.5 s, ωt:  22.94 (3.65 periods), wall: 1.841 hours, Δt:   0.87, CFL: 7.20e-01
i: 220600, t:  229504.8 s, ωt:  22.95 (3.65 periods), wall: 1.842 hours, Δt:   0.71, CFL: 7.20e-01
i: 220700, t:  229576.8 s, ωt:  22.96 (3.65 periods), wall: 1.843 hours, Δt:   0.61, CFL: 7.20e-01
i: 220800, t:  229652.2 s, ωt:  22.97 (3.66 periods), wall: 1.844 hours, Δt:   0.90, CFL: 7.20e-01
i: 220900, t:  229726.2 s, ωt:  22.97 (3.66 periods), wall: 1.845 hours, Δt:   0.62, CFL: 7.20e-01
i: 221000, t:  229800.9 s, ωt:  22.98 (3.66 periods), wall: 1.846 hours, Δt:   0.84, CFL: 7.20e-01
i: 221100, t:  229878.0 s, ωt:  22.99 (3.66 periods), wall: 1.846 hours, Δt:   0.78, CFL: 7.20e-01
i: 221200, t:  229955.9 s, ωt:  23.00 (3.66 periods), wall: 1.847 hours, Δt:   0.84, CFL: 7.20e-01
i: 221300, t:  230038.7 s, ωt:  23.00 (3.66 periods), wall: 1.848 hours, Δt:   0.86, CFL: 7.20e-01
i: 221400, t:  230115.8 s, ωt:  23.01 (3.66 periods), wall: 1.849 hours, Δt:   0.73, CFL: 7.20e-01
i: 221500, t:  230183.5 s, ωt:  23.02 (3.66 periods), wall: 1.850 hours, Δt:   0.74, CFL: 7.20e-01
i: 221600, t:  230256.2 s, ωt:  23.03 (3.66 periods), wall: 1.851 hours, Δt:   0.66, CFL: 7.20e-01
i: 221700, t:  230327.9 s, ωt:  23.03 (3.67 periods), wall: 1.851 hours, Δt:   0.78, CFL: 7.20e-01
i: 221800, t:  230401.5 s, ωt:  23.04 (3.67 periods), wall: 1.852 hours, Δt:   0.84, CFL: 7.20e-01
i: 221900, t:  230481.7 s, ωt:  23.05 (3.67 periods), wall: 1.853 hours, Δt:   0.80, CFL: 7.20e-01
i: 222000, t:  230552.0 s, ωt:  23.06 (3.67 periods), wall: 1.854 hours, Δt:   0.73, CFL: 7.20e-01
i: 222100, t:  230630.4 s, ωt:  23.06 (3.67 periods), wall: 1.855 hours, Δt:   0.80, CFL: 7.20e-01
i: 222200, t:  230706.7 s, ωt:  23.07 (3.67 periods), wall: 1.856 hours, Δt:   0.71, CFL: 7.20e-01
i: 222300, t:  230780.3 s, ωt:  23.08 (3.67 periods), wall: 1.856 hours, Δt:   0.84, CFL: 7.20e-01
i: 222400, t:  230855.5 s, ωt:  23.09 (3.67 periods), wall: 1.857 hours, Δt:   0.85, CFL: 7.20e-01
i: 222500, t:  230930.4 s, ωt:  23.09 (3.68 periods), wall: 1.858 hours, Δt:   0.85, CFL: 7.20e-01
i: 222600, t:  231007.0 s, ωt:  23.10 (3.68 periods), wall: 1.859 hours, Δt:   0.81, CFL: 7.20e-01
i: 222700, t:  231079.9 s, ωt:  23.11 (3.68 periods), wall: 1.860 hours, Δt:   0.69, CFL: 7.20e-01
i: 222800, t:  231155.1 s, ωt:  23.12 (3.68 periods), wall: 1.861 hours, Δt:   0.75, CFL: 7.20e-01
i: 222900, t:  231228.1 s, ωt:  23.12 (3.68 periods), wall: 1.861 hours, Δt:   0.70, CFL: 7.20e-01
i: 223000, t:  231297.8 s, ωt:  23.13 (3.68 periods), wall: 1.862 hours, Δt:   0.70, CFL: 7.20e-01
i: 223100, t:  231374.6 s, ωt:  23.14 (3.68 periods), wall: 1.863 hours, Δt:   0.85, CFL: 7.20e-01
i: 223200, t:  231451.4 s, ωt:  23.15 (3.68 periods), wall: 1.864 hours, Δt:   0.68, CFL: 7.20e-01
i: 223300, t:  231521.3 s, ωt:  23.15 (3.68 periods), wall: 1.865 hours, Δt:   0.65, CFL: 7.20e-01
i: 223400, t:  231595.7 s, ωt:  23.16 (3.69 periods), wall: 1.866 hours, Δt:   0.65, CFL: 7.20e-01
i: 223500, t:  231660.0 s, ωt:  23.17 (3.69 periods), wall: 1.866 hours, Δt:   0.69, CFL: 7.20e-01
i: 223600, t:  231725.1 s, ωt:  23.17 (3.69 periods), wall: 1.867 hours, Δt:   0.60, CFL: 7.20e-01
i: 223700, t:  231792.5 s, ωt:  23.18 (3.69 periods), wall: 1.868 hours, Δt:   0.73, CFL: 7.20e-01
i: 223800, t:  231865.9 s, ωt:  23.19 (3.69 periods), wall: 1.869 hours, Δt:   0.63, CFL: 7.20e-01
i: 223900, t:  231933.9 s, ωt:  23.19 (3.69 periods), wall: 1.870 hours, Δt:   0.68, CFL: 7.20e-01
i: 224000, t:  232001.9 s, ωt:  23.20 (3.69 periods), wall: 1.871 hours, Δt:   0.76, CFL: 7.20e-01
i: 224100, t:  232067.6 s, ωt:  23.21 (3.69 periods), wall: 1.871 hours, Δt:   0.66, CFL: 7.20e-01
i: 224200, t:  232139.6 s, ωt:  23.21 (3.69 periods), wall: 1.872 hours, Δt:   0.71, CFL: 7.20e-01
i: 224300, t:  232205.0 s, ωt:  23.22 (3.70 periods), wall: 1.873 hours, Δt:   0.65, CFL: 7.20e-01
i: 224400, t:  232275.2 s, ωt:  23.23 (3.70 periods), wall: 1.874 hours, Δt:   0.67, CFL: 7.20e-01
i: 224500, t:  232347.2 s, ωt:  23.23 (3.70 periods), wall: 1.875 hours, Δt:   0.71, CFL: 7.20e-01
i: 224600, t:  232413.2 s, ωt:  23.24 (3.70 periods), wall: 1.876 hours, Δt:   0.60, CFL: 7.20e-01
i: 224700, t:  232479.8 s, ωt:  23.25 (3.70 periods), wall: 1.876 hours, Δt:   0.71, CFL: 7.20e-01
i: 224800, t:  232551.8 s, ωt:  23.26 (3.70 periods), wall: 1.877 hours, Δt:   0.76, CFL: 7.20e-01
i: 224900, t:  232627.0 s, ωt:  23.26 (3.70 periods), wall: 1.878 hours, Δt:   0.79, CFL: 7.20e-01
i: 225000, t:  232699.5 s, ωt:  23.27 (3.70 periods), wall: 1.879 hours, Δt:   0.71, CFL: 7.20e-01
i: 225100, t:  232773.1 s, ωt:  23.28 (3.70 periods), wall: 1.880 hours, Δt:   0.69, CFL: 7.20e-01
i: 225200, t:  232845.1 s, ωt:  23.28 (3.71 periods), wall: 1.881 hours, Δt:   0.65, CFL: 7.20e-01
i: 225300, t:  232911.1 s, ωt:  23.29 (3.71 periods), wall: 1.881 hours, Δt:   0.72, CFL: 7.20e-01
i: 225400, t:  232980.5 s, ωt:  23.30 (3.71 periods), wall: 1.882 hours, Δt:   0.69, CFL: 7.20e-01
i: 225500, t:  233056.9 s, ωt:  23.31 (3.71 periods), wall: 1.883 hours, Δt:   0.68, CFL: 7.20e-01
i: 225600, t:  233126.0 s, ωt:  23.31 (3.71 periods), wall: 1.884 hours, Δt:   0.74, CFL: 7.20e-01
i: 225700, t:  233196.9 s, ωt:  23.32 (3.71 periods), wall: 1.885 hours, Δt:   0.66, CFL: 7.20e-01
i: 225800, t:  233267.1 s, ωt:  23.33 (3.71 periods), wall: 1.886 hours, Δt:   0.68, CFL: 7.20e-01
i: 225900, t:  233333.9 s, ωt:  23.33 (3.71 periods), wall: 1.886 hours, Δt:   0.77, CFL: 7.20e-01
i: 226000, t:  233406.1 s, ωt:  23.34 (3.71 periods), wall: 1.887 hours, Δt:   0.73, CFL: 7.20e-01
i: 226100, t:  233481.6 s, ωt:  23.35 (3.72 periods), wall: 1.888 hours, Δt:   0.71, CFL: 7.20e-01
i: 226200, t:  233553.7 s, ωt:  23.36 (3.72 periods), wall: 1.889 hours, Δt:   0.71, CFL: 7.20e-01
i: 226300, t:  233617.1 s, ωt:  23.36 (3.72 periods), wall: 1.890 hours, Δt:   0.71, CFL: 7.20e-01
i: 226400, t:  233683.1 s, ωt:  23.37 (3.72 periods), wall: 1.891 hours, Δt:   0.69, CFL: 7.20e-01
i: 226500, t:  233757.6 s, ωt:  23.38 (3.72 periods), wall: 1.891 hours, Δt:   0.69, CFL: 7.20e-01
i: 226600, t:  233829.5 s, ωt:  23.38 (3.72 periods), wall: 1.892 hours, Δt:   0.68, CFL: 7.20e-01
i: 226700, t:  233900.8 s, ωt:  23.39 (3.72 periods), wall: 1.893 hours, Δt:   0.70, CFL: 7.20e-01
i: 226800, t:  233970.1 s, ωt:  23.40 (3.72 periods), wall: 1.894 hours, Δt:   0.76, CFL: 7.20e-01
i: 226900, t:  234045.0 s, ωt:  23.40 (3.72 periods), wall: 1.895 hours, Δt:   0.66, CFL: 7.20e-01
i: 227000, t:  234118.7 s, ωt:  23.41 (3.73 periods), wall: 1.896 hours, Δt:   0.79, CFL: 7.20e-01
i: 227100, t:  234191.5 s, ωt:  23.42 (3.73 periods), wall: 1.896 hours, Δt:   0.71, CFL: 7.20e-01
i: 227200, t:  234253.8 s, ωt:  23.43 (3.73 periods), wall: 1.897 hours, Δt:   0.67, CFL: 7.20e-01
i: 227300, t:  234322.6 s, ωt:  23.43 (3.73 periods), wall: 1.898 hours, Δt:   0.57, CFL: 7.20e-01
i: 227400, t:  234383.5 s, ωt:  23.44 (3.73 periods), wall: 1.899 hours, Δt:   0.66, CFL: 7.20e-01
i: 227500, t:  234454.9 s, ωt:  23.45 (3.73 periods), wall: 1.900 hours, Δt:   0.59, CFL: 7.20e-01
i: 227600, t:  234517.9 s, ωt:  23.45 (3.73 periods), wall: 1.901 hours, Δt:   0.63, CFL: 7.20e-01
i: 227700, t:  234585.1 s, ωt:  23.46 (3.73 periods), wall: 1.901 hours, Δt:   0.55, CFL: 7.20e-01
i: 227800, t:  234644.9 s, ωt:  23.46 (3.73 periods), wall: 1.902 hours, Δt:   0.59, CFL: 7.20e-01
i: 227900, t:  234714.8 s, ωt:  23.47 (3.74 periods), wall: 1.903 hours, Δt:   0.78, CFL: 7.20e-01
i: 228000, t:  234789.6 s, ωt:  23.48 (3.74 periods), wall: 1.904 hours, Δt:   0.74, CFL: 7.20e-01
i: 228100, t:  234858.9 s, ωt:  23.49 (3.74 periods), wall: 1.905 hours, Δt:   0.75, CFL: 7.20e-01
i: 228200, t:  234936.1 s, ωt:  23.49 (3.74 periods), wall: 1.905 hours, Δt:   0.74, CFL: 7.20e-01
i: 228300, t:  235006.5 s, ωt:  23.50 (3.74 periods), wall: 1.906 hours, Δt:   0.72, CFL: 7.20e-01
i: 228400, t:  235080.3 s, ωt:  23.51 (3.74 periods), wall: 1.907 hours, Δt:   0.69, CFL: 7.20e-01
i: 228500, t:  235151.2 s, ωt:  23.52 (3.74 periods), wall: 1.908 hours, Δt:   0.79, CFL: 7.20e-01
i: 228600, t:  235226.8 s, ωt:  23.52 (3.74 periods), wall: 1.909 hours, Δt:   0.68, CFL: 7.20e-01
i: 228700, t:  235296.5 s, ωt:  23.53 (3.74 periods), wall: 1.910 hours, Δt:   0.64, CFL: 7.20e-01
i: 228800, t:  235361.5 s, ωt:  23.54 (3.75 periods), wall: 1.910 hours, Δt:   0.59, CFL: 7.20e-01
i: 228900, t:  235428.8 s, ωt:  23.54 (3.75 periods), wall: 1.911 hours, Δt:   0.68, CFL: 7.20e-01
i: 229000, t:  235500.7 s, ωt:  23.55 (3.75 periods), wall: 1.912 hours, Δt:   0.81, CFL: 7.20e-01
i: 229100, t:  235574.8 s, ωt:  23.56 (3.75 periods), wall: 1.913 hours, Δt:   0.86, CFL: 7.20e-01
i: 229200, t:  235651.2 s, ωt:  23.57 (3.75 periods), wall: 1.914 hours, Δt:   0.83, CFL: 7.20e-01
i: 229300, t:  235725.2 s, ωt:  23.57 (3.75 periods), wall: 1.915 hours, Δt:   0.83, CFL: 7.20e-01
i: 229400, t:  235801.4 s, ωt:  23.58 (3.75 periods), wall: 1.915 hours, Δt:   0.71, CFL: 7.20e-01
i: 229500, t:  235876.6 s, ωt:  23.59 (3.75 periods), wall: 1.916 hours, Δt:   0.78, CFL: 7.20e-01
i: 229600, t:  235956.0 s, ωt:  23.60 (3.76 periods), wall: 1.917 hours, Δt:   0.71, CFL: 7.20e-01
i: 229700, t:  236033.7 s, ωt:  23.60 (3.76 periods), wall: 1.918 hours, Δt:   0.73, CFL: 7.20e-01
i: 229800, t:  236100.0 s, ωt:  23.61 (3.76 periods), wall: 1.919 hours, Δt:   0.56, CFL: 7.20e-01
i: 229900, t:  236174.4 s, ωt:  23.62 (3.76 periods), wall: 1.920 hours, Δt:   0.83, CFL: 7.20e-01
i: 230000, t:  236245.3 s, ωt:  23.62 (3.76 periods), wall: 1.920 hours, Δt:   0.78, CFL: 7.20e-01
i: 230100, t:  236317.5 s, ωt:  23.63 (3.76 periods), wall: 1.921 hours, Δt:   0.71, CFL: 7.20e-01
i: 230200, t:  236392.1 s, ωt:  23.64 (3.76 periods), wall: 1.922 hours, Δt:   0.72, CFL: 7.20e-01
i: 230300, t:  236460.5 s, ωt:  23.65 (3.76 periods), wall: 1.923 hours, Δt:   0.56, CFL: 7.20e-01
i: 230400, t:  236518.6 s, ωt:  23.65 (3.76 periods), wall: 1.924 hours, Δt:   0.58, CFL: 7.20e-01
i: 230500, t:  236582.3 s, ωt:  23.66 (3.77 periods), wall: 1.925 hours, Δt:   0.78, CFL: 7.20e-01
i: 230600, t:  236649.5 s, ωt:  23.66 (3.77 periods), wall: 1.925 hours, Δt:   0.67, CFL: 7.20e-01
i: 230700, t:  236721.7 s, ωt:  23.67 (3.77 periods), wall: 1.926 hours, Δt:   0.80, CFL: 7.20e-01
i: 230800, t:  236787.8 s, ωt:  23.68 (3.77 periods), wall: 1.927 hours, Δt:   0.65, CFL: 7.20e-01
i: 230900, t:  236854.0 s, ωt:  23.69 (3.77 periods), wall: 1.928 hours, Δt:   0.64, CFL: 7.20e-01
i: 231000, t:  236921.8 s, ωt:  23.69 (3.77 periods), wall: 1.929 hours, Δt:   0.59, CFL: 7.20e-01
i: 231100, t:  236985.5 s, ωt:  23.70 (3.77 periods), wall: 1.930 hours, Δt:   0.72, CFL: 7.20e-01
i: 231200, t:  237052.0 s, ωt:  23.71 (3.77 periods), wall: 1.930 hours, Δt:   0.59, CFL: 7.20e-01
i: 231300, t:  237117.2 s, ωt:  23.71 (3.77 periods), wall: 1.931 hours, Δt:   0.66, CFL: 7.20e-01
i: 231400, t:  237190.1 s, ωt:  23.72 (3.77 periods), wall: 1.932 hours, Δt:   0.70, CFL: 7.20e-01
i: 231500, t:  237267.1 s, ωt:  23.73 (3.78 periods), wall: 1.933 hours, Δt:   0.66, CFL: 7.20e-01
i: 231600, t:  237330.0 s, ωt:  23.73 (3.78 periods), wall: 1.934 hours, Δt:   0.68, CFL: 7.20e-01
i: 231700, t:  237404.5 s, ωt:  23.74 (3.78 periods), wall: 1.935 hours, Δt:   0.79, CFL: 7.20e-01
i: 231800, t:  237477.9 s, ωt:  23.75 (3.78 periods), wall: 1.935 hours, Δt:   0.75, CFL: 7.20e-01
i: 231900, t:  237554.5 s, ωt:  23.76 (3.78 periods), wall: 1.936 hours, Δt:   0.71, CFL: 7.20e-01
i: 232000, t:  237628.6 s, ωt:  23.76 (3.78 periods), wall: 1.937 hours, Δt:   0.65, CFL: 7.20e-01
i: 232100, t:  237705.6 s, ωt:  23.77 (3.78 periods), wall: 1.938 hours, Δt:   0.73, CFL: 7.20e-01
i: 232200, t:  237775.8 s, ωt:  23.78 (3.78 periods), wall: 1.939 hours, Δt:   0.71, CFL: 7.20e-01
i: 232300, t:  237843.5 s, ωt:  23.78 (3.79 periods), wall: 1.940 hours, Δt:   0.70, CFL: 7.20e-01
i: 232400, t:  237921.1 s, ωt:  23.79 (3.79 periods), wall: 1.940 hours, Δt:   0.81, CFL: 7.20e-01
i: 232500, t:  237994.4 s, ωt:  23.80 (3.79 periods), wall: 1.941 hours, Δt:   0.69, CFL: 7.20e-01
i: 232600, t:  238065.1 s, ωt:  23.81 (3.79 periods), wall: 1.942 hours, Δt:   0.77, CFL: 7.20e-01
i: 232700, t:  238141.8 s, ωt:  23.81 (3.79 periods), wall: 1.943 hours, Δt:   0.84, CFL: 7.20e-01
i: 232800, t:  238218.1 s, ωt:  23.82 (3.79 periods), wall: 1.944 hours, Δt:   0.70, CFL: 7.20e-01
i: 232900, t:  238291.5 s, ωt:  23.83 (3.79 periods), wall: 1.945 hours, Δt:   0.75, CFL: 7.20e-01
i: 233000, t:  238354.1 s, ωt:  23.84 (3.79 periods), wall: 1.945 hours, Δt:   0.66, CFL: 7.20e-01
i: 233100, t:  238424.4 s, ωt:  23.84 (3.79 periods), wall: 1.946 hours, Δt:   0.64, CFL: 7.20e-01
i: 233200, t:  238491.9 s, ωt:  23.85 (3.80 periods), wall: 1.947 hours, Δt:   0.62, CFL: 7.20e-01
i: 233300, t:  238560.7 s, ωt:  23.86 (3.80 periods), wall: 1.948 hours, Δt:   0.83, CFL: 7.20e-01
i: 233400, t:  238637.5 s, ωt:  23.86 (3.80 periods), wall: 1.949 hours, Δt:   0.77, CFL: 7.20e-01
i: 233500, t:  238710.4 s, ωt:  23.87 (3.80 periods), wall: 1.949 hours, Δt:   0.76, CFL: 7.20e-01
i: 233600, t:  238793.1 s, ωt:  23.88 (3.80 periods), wall: 1.950 hours, Δt:   0.78, CFL: 7.20e-01
i: 233700, t:  238870.4 s, ωt:  23.89 (3.80 periods), wall: 1.951 hours, Δt:   0.69, CFL: 7.20e-01
i: 233800, t:  238943.6 s, ωt:  23.89 (3.80 periods), wall: 1.952 hours, Δt:   0.76, CFL: 7.20e-01
i: 233900, t:  239023.3 s, ωt:  23.90 (3.80 periods), wall: 1.953 hours, Δt:   0.77, CFL: 7.20e-01
i: 234000, t:  239092.1 s, ωt:  23.91 (3.81 periods), wall: 1.954 hours, Δt:   0.78, CFL: 7.20e-01
i: 234100, t:  239169.0 s, ωt:  23.92 (3.81 periods), wall: 1.954 hours, Δt:   0.91, CFL: 7.20e-01
i: 234200, t:  239254.5 s, ωt:  23.93 (3.81 periods), wall: 1.955 hours, Δt:   0.78, CFL: 7.20e-01
i: 234300, t:  239330.0 s, ωt:  23.93 (3.81 periods), wall: 1.956 hours, Δt:   0.73, CFL: 7.20e-01
i: 234400, t:  239404.6 s, ωt:  23.94 (3.81 periods), wall: 1.957 hours, Δt:   0.77, CFL: 7.20e-01
i: 234500, t:  239482.4 s, ωt:  23.95 (3.81 periods), wall: 1.958 hours, Δt:   0.65, CFL: 7.20e-01
i: 234600, t:  239560.0 s, ωt:  23.96 (3.81 periods), wall: 1.959 hours, Δt:   0.74, CFL: 7.20e-01
i: 234700, t:  239629.9 s, ωt:  23.96 (3.81 periods), wall: 1.959 hours, Δt:   0.70, CFL: 7.20e-01
i: 234800, t:  239702.9 s, ωt:  23.97 (3.81 periods), wall: 1.960 hours, Δt:   0.76, CFL: 7.20e-01
i: 234900, t:  239777.6 s, ωt:  23.98 (3.82 periods), wall: 1.961 hours, Δt:   0.80, CFL: 7.20e-01
i: 235000, t:  239859.9 s, ωt:  23.99 (3.82 periods), wall: 1.962 hours, Δt:   0.79, CFL: 7.20e-01
i: 235100, t:  239936.0 s, ωt:  23.99 (3.82 periods), wall: 1.963 hours, Δt:   0.72, CFL: 7.20e-01
i: 235200, t:  240012.7 s, ωt:  24.00 (3.82 periods), wall: 1.964 hours, Δt:   0.79, CFL: 7.20e-01
i: 235300, t:  240088.8 s, ωt:  24.01 (3.82 periods), wall: 1.964 hours, Δt:   0.66, CFL: 7.20e-01
i: 235400, t:  240161.1 s, ωt:  24.02 (3.82 periods), wall: 1.965 hours, Δt:   0.75, CFL: 7.20e-01
i: 235500, t:  240238.1 s, ωt:  24.02 (3.82 periods), wall: 1.966 hours, Δt:   0.86, CFL: 7.20e-01
i: 235600, t:  240325.5 s, ωt:  24.03 (3.82 periods), wall: 1.967 hours, Δt:   0.79, CFL: 7.20e-01
i: 235700, t:  240409.2 s, ωt:  24.04 (3.83 periods), wall: 1.968 hours, Δt:   0.91, CFL: 7.20e-01
i: 235800, t:  240488.0 s, ωt:  24.05 (3.83 periods), wall: 1.969 hours, Δt:   0.93, CFL: 7.20e-01
i: 235900, t:  240582.6 s, ωt:  24.06 (3.83 periods), wall: 1.969 hours, Δt:   0.92, CFL: 7.20e-01
i: 236000, t:  240670.3 s, ωt:  24.07 (3.83 periods), wall: 1.970 hours, Δt:   0.85, CFL: 7.20e-01
i: 236100, t:  240758.2 s, ωt:  24.08 (3.83 periods), wall: 1.971 hours, Δt:   1.01, CFL: 7.20e-01
i: 236200, t:  240853.1 s, ωt:  24.09 (3.83 periods), wall: 1.972 hours, Δt:   0.78, CFL: 7.20e-01
i: 236300, t:  240947.0 s, ωt:  24.09 (3.83 periods), wall: 1.973 hours, Δt:   0.98, CFL: 7.20e-01
i: 236400, t:  241022.3 s, ωt:  24.10 (3.84 periods), wall: 1.974 hours, Δt:   0.82, CFL: 7.20e-01
i: 236500, t:  241106.3 s, ωt:  24.11 (3.84 periods), wall: 1.974 hours, Δt:   0.91, CFL: 7.20e-01
i: 236600, t:  241188.5 s, ωt:  24.12 (3.84 periods), wall: 1.975 hours, Δt:   0.69, CFL: 7.20e-01
i: 236700, t:  241272.3 s, ωt:  24.13 (3.84 periods), wall: 1.976 hours, Δt:   0.80, CFL: 7.20e-01
i: 236800, t:  241351.8 s, ωt:  24.14 (3.84 periods), wall: 1.977 hours, Δt:   0.84, CFL: 7.20e-01
i: 236900, t:  241436.1 s, ωt:  24.14 (3.84 periods), wall: 1.978 hours, Δt:   0.74, CFL: 7.20e-01
i: 237000, t:  241515.9 s, ωt:  24.15 (3.84 periods), wall: 1.979 hours, Δt:   0.87, CFL: 7.20e-01
i: 237100, t:  241600.9 s, ωt:  24.16 (3.85 periods), wall: 1.979 hours, Δt:   0.72, CFL: 7.20e-01
i: 237200, t:  241674.8 s, ωt:  24.17 (3.85 periods), wall: 1.980 hours, Δt:   0.83, CFL: 7.20e-01
i: 237300, t:  241753.0 s, ωt:  24.18 (3.85 periods), wall: 1.981 hours, Δt:   0.71, CFL: 7.20e-01
i: 237400, t:  241839.1 s, ωt:  24.18 (3.85 periods), wall: 1.982 hours, Δt:   0.77, CFL: 7.20e-01
i: 237500, t:  241923.7 s, ωt:  24.19 (3.85 periods), wall: 1.983 hours, Δt:   0.82, CFL: 7.20e-01
i: 237600, t:  242007.2 s, ωt:  24.20 (3.85 periods), wall: 1.984 hours, Δt:   0.92, CFL: 7.20e-01
i: 237700, t:  242094.0 s, ωt:  24.21 (3.85 periods), wall: 1.984 hours, Δt:   0.96, CFL: 7.20e-01
i: 237800, t:  242187.7 s, ωt:  24.22 (3.85 periods), wall: 1.985 hours, Δt:   0.89, CFL: 7.20e-01
i: 237900, t:  242284.9 s, ωt:  24.23 (3.86 periods), wall: 1.986 hours, Δt:   0.98, CFL: 7.20e-01
i: 238000, t:  242372.5 s, ωt:  24.24 (3.86 periods), wall: 1.987 hours, Δt:   0.81, CFL: 7.20e-01
i: 238100, t:  242458.8 s, ωt:  24.25 (3.86 periods), wall: 1.988 hours, Δt:   0.87, CFL: 7.20e-01
i: 238200, t:  242545.2 s, ωt:  24.25 (3.86 periods), wall: 1.989 hours, Δt:   1.02, CFL: 7.20e-01
i: 238300, t:  242637.7 s, ωt:  24.26 (3.86 periods), wall: 1.989 hours, Δt:   0.89, CFL: 7.20e-01
i: 238400, t:  242734.2 s, ωt:  24.27 (3.86 periods), wall: 1.990 hours, Δt:   0.98, CFL: 7.20e-01
i: 238500, t:  242829.5 s, ωt:  24.28 (3.86 periods), wall: 1.991 hours, Δt:   0.97, CFL: 7.20e-01
i: 238600, t:  242926.5 s, ωt:  24.29 (3.87 periods), wall: 1.992 hours, Δt:   1.08, CFL: 7.20e-01
i: 238700, t:  243027.0 s, ωt:  24.30 (3.87 periods), wall: 1.993 hours, Δt:   0.95, CFL: 7.20e-01
i: 238800, t:  243130.3 s, ωt:  24.31 (3.87 periods), wall: 1.994 hours, Δt:   0.94, CFL: 7.20e-01
i: 238900, t:  243225.1 s, ωt:  24.32 (3.87 periods), wall: 1.994 hours, Δt:   1.09, CFL: 7.20e-01
i: 239000, t:  243337.9 s, ωt:  24.33 (3.87 periods), wall: 1.995 hours, Δt:   1.09, CFL: 7.20e-01
i: 239100, t:  243455.2 s, ωt:  24.35 (3.87 periods), wall: 1.996 hours, Δt:   1.26, CFL: 7.20e-01
i: 239200, t:  243565.0 s, ωt:  24.36 (3.88 periods), wall: 1.997 hours, Δt:   1.09, CFL: 7.20e-01
i: 239300, t:  243671.2 s, ωt:  24.37 (3.88 periods), wall: 1.998 hours, Δt:   1.16, CFL: 7.20e-01
i: 239400, t:  243778.6 s, ωt:  24.38 (3.88 periods), wall: 1.999 hours, Δt:   1.14, CFL: 7.20e-01
i: 239500, t:  243888.7 s, ωt:  24.39 (3.88 periods), wall: 1.999 hours, Δt:   1.30, CFL: 7.20e-01
i: 239600, t:  244011.7 s, ωt:  24.40 (3.88 periods), wall: 2.000 hours, Δt:   1.13, CFL: 7.20e-01
i: 239700, t:  244126.5 s, ωt:  24.41 (3.89 periods), wall: 2.001 hours, Δt:   1.23, CFL: 7.20e-01
i: 239800, t:  244228.3 s, ωt:  24.42 (3.89 periods), wall: 2.002 hours, Δt:   0.85, CFL: 7.20e-01
i: 239900, t:  244326.7 s, ωt:  24.43 (3.89 periods), wall: 2.003 hours, Δt:   0.93, CFL: 7.20e-01
i: 240000, t:  244434.2 s, ωt:  24.44 (3.89 periods), wall: 2.003 hours, Δt:   1.10, CFL: 7.20e-01
i: 240100, t:  244536.8 s, ωt:  24.45 (3.89 periods), wall: 2.004 hours, Δt:   0.87, CFL: 7.20e-01
i: 240200, t:  244636.3 s, ωt:  24.46 (3.89 periods), wall: 2.005 hours, Δt:   1.09, CFL: 7.20e-01
i: 240300, t:  244748.5 s, ωt:  24.47 (3.90 periods), wall: 2.006 hours, Δt:   1.17, CFL: 7.20e-01
i: 240400, t:  244857.6 s, ωt:  24.49 (3.90 periods), wall: 2.007 hours, Δt:   0.97, CFL: 7.20e-01
i: 240500, t:  244969.9 s, ωt:  24.50 (3.90 periods), wall: 2.008 hours, Δt:   1.16, CFL: 7.20e-01
i: 240600, t:  245095.2 s, ωt:  24.51 (3.90 periods), wall: 2.008 hours, Δt:   1.40, CFL: 7.20e-01
i: 240700, t:  245230.8 s, ωt:  24.52 (3.90 periods), wall: 2.009 hours, Δt:   1.21, CFL: 7.20e-01
i: 240800, t:  245355.3 s, ωt:  24.54 (3.90 periods), wall: 2.010 hours, Δt:   1.30, CFL: 7.20e-01
i: 240900, t:  245482.8 s, ωt:  24.55 (3.91 periods), wall: 2.011 hours, Δt:   1.40, CFL: 7.20e-01
i: 241000, t:  245606.1 s, ωt:  24.56 (3.91 periods), wall: 2.012 hours, Δt:   1.34, CFL: 7.20e-01
i: 241100, t:  245731.5 s, ωt:  24.57 (3.91 periods), wall: 2.013 hours, Δt:   1.32, CFL: 7.20e-01
i: 241200, t:  245876.2 s, ωt:  24.59 (3.91 periods), wall: 2.013 hours, Δt:   1.32, CFL: 7.20e-01
i: 241300, t:  246030.7 s, ωt:  24.60 (3.92 periods), wall: 2.014 hours, Δt:   1.75, CFL: 7.20e-01
i: 241400, t:  246192.6 s, ωt:  24.62 (3.92 periods), wall: 2.015 hours, Δt:   1.78, CFL: 7.20e-01
i: 241500, t:  246329.6 s, ωt:  24.63 (3.92 periods), wall: 2.016 hours, Δt:   1.34, CFL: 7.20e-01
i: 241600, t:  246455.5 s, ωt:  24.65 (3.92 periods), wall: 2.017 hours, Δt:   1.45, CFL: 7.20e-01
i: 241700, t:  246603.1 s, ωt:  24.66 (3.92 periods), wall: 2.018 hours, Δt:   1.28, CFL: 7.20e-01
i: 241800, t:  246739.7 s, ωt:  24.67 (3.93 periods), wall: 2.018 hours, Δt:   1.26, CFL: 7.20e-01
i: 241900, t:  246882.2 s, ωt:  24.69 (3.93 periods), wall: 2.019 hours, Δt:   1.46, CFL: 7.20e-01
i: 242000, t:  247032.6 s, ωt:  24.70 (3.93 periods), wall: 2.020 hours, Δt:   1.38, CFL: 7.20e-01
i: 242100, t:  247182.0 s, ωt:  24.72 (3.93 periods), wall: 2.021 hours, Δt:   1.71, CFL: 7.20e-01
i: 242200, t:  247339.2 s, ωt:  24.73 (3.94 periods), wall: 2.022 hours, Δt:   1.57, CFL: 7.20e-01
i: 242300, t:  247501.4 s, ωt:  24.75 (3.94 periods), wall: 2.023 hours, Δt:   1.87, CFL: 7.20e-01
i: 242400, t:  247690.6 s, ωt:  24.77 (3.94 periods), wall: 2.023 hours, Δt:   1.77, CFL: 7.20e-01
i: 242500, t:  247855.7 s, ωt:  24.79 (3.94 periods), wall: 2.024 hours, Δt:   1.77, CFL: 7.20e-01
i: 242600, t:  248034.2 s, ωt:  24.80 (3.95 periods), wall: 2.025 hours, Δt:   1.61, CFL: 7.20e-01
i: 242700, t:  248227.2 s, ωt:  24.82 (3.95 periods), wall: 2.026 hours, Δt:   2.11, CFL: 7.20e-01
i: 242800, t:  248412.7 s, ωt:  24.84 (3.95 periods), wall: 2.027 hours, Δt:   1.73, CFL: 7.20e-01
i: 242900, t:  248584.7 s, ωt:  24.86 (3.96 periods), wall: 2.028 hours, Δt:   1.84, CFL: 7.20e-01
i: 243000, t:  248798.9 s, ωt:  24.88 (3.96 periods), wall: 2.028 hours, Δt:   2.09, CFL: 7.20e-01
i: 243100, t:  249015.0 s, ωt:  24.90 (3.96 periods), wall: 2.029 hours, Δt:   2.64, CFL: 7.20e-01
i: 243200, t:  249241.3 s, ωt:  24.92 (3.97 periods), wall: 2.030 hours, Δt:   1.96, CFL: 7.20e-01
i: 243300, t:  249474.0 s, ωt:  24.95 (3.97 periods), wall: 2.031 hours, Δt:   2.53, CFL: 7.20e-01
i: 243400, t:  249734.5 s, ωt:  24.97 (3.97 periods), wall: 2.032 hours, Δt:   2.57, CFL: 7.20e-01
i: 243500, t:  249991.9 s, ωt:  25.00 (3.98 periods), wall: 2.033 hours, Δt:   2.36, CFL: 7.20e-01
i: 243600, t:  250267.2 s, ωt:  25.03 (3.98 periods), wall: 2.033 hours, Δt:   2.66, CFL: 7.20e-01
i: 243700, t:  250569.3 s, ωt:  25.06 (3.99 periods), wall: 2.034 hours, Δt:   3.34, CFL: 7.20e-01
i: 243800, t:  250850.9 s, ωt:  25.09 (3.99 periods), wall: 2.035 hours, Δt:   2.81, CFL: 7.17e-01
i: 243900, t:  251177.2 s, ωt:  25.12 (4.00 periods), wall: 2.036 hours, Δt:   3.08, CFL: 7.20e-01
i: 244000, t:  251471.4 s, ωt:  25.15 (4.00 periods), wall: 2.037 hours, Δt:   2.89, CFL: 7.20e-01
i: 244100, t:  251774.9 s, ωt:  25.18 (4.01 periods), wall: 2.038 hours, Δt:   2.84, CFL: 7.20e-01
i: 244200, t:  252051.3 s, ωt:  25.21 (4.01 periods), wall: 2.039 hours, Δt:   2.77, CFL: 7.20e-01
i: 244300, t:  252304.2 s, ωt:  25.23 (4.02 periods), wall: 2.039 hours, Δt:   2.43, CFL: 7.20e-01
i: 244400, t:  252547.3 s, ωt:  25.25 (4.02 periods), wall: 2.040 hours, Δt:   2.74, CFL: 7.20e-01
i: 244500, t:  252821.6 s, ωt:  25.28 (4.02 periods), wall: 2.041 hours, Δt:   2.50, CFL: 7.20e-01
i: 244600, t:  253064.6 s, ωt:  25.31 (4.03 periods), wall: 2.042 hours, Δt:   2.25, CFL: 7.20e-01
i: 244700, t:  253281.3 s, ωt:  25.33 (4.03 periods), wall: 2.043 hours, Δt:   2.21, CFL: 7.20e-01
i: 244800, t:  253501.7 s, ωt:  25.35 (4.03 periods), wall: 2.044 hours, Δt:   2.06, CFL: 7.20e-01
i: 244900, t:  253705.2 s, ωt:  25.37 (4.04 periods), wall: 2.044 hours, Δt:   2.11, CFL: 7.20e-01
i: 245000, t:  253894.5 s, ωt:  25.39 (4.04 periods), wall: 2.045 hours, Δt:   2.16, CFL: 7.20e-01
i: 245100, t:  254086.1 s, ωt:  25.41 (4.04 periods), wall: 2.046 hours, Δt:   1.45, CFL: 7.20e-01
i: 245200, t:  254257.6 s, ωt:  25.43 (4.05 periods), wall: 2.047 hours, Δt:   1.58, CFL: 7.20e-01
i: 245300, t:  254433.8 s, ωt:  25.44 (4.05 periods), wall: 2.048 hours, Δt:   1.59, CFL: 7.20e-01
i: 245400, t:  254592.8 s, ωt:  25.46 (4.05 periods), wall: 2.049 hours, Δt:   1.82, CFL: 7.20e-01
i: 245500, t:  254754.4 s, ωt:  25.48 (4.05 periods), wall: 2.049 hours, Δt:   1.71, CFL: 7.20e-01
i: 245600, t:  254903.5 s, ωt:  25.49 (4.06 periods), wall: 2.050 hours, Δt:   1.56, CFL: 7.20e-01
i: 245700, t:  255061.3 s, ωt:  25.51 (4.06 periods), wall: 2.051 hours, Δt:   1.39, CFL: 7.20e-01
i: 245800, t:  255211.3 s, ωt:  25.52 (4.06 periods), wall: 2.052 hours, Δt:   1.53, CFL: 7.20e-01
i: 245900, t:  255354.7 s, ωt:  25.54 (4.06 periods), wall: 2.053 hours, Δt:   1.38, CFL: 7.20e-01
i: 246000, t:  255498.5 s, ωt:  25.55 (4.07 periods), wall: 2.054 hours, Δt:   1.58, CFL: 7.20e-01
i: 246100, t:  255639.7 s, ωt:  25.56 (4.07 periods), wall: 2.054 hours, Δt:   1.26, CFL: 7.20e-01
i: 246200, t:  255762.1 s, ωt:  25.58 (4.07 periods), wall: 2.055 hours, Δt:   1.27, CFL: 7.20e-01
i: 246300, t:  255890.1 s, ωt:  25.59 (4.07 periods), wall: 2.056 hours, Δt:   1.35, CFL: 7.20e-01
i: 246400, t:  256019.9 s, ωt:  25.60 (4.07 periods), wall: 2.057 hours, Δt:   1.30, CFL: 7.20e-01
i: 246500, t:  256147.9 s, ωt:  25.61 (4.08 periods), wall: 2.058 hours, Δt:   1.05, CFL: 7.20e-01
i: 246600, t:  256254.6 s, ωt:  25.63 (4.08 periods), wall: 2.059 hours, Δt:   1.03, CFL: 7.20e-01
i: 246700, t:  256372.0 s, ωt:  25.64 (4.08 periods), wall: 2.059 hours, Δt:   1.24, CFL: 7.20e-01
i: 246800, t:  256485.0 s, ωt:  25.65 (4.08 periods), wall: 2.060 hours, Δt:   1.10, CFL: 7.20e-01
i: 246900, t:  256594.2 s, ωt:  25.66 (4.08 periods), wall: 2.061 hours, Δt:   1.07, CFL: 7.20e-01
i: 247000, t:  256717.0 s, ωt:  25.67 (4.09 periods), wall: 2.062 hours, Δt:   1.19, CFL: 7.20e-01
i: 247100, t:  256831.3 s, ωt:  25.68 (4.09 periods), wall: 2.063 hours, Δt:   1.08, CFL: 7.20e-01
i: 247200, t:  256937.0 s, ωt:  25.69 (4.09 periods), wall: 2.064 hours, Δt:   1.05, CFL: 7.20e-01
i: 247300, t:  257050.5 s, ωt:  25.71 (4.09 periods), wall: 2.064 hours, Δt:   0.93, CFL: 7.20e-01
i: 247400, t:  257151.3 s, ωt:  25.72 (4.09 periods), wall: 2.065 hours, Δt:   1.14, CFL: 7.20e-01
i: 247500, t:  257261.6 s, ωt:  25.73 (4.09 periods), wall: 2.066 hours, Δt:   1.13, CFL: 7.20e-01
i: 247600, t:  257363.1 s, ωt:  25.74 (4.10 periods), wall: 2.067 hours, Δt:   0.95, CFL: 7.20e-01
i: 247700, t:  257474.8 s, ωt:  25.75 (4.10 periods), wall: 2.068 hours, Δt:   1.07, CFL: 7.20e-01
i: 247800, t:  257583.6 s, ωt:  25.76 (4.10 periods), wall: 2.069 hours, Δt:   1.01, CFL: 7.20e-01
i: 247900, t:  257675.7 s, ωt:  25.77 (4.10 periods), wall: 2.069 hours, Δt:   0.92, CFL: 7.20e-01
i: 248000, t:  257783.8 s, ωt:  25.78 (4.10 periods), wall: 2.070 hours, Δt:   1.12, CFL: 7.20e-01
i: 248100, t:  257886.4 s, ωt:  25.79 (4.10 periods), wall: 2.071 hours, Δt:   1.15, CFL: 7.20e-01
i: 248200, t:  257988.1 s, ωt:  25.80 (4.11 periods), wall: 2.072 hours, Δt:   1.03, CFL: 7.20e-01
i: 248300, t:  258088.4 s, ωt:  25.81 (4.11 periods), wall: 2.073 hours, Δt:   1.05, CFL: 7.20e-01
i: 248400, t:  258187.1 s, ωt:  25.82 (4.11 periods), wall: 2.074 hours, Δt:   1.02, CFL: 7.20e-01
i: 248500, t:  258278.7 s, ωt:  25.83 (4.11 periods), wall: 2.074 hours, Δt:   0.95, CFL: 7.20e-01
i: 248600, t:  258369.9 s, ωt:  25.84 (4.11 periods), wall: 2.075 hours, Δt:   0.88, CFL: 7.20e-01
i: 248700, t:  258458.7 s, ωt:  25.85 (4.11 periods), wall: 2.076 hours, Δt:   0.90, CFL: 7.20e-01
i: 248800, t:  258553.1 s, ωt:  25.86 (4.12 periods), wall: 2.077 hours, Δt:   0.94, CFL: 7.20e-01
i: 248900, t:  258633.3 s, ωt:  25.86 (4.12 periods), wall: 2.078 hours, Δt:   0.75, CFL: 7.20e-01
i: 249000, t:  258723.2 s, ωt:  25.87 (4.12 periods), wall: 2.079 hours, Δt:   0.82, CFL: 7.20e-01
i: 249100, t:  258817.2 s, ωt:  25.88 (4.12 periods), wall: 2.079 hours, Δt:   0.92, CFL: 7.20e-01
i: 249200, t:  258903.2 s, ωt:  25.89 (4.12 periods), wall: 2.080 hours, Δt:   0.84, CFL: 7.20e-01
i: 249300, t:  259001.0 s, ωt:  25.90 (4.12 periods), wall: 2.081 hours, Δt:   0.92, CFL: 7.20e-01
i: 249400, t:  259089.9 s, ωt:  25.91 (4.12 periods), wall: 2.082 hours, Δt:   0.93, CFL: 7.20e-01
i: 249500, t:  259179.3 s, ωt:  25.92 (4.12 periods), wall: 2.083 hours, Δt:   0.83, CFL: 7.20e-01
i: 249600, t:  259260.4 s, ωt:  25.93 (4.13 periods), wall: 2.084 hours, Δt:   0.80, CFL: 7.20e-01
i: 249700, t:  259346.8 s, ωt:  25.93 (4.13 periods), wall: 2.084 hours, Δt:   0.86, CFL: 7.20e-01
i: 249800, t:  259431.6 s, ωt:  25.94 (4.13 periods), wall: 2.085 hours, Δt:   0.78, CFL: 7.20e-01
i: 249900, t:  259512.3 s, ωt:  25.95 (4.13 periods), wall: 2.086 hours, Δt:   0.94, CFL: 7.20e-01
i: 250000, t:  259596.9 s, ωt:  25.96 (4.13 periods), wall: 2.087 hours, Δt:   0.91, CFL: 7.20e-01
i: 250100, t:  259689.8 s, ωt:  25.97 (4.13 periods), wall: 2.088 hours, Δt:   1.03, CFL: 7.20e-01
i: 250200, t:  259772.5 s, ωt:  25.98 (4.13 periods), wall: 2.089 hours, Δt:   0.83, CFL: 7.20e-01
i: 250300, t:  259861.9 s, ωt:  25.99 (4.14 periods), wall: 2.089 hours, Δt:   0.97, CFL: 7.20e-01
i: 250400, t:  259956.3 s, ωt:  26.00 (4.14 periods), wall: 2.090 hours, Δt:   0.83, CFL: 7.20e-01
i: 250500, t:  260032.2 s, ωt:  26.00 (4.14 periods), wall: 2.091 hours, Δt:   0.74, CFL: 7.20e-01
i: 250600, t:  260110.8 s, ωt:  26.01 (4.14 periods), wall: 2.092 hours, Δt:   0.82, CFL: 7.20e-01
i: 250700, t:  260190.1 s, ωt:  26.02 (4.14 periods), wall: 2.093 hours, Δt:   0.76, CFL: 7.20e-01
i: 250800, t:  260269.2 s, ωt:  26.03 (4.14 periods), wall: 2.094 hours, Δt:   0.77, CFL: 7.20e-01
i: 250900, t:  260347.3 s, ωt:  26.03 (4.14 periods), wall: 2.094 hours, Δt:   0.87, CFL: 7.20e-01
i: 251000, t:  260432.6 s, ωt:  26.04 (4.14 periods), wall: 2.095 hours, Δt:   0.88, CFL: 7.20e-01
i: 251100, t:  260523.9 s, ωt:  26.05 (4.15 periods), wall: 2.096 hours, Δt:   0.90, CFL: 7.20e-01
i: 251200, t:  260603.4 s, ωt:  26.06 (4.15 periods), wall: 2.097 hours, Δt:   0.90, CFL: 7.20e-01
i: 251300, t:  260689.8 s, ωt:  26.07 (4.15 periods), wall: 2.098 hours, Δt:   0.89, CFL: 7.20e-01
i: 251400, t:  260772.3 s, ωt:  26.08 (4.15 periods), wall: 2.099 hours, Δt:   0.83, CFL: 7.20e-01
i: 251500, t:  260850.1 s, ωt:  26.09 (4.15 periods), wall: 2.099 hours, Δt:   0.74, CFL: 7.20e-01
i: 251600, t:  260936.0 s, ωt:  26.09 (4.15 periods), wall: 2.100 hours, Δt:   0.89, CFL: 7.20e-01
i: 251700, t:  261010.9 s, ωt:  26.10 (4.15 periods), wall: 2.101 hours, Δt:   0.66, CFL: 7.20e-01
i: 251800, t:  261084.4 s, ωt:  26.11 (4.16 periods), wall: 2.102 hours, Δt:   0.85, CFL: 7.20e-01
i: 251900, t:  261164.3 s, ωt:  26.12 (4.16 periods), wall: 2.103 hours, Δt:   0.71, CFL: 7.20e-01
i: 252000, t:  261245.8 s, ωt:  26.12 (4.16 periods), wall: 2.103 hours, Δt:   0.80, CFL: 7.20e-01
i: 252100, t:  261319.9 s, ωt:  26.13 (4.16 periods), wall: 2.104 hours, Δt:   0.73, CFL: 7.20e-01
i: 252200, t:  261406.8 s, ωt:  26.14 (4.16 periods), wall: 2.105 hours, Δt:   0.87, CFL: 7.20e-01
i: 252300, t:  261487.4 s, ωt:  26.15 (4.16 periods), wall: 2.106 hours, Δt:   0.80, CFL: 7.20e-01
i: 252400, t:  261569.9 s, ωt:  26.16 (4.16 periods), wall: 2.107 hours, Δt:   0.81, CFL: 7.20e-01
i: 252500, t:  261650.0 s, ωt:  26.16 (4.16 periods), wall: 2.108 hours, Δt:   0.62, CFL: 7.20e-01
i: 252600, t:  261715.5 s, ωt:  26.17 (4.17 periods), wall: 2.108 hours, Δt:   0.78, CFL: 7.20e-01
i: 252700, t:  261788.8 s, ωt:  26.18 (4.17 periods), wall: 2.109 hours, Δt:   0.75, CFL: 7.20e-01
i: 252800, t:  261858.7 s, ωt:  26.19 (4.17 periods), wall: 2.110 hours, Δt:   0.73, CFL: 7.20e-01
i: 252900, t:  261938.8 s, ωt:  26.19 (4.17 periods), wall: 2.111 hours, Δt:   0.68, CFL: 7.20e-01
i: 253000, t:  262004.0 s, ωt:  26.20 (4.17 periods), wall: 2.112 hours, Δt:   0.70, CFL: 7.20e-01
i: 253100, t:  262083.5 s, ωt:  26.21 (4.17 periods), wall: 2.113 hours, Δt:   0.83, CFL: 7.20e-01
i: 253200, t:  262157.2 s, ωt:  26.22 (4.17 periods), wall: 2.113 hours, Δt:   0.77, CFL: 7.20e-01
i: 253300, t:  262232.4 s, ωt:  26.22 (4.17 periods), wall: 2.114 hours, Δt:   0.71, CFL: 7.20e-01
i: 253400, t:  262306.1 s, ωt:  26.23 (4.17 periods), wall: 2.115 hours, Δt:   0.67, CFL: 7.20e-01
i: 253500, t:  262378.8 s, ωt:  26.24 (4.18 periods), wall: 2.116 hours, Δt:   0.73, CFL: 7.20e-01
i: 253600, t:  262450.7 s, ωt:  26.25 (4.18 periods), wall: 2.117 hours, Δt:   0.70, CFL: 7.20e-01
i: 253700, t:  262529.4 s, ωt:  26.25 (4.18 periods), wall: 2.118 hours, Δt:   0.78, CFL: 7.20e-01
i: 253800, t:  262606.6 s, ωt:  26.26 (4.18 periods), wall: 2.118 hours, Δt:   0.85, CFL: 7.20e-01
i: 253900, t:  262685.1 s, ωt:  26.27 (4.18 periods), wall: 2.119 hours, Δt:   0.86, CFL: 7.20e-01
i: 254000, t:  262763.7 s, ωt:  26.28 (4.18 periods), wall: 2.120 hours, Δt:   0.80, CFL: 7.20e-01
i: 254100, t:  262844.3 s, ωt:  26.28 (4.18 periods), wall: 2.121 hours, Δt:   0.82, CFL: 7.20e-01
i: 254200, t:  262928.2 s, ωt:  26.29 (4.18 periods), wall: 2.122 hours, Δt:   0.76, CFL: 7.20e-01
i: 254300, t:  263001.3 s, ωt:  26.30 (4.19 periods), wall: 2.123 hours, Δt:   0.70, CFL: 7.20e-01
i: 254400, t:  263075.6 s, ωt:  26.31 (4.19 periods), wall: 2.123 hours, Δt:   0.79, CFL: 7.20e-01
i: 254500, t:  263147.1 s, ωt:  26.31 (4.19 periods), wall: 2.124 hours, Δt:   0.88, CFL: 7.20e-01
i: 254600, t:  263229.4 s, ωt:  26.32 (4.19 periods), wall: 2.125 hours, Δt:   0.74, CFL: 7.20e-01
i: 254700, t:  263303.1 s, ωt:  26.33 (4.19 periods), wall: 2.126 hours, Δt:   0.85, CFL: 7.20e-01
i: 254800, t:  263373.4 s, ωt:  26.34 (4.19 periods), wall: 2.127 hours, Δt:   0.62, CFL: 7.20e-01
i: 254900, t:  263452.4 s, ωt:  26.35 (4.19 periods), wall: 2.128 hours, Δt:   0.68, CFL: 7.20e-01
i: 255000, t:  263523.8 s, ωt:  26.35 (4.19 periods), wall: 2.128 hours, Δt:   0.80, CFL: 7.20e-01
i: 255100, t:  263598.8 s, ωt:  26.36 (4.20 periods), wall: 2.129 hours, Δt:   0.67, CFL: 7.20e-01
i: 255200, t:  263671.7 s, ωt:  26.37 (4.20 periods), wall: 2.130 hours, Δt:   0.74, CFL: 7.20e-01
i: 255300, t:  263741.2 s, ωt:  26.37 (4.20 periods), wall: 2.131 hours, Δt:   0.69, CFL: 7.20e-01
i: 255400, t:  263811.3 s, ωt:  26.38 (4.20 periods), wall: 2.132 hours, Δt:   0.73, CFL: 7.20e-01
i: 255500, t:  263885.1 s, ωt:  26.39 (4.20 periods), wall: 2.133 hours, Δt:   0.74, CFL: 7.20e-01
i: 255600, t:  263959.5 s, ωt:  26.40 (4.20 periods), wall: 2.133 hours, Δt:   0.80, CFL: 7.20e-01
i: 255700, t:  264035.7 s, ωt:  26.40 (4.20 periods), wall: 2.134 hours, Δt:   0.76, CFL: 7.20e-01
i: 255800, t:  264112.5 s, ωt:  26.41 (4.20 periods), wall: 2.135 hours, Δt:   0.65, CFL: 7.20e-01
i: 255900, t:  264185.0 s, ωt:  26.42 (4.20 periods), wall: 2.136 hours, Δt:   0.74, CFL: 7.20e-01
i: 256000, t:  264254.9 s, ωt:  26.43 (4.21 periods), wall: 2.137 hours, Δt:   0.70, CFL: 7.20e-01
i: 256100, t:  264324.4 s, ωt:  26.43 (4.21 periods), wall: 2.138 hours, Δt:   0.72, CFL: 7.20e-01
i: 256200, t:  264396.6 s, ωt:  26.44 (4.21 periods), wall: 2.138 hours, Δt:   0.76, CFL: 7.20e-01
i: 256300, t:  264473.2 s, ωt:  26.45 (4.21 periods), wall: 2.139 hours, Δt:   0.71, CFL: 7.20e-01
i: 256400, t:  264546.1 s, ωt:  26.45 (4.21 periods), wall: 2.140 hours, Δt:   0.73, CFL: 7.20e-01
i: 256500, t:  264617.3 s, ωt:  26.46 (4.21 periods), wall: 2.141 hours, Δt:   0.72, CFL: 7.20e-01
i: 256600, t:  264689.0 s, ωt:  26.47 (4.21 periods), wall: 2.142 hours, Δt:   0.79, CFL: 7.20e-01
i: 256700, t:  264769.3 s, ωt:  26.48 (4.21 periods), wall: 2.143 hours, Δt:   0.74, CFL: 7.20e-01
i: 256800, t:  264839.1 s, ωt:  26.48 (4.22 periods), wall: 2.143 hours, Δt:   0.65, CFL: 7.20e-01
i: 256900, t:  264904.4 s, ωt:  26.49 (4.22 periods), wall: 2.144 hours, Δt:   0.74, CFL: 7.20e-01
i: 257000, t:  264978.6 s, ωt:  26.50 (4.22 periods), wall: 2.145 hours, Δt:   0.72, CFL: 7.20e-01
i: 257100, t:  265048.3 s, ωt:  26.50 (4.22 periods), wall: 2.146 hours, Δt:   0.62, CFL: 7.20e-01
i: 257200, t:  265116.3 s, ωt:  26.51 (4.22 periods), wall: 2.147 hours, Δt:   0.70, CFL: 7.20e-01
i: 257300, t:  265175.2 s, ωt:  26.52 (4.22 periods), wall: 2.148 hours, Δt:   0.72, CFL: 7.20e-01
i: 257400, t:  265244.8 s, ωt:  26.52 (4.22 periods), wall: 2.148 hours, Δt:   0.70, CFL: 7.20e-01
i: 257500, t:  265319.4 s, ωt:  26.53 (4.22 periods), wall: 2.149 hours, Δt:   0.69, CFL: 7.20e-01
i: 257600, t:  265387.8 s, ωt:  26.54 (4.22 periods), wall: 2.150 hours, Δt:   0.59, CFL: 7.20e-01
i: 257700, t:  265458.4 s, ωt:  26.55 (4.22 periods), wall: 2.151 hours, Δt:   0.75, CFL: 7.20e-01
i: 257800, t:  265532.8 s, ωt:  26.55 (4.23 periods), wall: 2.152 hours, Δt:   0.82, CFL: 7.20e-01
i: 257900, t:  265608.1 s, ωt:  26.56 (4.23 periods), wall: 2.152 hours, Δt:   0.76, CFL: 7.20e-01
i: 258000, t:  265678.1 s, ωt:  26.57 (4.23 periods), wall: 2.153 hours, Δt:   0.79, CFL: 7.20e-01
i: 258100, t:  265746.2 s, ωt:  26.57 (4.23 periods), wall: 2.154 hours, Δt:   0.70, CFL: 7.20e-01
i: 258200, t:  265818.3 s, ωt:  26.58 (4.23 periods), wall: 2.155 hours, Δt:   0.76, CFL: 7.20e-01
i: 258300, t:  265890.7 s, ωt:  26.59 (4.23 periods), wall: 2.156 hours, Δt:   0.81, CFL: 7.20e-01
i: 258400, t:  265969.1 s, ωt:  26.60 (4.23 periods), wall: 2.157 hours, Δt:   0.72, CFL: 7.20e-01
i: 258500, t:  266047.0 s, ωt:  26.60 (4.23 periods), wall: 2.157 hours, Δt:   0.80, CFL: 7.20e-01
i: 258600, t:  266122.2 s, ωt:  26.61 (4.24 periods), wall: 2.158 hours, Δt:   0.74, CFL: 7.20e-01
i: 258700, t:  266196.0 s, ωt:  26.62 (4.24 periods), wall: 2.159 hours, Δt:   0.75, CFL: 7.20e-01
i: 258800, t:  266270.4 s, ωt:  26.63 (4.24 periods), wall: 2.160 hours, Δt:   0.80, CFL: 7.20e-01
i: 258900, t:  266351.3 s, ωt:  26.64 (4.24 periods), wall: 2.161 hours, Δt:   0.81, CFL: 7.20e-01
i: 259000, t:  266424.0 s, ωt:  26.64 (4.24 periods), wall: 2.162 hours, Δt:   0.74, CFL: 7.20e-01
i: 259100, t:  266496.2 s, ωt:  26.65 (4.24 periods), wall: 2.162 hours, Δt:   0.63, CFL: 7.20e-01
i: 259200, t:  266554.6 s, ωt:  26.66 (4.24 periods), wall: 2.163 hours, Δt:   0.73, CFL: 7.20e-01
i: 259300, t:  266629.0 s, ωt:  26.66 (4.24 periods), wall: 2.164 hours, Δt:   0.79, CFL: 7.20e-01
i: 259400, t:  266707.4 s, ωt:  26.67 (4.24 periods), wall: 2.165 hours, Δt:   0.79, CFL: 7.20e-01
i: 259500, t:  266777.6 s, ωt:  26.68 (4.25 periods), wall: 2.166 hours, Δt:   0.71, CFL: 7.20e-01
i: 259600, t:  266851.1 s, ωt:  26.69 (4.25 periods), wall: 2.167 hours, Δt:   0.76, CFL: 7.20e-01
i: 259700, t:  266926.7 s, ωt:  26.69 (4.25 periods), wall: 2.167 hours, Δt:   0.79, CFL: 7.20e-01
i: 259800, t:  266992.8 s, ωt:  26.70 (4.25 periods), wall: 2.168 hours, Δt:   0.69, CFL: 7.20e-01
i: 259900, t:  267060.5 s, ωt:  26.71 (4.25 periods), wall: 2.169 hours, Δt:   0.65, CFL: 7.20e-01
i: 260000, t:  267125.9 s, ωt:  26.71 (4.25 periods), wall: 2.170 hours, Δt:   0.77, CFL: 7.20e-01
i: 260100, t:  267193.7 s, ωt:  26.72 (4.25 periods), wall: 2.171 hours, Δt:   0.83, CFL: 7.20e-01
i: 260200, t:  267269.8 s, ωt:  26.73 (4.25 periods), wall: 2.172 hours, Δt:   0.73, CFL: 7.20e-01
i: 260300, t:  267352.1 s, ωt:  26.74 (4.26 periods), wall: 2.172 hours, Δt:   0.87, CFL: 7.20e-01
i: 260400, t:  267430.8 s, ωt:  26.74 (4.26 periods), wall: 2.173 hours, Δt:   0.76, CFL: 7.20e-01
i: 260500, t:  267506.9 s, ωt:  26.75 (4.26 periods), wall: 2.174 hours, Δt:   0.76, CFL: 7.20e-01
i: 260600, t:  267584.9 s, ωt:  26.76 (4.26 periods), wall: 2.175 hours, Δt:   0.84, CFL: 7.20e-01
i: 260700, t:  267662.6 s, ωt:  26.77 (4.26 periods), wall: 2.176 hours, Δt:   0.76, CFL: 7.20e-01
i: 260800, t:  267736.3 s, ωt:  26.77 (4.26 periods), wall: 2.177 hours, Δt:   0.67, CFL: 7.20e-01
i: 260900, t:  267806.2 s, ωt:  26.78 (4.26 periods), wall: 2.177 hours, Δt:   0.65, CFL: 7.20e-01
i: 261000, t:  267876.6 s, ωt:  26.79 (4.26 periods), wall: 2.178 hours, Δt:   0.75, CFL: 7.20e-01
i: 261100, t:  267952.7 s, ωt:  26.80 (4.26 periods), wall: 2.179 hours, Δt:   0.68, CFL: 7.20e-01
i: 261200, t:  268020.5 s, ωt:  26.80 (4.27 periods), wall: 2.180 hours, Δt:   0.71, CFL: 7.20e-01
i: 261300, t:  268089.3 s, ωt:  26.81 (4.27 periods), wall: 2.181 hours, Δt:   0.66, CFL: 7.20e-01
i: 261400, t:  268164.3 s, ωt:  26.82 (4.27 periods), wall: 2.182 hours, Δt:   0.74, CFL: 7.20e-01
i: 261500, t:  268239.8 s, ωt:  26.82 (4.27 periods), wall: 2.182 hours, Δt:   0.73, CFL: 7.20e-01
i: 261600, t:  268313.9 s, ωt:  26.83 (4.27 periods), wall: 2.183 hours, Δt:   0.84, CFL: 7.20e-01
i: 261700, t:  268393.2 s, ωt:  26.84 (4.27 periods), wall: 2.184 hours, Δt:   0.81, CFL: 7.20e-01
i: 261800, t:  268478.0 s, ωt:  26.85 (4.27 periods), wall: 2.185 hours, Δt:   0.78, CFL: 7.20e-01
i: 261900, t:  268548.2 s, ωt:  26.85 (4.27 periods), wall: 2.186 hours, Δt:   0.60, CFL: 7.20e-01
i: 262000, t:  268618.6 s, ωt:  26.86 (4.28 periods), wall: 2.187 hours, Δt:   0.85, CFL: 7.20e-01
i: 262100, t:  268694.1 s, ωt:  26.87 (4.28 periods), wall: 2.187 hours, Δt:   0.77, CFL: 7.20e-01
i: 262200, t:  268774.9 s, ωt:  26.88 (4.28 periods), wall: 2.188 hours, Δt:   0.89, CFL: 7.20e-01
i: 262300, t:  268854.3 s, ωt:  26.89 (4.28 periods), wall: 2.189 hours, Δt:   0.81, CFL: 7.20e-01
i: 262400, t:  268937.8 s, ωt:  26.89 (4.28 periods), wall: 2.190 hours, Δt:   0.79, CFL: 7.20e-01
i: 262500, t:  269016.7 s, ωt:  26.90 (4.28 periods), wall: 2.191 hours, Δt:   0.83, CFL: 7.20e-01
i: 262600, t:  269088.2 s, ωt:  26.91 (4.28 periods), wall: 2.192 hours, Δt:   0.69, CFL: 7.20e-01
i: 262700, t:  269161.1 s, ωt:  26.92 (4.28 periods), wall: 2.192 hours, Δt:   0.66, CFL: 7.20e-01
i: 262800, t:  269228.2 s, ωt:  26.92 (4.28 periods), wall: 2.193 hours, Δt:   0.70, CFL: 7.20e-01
i: 262900, t:  269301.6 s, ωt:  26.93 (4.29 periods), wall: 2.194 hours, Δt:   0.72, CFL: 7.20e-01
i: 263000, t:  269371.7 s, ωt:  26.94 (4.29 periods), wall: 2.195 hours, Δt:   0.77, CFL: 7.20e-01
i: 263100, t:  269443.8 s, ωt:  26.94 (4.29 periods), wall: 2.196 hours, Δt:   0.80, CFL: 7.20e-01
i: 263200, t:  269525.9 s, ωt:  26.95 (4.29 periods), wall: 2.197 hours, Δt:   0.79, CFL: 7.20e-01
i: 263300, t:  269597.8 s, ωt:  26.96 (4.29 periods), wall: 2.197 hours, Δt:   0.79, CFL: 7.20e-01
i: 263400, t:  269680.6 s, ωt:  26.97 (4.29 periods), wall: 2.198 hours, Δt:   0.81, CFL: 7.20e-01
i: 263500, t:  269757.9 s, ωt:  26.98 (4.29 periods), wall: 2.199 hours, Δt:   0.78, CFL: 7.20e-01
i: 263600, t:  269839.5 s, ωt:  26.98 (4.29 periods), wall: 2.200 hours, Δt:   0.75, CFL: 7.20e-01
i: 263700, t:  269919.3 s, ωt:  26.99 (4.30 periods), wall: 2.201 hours, Δt:   0.88, CFL: 7.20e-01
i: 263800, t:  270001.7 s, ωt:  27.00 (4.30 periods), wall: 2.202 hours, Δt:   0.81, CFL: 7.20e-01
i: 263900, t:  270081.7 s, ωt:  27.01 (4.30 periods), wall: 2.202 hours, Δt:   0.84, CFL: 7.20e-01
i: 264000, t:  270163.4 s, ωt:  27.02 (4.30 periods), wall: 2.203 hours, Δt:   0.70, CFL: 7.20e-01
i: 264100, t:  270241.1 s, ωt:  27.02 (4.30 periods), wall: 2.204 hours, Δt:   0.76, CFL: 7.20e-01
i: 264200, t:  270316.3 s, ωt:  27.03 (4.30 periods), wall: 2.205 hours, Δt:   0.87, CFL: 7.20e-01
i: 264300, t:  270400.2 s, ωt:  27.04 (4.30 periods), wall: 2.206 hours, Δt:   0.77, CFL: 7.20e-01
i: 264400, t:  270485.5 s, ωt:  27.05 (4.30 periods), wall: 2.206 hours, Δt:   0.95, CFL: 7.20e-01
i: 264500, t:  270573.3 s, ωt:  27.06 (4.31 periods), wall: 2.207 hours, Δt:   0.70, CFL: 7.20e-01
i: 264600, t:  270647.9 s, ωt:  27.06 (4.31 periods), wall: 2.208 hours, Δt:   0.86, CFL: 7.20e-01
i: 264700, t:  270735.7 s, ωt:  27.07 (4.31 periods), wall: 2.209 hours, Δt:   0.80, CFL: 7.20e-01
i: 264800, t:  270817.8 s, ωt:  27.08 (4.31 periods), wall: 2.210 hours, Δt:   0.92, CFL: 7.20e-01
i: 264900, t:  270901.9 s, ωt:  27.09 (4.31 periods), wall: 2.211 hours, Δt:   0.79, CFL: 7.20e-01
i: 265000, t:  270983.8 s, ωt:  27.10 (4.31 periods), wall: 2.211 hours, Δt:   0.82, CFL: 7.20e-01
i: 265100, t:  271070.1 s, ωt:  27.11 (4.31 periods), wall: 2.212 hours, Δt:   0.79, CFL: 7.20e-01
i: 265200, t:  271146.3 s, ωt:  27.11 (4.32 periods), wall: 2.213 hours, Δt:   0.68, CFL: 7.20e-01
i: 265300, t:  271223.6 s, ωt:  27.12 (4.32 periods), wall: 2.214 hours, Δt:   0.87, CFL: 7.20e-01
i: 265400, t:  271308.4 s, ωt:  27.13 (4.32 periods), wall: 2.215 hours, Δt:   0.68, CFL: 7.20e-01
i: 265500, t:  271392.5 s, ωt:  27.14 (4.32 periods), wall: 2.216 hours, Δt:   0.88, CFL: 7.20e-01
i: 265600, t:  271476.8 s, ωt:  27.15 (4.32 periods), wall: 2.216 hours, Δt:   0.84, CFL: 7.20e-01
i: 265700, t:  271566.7 s, ωt:  27.16 (4.32 periods), wall: 2.217 hours, Δt:   1.03, CFL: 7.20e-01
i: 265800, t:  271660.0 s, ωt:  27.17 (4.32 periods), wall: 2.218 hours, Δt:   0.96, CFL: 7.20e-01
i: 265900, t:  271735.9 s, ωt:  27.17 (4.32 periods), wall: 2.219 hours, Δt:   0.55, CFL: 7.20e-01
i: 266000, t:  271812.2 s, ωt:  27.18 (4.33 periods), wall: 2.220 hours, Δt:   0.86, CFL: 7.20e-01
i: 266100, t:  271899.7 s, ωt:  27.19 (4.33 periods), wall: 2.221 hours, Δt:   0.86, CFL: 7.20e-01
i: 266200, t:  271984.3 s, ωt:  27.20 (4.33 periods), wall: 2.221 hours, Δt:   0.96, CFL: 7.20e-01
i: 266300, t:  272069.4 s, ωt:  27.21 (4.33 periods), wall: 2.222 hours, Δt:   0.80, CFL: 7.20e-01
i: 266400, t:  272159.9 s, ωt:  27.22 (4.33 periods), wall: 2.223 hours, Δt:   0.85, CFL: 7.20e-01
i: 266500, t:  272248.0 s, ωt:  27.22 (4.33 periods), wall: 2.224 hours, Δt:   0.85, CFL: 7.20e-01
i: 266600, t:  272339.9 s, ωt:  27.23 (4.33 periods), wall: 2.225 hours, Δt:   0.83, CFL: 7.20e-01
i: 266700, t:  272424.3 s, ωt:  27.24 (4.34 periods), wall: 2.226 hours, Δt:   0.92, CFL: 7.20e-01
i: 266800, t:  272513.3 s, ωt:  27.25 (4.34 periods), wall: 2.226 hours, Δt:   0.81, CFL: 7.20e-01
i: 266900, t:  272612.1 s, ωt:  27.26 (4.34 periods), wall: 2.227 hours, Δt:   0.98, CFL: 7.20e-01
i: 267000, t:  272710.4 s, ωt:  27.27 (4.34 periods), wall: 2.228 hours, Δt:   1.00, CFL: 7.20e-01
i: 267100, t:  272803.1 s, ωt:  27.28 (4.34 periods), wall: 2.229 hours, Δt:   0.76, CFL: 7.20e-01
i: 267200, t:  272892.3 s, ωt:  27.29 (4.34 periods), wall: 2.230 hours, Δt:   0.86, CFL: 7.20e-01
i: 267300, t:  272976.3 s, ωt:  27.30 (4.34 periods), wall: 2.231 hours, Δt:   0.99, CFL: 7.20e-01
i: 267400, t:  273075.7 s, ωt:  27.31 (4.35 periods), wall: 2.231 hours, Δt:   1.09, CFL: 7.20e-01
i: 267500, t:  273176.6 s, ωt:  27.32 (4.35 periods), wall: 2.232 hours, Δt:   0.96, CFL: 7.20e-01
i: 267600, t:  273271.1 s, ωt:  27.33 (4.35 periods), wall: 2.233 hours, Δt:   0.82, CFL: 7.20e-01
i: 267700, t:  273362.7 s, ωt:  27.34 (4.35 periods), wall: 2.234 hours, Δt:   0.90, CFL: 7.20e-01
i: 267800, t:  273455.1 s, ωt:  27.35 (4.35 periods), wall: 2.235 hours, Δt:   1.03, CFL: 7.20e-01
i: 267900, t:  273550.4 s, ωt:  27.36 (4.35 periods), wall: 2.236 hours, Δt:   0.87, CFL: 7.20e-01
i: 268000, t:  273640.5 s, ωt:  27.36 (4.36 periods), wall: 2.236 hours, Δt:   0.92, CFL: 7.20e-01
i: 268100, t:  273732.1 s, ωt:  27.37 (4.36 periods), wall: 2.237 hours, Δt:   0.92, CFL: 7.20e-01
i: 268200, t:  273816.1 s, ωt:  27.38 (4.36 periods), wall: 2.238 hours, Δt:   0.89, CFL: 7.20e-01
i: 268300, t:  273912.5 s, ωt:  27.39 (4.36 periods), wall: 2.239 hours, Δt:   1.02, CFL: 7.20e-01
i: 268400, t:  274008.1 s, ωt:  27.40 (4.36 periods), wall: 2.240 hours, Δt:   1.04, CFL: 7.20e-01
i: 268500, t:  274100.5 s, ωt:  27.41 (4.36 periods), wall: 2.241 hours, Δt:   0.88, CFL: 7.20e-01
i: 268600, t:  274194.8 s, ωt:  27.42 (4.36 periods), wall: 2.241 hours, Δt:   1.00, CFL: 7.20e-01
i: 268700, t:  274296.8 s, ωt:  27.43 (4.37 periods), wall: 2.242 hours, Δt:   1.05, CFL: 7.20e-01
i: 268800, t:  274404.9 s, ωt:  27.44 (4.37 periods), wall: 2.243 hours, Δt:   1.18, CFL: 7.20e-01
i: 268900, t:  274515.9 s, ωt:  27.45 (4.37 periods), wall: 2.244 hours, Δt:   1.19, CFL: 7.20e-01
i: 269000, t:  274625.4 s, ωt:  27.46 (4.37 periods), wall: 2.245 hours, Δt:   1.25, CFL: 7.20e-01
i: 269100, t:  274744.9 s, ωt:  27.47 (4.37 periods), wall: 2.246 hours, Δt:   1.11, CFL: 7.20e-01
i: 269200, t:  274854.6 s, ωt:  27.49 (4.37 periods), wall: 2.246 hours, Δt:   1.10, CFL: 7.20e-01
i: 269300, t:  274962.7 s, ωt:  27.50 (4.38 periods), wall: 2.247 hours, Δt:   1.11, CFL: 7.20e-01
i: 269400, t:  275070.9 s, ωt:  27.51 (4.38 periods), wall: 2.248 hours, Δt:   1.20, CFL: 7.20e-01
i: 269500, t:  275185.7 s, ωt:  27.52 (4.38 periods), wall: 2.249 hours, Δt:   1.17, CFL: 7.20e-01
i: 269600, t:  275287.9 s, ωt:  27.53 (4.38 periods), wall: 2.250 hours, Δt:   1.03, CFL: 7.20e-01
i: 269700, t:  275398.0 s, ωt:  27.54 (4.38 periods), wall: 2.251 hours, Δt:   1.23, CFL: 7.20e-01
i: 269800, t:  275510.1 s, ωt:  27.55 (4.38 periods), wall: 2.251 hours, Δt:   1.06, CFL: 7.20e-01
i: 269900, t:  275601.2 s, ωt:  27.56 (4.39 periods), wall: 2.252 hours, Δt:   0.83, CFL: 7.20e-01
i: 270000, t:  275699.6 s, ωt:  27.57 (4.39 periods), wall: 2.253 hours, Δt:   0.97, CFL: 7.20e-01
i: 270100, t:  275801.5 s, ωt:  27.58 (4.39 periods), wall: 2.254 hours, Δt:   1.31, CFL: 7.20e-01
i: 270200, t:  275924.8 s, ωt:  27.59 (4.39 periods), wall: 2.255 hours, Δt:   1.10, CFL: 7.20e-01
i: 270300, t:  276029.7 s, ωt:  27.60 (4.39 periods), wall: 2.256 hours, Δt:   0.81, CFL: 7.20e-01
i: 270400, t:  276125.0 s, ωt:  27.61 (4.39 periods), wall: 2.256 hours, Δt:   1.07, CFL: 7.20e-01
i: 270500, t:  276241.9 s, ωt:  27.62 (4.40 periods), wall: 2.257 hours, Δt:   1.32, CFL: 7.20e-01
i: 270600, t:  276362.4 s, ωt:  27.64 (4.40 periods), wall: 2.258 hours, Δt:   1.34, CFL: 7.20e-01
i: 270700, t:  276502.7 s, ωt:  27.65 (4.40 periods), wall: 2.259 hours, Δt:   1.47, CFL: 7.20e-01
i: 270800, t:  276641.6 s, ωt:  27.66 (4.40 periods), wall: 2.260 hours, Δt:   1.17, CFL: 7.20e-01
i: 270900, t:  276762.1 s, ωt:  27.68 (4.40 periods), wall: 2.261 hours, Δt:   1.02, CFL: 7.20e-01
i: 271000, t:  276877.9 s, ωt:  27.69 (4.41 periods), wall: 2.261 hours, Δt:   1.35, CFL: 7.20e-01
i: 271100, t:  277012.0 s, ωt:  27.70 (4.41 periods), wall: 2.262 hours, Δt:   1.42, CFL: 7.20e-01
i: 271200, t:  277162.0 s, ωt:  27.72 (4.41 periods), wall: 2.263 hours, Δt:   1.64, CFL: 7.20e-01
i: 271300, t:  277317.1 s, ωt:  27.73 (4.41 periods), wall: 2.264 hours, Δt:   1.54, CFL: 7.20e-01
i: 271400, t:  277479.4 s, ωt:  27.75 (4.42 periods), wall: 2.265 hours, Δt:   1.54, CFL: 7.20e-01
i: 271500, t:  277633.5 s, ωt:  27.76 (4.42 periods), wall: 2.266 hours, Δt:   1.38, CFL: 7.20e-01
i: 271600, t:  277789.5 s, ωt:  27.78 (4.42 periods), wall: 2.266 hours, Δt:   1.62, CFL: 7.20e-01
i: 271700, t:  277941.2 s, ωt:  27.79 (4.42 periods), wall: 2.267 hours, Δt:   1.73, CFL: 7.20e-01
i: 271800, t:  278131.1 s, ωt:  27.81 (4.43 periods), wall: 2.268 hours, Δt:   1.67, CFL: 7.20e-01
i: 271900, t:  278283.7 s, ωt:  27.83 (4.43 periods), wall: 2.269 hours, Δt:   1.31, CFL: 7.20e-01
i: 272000, t:  278457.0 s, ωt:  27.85 (4.43 periods), wall: 2.270 hours, Δt:   1.74, CFL: 7.20e-01
i: 272100, t:  278623.5 s, ωt:  27.86 (4.43 periods), wall: 2.271 hours, Δt:   1.65, CFL: 7.20e-01
i: 272200, t:  278808.6 s, ωt:  27.88 (4.44 periods), wall: 2.271 hours, Δt:   2.04, CFL: 7.20e-01
i: 272300, t:  279006.5 s, ωt:  27.90 (4.44 periods), wall: 2.272 hours, Δt:   1.96, CFL: 7.20e-01
i: 272400, t:  279194.8 s, ωt:  27.92 (4.44 periods), wall: 2.273 hours, Δt:   1.74, CFL: 7.20e-01
i: 272500, t:  279385.5 s, ωt:  27.94 (4.45 periods), wall: 2.274 hours, Δt:   1.99, CFL: 7.20e-01
i: 272600, t:  279598.9 s, ωt:  27.96 (4.45 periods), wall: 2.275 hours, Δt:   1.97, CFL: 7.20e-01
i: 272700, t:  279794.1 s, ωt:  27.98 (4.45 periods), wall: 2.276 hours, Δt:   2.19, CFL: 7.20e-01
i: 272800, t:  280001.6 s, ωt:  28.00 (4.46 periods), wall: 2.276 hours, Δt:   2.28, CFL: 7.20e-01
i: 272900, t:  280223.2 s, ωt:  28.02 (4.46 periods), wall: 2.277 hours, Δt:   2.30, CFL: 7.20e-01
i: 273000, t:  280462.2 s, ωt:  28.05 (4.46 periods), wall: 2.278 hours, Δt:   2.80, CFL: 7.20e-01
i: 273100, t:  280725.3 s, ωt:  28.07 (4.47 periods), wall: 2.279 hours, Δt:   3.30, CFL: 7.20e-01
i: 273200, t:  281052.1 s, ωt:  28.11 (4.47 periods), wall: 2.280 hours, Δt:   3.42, CFL: 7.20e-01
i: 273300, t:  281394.9 s, ωt:  28.14 (4.48 periods), wall: 2.281 hours, Δt:   3.39, CFL: 7.20e-01
i: 273400, t:  281717.4 s, ωt:  28.17 (4.48 periods), wall: 2.281 hours, Δt:   3.69, CFL: 7.20e-01
i: 273500, t:  282053.2 s, ωt:  28.21 (4.49 periods), wall: 2.282 hours, Δt:   3.15, CFL: 7.20e-01
i: 273600, t:  282384.2 s, ωt:  28.24 (4.49 periods), wall: 2.283 hours, Δt:   3.15, CFL: 7.20e-01
i: 273700, t:  282680.9 s, ωt:  28.27 (4.50 periods), wall: 2.284 hours, Δt:   2.86, CFL: 7.20e-01
i: 273800, t:  282967.8 s, ωt:  28.30 (4.50 periods), wall: 2.285 hours, Δt:   2.82, CFL: 7.20e-01
i: 273900, t:  283219.8 s, ωt:  28.32 (4.51 periods), wall: 2.286 hours, Δt:   2.59, CFL: 7.20e-01
i: 274000, t:  283482.0 s, ωt:  28.35 (4.51 periods), wall: 2.287 hours, Δt:   2.54, CFL: 7.20e-01
i: 274100, t:  283746.9 s, ωt:  28.37 (4.52 periods), wall: 2.287 hours, Δt:   2.63, CFL: 7.20e-01
i: 274200, t:  284015.1 s, ωt:  28.40 (4.52 periods), wall: 2.288 hours, Δt:   2.41, CFL: 7.20e-01
i: 274300, t:  284249.5 s, ωt:  28.42 (4.52 periods), wall: 2.289 hours, Δt:   2.57, CFL: 7.20e-01
i: 274400, t:  284464.6 s, ωt:  28.45 (4.53 periods), wall: 2.290 hours, Δt:   1.85, CFL: 7.20e-01
i: 274500, t:  284650.6 s, ωt:  28.47 (4.53 periods), wall: 2.291 hours, Δt:   2.07, CFL: 7.20e-01
i: 274600, t:  284863.0 s, ωt:  28.49 (4.53 periods), wall: 2.292 hours, Δt:   2.16, CFL: 7.20e-01
i: 274700, t:  285050.9 s, ωt:  28.51 (4.54 periods), wall: 2.292 hours, Δt:   1.98, CFL: 7.20e-01
i: 274800, t:  285240.6 s, ωt:  28.52 (4.54 periods), wall: 2.293 hours, Δt:   1.42, CFL: 7.20e-01
i: 274900, t:  285387.4 s, ωt:  28.54 (4.54 periods), wall: 2.294 hours, Δt:   1.62, CFL: 7.20e-01
i: 275000, t:  285542.4 s, ωt:  28.55 (4.54 periods), wall: 2.295 hours, Δt:   1.64, CFL: 7.20e-01
i: 275100, t:  285703.6 s, ωt:  28.57 (4.55 periods), wall: 2.296 hours, Δt:   1.33, CFL: 7.20e-01
i: 275200, t:  285841.8 s, ωt:  28.58 (4.55 periods), wall: 2.297 hours, Δt:   1.38, CFL: 7.20e-01
i: 275300, t:  285985.2 s, ωt:  28.60 (4.55 periods), wall: 2.297 hours, Δt:   1.45, CFL: 7.20e-01
i: 275400, t:  286121.4 s, ωt:  28.61 (4.55 periods), wall: 2.298 hours, Δt:   1.33, CFL: 7.20e-01
i: 275500, t:  286255.3 s, ωt:  28.63 (4.56 periods), wall: 2.299 hours, Δt:   1.26, CFL: 7.20e-01
i: 275600, t:  286383.1 s, ωt:  28.64 (4.56 periods), wall: 2.300 hours, Δt:   1.25, CFL: 7.20e-01
i: 275700, t:  286513.3 s, ωt:  28.65 (4.56 periods), wall: 2.301 hours, Δt:   1.23, CFL: 7.20e-01
i: 275800, t:  286635.8 s, ωt:  28.66 (4.56 periods), wall: 2.302 hours, Δt:   1.25, CFL: 7.20e-01
i: 275900, t:  286780.1 s, ωt:  28.68 (4.56 periods), wall: 2.302 hours, Δt:   1.48, CFL: 7.20e-01
i: 276000, t:  286911.3 s, ωt:  28.69 (4.57 periods), wall: 2.303 hours, Δt:   1.18, CFL: 7.20e-01
i: 276100, t:  287030.1 s, ωt:  28.70 (4.57 periods), wall: 2.304 hours, Δt:   1.15, CFL: 7.20e-01
i: 276200, t:  287156.1 s, ωt:  28.72 (4.57 periods), wall: 2.305 hours, Δt:   1.34, CFL: 7.20e-01
i: 276300, t:  287283.0 s, ωt:  28.73 (4.57 periods), wall: 2.306 hours, Δt:   1.23, CFL: 7.20e-01
i: 276400, t:  287401.3 s, ωt:  28.74 (4.57 periods), wall: 2.307 hours, Δt:   1.14, CFL: 7.20e-01
i: 276500, t:  287524.9 s, ωt:  28.75 (4.58 periods), wall: 2.307 hours, Δt:   1.26, CFL: 7.20e-01
i: 276600, t:  287633.0 s, ωt:  28.76 (4.58 periods), wall: 2.308 hours, Δt:   1.02, CFL: 7.20e-01
i: 276700, t:  287744.7 s, ωt:  28.77 (4.58 periods), wall: 2.309 hours, Δt:   1.12, CFL: 7.20e-01
i: 276800, t:  287857.2 s, ωt:  28.79 (4.58 periods), wall: 2.310 hours, Δt:   1.01, CFL: 7.20e-01
i: 276900, t:  287966.4 s, ωt:  28.80 (4.58 periods), wall: 2.311 hours, Δt:   0.96, CFL: 7.20e-01
i: 277000, t:  288069.9 s, ωt:  28.81 (4.58 periods), wall: 2.311 hours, Δt:   1.23, CFL: 7.20e-01
i: 277100, t:  288176.0 s, ωt:  28.82 (4.59 periods), wall: 2.312 hours, Δt:   1.09, CFL: 7.20e-01
i: 277200, t:  288285.8 s, ωt:  28.83 (4.59 periods), wall: 2.313 hours, Δt:   1.03, CFL: 7.20e-01
i: 277300, t:  288394.5 s, ωt:  28.84 (4.59 periods), wall: 2.314 hours, Δt:   1.12, CFL: 7.20e-01
i: 277400, t:  288508.7 s, ωt:  28.85 (4.59 periods), wall: 2.315 hours, Δt:   1.19, CFL: 7.20e-01
i: 277500, t:  288624.4 s, ωt:  28.86 (4.59 periods), wall: 2.316 hours, Δt:   1.03, CFL: 7.20e-01
i: 277600, t:  288721.1 s, ωt:  28.87 (4.60 periods), wall: 2.316 hours, Δt:   0.92, CFL: 7.20e-01
i: 277700, t:  288817.6 s, ωt:  28.88 (4.60 periods), wall: 2.317 hours, Δt:   0.93, CFL: 7.20e-01
i: 277800, t:  288915.8 s, ωt:  28.89 (4.60 periods), wall: 2.318 hours, Δt:   0.91, CFL: 7.20e-01
i: 277900, t:  289010.3 s, ωt:  28.90 (4.60 periods), wall: 2.319 hours, Δt:   0.80, CFL: 7.20e-01
i: 278000, t:  289101.1 s, ωt:  28.91 (4.60 periods), wall: 2.320 hours, Δt:   0.94, CFL: 7.20e-01
i: 278100, t:  289197.0 s, ωt:  28.92 (4.60 periods), wall: 2.321 hours, Δt:   0.85, CFL: 7.20e-01
i: 278200, t:  289285.6 s, ωt:  28.93 (4.60 periods), wall: 2.321 hours, Δt:   0.95, CFL: 7.20e-01
i: 278300, t:  289379.7 s, ωt:  28.94 (4.61 periods), wall: 2.322 hours, Δt:   0.93, CFL: 7.20e-01
i: 278400, t:  289470.6 s, ωt:  28.95 (4.61 periods), wall: 2.323 hours, Δt:   0.92, CFL: 7.20e-01
i: 278500, t:  289565.4 s, ωt:  28.96 (4.61 periods), wall: 2.324 hours, Δt:   1.01, CFL: 7.20e-01
i: 278600, t:  289664.7 s, ωt:  28.97 (4.61 periods), wall: 2.325 hours, Δt:   1.00, CFL: 7.20e-01
i: 278700, t:  289761.1 s, ωt:  28.98 (4.61 periods), wall: 2.326 hours, Δt:   0.91, CFL: 7.20e-01
i: 278800, t:  289854.1 s, ωt:  28.99 (4.61 periods), wall: 2.326 hours, Δt:   0.75, CFL: 7.20e-01
i: 278900, t:  289948.6 s, ωt:  28.99 (4.61 periods), wall: 2.327 hours, Δt:   0.93, CFL: 7.20e-01
i: 279000, t:  290037.4 s, ωt:  29.00 (4.62 periods), wall: 2.328 hours, Δt:   0.88, CFL: 7.20e-01
i: 279100, t:  290114.4 s, ωt:  29.01 (4.62 periods), wall: 2.329 hours, Δt:   0.64, CFL: 7.20e-01
i: 279200, t:  290196.5 s, ωt:  29.02 (4.62 periods), wall: 2.330 hours, Δt:   0.89, CFL: 7.20e-01
i: 279300, t:  290283.2 s, ωt:  29.03 (4.62 periods), wall: 2.331 hours, Δt:   0.93, CFL: 7.20e-01
i: 279400, t:  290380.3 s, ωt:  29.04 (4.62 periods), wall: 2.331 hours, Δt:   0.91, CFL: 7.20e-01
i: 279500, t:  290468.1 s, ωt:  29.05 (4.62 periods), wall: 2.332 hours, Δt:   0.88, CFL: 7.20e-01
i: 279600, t:  290561.9 s, ωt:  29.06 (4.62 periods), wall: 2.333 hours, Δt:   0.98, CFL: 7.20e-01
i: 279700, t:  290644.9 s, ωt:  29.06 (4.63 periods), wall: 2.334 hours, Δt:   0.72, CFL: 7.20e-01
i: 279800, t:  290724.7 s, ωt:  29.07 (4.63 periods), wall: 2.335 hours, Δt:   0.85, CFL: 7.20e-01
i: 279900, t:  290803.6 s, ωt:  29.08 (4.63 periods), wall: 2.336 hours, Δt:   0.80, CFL: 7.20e-01
i: 280000, t:  290880.5 s, ωt:  29.09 (4.63 periods), wall: 2.336 hours, Δt:   0.73, CFL: 7.20e-01
i: 280100, t:  290964.8 s, ωt:  29.10 (4.63 periods), wall: 2.337 hours, Δt:   0.89, CFL: 7.20e-01
i: 280200, t:  291055.7 s, ωt:  29.11 (4.63 periods), wall: 2.338 hours, Δt:   0.84, CFL: 7.20e-01
i: 280300, t:  291133.0 s, ωt:  29.11 (4.63 periods), wall: 2.339 hours, Δt:   0.76, CFL: 7.20e-01
i: 280400, t:  291209.6 s, ωt:  29.12 (4.63 periods), wall: 2.340 hours, Δt:   0.77, CFL: 7.20e-01
i: 280500, t:  291291.0 s, ωt:  29.13 (4.64 periods), wall: 2.341 hours, Δt:   0.80, CFL: 7.20e-01
i: 280600, t:  291369.2 s, ωt:  29.14 (4.64 periods), wall: 2.341 hours, Δt:   0.75, CFL: 7.20e-01
i: 280700, t:  291447.1 s, ωt:  29.14 (4.64 periods), wall: 2.342 hours, Δt:   0.81, CFL: 7.20e-01
i: 280800, t:  291527.3 s, ωt:  29.15 (4.64 periods), wall: 2.343 hours, Δt:   0.75, CFL: 7.20e-01
i: 280900, t:  291608.5 s, ωt:  29.16 (4.64 periods), wall: 2.344 hours, Δt:   0.71, CFL: 7.20e-01
i: 281000, t:  291682.2 s, ωt:  29.17 (4.64 periods), wall: 2.345 hours, Δt:   0.75, CFL: 7.20e-01
i: 281100, t:  291758.6 s, ωt:  29.18 (4.64 periods), wall: 2.346 hours, Δt:   0.87, CFL: 7.20e-01
i: 281200, t:  291838.1 s, ωt:  29.18 (4.64 periods), wall: 2.346 hours, Δt:   0.80, CFL: 7.20e-01
i: 281300, t:  291913.7 s, ωt:  29.19 (4.65 periods), wall: 2.347 hours, Δt:   0.69, CFL: 7.20e-01
i: 281400, t:  291989.6 s, ωt:  29.20 (4.65 periods), wall: 2.348 hours, Δt:   0.73, CFL: 7.20e-01
i: 281500, t:  292065.5 s, ωt:  29.21 (4.65 periods), wall: 2.349 hours, Δt:   0.90, CFL: 7.20e-01
i: 281600, t:  292145.7 s, ωt:  29.21 (4.65 periods), wall: 2.350 hours, Δt:   0.82, CFL: 7.20e-01
i: 281700, t:  292229.2 s, ωt:  29.22 (4.65 periods), wall: 2.351 hours, Δt:   0.78, CFL: 7.20e-01
i: 281800, t:  292305.7 s, ωt:  29.23 (4.65 periods), wall: 2.351 hours, Δt:   0.73, CFL: 7.20e-01
i: 281900, t:  292386.7 s, ωt:  29.24 (4.65 periods), wall: 2.352 hours, Δt:   0.80, CFL: 7.20e-01
i: 282000, t:  292463.6 s, ωt:  29.25 (4.65 periods), wall: 2.353 hours, Δt:   0.85, CFL: 7.20e-01
i: 282100, t:  292537.3 s, ωt:  29.25 (4.66 periods), wall: 2.354 hours, Δt:   0.74, CFL: 7.20e-01
i: 282200, t:  292619.4 s, ωt:  29.26 (4.66 periods), wall: 2.355 hours, Δt:   0.80, CFL: 7.20e-01
i: 282300, t:  292703.4 s, ωt:  29.27 (4.66 periods), wall: 2.356 hours, Δt:   0.84, CFL: 7.20e-01
i: 282400, t:  292779.1 s, ωt:  29.28 (4.66 periods), wall: 2.356 hours, Δt:   0.77, CFL: 7.20e-01
i: 282500, t:  292849.5 s, ωt:  29.28 (4.66 periods), wall: 2.357 hours, Δt:   0.71, CFL: 7.20e-01
i: 282600, t:  292916.7 s, ωt:  29.29 (4.66 periods), wall: 2.358 hours, Δt:   0.65, CFL: 7.20e-01
i: 282700, t:  292992.5 s, ωt:  29.30 (4.66 periods), wall: 2.359 hours, Δt:   0.71, CFL: 7.20e-01
i: 282800, t:  293071.4 s, ωt:  29.31 (4.66 periods), wall: 2.360 hours, Δt:   0.82, CFL: 7.20e-01
i: 282900, t:  293146.6 s, ωt:  29.31 (4.67 periods), wall: 2.361 hours, Δt:   0.78, CFL: 7.20e-01
i: 283000, t:  293224.6 s, ωt:  29.32 (4.67 periods), wall: 2.361 hours, Δt:   0.70, CFL: 7.20e-01
i: 283100, t:  293294.2 s, ωt:  29.33 (4.67 periods), wall: 2.362 hours, Δt:   0.88, CFL: 7.20e-01
i: 283200, t:  293371.4 s, ωt:  29.34 (4.67 periods), wall: 2.363 hours, Δt:   0.73, CFL: 7.20e-01
i: 283300, t:  293440.3 s, ωt:  29.34 (4.67 periods), wall: 2.364 hours, Δt:   0.75, CFL: 7.20e-01
i: 283400, t:  293514.2 s, ωt:  29.35 (4.67 periods), wall: 2.365 hours, Δt:   0.69, CFL: 7.20e-01
i: 283500, t:  293584.4 s, ωt:  29.36 (4.67 periods), wall: 2.366 hours, Δt:   0.69, CFL: 7.20e-01
i: 283600, t:  293656.1 s, ωt:  29.37 (4.67 periods), wall: 2.366 hours, Δt:   0.77, CFL: 7.20e-01
i: 283700, t:  293735.5 s, ωt:  29.37 (4.67 periods), wall: 2.367 hours, Δt:   0.77, CFL: 7.20e-01
i: 283800, t:  293808.6 s, ωt:  29.38 (4.68 periods), wall: 2.368 hours, Δt:   0.72, CFL: 7.20e-01
i: 283900, t:  293880.3 s, ωt:  29.39 (4.68 periods), wall: 2.369 hours, Δt:   0.73, CFL: 7.20e-01
i: 284000, t:  293962.6 s, ωt:  29.40 (4.68 periods), wall: 2.370 hours, Δt:   0.73, CFL: 7.20e-01
i: 284100, t:  294032.7 s, ωt:  29.40 (4.68 periods), wall: 2.370 hours, Δt:   0.67, CFL: 7.20e-01
i: 284200, t:  294104.2 s, ωt:  29.41 (4.68 periods), wall: 2.371 hours, Δt:   0.77, CFL: 7.20e-01
i: 284300, t:  294183.5 s, ωt:  29.42 (4.68 periods), wall: 2.372 hours, Δt:   0.83, CFL: 7.20e-01
i: 284400, t:  294258.9 s, ωt:  29.43 (4.68 periods), wall: 2.373 hours, Δt:   0.67, CFL: 7.20e-01
i: 284500, t:  294334.1 s, ωt:  29.43 (4.68 periods), wall: 2.374 hours, Δt:   0.78, CFL: 7.20e-01
i: 284600, t:  294412.4 s, ωt:  29.44 (4.69 periods), wall: 2.375 hours, Δt:   0.83, CFL: 7.20e-01
i: 284700, t:  294484.4 s, ωt:  29.45 (4.69 periods), wall: 2.376 hours, Δt:   0.55, CFL: 7.20e-01
i: 284800, t:  294542.1 s, ωt:  29.45 (4.69 periods), wall: 2.376 hours, Δt:   0.63, CFL: 7.20e-01
i: 284900, t:  294613.1 s, ωt:  29.46 (4.69 periods), wall: 2.377 hours, Δt:   0.65, CFL: 7.20e-01
i: 285000, t:  294677.0 s, ωt:  29.47 (4.69 periods), wall: 2.378 hours, Δt:   0.71, CFL: 7.20e-01
i: 285100, t:  294746.1 s, ωt:  29.47 (4.69 periods), wall: 2.379 hours, Δt:   0.73, CFL: 7.20e-01
i: 285200, t:  294816.2 s, ωt:  29.48 (4.69 periods), wall: 2.380 hours, Δt:   0.69, CFL: 7.20e-01
i: 285300, t:  294889.4 s, ωt:  29.49 (4.69 periods), wall: 2.380 hours, Δt:   0.73, CFL: 7.20e-01
i: 285400, t:  294962.4 s, ωt:  29.50 (4.69 periods), wall: 2.381 hours, Δt:   0.65, CFL: 7.20e-01
i: 285500, t:  295038.4 s, ωt:  29.50 (4.70 periods), wall: 2.382 hours, Δt:   0.79, CFL: 7.20e-01
i: 285600, t:  295107.5 s, ωt:  29.51 (4.70 periods), wall: 2.383 hours, Δt:   0.74, CFL: 7.20e-01
i: 285700, t:  295185.7 s, ωt:  29.52 (4.70 periods), wall: 2.384 hours, Δt:   0.80, CFL: 7.20e-01
i: 285800, t:  295256.1 s, ωt:  29.53 (4.70 periods), wall: 2.385 hours, Δt:   0.57, CFL: 7.20e-01
i: 285900, t:  295324.0 s, ωt:  29.53 (4.70 periods), wall: 2.385 hours, Δt:   0.74, CFL: 7.20e-01
i: 286000, t:  295399.6 s, ωt:  29.54 (4.70 periods), wall: 2.386 hours, Δt:   0.82, CFL: 7.20e-01
i: 286100, t:  295476.6 s, ωt:  29.55 (4.70 periods), wall: 2.387 hours, Δt:   0.73, CFL: 7.20e-01
i: 286200, t:  295551.9 s, ωt:  29.56 (4.70 periods), wall: 2.388 hours, Δt:   0.67, CFL: 7.20e-01
i: 286300, t:  295623.9 s, ωt:  29.56 (4.71 periods), wall: 2.389 hours, Δt:   0.68, CFL: 7.20e-01
i: 286400, t:  295699.4 s, ωt:  29.57 (4.71 periods), wall: 2.390 hours, Δt:   0.65, CFL: 7.20e-01
i: 286500, t:  295773.6 s, ωt:  29.58 (4.71 periods), wall: 2.390 hours, Δt:   0.75, CFL: 7.20e-01
i: 286600, t:  295851.1 s, ωt:  29.59 (4.71 periods), wall: 2.391 hours, Δt:   0.80, CFL: 7.20e-01
i: 286700, t:  295930.4 s, ωt:  29.59 (4.71 periods), wall: 2.392 hours, Δt:   0.68, CFL: 7.20e-01
i: 286800, t:  295997.2 s, ωt:  29.60 (4.71 periods), wall: 2.393 hours, Δt:   0.66, CFL: 7.20e-01
i: 286900, t:  296056.7 s, ωt:  29.61 (4.71 periods), wall: 2.394 hours, Δt:   0.76, CFL: 7.20e-01
i: 287000, t:  296130.4 s, ωt:  29.61 (4.71 periods), wall: 2.395 hours, Δt:   0.79, CFL: 7.20e-01
i: 287100, t:  296210.5 s, ωt:  29.62 (4.71 periods), wall: 2.395 hours, Δt:   0.69, CFL: 7.20e-01
i: 287200, t:  296276.2 s, ωt:  29.63 (4.72 periods), wall: 2.396 hours, Δt:   0.69, CFL: 7.20e-01
i: 287300, t:  296349.7 s, ωt:  29.63 (4.72 periods), wall: 2.397 hours, Δt:   0.75, CFL: 7.20e-01
i: 287400, t:  296428.7 s, ωt:  29.64 (4.72 periods), wall: 2.398 hours, Δt:   0.74, CFL: 7.20e-01
i: 287500, t:  296499.7 s, ωt:  29.65 (4.72 periods), wall: 2.399 hours, Δt:   0.71, CFL: 7.20e-01
i: 287600, t:  296571.5 s, ωt:  29.66 (4.72 periods), wall: 2.400 hours, Δt:   0.66, CFL: 7.20e-01
i: 287700, t:  296643.4 s, ωt:  29.66 (4.72 periods), wall: 2.400 hours, Δt:   0.78, CFL: 7.20e-01
i: 287800, t:  296715.7 s, ωt:  29.67 (4.72 periods), wall: 2.401 hours, Δt:   0.66, CFL: 7.20e-01
i: 287900, t:  296783.0 s, ωt:  29.68 (4.72 periods), wall: 2.402 hours, Δt:   0.77, CFL: 7.20e-01
i: 288000, t:  296855.6 s, ωt:  29.69 (4.72 periods), wall: 2.403 hours, Δt:   0.75, CFL: 7.20e-01
i: 288100, t:  296931.1 s, ωt:  29.69 (4.73 periods), wall: 2.404 hours, Δt:   0.72, CFL: 7.20e-01
i: 288200, t:  297005.0 s, ωt:  29.70 (4.73 periods), wall: 2.405 hours, Δt:   0.77, CFL: 7.20e-01
i: 288300, t:  297076.1 s, ωt:  29.71 (4.73 periods), wall: 2.405 hours, Δt:   0.85, CFL: 7.20e-01
i: 288400, t:  297154.6 s, ωt:  29.72 (4.73 periods), wall: 2.406 hours, Δt:   0.76, CFL: 7.20e-01
i: 288500, t:  297225.6 s, ωt:  29.72 (4.73 periods), wall: 2.407 hours, Δt:   0.70, CFL: 7.20e-01
i: 288600, t:  297292.9 s, ωt:  29.73 (4.73 periods), wall: 2.408 hours, Δt:   0.69, CFL: 7.20e-01
i: 288700, t:  297353.2 s, ωt:  29.74 (4.73 periods), wall: 2.409 hours, Δt:   0.52, CFL: 7.20e-01
i: 288800, t:  297420.3 s, ωt:  29.74 (4.73 periods), wall: 2.410 hours, Δt:   0.68, CFL: 7.20e-01
i: 288900, t:  297491.0 s, ωt:  29.75 (4.73 periods), wall: 2.410 hours, Δt:   0.71, CFL: 7.20e-01
i: 289000, t:  297562.5 s, ωt:  29.76 (4.74 periods), wall: 2.411 hours, Δt:   0.76, CFL: 7.20e-01
i: 289100, t:  297630.7 s, ωt:  29.76 (4.74 periods), wall: 2.412 hours, Δt:   0.69, CFL: 7.20e-01
i: 289200, t:  297704.0 s, ωt:  29.77 (4.74 periods), wall: 2.413 hours, Δt:   0.73, CFL: 7.20e-01
i: 289300, t:  297781.8 s, ωt:  29.78 (4.74 periods), wall: 2.414 hours, Δt:   0.79, CFL: 7.20e-01
i: 289400, t:  297851.2 s, ωt:  29.79 (4.74 periods), wall: 2.415 hours, Δt:   0.67, CFL: 7.20e-01
i: 289500, t:  297923.3 s, ωt:  29.79 (4.74 periods), wall: 2.415 hours, Δt:   0.61, CFL: 7.20e-01
i: 289600, t:  297993.3 s, ωt:  29.80 (4.74 periods), wall: 2.416 hours, Δt:   0.62, CFL: 7.20e-01
i: 289700, t:  298066.7 s, ωt:  29.81 (4.74 periods), wall: 2.417 hours, Δt:   0.75, CFL: 7.20e-01
i: 289800, t:  298137.8 s, ωt:  29.81 (4.75 periods), wall: 2.418 hours, Δt:   0.64, CFL: 7.20e-01
i: 289900, t:  298204.1 s, ωt:  29.82 (4.75 periods), wall: 2.419 hours, Δt:   0.66, CFL: 7.20e-01
i: 290000, t:  298278.3 s, ωt:  29.83 (4.75 periods), wall: 2.420 hours, Δt:   0.69, CFL: 7.20e-01
i: 290100, t:  298345.4 s, ωt:  29.83 (4.75 periods), wall: 2.420 hours, Δt:   0.65, CFL: 7.20e-01
i: 290200, t:  298413.5 s, ωt:  29.84 (4.75 periods), wall: 2.421 hours, Δt:   0.64, CFL: 7.20e-01
i: 290300, t:  298482.6 s, ωt:  29.85 (4.75 periods), wall: 2.422 hours, Δt:   0.69, CFL: 7.20e-01
i: 290400, t:  298552.1 s, ωt:  29.86 (4.75 periods), wall: 2.423 hours, Δt:   0.63, CFL: 7.20e-01
i: 290500, t:  298619.8 s, ωt:  29.86 (4.75 periods), wall: 2.424 hours, Δt:   0.70, CFL: 7.20e-01
i: 290600, t:  298693.0 s, ωt:  29.87 (4.75 periods), wall: 2.424 hours, Δt:   0.75, CFL: 7.20e-01
i: 290700, t:  298762.6 s, ωt:  29.88 (4.75 periods), wall: 2.425 hours, Δt:   0.76, CFL: 7.20e-01
i: 290800, t:  298831.1 s, ωt:  29.88 (4.76 periods), wall: 2.426 hours, Δt:   0.54, CFL: 7.20e-01
i: 290900, t:  298897.7 s, ωt:  29.89 (4.76 periods), wall: 2.427 hours, Δt:   0.70, CFL: 7.20e-01
i: 291000, t:  298970.9 s, ωt:  29.90 (4.76 periods), wall: 2.428 hours, Δt:   0.77, CFL: 7.20e-01
i: 291100, t:  299045.2 s, ωt:  29.90 (4.76 periods), wall: 2.429 hours, Δt:   0.72, CFL: 7.20e-01
i: 291200, t:  299118.5 s, ωt:  29.91 (4.76 periods), wall: 2.429 hours, Δt:   0.70, CFL: 7.20e-01
i: 291300, t:  299181.8 s, ωt:  29.92 (4.76 periods), wall: 2.430 hours, Δt:   0.79, CFL: 7.20e-01
i: 291400, t:  299254.3 s, ωt:  29.93 (4.76 periods), wall: 2.431 hours, Δt:   0.63, CFL: 7.20e-01
i: 291500, t:  299318.0 s, ωt:  29.93 (4.76 periods), wall: 2.432 hours, Δt:   0.52, CFL: 7.20e-01
i: 291600, t:  299379.9 s, ωt:  29.94 (4.76 periods), wall: 2.433 hours, Δt:   0.60, CFL: 7.20e-01
i: 291700, t:  299444.6 s, ωt:  29.94 (4.77 periods), wall: 2.434 hours, Δt:   0.68, CFL: 7.20e-01
i: 291800, t:  299516.0 s, ωt:  29.95 (4.77 periods), wall: 2.434 hours, Δt:   0.67, CFL: 7.20e-01
i: 291900, t:  299582.6 s, ωt:  29.96 (4.77 periods), wall: 2.435 hours, Δt:   0.60, CFL: 7.20e-01
i: 292000, t:  299647.1 s, ωt:  29.96 (4.77 periods), wall: 2.436 hours, Δt:   0.58, CFL: 7.20e-01
i: 292100, t:  299711.4 s, ωt:  29.97 (4.77 periods), wall: 2.437 hours, Δt:   0.63, CFL: 7.20e-01
i: 292200, t:  299777.5 s, ωt:  29.98 (4.77 periods), wall: 2.438 hours, Δt:   0.75, CFL: 7.20e-01
i: 292300, t:  299854.1 s, ωt:  29.99 (4.77 periods), wall: 2.439 hours, Δt:   0.79, CFL: 7.20e-01
i: 292400, t:  299928.7 s, ωt:  29.99 (4.77 periods), wall: 2.439 hours, Δt:   0.75, CFL: 7.20e-01
i: 292500, t:  300001.2 s, ωt:  30.00 (4.77 periods), wall: 2.440 hours, Δt:   0.60, CFL: 7.20e-01
i: 292600, t:  300064.6 s, ωt:  30.01 (4.78 periods), wall: 2.441 hours, Δt:   0.58, CFL: 7.20e-01
i: 292700, t:  300132.1 s, ωt:  30.01 (4.78 periods), wall: 2.442 hours, Δt:   0.68, CFL: 7.20e-01
i: 292800, t:  300199.1 s, ωt:  30.02 (4.78 periods), wall: 2.443 hours, Δt:   0.76, CFL: 7.20e-01
i: 292900, t:  300267.0 s, ωt:  30.03 (4.78 periods), wall: 2.444 hours, Δt:   0.74, CFL: 7.20e-01
i: 293000, t:  300341.0 s, ωt:  30.03 (4.78 periods), wall: 2.444 hours, Δt:   0.84, CFL: 7.20e-01
i: 293100, t:  300418.2 s, ωt:  30.04 (4.78 periods), wall: 2.445 hours, Δt:   0.71, CFL: 7.20e-01
i: 293200, t:  300485.9 s, ωt:  30.05 (4.78 periods), wall: 2.446 hours, Δt:   0.66, CFL: 7.20e-01
i: 293300, t:  300552.0 s, ωt:  30.06 (4.78 periods), wall: 2.447 hours, Δt:   0.64, CFL: 7.20e-01
i: 293400, t:  300619.0 s, ωt:  30.06 (4.78 periods), wall: 2.448 hours, Δt:   0.71, CFL: 7.20e-01
i: 293500, t:  300691.0 s, ωt:  30.07 (4.79 periods), wall: 2.449 hours, Δt:   0.76, CFL: 7.20e-01
i: 293600, t:  300765.5 s, ωt:  30.08 (4.79 periods), wall: 2.449 hours, Δt:   0.69, CFL: 7.20e-01
i: 293700, t:  300833.5 s, ωt:  30.08 (4.79 periods), wall: 2.450 hours, Δt:   0.59, CFL: 7.20e-01
i: 293800, t:  300892.8 s, ωt:  30.09 (4.79 periods), wall: 2.451 hours, Δt:   0.61, CFL: 7.20e-01
i: 293900, t:  300961.6 s, ωt:  30.10 (4.79 periods), wall: 2.452 hours, Δt:   0.64, CFL: 7.20e-01
i: 294000, t:  301026.9 s, ωt:  30.10 (4.79 periods), wall: 2.453 hours, Δt:   0.57, CFL: 7.20e-01
i: 294100, t:  301092.9 s, ωt:  30.11 (4.79 periods), wall: 2.454 hours, Δt:   0.75, CFL: 7.20e-01
i: 294200, t:  301168.2 s, ωt:  30.12 (4.79 periods), wall: 2.454 hours, Δt:   0.63, CFL: 7.20e-01
i: 294300, t:  301232.2 s, ωt:  30.12 (4.79 periods), wall: 2.455 hours, Δt:   0.70, CFL: 7.20e-01
i: 294400, t:  301306.4 s, ωt:  30.13 (4.80 periods), wall: 2.456 hours, Δt:   0.68, CFL: 7.20e-01
i: 294500, t:  301373.7 s, ωt:  30.14 (4.80 periods), wall: 2.457 hours, Δt:   0.62, CFL: 7.20e-01
i: 294600, t:  301441.4 s, ωt:  30.14 (4.80 periods), wall: 2.458 hours, Δt:   0.69, CFL: 7.20e-01
i: 294700, t:  301512.5 s, ωt:  30.15 (4.80 periods), wall: 2.459 hours, Δt:   0.62, CFL: 7.20e-01
i: 294800, t:  301582.5 s, ωt:  30.16 (4.80 periods), wall: 2.459 hours, Δt:   0.75, CFL: 7.20e-01
i: 294900, t:  301655.9 s, ωt:  30.17 (4.80 periods), wall: 2.460 hours, Δt:   0.70, CFL: 7.20e-01
i: 295000, t:  301729.2 s, ωt:  30.17 (4.80 periods), wall: 2.461 hours, Δt:   0.85, CFL: 7.20e-01
i: 295100, t:  301800.7 s, ωt:  30.18 (4.80 periods), wall: 2.462 hours, Δt:   0.75, CFL: 7.20e-01
i: 295200, t:  301880.7 s, ωt:  30.19 (4.80 periods), wall: 2.463 hours, Δt:   0.80, CFL: 7.20e-01
i: 295300, t:  301950.5 s, ωt:  30.20 (4.81 periods), wall: 2.464 hours, Δt:   0.73, CFL: 7.20e-01
i: 295400, t:  302023.2 s, ωt:  30.20 (4.81 periods), wall: 2.464 hours, Δt:   0.84, CFL: 7.20e-01
i: 295500, t:  302106.7 s, ωt:  30.21 (4.81 periods), wall: 2.465 hours, Δt:   0.81, CFL: 7.20e-01
i: 295600, t:  302187.5 s, ωt:  30.22 (4.81 periods), wall: 2.466 hours, Δt:   0.82, CFL: 7.20e-01
i: 295700, t:  302269.2 s, ωt:  30.23 (4.81 periods), wall: 2.467 hours, Δt:   0.76, CFL: 7.20e-01
i: 295800, t:  302343.6 s, ωt:  30.23 (4.81 periods), wall: 2.468 hours, Δt:   0.67, CFL: 7.20e-01
i: 295900, t:  302417.6 s, ωt:  30.24 (4.81 periods), wall: 2.469 hours, Δt:   0.83, CFL: 7.20e-01
i: 296000, t:  302487.8 s, ωt:  30.25 (4.81 periods), wall: 2.469 hours, Δt:   0.62, CFL: 7.20e-01
i: 296100, t:  302562.5 s, ωt:  30.26 (4.82 periods), wall: 2.470 hours, Δt:   0.69, CFL: 7.20e-01
i: 296200, t:  302640.5 s, ωt:  30.26 (4.82 periods), wall: 2.471 hours, Δt:   0.78, CFL: 7.20e-01
i: 296300, t:  302716.7 s, ωt:  30.27 (4.82 periods), wall: 2.472 hours, Δt:   0.85, CFL: 7.20e-01
i: 296400, t:  302785.7 s, ωt:  30.28 (4.82 periods), wall: 2.473 hours, Δt:   0.80, CFL: 7.20e-01
i: 296500, t:  302860.6 s, ωt:  30.29 (4.82 periods), wall: 2.474 hours, Δt:   0.76, CFL: 7.20e-01
i: 296600, t:  302941.6 s, ωt:  30.29 (4.82 periods), wall: 2.474 hours, Δt:   0.89, CFL: 7.20e-01
i: 296700, t:  303015.0 s, ωt:  30.30 (4.82 periods), wall: 2.475 hours, Δt:   0.78, CFL: 7.20e-01
i: 296800, t:  303092.4 s, ωt:  30.31 (4.82 periods), wall: 2.476 hours, Δt:   0.71, CFL: 7.20e-01
i: 296900, t:  303161.4 s, ωt:  30.32 (4.82 periods), wall: 2.477 hours, Δt:   0.78, CFL: 7.20e-01
i: 297000, t:  303227.8 s, ωt:  30.32 (4.83 periods), wall: 2.478 hours, Δt:   0.74, CFL: 7.20e-01
i: 297100, t:  303301.4 s, ωt:  30.33 (4.83 periods), wall: 2.478 hours, Δt:   0.76, CFL: 7.20e-01
i: 297200, t:  303378.4 s, ωt:  30.34 (4.83 periods), wall: 2.479 hours, Δt:   0.83, CFL: 7.20e-01
i: 297300, t:  303460.1 s, ωt:  30.35 (4.83 periods), wall: 2.480 hours, Δt:   0.82, CFL: 7.20e-01
i: 297400, t:  303538.6 s, ωt:  30.35 (4.83 periods), wall: 2.481 hours, Δt:   0.68, CFL: 7.20e-01
i: 297500, t:  303620.5 s, ωt:  30.36 (4.83 periods), wall: 2.482 hours, Δt:   0.75, CFL: 7.20e-01
i: 297600, t:  303703.8 s, ωt:  30.37 (4.83 periods), wall: 2.483 hours, Δt:   0.86, CFL: 7.20e-01
i: 297700, t:  303792.0 s, ωt:  30.38 (4.83 periods), wall: 2.483 hours, Δt:   0.94, CFL: 7.20e-01
i: 297800, t:  303885.4 s, ωt:  30.39 (4.84 periods), wall: 2.484 hours, Δt:   0.83, CFL: 7.20e-01
i: 297900, t:  303965.9 s, ωt:  30.40 (4.84 periods), wall: 2.485 hours, Δt:   0.87, CFL: 7.20e-01
i: 298000, t:  304043.3 s, ωt:  30.40 (4.84 periods), wall: 2.486 hours, Δt:   0.88, CFL: 7.20e-01
i: 298100, t:  304130.5 s, ωt:  30.41 (4.84 periods), wall: 2.487 hours, Δt:   0.91, CFL: 7.20e-01
i: 298200, t:  304219.1 s, ωt:  30.42 (4.84 periods), wall: 2.488 hours, Δt:   0.94, CFL: 7.20e-01
i: 298300, t:  304303.4 s, ωt:  30.43 (4.84 periods), wall: 2.488 hours, Δt:   0.83, CFL: 7.20e-01
i: 298400, t:  304383.6 s, ωt:  30.44 (4.84 periods), wall: 2.489 hours, Δt:   0.76, CFL: 7.20e-01
i: 298500, t:  304469.8 s, ωt:  30.45 (4.85 periods), wall: 2.490 hours, Δt:   0.76, CFL: 7.20e-01
i: 298600, t:  304553.4 s, ωt:  30.46 (4.85 periods), wall: 2.491 hours, Δt:   1.01, CFL: 7.20e-01
i: 298700, t:  304645.8 s, ωt:  30.46 (4.85 periods), wall: 2.492 hours, Δt:   0.81, CFL: 7.20e-01
i: 298800, t:  304746.3 s, ωt:  30.47 (4.85 periods), wall: 2.493 hours, Δt:   1.06, CFL: 7.20e-01
i: 298900, t:  304835.7 s, ωt:  30.48 (4.85 periods), wall: 2.493 hours, Δt:   0.96, CFL: 7.20e-01
i: 299000, t:  304936.8 s, ωt:  30.49 (4.85 periods), wall: 2.494 hours, Δt:   1.00, CFL: 7.20e-01
i: 299100, t:  305036.8 s, ωt:  30.50 (4.85 periods), wall: 2.495 hours, Δt:   1.01, CFL: 7.20e-01
i: 299200, t:  305131.3 s, ωt:  30.51 (4.86 periods), wall: 2.496 hours, Δt:   0.88, CFL: 7.20e-01
i: 299300, t:  305225.5 s, ωt:  30.52 (4.86 periods), wall: 2.497 hours, Δt:   1.01, CFL: 7.20e-01
i: 299400, t:  305328.3 s, ωt:  30.53 (4.86 periods), wall: 2.498 hours, Δt:   0.96, CFL: 7.20e-01
i: 299500, t:  305427.3 s, ωt:  30.54 (4.86 periods), wall: 2.498 hours, Δt:   1.02, CFL: 7.20e-01
i: 299600, t:  305531.5 s, ωt:  30.55 (4.86 periods), wall: 2.499 hours, Δt:   0.94, CFL: 7.20e-01
i: 299700, t:  305630.3 s, ωt:  30.56 (4.86 periods), wall: 2.500 hours, Δt:   1.03, CFL: 7.20e-01
i: 299800, t:  305729.0 s, ωt:  30.57 (4.87 periods), wall: 2.501 hours, Δt:   1.06, CFL: 7.20e-01
i: 299900, t:  305834.6 s, ωt:  30.58 (4.87 periods), wall: 2.502 hours, Δt:   0.94, CFL: 7.20e-01
i: 300000, t:  305943.9 s, ωt:  30.59 (4.87 periods), wall: 2.503 hours, Δt:   1.15, CFL: 7.20e-01
i: 300100, t:  306052.6 s, ωt:  30.61 (4.87 periods), wall: 2.503 hours, Δt:   0.96, CFL: 7.20e-01
i: 300200, t:  306156.0 s, ωt:  30.62 (4.87 periods), wall: 2.504 hours, Δt:   1.09, CFL: 7.20e-01
i: 300300, t:  306262.2 s, ωt:  30.63 (4.87 periods), wall: 2.505 hours, Δt:   0.98, CFL: 7.20e-01
i: 300400, t:  306358.2 s, ωt:  30.64 (4.88 periods), wall: 2.506 hours, Δt:   1.03, CFL: 7.20e-01
i: 300500, t:  306456.3 s, ωt:  30.65 (4.88 periods), wall: 2.507 hours, Δt:   1.18, CFL: 7.20e-01
i: 300600, t:  306563.5 s, ωt:  30.66 (4.88 periods), wall: 2.508 hours, Δt:   1.03, CFL: 7.20e-01
i: 300700, t:  306671.4 s, ωt:  30.67 (4.88 periods), wall: 2.508 hours, Δt:   1.15, CFL: 7.20e-01
i: 300800, t:  306792.1 s, ωt:  30.68 (4.88 periods), wall: 2.509 hours, Δt:   1.06, CFL: 7.20e-01
i: 300900, t:  306904.6 s, ωt:  30.69 (4.88 periods), wall: 2.510 hours, Δt:   1.13, CFL: 7.20e-01
i: 301000, t:  307026.7 s, ωt:  30.70 (4.89 periods), wall: 2.511 hours, Δt:   1.17, CFL: 7.20e-01
i: 301100, t:  307152.2 s, ωt:  30.72 (4.89 periods), wall: 2.512 hours, Δt:   1.16, CFL: 7.20e-01
i: 301200, t:  307271.0 s, ωt:  30.73 (4.89 periods), wall: 2.513 hours, Δt:   1.27, CFL: 7.20e-01
i: 301300, t:  307383.8 s, ωt:  30.74 (4.89 periods), wall: 2.513 hours, Δt:   1.27, CFL: 7.20e-01
i: 301400, t:  307512.5 s, ωt:  30.75 (4.89 periods), wall: 2.514 hours, Δt:   1.31, CFL: 7.20e-01
i: 301500, t:  307637.3 s, ωt:  30.76 (4.90 periods), wall: 2.515 hours, Δt:   1.25, CFL: 7.20e-01
i: 301600, t:  307768.2 s, ωt:  30.78 (4.90 periods), wall: 2.516 hours, Δt:   1.14, CFL: 7.20e-01
i: 301700, t:  307889.8 s, ωt:  30.79 (4.90 periods), wall: 2.517 hours, Δt:   1.30, CFL: 7.20e-01
i: 301800, t:  308015.9 s, ωt:  30.80 (4.90 periods), wall: 2.518 hours, Δt:   1.25, CFL: 7.20e-01
i: 301900, t:  308124.7 s, ωt:  30.81 (4.90 periods), wall: 2.518 hours, Δt:   1.20, CFL: 7.20e-01
i: 302000, t:  308258.7 s, ωt:  30.83 (4.91 periods), wall: 2.519 hours, Δt:   1.23, CFL: 7.20e-01
i: 302100, t:  308381.8 s, ωt:  30.84 (4.91 periods), wall: 2.520 hours, Δt:   1.40, CFL: 7.20e-01
i: 302200, t:  308496.7 s, ωt:  30.85 (4.91 periods), wall: 2.521 hours, Δt:   1.28, CFL: 7.20e-01
i: 302300, t:  308637.9 s, ωt:  30.86 (4.91 periods), wall: 2.522 hours, Δt:   1.42, CFL: 7.20e-01
i: 302400, t:  308767.1 s, ωt:  30.88 (4.91 periods), wall: 2.523 hours, Δt:   1.32, CFL: 7.20e-01
i: 302500, t:  308897.3 s, ωt:  30.89 (4.92 periods), wall: 2.523 hours, Δt:   1.40, CFL: 7.20e-01
i: 302600, t:  309036.4 s, ωt:  30.90 (4.92 periods), wall: 2.524 hours, Δt:   1.41, CFL: 7.20e-01
i: 302700, t:  309178.8 s, ωt:  30.92 (4.92 periods), wall: 2.525 hours, Δt:   1.58, CFL: 7.20e-01
i: 302800, t:  309341.7 s, ωt:  30.93 (4.92 periods), wall: 2.526 hours, Δt:   1.52, CFL: 7.20e-01
i: 302900, t:  309499.3 s, ωt:  30.95 (4.93 periods), wall: 2.527 hours, Δt:   1.71, CFL: 7.20e-01
i: 303000, t:  309679.0 s, ωt:  30.97 (4.93 periods), wall: 2.528 hours, Δt:   1.66, CFL: 7.20e-01
i: 303100, t:  309853.0 s, ωt:  30.99 (4.93 periods), wall: 2.528 hours, Δt:   1.77, CFL: 7.20e-01
i: 303200, t:  310034.5 s, ωt:  31.00 (4.93 periods), wall: 2.529 hours, Δt:   1.81, CFL: 7.20e-01
i: 303300, t:  310208.7 s, ωt:  31.02 (4.94 periods), wall: 2.530 hours, Δt:   1.78, CFL: 7.00e-01
i: 303400, t:  310406.5 s, ωt:  31.04 (4.94 periods), wall: 2.531 hours, Δt:   2.29, CFL: 7.20e-01
i: 303500, t:  310623.0 s, ωt:  31.06 (4.94 periods), wall: 2.532 hours, Δt:   2.07, CFL: 7.20e-01
i: 303600, t:  310831.7 s, ωt:  31.08 (4.95 periods), wall: 2.533 hours, Δt:   2.14, CFL: 7.20e-01
i: 303700, t:  311059.1 s, ωt:  31.11 (4.95 periods), wall: 2.533 hours, Δt:   2.65, CFL: 7.20e-01
i: 303800, t:  311308.0 s, ωt:  31.13 (4.95 periods), wall: 2.534 hours, Δt:   2.33, CFL: 7.20e-01
i: 303900, t:  311544.9 s, ωt:  31.15 (4.96 periods), wall: 2.535 hours, Δt:   2.29, CFL: 7.20e-01
i: 304000, t:  311788.8 s, ωt:  31.18 (4.96 periods), wall: 2.536 hours, Δt:   2.54, CFL: 7.20e-01
i: 304100, t:  312028.8 s, ωt:  31.20 (4.97 periods), wall: 2.537 hours, Δt:   2.50, CFL: 6.97e-01
i: 304200, t:  312286.8 s, ωt:  31.23 (4.97 periods), wall: 2.538 hours, Δt:   2.45, CFL: 7.20e-01
i: 304300, t:  312515.3 s, ωt:  31.25 (4.97 periods), wall: 2.538 hours, Δt:   2.79, CFL: 7.20e-01
i: 304400, t:  312805.3 s, ωt:  31.28 (4.98 periods), wall: 2.539 hours, Δt:   3.05, CFL: 7.20e-01
i: 304500, t:  313109.8 s, ωt:  31.31 (4.98 periods), wall: 2.540 hours, Δt:   3.28, CFL: 7.20e-01
i: 304600, t:  313405.6 s, ωt:  31.34 (4.99 periods), wall: 2.541 hours, Δt:   2.85, CFL: 7.20e-01
i: 304700, t:  313714.7 s, ωt:  31.37 (4.99 periods), wall: 2.542 hours, Δt:   2.94, CFL: 7.20e-01
i: 304800, t:  314045.4 s, ωt:  31.40 (5.00 periods), wall: 2.543 hours, Δt:   3.44, CFL: 7.20e-01
i: 304900, t:  314372.7 s, ωt:  31.44 (5.00 periods), wall: 2.544 hours, Δt:   3.12, CFL: 7.20e-01
i: 305000, t:  314677.3 s, ωt:  31.47 (5.01 periods), wall: 2.544 hours, Δt:   3.03, CFL: 7.20e-01
i: 305100, t:  314978.8 s, ωt:  31.50 (5.01 periods), wall: 2.545 hours, Δt:   2.60, CFL: 7.20e-01
i: 305200, t:  315232.8 s, ωt:  31.52 (5.02 periods), wall: 2.546 hours, Δt:   2.33, CFL: 7.20e-01
i: 305300, t:  315467.5 s, ωt:  31.55 (5.02 periods), wall: 2.547 hours, Δt:   2.27, CFL: 7.20e-01
i: 305400, t:  315690.2 s, ωt:  31.57 (5.02 periods), wall: 2.548 hours, Δt:   2.42, CFL: 7.20e-01
i: 305500, t:  315932.7 s, ωt:  31.59 (5.03 periods), wall: 2.549 hours, Δt:   2.30, CFL: 7.20e-01
i: 305600, t:  316156.5 s, ωt:  31.62 (5.03 periods), wall: 2.549 hours, Δt:   1.93, CFL: 7.20e-01
i: 305700, t:  316350.3 s, ωt:  31.64 (5.03 periods), wall: 2.550 hours, Δt:   2.03, CFL: 7.20e-01
i: 305800, t:  316542.0 s, ωt:  31.65 (5.04 periods), wall: 2.551 hours, Δt:   1.88, CFL: 7.20e-01
i: 305900, t:  316731.8 s, ωt:  31.67 (5.04 periods), wall: 2.552 hours, Δt:   1.64, CFL: 7.20e-01
i: 306000, t:  316911.2 s, ωt:  31.69 (5.04 periods), wall: 2.553 hours, Δt:   1.83, CFL: 7.20e-01
i: 306100, t:  317071.1 s, ωt:  31.71 (5.05 periods), wall: 2.554 hours, Δt:   1.82, CFL: 7.20e-01
i: 306200, t:  317228.8 s, ωt:  31.72 (5.05 periods), wall: 2.554 hours, Δt:   1.48, CFL: 7.20e-01
i: 306300, t:  317378.5 s, ωt:  31.74 (5.05 periods), wall: 2.555 hours, Δt:   1.54, CFL: 7.20e-01
i: 306400, t:  317533.6 s, ωt:  31.75 (5.05 periods), wall: 2.556 hours, Δt:   1.43, CFL: 7.20e-01
i: 306500, t:  317678.5 s, ωt:  31.77 (5.06 periods), wall: 2.557 hours, Δt:   1.47, CFL: 7.20e-01
i: 306600, t:  317820.6 s, ωt:  31.78 (5.06 periods), wall: 2.558 hours, Δt:   1.38, CFL: 7.20e-01
i: 306700, t:  317962.1 s, ωt:  31.80 (5.06 periods), wall: 2.559 hours, Δt:   1.53, CFL: 7.20e-01
i: 306800, t:  318101.7 s, ωt:  31.81 (5.06 periods), wall: 2.559 hours, Δt:   1.50, CFL: 7.20e-01
i: 306900, t:  318236.0 s, ωt:  31.82 (5.06 periods), wall: 2.560 hours, Δt:   1.38, CFL: 7.20e-01
i: 307000, t:  318364.4 s, ωt:  31.84 (5.07 periods), wall: 2.561 hours, Δt:   1.21, CFL: 7.20e-01
i: 307100, t:  318494.5 s, ωt:  31.85 (5.07 periods), wall: 2.562 hours, Δt:   1.32, CFL: 7.20e-01
i: 307200, t:  318606.1 s, ωt:  31.86 (5.07 periods), wall: 2.563 hours, Δt:   1.21, CFL: 7.20e-01
i: 307300, t:  318734.4 s, ωt:  31.87 (5.07 periods), wall: 2.564 hours, Δt:   1.28, CFL: 7.20e-01
i: 307400, t:  318866.3 s, ωt:  31.89 (5.07 periods), wall: 2.564 hours, Δt:   1.23, CFL: 7.20e-01
i: 307500, t:  318977.4 s, ωt:  31.90 (5.08 periods), wall: 2.565 hours, Δt:   1.13, CFL: 7.20e-01
i: 307600, t:  319089.2 s, ωt:  31.91 (5.08 periods), wall: 2.566 hours, Δt:   1.08, CFL: 7.20e-01
i: 307700, t:  319192.0 s, ωt:  31.92 (5.08 periods), wall: 2.567 hours, Δt:   1.09, CFL: 7.20e-01
i: 307800, t:  319300.1 s, ωt:  31.93 (5.08 periods), wall: 2.568 hours, Δt:   1.13, CFL: 7.20e-01
i: 307900, t:  319410.9 s, ωt:  31.94 (5.08 periods), wall: 2.569 hours, Δt:   0.96, CFL: 7.20e-01
i: 308000, t:  319523.6 s, ωt:  31.95 (5.09 periods), wall: 2.569 hours, Δt:   1.20, CFL: 7.20e-01
i: 308100, t:  319638.1 s, ωt:  31.96 (5.09 periods), wall: 2.570 hours, Δt:   1.06, CFL: 7.20e-01
i: 308200, t:  319744.4 s, ωt:  31.97 (5.09 periods), wall: 2.571 hours, Δt:   1.05, CFL: 7.20e-01
i: 308300, t:  319838.2 s, ωt:  31.98 (5.09 periods), wall: 2.572 hours, Δt:   0.98, CFL: 7.20e-01
i: 308400, t:  319948.9 s, ωt:  31.99 (5.09 periods), wall: 2.573 hours, Δt:   1.14, CFL: 7.20e-01
i: 308500, t:  320053.8 s, ωt:  32.01 (5.09 periods), wall: 2.574 hours, Δt:   1.07, CFL: 7.20e-01
i: 308600, t:  320162.7 s, ωt:  32.02 (5.10 periods), wall: 2.574 hours, Δt:   1.02, CFL: 7.20e-01
i: 308700, t:  320265.2 s, ωt:  32.03 (5.10 periods), wall: 2.575 hours, Δt:   1.03, CFL: 7.20e-01
i: 308800, t:  320360.6 s, ωt:  32.04 (5.10 periods), wall: 2.576 hours, Δt:   0.77, CFL: 7.20e-01
i: 308900, t:  320453.0 s, ωt:  32.05 (5.10 periods), wall: 2.577 hours, Δt:   0.97, CFL: 7.20e-01
i: 309000, t:  320549.1 s, ωt:  32.05 (5.10 periods), wall: 2.578 hours, Δt:   0.95, CFL: 7.20e-01
i: 309100, t:  320649.5 s, ωt:  32.06 (5.10 periods), wall: 2.579 hours, Δt:   1.11, CFL: 7.20e-01
i: 309200, t:  320756.6 s, ωt:  32.08 (5.10 periods), wall: 2.579 hours, Δt:   0.91, CFL: 7.20e-01
i: 309300, t:  320853.5 s, ωt:  32.09 (5.11 periods), wall: 2.580 hours, Δt:   0.87, CFL: 7.20e-01
i: 309400, t:  320959.9 s, ωt:  32.10 (5.11 periods), wall: 2.581 hours, Δt:   1.07, CFL: 7.20e-01
i: 309500, t:  321060.0 s, ωt:  32.11 (5.11 periods), wall: 2.582 hours, Δt:   0.85, CFL: 7.20e-01
i: 309600, t:  321147.8 s, ωt:  32.11 (5.11 periods), wall: 2.583 hours, Δt:   0.81, CFL: 7.20e-01
i: 309700, t:  321240.8 s, ωt:  32.12 (5.11 periods), wall: 2.584 hours, Δt:   1.06, CFL: 7.20e-01
i: 309800, t:  321335.8 s, ωt:  32.13 (5.11 periods), wall: 2.584 hours, Δt:   0.93, CFL: 7.20e-01
i: 309900, t:  321422.6 s, ωt:  32.14 (5.12 periods), wall: 2.585 hours, Δt:   0.78, CFL: 7.20e-01
i: 310000, t:  321502.1 s, ωt:  32.15 (5.12 periods), wall: 2.586 hours, Δt:   0.84, CFL: 7.20e-01
i: 310100, t:  321594.0 s, ωt:  32.16 (5.12 periods), wall: 2.587 hours, Δt:   0.86, CFL: 7.20e-01
i: 310200, t:  321688.6 s, ωt:  32.17 (5.12 periods), wall: 2.588 hours, Δt:   0.92, CFL: 7.20e-01
i: 310300, t:  321782.5 s, ωt:  32.18 (5.12 periods), wall: 2.589 hours, Δt:   0.85, CFL: 7.20e-01
i: 310400, t:  321872.7 s, ωt:  32.19 (5.12 periods), wall: 2.589 hours, Δt:   0.91, CFL: 7.20e-01
i: 310500, t:  321966.2 s, ωt:  32.20 (5.12 periods), wall: 2.590 hours, Δt:   1.05, CFL: 7.20e-01
i: 310600, t:  322060.9 s, ωt:  32.21 (5.13 periods), wall: 2.591 hours, Δt:   1.02, CFL: 7.20e-01
i: 310700, t:  322155.5 s, ωt:  32.22 (5.13 periods), wall: 2.592 hours, Δt:   0.96, CFL: 7.20e-01
i: 310800, t:  322250.0 s, ωt:  32.22 (5.13 periods), wall: 2.593 hours, Δt:   0.91, CFL: 7.20e-01
i: 310900, t:  322332.0 s, ωt:  32.23 (5.13 periods), wall: 2.594 hours, Δt:   0.73, CFL: 7.20e-01
i: 311000, t:  322405.9 s, ωt:  32.24 (5.13 periods), wall: 2.594 hours, Δt:   0.88, CFL: 7.17e-01
i: 311100, t:  322490.9 s, ωt:  32.25 (5.13 periods), wall: 2.595 hours, Δt:   0.85, CFL: 7.20e-01
i: 311200, t:  322578.0 s, ωt:  32.26 (5.13 periods), wall: 2.596 hours, Δt:   0.76, CFL: 7.20e-01
i: 311300, t:  322654.5 s, ωt:  32.27 (5.14 periods), wall: 2.597 hours, Δt:   0.77, CFL: 7.20e-01
i: 311400, t:  322741.6 s, ωt:  32.27 (5.14 periods), wall: 2.598 hours, Δt:   0.83, CFL: 7.20e-01
i: 311500, t:  322827.3 s, ωt:  32.28 (5.14 periods), wall: 2.599 hours, Δt:   0.75, CFL: 7.20e-01
i: 311600, t:  322901.0 s, ωt:  32.29 (5.14 periods), wall: 2.599 hours, Δt:   0.78, CFL: 7.20e-01
i: 311700, t:  322980.3 s, ωt:  32.30 (5.14 periods), wall: 2.600 hours, Δt:   0.80, CFL: 7.20e-01
i: 311800, t:  323062.1 s, ωt:  32.31 (5.14 periods), wall: 2.601 hours, Δt:   0.73, CFL: 7.20e-01
i: 311900, t:  323142.9 s, ωt:  32.31 (5.14 periods), wall: 2.602 hours, Δt:   0.79, CFL: 7.20e-01
i: 312000, t:  323225.1 s, ωt:  32.32 (5.14 periods), wall: 2.603 hours, Δt:   0.90, CFL: 7.20e-01
i: 312100, t:  323314.8 s, ωt:  32.33 (5.15 periods), wall: 2.604 hours, Δt:   0.89, CFL: 7.20e-01
i: 312200, t:  323397.4 s, ωt:  32.34 (5.15 periods), wall: 2.604 hours, Δt:   0.79, CFL: 7.20e-01
i: 312300, t:  323481.9 s, ωt:  32.35 (5.15 periods), wall: 2.605 hours, Δt:   0.83, CFL: 7.20e-01
i: 312400, t:  323559.4 s, ωt:  32.36 (5.15 periods), wall: 2.606 hours, Δt:   0.88, CFL: 7.20e-01
i: 312500, t:  323638.3 s, ωt:  32.36 (5.15 periods), wall: 2.607 hours, Δt:   0.83, CFL: 7.20e-01
i: 312600, t:  323716.1 s, ωt:  32.37 (5.15 periods), wall: 2.608 hours, Δt:   0.85, CFL: 7.20e-01
i: 312700, t:  323794.5 s, ωt:  32.38 (5.15 periods), wall: 2.609 hours, Δt:   0.67, CFL: 7.20e-01
i: 312800, t:  323874.7 s, ωt:  32.39 (5.15 periods), wall: 2.609 hours, Δt:   0.76, CFL: 7.20e-01
i: 312900, t:  323951.1 s, ωt:  32.40 (5.16 periods), wall: 2.610 hours, Δt:   0.90, CFL: 7.20e-01
i: 313000, t:  324029.7 s, ωt:  32.40 (5.16 periods), wall: 2.611 hours, Δt:   0.64, CFL: 7.20e-01
i: 313100, t:  324101.0 s, ωt:  32.41 (5.16 periods), wall: 2.612 hours, Δt:   0.83, CFL: 7.20e-01
i: 313200, t:  324174.5 s, ωt:  32.42 (5.16 periods), wall: 2.613 hours, Δt:   0.91, CFL: 7.20e-01
i: 313300, t:  324249.2 s, ωt:  32.42 (5.16 periods), wall: 2.613 hours, Δt:   0.77, CFL: 7.20e-01
i: 313400, t:  324327.4 s, ωt:  32.43 (5.16 periods), wall: 2.614 hours, Δt:   0.76, CFL: 7.20e-01
i: 313500, t:  324400.7 s, ωt:  32.44 (5.16 periods), wall: 2.615 hours, Δt:   0.67, CFL: 7.20e-01
i: 313600, t:  324470.9 s, ωt:  32.45 (5.16 periods), wall: 2.616 hours, Δt:   0.63, CFL: 7.20e-01
i: 313700, t:  324542.5 s, ωt:  32.45 (5.17 periods), wall: 2.617 hours, Δt:   0.76, CFL: 7.20e-01
i: 313800, t:  324622.4 s, ωt:  32.46 (5.17 periods), wall: 2.618 hours, Δt:   0.73, CFL: 7.20e-01
i: 313900, t:  324694.9 s, ωt:  32.47 (5.17 periods), wall: 2.618 hours, Δt:   0.80, CFL: 7.20e-01
i: 314000, t:  324772.6 s, ωt:  32.48 (5.17 periods), wall: 2.619 hours, Δt:   0.78, CFL: 7.20e-01
i: 314100, t:  324852.7 s, ωt:  32.49 (5.17 periods), wall: 2.620 hours, Δt:   0.74, CFL: 7.20e-01
i: 314200, t:  324930.4 s, ωt:  32.49 (5.17 periods), wall: 2.621 hours, Δt:   0.80, CFL: 7.20e-01
i: 314300, t:  325006.6 s, ωt:  32.50 (5.17 periods), wall: 2.622 hours, Δt:   0.76, CFL: 7.20e-01
i: 314400, t:  325086.1 s, ωt:  32.51 (5.17 periods), wall: 2.623 hours, Δt:   0.91, CFL: 7.20e-01
i: 314500, t:  325168.4 s, ωt:  32.52 (5.18 periods), wall: 2.623 hours, Δt:   0.72, CFL: 7.20e-01
i: 314600, t:  325240.3 s, ωt:  32.52 (5.18 periods), wall: 2.624 hours, Δt:   0.70, CFL: 7.20e-01
i: 314700, t:  325316.0 s, ωt:  32.53 (5.18 periods), wall: 2.625 hours, Δt:   0.70, CFL: 7.20e-01
i: 314800, t:  325391.9 s, ωt:  32.54 (5.18 periods), wall: 2.626 hours, Δt:   0.81, CFL: 7.20e-01
i: 314900, t:  325471.0 s, ωt:  32.55 (5.18 periods), wall: 2.627 hours, Δt:   0.68, CFL: 7.20e-01
i: 315000, t:  325542.7 s, ωt:  32.55 (5.18 periods), wall: 2.628 hours, Δt:   0.67, CFL: 7.20e-01
i: 315100, t:  325615.3 s, ωt:  32.56 (5.18 periods), wall: 2.628 hours, Δt:   0.75, CFL: 7.20e-01
i: 315200, t:  325685.8 s, ωt:  32.57 (5.18 periods), wall: 2.629 hours, Δt:   0.84, CFL: 7.20e-01
i: 315300, t:  325769.6 s, ωt:  32.58 (5.18 periods), wall: 2.630 hours, Δt:   0.76, CFL: 7.20e-01
i: 315400, t:  325843.3 s, ωt:  32.58 (5.19 periods), wall: 2.631 hours, Δt:   0.68, CFL: 7.20e-01
i: 315500, t:  325909.6 s, ωt:  32.59 (5.19 periods), wall: 2.632 hours, Δt:   0.75, CFL: 7.20e-01
i: 315600, t:  325991.3 s, ωt:  32.60 (5.19 periods), wall: 2.633 hours, Δt:   0.77, CFL: 7.20e-01
i: 315700, t:  326068.3 s, ωt:  32.61 (5.19 periods), wall: 2.633 hours, Δt:   0.80, CFL: 7.20e-01
i: 315800, t:  326149.2 s, ωt:  32.61 (5.19 periods), wall: 2.634 hours, Δt:   0.76, CFL: 7.20e-01
i: 315900, t:  326224.8 s, ωt:  32.62 (5.19 periods), wall: 2.635 hours, Δt:   0.71, CFL: 7.20e-01
i: 316000, t:  326292.2 s, ωt:  32.63 (5.19 periods), wall: 2.636 hours, Δt:   0.70, CFL: 7.20e-01
i: 316100, t:  326364.2 s, ωt:  32.64 (5.19 periods), wall: 2.637 hours, Δt:   0.83, CFL: 7.20e-01
i: 316200, t:  326438.6 s, ωt:  32.64 (5.20 periods), wall: 2.638 hours, Δt:   0.75, CFL: 7.20e-01
i: 316300, t:  326509.1 s, ωt:  32.65 (5.20 periods), wall: 2.638 hours, Δt:   0.63, CFL: 7.20e-01
i: 316400, t:  326580.6 s, ωt:  32.66 (5.20 periods), wall: 2.639 hours, Δt:   0.69, CFL: 7.20e-01
i: 316500, t:  326648.9 s, ωt:  32.66 (5.20 periods), wall: 2.640 hours, Δt:   0.72, CFL: 7.20e-01
i: 316600, t:  326716.3 s, ωt:  32.67 (5.20 periods), wall: 2.641 hours, Δt:   0.75, CFL: 7.20e-01
i: 316700, t:  326792.0 s, ωt:  32.68 (5.20 periods), wall: 2.642 hours, Δt:   0.62, CFL: 7.20e-01
i: 316800, t:  326857.9 s, ωt:  32.69 (5.20 periods), wall: 2.643 hours, Δt:   0.65, CFL: 7.20e-01
i: 316900, t:  326918.7 s, ωt:  32.69 (5.20 periods), wall: 2.643 hours, Δt:   0.79, CFL: 7.20e-01
i: 317000, t:  326992.1 s, ωt:  32.70 (5.20 periods), wall: 2.644 hours, Δt:   0.80, CFL: 7.20e-01
i: 317100, t:  327068.3 s, ωt:  32.71 (5.21 periods), wall: 2.645 hours, Δt:   0.67, CFL: 7.20e-01
i: 317200, t:  327138.0 s, ωt:  32.71 (5.21 periods), wall: 2.646 hours, Δt:   0.78, CFL: 7.20e-01
i: 317300, t:  327210.2 s, ωt:  32.72 (5.21 periods), wall: 2.647 hours, Δt:   0.68, CFL: 7.20e-01
i: 317400, t:  327286.6 s, ωt:  32.73 (5.21 periods), wall: 2.648 hours, Δt:   0.82, CFL: 7.20e-01
i: 317500, t:  327364.4 s, ωt:  32.74 (5.21 periods), wall: 2.648 hours, Δt:   0.72, CFL: 7.20e-01
i: 317600, t:  327437.2 s, ωt:  32.74 (5.21 periods), wall: 2.649 hours, Δt:   0.82, CFL: 7.20e-01
i: 317700, t:  327514.5 s, ωt:  32.75 (5.21 periods), wall: 2.650 hours, Δt:   0.76, CFL: 7.20e-01
i: 317800, t:  327593.4 s, ωt:  32.76 (5.21 periods), wall: 2.651 hours, Δt:   0.77, CFL: 7.20e-01
i: 317900, t:  327667.0 s, ωt:  32.77 (5.21 periods), wall: 2.652 hours, Δt:   0.73, CFL: 7.20e-01
i: 318000, t:  327736.4 s, ωt:  32.77 (5.22 periods), wall: 2.653 hours, Δt:   0.65, CFL: 7.20e-01
i: 318100, t:  327804.1 s, ωt:  32.78 (5.22 periods), wall: 2.653 hours, Δt:   0.77, CFL: 7.20e-01
i: 318200, t:  327869.7 s, ωt:  32.79 (5.22 periods), wall: 2.654 hours, Δt:   0.63, CFL: 7.20e-01
i: 318300, t:  327937.7 s, ωt:  32.79 (5.22 periods), wall: 2.655 hours, Δt:   0.69, CFL: 7.20e-01
i: 318400, t:  328006.9 s, ωt:  32.80 (5.22 periods), wall: 2.656 hours, Δt:   0.81, CFL: 7.20e-01
i: 318500, t:  328076.7 s, ωt:  32.81 (5.22 periods), wall: 2.657 hours, Δt:   0.67, CFL: 7.20e-01
i: 318600, t:  328141.1 s, ωt:  32.81 (5.22 periods), wall: 2.658 hours, Δt:   0.71, CFL: 7.20e-01
i: 318700, t:  328208.7 s, ωt:  32.82 (5.22 periods), wall: 2.658 hours, Δt:   0.74, CFL: 7.20e-01
i: 318800, t:  328277.2 s, ωt:  32.83 (5.22 periods), wall: 2.659 hours, Δt:   0.70, CFL: 7.20e-01
i: 318900, t:  328343.7 s, ωt:  32.83 (5.23 periods), wall: 2.660 hours, Δt:   0.66, CFL: 7.20e-01
i: 319000, t:  328413.6 s, ωt:  32.84 (5.23 periods), wall: 2.661 hours, Δt:   0.65, CFL: 7.20e-01
i: 319100, t:  328481.5 s, ωt:  32.85 (5.23 periods), wall: 2.662 hours, Δt:   0.67, CFL: 7.20e-01
i: 319200, t:  328550.0 s, ωt:  32.85 (5.23 periods), wall: 2.662 hours, Δt:   0.78, CFL: 7.20e-01
i: 319300, t:  328623.6 s, ωt:  32.86 (5.23 periods), wall: 2.663 hours, Δt:   0.70, CFL: 7.20e-01
i: 319400, t:  328697.8 s, ωt:  32.87 (5.23 periods), wall: 2.664 hours, Δt:   0.74, CFL: 7.20e-01
i: 319500, t:  328764.4 s, ωt:  32.88 (5.23 periods), wall: 2.665 hours, Δt:   0.62, CFL: 7.20e-01
i: 319600, t:  328830.2 s, ωt:  32.88 (5.23 periods), wall: 2.666 hours, Δt:   0.60, CFL: 7.20e-01
i: 319700, t:  328896.4 s, ωt:  32.89 (5.23 periods), wall: 2.667 hours, Δt:   0.74, CFL: 7.20e-01
i: 319800, t:  328959.4 s, ωt:  32.90 (5.24 periods), wall: 2.667 hours, Δt:   0.71, CFL: 7.20e-01
i: 319900, t:  329034.6 s, ωt:  32.90 (5.24 periods), wall: 2.668 hours, Δt:   0.77, CFL: 7.20e-01
i: 320000, t:  329105.4 s, ωt:  32.91 (5.24 periods), wall: 2.669 hours, Δt:   0.62, CFL: 7.20e-01
i: 320100, t:  329166.5 s, ωt:  32.92 (5.24 periods), wall: 2.670 hours, Δt:   0.68, CFL: 7.20e-01
i: 320200, t:  329235.0 s, ωt:  32.92 (5.24 periods), wall: 2.671 hours, Δt:   0.80, CFL: 7.20e-01
i: 320300, t:  329302.4 s, ωt:  32.93 (5.24 periods), wall: 2.672 hours, Δt:   0.69, CFL: 7.20e-01
i: 320400, t:  329378.4 s, ωt:  32.94 (5.24 periods), wall: 2.672 hours, Δt:   0.73, CFL: 7.20e-01
i: 320500, t:  329452.9 s, ωt:  32.95 (5.24 periods), wall: 2.673 hours, Δt:   0.72, CFL: 7.20e-01
i: 320600, t:  329527.6 s, ωt:  32.95 (5.24 periods), wall: 2.674 hours, Δt:   0.80, CFL: 7.20e-01
i: 320700, t:  329591.7 s, ωt:  32.96 (5.25 periods), wall: 2.675 hours, Δt:   0.69, CFL: 7.20e-01
i: 320800, t:  329665.1 s, ωt:  32.97 (5.25 periods), wall: 2.676 hours, Δt:   0.76, CFL: 7.20e-01
i: 320900, t:  329740.7 s, ωt:  32.97 (5.25 periods), wall: 2.677 hours, Δt:   0.76, CFL: 7.20e-01
i: 321000, t:  329811.1 s, ωt:  32.98 (5.25 periods), wall: 2.677 hours, Δt:   0.83, CFL: 7.20e-01
i: 321100, t:  329881.2 s, ωt:  32.99 (5.25 periods), wall: 2.678 hours, Δt:   0.67, CFL: 7.20e-01
i: 321200, t:  329956.0 s, ωt:  33.00 (5.25 periods), wall: 2.679 hours, Δt:   0.70, CFL: 7.20e-01
i: 321300, t:  330025.0 s, ωt:  33.00 (5.25 periods), wall: 2.680 hours, Δt:   0.72, CFL: 7.20e-01
i: 321400, t:  330093.0 s, ωt:  33.01 (5.25 periods), wall: 2.681 hours, Δt:   0.77, CFL: 7.20e-01
i: 321500, t:  330170.6 s, ωt:  33.02 (5.25 periods), wall: 2.682 hours, Δt:   0.77, CFL: 7.20e-01
i: 321600, t:  330244.0 s, ωt:  33.02 (5.26 periods), wall: 2.682 hours, Δt:   0.77, CFL: 7.20e-01
i: 321700, t:  330319.8 s, ωt:  33.03 (5.26 periods), wall: 2.683 hours, Δt:   0.72, CFL: 7.20e-01
i: 321800, t:  330393.2 s, ωt:  33.04 (5.26 periods), wall: 2.684 hours, Δt:   0.80, CFL: 7.20e-01
i: 321900, t:  330470.1 s, ωt:  33.05 (5.26 periods), wall: 2.685 hours, Δt:   0.67, CFL: 7.20e-01
i: 322000, t:  330545.2 s, ωt:  33.05 (5.26 periods), wall: 2.686 hours, Δt:   0.77, CFL: 7.20e-01
i: 322100, t:  330619.3 s, ωt:  33.06 (5.26 periods), wall: 2.687 hours, Δt:   0.75, CFL: 7.20e-01
i: 322200, t:  330687.0 s, ωt:  33.07 (5.26 periods), wall: 2.687 hours, Δt:   0.59, CFL: 7.20e-01
i: 322300, t:  330758.5 s, ωt:  33.08 (5.26 periods), wall: 2.688 hours, Δt:   0.79, CFL: 7.20e-01
i: 322400, t:  330835.0 s, ωt:  33.08 (5.27 periods), wall: 2.689 hours, Δt:   0.79, CFL: 7.20e-01
i: 322500, t:  330907.8 s, ωt:  33.09 (5.27 periods), wall: 2.690 hours, Δt:   0.76, CFL: 7.20e-01
i: 322600, t:  330980.6 s, ωt:  33.10 (5.27 periods), wall: 2.691 hours, Δt:   0.70, CFL: 7.20e-01
i: 322700, t:  331048.6 s, ωt:  33.10 (5.27 periods), wall: 2.692 hours, Δt:   0.69, CFL: 7.20e-01
i: 322800, t:  331112.0 s, ωt:  33.11 (5.27 periods), wall: 2.692 hours, Δt:   0.62, CFL: 7.20e-01
i: 322900, t:  331181.6 s, ωt:  33.12 (5.27 periods), wall: 2.693 hours, Δt:   0.66, CFL: 7.20e-01
i: 323000, t:  331253.3 s, ωt:  33.13 (5.27 periods), wall: 2.694 hours, Δt:   0.65, CFL: 7.20e-01
i: 323100, t:  331322.1 s, ωt:  33.13 (5.27 periods), wall: 2.695 hours, Δt:   0.69, CFL: 7.20e-01
i: 323200, t:  331390.8 s, ωt:  33.14 (5.27 periods), wall: 2.696 hours, Δt:   0.74, CFL: 7.20e-01
i: 323300, t:  331464.7 s, ωt:  33.15 (5.28 periods), wall: 2.697 hours, Δt:   0.74, CFL: 7.20e-01
i: 323400, t:  331531.8 s, ωt:  33.15 (5.28 periods), wall: 2.697 hours, Δt:   0.67, CFL: 7.20e-01
i: 323500, t:  331603.5 s, ωt:  33.16 (5.28 periods), wall: 2.698 hours, Δt:   0.62, CFL: 7.20e-01
i: 323600, t:  331670.9 s, ωt:  33.17 (5.28 periods), wall: 2.699 hours, Δt:   0.71, CFL: 7.20e-01
i: 323700, t:  331747.5 s, ωt:  33.17 (5.28 periods), wall: 2.700 hours, Δt:   0.78, CFL: 7.20e-01
i: 323800, t:  331813.6 s, ωt:  33.18 (5.28 periods), wall: 2.701 hours, Δt:   0.73, CFL: 7.20e-01
i: 323900, t:  331889.5 s, ωt:  33.19 (5.28 periods), wall: 2.702 hours, Δt:   0.81, CFL: 7.20e-01
i: 324000, t:  331967.4 s, ωt:  33.20 (5.28 periods), wall: 2.702 hours, Δt:   0.75, CFL: 7.20e-01
i: 324100, t:  332045.3 s, ωt:  33.20 (5.28 periods), wall: 2.703 hours, Δt:   0.75, CFL: 7.20e-01
i: 324200, t:  332120.9 s, ωt:  33.21 (5.29 periods), wall: 2.704 hours, Δt:   0.82, CFL: 7.20e-01
i: 324300, t:  332195.7 s, ωt:  33.22 (5.29 periods), wall: 2.705 hours, Δt:   0.64, CFL: 7.20e-01
i: 324400, t:  332270.6 s, ωt:  33.23 (5.29 periods), wall: 2.706 hours, Δt:   0.75, CFL: 7.20e-01
i: 324500, t:  332347.6 s, ωt:  33.23 (5.29 periods), wall: 2.707 hours, Δt:   0.90, CFL: 7.20e-01
i: 324600, t:  332422.1 s, ωt:  33.24 (5.29 periods), wall: 2.707 hours, Δt:   0.67, CFL: 7.20e-01
i: 324700, t:  332494.5 s, ωt:  33.25 (5.29 periods), wall: 2.708 hours, Δt:   0.82, CFL: 7.20e-01
i: 324800, t:  332568.4 s, ωt:  33.26 (5.29 periods), wall: 2.709 hours, Δt:   0.83, CFL: 7.20e-01
i: 324900, t:  332644.6 s, ωt:  33.26 (5.29 periods), wall: 2.710 hours, Δt:   0.67, CFL: 7.20e-01
i: 325000, t:  332727.0 s, ωt:  33.27 (5.30 periods), wall: 2.711 hours, Δt:   0.80, CFL: 7.20e-01
i: 325100, t:  332801.5 s, ωt:  33.28 (5.30 periods), wall: 2.711 hours, Δt:   0.62, CFL: 7.20e-01
i: 325200, t:  332860.3 s, ωt:  33.29 (5.30 periods), wall: 2.712 hours, Δt:   0.65, CFL: 7.20e-01
i: 325300, t:  332934.1 s, ωt:  33.29 (5.30 periods), wall: 2.713 hours, Δt:   0.74, CFL: 7.20e-01
i: 325400, t:  333013.0 s, ωt:  33.30 (5.30 periods), wall: 2.714 hours, Δt:   0.80, CFL: 7.20e-01
i: 325500, t:  333093.6 s, ωt:  33.31 (5.30 periods), wall: 2.715 hours, Δt:   0.72, CFL: 7.20e-01
i: 325600, t:  333159.2 s, ωt:  33.32 (5.30 periods), wall: 2.716 hours, Δt:   0.65, CFL: 7.20e-01
i: 325700, t:  333230.5 s, ωt:  33.32 (5.30 periods), wall: 2.716 hours, Δt:   0.76, CFL: 7.20e-01
i: 325800, t:  333309.9 s, ωt:  33.33 (5.30 periods), wall: 2.717 hours, Δt:   0.83, CFL: 7.20e-01
i: 325900, t:  333390.8 s, ωt:  33.34 (5.31 periods), wall: 2.718 hours, Δt:   0.77, CFL: 7.20e-01
i: 326000, t:  333468.7 s, ωt:  33.35 (5.31 periods), wall: 2.719 hours, Δt:   0.84, CFL: 7.20e-01
i: 326100, t:  333547.8 s, ωt:  33.35 (5.31 periods), wall: 2.720 hours, Δt:   0.72, CFL: 7.20e-01
i: 326200, t:  333618.9 s, ωt:  33.36 (5.31 periods), wall: 2.721 hours, Δt:   0.63, CFL: 7.20e-01
i: 326300, t:  333700.5 s, ωt:  33.37 (5.31 periods), wall: 2.721 hours, Δt:   0.76, CFL: 7.20e-01
i: 326400, t:  333779.6 s, ωt:  33.38 (5.31 periods), wall: 2.722 hours, Δt:   0.73, CFL: 7.20e-01
i: 326500, t:  333857.0 s, ωt:  33.39 (5.31 periods), wall: 2.723 hours, Δt:   0.81, CFL: 7.20e-01
i: 326600, t:  333936.0 s, ωt:  33.39 (5.31 periods), wall: 2.724 hours, Δt:   0.73, CFL: 7.20e-01
i: 326700, t:  334013.5 s, ωt:  33.40 (5.32 periods), wall: 2.725 hours, Δt:   0.79, CFL: 7.20e-01
i: 326800, t:  334099.1 s, ωt:  33.41 (5.32 periods), wall: 2.726 hours, Δt:   0.80, CFL: 7.20e-01
i: 326900, t:  334180.4 s, ωt:  33.42 (5.32 periods), wall: 2.726 hours, Δt:   0.82, CFL: 7.20e-01
i: 327000, t:  334259.1 s, ωt:  33.43 (5.32 periods), wall: 2.727 hours, Δt:   0.91, CFL: 7.20e-01
i: 327100, t:  334337.5 s, ωt:  33.43 (5.32 periods), wall: 2.728 hours, Δt:   0.82, CFL: 7.20e-01
i: 327200, t:  334421.3 s, ωt:  33.44 (5.32 periods), wall: 2.729 hours, Δt:   0.87, CFL: 7.20e-01
i: 327300, t:  334496.5 s, ωt:  33.45 (5.32 periods), wall: 2.730 hours, Δt:   0.69, CFL: 7.20e-01
i: 327400, t:  334579.6 s, ωt:  33.46 (5.32 periods), wall: 2.731 hours, Δt:   0.71, CFL: 7.20e-01
i: 327500, t:  334659.1 s, ωt:  33.47 (5.33 periods), wall: 2.731 hours, Δt:   0.84, CFL: 7.20e-01
i: 327600, t:  334746.4 s, ωt:  33.47 (5.33 periods), wall: 2.732 hours, Δt:   0.91, CFL: 7.20e-01
i: 327700, t:  334840.5 s, ωt:  33.48 (5.33 periods), wall: 2.733 hours, Δt:   0.81, CFL: 7.20e-01
i: 327800, t:  334927.5 s, ωt:  33.49 (5.33 periods), wall: 2.734 hours, Δt:   1.00, CFL: 7.20e-01
i: 327900, t:  335015.6 s, ωt:  33.50 (5.33 periods), wall: 2.735 hours, Δt:   0.94, CFL: 7.20e-01
i: 328000, t:  335106.9 s, ωt:  33.51 (5.33 periods), wall: 2.736 hours, Δt:   0.76, CFL: 7.20e-01
i: 328100, t:  335188.2 s, ωt:  33.52 (5.33 periods), wall: 2.736 hours, Δt:   0.86, CFL: 7.20e-01
i: 328200, t:  335273.4 s, ωt:  33.53 (5.34 periods), wall: 2.737 hours, Δt:   0.83, CFL: 7.20e-01
i: 328300, t:  335357.6 s, ωt:  33.54 (5.34 periods), wall: 2.738 hours, Δt:   0.85, CFL: 7.20e-01
i: 328400, t:  335441.1 s, ωt:  33.54 (5.34 periods), wall: 2.739 hours, Δt:   0.76, CFL: 7.20e-01
i: 328500, t:  335536.4 s, ωt:  33.55 (5.34 periods), wall: 2.740 hours, Δt:   0.89, CFL: 7.20e-01
i: 328600, t:  335626.4 s, ωt:  33.56 (5.34 periods), wall: 2.741 hours, Δt:   0.84, CFL: 7.20e-01
i: 328700, t:  335701.4 s, ωt:  33.57 (5.34 periods), wall: 2.741 hours, Δt:   0.84, CFL: 7.20e-01
i: 328800, t:  335778.2 s, ωt:  33.58 (5.34 periods), wall: 2.742 hours, Δt:   0.75, CFL: 7.20e-01
i: 328900, t:  335854.7 s, ωt:  33.59 (5.35 periods), wall: 2.743 hours, Δt:   0.79, CFL: 7.20e-01
i: 329000, t:  335933.8 s, ωt:  33.59 (5.35 periods), wall: 2.744 hours, Δt:   0.90, CFL: 7.20e-01
i: 329100, t:  336015.9 s, ωt:  33.60 (5.35 periods), wall: 2.745 hours, Δt:   0.91, CFL: 7.20e-01
i: 329200, t:  336104.9 s, ωt:  33.61 (5.35 periods), wall: 2.746 hours, Δt:   0.86, CFL: 7.20e-01
i: 329300, t:  336192.4 s, ωt:  33.62 (5.35 periods), wall: 2.746 hours, Δt:   0.99, CFL: 7.20e-01
i: 329400, t:  336275.7 s, ωt:  33.63 (5.35 periods), wall: 2.747 hours, Δt:   0.93, CFL: 7.20e-01
i: 329500, t:  336368.6 s, ωt:  33.64 (5.35 periods), wall: 2.748 hours, Δt:   0.81, CFL: 7.20e-01
i: 329600, t:  336457.7 s, ωt:  33.65 (5.35 periods), wall: 2.749 hours, Δt:   0.80, CFL: 7.20e-01
i: 329700, t:  336546.6 s, ωt:  33.65 (5.36 periods), wall: 2.750 hours, Δt:   0.92, CFL: 7.20e-01
i: 329800, t:  336638.1 s, ωt:  33.66 (5.36 periods), wall: 2.751 hours, Δt:   0.92, CFL: 7.20e-01
i: 329900, t:  336730.6 s, ωt:  33.67 (5.36 periods), wall: 2.751 hours, Δt:   0.99, CFL: 7.20e-01
i: 330000, t:  336832.4 s, ωt:  33.68 (5.36 periods), wall: 2.752 hours, Δt:   0.96, CFL: 7.20e-01
i: 330100, t:  336933.7 s, ωt:  33.69 (5.36 periods), wall: 2.753 hours, Δt:   1.06, CFL: 7.20e-01
i: 330200, t:  337040.8 s, ωt:  33.70 (5.36 periods), wall: 2.754 hours, Δt:   1.06, CFL: 7.20e-01
i: 330300, t:  337148.2 s, ωt:  33.71 (5.37 periods), wall: 2.755 hours, Δt:   1.10, CFL: 7.20e-01
i: 330400, t:  337257.4 s, ωt:  33.73 (5.37 periods), wall: 2.756 hours, Δt:   1.00, CFL: 7.20e-01
i: 330500, t:  337358.1 s, ωt:  33.74 (5.37 periods), wall: 2.756 hours, Δt:   1.01, CFL: 7.20e-01
i: 330600, t:  337457.5 s, ωt:  33.75 (5.37 periods), wall: 2.757 hours, Δt:   1.05, CFL: 7.20e-01
i: 330700, t:  337565.4 s, ωt:  33.76 (5.37 periods), wall: 2.758 hours, Δt:   1.16, CFL: 7.20e-01
i: 330800, t:  337670.7 s, ωt:  33.77 (5.37 periods), wall: 2.759 hours, Δt:   1.04, CFL: 7.20e-01
i: 330900, t:  337775.4 s, ωt:  33.78 (5.38 periods), wall: 2.760 hours, Δt:   1.06, CFL: 7.20e-01
i: 331000, t:  337886.2 s, ωt:  33.79 (5.38 periods), wall: 2.761 hours, Δt:   1.05, CFL: 7.20e-01
i: 331100, t:  337996.6 s, ωt:  33.80 (5.38 periods), wall: 2.761 hours, Δt:   1.06, CFL: 7.20e-01
i: 331200, t:  338106.7 s, ωt:  33.81 (5.38 periods), wall: 2.762 hours, Δt:   1.13, CFL: 7.20e-01
i: 331300, t:  338221.2 s, ωt:  33.82 (5.38 periods), wall: 2.763 hours, Δt:   1.11, CFL: 7.20e-01
i: 331400, t:  338328.6 s, ωt:  33.83 (5.38 periods), wall: 2.764 hours, Δt:   1.05, CFL: 7.20e-01
i: 331500, t:  338444.0 s, ωt:  33.84 (5.39 periods), wall: 2.765 hours, Δt:   1.16, CFL: 7.20e-01
i: 331600, t:  338572.6 s, ωt:  33.86 (5.39 periods), wall: 2.766 hours, Δt:   1.27, CFL: 7.20e-01
i: 331700, t:  338690.3 s, ωt:  33.87 (5.39 periods), wall: 2.766 hours, Δt:   1.07, CFL: 7.20e-01
i: 331800, t:  338808.4 s, ωt:  33.88 (5.39 periods), wall: 2.767 hours, Δt:   1.30, CFL: 7.20e-01
i: 331900, t:  338931.9 s, ωt:  33.89 (5.39 periods), wall: 2.768 hours, Δt:   1.17, CFL: 7.20e-01
i: 332000, t:  339051.8 s, ωt:  33.91 (5.40 periods), wall: 2.769 hours, Δt:   1.24, CFL: 7.20e-01
i: 332100, t:  339174.4 s, ωt:  33.92 (5.40 periods), wall: 2.770 hours, Δt:   1.26, CFL: 7.20e-01
i: 332200, t:  339294.0 s, ωt:  33.93 (5.40 periods), wall: 2.771 hours, Δt:   1.00, CFL: 7.20e-01
i: 332300, t:  339411.1 s, ωt:  33.94 (5.40 periods), wall: 2.771 hours, Δt:   1.36, CFL: 7.20e-01
i: 332400, t:  339540.1 s, ωt:  33.95 (5.40 periods), wall: 2.772 hours, Δt:   1.29, CFL: 7.20e-01
i: 332500, t:  339669.9 s, ωt:  33.97 (5.41 periods), wall: 2.773 hours, Δt:   1.44, CFL: 7.20e-01
i: 332600, t:  339806.2 s, ωt:  33.98 (5.41 periods), wall: 2.774 hours, Δt:   1.26, CFL: 7.20e-01
i: 332700, t:  339936.6 s, ωt:  33.99 (5.41 periods), wall: 2.775 hours, Δt:   1.01, CFL: 7.20e-01
i: 332800, t:  340038.8 s, ωt:  34.00 (5.41 periods), wall: 2.776 hours, Δt:   1.08, CFL: 7.20e-01
i: 332900, t:  340155.6 s, ωt:  34.02 (5.41 periods), wall: 2.776 hours, Δt:   1.35, CFL: 7.20e-01
i: 333000, t:  340288.2 s, ωt:  34.03 (5.42 periods), wall: 2.777 hours, Δt:   1.26, CFL: 7.20e-01
i: 333100, t:  340433.5 s, ωt:  34.04 (5.42 periods), wall: 2.778 hours, Δt:   1.24, CFL: 7.20e-01
i: 333200, t:  340562.3 s, ωt:  34.06 (5.42 periods), wall: 2.779 hours, Δt:   1.39, CFL: 7.20e-01
i: 333300, t:  340713.3 s, ωt:  34.07 (5.42 periods), wall: 2.780 hours, Δt:   1.42, CFL: 7.20e-01
i: 333400, t:  340857.8 s, ωt:  34.09 (5.42 periods), wall: 2.780 hours, Δt:   1.13, CFL: 7.20e-01
i: 333500, t:  340986.5 s, ωt:  34.10 (5.43 periods), wall: 2.781 hours, Δt:   1.52, CFL: 7.20e-01
i: 333600, t:  341148.2 s, ωt:  34.11 (5.43 periods), wall: 2.782 hours, Δt:   1.52, CFL: 7.20e-01
i: 333700, t:  341306.7 s, ωt:  34.13 (5.43 periods), wall: 2.783 hours, Δt:   1.54, CFL: 7.20e-01
i: 333800, t:  341463.9 s, ωt:  34.15 (5.43 periods), wall: 2.784 hours, Δt:   1.68, CFL: 7.20e-01
i: 333900, t:  341643.9 s, ωt:  34.16 (5.44 periods), wall: 2.785 hours, Δt:   1.81, CFL: 7.20e-01
i: 334000, t:  341812.1 s, ωt:  34.18 (5.44 periods), wall: 2.785 hours, Δt:   1.83, CFL: 7.20e-01
i: 334100, t:  342001.0 s, ωt:  34.20 (5.44 periods), wall: 2.786 hours, Δt:   1.73, CFL: 7.20e-01
i: 334200, t:  342177.8 s, ωt:  34.22 (5.45 periods), wall: 2.787 hours, Δt:   1.50, CFL: 7.20e-01
i: 334300, t:  342365.2 s, ωt:  34.24 (5.45 periods), wall: 2.788 hours, Δt:   2.38, CFL: 7.20e-01
i: 334400, t:  342584.8 s, ωt:  34.26 (5.45 periods), wall: 2.789 hours, Δt:   2.90, CFL: 7.20e-01
i: 334500, t:  342832.4 s, ωt:  34.28 (5.46 periods), wall: 2.790 hours, Δt:   2.77, CFL: 7.14e-01
i: 334600, t:  343122.4 s, ωt:  34.31 (5.46 periods), wall: 2.791 hours, Δt:   3.06, CFL: 7.20e-01
i: 334700, t:  343434.9 s, ωt:  34.34 (5.47 periods), wall: 2.791 hours, Δt:   3.21, CFL: 7.20e-01
i: 334800, t:  343751.6 s, ωt:  34.38 (5.47 periods), wall: 2.792 hours, Δt:   3.18, CFL: 7.20e-01
i: 334900, t:  344028.9 s, ωt:  34.40 (5.48 periods), wall: 2.793 hours, Δt:   2.63, CFL: 7.20e-01
i: 335000, t:  344318.6 s, ωt:  34.43 (5.48 periods), wall: 2.794 hours, Δt:   2.88, CFL: 7.20e-01
i: 335100, t:  344603.2 s, ωt:  34.46 (5.48 periods), wall: 2.795 hours, Δt:   2.51, CFL: 7.20e-01
i: 335200, t:  344873.4 s, ωt:  34.49 (5.49 periods), wall: 2.796 hours, Δt:   3.03, CFL: 7.20e-01
i: 335300, t:  345185.7 s, ωt:  34.52 (5.49 periods), wall: 2.796 hours, Δt:   3.36, CFL: 7.20e-01
i: 335400, t:  345533.0 s, ωt:  34.55 (5.50 periods), wall: 2.797 hours, Δt:   3.63, CFL: 7.20e-01
i: 335500, t:  345877.5 s, ωt:  34.59 (5.50 periods), wall: 2.798 hours, Δt:   3.19, CFL: 7.20e-01
i: 335600, t:  346184.4 s, ωt:  34.62 (5.51 periods), wall: 2.799 hours, Δt:   3.18, CFL: 7.20e-01
i: 335700, t:  346467.6 s, ωt:  34.65 (5.51 periods), wall: 2.800 hours, Δt:   2.22, CFL: 7.20e-01
i: 335800, t:  346736.3 s, ωt:  34.67 (5.52 periods), wall: 2.801 hours, Δt:   2.59, CFL: 7.20e-01
i: 335900, t:  346990.3 s, ωt:  34.70 (5.52 periods), wall: 2.802 hours, Δt:   2.28, CFL: 7.20e-01
i: 336000, t:  347209.3 s, ωt:  34.72 (5.53 periods), wall: 2.802 hours, Δt:   2.18, CFL: 7.20e-01
i: 336100, t:  347427.5 s, ωt:  34.74 (5.53 periods), wall: 2.803 hours, Δt:   2.11, CFL: 7.20e-01
i: 336200, t:  347602.2 s, ωt:  34.76 (5.53 periods), wall: 2.804 hours, Δt:   1.81, CFL: 7.20e-01
i: 336300, t:  347781.0 s, ωt:  34.78 (5.54 periods), wall: 2.805 hours, Δt:   1.67, CFL: 7.20e-01
i: 336400, t:  347953.1 s, ωt:  34.80 (5.54 periods), wall: 2.806 hours, Δt:   1.76, CFL: 7.20e-01
i: 336500, t:  348127.6 s, ωt:  34.81 (5.54 periods), wall: 2.807 hours, Δt:   1.78, CFL: 7.20e-01
i: 336600, t:  348288.2 s, ωt:  34.83 (5.54 periods), wall: 2.807 hours, Δt:   1.46, CFL: 7.20e-01
i: 336700, t:  348437.1 s, ωt:  34.84 (5.55 periods), wall: 2.808 hours, Δt:   1.37, CFL: 7.20e-01
i: 336800, t:  348597.9 s, ωt:  34.86 (5.55 periods), wall: 2.809 hours, Δt:   1.55, CFL: 7.20e-01
i: 336900, t:  348743.5 s, ωt:  34.87 (5.55 periods), wall: 2.810 hours, Δt:   1.34, CFL: 7.20e-01
i: 337000, t:  348897.6 s, ωt:  34.89 (5.55 periods), wall: 2.811 hours, Δt:   1.46, CFL: 7.20e-01
i: 337100, t:  349033.4 s, ωt:  34.90 (5.56 periods), wall: 2.812 hours, Δt:   1.17, CFL: 7.20e-01
i: 337200, t:  349151.6 s, ωt:  34.92 (5.56 periods), wall: 2.812 hours, Δt:   1.26, CFL: 7.20e-01
i: 337300, t:  349289.6 s, ωt:  34.93 (5.56 periods), wall: 2.813 hours, Δt:   1.46, CFL: 7.20e-01
i: 337400, t:  349426.3 s, ωt:  34.94 (5.56 periods), wall: 2.814 hours, Δt:   1.21, CFL: 7.20e-01
i: 337500, t:  349554.3 s, ωt:  34.96 (5.56 periods), wall: 2.815 hours, Δt:   1.34, CFL: 7.20e-01
i: 337600, t:  349684.3 s, ωt:  34.97 (5.57 periods), wall: 2.816 hours, Δt:   1.17, CFL: 7.20e-01
i: 337700, t:  349804.0 s, ωt:  34.98 (5.57 periods), wall: 2.817 hours, Δt:   1.30, CFL: 7.20e-01
i: 337800, t:  349927.8 s, ωt:  34.99 (5.57 periods), wall: 2.817 hours, Δt:   1.18, CFL: 7.20e-01
i: 337900, t:  350050.7 s, ωt:  35.01 (5.57 periods), wall: 2.818 hours, Δt:   1.20, CFL: 7.20e-01
i: 338000, t:  350173.3 s, ωt:  35.02 (5.57 periods), wall: 2.819 hours, Δt:   1.17, CFL: 7.20e-01
i: 338100, t:  350297.2 s, ωt:  35.03 (5.58 periods), wall: 2.820 hours, Δt:   1.23, CFL: 7.20e-01
i: 338200, t:  350415.0 s, ωt:  35.04 (5.58 periods), wall: 2.821 hours, Δt:   1.18, CFL: 7.20e-01
i: 338300, t:  350527.5 s, ωt:  35.05 (5.58 periods), wall: 2.822 hours, Δt:   1.02, CFL: 7.20e-01
i: 338400, t:  350639.3 s, ωt:  35.06 (5.58 periods), wall: 2.822 hours, Δt:   1.27, CFL: 7.20e-01
i: 338500, t:  350756.2 s, ωt:  35.08 (5.58 periods), wall: 2.823 hours, Δt:   1.04, CFL: 7.20e-01
i: 338600, t:  350866.1 s, ωt:  35.09 (5.58 periods), wall: 2.824 hours, Δt:   1.12, CFL: 7.20e-01
i: 338700, t:  350977.8 s, ωt:  35.10 (5.59 periods), wall: 2.825 hours, Δt:   1.20, CFL: 7.20e-01
i: 338800, t:  351093.2 s, ωt:  35.11 (5.59 periods), wall: 2.826 hours, Δt:   0.95, CFL: 7.20e-01
i: 338900, t:  351200.5 s, ωt:  35.12 (5.59 periods), wall: 2.827 hours, Δt:   1.07, CFL: 7.20e-01
i: 339000, t:  351305.3 s, ωt:  35.13 (5.59 periods), wall: 2.827 hours, Δt:   0.86, CFL: 7.20e-01
i: 339100, t:  351400.5 s, ωt:  35.14 (5.59 periods), wall: 2.828 hours, Δt:   1.01, CFL: 7.20e-01
i: 339200, t:  351499.1 s, ωt:  35.15 (5.59 periods), wall: 2.829 hours, Δt:   1.07, CFL: 7.20e-01
i: 339300, t:  351601.8 s, ωt:  35.16 (5.60 periods), wall: 2.830 hours, Δt:   1.05, CFL: 7.20e-01
i: 339400, t:  351704.7 s, ωt:  35.17 (5.60 periods), wall: 2.831 hours, Δt:   1.10, CFL: 7.20e-01
i: 339500, t:  351807.8 s, ωt:  35.18 (5.60 periods), wall: 2.832 hours, Δt:   0.93, CFL: 7.20e-01
i: 339600, t:  351909.9 s, ωt:  35.19 (5.60 periods), wall: 2.832 hours, Δt:   1.08, CFL: 7.20e-01
i: 339700, t:  352018.9 s, ωt:  35.20 (5.60 periods), wall: 2.833 hours, Δt:   0.99, CFL: 7.20e-01
i: 339800, t:  352124.3 s, ωt:  35.21 (5.60 periods), wall: 2.834 hours, Δt:   1.01, CFL: 7.20e-01
i: 339900, t:  352218.4 s, ωt:  35.22 (5.61 periods), wall: 2.835 hours, Δt:   0.82, CFL: 7.20e-01
i: 340000, t:  352307.6 s, ωt:  35.23 (5.61 periods), wall: 2.836 hours, Δt:   0.88, CFL: 7.20e-01
i: 340100, t:  352404.5 s, ωt:  35.24 (5.61 periods), wall: 2.836 hours, Δt:   0.95, CFL: 7.20e-01
i: 340200, t:  352497.5 s, ωt:  35.25 (5.61 periods), wall: 2.837 hours, Δt:   0.89, CFL: 7.20e-01
i: 340300, t:  352588.2 s, ωt:  35.26 (5.61 periods), wall: 2.838 hours, Δt:   0.89, CFL: 7.20e-01
i: 340400, t:  352672.7 s, ωt:  35.27 (5.61 periods), wall: 2.839 hours, Δt:   0.85, CFL: 7.20e-01
i: 340500, t:  352764.6 s, ωt:  35.28 (5.61 periods), wall: 2.840 hours, Δt:   0.94, CFL: 7.20e-01
i: 340600, t:  352846.4 s, ωt:  35.28 (5.62 periods), wall: 2.841 hours, Δt:   0.83, CFL: 7.20e-01
i: 340700, t:  352933.6 s, ωt:  35.29 (5.62 periods), wall: 2.841 hours, Δt:   0.92, CFL: 7.20e-01
i: 340800, t:  353017.9 s, ωt:  35.30 (5.62 periods), wall: 2.842 hours, Δt:   0.84, CFL: 7.20e-01
i: 340900, t:  353104.4 s, ωt:  35.31 (5.62 periods), wall: 2.843 hours, Δt:   0.89, CFL: 7.20e-01
i: 341000, t:  353200.0 s, ωt:  35.32 (5.62 periods), wall: 2.844 hours, Δt:   0.86, CFL: 7.20e-01
i: 341100, t:  353296.4 s, ωt:  35.33 (5.62 periods), wall: 2.845 hours, Δt:   0.97, CFL: 7.20e-01
i: 341200, t:  353382.4 s, ωt:  35.34 (5.62 periods), wall: 2.846 hours, Δt:   0.78, CFL: 7.20e-01
i: 341300, t:  353467.5 s, ωt:  35.35 (5.63 periods), wall: 2.846 hours, Δt:   0.82, CFL: 7.20e-01
i: 341400, t:  353554.2 s, ωt:  35.36 (5.63 periods), wall: 2.847 hours, Δt:   0.86, CFL: 7.20e-01
i: 341500, t:  353637.1 s, ωt:  35.36 (5.63 periods), wall: 2.848 hours, Δt:   0.84, CFL: 7.20e-01
i: 341600, t:  353723.3 s, ωt:  35.37 (5.63 periods), wall: 2.849 hours, Δt:   0.85, CFL: 7.20e-01
i: 341700, t:  353813.2 s, ωt:  35.38 (5.63 periods), wall: 2.850 hours, Δt:   0.89, CFL: 7.20e-01
i: 341800, t:  353903.7 s, ωt:  35.39 (5.63 periods), wall: 2.851 hours, Δt:   0.99, CFL: 7.20e-01
i: 341900, t:  353997.5 s, ωt:  35.40 (5.63 periods), wall: 2.851 hours, Δt:   0.79, CFL: 7.20e-01
i: 342000, t:  354081.0 s, ωt:  35.41 (5.64 periods), wall: 2.852 hours, Δt:   0.84, CFL: 7.20e-01
i: 342100, t:  354161.3 s, ωt:  35.42 (5.64 periods), wall: 2.853 hours, Δt:   0.81, CFL: 7.20e-01
i: 342200, t:  354236.7 s, ωt:  35.42 (5.64 periods), wall: 2.854 hours, Δt:   0.83, CFL: 7.20e-01
i: 342300, t:  354321.2 s, ωt:  35.43 (5.64 periods), wall: 2.855 hours, Δt:   0.80, CFL: 7.20e-01
i: 342400, t:  354399.1 s, ωt:  35.44 (5.64 periods), wall: 2.856 hours, Δt:   0.81, CFL: 7.20e-01
i: 342500, t:  354483.4 s, ωt:  35.45 (5.64 periods), wall: 2.856 hours, Δt:   0.77, CFL: 7.20e-01
i: 342600, t:  354562.7 s, ωt:  35.46 (5.64 periods), wall: 2.857 hours, Δt:   0.73, CFL: 7.20e-01
i: 342700, t:  354639.7 s, ωt:  35.46 (5.64 periods), wall: 2.858 hours, Δt:   0.76, CFL: 7.20e-01
i: 342800, t:  354720.9 s, ωt:  35.47 (5.65 periods), wall: 2.859 hours, Δt:   0.83, CFL: 7.20e-01
i: 342900, t:  354799.9 s, ωt:  35.48 (5.65 periods), wall: 2.860 hours, Δt:   0.83, CFL: 7.20e-01
i: 343000, t:  354879.6 s, ωt:  35.49 (5.65 periods), wall: 2.861 hours, Δt:   0.76, CFL: 7.20e-01
i: 343100, t:  354961.9 s, ωt:  35.50 (5.65 periods), wall: 2.861 hours, Δt:   0.82, CFL: 7.20e-01
i: 343200, t:  355033.6 s, ωt:  35.50 (5.65 periods), wall: 2.862 hours, Δt:   0.76, CFL: 7.20e-01
i: 343300, t:  355121.2 s, ωt:  35.51 (5.65 periods), wall: 2.863 hours, Δt:   0.94, CFL: 7.20e-01
i: 343400, t:  355200.4 s, ωt:  35.52 (5.65 periods), wall: 2.864 hours, Δt:   0.68, CFL: 7.20e-01
i: 343500, t:  355274.8 s, ωt:  35.53 (5.65 periods), wall: 2.865 hours, Δt:   0.81, CFL: 7.20e-01
i: 343600, t:  355359.3 s, ωt:  35.54 (5.66 periods), wall: 2.866 hours, Δt:   0.87, CFL: 7.20e-01
i: 343700, t:  355445.6 s, ωt:  35.54 (5.66 periods), wall: 2.866 hours, Δt:   0.79, CFL: 7.20e-01
i: 343800, t:  355528.1 s, ωt:  35.55 (5.66 periods), wall: 2.867 hours, Δt:   0.85, CFL: 7.20e-01
i: 343900, t:  355607.2 s, ωt:  35.56 (5.66 periods), wall: 2.868 hours, Δt:   0.79, CFL: 7.20e-01
i: 344000, t:  355678.6 s, ωt:  35.57 (5.66 periods), wall: 2.869 hours, Δt:   0.68, CFL: 7.20e-01
i: 344100, t:  355755.5 s, ωt:  35.58 (5.66 periods), wall: 2.870 hours, Δt:   0.82, CFL: 7.20e-01
i: 344200, t:  355832.8 s, ωt:  35.58 (5.66 periods), wall: 2.871 hours, Δt:   0.72, CFL: 7.20e-01
i: 344300, t:  355898.2 s, ωt:  35.59 (5.66 periods), wall: 2.871 hours, Δt:   0.72, CFL: 7.20e-01
i: 344400, t:  355965.1 s, ωt:  35.60 (5.67 periods), wall: 2.872 hours, Δt:   0.75, CFL: 7.20e-01
i: 344500, t:  356045.4 s, ωt:  35.60 (5.67 periods), wall: 2.873 hours, Δt:   0.85, CFL: 7.20e-01
i: 344600, t:  356127.0 s, ωt:  35.61 (5.67 periods), wall: 2.874 hours, Δt:   0.82, CFL: 7.20e-01
i: 344700, t:  356206.9 s, ωt:  35.62 (5.67 periods), wall: 2.875 hours, Δt:   0.76, CFL: 7.20e-01
i: 344800, t:  356284.2 s, ωt:  35.63 (5.67 periods), wall: 2.876 hours, Δt:   0.77, CFL: 7.20e-01
i: 344900, t:  356358.4 s, ωt:  35.64 (5.67 periods), wall: 2.876 hours, Δt:   0.74, CFL: 7.20e-01
i: 345000, t:  356430.3 s, ωt:  35.64 (5.67 periods), wall: 2.877 hours, Δt:   0.76, CFL: 7.20e-01
i: 345100, t:  356508.3 s, ωt:  35.65 (5.67 periods), wall: 2.878 hours, Δt:   0.80, CFL: 7.20e-01
i: 345200, t:  356587.2 s, ωt:  35.66 (5.68 periods), wall: 2.879 hours, Δt:   0.83, CFL: 7.20e-01
i: 345300, t:  356661.9 s, ωt:  35.67 (5.68 periods), wall: 2.880 hours, Δt:   0.73, CFL: 7.20e-01
i: 345400, t:  356728.4 s, ωt:  35.67 (5.68 periods), wall: 2.881 hours, Δt:   0.65, CFL: 7.20e-01
i: 345500, t:  356804.3 s, ωt:  35.68 (5.68 periods), wall: 2.881 hours, Δt:   0.67, CFL: 7.20e-01
i: 345600, t:  356873.9 s, ωt:  35.69 (5.68 periods), wall: 2.882 hours, Δt:   0.72, CFL: 7.20e-01
i: 345700, t:  356942.4 s, ωt:  35.69 (5.68 periods), wall: 2.883 hours, Δt:   0.65, CFL: 7.20e-01
i: 345800, t:  357010.7 s, ωt:  35.70 (5.68 periods), wall: 2.884 hours, Δt:   0.74, CFL: 7.20e-01
i: 345900, t:  357078.6 s, ωt:  35.71 (5.68 periods), wall: 2.885 hours, Δt:   0.69, CFL: 7.20e-01
i: 346000, t:  357155.0 s, ωt:  35.72 (5.68 periods), wall: 2.886 hours, Δt:   0.76, CFL: 7.20e-01
i: 346100, t:  357224.8 s, ωt:  35.72 (5.69 periods), wall: 2.886 hours, Δt:   0.62, CFL: 7.20e-01
i: 346200, t:  357292.1 s, ωt:  35.73 (5.69 periods), wall: 2.887 hours, Δt:   0.63, CFL: 7.20e-01
i: 346300, t:  357366.5 s, ωt:  35.74 (5.69 periods), wall: 2.888 hours, Δt:   0.75, CFL: 7.20e-01
i: 346400, t:  357431.7 s, ωt:  35.74 (5.69 periods), wall: 2.889 hours, Δt:   0.77, CFL: 7.20e-01
i: 346500, t:  357509.4 s, ωt:  35.75 (5.69 periods), wall: 2.890 hours, Δt:   0.77, CFL: 7.20e-01
i: 346600, t:  357580.4 s, ωt:  35.76 (5.69 periods), wall: 2.891 hours, Δt:   0.71, CFL: 7.20e-01
i: 346700, t:  357650.1 s, ωt:  35.77 (5.69 periods), wall: 2.891 hours, Δt:   0.73, CFL: 7.20e-01
i: 346800, t:  357720.1 s, ωt:  35.77 (5.69 periods), wall: 2.892 hours, Δt:   0.67, CFL: 7.20e-01
i: 346900, t:  357790.7 s, ωt:  35.78 (5.69 periods), wall: 2.893 hours, Δt:   0.72, CFL: 7.20e-01
i: 347000, t:  357866.1 s, ωt:  35.79 (5.70 periods), wall: 2.894 hours, Δt:   0.70, CFL: 7.20e-01
i: 347100, t:  357938.9 s, ωt:  35.79 (5.70 periods), wall: 2.895 hours, Δt:   0.74, CFL: 7.20e-01
i: 347200, t:  358009.1 s, ωt:  35.80 (5.70 periods), wall: 2.895 hours, Δt:   0.54, CFL: 7.20e-01
i: 347300, t:  358064.0 s, ωt:  35.81 (5.70 periods), wall: 2.896 hours, Δt:   0.54, CFL: 7.20e-01
i: 347400, t:  358129.9 s, ωt:  35.81 (5.70 periods), wall: 2.897 hours, Δt:   0.69, CFL: 7.20e-01
i: 347500, t:  358193.2 s, ωt:  35.82 (5.70 periods), wall: 2.898 hours, Δt:   0.63, CFL: 7.20e-01
i: 347600, t:  358262.4 s, ωt:  35.83 (5.70 periods), wall: 2.899 hours, Δt:   0.72, CFL: 7.20e-01
i: 347700, t:  358333.0 s, ωt:  35.83 (5.70 periods), wall: 2.900 hours, Δt:   0.68, CFL: 7.20e-01
i: 347800, t:  358402.1 s, ωt:  35.84 (5.70 periods), wall: 2.900 hours, Δt:   0.68, CFL: 7.20e-01
i: 347900, t:  358475.7 s, ωt:  35.85 (5.71 periods), wall: 2.901 hours, Δt:   0.62, CFL: 7.20e-01
i: 348000, t:  358540.9 s, ωt:  35.85 (5.71 periods), wall: 2.902 hours, Δt:   0.63, CFL: 7.20e-01
i: 348100, t:  358611.5 s, ωt:  35.86 (5.71 periods), wall: 2.903 hours, Δt:   0.74, CFL: 7.20e-01
i: 348200, t:  358676.0 s, ωt:  35.87 (5.71 periods), wall: 2.904 hours, Δt:   0.71, CFL: 7.20e-01
i: 348300, t:  358733.2 s, ωt:  35.87 (5.71 periods), wall: 2.905 hours, Δt:   0.65, CFL: 7.20e-01
i: 348400, t:  358799.9 s, ωt:  35.88 (5.71 periods), wall: 2.905 hours, Δt:   0.61, CFL: 7.20e-01
i: 348500, t:  358865.3 s, ωt:  35.89 (5.71 periods), wall: 2.906 hours, Δt:   0.58, CFL: 7.20e-01
i: 348600, t:  358923.9 s, ωt:  35.89 (5.71 periods), wall: 2.907 hours, Δt:   0.64, CFL: 7.20e-01
i: 348700, t:  358987.2 s, ωt:  35.90 (5.71 periods), wall: 2.908 hours, Δt:   0.74, CFL: 7.20e-01
i: 348800, t:  359060.1 s, ωt:  35.91 (5.71 periods), wall: 2.909 hours, Δt:   0.71, CFL: 7.20e-01
i: 348900, t:  359132.9 s, ωt:  35.91 (5.72 periods), wall: 2.910 hours, Δt:   0.75, CFL: 7.20e-01
i: 349000, t:  359200.4 s, ωt:  35.92 (5.72 periods), wall: 2.910 hours, Δt:   0.69, CFL: 7.20e-01
i: 349100, t:  359268.0 s, ωt:  35.93 (5.72 periods), wall: 2.911 hours, Δt:   0.73, CFL: 7.20e-01
i: 349200, t:  359336.5 s, ωt:  35.93 (5.72 periods), wall: 2.912 hours, Δt:   0.76, CFL: 7.20e-01
i: 349300, t:  359411.3 s, ωt:  35.94 (5.72 periods), wall: 2.913 hours, Δt:   0.77, CFL: 7.20e-01
i: 349400, t:  359478.8 s, ωt:  35.95 (5.72 periods), wall: 2.914 hours, Δt:   0.63, CFL: 7.20e-01
i: 349500, t:  359549.0 s, ωt:  35.95 (5.72 periods), wall: 2.915 hours, Δt:   0.58, CFL: 7.20e-01
i: 349600, t:  359615.8 s, ωt:  35.96 (5.72 periods), wall: 2.915 hours, Δt:   0.63, CFL: 7.20e-01
i: 349700, t:  359677.7 s, ωt:  35.97 (5.72 periods), wall: 2.916 hours, Δt:   0.64, CFL: 7.20e-01
i: 349800, t:  359741.8 s, ωt:  35.97 (5.73 periods), wall: 2.917 hours, Δt:   0.75, CFL: 7.20e-01
i: 349900, t:  359814.0 s, ωt:  35.98 (5.73 periods), wall: 2.918 hours, Δt:   0.61, CFL: 7.20e-01
i: 350000, t:  359877.0 s, ωt:  35.99 (5.73 periods), wall: 2.919 hours, Δt:   0.73, CFL: 7.20e-01
i: 350100, t:  359944.3 s, ωt:  35.99 (5.73 periods), wall: 2.920 hours, Δt:   0.59, CFL: 7.20e-01
i: 350200, t:  360013.8 s, ωt:  36.00 (5.73 periods), wall: 2.920 hours, Δt:   0.78, CFL: 7.20e-01
i: 350300, t:  360085.7 s, ωt:  36.01 (5.73 periods), wall: 2.921 hours, Δt:   0.69, CFL: 7.20e-01
i: 350400, t:  360154.6 s, ωt:  36.02 (5.73 periods), wall: 2.922 hours, Δt:   0.66, CFL: 7.20e-01
i: 350500, t:  360217.7 s, ωt:  36.02 (5.73 periods), wall: 2.923 hours, Δt:   0.62, CFL: 7.20e-01
i: 350600, t:  360288.3 s, ωt:  36.03 (5.73 periods), wall: 2.924 hours, Δt:   0.66, CFL: 7.20e-01
i: 350700, t:  360357.7 s, ωt:  36.04 (5.74 periods), wall: 2.925 hours, Δt:   0.73, CFL: 7.20e-01
i: 350800, t:  360427.0 s, ωt:  36.04 (5.74 periods), wall: 2.925 hours, Δt:   0.71, CFL: 7.20e-01
i: 350900, t:  360498.2 s, ωt:  36.05 (5.74 periods), wall: 2.926 hours, Δt:   0.73, CFL: 7.20e-01
i: 351000, t:  360567.2 s, ωt:  36.06 (5.74 periods), wall: 2.927 hours, Δt:   0.72, CFL: 7.20e-01
i: 351100, t:  360637.5 s, ωt:  36.06 (5.74 periods), wall: 2.928 hours, Δt:   0.70, CFL: 7.20e-01
i: 351200, t:  360707.5 s, ωt:  36.07 (5.74 periods), wall: 2.929 hours, Δt:   0.58, CFL: 7.20e-01
i: 351300, t:  360770.8 s, ωt:  36.08 (5.74 periods), wall: 2.930 hours, Δt:   0.53, CFL: 7.20e-01
i: 351400, t:  360831.5 s, ωt:  36.08 (5.74 periods), wall: 2.930 hours, Δt:   0.73, CFL: 7.20e-01
i: 351500, t:  360901.7 s, ωt:  36.09 (5.74 periods), wall: 2.931 hours, Δt:   0.66, CFL: 7.20e-01
i: 351600, t:  360966.4 s, ωt:  36.10 (5.74 periods), wall: 2.932 hours, Δt:   0.55, CFL: 7.20e-01
i: 351700, t:  361025.8 s, ωt:  36.10 (5.75 periods), wall: 2.933 hours, Δt:   0.62, CFL: 7.20e-01
i: 351800, t:  361091.6 s, ωt:  36.11 (5.75 periods), wall: 2.934 hours, Δt:   0.70, CFL: 7.20e-01
i: 351900, t:  361154.1 s, ωt:  36.12 (5.75 periods), wall: 2.935 hours, Δt:   0.69, CFL: 7.20e-01
i: 352000, t:  361223.4 s, ωt:  36.12 (5.75 periods), wall: 2.935 hours, Δt:   0.65, CFL: 7.20e-01
i: 352100, t:  361286.9 s, ωt:  36.13 (5.75 periods), wall: 2.936 hours, Δt:   0.68, CFL: 7.20e-01
i: 352200, t:  361351.5 s, ωt:  36.14 (5.75 periods), wall: 2.937 hours, Δt:   0.65, CFL: 7.20e-01
i: 352300, t:  361420.4 s, ωt:  36.14 (5.75 periods), wall: 2.938 hours, Δt:   0.72, CFL: 7.20e-01
i: 352400, t:  361495.5 s, ωt:  36.15 (5.75 periods), wall: 2.939 hours, Δt:   0.73, CFL: 7.20e-01
i: 352500, t:  361566.8 s, ωt:  36.16 (5.75 periods), wall: 2.940 hours, Δt:   0.70, CFL: 7.20e-01
i: 352600, t:  361632.9 s, ωt:  36.16 (5.76 periods), wall: 2.940 hours, Δt:   0.59, CFL: 7.20e-01
i: 352700, t:  361702.3 s, ωt:  36.17 (5.76 periods), wall: 2.941 hours, Δt:   0.72, CFL: 7.20e-01
i: 352800, t:  361777.8 s, ωt:  36.18 (5.76 periods), wall: 2.942 hours, Δt:   0.72, CFL: 7.20e-01
i: 352900, t:  361851.8 s, ωt:  36.19 (5.76 periods), wall: 2.943 hours, Δt:   0.70, CFL: 7.20e-01
i: 353000, t:  361919.5 s, ωt:  36.19 (5.76 periods), wall: 2.944 hours, Δt:   0.74, CFL: 7.20e-01
i: 353100, t:  361986.5 s, ωt:  36.20 (5.76 periods), wall: 2.945 hours, Δt:   0.76, CFL: 7.20e-01
i: 353200, t:  362056.3 s, ωt:  36.21 (5.76 periods), wall: 2.945 hours, Δt:   0.68, CFL: 7.20e-01
i: 353300, t:  362124.0 s, ωt:  36.21 (5.76 periods), wall: 2.946 hours, Δt:   0.69, CFL: 7.20e-01
i: 353400, t:  362190.2 s, ωt:  36.22 (5.76 periods), wall: 2.947 hours, Δt:   0.64, CFL: 7.20e-01
i: 353500, t:  362256.7 s, ωt:  36.23 (5.77 periods), wall: 2.948 hours, Δt:   0.71, CFL: 7.20e-01
i: 353600, t:  362330.6 s, ωt:  36.23 (5.77 periods), wall: 2.949 hours, Δt:   0.75, CFL: 7.20e-01
i: 353700, t:  362405.2 s, ωt:  36.24 (5.77 periods), wall: 2.949 hours, Δt:   0.70, CFL: 7.20e-01
i: 353800, t:  362475.6 s, ωt:  36.25 (5.77 periods), wall: 2.950 hours, Δt:   0.81, CFL: 7.20e-01
i: 353900, t:  362545.0 s, ωt:  36.25 (5.77 periods), wall: 2.951 hours, Δt:   0.61, CFL: 7.20e-01
i: 354000, t:  362611.5 s, ωt:  36.26 (5.77 periods), wall: 2.952 hours, Δt:   0.75, CFL: 7.20e-01
i: 354100, t:  362683.6 s, ωt:  36.27 (5.77 periods), wall: 2.953 hours, Δt:   0.64, CFL: 7.20e-01
i: 354200, t:  362743.1 s, ωt:  36.27 (5.77 periods), wall: 2.954 hours, Δt:   0.58, CFL: 7.20e-01
i: 354300, t:  362810.9 s, ωt:  36.28 (5.77 periods), wall: 2.954 hours, Δt:   0.64, CFL: 7.20e-01
i: 354400, t:  362879.1 s, ωt:  36.29 (5.78 periods), wall: 2.955 hours, Δt:   0.68, CFL: 7.20e-01
i: 354500, t:  362947.3 s, ωt:  36.29 (5.78 periods), wall: 2.956 hours, Δt:   0.73, CFL: 7.20e-01
i: 354600, t:  363022.1 s, ωt:  36.30 (5.78 periods), wall: 2.957 hours, Δt:   0.69, CFL: 7.20e-01
i: 354700, t:  363090.7 s, ωt:  36.31 (5.78 periods), wall: 2.958 hours, Δt:   0.69, CFL: 7.20e-01
i: 354800, t:  363161.6 s, ωt:  36.32 (5.78 periods), wall: 2.959 hours, Δt:   0.73, CFL: 7.20e-01
i: 354900, t:  363237.1 s, ωt:  36.32 (5.78 periods), wall: 2.959 hours, Δt:   0.82, CFL: 7.20e-01
i: 355000, t:  363313.8 s, ωt:  36.33 (5.78 periods), wall: 2.960 hours, Δt:   0.64, CFL: 7.20e-01
i: 355100, t:  363371.9 s, ωt:  36.34 (5.78 periods), wall: 2.961 hours, Δt:   0.65, CFL: 7.20e-01
i: 355200, t:  363433.4 s, ωt:  36.34 (5.78 periods), wall: 2.962 hours, Δt:   0.53, CFL: 7.20e-01
i: 355300, t:  363496.5 s, ωt:  36.35 (5.79 periods), wall: 2.963 hours, Δt:   0.62, CFL: 7.20e-01
i: 355400, t:  363566.0 s, ωt:  36.36 (5.79 periods), wall: 2.964 hours, Δt:   0.82, CFL: 7.20e-01
i: 355500, t:  363641.9 s, ωt:  36.36 (5.79 periods), wall: 2.964 hours, Δt:   0.82, CFL: 7.20e-01
i: 355600, t:  363719.3 s, ωt:  36.37 (5.79 periods), wall: 2.965 hours, Δt:   0.74, CFL: 7.20e-01
i: 355700, t:  363792.4 s, ωt:  36.38 (5.79 periods), wall: 2.966 hours, Δt:   0.86, CFL: 7.20e-01
i: 355800, t:  363871.9 s, ωt:  36.39 (5.79 periods), wall: 2.967 hours, Δt:   0.72, CFL: 7.20e-01
i: 355900, t:  363947.2 s, ωt:  36.39 (5.79 periods), wall: 2.968 hours, Δt:   0.78, CFL: 7.20e-01
i: 356000, t:  364015.8 s, ωt:  36.40 (5.79 periods), wall: 2.969 hours, Δt:   0.79, CFL: 7.20e-01
i: 356100, t:  364084.6 s, ωt:  36.41 (5.79 periods), wall: 2.969 hours, Δt:   0.67, CFL: 7.20e-01
i: 356200, t:  364152.0 s, ωt:  36.42 (5.80 periods), wall: 2.970 hours, Δt:   0.87, CFL: 7.20e-01
i: 356300, t:  364234.0 s, ωt:  36.42 (5.80 periods), wall: 2.971 hours, Δt:   0.92, CFL: 7.20e-01
i: 356400, t:  364311.7 s, ωt:  36.43 (5.80 periods), wall: 2.972 hours, Δt:   0.68, CFL: 7.20e-01
i: 356500, t:  364389.5 s, ωt:  36.44 (5.80 periods), wall: 2.973 hours, Δt:   0.78, CFL: 7.20e-01
i: 356600, t:  364463.7 s, ωt:  36.45 (5.80 periods), wall: 2.974 hours, Δt:   0.76, CFL: 7.20e-01
i: 356700, t:  364539.2 s, ωt:  36.45 (5.80 periods), wall: 2.974 hours, Δt:   0.82, CFL: 7.20e-01
i: 356800, t:  364608.7 s, ωt:  36.46 (5.80 periods), wall: 2.975 hours, Δt:   0.72, CFL: 7.20e-01
i: 356900, t:  364681.1 s, ωt:  36.47 (5.80 periods), wall: 2.976 hours, Δt:   0.76, CFL: 7.20e-01
i: 357000, t:  364758.9 s, ωt:  36.48 (5.81 periods), wall: 2.977 hours, Δt:   0.72, CFL: 7.20e-01
i: 357100, t:  364838.8 s, ωt:  36.48 (5.81 periods), wall: 2.978 hours, Δt:   0.83, CFL: 7.20e-01
i: 357200, t:  364916.6 s, ωt:  36.49 (5.81 periods), wall: 2.979 hours, Δt:   0.75, CFL: 7.20e-01
i: 357300, t:  364998.3 s, ωt:  36.50 (5.81 periods), wall: 2.979 hours, Δt:   0.81, CFL: 7.20e-01
i: 357400, t:  365078.1 s, ωt:  36.51 (5.81 periods), wall: 2.980 hours, Δt:   0.87, CFL: 7.20e-01
i: 357500, t:  365166.9 s, ωt:  36.52 (5.81 periods), wall: 2.981 hours, Δt:   0.80, CFL: 7.20e-01
i: 357600, t:  365244.1 s, ωt:  36.52 (5.81 periods), wall: 2.982 hours, Δt:   0.88, CFL: 7.20e-01
i: 357700, t:  365338.0 s, ωt:  36.53 (5.81 periods), wall: 2.983 hours, Δt:   0.96, CFL: 7.20e-01
i: 357800, t:  365421.8 s, ωt:  36.54 (5.82 periods), wall: 2.984 hours, Δt:   0.93, CFL: 7.20e-01
i: 357900, t:  365497.3 s, ωt:  36.55 (5.82 periods), wall: 2.984 hours, Δt:   0.59, CFL: 7.20e-01
i: 358000, t:  365573.1 s, ωt:  36.56 (5.82 periods), wall: 2.985 hours, Δt:   0.81, CFL: 7.20e-01
i: 358100, t:  365657.8 s, ωt:  36.57 (5.82 periods), wall: 2.986 hours, Δt:   0.76, CFL: 7.20e-01
i: 358200, t:  365739.9 s, ωt:  36.57 (5.82 periods), wall: 2.987 hours, Δt:   0.84, CFL: 7.20e-01
i: 358300, t:  365820.8 s, ωt:  36.58 (5.82 periods), wall: 2.988 hours, Δt:   0.81, CFL: 7.20e-01
i: 358400, t:  365889.5 s, ωt:  36.59 (5.82 periods), wall: 2.989 hours, Δt:   0.68, CFL: 7.20e-01
i: 358500, t:  365969.9 s, ωt:  36.60 (5.82 periods), wall: 2.989 hours, Δt:   0.82, CFL: 7.20e-01
i: 358600, t:  366051.3 s, ωt:  36.61 (5.83 periods), wall: 2.990 hours, Δt:   0.80, CFL: 7.20e-01
i: 358700, t:  366134.0 s, ωt:  36.61 (5.83 periods), wall: 2.991 hours, Δt:   0.77, CFL: 7.20e-01
i: 358800, t:  366219.0 s, ωt:  36.62 (5.83 periods), wall: 2.992 hours, Δt:   0.88, CFL: 7.20e-01
i: 358900, t:  366305.9 s, ωt:  36.63 (5.83 periods), wall: 2.993 hours, Δt:   0.94, CFL: 7.20e-01
i: 359000, t:  366387.3 s, ωt:  36.64 (5.83 periods), wall: 2.994 hours, Δt:   0.83, CFL: 7.20e-01
i: 359100, t:  366473.4 s, ωt:  36.65 (5.83 periods), wall: 2.994 hours, Δt:   0.86, CFL: 7.20e-01
i: 359200, t:  366554.3 s, ωt:  36.66 (5.83 periods), wall: 2.995 hours, Δt:   0.76, CFL: 7.20e-01
i: 359300, t:  366629.2 s, ωt:  36.66 (5.84 periods), wall: 2.996 hours, Δt:   0.76, CFL: 7.20e-01
i: 359400, t:  366708.5 s, ωt:  36.67 (5.84 periods), wall: 2.997 hours, Δt:   0.84, CFL: 7.20e-01
i: 359500, t:  366788.1 s, ωt:  36.68 (5.84 periods), wall: 2.998 hours, Δt:   0.76, CFL: 7.20e-01
i: 359600, t:  366869.7 s, ωt:  36.69 (5.84 periods), wall: 2.999 hours, Δt:   0.78, CFL: 7.20e-01
i: 359700, t:  366945.7 s, ωt:  36.69 (5.84 periods), wall: 2.999 hours, Δt:   0.85, CFL: 7.20e-01
i: 359800, t:  367027.7 s, ωt:  36.70 (5.84 periods), wall: 3.000 hours, Δt:   0.89, CFL: 7.20e-01
i: 359900, t:  367112.8 s, ωt:  36.71 (5.84 periods), wall: 3.001 hours, Δt:   0.89, CFL: 7.20e-01
i: 360000, t:  367196.0 s, ωt:  36.72 (5.84 periods), wall: 3.002 hours, Δt:   0.74, CFL: 7.20e-01
i: 360100, t:  367275.3 s, ωt:  36.73 (5.85 periods), wall: 3.003 hours, Δt:   0.99, CFL: 7.20e-01
i: 360200, t:  367366.7 s, ωt:  36.74 (5.85 periods), wall: 3.004 hours, Δt:   1.02, CFL: 7.20e-01
i: 360300, t:  367460.8 s, ωt:  36.75 (5.85 periods), wall: 3.004 hours, Δt:   0.85, CFL: 7.20e-01
i: 360400, t:  367564.0 s, ωt:  36.76 (5.85 periods), wall: 3.005 hours, Δt:   1.04, CFL: 7.20e-01
i: 360500, t:  367667.5 s, ωt:  36.77 (5.85 periods), wall: 3.006 hours, Δt:   1.01, CFL: 7.20e-01
i: 360600, t:  367761.5 s, ωt:  36.78 (5.85 periods), wall: 3.007 hours, Δt:   1.01, CFL: 7.20e-01
i: 360700, t:  367862.2 s, ωt:  36.79 (5.85 periods), wall: 3.008 hours, Δt:   1.03, CFL: 7.20e-01
i: 360800, t:  367957.6 s, ωt:  36.80 (5.86 periods), wall: 3.009 hours, Δt:   1.00, CFL: 7.20e-01
i: 360900, t:  368051.0 s, ωt:  36.81 (5.86 periods), wall: 3.009 hours, Δt:   0.82, CFL: 7.20e-01
i: 361000, t:  368144.7 s, ωt:  36.81 (5.86 periods), wall: 3.010 hours, Δt:   0.96, CFL: 7.20e-01
i: 361100, t:  368239.8 s, ωt:  36.82 (5.86 periods), wall: 3.011 hours, Δt:   0.91, CFL: 7.20e-01
i: 361200, t:  368334.8 s, ωt:  36.83 (5.86 periods), wall: 3.012 hours, Δt:   1.10, CFL: 7.20e-01
i: 361300, t:  368438.6 s, ωt:  36.84 (5.86 periods), wall: 3.013 hours, Δt:   0.90, CFL: 7.20e-01
i: 361400, t:  368532.1 s, ωt:  36.85 (5.87 periods), wall: 3.014 hours, Δt:   1.02, CFL: 7.20e-01
i: 361500, t:  368635.0 s, ωt:  36.86 (5.87 periods), wall: 3.014 hours, Δt:   0.90, CFL: 7.20e-01
i: 361600, t:  368732.3 s, ωt:  36.87 (5.87 periods), wall: 3.015 hours, Δt:   0.91, CFL: 7.20e-01
i: 361700, t:  368839.0 s, ωt:  36.88 (5.87 periods), wall: 3.016 hours, Δt:   1.17, CFL: 7.20e-01
i: 361800, t:  368944.2 s, ωt:  36.89 (5.87 periods), wall: 3.017 hours, Δt:   1.03, CFL: 7.20e-01
i: 361900, t:  369048.4 s, ωt:  36.90 (5.87 periods), wall: 3.018 hours, Δt:   1.03, CFL: 7.20e-01
i: 362000, t:  369153.1 s, ωt:  36.92 (5.88 periods), wall: 3.018 hours, Δt:   1.01, CFL: 7.20e-01
i: 362100, t:  369267.4 s, ωt:  36.93 (5.88 periods), wall: 3.019 hours, Δt:   1.18, CFL: 7.20e-01
i: 362200, t:  369386.5 s, ωt:  36.94 (5.88 periods), wall: 3.020 hours, Δt:   1.19, CFL: 7.20e-01
i: 362300, t:  369504.5 s, ωt:  36.95 (5.88 periods), wall: 3.021 hours, Δt:   1.22, CFL: 7.20e-01
i: 362400, t:  369618.7 s, ωt:  36.96 (5.88 periods), wall: 3.022 hours, Δt:   1.11, CFL: 7.20e-01
i: 362500, t:  369733.7 s, ωt:  36.97 (5.88 periods), wall: 3.023 hours, Δt:   1.20, CFL: 7.20e-01
i: 362600, t:  369854.5 s, ωt:  36.99 (5.89 periods), wall: 3.024 hours, Δt:   1.34, CFL: 7.20e-01
i: 362700, t:  369970.2 s, ωt:  37.00 (5.89 periods), wall: 3.024 hours, Δt:   1.16, CFL: 7.20e-01
i: 362800, t:  370092.8 s, ωt:  37.01 (5.89 periods), wall: 3.025 hours, Δt:   1.49, CFL: 7.20e-01
i: 362900, t:  370219.9 s, ωt:  37.02 (5.89 periods), wall: 3.026 hours, Δt:   1.08, CFL: 7.20e-01
i: 363000, t:  370339.6 s, ωt:  37.03 (5.89 periods), wall: 3.027 hours, Δt:   1.30, CFL: 7.20e-01
i: 363100, t:  370472.6 s, ωt:  37.05 (5.90 periods), wall: 3.028 hours, Δt:   1.35, CFL: 7.20e-01
i: 363200, t:  370611.0 s, ωt:  37.06 (5.90 periods), wall: 3.028 hours, Δt:   1.24, CFL: 7.20e-01
i: 363300, t:  370734.9 s, ωt:  37.07 (5.90 periods), wall: 3.029 hours, Δt:   1.37, CFL: 7.20e-01
i: 363400, t:  370867.1 s, ωt:  37.09 (5.90 periods), wall: 3.030 hours, Δt:   1.26, CFL: 7.20e-01
i: 363500, t:  371005.0 s, ωt:  37.10 (5.90 periods), wall: 3.031 hours, Δt:   1.15, CFL: 7.20e-01
i: 363600, t:  371130.3 s, ωt:  37.11 (5.91 periods), wall: 3.032 hours, Δt:   1.29, CFL: 7.20e-01
i: 363700, t:  371248.3 s, ωt:  37.12 (5.91 periods), wall: 3.033 hours, Δt:   1.18, CFL: 7.20e-01
i: 363800, t:  371393.7 s, ωt:  37.14 (5.91 periods), wall: 3.033 hours, Δt:   1.40, CFL: 7.20e-01
i: 363900, t:  371530.9 s, ωt:  37.15 (5.91 periods), wall: 3.034 hours, Δt:   1.42, CFL: 7.20e-01
i: 364000, t:  371663.8 s, ωt:  37.17 (5.92 periods), wall: 3.035 hours, Δt:   1.04, CFL: 7.20e-01
i: 364100, t:  371795.9 s, ωt:  37.18 (5.92 periods), wall: 3.036 hours, Δt:   1.36, CFL: 7.20e-01
i: 364200, t:  371939.4 s, ωt:  37.19 (5.92 periods), wall: 3.037 hours, Δt:   1.64, CFL: 7.20e-01
i: 364300, t:  372107.0 s, ωt:  37.21 (5.92 periods), wall: 3.038 hours, Δt:   1.30, CFL: 7.20e-01
i: 364400, t:  372226.2 s, ωt:  37.22 (5.92 periods), wall: 3.038 hours, Δt:   1.51, CFL: 7.20e-01
i: 364500, t:  372371.8 s, ωt:  37.24 (5.93 periods), wall: 3.039 hours, Δt:   1.30, CFL: 7.20e-01
i: 364600, t:  372506.6 s, ωt:  37.25 (5.93 periods), wall: 3.040 hours, Δt:   1.40, CFL: 7.20e-01
i: 364700, t:  372665.7 s, ωt:  37.27 (5.93 periods), wall: 3.041 hours, Δt:   1.37, CFL: 7.20e-01
i: 364800, t:  372810.3 s, ωt:  37.28 (5.93 periods), wall: 3.042 hours, Δt:   1.37, CFL: 7.20e-01
i: 364900, t:  372965.0 s, ωt:  37.30 (5.94 periods), wall: 3.043 hours, Δt:   1.90, CFL: 7.20e-01
i: 365000, t:  373167.6 s, ωt:  37.32 (5.94 periods), wall: 3.043 hours, Δt:   1.95, CFL: 7.20e-01
i: 365100, t:  373368.7 s, ωt:  37.34 (5.94 periods), wall: 3.044 hours, Δt:   2.02, CFL: 7.20e-01
i: 365200, t:  373580.0 s, ωt:  37.36 (5.95 periods), wall: 3.045 hours, Δt:   2.15, CFL: 7.20e-01
i: 365300, t:  373749.0 s, ωt:  37.37 (5.95 periods), wall: 3.046 hours, Δt:   2.29, CFL: 7.08e-01
i: 365400, t:  373984.2 s, ωt:  37.40 (5.95 periods), wall: 3.047 hours, Δt:   2.62, CFL: 7.20e-01
i: 365500, t:  374222.6 s, ωt:  37.42 (5.96 periods), wall: 3.048 hours, Δt:   2.52, CFL: 7.20e-01
i: 365600, t:  374461.7 s, ωt:  37.45 (5.96 periods), wall: 3.048 hours, Δt:   2.75, CFL: 7.20e-01
i: 365700, t:  374731.3 s, ωt:  37.47 (5.96 periods), wall: 3.049 hours, Δt:   2.51, CFL: 7.20e-01
i: 365800, t:  374959.6 s, ωt:  37.50 (5.97 periods), wall: 3.050 hours, Δt:   2.19, CFL: 7.20e-01
i: 365900, t:  375215.9 s, ωt:  37.52 (5.97 periods), wall: 3.051 hours, Δt:   2.60, CFL: 7.20e-01
i: 366000, t:  375524.8 s, ωt:  37.55 (5.98 periods), wall: 3.052 hours, Δt:   3.52, CFL: 7.20e-01
i: 366100, t:  375844.3 s, ωt:  37.58 (5.98 periods), wall: 3.053 hours, Δt:   2.86, CFL: 7.20e-01
i: 366200, t:  376174.1 s, ωt:  37.62 (5.99 periods), wall: 3.054 hours, Δt:   3.43, CFL: 7.20e-01
i: 366300, t:  376516.0 s, ωt:  37.65 (5.99 periods), wall: 3.054 hours, Δt:   3.43, CFL: 7.20e-01
i: 366400, t:  376858.1 s, ωt:  37.69 (6.00 periods), wall: 3.055 hours, Δt:   3.15, CFL: 7.20e-01
i: 366500, t:  377170.0 s, ωt:  37.72 (6.00 periods), wall: 3.056 hours, Δt:   2.78, CFL: 7.20e-01
i: 366600, t:  377411.2 s, ωt:  37.74 (6.01 periods), wall: 3.057 hours, Δt:   2.60, CFL: 7.20e-01
i: 366700, t:  377677.1 s, ωt:  37.77 (6.01 periods), wall: 3.058 hours, Δt:   2.36, CFL: 7.20e-01
i: 366800, t:  377960.0 s, ωt:  37.80 (6.02 periods), wall: 3.059 hours, Δt:   3.17, CFL: 7.20e-01
i: 366900, t:  378245.2 s, ωt:  37.82 (6.02 periods), wall: 3.060 hours, Δt:   2.47, CFL: 7.20e-01
i: 367000, t:  378455.9 s, ωt:  37.85 (6.02 periods), wall: 3.060 hours, Δt:   1.86, CFL: 7.20e-01
i: 367100, t:  378643.0 s, ωt:  37.86 (6.03 periods), wall: 3.061 hours, Δt:   2.03, CFL: 7.20e-01
i: 367200, t:  378851.7 s, ωt:  37.89 (6.03 periods), wall: 3.062 hours, Δt:   2.08, CFL: 7.20e-01
i: 367300, t:  379048.6 s, ωt:  37.90 (6.03 periods), wall: 3.063 hours, Δt:   2.05, CFL: 7.20e-01
i: 367400, t:  379246.7 s, ωt:  37.92 (6.04 periods), wall: 3.064 hours, Δt:   1.70, CFL: 7.20e-01
i: 367500, t:  379420.2 s, ωt:  37.94 (6.04 periods), wall: 3.065 hours, Δt:   1.51, CFL: 7.20e-01
i: 367600, t:  379579.4 s, ωt:  37.96 (6.04 periods), wall: 3.065 hours, Δt:   1.67, CFL: 7.20e-01
i: 367700, t:  379747.7 s, ωt:  37.97 (6.04 periods), wall: 3.066 hours, Δt:   1.62, CFL: 7.20e-01
i: 367800, t:  379914.9 s, ωt:  37.99 (6.05 periods), wall: 3.067 hours, Δt:   1.69, CFL: 7.20e-01
i: 367900, t:  380084.6 s, ωt:  38.01 (6.05 periods), wall: 3.068 hours, Δt:   1.58, CFL: 7.20e-01
i: 368000, t:  380242.9 s, ωt:  38.02 (6.05 periods), wall: 3.069 hours, Δt:   1.40, CFL: 7.20e-01
i: 368100, t:  380397.0 s, ωt:  38.04 (6.05 periods), wall: 3.070 hours, Δt:   1.70, CFL: 7.20e-01
i: 368200, t:  380553.1 s, ωt:  38.06 (6.06 periods), wall: 3.070 hours, Δt:   1.58, CFL: 7.20e-01
i: 368300, t:  380699.4 s, ωt:  38.07 (6.06 periods), wall: 3.071 hours, Δt:   1.46, CFL: 7.20e-01
i: 368400, t:  380844.7 s, ωt:  38.08 (6.06 periods), wall: 3.072 hours, Δt:   1.58, CFL: 7.20e-01
i: 368500, t:  380999.5 s, ωt:  38.10 (6.06 periods), wall: 3.073 hours, Δt:   1.55, CFL: 7.20e-01
i: 368600, t:  381142.9 s, ωt:  38.11 (6.07 periods), wall: 3.074 hours, Δt:   1.38, CFL: 7.20e-01
i: 368700, t:  381277.3 s, ωt:  38.13 (6.07 periods), wall: 3.075 hours, Δt:   1.36, CFL: 7.20e-01
i: 368800, t:  381403.0 s, ωt:  38.14 (6.07 periods), wall: 3.075 hours, Δt:   1.08, CFL: 7.20e-01
i: 368900, t:  381527.6 s, ωt:  38.15 (6.07 periods), wall: 3.076 hours, Δt:   1.30, CFL: 7.20e-01
i: 369000, t:  381651.6 s, ωt:  38.17 (6.07 periods), wall: 3.077 hours, Δt:   1.27, CFL: 7.20e-01
i: 369100, t:  381779.1 s, ωt:  38.18 (6.08 periods), wall: 3.078 hours, Δt:   1.21, CFL: 7.20e-01
i: 369200, t:  381905.7 s, ωt:  38.19 (6.08 periods), wall: 3.079 hours, Δt:   1.20, CFL: 7.20e-01
i: 369300, t:  382015.9 s, ωt:  38.20 (6.08 periods), wall: 3.080 hours, Δt:   0.96, CFL: 7.20e-01
i: 369400, t:  382121.2 s, ωt:  38.21 (6.08 periods), wall: 3.080 hours, Δt:   0.95, CFL: 7.20e-01
i: 369500, t:  382227.6 s, ωt:  38.22 (6.08 periods), wall: 3.081 hours, Δt:   1.00, CFL: 7.20e-01
i: 369600, t:  382341.9 s, ωt:  38.23 (6.09 periods), wall: 3.082 hours, Δt:   1.08, CFL: 7.20e-01
i: 369700, t:  382451.8 s, ωt:  38.25 (6.09 periods), wall: 3.083 hours, Δt:   1.05, CFL: 7.20e-01
i: 369800, t:  382561.9 s, ωt:  38.26 (6.09 periods), wall: 3.084 hours, Δt:   1.10, CFL: 7.20e-01
i: 369900, t:  382673.2 s, ωt:  38.27 (6.09 periods), wall: 3.085 hours, Δt:   1.15, CFL: 7.20e-01
i: 370000, t:  382766.9 s, ωt:  38.28 (6.09 periods), wall: 3.085 hours, Δt:   1.08, CFL: 7.20e-01
i: 370100, t:  382871.3 s, ωt:  38.29 (6.09 periods), wall: 3.086 hours, Δt:   0.92, CFL: 7.20e-01
i: 370200, t:  382969.3 s, ωt:  38.30 (6.10 periods), wall: 3.087 hours, Δt:   0.83, CFL: 7.20e-01
i: 370300, t:  383064.6 s, ωt:  38.31 (6.10 periods), wall: 3.088 hours, Δt:   1.02, CFL: 7.20e-01
i: 370400, t:  383169.5 s, ωt:  38.32 (6.10 periods), wall: 3.089 hours, Δt:   0.98, CFL: 7.20e-01
i: 370500, t:  383266.6 s, ωt:  38.33 (6.10 periods), wall: 3.090 hours, Δt:   0.88, CFL: 7.20e-01
i: 370600, t:  383359.8 s, ωt:  38.34 (6.10 periods), wall: 3.090 hours, Δt:   0.92, CFL: 7.20e-01
i: 370700, t:  383444.6 s, ωt:  38.34 (6.10 periods), wall: 3.091 hours, Δt:   0.95, CFL: 7.20e-01
i: 370800, t:  383540.4 s, ωt:  38.35 (6.10 periods), wall: 3.092 hours, Δt:   0.99, CFL: 7.20e-01
i: 370900, t:  383643.4 s, ωt:  38.36 (6.11 periods), wall: 3.093 hours, Δt:   0.99, CFL: 7.20e-01
i: 371000, t:  383740.2 s, ωt:  38.37 (6.11 periods), wall: 3.094 hours, Δt:   0.97, CFL: 7.20e-01
i: 371100, t:  383832.1 s, ωt:  38.38 (6.11 periods), wall: 3.095 hours, Δt:   0.84, CFL: 7.20e-01
i: 371200, t:  383914.8 s, ωt:  38.39 (6.11 periods), wall: 3.095 hours, Δt:   0.89, CFL: 7.20e-01
i: 371300, t:  384004.3 s, ωt:  38.40 (6.11 periods), wall: 3.096 hours, Δt:   0.80, CFL: 7.20e-01
i: 371400, t:  384088.1 s, ωt:  38.41 (6.11 periods), wall: 3.097 hours, Δt:   0.92, CFL: 7.20e-01
i: 371500, t:  384186.5 s, ωt:  38.42 (6.11 periods), wall: 3.098 hours, Δt:   0.86, CFL: 7.20e-01
i: 371600, t:  384283.4 s, ωt:  38.43 (6.12 periods), wall: 3.099 hours, Δt:   1.04, CFL: 7.20e-01
i: 371700, t:  384371.9 s, ωt:  38.44 (6.12 periods), wall: 3.100 hours, Δt:   0.89, CFL: 7.20e-01
i: 371800, t:  384461.0 s, ωt:  38.45 (6.12 periods), wall: 3.100 hours, Δt:   0.93, CFL: 7.20e-01
i: 371900, t:  384550.4 s, ωt:  38.46 (6.12 periods), wall: 3.101 hours, Δt:   0.97, CFL: 7.20e-01
i: 372000, t:  384641.8 s, ωt:  38.46 (6.12 periods), wall: 3.102 hours, Δt:   0.90, CFL: 7.20e-01
i: 372100, t:  384726.5 s, ωt:  38.47 (6.12 periods), wall: 3.103 hours, Δt:   0.81, CFL: 7.20e-01
i: 372200, t:  384814.7 s, ωt:  38.48 (6.12 periods), wall: 3.104 hours, Δt:   0.87, CFL: 7.20e-01
i: 372300, t:  384904.3 s, ωt:  38.49 (6.13 periods), wall: 3.105 hours, Δt:   0.91, CFL: 7.20e-01
i: 372400, t:  384990.5 s, ωt:  38.50 (6.13 periods), wall: 3.105 hours, Δt:   0.91, CFL: 7.20e-01
i: 372500, t:  385085.0 s, ωt:  38.51 (6.13 periods), wall: 3.106 hours, Δt:   0.92, CFL: 7.20e-01
i: 372600, t:  385169.4 s, ωt:  38.52 (6.13 periods), wall: 3.107 hours, Δt:   0.88, CFL: 7.20e-01
i: 372700, t:  385263.2 s, ωt:  38.53 (6.13 periods), wall: 3.108 hours, Δt:   1.02, CFL: 7.20e-01
i: 372800, t:  385351.7 s, ωt:  38.54 (6.13 periods), wall: 3.109 hours, Δt:   0.87, CFL: 7.20e-01
i: 372900, t:  385441.6 s, ωt:  38.54 (6.13 periods), wall: 3.109 hours, Δt:   0.97, CFL: 7.20e-01
i: 373000, t:  385524.4 s, ωt:  38.55 (6.14 periods), wall: 3.110 hours, Δt:   0.84, CFL: 7.20e-01
i: 373100, t:  385613.6 s, ωt:  38.56 (6.14 periods), wall: 3.111 hours, Δt:   1.01, CFL: 7.20e-01
i: 373200, t:  385703.1 s, ωt:  38.57 (6.14 periods), wall: 3.112 hours, Δt:   0.90, CFL: 7.20e-01
i: 373300, t:  385793.1 s, ωt:  38.58 (6.14 periods), wall: 3.113 hours, Δt:   0.93, CFL: 7.20e-01
i: 373400, t:  385878.6 s, ωt:  38.59 (6.14 periods), wall: 3.114 hours, Δt:   0.83, CFL: 7.20e-01
i: 373500, t:  385954.5 s, ωt:  38.60 (6.14 periods), wall: 3.114 hours, Δt:   0.66, CFL: 7.20e-01
i: 373600, t:  386032.6 s, ωt:  38.60 (6.14 periods), wall: 3.115 hours, Δt:   0.86, CFL: 7.20e-01
i: 373700, t:  386121.6 s, ωt:  38.61 (6.15 periods), wall: 3.116 hours, Δt:   0.82, CFL: 7.20e-01
i: 373800, t:  386199.9 s, ωt:  38.62 (6.15 periods), wall: 3.117 hours, Δt:   0.88, CFL: 7.20e-01
i: 373900, t:  386281.2 s, ωt:  38.63 (6.15 periods), wall: 3.118 hours, Δt:   0.74, CFL: 7.20e-01
i: 374000, t:  386365.2 s, ωt:  38.64 (6.15 periods), wall: 3.119 hours, Δt:   0.86, CFL: 7.20e-01
i: 374100, t:  386449.4 s, ωt:  38.64 (6.15 periods), wall: 3.119 hours, Δt:   0.85, CFL: 7.20e-01
i: 374200, t:  386529.9 s, ωt:  38.65 (6.15 periods), wall: 3.120 hours, Δt:   0.77, CFL: 7.20e-01
i: 374300, t:  386607.3 s, ωt:  38.66 (6.15 periods), wall: 3.121 hours, Δt:   0.72, CFL: 7.20e-01
i: 374400, t:  386676.0 s, ωt:  38.67 (6.15 periods), wall: 3.122 hours, Δt:   0.71, CFL: 7.20e-01
i: 374500, t:  386753.5 s, ωt:  38.68 (6.16 periods), wall: 3.123 hours, Δt:   0.75, CFL: 7.20e-01
i: 374600, t:  386835.1 s, ωt:  38.68 (6.16 periods), wall: 3.124 hours, Δt:   0.75, CFL: 7.20e-01
i: 374700, t:  386914.0 s, ωt:  38.69 (6.16 periods), wall: 3.124 hours, Δt:   0.76, CFL: 7.20e-01
i: 374800, t:  386994.2 s, ωt:  38.70 (6.16 periods), wall: 3.125 hours, Δt:   0.88, CFL: 7.20e-01
i: 374900, t:  387078.7 s, ωt:  38.71 (6.16 periods), wall: 3.126 hours, Δt:   0.89, CFL: 7.20e-01
i: 375000, t:  387166.3 s, ωt:  38.72 (6.16 periods), wall: 3.127 hours, Δt:   0.86, CFL: 7.20e-01
i: 375100, t:  387244.1 s, ωt:  38.72 (6.16 periods), wall: 3.128 hours, Δt:   0.74, CFL: 7.20e-01
i: 375200, t:  387317.1 s, ωt:  38.73 (6.16 periods), wall: 3.129 hours, Δt:   0.83, CFL: 7.20e-01
i: 375300, t:  387401.4 s, ωt:  38.74 (6.17 periods), wall: 3.129 hours, Δt:   0.80, CFL: 7.20e-01
i: 375400, t:  387478.1 s, ωt:  38.75 (6.17 periods), wall: 3.130 hours, Δt:   0.67, CFL: 7.20e-01
i: 375500, t:  387548.7 s, ωt:  38.75 (6.17 periods), wall: 3.131 hours, Δt:   0.67, CFL: 7.20e-01
i: 375600, t:  387626.3 s, ωt:  38.76 (6.17 periods), wall: 3.132 hours, Δt:   0.86, CFL: 7.20e-01
i: 375700, t:  387700.6 s, ωt:  38.77 (6.17 periods), wall: 3.133 hours, Δt:   0.81, CFL: 7.20e-01
i: 375800, t:  387780.9 s, ωt:  38.78 (6.17 periods), wall: 3.134 hours, Δt:   0.79, CFL: 7.20e-01
i: 375900, t:  387861.5 s, ωt:  38.79 (6.17 periods), wall: 3.134 hours, Δt:   0.74, CFL: 7.20e-01
i: 376000, t:  387931.6 s, ωt:  38.79 (6.17 periods), wall: 3.135 hours, Δt:   0.86, CFL: 7.20e-01
i: 376100, t:  388016.0 s, ωt:  38.80 (6.18 periods), wall: 3.136 hours, Δt:   0.79, CFL: 7.20e-01
i: 376200, t:  388101.2 s, ωt:  38.81 (6.18 periods), wall: 3.137 hours, Δt:   0.90, CFL: 7.20e-01
i: 376300, t:  388182.0 s, ωt:  38.82 (6.18 periods), wall: 3.138 hours, Δt:   0.74, CFL: 7.20e-01
i: 376400, t:  388262.8 s, ωt:  38.83 (6.18 periods), wall: 3.139 hours, Δt:   0.77, CFL: 7.20e-01
i: 376500, t:  388337.5 s, ωt:  38.83 (6.18 periods), wall: 3.139 hours, Δt:   0.72, CFL: 7.20e-01
i: 376600, t:  388407.7 s, ωt:  38.84 (6.18 periods), wall: 3.140 hours, Δt:   0.55, CFL: 7.20e-01
i: 376700, t:  388466.6 s, ωt:  38.85 (6.18 periods), wall: 3.141 hours, Δt:   0.69, CFL: 7.20e-01
i: 376800, t:  388538.9 s, ωt:  38.85 (6.18 periods), wall: 3.142 hours, Δt:   0.79, CFL: 7.20e-01
i: 376900, t:  388615.0 s, ωt:  38.86 (6.18 periods), wall: 3.143 hours, Δt:   0.76, CFL: 7.20e-01
i: 377000, t:  388688.8 s, ωt:  38.87 (6.19 periods), wall: 3.144 hours, Δt:   0.72, CFL: 7.20e-01
i: 377100, t:  388752.6 s, ωt:  38.88 (6.19 periods), wall: 3.144 hours, Δt:   0.66, CFL: 7.20e-01
i: 377200, t:  388823.3 s, ωt:  38.88 (6.19 periods), wall: 3.145 hours, Δt:   0.73, CFL: 7.20e-01
i: 377300, t:  388893.3 s, ωt:  38.89 (6.19 periods), wall: 3.146 hours, Δt:   0.71, CFL: 7.20e-01
i: 377400, t:  388970.3 s, ωt:  38.90 (6.19 periods), wall: 3.147 hours, Δt:   0.77, CFL: 7.20e-01
i: 377500, t:  389043.0 s, ωt:  38.90 (6.19 periods), wall: 3.148 hours, Δt:   0.70, CFL: 7.20e-01
i: 377600, t:  389115.1 s, ωt:  38.91 (6.19 periods), wall: 3.149 hours, Δt:   0.81, CFL: 7.20e-01
i: 377700, t:  389194.8 s, ωt:  38.92 (6.19 periods), wall: 3.149 hours, Δt:   0.80, CFL: 7.20e-01
i: 377800, t:  389269.3 s, ωt:  38.93 (6.20 periods), wall: 3.150 hours, Δt:   0.81, CFL: 7.20e-01
i: 377900, t:  389348.2 s, ωt:  38.93 (6.20 periods), wall: 3.151 hours, Δt:   0.70, CFL: 7.20e-01
i: 378000, t:  389415.5 s, ωt:  38.94 (6.20 periods), wall: 3.152 hours, Δt:   0.67, CFL: 7.20e-01
i: 378100, t:  389487.5 s, ωt:  38.95 (6.20 periods), wall: 3.153 hours, Δt:   0.68, CFL: 7.20e-01
i: 378200, t:  389560.7 s, ωt:  38.96 (6.20 periods), wall: 3.154 hours, Δt:   0.80, CFL: 7.20e-01
i: 378300, t:  389630.3 s, ωt:  38.96 (6.20 periods), wall: 3.154 hours, Δt:   0.62, CFL: 7.20e-01
i: 378400, t:  389698.5 s, ωt:  38.97 (6.20 periods), wall: 3.155 hours, Δt:   0.69, CFL: 7.20e-01
i: 378500, t:  389774.7 s, ωt:  38.98 (6.20 periods), wall: 3.156 hours, Δt:   0.70, CFL: 7.20e-01
i: 378600, t:  389849.7 s, ωt:  38.98 (6.20 periods), wall: 3.157 hours, Δt:   0.80, CFL: 7.20e-01
i: 378700, t:  389924.0 s, ωt:  38.99 (6.21 periods), wall: 3.158 hours, Δt:   0.74, CFL: 7.20e-01
i: 378800, t:  389999.2 s, ωt:  39.00 (6.21 periods), wall: 3.159 hours, Δt:   0.68, CFL: 7.20e-01
i: 378900, t:  390075.9 s, ωt:  39.01 (6.21 periods), wall: 3.159 hours, Δt:   0.66, CFL: 7.20e-01
i: 379000, t:  390148.0 s, ωt:  39.01 (6.21 periods), wall: 3.160 hours, Δt:   0.71, CFL: 7.20e-01
i: 379100, t:  390221.7 s, ωt:  39.02 (6.21 periods), wall: 3.161 hours, Δt:   0.75, CFL: 7.20e-01
i: 379200, t:  390296.2 s, ωt:  39.03 (6.21 periods), wall: 3.162 hours, Δt:   0.73, CFL: 7.20e-01
i: 379300, t:  390368.1 s, ωt:  39.04 (6.21 periods), wall: 3.163 hours, Δt:   0.66, CFL: 7.20e-01
i: 379400, t:  390437.7 s, ωt:  39.04 (6.21 periods), wall: 3.164 hours, Δt:   0.70, CFL: 7.20e-01
i: 379500, t:  390509.2 s, ωt:  39.05 (6.22 periods), wall: 3.164 hours, Δt:   0.66, CFL: 7.20e-01
i: 379600, t:  390580.2 s, ωt:  39.06 (6.22 periods), wall: 3.165 hours, Δt:   0.64, CFL: 7.20e-01
i: 379700, t:  390645.9 s, ωt:  39.06 (6.22 periods), wall: 3.166 hours, Δt:   0.69, CFL: 7.20e-01
i: 379800, t:  390719.9 s, ωt:  39.07 (6.22 periods), wall: 3.167 hours, Δt:   0.74, CFL: 7.20e-01
i: 379900, t:  390794.0 s, ωt:  39.08 (6.22 periods), wall: 3.168 hours, Δt:   0.67, CFL: 7.20e-01
i: 380000, t:  390861.2 s, ωt:  39.09 (6.22 periods), wall: 3.169 hours, Δt:   0.70, CFL: 7.20e-01
i: 380100, t:  390933.6 s, ωt:  39.09 (6.22 periods), wall: 3.169 hours, Δt:   0.69, CFL: 7.20e-01
i: 380200, t:  391005.7 s, ωt:  39.10 (6.22 periods), wall: 3.170 hours, Δt:   0.68, CFL: 7.20e-01
i: 380300, t:  391074.6 s, ωt:  39.11 (6.22 periods), wall: 3.171 hours, Δt:   0.72, CFL: 7.20e-01
i: 380400, t:  391149.8 s, ωt:  39.11 (6.23 periods), wall: 3.172 hours, Δt:   0.74, CFL: 7.20e-01
i: 380500, t:  391225.4 s, ωt:  39.12 (6.23 periods), wall: 3.173 hours, Δt:   0.73, CFL: 7.20e-01
i: 380600, t:  391295.9 s, ωt:  39.13 (6.23 periods), wall: 3.173 hours, Δt:   0.79, CFL: 7.20e-01
i: 380700, t:  391377.9 s, ωt:  39.14 (6.23 periods), wall: 3.174 hours, Δt:   0.67, CFL: 7.20e-01
i: 380800, t:  391446.0 s, ωt:  39.14 (6.23 periods), wall: 3.175 hours, Δt:   0.77, CFL: 7.20e-01
i: 380900, t:  391520.4 s, ωt:  39.15 (6.23 periods), wall: 3.176 hours, Δt:   0.72, CFL: 7.20e-01
i: 381000, t:  391581.9 s, ωt:  39.16 (6.23 periods), wall: 3.177 hours, Δt:   0.61, CFL: 7.20e-01
i: 381100, t:  391651.4 s, ωt:  39.17 (6.23 periods), wall: 3.178 hours, Δt:   0.67, CFL: 7.20e-01
i: 381200, t:  391725.4 s, ωt:  39.17 (6.23 periods), wall: 3.178 hours, Δt:   0.71, CFL: 7.20e-01
i: 381300, t:  391794.9 s, ωt:  39.18 (6.24 periods), wall: 3.179 hours, Δt:   0.64, CFL: 7.20e-01
i: 381400, t:  391862.0 s, ωt:  39.19 (6.24 periods), wall: 3.180 hours, Δt:   0.64, CFL: 7.20e-01
i: 381500, t:  391924.8 s, ωt:  39.19 (6.24 periods), wall: 3.181 hours, Δt:   0.67, CFL: 7.20e-01
i: 381600, t:  391992.6 s, ωt:  39.20 (6.24 periods), wall: 3.182 hours, Δt:   0.79, CFL: 7.20e-01
i: 381700, t:  392061.3 s, ωt:  39.21 (6.24 periods), wall: 3.183 hours, Δt:   0.60, CFL: 7.20e-01
i: 381800, t:  392131.4 s, ωt:  39.21 (6.24 periods), wall: 3.183 hours, Δt:   0.75, CFL: 7.20e-01
i: 381900, t:  392198.7 s, ωt:  39.22 (6.24 periods), wall: 3.184 hours, Δt:   0.64, CFL: 7.20e-01
i: 382000, t:  392265.3 s, ωt:  39.23 (6.24 periods), wall: 3.185 hours, Δt:   0.70, CFL: 7.20e-01
i: 382100, t:  392331.8 s, ωt:  39.23 (6.24 periods), wall: 3.186 hours, Δt:   0.76, CFL: 7.20e-01
i: 382200, t:  392405.6 s, ωt:  39.24 (6.25 periods), wall: 3.187 hours, Δt:   0.61, CFL: 7.20e-01
i: 382300, t:  392468.8 s, ωt:  39.25 (6.25 periods), wall: 3.188 hours, Δt:   0.59, CFL: 7.20e-01
i: 382400, t:  392537.0 s, ωt:  39.25 (6.25 periods), wall: 3.188 hours, Δt:   0.64, CFL: 7.20e-01
i: 382500, t:  392611.7 s, ωt:  39.26 (6.25 periods), wall: 3.189 hours, Δt:   0.81, CFL: 7.20e-01
i: 382600, t:  392688.2 s, ωt:  39.27 (6.25 periods), wall: 3.190 hours, Δt:   0.79, CFL: 7.20e-01
i: 382700, t:  392764.6 s, ωt:  39.28 (6.25 periods), wall: 3.191 hours, Δt:   0.75, CFL: 7.20e-01
i: 382800, t:  392844.4 s, ωt:  39.28 (6.25 periods), wall: 3.192 hours, Δt:   0.85, CFL: 7.20e-01
i: 382900, t:  392925.1 s, ωt:  39.29 (6.25 periods), wall: 3.193 hours, Δt:   0.82, CFL: 7.20e-01
i: 383000, t:  393005.1 s, ωt:  39.30 (6.25 periods), wall: 3.193 hours, Δt:   0.70, CFL: 7.20e-01
i: 383100, t:  393080.5 s, ωt:  39.31 (6.26 periods), wall: 3.194 hours, Δt:   0.73, CFL: 7.20e-01
i: 383200, t:  393159.2 s, ωt:  39.32 (6.26 periods), wall: 3.195 hours, Δt:   0.72, CFL: 7.20e-01
i: 383300, t:  393233.9 s, ωt:  39.32 (6.26 periods), wall: 3.196 hours, Δt:   0.70, CFL: 7.20e-01
i: 383400, t:  393303.8 s, ωt:  39.33 (6.26 periods), wall: 3.197 hours, Δt:   0.75, CFL: 7.20e-01
i: 383500, t:  393376.8 s, ωt:  39.34 (6.26 periods), wall: 3.198 hours, Δt:   0.74, CFL: 7.20e-01
i: 383600, t:  393447.6 s, ωt:  39.34 (6.26 periods), wall: 3.198 hours, Δt:   0.61, CFL: 7.20e-01
i: 383700, t:  393517.7 s, ωt:  39.35 (6.26 periods), wall: 3.199 hours, Δt:   0.60, CFL: 7.20e-01
i: 383800, t:  393587.8 s, ωt:  39.36 (6.26 periods), wall: 3.200 hours, Δt:   0.74, CFL: 7.20e-01
i: 383900, t:  393665.9 s, ωt:  39.37 (6.27 periods), wall: 3.201 hours, Δt:   0.81, CFL: 7.20e-01
i: 384000, t:  393739.1 s, ωt:  39.37 (6.27 periods), wall: 3.202 hours, Δt:   0.73, CFL: 7.20e-01
i: 384100, t:  393814.0 s, ωt:  39.38 (6.27 periods), wall: 3.203 hours, Δt:   0.76, CFL: 7.20e-01
i: 384200, t:  393892.8 s, ωt:  39.39 (6.27 periods), wall: 3.203 hours, Δt:   0.83, CFL: 7.20e-01
i: 384300, t:  393961.4 s, ωt:  39.40 (6.27 periods), wall: 3.204 hours, Δt:   0.62, CFL: 7.20e-01
i: 384400, t:  394033.1 s, ωt:  39.40 (6.27 periods), wall: 3.205 hours, Δt:   0.70, CFL: 7.20e-01
i: 384500, t:  394100.3 s, ωt:  39.41 (6.27 periods), wall: 3.206 hours, Δt:   0.71, CFL: 7.20e-01
i: 384600, t:  394162.9 s, ωt:  39.42 (6.27 periods), wall: 3.207 hours, Δt:   0.67, CFL: 7.20e-01
i: 384700, t:  394232.1 s, ωt:  39.42 (6.27 periods), wall: 3.208 hours, Δt:   0.76, CFL: 7.20e-01
i: 384800, t:  394307.4 s, ωt:  39.43 (6.28 periods), wall: 3.208 hours, Δt:   0.63, CFL: 7.20e-01
i: 384900, t:  394377.7 s, ωt:  39.44 (6.28 periods), wall: 3.209 hours, Δt:   0.65, CFL: 7.20e-01
i: 385000, t:  394440.9 s, ωt:  39.44 (6.28 periods), wall: 3.210 hours, Δt:   0.63, CFL: 7.20e-01
i: 385100, t:  394512.3 s, ωt:  39.45 (6.28 periods), wall: 3.211 hours, Δt:   0.71, CFL: 7.20e-01
i: 385200, t:  394583.3 s, ωt:  39.46 (6.28 periods), wall: 3.212 hours, Δt:   0.79, CFL: 7.20e-01
i: 385300, t:  394653.6 s, ωt:  39.47 (6.28 periods), wall: 3.213 hours, Δt:   0.80, CFL: 7.20e-01
i: 385400, t:  394729.0 s, ωt:  39.47 (6.28 periods), wall: 3.213 hours, Δt:   0.80, CFL: 7.20e-01
i: 385500, t:  394800.0 s, ωt:  39.48 (6.28 periods), wall: 3.214 hours, Δt:   0.64, CFL: 7.20e-01
i: 385600, t:  394870.2 s, ωt:  39.49 (6.28 periods), wall: 3.215 hours, Δt:   0.76, CFL: 7.20e-01
i: 385700, t:  394947.0 s, ωt:  39.49 (6.29 periods), wall: 3.216 hours, Δt:   0.73, CFL: 7.20e-01
i: 385800, t:  395020.2 s, ωt:  39.50 (6.29 periods), wall: 3.217 hours, Δt:   0.85, CFL: 7.20e-01
i: 385900, t:  395102.0 s, ωt:  39.51 (6.29 periods), wall: 3.218 hours, Δt:   0.83, CFL: 7.20e-01
i: 386000, t:  395187.0 s, ωt:  39.52 (6.29 periods), wall: 3.218 hours, Δt:   0.76, CFL: 7.20e-01
i: 386100, t:  395262.5 s, ωt:  39.53 (6.29 periods), wall: 3.219 hours, Δt:   0.70, CFL: 7.20e-01
i: 386200, t:  395335.1 s, ωt:  39.53 (6.29 periods), wall: 3.220 hours, Δt:   0.80, CFL: 7.20e-01
i: 386300, t:  395415.8 s, ωt:  39.54 (6.29 periods), wall: 3.221 hours, Δt:   0.79, CFL: 7.20e-01
i: 386400, t:  395496.1 s, ωt:  39.55 (6.29 periods), wall: 3.222 hours, Δt:   0.79, CFL: 7.20e-01
i: 386500, t:  395568.0 s, ωt:  39.56 (6.30 periods), wall: 3.223 hours, Δt:   0.74, CFL: 7.20e-01
i: 386600, t:  395645.2 s, ωt:  39.56 (6.30 periods), wall: 3.223 hours, Δt:   0.82, CFL: 7.20e-01
i: 386700, t:  395724.1 s, ωt:  39.57 (6.30 periods), wall: 3.224 hours, Δt:   0.82, CFL: 7.20e-01
i: 386800, t:  395805.2 s, ωt:  39.58 (6.30 periods), wall: 3.225 hours, Δt:   0.74, CFL: 7.20e-01
i: 386900, t:  395883.8 s, ωt:  39.59 (6.30 periods), wall: 3.226 hours, Δt:   0.83, CFL: 7.20e-01
i: 387000, t:  395966.1 s, ωt:  39.60 (6.30 periods), wall: 3.227 hours, Δt:   0.79, CFL: 7.20e-01
i: 387100, t:  396046.0 s, ωt:  39.60 (6.30 periods), wall: 3.228 hours, Δt:   0.99, CFL: 7.20e-01
i: 387200, t:  396132.1 s, ωt:  39.61 (6.30 periods), wall: 3.228 hours, Δt:   0.74, CFL: 7.20e-01
i: 387300, t:  396208.7 s, ωt:  39.62 (6.31 periods), wall: 3.229 hours, Δt:   0.85, CFL: 7.20e-01
i: 387400, t:  396291.5 s, ωt:  39.63 (6.31 periods), wall: 3.230 hours, Δt:   0.78, CFL: 7.20e-01
i: 387500, t:  396362.9 s, ωt:  39.64 (6.31 periods), wall: 3.231 hours, Δt:   0.90, CFL: 7.20e-01
i: 387600, t:  396444.0 s, ωt:  39.64 (6.31 periods), wall: 3.232 hours, Δt:   0.88, CFL: 7.20e-01
i: 387700, t:  396532.3 s, ωt:  39.65 (6.31 periods), wall: 3.233 hours, Δt:   0.80, CFL: 7.20e-01
i: 387800, t:  396610.2 s, ωt:  39.66 (6.31 periods), wall: 3.233 hours, Δt:   0.73, CFL: 7.20e-01
i: 387900, t:  396686.2 s, ωt:  39.67 (6.31 periods), wall: 3.234 hours, Δt:   0.78, CFL: 7.20e-01
i: 388000, t:  396757.1 s, ωt:  39.68 (6.31 periods), wall: 3.235 hours, Δt:   0.68, CFL: 7.20e-01
i: 388100, t:  396833.9 s, ωt:  39.68 (6.32 periods), wall: 3.236 hours, Δt:   0.86, CFL: 7.20e-01
i: 388200, t:  396907.1 s, ωt:  39.69 (6.32 periods), wall: 3.237 hours, Δt:   0.73, CFL: 7.20e-01
i: 388300, t:  396988.3 s, ωt:  39.70 (6.32 periods), wall: 3.237 hours, Δt:   0.91, CFL: 7.20e-01
i: 388400, t:  397079.6 s, ωt:  39.71 (6.32 periods), wall: 3.238 hours, Δt:   0.89, CFL: 7.20e-01
i: 388500, t:  397173.6 s, ωt:  39.72 (6.32 periods), wall: 3.239 hours, Δt:   0.92, CFL: 7.20e-01
i: 388600, t:  397268.1 s, ωt:  39.73 (6.32 periods), wall: 3.240 hours, Δt:   1.00, CFL: 7.20e-01
i: 388700, t:  397351.7 s, ωt:  39.74 (6.32 periods), wall: 3.241 hours, Δt:   0.75, CFL: 7.20e-01
i: 388800, t:  397434.6 s, ωt:  39.74 (6.33 periods), wall: 3.242 hours, Δt:   0.75, CFL: 7.20e-01
i: 388900, t:  397515.2 s, ωt:  39.75 (6.33 periods), wall: 3.242 hours, Δt:   0.89, CFL: 7.20e-01
i: 389000, t:  397603.0 s, ωt:  39.76 (6.33 periods), wall: 3.243 hours, Δt:   0.83, CFL: 7.20e-01
i: 389100, t:  397692.8 s, ωt:  39.77 (6.33 periods), wall: 3.244 hours, Δt:   1.02, CFL: 7.20e-01
i: 389200, t:  397787.9 s, ωt:  39.78 (6.33 periods), wall: 3.245 hours, Δt:   0.78, CFL: 7.20e-01
i: 389300, t:  397867.1 s, ωt:  39.79 (6.33 periods), wall: 3.246 hours, Δt:   0.93, CFL: 7.20e-01
i: 389400, t:  397958.4 s, ωt:  39.80 (6.33 periods), wall: 3.247 hours, Δt:   0.96, CFL: 7.20e-01
i: 389500, t:  398050.6 s, ωt:  39.81 (6.34 periods), wall: 3.247 hours, Δt:   0.88, CFL: 7.20e-01
i: 389600, t:  398145.0 s, ωt:  39.81 (6.34 periods), wall: 3.248 hours, Δt:   0.86, CFL: 7.20e-01
i: 389700, t:  398232.2 s, ωt:  39.82 (6.34 periods), wall: 3.249 hours, Δt:   0.89, CFL: 7.20e-01
i: 389800, t:  398327.5 s, ωt:  39.83 (6.34 periods), wall: 3.250 hours, Δt:   1.01, CFL: 7.20e-01
i: 389900, t:  398426.7 s, ωt:  39.84 (6.34 periods), wall: 3.251 hours, Δt:   1.01, CFL: 7.20e-01
i: 390000, t:  398514.9 s, ωt:  39.85 (6.34 periods), wall: 3.252 hours, Δt:   0.83, CFL: 7.20e-01
i: 390100, t:  398604.9 s, ωt:  39.86 (6.34 periods), wall: 3.252 hours, Δt:   0.86, CFL: 7.20e-01
i: 390200, t:  398705.1 s, ωt:  39.87 (6.35 periods), wall: 3.253 hours, Δt:   1.03, CFL: 7.20e-01
i: 390300, t:  398801.3 s, ωt:  39.88 (6.35 periods), wall: 3.254 hours, Δt:   0.98, CFL: 7.20e-01
i: 390400, t:  398905.4 s, ωt:  39.89 (6.35 periods), wall: 3.255 hours, Δt:   1.11, CFL: 7.20e-01
i: 390500, t:  399006.0 s, ωt:  39.90 (6.35 periods), wall: 3.256 hours, Δt:   0.99, CFL: 7.20e-01
i: 390600, t:  399110.5 s, ωt:  39.91 (6.35 periods), wall: 3.257 hours, Δt:   0.88, CFL: 7.20e-01
i: 390700, t:  399202.4 s, ωt:  39.92 (6.35 periods), wall: 3.257 hours, Δt:   0.98, CFL: 7.20e-01
i: 390800, t:  399299.1 s, ωt:  39.93 (6.36 periods), wall: 3.258 hours, Δt:   0.89, CFL: 7.20e-01
i: 390900, t:  399397.6 s, ωt:  39.94 (6.36 periods), wall: 3.259 hours, Δt:   1.03, CFL: 7.20e-01
i: 391000, t:  399494.4 s, ωt:  39.95 (6.36 periods), wall: 3.260 hours, Δt:   1.01, CFL: 7.20e-01
i: 391100, t:  399593.0 s, ωt:  39.96 (6.36 periods), wall: 3.261 hours, Δt:   1.02, CFL: 7.20e-01
i: 391200, t:  399690.0 s, ωt:  39.97 (6.36 periods), wall: 3.262 hours, Δt:   1.00, CFL: 7.20e-01
i: 391300, t:  399792.7 s, ωt:  39.98 (6.36 periods), wall: 3.262 hours, Δt:   0.97, CFL: 7.20e-01
i: 391400, t:  399898.6 s, ωt:  39.99 (6.36 periods), wall: 3.263 hours, Δt:   1.02, CFL: 7.20e-01
i: 391500, t:  399994.5 s, ωt:  40.00 (6.37 periods), wall: 3.264 hours, Δt:   1.09, CFL: 7.20e-01
i: 391600, t:  400098.3 s, ωt:  40.01 (6.37 periods), wall: 3.265 hours, Δt:   1.05, CFL: 7.20e-01
i: 391700, t:  400209.3 s, ωt:  40.02 (6.37 periods), wall: 3.266 hours, Δt:   1.06, CFL: 7.20e-01
i: 391800, t:  400312.4 s, ωt:  40.03 (6.37 periods), wall: 3.267 hours, Δt:   1.11, CFL: 7.20e-01
i: 391900, t:  400408.6 s, ωt:  40.04 (6.37 periods), wall: 3.267 hours, Δt:   0.96, CFL: 7.20e-01
i: 392000, t:  400509.1 s, ωt:  40.05 (6.37 periods), wall: 3.268 hours, Δt:   1.13, CFL: 7.20e-01
i: 392100, t:  400617.1 s, ωt:  40.06 (6.38 periods), wall: 3.269 hours, Δt:   1.07, CFL: 7.20e-01
i: 392200, t:  400727.5 s, ωt:  40.07 (6.38 periods), wall: 3.270 hours, Δt:   1.11, CFL: 7.20e-01
i: 392300, t:  400843.3 s, ωt:  40.08 (6.38 periods), wall: 3.271 hours, Δt:   1.26, CFL: 7.20e-01
i: 392400, t:  400958.6 s, ωt:  40.10 (6.38 periods), wall: 3.272 hours, Δt:   1.18, CFL: 7.20e-01
i: 392500, t:  401057.9 s, ωt:  40.11 (6.38 periods), wall: 3.272 hours, Δt:   0.83, CFL: 7.20e-01
i: 392600, t:  401143.2 s, ωt:  40.11 (6.38 periods), wall: 3.273 hours, Δt:   0.84, CFL: 7.20e-01
i: 392700, t:  401229.6 s, ωt:  40.12 (6.39 periods), wall: 3.274 hours, Δt:   0.99, CFL: 7.20e-01
i: 392800, t:  401339.5 s, ωt:  40.13 (6.39 periods), wall: 3.275 hours, Δt:   1.16, CFL: 7.20e-01
i: 392900, t:  401447.2 s, ωt:  40.14 (6.39 periods), wall: 3.276 hours, Δt:   1.11, CFL: 7.20e-01
i: 393000, t:  401557.7 s, ωt:  40.16 (6.39 periods), wall: 3.277 hours, Δt:   1.18, CFL: 7.20e-01
i: 393100, t:  401672.9 s, ωt:  40.17 (6.39 periods), wall: 3.277 hours, Δt:   0.91, CFL: 7.20e-01
i: 393200, t:  401771.2 s, ωt:  40.18 (6.39 periods), wall: 3.278 hours, Δt:   1.38, CFL: 7.20e-01
i: 393300, t:  401902.5 s, ωt:  40.19 (6.40 periods), wall: 3.279 hours, Δt:   1.24, CFL: 7.20e-01
i: 393400, t:  402024.2 s, ωt:  40.20 (6.40 periods), wall: 3.280 hours, Δt:   1.36, CFL: 7.20e-01
i: 393500, t:  402158.0 s, ωt:  40.22 (6.40 periods), wall: 3.281 hours, Δt:   1.45, CFL: 7.20e-01
i: 393600, t:  402301.5 s, ωt:  40.23 (6.40 periods), wall: 3.282 hours, Δt:   1.36, CFL: 7.20e-01
i: 393700, t:  402447.9 s, ωt:  40.24 (6.41 periods), wall: 3.282 hours, Δt:   1.46, CFL: 7.20e-01
i: 393800, t:  402603.2 s, ωt:  40.26 (6.41 periods), wall: 3.283 hours, Δt:   1.56, CFL: 7.20e-01
i: 393900, t:  402759.8 s, ωt:  40.28 (6.41 periods), wall: 3.284 hours, Δt:   1.49, CFL: 7.20e-01
i: 394000, t:  402923.2 s, ωt:  40.29 (6.41 periods), wall: 3.285 hours, Δt:   1.58, CFL: 7.20e-01
i: 394100, t:  403088.7 s, ωt:  40.31 (6.42 periods), wall: 3.286 hours, Δt:   1.76, CFL: 7.20e-01
i: 394200, t:  403260.3 s, ωt:  40.33 (6.42 periods), wall: 3.287 hours, Δt:   1.55, CFL: 7.20e-01
i: 394300, t:  403402.2 s, ωt:  40.34 (6.42 periods), wall: 3.287 hours, Δt:   1.48, CFL: 7.20e-01
i: 394400, t:  403550.8 s, ωt:  40.36 (6.42 periods), wall: 3.288 hours, Δt:   1.55, CFL: 7.20e-01
i: 394500, t:  403704.0 s, ωt:  40.37 (6.43 periods), wall: 3.289 hours, Δt:   1.60, CFL: 7.20e-01
i: 394600, t:  403884.0 s, ωt:  40.39 (6.43 periods), wall: 3.290 hours, Δt:   1.91, CFL: 7.20e-01
i: 394700, t:  404065.5 s, ωt:  40.41 (6.43 periods), wall: 3.291 hours, Δt:   1.69, CFL: 7.20e-01
i: 394800, t:  404243.5 s, ωt:  40.42 (6.43 periods), wall: 3.292 hours, Δt:   2.08, CFL: 7.20e-01
i: 394900, t:  404434.7 s, ωt:  40.44 (6.44 periods), wall: 3.292 hours, Δt:   2.04, CFL: 7.20e-01
i: 395000, t:  404619.0 s, ωt:  40.46 (6.44 periods), wall: 3.293 hours, Δt:   1.71, CFL: 7.20e-01
i: 395100, t:  404836.0 s, ωt:  40.48 (6.44 periods), wall: 3.294 hours, Δt:   2.21, CFL: 7.20e-01
i: 395200, t:  405037.5 s, ωt:  40.50 (6.45 periods), wall: 3.295 hours, Δt:   2.50, CFL: 7.20e-01
i: 395300, t:  405267.6 s, ωt:  40.53 (6.45 periods), wall: 3.296 hours, Δt:   2.21, CFL: 7.20e-01
i: 395400, t:  405510.0 s, ωt:  40.55 (6.45 periods), wall: 3.297 hours, Δt:   2.66, CFL: 7.20e-01
i: 395500, t:  405784.9 s, ωt:  40.58 (6.46 periods), wall: 3.297 hours, Δt:   3.02, CFL: 7.20e-01
i: 395600, t:  406053.4 s, ωt:  40.61 (6.46 periods), wall: 3.298 hours, Δt:   2.80, CFL: 7.20e-01
i: 395700, t:  406283.9 s, ωt:  40.63 (6.47 periods), wall: 3.299 hours, Δt:   2.24, CFL: 7.20e-01
i: 395800, t:  406550.1 s, ωt:  40.66 (6.47 periods), wall: 3.300 hours, Δt:   2.59, CFL: 7.20e-01
i: 395900, t:  406816.7 s, ωt:  40.68 (6.47 periods), wall: 3.301 hours, Δt:   2.87, CFL: 7.20e-01
i: 396000, t:  407081.6 s, ωt:  40.71 (6.48 periods), wall: 3.302 hours, Δt:   2.64, CFL: 7.20e-01
i: 396100, t:  407362.5 s, ωt:  40.74 (6.48 periods), wall: 3.302 hours, Δt:   2.69, CFL: 7.20e-01
i: 396200, t:  407642.9 s, ωt:  40.76 (6.49 periods), wall: 3.303 hours, Δt:   2.66, CFL: 7.20e-01
i: 396300, t:  407903.0 s, ωt:  40.79 (6.49 periods), wall: 3.304 hours, Δt:   2.27, CFL: 7.20e-01
i: 396400, t:  408128.7 s, ωt:  40.81 (6.50 periods), wall: 3.305 hours, Δt:   2.54, CFL: 7.20e-01
i: 396500, t:  408419.4 s, ωt:  40.84 (6.50 periods), wall: 3.306 hours, Δt:   2.79, CFL: 7.20e-01
i: 396600, t:  408707.9 s, ωt:  40.87 (6.50 periods), wall: 3.307 hours, Δt:   3.08, CFL: 7.20e-01
i: 396700, t:  408975.1 s, ωt:  40.90 (6.51 periods), wall: 3.308 hours, Δt:   2.64, CFL: 7.20e-01
i: 396800, t:  409233.3 s, ωt:  40.92 (6.51 periods), wall: 3.308 hours, Δt:   2.31, CFL: 7.20e-01
i: 396900, t:  409495.4 s, ωt:  40.95 (6.52 periods), wall: 3.309 hours, Δt:   2.65, CFL: 7.20e-01
i: 397000, t:  409741.3 s, ωt:  40.97 (6.52 periods), wall: 3.310 hours, Δt:   2.46, CFL: 7.20e-01
i: 397100, t:  409968.3 s, ωt:  41.00 (6.52 periods), wall: 3.311 hours, Δt:   2.29, CFL: 7.20e-01
i: 397200, t:  410182.0 s, ωt:  41.02 (6.53 periods), wall: 3.312 hours, Δt:   1.83, CFL: 7.20e-01
i: 397300, t:  410399.3 s, ωt:  41.04 (6.53 periods), wall: 3.313 hours, Δt:   2.04, CFL: 7.20e-01
i: 397400, t:  410610.1 s, ωt:  41.06 (6.54 periods), wall: 3.313 hours, Δt:   1.88, CFL: 7.20e-01
i: 397500, t:  410808.0 s, ωt:  41.08 (6.54 periods), wall: 3.314 hours, Δt:   1.84, CFL: 7.20e-01
i: 397600, t:  410985.5 s, ωt:  41.10 (6.54 periods), wall: 3.315 hours, Δt:   1.47, CFL: 7.20e-01
i: 397700, t:  411145.1 s, ωt:  41.11 (6.54 periods), wall: 3.316 hours, Δt:   1.85, CFL: 7.20e-01
i: 397800, t:  411317.9 s, ωt:  41.13 (6.55 periods), wall: 3.317 hours, Δt:   1.43, CFL: 7.20e-01
i: 397900, t:  411468.3 s, ωt:  41.15 (6.55 periods), wall: 3.318 hours, Δt:   1.63, CFL: 7.20e-01
i: 398000, t:  411611.5 s, ωt:  41.16 (6.55 periods), wall: 3.318 hours, Δt:   1.56, CFL: 7.20e-01
i: 398100, t:  411755.0 s, ωt:  41.18 (6.55 periods), wall: 3.319 hours, Δt:   1.12, CFL: 7.20e-01
i: 398200, t:  411878.4 s, ωt:  41.19 (6.56 periods), wall: 3.320 hours, Δt:   1.20, CFL: 7.20e-01
i: 398300, t:  412004.9 s, ωt:  41.20 (6.56 periods), wall: 3.321 hours, Δt:   1.18, CFL: 7.20e-01
i: 398400, t:  412138.1 s, ωt:  41.21 (6.56 periods), wall: 3.322 hours, Δt:   1.43, CFL: 7.20e-01
i: 398500, t:  412282.3 s, ωt:  41.23 (6.56 periods), wall: 3.323 hours, Δt:   1.37, CFL: 7.20e-01
i: 398600, t:  412418.0 s, ωt:  41.24 (6.56 periods), wall: 3.323 hours, Δt:   1.37, CFL: 7.20e-01
i: 398700, t:  412537.4 s, ωt:  41.25 (6.57 periods), wall: 3.324 hours, Δt:   1.05, CFL: 7.20e-01
i: 398800, t:  412659.7 s, ωt:  41.27 (6.57 periods), wall: 3.325 hours, Δt:   1.13, CFL: 7.20e-01
i: 398900, t:  412771.3 s, ωt:  41.28 (6.57 periods), wall: 3.326 hours, Δt:   1.30, CFL: 7.20e-01
i: 399000, t:  412894.1 s, ωt:  41.29 (6.57 periods), wall: 3.327 hours, Δt:   1.26, CFL: 7.20e-01
i: 399100, t:  413015.6 s, ωt:  41.30 (6.57 periods), wall: 3.328 hours, Δt:   1.26, CFL: 7.20e-01
i: 399200, t:  413130.0 s, ωt:  41.31 (6.58 periods), wall: 3.328 hours, Δt:   1.08, CFL: 7.20e-01
i: 399300, t:  413250.6 s, ωt:  41.33 (6.58 periods), wall: 3.329 hours, Δt:   1.27, CFL: 7.20e-01
i: 399400, t:  413381.2 s, ωt:  41.34 (6.58 periods), wall: 3.330 hours, Δt:   1.15, CFL: 7.20e-01
i: 399500, t:  413496.8 s, ωt:  41.35 (6.58 periods), wall: 3.331 hours, Δt:   1.11, CFL: 7.20e-01
i: 399600, t:  413607.1 s, ωt:  41.36 (6.58 periods), wall: 3.332 hours, Δt:   1.25, CFL: 7.20e-01
i: 399700, t:  413718.5 s, ωt:  41.37 (6.58 periods), wall: 3.333 hours, Δt:   1.06, CFL: 7.20e-01
i: 399800, t:  413826.7 s, ωt:  41.38 (6.59 periods), wall: 3.333 hours, Δt:   1.02, CFL: 7.20e-01
i: 399900, t:  413932.7 s, ωt:  41.39 (6.59 periods), wall: 3.334 hours, Δt:   0.94, CFL: 7.20e-01
i: 400000, t:  414020.3 s, ωt:  41.40 (6.59 periods), wall: 3.335 hours, Δt:   1.07, CFL: 7.20e-01
i: 400100, t:  414132.5 s, ωt:  41.41 (6.59 periods), wall: 3.336 hours, Δt:   1.04, CFL: 7.20e-01
i: 400200, t:  414239.8 s, ωt:  41.42 (6.59 periods), wall: 3.337 hours, Δt:   1.12, CFL: 7.20e-01
i: 400300, t:  414340.4 s, ωt:  41.43 (6.59 periods), wall: 3.338 hours, Δt:   1.02, CFL: 7.20e-01
i: 400400, t:  414425.5 s, ωt:  41.44 (6.60 periods), wall: 3.338 hours, Δt:   0.75, CFL: 7.20e-01
i: 400500, t:  414512.2 s, ωt:  41.45 (6.60 periods), wall: 3.339 hours, Δt:   0.98, CFL: 7.20e-01
i: 400600, t:  414607.3 s, ωt:  41.46 (6.60 periods), wall: 3.340 hours, Δt:   0.99, CFL: 7.20e-01
i: 400700, t:  414708.1 s, ωt:  41.47 (6.60 periods), wall: 3.341 hours, Δt:   1.05, CFL: 7.20e-01
i: 400800, t:  414799.2 s, ωt:  41.48 (6.60 periods), wall: 3.342 hours, Δt:   1.01, CFL: 7.20e-01
i: 400900, t:  414883.5 s, ωt:  41.49 (6.60 periods), wall: 3.343 hours, Δt:   0.88, CFL: 7.20e-01
i: 401000, t:  414977.7 s, ωt:  41.50 (6.60 periods), wall: 3.343 hours, Δt:   0.98, CFL: 7.20e-01
i: 401100, t:  415068.1 s, ωt:  41.51 (6.61 periods), wall: 3.344 hours, Δt:   0.86, CFL: 7.20e-01
i: 401200, t:  415158.7 s, ωt:  41.52 (6.61 periods), wall: 3.345 hours, Δt:   0.94, CFL: 7.20e-01
i: 401300, t:  415253.1 s, ωt:  41.53 (6.61 periods), wall: 3.346 hours, Δt:   1.08, CFL: 7.20e-01
i: 401400, t:  415353.5 s, ωt:  41.54 (6.61 periods), wall: 3.347 hours, Δt:   1.00, CFL: 7.20e-01
i: 401500, t:  415445.7 s, ωt:  41.54 (6.61 periods), wall: 3.348 hours, Δt:   0.82, CFL: 7.20e-01
i: 401600, t:  415537.6 s, ωt:  41.55 (6.61 periods), wall: 3.348 hours, Δt:   0.90, CFL: 7.20e-01
i: 401700, t:  415626.4 s, ωt:  41.56 (6.61 periods), wall: 3.349 hours, Δt:   0.84, CFL: 7.20e-01
i: 401800, t:  415716.7 s, ωt:  41.57 (6.62 periods), wall: 3.350 hours, Δt:   0.88, CFL: 7.20e-01
i: 401900, t:  415802.2 s, ωt:  41.58 (6.62 periods), wall: 3.351 hours, Δt:   0.89, CFL: 7.20e-01
i: 402000, t:  415890.9 s, ωt:  41.59 (6.62 periods), wall: 3.352 hours, Δt:   0.94, CFL: 7.20e-01
i: 402100, t:  415979.4 s, ωt:  41.60 (6.62 periods), wall: 3.353 hours, Δt:   0.92, CFL: 7.20e-01
i: 402200, t:  416068.5 s, ωt:  41.61 (6.62 periods), wall: 3.353 hours, Δt:   0.81, CFL: 7.20e-01
i: 402300, t:  416147.2 s, ωt:  41.61 (6.62 periods), wall: 3.354 hours, Δt:   0.83, CFL: 7.20e-01
i: 402400, t:  416218.9 s, ωt:  41.62 (6.62 periods), wall: 3.355 hours, Δt:   0.71, CFL: 7.20e-01
i: 402500, t:  416298.2 s, ωt:  41.63 (6.63 periods), wall: 3.356 hours, Δt:   0.89, CFL: 7.20e-01
i: 402600, t:  416380.8 s, ωt:  41.64 (6.63 periods), wall: 3.357 hours, Δt:   0.78, CFL: 7.20e-01
i: 402700, t:  416463.7 s, ωt:  41.65 (6.63 periods), wall: 3.358 hours, Δt:   0.76, CFL: 7.20e-01
i: 402800, t:  416547.8 s, ωt:  41.65 (6.63 periods), wall: 3.358 hours, Δt:   0.90, CFL: 7.20e-01
i: 402900, t:  416628.4 s, ωt:  41.66 (6.63 periods), wall: 3.359 hours, Δt:   0.83, CFL: 7.20e-01
i: 403000, t:  416708.9 s, ωt:  41.67 (6.63 periods), wall: 3.360 hours, Δt:   0.86, CFL: 7.20e-01
i: 403100, t:  416792.3 s, ωt:  41.68 (6.63 periods), wall: 3.361 hours, Δt:   0.82, CFL: 7.20e-01
i: 403200, t:  416869.7 s, ωt:  41.69 (6.63 periods), wall: 3.362 hours, Δt:   0.78, CFL: 7.20e-01
i: 403300, t:  416950.8 s, ωt:  41.70 (6.64 periods), wall: 3.363 hours, Δt:   0.74, CFL: 7.20e-01
i: 403400, t:  417033.3 s, ωt:  41.70 (6.64 periods), wall: 3.363 hours, Δt:   0.80, CFL: 7.20e-01
i: 403500, t:  417113.5 s, ωt:  41.71 (6.64 periods), wall: 3.364 hours, Δt:   0.92, CFL: 7.20e-01
i: 403600, t:  417195.1 s, ωt:  41.72 (6.64 periods), wall: 3.365 hours, Δt:   0.83, CFL: 7.20e-01
i: 403700, t:  417273.0 s, ωt:  41.73 (6.64 periods), wall: 3.366 hours, Δt:   0.76, CFL: 7.20e-01
i: 403800, t:  417351.4 s, ωt:  41.74 (6.64 periods), wall: 3.367 hours, Δt:   0.72, CFL: 7.20e-01
i: 403900, t:  417425.9 s, ωt:  41.74 (6.64 periods), wall: 3.368 hours, Δt:   0.76, CFL: 7.20e-01
i: 404000, t:  417502.4 s, ωt:  41.75 (6.64 periods), wall: 3.368 hours, Δt:   0.68, CFL: 7.20e-01
i: 404100, t:  417570.8 s, ωt:  41.76 (6.65 periods), wall: 3.369 hours, Δt:   0.73, CFL: 7.20e-01
i: 404200, t:  417645.3 s, ωt:  41.76 (6.65 periods), wall: 3.370 hours, Δt:   0.74, CFL: 7.20e-01
i: 404300, t:  417723.3 s, ωt:  41.77 (6.65 periods), wall: 3.371 hours, Δt:   0.75, CFL: 7.20e-01
i: 404400, t:  417805.5 s, ωt:  41.78 (6.65 periods), wall: 3.372 hours, Δt:   0.75, CFL: 7.20e-01
i: 404500, t:  417881.2 s, ωt:  41.79 (6.65 periods), wall: 3.373 hours, Δt:   0.81, CFL: 7.20e-01
i: 404600, t:  417959.8 s, ωt:  41.80 (6.65 periods), wall: 3.373 hours, Δt:   0.85, CFL: 7.20e-01
i: 404700, t:  418039.3 s, ωt:  41.80 (6.65 periods), wall: 3.374 hours, Δt:   0.76, CFL: 7.20e-01
i: 404800, t:  418115.1 s, ωt:  41.81 (6.65 periods), wall: 3.375 hours, Δt:   0.77, CFL: 7.20e-01
i: 404900, t:  418185.6 s, ωt:  41.82 (6.66 periods), wall: 3.376 hours, Δt:   0.66, CFL: 7.20e-01
i: 405000, t:  418262.3 s, ωt:  41.83 (6.66 periods), wall: 3.377 hours, Δt:   0.84, CFL: 7.20e-01
i: 405100, t:  418340.3 s, ωt:  41.83 (6.66 periods), wall: 3.378 hours, Δt:   0.75, CFL: 7.20e-01
i: 405200, t:  418421.4 s, ωt:  41.84 (6.66 periods), wall: 3.378 hours, Δt:   0.90, CFL: 7.20e-01
i: 405300, t:  418504.9 s, ωt:  41.85 (6.66 periods), wall: 3.379 hours, Δt:   0.91, CFL: 7.20e-01
i: 405400, t:  418592.8 s, ωt:  41.86 (6.66 periods), wall: 3.380 hours, Δt:   0.88, CFL: 7.20e-01
i: 405500, t:  418678.6 s, ωt:  41.87 (6.66 periods), wall: 3.381 hours, Δt:   0.82, CFL: 7.20e-01
i: 405600, t:  418754.9 s, ωt:  41.88 (6.66 periods), wall: 3.382 hours, Δt:   0.76, CFL: 7.20e-01
i: 405700, t:  418827.6 s, ωt:  41.88 (6.67 periods), wall: 3.383 hours, Δt:   0.86, CFL: 7.20e-01
i: 405800, t:  418900.8 s, ωt:  41.89 (6.67 periods), wall: 3.383 hours, Δt:   0.69, CFL: 7.20e-01
i: 405900, t:  418974.9 s, ωt:  41.90 (6.67 periods), wall: 3.384 hours, Δt:   0.73, CFL: 7.20e-01
i: 406000, t:  419050.8 s, ωt:  41.91 (6.67 periods), wall: 3.385 hours, Δt:   0.78, CFL: 7.20e-01
i: 406100, t:  419127.3 s, ωt:  41.91 (6.67 periods), wall: 3.386 hours, Δt:   0.68, CFL: 7.20e-01
i: 406200, t:  419199.5 s, ωt:  41.92 (6.67 periods), wall: 3.387 hours, Δt:   0.74, CFL: 7.20e-01
i: 406300, t:  419274.7 s, ωt:  41.93 (6.67 periods), wall: 3.388 hours, Δt:   0.82, CFL: 7.20e-01
i: 406400, t:  419356.1 s, ωt:  41.94 (6.67 periods), wall: 3.388 hours, Δt:   0.78, CFL: 7.20e-01
i: 406500, t:  419429.5 s, ωt:  41.94 (6.68 periods), wall: 3.389 hours, Δt:   0.70, CFL: 7.20e-01
i: 406600, t:  419500.0 s, ωt:  41.95 (6.68 periods), wall: 3.390 hours, Δt:   0.63, CFL: 7.20e-01
i: 406700, t:  419565.4 s, ωt:  41.96 (6.68 periods), wall: 3.391 hours, Δt:   0.77, CFL: 7.20e-01
i: 406800, t:  419634.1 s, ωt:  41.96 (6.68 periods), wall: 3.392 hours, Δt:   0.68, CFL: 7.20e-01
i: 406900, t:  419702.7 s, ωt:  41.97 (6.68 periods), wall: 3.392 hours, Δt:   0.67, CFL: 7.20e-01
i: 407000, t:  419768.3 s, ωt:  41.98 (6.68 periods), wall: 3.393 hours, Δt:   0.71, CFL: 7.20e-01
i: 407100, t:  419840.4 s, ωt:  41.98 (6.68 periods), wall: 3.394 hours, Δt:   0.72, CFL: 7.20e-01
i: 407200, t:  419910.3 s, ωt:  41.99 (6.68 periods), wall: 3.395 hours, Δt:   0.68, CFL: 7.20e-01
i: 407300, t:  419981.0 s, ωt:  42.00 (6.68 periods), wall: 3.396 hours, Δt:   0.62, CFL: 7.20e-01
i: 407400, t:  420045.4 s, ωt:  42.00 (6.69 periods), wall: 3.397 hours, Δt:   0.71, CFL: 7.20e-01
i: 407500, t:  420116.7 s, ωt:  42.01 (6.69 periods), wall: 3.397 hours, Δt:   0.68, CFL: 7.20e-01
i: 407600, t:  420185.7 s, ωt:  42.02 (6.69 periods), wall: 3.398 hours, Δt:   0.65, CFL: 7.20e-01
i: 407700, t:  420249.5 s, ωt:  42.02 (6.69 periods), wall: 3.399 hours, Δt:   0.73, CFL: 7.20e-01
i: 407800, t:  420326.8 s, ωt:  42.03 (6.69 periods), wall: 3.400 hours, Δt:   0.71, CFL: 7.20e-01
i: 407900, t:  420395.2 s, ωt:  42.04 (6.69 periods), wall: 3.401 hours, Δt:   0.74, CFL: 7.20e-01
i: 408000, t:  420471.0 s, ωt:  42.05 (6.69 periods), wall: 3.402 hours, Δt:   0.90, CFL: 7.20e-01
i: 408100, t:  420545.2 s, ωt:  42.05 (6.69 periods), wall: 3.402 hours, Δt:   0.76, CFL: 7.20e-01
i: 408200, t:  420621.9 s, ωt:  42.06 (6.69 periods), wall: 3.403 hours, Δt:   0.82, CFL: 7.20e-01
i: 408300, t:  420698.4 s, ωt:  42.07 (6.70 periods), wall: 3.404 hours, Δt:   0.72, CFL: 7.20e-01
i: 408400, t:  420770.9 s, ωt:  42.08 (6.70 periods), wall: 3.405 hours, Δt:   0.76, CFL: 7.20e-01
i: 408500, t:  420838.7 s, ωt:  42.08 (6.70 periods), wall: 3.406 hours, Δt:   0.69, CFL: 7.20e-01
i: 408600, t:  420907.4 s, ωt:  42.09 (6.70 periods), wall: 3.407 hours, Δt:   0.69, CFL: 7.20e-01
i: 408700, t:  420968.2 s, ωt:  42.10 (6.70 periods), wall: 3.407 hours, Δt:   0.65, CFL: 7.20e-01
i: 408800, t:  421035.8 s, ωt:  42.10 (6.70 periods), wall: 3.408 hours, Δt:   0.67, CFL: 7.20e-01
i: 408900, t:  421104.3 s, ωt:  42.11 (6.70 periods), wall: 3.409 hours, Δt:   0.67, CFL: 7.20e-01
i: 409000, t:  421172.5 s, ωt:  42.12 (6.70 periods), wall: 3.410 hours, Δt:   0.72, CFL: 7.20e-01
i: 409100, t:  421246.4 s, ωt:  42.12 (6.70 periods), wall: 3.411 hours, Δt:   0.62, CFL: 7.20e-01
i: 409200, t:  421314.8 s, ωt:  42.13 (6.71 periods), wall: 3.412 hours, Δt:   0.68, CFL: 7.20e-01
i: 409300, t:  421384.0 s, ωt:  42.14 (6.71 periods), wall: 3.412 hours, Δt:   0.74, CFL: 7.20e-01
i: 409400, t:  421456.3 s, ωt:  42.15 (6.71 periods), wall: 3.413 hours, Δt:   0.75, CFL: 7.20e-01
i: 409500, t:  421528.7 s, ωt:  42.15 (6.71 periods), wall: 3.414 hours, Δt:   0.68, CFL: 7.20e-01
i: 409600, t:  421601.4 s, ωt:  42.16 (6.71 periods), wall: 3.415 hours, Δt:   0.76, CFL: 7.20e-01
i: 409700, t:  421669.7 s, ωt:  42.17 (6.71 periods), wall: 3.416 hours, Δt:   0.64, CFL: 7.20e-01
i: 409800, t:  421733.7 s, ωt:  42.17 (6.71 periods), wall: 3.417 hours, Δt:   0.67, CFL: 7.20e-01
i: 409900, t:  421797.3 s, ωt:  42.18 (6.71 periods), wall: 3.417 hours, Δt:   0.68, CFL: 7.20e-01
i: 410000, t:  421864.9 s, ωt:  42.19 (6.71 periods), wall: 3.418 hours, Δt:   0.68, CFL: 7.20e-01
i: 410100, t:  421929.0 s, ωt:  42.19 (6.72 periods), wall: 3.419 hours, Δt:   0.72, CFL: 7.20e-01
i: 410200, t:  421999.5 s, ωt:  42.20 (6.72 periods), wall: 3.420 hours, Δt:   0.67, CFL: 7.20e-01
i: 410300, t:  422064.7 s, ωt:  42.21 (6.72 periods), wall: 3.421 hours, Δt:   0.65, CFL: 7.20e-01
i: 410400, t:  422136.4 s, ωt:  42.21 (6.72 periods), wall: 3.422 hours, Δt:   0.70, CFL: 7.20e-01
i: 410500, t:  422204.0 s, ωt:  42.22 (6.72 periods), wall: 3.422 hours, Δt:   0.73, CFL: 7.20e-01
i: 410600, t:  422277.1 s, ωt:  42.23 (6.72 periods), wall: 3.423 hours, Δt:   0.58, CFL: 7.20e-01
i: 410700, t:  422344.7 s, ωt:  42.23 (6.72 periods), wall: 3.424 hours, Δt:   0.72, CFL: 7.20e-01
i: 410800, t:  422411.8 s, ωt:  42.24 (6.72 periods), wall: 3.425 hours, Δt:   0.70, CFL: 7.20e-01
i: 410900, t:  422476.8 s, ωt:  42.25 (6.72 periods), wall: 3.426 hours, Δt:   0.73, CFL: 7.20e-01
i: 411000, t:  422541.8 s, ωt:  42.25 (6.72 periods), wall: 3.427 hours, Δt:   0.67, CFL: 7.20e-01
i: 411100, t:  422606.7 s, ωt:  42.26 (6.73 periods), wall: 3.427 hours, Δt:   0.65, CFL: 7.20e-01
i: 411200, t:  422666.6 s, ωt:  42.27 (6.73 periods), wall: 3.428 hours, Δt:   0.57, CFL: 7.20e-01
i: 411300, t:  422731.3 s, ωt:  42.27 (6.73 periods), wall: 3.429 hours, Δt:   0.71, CFL: 7.20e-01
i: 411400, t:  422803.8 s, ωt:  42.28 (6.73 periods), wall: 3.430 hours, Δt:   0.59, CFL: 7.20e-01
i: 411500, t:  422869.1 s, ωt:  42.29 (6.73 periods), wall: 3.431 hours, Δt:   0.67, CFL: 7.20e-01
i: 411600, t:  422940.5 s, ωt:  42.29 (6.73 periods), wall: 3.432 hours, Δt:   0.62, CFL: 7.20e-01
i: 411700, t:  423007.1 s, ωt:  42.30 (6.73 periods), wall: 3.432 hours, Δt:   0.58, CFL: 7.20e-01
i: 411800, t:  423074.0 s, ωt:  42.31 (6.73 periods), wall: 3.433 hours, Δt:   0.71, CFL: 7.20e-01
i: 411900, t:  423147.1 s, ωt:  42.31 (6.73 periods), wall: 3.434 hours, Δt:   0.69, CFL: 7.20e-01
i: 412000, t:  423216.8 s, ωt:  42.32 (6.74 periods), wall: 3.435 hours, Δt:   0.73, CFL: 7.20e-01
i: 412100, t:  423288.7 s, ωt:  42.33 (6.74 periods), wall: 3.436 hours, Δt:   0.73, CFL: 7.20e-01
i: 412200, t:  423361.5 s, ωt:  42.34 (6.74 periods), wall: 3.437 hours, Δt:   0.68, CFL: 7.20e-01
i: 412300, t:  423431.3 s, ωt:  42.34 (6.74 periods), wall: 3.437 hours, Δt:   0.72, CFL: 7.20e-01
i: 412400, t:  423505.3 s, ωt:  42.35 (6.74 periods), wall: 3.438 hours, Δt:   0.80, CFL: 7.20e-01
i: 412500, t:  423575.0 s, ωt:  42.36 (6.74 periods), wall: 3.439 hours, Δt:   0.74, CFL: 7.20e-01
i: 412600, t:  423644.4 s, ωt:  42.36 (6.74 periods), wall: 3.440 hours, Δt:   0.64, CFL: 7.20e-01
i: 412700, t:  423711.9 s, ωt:  42.37 (6.74 periods), wall: 3.441 hours, Δt:   0.66, CFL: 7.20e-01
i: 412800, t:  423772.2 s, ωt:  42.38 (6.74 periods), wall: 3.442 hours, Δt:   0.61, CFL: 7.20e-01
i: 412900, t:  423844.6 s, ωt:  42.38 (6.75 periods), wall: 3.442 hours, Δt:   0.69, CFL: 7.20e-01
i: 413000, t:  423916.6 s, ωt:  42.39 (6.75 periods), wall: 3.443 hours, Δt:   0.60, CFL: 7.20e-01
i: 413100, t:  423981.7 s, ωt:  42.40 (6.75 periods), wall: 3.444 hours, Δt:   0.58, CFL: 7.20e-01
i: 413200, t:  424051.1 s, ωt:  42.41 (6.75 periods), wall: 3.445 hours, Δt:   0.68, CFL: 7.20e-01
i: 413300, t:  424126.3 s, ωt:  42.41 (6.75 periods), wall: 3.446 hours, Δt:   0.75, CFL: 7.20e-01
i: 413400, t:  424200.6 s, ωt:  42.42 (6.75 periods), wall: 3.447 hours, Δt:   0.63, CFL: 7.20e-01
i: 413500, t:  424271.2 s, ωt:  42.43 (6.75 periods), wall: 3.447 hours, Δt:   0.80, CFL: 7.20e-01
i: 413600, t:  424339.7 s, ωt:  42.43 (6.75 periods), wall: 3.448 hours, Δt:   0.60, CFL: 7.20e-01
i: 413700, t:  424405.7 s, ωt:  42.44 (6.75 periods), wall: 3.449 hours, Δt:   0.69, CFL: 7.20e-01
i: 413800, t:  424479.1 s, ωt:  42.45 (6.76 periods), wall: 3.450 hours, Δt:   0.73, CFL: 7.20e-01
i: 413900, t:  424552.5 s, ωt:  42.46 (6.76 periods), wall: 3.451 hours, Δt:   0.69, CFL: 7.20e-01
i: 414000, t:  424619.4 s, ωt:  42.46 (6.76 periods), wall: 3.452 hours, Δt:   0.61, CFL: 7.20e-01
i: 414100, t:  424687.8 s, ωt:  42.47 (6.76 periods), wall: 3.452 hours, Δt:   0.80, CFL: 7.20e-01
i: 414200, t:  424760.4 s, ωt:  42.48 (6.76 periods), wall: 3.453 hours, Δt:   0.68, CFL: 7.20e-01
i: 414300, t:  424832.1 s, ωt:  42.48 (6.76 periods), wall: 3.454 hours, Δt:   0.70, CFL: 7.20e-01
i: 414400, t:  424908.0 s, ωt:  42.49 (6.76 periods), wall: 3.455 hours, Δt:   0.79, CFL: 7.20e-01
i: 414500, t:  424982.3 s, ωt:  42.50 (6.76 periods), wall: 3.456 hours, Δt:   0.70, CFL: 7.20e-01
i: 414600, t:  425052.8 s, ωt:  42.51 (6.76 periods), wall: 3.456 hours, Δt:   0.65, CFL: 7.20e-01
i: 414700, t:  425120.0 s, ωt:  42.51 (6.77 periods), wall: 3.457 hours, Δt:   0.71, CFL: 7.20e-01
i: 414800, t:  425179.9 s, ωt:  42.52 (6.77 periods), wall: 3.458 hours, Δt:   0.62, CFL: 7.20e-01
i: 414900, t:  425245.6 s, ωt:  42.52 (6.77 periods), wall: 3.459 hours, Δt:   0.70, CFL: 7.20e-01
i: 415000, t:  425321.9 s, ωt:  42.53 (6.77 periods), wall: 3.460 hours, Δt:   0.81, CFL: 7.20e-01
i: 415100, t:  425394.3 s, ωt:  42.54 (6.77 periods), wall: 3.461 hours, Δt:   0.71, CFL: 7.20e-01
i: 415200, t:  425473.5 s, ωt:  42.55 (6.77 periods), wall: 3.461 hours, Δt:   0.85, CFL: 7.20e-01
i: 415300, t:  425551.0 s, ωt:  42.56 (6.77 periods), wall: 3.462 hours, Δt:   0.83, CFL: 7.20e-01
i: 415400, t:  425618.0 s, ωt:  42.56 (6.77 periods), wall: 3.463 hours, Δt:   0.63, CFL: 7.20e-01
i: 415500, t:  425683.2 s, ωt:  42.57 (6.77 periods), wall: 3.464 hours, Δt:   0.72, CFL: 7.20e-01
i: 415600, t:  425755.1 s, ωt:  42.58 (6.78 periods), wall: 3.465 hours, Δt:   0.67, CFL: 7.20e-01
i: 415700, t:  425823.2 s, ωt:  42.58 (6.78 periods), wall: 3.466 hours, Δt:   0.63, CFL: 7.20e-01
i: 415800, t:  425888.2 s, ωt:  42.59 (6.78 periods), wall: 3.466 hours, Δt:   0.64, CFL: 7.20e-01
i: 415900, t:  425964.0 s, ωt:  42.60 (6.78 periods), wall: 3.467 hours, Δt:   0.77, CFL: 7.20e-01
i: 416000, t:  426034.2 s, ωt:  42.60 (6.78 periods), wall: 3.468 hours, Δt:   0.61, CFL: 7.20e-01
i: 416100, t:  426099.9 s, ωt:  42.61 (6.78 periods), wall: 3.469 hours, Δt:   0.80, CFL: 7.20e-01
i: 416200, t:  426177.3 s, ωt:  42.62 (6.78 periods), wall: 3.470 hours, Δt:   0.86, CFL: 7.20e-01
i: 416300, t:  426249.0 s, ωt:  42.62 (6.78 periods), wall: 3.471 hours, Δt:   0.69, CFL: 7.20e-01
i: 416400, t:  426323.7 s, ωt:  42.63 (6.79 periods), wall: 3.471 hours, Δt:   0.87, CFL: 7.20e-01
i: 416500, t:  426395.0 s, ωt:  42.64 (6.79 periods), wall: 3.472 hours, Δt:   0.61, CFL: 7.20e-01
i: 416600, t:  426457.6 s, ωt:  42.65 (6.79 periods), wall: 3.473 hours, Δt:   0.81, CFL: 7.20e-01
i: 416700, t:  426534.8 s, ωt:  42.65 (6.79 periods), wall: 3.474 hours, Δt:   0.69, CFL: 7.20e-01
i: 416800, t:  426603.1 s, ωt:  42.66 (6.79 periods), wall: 3.475 hours, Δt:   0.68, CFL: 7.20e-01
i: 416900, t:  426676.0 s, ωt:  42.67 (6.79 periods), wall: 3.476 hours, Δt:   0.74, CFL: 7.20e-01
i: 417000, t:  426749.1 s, ωt:  42.67 (6.79 periods), wall: 3.476 hours, Δt:   0.74, CFL: 7.20e-01
i: 417100, t:  426823.6 s, ωt:  42.68 (6.79 periods), wall: 3.477 hours, Δt:   0.75, CFL: 7.20e-01
i: 417200, t:  426904.6 s, ωt:  42.69 (6.79 periods), wall: 3.478 hours, Δt:   0.86, CFL: 7.20e-01
i: 417300, t:  426980.1 s, ωt:  42.70 (6.80 periods), wall: 3.479 hours, Δt:   0.77, CFL: 7.20e-01
i: 417400, t:  427049.9 s, ωt:  42.70 (6.80 periods), wall: 3.480 hours, Δt:   0.78, CFL: 7.20e-01
i: 417500, t:  427129.6 s, ωt:  42.71 (6.80 periods), wall: 3.481 hours, Δt:   0.70, CFL: 7.20e-01
i: 417600, t:  427203.2 s, ωt:  42.72 (6.80 periods), wall: 3.481 hours, Δt:   0.73, CFL: 7.20e-01
i: 417700, t:  427280.9 s, ωt:  42.73 (6.80 periods), wall: 3.482 hours, Δt:   0.79, CFL: 7.20e-01
i: 417800, t:  427357.3 s, ωt:  42.74 (6.80 periods), wall: 3.483 hours, Δt:   0.76, CFL: 7.20e-01
i: 417900, t:  427438.8 s, ωt:  42.74 (6.80 periods), wall: 3.484 hours, Δt:   0.76, CFL: 7.20e-01
i: 418000, t:  427516.8 s, ωt:  42.75 (6.80 periods), wall: 3.485 hours, Δt:   0.88, CFL: 7.20e-01
i: 418100, t:  427592.2 s, ωt:  42.76 (6.81 periods), wall: 3.486 hours, Δt:   0.65, CFL: 7.20e-01
i: 418200, t:  427665.8 s, ωt:  42.77 (6.81 periods), wall: 3.486 hours, Δt:   0.78, CFL: 7.20e-01
i: 418300, t:  427740.1 s, ωt:  42.77 (6.81 periods), wall: 3.487 hours, Δt:   0.72, CFL: 7.20e-01
i: 418400, t:  427815.2 s, ωt:  42.78 (6.81 periods), wall: 3.488 hours, Δt:   0.79, CFL: 7.20e-01
i: 418500, t:  427897.0 s, ωt:  42.79 (6.81 periods), wall: 3.489 hours, Δt:   0.78, CFL: 7.20e-01
i: 418600, t:  427982.4 s, ωt:  42.80 (6.81 periods), wall: 3.490 hours, Δt:   0.79, CFL: 7.20e-01
i: 418700, t:  428059.6 s, ωt:  42.81 (6.81 periods), wall: 3.491 hours, Δt:   0.80, CFL: 7.20e-01
i: 418800, t:  428148.4 s, ωt:  42.81 (6.81 periods), wall: 3.491 hours, Δt:   0.88, CFL: 7.20e-01
i: 418900, t:  428239.5 s, ωt:  42.82 (6.82 periods), wall: 3.492 hours, Δt:   0.79, CFL: 7.20e-01
i: 419000, t:  428323.9 s, ωt:  42.83 (6.82 periods), wall: 3.493 hours, Δt:   0.91, CFL: 7.20e-01
i: 419100, t:  428413.5 s, ωt:  42.84 (6.82 periods), wall: 3.494 hours, Δt:   0.78, CFL: 7.20e-01
i: 419200, t:  428498.2 s, ωt:  42.85 (6.82 periods), wall: 3.495 hours, Δt:   0.85, CFL: 7.20e-01
i: 419300, t:  428580.7 s, ωt:  42.86 (6.82 periods), wall: 3.496 hours, Δt:   0.73, CFL: 7.20e-01
i: 419400, t:  428659.0 s, ωt:  42.87 (6.82 periods), wall: 3.496 hours, Δt:   0.76, CFL: 7.20e-01
i: 419500, t:  428742.5 s, ωt:  42.87 (6.82 periods), wall: 3.497 hours, Δt:   0.87, CFL: 7.20e-01
i: 419600, t:  428820.7 s, ωt:  42.88 (6.82 periods), wall: 3.498 hours, Δt:   1.01, CFL: 7.20e-01
i: 419700, t:  428909.3 s, ωt:  42.89 (6.83 periods), wall: 3.499 hours, Δt:   0.80, CFL: 7.20e-01
i: 419800, t:  428990.4 s, ωt:  42.90 (6.83 periods), wall: 3.500 hours, Δt:   0.88, CFL: 7.20e-01
i: 419900, t:  429083.6 s, ωt:  42.91 (6.83 periods), wall: 3.501 hours, Δt:   0.93, CFL: 7.20e-01
i: 420000, t:  429171.3 s, ωt:  42.92 (6.83 periods), wall: 3.501 hours, Δt:   0.87, CFL: 7.20e-01
i: 420100, t:  429260.4 s, ωt:  42.93 (6.83 periods), wall: 3.502 hours, Δt:   0.80, CFL: 7.20e-01
i: 420200, t:  429349.4 s, ωt:  42.93 (6.83 periods), wall: 3.503 hours, Δt:   1.03, CFL: 7.20e-01
i: 420300, t:  429438.4 s, ωt:  42.94 (6.83 periods), wall: 3.504 hours, Δt:   0.78, CFL: 7.20e-01
i: 420400, t:  429516.1 s, ωt:  42.95 (6.84 periods), wall: 3.505 hours, Δt:   0.89, CFL: 7.20e-01
i: 420500, t:  429603.0 s, ωt:  42.96 (6.84 periods), wall: 3.506 hours, Δt:   0.85, CFL: 7.20e-01
i: 420600, t:  429694.2 s, ωt:  42.97 (6.84 periods), wall: 3.506 hours, Δt:   0.83, CFL: 7.20e-01
i: 420700, t:  429774.1 s, ωt:  42.98 (6.84 periods), wall: 3.507 hours, Δt:   0.87, CFL: 7.20e-01
i: 420800, t:  429856.8 s, ωt:  42.99 (6.84 periods), wall: 3.508 hours, Δt:   0.84, CFL: 7.20e-01
i: 420900, t:  429940.5 s, ωt:  42.99 (6.84 periods), wall: 3.509 hours, Δt:   0.74, CFL: 7.20e-01
i: 421000, t:  430019.7 s, ωt:  43.00 (6.84 periods), wall: 3.510 hours, Δt:   1.00, CFL: 7.20e-01
i: 421100, t:  430105.0 s, ωt:  43.01 (6.85 periods), wall: 3.511 hours, Δt:   1.07, CFL: 7.20e-01
i: 421200, t:  430198.9 s, ωt:  43.02 (6.85 periods), wall: 3.511 hours, Δt:   0.98, CFL: 7.20e-01
i: 421300, t:  430299.2 s, ωt:  43.03 (6.85 periods), wall: 3.512 hours, Δt:   1.04, CFL: 7.20e-01
i: 421400, t:  430396.6 s, ωt:  43.04 (6.85 periods), wall: 3.513 hours, Δt:   0.94, CFL: 7.20e-01
i: 421500, t:  430477.3 s, ωt:  43.05 (6.85 periods), wall: 3.514 hours, Δt:   0.90, CFL: 7.20e-01
i: 421600, t:  430569.4 s, ωt:  43.06 (6.85 periods), wall: 3.515 hours, Δt:   1.08, CFL: 7.20e-01
i: 421700, t:  430664.9 s, ωt:  43.07 (6.85 periods), wall: 3.516 hours, Δt:   0.98, CFL: 7.20e-01
i: 421800, t:  430755.7 s, ωt:  43.08 (6.86 periods), wall: 3.516 hours, Δt:   0.90, CFL: 7.20e-01
i: 421900, t:  430852.7 s, ωt:  43.09 (6.86 periods), wall: 3.517 hours, Δt:   0.89, CFL: 7.20e-01
i: 422000, t:  430941.8 s, ωt:  43.09 (6.86 periods), wall: 3.518 hours, Δt:   1.03, CFL: 7.20e-01
i: 422100, t:  431054.6 s, ωt:  43.11 (6.86 periods), wall: 3.519 hours, Δt:   0.99, CFL: 7.20e-01
i: 422200, t:  431157.9 s, ωt:  43.12 (6.86 periods), wall: 3.520 hours, Δt:   1.07, CFL: 7.20e-01
i: 422300, t:  431257.4 s, ωt:  43.13 (6.86 periods), wall: 3.521 hours, Δt:   0.84, CFL: 7.20e-01
i: 422400, t:  431351.9 s, ωt:  43.14 (6.87 periods), wall: 3.521 hours, Δt:   1.09, CFL: 7.20e-01
i: 422500, t:  431459.3 s, ωt:  43.15 (6.87 periods), wall: 3.522 hours, Δt:   1.02, CFL: 7.20e-01
i: 422600, t:  431566.8 s, ωt:  43.16 (6.87 periods), wall: 3.523 hours, Δt:   0.84, CFL: 7.20e-01
i: 422700, t:  431654.8 s, ωt:  43.17 (6.87 periods), wall: 3.524 hours, Δt:   0.92, CFL: 7.20e-01
i: 422800, t:  431753.1 s, ωt:  43.18 (6.87 periods), wall: 3.525 hours, Δt:   0.99, CFL: 7.20e-01
i: 422900, t:  431849.8 s, ωt:  43.18 (6.87 periods), wall: 3.526 hours, Δt:   0.93, CFL: 7.20e-01
i: 423000, t:  431960.3 s, ωt:  43.20 (6.87 periods), wall: 3.526 hours, Δt:   1.06, CFL: 7.20e-01
i: 423100, t:  432078.6 s, ωt:  43.21 (6.88 periods), wall: 3.527 hours, Δt:   1.15, CFL: 7.20e-01
i: 423200, t:  432186.3 s, ωt:  43.22 (6.88 periods), wall: 3.528 hours, Δt:   1.06, CFL: 7.20e-01
i: 423300, t:  432287.5 s, ωt:  43.23 (6.88 periods), wall: 3.529 hours, Δt:   0.76, CFL: 7.20e-01
i: 423400, t:  432386.9 s, ωt:  43.24 (6.88 periods), wall: 3.530 hours, Δt:   1.16, CFL: 7.20e-01
i: 423500, t:  432493.3 s, ωt:  43.25 (6.88 periods), wall: 3.531 hours, Δt:   1.09, CFL: 7.20e-01
i: 423600, t:  432600.4 s, ωt:  43.26 (6.89 periods), wall: 3.531 hours, Δt:   1.02, CFL: 7.20e-01
i: 423700, t:  432704.8 s, ωt:  43.27 (6.89 periods), wall: 3.532 hours, Δt:   0.98, CFL: 7.20e-01
i: 423800, t:  432801.5 s, ωt:  43.28 (6.89 periods), wall: 3.533 hours, Δt:   1.13, CFL: 7.20e-01
i: 423900, t:  432908.8 s, ωt:  43.29 (6.89 periods), wall: 3.534 hours, Δt:   0.94, CFL: 7.20e-01
i: 424000, t:  433007.1 s, ωt:  43.30 (6.89 periods), wall: 3.535 hours, Δt:   1.04, CFL: 7.20e-01
i: 424100, t:  433116.1 s, ωt:  43.31 (6.89 periods), wall: 3.536 hours, Δt:   1.09, CFL: 7.20e-01
i: 424200, t:  433232.3 s, ωt:  43.32 (6.90 periods), wall: 3.536 hours, Δt:   1.00, CFL: 7.20e-01
i: 424300, t:  433349.4 s, ωt:  43.33 (6.90 periods), wall: 3.537 hours, Δt:   1.22, CFL: 7.20e-01
i: 424400, t:  433466.1 s, ωt:  43.35 (6.90 periods), wall: 3.538 hours, Δt:   1.31, CFL: 7.20e-01
i: 424500, t:  433579.4 s, ωt:  43.36 (6.90 periods), wall: 3.539 hours, Δt:   1.24, CFL: 7.20e-01
i: 424600, t:  433708.8 s, ωt:  43.37 (6.90 periods), wall: 3.540 hours, Δt:   1.42, CFL: 7.20e-01
i: 424700, t:  433830.4 s, ωt:  43.38 (6.90 periods), wall: 3.541 hours, Δt:   1.39, CFL: 7.20e-01
i: 424800, t:  433967.7 s, ωt:  43.40 (6.91 periods), wall: 3.541 hours, Δt:   1.27, CFL: 7.20e-01
i: 424900, t:  434088.8 s, ωt:  43.41 (6.91 periods), wall: 3.542 hours, Δt:   1.09, CFL: 7.20e-01
i: 425000, t:  434216.6 s, ωt:  43.42 (6.91 periods), wall: 3.543 hours, Δt:   1.24, CFL: 7.20e-01
i: 425100, t:  434364.1 s, ωt:  43.44 (6.91 periods), wall: 3.544 hours, Δt:   1.58, CFL: 7.20e-01
i: 425200, t:  434500.8 s, ωt:  43.45 (6.92 periods), wall: 3.545 hours, Δt:   1.34, CFL: 7.20e-01
i: 425300, t:  434640.1 s, ωt:  43.46 (6.92 periods), wall: 3.546 hours, Δt:   1.47, CFL: 7.20e-01
i: 425400, t:  434785.3 s, ωt:  43.48 (6.92 periods), wall: 3.546 hours, Δt:   1.24, CFL: 7.20e-01
i: 425500, t:  434916.3 s, ωt:  43.49 (6.92 periods), wall: 3.547 hours, Δt:   1.54, CFL: 7.20e-01
i: 425600, t:  435084.1 s, ωt:  43.51 (6.92 periods), wall: 3.548 hours, Δt:   1.51, CFL: 7.20e-01
i: 425700, t:  435230.2 s, ωt:  43.52 (6.93 periods), wall: 3.549 hours, Δt:   1.34, CFL: 7.20e-01
i: 425800, t:  435373.7 s, ωt:  43.54 (6.93 periods), wall: 3.550 hours, Δt:   1.36, CFL: 7.20e-01
i: 425900, t:  435512.9 s, ωt:  43.55 (6.93 periods), wall: 3.551 hours, Δt:   1.25, CFL: 7.20e-01
i: 426000, t:  435649.8 s, ωt:  43.56 (6.93 periods), wall: 3.551 hours, Δt:   1.34, CFL: 7.20e-01
i: 426100, t:  435791.5 s, ωt:  43.58 (6.94 periods), wall: 3.552 hours, Δt:   1.27, CFL: 7.20e-01
i: 426200, t:  435938.8 s, ωt:  43.59 (6.94 periods), wall: 3.553 hours, Δt:   1.71, CFL: 7.20e-01
i: 426300, t:  436120.4 s, ωt:  43.61 (6.94 periods), wall: 3.554 hours, Δt:   1.87, CFL: 7.20e-01
i: 426400, t:  436293.1 s, ωt:  43.63 (6.94 periods), wall: 3.555 hours, Δt:   1.73, CFL: 7.20e-01
i: 426500, t:  436472.3 s, ωt:  43.65 (6.95 periods), wall: 3.556 hours, Δt:   1.65, CFL: 7.20e-01
i: 426600, t:  436652.1 s, ωt:  43.67 (6.95 periods), wall: 3.556 hours, Δt:   1.80, CFL: 7.20e-01
i: 426700, t:  436833.9 s, ωt:  43.68 (6.95 periods), wall: 3.557 hours, Δt:   1.73, CFL: 7.20e-01
i: 426800, t:  437024.3 s, ωt:  43.70 (6.96 periods), wall: 3.558 hours, Δt:   1.98, CFL: 7.20e-01
i: 426900, t:  437223.7 s, ωt:  43.72 (6.96 periods), wall: 3.559 hours, Δt:   2.02, CFL: 7.20e-01
i: 427000, t:  437430.2 s, ωt:  43.74 (6.96 periods), wall: 3.560 hours, Δt:   2.19, CFL: 7.20e-01
i: 427100, t:  437651.9 s, ωt:  43.77 (6.97 periods), wall: 3.561 hours, Δt:   2.43, CFL: 7.20e-01
i: 427200, t:  437873.3 s, ωt:  43.79 (6.97 periods), wall: 3.561 hours, Δt:   2.29, CFL: 7.20e-01
i: 427300, t:  438111.1 s, ωt:  43.81 (6.97 periods), wall: 3.562 hours, Δt:   2.69, CFL: 7.20e-01
i: 427400, t:  438395.1 s, ωt:  43.84 (6.98 periods), wall: 3.563 hours, Δt:   3.04, CFL: 7.20e-01
i: 427500, t:  438678.4 s, ωt:  43.87 (6.98 periods), wall: 3.564 hours, Δt:   2.69, CFL: 7.20e-01
i: 427600, t:  438946.4 s, ωt:  43.89 (6.99 periods), wall: 3.565 hours, Δt:   2.87, CFL: 7.20e-01
i: 427700, t:  439202.7 s, ωt:  43.92 (6.99 periods), wall: 3.566 hours, Δt:   2.67, CFL: 7.20e-01
i: 427800, t:  439488.3 s, ωt:  43.95 (6.99 periods), wall: 3.566 hours, Δt:   2.77, CFL: 7.20e-01
i: 427900, t:  439780.9 s, ωt:  43.98 (7.00 periods), wall: 3.567 hours, Δt:   2.83, CFL: 7.20e-01
i: 428000, t:  440057.8 s, ωt:  44.01 (7.00 periods), wall: 3.568 hours, Δt:   2.70, CFL: 7.20e-01
i: 428100, t:  440313.0 s, ωt:  44.03 (7.01 periods), wall: 3.569 hours, Δt:   2.92, CFL: 7.20e-01
i: 428200, t:  440599.5 s, ωt:  44.06 (7.01 periods), wall: 3.570 hours, Δt:   2.70, CFL: 7.20e-01
i: 428300, t:  440859.9 s, ωt:  44.09 (7.02 periods), wall: 3.571 hours, Δt:   2.54, CFL: 7.20e-01
i: 428400, t:  441099.1 s, ωt:  44.11 (7.02 periods), wall: 3.572 hours, Δt:   2.52, CFL: 7.20e-01
i: 428500, t:  441336.9 s, ωt:  44.13 (7.02 periods), wall: 3.572 hours, Δt:   2.11, CFL: 7.20e-01
i: 428600, t:  441559.8 s, ωt:  44.16 (7.03 periods), wall: 3.573 hours, Δt:   2.12, CFL: 7.20e-01
i: 428700, t:  441772.2 s, ωt:  44.18 (7.03 periods), wall: 3.574 hours, Δt:   1.97, CFL: 7.20e-01
i: 428800, t:  441974.1 s, ωt:  44.20 (7.03 periods), wall: 3.575 hours, Δt:   2.10, CFL: 7.20e-01
i: 428900, t:  442166.4 s, ωt:  44.22 (7.04 periods), wall: 3.576 hours, Δt:   2.24, CFL: 7.20e-01
i: 429000, t:  442367.9 s, ωt:  44.24 (7.04 periods), wall: 3.577 hours, Δt:   2.06, CFL: 7.20e-01
i: 429100, t:  442557.1 s, ωt:  44.26 (7.04 periods), wall: 3.577 hours, Δt:   1.58, CFL: 7.20e-01
i: 429200, t:  442722.8 s, ωt:  44.27 (7.05 periods), wall: 3.578 hours, Δt:   1.57, CFL: 7.20e-01
i: 429300, t:  442904.4 s, ωt:  44.29 (7.05 periods), wall: 3.579 hours, Δt:   1.92, CFL: 7.20e-01
i: 429400, t:  443084.6 s, ωt:  44.31 (7.05 periods), wall: 3.580 hours, Δt:   1.85, CFL: 7.20e-01
i: 429500, t:  443260.8 s, ωt:  44.33 (7.05 periods), wall: 3.581 hours, Δt:   1.71, CFL: 7.20e-01
i: 429600, t:  443417.4 s, ωt:  44.34 (7.06 periods), wall: 3.582 hours, Δt:   1.55, CFL: 7.20e-01
i: 429700, t:  443576.5 s, ωt:  44.36 (7.06 periods), wall: 3.582 hours, Δt:   1.74, CFL: 7.20e-01
i: 429800, t:  443719.6 s, ωt:  44.37 (7.06 periods), wall: 3.583 hours, Δt:   1.30, CFL: 7.20e-01
i: 429900, t:  443839.1 s, ωt:  44.38 (7.06 periods), wall: 3.584 hours, Δt:   1.16, CFL: 7.20e-01
i: 430000, t:  443972.4 s, ωt:  44.40 (7.07 periods), wall: 3.585 hours, Δt:   1.44, CFL: 7.20e-01
i: 430100, t:  444110.4 s, ωt:  44.41 (7.07 periods), wall: 3.586 hours, Δt:   1.25, CFL: 7.20e-01
i: 430200, t:  444243.7 s, ωt:  44.42 (7.07 periods), wall: 3.587 hours, Δt:   1.49, CFL: 7.20e-01
i: 430300, t:  444382.9 s, ωt:  44.44 (7.07 periods), wall: 3.587 hours, Δt:   1.46, CFL: 7.20e-01
i: 430400, t:  444516.8 s, ωt:  44.45 (7.07 periods), wall: 3.588 hours, Δt:   1.25, CFL: 7.20e-01
i: 430500, t:  444638.7 s, ωt:  44.46 (7.08 periods), wall: 3.589 hours, Δt:   1.19, CFL: 7.20e-01
i: 430600, t:  444750.6 s, ωt:  44.48 (7.08 periods), wall: 3.590 hours, Δt:   1.25, CFL: 7.20e-01
i: 430700, t:  444868.0 s, ωt:  44.49 (7.08 periods), wall: 3.591 hours, Δt:   1.17, CFL: 7.20e-01
i: 430800, t:  444978.4 s, ωt:  44.50 (7.08 periods), wall: 3.592 hours, Δt:   1.19, CFL: 7.20e-01
i: 430900, t:  445090.1 s, ωt:  44.51 (7.08 periods), wall: 3.592 hours, Δt:   1.03, CFL: 7.20e-01
i: 431000, t:  445205.1 s, ωt:  44.52 (7.09 periods), wall: 3.593 hours, Δt:   1.20, CFL: 7.20e-01
i: 431100, t:  445318.2 s, ωt:  44.53 (7.09 periods), wall: 3.594 hours, Δt:   1.27, CFL: 7.20e-01
i: 431200, t:  445427.6 s, ωt:  44.54 (7.09 periods), wall: 3.595 hours, Δt:   0.86, CFL: 7.20e-01
i: 431300, t:  445534.6 s, ωt:  44.55 (7.09 periods), wall: 3.596 hours, Δt:   1.02, CFL: 7.20e-01
i: 431400, t:  445641.7 s, ωt:  44.56 (7.09 periods), wall: 3.597 hours, Δt:   1.11, CFL: 7.20e-01
i: 431500, t:  445747.2 s, ωt:  44.57 (7.09 periods), wall: 3.597 hours, Δt:   0.90, CFL: 7.20e-01
i: 431600, t:  445849.1 s, ωt:  44.58 (7.10 periods), wall: 3.598 hours, Δt:   0.92, CFL: 7.20e-01
i: 431700, t:  445951.8 s, ωt:  44.60 (7.10 periods), wall: 3.599 hours, Δt:   1.01, CFL: 7.20e-01
i: 431800, t:  446058.0 s, ωt:  44.61 (7.10 periods), wall: 3.600 hours, Δt:   1.03, CFL: 7.20e-01
i: 431900, t:  446160.9 s, ωt:  44.62 (7.10 periods), wall: 3.601 hours, Δt:   1.10, CFL: 7.20e-01
i: 432000, t:  446267.4 s, ωt:  44.63 (7.10 periods), wall: 3.602 hours, Δt:   0.95, CFL: 7.20e-01
i: 432100, t:  446371.0 s, ωt:  44.64 (7.10 periods), wall: 3.602 hours, Δt:   1.09, CFL: 7.20e-01
i: 432200, t:  446472.1 s, ωt:  44.65 (7.11 periods), wall: 3.603 hours, Δt:   1.00, CFL: 7.20e-01
i: 432300, t:  446571.1 s, ωt:  44.66 (7.11 periods), wall: 3.604 hours, Δt:   1.03, CFL: 7.20e-01
i: 432400, t:  446677.8 s, ωt:  44.67 (7.11 periods), wall: 3.605 hours, Δt:   1.03, CFL: 7.20e-01
i: 432500, t:  446770.3 s, ωt:  44.68 (7.11 periods), wall: 3.606 hours, Δt:   0.91, CFL: 7.20e-01
i: 432600, t:  446860.6 s, ωt:  44.69 (7.11 periods), wall: 3.607 hours, Δt:   0.88, CFL: 7.20e-01
i: 432700, t:  446951.6 s, ωt:  44.70 (7.11 periods), wall: 3.607 hours, Δt:   0.86, CFL: 7.20e-01
i: 432800, t:  447035.1 s, ωt:  44.70 (7.11 periods), wall: 3.608 hours, Δt:   0.85, CFL: 7.20e-01
i: 432900, t:  447118.9 s, ωt:  44.71 (7.12 periods), wall: 3.609 hours, Δt:   0.86, CFL: 7.20e-01
i: 433000, t:  447210.1 s, ωt:  44.72 (7.12 periods), wall: 3.610 hours, Δt:   1.08, CFL: 7.20e-01
i: 433100, t:  447314.8 s, ωt:  44.73 (7.12 periods), wall: 3.611 hours, Δt:   1.08, CFL: 7.20e-01
i: 433200, t:  447414.1 s, ωt:  44.74 (7.12 periods), wall: 3.612 hours, Δt:   0.84, CFL: 7.20e-01
i: 433300, t:  447513.3 s, ωt:  44.75 (7.12 periods), wall: 3.612 hours, Δt:   1.02, CFL: 7.20e-01
i: 433400, t:  447599.4 s, ωt:  44.76 (7.12 periods), wall: 3.613 hours, Δt:   0.93, CFL: 7.20e-01
i: 433500, t:  447688.2 s, ωt:  44.77 (7.13 periods), wall: 3.614 hours, Δt:   0.93, CFL: 7.20e-01
i: 433600, t:  447782.3 s, ωt:  44.78 (7.13 periods), wall: 3.615 hours, Δt:   0.97, CFL: 7.20e-01
i: 433700, t:  447863.7 s, ωt:  44.79 (7.13 periods), wall: 3.616 hours, Δt:   0.67, CFL: 7.20e-01
i: 433800, t:  447948.2 s, ωt:  44.79 (7.13 periods), wall: 3.617 hours, Δt:   0.88, CFL: 7.20e-01
i: 433900, t:  448033.2 s, ωt:  44.80 (7.13 periods), wall: 3.617 hours, Δt:   0.92, CFL: 7.20e-01
i: 434000, t:  448120.5 s, ωt:  44.81 (7.13 periods), wall: 3.618 hours, Δt:   0.94, CFL: 7.20e-01
i: 434100, t:  448214.3 s, ωt:  44.82 (7.13 periods), wall: 3.619 hours, Δt:   0.96, CFL: 7.20e-01
i: 434200, t:  448304.8 s, ωt:  44.83 (7.13 periods), wall: 3.620 hours, Δt:   0.78, CFL: 7.20e-01
i: 434300, t:  448382.1 s, ωt:  44.84 (7.14 periods), wall: 3.621 hours, Δt:   0.86, CFL: 7.20e-01
i: 434400, t:  448463.6 s, ωt:  44.85 (7.14 periods), wall: 3.622 hours, Δt:   0.97, CFL: 7.20e-01
i: 434500, t:  448547.6 s, ωt:  44.85 (7.14 periods), wall: 3.622 hours, Δt:   0.63, CFL: 7.20e-01
i: 434600, t:  448627.8 s, ωt:  44.86 (7.14 periods), wall: 3.623 hours, Δt:   0.84, CFL: 7.20e-01
i: 434700, t:  448709.2 s, ωt:  44.87 (7.14 periods), wall: 3.624 hours, Δt:   0.63, CFL: 7.20e-01
i: 434800, t:  448780.3 s, ωt:  44.88 (7.14 periods), wall: 3.625 hours, Δt:   0.83, CFL: 7.20e-01
i: 434900, t:  448860.5 s, ωt:  44.89 (7.14 periods), wall: 3.626 hours, Δt:   0.87, CFL: 7.20e-01
i: 435000, t:  448939.6 s, ωt:  44.89 (7.15 periods), wall: 3.627 hours, Δt:   0.74, CFL: 7.20e-01
i: 435100, t:  449020.1 s, ωt:  44.90 (7.15 periods), wall: 3.627 hours, Δt:   0.81, CFL: 7.20e-01
i: 435200, t:  449103.5 s, ωt:  44.91 (7.15 periods), wall: 3.628 hours, Δt:   0.72, CFL: 7.20e-01
i: 435300, t:  449182.0 s, ωt:  44.92 (7.15 periods), wall: 3.629 hours, Δt:   0.89, CFL: 7.20e-01
i: 435400, t:  449259.6 s, ωt:  44.93 (7.15 periods), wall: 3.630 hours, Δt:   0.73, CFL: 7.20e-01
i: 435500, t:  449337.8 s, ωt:  44.93 (7.15 periods), wall: 3.631 hours, Δt:   0.78, CFL: 7.20e-01
i: 435600, t:  449408.9 s, ωt:  44.94 (7.15 periods), wall: 3.632 hours, Δt:   0.73, CFL: 7.20e-01
i: 435700, t:  449484.8 s, ωt:  44.95 (7.15 periods), wall: 3.632 hours, Δt:   0.74, CFL: 7.20e-01
i: 435800, t:  449561.1 s, ωt:  44.96 (7.15 periods), wall: 3.633 hours, Δt:   0.78, CFL: 7.20e-01
i: 435900, t:  449635.7 s, ωt:  44.96 (7.16 periods), wall: 3.634 hours, Δt:   0.73, CFL: 7.20e-01
i: 436000, t:  449710.0 s, ωt:  44.97 (7.16 periods), wall: 3.635 hours, Δt:   0.68, CFL: 7.20e-01
i: 436100, t:  449779.7 s, ωt:  44.98 (7.16 periods), wall: 3.636 hours, Δt:   0.65, CFL: 7.20e-01
i: 436200, t:  449851.0 s, ωt:  44.99 (7.16 periods), wall: 3.637 hours, Δt:   0.77, CFL: 7.20e-01
i: 436300, t:  449929.8 s, ωt:  44.99 (7.16 periods), wall: 3.637 hours, Δt:   0.77, CFL: 7.20e-01
i: 436400, t:  450006.4 s, ωt:  45.00 (7.16 periods), wall: 3.638 hours, Δt:   0.64, CFL: 7.20e-01
i: 436500, t:  450080.2 s, ωt:  45.01 (7.16 periods), wall: 3.639 hours, Δt:   0.82, CFL: 7.20e-01
i: 436600, t:  450163.0 s, ωt:  45.02 (7.16 periods), wall: 3.640 hours, Δt:   0.79, CFL: 7.20e-01
i: 436700, t:  450246.0 s, ωt:  45.02 (7.17 periods), wall: 3.641 hours, Δt:   0.79, CFL: 7.20e-01
i: 436800, t:  450325.3 s, ωt:  45.03 (7.17 periods), wall: 3.642 hours, Δt:   0.89, CFL: 7.20e-01
i: 436900, t:  450412.1 s, ωt:  45.04 (7.17 periods), wall: 3.642 hours, Δt:   0.90, CFL: 7.20e-01
i: 437000, t:  450491.1 s, ωt:  45.05 (7.17 periods), wall: 3.643 hours, Δt:   0.86, CFL: 7.20e-01
i: 437100, t:  450566.4 s, ωt:  45.06 (7.17 periods), wall: 3.644 hours, Δt:   0.71, CFL: 7.20e-01
i: 437200, t:  450641.7 s, ωt:  45.06 (7.17 periods), wall: 3.645 hours, Δt:   0.78, CFL: 7.20e-01
i: 437300, t:  450715.9 s, ωt:  45.07 (7.17 periods), wall: 3.646 hours, Δt:   0.68, CFL: 7.20e-01
i: 437400, t:  450791.2 s, ωt:  45.08 (7.17 periods), wall: 3.646 hours, Δt:   0.76, CFL: 7.20e-01
i: 437500, t:  450871.3 s, ωt:  45.09 (7.18 periods), wall: 3.647 hours, Δt:   0.67, CFL: 7.20e-01
i: 437600, t:  450932.2 s, ωt:  45.09 (7.18 periods), wall: 3.648 hours, Δt:   0.74, CFL: 7.20e-01
i: 437700, t:  451003.1 s, ωt:  45.10 (7.18 periods), wall: 3.649 hours, Δt:   0.64, CFL: 7.20e-01
i: 437800, t:  451074.0 s, ωt:  45.11 (7.18 periods), wall: 3.650 hours, Δt:   0.72, CFL: 7.20e-01
i: 437900, t:  451145.4 s, ωt:  45.11 (7.18 periods), wall: 3.651 hours, Δt:   0.69, CFL: 7.20e-01
i: 438000, t:  451215.6 s, ωt:  45.12 (7.18 periods), wall: 3.651 hours, Δt:   0.69, CFL: 7.20e-01
i: 438100, t:  451289.8 s, ωt:  45.13 (7.18 periods), wall: 3.652 hours, Δt:   0.85, CFL: 7.20e-01
i: 438200, t:  451367.5 s, ωt:  45.14 (7.18 periods), wall: 3.653 hours, Δt:   0.77, CFL: 7.20e-01
i: 438300, t:  451440.5 s, ωt:  45.14 (7.18 periods), wall: 3.654 hours, Δt:   0.72, CFL: 7.20e-01
i: 438400, t:  451513.8 s, ωt:  45.15 (7.19 periods), wall: 3.655 hours, Δt:   0.77, CFL: 7.20e-01
i: 438500, t:  451589.9 s, ωt:  45.16 (7.19 periods), wall: 3.656 hours, Δt:   0.74, CFL: 7.20e-01
i: 438600, t:  451666.8 s, ωt:  45.17 (7.19 periods), wall: 3.656 hours, Δt:   0.72, CFL: 7.20e-01
i: 438700, t:  451740.9 s, ωt:  45.17 (7.19 periods), wall: 3.657 hours, Δt:   0.73, CFL: 7.20e-01
i: 438800, t:  451809.8 s, ωt:  45.18 (7.19 periods), wall: 3.658 hours, Δt:   0.77, CFL: 7.20e-01
i: 438900, t:  451881.4 s, ωt:  45.19 (7.19 periods), wall: 3.659 hours, Δt:   0.78, CFL: 7.20e-01
i: 439000, t:  451952.6 s, ωt:  45.20 (7.19 periods), wall: 3.660 hours, Δt:   0.58, CFL: 7.20e-01
i: 439100, t:  452022.4 s, ωt:  45.20 (7.19 periods), wall: 3.661 hours, Δt:   0.74, CFL: 7.20e-01
i: 439200, t:  452097.4 s, ωt:  45.21 (7.20 periods), wall: 3.661 hours, Δt:   0.77, CFL: 7.20e-01
i: 439300, t:  452175.5 s, ωt:  45.22 (7.20 periods), wall: 3.662 hours, Δt:   0.74, CFL: 7.20e-01
i: 439400, t:  452249.2 s, ωt:  45.22 (7.20 periods), wall: 3.663 hours, Δt:   0.79, CFL: 7.20e-01
i: 439500, t:  452325.5 s, ωt:  45.23 (7.20 periods), wall: 3.664 hours, Δt:   0.67, CFL: 7.20e-01
i: 439600, t:  452400.0 s, ωt:  45.24 (7.20 periods), wall: 3.665 hours, Δt:   0.81, CFL: 7.20e-01
i: 439700, t:  452478.7 s, ωt:  45.25 (7.20 periods), wall: 3.666 hours, Δt:   0.88, CFL: 7.20e-01
i: 439800, t:  452552.7 s, ωt:  45.26 (7.20 periods), wall: 3.666 hours, Δt:   0.71, CFL: 7.20e-01
i: 439900, t:  452623.4 s, ωt:  45.26 (7.20 periods), wall: 3.667 hours, Δt:   0.69, CFL: 7.20e-01
i: 440000, t:  452694.3 s, ωt:  45.27 (7.20 periods), wall: 3.668 hours, Δt:   0.61, CFL: 7.20e-01
i: 440100, t:  452756.8 s, ωt:  45.28 (7.21 periods), wall: 3.669 hours, Δt:   0.73, CFL: 7.20e-01
i: 440200, t:  452826.2 s, ωt:  45.28 (7.21 periods), wall: 3.670 hours, Δt:   0.75, CFL: 7.20e-01
i: 440300, t:  452900.4 s, ωt:  45.29 (7.21 periods), wall: 3.671 hours, Δt:   0.79, CFL: 7.20e-01
i: 440400, t:  452973.3 s, ωt:  45.30 (7.21 periods), wall: 3.671 hours, Δt:   0.71, CFL: 7.20e-01
i: 440500, t:  453036.7 s, ωt:  45.30 (7.21 periods), wall: 3.672 hours, Δt:   0.49, CFL: 7.20e-01
i: 440600, t:  453098.0 s, ωt:  45.31 (7.21 periods), wall: 3.673 hours, Δt:   0.79, CFL: 7.20e-01
i: 440700, t:  453171.3 s, ωt:  45.32 (7.21 periods), wall: 3.674 hours, Δt:   0.70, CFL: 7.20e-01
i: 440800, t:  453249.4 s, ωt:  45.32 (7.21 periods), wall: 3.675 hours, Δt:   0.78, CFL: 7.20e-01
i: 440900, t:  453330.8 s, ωt:  45.33 (7.21 periods), wall: 3.676 hours, Δt:   0.76, CFL: 7.20e-01
i: 441000, t:  453395.7 s, ωt:  45.34 (7.22 periods), wall: 3.676 hours, Δt:   0.68, CFL: 7.20e-01
i: 441100, t:  453470.3 s, ωt:  45.35 (7.22 periods), wall: 3.677 hours, Δt:   0.72, CFL: 7.20e-01
i: 441200, t:  453538.1 s, ωt:  45.35 (7.22 periods), wall: 3.678 hours, Δt:   0.65, CFL: 7.20e-01
i: 441300, t:  453603.7 s, ωt:  45.36 (7.22 periods), wall: 3.679 hours, Δt:   0.59, CFL: 7.20e-01
i: 441400, t:  453665.0 s, ωt:  45.37 (7.22 periods), wall: 3.680 hours, Δt:   0.76, CFL: 7.20e-01
i: 441500, t:  453741.1 s, ωt:  45.37 (7.22 periods), wall: 3.681 hours, Δt:   0.77, CFL: 7.20e-01
i: 441600, t:  453813.4 s, ωt:  45.38 (7.22 periods), wall: 3.681 hours, Δt:   0.69, CFL: 7.20e-01
i: 441700, t:  453883.9 s, ωt:  45.39 (7.22 periods), wall: 3.682 hours, Δt:   0.74, CFL: 7.20e-01
i: 441800, t:  453958.9 s, ωt:  45.40 (7.22 periods), wall: 3.683 hours, Δt:   0.79, CFL: 7.20e-01
i: 441900, t:  454028.6 s, ωt:  45.40 (7.23 periods), wall: 3.684 hours, Δt:   0.64, CFL: 7.20e-01
i: 442000, t:  454093.7 s, ωt:  45.41 (7.23 periods), wall: 3.685 hours, Δt:   0.71, CFL: 7.20e-01
i: 442100, t:  454168.3 s, ωt:  45.42 (7.23 periods), wall: 3.686 hours, Δt:   0.72, CFL: 7.20e-01
i: 442200, t:  454241.3 s, ωt:  45.42 (7.23 periods), wall: 3.686 hours, Δt:   0.64, CFL: 7.20e-01
i: 442300, t:  454307.7 s, ωt:  45.43 (7.23 periods), wall: 3.687 hours, Δt:   0.71, CFL: 7.20e-01
i: 442400, t:  454380.5 s, ωt:  45.44 (7.23 periods), wall: 3.688 hours, Δt:   0.75, CFL: 7.20e-01
i: 442500, t:  454455.3 s, ωt:  45.45 (7.23 periods), wall: 3.689 hours, Δt:   0.70, CFL: 7.20e-01
i: 442600, t:  454518.9 s, ωt:  45.45 (7.23 periods), wall: 3.690 hours, Δt:   0.59, CFL: 7.20e-01
i: 442700, t:  454587.1 s, ωt:  45.46 (7.23 periods), wall: 3.691 hours, Δt:   0.80, CFL: 7.20e-01
i: 442800, t:  454661.4 s, ωt:  45.47 (7.24 periods), wall: 3.691 hours, Δt:   0.78, CFL: 7.20e-01
i: 442900, t:  454740.6 s, ωt:  45.47 (7.24 periods), wall: 3.692 hours, Δt:   0.80, CFL: 7.20e-01
i: 443000, t:  454819.5 s, ωt:  45.48 (7.24 periods), wall: 3.693 hours, Δt:   0.73, CFL: 7.20e-01
i: 443100, t:  454893.2 s, ωt:  45.49 (7.24 periods), wall: 3.694 hours, Δt:   0.65, CFL: 7.20e-01
i: 443200, t:  454967.1 s, ωt:  45.50 (7.24 periods), wall: 3.695 hours, Δt:   0.73, CFL: 7.20e-01
i: 443300, t:  455042.4 s, ωt:  45.50 (7.24 periods), wall: 3.696 hours, Δt:   0.78, CFL: 7.20e-01
i: 443400, t:  455120.5 s, ωt:  45.51 (7.24 periods), wall: 3.696 hours, Δt:   0.76, CFL: 7.20e-01
i: 443500, t:  455190.7 s, ωt:  45.52 (7.24 periods), wall: 3.697 hours, Δt:   0.71, CFL: 7.20e-01
i: 443600, t:  455261.2 s, ωt:  45.53 (7.25 periods), wall: 3.698 hours, Δt:   0.70, CFL: 7.20e-01
i: 443700, t:  455329.8 s, ωt:  45.53 (7.25 periods), wall: 3.699 hours, Δt:   0.61, CFL: 7.20e-01
i: 443800, t:  455386.4 s, ωt:  45.54 (7.25 periods), wall: 3.700 hours, Δt:   0.54, CFL: 7.20e-01
i: 443900, t:  455445.9 s, ωt:  45.54 (7.25 periods), wall: 3.700 hours, Δt:   0.67, CFL: 7.20e-01
i: 444000, t:  455517.2 s, ωt:  45.55 (7.25 periods), wall: 3.701 hours, Δt:   0.75, CFL: 7.20e-01
i: 444100, t:  455590.7 s, ωt:  45.56 (7.25 periods), wall: 3.702 hours, Δt:   0.62, CFL: 7.20e-01
i: 444200, t:  455653.4 s, ωt:  45.57 (7.25 periods), wall: 3.703 hours, Δt:   0.83, CFL: 7.20e-01
i: 444300, t:  455728.2 s, ωt:  45.57 (7.25 periods), wall: 3.704 hours, Δt:   0.70, CFL: 7.20e-01
i: 444400, t:  455801.8 s, ωt:  45.58 (7.25 periods), wall: 3.705 hours, Δt:   0.82, CFL: 7.20e-01
i: 444500, t:  455880.0 s, ωt:  45.59 (7.26 periods), wall: 3.705 hours, Δt:   0.81, CFL: 7.20e-01
i: 444600, t:  455953.4 s, ωt:  45.60 (7.26 periods), wall: 3.706 hours, Δt:   0.67, CFL: 7.20e-01
i: 444700, t:  456029.0 s, ωt:  45.60 (7.26 periods), wall: 3.707 hours, Δt:   0.72, CFL: 7.20e-01
i: 444800, t:  456104.9 s, ωt:  45.61 (7.26 periods), wall: 3.708 hours, Δt:   0.72, CFL: 7.20e-01
i: 444900, t:  456181.3 s, ωt:  45.62 (7.26 periods), wall: 3.709 hours, Δt:   0.74, CFL: 7.20e-01
i: 445000, t:  456253.5 s, ωt:  45.63 (7.26 periods), wall: 3.710 hours, Δt:   0.70, CFL: 7.20e-01
i: 445100, t:  456324.9 s, ωt:  45.63 (7.26 periods), wall: 3.710 hours, Δt:   0.67, CFL: 7.20e-01
i: 445200, t:  456390.1 s, ωt:  45.64 (7.26 periods), wall: 3.711 hours, Δt:   0.62, CFL: 7.20e-01
i: 445300, t:  456460.2 s, ωt:  45.65 (7.26 periods), wall: 3.712 hours, Δt:   0.76, CFL: 7.20e-01
i: 445400, t:  456533.5 s, ωt:  45.65 (7.27 periods), wall: 3.713 hours, Δt:   0.76, CFL: 7.20e-01
i: 445500, t:  456606.2 s, ωt:  45.66 (7.27 periods), wall: 3.714 hours, Δt:   0.76, CFL: 7.20e-01
i: 445600, t:  456675.6 s, ωt:  45.67 (7.27 periods), wall: 3.715 hours, Δt:   0.63, CFL: 7.20e-01
i: 445700, t:  456740.7 s, ωt:  45.67 (7.27 periods), wall: 3.715 hours, Δt:   0.67, CFL: 7.20e-01
i: 445800, t:  456810.4 s, ωt:  45.68 (7.27 periods), wall: 3.716 hours, Δt:   0.74, CFL: 7.20e-01
i: 445900, t:  456884.6 s, ωt:  45.69 (7.27 periods), wall: 3.717 hours, Δt:   0.67, CFL: 7.20e-01
i: 446000, t:  456954.3 s, ωt:  45.70 (7.27 periods), wall: 3.718 hours, Δt:   0.80, CFL: 7.20e-01
i: 446100, t:  457030.2 s, ωt:  45.70 (7.27 periods), wall: 3.719 hours, Δt:   0.73, CFL: 7.20e-01
i: 446200, t:  457106.2 s, ωt:  45.71 (7.28 periods), wall: 3.720 hours, Δt:   0.79, CFL: 7.20e-01
i: 446300, t:  457182.1 s, ωt:  45.72 (7.28 periods), wall: 3.720 hours, Δt:   0.72, CFL: 7.20e-01
i: 446400, t:  457253.4 s, ωt:  45.73 (7.28 periods), wall: 3.721 hours, Δt:   0.60, CFL: 7.20e-01
i: 446500, t:  457325.2 s, ωt:  45.73 (7.28 periods), wall: 3.722 hours, Δt:   0.72, CFL: 7.20e-01
i: 446600, t:  457392.8 s, ωt:  45.74 (7.28 periods), wall: 3.723 hours, Δt:   0.67, CFL: 7.20e-01
i: 446700, t:  457471.6 s, ωt:  45.75 (7.28 periods), wall: 3.724 hours, Δt:   0.75, CFL: 7.20e-01
i: 446800, t:  457542.1 s, ωt:  45.75 (7.28 periods), wall: 3.725 hours, Δt:   0.65, CFL: 7.20e-01
i: 446900, t:  457607.3 s, ωt:  45.76 (7.28 periods), wall: 3.725 hours, Δt:   0.65, CFL: 7.20e-01
i: 447000, t:  457684.2 s, ωt:  45.77 (7.28 periods), wall: 3.726 hours, Δt:   0.71, CFL: 7.20e-01
i: 447100, t:  457750.4 s, ωt:  45.78 (7.29 periods), wall: 3.727 hours, Δt:   0.70, CFL: 7.20e-01
i: 447200, t:  457818.3 s, ωt:  45.78 (7.29 periods), wall: 3.728 hours, Δt:   0.85, CFL: 7.20e-01
i: 447300, t:  457895.1 s, ωt:  45.79 (7.29 periods), wall: 3.729 hours, Δt:   0.70, CFL: 7.20e-01
i: 447400, t:  457973.0 s, ωt:  45.80 (7.29 periods), wall: 3.730 hours, Δt:   0.87, CFL: 7.20e-01
i: 447500, t:  458052.2 s, ωt:  45.81 (7.29 periods), wall: 3.730 hours, Δt:   0.63, CFL: 7.20e-01
i: 447600, t:  458132.6 s, ωt:  45.81 (7.29 periods), wall: 3.731 hours, Δt:   0.80, CFL: 7.20e-01
i: 447700, t:  458217.6 s, ωt:  45.82 (7.29 periods), wall: 3.732 hours, Δt:   0.85, CFL: 7.20e-01
i: 447800, t:  458298.3 s, ωt:  45.83 (7.29 periods), wall: 3.733 hours, Δt:   0.79, CFL: 7.20e-01
i: 447900, t:  458370.8 s, ωt:  45.84 (7.30 periods), wall: 3.734 hours, Δt:   0.70, CFL: 7.20e-01
i: 448000, t:  458441.9 s, ωt:  45.84 (7.30 periods), wall: 3.735 hours, Δt:   0.72, CFL: 7.20e-01
i: 448100, t:  458521.2 s, ωt:  45.85 (7.30 periods), wall: 3.735 hours, Δt:   0.82, CFL: 7.20e-01
i: 448200, t:  458609.0 s, ωt:  45.86 (7.30 periods), wall: 3.736 hours, Δt:   0.93, CFL: 7.20e-01
i: 448300, t:  458697.9 s, ωt:  45.87 (7.30 periods), wall: 3.737 hours, Δt:   0.87, CFL: 7.20e-01
i: 448400, t:  458776.2 s, ωt:  45.88 (7.30 periods), wall: 3.738 hours, Δt:   0.78, CFL: 7.20e-01
i: 448500, t:  458858.4 s, ωt:  45.89 (7.30 periods), wall: 3.739 hours, Δt:   0.73, CFL: 7.20e-01
i: 448600, t:  458932.1 s, ωt:  45.89 (7.30 periods), wall: 3.740 hours, Δt:   0.84, CFL: 7.20e-01
i: 448700, t:  459011.7 s, ωt:  45.90 (7.31 periods), wall: 3.740 hours, Δt:   0.74, CFL: 7.20e-01
i: 448800, t:  459086.8 s, ωt:  45.91 (7.31 periods), wall: 3.741 hours, Δt:   0.73, CFL: 7.20e-01
i: 448900, t:  459173.8 s, ωt:  45.92 (7.31 periods), wall: 3.742 hours, Δt:   0.85, CFL: 7.20e-01
i: 449000, t:  459250.2 s, ωt:  45.93 (7.31 periods), wall: 3.743 hours, Δt:   0.60, CFL: 7.20e-01
i: 449100, t:  459332.9 s, ωt:  45.93 (7.31 periods), wall: 3.744 hours, Δt:   0.82, CFL: 7.20e-01
i: 449200, t:  459408.2 s, ωt:  45.94 (7.31 periods), wall: 3.745 hours, Δt:   0.76, CFL: 7.20e-01
i: 449300, t:  459492.5 s, ωt:  45.95 (7.31 periods), wall: 3.745 hours, Δt:   0.85, CFL: 7.20e-01
i: 449400, t:  459576.5 s, ωt:  45.96 (7.31 periods), wall: 3.746 hours, Δt:   0.84, CFL: 7.20e-01
i: 449500, t:  459654.4 s, ωt:  45.97 (7.32 periods), wall: 3.747 hours, Δt:   0.73, CFL: 7.20e-01
i: 449600, t:  459733.1 s, ωt:  45.97 (7.32 periods), wall: 3.748 hours, Δt:   0.89, CFL: 7.20e-01
i: 449700, t:  459815.0 s, ωt:  45.98 (7.32 periods), wall: 3.749 hours, Δt:   0.75, CFL: 7.20e-01
i: 449800, t:  459892.5 s, ωt:  45.99 (7.32 periods), wall: 3.750 hours, Δt:   0.73, CFL: 7.20e-01
i: 449900, t:  459978.1 s, ωt:  46.00 (7.32 periods), wall: 3.750 hours, Δt:   0.88, CFL: 7.20e-01
i: 450000, t:  460060.2 s, ωt:  46.01 (7.32 periods), wall: 3.751 hours, Δt:   0.84, CFL: 7.20e-01
i: 450100, t:  460139.4 s, ωt:  46.01 (7.32 periods), wall: 3.752 hours, Δt:   0.89, CFL: 7.20e-01
i: 450200, t:  460225.1 s, ωt:  46.02 (7.32 periods), wall: 3.753 hours, Δt:   0.77, CFL: 7.20e-01
i: 450300, t:  460303.8 s, ωt:  46.03 (7.33 periods), wall: 3.754 hours, Δt:   0.78, CFL: 7.20e-01
i: 450400, t:  460389.7 s, ωt:  46.04 (7.33 periods), wall: 3.755 hours, Δt:   0.93, CFL: 7.20e-01
i: 450500, t:  460470.0 s, ωt:  46.05 (7.33 periods), wall: 3.755 hours, Δt:   0.89, CFL: 7.20e-01
i: 450600, t:  460557.5 s, ωt:  46.06 (7.33 periods), wall: 3.756 hours, Δt:   0.84, CFL: 7.20e-01
i: 450700, t:  460639.2 s, ωt:  46.06 (7.33 periods), wall: 3.757 hours, Δt:   0.93, CFL: 7.20e-01
i: 450800, t:  460733.1 s, ωt:  46.07 (7.33 periods), wall: 3.758 hours, Δt:   0.95, CFL: 7.20e-01
i: 450900, t:  460832.0 s, ωt:  46.08 (7.33 periods), wall: 3.759 hours, Δt:   0.90, CFL: 7.20e-01
i: 451000, t:  460927.3 s, ωt:  46.09 (7.34 periods), wall: 3.760 hours, Δt:   0.91, CFL: 7.20e-01
i: 451100, t:  461025.2 s, ωt:  46.10 (7.34 periods), wall: 3.760 hours, Δt:   0.86, CFL: 7.20e-01
i: 451200, t:  461112.7 s, ωt:  46.11 (7.34 periods), wall: 3.761 hours, Δt:   0.90, CFL: 7.20e-01
i: 451300, t:  461195.0 s, ωt:  46.12 (7.34 periods), wall: 3.762 hours, Δt:   0.85, CFL: 7.20e-01
i: 451400, t:  461274.1 s, ωt:  46.13 (7.34 periods), wall: 3.763 hours, Δt:   0.85, CFL: 7.20e-01
i: 451500, t:  461362.0 s, ωt:  46.14 (7.34 periods), wall: 3.764 hours, Δt:   0.70, CFL: 7.20e-01
i: 451600, t:  461440.7 s, ωt:  46.14 (7.34 periods), wall: 3.765 hours, Δt:   0.93, CFL: 7.20e-01
i: 451700, t:  461528.0 s, ωt:  46.15 (7.35 periods), wall: 3.765 hours, Δt:   1.01, CFL: 7.20e-01
i: 451800, t:  461624.3 s, ωt:  46.16 (7.35 periods), wall: 3.766 hours, Δt:   1.08, CFL: 7.20e-01
i: 451900, t:  461719.1 s, ωt:  46.17 (7.35 periods), wall: 3.767 hours, Δt:   0.82, CFL: 7.20e-01
i: 452000, t:  461806.6 s, ωt:  46.18 (7.35 periods), wall: 3.768 hours, Δt:   0.82, CFL: 7.20e-01
i: 452100, t:  461913.0 s, ωt:  46.19 (7.35 periods), wall: 3.769 hours, Δt:   1.03, CFL: 7.20e-01
i: 452200, t:  462022.7 s, ωt:  46.20 (7.35 periods), wall: 3.770 hours, Δt:   1.08, CFL: 7.20e-01
i: 452300, t:  462128.2 s, ωt:  46.21 (7.35 periods), wall: 3.770 hours, Δt:   1.01, CFL: 7.20e-01
i: 452400, t:  462233.7 s, ωt:  46.22 (7.36 periods), wall: 3.771 hours, Δt:   1.16, CFL: 7.20e-01
i: 452500, t:  462345.0 s, ωt:  46.23 (7.36 periods), wall: 3.772 hours, Δt:   1.07, CFL: 7.20e-01
i: 452600, t:  462455.0 s, ωt:  46.25 (7.36 periods), wall: 3.773 hours, Δt:   0.97, CFL: 7.20e-01
i: 452700, t:  462557.2 s, ωt:  46.26 (7.36 periods), wall: 3.774 hours, Δt:   1.19, CFL: 7.20e-01
i: 452800, t:  462674.7 s, ωt:  46.27 (7.36 periods), wall: 3.774 hours, Δt:   1.04, CFL: 7.20e-01
i: 452900, t:  462784.3 s, ωt:  46.28 (7.37 periods), wall: 3.775 hours, Δt:   1.23, CFL: 7.20e-01
i: 453000, t:  462890.9 s, ωt:  46.29 (7.37 periods), wall: 3.776 hours, Δt:   0.94, CFL: 7.20e-01
i: 453100, t:  462999.1 s, ωt:  46.30 (7.37 periods), wall: 3.777 hours, Δt:   1.00, CFL: 7.20e-01
i: 453200, t:  463103.5 s, ωt:  46.31 (7.37 periods), wall: 3.778 hours, Δt:   0.99, CFL: 7.20e-01
i: 453300, t:  463199.9 s, ωt:  46.32 (7.37 periods), wall: 3.779 hours, Δt:   0.72, CFL: 7.20e-01
i: 453400, t:  463292.5 s, ωt:  46.33 (7.37 periods), wall: 3.779 hours, Δt:   1.04, CFL: 7.20e-01
i: 453500, t:  463397.6 s, ωt:  46.34 (7.38 periods), wall: 3.780 hours, Δt:   1.00, CFL: 7.20e-01
i: 453600, t:  463493.6 s, ωt:  46.35 (7.38 periods), wall: 3.781 hours, Δt:   0.78, CFL: 7.20e-01
i: 453700, t:  463584.9 s, ωt:  46.36 (7.38 periods), wall: 3.782 hours, Δt:   0.99, CFL: 7.20e-01
i: 453800, t:  463689.6 s, ωt:  46.37 (7.38 periods), wall: 3.783 hours, Δt:   1.10, CFL: 7.20e-01
i: 453900, t:  463803.7 s, ωt:  46.38 (7.38 periods), wall: 3.784 hours, Δt:   1.15, CFL: 7.20e-01
i: 454000, t:  463921.5 s, ωt:  46.39 (7.38 periods), wall: 3.784 hours, Δt:   1.11, CFL: 7.20e-01
i: 454100, t:  464037.5 s, ωt:  46.40 (7.39 periods), wall: 3.785 hours, Δt:   1.02, CFL: 7.20e-01
i: 454200, t:  464150.1 s, ωt:  46.42 (7.39 periods), wall: 3.786 hours, Δt:   1.24, CFL: 7.20e-01
i: 454300, t:  464270.4 s, ωt:  46.43 (7.39 periods), wall: 3.787 hours, Δt:   1.12, CFL: 7.20e-01
i: 454400, t:  464381.4 s, ωt:  46.44 (7.39 periods), wall: 3.788 hours, Δt:   1.21, CFL: 7.20e-01
i: 454500, t:  464493.5 s, ωt:  46.45 (7.39 periods), wall: 3.789 hours, Δt:   1.39, CFL: 7.20e-01
i: 454600, t:  464622.3 s, ωt:  46.46 (7.39 periods), wall: 3.789 hours, Δt:   1.23, CFL: 7.20e-01
i: 454700, t:  464723.3 s, ωt:  46.47 (7.40 periods), wall: 3.790 hours, Δt:   1.16, CFL: 7.20e-01
i: 454800, t:  464863.4 s, ωt:  46.49 (7.40 periods), wall: 3.791 hours, Δt:   1.39, CFL: 7.20e-01
i: 454900, t:  464991.6 s, ωt:  46.50 (7.40 periods), wall: 3.792 hours, Δt:   1.19, CFL: 7.20e-01
i: 455000, t:  465130.2 s, ωt:  46.51 (7.40 periods), wall: 3.793 hours, Δt:   1.36, CFL: 7.20e-01
i: 455100, t:  465275.7 s, ωt:  46.53 (7.41 periods), wall: 3.794 hours, Δt:   1.33, CFL: 7.20e-01
i: 455200, t:  465402.1 s, ωt:  46.54 (7.41 periods), wall: 3.794 hours, Δt:   1.32, CFL: 7.20e-01
i: 455300, t:  465521.9 s, ωt:  46.55 (7.41 periods), wall: 3.795 hours, Δt:   1.38, CFL: 7.20e-01
i: 455400, t:  465656.1 s, ωt:  46.57 (7.41 periods), wall: 3.796 hours, Δt:   1.22, CFL: 7.20e-01
i: 455500, t:  465778.5 s, ωt:  46.58 (7.41 periods), wall: 3.797 hours, Δt:   1.13, CFL: 7.20e-01
i: 455600, t:  465904.0 s, ωt:  46.59 (7.42 periods), wall: 3.798 hours, Δt:   1.21, CFL: 7.20e-01
i: 455700, t:  466040.3 s, ωt:  46.60 (7.42 periods), wall: 3.799 hours, Δt:   1.55, CFL: 7.20e-01
i: 455800, t:  466195.7 s, ωt:  46.62 (7.42 periods), wall: 3.799 hours, Δt:   1.48, CFL: 7.20e-01
i: 455900, t:  466338.4 s, ωt:  46.63 (7.42 periods), wall: 3.800 hours, Δt:   1.31, CFL: 7.20e-01
i: 456000, t:  466474.1 s, ωt:  46.65 (7.42 periods), wall: 3.801 hours, Δt:   1.35, CFL: 7.20e-01
i: 456100, t:  466657.1 s, ωt:  46.67 (7.43 periods), wall: 3.802 hours, Δt:   1.84, CFL: 7.20e-01
i: 456200, t:  466833.7 s, ωt:  46.68 (7.43 periods), wall: 3.803 hours, Δt:   1.62, CFL: 7.20e-01
i: 456300, t:  467001.8 s, ωt:  46.70 (7.43 periods), wall: 3.804 hours, Δt:   1.46, CFL: 7.20e-01
i: 456400, t:  467183.6 s, ωt:  46.72 (7.44 periods), wall: 3.805 hours, Δt:   1.75, CFL: 7.20e-01
i: 456500, t:  467376.0 s, ωt:  46.74 (7.44 periods), wall: 3.805 hours, Δt:   2.02, CFL: 7.20e-01
i: 456600, t:  467567.8 s, ωt:  46.76 (7.44 periods), wall: 3.806 hours, Δt:   1.83, CFL: 7.20e-01
i: 456700, t:  467757.8 s, ωt:  46.78 (7.44 periods), wall: 3.807 hours, Δt:   2.04, CFL: 7.20e-01
i: 456800, t:  467947.5 s, ωt:  46.79 (7.45 periods), wall: 3.808 hours, Δt:   1.83, CFL: 7.20e-01
i: 456900, t:  468150.4 s, ωt:  46.82 (7.45 periods), wall: 3.809 hours, Δt:   2.06, CFL: 7.20e-01
i: 457000, t:  468341.5 s, ωt:  46.83 (7.45 periods), wall: 3.809 hours, Δt:   2.01, CFL: 7.20e-01
i: 457100, t:  468550.1 s, ωt:  46.86 (7.46 periods), wall: 3.810 hours, Δt:   2.37, CFL: 7.20e-01
i: 457200, t:  468793.7 s, ωt:  46.88 (7.46 periods), wall: 3.811 hours, Δt:   2.63, CFL: 7.20e-01
i: 457300, t:  469057.4 s, ωt:  46.91 (7.47 periods), wall: 3.812 hours, Δt:   2.85, CFL: 7.20e-01
i: 457400, t:  469313.7 s, ωt:  46.93 (7.47 periods), wall: 3.813 hours, Δt:   2.15, CFL: 7.20e-01
i: 457500, t:  469535.7 s, ωt:  46.95 (7.47 periods), wall: 3.814 hours, Δt:   2.84, CFL: 7.20e-01
i: 457600, t:  469767.4 s, ωt:  46.98 (7.48 periods), wall: 3.815 hours, Δt:   2.50, CFL: 7.13e-01
i: 457700, t:  470028.5 s, ωt:  47.00 (7.48 periods), wall: 3.815 hours, Δt:   2.93, CFL: 7.20e-01
i: 457800, t:  470295.0 s, ωt:  47.03 (7.48 periods), wall: 3.816 hours, Δt:   2.86, CFL: 7.20e-01
i: 457900, t:  470579.9 s, ωt:  47.06 (7.49 periods), wall: 3.817 hours, Δt:   2.75, CFL: 7.20e-01
i: 458000, t:  470842.3 s, ωt:  47.08 (7.49 periods), wall: 3.818 hours, Δt:   2.60, CFL: 7.20e-01
i: 458100, t:  471107.3 s, ωt:  47.11 (7.50 periods), wall: 3.819 hours, Δt:   2.57, CFL: 7.20e-01
i: 458200, t:  471363.6 s, ωt:  47.14 (7.50 periods), wall: 3.820 hours, Δt:   2.73, CFL: 7.20e-01
i: 458300, t:  471647.0 s, ωt:  47.16 (7.51 periods), wall: 3.821 hours, Δt:   2.57, CFL: 7.20e-01
i: 458400, t:  471908.4 s, ωt:  47.19 (7.51 periods), wall: 3.821 hours, Δt:   2.30, CFL: 7.20e-01
i: 458500, t:  472137.9 s, ωt:  47.21 (7.51 periods), wall: 3.822 hours, Δt:   2.35, CFL: 7.20e-01
i: 458600, t:  472370.9 s, ωt:  47.24 (7.52 periods), wall: 3.823 hours, Δt:   2.11, CFL: 7.20e-01
i: 458700, t:  472617.9 s, ωt:  47.26 (7.52 periods), wall: 3.824 hours, Δt:   2.40, CFL: 7.20e-01
i: 458800, t:  472848.9 s, ωt:  47.28 (7.53 periods), wall: 3.825 hours, Δt:   2.53, CFL: 7.20e-01
i: 458900, t:  473063.2 s, ωt:  47.31 (7.53 periods), wall: 3.826 hours, Δt:   1.91, CFL: 7.20e-01
i: 459000, t:  473263.1 s, ωt:  47.33 (7.53 periods), wall: 3.826 hours, Δt:   2.09, CFL: 7.20e-01
i: 459100, t:  473470.0 s, ωt:  47.35 (7.54 periods), wall: 3.827 hours, Δt:   1.99, CFL: 7.20e-01
i: 459200, t:  473674.6 s, ωt:  47.37 (7.54 periods), wall: 3.828 hours, Δt:   1.93, CFL: 7.20e-01
i: 459300, t:  473843.0 s, ωt:  47.38 (7.54 periods), wall: 3.829 hours, Δt:   1.67, CFL: 7.20e-01
i: 459400, t:  473996.1 s, ωt:  47.40 (7.54 periods), wall: 3.830 hours, Δt:   1.56, CFL: 7.20e-01
i: 459500, t:  474166.0 s, ωt:  47.42 (7.55 periods), wall: 3.831 hours, Δt:   1.79, CFL: 7.20e-01
i: 459600, t:  474336.7 s, ωt:  47.43 (7.55 periods), wall: 3.831 hours, Δt:   1.62, CFL: 7.20e-01
i: 459700, t:  474489.3 s, ωt:  47.45 (7.55 periods), wall: 3.832 hours, Δt:   1.37, CFL: 7.20e-01
i: 459800, t:  474635.2 s, ωt:  47.46 (7.55 periods), wall: 3.833 hours, Δt:   1.32, CFL: 7.20e-01
i: 459900, t:  474781.0 s, ωt:  47.48 (7.56 periods), wall: 3.834 hours, Δt:   1.55, CFL: 7.20e-01
i: 460000, t:  474928.8 s, ωt:  47.49 (7.56 periods), wall: 3.835 hours, Δt:   1.48, CFL: 7.20e-01
i: 460100, t:  475069.2 s, ωt:  47.51 (7.56 periods), wall: 3.836 hours, Δt:   1.32, CFL: 7.20e-01
i: 460200, t:  475191.0 s, ωt:  47.52 (7.56 periods), wall: 3.836 hours, Δt:   1.39, CFL: 7.20e-01
i: 460300, t:  475317.4 s, ωt:  47.53 (7.56 periods), wall: 3.837 hours, Δt:   1.20, CFL: 7.20e-01
i: 460400, t:  475440.8 s, ωt:  47.54 (7.57 periods), wall: 3.838 hours, Δt:   1.25, CFL: 7.20e-01
i: 460500, t:  475566.1 s, ωt:  47.56 (7.57 periods), wall: 3.839 hours, Δt:   1.38, CFL: 7.20e-01
i: 460600, t:  475702.9 s, ωt:  47.57 (7.57 periods), wall: 3.840 hours, Δt:   1.24, CFL: 7.20e-01
i: 460700, t:  475830.3 s, ωt:  47.58 (7.57 periods), wall: 3.841 hours, Δt:   1.16, CFL: 7.20e-01
i: 460800, t:  475951.0 s, ωt:  47.60 (7.57 periods), wall: 3.841 hours, Δt:   1.17, CFL: 7.20e-01
i: 460900, t:  476065.7 s, ωt:  47.61 (7.58 periods), wall: 3.842 hours, Δt:   1.26, CFL: 7.20e-01
i: 461000, t:  476189.9 s, ωt:  47.62 (7.58 periods), wall: 3.843 hours, Δt:   1.12, CFL: 7.20e-01
i: 461100, t:  476303.4 s, ωt:  47.63 (7.58 periods), wall: 3.844 hours, Δt:   1.12, CFL: 7.20e-01
i: 461200, t:  476417.2 s, ωt:  47.64 (7.58 periods), wall: 3.845 hours, Δt:   1.09, CFL: 7.20e-01
i: 461300, t:  476518.3 s, ωt:  47.65 (7.58 periods), wall: 3.846 hours, Δt:   1.14, CFL: 7.20e-01
i: 461400, t:  476629.0 s, ωt:  47.66 (7.59 periods), wall: 3.846 hours, Δt:   1.13, CFL: 7.20e-01
i: 461500, t:  476739.3 s, ωt:  47.67 (7.59 periods), wall: 3.847 hours, Δt:   1.12, CFL: 7.20e-01
i: 461600, t:  476848.7 s, ωt:  47.68 (7.59 periods), wall: 3.848 hours, Δt:   1.11, CFL: 7.20e-01
i: 461700, t:  476955.2 s, ωt:  47.70 (7.59 periods), wall: 3.849 hours, Δt:   1.10, CFL: 7.20e-01
i: 461800, t:  477061.2 s, ωt:  47.71 (7.59 periods), wall: 3.850 hours, Δt:   0.94, CFL: 7.20e-01
i: 461900, t:  477159.5 s, ωt:  47.72 (7.59 periods), wall: 3.851 hours, Δt:   0.90, CFL: 7.20e-01
i: 462000, t:  477255.2 s, ωt:  47.73 (7.60 periods), wall: 3.851 hours, Δt:   1.03, CFL: 7.20e-01
i: 462100, t:  477350.7 s, ωt:  47.74 (7.60 periods), wall: 3.852 hours, Δt:   1.11, CFL: 7.20e-01
i: 462200, t:  477453.8 s, ωt:  47.75 (7.60 periods), wall: 3.853 hours, Δt:   1.10, CFL: 7.20e-01
i: 462300, t:  477553.6 s, ωt:  47.76 (7.60 periods), wall: 3.854 hours, Δt:   0.92, CFL: 7.20e-01
i: 462400, t:  477650.4 s, ωt:  47.77 (7.60 periods), wall: 3.855 hours, Δt:   0.93, CFL: 7.20e-01
i: 462500, t:  477740.8 s, ωt:  47.77 (7.60 periods), wall: 3.856 hours, Δt:   0.94, CFL: 7.20e-01
i: 462600, t:  477822.9 s, ωt:  47.78 (7.60 periods), wall: 3.856 hours, Δt:   0.75, CFL: 7.20e-01
i: 462700, t:  477908.1 s, ωt:  47.79 (7.61 periods), wall: 3.857 hours, Δt:   0.89, CFL: 7.20e-01
i: 462800, t:  477996.5 s, ωt:  47.80 (7.61 periods), wall: 3.858 hours, Δt:   0.97, CFL: 7.20e-01
i: 462900, t:  478094.2 s, ωt:  47.81 (7.61 periods), wall: 3.859 hours, Δt:   0.99, CFL: 7.20e-01
i: 463000, t:  478182.5 s, ωt:  47.82 (7.61 periods), wall: 3.860 hours, Δt:   0.83, CFL: 7.20e-01
i: 463100, t:  478275.5 s, ωt:  47.83 (7.61 periods), wall: 3.861 hours, Δt:   0.97, CFL: 7.20e-01
i: 463200, t:  478368.2 s, ωt:  47.84 (7.61 periods), wall: 3.861 hours, Δt:   0.83, CFL: 7.20e-01
i: 463300, t:  478456.9 s, ωt:  47.85 (7.61 periods), wall: 3.862 hours, Δt:   0.96, CFL: 7.20e-01
i: 463400, t:  478544.8 s, ωt:  47.85 (7.62 periods), wall: 3.863 hours, Δt:   0.94, CFL: 7.20e-01
i: 463500, t:  478633.7 s, ωt:  47.86 (7.62 periods), wall: 3.864 hours, Δt:   0.92, CFL: 7.20e-01
i: 463600, t:  478714.6 s, ωt:  47.87 (7.62 periods), wall: 3.865 hours, Δt:   0.97, CFL: 7.20e-01
i: 463700, t:  478805.5 s, ωt:  47.88 (7.62 periods), wall: 3.866 hours, Δt:   0.82, CFL: 7.20e-01
i: 463800, t:  478896.9 s, ωt:  47.89 (7.62 periods), wall: 3.866 hours, Δt:   0.91, CFL: 7.20e-01
i: 463900, t:  478981.5 s, ωt:  47.90 (7.62 periods), wall: 3.867 hours, Δt:   0.86, CFL: 7.20e-01
i: 464000, t:  479064.6 s, ωt:  47.91 (7.62 periods), wall: 3.868 hours, Δt:   0.91, CFL: 7.20e-01
i: 464100, t:  479150.8 s, ωt:  47.92 (7.63 periods), wall: 3.869 hours, Δt:   0.85, CFL: 7.20e-01
i: 464200, t:  479236.5 s, ωt:  47.92 (7.63 periods), wall: 3.870 hours, Δt:   0.81, CFL: 7.20e-01
i: 464300, t:  479318.6 s, ωt:  47.93 (7.63 periods), wall: 3.871 hours, Δt:   0.79, CFL: 7.20e-01
i: 464400, t:  479401.2 s, ωt:  47.94 (7.63 periods), wall: 3.871 hours, Δt:   0.77, CFL: 7.20e-01
i: 464500, t:  479485.7 s, ωt:  47.95 (7.63 periods), wall: 3.872 hours, Δt:   0.84, CFL: 7.20e-01
i: 464600, t:  479564.3 s, ωt:  47.96 (7.63 periods), wall: 3.873 hours, Δt:   0.81, CFL: 7.20e-01
i: 464700, t:  479648.0 s, ωt:  47.96 (7.63 periods), wall: 3.874 hours, Δt:   0.86, CFL: 7.20e-01
i: 464800, t:  479731.7 s, ωt:  47.97 (7.64 periods), wall: 3.875 hours, Δt:   0.88, CFL: 7.20e-01
i: 464900, t:  479820.2 s, ωt:  47.98 (7.64 periods), wall: 3.876 hours, Δt:   0.89, CFL: 7.20e-01
i: 465000, t:  479898.3 s, ωt:  47.99 (7.64 periods), wall: 3.876 hours, Δt:   0.76, CFL: 7.20e-01
i: 465100, t:  479978.5 s, ωt:  48.00 (7.64 periods), wall: 3.877 hours, Δt:   0.88, CFL: 7.20e-01
i: 465200, t:  480058.3 s, ωt:  48.01 (7.64 periods), wall: 3.878 hours, Δt:   0.67, CFL: 7.20e-01
i: 465300, t:  480125.7 s, ωt:  48.01 (7.64 periods), wall: 3.879 hours, Δt:   0.69, CFL: 7.20e-01
i: 465400, t:  480204.6 s, ωt:  48.02 (7.64 periods), wall: 3.880 hours, Δt:   0.68, CFL: 7.20e-01
i: 465500, t:  480274.2 s, ωt:  48.03 (7.64 periods), wall: 3.881 hours, Δt:   0.67, CFL: 7.20e-01
i: 465600, t:  480352.2 s, ωt:  48.04 (7.65 periods), wall: 3.881 hours, Δt:   0.83, CFL: 7.20e-01
i: 465700, t:  480434.5 s, ωt:  48.04 (7.65 periods), wall: 3.882 hours, Δt:   0.79, CFL: 7.20e-01
i: 465800, t:  480506.3 s, ωt:  48.05 (7.65 periods), wall: 3.883 hours, Δt:   0.81, CFL: 7.20e-01
i: 465900, t:  480589.3 s, ωt:  48.06 (7.65 periods), wall: 3.884 hours, Δt:   0.79, CFL: 7.20e-01
i: 466000, t:  480662.5 s, ωt:  48.07 (7.65 periods), wall: 3.885 hours, Δt:   0.70, CFL: 7.20e-01
i: 466100, t:  480736.5 s, ωt:  48.07 (7.65 periods), wall: 3.886 hours, Δt:   0.81, CFL: 7.20e-01
i: 466200, t:  480815.1 s, ωt:  48.08 (7.65 periods), wall: 3.886 hours, Δt:   0.69, CFL: 7.20e-01
i: 466300, t:  480889.2 s, ωt:  48.09 (7.65 periods), wall: 3.887 hours, Δt:   0.81, CFL: 7.20e-01
i: 466400, t:  480965.6 s, ωt:  48.10 (7.65 periods), wall: 3.888 hours, Δt:   0.86, CFL: 7.20e-01
i: 466500, t:  481042.4 s, ωt:  48.10 (7.66 periods), wall: 3.889 hours, Δt:   0.78, CFL: 7.20e-01
i: 466600, t:  481119.7 s, ωt:  48.11 (7.66 periods), wall: 3.890 hours, Δt:   0.78, CFL: 7.20e-01
i: 466700, t:  481192.7 s, ωt:  48.12 (7.66 periods), wall: 3.890 hours, Δt:   0.75, CFL: 7.20e-01
i: 466800, t:  481272.8 s, ωt:  48.13 (7.66 periods), wall: 3.891 hours, Δt:   0.82, CFL: 7.20e-01
i: 466900, t:  481342.6 s, ωt:  48.13 (7.66 periods), wall: 3.892 hours, Δt:   0.70, CFL: 7.20e-01
i: 467000, t:  481413.0 s, ωt:  48.14 (7.66 periods), wall: 3.893 hours, Δt:   0.81, CFL: 7.20e-01
i: 467100, t:  481484.5 s, ωt:  48.15 (7.66 periods), wall: 3.894 hours, Δt:   0.77, CFL: 7.20e-01
i: 467200, t:  481557.6 s, ωt:  48.16 (7.66 periods), wall: 3.895 hours, Δt:   0.73, CFL: 7.20e-01
i: 467300, t:  481632.2 s, ωt:  48.16 (7.67 periods), wall: 3.895 hours, Δt:   0.75, CFL: 7.20e-01
i: 467400, t:  481703.4 s, ωt:  48.17 (7.67 periods), wall: 3.896 hours, Δt:   0.67, CFL: 7.20e-01
i: 467500, t:  481777.5 s, ωt:  48.18 (7.67 periods), wall: 3.897 hours, Δt:   0.73, CFL: 7.20e-01
i: 467600, t:  481853.5 s, ωt:  48.19 (7.67 periods), wall: 3.898 hours, Δt:   0.88, CFL: 7.20e-01
i: 467700, t:  481931.3 s, ωt:  48.19 (7.67 periods), wall: 3.899 hours, Δt:   0.74, CFL: 7.20e-01
i: 467800, t:  482005.5 s, ωt:  48.20 (7.67 periods), wall: 3.900 hours, Δt:   0.83, CFL: 7.20e-01
i: 467900, t:  482079.6 s, ωt:  48.21 (7.67 periods), wall: 3.900 hours, Δt:   0.72, CFL: 7.20e-01
i: 468000, t:  482154.1 s, ωt:  48.22 (7.67 periods), wall: 3.901 hours, Δt:   0.80, CFL: 7.20e-01
i: 468100, t:  482226.3 s, ωt:  48.22 (7.67 periods), wall: 3.902 hours, Δt:   0.63, CFL: 7.20e-01
i: 468200, t:  482294.8 s, ωt:  48.23 (7.68 periods), wall: 3.903 hours, Δt:   0.72, CFL: 7.20e-01
i: 468300, t:  482364.6 s, ωt:  48.24 (7.68 periods), wall: 3.904 hours, Δt:   0.69, CFL: 7.20e-01
i: 468400, t:  482435.0 s, ωt:  48.24 (7.68 periods), wall: 3.905 hours, Δt:   0.69, CFL: 7.20e-01
i: 468500, t:  482516.6 s, ωt:  48.25 (7.68 periods), wall: 3.905 hours, Δt:   0.74, CFL: 7.20e-01
i: 468600, t:  482592.4 s, ωt:  48.26 (7.68 periods), wall: 3.906 hours, Δt:   0.84, CFL: 7.20e-01
i: 468700, t:  482669.2 s, ωt:  48.27 (7.68 periods), wall: 3.907 hours, Δt:   0.85, CFL: 7.20e-01
i: 468800, t:  482742.1 s, ωt:  48.27 (7.68 periods), wall: 3.908 hours, Δt:   0.67, CFL: 7.20e-01
i: 468900, t:  482813.9 s, ωt:  48.28 (7.68 periods), wall: 3.909 hours, Δt:   0.77, CFL: 7.20e-01
i: 469000, t:  482893.7 s, ωt:  48.29 (7.69 periods), wall: 3.910 hours, Δt:   0.77, CFL: 7.20e-01
i: 469100, t:  482967.4 s, ωt:  48.30 (7.69 periods), wall: 3.910 hours, Δt:   0.85, CFL: 7.20e-01
i: 469200, t:  483042.4 s, ωt:  48.30 (7.69 periods), wall: 3.911 hours, Δt:   0.62, CFL: 7.20e-01
i: 469300, t:  483106.8 s, ωt:  48.31 (7.69 periods), wall: 3.912 hours, Δt:   0.73, CFL: 7.20e-01
i: 469400, t:  483176.6 s, ωt:  48.32 (7.69 periods), wall: 3.913 hours, Δt:   0.72, CFL: 7.20e-01
i: 469500, t:  483250.0 s, ωt:  48.32 (7.69 periods), wall: 3.914 hours, Δt:   0.70, CFL: 7.20e-01
i: 469600, t:  483327.9 s, ωt:  48.33 (7.69 periods), wall: 3.915 hours, Δt:   0.72, CFL: 7.20e-01
i: 469700, t:  483393.3 s, ωt:  48.34 (7.69 periods), wall: 3.915 hours, Δt:   0.74, CFL: 7.20e-01
i: 469800, t:  483469.0 s, ωt:  48.35 (7.69 periods), wall: 3.916 hours, Δt:   0.72, CFL: 7.20e-01
i: 469900, t:  483534.7 s, ωt:  48.35 (7.70 periods), wall: 3.917 hours, Δt:   0.73, CFL: 7.20e-01
i: 470000, t:  483608.1 s, ωt:  48.36 (7.70 periods), wall: 3.918 hours, Δt:   0.66, CFL: 7.20e-01
i: 470100, t:  483676.3 s, ωt:  48.37 (7.70 periods), wall: 3.919 hours, Δt:   0.75, CFL: 7.20e-01
i: 470200, t:  483745.8 s, ωt:  48.37 (7.70 periods), wall: 3.920 hours, Δt:   0.73, CFL: 7.20e-01
i: 470300, t:  483819.7 s, ωt:  48.38 (7.70 periods), wall: 3.920 hours, Δt:   0.72, CFL: 7.20e-01
i: 470400, t:  483886.7 s, ωt:  48.39 (7.70 periods), wall: 3.921 hours, Δt:   0.58, CFL: 7.20e-01
i: 470500, t:  483948.0 s, ωt:  48.39 (7.70 periods), wall: 3.922 hours, Δt:   0.62, CFL: 7.20e-01
i: 470600, t:  484021.7 s, ωt:  48.40 (7.70 periods), wall: 3.923 hours, Δt:   0.76, CFL: 7.20e-01
i: 470700, t:  484093.8 s, ωt:  48.41 (7.70 periods), wall: 3.924 hours, Δt:   0.78, CFL: 7.20e-01
i: 470800, t:  484163.4 s, ωt:  48.42 (7.71 periods), wall: 3.925 hours, Δt:   0.68, CFL: 7.20e-01
i: 470900, t:  484236.4 s, ωt:  48.42 (7.71 periods), wall: 3.925 hours, Δt:   0.72, CFL: 7.20e-01
i: 471000, t:  484310.9 s, ωt:  48.43 (7.71 periods), wall: 3.926 hours, Δt:   0.87, CFL: 7.20e-01
i: 471100, t:  484383.5 s, ωt:  48.44 (7.71 periods), wall: 3.927 hours, Δt:   0.65, CFL: 7.20e-01
i: 471200, t:  484450.5 s, ωt:  48.45 (7.71 periods), wall: 3.928 hours, Δt:   0.71, CFL: 7.20e-01
i: 471300, t:  484523.3 s, ωt:  48.45 (7.71 periods), wall: 3.929 hours, Δt:   0.73, CFL: 7.20e-01
i: 471400, t:  484592.5 s, ωt:  48.46 (7.71 periods), wall: 3.930 hours, Δt:   0.69, CFL: 7.20e-01
i: 471500, t:  484659.7 s, ωt:  48.47 (7.71 periods), wall: 3.930 hours, Δt:   0.63, CFL: 7.20e-01
i: 471600, t:  484725.2 s, ωt:  48.47 (7.71 periods), wall: 3.931 hours, Δt:   0.71, CFL: 7.20e-01
i: 471700, t:  484801.1 s, ωt:  48.48 (7.72 periods), wall: 3.932 hours, Δt:   0.76, CFL: 7.20e-01
i: 471800, t:  484875.4 s, ωt:  48.49 (7.72 periods), wall: 3.933 hours, Δt:   0.68, CFL: 7.20e-01
i: 471900, t:  484938.2 s, ωt:  48.49 (7.72 periods), wall: 3.934 hours, Δt:   0.67, CFL: 7.20e-01
i: 472000, t:  485010.1 s, ωt:  48.50 (7.72 periods), wall: 3.935 hours, Δt:   0.64, CFL: 7.20e-01
i: 472100, t:  485072.1 s, ωt:  48.51 (7.72 periods), wall: 3.935 hours, Δt:   0.67, CFL: 7.20e-01
i: 472200, t:  485143.1 s, ωt:  48.51 (7.72 periods), wall: 3.936 hours, Δt:   0.57, CFL: 7.20e-01
i: 472300, t:  485198.3 s, ωt:  48.52 (7.72 periods), wall: 3.937 hours, Δt:   0.77, CFL: 7.20e-01
i: 472400, t:  485269.6 s, ωt:  48.53 (7.72 periods), wall: 3.938 hours, Δt:   0.76, CFL: 7.20e-01
i: 472500, t:  485341.6 s, ωt:  48.53 (7.72 periods), wall: 3.939 hours, Δt:   0.68, CFL: 7.20e-01
i: 472600, t:  485415.0 s, ωt:  48.54 (7.73 periods), wall: 3.940 hours, Δt:   0.80, CFL: 7.20e-01
i: 472700, t:  485490.7 s, ωt:  48.55 (7.73 periods), wall: 3.940 hours, Δt:   0.69, CFL: 7.20e-01
i: 472800, t:  485564.7 s, ωt:  48.56 (7.73 periods), wall: 3.941 hours, Δt:   0.77, CFL: 7.20e-01
i: 472900, t:  485636.9 s, ωt:  48.56 (7.73 periods), wall: 3.942 hours, Δt:   0.69, CFL: 7.20e-01
i: 473000, t:  485704.8 s, ωt:  48.57 (7.73 periods), wall: 3.943 hours, Δt:   0.61, CFL: 7.20e-01
i: 473100, t:  485773.7 s, ωt:  48.58 (7.73 periods), wall: 3.944 hours, Δt:   0.66, CFL: 7.20e-01
i: 473200, t:  485844.2 s, ωt:  48.58 (7.73 periods), wall: 3.945 hours, Δt:   0.67, CFL: 7.20e-01
i: 473300, t:  485911.3 s, ωt:  48.59 (7.73 periods), wall: 3.945 hours, Δt:   0.65, CFL: 7.20e-01
i: 473400, t:  485978.0 s, ωt:  48.60 (7.73 periods), wall: 3.946 hours, Δt:   0.70, CFL: 7.20e-01
i: 473500, t:  486046.6 s, ωt:  48.60 (7.74 periods), wall: 3.947 hours, Δt:   0.63, CFL: 7.20e-01
i: 473600, t:  486110.9 s, ωt:  48.61 (7.74 periods), wall: 3.948 hours, Δt:   0.69, CFL: 7.20e-01
i: 473700, t:  486183.6 s, ωt:  48.62 (7.74 periods), wall: 3.949 hours, Δt:   0.80, CFL: 7.20e-01
i: 473800, t:  486252.9 s, ωt:  48.63 (7.74 periods), wall: 3.950 hours, Δt:   0.76, CFL: 7.20e-01
i: 473900, t:  486326.2 s, ωt:  48.63 (7.74 periods), wall: 3.950 hours, Δt:   0.75, CFL: 7.20e-01
i: 474000, t:  486393.7 s, ωt:  48.64 (7.74 periods), wall: 3.951 hours, Δt:   0.70, CFL: 7.20e-01
i: 474100, t:  486471.8 s, ωt:  48.65 (7.74 periods), wall: 3.952 hours, Δt:   0.73, CFL: 7.20e-01
i: 474200, t:  486543.3 s, ωt:  48.65 (7.74 periods), wall: 3.953 hours, Δt:   0.63, CFL: 7.20e-01
i: 474300, t:  486614.0 s, ωt:  48.66 (7.74 periods), wall: 3.954 hours, Δt:   0.69, CFL: 7.20e-01
i: 474400, t:  486675.9 s, ωt:  48.67 (7.75 periods), wall: 3.955 hours, Δt:   0.66, CFL: 7.20e-01
i: 474500, t:  486747.8 s, ωt:  48.67 (7.75 periods), wall: 3.955 hours, Δt:   0.69, CFL: 7.20e-01
i: 474600, t:  486820.4 s, ωt:  48.68 (7.75 periods), wall: 3.956 hours, Δt:   0.66, CFL: 7.20e-01
i: 474700, t:  486888.4 s, ωt:  48.69 (7.75 periods), wall: 3.957 hours, Δt:   0.69, CFL: 7.20e-01
i: 474800, t:  486963.0 s, ωt:  48.70 (7.75 periods), wall: 3.958 hours, Δt:   0.75, CFL: 7.20e-01
i: 474900, t:  487036.1 s, ωt:  48.70 (7.75 periods), wall: 3.959 hours, Δt:   0.81, CFL: 7.20e-01
i: 475000, t:  487110.8 s, ωt:  48.71 (7.75 periods), wall: 3.959 hours, Δt:   0.70, CFL: 7.20e-01
i: 475100, t:  487183.1 s, ωt:  48.72 (7.75 periods), wall: 3.960 hours, Δt:   0.70, CFL: 7.20e-01
i: 475200, t:  487254.1 s, ωt:  48.73 (7.75 periods), wall: 3.961 hours, Δt:   0.74, CFL: 7.20e-01
i: 475300, t:  487327.4 s, ωt:  48.73 (7.76 periods), wall: 3.962 hours, Δt:   0.67, CFL: 7.20e-01
i: 475400, t:  487399.5 s, ωt:  48.74 (7.76 periods), wall: 3.963 hours, Δt:   0.71, CFL: 7.20e-01
i: 475500, t:  487465.9 s, ωt:  48.75 (7.76 periods), wall: 3.964 hours, Δt:   0.74, CFL: 7.20e-01
i: 475600, t:  487538.5 s, ωt:  48.75 (7.76 periods), wall: 3.964 hours, Δt:   0.69, CFL: 7.20e-01
i: 475700, t:  487606.4 s, ωt:  48.76 (7.76 periods), wall: 3.965 hours, Δt:   0.66, CFL: 7.20e-01
i: 475800, t:  487676.6 s, ωt:  48.77 (7.76 periods), wall: 3.966 hours, Δt:   0.69, CFL: 7.20e-01
i: 475900, t:  487738.7 s, ωt:  48.77 (7.76 periods), wall: 3.967 hours, Δt:   0.71, CFL: 7.20e-01
i: 476000, t:  487804.1 s, ωt:  48.78 (7.76 periods), wall: 3.968 hours, Δt:   0.63, CFL: 7.20e-01
i: 476100, t:  487872.8 s, ωt:  48.79 (7.76 periods), wall: 3.969 hours, Δt:   0.71, CFL: 7.20e-01
i: 476200, t:  487939.4 s, ωt:  48.79 (7.77 periods), wall: 3.969 hours, Δt:   0.59, CFL: 7.20e-01
i: 476300, t:  487999.4 s, ωt:  48.80 (7.77 periods), wall: 3.970 hours, Δt:   0.61, CFL: 7.20e-01
i: 476400, t:  488064.0 s, ωt:  48.81 (7.77 periods), wall: 3.971 hours, Δt:   0.72, CFL: 7.20e-01
i: 476500, t:  488131.5 s, ωt:  48.81 (7.77 periods), wall: 3.972 hours, Δt:   0.65, CFL: 7.20e-01
i: 476600, t:  488197.7 s, ωt:  48.82 (7.77 periods), wall: 3.973 hours, Δt:   0.68, CFL: 7.20e-01
i: 476700, t:  488267.2 s, ωt:  48.83 (7.77 periods), wall: 3.974 hours, Δt:   0.64, CFL: 7.20e-01
i: 476800, t:  488335.7 s, ωt:  48.83 (7.77 periods), wall: 3.974 hours, Δt:   0.66, CFL: 7.20e-01
i: 476900, t:  488403.3 s, ωt:  48.84 (7.77 periods), wall: 3.975 hours, Δt:   0.62, CFL: 7.20e-01
i: 477000, t:  488468.9 s, ωt:  48.85 (7.77 periods), wall: 3.976 hours, Δt:   0.67, CFL: 7.20e-01
i: 477100, t:  488539.4 s, ωt:  48.85 (7.78 periods), wall: 3.977 hours, Δt:   0.68, CFL: 7.20e-01
i: 477200, t:  488603.5 s, ωt:  48.86 (7.78 periods), wall: 3.978 hours, Δt:   0.58, CFL: 7.20e-01
i: 477300, t:  488674.7 s, ωt:  48.87 (7.78 periods), wall: 3.979 hours, Δt:   0.75, CFL: 7.20e-01
i: 477400, t:  488747.2 s, ωt:  48.87 (7.78 periods), wall: 3.979 hours, Δt:   0.72, CFL: 7.20e-01
i: 477500, t:  488819.9 s, ωt:  48.88 (7.78 periods), wall: 3.980 hours, Δt:   0.76, CFL: 7.20e-01
i: 477600, t:  488899.4 s, ωt:  48.89 (7.78 periods), wall: 3.981 hours, Δt:   0.75, CFL: 7.20e-01
i: 477700, t:  488975.1 s, ωt:  48.90 (7.78 periods), wall: 3.982 hours, Δt:   0.78, CFL: 7.20e-01
i: 477800, t:  489051.1 s, ωt:  48.91 (7.78 periods), wall: 3.983 hours, Δt:   0.75, CFL: 7.20e-01
i: 477900, t:  489123.2 s, ωt:  48.91 (7.78 periods), wall: 3.984 hours, Δt:   0.77, CFL: 7.20e-01
i: 478000, t:  489202.1 s, ωt:  48.92 (7.79 periods), wall: 3.984 hours, Δt:   0.79, CFL: 7.20e-01
i: 478100, t:  489279.7 s, ωt:  48.93 (7.79 periods), wall: 3.985 hours, Δt:   0.78, CFL: 7.20e-01
i: 478200, t:  489359.2 s, ωt:  48.94 (7.79 periods), wall: 3.986 hours, Δt:   0.68, CFL: 7.20e-01
i: 478300, t:  489431.9 s, ωt:  48.94 (7.79 periods), wall: 3.987 hours, Δt:   0.76, CFL: 7.20e-01
i: 478400, t:  489506.3 s, ωt:  48.95 (7.79 periods), wall: 3.988 hours, Δt:   0.73, CFL: 7.20e-01
i: 478500, t:  489573.4 s, ωt:  48.96 (7.79 periods), wall: 3.989 hours, Δt:   0.80, CFL: 7.20e-01
i: 478600, t:  489651.2 s, ωt:  48.97 (7.79 periods), wall: 3.989 hours, Δt:   0.75, CFL: 7.20e-01
i: 478700, t:  489728.1 s, ωt:  48.97 (7.79 periods), wall: 3.990 hours, Δt:   0.76, CFL: 7.20e-01
i: 478800, t:  489801.9 s, ωt:  48.98 (7.80 periods), wall: 3.991 hours, Δt:   0.80, CFL: 7.20e-01
i: 478900, t:  489871.9 s, ωt:  48.99 (7.80 periods), wall: 3.992 hours, Δt:   0.63, CFL: 7.20e-01
i: 479000, t:  489939.7 s, ωt:  48.99 (7.80 periods), wall: 3.993 hours, Δt:   0.77, CFL: 7.20e-01
i: 479100, t:  490017.8 s, ωt:  49.00 (7.80 periods), wall: 3.994 hours, Δt:   0.74, CFL: 7.20e-01
i: 479200, t:  490086.5 s, ωt:  49.01 (7.80 periods), wall: 3.994 hours, Δt:   0.64, CFL: 7.20e-01
i: 479300, t:  490154.7 s, ωt:  49.02 (7.80 periods), wall: 3.995 hours, Δt:   0.75, CFL: 7.20e-01
i: 479400, t:  490220.1 s, ωt:  49.02 (7.80 periods), wall: 3.996 hours, Δt:   0.69, CFL: 7.20e-01
i: 479500, t:  490289.9 s, ωt:  49.03 (7.80 periods), wall: 3.997 hours, Δt:   0.76, CFL: 7.20e-01
i: 479600, t:  490365.7 s, ωt:  49.04 (7.80 periods), wall: 3.998 hours, Δt:   0.76, CFL: 7.20e-01
i: 479700, t:  490442.4 s, ωt:  49.04 (7.81 periods), wall: 3.999 hours, Δt:   0.83, CFL: 7.20e-01
i: 479800, t:  490518.8 s, ωt:  49.05 (7.81 periods), wall: 3.999 hours, Δt:   0.76, CFL: 7.20e-01
i: 479900, t:  490592.3 s, ωt:  49.06 (7.81 periods), wall: 4.000 hours, Δt:   0.82, CFL: 7.20e-01
i: 480000, t:  490671.0 s, ωt:  49.07 (7.81 periods), wall: 4.001 hours, Δt:   0.88, CFL: 7.20e-01
i: 480100, t:  490753.7 s, ωt:  49.08 (7.81 periods), wall: 4.002 hours, Δt:   0.80, CFL: 7.20e-01
i: 480200, t:  490832.2 s, ωt:  49.08 (7.81 periods), wall: 4.003 hours, Δt:   0.73, CFL: 7.20e-01
i: 480300, t:  490906.3 s, ωt:  49.09 (7.81 periods), wall: 4.004 hours, Δt:   0.73, CFL: 7.20e-01
i: 480400, t:  490980.8 s, ωt:  49.10 (7.81 periods), wall: 4.004 hours, Δt:   0.72, CFL: 7.20e-01
i: 480500, t:  491057.1 s, ωt:  49.11 (7.82 periods), wall: 4.005 hours, Δt:   0.88, CFL: 7.20e-01
i: 480600, t:  491145.0 s, ωt:  49.11 (7.82 periods), wall: 4.006 hours, Δt:   0.91, CFL: 7.20e-01
i: 480700, t:  491227.8 s, ωt:  49.12 (7.82 periods), wall: 4.007 hours, Δt:   0.69, CFL: 7.20e-01
i: 480800, t:  491299.3 s, ωt:  49.13 (7.82 periods), wall: 4.008 hours, Δt:   0.72, CFL: 7.20e-01
i: 480900, t:  491376.8 s, ωt:  49.14 (7.82 periods), wall: 4.009 hours, Δt:   0.84, CFL: 7.20e-01
i: 481000, t:  491454.7 s, ωt:  49.15 (7.82 periods), wall: 4.009 hours, Δt:   0.76, CFL: 7.20e-01
i: 481100, t:  491542.8 s, ωt:  49.15 (7.82 periods), wall: 4.010 hours, Δt:   0.92, CFL: 7.20e-01
i: 481200, t:  491633.4 s, ωt:  49.16 (7.82 periods), wall: 4.011 hours, Δt:   0.87, CFL: 7.20e-01
i: 481300, t:  491714.9 s, ωt:  49.17 (7.83 periods), wall: 4.012 hours, Δt:   0.91, CFL: 7.20e-01
i: 481400, t:  491811.6 s, ωt:  49.18 (7.83 periods), wall: 4.013 hours, Δt:   0.94, CFL: 7.20e-01
i: 481500, t:  491900.2 s, ωt:  49.19 (7.83 periods), wall: 4.014 hours, Δt:   0.85, CFL: 7.20e-01
i: 481600, t:  491976.4 s, ωt:  49.20 (7.83 periods), wall: 4.014 hours, Δt:   0.73, CFL: 7.20e-01
i: 481700, t:  492059.5 s, ωt:  49.21 (7.83 periods), wall: 4.015 hours, Δt:   0.97, CFL: 7.20e-01
i: 481800, t:  492149.0 s, ωt:  49.21 (7.83 periods), wall: 4.016 hours, Δt:   0.93, CFL: 7.20e-01
i: 481900, t:  492234.5 s, ωt:  49.22 (7.83 periods), wall: 4.017 hours, Δt:   0.86, CFL: 7.20e-01
i: 482000, t:  492321.2 s, ωt:  49.23 (7.84 periods), wall: 4.018 hours, Δt:   0.92, CFL: 7.20e-01
i: 482100, t:  492417.3 s, ωt:  49.24 (7.84 periods), wall: 4.019 hours, Δt:   1.07, CFL: 7.20e-01
i: 482200, t:  492516.0 s, ωt:  49.25 (7.84 periods), wall: 4.019 hours, Δt:   0.94, CFL: 7.20e-01
i: 482300, t:  492602.5 s, ωt:  49.26 (7.84 periods), wall: 4.020 hours, Δt:   0.85, CFL: 7.20e-01
i: 482400, t:  492692.0 s, ωt:  49.27 (7.84 periods), wall: 4.021 hours, Δt:   0.79, CFL: 7.20e-01
i: 482500, t:  492773.3 s, ωt:  49.28 (7.84 periods), wall: 4.022 hours, Δt:   0.95, CFL: 7.20e-01
i: 482600, t:  492857.4 s, ωt:  49.29 (7.84 periods), wall: 4.023 hours, Δt:   1.06, CFL: 7.20e-01
i: 482700, t:  492952.3 s, ωt:  49.30 (7.85 periods), wall: 4.024 hours, Δt:   0.98, CFL: 7.20e-01
i: 482800, t:  493051.8 s, ωt:  49.31 (7.85 periods), wall: 4.024 hours, Δt:   1.00, CFL: 7.20e-01
i: 482900, t:  493137.6 s, ωt:  49.31 (7.85 periods), wall: 4.025 hours, Δt:   0.88, CFL: 7.20e-01
i: 483000, t:  493234.1 s, ωt:  49.32 (7.85 periods), wall: 4.026 hours, Δt:   0.93, CFL: 7.20e-01
i: 483100, t:  493322.6 s, ωt:  49.33 (7.85 periods), wall: 4.027 hours, Δt:   0.86, CFL: 7.20e-01
i: 483200, t:  493407.9 s, ωt:  49.34 (7.85 periods), wall: 4.028 hours, Δt:   0.98, CFL: 7.20e-01
i: 483300, t:  493500.1 s, ωt:  49.35 (7.85 periods), wall: 4.029 hours, Δt:   0.90, CFL: 7.20e-01
i: 483400, t:  493586.2 s, ωt:  49.36 (7.86 periods), wall: 4.029 hours, Δt:   0.98, CFL: 7.20e-01
i: 483500, t:  493662.7 s, ωt:  49.37 (7.86 periods), wall: 4.030 hours, Δt:   0.88, CFL: 7.20e-01
i: 483600, t:  493753.3 s, ωt:  49.38 (7.86 periods), wall: 4.031 hours, Δt:   0.92, CFL: 7.20e-01
i: 483700, t:  493842.7 s, ωt:  49.38 (7.86 periods), wall: 4.032 hours, Δt:   0.91, CFL: 7.20e-01
i: 483800, t:  493939.4 s, ωt:  49.39 (7.86 periods), wall: 4.033 hours, Δt:   0.91, CFL: 7.20e-01
i: 483900, t:  494038.7 s, ωt:  49.40 (7.86 periods), wall: 4.034 hours, Δt:   0.99, CFL: 7.20e-01
i: 484000, t:  494139.1 s, ωt:  49.41 (7.86 periods), wall: 4.034 hours, Δt:   0.99, CFL: 7.20e-01
i: 484100, t:  494236.7 s, ωt:  49.42 (7.87 periods), wall: 4.035 hours, Δt:   0.95, CFL: 7.20e-01
i: 484200, t:  494331.2 s, ωt:  49.43 (7.87 periods), wall: 4.036 hours, Δt:   0.90, CFL: 7.20e-01
i: 484300, t:  494427.8 s, ωt:  49.44 (7.87 periods), wall: 4.037 hours, Δt:   1.09, CFL: 7.20e-01
i: 484400, t:  494525.8 s, ωt:  49.45 (7.87 periods), wall: 4.038 hours, Δt:   1.04, CFL: 7.20e-01
i: 484500, t:  494621.7 s, ωt:  49.46 (7.87 periods), wall: 4.038 hours, Δt:   0.92, CFL: 7.20e-01
i: 484600, t:  494714.9 s, ωt:  49.47 (7.87 periods), wall: 4.039 hours, Δt:   0.95, CFL: 7.20e-01
i: 484700, t:  494810.9 s, ωt:  49.48 (7.88 periods), wall: 4.040 hours, Δt:   1.00, CFL: 7.20e-01
i: 484800, t:  494913.1 s, ωt:  49.49 (7.88 periods), wall: 4.041 hours, Δt:   0.97, CFL: 7.20e-01
i: 484900, t:  495020.5 s, ωt:  49.50 (7.88 periods), wall: 4.042 hours, Δt:   1.13, CFL: 7.20e-01
i: 485000, t:  495129.1 s, ωt:  49.51 (7.88 periods), wall: 4.043 hours, Δt:   1.16, CFL: 7.20e-01
i: 485100, t:  495236.3 s, ωt:  49.52 (7.88 periods), wall: 4.043 hours, Δt:   1.05, CFL: 7.20e-01
i: 485200, t:  495350.9 s, ωt:  49.54 (7.88 periods), wall: 4.044 hours, Δt:   1.12, CFL: 7.20e-01
i: 485300, t:  495462.7 s, ωt:  49.55 (7.89 periods), wall: 4.045 hours, Δt:   1.21, CFL: 7.20e-01
i: 485400, t:  495581.0 s, ωt:  49.56 (7.89 periods), wall: 4.046 hours, Δt:   1.12, CFL: 7.20e-01
i: 485500, t:  495700.5 s, ωt:  49.57 (7.89 periods), wall: 4.047 hours, Δt:   1.30, CFL: 7.20e-01
i: 485600, t:  495827.6 s, ωt:  49.58 (7.89 periods), wall: 4.048 hours, Δt:   1.24, CFL: 7.20e-01
i: 485700, t:  495947.1 s, ωt:  49.59 (7.89 periods), wall: 4.048 hours, Δt:   1.22, CFL: 7.20e-01
i: 485800, t:  496066.8 s, ωt:  49.61 (7.90 periods), wall: 4.049 hours, Δt:   1.26, CFL: 7.20e-01
i: 485900, t:  496183.2 s, ωt:  49.62 (7.90 periods), wall: 4.050 hours, Δt:   0.90, CFL: 7.20e-01
i: 486000, t:  496295.0 s, ωt:  49.63 (7.90 periods), wall: 4.051 hours, Δt:   1.41, CFL: 7.20e-01
i: 486100, t:  496424.4 s, ωt:  49.64 (7.90 periods), wall: 4.052 hours, Δt:   1.48, CFL: 7.20e-01
i: 486200, t:  496553.6 s, ωt:  49.66 (7.90 periods), wall: 4.053 hours, Δt:   1.11, CFL: 7.20e-01
i: 486300, t:  496681.3 s, ωt:  49.67 (7.90 periods), wall: 4.053 hours, Δt:   1.51, CFL: 7.20e-01
i: 486400, t:  496816.5 s, ωt:  49.68 (7.91 periods), wall: 4.054 hours, Δt:   1.32, CFL: 7.20e-01
i: 486500, t:  496963.4 s, ωt:  49.70 (7.91 periods), wall: 4.055 hours, Δt:   1.37, CFL: 7.20e-01
i: 486600, t:  497113.2 s, ωt:  49.71 (7.91 periods), wall: 4.056 hours, Δt:   1.54, CFL: 7.20e-01
i: 486700, t:  497261.4 s, ωt:  49.73 (7.91 periods), wall: 4.057 hours, Δt:   1.74, CFL: 7.20e-01
i: 486800, t:  497430.8 s, ωt:  49.74 (7.92 periods), wall: 4.058 hours, Δt:   1.72, CFL: 7.20e-01
i: 486900, t:  497579.0 s, ωt:  49.76 (7.92 periods), wall: 4.059 hours, Δt:   1.42, CFL: 7.20e-01
i: 487000, t:  497733.2 s, ωt:  49.77 (7.92 periods), wall: 4.059 hours, Δt:   1.95, CFL: 7.20e-01
i: 487100, t:  497896.5 s, ωt:  49.79 (7.92 periods), wall: 4.060 hours, Δt:   1.70, CFL: 7.20e-01
i: 487200, t:  498049.4 s, ωt:  49.80 (7.93 periods), wall: 4.061 hours, Δt:   1.48, CFL: 7.20e-01
i: 487300, t:  498206.4 s, ωt:  49.82 (7.93 periods), wall: 4.062 hours, Δt:   1.56, CFL: 7.20e-01
i: 487400, t:  498375.3 s, ωt:  49.84 (7.93 periods), wall: 4.063 hours, Δt:   1.91, CFL: 7.20e-01
i: 487500, t:  498549.8 s, ωt:  49.85 (7.93 periods), wall: 4.064 hours, Δt:   1.88, CFL: 7.20e-01
i: 487600, t:  498727.1 s, ωt:  49.87 (7.94 periods), wall: 4.064 hours, Δt:   1.60, CFL: 7.20e-01
i: 487700, t:  498912.1 s, ωt:  49.89 (7.94 periods), wall: 4.065 hours, Δt:   2.06, CFL: 7.20e-01
i: 487800, t:  499106.8 s, ωt:  49.91 (7.94 periods), wall: 4.066 hours, Δt:   1.85, CFL: 7.20e-01
i: 487900, t:  499299.4 s, ωt:  49.93 (7.95 periods), wall: 4.067 hours, Δt:   1.79, CFL: 7.20e-01
i: 488000, t:  499483.6 s, ωt:  49.95 (7.95 periods), wall: 4.068 hours, Δt:   1.81, CFL: 7.20e-01
i: 488100, t:  499655.8 s, ωt:  49.97 (7.95 periods), wall: 4.069 hours, Δt:   1.92, CFL: 7.20e-01
i: 488200, t:  499851.9 s, ωt:  49.99 (7.96 periods), wall: 4.069 hours, Δt:   2.04, CFL: 7.20e-01
i: 488300, t:  500061.4 s, ωt:  50.01 (7.96 periods), wall: 4.070 hours, Δt:   1.95, CFL: 7.20e-01
i: 488400, t:  500275.1 s, ωt:  50.03 (7.96 periods), wall: 4.071 hours, Δt:   2.30, CFL: 7.20e-01
i: 488500, t:  500497.1 s, ωt:  50.05 (7.97 periods), wall: 4.072 hours, Δt:   2.17, CFL: 7.20e-01
i: 488600, t:  500744.9 s, ωt:  50.07 (7.97 periods), wall: 4.073 hours, Δt:   2.24, CFL: 7.20e-01
i: 488700, t:  501009.1 s, ωt:  50.10 (7.97 periods), wall: 4.074 hours, Δt:   2.88, CFL: 7.20e-01
i: 488800, t:  501252.7 s, ωt:  50.13 (7.98 periods), wall: 4.074 hours, Δt:   2.49, CFL: 7.20e-01
i: 488900, t:  501516.8 s, ωt:  50.15 (7.98 periods), wall: 4.075 hours, Δt:   2.67, CFL: 7.20e-01
i: 489000, t:  501762.6 s, ωt:  50.18 (7.99 periods), wall: 4.076 hours, Δt:   3.13, CFL: 7.20e-01
i: 489100, t:  502055.9 s, ωt:  50.21 (7.99 periods), wall: 4.077 hours, Δt:   2.67, CFL: 7.20e-01
i: 489200, t:  502327.1 s, ωt:  50.23 (7.99 periods), wall: 4.078 hours, Δt:   3.06, CFL: 7.20e-01
i: 489300, t:  502637.8 s, ωt:  50.26 (8.00 periods), wall: 4.079 hours, Δt:   3.04, CFL: 7.20e-01
[ Info: Oceananigans will use 16 threads
[ Info: Case T6_Ri500 (T = 6 m): Ri = 500, N² = 5e-06 s⁻², δ_s = 0.1414 m, Re_s = 5657
[ Info: Domain 7.071 × 3.536 × 12.728 m = 50 × 25 × 90 δ_s, 8 periods
[ Info: Background: linear N²_bg = N∞² (uniform). Initial b: mixed layer of depth T = 6.00 m = 42.4 δ_s carved into N∞²z (bᵢ/(N∞²z) = 0.000 at z = δ_s, 0.181 at z = T)
[ Info: Bottom Δz = 0.0073 m = 0.051 δ_s (19.5 points across δ_s); 182 of 192 cells below the sponge
[ Info: Δx = 0.1473 m = 1.04 δ_s, Δy = 0.0737 m = 0.52 δ_s
[ Info: Initializing velocities from Ri=0 spin-up: -Varying L_strat/output_L4_Ri0/TidalBL3D_L4_Ri0_fields.jld2
[ Info: Using snapshot 11/11 (t = 5.00 periods of the spin-up)
[ Info: x-y slice at k = 18 (z = 0.151 m ≈ δ)
[ Info: Initializing simulation...
[ Info:     ... simulation initialization complete (17.572 seconds)
[ Info: Executing initial time step...
[ Info:     ... initial time step complete (4.188 seconds).
[ Info: Simulation is stopping after running for 4.073 hours.
[ Info: Simulation time 5.818 days equals or exceeds stop time 5.818 days.
