i:      0, t:       0.0 s, ωt:   0.00 (0.00 periods), wall: 10.994 seconds, Δt:   1.20, CFL: 1.51e-01
i:    100, t:     311.5 s, ωt:   0.03 (0.00 periods), wall: 21.942 seconds, Δt:   6.11, CFL: 7.20e-01
i:    200, t:     824.4 s, ωt:   0.08 (0.01 periods), wall: 24.490 seconds, Δt:   4.43, CFL: 7.20e-01
i:    300, t:    1273.5 s, ωt:   0.13 (0.02 periods), wall: 27.047 seconds, Δt:   4.67, CFL: 7.20e-01
i:    400, t:    1746.8 s, ωt:   0.17 (0.03 periods), wall: 29.597 seconds, Δt:   4.62, CFL: 7.20e-01
i:    500, t:    2229.2 s, ωt:   0.22 (0.04 periods), wall: 32.157 seconds, Δt:   4.93, CFL: 7.20e-01
i:    600, t:    2715.5 s, ωt:   0.27 (0.04 periods), wall: 34.713 seconds, Δt:   4.19, CFL: 7.20e-01
i:    700, t:    3114.3 s, ωt:   0.31 (0.05 periods), wall: 37.268 seconds, Δt:   3.89, CFL: 7.20e-01
i:    800, t:    3452.1 s, ωt:   0.35 (0.05 periods), wall: 39.834 seconds, Δt:   2.98, CFL: 7.20e-01
i:    900, t:    3734.9 s, ωt:   0.37 (0.06 periods), wall: 42.394 seconds, Δt:   3.59, CFL: 7.20e-01
i:   1000, t:    4041.6 s, ωt:   0.40 (0.06 periods), wall: 44.959 seconds, Δt:   2.84, CFL: 7.20e-01
i:   1100, t:    4320.4 s, ωt:   0.43 (0.07 periods), wall: 47.522 seconds, Δt:   2.80, CFL: 7.20e-01
i:   1200, t:    4601.5 s, ωt:   0.46 (0.07 periods), wall: 50.088 seconds, Δt:   2.58, CFL: 7.20e-01
i:   1300, t:    4865.2 s, ωt:   0.49 (0.08 periods), wall: 52.650 seconds, Δt:   2.76, CFL: 7.20e-01
i:   1400, t:    5143.9 s, ωt:   0.51 (0.08 periods), wall: 55.217 seconds, Δt:   2.42, CFL: 7.20e-01
i:   1500, t:    5412.2 s, ωt:   0.54 (0.09 periods), wall: 57.781 seconds, Δt:   2.78, CFL: 7.20e-01
i:   1600, t:    5673.8 s, ωt:   0.57 (0.09 periods), wall: 1.006 minutes, Δt:   2.49, CFL: 7.20e-01
i:   1700, t:    5898.6 s, ωt:   0.59 (0.09 periods), wall: 1.048 minutes, Δt:   2.21, CFL: 7.20e-01
i:   1800, t:    6133.9 s, ωt:   0.61 (0.10 periods), wall: 1.091 minutes, Δt:   1.91, CFL: 7.20e-01
i:   1900, t:    6348.1 s, ωt:   0.63 (0.10 periods), wall: 1.134 minutes, Δt:   1.85, CFL: 7.20e-01
i:   2000, t:    6562.4 s, ωt:   0.66 (0.10 periods), wall: 1.177 minutes, Δt:   1.99, CFL: 7.20e-01
i:   2100, t:    6766.7 s, ωt:   0.68 (0.11 periods), wall: 1.219 minutes, Δt:   2.14, CFL: 7.20e-01
i:   2200, t:    6968.3 s, ωt:   0.70 (0.11 periods), wall: 1.262 minutes, Δt:   2.00, CFL: 7.20e-01
i:   2300, t:    7159.2 s, ωt:   0.72 (0.11 periods), wall: 1.305 minutes, Δt:   1.76, CFL: 7.20e-01
i:   2400, t:    7342.2 s, ωt:   0.73 (0.12 periods), wall: 1.347 minutes, Δt:   1.96, CFL: 7.20e-01
i:   2500, t:    7539.8 s, ωt:   0.75 (0.12 periods), wall: 1.390 minutes, Δt:   2.06, CFL: 7.20e-01
i:   2600, t:    7727.9 s, ωt:   0.77 (0.12 periods), wall: 1.433 minutes, Δt:   2.02, CFL: 7.20e-01
i:   2700, t:    7909.2 s, ωt:   0.79 (0.13 periods), wall: 1.475 minutes, Δt:   1.53, CFL: 7.20e-01
i:   2800, t:    8070.9 s, ωt:   0.81 (0.13 periods), wall: 1.518 minutes, Δt:   1.81, CFL: 7.20e-01
i:   2900, t:    8248.0 s, ωt:   0.82 (0.13 periods), wall: 1.561 minutes, Δt:   1.80, CFL: 7.20e-01
i:   3000, t:    8419.8 s, ωt:   0.84 (0.13 periods), wall: 1.604 minutes, Δt:   1.76, CFL: 7.20e-01
i:   3100, t:    8595.3 s, ωt:   0.86 (0.14 periods), wall: 1.646 minutes, Δt:   1.57, CFL: 7.20e-01
i:   3200, t:    8759.6 s, ωt:   0.88 (0.14 periods), wall: 1.689 minutes, Δt:   1.63, CFL: 7.20e-01
i:   3300, t:    8924.8 s, ωt:   0.89 (0.14 periods), wall: 1.732 minutes, Δt:   1.63, CFL: 7.20e-01
i:   3400, t:    9093.0 s, ωt:   0.91 (0.14 periods), wall: 1.774 minutes, Δt:   1.59, CFL: 7.20e-01
i:   3500, t:    9253.6 s, ωt:   0.93 (0.15 periods), wall: 1.817 minutes, Δt:   1.72, CFL: 7.20e-01
i:   3600, t:    9415.9 s, ωt:   0.94 (0.15 periods), wall: 1.860 minutes, Δt:   1.50, CFL: 7.20e-01
i:   3700, t:    9568.0 s, ωt:   0.96 (0.15 periods), wall: 1.902 minutes, Δt:   1.53, CFL: 7.20e-01
i:   3800, t:    9721.7 s, ωt:   0.97 (0.15 periods), wall: 1.945 minutes, Δt:   1.37, CFL: 7.20e-01
i:   3900, t:    9875.6 s, ωt:   0.99 (0.16 periods), wall: 1.988 minutes, Δt:   1.59, CFL: 7.20e-01
i:   4000, t:   10035.7 s, ωt:   1.00 (0.16 periods), wall: 2.030 minutes, Δt:   1.71, CFL: 7.20e-01
i:   4100, t:   10171.8 s, ωt:   1.02 (0.16 periods), wall: 2.073 minutes, Δt:   1.48, CFL: 7.20e-01
i:   4200, t:   10324.0 s, ωt:   1.03 (0.16 periods), wall: 2.116 minutes, Δt:   1.53, CFL: 7.20e-01
i:   4300, t:   10476.2 s, ωt:   1.05 (0.17 periods), wall: 2.159 minutes, Δt:   1.44, CFL: 7.20e-01
i:   4400, t:   10633.9 s, ωt:   1.06 (0.17 periods), wall: 2.201 minutes, Δt:   1.63, CFL: 7.20e-01
i:   4500, t:   10788.0 s, ωt:   1.08 (0.17 periods), wall: 2.244 minutes, Δt:   1.54, CFL: 7.20e-01
i:   4600, t:   10935.9 s, ωt:   1.09 (0.17 periods), wall: 2.287 minutes, Δt:   1.41, CFL: 7.20e-01
i:   4700, t:   11075.1 s, ωt:   1.11 (0.18 periods), wall: 2.329 minutes, Δt:   1.40, CFL: 7.20e-01
i:   4800, t:   11204.8 s, ωt:   1.12 (0.18 periods), wall: 2.372 minutes, Δt:   1.25, CFL: 7.20e-01
i:   4900, t:   11339.1 s, ωt:   1.13 (0.18 periods), wall: 2.415 minutes, Δt:   1.26, CFL: 7.20e-01
i:   5000, t:   11480.5 s, ωt:   1.15 (0.18 periods), wall: 2.457 minutes, Δt:   1.45, CFL: 7.20e-01
i:   5100, t:   11626.8 s, ωt:   1.16 (0.19 periods), wall: 2.500 minutes, Δt:   1.51, CFL: 7.20e-01
i:   5200, t:   11766.1 s, ωt:   1.18 (0.19 periods), wall: 2.543 minutes, Δt:   1.42, CFL: 7.20e-01
i:   5300, t:   11914.9 s, ωt:   1.19 (0.19 periods), wall: 2.585 minutes, Δt:   1.47, CFL: 7.20e-01
i:   5400, t:   12050.8 s, ωt:   1.21 (0.19 periods), wall: 2.628 minutes, Δt:   1.33, CFL: 7.20e-01
i:   5500, t:   12178.9 s, ωt:   1.22 (0.19 periods), wall: 2.671 minutes, Δt:   1.46, CFL: 7.20e-01
i:   5600, t:   12309.5 s, ωt:   1.23 (0.20 periods), wall: 2.714 minutes, Δt:   1.31, CFL: 7.20e-01
i:   5700, t:   12456.3 s, ωt:   1.25 (0.20 periods), wall: 2.756 minutes, Δt:   1.36, CFL: 7.20e-01
i:   5800, t:   12591.4 s, ωt:   1.26 (0.20 periods), wall: 2.799 minutes, Δt:   1.14, CFL: 7.20e-01
i:   5900, t:   12732.7 s, ωt:   1.27 (0.20 periods), wall: 2.843 minutes, Δt:   1.39, CFL: 7.20e-01
i:   6000, t:   12874.7 s, ωt:   1.29 (0.20 periods), wall: 2.886 minutes, Δt:   1.28, CFL: 7.20e-01
i:   6100, t:   13008.8 s, ωt:   1.30 (0.21 periods), wall: 2.928 minutes, Δt:   1.51, CFL: 7.20e-01
i:   6200, t:   13143.8 s, ωt:   1.31 (0.21 periods), wall: 2.971 minutes, Δt:   1.39, CFL: 7.20e-01
i:   6300, t:   13282.1 s, ωt:   1.33 (0.21 periods), wall: 3.014 minutes, Δt:   1.39, CFL: 7.20e-01
i:   6400, t:   13412.4 s, ωt:   1.34 (0.21 periods), wall: 3.056 minutes, Δt:   1.49, CFL: 7.20e-01
i:   6500, t:   13554.6 s, ωt:   1.36 (0.22 periods), wall: 3.099 minutes, Δt:   1.47, CFL: 7.20e-01
i:   6600, t:   13696.5 s, ωt:   1.37 (0.22 periods), wall: 3.142 minutes, Δt:   1.42, CFL: 7.20e-01
i:   6700, t:   13837.2 s, ωt:   1.38 (0.22 periods), wall: 3.184 minutes, Δt:   1.33, CFL: 7.20e-01
i:   6800, t:   13972.9 s, ωt:   1.40 (0.22 periods), wall: 3.227 minutes, Δt:   1.47, CFL: 7.20e-01
i:   6900, t:   14110.9 s, ωt:   1.41 (0.22 periods), wall: 3.270 minutes, Δt:   1.33, CFL: 7.20e-01
i:   7000, t:   14236.5 s, ωt:   1.42 (0.23 periods), wall: 3.312 minutes, Δt:   1.36, CFL: 7.20e-01
i:   7100, t:   14371.1 s, ωt:   1.44 (0.23 periods), wall: 3.355 minutes, Δt:   1.42, CFL: 7.20e-01
i:   7200, t:   14499.0 s, ωt:   1.45 (0.23 periods), wall: 3.398 minutes, Δt:   1.46, CFL: 7.20e-01
i:   7300, t:   14641.4 s, ωt:   1.46 (0.23 periods), wall: 3.440 minutes, Δt:   1.31, CFL: 7.20e-01
i:   7400, t:   14781.4 s, ωt:   1.48 (0.24 periods), wall: 3.483 minutes, Δt:   1.61, CFL: 7.20e-01
i:   7500, t:   14922.7 s, ωt:   1.49 (0.24 periods), wall: 3.526 minutes, Δt:   1.54, CFL: 7.20e-01
i:   7600, t:   15067.8 s, ωt:   1.51 (0.24 periods), wall: 3.568 minutes, Δt:   1.42, CFL: 7.20e-01
i:   7700, t:   15198.3 s, ωt:   1.52 (0.24 periods), wall: 3.611 minutes, Δt:   1.46, CFL: 7.20e-01
i:   7800, t:   15339.7 s, ωt:   1.53 (0.24 periods), wall: 3.654 minutes, Δt:   1.42, CFL: 7.20e-01
i:   7900, t:   15474.5 s, ωt:   1.55 (0.25 periods), wall: 3.696 minutes, Δt:   1.52, CFL: 7.20e-01
i:   8000, t:   15618.6 s, ωt:   1.56 (0.25 periods), wall: 3.739 minutes, Δt:   1.31, CFL: 7.20e-01
i:   8100, t:   15736.5 s, ωt:   1.57 (0.25 periods), wall: 3.782 minutes, Δt:   1.37, CFL: 7.20e-01
i:   8200, t:   15868.7 s, ωt:   1.59 (0.25 periods), wall: 3.824 minutes, Δt:   1.37, CFL: 7.20e-01
i:   8300, t:   16008.0 s, ωt:   1.60 (0.25 periods), wall: 3.867 minutes, Δt:   1.30, CFL: 7.20e-01
i:   8400, t:   16145.5 s, ωt:   1.61 (0.26 periods), wall: 3.910 minutes, Δt:   1.23, CFL: 7.20e-01
i:   8500, t:   16282.0 s, ωt:   1.63 (0.26 periods), wall: 3.952 minutes, Δt:   1.34, CFL: 7.20e-01
i:   8600, t:   16420.3 s, ωt:   1.64 (0.26 periods), wall: 3.995 minutes, Δt:   1.30, CFL: 7.20e-01
i:   8700, t:   16555.1 s, ωt:   1.66 (0.26 periods), wall: 4.038 minutes, Δt:   1.53, CFL: 7.20e-01
i:   8800, t:   16692.7 s, ωt:   1.67 (0.27 periods), wall: 4.080 minutes, Δt:   1.36, CFL: 7.20e-01
i:   8900, t:   16833.4 s, ωt:   1.68 (0.27 periods), wall: 4.123 minutes, Δt:   1.27, CFL: 7.20e-01
i:   9000, t:   16967.5 s, ωt:   1.70 (0.27 periods), wall: 4.166 minutes, Δt:   1.44, CFL: 7.20e-01
i:   9100, t:   17108.9 s, ωt:   1.71 (0.27 periods), wall: 4.208 minutes, Δt:   1.51, CFL: 7.20e-01
i:   9200, t:   17244.8 s, ωt:   1.72 (0.27 periods), wall: 4.251 minutes, Δt:   1.40, CFL: 7.20e-01
i:   9300, t:   17384.2 s, ωt:   1.74 (0.28 periods), wall: 4.294 minutes, Δt:   1.37, CFL: 7.20e-01
i:   9400, t:   17518.2 s, ωt:   1.75 (0.28 periods), wall: 4.336 minutes, Δt:   1.45, CFL: 7.20e-01
i:   9500, t:   17651.3 s, ωt:   1.77 (0.28 periods), wall: 4.379 minutes, Δt:   1.28, CFL: 7.20e-01
i:   9600, t:   17794.0 s, ωt:   1.78 (0.28 periods), wall: 4.422 minutes, Δt:   1.44, CFL: 7.20e-01
i:   9700, t:   17932.3 s, ωt:   1.79 (0.29 periods), wall: 4.464 minutes, Δt:   1.50, CFL: 7.20e-01
i:   9800, t:   18072.6 s, ωt:   1.81 (0.29 periods), wall: 4.507 minutes, Δt:   1.38, CFL: 7.20e-01
i:   9900, t:   18212.0 s, ωt:   1.82 (0.29 periods), wall: 4.550 minutes, Δt:   1.33, CFL: 7.20e-01
i:  10000, t:   18355.3 s, ωt:   1.84 (0.29 periods), wall: 4.593 minutes, Δt:   1.36, CFL: 7.20e-01
i:  10100, t:   18490.9 s, ωt:   1.85 (0.29 periods), wall: 4.635 minutes, Δt:   1.25, CFL: 7.20e-01
i:  10200, t:   18624.0 s, ωt:   1.86 (0.30 periods), wall: 4.678 minutes, Δt:   1.53, CFL: 7.20e-01
i:  10300, t:   18765.7 s, ωt:   1.88 (0.30 periods), wall: 4.720 minutes, Δt:   1.53, CFL: 7.20e-01
i:  10400, t:   18904.6 s, ωt:   1.89 (0.30 periods), wall: 4.763 minutes, Δt:   1.41, CFL: 7.20e-01
i:  10500, t:   19046.5 s, ωt:   1.90 (0.30 periods), wall: 4.806 minutes, Δt:   1.53, CFL: 7.20e-01
i:  10600, t:   19188.9 s, ωt:   1.92 (0.31 periods), wall: 4.848 minutes, Δt:   1.41, CFL: 7.20e-01
i:  10700, t:   19320.5 s, ωt:   1.93 (0.31 periods), wall: 4.891 minutes, Δt:   1.28, CFL: 7.20e-01
i:  10800, t:   19465.4 s, ωt:   1.95 (0.31 periods), wall: 4.934 minutes, Δt:   1.36, CFL: 7.20e-01
i:  10900, t:   19602.6 s, ωt:   1.96 (0.31 periods), wall: 4.977 minutes, Δt:   1.60, CFL: 7.20e-01
i:  11000, t:   19749.3 s, ωt:   1.97 (0.31 periods), wall: 5.019 minutes, Δt:   1.40, CFL: 7.20e-01
i:  11100, t:   19906.6 s, ωt:   1.99 (0.32 periods), wall: 5.062 minutes, Δt:   1.54, CFL: 7.20e-01
i:  11200, t:   20042.2 s, ωt:   2.00 (0.32 periods), wall: 5.105 minutes, Δt:   1.09, CFL: 7.20e-01
i:  11300, t:   20169.0 s, ωt:   2.02 (0.32 periods), wall: 5.147 minutes, Δt:   1.32, CFL: 7.20e-01
i:  11400, t:   20309.6 s, ωt:   2.03 (0.32 periods), wall: 5.190 minutes, Δt:   1.54, CFL: 7.20e-01
i:  11500, t:   20473.4 s, ωt:   2.05 (0.33 periods), wall: 5.233 minutes, Δt:   1.48, CFL: 7.20e-01
i:  11600, t:   20623.7 s, ωt:   2.06 (0.33 periods), wall: 5.275 minutes, Δt:   1.62, CFL: 7.20e-01
i:  11700, t:   20780.2 s, ωt:   2.08 (0.33 periods), wall: 5.318 minutes, Δt:   1.37, CFL: 7.20e-01
i:  11800, t:   20924.7 s, ωt:   2.09 (0.33 periods), wall: 5.361 minutes, Δt:   1.40, CFL: 7.20e-01
i:  11900, t:   21064.0 s, ωt:   2.11 (0.34 periods), wall: 5.403 minutes, Δt:   1.48, CFL: 7.20e-01
i:  12000, t:   21213.5 s, ωt:   2.12 (0.34 periods), wall: 5.446 minutes, Δt:   1.49, CFL: 7.20e-01
i:  12100, t:   21372.8 s, ωt:   2.14 (0.34 periods), wall: 5.489 minutes, Δt:   1.74, CFL: 7.20e-01
i:  12200, t:   21547.2 s, ωt:   2.15 (0.34 periods), wall: 5.531 minutes, Δt:   1.60, CFL: 7.20e-01
i:  12300, t:   21708.7 s, ωt:   2.17 (0.35 periods), wall: 5.574 minutes, Δt:   1.62, CFL: 7.20e-01
i:  12400, t:   21851.8 s, ωt:   2.19 (0.35 periods), wall: 5.617 minutes, Δt:   1.79, CFL: 7.20e-01
i:  12500, t:   22030.7 s, ωt:   2.20 (0.35 periods), wall: 5.659 minutes, Δt:   1.49, CFL: 7.20e-01
i:  12600, t:   22180.5 s, ωt:   2.22 (0.35 periods), wall: 5.702 minutes, Δt:   1.46, CFL: 7.20e-01
i:  12700, t:   22344.9 s, ωt:   2.23 (0.36 periods), wall: 5.745 minutes, Δt:   1.60, CFL: 7.20e-01
i:  12800, t:   22500.2 s, ωt:   2.25 (0.36 periods), wall: 5.787 minutes, Δt:   1.66, CFL: 7.20e-01
i:  12900, t:   22672.0 s, ωt:   2.27 (0.36 periods), wall: 5.830 minutes, Δt:   1.71, CFL: 7.20e-01
i:  13000, t:   22831.3 s, ωt:   2.28 (0.36 periods), wall: 5.873 minutes, Δt:   1.68, CFL: 7.20e-01
i:  13100, t:   23014.1 s, ωt:   2.30 (0.37 periods), wall: 5.915 minutes, Δt:   1.88, CFL: 7.20e-01
i:  13200, t:   23204.7 s, ωt:   2.32 (0.37 periods), wall: 5.958 minutes, Δt:   1.68, CFL: 7.20e-01
i:  13300, t:   23360.6 s, ωt:   2.34 (0.37 periods), wall: 6.001 minutes, Δt:   1.29, CFL: 7.20e-01
i:  13400, t:   23526.0 s, ωt:   2.35 (0.37 periods), wall: 6.043 minutes, Δt:   1.78, CFL: 7.20e-01
i:  13500, t:   23706.8 s, ωt:   2.37 (0.38 periods), wall: 6.086 minutes, Δt:   2.00, CFL: 7.20e-01
i:  13600, t:   23889.5 s, ωt:   2.39 (0.38 periods), wall: 6.129 minutes, Δt:   1.93, CFL: 7.20e-01
i:  13700, t:   24092.0 s, ωt:   2.41 (0.38 periods), wall: 6.171 minutes, Δt:   1.91, CFL: 7.20e-01
i:  13800, t:   24282.5 s, ωt:   2.43 (0.39 periods), wall: 6.214 minutes, Δt:   2.24, CFL: 7.20e-01
i:  13900, t:   24483.1 s, ωt:   2.45 (0.39 periods), wall: 6.257 minutes, Δt:   1.80, CFL: 7.20e-01
i:  14000, t:   24676.8 s, ωt:   2.47 (0.39 periods), wall: 6.299 minutes, Δt:   1.74, CFL: 7.20e-01
i:  14100, t:   24865.7 s, ωt:   2.49 (0.40 periods), wall: 6.342 minutes, Δt:   2.18, CFL: 7.20e-01
i:  14200, t:   25075.5 s, ωt:   2.51 (0.40 periods), wall: 6.385 minutes, Δt:   2.01, CFL: 7.20e-01
i:  14300, t:   25276.8 s, ωt:   2.53 (0.40 periods), wall: 6.427 minutes, Δt:   2.16, CFL: 7.20e-01
i:  14400, t:   25499.7 s, ωt:   2.55 (0.41 periods), wall: 6.470 minutes, Δt:   2.06, CFL: 7.20e-01
i:  14500, t:   25717.2 s, ωt:   2.57 (0.41 periods), wall: 6.513 minutes, Δt:   2.08, CFL: 7.20e-01
i:  14600, t:   25925.1 s, ωt:   2.59 (0.41 periods), wall: 6.555 minutes, Δt:   2.25, CFL: 7.20e-01
i:  14700, t:   26160.0 s, ωt:   2.62 (0.42 periods), wall: 6.598 minutes, Δt:   2.35, CFL: 7.20e-01
i:  14800, t:   26411.9 s, ωt:   2.64 (0.42 periods), wall: 6.641 minutes, Δt:   2.65, CFL: 7.20e-01
i:  14900, t:   26654.2 s, ωt:   2.67 (0.42 periods), wall: 6.683 minutes, Δt:   2.31, CFL: 7.20e-01
i:  15000, t:   26912.2 s, ωt:   2.69 (0.43 periods), wall: 6.726 minutes, Δt:   2.75, CFL: 7.20e-01
i:  15100, t:   27201.8 s, ωt:   2.72 (0.43 periods), wall: 6.769 minutes, Δt:   2.48, CFL: 7.20e-01
i:  15200, t:   27470.2 s, ωt:   2.75 (0.44 periods), wall: 6.812 minutes, Δt:   2.66, CFL: 7.20e-01
i:  15300, t:   27706.5 s, ωt:   2.77 (0.44 periods), wall: 6.854 minutes, Δt:   2.22, CFL: 7.20e-01
i:  15400, t:   27965.5 s, ωt:   2.80 (0.45 periods), wall: 6.897 minutes, Δt:   2.85, CFL: 7.20e-01
i:  15500, t:   28255.0 s, ωt:   2.83 (0.45 periods), wall: 6.939 minutes, Δt:   3.06, CFL: 7.20e-01
i:  15600, t:   28599.0 s, ωt:   2.86 (0.46 periods), wall: 6.982 minutes, Δt:   3.79, CFL: 7.20e-01
i:  15700, t:   28959.4 s, ωt:   2.90 (0.46 periods), wall: 7.025 minutes, Δt:   3.47, CFL: 7.20e-01
i:  15800, t:   29305.1 s, ωt:   2.93 (0.47 periods), wall: 7.068 minutes, Δt:   3.41, CFL: 7.20e-01
i:  15900, t:   29678.1 s, ωt:   2.97 (0.47 periods), wall: 7.110 minutes, Δt:   4.86, CFL: 7.20e-01
i:  16000, t:   30174.2 s, ωt:   3.02 (0.48 periods), wall: 7.153 minutes, Δt:   5.64, CFL: 7.20e-01
i:  16100, t:   30749.7 s, ωt:   3.07 (0.49 periods), wall: 7.196 minutes, Δt:   5.42, CFL: 7.20e-01
i:  16200, t:   31336.8 s, ωt:   3.13 (0.50 periods), wall: 7.239 minutes, Δt:   5.15, CFL: 7.20e-01
i:  16300, t:   31877.4 s, ωt:   3.19 (0.51 periods), wall: 7.284 minutes, Δt:   5.49, CFL: 7.20e-01
i:  16400, t:   32339.3 s, ωt:   3.23 (0.51 periods), wall: 7.327 minutes, Δt:   4.95, CFL: 7.20e-01
i:  16500, t:   32806.9 s, ωt:   3.28 (0.52 periods), wall: 7.370 minutes, Δt:   4.38, CFL: 7.20e-01
i:  16600, t:   33291.4 s, ωt:   3.33 (0.53 periods), wall: 7.413 minutes, Δt:   4.95, CFL: 7.20e-01
i:  16700, t:   33725.0 s, ωt:   3.37 (0.54 periods), wall: 7.455 minutes, Δt:   3.46, CFL: 7.20e-01
i:  16800, t:   34109.2 s, ωt:   3.41 (0.54 periods), wall: 7.498 minutes, Δt:   4.65, CFL: 7.20e-01
i:  16900, t:   34543.3 s, ωt:   3.45 (0.55 periods), wall: 7.541 minutes, Δt:   4.24, CFL: 7.20e-01
i:  17000, t:   34952.3 s, ωt:   3.50 (0.56 periods), wall: 7.583 minutes, Δt:   4.01, CFL: 7.20e-01
i:  17100, t:   35302.8 s, ωt:   3.53 (0.56 periods), wall: 7.626 minutes, Δt:   2.69, CFL: 7.20e-01
i:  17200, t:   35583.7 s, ωt:   3.56 (0.57 periods), wall: 7.669 minutes, Δt:   2.98, CFL: 7.20e-01
i:  17300, t:   35869.4 s, ωt:   3.59 (0.57 periods), wall: 7.711 minutes, Δt:   2.97, CFL: 7.20e-01
i:  17400, t:   36144.0 s, ωt:   3.61 (0.58 periods), wall: 7.754 minutes, Δt:   2.82, CFL: 7.20e-01
i:  17500, t:   36406.6 s, ωt:   3.64 (0.58 periods), wall: 7.797 minutes, Δt:   2.40, CFL: 7.20e-01
i:  17600, t:   36638.2 s, ωt:   3.66 (0.58 periods), wall: 7.840 minutes, Δt:   1.96, CFL: 7.20e-01
i:  17700, t:   36834.6 s, ωt:   3.68 (0.59 periods), wall: 7.882 minutes, Δt:   1.90, CFL: 7.20e-01
i:  17800, t:   37024.5 s, ωt:   3.70 (0.59 periods), wall: 7.925 minutes, Δt:   2.07, CFL: 7.20e-01
i:  17900, t:   37216.2 s, ωt:   3.72 (0.59 periods), wall: 7.968 minutes, Δt:   1.72, CFL: 7.20e-01
i:  18000, t:   37385.0 s, ωt:   3.74 (0.59 periods), wall: 8.010 minutes, Δt:   1.95, CFL: 7.20e-01
i:  18100, t:   37574.0 s, ωt:   3.76 (0.60 periods), wall: 8.053 minutes, Δt:   1.84, CFL: 7.20e-01
i:  18200, t:   37776.1 s, ωt:   3.78 (0.60 periods), wall: 8.096 minutes, Δt:   1.98, CFL: 7.20e-01
i:  18300, t:   37975.5 s, ωt:   3.80 (0.60 periods), wall: 8.138 minutes, Δt:   1.95, CFL: 7.20e-01
i:  18400, t:   38183.9 s, ωt:   3.82 (0.61 periods), wall: 8.181 minutes, Δt:   1.86, CFL: 7.20e-01
i:  18500, t:   38376.5 s, ωt:   3.84 (0.61 periods), wall: 8.224 minutes, Δt:   2.05, CFL: 7.20e-01
i:  18600, t:   38567.3 s, ωt:   3.86 (0.61 periods), wall: 8.266 minutes, Δt:   1.68, CFL: 7.20e-01
i:  18700, t:   38741.6 s, ωt:   3.87 (0.62 periods), wall: 8.309 minutes, Δt:   1.80, CFL: 7.20e-01
i:  18800, t:   38910.5 s, ωt:   3.89 (0.62 periods), wall: 8.352 minutes, Δt:   1.87, CFL: 7.20e-01
i:  18900, t:   39082.2 s, ωt:   3.91 (0.62 periods), wall: 8.395 minutes, Δt:   1.77, CFL: 7.20e-01
i:  19000, t:   39250.5 s, ωt:   3.93 (0.62 periods), wall: 8.437 minutes, Δt:   1.90, CFL: 7.20e-01
i:  19100, t:   39438.5 s, ωt:   3.94 (0.63 periods), wall: 8.480 minutes, Δt:   1.90, CFL: 7.20e-01
i:  19200, t:   39623.1 s, ωt:   3.96 (0.63 periods), wall: 8.523 minutes, Δt:   1.88, CFL: 7.20e-01
i:  19300, t:   39798.9 s, ωt:   3.98 (0.63 periods), wall: 8.565 minutes, Δt:   1.86, CFL: 7.20e-01
i:  19400, t:   39963.2 s, ωt:   4.00 (0.64 periods), wall: 8.608 minutes, Δt:   1.59, CFL: 7.20e-01
i:  19500, t:   40123.4 s, ωt:   4.01 (0.64 periods), wall: 8.651 minutes, Δt:   1.42, CFL: 7.20e-01
i:  19600, t:   40275.3 s, ωt:   4.03 (0.64 periods), wall: 8.694 minutes, Δt:   1.75, CFL: 7.20e-01
i:  19700, t:   40432.5 s, ωt:   4.04 (0.64 periods), wall: 8.736 minutes, Δt:   1.49, CFL: 7.20e-01
i:  19800, t:   40583.1 s, ωt:   4.06 (0.65 periods), wall: 8.779 minutes, Δt:   1.55, CFL: 7.20e-01
i:  19900, t:   40744.4 s, ωt:   4.07 (0.65 periods), wall: 8.822 minutes, Δt:   1.66, CFL: 7.20e-01
i:  20000, t:   40899.9 s, ωt:   4.09 (0.65 periods), wall: 8.864 minutes, Δt:   1.47, CFL: 7.20e-01
i:  20100, t:   41044.5 s, ωt:   4.10 (0.65 periods), wall: 8.907 minutes, Δt:   1.61, CFL: 7.20e-01
i:  20200, t:   41193.8 s, ωt:   4.12 (0.66 periods), wall: 8.949 minutes, Δt:   1.63, CFL: 7.20e-01
i:  20300, t:   41347.6 s, ωt:   4.13 (0.66 periods), wall: 8.992 minutes, Δt:   1.58, CFL: 7.20e-01
i:  20400, t:   41499.1 s, ωt:   4.15 (0.66 periods), wall: 9.035 minutes, Δt:   1.47, CFL: 7.20e-01
i:  20500, t:   41641.9 s, ωt:   4.16 (0.66 periods), wall: 9.077 minutes, Δt:   1.38, CFL: 7.20e-01
i:  20600, t:   41787.3 s, ωt:   4.18 (0.67 periods), wall: 9.120 minutes, Δt:   1.47, CFL: 7.20e-01
i:  20700, t:   41938.7 s, ωt:   4.19 (0.67 periods), wall: 9.163 minutes, Δt:   1.58, CFL: 7.20e-01
i:  20800, t:   42084.7 s, ωt:   4.21 (0.67 periods), wall: 9.205 minutes, Δt:   1.31, CFL: 7.20e-01
i:  20900, t:   42240.8 s, ωt:   4.22 (0.67 periods), wall: 9.248 minutes, Δt:   1.36, CFL: 7.20e-01
i:  21000, t:   42376.7 s, ωt:   4.24 (0.67 periods), wall: 9.291 minutes, Δt:   1.28, CFL: 7.20e-01
i:  21100, t:   42500.9 s, ωt:   4.25 (0.68 periods), wall: 9.333 minutes, Δt:   1.39, CFL: 7.20e-01
i:  21200, t:   42641.2 s, ωt:   4.26 (0.68 periods), wall: 9.376 minutes, Δt:   1.50, CFL: 7.20e-01
i:  21300, t:   42785.4 s, ωt:   4.28 (0.68 periods), wall: 9.419 minutes, Δt:   1.32, CFL: 7.20e-01
i:  21400, t:   42923.4 s, ωt:   4.29 (0.68 periods), wall: 9.462 minutes, Δt:   1.52, CFL: 7.20e-01
i:  21500, t:   43063.9 s, ωt:   4.31 (0.69 periods), wall: 9.504 minutes, Δt:   1.41, CFL: 7.20e-01
i:  21600, t:   43202.1 s, ωt:   4.32 (0.69 periods), wall: 9.547 minutes, Δt:   1.31, CFL: 7.20e-01
i:  21700, t:   43338.6 s, ωt:   4.33 (0.69 periods), wall: 9.589 minutes, Δt:   1.43, CFL: 7.20e-01
i:  21800, t:   43476.0 s, ωt:   4.35 (0.69 periods), wall: 9.632 minutes, Δt:   1.41, CFL: 7.20e-01
i:  21900, t:   43608.7 s, ωt:   4.36 (0.69 periods), wall: 9.675 minutes, Δt:   1.28, CFL: 7.20e-01
i:  22000, t:   43745.7 s, ωt:   4.37 (0.70 periods), wall: 9.717 minutes, Δt:   1.38, CFL: 7.20e-01
i:  22100, t:   43876.2 s, ωt:   4.39 (0.70 periods), wall: 9.760 minutes, Δt:   1.31, CFL: 7.20e-01
i:  22200, t:   44014.8 s, ωt:   4.40 (0.70 periods), wall: 9.803 minutes, Δt:   1.45, CFL: 7.20e-01
i:  22300, t:   44156.4 s, ωt:   4.42 (0.70 periods), wall: 9.846 minutes, Δt:   1.43, CFL: 7.20e-01
i:  22400, t:   44296.5 s, ωt:   4.43 (0.70 periods), wall: 9.888 minutes, Δt:   1.58, CFL: 7.20e-01
i:  22500, t:   44445.6 s, ωt:   4.44 (0.71 periods), wall: 9.931 minutes, Δt:   1.47, CFL: 7.20e-01
i:  22600, t:   44579.4 s, ωt:   4.46 (0.71 periods), wall: 9.973 minutes, Δt:   1.45, CFL: 7.20e-01
i:  22700, t:   44718.2 s, ωt:   4.47 (0.71 periods), wall: 10.016 minutes, Δt:   1.20, CFL: 7.20e-01
i:  22800, t:   44856.2 s, ωt:   4.49 (0.71 periods), wall: 10.059 minutes, Δt:   1.46, CFL: 7.20e-01
i:  22900, t:   44989.1 s, ωt:   4.50 (0.72 periods), wall: 10.101 minutes, Δt:   1.47, CFL: 7.20e-01
i:  23000, t:   45125.9 s, ωt:   4.51 (0.72 periods), wall: 10.144 minutes, Δt:   1.42, CFL: 7.20e-01
i:  23100, t:   45265.1 s, ωt:   4.53 (0.72 periods), wall: 10.187 minutes, Δt:   1.36, CFL: 7.20e-01
i:  23200, t:   45390.8 s, ωt:   4.54 (0.72 periods), wall: 10.229 minutes, Δt:   1.27, CFL: 7.20e-01
i:  23300, t:   45525.1 s, ωt:   4.55 (0.72 periods), wall: 10.272 minutes, Δt:   1.31, CFL: 7.20e-01
i:  23400, t:   45656.1 s, ωt:   4.57 (0.73 periods), wall: 10.315 minutes, Δt:   1.45, CFL: 7.20e-01
i:  23500, t:   45792.4 s, ωt:   4.58 (0.73 periods), wall: 10.357 minutes, Δt:   1.50, CFL: 7.20e-01
i:  23600, t:   45926.3 s, ωt:   4.59 (0.73 periods), wall: 10.400 minutes, Δt:   1.30, CFL: 7.20e-01
i:  23700, t:   46051.2 s, ωt:   4.61 (0.73 periods), wall: 10.443 minutes, Δt:   1.28, CFL: 7.20e-01
i:  23800, t:   46181.4 s, ωt:   4.62 (0.73 periods), wall: 10.485 minutes, Δt:   1.39, CFL: 7.20e-01
i:  23900, t:   46319.0 s, ωt:   4.63 (0.74 periods), wall: 10.528 minutes, Δt:   1.47, CFL: 7.20e-01
i:  24000, t:   46460.7 s, ωt:   4.65 (0.74 periods), wall: 10.571 minutes, Δt:   1.50, CFL: 7.20e-01
i:  24100, t:   46602.7 s, ωt:   4.66 (0.74 periods), wall: 10.613 minutes, Δt:   1.36, CFL: 7.20e-01
i:  24200, t:   46731.4 s, ωt:   4.67 (0.74 periods), wall: 10.656 minutes, Δt:   1.12, CFL: 7.20e-01
i:  24300, t:   46855.6 s, ωt:   4.69 (0.75 periods), wall: 10.699 minutes, Δt:   1.11, CFL: 7.20e-01
i:  24400, t:   46991.1 s, ωt:   4.70 (0.75 periods), wall: 10.741 minutes, Δt:   1.42, CFL: 7.20e-01
i:  24500, t:   47122.9 s, ωt:   4.71 (0.75 periods), wall: 10.784 minutes, Δt:   1.31, CFL: 7.20e-01
i:  24600, t:   47258.8 s, ωt:   4.73 (0.75 periods), wall: 10.827 minutes, Δt:   1.38, CFL: 7.20e-01
i:  24700, t:   47389.9 s, ωt:   4.74 (0.75 periods), wall: 10.870 minutes, Δt:   1.09, CFL: 7.20e-01
i:  24800, t:   47524.9 s, ωt:   4.75 (0.76 periods), wall: 10.912 minutes, Δt:   1.47, CFL: 7.20e-01
i:  24900, t:   47658.8 s, ωt:   4.77 (0.76 periods), wall: 10.955 minutes, Δt:   1.28, CFL: 7.20e-01
i:  25000, t:   47784.6 s, ωt:   4.78 (0.76 periods), wall: 10.998 minutes, Δt:   1.14, CFL: 7.20e-01
i:  25100, t:   47910.8 s, ωt:   4.79 (0.76 periods), wall: 11.040 minutes, Δt:   1.16, CFL: 7.20e-01
i:  25200, t:   48027.0 s, ωt:   4.80 (0.76 periods), wall: 11.083 minutes, Δt:   1.25, CFL: 7.20e-01
i:  25300, t:   48152.3 s, ωt:   4.82 (0.77 periods), wall: 11.126 minutes, Δt:   1.45, CFL: 7.20e-01
i:  25400, t:   48293.3 s, ωt:   4.83 (0.77 periods), wall: 11.168 minutes, Δt:   1.42, CFL: 7.20e-01
i:  25500, t:   48429.2 s, ωt:   4.84 (0.77 periods), wall: 11.211 minutes, Δt:   1.32, CFL: 7.20e-01
i:  25600, t:   48555.7 s, ωt:   4.86 (0.77 periods), wall: 11.254 minutes, Δt:   1.33, CFL: 7.20e-01
i:  25700, t:   48694.7 s, ωt:   4.87 (0.77 periods), wall: 11.296 minutes, Δt:   1.51, CFL: 7.20e-01
i:  25800, t:   48844.6 s, ωt:   4.88 (0.78 periods), wall: 11.339 minutes, Δt:   1.57, CFL: 7.20e-01
i:  25900, t:   48986.6 s, ωt:   4.90 (0.78 periods), wall: 11.382 minutes, Δt:   1.13, CFL: 7.20e-01
i:  26000, t:   49104.0 s, ωt:   4.91 (0.78 periods), wall: 11.425 minutes, Δt:   1.39, CFL: 7.20e-01
i:  26100, t:   49250.5 s, ωt:   4.93 (0.78 periods), wall: 11.467 minutes, Δt:   1.42, CFL: 7.20e-01
i:  26200, t:   49393.1 s, ωt:   4.94 (0.79 periods), wall: 11.510 minutes, Δt:   1.39, CFL: 7.20e-01
i:  26300, t:   49524.0 s, ωt:   4.95 (0.79 periods), wall: 11.552 minutes, Δt:   1.01, CFL: 7.20e-01
i:  26400, t:   49651.6 s, ωt:   4.97 (0.79 periods), wall: 11.595 minutes, Δt:   1.46, CFL: 7.20e-01
i:  26500, t:   49784.5 s, ωt:   4.98 (0.79 periods), wall: 11.638 minutes, Δt:   1.41, CFL: 7.20e-01
i:  26600, t:   49923.0 s, ωt:   4.99 (0.79 periods), wall: 11.681 minutes, Δt:   1.34, CFL: 7.20e-01
i:  26700, t:   50046.2 s, ωt:   5.00 (0.80 periods), wall: 11.723 minutes, Δt:   1.42, CFL: 7.20e-01
i:  26800, t:   50184.2 s, ωt:   5.02 (0.80 periods), wall: 11.766 minutes, Δt:   1.36, CFL: 7.20e-01
i:  26900, t:   50324.7 s, ωt:   5.03 (0.80 periods), wall: 11.809 minutes, Δt:   1.52, CFL: 7.20e-01
i:  27000, t:   50473.9 s, ωt:   5.05 (0.80 periods), wall: 11.851 minutes, Δt:   1.52, CFL: 7.20e-01
i:  27100, t:   50609.1 s, ωt:   5.06 (0.81 periods), wall: 11.894 minutes, Δt:   1.42, CFL: 7.20e-01
i:  27200, t:   50758.7 s, ωt:   5.08 (0.81 periods), wall: 11.937 minutes, Δt:   1.37, CFL: 7.20e-01
i:  27300, t:   50886.3 s, ωt:   5.09 (0.81 periods), wall: 11.979 minutes, Δt:   1.51, CFL: 7.20e-01
i:  27400, t:   51027.0 s, ωt:   5.10 (0.81 periods), wall: 12.022 minutes, Δt:   1.35, CFL: 7.20e-01
i:  27500, t:   51175.6 s, ωt:   5.12 (0.81 periods), wall: 12.064 minutes, Δt:   1.54, CFL: 7.20e-01
i:  27600, t:   51321.1 s, ωt:   5.13 (0.82 periods), wall: 12.107 minutes, Δt:   1.38, CFL: 7.20e-01
i:  27700, t:   51453.7 s, ωt:   5.15 (0.82 periods), wall: 12.150 minutes, Δt:   1.25, CFL: 7.20e-01
i:  27800, t:   51593.1 s, ωt:   5.16 (0.82 periods), wall: 12.192 minutes, Δt:   1.27, CFL: 7.20e-01
i:  27900, t:   51741.7 s, ωt:   5.17 (0.82 periods), wall: 12.235 minutes, Δt:   1.46, CFL: 7.20e-01
i:  28000, t:   51889.5 s, ωt:   5.19 (0.83 periods), wall: 12.278 minutes, Δt:   1.68, CFL: 7.20e-01
i:  28100, t:   52043.8 s, ωt:   5.20 (0.83 periods), wall: 12.320 minutes, Δt:   1.61, CFL: 7.20e-01
i:  28200, t:   52204.0 s, ωt:   5.22 (0.83 periods), wall: 12.363 minutes, Δt:   1.48, CFL: 7.20e-01
i:  28300, t:   52346.5 s, ωt:   5.23 (0.83 periods), wall: 12.406 minutes, Δt:   1.06, CFL: 7.20e-01
i:  28400, t:   52490.6 s, ωt:   5.25 (0.84 periods), wall: 12.448 minutes, Δt:   1.46, CFL: 7.20e-01
i:  28500, t:   52638.8 s, ωt:   5.26 (0.84 periods), wall: 12.491 minutes, Δt:   1.58, CFL: 7.20e-01
i:  28600, t:   52794.4 s, ωt:   5.28 (0.84 periods), wall: 12.534 minutes, Δt:   1.72, CFL: 7.20e-01
i:  28700, t:   52952.5 s, ωt:   5.30 (0.84 periods), wall: 12.576 minutes, Δt:   1.67, CFL: 7.20e-01
i:  28800, t:   53113.5 s, ωt:   5.31 (0.85 periods), wall: 12.619 minutes, Δt:   1.65, CFL: 7.20e-01
i:  28900, t:   53275.2 s, ωt:   5.33 (0.85 periods), wall: 12.662 minutes, Δt:   1.51, CFL: 7.20e-01
i:  29000, t:   53418.6 s, ωt:   5.34 (0.85 periods), wall: 12.704 minutes, Δt:   1.66, CFL: 7.20e-01
i:  29100, t:   53565.3 s, ωt:   5.36 (0.85 periods), wall: 12.747 minutes, Δt:   1.43, CFL: 7.20e-01
i:  29200, t:   53710.3 s, ωt:   5.37 (0.85 periods), wall: 12.791 minutes, Δt:   1.37, CFL: 7.20e-01
i:  29300, t:   53872.0 s, ωt:   5.39 (0.86 periods), wall: 12.834 minutes, Δt:   1.53, CFL: 7.20e-01
i:  29400, t:   54035.2 s, ωt:   5.40 (0.86 periods), wall: 12.876 minutes, Δt:   1.61, CFL: 7.20e-01
i:  29500, t:   54198.1 s, ωt:   5.42 (0.86 periods), wall: 12.919 minutes, Δt:   1.89, CFL: 7.20e-01
i:  29600, t:   54365.2 s, ωt:   5.44 (0.87 periods), wall: 12.962 minutes, Δt:   1.71, CFL: 7.20e-01
i:  29700, t:   54533.8 s, ωt:   5.45 (0.87 periods), wall: 13.005 minutes, Δt:   1.76, CFL: 7.20e-01
i:  29800, t:   54699.7 s, ωt:   5.47 (0.87 periods), wall: 13.047 minutes, Δt:   1.82, CFL: 7.20e-01
i:  29900, t:   54882.8 s, ωt:   5.49 (0.87 periods), wall: 13.090 minutes, Δt:   2.02, CFL: 7.20e-01
i:  30000, t:   55078.0 s, ωt:   5.51 (0.88 periods), wall: 13.133 minutes, Δt:   1.81, CFL: 7.20e-01
i:  30100, t:   55257.0 s, ωt:   5.53 (0.88 periods), wall: 13.175 minutes, Δt:   1.81, CFL: 7.20e-01
i:  30200, t:   55442.8 s, ωt:   5.54 (0.88 periods), wall: 13.218 minutes, Δt:   1.72, CFL: 7.20e-01
i:  30300, t:   55627.4 s, ωt:   5.56 (0.89 periods), wall: 13.261 minutes, Δt:   1.66, CFL: 7.20e-01
i:  30400, t:   55806.9 s, ωt:   5.58 (0.89 periods), wall: 13.304 minutes, Δt:   1.63, CFL: 7.20e-01
i:  30500, t:   55965.2 s, ωt:   5.60 (0.89 periods), wall: 13.346 minutes, Δt:   1.21, CFL: 7.20e-01
i:  30600, t:   56133.0 s, ωt:   5.61 (0.89 periods), wall: 13.389 minutes, Δt:   1.89, CFL: 7.20e-01
i:  30700, t:   56342.5 s, ωt:   5.63 (0.90 periods), wall: 13.432 minutes, Δt:   2.24, CFL: 7.20e-01
i:  30800, t:   56539.3 s, ωt:   5.65 (0.90 periods), wall: 13.474 minutes, Δt:   2.06, CFL: 7.20e-01
i:  30900, t:   56751.1 s, ωt:   5.68 (0.90 periods), wall: 13.517 minutes, Δt:   2.51, CFL: 7.20e-01
i:  31000, t:   56979.5 s, ωt:   5.70 (0.91 periods), wall: 13.560 minutes, Δt:   2.10, CFL: 7.20e-01
i:  31100, t:   57191.0 s, ωt:   5.72 (0.91 periods), wall: 13.602 minutes, Δt:   2.16, CFL: 7.20e-01
i:  31200, t:   57427.4 s, ωt:   5.74 (0.91 periods), wall: 13.645 minutes, Δt:   2.26, CFL: 7.20e-01
i:  31300, t:   57652.8 s, ωt:   5.77 (0.92 periods), wall: 13.688 minutes, Δt:   2.20, CFL: 7.20e-01
i:  31400, t:   57890.6 s, ωt:   5.79 (0.92 periods), wall: 13.731 minutes, Δt:   2.66, CFL: 7.20e-01
i:  31500, t:   58151.2 s, ωt:   5.82 (0.93 periods), wall: 13.773 minutes, Δt:   2.47, CFL: 7.20e-01
i:  31600, t:   58395.0 s, ωt:   5.84 (0.93 periods), wall: 13.816 minutes, Δt:   2.19, CFL: 7.20e-01
i:  31700, t:   58641.2 s, ωt:   5.86 (0.93 periods), wall: 13.859 minutes, Δt:   2.75, CFL: 7.20e-01
i:  31800, t:   58905.1 s, ωt:   5.89 (0.94 periods), wall: 13.901 minutes, Δt:   2.38, CFL: 7.20e-01
i:  31900, t:   59160.8 s, ωt:   5.92 (0.94 periods), wall: 13.944 minutes, Δt:   2.83, CFL: 7.20e-01
i:  32000, t:   59417.3 s, ωt:   5.94 (0.95 periods), wall: 13.987 minutes, Δt:   2.65, CFL: 7.20e-01
i:  32100, t:   59698.8 s, ωt:   5.97 (0.95 periods), wall: 14.030 minutes, Δt:   2.79, CFL: 7.20e-01
i:  32200, t:   60013.3 s, ωt:   6.00 (0.96 periods), wall: 14.072 minutes, Δt:   3.03, CFL: 7.20e-01
i:  32300, t:   60345.6 s, ωt:   6.03 (0.96 periods), wall: 14.115 minutes, Δt:   4.04, CFL: 7.20e-01
i:  32400, t:   60712.1 s, ωt:   6.07 (0.97 periods), wall: 14.158 minutes, Δt:   3.65, CFL: 7.20e-01
i:  32500, t:   61106.7 s, ωt:   6.11 (0.97 periods), wall: 14.201 minutes, Δt:   3.97, CFL: 7.20e-01
i:  32600, t:   61519.3 s, ωt:   6.15 (0.98 periods), wall: 14.243 minutes, Δt:   2.98, CFL: 7.20e-01
i:  32700, t:   61904.1 s, ωt:   6.19 (0.99 periods), wall: 14.286 minutes, Δt:   4.91, CFL: 7.20e-01
i:  32800, t:   62411.4 s, ωt:   6.24 (0.99 periods), wall: 14.329 minutes, Δt:   6.20, CFL: 7.20e-01
i:  32900, t:   62972.1 s, ωt:   6.30 (1.00 periods), wall: 14.375 minutes, Δt:   4.49, CFL: 7.20e-01
i:  33000, t:   63470.8 s, ωt:   6.35 (1.01 periods), wall: 14.418 minutes, Δt:   5.50, CFL: 7.20e-01
i:  33100, t:   63903.0 s, ωt:   6.39 (1.02 periods), wall: 14.460 minutes, Δt:   4.18, CFL: 7.20e-01
i:  33200, t:   64337.4 s, ωt:   6.43 (1.02 periods), wall: 14.503 minutes, Δt:   4.85, CFL: 7.20e-01
i:  33300, t:   64762.1 s, ωt:   6.48 (1.03 periods), wall: 14.546 minutes, Δt:   4.09, CFL: 7.20e-01
i:  33400, t:   65175.2 s, ωt:   6.52 (1.04 periods), wall: 14.588 minutes, Δt:   3.69, CFL: 7.20e-01
i:  33500, t:   65565.6 s, ωt:   6.56 (1.04 periods), wall: 14.631 minutes, Δt:   3.66, CFL: 7.20e-01
i:  33600, t:   65931.7 s, ωt:   6.59 (1.05 periods), wall: 14.674 minutes, Δt:   3.51, CFL: 7.20e-01
i:  33700, t:   66287.6 s, ωt:   6.63 (1.05 periods), wall: 14.716 minutes, Δt:   3.72, CFL: 7.20e-01
i:  33800, t:   66612.2 s, ωt:   6.66 (1.06 periods), wall: 14.759 minutes, Δt:   3.63, CFL: 7.20e-01
i:  33900, t:   66948.4 s, ωt:   6.69 (1.07 periods), wall: 14.802 minutes, Δt:   2.78, CFL: 7.20e-01
i:  34000, t:   67251.7 s, ωt:   6.73 (1.07 periods), wall: 14.845 minutes, Δt:   3.08, CFL: 7.20e-01
i:  34100, t:   67549.4 s, ωt:   6.75 (1.08 periods), wall: 14.887 minutes, Δt:   2.58, CFL: 7.20e-01
i:  34200, t:   67813.1 s, ωt:   6.78 (1.08 periods), wall: 14.930 minutes, Δt:   2.61, CFL: 7.20e-01
i:  34300, t:   68056.6 s, ωt:   6.81 (1.08 periods), wall: 14.973 minutes, Δt:   2.57, CFL: 7.20e-01
i:  34400, t:   68308.4 s, ωt:   6.83 (1.09 periods), wall: 15.016 minutes, Δt:   2.61, CFL: 7.20e-01
i:  34500, t:   68548.0 s, ωt:   6.85 (1.09 periods), wall: 15.058 minutes, Δt:   2.44, CFL: 7.20e-01
i:  34600, t:   68797.7 s, ωt:   6.88 (1.09 periods), wall: 15.101 minutes, Δt:   2.55, CFL: 7.20e-01
i:  34700, t:   69010.4 s, ωt:   6.90 (1.10 periods), wall: 15.144 minutes, Δt:   2.12, CFL: 7.20e-01
i:  34800, t:   69215.3 s, ωt:   6.92 (1.10 periods), wall: 15.187 minutes, Δt:   2.52, CFL: 7.20e-01
i:  34900, t:   69431.4 s, ωt:   6.94 (1.11 periods), wall: 15.229 minutes, Δt:   2.20, CFL: 7.20e-01
i:  35000, t:   69650.0 s, ωt:   6.96 (1.11 periods), wall: 15.272 minutes, Δt:   2.19, CFL: 7.20e-01
i:  35100, t:   69851.6 s, ωt:   6.99 (1.11 periods), wall: 15.315 minutes, Δt:   1.89, CFL: 7.20e-01
i:  35200, t:   70046.9 s, ωt:   7.00 (1.11 periods), wall: 15.357 minutes, Δt:   1.85, CFL: 7.20e-01
i:  35300, t:   70231.1 s, ωt:   7.02 (1.12 periods), wall: 15.400 minutes, Δt:   1.76, CFL: 7.20e-01
i:  35400, t:   70416.7 s, ωt:   7.04 (1.12 periods), wall: 15.443 minutes, Δt:   1.84, CFL: 7.20e-01
i:  35500, t:   70602.3 s, ωt:   7.06 (1.12 periods), wall: 15.485 minutes, Δt:   1.91, CFL: 7.20e-01
i:  35600, t:   70800.5 s, ωt:   7.08 (1.13 periods), wall: 15.528 minutes, Δt:   1.93, CFL: 7.20e-01
i:  35700, t:   70998.2 s, ωt:   7.10 (1.13 periods), wall: 15.571 minutes, Δt:   1.93, CFL: 7.20e-01
i:  35800, t:   71187.4 s, ωt:   7.12 (1.13 periods), wall: 15.614 minutes, Δt:   1.93, CFL: 7.20e-01
i:  35900, t:   71373.8 s, ωt:   7.14 (1.14 periods), wall: 15.656 minutes, Δt:   1.95, CFL: 7.20e-01
i:  36000, t:   71550.0 s, ωt:   7.16 (1.14 periods), wall: 15.699 minutes, Δt:   1.67, CFL: 7.20e-01
i:  36100, t:   71706.0 s, ωt:   7.17 (1.14 periods), wall: 15.742 minutes, Δt:   1.64, CFL: 7.20e-01
i:  36200, t:   71862.5 s, ωt:   7.19 (1.14 periods), wall: 15.784 minutes, Δt:   1.59, CFL: 7.20e-01
i:  36300, t:   72020.2 s, ωt:   7.20 (1.15 periods), wall: 15.827 minutes, Δt:   1.65, CFL: 7.20e-01
i:  36400, t:   72188.6 s, ωt:   7.22 (1.15 periods), wall: 15.870 minutes, Δt:   1.53, CFL: 7.20e-01
i:  36500, t:   72347.1 s, ωt:   7.23 (1.15 periods), wall: 15.913 minutes, Δt:   1.37, CFL: 7.20e-01
i:  36600, t:   72498.8 s, ωt:   7.25 (1.15 periods), wall: 15.955 minutes, Δt:   1.38, CFL: 7.20e-01
i:  36700, t:   72641.2 s, ωt:   7.26 (1.16 periods), wall: 15.998 minutes, Δt:   1.67, CFL: 7.20e-01
i:  36800, t:   72814.0 s, ωt:   7.28 (1.16 periods), wall: 16.040 minutes, Δt:   1.70, CFL: 7.20e-01
i:  36900, t:   72964.6 s, ωt:   7.30 (1.16 periods), wall: 16.083 minutes, Δt:   1.46, CFL: 7.20e-01
i:  37000, t:   73111.6 s, ωt:   7.31 (1.16 periods), wall: 16.126 minutes, Δt:   1.36, CFL: 7.20e-01
i:  37100, t:   73260.7 s, ωt:   7.33 (1.17 periods), wall: 16.169 minutes, Δt:   1.61, CFL: 7.20e-01
i:  37200, t:   73426.8 s, ωt:   7.34 (1.17 periods), wall: 16.211 minutes, Δt:   1.83, CFL: 7.20e-01
i:  37300, t:   73587.3 s, ωt:   7.36 (1.17 periods), wall: 16.254 minutes, Δt:   1.50, CFL: 7.20e-01
i:  37400, t:   73745.2 s, ωt:   7.37 (1.17 periods), wall: 16.297 minutes, Δt:   1.61, CFL: 7.20e-01
i:  37500, t:   73896.3 s, ωt:   7.39 (1.18 periods), wall: 16.339 minutes, Δt:   1.51, CFL: 7.20e-01
i:  37600, t:   74030.0 s, ωt:   7.40 (1.18 periods), wall: 16.382 minutes, Δt:   1.31, CFL: 7.20e-01
i:  37700, t:   74173.4 s, ωt:   7.42 (1.18 periods), wall: 16.425 minutes, Δt:   1.35, CFL: 7.20e-01
i:  37800, t:   74312.5 s, ωt:   7.43 (1.18 periods), wall: 16.467 minutes, Δt:   1.41, CFL: 7.20e-01
i:  37900, t:   74451.3 s, ωt:   7.45 (1.18 periods), wall: 16.510 minutes, Δt:   1.63, CFL: 7.20e-01
i:  38000, t:   74600.7 s, ωt:   7.46 (1.19 periods), wall: 16.553 minutes, Δt:   1.40, CFL: 7.20e-01
i:  38100, t:   74748.6 s, ωt:   7.47 (1.19 periods), wall: 16.595 minutes, Δt:   1.67, CFL: 7.20e-01
i:  38200, t:   74895.7 s, ωt:   7.49 (1.19 periods), wall: 16.638 minutes, Δt:   1.47, CFL: 7.20e-01
i:  38300, t:   75045.2 s, ωt:   7.50 (1.19 periods), wall: 16.681 minutes, Δt:   1.26, CFL: 7.20e-01
i:  38400, t:   75183.2 s, ωt:   7.52 (1.20 periods), wall: 16.724 minutes, Δt:   1.51, CFL: 7.20e-01
i:  38500, t:   75326.6 s, ωt:   7.53 (1.20 periods), wall: 16.766 minutes, Δt:   1.70, CFL: 7.20e-01
i:  38600, t:   75481.3 s, ωt:   7.55 (1.20 periods), wall: 16.809 minutes, Δt:   1.45, CFL: 7.20e-01
i:  38700, t:   75626.9 s, ωt:   7.56 (1.20 periods), wall: 16.851 minutes, Δt:   1.45, CFL: 7.20e-01
i:  38800, t:   75762.5 s, ωt:   7.58 (1.21 periods), wall: 16.894 minutes, Δt:   1.53, CFL: 7.20e-01
i:  38900, t:   75905.4 s, ωt:   7.59 (1.21 periods), wall: 16.937 minutes, Δt:   1.29, CFL: 7.20e-01
i:  39000, t:   76034.1 s, ωt:   7.60 (1.21 periods), wall: 16.980 minutes, Δt:   1.30, CFL: 7.20e-01
i:  39100, t:   76173.3 s, ωt:   7.62 (1.21 periods), wall: 17.022 minutes, Δt:   1.21, CFL: 7.20e-01
i:  39200, t:   76312.6 s, ωt:   7.63 (1.21 periods), wall: 17.065 minutes, Δt:   1.35, CFL: 7.20e-01
i:  39300, t:   76445.2 s, ωt:   7.64 (1.22 periods), wall: 17.108 minutes, Δt:   1.38, CFL: 7.20e-01
i:  39400, t:   76590.1 s, ωt:   7.66 (1.22 periods), wall: 17.150 minutes, Δt:   1.31, CFL: 7.20e-01
i:  39500, t:   76728.1 s, ωt:   7.67 (1.22 periods), wall: 17.193 minutes, Δt:   1.50, CFL: 7.20e-01
i:  39600, t:   76860.7 s, ωt:   7.69 (1.22 periods), wall: 17.236 minutes, Δt:   1.25, CFL: 7.20e-01
i:  39700, t:   76989.3 s, ωt:   7.70 (1.23 periods), wall: 17.278 minutes, Δt:   1.13, CFL: 7.20e-01
i:  39800, t:   77125.4 s, ωt:   7.71 (1.23 periods), wall: 17.321 minutes, Δt:   1.35, CFL: 7.20e-01
i:  39900, t:   77256.1 s, ωt:   7.73 (1.23 periods), wall: 17.364 minutes, Δt:   1.30, CFL: 7.20e-01
i:  40000, t:   77397.8 s, ωt:   7.74 (1.23 periods), wall: 17.407 minutes, Δt:   1.25, CFL: 7.20e-01
i:  40100, t:   77534.8 s, ωt:   7.75 (1.23 periods), wall: 17.449 minutes, Δt:   1.11, CFL: 7.20e-01
i:  40200, t:   77659.1 s, ωt:   7.77 (1.24 periods), wall: 17.492 minutes, Δt:   1.36, CFL: 7.20e-01
i:  40300, t:   77802.5 s, ωt:   7.78 (1.24 periods), wall: 17.535 minutes, Δt:   1.37, CFL: 7.20e-01
i:  40400, t:   77945.5 s, ωt:   7.79 (1.24 periods), wall: 17.577 minutes, Δt:   1.40, CFL: 7.20e-01
i:  40500, t:   78081.5 s, ωt:   7.81 (1.24 periods), wall: 17.620 minutes, Δt:   1.40, CFL: 7.20e-01
i:  40600, t:   78210.8 s, ωt:   7.82 (1.24 periods), wall: 17.663 minutes, Δt:   1.28, CFL: 7.20e-01
i:  40700, t:   78346.1 s, ωt:   7.83 (1.25 periods), wall: 17.705 minutes, Δt:   1.40, CFL: 7.20e-01
i:  40800, t:   78483.9 s, ωt:   7.85 (1.25 periods), wall: 17.748 minutes, Δt:   1.43, CFL: 7.20e-01
i:  40900, t:   78601.8 s, ωt:   7.86 (1.25 periods), wall: 17.791 minutes, Δt:   1.02, CFL: 7.20e-01
i:  41000, t:   78729.5 s, ωt:   7.87 (1.25 periods), wall: 17.833 minutes, Δt:   1.28, CFL: 7.20e-01
i:  41100, t:   78857.8 s, ωt:   7.89 (1.26 periods), wall: 17.876 minutes, Δt:   1.25, CFL: 7.20e-01
i:  41200, t:   78989.9 s, ωt:   7.90 (1.26 periods), wall: 17.919 minutes, Δt:   1.25, CFL: 7.20e-01
i:  41300, t:   79119.1 s, ωt:   7.91 (1.26 periods), wall: 17.962 minutes, Δt:   1.39, CFL: 7.20e-01
i:  41400, t:   79256.1 s, ωt:   7.93 (1.26 periods), wall: 18.004 minutes, Δt:   1.10, CFL: 7.20e-01
i:  41500, t:   79383.4 s, ωt:   7.94 (1.26 periods), wall: 18.047 minutes, Δt:   1.26, CFL: 7.20e-01
i:  41600, t:   79512.8 s, ωt:   7.95 (1.27 periods), wall: 18.090 minutes, Δt:   1.33, CFL: 7.20e-01
i:  41700, t:   79652.5 s, ωt:   7.97 (1.27 periods), wall: 18.132 minutes, Δt:   1.30, CFL: 7.20e-01
i:  41800, t:   79777.3 s, ωt:   7.98 (1.27 periods), wall: 18.175 minutes, Δt:   0.91, CFL: 7.20e-01
i:  41900, t:   79900.2 s, ωt:   7.99 (1.27 periods), wall: 18.218 minutes, Δt:   1.43, CFL: 7.20e-01
i:  42000, t:   80037.9 s, ωt:   8.00 (1.27 periods), wall: 18.260 minutes, Δt:   1.20, CFL: 7.20e-01
i:  42100, t:   80183.3 s, ωt:   8.02 (1.28 periods), wall: 18.303 minutes, Δt:   1.48, CFL: 7.20e-01
i:  42200, t:   80319.8 s, ωt:   8.03 (1.28 periods), wall: 18.346 minutes, Δt:   1.36, CFL: 7.20e-01
i:  42300, t:   80456.3 s, ωt:   8.05 (1.28 periods), wall: 18.389 minutes, Δt:   1.30, CFL: 7.20e-01
i:  42400, t:   80592.0 s, ωt:   8.06 (1.28 periods), wall: 18.431 minutes, Δt:   1.39, CFL: 7.20e-01
i:  42500, t:   80729.1 s, ωt:   8.07 (1.28 periods), wall: 18.474 minutes, Δt:   1.53, CFL: 7.20e-01
i:  42600, t:   80870.2 s, ωt:   8.09 (1.29 periods), wall: 18.517 minutes, Δt:   1.29, CFL: 7.20e-01
i:  42700, t:   81004.3 s, ωt:   8.10 (1.29 periods), wall: 18.559 minutes, Δt:   1.27, CFL: 7.20e-01
i:  42800, t:   81142.9 s, ωt:   8.11 (1.29 periods), wall: 18.602 minutes, Δt:   1.50, CFL: 7.20e-01
i:  42900, t:   81279.2 s, ωt:   8.13 (1.29 periods), wall: 18.645 minutes, Δt:   1.33, CFL: 7.20e-01
i:  43000, t:   81414.8 s, ωt:   8.14 (1.30 periods), wall: 18.687 minutes, Δt:   1.27, CFL: 7.20e-01
i:  43100, t:   81555.2 s, ωt:   8.16 (1.30 periods), wall: 18.730 minutes, Δt:   1.24, CFL: 7.20e-01
i:  43200, t:   81687.3 s, ωt:   8.17 (1.30 periods), wall: 18.773 minutes, Δt:   1.38, CFL: 7.20e-01
i:  43300, t:   81816.8 s, ωt:   8.18 (1.30 periods), wall: 18.816 minutes, Δt:   1.41, CFL: 7.20e-01
i:  43400, t:   81959.5 s, ωt:   8.20 (1.30 periods), wall: 18.858 minutes, Δt:   1.47, CFL: 7.20e-01
i:  43500, t:   82100.1 s, ωt:   8.21 (1.31 periods), wall: 18.901 minutes, Δt:   1.44, CFL: 7.20e-01
i:  43600, t:   82252.7 s, ωt:   8.23 (1.31 periods), wall: 18.943 minutes, Δt:   1.50, CFL: 7.20e-01
i:  43700, t:   82403.1 s, ωt:   8.24 (1.31 periods), wall: 18.986 minutes, Δt:   1.43, CFL: 7.20e-01
i:  43800, t:   82541.5 s, ωt:   8.25 (1.31 periods), wall: 19.029 minutes, Δt:   1.42, CFL: 7.20e-01
i:  43900, t:   82675.9 s, ωt:   8.27 (1.32 periods), wall: 19.072 minutes, Δt:   1.57, CFL: 7.20e-01
i:  44000, t:   82836.4 s, ωt:   8.28 (1.32 periods), wall: 19.114 minutes, Δt:   1.63, CFL: 7.20e-01
i:  44100, t:   83005.2 s, ωt:   8.30 (1.32 periods), wall: 19.157 minutes, Δt:   1.45, CFL: 7.20e-01
i:  44200, t:   83156.4 s, ωt:   8.32 (1.32 periods), wall: 19.200 minutes, Δt:   1.74, CFL: 7.20e-01
i:  44300, t:   83321.7 s, ωt:   8.33 (1.33 periods), wall: 19.242 minutes, Δt:   1.58, CFL: 7.20e-01
i:  44400, t:   83480.1 s, ωt:   8.35 (1.33 periods), wall: 19.285 minutes, Δt:   1.68, CFL: 7.20e-01
i:  44500, t:   83640.3 s, ωt:   8.36 (1.33 periods), wall: 19.328 minutes, Δt:   1.53, CFL: 7.20e-01
i:  44600, t:   83796.4 s, ωt:   8.38 (1.33 periods), wall: 19.372 minutes, Δt:   1.69, CFL: 7.20e-01
i:  44700, t:   83951.1 s, ωt:   8.40 (1.34 periods), wall: 19.414 minutes, Δt:   1.14, CFL: 7.20e-01
i:  44800, t:   84105.7 s, ωt:   8.41 (1.34 periods), wall: 19.457 minutes, Δt:   1.59, CFL: 7.20e-01
i:  44900, t:   84256.0 s, ωt:   8.43 (1.34 periods), wall: 19.500 minutes, Δt:   1.53, CFL: 7.20e-01
i:  45000, t:   84408.7 s, ωt:   8.44 (1.34 periods), wall: 19.542 minutes, Δt:   1.45, CFL: 7.20e-01
i:  45100, t:   84562.1 s, ωt:   8.46 (1.35 periods), wall: 19.585 minutes, Δt:   1.65, CFL: 7.20e-01
i:  45200, t:   84713.5 s, ωt:   8.47 (1.35 periods), wall: 19.628 minutes, Δt:   1.70, CFL: 7.20e-01
i:  45300, t:   84868.4 s, ωt:   8.49 (1.35 periods), wall: 19.671 minutes, Δt:   1.48, CFL: 7.20e-01
i:  45400, t:   85032.8 s, ωt:   8.50 (1.35 periods), wall: 19.713 minutes, Δt:   1.60, CFL: 7.20e-01
i:  45500, t:   85202.3 s, ωt:   8.52 (1.36 periods), wall: 19.756 minutes, Δt:   1.80, CFL: 7.20e-01
i:  45600, t:   85378.6 s, ωt:   8.54 (1.36 periods), wall: 19.799 minutes, Δt:   1.68, CFL: 7.20e-01
i:  45700, t:   85548.1 s, ωt:   8.55 (1.36 periods), wall: 19.841 minutes, Δt:   1.86, CFL: 7.20e-01
i:  45800, t:   85736.1 s, ωt:   8.57 (1.36 periods), wall: 19.884 minutes, Δt:   1.82, CFL: 7.20e-01
i:  45900, t:   85915.9 s, ωt:   8.59 (1.37 periods), wall: 19.927 minutes, Δt:   1.72, CFL: 7.20e-01
i:  46000, t:   86079.6 s, ωt:   8.61 (1.37 periods), wall: 19.969 minutes, Δt:   1.66, CFL: 7.20e-01
i:  46100, t:   86249.3 s, ωt:   8.62 (1.37 periods), wall: 20.012 minutes, Δt:   1.66, CFL: 7.20e-01
i:  46200, t:   86414.8 s, ωt:   8.64 (1.38 periods), wall: 20.055 minutes, Δt:   1.85, CFL: 7.20e-01
i:  46300, t:   86588.2 s, ωt:   8.66 (1.38 periods), wall: 20.097 minutes, Δt:   1.52, CFL: 7.20e-01
i:  46400, t:   86746.1 s, ωt:   8.67 (1.38 periods), wall: 20.140 minutes, Δt:   1.82, CFL: 7.20e-01
i:  46500, t:   86896.7 s, ωt:   8.69 (1.38 periods), wall: 20.183 minutes, Δt:   1.89, CFL: 7.20e-01
i:  46600, t:   87093.9 s, ωt:   8.71 (1.39 periods), wall: 20.225 minutes, Δt:   2.13, CFL: 7.20e-01
i:  46700, t:   87287.4 s, ωt:   8.73 (1.39 periods), wall: 20.268 minutes, Δt:   2.09, CFL: 7.20e-01
i:  46800, t:   87510.5 s, ωt:   8.75 (1.39 periods), wall: 20.311 minutes, Δt:   2.06, CFL: 7.20e-01
i:  46900, t:   87665.5 s, ωt:   8.77 (1.40 periods), wall: 20.354 minutes, Δt:   1.89, CFL: 7.20e-01
i:  47000, t:   87863.6 s, ωt:   8.79 (1.40 periods), wall: 20.396 minutes, Δt:   2.28, CFL: 7.20e-01
i:  47100, t:   88059.2 s, ωt:   8.81 (1.40 periods), wall: 20.439 minutes, Δt:   1.93, CFL: 7.20e-01
i:  47200, t:   88253.3 s, ωt:   8.83 (1.40 periods), wall: 20.482 minutes, Δt:   2.53, CFL: 7.20e-01
i:  47300, t:   88453.3 s, ωt:   8.85 (1.41 periods), wall: 20.524 minutes, Δt:   1.66, CFL: 7.20e-01
i:  47400, t:   88660.9 s, ωt:   8.87 (1.41 periods), wall: 20.567 minutes, Δt:   2.44, CFL: 7.20e-01
i:  47500, t:   88893.1 s, ωt:   8.89 (1.41 periods), wall: 20.610 minutes, Δt:   2.21, CFL: 7.20e-01
i:  47600, t:   89123.3 s, ωt:   8.91 (1.42 periods), wall: 20.652 minutes, Δt:   2.46, CFL: 7.20e-01
i:  47700, t:   89362.8 s, ωt:   8.94 (1.42 periods), wall: 20.695 minutes, Δt:   2.10, CFL: 7.20e-01
i:  47800, t:   89574.6 s, ωt:   8.96 (1.43 periods), wall: 20.738 minutes, Δt:   2.55, CFL: 7.20e-01
i:  47900, t:   89815.5 s, ωt:   8.98 (1.43 periods), wall: 20.781 minutes, Δt:   2.83, CFL: 7.20e-01
i:  48000, t:   90087.8 s, ωt:   9.01 (1.43 periods), wall: 20.823 minutes, Δt:   2.96, CFL: 7.20e-01
i:  48100, t:   90309.0 s, ωt:   9.03 (1.44 periods), wall: 20.866 minutes, Δt:   2.00, CFL: 7.20e-01
i:  48200, t:   90562.7 s, ωt:   9.06 (1.44 periods), wall: 20.909 minutes, Δt:   2.68, CFL: 7.20e-01
i:  48300, t:   90839.5 s, ωt:   9.08 (1.45 periods), wall: 20.952 minutes, Δt:   3.33, CFL: 7.20e-01
i:  48400, t:   91128.8 s, ωt:   9.11 (1.45 periods), wall: 20.994 minutes, Δt:   2.61, CFL: 7.20e-01
i:  48500, t:   91437.2 s, ωt:   9.14 (1.46 periods), wall: 21.037 minutes, Δt:   2.97, CFL: 7.20e-01
i:  48600, t:   91789.2 s, ωt:   9.18 (1.46 periods), wall: 21.080 minutes, Δt:   3.91, CFL: 7.20e-01
i:  48700, t:   92152.9 s, ωt:   9.22 (1.47 periods), wall: 21.122 minutes, Δt:   3.25, CFL: 7.20e-01
i:  48800, t:   92537.4 s, ωt:   9.25 (1.47 periods), wall: 21.165 minutes, Δt:   4.74, CFL: 7.07e-01
i:  48900, t:   92984.6 s, ωt:   9.30 (1.48 periods), wall: 21.208 minutes, Δt:   3.59, CFL: 7.20e-01
i:  49000, t:   93442.1 s, ωt:   9.34 (1.49 periods), wall: 21.251 minutes, Δt:   6.55, CFL: 6.64e-01
i:  49100, t:   94064.6 s, ωt:   9.41 (1.50 periods), wall: 21.294 minutes, Δt:   5.50, CFL: 7.20e-01
i:  49200, t:   94567.1 s, ωt:   9.46 (1.51 periods), wall: 21.340 minutes, Δt:   5.29, CFL: 7.20e-01
i:  49300, t:   95082.2 s, ωt:   9.51 (1.51 periods), wall: 21.382 minutes, Δt:   4.92, CFL: 7.20e-01
i:  49400, t:   95578.2 s, ωt:   9.56 (1.52 periods), wall: 21.425 minutes, Δt:   4.69, CFL: 7.20e-01
i:  49500, t:   96033.6 s, ωt:   9.60 (1.53 periods), wall: 21.468 minutes, Δt:   4.61, CFL: 7.20e-01
i:  49600, t:   96503.3 s, ωt:   9.65 (1.54 periods), wall: 21.511 minutes, Δt:   4.45, CFL: 7.20e-01
i:  49700, t:   96958.2 s, ωt:   9.70 (1.54 periods), wall: 21.553 minutes, Δt:   4.28, CFL: 7.20e-01
i:  49800, t:   97386.5 s, ωt:   9.74 (1.55 periods), wall: 21.596 minutes, Δt:   3.80, CFL: 7.20e-01
i:  49900, t:   97759.6 s, ωt:   9.78 (1.56 periods), wall: 21.639 minutes, Δt:   3.50, CFL: 7.20e-01
i:  50000, t:   98138.1 s, ωt:   9.81 (1.56 periods), wall: 21.682 minutes, Δt:   3.56, CFL: 7.20e-01
i:  50100, t:   98470.8 s, ωt:   9.85 (1.57 periods), wall: 21.724 minutes, Δt:   3.27, CFL: 7.20e-01
i:  50200, t:   98775.6 s, ωt:   9.88 (1.57 periods), wall: 21.767 minutes, Δt:   2.84, CFL: 7.20e-01
i:  50300, t:   99059.8 s, ωt:   9.91 (1.58 periods), wall: 21.810 minutes, Δt:   2.69, CFL: 7.20e-01
i:  50400, t:   99297.6 s, ωt:   9.93 (1.58 periods), wall: 21.852 minutes, Δt:   2.15, CFL: 7.20e-01
i:  50500, t:   99528.4 s, ωt:   9.95 (1.58 periods), wall: 21.895 minutes, Δt:   2.24, CFL: 7.20e-01
i:  50600, t:   99758.8 s, ωt:   9.98 (1.59 periods), wall: 21.938 minutes, Δt:   2.43, CFL: 7.20e-01
i:  50700, t:   99973.1 s, ωt:  10.00 (1.59 periods), wall: 21.980 minutes, Δt:   2.07, CFL: 7.20e-01
i:  50800, t:  100173.4 s, ωt:  10.02 (1.59 periods), wall: 22.023 minutes, Δt:   2.13, CFL: 7.20e-01
i:  50900, t:  100384.4 s, ωt:  10.04 (1.60 periods), wall: 22.066 minutes, Δt:   2.22, CFL: 7.20e-01
i:  51000, t:  100596.8 s, ωt:  10.06 (1.60 periods), wall: 22.108 minutes, Δt:   1.63, CFL: 7.20e-01
i:  51100, t:  100772.0 s, ωt:  10.08 (1.60 periods), wall: 22.151 minutes, Δt:   1.92, CFL: 7.20e-01
i:  51200, t:  100941.7 s, ωt:  10.09 (1.61 periods), wall: 22.194 minutes, Δt:   1.75, CFL: 7.20e-01
i:  51300, t:  101116.5 s, ωt:  10.11 (1.61 periods), wall: 22.236 minutes, Δt:   1.71, CFL: 7.20e-01
i:  51400, t:  101277.8 s, ωt:  10.13 (1.61 periods), wall: 22.279 minutes, Δt:   1.78, CFL: 7.20e-01
i:  51500, t:  101462.9 s, ωt:  10.15 (1.61 periods), wall: 22.322 minutes, Δt:   1.67, CFL: 7.20e-01
i:  51600, t:  101640.1 s, ωt:  10.16 (1.62 periods), wall: 22.364 minutes, Δt:   1.82, CFL: 7.20e-01
i:  51700, t:  101823.4 s, ωt:  10.18 (1.62 periods), wall: 22.407 minutes, Δt:   1.87, CFL: 7.20e-01
i:  51800, t:  101994.3 s, ωt:  10.20 (1.62 periods), wall: 22.450 minutes, Δt:   1.80, CFL: 7.20e-01
i:  51900, t:  102158.7 s, ωt:  10.22 (1.63 periods), wall: 22.493 minutes, Δt:   1.50, CFL: 7.20e-01
i:  52000, t:  102331.4 s, ωt:  10.23 (1.63 periods), wall: 22.535 minutes, Δt:   1.92, CFL: 7.20e-01
i:  52100, t:  102506.9 s, ωt:  10.25 (1.63 periods), wall: 22.578 minutes, Δt:   1.49, CFL: 7.20e-01
i:  52200, t:  102667.4 s, ωt:  10.27 (1.63 periods), wall: 22.621 minutes, Δt:   1.71, CFL: 7.20e-01
i:  52300, t:  102821.0 s, ωt:  10.28 (1.64 periods), wall: 22.663 minutes, Δt:   1.75, CFL: 7.20e-01
i:  52400, t:  102992.6 s, ωt:  10.30 (1.64 periods), wall: 22.706 minutes, Δt:   1.51, CFL: 7.20e-01
i:  52500, t:  103148.2 s, ωt:  10.31 (1.64 periods), wall: 22.749 minutes, Δt:   1.80, CFL: 7.20e-01
i:  52600, t:  103313.1 s, ωt:  10.33 (1.64 periods), wall: 22.791 minutes, Δt:   1.74, CFL: 7.20e-01
i:  52700, t:  103478.7 s, ωt:  10.35 (1.65 periods), wall: 22.834 minutes, Δt:   1.52, CFL: 7.20e-01
i:  52800, t:  103643.0 s, ωt:  10.36 (1.65 periods), wall: 22.877 minutes, Δt:   1.46, CFL: 7.20e-01
i:  52900, t:  103785.9 s, ωt:  10.38 (1.65 periods), wall: 22.919 minutes, Δt:   1.43, CFL: 7.20e-01
i:  53000, t:  103942.3 s, ωt:  10.39 (1.65 periods), wall: 22.962 minutes, Δt:   1.70, CFL: 7.20e-01
i:  53100, t:  104101.4 s, ωt:  10.41 (1.66 periods), wall: 23.005 minutes, Δt:   1.67, CFL: 7.20e-01
i:  53200, t:  104259.6 s, ωt:  10.43 (1.66 periods), wall: 23.048 minutes, Δt:   1.55, CFL: 7.20e-01
i:  53300, t:  104406.6 s, ωt:  10.44 (1.66 periods), wall: 23.090 minutes, Δt:   1.36, CFL: 7.20e-01
i:  53400, t:  104552.0 s, ωt:  10.46 (1.66 periods), wall: 23.133 minutes, Δt:   1.51, CFL: 7.20e-01
i:  53500, t:  104701.6 s, ωt:  10.47 (1.67 periods), wall: 23.176 minutes, Δt:   1.65, CFL: 7.20e-01
i:  53600, t:  104844.2 s, ωt:  10.48 (1.67 periods), wall: 23.218 minutes, Δt:   1.56, CFL: 7.20e-01
i:  53700, t:  104996.4 s, ωt:  10.50 (1.67 periods), wall: 23.261 minutes, Δt:   1.69, CFL: 7.20e-01
i:  53800, t:  105143.8 s, ωt:  10.51 (1.67 periods), wall: 23.304 minutes, Δt:   1.29, CFL: 7.20e-01
i:  53900, t:  105281.9 s, ωt:  10.53 (1.68 periods), wall: 23.346 minutes, Δt:   1.38, CFL: 7.20e-01
i:  54000, t:  105424.1 s, ωt:  10.54 (1.68 periods), wall: 23.389 minutes, Δt:   1.46, CFL: 7.20e-01
i:  54100, t:  105571.2 s, ωt:  10.56 (1.68 periods), wall: 23.432 minutes, Δt:   1.46, CFL: 7.20e-01
i:  54200, t:  105714.8 s, ωt:  10.57 (1.68 periods), wall: 23.474 minutes, Δt:   1.43, CFL: 7.20e-01
i:  54300, t:  105855.3 s, ωt:  10.59 (1.68 periods), wall: 23.517 minutes, Δt:   1.46, CFL: 7.20e-01
i:  54400, t:  106002.5 s, ωt:  10.60 (1.69 periods), wall: 23.560 minutes, Δt:   1.50, CFL: 7.20e-01
i:  54500, t:  106139.9 s, ωt:  10.61 (1.69 periods), wall: 23.602 minutes, Δt:   1.47, CFL: 7.20e-01
i:  54600, t:  106273.8 s, ωt:  10.63 (1.69 periods), wall: 23.645 minutes, Δt:   1.18, CFL: 7.20e-01
i:  54700, t:  106409.8 s, ωt:  10.64 (1.69 periods), wall: 23.688 minutes, Δt:   1.31, CFL: 7.20e-01
i:  54800, t:  106526.6 s, ωt:  10.65 (1.70 periods), wall: 23.730 minutes, Δt:   1.38, CFL: 7.20e-01
i:  54900, t:  106662.6 s, ωt:  10.67 (1.70 periods), wall: 23.773 minutes, Δt:   1.28, CFL: 7.20e-01
i:  55000, t:  106786.2 s, ωt:  10.68 (1.70 periods), wall: 23.816 minutes, Δt:   1.41, CFL: 7.20e-01
i:  55100, t:  106911.7 s, ωt:  10.69 (1.70 periods), wall: 23.859 minutes, Δt:   1.31, CFL: 7.20e-01
i:  55200, t:  107040.8 s, ωt:  10.70 (1.70 periods), wall: 23.901 minutes, Δt:   1.11, CFL: 7.20e-01
i:  55300, t:  107163.1 s, ωt:  10.72 (1.71 periods), wall: 23.944 minutes, Δt:   1.41, CFL: 7.20e-01
i:  55400, t:  107299.6 s, ωt:  10.73 (1.71 periods), wall: 23.987 minutes, Δt:   1.38, CFL: 7.20e-01
i:  55500, t:  107422.8 s, ωt:  10.74 (1.71 periods), wall: 24.029 minutes, Δt:   1.22, CFL: 7.20e-01
i:  55600, t:  107554.1 s, ωt:  10.76 (1.71 periods), wall: 24.072 minutes, Δt:   1.48, CFL: 7.20e-01
i:  55700, t:  107691.5 s, ωt:  10.77 (1.71 periods), wall: 24.115 minutes, Δt:   1.33, CFL: 7.20e-01
i:  55800, t:  107820.1 s, ωt:  10.78 (1.72 periods), wall: 24.157 minutes, Δt:   1.37, CFL: 7.20e-01
i:  55900, t:  107957.3 s, ωt:  10.80 (1.72 periods), wall: 24.200 minutes, Δt:   1.56, CFL: 7.20e-01
i:  56000, t:  108100.6 s, ωt:  10.81 (1.72 periods), wall: 24.243 minutes, Δt:   1.26, CFL: 7.20e-01
i:  56100, t:  108229.1 s, ωt:  10.82 (1.72 periods), wall: 24.285 minutes, Δt:   1.33, CFL: 7.20e-01
i:  56200, t:  108367.6 s, ωt:  10.84 (1.72 periods), wall: 24.328 minutes, Δt:   1.36, CFL: 7.20e-01
i:  56300, t:  108488.8 s, ωt:  10.85 (1.73 periods), wall: 24.371 minutes, Δt:   1.26, CFL: 7.20e-01
i:  56400, t:  108607.8 s, ωt:  10.86 (1.73 periods), wall: 24.414 minutes, Δt:   1.32, CFL: 7.20e-01
i:  56500, t:  108737.3 s, ωt:  10.87 (1.73 periods), wall: 24.456 minutes, Δt:   1.34, CFL: 7.20e-01
i:  56600, t:  108864.5 s, ωt:  10.89 (1.73 periods), wall: 24.499 minutes, Δt:   1.09, CFL: 7.20e-01
i:  56700, t:  108982.4 s, ωt:  10.90 (1.73 periods), wall: 24.541 minutes, Δt:   1.24, CFL: 7.20e-01
i:  56800, t:  109114.5 s, ωt:  10.91 (1.74 periods), wall: 24.584 minutes, Δt:   1.31, CFL: 7.20e-01
i:  56900, t:  109250.2 s, ωt:  10.93 (1.74 periods), wall: 24.627 minutes, Δt:   1.26, CFL: 7.20e-01
i:  57000, t:  109381.8 s, ωt:  10.94 (1.74 periods), wall: 24.669 minutes, Δt:   1.39, CFL: 7.20e-01
i:  57100, t:  109522.6 s, ωt:  10.95 (1.74 periods), wall: 24.712 minutes, Δt:   1.62, CFL: 7.20e-01
i:  57200, t:  109656.1 s, ωt:  10.97 (1.75 periods), wall: 24.755 minutes, Δt:   1.14, CFL: 7.20e-01
i:  57300, t:  109789.5 s, ωt:  10.98 (1.75 periods), wall: 24.798 minutes, Δt:   1.40, CFL: 7.20e-01
i:  57400, t:  109923.0 s, ωt:  10.99 (1.75 periods), wall: 24.840 minutes, Δt:   1.25, CFL: 7.20e-01
i:  57500, t:  110052.9 s, ωt:  11.01 (1.75 periods), wall: 24.883 minutes, Δt:   1.29, CFL: 7.20e-01
i:  57600, t:  110187.3 s, ωt:  11.02 (1.75 periods), wall: 24.926 minutes, Δt:   1.39, CFL: 7.20e-01
i:  57700, t:  110322.2 s, ωt:  11.03 (1.76 periods), wall: 24.969 minutes, Δt:   1.34, CFL: 7.20e-01
i:  57800, t:  110449.8 s, ωt:  11.04 (1.76 periods), wall: 25.011 minutes, Δt:   1.32, CFL: 7.20e-01
i:  57900, t:  110582.4 s, ωt:  11.06 (1.76 periods), wall: 25.054 minutes, Δt:   1.19, CFL: 7.20e-01
i:  58000, t:  110704.9 s, ωt:  11.07 (1.76 periods), wall: 25.097 minutes, Δt:   1.31, CFL: 7.20e-01
i:  58100, t:  110840.3 s, ωt:  11.08 (1.76 periods), wall: 25.139 minutes, Δt:   1.39, CFL: 7.20e-01
i:  58200, t:  110963.0 s, ωt:  11.10 (1.77 periods), wall: 25.182 minutes, Δt:   1.26, CFL: 7.20e-01
i:  58300, t:  111092.2 s, ωt:  11.11 (1.77 periods), wall: 25.225 minutes, Δt:   1.30, CFL: 7.20e-01
i:  58400, t:  111212.4 s, ωt:  11.12 (1.77 periods), wall: 25.267 minutes, Δt:   1.30, CFL: 7.20e-01
i:  58500, t:  111338.7 s, ωt:  11.13 (1.77 periods), wall: 25.310 minutes, Δt:   1.27, CFL: 7.20e-01
i:  58600, t:  111476.7 s, ωt:  11.15 (1.77 periods), wall: 25.353 minutes, Δt:   1.49, CFL: 7.20e-01
i:  58700, t:  111621.4 s, ωt:  11.16 (1.78 periods), wall: 25.395 minutes, Δt:   1.54, CFL: 7.20e-01
i:  58800, t:  111756.8 s, ωt:  11.18 (1.78 periods), wall: 25.438 minutes, Δt:   1.41, CFL: 7.20e-01
i:  58900, t:  111892.6 s, ωt:  11.19 (1.78 periods), wall: 25.481 minutes, Δt:   1.25, CFL: 7.20e-01
i:  59000, t:  112017.6 s, ωt:  11.20 (1.78 periods), wall: 25.523 minutes, Δt:   1.35, CFL: 7.20e-01
i:  59100, t:  112148.3 s, ωt:  11.21 (1.78 periods), wall: 25.566 minutes, Δt:   1.33, CFL: 7.20e-01
i:  59200, t:  112279.4 s, ωt:  11.23 (1.79 periods), wall: 25.609 minutes, Δt:   1.22, CFL: 7.20e-01
i:  59300, t:  112412.8 s, ωt:  11.24 (1.79 periods), wall: 25.651 minutes, Δt:   1.43, CFL: 7.20e-01
i:  59400, t:  112546.5 s, ωt:  11.25 (1.79 periods), wall: 25.694 minutes, Δt:   1.39, CFL: 7.20e-01
i:  59500, t:  112680.9 s, ωt:  11.27 (1.79 periods), wall: 25.737 minutes, Δt:   1.38, CFL: 7.20e-01
i:  59600, t:  112816.7 s, ωt:  11.28 (1.80 periods), wall: 25.780 minutes, Δt:   1.22, CFL: 7.20e-01
i:  59700, t:  112936.9 s, ωt:  11.29 (1.80 periods), wall: 25.822 minutes, Δt:   1.48, CFL: 7.20e-01
i:  59800, t:  113071.0 s, ωt:  11.31 (1.80 periods), wall: 25.865 minutes, Δt:   1.22, CFL: 7.20e-01
i:  59900, t:  113205.6 s, ωt:  11.32 (1.80 periods), wall: 25.908 minutes, Δt:   1.43, CFL: 7.20e-01
i:  60000, t:  113343.9 s, ωt:  11.33 (1.80 periods), wall: 25.950 minutes, Δt:   1.35, CFL: 7.20e-01
i:  60100, t:  113495.5 s, ωt:  11.35 (1.81 periods), wall: 25.993 minutes, Δt:   1.57, CFL: 7.20e-01
i:  60200, t:  113630.5 s, ωt:  11.36 (1.81 periods), wall: 26.036 minutes, Δt:   1.41, CFL: 7.20e-01
i:  60300, t:  113771.9 s, ωt:  11.38 (1.81 periods), wall: 26.078 minutes, Δt:   1.49, CFL: 7.20e-01
i:  60400, t:  113902.0 s, ωt:  11.39 (1.81 periods), wall: 26.121 minutes, Δt:   1.24, CFL: 7.20e-01
i:  60500, t:  114037.5 s, ωt:  11.40 (1.81 periods), wall: 26.164 minutes, Δt:   1.30, CFL: 7.20e-01
i:  60600, t:  114177.9 s, ωt:  11.42 (1.82 periods), wall: 26.208 minutes, Δt:   1.49, CFL: 7.20e-01
i:  60700, t:  114314.4 s, ωt:  11.43 (1.82 periods), wall: 26.250 minutes, Δt:   1.38, CFL: 7.20e-01
i:  60800, t:  114460.7 s, ωt:  11.45 (1.82 periods), wall: 26.293 minutes, Δt:   1.32, CFL: 7.20e-01
i:  60900, t:  114596.3 s, ωt:  11.46 (1.82 periods), wall: 26.336 minutes, Δt:   1.29, CFL: 7.20e-01
i:  61000, t:  114738.1 s, ωt:  11.47 (1.83 periods), wall: 26.378 minutes, Δt:   1.41, CFL: 7.20e-01
i:  61100, t:  114885.3 s, ωt:  11.49 (1.83 periods), wall: 26.421 minutes, Δt:   1.19, CFL: 7.20e-01
i:  61200, t:  115022.0 s, ωt:  11.50 (1.83 periods), wall: 26.464 minutes, Δt:   1.50, CFL: 7.20e-01
i:  61300, t:  115157.0 s, ωt:  11.52 (1.83 periods), wall: 26.506 minutes, Δt:   1.44, CFL: 7.20e-01
i:  61400, t:  115301.4 s, ωt:  11.53 (1.84 periods), wall: 26.549 minutes, Δt:   1.59, CFL: 7.20e-01
i:  61500, t:  115448.5 s, ωt:  11.54 (1.84 periods), wall: 26.592 minutes, Δt:   1.53, CFL: 7.20e-01
i:  61600, t:  115609.9 s, ωt:  11.56 (1.84 periods), wall: 26.634 minutes, Δt:   1.48, CFL: 7.20e-01
i:  61700, t:  115760.4 s, ωt:  11.58 (1.84 periods), wall: 26.677 minutes, Δt:   1.47, CFL: 7.20e-01
i:  61800, t:  115906.7 s, ωt:  11.59 (1.84 periods), wall: 26.720 minutes, Δt:   1.42, CFL: 7.20e-01
i:  61900, t:  116046.8 s, ωt:  11.60 (1.85 periods), wall: 26.763 minutes, Δt:   1.52, CFL: 7.20e-01
i:  62000, t:  116206.0 s, ωt:  11.62 (1.85 periods), wall: 26.805 minutes, Δt:   1.71, CFL: 7.20e-01
i:  62100, t:  116371.2 s, ωt:  11.64 (1.85 periods), wall: 26.848 minutes, Δt:   1.59, CFL: 7.20e-01
i:  62200, t:  116542.2 s, ωt:  11.65 (1.85 periods), wall: 26.890 minutes, Δt:   1.78, CFL: 7.20e-01
i:  62300, t:  116692.9 s, ωt:  11.67 (1.86 periods), wall: 26.933 minutes, Δt:   1.23, CFL: 7.20e-01
i:  62400, t:  116818.0 s, ωt:  11.68 (1.86 periods), wall: 26.976 minutes, Δt:   1.52, CFL: 7.20e-01
i:  62500, t:  116984.8 s, ωt:  11.70 (1.86 periods), wall: 27.019 minutes, Δt:   1.61, CFL: 7.20e-01
i:  62600, t:  117155.8 s, ωt:  11.72 (1.86 periods), wall: 27.061 minutes, Δt:   1.67, CFL: 7.20e-01
i:  62700, t:  117317.3 s, ωt:  11.73 (1.87 periods), wall: 27.104 minutes, Δt:   1.55, CFL: 7.20e-01
i:  62800, t:  117495.6 s, ωt:  11.75 (1.87 periods), wall: 27.147 minutes, Δt:   1.49, CFL: 7.20e-01
i:  62900, t:  117649.5 s, ωt:  11.76 (1.87 periods), wall: 27.190 minutes, Δt:   1.45, CFL: 7.20e-01
i:  63000, t:  117820.0 s, ωt:  11.78 (1.88 periods), wall: 27.232 minutes, Δt:   1.76, CFL: 7.20e-01
i:  63100, t:  118004.6 s, ωt:  11.80 (1.88 periods), wall: 27.275 minutes, Δt:   1.79, CFL: 7.20e-01
i:  63200, t:  118180.0 s, ωt:  11.82 (1.88 periods), wall: 27.318 minutes, Δt:   1.93, CFL: 7.20e-01
i:  63300, t:  118339.5 s, ωt:  11.83 (1.88 periods), wall: 27.360 minutes, Δt:   1.61, CFL: 7.20e-01
i:  63400, t:  118533.8 s, ωt:  11.85 (1.89 periods), wall: 27.403 minutes, Δt:   2.09, CFL: 7.20e-01
i:  63500, t:  118706.6 s, ωt:  11.87 (1.89 periods), wall: 27.446 minutes, Δt:   1.26, CFL: 7.20e-01
i:  63600, t:  118852.5 s, ωt:  11.89 (1.89 periods), wall: 27.488 minutes, Δt:   1.95, CFL: 7.20e-01
i:  63700, t:  119029.7 s, ωt:  11.90 (1.89 periods), wall: 27.531 minutes, Δt:   1.92, CFL: 7.20e-01
i:  63800, t:  119232.1 s, ωt:  11.92 (1.90 periods), wall: 27.574 minutes, Δt:   1.72, CFL: 7.20e-01
i:  63900, t:  119429.6 s, ωt:  11.94 (1.90 periods), wall: 27.616 minutes, Δt:   1.99, CFL: 7.20e-01
i:  64000, t:  119643.7 s, ωt:  11.96 (1.90 periods), wall: 27.659 minutes, Δt:   1.97, CFL: 7.20e-01
i:  64100, t:  119857.7 s, ωt:  11.99 (1.91 periods), wall: 27.702 minutes, Δt:   2.23, CFL: 7.20e-01
i:  64200, t:  120046.7 s, ωt:  12.00 (1.91 periods), wall: 27.745 minutes, Δt:   1.96, CFL: 7.20e-01
i:  64300, t:  120257.6 s, ωt:  12.03 (1.91 periods), wall: 27.787 minutes, Δt:   2.18, CFL: 7.20e-01
i:  64400, t:  120482.0 s, ωt:  12.05 (1.92 periods), wall: 27.830 minutes, Δt:   2.21, CFL: 7.20e-01
i:  64500, t:  120709.0 s, ωt:  12.07 (1.92 periods), wall: 27.873 minutes, Δt:   2.42, CFL: 7.20e-01
i:  64600, t:  120954.1 s, ωt:  12.10 (1.93 periods), wall: 27.915 minutes, Δt:   2.74, CFL: 7.20e-01
i:  64700, t:  121217.8 s, ωt:  12.12 (1.93 periods), wall: 27.958 minutes, Δt:   2.52, CFL: 7.20e-01
i:  64800, t:  121464.7 s, ωt:  12.15 (1.93 periods), wall: 28.001 minutes, Δt:   2.11, CFL: 7.20e-01
i:  64900, t:  121677.8 s, ωt:  12.17 (1.94 periods), wall: 28.044 minutes, Δt:   2.33, CFL: 7.20e-01
i:  65000, t:  121932.9 s, ωt:  12.19 (1.94 periods), wall: 28.086 minutes, Δt:   2.98, CFL: 7.20e-01
i:  65100, t:  122247.3 s, ωt:  12.22 (1.95 periods), wall: 28.129 minutes, Δt:   3.44, CFL: 7.20e-01
i:  65200, t:  122564.7 s, ωt:  12.26 (1.95 periods), wall: 28.172 minutes, Δt:   2.70, CFL: 7.20e-01
i:  65300, t:  122835.7 s, ωt:  12.28 (1.95 periods), wall: 28.215 minutes, Δt:   2.74, CFL: 7.20e-01
i:  65400, t:  123157.1 s, ωt:  12.32 (1.96 periods), wall: 28.257 minutes, Δt:   3.41, CFL: 7.20e-01
i:  65500, t:  123527.6 s, ωt:  12.35 (1.97 periods), wall: 28.300 minutes, Δt:   4.12, CFL: 7.20e-01
i:  65600, t:  123948.8 s, ωt:  12.39 (1.97 periods), wall: 28.343 minutes, Δt:   4.20, CFL: 7.20e-01
i:  65700, t:  124379.6 s, ωt:  12.44 (1.98 periods), wall: 28.386 minutes, Δt:   4.95, CFL: 7.20e-01
i:  65800, t:  124875.1 s, ωt:  12.49 (1.99 periods), wall: 28.428 minutes, Δt:   5.90, CFL: 7.20e-01
i:  65900, t:  125441.0 s, ωt:  12.54 (2.00 periods), wall: 28.471 minutes, Δt:   6.00, CFL: 7.20e-01
i:  66000, t:  125962.5 s, ωt:  12.60 (2.00 periods), wall: 28.517 minutes, Δt:   4.74, CFL: 7.20e-01
i:  66100, t:  126455.2 s, ωt:  12.65 (2.01 periods), wall: 28.560 minutes, Δt:   5.72, CFL: 7.20e-01
i:  66200, t:  126918.1 s, ωt:  12.69 (2.02 periods), wall: 28.603 minutes, Δt:   3.32, CFL: 7.20e-01
i:  66300, t:  127325.2 s, ωt:  12.73 (2.03 periods), wall: 28.645 minutes, Δt:   4.67, CFL: 7.20e-01
i:  66400, t:  127811.5 s, ωt:  12.78 (2.03 periods), wall: 28.688 minutes, Δt:   4.28, CFL: 7.20e-01
i:  66500, t:  128243.5 s, ωt:  12.82 (2.04 periods), wall: 28.731 minutes, Δt:   4.23, CFL: 7.20e-01
i:  66600, t:  128616.9 s, ωt:  12.86 (2.05 periods), wall: 28.774 minutes, Δt:   3.42, CFL: 7.20e-01
i:  66700, t:  128966.3 s, ωt:  12.90 (2.05 periods), wall: 28.817 minutes, Δt:   3.41, CFL: 7.20e-01
i:  66800, t:  129314.3 s, ωt:  12.93 (2.06 periods), wall: 28.859 minutes, Δt:   3.37, CFL: 7.20e-01
i:  66900, t:  129598.5 s, ωt:  12.96 (2.06 periods), wall: 28.902 minutes, Δt:   3.08, CFL: 7.20e-01
i:  67000, t:  129917.9 s, ωt:  12.99 (2.07 periods), wall: 28.945 minutes, Δt:   2.43, CFL: 7.20e-01
i:  67100, t:  130167.2 s, ωt:  13.02 (2.07 periods), wall: 28.988 minutes, Δt:   2.73, CFL: 7.20e-01
i:  67200, t:  130456.8 s, ωt:  13.05 (2.08 periods), wall: 29.030 minutes, Δt:   2.83, CFL: 7.20e-01
i:  67300, t:  130704.5 s, ωt:  13.07 (2.08 periods), wall: 29.073 minutes, Δt:   2.38, CFL: 7.20e-01
i:  67400, t:  130946.8 s, ωt:  13.09 (2.08 periods), wall: 29.116 minutes, Δt:   2.63, CFL: 7.20e-01
i:  67500, t:  131168.0 s, ωt:  13.12 (2.09 periods), wall: 29.158 minutes, Δt:   2.40, CFL: 7.20e-01
i:  67600, t:  131396.7 s, ωt:  13.14 (2.09 periods), wall: 29.201 minutes, Δt:   2.55, CFL: 7.20e-01
i:  67700, t:  131624.4 s, ωt:  13.16 (2.09 periods), wall: 29.244 minutes, Δt:   2.35, CFL: 7.20e-01
i:  67800, t:  131825.9 s, ωt:  13.18 (2.10 periods), wall: 29.287 minutes, Δt:   2.03, CFL: 7.20e-01
i:  67900, t:  132036.1 s, ωt:  13.20 (2.10 periods), wall: 29.329 minutes, Δt:   2.05, CFL: 7.20e-01
i:  68000, t:  132233.5 s, ωt:  13.22 (2.10 periods), wall: 29.372 minutes, Δt:   2.03, CFL: 7.20e-01
i:  68100, t:  132439.7 s, ωt:  13.24 (2.11 periods), wall: 29.414 minutes, Δt:   2.07, CFL: 7.20e-01
i:  68200, t:  132650.5 s, ωt:  13.27 (2.11 periods), wall: 29.457 minutes, Δt:   1.92, CFL: 7.20e-01
i:  68300, t:  132852.6 s, ωt:  13.29 (2.11 periods), wall: 29.500 minutes, Δt:   2.17, CFL: 7.20e-01
i:  68400, t:  133046.6 s, ωt:  13.30 (2.12 periods), wall: 29.543 minutes, Δt:   1.90, CFL: 7.20e-01
i:  68500, t:  133222.3 s, ωt:  13.32 (2.12 periods), wall: 29.586 minutes, Δt:   1.92, CFL: 7.20e-01
i:  68600, t:  133399.5 s, ωt:  13.34 (2.12 periods), wall: 29.628 minutes, Δt:   1.72, CFL: 7.20e-01
i:  68700, t:  133577.5 s, ωt:  13.36 (2.13 periods), wall: 29.671 minutes, Δt:   1.53, CFL: 7.20e-01
i:  68800, t:  133739.8 s, ωt:  13.37 (2.13 periods), wall: 29.714 minutes, Δt:   2.01, CFL: 7.20e-01
i:  68900, t:  133915.1 s, ωt:  13.39 (2.13 periods), wall: 29.756 minutes, Δt:   1.44, CFL: 7.20e-01
i:  69000, t:  134073.0 s, ωt:  13.41 (2.13 periods), wall: 29.799 minutes, Δt:   1.70, CFL: 7.20e-01
i:  69100, t:  134240.8 s, ωt:  13.42 (2.14 periods), wall: 29.842 minutes, Δt:   1.45, CFL: 7.20e-01
i:  69200, t:  134405.2 s, ωt:  13.44 (2.14 periods), wall: 29.884 minutes, Δt:   1.95, CFL: 7.20e-01
i:  69300, t:  134569.4 s, ωt:  13.46 (2.14 periods), wall: 29.927 minutes, Δt:   1.62, CFL: 7.20e-01
i:  69400, t:  134732.6 s, ωt:  13.47 (2.14 periods), wall: 29.970 minutes, Δt:   1.55, CFL: 7.20e-01
i:  69500, t:  134892.7 s, ωt:  13.49 (2.15 periods), wall: 30.013 minutes, Δt:   1.75, CFL: 7.20e-01
i:  69600, t:  135059.5 s, ωt:  13.51 (2.15 periods), wall: 30.055 minutes, Δt:   1.49, CFL: 7.20e-01
i:  69700, t:  135220.0 s, ωt:  13.52 (2.15 periods), wall: 30.098 minutes, Δt:   1.51, CFL: 7.20e-01
i:  69800, t:  135367.6 s, ωt:  13.54 (2.15 periods), wall: 30.141 minutes, Δt:   1.44, CFL: 7.20e-01
i:  69900, t:  135509.4 s, ωt:  13.55 (2.16 periods), wall: 30.183 minutes, Δt:   1.37, CFL: 7.20e-01
i:  70000, t:  135665.2 s, ωt:  13.57 (2.16 periods), wall: 30.226 minutes, Δt:   1.42, CFL: 7.20e-01
i:  70100, t:  135816.8 s, ωt:  13.58 (2.16 periods), wall: 30.269 minutes, Δt:   1.50, CFL: 7.20e-01
i:  70200, t:  135973.0 s, ωt:  13.60 (2.16 periods), wall: 30.312 minutes, Δt:   1.63, CFL: 7.20e-01
i:  70300, t:  136129.0 s, ωt:  13.61 (2.17 periods), wall: 30.354 minutes, Δt:   1.57, CFL: 7.20e-01
i:  70400, t:  136285.4 s, ωt:  13.63 (2.17 periods), wall: 30.397 minutes, Δt:   1.49, CFL: 7.20e-01
i:  70500, t:  136436.5 s, ωt:  13.64 (2.17 periods), wall: 30.440 minutes, Δt:   1.37, CFL: 7.20e-01
i:  70600, t:  136584.0 s, ωt:  13.66 (2.17 periods), wall: 30.482 minutes, Δt:   1.59, CFL: 7.20e-01
i:  70700, t:  136742.8 s, ωt:  13.67 (2.18 periods), wall: 30.525 minutes, Δt:   1.44, CFL: 7.20e-01
i:  70800, t:  136882.8 s, ωt:  13.69 (2.18 periods), wall: 30.568 minutes, Δt:   1.32, CFL: 7.20e-01
i:  70900, t:  137023.0 s, ωt:  13.70 (2.18 periods), wall: 30.610 minutes, Δt:   1.14, CFL: 7.20e-01
i:  71000, t:  137150.5 s, ωt:  13.72 (2.18 periods), wall: 30.653 minutes, Δt:   1.52, CFL: 7.20e-01
i:  71100, t:  137295.0 s, ωt:  13.73 (2.19 periods), wall: 30.695 minutes, Δt:   1.55, CFL: 7.20e-01
i:  71200, t:  137432.6 s, ωt:  13.74 (2.19 periods), wall: 30.738 minutes, Δt:   1.41, CFL: 7.20e-01
i:  71300, t:  137582.3 s, ωt:  13.76 (2.19 periods), wall: 30.781 minutes, Δt:   1.31, CFL: 7.20e-01
i:  71400, t:  137716.5 s, ωt:  13.77 (2.19 periods), wall: 30.823 minutes, Δt:   1.33, CFL: 7.20e-01
i:  71500, t:  137861.5 s, ωt:  13.79 (2.19 periods), wall: 30.866 minutes, Δt:   1.36, CFL: 7.20e-01
i:  71600, t:  137997.3 s, ωt:  13.80 (2.20 periods), wall: 30.909 minutes, Δt:   1.49, CFL: 7.20e-01
i:  71700, t:  138138.0 s, ωt:  13.81 (2.20 periods), wall: 30.951 minutes, Δt:   1.25, CFL: 7.20e-01
i:  71800, t:  138273.9 s, ωt:  13.83 (2.20 periods), wall: 30.994 minutes, Δt:   1.46, CFL: 7.20e-01
i:  71900, t:  138418.2 s, ωt:  13.84 (2.20 periods), wall: 31.037 minutes, Δt:   1.17, CFL: 7.20e-01
i:  72000, t:  138541.7 s, ωt:  13.85 (2.20 periods), wall: 31.079 minutes, Δt:   1.05, CFL: 7.20e-01
i:  72100, t:  138672.1 s, ωt:  13.87 (2.21 periods), wall: 31.122 minutes, Δt:   1.43, CFL: 7.20e-01
i:  72200, t:  138810.8 s, ωt:  13.88 (2.21 periods), wall: 31.165 minutes, Δt:   1.58, CFL: 7.20e-01
i:  72300, t:  138957.3 s, ωt:  13.90 (2.21 periods), wall: 31.208 minutes, Δt:   1.56, CFL: 7.20e-01
i:  72400, t:  139096.8 s, ωt:  13.91 (2.21 periods), wall: 31.250 minutes, Δt:   1.46, CFL: 7.20e-01
i:  72500, t:  139237.0 s, ωt:  13.92 (2.22 periods), wall: 31.293 minutes, Δt:   1.48, CFL: 7.20e-01
i:  72600, t:  139385.8 s, ωt:  13.94 (2.22 periods), wall: 31.336 minutes, Δt:   1.45, CFL: 7.20e-01
i:  72700, t:  139523.8 s, ωt:  13.95 (2.22 periods), wall: 31.378 minutes, Δt:   1.14, CFL: 7.20e-01
i:  72800, t:  139662.5 s, ωt:  13.97 (2.22 periods), wall: 31.421 minutes, Δt:   1.59, CFL: 7.20e-01
i:  72900, t:  139806.6 s, ωt:  13.98 (2.23 periods), wall: 31.464 minutes, Δt:   1.38, CFL: 7.20e-01
i:  73000, t:  139944.2 s, ωt:  13.99 (2.23 periods), wall: 31.506 minutes, Δt:   1.57, CFL: 7.20e-01
i:  73100, t:  140091.3 s, ωt:  14.01 (2.23 periods), wall: 31.549 minutes, Δt:   1.37, CFL: 7.20e-01
i:  73200, t:  140223.3 s, ωt:  14.02 (2.23 periods), wall: 31.592 minutes, Δt:   1.12, CFL: 7.20e-01
i:  73300, t:  140360.4 s, ωt:  14.04 (2.23 periods), wall: 31.635 minutes, Δt:   1.21, CFL: 7.20e-01
i:  73400, t:  140492.3 s, ωt:  14.05 (2.24 periods), wall: 31.677 minutes, Δt:   1.33, CFL: 7.20e-01
i:  73500, t:  140622.1 s, ωt:  14.06 (2.24 periods), wall: 31.720 minutes, Δt:   1.32, CFL: 7.20e-01
i:  73600, t:  140750.3 s, ωt:  14.08 (2.24 periods), wall: 31.763 minutes, Δt:   1.31, CFL: 7.20e-01
i:  73700, t:  140875.9 s, ωt:  14.09 (2.24 periods), wall: 31.805 minutes, Δt:   1.15, CFL: 7.20e-01
i:  73800, t:  141010.4 s, ωt:  14.10 (2.24 periods), wall: 31.848 minutes, Δt:   1.39, CFL: 7.20e-01
i:  73900, t:  141152.7 s, ωt:  14.12 (2.25 periods), wall: 31.891 minutes, Δt:   1.52, CFL: 7.20e-01
i:  74000, t:  141282.0 s, ωt:  14.13 (2.25 periods), wall: 31.933 minutes, Δt:   1.36, CFL: 7.20e-01
i:  74100, t:  141410.8 s, ωt:  14.14 (2.25 periods), wall: 31.976 minutes, Δt:   1.42, CFL: 7.20e-01
i:  74200, t:  141536.0 s, ωt:  14.15 (2.25 periods), wall: 32.019 minutes, Δt:   1.40, CFL: 7.20e-01
i:  74300, t:  141672.9 s, ωt:  14.17 (2.25 periods), wall: 32.061 minutes, Δt:   1.28, CFL: 7.20e-01
i:  74400, t:  141805.8 s, ωt:  14.18 (2.26 periods), wall: 32.104 minutes, Δt:   1.37, CFL: 7.20e-01
i:  74500, t:  141931.4 s, ωt:  14.19 (2.26 periods), wall: 32.147 minutes, Δt:   1.31, CFL: 7.20e-01
i:  74600, t:  142063.5 s, ωt:  14.21 (2.26 periods), wall: 32.189 minutes, Δt:   1.28, CFL: 7.20e-01
i:  74700, t:  142197.5 s, ωt:  14.22 (2.26 periods), wall: 32.232 minutes, Δt:   1.46, CFL: 7.20e-01
i:  74800, t:  142332.8 s, ωt:  14.23 (2.27 periods), wall: 32.275 minutes, Δt:   1.42, CFL: 7.20e-01
i:  74900, t:  142464.0 s, ωt:  14.25 (2.27 periods), wall: 32.318 minutes, Δt:   1.18, CFL: 7.20e-01
i:  75000, t:  142588.1 s, ωt:  14.26 (2.27 periods), wall: 32.360 minutes, Δt:   1.34, CFL: 7.20e-01
i:  75100, t:  142726.3 s, ωt:  14.27 (2.27 periods), wall: 32.403 minutes, Δt:   1.33, CFL: 7.20e-01
i:  75200, t:  142865.5 s, ωt:  14.29 (2.27 periods), wall: 32.446 minutes, Δt:   1.39, CFL: 7.20e-01
i:  75300, t:  143007.0 s, ωt:  14.30 (2.28 periods), wall: 32.488 minutes, Δt:   1.40, CFL: 7.20e-01
i:  75400, t:  143143.7 s, ωt:  14.31 (2.28 periods), wall: 32.531 minutes, Δt:   1.44, CFL: 7.20e-01
i:  75500, t:  143281.4 s, ωt:  14.33 (2.28 periods), wall: 32.574 minutes, Δt:   1.44, CFL: 7.20e-01
i:  75600, t:  143426.2 s, ωt:  14.34 (2.28 periods), wall: 32.616 minutes, Δt:   1.61, CFL: 7.20e-01
i:  75700, t:  143573.6 s, ωt:  14.36 (2.29 periods), wall: 32.659 minutes, Δt:   1.32, CFL: 7.20e-01
i:  75800, t:  143698.8 s, ωt:  14.37 (2.29 periods), wall: 32.702 minutes, Δt:   1.33, CFL: 7.20e-01
i:  75900, t:  143828.5 s, ωt:  14.38 (2.29 periods), wall: 32.744 minutes, Δt:   1.41, CFL: 7.20e-01
i:  76000, t:  143967.4 s, ωt:  14.40 (2.29 periods), wall: 32.787 minutes, Δt:   1.34, CFL: 7.20e-01
i:  76100, t:  144101.8 s, ωt:  14.41 (2.29 periods), wall: 32.830 minutes, Δt:   1.26, CFL: 7.20e-01
i:  76200, t:  144244.8 s, ωt:  14.42 (2.30 periods), wall: 32.873 minutes, Δt:   1.55, CFL: 7.20e-01
i:  76300, t:  144375.4 s, ωt:  14.44 (2.30 periods), wall: 32.915 minutes, Δt:   1.47, CFL: 7.20e-01
i:  76400, t:  144516.4 s, ωt:  14.45 (2.30 periods), wall: 32.958 minutes, Δt:   1.63, CFL: 7.20e-01
i:  76500, t:  144658.9 s, ωt:  14.47 (2.30 periods), wall: 33.001 minutes, Δt:   1.27, CFL: 7.20e-01
i:  76600, t:  144781.4 s, ωt:  14.48 (2.30 periods), wall: 33.044 minutes, Δt:   1.23, CFL: 7.20e-01
i:  76700, t:  144927.1 s, ωt:  14.49 (2.31 periods), wall: 33.086 minutes, Δt:   1.43, CFL: 7.20e-01
i:  76800, t:  145075.7 s, ωt:  14.51 (2.31 periods), wall: 33.129 minutes, Δt:   1.42, CFL: 7.20e-01
i:  76900, t:  145216.3 s, ωt:  14.52 (2.31 periods), wall: 33.172 minutes, Δt:   1.68, CFL: 7.20e-01
i:  77000, t:  145367.7 s, ωt:  14.54 (2.31 periods), wall: 33.215 minutes, Δt:   1.42, CFL: 7.20e-01
i:  77100, t:  145512.6 s, ωt:  14.55 (2.32 periods), wall: 33.258 minutes, Δt:   1.64, CFL: 7.20e-01
i:  77200, t:  145669.9 s, ωt:  14.57 (2.32 periods), wall: 33.301 minutes, Δt:   1.56, CFL: 7.20e-01
i:  77300, t:  145826.0 s, ωt:  14.58 (2.32 periods), wall: 33.344 minutes, Δt:   1.28, CFL: 7.20e-01
i:  77400, t:  145959.9 s, ωt:  14.60 (2.32 periods), wall: 33.386 minutes, Δt:   1.41, CFL: 7.20e-01
i:  77500, t:  146113.2 s, ωt:  14.61 (2.33 periods), wall: 33.429 minutes, Δt:   1.70, CFL: 7.20e-01
i:  77600, t:  146273.3 s, ωt:  14.63 (2.33 periods), wall: 33.471 minutes, Δt:   1.37, CFL: 7.20e-01
i:  77700, t:  146411.7 s, ωt:  14.64 (2.33 periods), wall: 33.514 minutes, Δt:   1.30, CFL: 7.20e-01
i:  77800, t:  146550.4 s, ωt:  14.66 (2.33 periods), wall: 33.557 minutes, Δt:   1.54, CFL: 7.20e-01
i:  77900, t:  146707.8 s, ωt:  14.67 (2.33 periods), wall: 33.599 minutes, Δt:   1.39, CFL: 7.20e-01
i:  78000, t:  146844.6 s, ωt:  14.68 (2.34 periods), wall: 33.642 minutes, Δt:   1.46, CFL: 7.20e-01
i:  78100, t:  146990.7 s, ωt:  14.70 (2.34 periods), wall: 33.685 minutes, Δt:   1.67, CFL: 7.20e-01
i:  78200, t:  147159.8 s, ωt:  14.72 (2.34 periods), wall: 33.728 minutes, Δt:   1.62, CFL: 7.20e-01
i:  78300, t:  147321.4 s, ωt:  14.73 (2.34 periods), wall: 33.770 minutes, Δt:   1.48, CFL: 7.20e-01
i:  78400, t:  147478.9 s, ωt:  14.75 (2.35 periods), wall: 33.813 minutes, Δt:   1.77, CFL: 7.20e-01
i:  78500, t:  147629.0 s, ωt:  14.76 (2.35 periods), wall: 33.856 minutes, Δt:   1.53, CFL: 7.20e-01
i:  78600, t:  147785.7 s, ωt:  14.78 (2.35 periods), wall: 33.899 minutes, Δt:   1.49, CFL: 7.20e-01
i:  78700, t:  147943.6 s, ωt:  14.79 (2.35 periods), wall: 33.941 minutes, Δt:   1.77, CFL: 7.20e-01
i:  78800, t:  148124.3 s, ωt:  14.81 (2.36 periods), wall: 33.984 minutes, Δt:   1.95, CFL: 7.20e-01
i:  78900, t:  148290.7 s, ωt:  14.83 (2.36 periods), wall: 34.027 minutes, Δt:   1.65, CFL: 7.20e-01
i:  79000, t:  148455.8 s, ωt:  14.85 (2.36 periods), wall: 34.070 minutes, Δt:   1.95, CFL: 7.20e-01
i:  79100, t:  148635.3 s, ωt:  14.86 (2.37 periods), wall: 34.112 minutes, Δt:   1.41, CFL: 7.20e-01
i:  79200, t:  148781.3 s, ωt:  14.88 (2.37 periods), wall: 34.155 minutes, Δt:   1.57, CFL: 7.20e-01
i:  79300, t:  148926.9 s, ωt:  14.89 (2.37 periods), wall: 34.198 minutes, Δt:   1.71, CFL: 7.20e-01
i:  79400, t:  149097.6 s, ωt:  14.91 (2.37 periods), wall: 34.240 minutes, Δt:   1.72, CFL: 7.20e-01
i:  79500, t:  149268.7 s, ωt:  14.93 (2.38 periods), wall: 34.283 minutes, Δt:   1.96, CFL: 7.20e-01
i:  79600, t:  149472.0 s, ωt:  14.95 (2.38 periods), wall: 34.326 minutes, Δt:   2.01, CFL: 7.20e-01
i:  79700, t:  149662.2 s, ωt:  14.97 (2.38 periods), wall: 34.369 minutes, Δt:   1.84, CFL: 7.20e-01
i:  79800, t:  149829.7 s, ωt:  14.98 (2.38 periods), wall: 34.411 minutes, Δt:   1.78, CFL: 7.20e-01
i:  79900, t:  150018.5 s, ωt:  15.00 (2.39 periods), wall: 34.454 minutes, Δt:   1.64, CFL: 7.20e-01
i:  80000, t:  150213.9 s, ωt:  15.02 (2.39 periods), wall: 34.497 minutes, Δt:   2.22, CFL: 7.20e-01
i:  80100, t:  150431.3 s, ωt:  15.04 (2.39 periods), wall: 34.539 minutes, Δt:   2.09, CFL: 7.20e-01
i:  80200, t:  150623.1 s, ωt:  15.06 (2.40 periods), wall: 34.582 minutes, Δt:   2.02, CFL: 7.20e-01
i:  80300, t:  150834.7 s, ωt:  15.08 (2.40 periods), wall: 34.625 minutes, Δt:   2.18, CFL: 7.20e-01
i:  80400, t:  151062.2 s, ωt:  15.11 (2.40 periods), wall: 34.668 minutes, Δt:   1.95, CFL: 7.20e-01
i:  80500, t:  151271.9 s, ωt:  15.13 (2.41 periods), wall: 34.710 minutes, Δt:   2.23, CFL: 7.20e-01
i:  80600, t:  151492.5 s, ωt:  15.15 (2.41 periods), wall: 34.753 minutes, Δt:   2.31, CFL: 7.20e-01
i:  80700, t:  151715.0 s, ωt:  15.17 (2.41 periods), wall: 34.796 minutes, Δt:   2.33, CFL: 7.20e-01
i:  80800, t:  151940.7 s, ωt:  15.19 (2.42 periods), wall: 34.839 minutes, Δt:   2.44, CFL: 7.20e-01
i:  80900, t:  152189.2 s, ωt:  15.22 (2.42 periods), wall: 34.881 minutes, Δt:   2.53, CFL: 7.20e-01
i:  81000, t:  152439.7 s, ωt:  15.24 (2.43 periods), wall: 34.924 minutes, Δt:   1.89, CFL: 7.20e-01
i:  81100, t:  152671.3 s, ωt:  15.27 (2.43 periods), wall: 34.966 minutes, Δt:   2.44, CFL: 7.20e-01
i:  81200, t:  152858.4 s, ωt:  15.29 (2.43 periods), wall: 35.009 minutes, Δt:   2.27, CFL: 6.56e-01
i:  81300, t:  153114.7 s, ωt:  15.31 (2.44 periods), wall: 35.052 minutes, Δt:   2.37, CFL: 7.20e-01
i:  81400, t:  153382.3 s, ωt:  15.34 (2.44 periods), wall: 35.095 minutes, Δt:   3.01, CFL: 7.20e-01
i:  81500, t:  153668.3 s, ωt:  15.37 (2.45 periods), wall: 35.138 minutes, Δt:   2.61, CFL: 7.20e-01
i:  81600, t:  153969.7 s, ωt:  15.40 (2.45 periods), wall: 35.180 minutes, Δt:   3.45, CFL: 7.20e-01
i:  81700, t:  154300.2 s, ωt:  15.43 (2.46 periods), wall: 35.223 minutes, Δt:   2.67, CFL: 7.20e-01
i:  81800, t:  154601.9 s, ωt:  15.46 (2.46 periods), wall: 35.266 minutes, Δt:   3.54, CFL: 7.20e-01
i:  81900, t:  154950.1 s, ωt:  15.50 (2.47 periods), wall: 35.309 minutes, Δt:   3.43, CFL: 7.20e-01
i:  82000, t:  155313.5 s, ωt:  15.53 (2.47 periods), wall: 35.351 minutes, Δt:   3.47, CFL: 7.20e-01
i:  82100, t:  155671.1 s, ωt:  15.57 (2.48 periods), wall: 35.394 minutes, Δt:   3.62, CFL: 7.20e-01
i:  82200, t:  156115.7 s, ωt:  15.61 (2.48 periods), wall: 35.437 minutes, Δt:   5.11, CFL: 7.20e-01
i:  82300, t:  156583.4 s, ωt:  15.66 (2.49 periods), wall: 35.480 minutes, Δt:   5.38, CFL: 7.20e-01
i:  82400, t:  157102.8 s, ωt:  15.71 (2.50 periods), wall: 35.524 minutes, Δt:   5.17, CFL: 7.20e-01
i:  82500, t:  157601.7 s, ωt:  15.76 (2.51 periods), wall: 35.568 minutes, Δt:   5.00, CFL: 7.20e-01
i:  82600, t:  158041.6 s, ωt:  15.80 (2.52 periods), wall: 35.611 minutes, Δt:   4.55, CFL: 7.20e-01
i:  82700, t:  158521.0 s, ωt:  15.85 (2.52 periods), wall: 35.654 minutes, Δt:   5.23, CFL: 7.20e-01
i:  82800, t:  158974.2 s, ωt:  15.90 (2.53 periods), wall: 35.697 minutes, Δt:   4.79, CFL: 7.20e-01
i:  82900, t:  159415.4 s, ωt:  15.94 (2.54 periods), wall: 35.739 minutes, Δt:   4.03, CFL: 7.20e-01
i:  83000, t:  159829.9 s, ωt:  15.98 (2.54 periods), wall: 35.782 minutes, Δt:   3.99, CFL: 7.20e-01
i:  83100, t:  160221.2 s, ωt:  16.02 (2.55 periods), wall: 35.825 minutes, Δt:   3.73, CFL: 7.20e-01
i:  83200, t:  160597.0 s, ωt:  16.06 (2.56 periods), wall: 35.868 minutes, Δt:   3.68, CFL: 7.20e-01
i:  83300, t:  160927.6 s, ωt:  16.09 (2.56 periods), wall: 35.911 minutes, Δt:   3.24, CFL: 7.20e-01
i:  83400, t:  161230.6 s, ωt:  16.12 (2.57 periods), wall: 35.954 minutes, Δt:   2.93, CFL: 7.20e-01
i:  83500, t:  161484.8 s, ωt:  16.15 (2.57 periods), wall: 35.996 minutes, Δt:   2.43, CFL: 7.20e-01
i:  83600, t:  161726.9 s, ωt:  16.17 (2.57 periods), wall: 36.039 minutes, Δt:   2.25, CFL: 7.20e-01
i:  83700, t:  161969.9 s, ωt:  16.20 (2.58 periods), wall: 36.082 minutes, Δt:   2.70, CFL: 7.20e-01
i:  83800, t:  162222.5 s, ωt:  16.22 (2.58 periods), wall: 36.125 minutes, Δt:   2.41, CFL: 7.20e-01
i:  83900, t:  162459.0 s, ωt:  16.25 (2.59 periods), wall: 36.167 minutes, Δt:   2.54, CFL: 7.20e-01
i:  84000, t:  162711.2 s, ωt:  16.27 (2.59 periods), wall: 36.210 minutes, Δt:   2.44, CFL: 7.20e-01
i:  84100, t:  162920.5 s, ωt:  16.29 (2.59 periods), wall: 36.253 minutes, Δt:   2.26, CFL: 7.20e-01
i:  84200, t:  163155.2 s, ωt:  16.32 (2.60 periods), wall: 36.295 minutes, Δt:   2.34, CFL: 7.20e-01
i:  84300, t:  163385.0 s, ωt:  16.34 (2.60 periods), wall: 36.338 minutes, Δt:   2.21, CFL: 7.20e-01
i:  84400, t:  163587.2 s, ωt:  16.36 (2.60 periods), wall: 36.381 minutes, Δt:   1.95, CFL: 7.20e-01
i:  84500, t:  163788.0 s, ωt:  16.38 (2.61 periods), wall: 36.423 minutes, Δt:   1.84, CFL: 7.20e-01
i:  84600, t:  163974.0 s, ωt:  16.40 (2.61 periods), wall: 36.466 minutes, Δt:   2.10, CFL: 7.20e-01
i:  84700, t:  164172.4 s, ωt:  16.42 (2.61 periods), wall: 36.509 minutes, Δt:   1.99, CFL: 7.20e-01
i:  84800, t:  164356.1 s, ωt:  16.44 (2.62 periods), wall: 36.552 minutes, Δt:   1.99, CFL: 7.20e-01
i:  84900, t:  164537.0 s, ωt:  16.45 (2.62 periods), wall: 36.594 minutes, Δt:   1.77, CFL: 7.20e-01
i:  85000, t:  164713.9 s, ωt:  16.47 (2.62 periods), wall: 36.637 minutes, Δt:   1.95, CFL: 7.20e-01
i:  85100, t:  164907.0 s, ωt:  16.49 (2.62 periods), wall: 36.680 minutes, Δt:   1.84, CFL: 7.20e-01
i:  85200, t:  165094.9 s, ωt:  16.51 (2.63 periods), wall: 36.722 minutes, Δt:   1.76, CFL: 7.20e-01
i:  85300, t:  165271.0 s, ωt:  16.53 (2.63 periods), wall: 36.765 minutes, Δt:   1.94, CFL: 7.20e-01
i:  85400, t:  165451.4 s, ωt:  16.55 (2.63 periods), wall: 36.808 minutes, Δt:   1.76, CFL: 7.20e-01
i:  85500, t:  165624.1 s, ωt:  16.56 (2.64 periods), wall: 36.850 minutes, Δt:   1.61, CFL: 7.20e-01
i:  85600, t:  165797.3 s, ωt:  16.58 (2.64 periods), wall: 36.893 minutes, Δt:   1.86, CFL: 7.20e-01
i:  85700, t:  165955.5 s, ωt:  16.60 (2.64 periods), wall: 36.936 minutes, Δt:   1.48, CFL: 7.20e-01
i:  85800, t:  166105.6 s, ωt:  16.61 (2.64 periods), wall: 36.978 minutes, Δt:   1.73, CFL: 7.20e-01
i:  85900, t:  166269.1 s, ωt:  16.63 (2.65 periods), wall: 37.021 minutes, Δt:   1.78, CFL: 7.20e-01
i:  86000, t:  166438.8 s, ωt:  16.64 (2.65 periods), wall: 37.064 minutes, Δt:   1.46, CFL: 7.20e-01
i:  86100, t:  166598.6 s, ωt:  16.66 (2.65 periods), wall: 37.106 minutes, Δt:   1.73, CFL: 7.20e-01
i:  86200, t:  166750.6 s, ωt:  16.68 (2.65 periods), wall: 37.149 minutes, Δt:   1.56, CFL: 7.20e-01
i:  86300, t:  166913.2 s, ωt:  16.69 (2.66 periods), wall: 37.192 minutes, Δt:   1.45, CFL: 7.20e-01
i:  86400, t:  167053.4 s, ωt:  16.71 (2.66 periods), wall: 37.234 minutes, Δt:   1.40, CFL: 7.20e-01
i:  86500, t:  167202.0 s, ωt:  16.72 (2.66 periods), wall: 37.277 minutes, Δt:   1.49, CFL: 7.20e-01
i:  86600, t:  167350.7 s, ωt:  16.74 (2.66 periods), wall: 37.320 minutes, Δt:   1.38, CFL: 7.20e-01
i:  86700, t:  167493.2 s, ωt:  16.75 (2.67 periods), wall: 37.363 minutes, Δt:   1.58, CFL: 7.20e-01
i:  86800, t:  167639.3 s, ωt:  16.76 (2.67 periods), wall: 37.405 minutes, Δt:   1.42, CFL: 7.20e-01
i:  86900, t:  167789.8 s, ωt:  16.78 (2.67 periods), wall: 37.448 minutes, Δt:   1.48, CFL: 7.20e-01
i:  87000, t:  167932.1 s, ωt:  16.79 (2.67 periods), wall: 37.490 minutes, Δt:   1.38, CFL: 7.20e-01
i:  87100, t:  168081.2 s, ωt:  16.81 (2.68 periods), wall: 37.533 minutes, Δt:   1.31, CFL: 7.20e-01
i:  87200, t:  168220.2 s, ωt:  16.82 (2.68 periods), wall: 37.576 minutes, Δt:   1.09, CFL: 7.20e-01
i:  87300, t:  168352.3 s, ωt:  16.84 (2.68 periods), wall: 37.619 minutes, Δt:   1.57, CFL: 7.20e-01
i:  87400, t:  168492.5 s, ωt:  16.85 (2.68 periods), wall: 37.661 minutes, Δt:   1.27, CFL: 7.20e-01
i:  87500, t:  168629.8 s, ωt:  16.86 (2.68 periods), wall: 37.704 minutes, Δt:   1.25, CFL: 7.20e-01
i:  87600, t:  168764.3 s, ωt:  16.88 (2.69 periods), wall: 37.747 minutes, Δt:   1.37, CFL: 7.20e-01
i:  87700, t:  168909.7 s, ωt:  16.89 (2.69 periods), wall: 37.789 minutes, Δt:   1.39, CFL: 7.20e-01
i:  87800, t:  169048.8 s, ωt:  16.90 (2.69 periods), wall: 37.832 minutes, Δt:   1.47, CFL: 7.20e-01
i:  87900, t:  169187.9 s, ωt:  16.92 (2.69 periods), wall: 37.875 minutes, Δt:   1.41, CFL: 7.20e-01
i:  88000, t:  169334.4 s, ωt:  16.93 (2.70 periods), wall: 37.917 minutes, Δt:   1.46, CFL: 7.20e-01
i:  88100, t:  169472.3 s, ωt:  16.95 (2.70 periods), wall: 37.960 minutes, Δt:   1.47, CFL: 7.20e-01
i:  88200, t:  169609.2 s, ωt:  16.96 (2.70 periods), wall: 38.002 minutes, Δt:   1.28, CFL: 7.20e-01
i:  88300, t:  169742.0 s, ωt:  16.97 (2.70 periods), wall: 38.045 minutes, Δt:   1.26, CFL: 7.20e-01
i:  88400, t:  169864.3 s, ωt:  16.99 (2.70 periods), wall: 38.088 minutes, Δt:   1.45, CFL: 7.20e-01
i:  88500, t:  170005.9 s, ωt:  17.00 (2.71 periods), wall: 38.131 minutes, Δt:   1.27, CFL: 7.20e-01
i:  88600, t:  170143.8 s, ωt:  17.01 (2.71 periods), wall: 38.173 minutes, Δt:   1.41, CFL: 7.20e-01
i:  88700, t:  170265.5 s, ωt:  17.03 (2.71 periods), wall: 38.216 minutes, Δt:   1.14, CFL: 7.20e-01
i:  88800, t:  170385.2 s, ωt:  17.04 (2.71 periods), wall: 38.259 minutes, Δt:   1.19, CFL: 7.20e-01
i:  88900, t:  170523.1 s, ωt:  17.05 (2.71 periods), wall: 38.302 minutes, Δt:   1.38, CFL: 7.20e-01
i:  89000, t:  170661.9 s, ωt:  17.07 (2.72 periods), wall: 38.344 minutes, Δt:   1.39, CFL: 7.20e-01
i:  89100, t:  170784.8 s, ωt:  17.08 (2.72 periods), wall: 38.387 minutes, Δt:   1.12, CFL: 7.20e-01
i:  89200, t:  170908.8 s, ωt:  17.09 (2.72 periods), wall: 38.430 minutes, Δt:   1.24, CFL: 7.20e-01
i:  89300, t:  171038.8 s, ωt:  17.10 (2.72 periods), wall: 38.472 minutes, Δt:   1.33, CFL: 7.20e-01
i:  89400, t:  171169.0 s, ωt:  17.12 (2.72 periods), wall: 38.515 minutes, Δt:   1.12, CFL: 7.20e-01
i:  89500, t:  171298.1 s, ωt:  17.13 (2.73 periods), wall: 38.558 minutes, Δt:   1.33, CFL: 7.20e-01
i:  89600, t:  171432.2 s, ωt:  17.14 (2.73 periods), wall: 38.600 minutes, Δt:   1.31, CFL: 7.20e-01
i:  89700, t:  171568.3 s, ωt:  17.16 (2.73 periods), wall: 38.643 minutes, Δt:   1.37, CFL: 7.20e-01
i:  89800, t:  171703.2 s, ωt:  17.17 (2.73 periods), wall: 38.686 minutes, Δt:   1.22, CFL: 7.20e-01
i:  89900, t:  171834.3 s, ωt:  17.18 (2.73 periods), wall: 38.728 minutes, Δt:   1.22, CFL: 7.20e-01
i:  90000, t:  171973.0 s, ωt:  17.20 (2.74 periods), wall: 38.771 minutes, Δt:   1.43, CFL: 7.20e-01
i:  90100, t:  172109.1 s, ωt:  17.21 (2.74 periods), wall: 38.814 minutes, Δt:   1.38, CFL: 7.20e-01
i:  90200, t:  172234.3 s, ωt:  17.22 (2.74 periods), wall: 38.857 minutes, Δt:   1.49, CFL: 7.20e-01
i:  90300, t:  172377.3 s, ωt:  17.24 (2.74 periods), wall: 38.899 minutes, Δt:   1.32, CFL: 7.20e-01
i:  90400, t:  172510.8 s, ωt:  17.25 (2.75 periods), wall: 38.942 minutes, Δt:   1.39, CFL: 7.20e-01
i:  90500, t:  172634.3 s, ωt:  17.26 (2.75 periods), wall: 38.985 minutes, Δt:   1.16, CFL: 7.20e-01
i:  90600, t:  172770.3 s, ωt:  17.28 (2.75 periods), wall: 39.027 minutes, Δt:   1.32, CFL: 7.20e-01
i:  90700, t:  172898.5 s, ωt:  17.29 (2.75 periods), wall: 39.070 minutes, Δt:   1.25, CFL: 7.20e-01
i:  90800, t:  173022.6 s, ωt:  17.30 (2.75 periods), wall: 39.113 minutes, Δt:   1.40, CFL: 7.20e-01
i:  90900, t:  173164.2 s, ωt:  17.32 (2.76 periods), wall: 39.155 minutes, Δt:   1.26, CFL: 7.20e-01
i:  91000, t:  173298.5 s, ωt:  17.33 (2.76 periods), wall: 39.198 minutes, Δt:   1.10, CFL: 7.20e-01
i:  91100, t:  173429.2 s, ωt:  17.34 (2.76 periods), wall: 39.241 minutes, Δt:   1.43, CFL: 7.20e-01
i:  91200, t:  173565.7 s, ωt:  17.36 (2.76 periods), wall: 39.284 minutes, Δt:   1.35, CFL: 7.20e-01
i:  91300, t:  173706.7 s, ωt:  17.37 (2.76 periods), wall: 39.326 minutes, Δt:   1.39, CFL: 7.20e-01
i:  91400, t:  173838.4 s, ωt:  17.38 (2.77 periods), wall: 39.369 minutes, Δt:   1.27, CFL: 7.20e-01
i:  91500, t:  173957.8 s, ωt:  17.40 (2.77 periods), wall: 39.412 minutes, Δt:   1.36, CFL: 7.20e-01
i:  91600, t:  174094.3 s, ωt:  17.41 (2.77 periods), wall: 39.454 minutes, Δt:   1.43, CFL: 7.20e-01
i:  91700, t:  174240.2 s, ωt:  17.42 (2.77 periods), wall: 39.497 minutes, Δt:   1.49, CFL: 7.20e-01
i:  91800, t:  174372.1 s, ωt:  17.44 (2.78 periods), wall: 39.540 minutes, Δt:   1.46, CFL: 7.20e-01
i:  91900, t:  174507.7 s, ωt:  17.45 (2.78 periods), wall: 39.583 minutes, Δt:   1.37, CFL: 7.20e-01
i:  92000, t:  174638.3 s, ωt:  17.46 (2.78 periods), wall: 39.625 minutes, Δt:   1.24, CFL: 7.20e-01
i:  92100, t:  174763.1 s, ωt:  17.48 (2.78 periods), wall: 39.668 minutes, Δt:   1.24, CFL: 7.20e-01
i:  92200, t:  174880.1 s, ωt:  17.49 (2.78 periods), wall: 39.711 minutes, Δt:   1.18, CFL: 7.20e-01
i:  92300, t:  175007.2 s, ωt:  17.50 (2.79 periods), wall: 39.753 minutes, Δt:   1.57, CFL: 7.20e-01
i:  92400, t:  175139.9 s, ωt:  17.51 (2.79 periods), wall: 39.796 minutes, Δt:   1.23, CFL: 7.20e-01
i:  92500, t:  175273.1 s, ωt:  17.53 (2.79 periods), wall: 39.839 minutes, Δt:   1.64, CFL: 7.20e-01
i:  92600, t:  175421.6 s, ωt:  17.54 (2.79 periods), wall: 39.883 minutes, Δt:   1.39, CFL: 7.20e-01
i:  92700, t:  175563.7 s, ωt:  17.56 (2.79 periods), wall: 39.926 minutes, Δt:   1.44, CFL: 7.20e-01
i:  92800, t:  175701.6 s, ωt:  17.57 (2.80 periods), wall: 39.968 minutes, Δt:   1.46, CFL: 7.20e-01
i:  92900, t:  175846.0 s, ωt:  17.58 (2.80 periods), wall: 40.011 minutes, Δt:   1.41, CFL: 7.20e-01
i:  93000, t:  175980.2 s, ωt:  17.60 (2.80 periods), wall: 40.054 minutes, Δt:   1.28, CFL: 7.20e-01
i:  93100, t:  176112.3 s, ωt:  17.61 (2.80 periods), wall: 40.096 minutes, Δt:   1.20, CFL: 7.20e-01
i:  93200, t:  176235.4 s, ωt:  17.62 (2.80 periods), wall: 40.139 minutes, Δt:   1.22, CFL: 7.20e-01
i:  93300, t:  176367.1 s, ωt:  17.64 (2.81 periods), wall: 40.182 minutes, Δt:   1.38, CFL: 7.20e-01
i:  93400, t:  176503.1 s, ωt:  17.65 (2.81 periods), wall: 40.224 minutes, Δt:   1.40, CFL: 7.20e-01
i:  93500, t:  176635.4 s, ωt:  17.66 (2.81 periods), wall: 40.267 minutes, Δt:   1.33, CFL: 7.20e-01
i:  93600, t:  176778.5 s, ωt:  17.68 (2.81 periods), wall: 40.310 minutes, Δt:   1.45, CFL: 7.20e-01
i:  93700, t:  176915.8 s, ωt:  17.69 (2.82 periods), wall: 40.352 minutes, Δt:   1.34, CFL: 7.20e-01
i:  93800, t:  177060.4 s, ωt:  17.71 (2.82 periods), wall: 40.395 minutes, Δt:   1.42, CFL: 7.20e-01
i:  93900, t:  177208.3 s, ωt:  17.72 (2.82 periods), wall: 40.438 minutes, Δt:   1.66, CFL: 7.20e-01
i:  94000, t:  177366.3 s, ωt:  17.74 (2.82 periods), wall: 40.481 minutes, Δt:   1.64, CFL: 7.20e-01
i:  94100, t:  177525.3 s, ωt:  17.75 (2.83 periods), wall: 40.523 minutes, Δt:   1.43, CFL: 7.20e-01
i:  94200, t:  177675.6 s, ωt:  17.77 (2.83 periods), wall: 40.566 minutes, Δt:   1.46, CFL: 7.20e-01
i:  94300, t:  177835.6 s, ωt:  17.78 (2.83 periods), wall: 40.609 minutes, Δt:   1.49, CFL: 7.20e-01
i:  94400, t:  177994.6 s, ωt:  17.80 (2.83 periods), wall: 40.652 minutes, Δt:   1.51, CFL: 7.20e-01
i:  94500, t:  178139.6 s, ωt:  17.81 (2.84 periods), wall: 40.694 minutes, Δt:   1.51, CFL: 7.20e-01
i:  94600, t:  178288.6 s, ωt:  17.83 (2.84 periods), wall: 40.737 minutes, Δt:   1.39, CFL: 7.20e-01
i:  94700, t:  178437.5 s, ωt:  17.84 (2.84 periods), wall: 40.780 minutes, Δt:   1.40, CFL: 7.20e-01
i:  94800, t:  178588.3 s, ωt:  17.86 (2.84 periods), wall: 40.822 minutes, Δt:   1.65, CFL: 7.20e-01
i:  94900, t:  178746.7 s, ωt:  17.87 (2.84 periods), wall: 40.865 minutes, Δt:   1.67, CFL: 7.20e-01
i:  95000, t:  178906.8 s, ωt:  17.89 (2.85 periods), wall: 40.908 minutes, Δt:   1.59, CFL: 7.20e-01
i:  95100, t:  179069.9 s, ωt:  17.91 (2.85 periods), wall: 40.951 minutes, Δt:   1.74, CFL: 7.20e-01
i:  95200, t:  179236.7 s, ωt:  17.92 (2.85 periods), wall: 40.993 minutes, Δt:   1.35, CFL: 7.20e-01
i:  95300, t:  179391.8 s, ωt:  17.94 (2.86 periods), wall: 41.036 minutes, Δt:   1.70, CFL: 7.20e-01
i:  95400, t:  179559.2 s, ωt:  17.96 (2.86 periods), wall: 41.079 minutes, Δt:   1.53, CFL: 7.20e-01
i:  95500, t:  179726.1 s, ωt:  17.97 (2.86 periods), wall: 41.122 minutes, Δt:   1.66, CFL: 7.20e-01
i:  95600, t:  179880.1 s, ωt:  17.99 (2.86 periods), wall: 41.164 minutes, Δt:   1.89, CFL: 7.20e-01
i:  95700, t:  180056.2 s, ωt:  18.01 (2.87 periods), wall: 41.207 minutes, Δt:   1.82, CFL: 7.20e-01
i:  95800, t:  180235.2 s, ωt:  18.02 (2.87 periods), wall: 41.249 minutes, Δt:   1.85, CFL: 7.20e-01
i:  95900, t:  180408.2 s, ωt:  18.04 (2.87 periods), wall: 41.292 minutes, Δt:   1.54, CFL: 7.20e-01
i:  96000, t:  180584.0 s, ωt:  18.06 (2.87 periods), wall: 41.335 minutes, Δt:   1.93, CFL: 7.20e-01
i:  96100, t:  180744.1 s, ωt:  18.07 (2.88 periods), wall: 41.378 minutes, Δt:   1.87, CFL: 7.20e-01
i:  96200, t:  180929.9 s, ωt:  18.09 (2.88 periods), wall: 41.420 minutes, Δt:   1.82, CFL: 7.20e-01
i:  96300, t:  181109.8 s, ωt:  18.11 (2.88 periods), wall: 41.463 minutes, Δt:   1.91, CFL: 7.20e-01
i:  96400, t:  181279.0 s, ωt:  18.13 (2.89 periods), wall: 41.506 minutes, Δt:   1.58, CFL: 7.20e-01
i:  96500, t:  181448.0 s, ωt:  18.14 (2.89 periods), wall: 41.548 minutes, Δt:   1.74, CFL: 7.20e-01
i:  96600, t:  181627.6 s, ωt:  18.16 (2.89 periods), wall: 41.591 minutes, Δt:   2.10, CFL: 7.20e-01
i:  96700, t:  181838.0 s, ωt:  18.18 (2.89 periods), wall: 41.634 minutes, Δt:   2.26, CFL: 7.20e-01
i:  96800, t:  182044.1 s, ωt:  18.20 (2.90 periods), wall: 41.676 minutes, Δt:   2.16, CFL: 7.20e-01
i:  96900, t:  182247.4 s, ωt:  18.22 (2.90 periods), wall: 41.719 minutes, Δt:   2.03, CFL: 7.20e-01
i:  97000, t:  182466.6 s, ωt:  18.25 (2.90 periods), wall: 41.762 minutes, Δt:   2.25, CFL: 7.20e-01
i:  97100, t:  182662.8 s, ωt:  18.27 (2.91 periods), wall: 41.805 minutes, Δt:   1.82, CFL: 7.20e-01
i:  97200, t:  182853.7 s, ωt:  18.29 (2.91 periods), wall: 41.847 minutes, Δt:   2.16, CFL: 7.20e-01
i:  97300, t:  183047.5 s, ωt:  18.30 (2.91 periods), wall: 41.890 minutes, Δt:   2.22, CFL: 7.20e-01
i:  97400, t:  183274.2 s, ωt:  18.33 (2.92 periods), wall: 41.933 minutes, Δt:   1.79, CFL: 7.20e-01
i:  97500, t:  183476.7 s, ωt:  18.35 (2.92 periods), wall: 41.976 minutes, Δt:   2.07, CFL: 7.20e-01
i:  97600, t:  183722.5 s, ωt:  18.37 (2.92 periods), wall: 42.018 minutes, Δt:   2.55, CFL: 7.20e-01
i:  97700, t:  183967.9 s, ωt:  18.40 (2.93 periods), wall: 42.061 minutes, Δt:   2.81, CFL: 7.20e-01
i:  97800, t:  184241.0 s, ωt:  18.42 (2.93 periods), wall: 42.104 minutes, Δt:   3.01, CFL: 7.20e-01
i:  97900, t:  184534.8 s, ωt:  18.45 (2.94 periods), wall: 42.146 minutes, Δt:   3.12, CFL: 7.20e-01
i:  98000, t:  184805.0 s, ωt:  18.48 (2.94 periods), wall: 42.189 minutes, Δt:   2.48, CFL: 7.20e-01
i:  98100, t:  185012.3 s, ωt:  18.50 (2.94 periods), wall: 42.232 minutes, Δt:   2.54, CFL: 7.20e-01
i:  98200, t:  185289.5 s, ωt:  18.53 (2.95 periods), wall: 42.275 minutes, Δt:   3.07, CFL: 7.20e-01
i:  98300, t:  185611.2 s, ωt:  18.56 (2.95 periods), wall: 42.317 minutes, Δt:   3.29, CFL: 7.20e-01
i:  98400, t:  185930.4 s, ωt:  18.59 (2.96 periods), wall: 42.360 minutes, Δt:   3.58, CFL: 7.20e-01
i:  98500, t:  186327.8 s, ωt:  18.63 (2.97 periods), wall: 42.403 minutes, Δt:   4.50, CFL: 7.20e-01
i:  98600, t:  186713.0 s, ωt:  18.67 (2.97 periods), wall: 42.446 minutes, Δt:   3.55, CFL: 7.20e-01
i:  98700, t:  187081.6 s, ωt:  18.71 (2.98 periods), wall: 42.489 minutes, Δt:   4.33, CFL: 7.20e-01
i:  98800, t:  187488.2 s, ωt:  18.75 (2.98 periods), wall: 42.531 minutes, Δt:   4.63, CFL: 7.19e-01
i:  98900, t:  187975.0 s, ωt:  18.80 (2.99 periods), wall: 42.574 minutes, Δt:   5.07, CFL: 7.20e-01
i:  99000, t:  188470.2 s, ωt:  18.85 (3.00 periods), wall: 42.617 minutes, Δt:   4.99, CFL: 7.20e-01
i:  99100, t:  188934.1 s, ωt:  18.89 (3.01 periods), wall: 42.663 minutes, Δt:   5.63, CFL: 7.20e-01
i:  99200, t:  189418.2 s, ωt:  18.94 (3.01 periods), wall: 42.706 minutes, Δt:   5.02, CFL: 7.20e-01
i:  99300, t:  189937.9 s, ωt:  18.99 (3.02 periods), wall: 42.749 minutes, Δt:   5.41, CFL: 7.20e-01
i:  99400, t:  190465.9 s, ωt:  19.05 (3.03 periods), wall: 42.792 minutes, Δt:   5.25, CFL: 7.20e-01
i:  99500, t:  190915.3 s, ωt:  19.09 (3.04 periods), wall: 42.834 minutes, Δt:   3.59, CFL: 7.20e-01
i:  99600, t:  191298.5 s, ωt:  19.13 (3.04 periods), wall: 42.877 minutes, Δt:   4.27, CFL: 7.20e-01
i:  99700, t:  191695.0 s, ωt:  19.17 (3.05 periods), wall: 42.920 minutes, Δt:   3.42, CFL: 7.20e-01
i:  99800, t:  192030.9 s, ωt:  19.20 (3.06 periods), wall: 42.963 minutes, Δt:   3.25, CFL: 7.20e-01
i:  99900, t:  192351.0 s, ωt:  19.24 (3.06 periods), wall: 43.005 minutes, Δt:   2.94, CFL: 7.20e-01
i: 100000, t:  192655.0 s, ωt:  19.27 (3.07 periods), wall: 43.048 minutes, Δt:   2.85, CFL: 7.20e-01
i: 100100, t:  192947.4 s, ωt:  19.29 (3.07 periods), wall: 43.091 minutes, Δt:   2.54, CFL: 7.20e-01
i: 100200, t:  193211.0 s, ωt:  19.32 (3.08 periods), wall: 43.134 minutes, Δt:   3.07, CFL: 7.20e-01
i: 100300, t:  193494.3 s, ωt:  19.35 (3.08 periods), wall: 43.176 minutes, Δt:   2.89, CFL: 7.20e-01
i: 100400, t:  193771.3 s, ωt:  19.38 (3.08 periods), wall: 43.219 minutes, Δt:   2.74, CFL: 7.20e-01
i: 100500, t:  194039.7 s, ωt:  19.40 (3.09 periods), wall: 43.262 minutes, Δt:   2.67, CFL: 7.20e-01
i: 100600, t:  194286.2 s, ωt:  19.43 (3.09 periods), wall: 43.305 minutes, Δt:   2.38, CFL: 7.20e-01
i: 100700, t:  194505.2 s, ωt:  19.45 (3.10 periods), wall: 43.348 minutes, Δt:   2.07, CFL: 7.20e-01
i: 100800, t:  194714.5 s, ωt:  19.47 (3.10 periods), wall: 43.390 minutes, Δt:   1.83, CFL: 7.20e-01
i: 100900, t:  194905.7 s, ωt:  19.49 (3.10 periods), wall: 43.433 minutes, Δt:   1.57, CFL: 7.20e-01
i: 101000, t:  195097.4 s, ωt:  19.51 (3.11 periods), wall: 43.476 minutes, Δt:   2.20, CFL: 7.20e-01
i: 101100, t:  195305.8 s, ωt:  19.53 (3.11 periods), wall: 43.518 minutes, Δt:   2.04, CFL: 7.20e-01
i: 101200, t:  195511.8 s, ωt:  19.55 (3.11 periods), wall: 43.561 minutes, Δt:   2.10, CFL: 7.20e-01
i: 101300, t:  195711.5 s, ωt:  19.57 (3.11 periods), wall: 43.604 minutes, Δt:   1.75, CFL: 7.20e-01
i: 101400, t:  195902.8 s, ωt:  19.59 (3.12 periods), wall: 43.646 minutes, Δt:   2.10, CFL: 7.20e-01
i: 101500, t:  196082.6 s, ωt:  19.61 (3.12 periods), wall: 43.689 minutes, Δt:   1.80, CFL: 7.20e-01
i: 101600, t:  196257.5 s, ωt:  19.63 (3.12 periods), wall: 43.732 minutes, Δt:   1.67, CFL: 7.20e-01
i: 101700, t:  196428.1 s, ωt:  19.64 (3.13 periods), wall: 43.774 minutes, Δt:   1.64, CFL: 7.20e-01
i: 101800, t:  196589.5 s, ωt:  19.66 (3.13 periods), wall: 43.817 minutes, Δt:   1.96, CFL: 7.20e-01
i: 101900, t:  196771.4 s, ωt:  19.68 (3.13 periods), wall: 43.860 minutes, Δt:   2.04, CFL: 7.20e-01
i: 102000, t:  196937.2 s, ωt:  19.69 (3.13 periods), wall: 43.903 minutes, Δt:   1.66, CFL: 7.20e-01
i: 102100, t:  197110.9 s, ωt:  19.71 (3.14 periods), wall: 43.945 minutes, Δt:   1.46, CFL: 7.20e-01
i: 102200, t:  197267.1 s, ωt:  19.73 (3.14 periods), wall: 43.988 minutes, Δt:   1.64, CFL: 7.20e-01
i: 102300, t:  197421.9 s, ωt:  19.74 (3.14 periods), wall: 44.031 minutes, Δt:   1.77, CFL: 7.20e-01
i: 102400, t:  197600.7 s, ωt:  19.76 (3.14 periods), wall: 44.073 minutes, Δt:   1.76, CFL: 7.20e-01
i: 102500, t:  197770.8 s, ωt:  19.78 (3.15 periods), wall: 44.116 minutes, Δt:   1.63, CFL: 7.20e-01
i: 102600, t:  197930.2 s, ωt:  19.79 (3.15 periods), wall: 44.159 minutes, Δt:   1.70, CFL: 7.20e-01
i: 102700, t:  198096.6 s, ωt:  19.81 (3.15 periods), wall: 44.202 minutes, Δt:   1.50, CFL: 7.20e-01
i: 102800, t:  198268.5 s, ωt:  19.83 (3.16 periods), wall: 44.244 minutes, Δt:   1.70, CFL: 7.20e-01
i: 102900, t:  198431.6 s, ωt:  19.84 (3.16 periods), wall: 44.287 minutes, Δt:   1.65, CFL: 7.20e-01
i: 103000, t:  198587.0 s, ωt:  19.86 (3.16 periods), wall: 44.330 minutes, Δt:   1.52, CFL: 7.20e-01
i: 103100, t:  198733.5 s, ωt:  19.87 (3.16 periods), wall: 44.372 minutes, Δt:   1.47, CFL: 7.20e-01
i: 103200, t:  198875.5 s, ωt:  19.89 (3.17 periods), wall: 44.415 minutes, Δt:   1.47, CFL: 7.20e-01
i: 103300, t:  199030.6 s, ωt:  19.90 (3.17 periods), wall: 44.458 minutes, Δt:   1.52, CFL: 7.20e-01
i: 103400, t:  199175.5 s, ωt:  19.92 (3.17 periods), wall: 44.500 minutes, Δt:   1.43, CFL: 7.20e-01
i: 103500, t:  199329.7 s, ωt:  19.93 (3.17 periods), wall: 44.543 minutes, Δt:   1.56, CFL: 7.20e-01
i: 103600, t:  199487.7 s, ωt:  19.95 (3.17 periods), wall: 44.586 minutes, Δt:   1.30, CFL: 7.20e-01
i: 103700, t:  199633.2 s, ωt:  19.96 (3.18 periods), wall: 44.628 minutes, Δt:   1.55, CFL: 7.20e-01
i: 103800, t:  199790.9 s, ωt:  19.98 (3.18 periods), wall: 44.671 minutes, Δt:   1.57, CFL: 7.20e-01
i: 103900, t:  199937.3 s, ωt:  19.99 (3.18 periods), wall: 44.714 minutes, Δt:   1.46, CFL: 7.20e-01
i: 104000, t:  200091.4 s, ωt:  20.01 (3.18 periods), wall: 44.756 minutes, Δt:   1.41, CFL: 7.20e-01
i: 104100, t:  200232.3 s, ωt:  20.02 (3.19 periods), wall: 44.799 minutes, Δt:   1.37, CFL: 7.20e-01
i: 104200, t:  200374.0 s, ωt:  20.04 (3.19 periods), wall: 44.842 minutes, Δt:   1.48, CFL: 7.20e-01
i: 104300, t:  200502.1 s, ωt:  20.05 (3.19 periods), wall: 44.885 minutes, Δt:   1.29, CFL: 7.20e-01
i: 104400, t:  200635.4 s, ωt:  20.06 (3.19 periods), wall: 44.927 minutes, Δt:   1.30, CFL: 7.20e-01
i: 104500, t:  200762.5 s, ωt:  20.08 (3.20 periods), wall: 44.970 minutes, Δt:   1.31, CFL: 7.20e-01
i: 104600, t:  200893.8 s, ωt:  20.09 (3.20 periods), wall: 45.014 minutes, Δt:   1.41, CFL: 7.20e-01
i: 104700, t:  201024.6 s, ωt:  20.10 (3.20 periods), wall: 45.056 minutes, Δt:   1.46, CFL: 7.20e-01
i: 104800, t:  201159.6 s, ωt:  20.12 (3.20 periods), wall: 45.099 minutes, Δt:   1.51, CFL: 7.20e-01
i: 104900, t:  201291.7 s, ωt:  20.13 (3.20 periods), wall: 45.142 minutes, Δt:   1.42, CFL: 7.20e-01
i: 105000, t:  201425.2 s, ωt:  20.14 (3.21 periods), wall: 45.185 minutes, Δt:   1.12, CFL: 7.20e-01
i: 105100, t:  201557.0 s, ωt:  20.16 (3.21 periods), wall: 45.227 minutes, Δt:   1.39, CFL: 7.20e-01
i: 105200, t:  201699.9 s, ωt:  20.17 (3.21 periods), wall: 45.270 minutes, Δt:   1.13, CFL: 7.20e-01
i: 105300, t:  201832.2 s, ωt:  20.18 (3.21 periods), wall: 45.312 minutes, Δt:   1.52, CFL: 7.20e-01
i: 105400, t:  201977.3 s, ωt:  20.20 (3.21 periods), wall: 45.355 minutes, Δt:   1.38, CFL: 7.20e-01
i: 105500, t:  202114.4 s, ωt:  20.21 (3.22 periods), wall: 45.398 minutes, Δt:   1.28, CFL: 7.20e-01
i: 105600, t:  202246.7 s, ωt:  20.22 (3.22 periods), wall: 45.440 minutes, Δt:   1.46, CFL: 7.20e-01
i: 105700, t:  202383.7 s, ωt:  20.24 (3.22 periods), wall: 45.483 minutes, Δt:   1.36, CFL: 7.20e-01
i: 105800, t:  202514.3 s, ωt:  20.25 (3.22 periods), wall: 45.526 minutes, Δt:   1.37, CFL: 7.20e-01
i: 105900, t:  202648.2 s, ωt:  20.26 (3.23 periods), wall: 45.568 minutes, Δt:   1.28, CFL: 7.20e-01
i: 106000, t:  202778.0 s, ωt:  20.28 (3.23 periods), wall: 45.611 minutes, Δt:   1.24, CFL: 7.20e-01
i: 106100, t:  202901.7 s, ωt:  20.29 (3.23 periods), wall: 45.654 minutes, Δt:   1.36, CFL: 7.20e-01
i: 106200, t:  203040.3 s, ωt:  20.30 (3.23 periods), wall: 45.696 minutes, Δt:   1.35, CFL: 7.20e-01
i: 106300, t:  203179.0 s, ωt:  20.32 (3.23 periods), wall: 45.739 minutes, Δt:   1.36, CFL: 7.20e-01
i: 106400, t:  203315.7 s, ωt:  20.33 (3.24 periods), wall: 45.782 minutes, Δt:   1.46, CFL: 7.20e-01
i: 106500, t:  203461.9 s, ωt:  20.35 (3.24 periods), wall: 45.825 minutes, Δt:   1.30, CFL: 7.20e-01
i: 106600, t:  203592.6 s, ωt:  20.36 (3.24 periods), wall: 45.867 minutes, Δt:   1.40, CFL: 7.20e-01
i: 106700, t:  203736.4 s, ωt:  20.37 (3.24 periods), wall: 45.910 minutes, Δt:   1.30, CFL: 7.20e-01
i: 106800, t:  203857.0 s, ωt:  20.39 (3.24 periods), wall: 45.952 minutes, Δt:   1.44, CFL: 7.20e-01
i: 106900, t:  203990.2 s, ωt:  20.40 (3.25 periods), wall: 45.995 minutes, Δt:   1.20, CFL: 7.20e-01
i: 107000, t:  204120.0 s, ωt:  20.41 (3.25 periods), wall: 46.038 minutes, Δt:   1.41, CFL: 7.20e-01
i: 107100, t:  204245.5 s, ωt:  20.42 (3.25 periods), wall: 46.080 minutes, Δt:   1.16, CFL: 7.20e-01
i: 107200, t:  204373.4 s, ωt:  20.44 (3.25 periods), wall: 46.123 minutes, Δt:   1.49, CFL: 7.20e-01
i: 107300, t:  204517.7 s, ωt:  20.45 (3.25 periods), wall: 46.166 minutes, Δt:   1.50, CFL: 7.20e-01
i: 107400, t:  204655.2 s, ωt:  20.47 (3.26 periods), wall: 46.209 minutes, Δt:   1.45, CFL: 7.20e-01
i: 107500, t:  204797.2 s, ωt:  20.48 (3.26 periods), wall: 46.251 minutes, Δt:   1.28, CFL: 7.20e-01
i: 107600, t:  204929.5 s, ωt:  20.49 (3.26 periods), wall: 46.294 minutes, Δt:   1.33, CFL: 7.20e-01
i: 107700, t:  205065.7 s, ωt:  20.51 (3.26 periods), wall: 46.336 minutes, Δt:   1.41, CFL: 7.20e-01
i: 107800, t:  205203.7 s, ωt:  20.52 (3.27 periods), wall: 46.379 minutes, Δt:   1.45, CFL: 7.20e-01
i: 107900, t:  205352.7 s, ωt:  20.54 (3.27 periods), wall: 46.422 minutes, Δt:   1.38, CFL: 7.20e-01
i: 108000, t:  205487.0 s, ωt:  20.55 (3.27 periods), wall: 46.465 minutes, Δt:   1.31, CFL: 7.20e-01
i: 108100, t:  205627.1 s, ωt:  20.56 (3.27 periods), wall: 46.507 minutes, Δt:   1.52, CFL: 7.20e-01
i: 108200, t:  205760.0 s, ωt:  20.58 (3.27 periods), wall: 46.550 minutes, Δt:   1.41, CFL: 7.20e-01
i: 108300, t:  205891.6 s, ωt:  20.59 (3.28 periods), wall: 46.592 minutes, Δt:   1.41, CFL: 7.20e-01
i: 108400, t:  206017.4 s, ωt:  20.60 (3.28 periods), wall: 46.635 minutes, Δt:   1.32, CFL: 7.20e-01
i: 108500, t:  206155.2 s, ωt:  20.62 (3.28 periods), wall: 46.678 minutes, Δt:   1.50, CFL: 7.20e-01
i: 108600, t:  206301.2 s, ωt:  20.63 (3.28 periods), wall: 46.721 minutes, Δt:   1.36, CFL: 7.20e-01
i: 108700, t:  206436.9 s, ωt:  20.64 (3.29 periods), wall: 46.763 minutes, Δt:   1.42, CFL: 7.20e-01
i: 108800, t:  206588.1 s, ωt:  20.66 (3.29 periods), wall: 46.806 minutes, Δt:   1.47, CFL: 7.20e-01
i: 108900, t:  206728.2 s, ωt:  20.67 (3.29 periods), wall: 46.849 minutes, Δt:   1.61, CFL: 7.20e-01
i: 109000, t:  206875.2 s, ωt:  20.69 (3.29 periods), wall: 46.892 minutes, Δt:   1.47, CFL: 7.20e-01
i: 109100, t:  207010.7 s, ωt:  20.70 (3.29 periods), wall: 46.934 minutes, Δt:   1.40, CFL: 7.20e-01
i: 109200, t:  207142.1 s, ωt:  20.71 (3.30 periods), wall: 46.977 minutes, Δt:   1.44, CFL: 7.20e-01
i: 109300, t:  207287.3 s, ωt:  20.73 (3.30 periods), wall: 47.020 minutes, Δt:   1.26, CFL: 7.20e-01
i: 109400, t:  207412.6 s, ωt:  20.74 (3.30 periods), wall: 47.062 minutes, Δt:   1.39, CFL: 7.20e-01
i: 109500, t:  207558.3 s, ωt:  20.76 (3.30 periods), wall: 47.105 minutes, Δt:   1.54, CFL: 7.20e-01
i: 109600, t:  207705.5 s, ωt:  20.77 (3.31 periods), wall: 47.148 minutes, Δt:   1.42, CFL: 7.20e-01
i: 109700, t:  207844.8 s, ωt:  20.78 (3.31 periods), wall: 47.190 minutes, Δt:   1.24, CFL: 7.20e-01
i: 109800, t:  207982.8 s, ωt:  20.80 (3.31 periods), wall: 47.233 minutes, Δt:   1.32, CFL: 7.20e-01
i: 109900, t:  208121.0 s, ωt:  20.81 (3.31 periods), wall: 47.276 minutes, Δt:   1.62, CFL: 7.20e-01
i: 110000, t:  208269.7 s, ωt:  20.83 (3.31 periods), wall: 47.318 minutes, Δt:   1.26, CFL: 7.20e-01
i: 110100, t:  208401.8 s, ωt:  20.84 (3.32 periods), wall: 47.361 minutes, Δt:   1.22, CFL: 7.20e-01
i: 110200, t:  208539.7 s, ωt:  20.85 (3.32 periods), wall: 47.404 minutes, Δt:   1.29, CFL: 7.20e-01
i: 110300, t:  208683.8 s, ωt:  20.87 (3.32 periods), wall: 47.446 minutes, Δt:   1.48, CFL: 7.20e-01
i: 110400, t:  208820.0 s, ωt:  20.88 (3.32 periods), wall: 47.489 minutes, Δt:   1.51, CFL: 7.20e-01
i: 110500, t:  208983.6 s, ωt:  20.90 (3.33 periods), wall: 47.532 minutes, Δt:   1.55, CFL: 7.20e-01
i: 110600, t:  209133.9 s, ωt:  20.91 (3.33 periods), wall: 47.575 minutes, Δt:   1.55, CFL: 7.20e-01
i: 110700, t:  209291.9 s, ωt:  20.93 (3.33 periods), wall: 47.617 minutes, Δt:   1.46, CFL: 7.20e-01
i: 110800, t:  209441.3 s, ωt:  20.94 (3.33 periods), wall: 47.660 minutes, Δt:   1.58, CFL: 7.20e-01
i: 110900, t:  209591.4 s, ωt:  20.96 (3.34 periods), wall: 47.703 minutes, Δt:   1.48, CFL: 7.20e-01
i: 111000, t:  209733.9 s, ωt:  20.97 (3.34 periods), wall: 47.745 minutes, Δt:   1.49, CFL: 7.20e-01
i: 111100, t:  209876.6 s, ωt:  20.99 (3.34 periods), wall: 47.788 minutes, Δt:   1.31, CFL: 7.20e-01
i: 111200, t:  210029.4 s, ωt:  21.00 (3.34 periods), wall: 47.831 minutes, Δt:   1.76, CFL: 7.20e-01
i: 111300, t:  210196.8 s, ωt:  21.02 (3.35 periods), wall: 47.874 minutes, Δt:   1.78, CFL: 7.20e-01
i: 111400, t:  210376.4 s, ωt:  21.04 (3.35 periods), wall: 47.916 minutes, Δt:   1.69, CFL: 7.20e-01
i: 111500, t:  210535.9 s, ωt:  21.05 (3.35 periods), wall: 47.959 minutes, Δt:   1.78, CFL: 7.20e-01
i: 111600, t:  210692.7 s, ωt:  21.07 (3.35 periods), wall: 48.002 minutes, Δt:   1.82, CFL: 7.20e-01
i: 111700, t:  210865.8 s, ωt:  21.09 (3.36 periods), wall: 48.044 minutes, Δt:   1.82, CFL: 7.20e-01
i: 111800, t:  211034.9 s, ωt:  21.10 (3.36 periods), wall: 48.087 minutes, Δt:   1.92, CFL: 7.20e-01
i: 111900, t:  211210.3 s, ωt:  21.12 (3.36 periods), wall: 48.130 minutes, Δt:   1.82, CFL: 7.20e-01
i: 112000, t:  211386.4 s, ωt:  21.14 (3.36 periods), wall: 48.172 minutes, Δt:   1.89, CFL: 7.20e-01
i: 112100, t:  211569.8 s, ωt:  21.16 (3.37 periods), wall: 48.215 minutes, Δt:   1.61, CFL: 7.20e-01
i: 112200, t:  211738.0 s, ωt:  21.17 (3.37 periods), wall: 48.258 minutes, Δt:   1.60, CFL: 7.20e-01
i: 112300, t:  211900.0 s, ωt:  21.19 (3.37 periods), wall: 48.301 minutes, Δt:   1.78, CFL: 7.20e-01
i: 112400, t:  212091.4 s, ωt:  21.21 (3.38 periods), wall: 48.343 minutes, Δt:   1.91, CFL: 7.20e-01
i: 112500, t:  212278.2 s, ωt:  21.23 (3.38 periods), wall: 48.386 minutes, Δt:   1.66, CFL: 7.20e-01
i: 112600, t:  212438.9 s, ωt:  21.24 (3.38 periods), wall: 48.429 minutes, Δt:   1.60, CFL: 7.20e-01
i: 112700, t:  212630.4 s, ωt:  21.26 (3.38 periods), wall: 48.471 minutes, Δt:   1.99, CFL: 7.20e-01
i: 112800, t:  212819.4 s, ωt:  21.28 (3.39 periods), wall: 48.514 minutes, Δt:   1.65, CFL: 7.20e-01
i: 112900, t:  213014.5 s, ωt:  21.30 (3.39 periods), wall: 48.557 minutes, Δt:   2.22, CFL: 7.20e-01
i: 113000, t:  213216.4 s, ωt:  21.32 (3.39 periods), wall: 48.600 minutes, Δt:   1.65, CFL: 7.20e-01
i: 113100, t:  213424.6 s, ωt:  21.34 (3.40 periods), wall: 48.642 minutes, Δt:   2.11, CFL: 7.20e-01
i: 113200, t:  213634.7 s, ωt:  21.36 (3.40 periods), wall: 48.685 minutes, Δt:   2.25, CFL: 7.20e-01
i: 113300, t:  213868.1 s, ωt:  21.39 (3.40 periods), wall: 48.728 minutes, Δt:   2.05, CFL: 7.20e-01
i: 113400, t:  214095.8 s, ωt:  21.41 (3.41 periods), wall: 48.771 minutes, Δt:   2.25, CFL: 7.20e-01
i: 113500, t:  214311.0 s, ωt:  21.43 (3.41 periods), wall: 48.813 minutes, Δt:   2.37, CFL: 7.20e-01
i: 113600, t:  214554.3 s, ωt:  21.46 (3.41 periods), wall: 48.856 minutes, Δt:   2.74, CFL: 7.20e-01
i: 113700, t:  214811.8 s, ωt:  21.48 (3.42 periods), wall: 48.899 minutes, Δt:   2.30, CFL: 7.20e-01
i: 113800, t:  215073.4 s, ωt:  21.51 (3.42 periods), wall: 48.943 minutes, Δt:   2.79, CFL: 7.20e-01
i: 113900, t:  215348.6 s, ωt:  21.53 (3.43 periods), wall: 48.986 minutes, Δt:   2.85, CFL: 7.20e-01
i: 114000, t:  215586.9 s, ωt:  21.56 (3.43 periods), wall: 49.028 minutes, Δt:   2.50, CFL: 7.20e-01
i: 114100, t:  215815.6 s, ωt:  21.58 (3.43 periods), wall: 49.071 minutes, Δt:   2.37, CFL: 7.20e-01
i: 114200, t:  216072.7 s, ωt:  21.61 (3.44 periods), wall: 49.114 minutes, Δt:   2.35, CFL: 7.20e-01
i: 114300, t:  216351.9 s, ωt:  21.64 (3.44 periods), wall: 49.156 minutes, Δt:   2.93, CFL: 7.20e-01
i: 114400, t:  216661.9 s, ωt:  21.67 (3.45 periods), wall: 49.199 minutes, Δt:   3.35, CFL: 7.20e-01
i: 114500, t:  216990.8 s, ωt:  21.70 (3.45 periods), wall: 49.242 minutes, Δt:   2.93, CFL: 7.20e-01
i: 114600, t:  217301.8 s, ωt:  21.73 (3.46 periods), wall: 49.285 minutes, Δt:   3.44, CFL: 7.20e-01
i: 114700, t:  217624.0 s, ωt:  21.76 (3.46 periods), wall: 49.327 minutes, Δt:   3.04, CFL: 7.20e-01
i: 114800, t:  217952.9 s, ωt:  21.80 (3.47 periods), wall: 49.370 minutes, Δt:   2.46, CFL: 7.20e-01
i: 114900, t:  218288.7 s, ωt:  21.83 (3.47 periods), wall: 49.413 minutes, Δt:   4.26, CFL: 7.20e-01
i: 115000, t:  218792.8 s, ωt:  21.88 (3.48 periods), wall: 49.456 minutes, Δt:   5.03, CFL: 7.20e-01
i: 115100, t:  219333.0 s, ωt:  21.93 (3.49 periods), wall: 49.499 minutes, Δt:   5.53, CFL: 7.20e-01
i: 115200, t:  219903.8 s, ωt:  21.99 (3.50 periods), wall: 49.541 minutes, Δt:   5.93, CFL: 7.20e-01
i: 115300, t:  220474.2 s, ωt:  22.05 (3.51 periods), wall: 49.587 minutes, Δt:   6.05, CFL: 7.20e-01
i: 115400, t:  220996.2 s, ωt:  22.10 (3.52 periods), wall: 49.630 minutes, Δt:   5.26, CFL: 7.20e-01
i: 115500, t:  221508.1 s, ωt:  22.15 (3.53 periods), wall: 49.673 minutes, Δt:   4.92, CFL: 7.20e-01
i: 115600, t:  222024.8 s, ωt:  22.20 (3.53 periods), wall: 49.716 minutes, Δt:   5.13, CFL: 7.20e-01
i: 115700, t:  222509.7 s, ωt:  22.25 (3.54 periods), wall: 49.759 minutes, Δt:   4.60, CFL: 7.20e-01
i: 115800, t:  222932.9 s, ωt:  22.29 (3.55 periods), wall: 49.802 minutes, Δt:   4.28, CFL: 7.20e-01
i: 115900, t:  223335.2 s, ωt:  22.33 (3.55 periods), wall: 49.844 minutes, Δt:   3.89, CFL: 7.20e-01
i: 116000, t:  223688.1 s, ωt:  22.37 (3.56 periods), wall: 49.887 minutes, Δt:   3.63, CFL: 7.20e-01
i: 116100, t:  224058.0 s, ωt:  22.41 (3.57 periods), wall: 49.930 minutes, Δt:   3.46, CFL: 7.20e-01
i: 116200, t:  224333.7 s, ωt:  22.43 (3.57 periods), wall: 49.973 minutes, Δt:   2.06, CFL: 7.20e-01
i: 116300, t:  224568.8 s, ωt:  22.46 (3.57 periods), wall: 50.016 minutes, Δt:   2.36, CFL: 7.20e-01
i: 116400, t:  224817.2 s, ωt:  22.48 (3.58 periods), wall: 50.058 minutes, Δt:   2.55, CFL: 7.20e-01
i: 116500, t:  225059.6 s, ωt:  22.51 (3.58 periods), wall: 50.101 minutes, Δt:   2.37, CFL: 7.20e-01
i: 116600, t:  225298.1 s, ωt:  22.53 (3.59 periods), wall: 50.144 minutes, Δt:   2.26, CFL: 7.20e-01
i: 116700, t:  225532.2 s, ωt:  22.55 (3.59 periods), wall: 50.187 minutes, Δt:   2.45, CFL: 7.20e-01
i: 116800, t:  225763.3 s, ωt:  22.58 (3.59 periods), wall: 50.229 minutes, Δt:   2.24, CFL: 7.20e-01
i: 116900, t:  225977.8 s, ωt:  22.60 (3.60 periods), wall: 50.272 minutes, Δt:   2.08, CFL: 7.20e-01
i: 117000, t:  226199.1 s, ωt:  22.62 (3.60 periods), wall: 50.315 minutes, Δt:   2.12, CFL: 7.20e-01
i: 117100, t:  226406.5 s, ωt:  22.64 (3.60 periods), wall: 50.358 minutes, Δt:   2.14, CFL: 7.20e-01
i: 117200, t:  226603.1 s, ωt:  22.66 (3.61 periods), wall: 50.400 minutes, Δt:   1.97, CFL: 7.20e-01
i: 117300, t:  226781.5 s, ωt:  22.68 (3.61 periods), wall: 50.443 minutes, Δt:   1.60, CFL: 7.20e-01
i: 117400, t:  226970.8 s, ωt:  22.70 (3.61 periods), wall: 50.486 minutes, Δt:   1.87, CFL: 7.20e-01
i: 117500, t:  227165.2 s, ωt:  22.72 (3.62 periods), wall: 50.528 minutes, Δt:   1.90, CFL: 7.20e-01
i: 117600, t:  227337.7 s, ωt:  22.73 (3.62 periods), wall: 50.571 minutes, Δt:   1.69, CFL: 7.20e-01
i: 117700, t:  227514.2 s, ωt:  22.75 (3.62 periods), wall: 50.614 minutes, Δt:   1.54, CFL: 7.20e-01
i: 117800, t:  227696.7 s, ωt:  22.77 (3.62 periods), wall: 50.656 minutes, Δt:   1.97, CFL: 7.20e-01
i: 117900, t:  227873.2 s, ωt:  22.79 (3.63 periods), wall: 50.699 minutes, Δt:   1.72, CFL: 7.20e-01
i: 118000, t:  228043.5 s, ωt:  22.80 (3.63 periods), wall: 50.742 minutes, Δt:   1.61, CFL: 7.20e-01
i: 118100, t:  228213.0 s, ωt:  22.82 (3.63 periods), wall: 50.785 minutes, Δt:   1.62, CFL: 7.20e-01
i: 118200, t:  228383.7 s, ωt:  22.84 (3.63 periods), wall: 50.827 minutes, Δt:   1.60, CFL: 7.20e-01
i: 118300, t:  228543.0 s, ωt:  22.85 (3.64 periods), wall: 50.870 minutes, Δt:   1.66, CFL: 7.20e-01
i: 118400, t:  228713.0 s, ωt:  22.87 (3.64 periods), wall: 50.913 minutes, Δt:   1.49, CFL: 7.20e-01
i: 118500, t:  228875.8 s, ωt:  22.89 (3.64 periods), wall: 50.955 minutes, Δt:   1.48, CFL: 7.20e-01
i: 118600, t:  229019.7 s, ωt:  22.90 (3.64 periods), wall: 50.998 minutes, Δt:   1.26, CFL: 7.20e-01
i: 118700, t:  229174.3 s, ωt:  22.92 (3.65 periods), wall: 51.041 minutes, Δt:   1.58, CFL: 7.20e-01
i: 118800, t:  229326.3 s, ωt:  22.93 (3.65 periods), wall: 51.083 minutes, Δt:   1.30, CFL: 7.20e-01
i: 118900, t:  229473.5 s, ωt:  22.95 (3.65 periods), wall: 51.126 minutes, Δt:   1.34, CFL: 7.20e-01
i: 119000, t:  229623.5 s, ωt:  22.96 (3.65 periods), wall: 51.169 minutes, Δt:   1.54, CFL: 7.20e-01
i: 119100, t:  229779.6 s, ωt:  22.98 (3.66 periods), wall: 51.212 minutes, Δt:   1.50, CFL: 7.20e-01
i: 119200, t:  229932.8 s, ωt:  22.99 (3.66 periods), wall: 51.254 minutes, Δt:   1.22, CFL: 7.20e-01
i: 119300, t:  230075.1 s, ωt:  23.01 (3.66 periods), wall: 51.297 minutes, Δt:   1.39, CFL: 7.20e-01
i: 119400, t:  230221.3 s, ωt:  23.02 (3.66 periods), wall: 51.340 minutes, Δt:   1.73, CFL: 7.20e-01
i: 119500, t:  230375.3 s, ωt:  23.04 (3.67 periods), wall: 51.383 minutes, Δt:   1.55, CFL: 7.20e-01
i: 119600, t:  230522.1 s, ωt:  23.05 (3.67 periods), wall: 51.425 minutes, Δt:   1.34, CFL: 7.20e-01
i: 119700, t:  230643.3 s, ωt:  23.06 (3.67 periods), wall: 51.468 minutes, Δt:   1.42, CFL: 7.20e-01
i: 119800, t:  230785.8 s, ωt:  23.08 (3.67 periods), wall: 51.511 minutes, Δt:   1.61, CFL: 7.20e-01
i: 119900, t:  230922.7 s, ωt:  23.09 (3.68 periods), wall: 51.553 minutes, Δt:   1.38, CFL: 7.20e-01
i: 120000, t:  231069.3 s, ωt:  23.11 (3.68 periods), wall: 51.596 minutes, Δt:   1.44, CFL: 7.20e-01
i: 120100, t:  231220.5 s, ωt:  23.12 (3.68 periods), wall: 51.639 minutes, Δt:   1.54, CFL: 7.20e-01
i: 120200, t:  231358.7 s, ωt:  23.14 (3.68 periods), wall: 51.682 minutes, Δt:   1.30, CFL: 7.20e-01
i: 120300, t:  231501.2 s, ωt:  23.15 (3.68 periods), wall: 51.724 minutes, Δt:   1.42, CFL: 7.20e-01
i: 120400, t:  231634.4 s, ωt:  23.16 (3.69 periods), wall: 51.767 minutes, Δt:   1.34, CFL: 7.20e-01
i: 120500, t:  231774.5 s, ωt:  23.18 (3.69 periods), wall: 51.810 minutes, Δt:   1.41, CFL: 7.20e-01
i: 120600, t:  231901.1 s, ωt:  23.19 (3.69 periods), wall: 51.852 minutes, Δt:   1.38, CFL: 7.20e-01
i: 120700, t:  232036.1 s, ωt:  23.20 (3.69 periods), wall: 51.895 minutes, Δt:   1.40, CFL: 7.20e-01
i: 120800, t:  232163.7 s, ωt:  23.22 (3.69 periods), wall: 51.938 minutes, Δt:   1.44, CFL: 7.20e-01
i: 120900, t:  232304.4 s, ωt:  23.23 (3.70 periods), wall: 51.981 minutes, Δt:   1.45, CFL: 7.20e-01
i: 121000, t:  232447.7 s, ωt:  23.24 (3.70 periods), wall: 52.023 minutes, Δt:   1.28, CFL: 7.20e-01
i: 121100, t:  232586.0 s, ωt:  23.26 (3.70 periods), wall: 52.066 minutes, Δt:   1.30, CFL: 7.20e-01
i: 121200, t:  232718.3 s, ωt:  23.27 (3.70 periods), wall: 52.109 minutes, Δt:   1.47, CFL: 7.20e-01
i: 121300, t:  232860.6 s, ωt:  23.29 (3.71 periods), wall: 52.151 minutes, Δt:   1.39, CFL: 7.20e-01
i: 121400, t:  232996.1 s, ωt:  23.30 (3.71 periods), wall: 52.194 minutes, Δt:   1.44, CFL: 7.20e-01
i: 121500, t:  233133.4 s, ωt:  23.31 (3.71 periods), wall: 52.237 minutes, Δt:   1.39, CFL: 7.20e-01
i: 121600, t:  233269.2 s, ωt:  23.33 (3.71 periods), wall: 52.280 minutes, Δt:   1.32, CFL: 7.20e-01
i: 121700, t:  233405.1 s, ωt:  23.34 (3.71 periods), wall: 52.322 minutes, Δt:   1.29, CFL: 7.20e-01
i: 121800, t:  233547.8 s, ωt:  23.35 (3.72 periods), wall: 52.365 minutes, Δt:   1.25, CFL: 7.20e-01
i: 121900, t:  233677.2 s, ωt:  23.37 (3.72 periods), wall: 52.408 minutes, Δt:   1.30, CFL: 7.20e-01
i: 122000, t:  233812.6 s, ωt:  23.38 (3.72 periods), wall: 52.450 minutes, Δt:   1.47, CFL: 7.20e-01
i: 122100, t:  233946.3 s, ωt:  23.39 (3.72 periods), wall: 52.493 minutes, Δt:   1.23, CFL: 7.20e-01
i: 122200, t:  234066.9 s, ωt:  23.41 (3.73 periods), wall: 52.536 minutes, Δt:   1.32, CFL: 7.20e-01
i: 122300, t:  234196.6 s, ωt:  23.42 (3.73 periods), wall: 52.578 minutes, Δt:   1.31, CFL: 7.20e-01
i: 122400, t:  234318.5 s, ωt:  23.43 (3.73 periods), wall: 52.621 minutes, Δt:   1.23, CFL: 7.20e-01
i: 122500, t:  234447.9 s, ωt:  23.44 (3.73 periods), wall: 52.664 minutes, Δt:   1.54, CFL: 7.20e-01
i: 122600, t:  234580.7 s, ωt:  23.46 (3.73 periods), wall: 52.706 minutes, Δt:   1.29, CFL: 7.20e-01
i: 122700, t:  234714.9 s, ωt:  23.47 (3.74 periods), wall: 52.749 minutes, Δt:   1.18, CFL: 7.20e-01
i: 122800, t:  234827.4 s, ωt:  23.48 (3.74 periods), wall: 52.792 minutes, Δt:   1.24, CFL: 7.20e-01
i: 122900, t:  234958.4 s, ωt:  23.50 (3.74 periods), wall: 52.835 minutes, Δt:   1.24, CFL: 7.20e-01
i: 123000, t:  235098.6 s, ωt:  23.51 (3.74 periods), wall: 52.877 minutes, Δt:   1.38, CFL: 7.20e-01
i: 123100, t:  235228.5 s, ωt:  23.52 (3.74 periods), wall: 52.920 minutes, Δt:   1.13, CFL: 7.20e-01
i: 123200, t:  235354.6 s, ωt:  23.54 (3.75 periods), wall: 52.963 minutes, Δt:   1.33, CFL: 7.20e-01
i: 123300, t:  235476.8 s, ωt:  23.55 (3.75 periods), wall: 53.007 minutes, Δt:   1.17, CFL: 7.20e-01
i: 123400, t:  235594.5 s, ωt:  23.56 (3.75 periods), wall: 53.049 minutes, Δt:   1.31, CFL: 7.20e-01
i: 123500, t:  235719.0 s, ωt:  23.57 (3.75 periods), wall: 53.092 minutes, Δt:   1.25, CFL: 7.20e-01
i: 123600, t:  235845.9 s, ωt:  23.58 (3.75 periods), wall: 53.135 minutes, Δt:   0.84, CFL: 7.20e-01
i: 123700, t:  235953.4 s, ωt:  23.60 (3.76 periods), wall: 53.178 minutes, Δt:   1.12, CFL: 7.20e-01
i: 123800, t:  236082.2 s, ωt:  23.61 (3.76 periods), wall: 53.220 minutes, Δt:   1.01, CFL: 7.20e-01
i: 123900, t:  236207.3 s, ωt:  23.62 (3.76 periods), wall: 53.263 minutes, Δt:   1.48, CFL: 7.20e-01
i: 124000, t:  236340.5 s, ωt:  23.63 (3.76 periods), wall: 53.306 minutes, Δt:   1.53, CFL: 7.20e-01
i: 124100, t:  236458.5 s, ωt:  23.65 (3.76 periods), wall: 53.348 minutes, Δt:   1.14, CFL: 7.20e-01
i: 124200, t:  236592.1 s, ωt:  23.66 (3.77 periods), wall: 53.391 minutes, Δt:   1.36, CFL: 7.20e-01
i: 124300, t:  236726.3 s, ωt:  23.67 (3.77 periods), wall: 53.434 minutes, Δt:   1.25, CFL: 7.20e-01
i: 124400, t:  236851.0 s, ωt:  23.69 (3.77 periods), wall: 53.476 minutes, Δt:   1.29, CFL: 7.20e-01
i: 124500, t:  236978.0 s, ωt:  23.70 (3.77 periods), wall: 53.519 minutes, Δt:   1.36, CFL: 7.20e-01
i: 124600, t:  237114.3 s, ωt:  23.71 (3.77 periods), wall: 53.561 minutes, Δt:   1.38, CFL: 7.20e-01
i: 124700, t:  237235.7 s, ωt:  23.72 (3.78 periods), wall: 53.604 minutes, Δt:   1.38, CFL: 7.20e-01
i: 124800, t:  237377.1 s, ωt:  23.74 (3.78 periods), wall: 53.647 minutes, Δt:   1.26, CFL: 7.20e-01
i: 124900, t:  237513.7 s, ωt:  23.75 (3.78 periods), wall: 53.690 minutes, Δt:   1.34, CFL: 7.20e-01
i: 125000, t:  237649.2 s, ωt:  23.76 (3.78 periods), wall: 53.732 minutes, Δt:   1.37, CFL: 7.20e-01
i: 125100, t:  237776.1 s, ωt:  23.78 (3.78 periods), wall: 53.775 minutes, Δt:   1.05, CFL: 7.20e-01
i: 125200, t:  237910.2 s, ωt:  23.79 (3.79 periods), wall: 53.818 minutes, Δt:   1.44, CFL: 7.20e-01
i: 125300, t:  238057.0 s, ωt:  23.81 (3.79 periods), wall: 53.861 minutes, Δt:   1.38, CFL: 7.20e-01
i: 125400, t:  238193.5 s, ωt:  23.82 (3.79 periods), wall: 53.903 minutes, Δt:   1.39, CFL: 7.20e-01
i: 125500, t:  238328.7 s, ωt:  23.83 (3.79 periods), wall: 53.946 minutes, Δt:   1.09, CFL: 7.20e-01
i: 125600, t:  238452.8 s, ωt:  23.85 (3.80 periods), wall: 53.989 minutes, Δt:   1.51, CFL: 7.20e-01
i: 125700, t:  238598.0 s, ωt:  23.86 (3.80 periods), wall: 54.031 minutes, Δt:   1.37, CFL: 7.20e-01
i: 125800, t:  238733.6 s, ωt:  23.87 (3.80 periods), wall: 54.074 minutes, Δt:   1.52, CFL: 7.20e-01
i: 125900, t:  238868.5 s, ωt:  23.89 (3.80 periods), wall: 54.117 minutes, Δt:   1.44, CFL: 7.20e-01
i: 126000, t:  238993.9 s, ωt:  23.90 (3.80 periods), wall: 54.159 minutes, Δt:   1.29, CFL: 7.20e-01
i: 126100, t:  239127.4 s, ωt:  23.91 (3.81 periods), wall: 54.202 minutes, Δt:   1.58, CFL: 7.20e-01
i: 126200, t:  239273.7 s, ωt:  23.93 (3.81 periods), wall: 54.245 minutes, Δt:   1.38, CFL: 7.20e-01
i: 126300, t:  239408.5 s, ωt:  23.94 (3.81 periods), wall: 54.288 minutes, Δt:   1.39, CFL: 7.20e-01
i: 126400, t:  239559.9 s, ωt:  23.96 (3.81 periods), wall: 54.330 minutes, Δt:   1.31, CFL: 7.20e-01
i: 126500, t:  239694.2 s, ωt:  23.97 (3.81 periods), wall: 54.373 minutes, Δt:   1.52, CFL: 7.20e-01
i: 126600, t:  239841.2 s, ωt:  23.98 (3.82 periods), wall: 54.415 minutes, Δt:   1.42, CFL: 7.20e-01
i: 126700, t:  239993.0 s, ωt:  24.00 (3.82 periods), wall: 54.458 minutes, Δt:   1.66, CFL: 7.20e-01
i: 126800, t:  240150.3 s, ωt:  24.02 (3.82 periods), wall: 54.501 minutes, Δt:   1.63, CFL: 7.20e-01
i: 126900, t:  240303.6 s, ωt:  24.03 (3.82 periods), wall: 54.543 minutes, Δt:   1.51, CFL: 7.20e-01
i: 127000, t:  240443.6 s, ωt:  24.04 (3.83 periods), wall: 54.586 minutes, Δt:   1.09, CFL: 7.20e-01
i: 127100, t:  240584.0 s, ωt:  24.06 (3.83 periods), wall: 54.629 minutes, Δt:   1.54, CFL: 7.20e-01
i: 127200, t:  240736.7 s, ωt:  24.07 (3.83 periods), wall: 54.672 minutes, Δt:   1.63, CFL: 7.20e-01
i: 127300, t:  240876.8 s, ωt:  24.09 (3.83 periods), wall: 54.714 minutes, Δt:   1.58, CFL: 7.20e-01
i: 127400, t:  241037.5 s, ωt:  24.10 (3.84 periods), wall: 54.757 minutes, Δt:   1.55, CFL: 7.20e-01
i: 127500, t:  241189.7 s, ωt:  24.12 (3.84 periods), wall: 54.800 minutes, Δt:   1.42, CFL: 7.20e-01
i: 127600, t:  241328.3 s, ωt:  24.13 (3.84 periods), wall: 54.842 minutes, Δt:   1.17, CFL: 7.20e-01
i: 127700, t:  241454.8 s, ωt:  24.15 (3.84 periods), wall: 54.885 minutes, Δt:   1.22, CFL: 7.20e-01
i: 127800, t:  241586.7 s, ωt:  24.16 (3.84 periods), wall: 54.928 minutes, Δt:   1.22, CFL: 7.20e-01
i: 127900, t:  241736.6 s, ωt:  24.17 (3.85 periods), wall: 54.970 minutes, Δt:   1.56, CFL: 7.20e-01
i: 128000, t:  241901.4 s, ωt:  24.19 (3.85 periods), wall: 55.013 minutes, Δt:   1.58, CFL: 7.20e-01
i: 128100, t:  242063.4 s, ωt:  24.21 (3.85 periods), wall: 55.056 minutes, Δt:   1.52, CFL: 7.20e-01
i: 128200, t:  242208.2 s, ωt:  24.22 (3.85 periods), wall: 55.098 minutes, Δt:   1.75, CFL: 7.20e-01
i: 128300, t:  242382.6 s, ωt:  24.24 (3.86 periods), wall: 55.141 minutes, Δt:   1.57, CFL: 7.20e-01
i: 128400, t:  242531.0 s, ωt:  24.25 (3.86 periods), wall: 55.184 minutes, Δt:   1.80, CFL: 7.20e-01
i: 128500, t:  242694.8 s, ωt:  24.27 (3.86 periods), wall: 55.227 minutes, Δt:   1.61, CFL: 7.20e-01
i: 128600, t:  242843.6 s, ωt:  24.28 (3.86 periods), wall: 55.269 minutes, Δt:   1.41, CFL: 7.20e-01
i: 128700, t:  243004.7 s, ωt:  24.30 (3.87 periods), wall: 55.312 minutes, Δt:   1.60, CFL: 7.20e-01
i: 128800, t:  243167.3 s, ωt:  24.32 (3.87 periods), wall: 55.355 minutes, Δt:   1.46, CFL: 7.20e-01
i: 128900, t:  243336.1 s, ωt:  24.33 (3.87 periods), wall: 55.397 minutes, Δt:   1.64, CFL: 7.20e-01
i: 129000, t:  243501.4 s, ωt:  24.35 (3.88 periods), wall: 55.440 minutes, Δt:   1.73, CFL: 7.20e-01
i: 129100, t:  243674.5 s, ωt:  24.37 (3.88 periods), wall: 55.483 minutes, Δt:   1.78, CFL: 7.20e-01
i: 129200, t:  243865.1 s, ωt:  24.39 (3.88 periods), wall: 55.526 minutes, Δt:   2.09, CFL: 7.20e-01
i: 129300, t:  244056.9 s, ωt:  24.41 (3.88 periods), wall: 55.568 minutes, Δt:   2.05, CFL: 7.20e-01
i: 129400, t:  244250.8 s, ωt:  24.43 (3.89 periods), wall: 55.611 minutes, Δt:   1.97, CFL: 7.20e-01
i: 129500, t:  244444.8 s, ωt:  24.44 (3.89 periods), wall: 55.654 minutes, Δt:   2.06, CFL: 7.20e-01
i: 129600, t:  244627.7 s, ωt:  24.46 (3.89 periods), wall: 55.696 minutes, Δt:   1.77, CFL: 7.20e-01
i: 129700, t:  244824.2 s, ωt:  24.48 (3.90 periods), wall: 55.739 minutes, Δt:   1.96, CFL: 7.20e-01
i: 129800, t:  245025.4 s, ωt:  24.50 (3.90 periods), wall: 55.782 minutes, Δt:   1.91, CFL: 7.20e-01
i: 129900, t:  245242.4 s, ωt:  24.52 (3.90 periods), wall: 55.825 minutes, Δt:   1.83, CFL: 7.20e-01
i: 130000, t:  245415.6 s, ωt:  24.54 (3.91 periods), wall: 55.867 minutes, Δt:   1.73, CFL: 7.20e-01
i: 130100, t:  245594.5 s, ωt:  24.56 (3.91 periods), wall: 55.910 minutes, Δt:   1.98, CFL: 7.20e-01
i: 130200, t:  245806.1 s, ωt:  24.58 (3.91 periods), wall: 55.953 minutes, Δt:   2.18, CFL: 7.20e-01
i: 130300, t:  246039.4 s, ωt:  24.60 (3.92 periods), wall: 55.996 minutes, Δt:   2.49, CFL: 7.20e-01
i: 130400, t:  246278.6 s, ωt:  24.63 (3.92 periods), wall: 56.038 minutes, Δt:   1.99, CFL: 7.20e-01
i: 130500, t:  246486.1 s, ωt:  24.65 (3.92 periods), wall: 56.081 minutes, Δt:   2.18, CFL: 7.20e-01
i: 130600, t:  246726.5 s, ωt:  24.67 (3.93 periods), wall: 56.124 minutes, Δt:   2.91, CFL: 7.20e-01
i: 130700, t:  246996.3 s, ωt:  24.70 (3.93 periods), wall: 56.166 minutes, Δt:   3.07, CFL: 7.20e-01
i: 130800, t:  247277.9 s, ωt:  24.73 (3.94 periods), wall: 56.209 minutes, Δt:   3.09, CFL: 7.20e-01
i: 130900, t:  247562.7 s, ωt:  24.76 (3.94 periods), wall: 56.252 minutes, Δt:   2.85, CFL: 7.20e-01
i: 131000, t:  247821.3 s, ωt:  24.78 (3.94 periods), wall: 56.295 minutes, Δt:   2.44, CFL: 7.20e-01
i: 131100, t:  248121.1 s, ωt:  24.81 (3.95 periods), wall: 56.337 minutes, Δt:   3.41, CFL: 7.20e-01
i: 131200, t:  248428.7 s, ωt:  24.84 (3.95 periods), wall: 56.380 minutes, Δt:   2.88, CFL: 7.20e-01
i: 131300, t:  248768.1 s, ωt:  24.88 (3.96 periods), wall: 56.423 minutes, Δt:   3.90, CFL: 7.20e-01
i: 131400, t:  249144.0 s, ωt:  24.91 (3.97 periods), wall: 56.466 minutes, Δt:   3.72, CFL: 7.20e-01
i: 131500, t:  249504.0 s, ωt:  24.95 (3.97 periods), wall: 56.509 minutes, Δt:   3.53, CFL: 7.20e-01
i: 131600, t:  249911.2 s, ωt:  24.99 (3.98 periods), wall: 56.551 minutes, Δt:   4.85, CFL: 7.20e-01
i: 131700, t:  250384.9 s, ωt:  25.04 (3.98 periods), wall: 56.595 minutes, Δt:   4.82, CFL: 7.20e-01
i: 131800, t:  250887.0 s, ωt:  25.09 (3.99 periods), wall: 56.638 minutes, Δt:   5.24, CFL: 7.20e-01
  Activating project at `~/SRIM-2026/Stokes/3D`
[ Info: Oceananigans will use 16 threads
[ Info: Case P4_T20_sqrtRi10: Ri = 100 (√Ri = 10), N² = 1e-06 s⁻², δ_s = 0.1414 m, Re_s = 5657
[ Info: Domain 10.000 × 10.000 × 50.000 m = 71 × 71 × 354 δ_s (physical), + 70.7 δ_s sponge on top → grid top 424 δ_s, 4 periods
[ Info: Analysed/plotted section: 0 – 30.00 m = 212 δ_s (pycnocline at T = 20.0 m)
[ Info: Background: softplus (profile 4), T = 20.0 m = 141.4 δ_s — N²_bg/N∞² = 0.000 at z = δ_s, 1.000 at z = Lz, 1.000 at lid; Δb over domain = 4e-05 m s⁻²
[ Info: Bottom Δz = 0.0121 m = 0.085 δ_s (11.7 points across δ_s); 227 cells below z = 212 δ_s; 269 physical + 21 sponge cells (sponge Δz = 3.367 δ_s)
[ Info: Δx = 0.2083 m = 1.47 δ_s, Δy = 0.2083 m = 1.47 δ_s
[ Info: Pycnocline z = T = 20.0 m: Δz = 0.0727 m, transition width = 0.732 m → 10.1 cells across (band ±2.2 m)
[ Info: Initializing velocities from Ri=0 spin-up: output_spinup_T20/TidalBL3D_spinup_T20_fields.jld2
[ Info: Using snapshot 9/9 (t = 4.00 periods of the spin-up)
[ Info: Initializing simulation...
[ Info:     ... simulation initialization complete (9.911 seconds)
[ Info: Executing initial time step...
[ Info:     ... initial time step complete (2.340 seconds).
[ Info: Simulation is stopping after running for 56.552 minutes.
[ Info: Simulation time 2.909 days equals or exceeds stop time 2.909 days.

==============================================================================
==== 2026-08-12 07:57:26  Tidal3D.jl sqrtRi10
==== LIGHT_OUTPUT=1  N_PERIODS=8  PROFILE=4  SPINUP_FILE=outputs/spinup_T20/TidalBL3D_spinup_T20_fields.jld2  T_STRAT=20  T_SWEEP=20
==============================================================================
i:      0, t:       0.0 s, ωt:   0.00 (0.00 periods), wall: 19.084 seconds, Δt:   1.20, CFL: 1.59e-01
i:    100, t:     308.8 s, ωt:   0.03 (0.00 periods), wall: 37.314 seconds, Δt:   6.28, CFL: 9.00e-01
i:    200, t:     939.9 s, ωt:   0.09 (0.01 periods), wall: 38.038 seconds, Δt:   6.15, CFL: 9.00e-01
i:    300, t:    1610.7 s, ωt:   0.16 (0.03 periods), wall: 38.817 seconds, Δt:   6.63, CFL: 9.00e-01
i:    400, t:    2225.3 s, ωt:   0.22 (0.04 periods), wall: 39.538 seconds, Δt:   5.53, CFL: 9.00e-01
i:    500, t:    2774.4 s, ωt:   0.28 (0.04 periods), wall: 40.190 seconds, Δt:   5.79, CFL: 9.00e-01
i:    600, t:    3272.0 s, ωt:   0.33 (0.05 periods), wall: 40.935 seconds, Δt:   4.89, CFL: 9.00e-01
i:    700, t:    3707.9 s, ωt:   0.37 (0.06 periods), wall: 41.598 seconds, Δt:   4.55, CFL: 9.00e-01
i:    800, t:    4156.5 s, ωt:   0.42 (0.07 periods), wall: 42.370 seconds, Δt:   4.30, CFL: 9.00e-01
i:    900, t:    4551.7 s, ωt:   0.46 (0.07 periods), wall: 43.043 seconds, Δt:   3.55, CFL: 9.00e-01
i:   1000, t:    4905.8 s, ωt:   0.49 (0.08 periods), wall: 43.705 seconds, Δt:   3.41, CFL: 9.00e-01
i:   1100, t:    5217.9 s, ωt:   0.52 (0.08 periods), wall: 44.385 seconds, Δt:   3.34, CFL: 9.00e-01
i:   1200, t:    5527.9 s, ωt:   0.55 (0.09 periods), wall: 45.087 seconds, Δt:   3.14, CFL: 9.00e-01
i:   1300, t:    5810.0 s, ωt:   0.58 (0.09 periods), wall: 45.768 seconds, Δt:   2.41, CFL: 9.00e-01
i:   1400, t:    6064.5 s, ωt:   0.61 (0.10 periods), wall: 46.439 seconds, Δt:   2.64, CFL: 9.00e-01
i:   1500, t:    6344.7 s, ωt:   0.63 (0.10 periods), wall: 47.104 seconds, Δt:   2.69, CFL: 9.00e-01
i:   1600, t:    6602.2 s, ωt:   0.66 (0.11 periods), wall: 47.784 seconds, Δt:   2.31, CFL: 9.00e-01
i:   1700, t:    6852.0 s, ωt:   0.69 (0.11 periods), wall: 48.400 seconds, Δt:   2.58, CFL: 9.00e-01
i:   1800, t:    7107.7 s, ωt:   0.71 (0.11 periods), wall: 49.082 seconds, Δt:   2.47, CFL: 9.00e-01
i:   1900, t:    7335.7 s, ωt:   0.73 (0.12 periods), wall: 49.748 seconds, Δt:   2.58, CFL: 9.00e-01
i:   2000, t:    7566.9 s, ωt:   0.76 (0.12 periods), wall: 50.424 seconds, Δt:   2.44, CFL: 9.00e-01
i:   2100, t:    7810.4 s, ωt:   0.78 (0.12 periods), wall: 51.031 seconds, Δt:   2.29, CFL: 9.00e-01
i:   2200, t:    8030.9 s, ωt:   0.80 (0.13 periods), wall: 51.713 seconds, Δt:   2.04, CFL: 9.00e-01
i:   2300, t:    8243.6 s, ωt:   0.82 (0.13 periods), wall: 52.385 seconds, Δt:   2.43, CFL: 9.00e-01
i:   2400, t:    8462.1 s, ωt:   0.85 (0.13 periods), wall: 52.994 seconds, Δt:   2.31, CFL: 9.00e-01
i:   2500, t:    8688.0 s, ωt:   0.87 (0.14 periods), wall: 53.674 seconds, Δt:   1.94, CFL: 9.00e-01
i:   2600, t:    8888.5 s, ωt:   0.89 (0.14 periods), wall: 54.348 seconds, Δt:   1.91, CFL: 9.00e-01
i:   2700, t:    9094.9 s, ωt:   0.91 (0.14 periods), wall: 54.957 seconds, Δt:   2.19, CFL: 9.00e-01
i:   2800, t:    9320.0 s, ωt:   0.93 (0.15 periods), wall: 55.630 seconds, Δt:   1.96, CFL: 9.00e-01
i:   2900, t:    9529.0 s, ωt:   0.95 (0.15 periods), wall: 56.316 seconds, Δt:   1.88, CFL: 9.00e-01
i:   3000, t:    9714.3 s, ωt:   0.97 (0.15 periods), wall: 56.929 seconds, Δt:   1.74, CFL: 9.00e-01
i:   3100, t:    9895.8 s, ωt:   0.99 (0.16 periods), wall: 57.593 seconds, Δt:   1.76, CFL: 9.00e-01
i:   3200, t:   10082.7 s, ωt:   1.01 (0.16 periods), wall: 58.256 seconds, Δt:   1.93, CFL: 9.00e-01
i:   3300, t:   10266.6 s, ωt:   1.03 (0.16 periods), wall: 58.856 seconds, Δt:   1.95, CFL: 9.00e-01
i:   3400, t:   10461.9 s, ωt:   1.05 (0.17 periods), wall: 59.595 seconds, Δt:   2.02, CFL: 9.00e-01
i:   3500, t:   10636.3 s, ωt:   1.06 (0.17 periods), wall: 1.003 minutes, Δt:   1.86, CFL: 9.00e-01
i:   3600, t:   10829.3 s, ωt:   1.08 (0.17 periods), wall: 1.015 minutes, Δt:   1.93, CFL: 9.00e-01
i:   3700, t:   11020.6 s, ωt:   1.10 (0.18 periods), wall: 1.026 minutes, Δt:   1.83, CFL: 9.00e-01
i:   3800, t:   11211.5 s, ωt:   1.12 (0.18 periods), wall: 1.036 minutes, Δt:   1.92, CFL: 9.00e-01
i:   3900, t:   11392.8 s, ωt:   1.14 (0.18 periods), wall: 1.048 minutes, Δt:   1.94, CFL: 9.00e-01
i:   4000, t:   11581.4 s, ωt:   1.16 (0.18 periods), wall: 1.058 minutes, Δt:   1.73, CFL: 9.00e-01
i:   4100, t:   11751.5 s, ωt:   1.18 (0.19 periods), wall: 1.069 minutes, Δt:   1.65, CFL: 9.00e-01
i:   4200, t:   11918.0 s, ωt:   1.19 (0.19 periods), wall: 1.079 minutes, Δt:   1.50, CFL: 9.00e-01
i:   4300, t:   12088.5 s, ωt:   1.21 (0.19 periods), wall: 1.091 minutes, Δt:   1.82, CFL: 9.00e-01
i:   4400, t:   12257.0 s, ωt:   1.23 (0.20 periods), wall: 1.103 minutes, Δt:   1.74, CFL: 9.00e-01
i:   4500, t:   12426.6 s, ωt:   1.24 (0.20 periods), wall: 1.113 minutes, Δt:   1.68, CFL: 9.00e-01
i:   4600, t:   12608.0 s, ωt:   1.26 (0.20 periods), wall: 1.124 minutes, Δt:   1.90, CFL: 9.00e-01
i:   4700, t:   12788.1 s, ωt:   1.28 (0.20 periods), wall: 1.134 minutes, Δt:   1.78, CFL: 9.00e-01
i:   4800, t:   12968.3 s, ωt:   1.30 (0.21 periods), wall: 1.147 minutes, Δt:   1.57, CFL: 9.00e-01
i:   4900, t:   13135.8 s, ωt:   1.31 (0.21 periods), wall: 1.157 minutes, Δt:   1.53, CFL: 9.00e-01
i:   5000, t:   13294.4 s, ωt:   1.33 (0.21 periods), wall: 1.170 minutes, Δt:   1.57, CFL: 9.00e-01
i:   5100, t:   13466.3 s, ωt:   1.35 (0.21 periods), wall: 1.180 minutes, Δt:   1.78, CFL: 9.00e-01
i:   5200, t:   13630.8 s, ωt:   1.36 (0.22 periods), wall: 1.198 minutes, Δt:   1.61, CFL: 9.00e-01
i:   5300, t:   13790.5 s, ωt:   1.38 (0.22 periods), wall: 1.208 minutes, Δt:   1.62, CFL: 9.00e-01
i:   5400, t:   13954.0 s, ωt:   1.40 (0.22 periods), wall: 1.220 minutes, Δt:   1.81, CFL: 9.00e-01
i:   5500, t:   14117.5 s, ωt:   1.41 (0.22 periods), wall: 1.230 minutes, Δt:   1.77, CFL: 9.00e-01
i:   5600, t:   14277.2 s, ωt:   1.43 (0.23 periods), wall: 1.241 minutes, Δt:   1.79, CFL: 9.00e-01
i:   5700, t:   14431.5 s, ωt:   1.44 (0.23 periods), wall: 1.251 minutes, Δt:   1.42, CFL: 9.00e-01
i:   5800, t:   14589.6 s, ωt:   1.46 (0.23 periods), wall: 1.262 minutes, Δt:   1.67, CFL: 9.00e-01
i:   5900, t:   14770.9 s, ωt:   1.48 (0.24 periods), wall: 1.273 minutes, Δt:   1.79, CFL: 9.00e-01
i:   6000, t:   14945.1 s, ωt:   1.49 (0.24 periods), wall: 1.283 minutes, Δt:   1.65, CFL: 9.00e-01
i:   6100, t:   15100.2 s, ωt:   1.51 (0.24 periods), wall: 1.295 minutes, Δt:   1.35, CFL: 9.00e-01
i:   6200, t:   15257.4 s, ωt:   1.53 (0.24 periods), wall: 1.305 minutes, Δt:   1.77, CFL: 9.00e-01
i:   6300, t:   15417.4 s, ωt:   1.54 (0.25 periods), wall: 1.317 minutes, Δt:   1.61, CFL: 9.00e-01
i:   6400, t:   15586.8 s, ωt:   1.56 (0.25 periods), wall: 1.327 minutes, Δt:   1.56, CFL: 9.00e-01
i:   6500, t:   15738.1 s, ωt:   1.57 (0.25 periods), wall: 1.338 minutes, Δt:   1.11, CFL: 9.00e-01
i:   6600, t:   15888.7 s, ωt:   1.59 (0.25 periods), wall: 1.349 minutes, Δt:   1.38, CFL: 9.00e-01
i:   6700, t:   16033.2 s, ωt:   1.60 (0.26 periods), wall: 1.360 minutes, Δt:   1.89, CFL: 9.00e-01
i:   6800, t:   16200.2 s, ωt:   1.62 (0.26 periods), wall: 1.370 minutes, Δt:   1.55, CFL: 9.00e-01
i:   6900, t:   16365.9 s, ωt:   1.64 (0.26 periods), wall: 1.381 minutes, Δt:   1.72, CFL: 9.00e-01
i:   7000, t:   16540.5 s, ωt:   1.65 (0.26 periods), wall: 1.391 minutes, Δt:   1.64, CFL: 9.00e-01
i:   7100, t:   16709.7 s, ωt:   1.67 (0.27 periods), wall: 1.403 minutes, Δt:   1.66, CFL: 9.00e-01
i:   7200, t:   16883.5 s, ωt:   1.69 (0.27 periods), wall: 1.413 minutes, Δt:   1.44, CFL: 9.00e-01
i:   7300, t:   17018.7 s, ωt:   1.70 (0.27 periods), wall: 1.428 minutes, Δt:   1.42, CFL: 9.00e-01
i:   7400, t:   17175.8 s, ωt:   1.72 (0.27 periods), wall: 1.438 minutes, Δt:   1.82, CFL: 9.00e-01
i:   7500, t:   17340.6 s, ωt:   1.73 (0.28 periods), wall: 1.452 minutes, Δt:   1.77, CFL: 9.00e-01
i:   7600, t:   17502.4 s, ωt:   1.75 (0.28 periods), wall: 1.462 minutes, Δt:   1.75, CFL: 9.00e-01
i:   7700, t:   17682.6 s, ωt:   1.77 (0.28 periods), wall: 1.475 minutes, Δt:   1.73, CFL: 9.00e-01
i:   7800, t:   17855.2 s, ωt:   1.79 (0.28 periods), wall: 1.485 minutes, Δt:   1.79, CFL: 9.00e-01
i:   7900, t:   18022.0 s, ωt:   1.80 (0.29 periods), wall: 1.496 minutes, Δt:   1.67, CFL: 9.00e-01
i:   8000, t:   18178.9 s, ωt:   1.82 (0.29 periods), wall: 1.506 minutes, Δt:   1.48, CFL: 9.00e-01
i:   8100, t:   18343.1 s, ωt:   1.83 (0.29 periods), wall: 1.517 minutes, Δt:   1.74, CFL: 9.00e-01
i:   8200, t:   18518.6 s, ωt:   1.85 (0.29 periods), wall: 1.527 minutes, Δt:   1.79, CFL: 9.00e-01
i:   8300, t:   18669.8 s, ωt:   1.87 (0.30 periods), wall: 1.539 minutes, Δt:   1.43, CFL: 9.00e-01
i:   8400, t:   18841.9 s, ωt:   1.88 (0.30 periods), wall: 1.549 minutes, Δt:   1.73, CFL: 9.00e-01
i:   8500, t:   18970.8 s, ωt:   1.90 (0.30 periods), wall: 1.560 minutes, Δt:   1.39, CFL: 9.00e-01
i:   8600, t:   19125.7 s, ωt:   1.91 (0.30 periods), wall: 1.570 minutes, Δt:   1.72, CFL: 9.00e-01
i:   8700, t:   19308.4 s, ωt:   1.93 (0.31 periods), wall: 1.581 minutes, Δt:   1.56, CFL: 9.00e-01
i:   8800, t:   19479.4 s, ωt:   1.95 (0.31 periods), wall: 1.593 minutes, Δt:   1.53, CFL: 9.00e-01
i:   8900, t:   19650.0 s, ωt:   1.97 (0.31 periods), wall: 1.603 minutes, Δt:   1.85, CFL: 9.00e-01
i:   9000, t:   19816.7 s, ωt:   1.98 (0.32 periods), wall: 1.614 minutes, Δt:   1.81, CFL: 9.00e-01
i:   9100, t:   19996.1 s, ωt:   2.00 (0.32 periods), wall: 1.624 minutes, Δt:   2.05, CFL: 9.00e-01
i:   9200, t:   20171.4 s, ωt:   2.02 (0.32 periods), wall: 1.636 minutes, Δt:   1.94, CFL: 9.00e-01
i:   9300, t:   20375.2 s, ωt:   2.04 (0.32 periods), wall: 1.646 minutes, Δt:   2.08, CFL: 9.00e-01
i:   9400, t:   20587.3 s, ωt:   2.06 (0.33 periods), wall: 1.657 minutes, Δt:   2.01, CFL: 9.00e-01
i:   9500, t:   20787.1 s, ωt:   2.08 (0.33 periods), wall: 1.670 minutes, Δt:   1.87, CFL: 9.00e-01
i:   9600, t:   20970.4 s, ωt:   2.10 (0.33 periods), wall: 1.680 minutes, Δt:   1.71, CFL: 9.00e-01
i:   9700, t:   21151.5 s, ωt:   2.12 (0.34 periods), wall: 1.691 minutes, Δt:   2.31, CFL: 9.00e-01
i:   9800, t:   21341.6 s, ωt:   2.13 (0.34 periods), wall: 1.701 minutes, Δt:   1.82, CFL: 9.00e-01
i:   9900, t:   21540.4 s, ωt:   2.15 (0.34 periods), wall: 1.712 minutes, Δt:   1.97, CFL: 9.00e-01
i:  10000, t:   21746.5 s, ωt:   2.17 (0.35 periods), wall: 1.723 minutes, Δt:   1.98, CFL: 9.00e-01
i:  10100, t:   21929.5 s, ωt:   2.19 (0.35 periods), wall: 1.733 minutes, Δt:   2.02, CFL: 9.00e-01
i:  10200, t:   22132.8 s, ωt:   2.21 (0.35 periods), wall: 1.745 minutes, Δt:   2.21, CFL: 9.00e-01
i:  10300, t:   22357.3 s, ωt:   2.24 (0.36 periods), wall: 1.756 minutes, Δt:   2.10, CFL: 9.00e-01
i:  10400, t:   22559.3 s, ωt:   2.26 (0.36 periods), wall: 1.766 minutes, Δt:   1.97, CFL: 9.00e-01
i:  10500, t:   22772.8 s, ωt:   2.28 (0.36 periods), wall: 1.777 minutes, Δt:   2.08, CFL: 9.00e-01
i:  10600, t:   22983.7 s, ωt:   2.30 (0.37 periods), wall: 1.789 minutes, Δt:   1.87, CFL: 9.00e-01
i:  10700, t:   23182.1 s, ωt:   2.32 (0.37 periods), wall: 1.799 minutes, Δt:   2.27, CFL: 9.00e-01
i:  10800, t:   23387.3 s, ωt:   2.34 (0.37 periods), wall: 1.810 minutes, Δt:   1.82, CFL: 9.00e-01
i:  10900, t:   23592.2 s, ωt:   2.36 (0.38 periods), wall: 1.822 minutes, Δt:   2.25, CFL: 9.00e-01
i:  11000, t:   23791.3 s, ωt:   2.38 (0.38 periods), wall: 1.832 minutes, Δt:   2.24, CFL: 9.00e-01
i:  11100, t:   24005.0 s, ωt:   2.40 (0.38 periods), wall: 1.843 minutes, Δt:   2.10, CFL: 9.00e-01
i:  11200, t:   24190.3 s, ωt:   2.42 (0.39 periods), wall: 1.853 minutes, Δt:   2.49, CFL: 9.00e-01
i:  11300, t:   24409.5 s, ωt:   2.44 (0.39 periods), wall: 1.865 minutes, Δt:   2.08, CFL: 9.00e-01
i:  11400, t:   24634.0 s, ωt:   2.46 (0.39 periods), wall: 1.876 minutes, Δt:   2.73, CFL: 9.00e-01
i:  11500, t:   24864.0 s, ωt:   2.49 (0.40 periods), wall: 1.888 minutes, Δt:   2.89, CFL: 9.00e-01
i:  11600, t:   25137.6 s, ωt:   2.51 (0.40 periods), wall: 1.899 minutes, Δt:   2.38, CFL: 9.00e-01
i:  11700, t:   25387.9 s, ωt:   2.54 (0.40 periods), wall: 1.909 minutes, Δt:   2.32, CFL: 9.00e-01
i:  11800, t:   25634.0 s, ωt:   2.56 (0.41 periods), wall: 1.920 minutes, Δt:   2.75, CFL: 9.00e-01
i:  11900, t:   25889.9 s, ωt:   2.59 (0.41 periods), wall: 1.931 minutes, Δt:   1.99, CFL: 9.00e-01
i:  12000, t:   26154.3 s, ωt:   2.62 (0.42 periods), wall: 1.942 minutes, Δt:   2.68, CFL: 9.00e-01
i:  12100, t:   26436.6 s, ωt:   2.64 (0.42 periods), wall: 1.954 minutes, Δt:   3.13, CFL: 9.00e-01
i:  12200, t:   26712.8 s, ωt:   2.67 (0.43 periods), wall: 1.966 minutes, Δt:   2.77, CFL: 8.80e-01
i:  12300, t:   27024.6 s, ωt:   2.70 (0.43 periods), wall: 1.977 minutes, Δt:   3.33, CFL: 9.00e-01
i:  12400, t:   27338.3 s, ωt:   2.73 (0.44 periods), wall: 1.988 minutes, Δt:   3.03, CFL: 9.00e-01
i:  12500, t:   27678.4 s, ωt:   2.77 (0.44 periods), wall: 2.000 minutes, Δt:   3.15, CFL: 9.00e-01
i:  12600, t:   28041.9 s, ωt:   2.80 (0.45 periods), wall: 2.011 minutes, Δt:   4.20, CFL: 9.00e-01
i:  12700, t:   28450.4 s, ωt:   2.85 (0.45 periods), wall: 2.023 minutes, Δt:   4.22, CFL: 9.00e-01
i:  12800, t:   28849.2 s, ωt:   2.88 (0.46 periods), wall: 2.034 minutes, Δt:   3.55, CFL: 9.00e-01
i:  12900, t:   29242.5 s, ωt:   2.92 (0.47 periods), wall: 2.046 minutes, Δt:   4.23, CFL: 9.00e-01
i:  13000, t:   29718.2 s, ωt:   2.97 (0.47 periods), wall: 2.057 minutes, Δt:   5.67, CFL: 9.00e-01
i:  13100, t:   30317.7 s, ωt:   3.03 (0.48 periods), wall: 2.070 minutes, Δt:   5.19, CFL: 9.00e-01
i:  13200, t:   30939.5 s, ωt:   3.09 (0.49 periods), wall: 2.082 minutes, Δt:   7.55, CFL: 9.00e-01
i:  13300, t:   31651.0 s, ωt:   3.17 (0.50 periods), wall: 2.113 minutes, Δt:   6.35, CFL: 9.00e-01
i:  13400, t:   32339.8 s, ωt:   3.23 (0.51 periods), wall: 2.127 minutes, Δt:   6.94, CFL: 9.00e-01
i:  13500, t:   33018.0 s, ωt:   3.30 (0.53 periods), wall: 2.141 minutes, Δt:   6.26, CFL: 9.00e-01
i:  13600, t:   33638.2 s, ωt:   3.36 (0.54 periods), wall: 2.153 minutes, Δt:   5.57, CFL: 9.00e-01
i:  13700, t:   34192.7 s, ωt:   3.42 (0.54 periods), wall: 2.164 minutes, Δt:   5.37, CFL: 9.00e-01
i:  13800, t:   34712.4 s, ωt:   3.47 (0.55 periods), wall: 2.176 minutes, Δt:   5.39, CFL: 9.00e-01
i:  13900, t:   35185.8 s, ωt:   3.52 (0.56 periods), wall: 2.187 minutes, Δt:   4.65, CFL: 9.00e-01
i:  14000, t:   35585.6 s, ωt:   3.56 (0.57 periods), wall: 2.199 minutes, Δt:   3.88, CFL: 9.00e-01
i:  14100, t:   35975.1 s, ωt:   3.60 (0.57 periods), wall: 2.210 minutes, Δt:   3.68, CFL: 9.00e-01
i:  14200, t:   36314.4 s, ωt:   3.63 (0.58 periods), wall: 2.221 minutes, Δt:   3.70, CFL: 9.00e-01
i:  14300, t:   36658.5 s, ωt:   3.67 (0.58 periods), wall: 2.233 minutes, Δt:   3.27, CFL: 9.00e-01
i:  14400, t:   36962.7 s, ωt:   3.70 (0.59 periods), wall: 2.244 minutes, Δt:   2.73, CFL: 9.00e-01
i:  14500, t:   37234.6 s, ωt:   3.72 (0.59 periods), wall: 2.256 minutes, Δt:   2.60, CFL: 9.00e-01
i:  14600, t:   37511.8 s, ωt:   3.75 (0.60 periods), wall: 2.271 minutes, Δt:   2.85, CFL: 9.00e-01
i:  14700, t:   37766.3 s, ωt:   3.78 (0.60 periods), wall: 2.284 minutes, Δt:   2.34, CFL: 9.00e-01
i:  14800, t:   38018.7 s, ωt:   3.80 (0.61 periods), wall: 2.295 minutes, Δt:   2.58, CFL: 9.00e-01
i:  14900, t:   38272.2 s, ωt:   3.83 (0.61 periods), wall: 2.305 minutes, Δt:   2.40, CFL: 9.00e-01
i:  15000, t:   38507.8 s, ωt:   3.85 (0.61 periods), wall: 2.316 minutes, Δt:   2.33, CFL: 9.00e-01
i:  15100, t:   38722.6 s, ωt:   3.87 (0.62 periods), wall: 2.327 minutes, Δt:   2.07, CFL: 9.00e-01
i:  15200, t:   38928.7 s, ωt:   3.89 (0.62 periods), wall: 2.337 minutes, Δt:   1.93, CFL: 9.00e-01
i:  15300, t:   39150.1 s, ωt:   3.92 (0.62 periods), wall: 2.348 minutes, Δt:   2.09, CFL: 9.00e-01
i:  15400, t:   39361.4 s, ωt:   3.94 (0.63 periods), wall: 2.359 minutes, Δt:   2.11, CFL: 9.00e-01
i:  15500, t:   39564.8 s, ωt:   3.96 (0.63 periods), wall: 2.370 minutes, Δt:   1.95, CFL: 9.00e-01
i:  15600, t:   39763.5 s, ωt:   3.98 (0.63 periods), wall: 2.381 minutes, Δt:   2.21, CFL: 9.00e-01
i:  15700, t:   39984.0 s, ωt:   4.00 (0.64 periods), wall: 2.392 minutes, Δt:   2.39, CFL: 9.00e-01
i:  15800, t:   40195.8 s, ωt:   4.02 (0.64 periods), wall: 2.402 minutes, Δt:   1.89, CFL: 9.00e-01
i:  15900, t:   40393.7 s, ωt:   4.04 (0.64 periods), wall: 2.413 minutes, Δt:   2.10, CFL: 9.00e-01
i:  16000, t:   40598.7 s, ωt:   4.06 (0.65 periods), wall: 2.425 minutes, Δt:   2.31, CFL: 9.00e-01
i:  16100, t:   40792.8 s, ωt:   4.08 (0.65 periods), wall: 2.435 minutes, Δt:   1.89, CFL: 9.00e-01
i:  16200, t:   40988.6 s, ωt:   4.10 (0.65 periods), wall: 2.446 minutes, Δt:   1.90, CFL: 9.00e-01
i:  16300, t:   41185.7 s, ωt:   4.12 (0.66 periods), wall: 2.458 minutes, Δt:   1.95, CFL: 9.00e-01
i:  16400, t:   41371.4 s, ωt:   4.14 (0.66 periods), wall: 2.468 minutes, Δt:   1.94, CFL: 9.00e-01
i:  16500, t:   41551.7 s, ωt:   4.16 (0.66 periods), wall: 2.479 minutes, Δt:   1.41, CFL: 9.00e-01
i:  16600, t:   41726.8 s, ωt:   4.17 (0.66 periods), wall: 2.489 minutes, Δt:   1.87, CFL: 9.00e-01
i:  16700, t:   41905.0 s, ωt:   4.19 (0.67 periods), wall: 2.500 minutes, Δt:   1.88, CFL: 9.00e-01
i:  16800, t:   42095.0 s, ωt:   4.21 (0.67 periods), wall: 2.510 minutes, Δt:   1.89, CFL: 9.00e-01
i:  16900, t:   42266.0 s, ωt:   4.23 (0.67 periods), wall: 2.521 minutes, Δt:   1.46, CFL: 9.00e-01
i:  17000, t:   42424.9 s, ωt:   4.24 (0.68 periods), wall: 2.533 minutes, Δt:   1.91, CFL: 9.00e-01
i:  17100, t:   42606.8 s, ωt:   4.26 (0.68 periods), wall: 2.543 minutes, Δt:   1.60, CFL: 9.00e-01
i:  17200, t:   42776.0 s, ωt:   4.28 (0.68 periods), wall: 2.554 minutes, Δt:   1.83, CFL: 9.00e-01
i:  17300, t:   42956.1 s, ωt:   4.30 (0.68 periods), wall: 2.564 minutes, Δt:   1.73, CFL: 9.00e-01
i:  17400, t:   43135.0 s, ωt:   4.31 (0.69 periods), wall: 2.575 minutes, Δt:   1.90, CFL: 9.00e-01
i:  17500, t:   43296.0 s, ωt:   4.33 (0.69 periods), wall: 2.585 minutes, Δt:   1.65, CFL: 9.00e-01
i:  17600, t:   43462.3 s, ωt:   4.35 (0.69 periods), wall: 2.597 minutes, Δt:   1.60, CFL: 9.00e-01
i:  17700, t:   43630.8 s, ωt:   4.36 (0.69 periods), wall: 2.607 minutes, Δt:   1.72, CFL: 9.00e-01
i:  17800, t:   43806.6 s, ωt:   4.38 (0.70 periods), wall: 2.618 minutes, Δt:   1.68, CFL: 9.00e-01
i:  17900, t:   43977.8 s, ωt:   4.40 (0.70 periods), wall: 2.628 minutes, Δt:   1.64, CFL: 9.00e-01
i:  18000, t:   44142.3 s, ωt:   4.41 (0.70 periods), wall: 2.639 minutes, Δt:   1.67, CFL: 9.00e-01
i:  18100, t:   44304.9 s, ωt:   4.43 (0.71 periods), wall: 2.650 minutes, Δt:   1.74, CFL: 9.00e-01
i:  18200, t:   44470.6 s, ωt:   4.45 (0.71 periods), wall: 2.661 minutes, Δt:   1.55, CFL: 9.00e-01
i:  18300, t:   44627.3 s, ωt:   4.46 (0.71 periods), wall: 2.674 minutes, Δt:   1.66, CFL: 9.00e-01
i:  18400, t:   44804.6 s, ωt:   4.48 (0.71 periods), wall: 2.684 minutes, Δt:   1.60, CFL: 9.00e-01
i:  18500, t:   44961.6 s, ωt:   4.50 (0.72 periods), wall: 2.696 minutes, Δt:   1.81, CFL: 9.00e-01
i:  18600, t:   45118.6 s, ωt:   4.51 (0.72 periods), wall: 2.706 minutes, Δt:   1.57, CFL: 9.00e-01
i:  18700, t:   45285.9 s, ωt:   4.53 (0.72 periods), wall: 2.719 minutes, Δt:   1.73, CFL: 9.00e-01
i:  18800, t:   45459.9 s, ωt:   4.55 (0.72 periods), wall: 2.729 minutes, Δt:   1.89, CFL: 9.00e-01
i:  18900, t:   45634.1 s, ωt:   4.56 (0.73 periods), wall: 2.740 minutes, Δt:   1.62, CFL: 9.00e-01
i:  19000, t:   45792.8 s, ωt:   4.58 (0.73 periods), wall: 2.750 minutes, Δt:   1.68, CFL: 9.00e-01
i:  19100, t:   45948.0 s, ωt:   4.59 (0.73 periods), wall: 2.761 minutes, Δt:   1.80, CFL: 9.00e-01
i:  19200, t:   46119.4 s, ωt:   4.61 (0.73 periods), wall: 2.771 minutes, Δt:   1.72, CFL: 9.00e-01
i:  19300, t:   46276.1 s, ωt:   4.63 (0.74 periods), wall: 2.782 minutes, Δt:   1.76, CFL: 9.00e-01
i:  19400, t:   46443.1 s, ωt:   4.64 (0.74 periods), wall: 2.792 minutes, Δt:   1.53, CFL: 9.00e-01
i:  19500, t:   46611.2 s, ωt:   4.66 (0.74 periods), wall: 2.804 minutes, Δt:   1.72, CFL: 9.00e-01
i:  19600, t:   46774.1 s, ωt:   4.68 (0.74 periods), wall: 2.814 minutes, Δt:   1.42, CFL: 9.00e-01
i:  19700, t:   46939.6 s, ωt:   4.69 (0.75 periods), wall: 2.825 minutes, Δt:   1.51, CFL: 9.00e-01
i:  19800, t:   47094.6 s, ωt:   4.71 (0.75 periods), wall: 2.835 minutes, Δt:   1.70, CFL: 9.00e-01
i:  19900, t:   47262.8 s, ωt:   4.73 (0.75 periods), wall: 2.846 minutes, Δt:   1.58, CFL: 9.00e-01
i:  20000, t:   47424.5 s, ωt:   4.74 (0.75 periods), wall: 2.856 minutes, Δt:   1.74, CFL: 9.00e-01
i:  20100, t:   47586.5 s, ωt:   4.76 (0.76 periods), wall: 2.868 minutes, Δt:   1.87, CFL: 9.00e-01
i:  20200, t:   47754.0 s, ωt:   4.78 (0.76 periods), wall: 2.879 minutes, Δt:   1.88, CFL: 9.00e-01
i:  20300, t:   47922.2 s, ωt:   4.79 (0.76 periods), wall: 2.889 minutes, Δt:   1.58, CFL: 9.00e-01
i:  20400, t:   48085.9 s, ωt:   4.81 (0.77 periods), wall: 2.901 minutes, Δt:   1.61, CFL: 9.00e-01
i:  20500, t:   48255.5 s, ωt:   4.83 (0.77 periods), wall: 2.911 minutes, Δt:   1.61, CFL: 9.00e-01
i:  20600, t:   48426.4 s, ωt:   4.84 (0.77 periods), wall: 2.922 minutes, Δt:   1.66, CFL: 9.00e-01
i:  20700, t:   48601.2 s, ωt:   4.86 (0.77 periods), wall: 2.932 minutes, Δt:   1.57, CFL: 9.00e-01
i:  20800, t:   48764.3 s, ωt:   4.88 (0.78 periods), wall: 2.943 minutes, Δt:   1.66, CFL: 9.00e-01
i:  20900, t:   48934.4 s, ωt:   4.89 (0.78 periods), wall: 2.953 minutes, Δt:   1.76, CFL: 9.00e-01
i:  21000, t:   49112.5 s, ωt:   4.91 (0.78 periods), wall: 2.964 minutes, Δt:   1.86, CFL: 9.00e-01
i:  21100, t:   49282.8 s, ωt:   4.93 (0.78 periods), wall: 2.974 minutes, Δt:   1.49, CFL: 9.00e-01
i:  21200, t:   49425.5 s, ωt:   4.94 (0.79 periods), wall: 2.986 minutes, Δt:   1.56, CFL: 9.00e-01
i:  21300, t:   49604.8 s, ωt:   4.96 (0.79 periods), wall: 2.996 minutes, Δt:   1.83, CFL: 9.00e-01
i:  21400, t:   49778.0 s, ωt:   4.98 (0.79 periods), wall: 3.007 minutes, Δt:   1.57, CFL: 9.00e-01
i:  21500, t:   49941.2 s, ωt:   4.99 (0.79 periods), wall: 3.017 minutes, Δt:   1.83, CFL: 9.00e-01
i:  21600, t:   50119.0 s, ωt:   5.01 (0.80 periods), wall: 3.029 minutes, Δt:   1.55, CFL: 9.00e-01
i:  21700, t:   50264.7 s, ωt:   5.03 (0.80 periods), wall: 3.039 minutes, Δt:   1.41, CFL: 9.00e-01
i:  21800, t:   50437.4 s, ωt:   5.04 (0.80 periods), wall: 3.051 minutes, Δt:   1.82, CFL: 9.00e-01
i:  21900, t:   50622.7 s, ωt:   5.06 (0.81 periods), wall: 3.062 minutes, Δt:   1.87, CFL: 9.00e-01
i:  22000, t:   50809.4 s, ωt:   5.08 (0.81 periods), wall: 3.072 minutes, Δt:   1.91, CFL: 9.00e-01
i:  22100, t:   51001.8 s, ωt:   5.10 (0.81 periods), wall: 3.083 minutes, Δt:   2.12, CFL: 9.00e-01
i:  22200, t:   51186.3 s, ωt:   5.12 (0.81 periods), wall: 3.093 minutes, Δt:   2.00, CFL: 9.00e-01
i:  22300, t:   51374.4 s, ωt:   5.14 (0.82 periods), wall: 3.105 minutes, Δt:   1.63, CFL: 9.00e-01
i:  22400, t:   51549.0 s, ωt:   5.15 (0.82 periods), wall: 3.116 minutes, Δt:   1.57, CFL: 9.00e-01
i:  22500, t:   51722.8 s, ωt:   5.17 (0.82 periods), wall: 3.126 minutes, Δt:   1.90, CFL: 9.00e-01
i:  22600, t:   51907.3 s, ωt:   5.19 (0.83 periods), wall: 3.138 minutes, Δt:   1.87, CFL: 9.00e-01
i:  22700, t:   52096.9 s, ωt:   5.21 (0.83 periods), wall: 3.148 minutes, Δt:   1.62, CFL: 9.00e-01
i:  22800, t:   52279.1 s, ωt:   5.23 (0.83 periods), wall: 3.159 minutes, Δt:   1.55, CFL: 9.00e-01
i:  22900, t:   52461.9 s, ωt:   5.25 (0.83 periods), wall: 3.169 minutes, Δt:   1.86, CFL: 9.00e-01
i:  23000, t:   52643.2 s, ωt:   5.26 (0.84 periods), wall: 3.180 minutes, Δt:   1.94, CFL: 9.00e-01
i:  23100, t:   52852.8 s, ωt:   5.29 (0.84 periods), wall: 3.192 minutes, Δt:   2.11, CFL: 9.00e-01
i:  23200, t:   53049.9 s, ωt:   5.30 (0.84 periods), wall: 3.202 minutes, Δt:   1.51, CFL: 9.00e-01
i:  23300, t:   53226.3 s, ωt:   5.32 (0.85 periods), wall: 3.213 minutes, Δt:   2.06, CFL: 9.00e-01
i:  23400, t:   53422.0 s, ωt:   5.34 (0.85 periods), wall: 3.224 minutes, Δt:   2.13, CFL: 9.00e-01
i:  23500, t:   53634.2 s, ωt:   5.36 (0.85 periods), wall: 3.235 minutes, Δt:   2.40, CFL: 9.00e-01
i:  23600, t:   53836.4 s, ωt:   5.38 (0.86 periods), wall: 3.246 minutes, Δt:   1.72, CFL: 9.00e-01
i:  23700, t:   54021.2 s, ωt:   5.40 (0.86 periods), wall: 3.256 minutes, Δt:   2.00, CFL: 9.00e-01
i:  23800, t:   54230.0 s, ωt:   5.42 (0.86 periods), wall: 3.267 minutes, Δt:   2.11, CFL: 9.00e-01
i:  23900, t:   54420.9 s, ωt:   5.44 (0.87 periods), wall: 3.278 minutes, Δt:   2.19, CFL: 9.00e-01
i:  24000, t:   54625.4 s, ωt:   5.46 (0.87 periods), wall: 3.288 minutes, Δt:   2.20, CFL: 9.00e-01
i:  24100, t:   54840.3 s, ωt:   5.48 (0.87 periods), wall: 3.300 minutes, Δt:   2.18, CFL: 9.00e-01
i:  24200, t:   55053.6 s, ωt:   5.51 (0.88 periods), wall: 3.311 minutes, Δt:   2.08, CFL: 9.00e-01
i:  24300, t:   55265.8 s, ωt:   5.53 (0.88 periods), wall: 3.321 minutes, Δt:   2.07, CFL: 9.00e-01
i:  24400, t:   55473.1 s, ωt:   5.55 (0.88 periods), wall: 3.332 minutes, Δt:   2.33, CFL: 9.00e-01
i:  24500, t:   55671.9 s, ωt:   5.57 (0.89 periods), wall: 3.343 minutes, Δt:   1.95, CFL: 9.00e-01
i:  24600, t:   55918.0 s, ωt:   5.59 (0.89 periods), wall: 3.353 minutes, Δt:   2.74, CFL: 9.00e-01
i:  24700, t:   56172.4 s, ωt:   5.62 (0.89 periods), wall: 3.364 minutes, Δt:   2.61, CFL: 9.00e-01
i:  24800, t:   56420.2 s, ωt:   5.64 (0.90 periods), wall: 3.375 minutes, Δt:   3.03, CFL: 9.00e-01
i:  24900, t:   56701.5 s, ωt:   5.67 (0.90 periods), wall: 3.387 minutes, Δt:   2.14, CFL: 9.00e-01
i:  25000, t:   56941.3 s, ωt:   5.69 (0.91 periods), wall: 3.399 minutes, Δt:   2.03, CFL: 9.00e-01
i:  25100, t:   57183.5 s, ωt:   5.72 (0.91 periods), wall: 3.410 minutes, Δt:   2.22, CFL: 9.00e-01
i:  25200, t:   57413.8 s, ωt:   5.74 (0.91 periods), wall: 3.420 minutes, Δt:   2.32, CFL: 9.00e-01
i:  25300, t:   57653.8 s, ωt:   5.77 (0.92 periods), wall: 3.431 minutes, Δt:   2.98, CFL: 9.00e-01
i:  25400, t:   57947.2 s, ωt:   5.79 (0.92 periods), wall: 3.443 minutes, Δt:   3.22, CFL: 9.00e-01
i:  25500, t:   58261.3 s, ωt:   5.83 (0.93 periods), wall: 3.454 minutes, Δt:   3.48, CFL: 9.00e-01
i:  25600, t:   58536.8 s, ωt:   5.85 (0.93 periods), wall: 3.465 minutes, Δt:   2.01, CFL: 9.00e-01
i:  25700, t:   58808.8 s, ωt:   5.88 (0.94 periods), wall: 3.476 minutes, Δt:   2.70, CFL: 9.00e-01
i:  25800, t:   59086.0 s, ωt:   5.91 (0.94 periods), wall: 3.488 minutes, Δt:   3.02, CFL: 9.00e-01
i:  25900, t:   59394.0 s, ωt:   5.94 (0.95 periods), wall: 3.499 minutes, Δt:   3.70, CFL: 9.00e-01
i:  26000, t:   59769.1 s, ωt:   5.98 (0.95 periods), wall: 3.510 minutes, Δt:   3.46, CFL: 9.00e-01
i:  26100, t:   60120.7 s, ωt:   6.01 (0.96 periods), wall: 3.522 minutes, Δt:   4.20, CFL: 9.00e-01
i:  26200, t:   60539.3 s, ωt:   6.05 (0.96 periods), wall: 3.533 minutes, Δt:   4.84, CFL: 9.00e-01
i:  26300, t:   60985.3 s, ωt:   6.10 (0.97 periods), wall: 3.555 minutes, Δt:   4.52, CFL: 9.00e-01
i:  26400, t:   61467.1 s, ωt:   6.15 (0.98 periods), wall: 3.566 minutes, Δt:   4.55, CFL: 9.00e-01
i:  26500, t:   62060.1 s, ωt:   6.21 (0.99 periods), wall: 3.578 minutes, Δt:   6.67, CFL: 9.00e-01
i:  26600, t:   62725.1 s, ωt:   6.27 (1.00 periods), wall: 3.597 minutes, Δt:   7.40, CFL: 9.00e-01
i:  26700, t:   63373.8 s, ωt:   6.34 (1.01 periods), wall: 3.633 minutes, Δt:   6.61, CFL: 9.00e-01
i:  26800, t:   63958.5 s, ωt:   6.40 (1.02 periods), wall: 3.645 minutes, Δt:   6.23, CFL: 9.00e-01
i:  26900, t:   64559.9 s, ωt:   6.46 (1.03 periods), wall: 3.659 minutes, Δt:   5.66, CFL: 9.00e-01
i:  27000, t:   65090.0 s, ωt:   6.51 (1.04 periods), wall: 3.672 minutes, Δt:   5.37, CFL: 9.00e-01
i:  27100, t:   65544.6 s, ωt:   6.55 (1.04 periods), wall: 3.686 minutes, Δt:   4.69, CFL: 9.00e-01
i:  27200, t:   65984.4 s, ωt:   6.60 (1.05 periods), wall: 3.698 minutes, Δt:   3.84, CFL: 9.00e-01
i:  27300, t:   66384.9 s, ωt:   6.64 (1.06 periods), wall: 3.710 minutes, Δt:   3.67, CFL: 9.00e-01
i:  27400, t:   66757.0 s, ωt:   6.68 (1.06 periods), wall: 3.721 minutes, Δt:   3.58, CFL: 9.00e-01
i:  27500, t:   67097.8 s, ωt:   6.71 (1.07 periods), wall: 3.733 minutes, Δt:   3.39, CFL: 9.00e-01
i:  27600, t:   67428.7 s, ωt:   6.74 (1.07 periods), wall: 3.746 minutes, Δt:   3.04, CFL: 9.00e-01
i:  27700, t:   67726.5 s, ωt:   6.77 (1.08 periods), wall: 3.757 minutes, Δt:   3.05, CFL: 9.00e-01
i:  27800, t:   68023.3 s, ωt:   6.80 (1.08 periods), wall: 3.769 minutes, Δt:   3.15, CFL: 9.00e-01
i:  27900, t:   68321.3 s, ωt:   6.83 (1.09 periods), wall: 3.780 minutes, Δt:   3.02, CFL: 9.00e-01
i:  28000, t:   68633.9 s, ωt:   6.86 (1.09 periods), wall: 3.792 minutes, Δt:   2.99, CFL: 9.00e-01
i:  28100, t:   68898.3 s, ωt:   6.89 (1.10 periods), wall: 3.803 minutes, Δt:   2.73, CFL: 9.00e-01
i:  28200, t:   69173.9 s, ωt:   6.92 (1.10 periods), wall: 3.814 minutes, Δt:   2.41, CFL: 9.00e-01
i:  28300, t:   69431.6 s, ωt:   6.94 (1.11 periods), wall: 3.825 minutes, Δt:   2.54, CFL: 9.00e-01
i:  28400, t:   69693.8 s, ωt:   6.97 (1.11 periods), wall: 3.836 minutes, Δt:   2.46, CFL: 9.00e-01
i:  28500, t:   69930.4 s, ωt:   6.99 (1.11 periods), wall: 3.847 minutes, Δt:   1.94, CFL: 9.00e-01
i:  28600, t:   70142.6 s, ωt:   7.01 (1.12 periods), wall: 3.864 minutes, Δt:   1.98, CFL: 9.00e-01
i:  28700, t:   70363.6 s, ωt:   7.04 (1.12 periods), wall: 3.875 minutes, Δt:   2.56, CFL: 9.00e-01
i:  28800, t:   70612.7 s, ωt:   7.06 (1.12 periods), wall: 3.886 minutes, Δt:   2.50, CFL: 9.00e-01
i:  28900, t:   70847.8 s, ωt:   7.08 (1.13 periods), wall: 3.897 minutes, Δt:   2.44, CFL: 9.00e-01
i:  29000, t:   71082.4 s, ωt:   7.11 (1.13 periods), wall: 3.908 minutes, Δt:   2.28, CFL: 9.00e-01
i:  29100, t:   71295.1 s, ωt:   7.13 (1.13 periods), wall: 3.918 minutes, Δt:   1.99, CFL: 9.00e-01
i:  29200, t:   71489.4 s, ωt:   7.15 (1.14 periods), wall: 3.929 minutes, Δt:   2.09, CFL: 9.00e-01
i:  29300, t:   71686.8 s, ωt:   7.17 (1.14 periods), wall: 3.941 minutes, Δt:   2.43, CFL: 9.00e-01
i:  29400, t:   71898.4 s, ωt:   7.19 (1.14 periods), wall: 3.951 minutes, Δt:   2.21, CFL: 9.00e-01
i:  29500, t:   72105.7 s, ωt:   7.21 (1.15 periods), wall: 3.962 minutes, Δt:   2.02, CFL: 9.00e-01
i:  29600, t:   72308.8 s, ωt:   7.23 (1.15 periods), wall: 3.973 minutes, Δt:   2.10, CFL: 9.00e-01
i:  29700, t:   72501.9 s, ωt:   7.25 (1.15 periods), wall: 3.983 minutes, Δt:   1.73, CFL: 9.00e-01
i:  29800, t:   72699.5 s, ωt:   7.27 (1.16 periods), wall: 3.995 minutes, Δt:   2.18, CFL: 9.00e-01
i:  29900, t:   72905.6 s, ωt:   7.29 (1.16 periods), wall: 4.006 minutes, Δt:   1.72, CFL: 9.00e-01
i:  30000, t:   73112.5 s, ωt:   7.31 (1.16 periods), wall: 4.016 minutes, Δt:   2.24, CFL: 9.00e-01
i:  30100, t:   73308.2 s, ωt:   7.33 (1.17 periods), wall: 4.027 minutes, Δt:   1.87, CFL: 9.00e-01
i:  30200, t:   73481.7 s, ωt:   7.35 (1.17 periods), wall: 4.037 minutes, Δt:   1.68, CFL: 9.00e-01
i:  30300, t:   73668.9 s, ωt:   7.37 (1.17 periods), wall: 4.048 minutes, Δt:   1.78, CFL: 9.00e-01
i:  30400, t:   73833.8 s, ωt:   7.38 (1.18 periods), wall: 4.059 minutes, Δt:   1.56, CFL: 9.00e-01
i:  30500, t:   73998.0 s, ωt:   7.40 (1.18 periods), wall: 4.069 minutes, Δt:   1.87, CFL: 9.00e-01
i:  30600, t:   74175.9 s, ωt:   7.42 (1.18 periods), wall: 4.080 minutes, Δt:   1.81, CFL: 9.00e-01
i:  30700, t:   74369.0 s, ωt:   7.44 (1.18 periods), wall: 4.091 minutes, Δt:   1.69, CFL: 9.00e-01
i:  30800, t:   74545.1 s, ωt:   7.45 (1.19 periods), wall: 4.104 minutes, Δt:   1.80, CFL: 9.00e-01
i:  30900, t:   74714.8 s, ωt:   7.47 (1.19 periods), wall: 4.114 minutes, Δt:   1.57, CFL: 9.00e-01
i:  31000, t:   74874.1 s, ωt:   7.49 (1.19 periods), wall: 4.125 minutes, Δt:   1.55, CFL: 9.00e-01
i:  31100, t:   75041.7 s, ωt:   7.50 (1.19 periods), wall: 4.135 minutes, Δt:   1.38, CFL: 9.00e-01
i:  31200, t:   75209.2 s, ωt:   7.52 (1.20 periods), wall: 4.146 minutes, Δt:   1.86, CFL: 9.00e-01
i:  31300, t:   75378.4 s, ωt:   7.54 (1.20 periods), wall: 4.156 minutes, Δt:   1.77, CFL: 9.00e-01
i:  31400, t:   75547.7 s, ωt:   7.55 (1.20 periods), wall: 4.168 minutes, Δt:   1.73, CFL: 9.00e-01
i:  31500, t:   75729.0 s, ωt:   7.57 (1.21 periods), wall: 4.179 minutes, Δt:   1.78, CFL: 9.00e-01
i:  31600, t:   75901.3 s, ωt:   7.59 (1.21 periods), wall: 4.189 minutes, Δt:   1.80, CFL: 9.00e-01
i:  31700, t:   76046.4 s, ωt:   7.60 (1.21 periods), wall: 4.201 minutes, Δt:   1.45, CFL: 9.00e-01
i:  31800, t:   76217.5 s, ωt:   7.62 (1.21 periods), wall: 4.211 minutes, Δt:   1.67, CFL: 9.00e-01
i:  31900, t:   76384.7 s, ωt:   7.64 (1.22 periods), wall: 4.222 minutes, Δt:   1.55, CFL: 9.00e-01
i:  32000, t:   76553.6 s, ωt:   7.66 (1.22 periods), wall: 4.232 minutes, Δt:   1.81, CFL: 9.00e-01
i:  32100, t:   76720.4 s, ωt:   7.67 (1.22 periods), wall: 4.243 minutes, Δt:   1.64, CFL: 9.00e-01
i:  32200, t:   76889.5 s, ωt:   7.69 (1.22 periods), wall: 4.253 minutes, Δt:   1.65, CFL: 9.00e-01
i:  32300, t:   77054.1 s, ωt:   7.71 (1.23 periods), wall: 4.265 minutes, Δt:   1.66, CFL: 9.00e-01
i:  32400, t:   77224.9 s, ωt:   7.72 (1.23 periods), wall: 4.275 minutes, Δt:   1.57, CFL: 9.00e-01
i:  32500, t:   77394.9 s, ωt:   7.74 (1.23 periods), wall: 4.286 minutes, Δt:   1.54, CFL: 9.00e-01
i:  32600, t:   77549.1 s, ωt:   7.75 (1.23 periods), wall: 4.296 minutes, Δt:   1.60, CFL: 9.00e-01
i:  32700, t:   77716.6 s, ωt:   7.77 (1.24 periods), wall: 4.307 minutes, Δt:   1.72, CFL: 9.00e-01
i:  32800, t:   77882.3 s, ωt:   7.79 (1.24 periods), wall: 4.318 minutes, Δt:   1.40, CFL: 9.00e-01
i:  32900, t:   78035.4 s, ωt:   7.80 (1.24 periods), wall: 4.329 minutes, Δt:   1.47, CFL: 9.00e-01
i:  33000, t:   78181.6 s, ωt:   7.82 (1.24 periods), wall: 4.339 minutes, Δt:   1.63, CFL: 9.00e-01
i:  33100, t:   78362.1 s, ωt:   7.84 (1.25 periods), wall: 4.350 minutes, Δt:   1.67, CFL: 9.00e-01
i:  33200, t:   78530.3 s, ωt:   7.85 (1.25 periods), wall: 4.360 minutes, Δt:   1.77, CFL: 9.00e-01
i:  33300, t:   78702.8 s, ωt:   7.87 (1.25 periods), wall: 4.372 minutes, Δt:   1.77, CFL: 9.00e-01
i:  33400, t:   78875.7 s, ωt:   7.89 (1.26 periods), wall: 4.383 minutes, Δt:   1.78, CFL: 9.00e-01
i:  33500, t:   79051.0 s, ωt:   7.91 (1.26 periods), wall: 4.393 minutes, Δt:   1.66, CFL: 9.00e-01
i:  33600, t:   79218.2 s, ωt:   7.92 (1.26 periods), wall: 4.406 minutes, Δt:   1.79, CFL: 9.00e-01
i:  33700, t:   79389.1 s, ωt:   7.94 (1.26 periods), wall: 4.416 minutes, Δt:   1.78, CFL: 9.00e-01
i:  33800, t:   79545.2 s, ωt:   7.95 (1.27 periods), wall: 4.427 minutes, Δt:   1.65, CFL: 9.00e-01
i:  33900, t:   79704.9 s, ωt:   7.97 (1.27 periods), wall: 4.437 minutes, Δt:   1.57, CFL: 9.00e-01
i:  34000, t:   79865.5 s, ωt:   7.99 (1.27 periods), wall: 4.448 minutes, Δt:   1.69, CFL: 9.00e-01
i:  34100, t:   80020.4 s, ωt:   8.00 (1.27 periods), wall: 4.459 minutes, Δt:   1.44, CFL: 9.00e-01
i:  34200, t:   80162.7 s, ωt:   8.02 (1.28 periods), wall: 4.470 minutes, Δt:   1.57, CFL: 9.00e-01
i:  34300, t:   80326.8 s, ωt:   8.03 (1.28 periods), wall: 4.480 minutes, Δt:   1.34, CFL: 9.00e-01
i:  34400, t:   80476.4 s, ωt:   8.05 (1.28 periods), wall: 4.492 minutes, Δt:   1.48, CFL: 9.00e-01
i:  34500, t:   80644.7 s, ωt:   8.06 (1.28 periods), wall: 4.502 minutes, Δt:   1.76, CFL: 9.00e-01
i:  34600, t:   80807.1 s, ωt:   8.08 (1.29 periods), wall: 4.513 minutes, Δt:   1.80, CFL: 9.00e-01
i:  34700, t:   80980.1 s, ωt:   8.10 (1.29 periods), wall: 4.523 minutes, Δt:   1.98, CFL: 9.00e-01
i:  34800, t:   81173.4 s, ωt:   8.12 (1.29 periods), wall: 4.535 minutes, Δt:   1.99, CFL: 9.00e-01
i:  34900, t:   81350.8 s, ωt:   8.14 (1.29 periods), wall: 4.545 minutes, Δt:   1.84, CFL: 9.00e-01
i:  35000, t:   81533.4 s, ωt:   8.15 (1.30 periods), wall: 4.556 minutes, Δt:   1.85, CFL: 9.00e-01
i:  35100, t:   81710.2 s, ωt:   8.17 (1.30 periods), wall: 4.567 minutes, Δt:   1.91, CFL: 9.00e-01
i:  35200, t:   81906.0 s, ωt:   8.19 (1.30 periods), wall: 4.577 minutes, Δt:   1.89, CFL: 9.00e-01
i:  35300, t:   82079.6 s, ωt:   8.21 (1.31 periods), wall: 4.588 minutes, Δt:   1.87, CFL: 9.00e-01
i:  35400, t:   82269.5 s, ωt:   8.23 (1.31 periods), wall: 4.598 minutes, Δt:   1.62, CFL: 9.00e-01
i:  35500, t:   82422.6 s, ωt:   8.24 (1.31 periods), wall: 4.610 minutes, Δt:   1.54, CFL: 9.00e-01
i:  35600, t:   82594.2 s, ωt:   8.26 (1.31 periods), wall: 4.620 minutes, Δt:   1.41, CFL: 9.00e-01
i:  35700, t:   82767.0 s, ωt:   8.28 (1.32 periods), wall: 4.631 minutes, Δt:   1.98, CFL: 9.00e-01
i:  35800, t:   82949.4 s, ωt:   8.29 (1.32 periods), wall: 4.643 minutes, Δt:   2.11, CFL: 9.00e-01
i:  35900, t:   83147.4 s, ωt:   8.31 (1.32 periods), wall: 4.653 minutes, Δt:   2.01, CFL: 9.00e-01
i:  36000, t:   83336.5 s, ωt:   8.33 (1.33 periods), wall: 4.670 minutes, Δt:   1.88, CFL: 9.00e-01
i:  36100, t:   83514.9 s, ωt:   8.35 (1.33 periods), wall: 4.680 minutes, Δt:   2.07, CFL: 9.00e-01
i:  36200, t:   83704.3 s, ωt:   8.37 (1.33 periods), wall: 4.692 minutes, Δt:   1.70, CFL: 9.00e-01
i:  36300, t:   83880.5 s, ωt:   8.39 (1.33 periods), wall: 4.702 minutes, Δt:   1.76, CFL: 9.00e-01
i:  36400, t:   84057.0 s, ωt:   8.41 (1.34 periods), wall: 4.713 minutes, Δt:   1.68, CFL: 9.00e-01
i:  36500, t:   84240.5 s, ωt:   8.42 (1.34 periods), wall: 4.724 minutes, Δt:   1.99, CFL: 9.00e-01
i:  36600, t:   84433.5 s, ωt:   8.44 (1.34 periods), wall: 4.734 minutes, Δt:   1.83, CFL: 9.00e-01
i:  36700, t:   84625.9 s, ωt:   8.46 (1.35 periods), wall: 4.746 minutes, Δt:   2.15, CFL: 9.00e-01
i:  36800, t:   84828.5 s, ωt:   8.48 (1.35 periods), wall: 4.777 minutes, Δt:   1.85, CFL: 9.00e-01
i:  36900, t:   85019.0 s, ωt:   8.50 (1.35 periods), wall: 4.787 minutes, Δt:   2.00, CFL: 9.00e-01
i:  37000, t:   85192.6 s, ωt:   8.52 (1.36 periods), wall: 4.798 minutes, Δt:   1.82, CFL: 9.00e-01
i:  37100, t:   85379.4 s, ωt:   8.54 (1.36 periods), wall: 4.808 minutes, Δt:   1.58, CFL: 9.00e-01
i:  37200, t:   85567.2 s, ωt:   8.56 (1.36 periods), wall: 4.821 minutes, Δt:   2.01, CFL: 9.00e-01
i:  37300, t:   85785.8 s, ωt:   8.58 (1.37 periods), wall: 4.833 minutes, Δt:   2.26, CFL: 9.00e-01
i:  37400, t:   85996.1 s, ωt:   8.60 (1.37 periods), wall: 4.843 minutes, Δt:   2.38, CFL: 9.00e-01
i:  37500, t:   86224.4 s, ωt:   8.62 (1.37 periods), wall: 4.860 minutes, Δt:   2.26, CFL: 9.00e-01
i:  37600, t:   86425.4 s, ωt:   8.64 (1.38 periods), wall: 4.872 minutes, Δt:   2.18, CFL: 9.00e-01
i:  37700, t:   86644.2 s, ωt:   8.66 (1.38 periods), wall: 4.882 minutes, Δt:   2.20, CFL: 9.00e-01
i:  37800, t:   86893.9 s, ωt:   8.69 (1.38 periods), wall: 4.893 minutes, Δt:   2.57, CFL: 9.00e-01
i:  37900, t:   87115.7 s, ωt:   8.71 (1.39 periods), wall: 4.905 minutes, Δt:   2.08, CFL: 9.00e-01
i:  38000, t:   87331.1 s, ωt:   8.73 (1.39 periods), wall: 4.915 minutes, Δt:   2.49, CFL: 9.00e-01
i:  38100, t:   87597.1 s, ωt:   8.76 (1.39 periods), wall: 4.926 minutes, Δt:   2.67, CFL: 9.00e-01
i:  38200, t:   87855.8 s, ωt:   8.79 (1.40 periods), wall: 4.938 minutes, Δt:   2.80, CFL: 9.00e-01
i:  38300, t:   88127.6 s, ωt:   8.81 (1.40 periods), wall: 4.949 minutes, Δt:   2.59, CFL: 9.00e-01
i:  38400, t:   88398.5 s, ωt:   8.84 (1.41 periods), wall: 4.960 minutes, Δt:   2.36, CFL: 9.00e-01
i:  38500, t:   88681.4 s, ωt:   8.87 (1.41 periods), wall: 4.972 minutes, Δt:   2.72, CFL: 9.00e-01
i:  38600, t:   88944.8 s, ωt:   8.89 (1.42 periods), wall: 4.983 minutes, Δt:   2.73, CFL: 9.00e-01
i:  38700, t:   89235.4 s, ωt:   8.92 (1.42 periods), wall: 4.994 minutes, Δt:   2.61, CFL: 9.00e-01
i:  38800, t:   89526.0 s, ωt:   8.95 (1.42 periods), wall: 5.004 minutes, Δt:   3.26, CFL: 9.00e-01
i:  38900, t:   89834.8 s, ωt:   8.98 (1.43 periods), wall: 5.015 minutes, Δt:   3.04, CFL: 9.00e-01
i:  39000, t:   90177.7 s, ωt:   9.02 (1.44 periods), wall: 5.027 minutes, Δt:   3.64, CFL: 9.00e-01
i:  39100, t:   90507.4 s, ωt:   9.05 (1.44 periods), wall: 5.038 minutes, Δt:   3.68, CFL: 9.00e-01
i:  39200, t:   90904.4 s, ωt:   9.09 (1.45 periods), wall: 5.049 minutes, Δt:   3.84, CFL: 9.00e-01
i:  39300, t:   91300.6 s, ωt:   9.13 (1.45 periods), wall: 5.061 minutes, Δt:   2.79, CFL: 9.00e-01
i:  39400, t:   91665.8 s, ωt:   9.17 (1.46 periods), wall: 5.072 minutes, Δt:   4.35, CFL: 9.00e-01
i:  39500, t:   92086.8 s, ωt:   9.21 (1.47 periods), wall: 5.084 minutes, Δt:   3.98, CFL: 9.00e-01
i:  39600, t:   92481.1 s, ωt:   9.25 (1.47 periods), wall: 5.095 minutes, Δt:   4.39, CFL: 8.71e-01
i:  39700, t:   92989.7 s, ωt:   9.30 (1.48 periods), wall: 5.107 minutes, Δt:   5.58, CFL: 9.00e-01
i:  39800, t:   93593.7 s, ωt:   9.36 (1.49 periods), wall: 5.119 minutes, Δt:   5.12, CFL: 9.00e-01
i:  39900, t:   94206.9 s, ωt:   9.42 (1.50 periods), wall: 5.132 minutes, Δt:   5.43, CFL: 9.00e-01
i:  40000, t:   94762.2 s, ωt:   9.48 (1.51 periods), wall: 5.164 minutes, Δt:   5.47, CFL: 9.00e-01
i:  40100, t:   95325.9 s, ωt:   9.53 (1.52 periods), wall: 5.177 minutes, Δt:   6.47, CFL: 9.00e-01
i:  40200, t:   95939.1 s, ωt:   9.59 (1.53 periods), wall: 5.189 minutes, Δt:   5.79, CFL: 9.00e-01
i:  40300, t:   96470.2 s, ωt:   9.65 (1.54 periods), wall: 5.202 minutes, Δt:   5.72, CFL: 9.00e-01
i:  40400, t:   96977.5 s, ωt:   9.70 (1.54 periods), wall: 5.213 minutes, Δt:   5.12, CFL: 9.00e-01
i:  40500, t:   97455.4 s, ωt:   9.75 (1.55 periods), wall: 5.225 minutes, Δt:   4.24, CFL: 9.00e-01
i:  40600, t:   97876.4 s, ωt:   9.79 (1.56 periods), wall: 5.236 minutes, Δt:   4.23, CFL: 9.00e-01
i:  40700, t:   98278.9 s, ωt:   9.83 (1.56 periods), wall: 5.248 minutes, Δt:   3.48, CFL: 9.00e-01
i:  40800, t:   98662.5 s, ωt:   9.87 (1.57 periods), wall: 5.261 minutes, Δt:   3.83, CFL: 9.00e-01
i:  40900, t:   99010.9 s, ωt:   9.90 (1.58 periods), wall: 5.272 minutes, Δt:   3.39, CFL: 9.00e-01
i:  41000, t:   99339.6 s, ωt:   9.93 (1.58 periods), wall: 5.283 minutes, Δt:   3.33, CFL: 9.00e-01
i:  41100, t:   99646.4 s, ωt:   9.96 (1.59 periods), wall: 5.294 minutes, Δt:   2.62, CFL: 9.00e-01
i:  41200, t:   99922.2 s, ωt:   9.99 (1.59 periods), wall: 5.306 minutes, Δt:   2.69, CFL: 9.00e-01
i:  41300, t:  100206.2 s, ωt:  10.02 (1.59 periods), wall: 5.316 minutes, Δt:   2.85, CFL: 9.00e-01
i:  41400, t:  100461.6 s, ωt:  10.05 (1.60 periods), wall: 5.327 minutes, Δt:   2.52, CFL: 9.00e-01
i:  41500, t:  100725.0 s, ωt:  10.07 (1.60 periods), wall: 5.339 minutes, Δt:   2.75, CFL: 9.00e-01
i:  41600, t:  100980.2 s, ωt:  10.10 (1.61 periods), wall: 5.350 minutes, Δt:   2.29, CFL: 9.00e-01
i:  41700, t:  101230.0 s, ωt:  10.12 (1.61 periods), wall: 5.362 minutes, Δt:   2.74, CFL: 9.00e-01
i:  41800, t:  101473.4 s, ωt:  10.15 (1.61 periods), wall: 5.372 minutes, Δt:   2.34, CFL: 9.00e-01
i:  41900, t:  101686.7 s, ωt:  10.17 (1.62 periods), wall: 5.383 minutes, Δt:   2.68, CFL: 8.49e-01
i:  42000, t:  101927.3 s, ωt:  10.19 (1.62 periods), wall: 5.394 minutes, Δt:   2.39, CFL: 9.00e-01
i:  42100, t:  102170.7 s, ωt:  10.22 (1.63 periods), wall: 5.405 minutes, Δt:   2.28, CFL: 9.00e-01
i:  42200, t:  102381.5 s, ωt:  10.24 (1.63 periods), wall: 5.415 minutes, Δt:   2.31, CFL: 9.00e-01
i:  42300, t:  102597.5 s, ωt:  10.26 (1.63 periods), wall: 5.427 minutes, Δt:   2.42, CFL: 9.00e-01
i:  42400, t:  102817.7 s, ωt:  10.28 (1.64 periods), wall: 5.438 minutes, Δt:   2.10, CFL: 9.00e-01
i:  42500, t:  103027.1 s, ωt:  10.30 (1.64 periods), wall: 5.448 minutes, Δt:   2.19, CFL: 9.00e-01
i:  42600, t:  103232.2 s, ωt:  10.32 (1.64 periods), wall: 5.459 minutes, Δt:   1.83, CFL: 9.00e-01
i:  42700, t:  103439.8 s, ωt:  10.34 (1.65 periods), wall: 5.475 minutes, Δt:   1.97, CFL: 9.00e-01
i:  42800, t:  103628.0 s, ωt:  10.36 (1.65 periods), wall: 5.485 minutes, Δt:   1.96, CFL: 9.00e-01
i:  42900, t:  103823.8 s, ωt:  10.38 (1.65 periods), wall: 5.496 minutes, Δt:   2.13, CFL: 9.00e-01
i:  43000, t:  104012.8 s, ωt:  10.40 (1.66 periods), wall: 5.508 minutes, Δt:   1.94, CFL: 9.00e-01
i:  43100, t:  104212.8 s, ωt:  10.42 (1.66 periods), wall: 5.518 minutes, Δt:   2.09, CFL: 9.00e-01
i:  43200, t:  104401.4 s, ωt:  10.44 (1.66 periods), wall: 5.530 minutes, Δt:   1.84, CFL: 9.00e-01
i:  43300, t:  104597.0 s, ωt:  10.46 (1.66 periods), wall: 5.540 minutes, Δt:   2.03, CFL: 9.00e-01
i:  43400, t:  104792.3 s, ωt:  10.48 (1.67 periods), wall: 5.552 minutes, Δt:   1.87, CFL: 9.00e-01
i:  43500, t:  104975.9 s, ωt:  10.50 (1.67 periods), wall: 5.563 minutes, Δt:   1.93, CFL: 9.00e-01
i:  43600, t:  105165.9 s, ωt:  10.52 (1.67 periods), wall: 5.573 minutes, Δt:   1.81, CFL: 9.00e-01
i:  43700, t:  105343.4 s, ωt:  10.53 (1.68 periods), wall: 5.584 minutes, Δt:   1.91, CFL: 9.00e-01
i:  43800, t:  105527.7 s, ωt:  10.55 (1.68 periods), wall: 5.594 minutes, Δt:   1.52, CFL: 9.00e-01
i:  43900, t:  105699.4 s, ωt:  10.57 (1.68 periods), wall: 5.613 minutes, Δt:   1.83, CFL: 9.00e-01
i:  44000, t:  105885.9 s, ωt:  10.59 (1.69 periods), wall: 5.624 minutes, Δt:   1.95, CFL: 9.00e-01
i:  44100, t:  106070.8 s, ωt:  10.61 (1.69 periods), wall: 5.634 minutes, Δt:   1.94, CFL: 9.00e-01
i:  44200, t:  106255.5 s, ωt:  10.63 (1.69 periods), wall: 5.646 minutes, Δt:   1.77, CFL: 9.00e-01
i:  44300, t:  106429.2 s, ωt:  10.64 (1.69 periods), wall: 5.656 minutes, Δt:   1.75, CFL: 9.00e-01
i:  44400, t:  106607.0 s, ωt:  10.66 (1.70 periods), wall: 5.669 minutes, Δt:   1.83, CFL: 9.00e-01
i:  44500, t:  106789.1 s, ωt:  10.68 (1.70 periods), wall: 5.680 minutes, Δt:   1.54, CFL: 9.00e-01
i:  44600, t:  106968.6 s, ωt:  10.70 (1.70 periods), wall: 5.691 minutes, Δt:   1.64, CFL: 9.00e-01
i:  44700, t:  107151.4 s, ωt:  10.72 (1.71 periods), wall: 5.704 minutes, Δt:   1.69, CFL: 9.00e-01
i:  44800, t:  107326.0 s, ωt:  10.73 (1.71 periods), wall: 5.714 minutes, Δt:   1.73, CFL: 9.00e-01
i:  44900, t:  107491.2 s, ωt:  10.75 (1.71 periods), wall: 5.726 minutes, Δt:   1.70, CFL: 9.00e-01
i:  45000, t:  107668.3 s, ωt:  10.77 (1.71 periods), wall: 5.736 minutes, Δt:   1.96, CFL: 9.00e-01
i:  45100, t:  107834.0 s, ωt:  10.78 (1.72 periods), wall: 5.747 minutes, Δt:   1.65, CFL: 9.00e-01
i:  45200, t:  107993.5 s, ωt:  10.80 (1.72 periods), wall: 5.757 minutes, Δt:   1.58, CFL: 9.00e-01
i:  45300, t:  108150.3 s, ωt:  10.82 (1.72 periods), wall: 5.769 minutes, Δt:   1.35, CFL: 9.00e-01
i:  45400, t:  108313.5 s, ωt:  10.83 (1.72 periods), wall: 5.779 minutes, Δt:   1.47, CFL: 9.00e-01
i:  45500, t:  108482.0 s, ωt:  10.85 (1.73 periods), wall: 5.795 minutes, Δt:   1.77, CFL: 9.00e-01
i:  45600, t:  108651.9 s, ωt:  10.87 (1.73 periods), wall: 5.805 minutes, Δt:   1.67, CFL: 9.00e-01
i:  45700, t:  108816.3 s, ωt:  10.88 (1.73 periods), wall: 5.817 minutes, Δt:   1.44, CFL: 9.00e-01
i:  45800, t:  108987.9 s, ωt:  10.90 (1.73 periods), wall: 5.827 minutes, Δt:   1.63, CFL: 9.00e-01
i:  45900, t:  109153.1 s, ωt:  10.92 (1.74 periods), wall: 5.838 minutes, Δt:   1.56, CFL: 9.00e-01
i:  46000, t:  109318.0 s, ωt:  10.93 (1.74 periods), wall: 5.848 minutes, Δt:   1.78, CFL: 9.00e-01
i:  46100, t:  109481.5 s, ωt:  10.95 (1.74 periods), wall: 5.860 minutes, Δt:   1.61, CFL: 9.00e-01
i:  46200, t:  109641.2 s, ωt:  10.96 (1.74 periods), wall: 5.870 minutes, Δt:   1.76, CFL: 9.00e-01
i:  46300, t:  109787.9 s, ωt:  10.98 (1.75 periods), wall: 5.881 minutes, Δt:   1.83, CFL: 9.00e-01
i:  46400, t:  109943.8 s, ωt:  10.99 (1.75 periods), wall: 5.891 minutes, Δt:   1.71, CFL: 9.00e-01
i:  46500, t:  110107.2 s, ωt:  11.01 (1.75 periods), wall: 5.903 minutes, Δt:   1.79, CFL: 9.00e-01
i:  46600, t:  110273.1 s, ωt:  11.03 (1.76 periods), wall: 5.916 minutes, Δt:   1.82, CFL: 9.00e-01
i:  46700, t:  110441.0 s, ωt:  11.04 (1.76 periods), wall: 5.926 minutes, Δt:   1.79, CFL: 9.00e-01
i:  46800, t:  110606.6 s, ωt:  11.06 (1.76 periods), wall: 5.938 minutes, Δt:   1.64, CFL: 9.00e-01
i:  46900, t:  110767.9 s, ωt:  11.08 (1.76 periods), wall: 5.948 minutes, Δt:   1.60, CFL: 9.00e-01
i:  47000, t:  110917.2 s, ωt:  11.09 (1.77 periods), wall: 5.960 minutes, Δt:   1.86, CFL: 9.00e-01
i:  47100, t:  111085.6 s, ωt:  11.11 (1.77 periods), wall: 5.970 minutes, Δt:   1.66, CFL: 9.00e-01
i:  47200, t:  111248.5 s, ωt:  11.12 (1.77 periods), wall: 5.983 minutes, Δt:   1.63, CFL: 9.00e-01
i:  47300, t:  111422.0 s, ωt:  11.14 (1.77 periods), wall: 5.993 minutes, Δt:   1.73, CFL: 9.00e-01
i:  47400, t:  111597.3 s, ωt:  11.16 (1.78 periods), wall: 6.006 minutes, Δt:   1.69, CFL: 9.00e-01
i:  47500, t:  111761.8 s, ωt:  11.18 (1.78 periods), wall: 6.016 minutes, Δt:   1.58, CFL: 9.00e-01
i:  47600, t:  111925.9 s, ωt:  11.19 (1.78 periods), wall: 6.027 minutes, Δt:   1.44, CFL: 9.00e-01
i:  47700, t:  112095.5 s, ωt:  11.21 (1.78 periods), wall: 6.038 minutes, Δt:   1.76, CFL: 9.00e-01
i:  47800, t:  112265.4 s, ωt:  11.23 (1.79 periods), wall: 6.061 minutes, Δt:   1.71, CFL: 9.00e-01
i:  47900, t:  112426.6 s, ωt:  11.24 (1.79 periods), wall: 6.071 minutes, Δt:   1.38, CFL: 9.00e-01
i:  48000, t:  112582.6 s, ωt:  11.26 (1.79 periods), wall: 6.084 minutes, Δt:   1.86, CFL: 9.00e-01
i:  48100, t:  112761.1 s, ωt:  11.28 (1.79 periods), wall: 6.094 minutes, Δt:   1.97, CFL: 9.00e-01
i:  48200, t:  112948.0 s, ωt:  11.29 (1.80 periods), wall: 6.105 minutes, Δt:   1.84, CFL: 9.00e-01
i:  48300, t:  113130.6 s, ωt:  11.31 (1.80 periods), wall: 6.117 minutes, Δt:   1.81, CFL: 9.00e-01
i:  48400, t:  113313.7 s, ωt:  11.33 (1.80 periods), wall: 6.127 minutes, Δt:   1.86, CFL: 9.00e-01
i:  48500, t:  113484.3 s, ωt:  11.35 (1.81 periods), wall: 6.139 minutes, Δt:   1.68, CFL: 9.00e-01
i:  48600, t:  113648.2 s, ωt:  11.36 (1.81 periods), wall: 6.149 minutes, Δt:   1.85, CFL: 9.00e-01
i:  48700, t:  113830.6 s, ωt:  11.38 (1.81 periods), wall: 6.160 minutes, Δt:   1.80, CFL: 9.00e-01
i:  48800, t:  114004.9 s, ωt:  11.40 (1.81 periods), wall: 6.170 minutes, Δt:   1.63, CFL: 9.00e-01
i:  48900, t:  114181.5 s, ωt:  11.42 (1.82 periods), wall: 6.182 minutes, Δt:   1.81, CFL: 9.00e-01
i:  49000, t:  114355.7 s, ωt:  11.44 (1.82 periods), wall: 6.193 minutes, Δt:   1.73, CFL: 9.00e-01
i:  49100, t:  114528.1 s, ωt:  11.45 (1.82 periods), wall: 6.204 minutes, Δt:   1.59, CFL: 9.00e-01
i:  49200, t:  114687.8 s, ωt:  11.47 (1.83 periods), wall: 6.215 minutes, Δt:   1.64, CFL: 9.00e-01
i:  49300, t:  114863.7 s, ωt:  11.49 (1.83 periods), wall: 6.225 minutes, Δt:   1.85, CFL: 9.00e-01
i:  49400, t:  115042.9 s, ωt:  11.50 (1.83 periods), wall: 6.236 minutes, Δt:   1.98, CFL: 9.00e-01
i:  49500, t:  115240.7 s, ωt:  11.52 (1.83 periods), wall: 6.246 minutes, Δt:   1.87, CFL: 9.00e-01
i:  49600, t:  115425.6 s, ωt:  11.54 (1.84 periods), wall: 6.261 minutes, Δt:   1.50, CFL: 9.00e-01
i:  49700, t:  115623.9 s, ωt:  11.56 (1.84 periods), wall: 6.273 minutes, Δt:   2.13, CFL: 9.00e-01
i:  49800, t:  115835.3 s, ωt:  11.58 (1.84 periods), wall: 6.283 minutes, Δt:   2.14, CFL: 9.00e-01
i:  49900, t:  116028.9 s, ωt:  11.60 (1.85 periods), wall: 6.295 minutes, Δt:   1.70, CFL: 9.00e-01
i:  50000, t:  116222.8 s, ωt:  11.62 (1.85 periods), wall: 6.305 minutes, Δt:   1.97, CFL: 9.00e-01
i:  50100, t:  116414.9 s, ωt:  11.64 (1.85 periods), wall: 6.318 minutes, Δt:   1.85, CFL: 9.00e-01
i:  50200, t:  116600.7 s, ωt:  11.66 (1.86 periods), wall: 6.330 minutes, Δt:   1.80, CFL: 9.00e-01
i:  50300, t:  116802.5 s, ωt:  11.68 (1.86 periods), wall: 6.340 minutes, Δt:   2.16, CFL: 9.00e-01
i:  50400, t:  117003.5 s, ωt:  11.70 (1.86 periods), wall: 6.352 minutes, Δt:   1.87, CFL: 9.00e-01
i:  50500, t:  117197.9 s, ωt:  11.72 (1.87 periods), wall: 6.364 minutes, Δt:   1.92, CFL: 9.00e-01
i:  50600, t:  117408.1 s, ωt:  11.74 (1.87 periods), wall: 6.374 minutes, Δt:   2.37, CFL: 9.00e-01
i:  50700, t:  117614.7 s, ωt:  11.76 (1.87 periods), wall: 6.385 minutes, Δt:   2.05, CFL: 9.00e-01
i:  50800, t:  117842.2 s, ωt:  11.78 (1.88 periods), wall: 6.397 minutes, Δt:   2.33, CFL: 9.00e-01
i:  50900, t:  118059.2 s, ωt:  11.81 (1.88 periods), wall: 6.407 minutes, Δt:   2.30, CFL: 9.00e-01
i:  51000, t:  118292.6 s, ωt:  11.83 (1.88 periods), wall: 6.418 minutes, Δt:   2.31, CFL: 9.00e-01
i:  51100, t:  118513.3 s, ωt:  11.85 (1.89 periods), wall: 6.430 minutes, Δt:   2.14, CFL: 9.00e-01
i:  51200, t:  118737.3 s, ωt:  11.87 (1.89 periods), wall: 6.440 minutes, Δt:   2.02, CFL: 9.00e-01
i:  51300, t:  118961.3 s, ωt:  11.90 (1.89 periods), wall: 6.451 minutes, Δt:   2.58, CFL: 9.00e-01
i:  51400, t:  119225.8 s, ωt:  11.92 (1.90 periods), wall: 6.462 minutes, Δt:   2.45, CFL: 9.00e-01
i:  51500, t:  119467.9 s, ωt:  11.95 (1.90 periods), wall: 6.473 minutes, Δt:   2.46, CFL: 9.00e-01
i:  51600, t:  119715.5 s, ωt:  11.97 (1.91 periods), wall: 6.485 minutes, Δt:   2.42, CFL: 9.00e-01
i:  51700, t:  119955.5 s, ωt:  12.00 (1.91 periods), wall: 6.495 minutes, Δt:   2.19, CFL: 9.00e-01
i:  51800, t:  120238.3 s, ωt:  12.02 (1.91 periods), wall: 6.508 minutes, Δt:   2.86, CFL: 9.00e-01
i:  51900, t:  120511.6 s, ωt:  12.05 (1.92 periods), wall: 6.519 minutes, Δt:   2.72, CFL: 9.00e-01
i:  52000, t:  120803.1 s, ωt:  12.08 (1.92 periods), wall: 6.530 minutes, Δt:   2.74, CFL: 9.00e-01
i:  52100, t:  121092.0 s, ωt:  12.11 (1.93 periods), wall: 6.542 minutes, Δt:   2.82, CFL: 9.00e-01
i:  52200, t:  121386.6 s, ωt:  12.14 (1.93 periods), wall: 6.553 minutes, Δt:   2.69, CFL: 9.00e-01
i:  52300, t:  121621.2 s, ωt:  12.16 (1.94 periods), wall: 6.564 minutes, Δt:   3.16, CFL: 9.00e-01
i:  52400, t:  121963.8 s, ωt:  12.20 (1.94 periods), wall: 6.575 minutes, Δt:   3.12, CFL: 9.00e-01
i:  52500, t:  122306.6 s, ωt:  12.23 (1.95 periods), wall: 6.587 minutes, Δt:   3.12, CFL: 9.00e-01
i:  52600, t:  122650.8 s, ωt:  12.27 (1.95 periods), wall: 6.602 minutes, Δt:   3.69, CFL: 9.00e-01
i:  52700, t:  123063.3 s, ωt:  12.31 (1.96 periods), wall: 6.614 minutes, Δt:   4.73, CFL: 9.00e-01
i:  52800, t:  123481.5 s, ωt:  12.35 (1.97 periods), wall: 6.626 minutes, Δt:   4.49, CFL: 9.00e-01
i:  52900, t:  123910.6 s, ωt:  12.39 (1.97 periods), wall: 6.637 minutes, Δt:   5.05, CFL: 9.00e-01
i:  53000, t:  124450.7 s, ωt:  12.45 (1.98 periods), wall: 6.649 minutes, Δt:   5.20, CFL: 9.00e-01
i:  53100, t:  125072.8 s, ωt:  12.51 (1.99 periods), wall: 6.661 minutes, Δt:   6.77, CFL: 9.00e-01
i:  53200, t:  125724.0 s, ωt:  12.57 (2.00 periods), wall: 6.696 minutes, Δt:   6.50, CFL: 9.00e-01
i:  53300, t:  126345.8 s, ωt:  12.63 (2.01 periods), wall: 6.710 minutes, Δt:   6.64, CFL: 9.00e-01
i:  53400, t:  127010.6 s, ωt:  12.70 (2.02 periods), wall: 6.722 minutes, Δt:   6.61, CFL: 9.00e-01
i:  53500, t:  127661.4 s, ωt:  12.77 (2.03 periods), wall: 6.736 minutes, Δt:   6.67, CFL: 9.00e-01
i:  53600, t:  128280.4 s, ωt:  12.83 (2.04 periods), wall: 6.752 minutes, Δt:   5.59, CFL: 9.00e-01
i:  53700, t:  128849.2 s, ωt:  12.88 (2.05 periods), wall: 6.765 minutes, Δt:   5.11, CFL: 9.00e-01
i:  53800, t:  129328.5 s, ωt:  12.93 (2.06 periods), wall: 6.776 minutes, Δt:   4.24, CFL: 9.00e-01
i:  53900, t:  129771.7 s, ωt:  12.98 (2.07 periods), wall: 6.791 minutes, Δt:   4.56, CFL: 9.00e-01
i:  54000, t:  130167.8 s, ωt:  13.02 (2.07 periods), wall: 6.802 minutes, Δt:   3.49, CFL: 9.00e-01
i:  54100, t:  130518.0 s, ωt:  13.05 (2.08 periods), wall: 6.816 minutes, Δt:   3.21, CFL: 9.00e-01
i:  54200, t:  130828.1 s, ωt:  13.08 (2.08 periods), wall: 6.833 minutes, Δt:   2.90, CFL: 9.00e-01
i:  54300, t:  131104.7 s, ωt:  13.11 (2.09 periods), wall: 6.844 minutes, Δt:   3.08, CFL: 9.00e-01
i:  54400, t:  131389.2 s, ωt:  13.14 (2.09 periods), wall: 6.855 minutes, Δt:   2.66, CFL: 9.00e-01
i:  54500, t:  131680.7 s, ωt:  13.17 (2.10 periods), wall: 6.868 minutes, Δt:   2.77, CFL: 9.00e-01
i:  54600, t:  131955.4 s, ωt:  13.20 (2.10 periods), wall: 6.881 minutes, Δt:   2.41, CFL: 9.00e-01
i:  54700, t:  132202.7 s, ωt:  13.22 (2.10 periods), wall: 6.891 minutes, Δt:   2.83, CFL: 9.00e-01
i:  54800, t:  132467.7 s, ωt:  13.25 (2.11 periods), wall: 6.903 minutes, Δt:   2.31, CFL: 9.00e-01
i:  54900, t:  132700.8 s, ωt:  13.27 (2.11 periods), wall: 6.916 minutes, Δt:   2.33, CFL: 9.00e-01
i:  55000, t:  132937.9 s, ωt:  13.29 (2.12 periods), wall: 6.928 minutes, Δt:   2.70, CFL: 9.00e-01
i:  55100, t:  133155.0 s, ωt:  13.32 (2.12 periods), wall: 6.938 minutes, Δt:   2.25, CFL: 9.00e-01
i:  55200, t:  133385.8 s, ωt:  13.34 (2.12 periods), wall: 6.949 minutes, Δt:   1.99, CFL: 9.00e-01
i:  55300, t:  133598.6 s, ωt:  13.36 (2.13 periods), wall: 6.961 minutes, Δt:   2.06, CFL: 9.00e-01
i:  55400, t:  133807.5 s, ωt:  13.38 (2.13 periods), wall: 6.971 minutes, Δt:   2.31, CFL: 9.00e-01
i:  55500, t:  134043.1 s, ωt:  13.40 (2.13 periods), wall: 6.982 minutes, Δt:   2.16, CFL: 9.00e-01
i:  55600, t:  134226.2 s, ωt:  13.42 (2.14 periods), wall: 6.994 minutes, Δt:   2.24, CFL: 8.98e-01
i:  55700, t:  134447.1 s, ωt:  13.44 (2.14 periods), wall: 7.004 minutes, Δt:   2.08, CFL: 9.00e-01
i:  55800, t:  134664.4 s, ωt:  13.47 (2.14 periods), wall: 7.015 minutes, Δt:   2.02, CFL: 9.00e-01
i:  55900, t:  134864.0 s, ωt:  13.49 (2.15 periods), wall: 7.027 minutes, Δt:   2.01, CFL: 9.00e-01
i:  56000, t:  135063.1 s, ωt:  13.51 (2.15 periods), wall: 7.037 minutes, Δt:   2.06, CFL: 9.00e-01
i:  56100, t:  135262.2 s, ωt:  13.53 (2.15 periods), wall: 7.048 minutes, Δt:   1.99, CFL: 9.00e-01
i:  56200, t:  135454.5 s, ωt:  13.55 (2.16 periods), wall: 7.059 minutes, Δt:   2.02, CFL: 9.00e-01
i:  56300, t:  135641.0 s, ωt:  13.56 (2.16 periods), wall: 7.069 minutes, Δt:   1.93, CFL: 9.00e-01
i:  56400, t:  135827.7 s, ωt:  13.58 (2.16 periods), wall: 7.081 minutes, Δt:   2.28, CFL: 9.00e-01
i:  56500, t:  136017.7 s, ωt:  13.60 (2.16 periods), wall: 7.091 minutes, Δt:   2.07, CFL: 9.00e-01
i:  56600, t:  136220.3 s, ωt:  13.62 (2.17 periods), wall: 7.103 minutes, Δt:   1.82, CFL: 9.00e-01
i:  56700, t:  136387.7 s, ωt:  13.64 (2.17 periods), wall: 7.117 minutes, Δt:   2.03, CFL: 9.00e-01
i:  56800, t:  136577.5 s, ωt:  13.66 (2.17 periods), wall: 7.127 minutes, Δt:   1.89, CFL: 9.00e-01
i:  56900, t:  136740.7 s, ωt:  13.67 (2.18 periods), wall: 7.138 minutes, Δt:   1.58, CFL: 9.00e-01
i:  57000, t:  136917.3 s, ωt:  13.69 (2.18 periods), wall: 7.149 minutes, Δt:   1.92, CFL: 9.00e-01
i:  57100, t:  137088.5 s, ωt:  13.71 (2.18 periods), wall: 7.160 minutes, Δt:   1.77, CFL: 9.00e-01
i:  57200, t:  137273.6 s, ωt:  13.73 (2.18 periods), wall: 7.170 minutes, Δt:   1.48, CFL: 9.00e-01
i:  57300, t:  137448.4 s, ωt:  13.74 (2.19 periods), wall: 7.182 minutes, Δt:   1.83, CFL: 9.00e-01
i:  57400, t:  137626.3 s, ωt:  13.76 (2.19 periods), wall: 7.193 minutes, Δt:   1.76, CFL: 9.00e-01
i:  57500, t:  137812.3 s, ωt:  13.78 (2.19 periods), wall: 7.204 minutes, Δt:   1.78, CFL: 9.00e-01
i:  57600, t:  137975.1 s, ωt:  13.80 (2.20 periods), wall: 7.216 minutes, Δt:   1.77, CFL: 9.00e-01
i:  57700, t:  138147.9 s, ωt:  13.81 (2.20 periods), wall: 7.226 minutes, Δt:   1.65, CFL: 9.00e-01
i:  57800, t:  138320.4 s, ωt:  13.83 (2.20 periods), wall: 7.237 minutes, Δt:   1.63, CFL: 9.00e-01
i:  57900, t:  138490.0 s, ωt:  13.85 (2.20 periods), wall: 7.247 minutes, Δt:   1.65, CFL: 9.00e-01
i:  58000, t:  138665.3 s, ωt:  13.87 (2.21 periods), wall: 7.259 minutes, Δt:   1.78, CFL: 9.00e-01
i:  58100, t:  138834.7 s, ωt:  13.88 (2.21 periods), wall: 7.269 minutes, Δt:   1.75, CFL: 9.00e-01
i:  58200, t:  139003.8 s, ωt:  13.90 (2.21 periods), wall: 7.280 minutes, Δt:   1.59, CFL: 9.00e-01
i:  58300, t:  139177.2 s, ωt:  13.92 (2.22 periods), wall: 7.292 minutes, Δt:   1.61, CFL: 9.00e-01
i:  58400, t:  139343.3 s, ωt:  13.93 (2.22 periods), wall: 7.302 minutes, Δt:   1.74, CFL: 9.00e-01
i:  58500, t:  139512.2 s, ωt:  13.95 (2.22 periods), wall: 7.313 minutes, Δt:   1.88, CFL: 9.00e-01
i:  58600, t:  139689.6 s, ωt:  13.97 (2.22 periods), wall: 7.323 minutes, Δt:   1.56, CFL: 9.00e-01
i:  58700, t:  139854.9 s, ωt:  13.99 (2.23 periods), wall: 7.335 minutes, Δt:   1.82, CFL: 9.00e-01
i:  58800, t:  140029.1 s, ωt:  14.00 (2.23 periods), wall: 7.345 minutes, Δt:   1.82, CFL: 9.00e-01
i:  58900, t:  140197.9 s, ωt:  14.02 (2.23 periods), wall: 7.357 minutes, Δt:   1.74, CFL: 9.00e-01
i:  59000, t:  140363.0 s, ωt:  14.04 (2.23 periods), wall: 7.367 minutes, Δt:   1.33, CFL: 9.00e-01
i:  59100, t:  140503.9 s, ωt:  14.05 (2.24 periods), wall: 7.384 minutes, Δt:   1.49, CFL: 9.00e-01
i:  59200, t:  140661.4 s, ωt:  14.07 (2.24 periods), wall: 7.394 minutes, Δt:   1.77, CFL: 9.00e-01
i:  59300, t:  140832.3 s, ωt:  14.08 (2.24 periods), wall: 7.407 minutes, Δt:   1.64, CFL: 9.00e-01
i:  59400, t:  141006.7 s, ωt:  14.10 (2.24 periods), wall: 7.417 minutes, Δt:   1.77, CFL: 9.00e-01
i:  59500, t:  141168.9 s, ωt:  14.12 (2.25 periods), wall: 7.428 minutes, Δt:   1.74, CFL: 9.00e-01
i:  59600, t:  141341.3 s, ωt:  14.13 (2.25 periods), wall: 7.438 minutes, Δt:   1.71, CFL: 9.00e-01
i:  59700, t:  141510.4 s, ωt:  14.15 (2.25 periods), wall: 7.449 minutes, Δt:   1.78, CFL: 9.00e-01
i:  59800, t:  141689.2 s, ωt:  14.17 (2.26 periods), wall: 7.461 minutes, Δt:   1.72, CFL: 9.00e-01
i:  59900, t:  141857.4 s, ωt:  14.19 (2.26 periods), wall: 7.471 minutes, Δt:   1.80, CFL: 9.00e-01
i:  60000, t:  142028.9 s, ωt:  14.20 (2.26 periods), wall: 7.485 minutes, Δt:   1.80, CFL: 9.00e-01
i:  60100, t:  142205.0 s, ωt:  14.22 (2.26 periods), wall: 7.495 minutes, Δt:   1.51, CFL: 9.00e-01
i:  60200, t:  142372.8 s, ωt:  14.24 (2.27 periods), wall: 7.506 minutes, Δt:   1.78, CFL: 9.00e-01
i:  60300, t:  142538.0 s, ωt:  14.25 (2.27 periods), wall: 7.516 minutes, Δt:   1.63, CFL: 9.00e-01
i:  60400, t:  142681.8 s, ωt:  14.27 (2.27 periods), wall: 7.528 minutes, Δt:   1.55, CFL: 9.00e-01
i:  60500, t:  142851.7 s, ωt:  14.29 (2.27 periods), wall: 7.538 minutes, Δt:   1.65, CFL: 9.00e-01
i:  60600, t:  143006.7 s, ωt:  14.30 (2.28 periods), wall: 7.551 minutes, Δt:   1.62, CFL: 9.00e-01
i:  60700, t:  143178.2 s, ωt:  14.32 (2.28 periods), wall: 7.562 minutes, Δt:   1.93, CFL: 9.00e-01
i:  60800, t:  143360.6 s, ωt:  14.34 (2.28 periods), wall: 7.573 minutes, Δt:   1.70, CFL: 9.00e-01
i:  60900, t:  143528.9 s, ωt:  14.35 (2.28 periods), wall: 7.583 minutes, Δt:   1.73, CFL: 9.00e-01
i:  61000, t:  143705.1 s, ωt:  14.37 (2.29 periods), wall: 7.595 minutes, Δt:   1.91, CFL: 9.00e-01
i:  61100, t:  143865.5 s, ωt:  14.39 (2.29 periods), wall: 7.605 minutes, Δt:   1.38, CFL: 9.00e-01
i:  61200, t:  144022.8 s, ωt:  14.40 (2.29 periods), wall: 7.616 minutes, Δt:   1.76, CFL: 9.00e-01
i:  61300, t:  144212.2 s, ωt:  14.42 (2.30 periods), wall: 7.628 minutes, Δt:   1.68, CFL: 9.00e-01
i:  61400, t:  144378.8 s, ωt:  14.44 (2.30 periods), wall: 7.638 minutes, Δt:   1.65, CFL: 9.00e-01
i:  61500, t:  144550.9 s, ωt:  14.46 (2.30 periods), wall: 7.649 minutes, Δt:   1.21, CFL: 9.00e-01
i:  61600, t:  144710.6 s, ωt:  14.47 (2.30 periods), wall: 7.660 minutes, Δt:   1.89, CFL: 9.00e-01
i:  61700, t:  144894.9 s, ωt:  14.49 (2.31 periods), wall: 7.673 minutes, Δt:   1.84, CFL: 9.00e-01
i:  61800, t:  145047.6 s, ωt:  14.50 (2.31 periods), wall: 7.683 minutes, Δt:   1.66, CFL: 9.00e-01
i:  61900, t:  145217.1 s, ωt:  14.52 (2.31 periods), wall: 7.694 minutes, Δt:   1.81, CFL: 9.00e-01
i:  62000, t:  145411.7 s, ωt:  14.54 (2.31 periods), wall: 7.704 minutes, Δt:   1.94, CFL: 9.00e-01
i:  62100, t:  145579.8 s, ωt:  14.56 (2.32 periods), wall: 7.716 minutes, Δt:   1.85, CFL: 9.00e-01
i:  62200, t:  145758.1 s, ωt:  14.58 (2.32 periods), wall: 7.726 minutes, Δt:   1.51, CFL: 9.00e-01
i:  62300, t:  145919.5 s, ωt:  14.59 (2.32 periods), wall: 7.740 minutes, Δt:   1.76, CFL: 9.00e-01
i:  62400, t:  146091.1 s, ωt:  14.61 (2.33 periods), wall: 7.752 minutes, Δt:   1.76, CFL: 9.00e-01
i:  62500, t:  146283.4 s, ωt:  14.63 (2.33 periods), wall: 7.762 minutes, Δt:   1.97, CFL: 9.00e-01
i:  62600, t:  146477.4 s, ωt:  14.65 (2.33 periods), wall: 7.773 minutes, Δt:   2.11, CFL: 9.00e-01
i:  62700, t:  146682.1 s, ωt:  14.67 (2.33 periods), wall: 7.783 minutes, Δt:   1.88, CFL: 9.00e-01
i:  62800, t:  146864.8 s, ωt:  14.69 (2.34 periods), wall: 7.795 minutes, Δt:   1.91, CFL: 9.00e-01
i:  62900, t:  147069.4 s, ωt:  14.71 (2.34 periods), wall: 7.806 minutes, Δt:   1.96, CFL: 9.00e-01
i:  63000, t:  147267.5 s, ωt:  14.73 (2.34 periods), wall: 7.816 minutes, Δt:   1.75, CFL: 9.00e-01
i:  63100, t:  147436.7 s, ωt:  14.74 (2.35 periods), wall: 7.830 minutes, Δt:   2.09, CFL: 9.00e-01
i:  63200, t:  147648.9 s, ωt:  14.76 (2.35 periods), wall: 7.840 minutes, Δt:   2.24, CFL: 9.00e-01
i:  63300, t:  147853.0 s, ωt:  14.79 (2.35 periods), wall: 7.851 minutes, Δt:   2.06, CFL: 9.00e-01
i:  63400, t:  148052.3 s, ωt:  14.81 (2.36 periods), wall: 7.865 minutes, Δt:   1.76, CFL: 9.00e-01
i:  63500, t:  148254.3 s, ωt:  14.83 (2.36 periods), wall: 7.875 minutes, Δt:   1.98, CFL: 9.00e-01
i:  63600, t:  148462.9 s, ωt:  14.85 (2.36 periods), wall: 7.886 minutes, Δt:   2.00, CFL: 9.00e-01
i:  63700, t:  148666.6 s, ωt:  14.87 (2.37 periods), wall: 7.897 minutes, Δt:   2.18, CFL: 9.00e-01
i:  63800, t:  148881.4 s, ωt:  14.89 (2.37 periods), wall: 7.908 minutes, Δt:   2.17, CFL: 9.00e-01
i:  63900, t:  149113.1 s, ωt:  14.91 (2.37 periods), wall: 7.919 minutes, Δt:   2.03, CFL: 9.00e-01
i:  64000, t:  149319.9 s, ωt:  14.93 (2.38 periods), wall: 7.931 minutes, Δt:   2.01, CFL: 9.00e-01
i:  64100, t:  149548.9 s, ωt:  14.95 (2.38 periods), wall: 7.942 minutes, Δt:   2.36, CFL: 9.00e-01
i:  64200, t:  149791.6 s, ωt:  14.98 (2.38 periods), wall: 7.952 minutes, Δt:   2.29, CFL: 9.00e-01
i:  64300, t:  150031.6 s, ωt:  15.00 (2.39 periods), wall: 7.963 minutes, Δt:   2.70, CFL: 9.00e-01
i:  64400, t:  150272.8 s, ωt:  15.03 (2.39 periods), wall: 7.975 minutes, Δt:   2.49, CFL: 9.00e-01
i:  64500, t:  150495.3 s, ωt:  15.05 (2.40 periods), wall: 7.986 minutes, Δt:   2.33, CFL: 9.00e-01
i:  64600, t:  150715.7 s, ωt:  15.07 (2.40 periods), wall: 7.996 minutes, Δt:   2.03, CFL: 9.00e-01
i:  64700, t:  150963.7 s, ωt:  15.10 (2.40 periods), wall: 8.008 minutes, Δt:   2.40, CFL: 9.00e-01
i:  64800, t:  151206.7 s, ωt:  15.12 (2.41 periods), wall: 8.020 minutes, Δt:   2.48, CFL: 9.00e-01
i:  64900, t:  151475.8 s, ωt:  15.15 (2.41 periods), wall: 8.031 minutes, Δt:   2.60, CFL: 9.00e-01
i:  65000, t:  151760.9 s, ωt:  15.18 (2.42 periods), wall: 8.042 minutes, Δt:   2.56, CFL: 9.00e-01
i:  65100, t:  152056.3 s, ωt:  15.21 (2.42 periods), wall: 8.053 minutes, Δt:   3.41, CFL: 9.00e-01
i:  65200, t:  152391.0 s, ωt:  15.24 (2.43 periods), wall: 8.069 minutes, Δt:   3.70, CFL: 9.00e-01
i:  65300, t:  152742.5 s, ωt:  15.27 (2.43 periods), wall: 8.080 minutes, Δt:   3.63, CFL: 9.00e-01
i:  65400, t:  153108.2 s, ωt:  15.31 (2.44 periods), wall: 8.091 minutes, Δt:   3.46, CFL: 9.00e-01
i:  65500, t:  153467.2 s, ωt:  15.35 (2.44 periods), wall: 8.103 minutes, Δt:   3.36, CFL: 9.00e-01
i:  65600, t:  153797.7 s, ωt:  15.38 (2.45 periods), wall: 8.114 minutes, Δt:   3.87, CFL: 9.00e-01
i:  65700, t:  154180.9 s, ωt:  15.42 (2.45 periods), wall: 8.126 minutes, Δt:   4.00, CFL: 9.00e-01
i:  65800, t:  154536.1 s, ωt:  15.45 (2.46 periods), wall: 8.137 minutes, Δt:   4.27, CFL: 9.00e-01
i:  65900, t:  154912.3 s, ωt:  15.49 (2.47 periods), wall: 8.155 minutes, Δt:   4.18, CFL: 9.00e-01
i:  66000, t:  155398.9 s, ωt:  15.54 (2.47 periods), wall: 8.167 minutes, Δt:   4.91, CFL: 9.00e-01
i:  66100, t:  155877.8 s, ωt:  15.59 (2.48 periods), wall: 8.179 minutes, Δt:   4.67, CFL: 9.00e-01
i:  66200, t:  156449.2 s, ωt:  15.64 (2.49 periods), wall: 8.191 minutes, Δt:   7.72, CFL: 9.00e-01
i:  66300, t:  157226.7 s, ωt:  15.72 (2.50 periods), wall: 8.224 minutes, Δt:   8.50, CFL: 9.00e-01
i:  66400, t:  157944.5 s, ωt:  15.79 (2.51 periods), wall: 8.236 minutes, Δt:   7.16, CFL: 9.00e-01
i:  66500, t:  158576.1 s, ωt:  15.86 (2.52 periods), wall: 8.253 minutes, Δt:   6.16, CFL: 9.00e-01
i:  66600, t:  159176.0 s, ωt:  15.92 (2.53 periods), wall: 8.265 minutes, Δt:   6.16, CFL: 9.00e-01
i:  66700, t:  159741.4 s, ωt:  15.97 (2.54 periods), wall: 8.278 minutes, Δt:   4.82, CFL: 9.00e-01
i:  66800, t:  160211.5 s, ωt:  16.02 (2.55 periods), wall: 8.289 minutes, Δt:   4.11, CFL: 9.00e-01
i:  66900, t:  160643.8 s, ωt:  16.06 (2.56 periods), wall: 8.301 minutes, Δt:   4.17, CFL: 9.00e-01
i:  67000, t:  161028.8 s, ωt:  16.10 (2.56 periods), wall: 8.312 minutes, Δt:   4.36, CFL: 9.00e-01
i:  67100, t:  161418.4 s, ωt:  16.14 (2.57 periods), wall: 8.325 minutes, Δt:   2.99, CFL: 9.00e-01
i:  67200, t:  161771.6 s, ωt:  16.18 (2.57 periods), wall: 8.337 minutes, Δt:   3.57, CFL: 9.00e-01
i:  67300, t:  162085.3 s, ωt:  16.21 (2.58 periods), wall: 8.348 minutes, Δt:   2.79, CFL: 9.00e-01
i:  67400, t:  162394.5 s, ωt:  16.24 (2.58 periods), wall: 8.359 minutes, Δt:   3.07, CFL: 9.00e-01
i:  67500, t:  162677.2 s, ωt:  16.27 (2.59 periods), wall: 8.370 minutes, Δt:   3.14, CFL: 9.00e-01
i:  67600, t:  162966.4 s, ωt:  16.30 (2.59 periods), wall: 8.381 minutes, Δt:   3.02, CFL: 9.00e-01
i:  67700, t:  163245.3 s, ωt:  16.32 (2.60 periods), wall: 8.393 minutes, Δt:   3.00, CFL: 9.00e-01
i:  67800, t:  163514.1 s, ωt:  16.35 (2.60 periods), wall: 8.404 minutes, Δt:   2.36, CFL: 9.00e-01
i:  67900, t:  163765.2 s, ωt:  16.38 (2.61 periods), wall: 8.415 minutes, Δt:   2.44, CFL: 9.00e-01
i:  68000, t:  164016.9 s, ωt:  16.40 (2.61 periods), wall: 8.427 minutes, Δt:   2.53, CFL: 9.00e-01
i:  68100, t:  164273.3 s, ωt:  16.43 (2.61 periods), wall: 8.437 minutes, Δt:   2.44, CFL: 9.00e-01
i:  68200, t:  164491.6 s, ωt:  16.45 (2.62 periods), wall: 8.452 minutes, Δt:   1.93, CFL: 9.00e-01
i:  68300, t:  164721.0 s, ωt:  16.47 (2.62 periods), wall: 8.473 minutes, Δt:   2.22, CFL: 9.00e-01
i:  68400, t:  164951.0 s, ωt:  16.50 (2.63 periods), wall: 8.484 minutes, Δt:   2.11, CFL: 9.00e-01
i:  68500, t:  165171.2 s, ωt:  16.52 (2.63 periods), wall: 8.494 minutes, Δt:   2.01, CFL: 9.00e-01
i:  68600, t:  165373.5 s, ωt:  16.54 (2.63 periods), wall: 8.505 minutes, Δt:   2.28, CFL: 9.00e-01
i:  68700, t:  165584.9 s, ωt:  16.56 (2.64 periods), wall: 8.516 minutes, Δt:   1.97, CFL: 9.00e-01
i:  68800, t:  165790.5 s, ωt:  16.58 (2.64 periods), wall: 8.526 minutes, Δt:   2.30, CFL: 9.00e-01
i:  68900, t:  165993.2 s, ωt:  16.60 (2.64 periods), wall: 8.538 minutes, Δt:   2.08, CFL: 9.00e-01
i:  69000, t:  166198.5 s, ωt:  16.62 (2.65 periods), wall: 8.549 minutes, Δt:   2.11, CFL: 9.00e-01
i:  69100, t:  166398.7 s, ωt:  16.64 (2.65 periods), wall: 8.559 minutes, Δt:   2.32, CFL: 9.00e-01
i:  69200, t:  166595.0 s, ωt:  16.66 (2.65 periods), wall: 8.573 minutes, Δt:   1.93, CFL: 9.00e-01
i:  69300, t:  166776.2 s, ωt:  16.68 (2.65 periods), wall: 8.583 minutes, Δt:   1.65, CFL: 9.00e-01
i:  69400, t:  166957.1 s, ωt:  16.70 (2.66 periods), wall: 8.594 minutes, Δt:   1.90, CFL: 9.00e-01
i:  69500, t:  167140.8 s, ωt:  16.71 (2.66 periods), wall: 8.606 minutes, Δt:   1.57, CFL: 9.00e-01
i:  69600, t:  167332.4 s, ωt:  16.73 (2.66 periods), wall: 8.616 minutes, Δt:   1.95, CFL: 9.00e-01
i:  69700, t:  167523.9 s, ωt:  16.75 (2.67 periods), wall: 8.627 minutes, Δt:   1.81, CFL: 9.00e-01
i:  69800, t:  167709.0 s, ωt:  16.77 (2.67 periods), wall: 8.637 minutes, Δt:   1.94, CFL: 9.00e-01
i:  69900, t:  167895.7 s, ωt:  16.79 (2.67 periods), wall: 8.648 minutes, Δt:   1.46, CFL: 9.00e-01
i:  70000, t:  168065.1 s, ωt:  16.81 (2.67 periods), wall: 8.659 minutes, Δt:   1.83, CFL: 9.00e-01
i:  70100, t:  168247.5 s, ωt:  16.82 (2.68 periods), wall: 8.670 minutes, Δt:   1.91, CFL: 9.00e-01
i:  70200, t:  168417.2 s, ωt:  16.84 (2.68 periods), wall: 8.681 minutes, Δt:   1.58, CFL: 9.00e-01
i:  70300, t:  168576.7 s, ωt:  16.86 (2.68 periods), wall: 8.691 minutes, Δt:   1.61, CFL: 9.00e-01
i:  70400, t:  168754.6 s, ωt:  16.88 (2.69 periods), wall: 8.703 minutes, Δt:   1.61, CFL: 9.00e-01
i:  70500, t:  168918.7 s, ωt:  16.89 (2.69 periods), wall: 8.713 minutes, Δt:   1.55, CFL: 9.00e-01
i:  70600, t:  169076.2 s, ωt:  16.91 (2.69 periods), wall: 8.724 minutes, Δt:   1.49, CFL: 9.00e-01
i:  70700, t:  169246.6 s, ωt:  16.92 (2.69 periods), wall: 8.734 minutes, Δt:   1.93, CFL: 9.00e-01
i:  70800, t:  169420.8 s, ωt:  16.94 (2.70 periods), wall: 8.747 minutes, Δt:   1.79, CFL: 9.00e-01
i:  70900, t:  169605.8 s, ωt:  16.96 (2.70 periods), wall: 8.757 minutes, Δt:   1.78, CFL: 9.00e-01
i:  71000, t:  169790.0 s, ωt:  16.98 (2.70 periods), wall: 8.768 minutes, Δt:   1.86, CFL: 9.00e-01
i:  71100, t:  169974.4 s, ωt:  17.00 (2.71 periods), wall: 8.780 minutes, Δt:   1.93, CFL: 9.00e-01
i:  71200, t:  170152.1 s, ωt:  17.02 (2.71 periods), wall: 8.790 minutes, Δt:   1.65, CFL: 9.00e-01
i:  71300, t:  170323.1 s, ωt:  17.03 (2.71 periods), wall: 8.801 minutes, Δt:   1.92, CFL: 9.00e-01
i:  71400, t:  170493.2 s, ωt:  17.05 (2.71 periods), wall: 8.812 minutes, Δt:   1.57, CFL: 9.00e-01
i:  71500, t:  170658.8 s, ωt:  17.07 (2.72 periods), wall: 8.823 minutes, Δt:   1.66, CFL: 9.00e-01
i:  71600, t:  170823.7 s, ωt:  17.08 (2.72 periods), wall: 8.833 minutes, Δt:   1.91, CFL: 9.00e-01
i:  71700, t:  171005.3 s, ωt:  17.10 (2.72 periods), wall: 8.844 minutes, Δt:   1.80, CFL: 9.00e-01
i:  71800, t:  171158.5 s, ωt:  17.12 (2.72 periods), wall: 8.854 minutes, Δt:   1.25, CFL: 9.00e-01
i:  71900, t:  171288.7 s, ωt:  17.13 (2.73 periods), wall: 8.866 minutes, Δt:   1.40, CFL: 9.00e-01
i:  72000, t:  171450.4 s, ωt:  17.15 (2.73 periods), wall: 8.876 minutes, Δt:   1.87, CFL: 9.00e-01
i:  72100, t:  171604.2 s, ωt:  17.16 (2.73 periods), wall: 8.887 minutes, Δt:   1.48, CFL: 9.00e-01
i:  72200, t:  171769.2 s, ωt:  17.18 (2.73 periods), wall: 8.897 minutes, Δt:   1.82, CFL: 9.00e-01
i:  72300, t:  171930.4 s, ωt:  17.19 (2.74 periods), wall: 8.909 minutes, Δt:   1.49, CFL: 9.00e-01
i:  72400, t:  172086.7 s, ωt:  17.21 (2.74 periods), wall: 8.919 minutes, Δt:   1.71, CFL: 9.00e-01
i:  72500, t:  172252.1 s, ωt:  17.23 (2.74 periods), wall: 8.930 minutes, Δt:   1.77, CFL: 9.00e-01
i:  72600, t:  172422.4 s, ωt:  17.24 (2.74 periods), wall: 8.940 minutes, Δt:   1.60, CFL: 9.00e-01
i:  72700, t:  172589.9 s, ωt:  17.26 (2.75 periods), wall: 8.951 minutes, Δt:   1.51, CFL: 9.00e-01
i:  72800, t:  172758.3 s, ωt:  17.28 (2.75 periods), wall: 8.962 minutes, Δt:   1.87, CFL: 9.00e-01
i:  72900, t:  172926.0 s, ωt:  17.29 (2.75 periods), wall: 8.973 minutes, Δt:   1.63, CFL: 9.00e-01
i:  73000, t:  173089.1 s, ωt:  17.31 (2.75 periods), wall: 8.983 minutes, Δt:   1.85, CFL: 8.51e-01
i:  73100, t:  173265.1 s, ωt:  17.33 (2.76 periods), wall: 8.994 minutes, Δt:   1.68, CFL: 9.00e-01
i:  73200, t:  173437.2 s, ωt:  17.34 (2.76 periods), wall: 9.006 minutes, Δt:   1.69, CFL: 9.00e-01
i:  73300, t:  173598.2 s, ωt:  17.36 (2.76 periods), wall: 9.017 minutes, Δt:   1.54, CFL: 9.00e-01
i:  73400, t:  173746.2 s, ωt:  17.37 (2.77 periods), wall: 9.028 minutes, Δt:   1.73, CFL: 9.00e-01
i:  73500, t:  173912.0 s, ωt:  17.39 (2.77 periods), wall: 9.038 minutes, Δt:   1.82, CFL: 9.00e-01
i:  73600, t:  174069.0 s, ωt:  17.41 (2.77 periods), wall: 9.049 minutes, Δt:   1.65, CFL: 9.00e-01
i:  73700, t:  174236.9 s, ωt:  17.42 (2.77 periods), wall: 9.059 minutes, Δt:   1.90, CFL: 9.00e-01
i:  73800, t:  174406.4 s, ωt:  17.44 (2.78 periods), wall: 9.070 minutes, Δt:   1.76, CFL: 9.00e-01
i:  73900, t:  174562.2 s, ωt:  17.46 (2.78 periods), wall: 9.080 minutes, Δt:   1.45, CFL: 9.00e-01
i:  74000, t:  174725.0 s, ωt:  17.47 (2.78 periods), wall: 9.092 minutes, Δt:   1.68, CFL: 9.00e-01
i:  74100, t:  174892.9 s, ωt:  17.49 (2.78 periods), wall: 9.102 minutes, Δt:   1.47, CFL: 9.00e-01
i:  74200, t:  175054.3 s, ωt:  17.51 (2.79 periods), wall: 9.116 minutes, Δt:   1.66, CFL: 9.00e-01
i:  74300, t:  175221.2 s, ωt:  17.52 (2.79 periods), wall: 9.126 minutes, Δt:   1.64, CFL: 9.00e-01
i:  74400, t:  175382.1 s, ωt:  17.54 (2.79 periods), wall: 9.138 minutes, Δt:   1.78, CFL: 9.00e-01
i:  74500, t:  175569.7 s, ωt:  17.56 (2.79 periods), wall: 9.148 minutes, Δt:   1.77, CFL: 9.00e-01
i:  74600, t:  175747.7 s, ωt:  17.57 (2.80 periods), wall: 9.159 minutes, Δt:   1.81, CFL: 9.00e-01
i:  74700, t:  175921.7 s, ωt:  17.59 (2.80 periods), wall: 9.169 minutes, Δt:   1.51, CFL: 9.00e-01
i:  74800, t:  176087.2 s, ωt:  17.61 (2.80 periods), wall: 9.180 minutes, Δt:   1.72, CFL: 9.00e-01
i:  74900, t:  176248.7 s, ωt:  17.62 (2.81 periods), wall: 9.192 minutes, Δt:   1.71, CFL: 9.00e-01
i:  75000, t:  176405.9 s, ωt:  17.64 (2.81 periods), wall: 9.202 minutes, Δt:   1.82, CFL: 9.00e-01
i:  75100, t:  176583.2 s, ωt:  17.66 (2.81 periods), wall: 9.214 minutes, Δt:   1.64, CFL: 9.00e-01
i:  75200, t:  176755.6 s, ωt:  17.68 (2.81 periods), wall: 9.225 minutes, Δt:   1.97, CFL: 9.00e-01
i:  75300, t:  176925.5 s, ωt:  17.69 (2.82 periods), wall: 9.235 minutes, Δt:   1.86, CFL: 9.00e-01
i:  75400, t:  177096.6 s, ωt:  17.71 (2.82 periods), wall: 9.246 minutes, Δt:   1.86, CFL: 9.00e-01
i:  75500, t:  177251.3 s, ωt:  17.73 (2.82 periods), wall: 9.257 minutes, Δt:   1.32, CFL: 9.00e-01
i:  75600, t:  177426.0 s, ωt:  17.74 (2.82 periods), wall: 9.267 minutes, Δt:   1.68, CFL: 9.00e-01
i:  75700, t:  177596.0 s, ωt:  17.76 (2.83 periods), wall: 9.279 minutes, Δt:   1.81, CFL: 9.00e-01
i:  75800, t:  177745.1 s, ωt:  17.77 (2.83 periods), wall: 9.289 minutes, Δt:   1.64, CFL: 9.00e-01
i:  75900, t:  177941.8 s, ωt:  17.79 (2.83 periods), wall: 9.300 minutes, Δt:   2.06, CFL: 9.00e-01
i:  76000, t:  178123.5 s, ωt:  17.81 (2.83 periods), wall: 9.311 minutes, Δt:   1.70, CFL: 9.00e-01
i:  76100, t:  178294.7 s, ωt:  17.83 (2.84 periods), wall: 9.322 minutes, Δt:   1.80, CFL: 9.00e-01
i:  76200, t:  178492.0 s, ωt:  17.85 (2.84 periods), wall: 9.333 minutes, Δt:   2.11, CFL: 9.00e-01
i:  76300, t:  178694.3 s, ωt:  17.87 (2.84 periods), wall: 9.343 minutes, Δt:   1.93, CFL: 9.00e-01
i:  76400, t:  178892.8 s, ωt:  17.89 (2.85 periods), wall: 9.355 minutes, Δt:   1.76, CFL: 9.00e-01
i:  76500, t:  179076.5 s, ωt:  17.91 (2.85 periods), wall: 9.366 minutes, Δt:   1.91, CFL: 9.00e-01
i:  76600, t:  179254.0 s, ωt:  17.93 (2.85 periods), wall: 9.376 minutes, Δt:   1.71, CFL: 9.00e-01
i:  76700, t:  179449.2 s, ωt:  17.94 (2.86 periods), wall: 9.388 minutes, Δt:   1.94, CFL: 9.00e-01
i:  76800, t:  179638.2 s, ωt:  17.96 (2.86 periods), wall: 9.398 minutes, Δt:   1.91, CFL: 9.00e-01
i:  76900, t:  179842.0 s, ωt:  17.98 (2.86 periods), wall: 9.409 minutes, Δt:   1.67, CFL: 9.00e-01
i:  77000, t:  180033.0 s, ωt:  18.00 (2.87 periods), wall: 9.422 minutes, Δt:   2.31, CFL: 9.00e-01
i:  77100, t:  180248.1 s, ωt:  18.02 (2.87 periods), wall: 9.432 minutes, Δt:   2.26, CFL: 9.00e-01
i:  77200, t:  180475.5 s, ωt:  18.05 (2.87 periods), wall: 9.444 minutes, Δt:   2.45, CFL: 9.00e-01
i:  77300, t:  180715.8 s, ωt:  18.07 (2.88 periods), wall: 9.455 minutes, Δt:   2.32, CFL: 9.00e-01
i:  77400, t:  180951.4 s, ωt:  18.10 (2.88 periods), wall: 9.465 minutes, Δt:   2.52, CFL: 9.00e-01
i:  77500, t:  181202.5 s, ωt:  18.12 (2.88 periods), wall: 9.476 minutes, Δt:   2.04, CFL: 9.00e-01
i:  77600, t:  181434.2 s, ωt:  18.14 (2.89 periods), wall: 9.487 minutes, Δt:   2.27, CFL: 9.00e-01
i:  77700, t:  181686.6 s, ωt:  18.17 (2.89 periods), wall: 9.499 minutes, Δt:   2.66, CFL: 9.00e-01
i:  77800, t:  181944.3 s, ωt:  18.19 (2.90 periods), wall: 9.511 minutes, Δt:   2.12, CFL: 9.00e-01
i:  77900, t:  182190.8 s, ωt:  18.22 (2.90 periods), wall: 9.521 minutes, Δt:   2.98, CFL: 9.00e-01
i:  78000, t:  182467.4 s, ωt:  18.25 (2.90 periods), wall: 9.532 minutes, Δt:   2.99, CFL: 9.00e-01
i:  78100, t:  182741.4 s, ωt:  18.27 (2.91 periods), wall: 9.543 minutes, Δt:   2.78, CFL: 9.00e-01
i:  78200, t:  183003.6 s, ωt:  18.30 (2.91 periods), wall: 9.554 minutes, Δt:   2.44, CFL: 9.00e-01
i:  78300, t:  183268.9 s, ωt:  18.33 (2.92 periods), wall: 9.567 minutes, Δt:   2.82, CFL: 9.00e-01
i:  78400, t:  183533.6 s, ωt:  18.35 (2.92 periods), wall: 9.578 minutes, Δt:   2.45, CFL: 9.00e-01
i:  78500, t:  183815.7 s, ωt:  18.38 (2.93 periods), wall: 9.591 minutes, Δt:   3.04, CFL: 9.00e-01
i:  78600, t:  184073.0 s, ωt:  18.41 (2.93 periods), wall: 9.601 minutes, Δt:   2.11, CFL: 9.00e-01
i:  78700, t:  184362.5 s, ωt:  18.44 (2.93 periods), wall: 9.612 minutes, Δt:   3.45, CFL: 9.00e-01
i:  78800, t:  184703.1 s, ωt:  18.47 (2.94 periods), wall: 9.624 minutes, Δt:   3.84, CFL: 9.00e-01
i:  78900, t:  185055.8 s, ωt:  18.51 (2.95 periods), wall: 9.636 minutes, Δt:   3.90, CFL: 9.00e-01
i:  79000, t:  185433.1 s, ωt:  18.54 (2.95 periods), wall: 9.647 minutes, Δt:   3.80, CFL: 9.00e-01
i:  79100, t:  185796.1 s, ωt:  18.58 (2.96 periods), wall: 9.658 minutes, Δt:   4.03, CFL: 9.00e-01
i:  79200, t:  186238.6 s, ωt:  18.62 (2.96 periods), wall: 9.677 minutes, Δt:   4.44, CFL: 9.00e-01
i:  79300, t:  186657.3 s, ωt:  18.67 (2.97 periods), wall: 9.689 minutes, Δt:   5.15, CFL: 9.00e-01
i:  79400, t:  187156.3 s, ωt:  18.72 (2.98 periods), wall: 9.700 minutes, Δt:   4.84, CFL: 9.00e-01
i:  79500, t:  187789.2 s, ωt:  18.78 (2.99 periods), wall: 9.713 minutes, Δt:   7.59, CFL: 9.00e-01
i:  79600, t:  188511.4 s, ωt:  18.85 (3.00 periods), wall: 9.743 minutes, Δt:   7.71, CFL: 9.00e-01
i:  79700, t:  189247.0 s, ωt:  18.92 (3.01 periods), wall: 9.759 minutes, Δt:   8.03, CFL: 9.00e-01
i:  79800, t:  189934.9 s, ωt:  18.99 (3.02 periods), wall: 9.773 minutes, Δt:   6.19, CFL: 9.00e-01
i:  79900, t:  190518.5 s, ωt:  19.05 (3.03 periods), wall: 9.785 minutes, Δt:   5.59, CFL: 9.00e-01
i:  80000, t:  191035.5 s, ωt:  19.10 (3.04 periods), wall: 9.798 minutes, Δt:   5.13, CFL: 9.00e-01
i:  80100, t:  191519.9 s, ωt:  19.15 (3.05 periods), wall: 9.811 minutes, Δt:   3.73, CFL: 9.00e-01
i:  80200, t:  191895.6 s, ωt:  19.19 (3.05 periods), wall: 9.824 minutes, Δt:   3.84, CFL: 9.00e-01
i:  80300, t:  192303.0 s, ωt:  19.23 (3.06 periods), wall: 9.836 minutes, Δt:   3.78, CFL: 9.00e-01
i:  80400, t:  192656.7 s, ωt:  19.27 (3.07 periods), wall: 9.848 minutes, Δt:   4.02, CFL: 9.00e-01
i:  80500, t:  193024.0 s, ωt:  19.30 (3.07 periods), wall: 9.859 minutes, Δt:   3.69, CFL: 9.00e-01
i:  80600, t:  193338.4 s, ωt:  19.33 (3.08 periods), wall: 9.873 minutes, Δt:   3.47, CFL: 8.78e-01
i:  80700, t:  193645.8 s, ωt:  19.36 (3.08 periods), wall: 9.884 minutes, Δt:   2.83, CFL: 9.00e-01
i:  80800, t:  193945.5 s, ωt:  19.39 (3.09 periods), wall: 9.895 minutes, Δt:   2.58, CFL: 9.00e-01
i:  80900, t:  194220.7 s, ωt:  19.42 (3.09 periods), wall: 9.907 minutes, Δt:   3.01, CFL: 9.00e-01
i:  81000, t:  194512.0 s, ωt:  19.45 (3.10 periods), wall: 9.918 minutes, Δt:   2.97, CFL: 9.00e-01
i:  81100, t:  194799.5 s, ωt:  19.48 (3.10 periods), wall: 9.929 minutes, Δt:   2.91, CFL: 9.00e-01
i:  81200, t:  195074.1 s, ωt:  19.51 (3.10 periods), wall: 9.940 minutes, Δt:   2.93, CFL: 9.00e-01
i:  81300, t:  195325.4 s, ωt:  19.53 (3.11 periods), wall: 9.951 minutes, Δt:   2.63, CFL: 9.00e-01
i:  81400, t:  195583.5 s, ωt:  19.56 (3.11 periods), wall: 9.963 minutes, Δt:   2.34, CFL: 9.00e-01
i:  81500, t:  195817.1 s, ωt:  19.58 (3.12 periods), wall: 9.974 minutes, Δt:   1.96, CFL: 9.00e-01
i:  81600, t:  196047.8 s, ωt:  19.60 (3.12 periods), wall: 9.985 minutes, Δt:   2.47, CFL: 9.00e-01
i:  81700, t:  196293.1 s, ωt:  19.63 (3.12 periods), wall: 9.996 minutes, Δt:   2.18, CFL: 9.00e-01
i:  81800, t:  196519.0 s, ωt:  19.65 (3.13 periods), wall: 10.007 minutes, Δt:   2.38, CFL: 9.00e-01
i:  81900, t:  196749.4 s, ωt:  19.67 (3.13 periods), wall: 10.019 minutes, Δt:   2.14, CFL: 9.00e-01
i:  82000, t:  196962.6 s, ωt:  19.70 (3.13 periods), wall: 10.030 minutes, Δt:   2.21, CFL: 8.78e-01
i:  82100, t:  197189.9 s, ωt:  19.72 (3.14 periods), wall: 10.041 minutes, Δt:   2.29, CFL: 9.00e-01
i:  82200, t:  197384.4 s, ωt:  19.74 (3.14 periods), wall: 10.052 minutes, Δt:   1.83, CFL: 9.00e-01
i:  82300, t:  197582.1 s, ωt:  19.76 (3.14 periods), wall: 10.062 minutes, Δt:   2.10, CFL: 9.00e-01
i:  82400, t:  197785.6 s, ωt:  19.78 (3.15 periods), wall: 10.073 minutes, Δt:   1.85, CFL: 9.00e-01
i:  82500, t:  197980.4 s, ωt:  19.80 (3.15 periods), wall: 10.085 minutes, Δt:   1.78, CFL: 9.00e-01
i:  82600, t:  198175.2 s, ωt:  19.82 (3.15 periods), wall: 10.095 minutes, Δt:   2.03, CFL: 9.00e-01
i:  82700, t:  198369.3 s, ωt:  19.84 (3.16 periods), wall: 10.106 minutes, Δt:   2.06, CFL: 9.00e-01
i:  82800, t:  198571.8 s, ωt:  19.86 (3.16 periods), wall: 10.117 minutes, Δt:   2.07, CFL: 9.00e-01
i:  82900, t:  198759.0 s, ωt:  19.88 (3.16 periods), wall: 10.127 minutes, Δt:   1.82, CFL: 9.00e-01
i:  83000, t:  198950.3 s, ωt:  19.90 (3.17 periods), wall: 10.138 minutes, Δt:   1.88, CFL: 9.00e-01
i:  83100, t:  199114.6 s, ωt:  19.91 (3.17 periods), wall: 10.149 minutes, Δt:   1.37, CFL: 9.00e-01
i:  83200, t:  199281.5 s, ωt:  19.93 (3.17 periods), wall: 10.160 minutes, Δt:   1.91, CFL: 9.00e-01
i:  83300, t:  199474.3 s, ωt:  19.95 (3.17 periods), wall: 10.170 minutes, Δt:   1.76, CFL: 9.00e-01
i:  83400, t:  199666.2 s, ωt:  19.97 (3.18 periods), wall: 10.182 minutes, Δt:   2.10, CFL: 9.00e-01
i:  83500, t:  199861.1 s, ωt:  19.99 (3.18 periods), wall: 10.193 minutes, Δt:   1.80, CFL: 9.00e-01
i:  83600, t:  200041.8 s, ωt:  20.00 (3.18 periods), wall: 10.203 minutes, Δt:   1.64, CFL: 9.00e-01
i:  83700, t:  200212.0 s, ωt:  20.02 (3.19 periods), wall: 10.215 minutes, Δt:   1.79, CFL: 9.00e-01
i:  83800, t:  200405.1 s, ωt:  20.04 (3.19 periods), wall: 10.225 minutes, Δt:   2.17, CFL: 9.00e-01
i:  83900, t:  200597.3 s, ωt:  20.06 (3.19 periods), wall: 10.236 minutes, Δt:   1.90, CFL: 9.00e-01
i:  84000, t:  200779.6 s, ωt:  20.08 (3.20 periods), wall: 10.248 minutes, Δt:   1.64, CFL: 9.00e-01
i:  84100, t:  200963.8 s, ωt:  20.10 (3.20 periods), wall: 10.258 minutes, Δt:   1.66, CFL: 9.00e-01
i:  84200, t:  201148.6 s, ωt:  20.11 (3.20 periods), wall: 10.270 minutes, Δt:   1.59, CFL: 9.00e-01
i:  84300, t:  201325.4 s, ωt:  20.13 (3.20 periods), wall: 10.280 minutes, Δt:   1.91, CFL: 9.00e-01
i:  84400, t:  201509.2 s, ωt:  20.15 (3.21 periods), wall: 10.291 minutes, Δt:   1.87, CFL: 9.00e-01
i:  84500, t:  201679.8 s, ωt:  20.17 (3.21 periods), wall: 10.301 minutes, Δt:   1.51, CFL: 9.00e-01
i:  84600, t:  201837.4 s, ωt:  20.18 (3.21 periods), wall: 10.315 minutes, Δt:   1.71, CFL: 9.00e-01
i:  84700, t:  202011.4 s, ωt:  20.20 (3.22 periods), wall: 10.326 minutes, Δt:   1.81, CFL: 9.00e-01
i:  84800, t:  202172.7 s, ωt:  20.22 (3.22 periods), wall: 10.336 minutes, Δt:   1.95, CFL: 9.00e-01
i:  84900, t:  202358.7 s, ωt:  20.24 (3.22 periods), wall: 10.348 minutes, Δt:   1.80, CFL: 9.00e-01
i:  85000, t:  202523.6 s, ωt:  20.25 (3.22 periods), wall: 10.358 minutes, Δt:   1.77, CFL: 9.00e-01
i:  85100, t:  202691.1 s, ωt:  20.27 (3.23 periods), wall: 10.369 minutes, Δt:   1.74, CFL: 9.00e-01
i:  85200, t:  202857.7 s, ωt:  20.29 (3.23 periods), wall: 10.379 minutes, Δt:   1.74, CFL: 9.00e-01
i:  85300, t:  203028.8 s, ωt:  20.30 (3.23 periods), wall: 10.391 minutes, Δt:   1.78, CFL: 9.00e-01
i:  85400, t:  203198.4 s, ωt:  20.32 (3.23 periods), wall: 10.401 minutes, Δt:   1.85, CFL: 9.00e-01
i:  85500, t:  203380.2 s, ωt:  20.34 (3.24 periods), wall: 10.412 minutes, Δt:   1.78, CFL: 9.00e-01
i:  85600, t:  203552.0 s, ωt:  20.36 (3.24 periods), wall: 10.422 minutes, Δt:   1.52, CFL: 9.00e-01
i:  85700, t:  203726.2 s, ωt:  20.37 (3.24 periods), wall: 10.434 minutes, Δt:   1.73, CFL: 9.00e-01
i:  85800, t:  203892.9 s, ωt:  20.39 (3.25 periods), wall: 10.445 minutes, Δt:   1.67, CFL: 9.00e-01
i:  85900, t:  204057.8 s, ωt:  20.41 (3.25 periods), wall: 10.455 minutes, Δt:   1.60, CFL: 9.00e-01
i:  86000, t:  204223.0 s, ωt:  20.42 (3.25 periods), wall: 10.467 minutes, Δt:   1.72, CFL: 9.00e-01
i:  86100, t:  204399.2 s, ωt:  20.44 (3.25 periods), wall: 10.477 minutes, Δt:   1.72, CFL: 9.00e-01
i:  86200, t:  204556.5 s, ωt:  20.46 (3.26 periods), wall: 10.489 minutes, Δt:   1.61, CFL: 9.00e-01
i:  86300, t:  204731.4 s, ωt:  20.47 (3.26 periods), wall: 10.499 minutes, Δt:   1.58, CFL: 9.00e-01
i:  86400, t:  204893.3 s, ωt:  20.49 (3.26 periods), wall: 10.511 minutes, Δt:   1.66, CFL: 9.00e-01
i:  86500, t:  205062.8 s, ωt:  20.51 (3.26 periods), wall: 10.521 minutes, Δt:   1.49, CFL: 9.00e-01
i:  86600, t:  205220.0 s, ωt:  20.52 (3.27 periods), wall: 10.533 minutes, Δt:   1.73, CFL: 9.00e-01
i:  86700, t:  205400.4 s, ωt:  20.54 (3.27 periods), wall: 10.543 minutes, Δt:   1.85, CFL: 9.00e-01
i:  86800, t:  205571.2 s, ωt:  20.56 (3.27 periods), wall: 10.555 minutes, Δt:   1.81, CFL: 9.00e-01
i:  86900, t:  205752.0 s, ωt:  20.58 (3.27 periods), wall: 10.565 minutes, Δt:   1.82, CFL: 9.00e-01
i:  87000, t:  205928.7 s, ωt:  20.59 (3.28 periods), wall: 10.576 minutes, Δt:   1.62, CFL: 9.00e-01
i:  87100, t:  206079.0 s, ωt:  20.61 (3.28 periods), wall: 10.586 minutes, Δt:   1.85, CFL: 9.00e-01
i:  87200, t:  206257.6 s, ωt:  20.63 (3.28 periods), wall: 10.598 minutes, Δt:   1.80, CFL: 9.00e-01
i:  87300, t:  206426.5 s, ωt:  20.64 (3.29 periods), wall: 10.609 minutes, Δt:   1.88, CFL: 9.00e-01
i:  87400, t:  206605.0 s, ωt:  20.66 (3.29 periods), wall: 10.619 minutes, Δt:   1.72, CFL: 9.00e-01
i:  87500, t:  206770.4 s, ωt:  20.68 (3.29 periods), wall: 10.631 minutes, Δt:   1.70, CFL: 9.00e-01
i:  87600, t:  206949.2 s, ωt:  20.69 (3.29 periods), wall: 10.642 minutes, Δt:   1.85, CFL: 9.00e-01
i:  87700, t:  207137.8 s, ωt:  20.71 (3.30 periods), wall: 10.653 minutes, Δt:   1.87, CFL: 9.00e-01
i:  87800, t:  207310.3 s, ωt:  20.73 (3.30 periods), wall: 10.663 minutes, Δt:   1.89, CFL: 8.68e-01
i:  87900, t:  207496.6 s, ωt:  20.75 (3.30 periods), wall: 10.674 minutes, Δt:   1.99, CFL: 9.00e-01
i:  88000, t:  207669.7 s, ωt:  20.77 (3.31 periods), wall: 10.686 minutes, Δt:   1.75, CFL: 9.00e-01
i:  88100, t:  207867.6 s, ωt:  20.79 (3.31 periods), wall: 10.696 minutes, Δt:   1.90, CFL: 9.00e-01
i:  88200, t:  208045.6 s, ωt:  20.80 (3.31 periods), wall: 10.707 minutes, Δt:   1.79, CFL: 9.00e-01
i:  88300, t:  208225.5 s, ωt:  20.82 (3.31 periods), wall: 10.717 minutes, Δt:   1.91, CFL: 9.00e-01
i:  88400, t:  208404.5 s, ωt:  20.84 (3.32 periods), wall: 10.728 minutes, Δt:   1.59, CFL: 9.00e-01
i:  88500, t:  208578.4 s, ωt:  20.86 (3.32 periods), wall: 10.739 minutes, Δt:   1.86, CFL: 9.00e-01
i:  88600, t:  208763.6 s, ωt:  20.88 (3.32 periods), wall: 10.750 minutes, Δt:   1.74, CFL: 9.00e-01
i:  88700, t:  208945.4 s, ωt:  20.89 (3.33 periods), wall: 10.762 minutes, Δt:   2.07, CFL: 8.58e-01
i:  88800, t:  209144.9 s, ωt:  20.91 (3.33 periods), wall: 10.772 minutes, Δt:   1.97, CFL: 9.00e-01
i:  88900, t:  209335.5 s, ωt:  20.93 (3.33 periods), wall: 10.783 minutes, Δt:   1.77, CFL: 9.00e-01
i:  89000, t:  209522.7 s, ωt:  20.95 (3.33 periods), wall: 10.793 minutes, Δt:   2.03, CFL: 9.00e-01
i:  89100, t:  209709.0 s, ωt:  20.97 (3.34 periods), wall: 10.804 minutes, Δt:   1.96, CFL: 9.00e-01
i:  89200, t:  209901.1 s, ωt:  20.99 (3.34 periods), wall: 10.815 minutes, Δt:   1.92, CFL: 9.00e-01
i:  89300, t:  210103.3 s, ωt:  21.01 (3.34 periods), wall: 10.826 minutes, Δt:   2.02, CFL: 9.00e-01
i:  89400, t:  210285.5 s, ωt:  21.03 (3.35 periods), wall: 10.837 minutes, Δt:   1.62, CFL: 9.00e-01
i:  89500, t:  210452.4 s, ωt:  21.05 (3.35 periods), wall: 10.847 minutes, Δt:   1.91, CFL: 9.00e-01
i:  89600, t:  210643.7 s, ωt:  21.06 (3.35 periods), wall: 10.859 minutes, Δt:   1.96, CFL: 9.00e-01
i:  89700, t:  210830.8 s, ωt:  21.08 (3.36 periods), wall: 10.870 minutes, Δt:   2.15, CFL: 9.00e-01
i:  89800, t:  211045.1 s, ωt:  21.10 (3.36 periods), wall: 10.880 minutes, Δt:   2.32, CFL: 9.00e-01
i:  89900, t:  211261.3 s, ωt:  21.13 (3.36 periods), wall: 10.892 minutes, Δt:   2.17, CFL: 9.00e-01
i:  90000, t:  211478.2 s, ωt:  21.15 (3.37 periods), wall: 10.903 minutes, Δt:   2.06, CFL: 9.00e-01
i:  90100, t:  211698.9 s, ωt:  21.17 (3.37 periods), wall: 10.913 minutes, Δt:   2.62, CFL: 9.00e-01
i:  90200, t:  211950.3 s, ωt:  21.20 (3.37 periods), wall: 10.925 minutes, Δt:   2.66, CFL: 9.00e-01
i:  90300, t:  212193.6 s, ωt:  21.22 (3.38 periods), wall: 10.937 minutes, Δt:   1.98, CFL: 9.00e-01
i:  90400, t:  212416.4 s, ωt:  21.24 (3.38 periods), wall: 10.949 minutes, Δt:   2.06, CFL: 9.00e-01
i:  90500, t:  212633.2 s, ωt:  21.26 (3.38 periods), wall: 10.959 minutes, Δt:   2.33, CFL: 9.00e-01
i:  90600, t:  212886.5 s, ωt:  21.29 (3.39 periods), wall: 10.973 minutes, Δt:   2.93, CFL: 9.00e-01
i:  90700, t:  213154.8 s, ωt:  21.32 (3.39 periods), wall: 10.986 minutes, Δt:   2.76, CFL: 9.00e-01
i:  90800, t:  213409.3 s, ωt:  21.34 (3.40 periods), wall: 10.998 minutes, Δt:   2.53, CFL: 9.00e-01
i:  90900, t:  213660.5 s, ωt:  21.37 (3.40 periods), wall: 11.012 minutes, Δt:   2.64, CFL: 9.00e-01
i:  91000, t:  213926.3 s, ωt:  21.39 (3.40 periods), wall: 11.022 minutes, Δt:   2.71, CFL: 9.00e-01
i:  91100, t:  214206.1 s, ωt:  21.42 (3.41 periods), wall: 11.035 minutes, Δt:   2.91, CFL: 9.00e-01
i:  91200, t:  214473.7 s, ωt:  21.45 (3.41 periods), wall: 11.047 minutes, Δt:   2.72, CFL: 9.00e-01
i:  91300, t:  214761.7 s, ωt:  21.48 (3.42 periods), wall: 11.063 minutes, Δt:   2.96, CFL: 9.00e-01
i:  91400, t:  215027.5 s, ωt:  21.50 (3.42 periods), wall: 11.074 minutes, Δt:   2.89, CFL: 9.00e-01
i:  91500, t:  215363.9 s, ωt:  21.54 (3.43 periods), wall: 11.086 minutes, Δt:   3.52, CFL: 9.00e-01
i:  91600, t:  215696.0 s, ωt:  21.57 (3.43 periods), wall: 11.098 minutes, Δt:   3.71, CFL: 9.00e-01
i:  91700, t:  216077.9 s, ωt:  21.61 (3.44 periods), wall: 11.110 minutes, Δt:   3.71, CFL: 9.00e-01
i:  91800, t:  216421.4 s, ωt:  21.64 (3.44 periods), wall: 11.122 minutes, Δt:   3.28, CFL: 9.00e-01
i:  91900, t:  216752.7 s, ωt:  21.68 (3.45 periods), wall: 11.135 minutes, Δt:   3.84, CFL: 9.00e-01
i:  92000, t:  217125.9 s, ωt:  21.71 (3.46 periods), wall: 11.152 minutes, Δt:   4.46, CFL: 9.00e-01
i:  92100, t:  217554.9 s, ωt:  21.76 (3.46 periods), wall: 11.164 minutes, Δt:   3.82, CFL: 9.00e-01
i:  92200, t:  218041.2 s, ωt:  21.80 (3.47 periods), wall: 11.177 minutes, Δt:   5.16, CFL: 9.00e-01
i:  92300, t:  218621.3 s, ωt:  21.86 (3.48 periods), wall: 11.189 minutes, Δt:   6.60, CFL: 9.00e-01
i:  92400, t:  219262.0 s, ωt:  21.93 (3.49 periods), wall: 11.209 minutes, Δt:   5.04, CFL: 9.00e-01
i:  92500, t:  219836.5 s, ωt:  21.98 (3.50 periods), wall: 11.227 minutes, Δt:   7.30, CFL: 9.00e-01
i:  92600, t:  220503.2 s, ωt:  22.05 (3.51 periods), wall: 11.261 minutes, Δt:   7.50, CFL: 9.00e-01
i:  92700, t:  221188.6 s, ωt:  22.12 (3.52 periods), wall: 11.275 minutes, Δt:   6.59, CFL: 9.00e-01
i:  92800, t:  221787.2 s, ωt:  22.18 (3.53 periods), wall: 11.288 minutes, Δt:   5.17, CFL: 9.00e-01
i:  92900, t:  222351.2 s, ωt:  22.24 (3.54 periods), wall: 11.304 minutes, Δt:   5.17, CFL: 9.00e-01
i:  93000, t:  222842.1 s, ωt:  22.28 (3.55 periods), wall: 11.317 minutes, Δt:   4.99, CFL: 9.00e-01
i:  93100, t:  223277.4 s, ωt:  22.33 (3.55 periods), wall: 11.330 minutes, Δt:   3.43, CFL: 9.00e-01
i:  93200, t:  223689.9 s, ωt:  22.37 (3.56 periods), wall: 11.343 minutes, Δt:   4.32, CFL: 9.00e-01
i:  93300, t:  224081.1 s, ωt:  22.41 (3.57 periods), wall: 11.354 minutes, Δt:   3.93, CFL: 9.00e-01
i:  93400, t:  224454.9 s, ωt:  22.45 (3.57 periods), wall: 11.368 minutes, Δt:   3.76, CFL: 9.00e-01
i:  93500, t:  224795.9 s, ωt:  22.48 (3.58 periods), wall: 11.379 minutes, Δt:   2.96, CFL: 9.00e-01
i:  93600, t:  225092.8 s, ωt:  22.51 (3.58 periods), wall: 11.393 minutes, Δt:   2.62, CFL: 9.00e-01
i:  93700, t:  225396.0 s, ωt:  22.54 (3.59 periods), wall: 11.404 minutes, Δt:   3.21, CFL: 9.00e-01
i:  93800, t:  225667.8 s, ωt:  22.57 (3.59 periods), wall: 11.423 minutes, Δt:   2.64, CFL: 9.00e-01
i:  93900, t:  225954.9 s, ωt:  22.60 (3.60 periods), wall: 11.434 minutes, Δt:   2.63, CFL: 9.00e-01
i:  94000, t:  226225.2 s, ωt:  22.62 (3.60 periods), wall: 11.445 minutes, Δt:   2.79, CFL: 9.00e-01
i:  94100, t:  226480.7 s, ωt:  22.65 (3.60 periods), wall: 11.455 minutes, Δt:   2.43, CFL: 9.00e-01
i:  94200, t:  226732.0 s, ωt:  22.67 (3.61 periods), wall: 11.467 minutes, Δt:   2.22, CFL: 9.00e-01
i:  94300, t:  226959.0 s, ωt:  22.70 (3.61 periods), wall: 11.479 minutes, Δt:   2.01, CFL: 9.00e-01
i:  94400, t:  227189.1 s, ωt:  22.72 (3.62 periods), wall: 11.490 minutes, Δt:   2.10, CFL: 9.00e-01
i:  94500, t:  227406.1 s, ωt:  22.74 (3.62 periods), wall: 11.500 minutes, Δt:   2.31, CFL: 9.00e-01
i:  94600, t:  227648.5 s, ωt:  22.76 (3.62 periods), wall: 11.511 minutes, Δt:   2.42, CFL: 9.00e-01
i:  94700, t:  227877.6 s, ωt:  22.79 (3.63 periods), wall: 11.523 minutes, Δt:   2.13, CFL: 9.00e-01
i:  94800, t:  228079.6 s, ωt:  22.81 (3.63 periods), wall: 11.533 minutes, Δt:   2.14, CFL: 9.00e-01
i:  94900, t:  228294.0 s, ωt:  22.83 (3.63 periods), wall: 11.545 minutes, Δt:   2.16, CFL: 9.00e-01
i:  95000, t:  228498.6 s, ωt:  22.85 (3.64 periods), wall: 11.557 minutes, Δt:   2.07, CFL: 9.00e-01
i:  95100, t:  228707.9 s, ωt:  22.87 (3.64 periods), wall: 11.567 minutes, Δt:   2.11, CFL: 9.00e-01
i:  95200, t:  228913.2 s, ωt:  22.89 (3.64 periods), wall: 11.579 minutes, Δt:   2.08, CFL: 9.00e-01
i:  95300, t:  229117.2 s, ωt:  22.91 (3.65 periods), wall: 11.590 minutes, Δt:   2.09, CFL: 9.00e-01
i:  95400, t:  229311.1 s, ωt:  22.93 (3.65 periods), wall: 11.600 minutes, Δt:   1.99, CFL: 9.00e-01
i:  95500, t:  229516.6 s, ωt:  22.95 (3.65 periods), wall: 11.612 minutes, Δt:   1.89, CFL: 9.00e-01
i:  95600, t:  229711.9 s, ωt:  22.97 (3.66 periods), wall: 11.628 minutes, Δt:   2.11, CFL: 9.00e-01
i:  95700, t:  229913.0 s, ωt:  22.99 (3.66 periods), wall: 11.638 minutes, Δt:   1.89, CFL: 9.00e-01
i:  95800, t:  230107.0 s, ωt:  23.01 (3.66 periods), wall: 11.649 minutes, Δt:   1.55, CFL: 9.00e-01
i:  95900, t:  230290.3 s, ωt:  23.03 (3.67 periods), wall: 11.660 minutes, Δt:   2.02, CFL: 9.00e-01
i:  96000, t:  230487.2 s, ωt:  23.05 (3.67 periods), wall: 11.670 minutes, Δt:   1.76, CFL: 9.00e-01
i:  96100, t:  230662.6 s, ωt:  23.07 (3.67 periods), wall: 11.681 minutes, Δt:   1.86, CFL: 9.00e-01
i:  96200, t:  230832.9 s, ωt:  23.08 (3.67 periods), wall: 11.692 minutes, Δt:   1.93, CFL: 9.00e-01
i:  96300, t:  231008.0 s, ωt:  23.10 (3.68 periods), wall: 11.703 minutes, Δt:   1.56, CFL: 9.00e-01
i:  96400, t:  231177.5 s, ωt:  23.12 (3.68 periods), wall: 11.713 minutes, Δt:   1.60, CFL: 9.00e-01
i:  96500, t:  231350.0 s, ωt:  23.13 (3.68 periods), wall: 11.725 minutes, Δt:   1.68, CFL: 9.00e-01
i:  96600, t:  231520.9 s, ωt:  23.15 (3.68 periods), wall: 11.735 minutes, Δt:   1.66, CFL: 9.00e-01
i:  96700, t:  231692.2 s, ωt:  23.17 (3.69 periods), wall: 11.747 minutes, Δt:   1.59, CFL: 9.00e-01
i:  96800, t:  231853.2 s, ωt:  23.19 (3.69 periods), wall: 11.761 minutes, Δt:   1.84, CFL: 9.00e-01
i:  96900, t:  232024.3 s, ωt:  23.20 (3.69 periods), wall: 11.771 minutes, Δt:   1.71, CFL: 9.00e-01
i:  97000, t:  232197.8 s, ωt:  23.22 (3.70 periods), wall: 11.782 minutes, Δt:   1.80, CFL: 9.00e-01
i:  97100, t:  232367.6 s, ωt:  23.24 (3.70 periods), wall: 11.792 minutes, Δt:   1.51, CFL: 9.00e-01
i:  97200, t:  232522.8 s, ωt:  23.25 (3.70 periods), wall: 11.804 minutes, Δt:   1.66, CFL: 9.00e-01
i:  97300, t:  232687.7 s, ωt:  23.27 (3.70 periods), wall: 11.814 minutes, Δt:   1.76, CFL: 9.00e-01
i:  97400, t:  232849.5 s, ωt:  23.28 (3.71 periods), wall: 11.825 minutes, Δt:   1.49, CFL: 9.00e-01
i:  97500, t:  233014.5 s, ωt:  23.30 (3.71 periods), wall: 11.835 minutes, Δt:   1.89, CFL: 9.00e-01
i:  97600, t:  233188.0 s, ωt:  23.32 (3.71 periods), wall: 11.848 minutes, Δt:   1.53, CFL: 9.00e-01
i:  97700, t:  233361.0 s, ωt:  23.34 (3.71 periods), wall: 11.858 minutes, Δt:   1.92, CFL: 9.00e-01
i:  97800, t:  233535.7 s, ωt:  23.35 (3.72 periods), wall: 11.869 minutes, Δt:   1.71, CFL: 9.00e-01
i:  97900, t:  233699.3 s, ωt:  23.37 (3.72 periods), wall: 11.879 minutes, Δt:   1.61, CFL: 9.00e-01
i:  98000, t:  233863.3 s, ωt:  23.39 (3.72 periods), wall: 11.898 minutes, Δt:   1.72, CFL: 9.00e-01
i:  98100, t:  234028.9 s, ωt:  23.40 (3.72 periods), wall: 11.908 minutes, Δt:   1.51, CFL: 9.00e-01
i:  98200, t:  234196.5 s, ωt:  23.42 (3.73 periods), wall: 11.920 minutes, Δt:   1.75, CFL: 9.00e-01
i:  98300, t:  234351.1 s, ωt:  23.44 (3.73 periods), wall: 11.930 minutes, Δt:   1.65, CFL: 9.00e-01
i:  98400, t:  234509.3 s, ωt:  23.45 (3.73 periods), wall: 11.941 minutes, Δt:   1.76, CFL: 9.00e-01
i:  98500, t:  234672.5 s, ωt:  23.47 (3.73 periods), wall: 11.951 minutes, Δt:   1.67, CFL: 9.00e-01
i:  98600, t:  234834.0 s, ωt:  23.48 (3.74 periods), wall: 11.963 minutes, Δt:   1.54, CFL: 9.00e-01
i:  98700, t:  234997.3 s, ωt:  23.50 (3.74 periods), wall: 11.974 minutes, Δt:   1.49, CFL: 9.00e-01
i:  98800, t:  235158.2 s, ωt:  23.52 (3.74 periods), wall: 11.984 minutes, Δt:   1.69, CFL: 9.00e-01
i:  98900, t:  235316.3 s, ωt:  23.53 (3.75 periods), wall: 11.996 minutes, Δt:   1.52, CFL: 9.00e-01
i:  99000, t:  235484.4 s, ωt:  23.55 (3.75 periods), wall: 12.006 minutes, Δt:   1.60, CFL: 9.00e-01
i:  99100, t:  235640.0 s, ωt:  23.56 (3.75 periods), wall: 12.019 minutes, Δt:   1.56, CFL: 9.00e-01
i:  99200, t:  235806.6 s, ωt:  23.58 (3.75 periods), wall: 12.029 minutes, Δt:   1.83, CFL: 9.00e-01
i:  99300, t:  235955.6 s, ωt:  23.60 (3.76 periods), wall: 12.040 minutes, Δt:   1.65, CFL: 9.00e-01
i:  99400, t:  236139.4 s, ωt:  23.61 (3.76 periods), wall: 12.051 minutes, Δt:   1.91, CFL: 9.00e-01
i:  99500, t:  236291.5 s, ωt:  23.63 (3.76 periods), wall: 12.062 minutes, Δt:   1.58, CFL: 9.00e-01
i:  99600, t:  236446.5 s, ωt:  23.64 (3.76 periods), wall: 12.072 minutes, Δt:   1.44, CFL: 9.00e-01
i:  99700, t:  236602.8 s, ωt:  23.66 (3.77 periods), wall: 12.084 minutes, Δt:   1.56, CFL: 9.00e-01
i:  99800, t:  236755.4 s, ωt:  23.68 (3.77 periods), wall: 12.094 minutes, Δt:   1.63, CFL: 9.00e-01
i:  99900, t:  236925.6 s, ωt:  23.69 (3.77 periods), wall: 12.106 minutes, Δt:   1.71, CFL: 9.00e-01
i: 100000, t:  237086.7 s, ωt:  23.71 (3.77 periods), wall: 12.116 minutes, Δt:   1.65, CFL: 9.00e-01
i: 100100, t:  237251.5 s, ωt:  23.73 (3.78 periods), wall: 12.129 minutes, Δt:   1.62, CFL: 9.00e-01
i: 100200, t:  237413.9 s, ωt:  23.74 (3.78 periods), wall: 12.139 minutes, Δt:   1.43, CFL: 9.00e-01
i: 100300, t:  237577.5 s, ωt:  23.76 (3.78 periods), wall: 12.150 minutes, Δt:   1.25, CFL: 9.00e-01
i: 100400, t:  237726.4 s, ωt:  23.77 (3.78 periods), wall: 12.161 minutes, Δt:   1.71, CFL: 9.00e-01
i: 100500, t:  237889.1 s, ωt:  23.79 (3.79 periods), wall: 12.173 minutes, Δt:   1.67, CFL: 9.00e-01
i: 100600, t:  238073.7 s, ωt:  23.81 (3.79 periods), wall: 12.183 minutes, Δt:   1.85, CFL: 9.00e-01
i: 100700, t:  238250.2 s, ωt:  23.83 (3.79 periods), wall: 12.197 minutes, Δt:   1.77, CFL: 9.00e-01
i: 100800, t:  238419.3 s, ωt:  23.84 (3.79 periods), wall: 12.207 minutes, Δt:   1.56, CFL: 9.00e-01
i: 100900, t:  238572.8 s, ωt:  23.86 (3.80 periods), wall: 12.219 minutes, Δt:   1.57, CFL: 9.00e-01
i: 101000, t:  238739.6 s, ωt:  23.87 (3.80 periods), wall: 12.229 minutes, Δt:   1.89, CFL: 9.00e-01
i: 101100, t:  238905.5 s, ωt:  23.89 (3.80 periods), wall: 12.241 minutes, Δt:   2.03, CFL: 9.00e-01
i: 101200, t:  239093.6 s, ωt:  23.91 (3.81 periods), wall: 12.252 minutes, Δt:   1.78, CFL: 9.00e-01
i: 101300, t:  239272.3 s, ωt:  23.93 (3.81 periods), wall: 12.262 minutes, Δt:   1.77, CFL: 9.00e-01
i: 101400, t:  239445.0 s, ωt:  23.94 (3.81 periods), wall: 12.276 minutes, Δt:   1.34, CFL: 9.00e-01
i: 101500, t:  239593.2 s, ωt:  23.96 (3.81 periods), wall: 12.286 minutes, Δt:   1.77, CFL: 9.00e-01
i: 101600, t:  239778.8 s, ωt:  23.98 (3.82 periods), wall: 12.298 minutes, Δt:   1.81, CFL: 9.00e-01
i: 101700, t:  239946.0 s, ωt:  23.99 (3.82 periods), wall: 12.308 minutes, Δt:   1.55, CFL: 9.00e-01
i: 101800, t:  240113.5 s, ωt:  24.01 (3.82 periods), wall: 12.319 minutes, Δt:   1.98, CFL: 9.00e-01
i: 101900, t:  240310.3 s, ωt:  24.03 (3.82 periods), wall: 12.329 minutes, Δt:   1.93, CFL: 9.00e-01
i: 102000, t:  240503.2 s, ωt:  24.05 (3.83 periods), wall: 12.343 minutes, Δt:   1.88, CFL: 9.00e-01
i: 102100, t:  240688.1 s, ωt:  24.07 (3.83 periods), wall: 12.355 minutes, Δt:   2.08, CFL: 9.00e-01
i: 102200, t:  240880.5 s, ωt:  24.09 (3.83 periods), wall: 12.365 minutes, Δt:   1.82, CFL: 9.00e-01
i: 102300, t:  241073.2 s, ωt:  24.11 (3.84 periods), wall: 12.377 minutes, Δt:   1.86, CFL: 9.00e-01
i: 102400, t:  241264.0 s, ωt:  24.13 (3.84 periods), wall: 12.387 minutes, Δt:   1.90, CFL: 9.00e-01
i: 102500, t:  241459.5 s, ωt:  24.15 (3.84 periods), wall: 12.399 minutes, Δt:   1.73, CFL: 9.00e-01
i: 102600, t:  241660.7 s, ωt:  24.17 (3.85 periods), wall: 12.412 minutes, Δt:   2.42, CFL: 9.00e-01
i: 102700, t:  241866.6 s, ωt:  24.19 (3.85 periods), wall: 12.422 minutes, Δt:   1.87, CFL: 9.00e-01
i: 102800, t:  242074.3 s, ωt:  24.21 (3.85 periods), wall: 12.434 minutes, Δt:   2.00, CFL: 9.00e-01
i: 102900, t:  242264.1 s, ωt:  24.23 (3.86 periods), wall: 12.446 minutes, Δt:   1.84, CFL: 9.00e-01
i: 103000, t:  242467.1 s, ωt:  24.25 (3.86 periods), wall: 12.456 minutes, Δt:   2.11, CFL: 9.00e-01
i: 103100, t:  242677.5 s, ωt:  24.27 (3.86 periods), wall: 12.468 minutes, Δt:   2.24, CFL: 9.00e-01
i: 103200, t:  242882.8 s, ωt:  24.29 (3.87 periods), wall: 12.480 minutes, Δt:   1.61, CFL: 9.00e-01
i: 103300, t:  243074.9 s, ωt:  24.31 (3.87 periods), wall: 12.490 minutes, Δt:   2.36, CFL: 9.00e-01
i: 103400, t:  243276.3 s, ωt:  24.33 (3.87 periods), wall: 12.503 minutes, Δt:   2.05, CFL: 9.00e-01
i: 103500, t:  243487.1 s, ωt:  24.35 (3.88 periods), wall: 12.515 minutes, Δt:   2.24, CFL: 9.00e-01
i: 103600, t:  243709.9 s, ωt:  24.37 (3.88 periods), wall: 12.525 minutes, Δt:   2.24, CFL: 9.00e-01
i: 103700, t:  243907.5 s, ωt:  24.39 (3.88 periods), wall: 12.537 minutes, Δt:   2.39, CFL: 9.00e-01
i: 103800, t:  244116.3 s, ωt:  24.41 (3.89 periods), wall: 12.549 minutes, Δt:   1.88, CFL: 9.00e-01
i: 103900, t:  244345.7 s, ωt:  24.43 (3.89 periods), wall: 12.560 minutes, Δt:   2.61, CFL: 9.00e-01
i: 104000, t:  244587.2 s, ωt:  24.46 (3.89 periods), wall: 12.571 minutes, Δt:   2.85, CFL: 9.00e-01
i: 104100, t:  244855.4 s, ωt:  24.49 (3.90 periods), wall: 12.584 minutes, Δt:   2.04, CFL: 9.00e-01
i: 104200, t:  245095.5 s, ωt:  24.51 (3.90 periods), wall: 12.597 minutes, Δt:   2.51, CFL: 9.00e-01
i: 104300, t:  245364.1 s, ωt:  24.54 (3.91 periods), wall: 12.608 minutes, Δt:   2.65, CFL: 9.00e-01
i: 104400, t:  245613.7 s, ωt:  24.56 (3.91 periods), wall: 12.619 minutes, Δt:   2.79, CFL: 9.00e-01
i: 104500, t:  245898.7 s, ωt:  24.59 (3.91 periods), wall: 12.633 minutes, Δt:   2.67, CFL: 9.00e-01
i: 104600, t:  246197.3 s, ωt:  24.62 (3.92 periods), wall: 12.644 minutes, Δt:   3.08, CFL: 9.00e-01
i: 104700, t:  246471.8 s, ωt:  24.65 (3.92 periods), wall: 12.656 minutes, Δt:   2.65, CFL: 9.00e-01
i: 104800, t:  246753.6 s, ωt:  24.68 (3.93 periods), wall: 12.669 minutes, Δt:   2.82, CFL: 9.00e-01
i: 104900, t:  247055.7 s, ωt:  24.71 (3.93 periods), wall: 12.682 minutes, Δt:   3.24, CFL: 9.00e-01
i: 105000, t:  247378.7 s, ωt:  24.74 (3.94 periods), wall: 12.694 minutes, Δt:   2.79, CFL: 9.00e-01
i: 105100, t:  247686.8 s, ωt:  24.77 (3.94 periods), wall: 12.706 minutes, Δt:   3.19, CFL: 9.00e-01
i: 105200, t:  247998.3 s, ωt:  24.80 (3.95 periods), wall: 12.718 minutes, Δt:   3.22, CFL: 9.00e-01
i: 105300, t:  248392.5 s, ωt:  24.84 (3.95 periods), wall: 12.730 minutes, Δt:   4.11, CFL: 9.00e-01
i: 105400, t:  248760.3 s, ωt:  24.88 (3.96 periods), wall: 12.741 minutes, Δt:   2.94, CFL: 9.00e-01
i: 105500, t:  249113.7 s, ωt:  24.91 (3.96 periods), wall: 12.753 minutes, Δt:   3.99, CFL: 9.00e-01
i: 105600, t:  249496.1 s, ωt:  24.95 (3.97 periods), wall: 12.767 minutes, Δt:   3.83, CFL: 9.00e-01
i: 105700, t:  249880.9 s, ωt:  24.99 (3.98 periods), wall: 12.779 minutes, Δt:   4.55, CFL: 9.00e-01
i: 105800, t:  250407.3 s, ωt:  25.04 (3.99 periods), wall: 12.793 minutes, Δt:   4.75, CFL: 9.00e-01
i: 105900, t:  250929.6 s, ωt:  25.09 (3.99 periods), wall: 12.804 minutes, Δt:   6.17, CFL: 9.00e-01
i: 106000, t:  251526.4 s, ωt:  25.15 (4.00 periods), wall: 12.834 minutes, Δt:   6.66, CFL: 9.00e-01
i: 106100, t:  252133.6 s, ωt:  25.21 (4.01 periods), wall: 12.847 minutes, Δt:   5.98, CFL: 9.00e-01
i: 106200, t:  252728.5 s, ωt:  25.27 (4.02 periods), wall: 12.862 minutes, Δt:   6.35, CFL: 9.00e-01
i: 106300, t:  253306.7 s, ωt:  25.33 (4.03 periods), wall: 12.876 minutes, Δt:   5.37, CFL: 9.00e-01
i: 106400, t:  253819.3 s, ωt:  25.38 (4.04 periods), wall: 12.887 minutes, Δt:   5.03, CFL: 9.00e-01
i: 106500, t:  254311.1 s, ωt:  25.43 (4.05 periods), wall: 12.908 minutes, Δt:   4.61, CFL: 9.00e-01
i: 106600, t:  254787.5 s, ωt:  25.48 (4.06 periods), wall: 12.921 minutes, Δt:   4.30, CFL: 9.00e-01
i: 106700, t:  255187.4 s, ωt:  25.52 (4.06 periods), wall: 12.934 minutes, Δt:   3.79, CFL: 9.00e-01
i: 106800, t:  255546.7 s, ωt:  25.55 (4.07 periods), wall: 12.946 minutes, Δt:   3.26, CFL: 9.00e-01
i: 106900, t:  255901.3 s, ωt:  25.59 (4.07 periods), wall: 12.958 minutes, Δt:   3.80, CFL: 9.00e-01
i: 107000, t:  256242.0 s, ωt:  25.62 (4.08 periods), wall: 12.970 minutes, Δt:   3.55, CFL: 9.00e-01
i: 107100, t:  256566.5 s, ωt:  25.66 (4.08 periods), wall: 12.983 minutes, Δt:   3.38, CFL: 9.00e-01
i: 107200, t:  256900.8 s, ωt:  25.69 (4.09 periods), wall: 12.995 minutes, Δt:   3.72, CFL: 9.00e-01
i: 107300, t:  257242.2 s, ωt:  25.72 (4.09 periods), wall: 13.006 minutes, Δt:   3.44, CFL: 9.00e-01
i: 107400, t:  257538.3 s, ωt:  25.75 (4.10 periods), wall: 13.019 minutes, Δt:   2.63, CFL: 9.00e-01
i: 107500, t:  257779.4 s, ωt:  25.78 (4.10 periods), wall: 13.032 minutes, Δt:   2.67, CFL: 9.00e-01
i: 107600, t:  258027.3 s, ωt:  25.80 (4.11 periods), wall: 13.047 minutes, Δt:   2.81, CFL: 9.00e-01
i: 107700, t:  258286.8 s, ωt:  25.83 (4.11 periods), wall: 13.058 minutes, Δt:   2.62, CFL: 9.00e-01
i: 107800, t:  258533.2 s, ωt:  25.85 (4.11 periods), wall: 13.068 minutes, Δt:   2.54, CFL: 9.00e-01
i: 107900, t:  258760.7 s, ωt:  25.88 (4.12 periods), wall: 13.080 minutes, Δt:   2.26, CFL: 9.00e-01
i: 108000, t:  259004.0 s, ωt:  25.90 (4.12 periods), wall: 13.092 minutes, Δt:   2.64, CFL: 9.00e-01
i: 108100, t:  259240.2 s, ωt:  25.92 (4.13 periods), wall: 13.108 minutes, Δt:   2.50, CFL: 9.00e-01
i: 108200, t:  259479.8 s, ωt:  25.95 (4.13 periods), wall: 13.118 minutes, Δt:   2.31, CFL: 9.00e-01
i: 108300, t:  259690.5 s, ωt:  25.97 (4.13 periods), wall: 13.129 minutes, Δt:   2.14, CFL: 9.00e-01
i: 108400, t:  259902.0 s, ωt:  25.99 (4.14 periods), wall: 13.143 minutes, Δt:   1.98, CFL: 9.00e-01
i: 108500, t:  260103.0 s, ωt:  26.01 (4.14 periods), wall: 13.153 minutes, Δt:   2.09, CFL: 9.00e-01
i: 108600, t:  260325.2 s, ωt:  26.03 (4.14 periods), wall: 13.164 minutes, Δt:   2.00, CFL: 9.00e-01
i: 108700, t:  260543.4 s, ωt:  26.05 (4.15 periods), wall: 13.176 minutes, Δt:   2.01, CFL: 9.00e-01
i: 108800, t:  260739.8 s, ωt:  26.07 (4.15 periods), wall: 13.186 minutes, Δt:   1.91, CFL: 9.00e-01
i: 108900, t:  260951.6 s, ωt:  26.10 (4.15 periods), wall: 13.197 minutes, Δt:   2.12, CFL: 9.00e-01
i: 109000, t:  261148.7 s, ωt:  26.11 (4.16 periods), wall: 13.209 minutes, Δt:   2.13, CFL: 9.00e-01
i: 109100, t:  261349.3 s, ωt:  26.13 (4.16 periods), wall: 13.219 minutes, Δt:   1.90, CFL: 9.00e-01
i: 109200, t:  261540.2 s, ωt:  26.15 (4.16 periods), wall: 13.231 minutes, Δt:   1.89, CFL: 9.00e-01
i: 109300, t:  261722.7 s, ωt:  26.17 (4.17 periods), wall: 13.242 minutes, Δt:   1.74, CFL: 9.00e-01
i: 109400, t:  261914.5 s, ωt:  26.19 (4.17 periods), wall: 13.253 minutes, Δt:   1.93, CFL: 9.00e-01
i: 109500, t:  262091.9 s, ωt:  26.21 (4.17 periods), wall: 13.265 minutes, Δt:   1.80, CFL: 9.00e-01
i: 109600, t:  262285.4 s, ωt:  26.23 (4.17 periods), wall: 13.275 minutes, Δt:   2.00, CFL: 9.00e-01
i: 109700, t:  262474.7 s, ωt:  26.25 (4.18 periods), wall: 13.288 minutes, Δt:   1.76, CFL: 9.00e-01
i: 109800, t:  262656.3 s, ωt:  26.27 (4.18 periods), wall: 13.300 minutes, Δt:   1.74, CFL: 9.00e-01
i: 109900, t:  262826.1 s, ωt:  26.28 (4.18 periods), wall: 13.310 minutes, Δt:   1.90, CFL: 9.00e-01
i: 110000, t:  263016.0 s, ωt:  26.30 (4.19 periods), wall: 13.322 minutes, Δt:   1.96, CFL: 9.00e-01
i: 110100, t:  263210.3 s, ωt:  26.32 (4.19 periods), wall: 13.332 minutes, Δt:   1.81, CFL: 9.00e-01
i: 110200, t:  263385.4 s, ωt:  26.34 (4.19 periods), wall: 13.344 minutes, Δt:   1.80, CFL: 9.00e-01
i: 110300, t:  263564.0 s, ωt:  26.36 (4.19 periods), wall: 13.354 minutes, Δt:   1.85, CFL: 9.00e-01
i: 110400, t:  263746.6 s, ωt:  26.37 (4.20 periods), wall: 13.370 minutes, Δt:   1.85, CFL: 9.00e-01
i: 110500, t:  263915.2 s, ωt:  26.39 (4.20 periods), wall: 13.382 minutes, Δt:   1.59, CFL: 9.00e-01
i: 110600, t:  264073.8 s, ωt:  26.41 (4.20 periods), wall: 13.392 minutes, Δt:   1.34, CFL: 9.00e-01
i: 110700, t:  264212.5 s, ωt:  26.42 (4.21 periods), wall: 13.404 minutes, Δt:   1.72, CFL: 9.00e-01
i: 110800, t:  264389.4 s, ωt:  26.44 (4.21 periods), wall: 13.414 minutes, Δt:   1.76, CFL: 9.00e-01
i: 110900, t:  264565.3 s, ωt:  26.46 (4.21 periods), wall: 13.425 minutes, Δt:   1.71, CFL: 9.00e-01
i: 111000, t:  264737.9 s, ωt:  26.47 (4.21 periods), wall: 13.435 minutes, Δt:   1.79, CFL: 9.00e-01
i: 111100, t:  264912.6 s, ωt:  26.49 (4.22 periods), wall: 13.450 minutes, Δt:   1.98, CFL: 9.00e-01
i: 111200, t:  265093.1 s, ωt:  26.51 (4.22 periods), wall: 13.460 minutes, Δt:   1.82, CFL: 9.00e-01
i: 111300, t:  265257.1 s, ωt:  26.53 (4.22 periods), wall: 13.472 minutes, Δt:   1.64, CFL: 9.00e-01
i: 111400, t:  265420.0 s, ωt:  26.54 (4.22 periods), wall: 13.482 minutes, Δt:   1.71, CFL: 9.00e-01
i: 111500, t:  265603.3 s, ωt:  26.56 (4.23 periods), wall: 13.494 minutes, Δt:   1.84, CFL: 9.00e-01
i: 111600, t:  265774.6 s, ωt:  26.58 (4.23 periods), wall: 13.504 minutes, Δt:   1.71, CFL: 9.00e-01
i: 111700, t:  265947.4 s, ωt:  26.59 (4.23 periods), wall: 13.516 minutes, Δt:   1.78, CFL: 9.00e-01
i: 111800, t:  266121.2 s, ωt:  26.61 (4.24 periods), wall: 13.527 minutes, Δt:   1.63, CFL: 9.00e-01
i: 111900, t:  266296.7 s, ωt:  26.63 (4.24 periods), wall: 13.538 minutes, Δt:   1.67, CFL: 9.00e-01
i: 112000, t:  266468.9 s, ωt:  26.65 (4.24 periods), wall: 13.552 minutes, Δt:   1.66, CFL: 9.00e-01
i: 112100, t:  266638.5 s, ωt:  26.66 (4.24 periods), wall: 13.562 minutes, Δt:   1.94, CFL: 9.00e-01
i: 112200, t:  266812.5 s, ωt:  26.68 (4.25 periods), wall: 13.574 minutes, Δt:   1.55, CFL: 9.00e-01
i: 112300, t:  266973.9 s, ωt:  26.70 (4.25 periods), wall: 13.584 minutes, Δt:   1.55, CFL: 9.00e-01
i: 112400, t:  267139.4 s, ωt:  26.71 (4.25 periods), wall: 13.596 minutes, Δt:   1.54, CFL: 9.00e-01
i: 112500, t:  267313.9 s, ωt:  26.73 (4.25 periods), wall: 13.606 minutes, Δt:   1.75, CFL: 9.00e-01
i: 112600, t:  267479.8 s, ωt:  26.75 (4.26 periods), wall: 13.618 minutes, Δt:   1.91, CFL: 9.00e-01
i: 112700, t:  267649.7 s, ωt:  26.76 (4.26 periods), wall: 13.628 minutes, Δt:   1.56, CFL: 9.00e-01
i: 112800, t:  267812.8 s, ωt:  26.78 (4.26 periods), wall: 13.643 minutes, Δt:   1.64, CFL: 9.00e-01
i: 112900, t:  267991.2 s, ωt:  26.80 (4.27 periods), wall: 13.655 minutes, Δt:   1.78, CFL: 9.00e-01
i: 113000, t:  268160.6 s, ωt:  26.82 (4.27 periods), wall: 13.665 minutes, Δt:   1.76, CFL: 9.00e-01
i: 113100, t:  268339.1 s, ωt:  26.83 (4.27 periods), wall: 13.676 minutes, Δt:   1.77, CFL: 9.00e-01
i: 113200, t:  268527.1 s, ωt:  26.85 (4.27 periods), wall: 13.686 minutes, Δt:   1.69, CFL: 9.00e-01
i: 113300, t:  268707.5 s, ωt:  26.87 (4.28 periods), wall: 13.698 minutes, Δt:   1.81, CFL: 9.00e-01
i: 113400, t:  268886.8 s, ωt:  26.89 (4.28 periods), wall: 13.708 minutes, Δt:   1.73, CFL: 9.00e-01
i: 113500, t:  269048.3 s, ωt:  26.90 (4.28 periods), wall: 13.726 minutes, Δt:   1.83, CFL: 9.00e-01
i: 113600, t:  269219.8 s, ωt:  26.92 (4.28 periods), wall: 13.736 minutes, Δt:   1.66, CFL: 9.00e-01
i: 113700, t:  269388.3 s, ωt:  26.94 (4.29 periods), wall: 13.747 minutes, Δt:   1.39, CFL: 9.00e-01
i: 113800, t:  269543.0 s, ωt:  26.95 (4.29 periods), wall: 13.758 minutes, Δt:   1.57, CFL: 9.00e-01
i: 113900, t:  269699.1 s, ωt:  26.97 (4.29 periods), wall: 13.771 minutes, Δt:   1.11, CFL: 9.00e-01
i: 114000, t:  269859.9 s, ωt:  26.99 (4.29 periods), wall: 13.781 minutes, Δt:   1.73, CFL: 9.00e-01
i: 114100, t:  270019.2 s, ωt:  27.00 (4.30 periods), wall: 13.794 minutes, Δt:   1.61, CFL: 9.00e-01
i: 114200, t:  270187.4 s, ωt:  27.02 (4.30 periods), wall: 13.807 minutes, Δt:   1.43, CFL: 9.00e-01
i: 114300, t:  270344.5 s, ωt:  27.03 (4.30 periods), wall: 13.817 minutes, Δt:   1.74, CFL: 9.00e-01
i: 114400, t:  270527.3 s, ωt:  27.05 (4.31 periods), wall: 13.828 minutes, Δt:   1.69, CFL: 9.00e-01
i: 114500, t:  270705.8 s, ωt:  27.07 (4.31 periods), wall: 13.839 minutes, Δt:   1.94, CFL: 9.00e-01
i: 114600, t:  270883.3 s, ωt:  27.09 (4.31 periods), wall: 13.850 minutes, Δt:   1.70, CFL: 9.00e-01
i: 114700, t:  271056.2 s, ωt:  27.11 (4.31 periods), wall: 13.860 minutes, Δt:   1.77, CFL: 9.00e-01
i: 114800, t:  271225.9 s, ωt:  27.12 (4.32 periods), wall: 13.871 minutes, Δt:   1.48, CFL: 9.00e-01
i: 114900, t:  271410.8 s, ωt:  27.14 (4.32 periods), wall: 13.881 minutes, Δt:   1.86, CFL: 9.00e-01
i: 115000, t:  271592.5 s, ωt:  27.16 (4.32 periods), wall: 13.893 minutes, Δt:   1.65, CFL: 9.00e-01
i: 115100, t:  271772.5 s, ωt:  27.18 (4.33 periods), wall: 13.904 minutes, Δt:   1.81, CFL: 9.00e-01
i: 115200, t:  271967.9 s, ωt:  27.20 (4.33 periods), wall: 13.914 minutes, Δt:   1.91, CFL: 9.00e-01
i: 115300, t:  272165.8 s, ωt:  27.22 (4.33 periods), wall: 13.927 minutes, Δt:   1.77, CFL: 9.00e-01
i: 115400, t:  272366.5 s, ωt:  27.24 (4.33 periods), wall: 13.937 minutes, Δt:   1.84, CFL: 9.00e-01
i: 115500, t:  272567.9 s, ωt:  27.26 (4.34 periods), wall: 13.950 minutes, Δt:   2.06, CFL: 9.00e-01
i: 115600, t:  272735.8 s, ωt:  27.27 (4.34 periods), wall: 13.961 minutes, Δt:   2.00, CFL: 9.00e-01
i: 115700, t:  272942.2 s, ωt:  27.29 (4.34 periods), wall: 13.972 minutes, Δt:   1.96, CFL: 9.00e-01
i: 115800, t:  273131.2 s, ωt:  27.31 (4.35 periods), wall: 13.984 minutes, Δt:   2.16, CFL: 9.00e-01
i: 115900, t:  273331.6 s, ωt:  27.33 (4.35 periods), wall: 13.995 minutes, Δt:   2.39, CFL: 9.00e-01
i: 116000, t:  273543.3 s, ωt:  27.35 (4.35 periods), wall: 14.005 minutes, Δt:   1.91, CFL: 9.00e-01
i: 116100, t:  273746.8 s, ωt:  27.37 (4.36 periods), wall: 14.018 minutes, Δt:   1.79, CFL: 9.00e-01
i: 116200, t:  273950.7 s, ωt:  27.40 (4.36 periods), wall: 14.029 minutes, Δt:   2.11, CFL: 9.00e-01
i: 116300, t:  274157.2 s, ωt:  27.42 (4.36 periods), wall: 14.039 minutes, Δt:   1.87, CFL: 9.00e-01
i: 116400, t:  274356.3 s, ωt:  27.44 (4.37 periods), wall: 14.051 minutes, Δt:   1.99, CFL: 9.00e-01
i: 116500, t:  274559.8 s, ωt:  27.46 (4.37 periods), wall: 14.061 minutes, Δt:   1.88, CFL: 9.00e-01
i: 116600, t:  274767.9 s, ωt:  27.48 (4.37 periods), wall: 14.075 minutes, Δt:   2.08, CFL: 9.00e-01
i: 116700, t:  275011.1 s, ωt:  27.50 (4.38 periods), wall: 14.090 minutes, Δt:   2.36, CFL: 9.00e-01
i: 116800, t:  275230.7 s, ωt:  27.52 (4.38 periods), wall: 14.102 minutes, Δt:   2.34, CFL: 9.00e-01
i: 116900, t:  275477.4 s, ωt:  27.55 (4.38 periods), wall: 14.112 minutes, Δt:   2.85, CFL: 9.00e-01
i: 117000, t:  275725.2 s, ωt:  27.57 (4.39 periods), wall: 14.123 minutes, Δt:   2.36, CFL: 9.00e-01
i: 117100, t:  275982.3 s, ωt:  27.60 (4.39 periods), wall: 14.139 minutes, Δt:   2.43, CFL: 9.00e-01
i: 117200, t:  276233.2 s, ωt:  27.62 (4.40 periods), wall: 14.150 minutes, Δt:   2.88, CFL: 9.00e-01
i: 117300, t:  276477.5 s, ωt:  27.65 (4.40 periods), wall: 14.163 minutes, Δt:   2.60, CFL: 8.59e-01
i: 117400, t:  276728.3 s, ωt:  27.67 (4.40 periods), wall: 14.173 minutes, Δt:   2.56, CFL: 9.00e-01
i: 117500, t:  276968.8 s, ωt:  27.70 (4.41 periods), wall: 14.188 minutes, Δt:   2.03, CFL: 9.00e-01
i: 117600, t:  277212.3 s, ωt:  27.72 (4.41 periods), wall: 14.201 minutes, Δt:   2.86, CFL: 9.00e-01
i: 117700, t:  277513.2 s, ωt:  27.75 (4.42 periods), wall: 14.212 minutes, Δt:   3.13, CFL: 9.00e-01
i: 117800, t:  277825.7 s, ωt:  27.78 (4.42 periods), wall: 14.223 minutes, Δt:   2.76, CFL: 9.00e-01
i: 117900, t:  278125.5 s, ωt:  27.81 (4.43 periods), wall: 14.235 minutes, Δt:   3.21, CFL: 9.00e-01
i: 118000, t:  278424.3 s, ωt:  27.84 (4.43 periods), wall: 14.246 minutes, Δt:   2.78, CFL: 9.00e-01
i: 118100, t:  278720.3 s, ωt:  27.87 (4.44 periods), wall: 14.258 minutes, Δt:   2.96, CFL: 9.00e-01
i: 118200, t:  279038.9 s, ωt:  27.90 (4.44 periods), wall: 14.269 minutes, Δt:   3.67, CFL: 9.00e-01
i: 118300, t:  279380.1 s, ωt:  27.94 (4.45 periods), wall: 14.280 minutes, Δt:   3.35, CFL: 9.00e-01
i: 118400, t:  279747.1 s, ωt:  27.97 (4.45 periods), wall: 14.293 minutes, Δt:   3.28, CFL: 9.00e-01
i: 118500, t:  280104.3 s, ωt:  28.01 (4.46 periods), wall: 14.304 minutes, Δt:   3.59, CFL: 9.00e-01
i: 118600, t:  280541.8 s, ωt:  28.05 (4.46 periods), wall: 14.316 minutes, Δt:   4.01, CFL: 9.00e-01
i: 118700, t:  280946.3 s, ωt:  28.09 (4.47 periods), wall: 14.343 minutes, Δt:   5.12, CFL: 9.00e-01
i: 118800, t:  281452.6 s, ωt:  28.15 (4.48 periods), wall: 14.359 minutes, Δt:   5.30, CFL: 9.00e-01
i: 118900, t:  282036.1 s, ωt:  28.20 (4.49 periods), wall: 14.372 minutes, Δt:   5.01, CFL: 9.00e-01
i: 119000, t:  282697.7 s, ωt:  28.27 (4.50 periods), wall: 14.385 minutes, Δt:   5.92, CFL: 9.00e-01
i: 119100, t:  283270.5 s, ωt:  28.33 (4.51 periods), wall: 14.434 minutes, Δt:   5.30, CFL: 9.00e-01
i: 119200, t:  283758.8 s, ωt:  28.38 (4.52 periods), wall: 14.449 minutes, Δt:   5.69, CFL: 9.00e-01
i: 119300, t:  284331.3 s, ωt:  28.43 (4.53 periods), wall: 14.467 minutes, Δt:   6.00, CFL: 9.00e-01
i: 119400, t:  284865.5 s, ωt:  28.49 (4.53 periods), wall: 14.479 minutes, Δt:   4.70, CFL: 9.00e-01
i: 119500, t:  285367.6 s, ωt:  28.54 (4.54 periods), wall: 14.501 minutes, Δt:   5.37, CFL: 9.00e-01
i: 119600, t:  285842.0 s, ωt:  28.58 (4.55 periods), wall: 14.516 minutes, Δt:   4.75, CFL: 9.00e-01
i: 119700, t:  286261.5 s, ωt:  28.63 (4.56 periods), wall: 14.535 minutes, Δt:   3.57, CFL: 9.00e-01
i: 119800, t:  286643.9 s, ωt:  28.66 (4.56 periods), wall: 14.546 minutes, Δt:   3.74, CFL: 9.00e-01
i: 119900, t:  286999.2 s, ωt:  28.70 (4.57 periods), wall: 14.558 minutes, Δt:   3.82, CFL: 9.00e-01
i: 120000, t:  287362.3 s, ωt:  28.74 (4.57 periods), wall: 14.570 minutes, Δt:   3.74, CFL: 9.00e-01
i: 120100, t:  287673.3 s, ωt:  28.77 (4.58 periods), wall: 14.581 minutes, Δt:   2.48, CFL: 9.00e-01
i: 120200, t:  287974.0 s, ωt:  28.80 (4.58 periods), wall: 14.593 minutes, Δt:   3.35, CFL: 9.00e-01
i: 120300, t:  288267.3 s, ωt:  28.83 (4.59 periods), wall: 14.605 minutes, Δt:   2.57, CFL: 9.00e-01
i: 120400, t:  288544.4 s, ωt:  28.85 (4.59 periods), wall: 14.625 minutes, Δt:   2.91, CFL: 9.00e-01
i: 120500, t:  288823.2 s, ωt:  28.88 (4.60 periods), wall: 14.636 minutes, Δt:   2.76, CFL: 9.00e-01
i: 120600, t:  289076.1 s, ωt:  28.91 (4.60 periods), wall: 14.648 minutes, Δt:   2.75, CFL: 9.00e-01
i: 120700, t:  289345.6 s, ωt:  28.93 (4.61 periods), wall: 14.664 minutes, Δt:   2.41, CFL: 9.00e-01
i: 120800, t:  289580.5 s, ωt:  28.96 (4.61 periods), wall: 14.674 minutes, Δt:   2.50, CFL: 9.00e-01
i: 120900, t:  289816.6 s, ωt:  28.98 (4.61 periods), wall: 14.686 minutes, Δt:   2.19, CFL: 9.00e-01
i: 121000, t:  290042.3 s, ωt:  29.00 (4.62 periods), wall: 14.701 minutes, Δt:   2.48, CFL: 9.00e-01
i: 121100, t:  290279.4 s, ωt:  29.03 (4.62 periods), wall: 14.711 minutes, Δt:   2.25, CFL: 9.00e-01
i: 121200, t:  290512.6 s, ωt:  29.05 (4.62 periods), wall: 14.723 minutes, Δt:   2.10, CFL: 9.00e-01
i: 121300, t:  290734.5 s, ωt:  29.07 (4.63 periods), wall: 14.737 minutes, Δt:   2.30, CFL: 9.00e-01
i: 121400, t:  290951.7 s, ωt:  29.10 (4.63 periods), wall: 14.752 minutes, Δt:   2.17, CFL: 9.00e-01
i: 121500, t:  291169.5 s, ωt:  29.12 (4.63 periods), wall: 14.762 minutes, Δt:   2.14, CFL: 9.00e-01
i: 121600, t:  291378.5 s, ωt:  29.14 (4.64 periods), wall: 14.778 minutes, Δt:   1.87, CFL: 9.00e-01
i: 121700, t:  291577.1 s, ωt:  29.16 (4.64 periods), wall: 14.791 minutes, Δt:   2.02, CFL: 9.00e-01
i: 121800, t:  291778.6 s, ωt:  29.18 (4.64 periods), wall: 14.801 minutes, Δt:   1.57, CFL: 9.00e-01
i: 121900, t:  291943.5 s, ωt:  29.19 (4.65 periods), wall: 14.813 minutes, Δt:   1.63, CFL: 9.00e-01
i: 122000, t:  292132.5 s, ωt:  29.21 (4.65 periods), wall: 14.823 minutes, Δt:   2.14, CFL: 9.00e-01
i: 122100, t:  292341.9 s, ωt:  29.23 (4.65 periods), wall: 14.834 minutes, Δt:   1.91, CFL: 9.00e-01
i: 122200, t:  292534.2 s, ωt:  29.25 (4.66 periods), wall: 14.845 minutes, Δt:   1.81, CFL: 9.00e-01
i: 122300, t:  292712.3 s, ωt:  29.27 (4.66 periods), wall: 14.855 minutes, Δt:   1.82, CFL: 9.00e-01
i: 122400, t:  292894.6 s, ωt:  29.29 (4.66 periods), wall: 14.867 minutes, Δt:   2.06, CFL: 9.00e-01
i: 122500, t:  293076.4 s, ωt:  29.31 (4.66 periods), wall: 14.877 minutes, Δt:   1.98, CFL: 9.00e-01
i: 122600, t:  293262.7 s, ωt:  29.33 (4.67 periods), wall: 14.888 minutes, Δt:   1.81, CFL: 9.00e-01
i: 122700, t:  293451.5 s, ωt:  29.35 (4.67 periods), wall: 14.899 minutes, Δt:   1.82, CFL: 9.00e-01
i: 122800, t:  293648.3 s, ωt:  29.36 (4.67 periods), wall: 14.910 minutes, Δt:   1.94, CFL: 9.00e-01
i: 122900, t:  293824.2 s, ωt:  29.38 (4.68 periods), wall: 14.921 minutes, Δt:   1.88, CFL: 9.00e-01
i: 123000, t:  294013.0 s, ωt:  29.40 (4.68 periods), wall: 14.931 minutes, Δt:   1.80, CFL: 9.00e-01
i: 123100, t:  294193.3 s, ωt:  29.42 (4.68 periods), wall: 14.945 minutes, Δt:   1.93, CFL: 9.00e-01
i: 123200, t:  294379.2 s, ωt:  29.44 (4.69 periods), wall: 14.959 minutes, Δt:   1.81, CFL: 9.00e-01
i: 123300, t:  294551.4 s, ωt:  29.46 (4.69 periods), wall: 14.969 minutes, Δt:   1.80, CFL: 9.00e-01
i: 123400, t:  294727.6 s, ωt:  29.47 (4.69 periods), wall: 14.983 minutes, Δt:   1.56, CFL: 9.00e-01
i: 123500, t:  294890.4 s, ωt:  29.49 (4.69 periods), wall: 14.993 minutes, Δt:   1.61, CFL: 9.00e-01
i: 123600, t:  295054.1 s, ωt:  29.51 (4.70 periods), wall: 15.006 minutes, Δt:   1.76, CFL: 9.00e-01
i: 123700, t:  295228.3 s, ωt:  29.52 (4.70 periods), wall: 15.016 minutes, Δt:   1.73, CFL: 9.00e-01
i: 123800, t:  295400.2 s, ωt:  29.54 (4.70 periods), wall: 15.029 minutes, Δt:   1.82, CFL: 9.00e-01
i: 123900, t:  295589.4 s, ωt:  29.56 (4.70 periods), wall: 15.039 minutes, Δt:   1.74, CFL: 9.00e-01
i: 124000, t:  295764.4 s, ωt:  29.58 (4.71 periods), wall: 15.067 minutes, Δt:   1.73, CFL: 9.00e-01
i: 124100, t:  295934.7 s, ωt:  29.59 (4.71 periods), wall: 15.078 minutes, Δt:   1.60, CFL: 9.00e-01
i: 124200, t:  296108.8 s, ωt:  29.61 (4.71 periods), wall: 15.093 minutes, Δt:   1.84, CFL: 9.00e-01
i: 124300, t:  296269.8 s, ωt:  29.63 (4.72 periods), wall: 15.107 minutes, Δt:   1.45, CFL: 9.00e-01
i: 124400, t:  296434.9 s, ωt:  29.64 (4.72 periods), wall: 15.117 minutes, Δt:   1.75, CFL: 9.00e-01
i: 124500, t:  296596.3 s, ωt:  29.66 (4.72 periods), wall: 15.130 minutes, Δt:   1.65, CFL: 9.00e-01
i: 124600, t:  296762.2 s, ωt:  29.68 (4.72 periods), wall: 15.140 minutes, Δt:   1.56, CFL: 9.00e-01
i: 124700, t:  296919.5 s, ωt:  29.69 (4.73 periods), wall: 15.151 minutes, Δt:   1.51, CFL: 9.00e-01
i: 124800, t:  297080.8 s, ωt:  29.71 (4.73 periods), wall: 15.162 minutes, Δt:   1.77, CFL: 9.00e-01
i: 124900, t:  297248.7 s, ωt:  29.72 (4.73 periods), wall: 15.180 minutes, Δt:   1.67, CFL: 9.00e-01
i: 125000, t:  297415.4 s, ωt:  29.74 (4.73 periods), wall: 15.190 minutes, Δt:   1.65, CFL: 9.00e-01
i: 125100, t:  297573.2 s, ωt:  29.76 (4.74 periods), wall: 15.203 minutes, Δt:   1.38, CFL: 9.00e-01
i: 125200, t:  297726.0 s, ωt:  29.77 (4.74 periods), wall: 15.213 minutes, Δt:   1.46, CFL: 9.00e-01
i: 125300, t:  297862.3 s, ωt:  29.79 (4.74 periods), wall: 15.230 minutes, Δt:   1.63, CFL: 9.00e-01
i: 125400, t:  298013.1 s, ωt:  29.80 (4.74 periods), wall: 15.240 minutes, Δt:   1.41, CFL: 9.00e-01
i: 125500, t:  298161.6 s, ωt:  29.82 (4.75 periods), wall: 15.253 minutes, Δt:   1.38, CFL: 9.00e-01
i: 125600, t:  298314.5 s, ωt:  29.83 (4.75 periods), wall: 15.263 minutes, Δt:   1.51, CFL: 9.00e-01
i: 125700, t:  298473.3 s, ωt:  29.85 (4.75 periods), wall: 15.275 minutes, Δt:   1.71, CFL: 9.00e-01
i: 125800, t:  298636.6 s, ωt:  29.86 (4.75 periods), wall: 15.285 minutes, Δt:   1.48, CFL: 9.00e-01
i: 125900, t:  298793.8 s, ωt:  29.88 (4.76 periods), wall: 15.296 minutes, Δt:   1.52, CFL: 9.00e-01
i: 126000, t:  298944.0 s, ωt:  29.89 (4.76 periods), wall: 15.306 minutes, Δt:   1.51, CFL: 9.00e-01
i: 126100, t:  299109.7 s, ωt:  29.91 (4.76 periods), wall: 15.318 minutes, Δt:   1.88, CFL: 9.00e-01
i: 126200, t:  299274.1 s, ωt:  29.93 (4.76 periods), wall: 15.328 minutes, Δt:   1.49, CFL: 9.00e-01
i: 126300, t:  299437.2 s, ωt:  29.94 (4.77 periods), wall: 15.340 minutes, Δt:   1.64, CFL: 9.00e-01
i: 126400, t:  299606.4 s, ωt:  29.96 (4.77 periods), wall: 15.350 minutes, Δt:   1.71, CFL: 9.00e-01
i: 126500, t:  299768.7 s, ωt:  29.98 (4.77 periods), wall: 15.362 minutes, Δt:   1.68, CFL: 9.00e-01
i: 126600, t:  299930.2 s, ωt:  29.99 (4.77 periods), wall: 15.372 minutes, Δt:   1.62, CFL: 9.00e-01
i: 126700, t:  300095.2 s, ωt:  30.01 (4.78 periods), wall: 15.383 minutes, Δt:   1.53, CFL: 9.00e-01
i: 126800, t:  300267.5 s, ωt:  30.03 (4.78 periods), wall: 15.393 minutes, Δt:   1.72, CFL: 9.00e-01
i: 126900, t:  300438.0 s, ωt:  30.04 (4.78 periods), wall: 15.405 minutes, Δt:   1.83, CFL: 9.00e-01
i: 127000, t:  300607.0 s, ωt:  30.06 (4.78 periods), wall: 15.415 minutes, Δt:   1.75, CFL: 9.00e-01
i: 127100, t:  300774.6 s, ωt:  30.08 (4.79 periods), wall: 15.427 minutes, Δt:   1.69, CFL: 9.00e-01
i: 127200, t:  300955.6 s, ωt:  30.10 (4.79 periods), wall: 15.437 minutes, Δt:   2.05, CFL: 9.00e-01
i: 127300, t:  301141.1 s, ωt:  30.11 (4.79 periods), wall: 15.449 minutes, Δt:   1.58, CFL: 9.00e-01
i: 127400, t:  301303.4 s, ωt:  30.13 (4.80 periods), wall: 15.461 minutes, Δt:   1.90, CFL: 9.00e-01
i: 127500, t:  301477.2 s, ωt:  30.15 (4.80 periods), wall: 15.471 minutes, Δt:   1.76, CFL: 9.00e-01
i: 127600, t:  301660.2 s, ωt:  30.17 (4.80 periods), wall: 15.482 minutes, Δt:   1.94, CFL: 9.00e-01
i: 127700, t:  301851.1 s, ωt:  30.19 (4.80 periods), wall: 15.492 minutes, Δt:   2.02, CFL: 9.00e-01
i: 127800, t:  302026.8 s, ωt:  30.20 (4.81 periods), wall: 15.505 minutes, Δt:   1.84, CFL: 9.00e-01
i: 127900, t:  302215.2 s, ωt:  30.22 (4.81 periods), wall: 15.515 minutes, Δt:   1.67, CFL: 9.00e-01
i: 128000, t:  302382.2 s, ωt:  30.24 (4.81 periods), wall: 15.529 minutes, Δt:   1.59, CFL: 9.00e-01
i: 128100, t:  302547.2 s, ωt:  30.25 (4.82 periods), wall: 15.543 minutes, Δt:   1.78, CFL: 9.00e-01
i: 128200, t:  302724.0 s, ωt:  30.27 (4.82 periods), wall: 15.553 minutes, Δt:   1.66, CFL: 9.00e-01
i: 128300, t:  302897.3 s, ωt:  30.29 (4.82 periods), wall: 15.565 minutes, Δt:   1.86, CFL: 9.00e-01
i: 128400, t:  303078.4 s, ωt:  30.31 (4.82 periods), wall: 15.575 minutes, Δt:   2.00, CFL: 9.00e-01
i: 128500, t:  303274.4 s, ωt:  30.33 (4.83 periods), wall: 15.588 minutes, Δt:   1.85, CFL: 9.00e-01
i: 128600, t:  303457.8 s, ωt:  30.35 (4.83 periods), wall: 15.598 minutes, Δt:   1.61, CFL: 9.00e-01
i: 128700, t:  303653.0 s, ωt:  30.37 (4.83 periods), wall: 15.610 minutes, Δt:   2.04, CFL: 9.00e-01
i: 128800, t:  303838.8 s, ωt:  30.38 (4.84 periods), wall: 15.621 minutes, Δt:   1.78, CFL: 9.00e-01
i: 128900, t:  304035.1 s, ωt:  30.40 (4.84 periods), wall: 15.631 minutes, Δt:   1.51, CFL: 9.00e-01
i: 129000, t:  304190.4 s, ωt:  30.42 (4.84 periods), wall: 15.643 minutes, Δt:   1.89, CFL: 9.00e-01
i: 129100, t:  304391.3 s, ωt:  30.44 (4.84 periods), wall: 15.654 minutes, Δt:   1.93, CFL: 9.00e-01
i: 129200, t:  304590.1 s, ωt:  30.46 (4.85 periods), wall: 15.665 minutes, Δt:   2.22, CFL: 9.00e-01
i: 129300, t:  304797.6 s, ωt:  30.48 (4.85 periods), wall: 15.678 minutes, Δt:   2.09, CFL: 9.00e-01
i: 129400, t:  304985.4 s, ωt:  30.50 (4.85 periods), wall: 15.688 minutes, Δt:   1.92, CFL: 9.00e-01
i: 129500, t:  305179.3 s, ωt:  30.52 (4.86 periods), wall: 15.699 minutes, Δt:   2.09, CFL: 9.00e-01
i: 129600, t:  305359.4 s, ωt:  30.54 (4.86 periods), wall: 15.709 minutes, Δt:   1.86, CFL: 9.00e-01
i: 129700, t:  305579.4 s, ωt:  30.56 (4.86 periods), wall: 15.720 minutes, Δt:   2.33, CFL: 9.00e-01
i: 129800, t:  305792.9 s, ωt:  30.58 (4.87 periods), wall: 15.735 minutes, Δt:   2.26, CFL: 9.00e-01
i: 129900, t:  305999.6 s, ωt:  30.60 (4.87 periods), wall: 15.747 minutes, Δt:   2.43, CFL: 9.00e-01
i: 130000, t:  306228.3 s, ωt:  30.62 (4.87 periods), wall: 15.757 minutes, Δt:   1.84, CFL: 9.00e-01
i: 130100, t:  306446.2 s, ωt:  30.64 (4.88 periods), wall: 15.768 minutes, Δt:   2.55, CFL: 9.00e-01
i: 130200, t:  306688.4 s, ωt:  30.67 (4.88 periods), wall: 15.788 minutes, Δt:   2.15, CFL: 9.00e-01
i: 130300, t:  306919.0 s, ωt:  30.69 (4.88 periods), wall: 15.799 minutes, Δt:   2.15, CFL: 9.00e-01
i: 130400, t:  307144.1 s, ωt:  30.71 (4.89 periods), wall: 15.813 minutes, Δt:   1.95, CFL: 9.00e-01
i: 130500, t:  307364.7 s, ωt:  30.74 (4.89 periods), wall: 15.827 minutes, Δt:   2.36, CFL: 9.00e-01
i: 130600, t:  307623.6 s, ωt:  30.76 (4.90 periods), wall: 15.838 minutes, Δt:   2.59, CFL: 9.00e-01
i: 130700, t:  307890.0 s, ωt:  30.79 (4.90 periods), wall: 15.851 minutes, Δt:   2.56, CFL: 9.00e-01
i: 130800, t:  308168.7 s, ωt:  30.82 (4.90 periods), wall: 15.861 minutes, Δt:   2.37, CFL: 9.00e-01
i: 130900, t:  308415.8 s, ωt:  30.84 (4.91 periods), wall: 15.873 minutes, Δt:   2.73, CFL: 9.00e-01
i: 131000, t:  308652.4 s, ωt:  30.87 (4.91 periods), wall: 15.885 minutes, Δt:   1.96, CFL: 9.00e-01
i: 131100, t:  308869.0 s, ωt:  30.89 (4.92 periods), wall: 15.898 minutes, Δt:   2.71, CFL: 9.00e-01
i: 131200, t:  309175.8 s, ωt:  30.92 (4.92 periods), wall: 15.910 minutes, Δt:   3.49, CFL: 9.00e-01
i: 131300, t:  309509.3 s, ωt:  30.95 (4.93 periods), wall: 15.922 minutes, Δt:   3.55, CFL: 9.00e-01
i: 131400, t:  309841.1 s, ωt:  30.98 (4.93 periods), wall: 15.933 minutes, Δt:   3.32, CFL: 9.00e-01
i: 131500, t:  310189.3 s, ωt:  31.02 (4.94 periods), wall: 15.946 minutes, Δt:   3.41, CFL: 9.00e-01
i: 131600, t:  310503.2 s, ωt:  31.05 (4.94 periods), wall: 15.958 minutes, Δt:   3.26, CFL: 9.00e-01
i: 131700, t:  310875.6 s, ωt:  31.09 (4.95 periods), wall: 15.970 minutes, Δt:   4.37, CFL: 9.00e-01
i: 131800, t:  311286.3 s, ωt:  31.13 (4.95 periods), wall: 15.981 minutes, Δt:   3.67, CFL: 9.00e-01
i: 131900, t:  311675.8 s, ωt:  31.17 (4.96 periods), wall: 15.995 minutes, Δt:   4.78, CFL: 9.00e-01
i: 132000, t:  312138.1 s, ωt:  31.21 (4.97 periods), wall: 16.009 minutes, Δt:   5.18, CFL: 9.00e-01
i: 132100, t:  312680.8 s, ωt:  31.27 (4.98 periods), wall: 16.022 minutes, Δt:   6.31, CFL: 9.00e-01
i: 132200, t:  313385.7 s, ωt:  31.34 (4.99 periods), wall: 16.035 minutes, Δt:   8.33, CFL: 9.00e-01
i: 132300, t:  314143.7 s, ωt:  31.41 (5.00 periods), wall: 16.049 minutes, Δt:   7.89, CFL: 9.00e-01
i: 132400, t:  314891.7 s, ωt:  31.49 (5.01 periods), wall: 16.077 minutes, Δt:   7.71, CFL: 9.00e-01
i: 132500, t:  315582.0 s, ωt:  31.56 (5.02 periods), wall: 16.091 minutes, Δt:   5.72, CFL: 9.00e-01
i: 132600, t:  316257.7 s, ωt:  31.63 (5.03 periods), wall: 16.104 minutes, Δt:   6.28, CFL: 9.00e-01
i: 132700, t:  316877.3 s, ωt:  31.69 (5.04 periods), wall: 16.117 minutes, Δt:   5.55, CFL: 9.00e-01
i: 132800, t:  317378.0 s, ωt:  31.74 (5.05 periods), wall: 16.135 minutes, Δt:   5.03, CFL: 9.00e-01
i: 132900, t:  317872.4 s, ωt:  31.79 (5.06 periods), wall: 16.148 minutes, Δt:   4.51, CFL: 9.00e-01
i: 133000, t:  318310.2 s, ωt:  31.83 (5.07 periods), wall: 16.160 minutes, Δt:   3.58, CFL: 9.00e-01
i: 133100, t:  318653.3 s, ωt:  31.87 (5.07 periods), wall: 16.171 minutes, Δt:   2.95, CFL: 9.00e-01
i: 133200, t:  318980.4 s, ωt:  31.90 (5.08 periods), wall: 16.183 minutes, Δt:   2.94, CFL: 9.00e-01
i: 133300, t:  319296.3 s, ωt:  31.93 (5.08 periods), wall: 16.194 minutes, Δt:   2.91, CFL: 9.00e-01
i: 133400, t:  319586.3 s, ωt:  31.96 (5.09 periods), wall: 16.206 minutes, Δt:   2.77, CFL: 9.00e-01
i: 133500, t:  319884.6 s, ωt:  31.99 (5.09 periods), wall: 16.217 minutes, Δt:   2.99, CFL: 9.00e-01
i: 133600, t:  320183.4 s, ωt:  32.02 (5.10 periods), wall: 16.228 minutes, Δt:   2.97, CFL: 9.00e-01
i: 133700, t:  320464.4 s, ωt:  32.05 (5.10 periods), wall: 16.239 minutes, Δt:   2.76, CFL: 9.00e-01
i: 133800, t:  320725.2 s, ωt:  32.07 (5.10 periods), wall: 16.249 minutes, Δt:   2.49, CFL: 9.00e-01
i: 133900, t:  320964.6 s, ωt:  32.10 (5.11 periods), wall: 16.261 minutes, Δt:   2.30, CFL: 9.00e-01
i: 134000, t:  321213.4 s, ωt:  32.12 (5.11 periods), wall: 16.272 minutes, Δt:   2.27, CFL: 9.00e-01
i: 134100, t:  321450.9 s, ωt:  32.15 (5.12 periods), wall: 16.283 minutes, Δt:   2.51, CFL: 9.00e-01
i: 134200, t:  321690.7 s, ωt:  32.17 (5.12 periods), wall: 16.293 minutes, Δt:   2.51, CFL: 9.00e-01
i: 134300, t:  321927.2 s, ωt:  32.19 (5.12 periods), wall: 16.306 minutes, Δt:   2.35, CFL: 9.00e-01
i: 134400, t:  322133.0 s, ωt:  32.21 (5.13 periods), wall: 16.317 minutes, Δt:   1.92, CFL: 9.00e-01
i: 134500, t:  322359.9 s, ωt:  32.24 (5.13 periods), wall: 16.329 minutes, Δt:   2.32, CFL: 9.00e-01
i: 134600, t:  322583.1 s, ωt:  32.26 (5.13 periods), wall: 16.339 minutes, Δt:   2.19, CFL: 9.00e-01
i: 134700, t:  322809.1 s, ωt:  32.28 (5.14 periods), wall: 16.353 minutes, Δt:   2.19, CFL: 9.00e-01
i: 134800, t:  323023.0 s, ωt:  32.30 (5.14 periods), wall: 16.364 minutes, Δt:   1.95, CFL: 9.00e-01
i: 134900, t:  323235.1 s, ωt:  32.32 (5.14 periods), wall: 16.374 minutes, Δt:   2.01, CFL: 9.00e-01
i: 135000, t:  323439.6 s, ωt:  32.34 (5.15 periods), wall: 16.385 minutes, Δt:   1.77, CFL: 9.00e-01
i: 135100, t:  323629.8 s, ωt:  32.36 (5.15 periods), wall: 16.397 minutes, Δt:   1.93, CFL: 9.00e-01
i: 135200, t:  323829.7 s, ωt:  32.38 (5.15 periods), wall: 16.407 minutes, Δt:   2.05, CFL: 9.00e-01
i: 135300, t:  324033.2 s, ωt:  32.40 (5.16 periods), wall: 16.418 minutes, Δt:   2.05, CFL: 9.00e-01
i: 135400, t:  324235.6 s, ωt:  32.42 (5.16 periods), wall: 16.430 minutes, Δt:   2.14, CFL: 9.00e-01
i: 135500, t:  324437.9 s, ωt:  32.44 (5.16 periods), wall: 16.440 minutes, Δt:   1.89, CFL: 9.00e-01
i: 135600, t:  324626.0 s, ωt:  32.46 (5.17 periods), wall: 16.453 minutes, Δt:   1.91, CFL: 9.00e-01
i: 135700, t:  324817.6 s, ωt:  32.48 (5.17 periods), wall: 16.463 minutes, Δt:   2.07, CFL: 9.00e-01
i: 135800, t:  325018.2 s, ωt:  32.50 (5.17 periods), wall: 16.474 minutes, Δt:   2.16, CFL: 9.00e-01
i: 135900, t:  325210.8 s, ωt:  32.52 (5.18 periods), wall: 16.485 minutes, Δt:   1.73, CFL: 9.00e-01
i: 136000, t:  325389.5 s, ωt:  32.54 (5.18 periods), wall: 16.495 minutes, Δt:   1.64, CFL: 9.00e-01
i: 136100, t:  325566.1 s, ωt:  32.56 (5.18 periods), wall: 16.506 minutes, Δt:   1.94, CFL: 9.00e-01
i: 136200, t:  325743.1 s, ωt:  32.57 (5.18 periods), wall: 16.517 minutes, Δt:   1.63, CFL: 9.00e-01
i: 136300, t:  325920.9 s, ωt:  32.59 (5.19 periods), wall: 16.529 minutes, Δt:   1.83, CFL: 9.00e-01
i: 136400, t:  326112.6 s, ωt:  32.61 (5.19 periods), wall: 16.542 minutes, Δt:   1.94, CFL: 9.00e-01
i: 136500, t:  326294.3 s, ωt:  32.63 (5.19 periods), wall: 16.552 minutes, Δt:   1.68, CFL: 9.00e-01
i: 136600, t:  326463.6 s, ωt:  32.65 (5.20 periods), wall: 16.563 minutes, Δt:   1.84, CFL: 9.00e-01
i: 136700, t:  326640.4 s, ωt:  32.66 (5.20 periods), wall: 16.573 minutes, Δt:   1.49, CFL: 9.00e-01
i: 136800, t:  326813.8 s, ωt:  32.68 (5.20 periods), wall: 16.585 minutes, Δt:   1.92, CFL: 9.00e-01
i: 136900, t:  326993.2 s, ωt:  32.70 (5.20 periods), wall: 16.595 minutes, Δt:   1.80, CFL: 9.00e-01
i: 137000, t:  327155.8 s, ωt:  32.72 (5.21 periods), wall: 16.606 minutes, Δt:   1.70, CFL: 9.00e-01
i: 137100, t:  327324.6 s, ωt:  32.73 (5.21 periods), wall: 16.616 minutes, Δt:   1.74, CFL: 9.00e-01
i: 137200, t:  327486.7 s, ωt:  32.75 (5.21 periods), wall: 16.627 minutes, Δt:   1.61, CFL: 9.00e-01
i: 137300, t:  327652.0 s, ωt:  32.77 (5.21 periods), wall: 16.638 minutes, Δt:   1.71, CFL: 9.00e-01
i: 137400, t:  327818.8 s, ωt:  32.78 (5.22 periods), wall: 16.649 minutes, Δt:   1.74, CFL: 9.00e-01
i: 137500, t:  327990.7 s, ωt:  32.80 (5.22 periods), wall: 16.660 minutes, Δt:   1.63, CFL: 9.00e-01
i: 137600, t:  328176.4 s, ωt:  32.82 (5.22 periods), wall: 16.670 minutes, Δt:   1.83, CFL: 9.00e-01
i: 137700, t:  328345.0 s, ωt:  32.83 (5.23 periods), wall: 16.681 minutes, Δt:   1.69, CFL: 9.00e-01
i: 137800, t:  328509.9 s, ωt:  32.85 (5.23 periods), wall: 16.691 minutes, Δt:   2.02, CFL: 9.00e-01
i: 137900, t:  328680.6 s, ωt:  32.87 (5.23 periods), wall: 16.703 minutes, Δt:   1.60, CFL: 9.00e-01
i: 138000, t:  328855.9 s, ωt:  32.89 (5.23 periods), wall: 16.713 minutes, Δt:   1.83, CFL: 9.00e-01
i: 138100, t:  329025.0 s, ωt:  32.90 (5.24 periods), wall: 16.725 minutes, Δt:   1.56, CFL: 9.00e-01
i: 138200, t:  329192.7 s, ωt:  32.92 (5.24 periods), wall: 16.735 minutes, Δt:   1.76, CFL: 9.00e-01
i: 138300, t:  329365.8 s, ωt:  32.94 (5.24 periods), wall: 16.746 minutes, Δt:   1.88, CFL: 9.00e-01
i: 138400, t:  329532.7 s, ωt:  32.95 (5.24 periods), wall: 16.756 minutes, Δt:   1.70, CFL: 9.00e-01
i: 138500, t:  329701.8 s, ωt:  32.97 (5.25 periods), wall: 16.768 minutes, Δt:   1.65, CFL: 9.00e-01
i: 138600, t:  329867.2 s, ωt:  32.99 (5.25 periods), wall: 16.778 minutes, Δt:   1.74, CFL: 9.00e-01
i: 138700, t:  330030.1 s, ωt:  33.00 (5.25 periods), wall: 16.789 minutes, Δt:   1.80, CFL: 9.00e-01
i: 138800, t:  330190.4 s, ωt:  33.02 (5.26 periods), wall: 16.801 minutes, Δt:   1.73, CFL: 9.00e-01
i: 138900, t:  330359.0 s, ωt:  33.04 (5.26 periods), wall: 16.811 minutes, Δt:   1.63, CFL: 9.00e-01
i: 139000, t:  330523.3 s, ωt:  33.05 (5.26 periods), wall: 16.822 minutes, Δt:   1.71, CFL: 9.00e-01
i: 139100, t:  330692.6 s, ωt:  33.07 (5.26 periods), wall: 16.832 minutes, Δt:   1.79, CFL: 9.00e-01
i: 139200, t:  330878.3 s, ωt:  33.09 (5.27 periods), wall: 16.844 minutes, Δt:   1.79, CFL: 9.00e-01
i: 139300, t:  331055.6 s, ωt:  33.11 (5.27 periods), wall: 16.854 minutes, Δt:   1.95, CFL: 9.00e-01
i: 139400, t:  331237.6 s, ωt:  33.12 (5.27 periods), wall: 16.865 minutes, Δt:   2.00, CFL: 9.00e-01
i: 139500, t:  331414.2 s, ωt:  33.14 (5.27 periods), wall: 16.876 minutes, Δt:   2.03, CFL: 9.00e-01
i: 139600, t:  331598.9 s, ωt:  33.16 (5.28 periods), wall: 16.887 minutes, Δt:   1.61, CFL: 9.00e-01
i: 139700, t:  331765.7 s, ωt:  33.18 (5.28 periods), wall: 16.899 minutes, Δt:   1.65, CFL: 9.00e-01
i: 139800, t:  331931.6 s, ωt:  33.19 (5.28 periods), wall: 16.909 minutes, Δt:   1.59, CFL: 9.00e-01
i: 139900, t:  332101.8 s, ωt:  33.21 (5.29 periods), wall: 16.920 minutes, Δt:   1.79, CFL: 9.00e-01
i: 140000, t:  332274.0 s, ωt:  33.23 (5.29 periods), wall: 16.930 minutes, Δt:   1.88, CFL: 9.00e-01
i: 140100, t:  332453.7 s, ωt:  33.25 (5.29 periods), wall: 16.942 minutes, Δt:   1.66, CFL: 9.00e-01
i: 140200, t:  332630.8 s, ωt:  33.26 (5.29 periods), wall: 16.952 minutes, Δt:   1.77, CFL: 9.00e-01
i: 140300, t:  332796.6 s, ωt:  33.28 (5.30 periods), wall: 16.964 minutes, Δt:   1.34, CFL: 9.00e-01
i: 140400, t:  332955.3 s, ωt:  33.30 (5.30 periods), wall: 16.974 minutes, Δt:   1.46, CFL: 9.00e-01
i: 140500, t:  333122.4 s, ωt:  33.31 (5.30 periods), wall: 16.985 minutes, Δt:   1.98, CFL: 9.00e-01
i: 140600, t:  333313.9 s, ωt:  33.33 (5.30 periods), wall: 16.995 minutes, Δt:   1.68, CFL: 9.00e-01
i: 140700, t:  333485.3 s, ωt:  33.35 (5.31 periods), wall: 17.009 minutes, Δt:   1.70, CFL: 9.00e-01
i: 140800, t:  333666.5 s, ωt:  33.37 (5.31 periods), wall: 17.021 minutes, Δt:   2.00, CFL: 9.00e-01
i: 140900, t:  333840.5 s, ωt:  33.38 (5.31 periods), wall: 17.031 minutes, Δt:   1.82, CFL: 9.00e-01
i: 141000, t:  334012.9 s, ωt:  33.40 (5.32 periods), wall: 17.043 minutes, Δt:   1.53, CFL: 9.00e-01
i: 141100, t:  334181.8 s, ωt:  33.42 (5.32 periods), wall: 17.053 minutes, Δt:   1.79, CFL: 9.00e-01
i: 141200, t:  334377.1 s, ωt:  33.44 (5.32 periods), wall: 17.065 minutes, Δt:   1.80, CFL: 9.00e-01
i: 141300, t:  334560.6 s, ωt:  33.46 (5.32 periods), wall: 17.074 minutes, Δt:   1.95, CFL: 9.00e-01
i: 141400, t:  334743.0 s, ωt:  33.47 (5.33 periods), wall: 17.088 minutes, Δt:   1.84, CFL: 9.00e-01
i: 141500, t:  334931.6 s, ωt:  33.49 (5.33 periods), wall: 17.100 minutes, Δt:   1.73, CFL: 9.00e-01
i: 141600, t:  335120.4 s, ωt:  33.51 (5.33 periods), wall: 17.110 minutes, Δt:   1.57, CFL: 9.00e-01
i: 141700, t:  335306.4 s, ωt:  33.53 (5.34 periods), wall: 17.122 minutes, Δt:   1.90, CFL: 9.00e-01
i: 141800, t:  335516.7 s, ωt:  33.55 (5.34 periods), wall: 17.132 minutes, Δt:   1.82, CFL: 9.00e-01
i: 141900, t:  335714.0 s, ωt:  33.57 (5.34 periods), wall: 17.144 minutes, Δt:   1.90, CFL: 9.00e-01
i: 142000, t:  335911.8 s, ωt:  33.59 (5.35 periods), wall: 17.155 minutes, Δt:   2.10, CFL: 9.00e-01
i: 142100, t:  336110.5 s, ωt:  33.61 (5.35 periods), wall: 17.165 minutes, Δt:   1.73, CFL: 9.00e-01
i: 142200, t:  336316.0 s, ωt:  33.63 (5.35 periods), wall: 17.178 minutes, Δt:   2.16, CFL: 9.00e-01
i: 142300, t:  336528.6 s, ωt:  33.65 (5.36 periods), wall: 17.189 minutes, Δt:   2.27, CFL: 9.00e-01
i: 142400, t:  336731.2 s, ωt:  33.67 (5.36 periods), wall: 17.199 minutes, Δt:   2.32, CFL: 9.00e-01
i: 142500, t:  336959.0 s, ωt:  33.70 (5.36 periods), wall: 17.210 minutes, Δt:   2.34, CFL: 9.00e-01
i: 142600, t:  337192.2 s, ωt:  33.72 (5.37 periods), wall: 17.222 minutes, Δt:   1.98, CFL: 9.00e-01
i: 142700, t:  337388.7 s, ωt:  33.74 (5.37 periods), wall: 17.232 minutes, Δt:   1.76, CFL: 9.00e-01
i: 142800, t:  337611.1 s, ωt:  33.76 (5.37 periods), wall: 17.243 minutes, Δt:   2.04, CFL: 9.00e-01
i: 142900, t:  337821.2 s, ωt:  33.78 (5.38 periods), wall: 17.256 minutes, Δt:   2.44, CFL: 9.00e-01
i: 143000, t:  338060.7 s, ωt:  33.81 (5.38 periods), wall: 17.268 minutes, Δt:   2.78, CFL: 9.00e-01
i: 143100, t:  338317.2 s, ωt:  33.83 (5.38 periods), wall: 17.278 minutes, Δt:   2.15, CFL: 9.00e-01
i: 143200, t:  338555.1 s, ωt:  33.86 (5.39 periods), wall: 17.289 minutes, Δt:   2.23, CFL: 9.00e-01
i: 143300, t:  338788.4 s, ωt:  33.88 (5.39 periods), wall: 17.300 minutes, Δt:   2.44, CFL: 9.00e-01
i: 143400, t:  339042.9 s, ωt:  33.90 (5.40 periods), wall: 17.311 minutes, Δt:   2.80, CFL: 9.00e-01
i: 143500, t:  339298.7 s, ωt:  33.93 (5.40 periods), wall: 17.323 minutes, Δt:   2.05, CFL: 9.00e-01
i: 143600, t:  339530.7 s, ωt:  33.95 (5.40 periods), wall: 17.333 minutes, Δt:   2.31, CFL: 9.00e-01
i: 143700, t:  339740.5 s, ωt:  33.97 (5.41 periods), wall: 17.345 minutes, Δt:   2.44, CFL: 9.00e-01
i: 143800, t:  339994.4 s, ωt:  34.00 (5.41 periods), wall: 17.357 minutes, Δt:   2.94, CFL: 9.00e-01
i: 143900, t:  340260.6 s, ωt:  34.03 (5.42 periods), wall: 17.368 minutes, Δt:   3.11, CFL: 9.00e-01
i: 144000, t:  340555.0 s, ωt:  34.06 (5.42 periods), wall: 17.380 minutes, Δt:   2.90, CFL: 9.00e-01
i: 144100, t:  340826.3 s, ωt:  34.08 (5.42 periods), wall: 17.390 minutes, Δt:   3.22, CFL: 9.00e-01
i: 144200, t:  341151.7 s, ωt:  34.12 (5.43 periods), wall: 17.402 minutes, Δt:   2.67, CFL: 9.00e-01
i: 144300, t:  341489.5 s, ωt:  34.15 (5.43 periods), wall: 17.415 minutes, Δt:   3.59, CFL: 9.00e-01
i: 144400, t:  341856.6 s, ωt:  34.19 (5.44 periods), wall: 17.427 minutes, Δt:   3.85, CFL: 9.00e-01
i: 144500, t:  342207.2 s, ωt:  34.22 (5.45 periods), wall: 17.439 minutes, Δt:   3.54, CFL: 9.00e-01
i: 144600, t:  342570.9 s, ωt:  34.26 (5.45 periods), wall: 17.453 minutes, Δt:   4.29, CFL: 9.00e-01
i: 144700, t:  343026.1 s, ωt:  34.30 (5.46 periods), wall: 17.464 minutes, Δt:   4.82, CFL: 9.00e-01
i: 144800, t:  343476.9 s, ωt:  34.35 (5.47 periods), wall: 17.476 minutes, Δt:   4.48, CFL: 9.00e-01
i: 144900, t:  343960.8 s, ωt:  34.40 (5.47 periods), wall: 17.488 minutes, Δt:   6.22, CFL: 9.00e-01
i: 145000, t:  344544.3 s, ωt:  34.45 (5.48 periods), wall: 17.501 minutes, Δt:   6.52, CFL: 9.00e-01
i: 145100, t:  345160.1 s, ωt:  34.52 (5.49 periods), wall: 17.513 minutes, Δt:   6.72, CFL: 9.00e-01
i: 145200, t:  345760.4 s, ωt:  34.58 (5.50 periods), wall: 17.542 minutes, Δt:   5.89, CFL: 9.00e-01
i: 145300, t:  346354.5 s, ωt:  34.64 (5.51 periods), wall: 17.558 minutes, Δt:   5.88, CFL: 9.00e-01
i: 145400, t:  346915.7 s, ωt:  34.69 (5.52 periods), wall: 17.570 minutes, Δt:   5.70, CFL: 9.00e-01
i: 145500, t:  347473.0 s, ωt:  34.75 (5.53 periods), wall: 17.583 minutes, Δt:   4.72, CFL: 9.00e-01
i: 145600, t:  348042.1 s, ωt:  34.80 (5.54 periods), wall: 17.595 minutes, Δt:   5.29, CFL: 9.00e-01
i: 145700, t:  348504.8 s, ωt:  34.85 (5.55 periods), wall: 17.610 minutes, Δt:   4.07, CFL: 9.00e-01
i: 145800, t:  348962.1 s, ωt:  34.90 (5.55 periods), wall: 17.621 minutes, Δt:   4.39, CFL: 9.00e-01
i: 145900, t:  349355.5 s, ωt:  34.94 (5.56 periods), wall: 17.636 minutes, Δt:   3.64, CFL: 9.00e-01
i: 146000, t:  349734.5 s, ωt:  34.97 (5.57 periods), wall: 17.647 minutes, Δt:   3.95, CFL: 9.00e-01
i: 146100, t:  350100.8 s, ωt:  35.01 (5.57 periods), wall: 17.658 minutes, Δt:   3.04, CFL: 9.00e-01
i: 146200, t:  350413.8 s, ωt:  35.04 (5.58 periods), wall: 17.670 minutes, Δt:   3.48, CFL: 9.00e-01
i: 146300, t:  350723.8 s, ωt:  35.07 (5.58 periods), wall: 17.681 minutes, Δt:   3.03, CFL: 9.00e-01
i: 146400, t:  351018.6 s, ωt:  35.10 (5.59 periods), wall: 17.694 minutes, Δt:   3.51, CFL: 9.00e-01
i: 146500, t:  351323.3 s, ωt:  35.13 (5.59 periods), wall: 17.709 minutes, Δt:   2.92, CFL: 9.00e-01
i: 146600, t:  351595.7 s, ωt:  35.16 (5.60 periods), wall: 17.720 minutes, Δt:   2.43, CFL: 9.00e-01
i: 146700, t:  351849.8 s, ωt:  35.18 (5.60 periods), wall: 17.731 minutes, Δt:   2.82, CFL: 9.00e-01
i: 146800, t:  352116.9 s, ωt:  35.21 (5.60 periods), wall: 17.743 minutes, Δt:   2.57, CFL: 9.00e-01
i: 146900, t:  352369.0 s, ωt:  35.24 (5.61 periods), wall: 17.754 minutes, Δt:   2.33, CFL: 9.00e-01
i: 147000, t:  352617.1 s, ωt:  35.26 (5.61 periods), wall: 17.766 minutes, Δt:   1.87, CFL: 9.00e-01
i: 147100, t:  352840.5 s, ωt:  35.28 (5.62 periods), wall: 17.777 minutes, Δt:   2.28, CFL: 9.00e-01
i: 147200, t:  353068.1 s, ωt:  35.31 (5.62 periods), wall: 17.787 minutes, Δt:   2.05, CFL: 9.00e-01
i: 147300, t:  353267.1 s, ωt:  35.33 (5.62 periods), wall: 17.799 minutes, Δt:   2.04, CFL: 9.00e-01
i: 147400, t:  353493.3 s, ωt:  35.35 (5.63 periods), wall: 17.810 minutes, Δt:   2.24, CFL: 9.00e-01
i: 147500, t:  353707.0 s, ωt:  35.37 (5.63 periods), wall: 17.820 minutes, Δt:   1.92, CFL: 9.00e-01
i: 147600, t:  353913.4 s, ωt:  35.39 (5.63 periods), wall: 17.833 minutes, Δt:   2.32, CFL: 9.00e-01
i: 147700, t:  354123.0 s, ωt:  35.41 (5.64 periods), wall: 17.845 minutes, Δt:   1.92, CFL: 9.00e-01
i: 147800, t:  354326.4 s, ωt:  35.43 (5.64 periods), wall: 17.855 minutes, Δt:   2.16, CFL: 9.00e-01
i: 147900, t:  354532.6 s, ωt:  35.45 (5.64 periods), wall: 17.866 minutes, Δt:   2.07, CFL: 9.00e-01
i: 148000, t:  354742.6 s, ωt:  35.47 (5.65 periods), wall: 17.877 minutes, Δt:   2.03, CFL: 9.00e-01
i: 148100, t:  354941.2 s, ωt:  35.49 (5.65 periods), wall: 17.887 minutes, Δt:   1.90, CFL: 9.00e-01
i: 148200, t:  355140.8 s, ωt:  35.51 (5.65 periods), wall: 17.900 minutes, Δt:   1.87, CFL: 9.00e-01
i: 148300, t:  355319.7 s, ωt:  35.53 (5.66 periods), wall: 17.913 minutes, Δt:   1.79, CFL: 9.00e-01
i: 148400, t:  355484.5 s, ωt:  35.55 (5.66 periods), wall: 17.923 minutes, Δt:   1.79, CFL: 9.00e-01
i: 148500, t:  355664.6 s, ωt:  35.57 (5.66 periods), wall: 17.934 minutes, Δt:   1.85, CFL: 9.00e-01
i: 148600, t:  355849.7 s, ωt:  35.58 (5.66 periods), wall: 17.945 minutes, Δt:   1.87, CFL: 9.00e-01
i: 148700, t:  356041.4 s, ωt:  35.60 (5.67 periods), wall: 17.957 minutes, Δt:   1.69, CFL: 9.00e-01
i: 148800, t:  356202.0 s, ωt:  35.62 (5.67 periods), wall: 17.967 minutes, Δt:   1.76, CFL: 9.00e-01
i: 148900, t:  356382.8 s, ωt:  35.64 (5.67 periods), wall: 17.979 minutes, Δt:   1.59, CFL: 9.00e-01
i: 149000, t:  356552.9 s, ωt:  35.66 (5.67 periods), wall: 17.989 minutes, Δt:   1.77, CFL: 9.00e-01
i: 149100, t:  356734.4 s, ωt:  35.67 (5.68 periods), wall: 18.000 minutes, Δt:   1.80, CFL: 9.00e-01
i: 149200, t:  356907.4 s, ωt:  35.69 (5.68 periods), wall: 18.012 minutes, Δt:   1.65, CFL: 9.00e-01
i: 149300, t:  357094.4 s, ωt:  35.71 (5.68 periods), wall: 18.022 minutes, Δt:   1.71, CFL: 9.00e-01
i: 149400, t:  357264.6 s, ωt:  35.73 (5.69 periods), wall: 18.034 minutes, Δt:   1.36, CFL: 9.00e-01
i: 149500, t:  357445.0 s, ωt:  35.74 (5.69 periods), wall: 18.044 minutes, Δt:   2.03, CFL: 9.00e-01
i: 149600, t:  357634.0 s, ωt:  35.76 (5.69 periods), wall: 18.056 minutes, Δt:   1.75, CFL: 9.00e-01
i: 149700, t:  357811.3 s, ωt:  35.78 (5.69 periods), wall: 18.067 minutes, Δt:   1.86, CFL: 9.00e-01
i: 149800, t:  357995.2 s, ωt:  35.80 (5.70 periods), wall: 18.078 minutes, Δt:   1.60, CFL: 9.00e-01
i: 149900, t:  358159.5 s, ωt:  35.82 (5.70 periods), wall: 18.091 minutes, Δt:   1.81, CFL: 9.00e-01
i: 150000, t:  358332.8 s, ωt:  35.83 (5.70 periods), wall: 18.101 minutes, Δt:   1.58, CFL: 9.00e-01
i: 150100, t:  358494.2 s, ωt:  35.85 (5.71 periods), wall: 18.114 minutes, Δt:   1.27, CFL: 9.00e-01
i: 150200, t:  358664.4 s, ωt:  35.87 (5.71 periods), wall: 18.124 minutes, Δt:   1.83, CFL: 9.00e-01
i: 150300, t:  358834.4 s, ωt:  35.88 (5.71 periods), wall: 18.136 minutes, Δt:   1.73, CFL: 9.00e-01
i: 150400, t:  359001.8 s, ωt:  35.90 (5.71 periods), wall: 18.146 minutes, Δt:   1.59, CFL: 9.00e-01
i: 150500, t:  359164.4 s, ωt:  35.92 (5.72 periods), wall: 18.158 minutes, Δt:   1.48, CFL: 9.00e-01
i: 150600, t:  359328.8 s, ωt:  35.93 (5.72 periods), wall: 18.168 minutes, Δt:   1.68, CFL: 9.00e-01
i: 150700, t:  359498.9 s, ωt:  35.95 (5.72 periods), wall: 18.183 minutes, Δt:   1.58, CFL: 9.00e-01
i: 150800, t:  359651.7 s, ωt:  35.97 (5.72 periods), wall: 18.193 minutes, Δt:   1.72, CFL: 9.00e-01
i: 150900, t:  359807.1 s, ωt:  35.98 (5.73 periods), wall: 18.205 minutes, Δt:   1.71, CFL: 9.00e-01
i: 151000, t:  359976.1 s, ωt:  36.00 (5.73 periods), wall: 18.215 minutes, Δt:   1.63, CFL: 9.00e-01
i: 151100, t:  360136.3 s, ωt:  36.01 (5.73 periods), wall: 18.229 minutes, Δt:   1.75, CFL: 9.00e-01
i: 151200, t:  360302.8 s, ωt:  36.03 (5.73 periods), wall: 18.239 minutes, Δt:   1.56, CFL: 9.00e-01
i: 151300, t:  360461.7 s, ωt:  36.05 (5.74 periods), wall: 18.251 minutes, Δt:   1.58, CFL: 9.00e-01
i: 151400, t:  360618.1 s, ωt:  36.06 (5.74 periods), wall: 18.261 minutes, Δt:   1.76, CFL: 9.00e-01
i: 151500, t:  360792.8 s, ωt:  36.08 (5.74 periods), wall: 18.275 minutes, Δt:   1.57, CFL: 9.00e-01
i: 151600, t:  360957.0 s, ωt:  36.10 (5.74 periods), wall: 18.285 minutes, Δt:   1.70, CFL: 9.00e-01
i: 151700, t:  361106.5 s, ωt:  36.11 (5.75 periods), wall: 18.297 minutes, Δt:   1.53, CFL: 9.00e-01
i: 151800, t:  361279.3 s, ωt:  36.13 (5.75 periods), wall: 18.307 minutes, Δt:   1.59, CFL: 9.00e-01
i: 151900, t:  361446.5 s, ωt:  36.14 (5.75 periods), wall: 18.319 minutes, Δt:   1.64, CFL: 9.00e-01
i: 152000, t:  361620.1 s, ωt:  36.16 (5.76 periods), wall: 18.331 minutes, Δt:   1.66, CFL: 9.00e-01
i: 152100, t:  361778.6 s, ωt:  36.18 (5.76 periods), wall: 18.341 minutes, Δt:   1.42, CFL: 9.00e-01
i: 152200, t:  361938.6 s, ωt:  36.19 (5.76 periods), wall: 18.352 minutes, Δt:   1.61, CFL: 9.00e-01
i: 152300, t:  362113.3 s, ωt:  36.21 (5.76 periods), wall: 18.362 minutes, Δt:   1.67, CFL: 9.00e-01
i: 152400, t:  362258.7 s, ωt:  36.23 (5.77 periods), wall: 18.375 minutes, Δt:   1.48, CFL: 9.00e-01
i: 152500, t:  362429.3 s, ωt:  36.24 (5.77 periods), wall: 18.385 minutes, Δt:   1.69, CFL: 9.00e-01
i: 152600, t:  362579.7 s, ωt:  36.26 (5.77 periods), wall: 18.396 minutes, Δt:   1.45, CFL: 9.00e-01
i: 152700, t:  362742.0 s, ωt:  36.27 (5.77 periods), wall: 18.406 minutes, Δt:   1.62, CFL: 9.00e-01
i: 152800, t:  362894.5 s, ωt:  36.29 (5.78 periods), wall: 18.418 minutes, Δt:   1.66, CFL: 9.00e-01
i: 152900, t:  363056.8 s, ωt:  36.31 (5.78 periods), wall: 18.428 minutes, Δt:   1.68, CFL: 9.00e-01
i: 153000, t:  363228.0 s, ωt:  36.32 (5.78 periods), wall: 18.440 minutes, Δt:   1.69, CFL: 9.00e-01
i: 153100, t:  363392.7 s, ωt:  36.34 (5.78 periods), wall: 18.450 minutes, Δt:   1.77, CFL: 9.00e-01
i: 153200, t:  363563.6 s, ωt:  36.36 (5.79 periods), wall: 18.462 minutes, Δt:   1.73, CFL: 9.00e-01
i: 153300, t:  363745.2 s, ωt:  36.37 (5.79 periods), wall: 18.472 minutes, Δt:   1.56, CFL: 9.00e-01
i: 153400, t:  363898.5 s, ωt:  36.39 (5.79 periods), wall: 18.486 minutes, Δt:   1.74, CFL: 9.00e-01
i: 153500, t:  364066.2 s, ωt:  36.41 (5.79 periods), wall: 18.496 minutes, Δt:   1.85, CFL: 9.00e-01
i: 153600, t:  364239.3 s, ωt:  36.42 (5.80 periods), wall: 18.508 minutes, Δt:   1.40, CFL: 9.00e-01
i: 153700, t:  364401.9 s, ωt:  36.44 (5.80 periods), wall: 18.518 minutes, Δt:   1.46, CFL: 9.00e-01
i: 153800, t:  364571.1 s, ωt:  36.46 (5.80 periods), wall: 18.529 minutes, Δt:   1.30, CFL: 9.00e-01
i: 153900, t:  364718.6 s, ωt:  36.47 (5.80 periods), wall: 18.539 minutes, Δt:   1.63, CFL: 9.00e-01
i: 154000, t:  364882.0 s, ωt:  36.49 (5.81 periods), wall: 18.551 minutes, Δt:   1.77, CFL: 9.00e-01
i: 154100, t:  365052.2 s, ωt:  36.51 (5.81 periods), wall: 18.561 minutes, Δt:   1.53, CFL: 9.00e-01
i: 154200, t:  365218.8 s, ωt:  36.52 (5.81 periods), wall: 18.573 minutes, Δt:   1.75, CFL: 9.00e-01
i: 154300, t:  365382.3 s, ωt:  36.54 (5.82 periods), wall: 18.584 minutes, Δt:   1.46, CFL: 9.00e-01
i: 154400, t:  365542.9 s, ωt:  36.55 (5.82 periods), wall: 18.594 minutes, Δt:   1.52, CFL: 9.00e-01
i: 154500, t:  365712.6 s, ωt:  36.57 (5.82 periods), wall: 18.606 minutes, Δt:   1.68, CFL: 9.00e-01
i: 154600, t:  365885.1 s, ωt:  36.59 (5.82 periods), wall: 18.616 minutes, Δt:   1.63, CFL: 9.00e-01
i: 154700, t:  366062.9 s, ωt:  36.61 (5.83 periods), wall: 18.628 minutes, Δt:   1.95, CFL: 9.00e-01
i: 154800, t:  366238.2 s, ωt:  36.62 (5.83 periods), wall: 18.638 minutes, Δt:   2.01, CFL: 9.00e-01
i: 154900, t:  366418.9 s, ωt:  36.64 (5.83 periods), wall: 18.650 minutes, Δt:   1.46, CFL: 9.00e-01
i: 155000, t:  366589.7 s, ωt:  36.66 (5.83 periods), wall: 18.660 minutes, Δt:   1.70, CFL: 9.00e-01
i: 155100, t:  366761.0 s, ωt:  36.68 (5.84 periods), wall: 18.672 minutes, Δt:   1.51, CFL: 9.00e-01
i: 155200, t:  366938.0 s, ωt:  36.69 (5.84 periods), wall: 18.682 minutes, Δt:   2.01, CFL: 9.00e-01
i: 155300, t:  367130.4 s, ωt:  36.71 (5.84 periods), wall: 18.695 minutes, Δt:   1.62, CFL: 9.00e-01
i: 155400, t:  367323.8 s, ωt:  36.73 (5.85 periods), wall: 18.706 minutes, Δt:   2.16, CFL: 9.00e-01
i: 155500, t:  367538.5 s, ωt:  36.75 (5.85 periods), wall: 18.717 minutes, Δt:   1.91, CFL: 9.00e-01
i: 155600, t:  367738.2 s, ωt:  36.77 (5.85 periods), wall: 18.729 minutes, Δt:   1.89, CFL: 9.00e-01
i: 155700, t:  367940.2 s, ωt:  36.79 (5.86 periods), wall: 18.744 minutes, Δt:   2.05, CFL: 9.00e-01
i: 155800, t:  368122.3 s, ωt:  36.81 (5.86 periods), wall: 18.754 minutes, Δt:   1.36, CFL: 9.00e-01
i: 155900, t:  368299.0 s, ωt:  36.83 (5.86 periods), wall: 18.766 minutes, Δt:   1.86, CFL: 9.00e-01
i: 156000, t:  368508.8 s, ωt:  36.85 (5.86 periods), wall: 18.777 minutes, Δt:   2.26, CFL: 9.00e-01
i: 156100, t:  368720.1 s, ωt:  36.87 (5.87 periods), wall: 18.789 minutes, Δt:   2.22, CFL: 9.00e-01
i: 156200, t:  368925.3 s, ωt:  36.89 (5.87 periods), wall: 18.806 minutes, Δt:   2.18, CFL: 9.00e-01
i: 156300, t:  369142.0 s, ωt:  36.91 (5.88 periods), wall: 18.818 minutes, Δt:   2.43, CFL: 9.00e-01
i: 156400, t:  369357.3 s, ωt:  36.94 (5.88 periods), wall: 18.828 minutes, Δt:   2.20, CFL: 9.00e-01
i: 156500, t:  369567.6 s, ωt:  36.96 (5.88 periods), wall: 18.840 minutes, Δt:   2.01, CFL: 9.00e-01
i: 156600, t:  369781.1 s, ωt:  36.98 (5.89 periods), wall: 18.851 minutes, Δt:   2.19, CFL: 9.00e-01
i: 156700, t:  370000.2 s, ωt:  37.00 (5.89 periods), wall: 18.861 minutes, Δt:   2.35, CFL: 9.00e-01
i: 156800, t:  370232.3 s, ωt:  37.02 (5.89 periods), wall: 18.873 minutes, Δt:   2.24, CFL: 9.00e-01
i: 156900, t:  370464.3 s, ωt:  37.05 (5.90 periods), wall: 18.885 minutes, Δt:   2.42, CFL: 9.00e-01
i: 157000, t:  370716.3 s, ωt:  37.07 (5.90 periods), wall: 18.897 minutes, Δt:   2.76, CFL: 9.00e-01
i: 157100, t:  370971.4 s, ωt:  37.10 (5.90 periods), wall: 18.907 minutes, Δt:   2.32, CFL: 9.00e-01
i: 157200, t:  371216.0 s, ωt:  37.12 (5.91 periods), wall: 18.920 minutes, Δt:   2.51, CFL: 9.00e-01
i: 157300, t:  371473.1 s, ωt:  37.15 (5.91 periods), wall: 18.932 minutes, Δt:   2.21, CFL: 9.00e-01
i: 157400, t:  371742.8 s, ωt:  37.17 (5.92 periods), wall: 18.944 minutes, Δt:   3.12, CFL: 9.00e-01
i: 157500, t:  372021.8 s, ωt:  37.20 (5.92 periods), wall: 18.956 minutes, Δt:   2.64, CFL: 9.00e-01
i: 157600, t:  372287.2 s, ωt:  37.23 (5.93 periods), wall: 18.969 minutes, Δt:   2.89, CFL: 9.00e-01
i: 157700, t:  372596.0 s, ωt:  37.26 (5.93 periods), wall: 18.983 minutes, Δt:   3.16, CFL: 9.00e-01
i: 157800, t:  372881.9 s, ωt:  37.29 (5.93 periods), wall: 18.994 minutes, Δt:   2.95, CFL: 9.00e-01
i: 157900, t:  373163.5 s, ωt:  37.32 (5.94 periods), wall: 19.005 minutes, Δt:   3.10, CFL: 9.00e-01
i: 158000, t:  373499.3 s, ωt:  37.35 (5.94 periods), wall: 19.017 minutes, Δt:   3.54, CFL: 9.00e-01
i: 158100, t:  373822.3 s, ωt:  37.38 (5.95 periods), wall: 19.031 minutes, Δt:   2.82, CFL: 9.00e-01
i: 158200, t:  374173.6 s, ωt:  37.42 (5.96 periods), wall: 19.048 minutes, Δt:   3.32, CFL: 9.00e-01
i: 158300, t:  374537.0 s, ωt:  37.45 (5.96 periods), wall: 19.061 minutes, Δt:   4.07, CFL: 9.00e-01
i: 158400, t:  374956.6 s, ωt:  37.50 (5.97 periods), wall: 19.073 minutes, Δt:   4.01, CFL: 9.00e-01
i: 158500, t:  375394.0 s, ωt:  37.54 (5.97 periods), wall: 19.085 minutes, Δt:   4.20, CFL: 9.00e-01
i: 158600, t:  375878.8 s, ωt:  37.59 (5.98 periods), wall: 19.101 minutes, Δt:   5.50, CFL: 9.00e-01
i: 158700, t:  376410.0 s, ωt:  37.64 (5.99 periods), wall: 19.113 minutes, Δt:   5.30, CFL: 9.00e-01
i: 158800, t:  376981.3 s, ωt:  37.70 (6.00 periods), wall: 19.125 minutes, Δt:   5.35, CFL: 9.00e-01
i: 158900, t:  377551.3 s, ωt:  37.76 (6.01 periods), wall: 19.148 minutes, Δt:   5.96, CFL: 9.00e-01
i: 159000, t:  378107.5 s, ωt:  37.81 (6.02 periods), wall: 19.161 minutes, Δt:   5.40, CFL: 9.00e-01
i: 159100, t:  378722.1 s, ωt:  37.87 (6.03 periods), wall: 19.174 minutes, Δt:   6.58, CFL: 9.00e-01
i: 159200, t:  379325.1 s, ωt:  37.93 (6.04 periods), wall: 19.187 minutes, Δt:   5.37, CFL: 9.00e-01
i: 159300, t:  379862.6 s, ωt:  37.99 (6.05 periods), wall: 19.199 minutes, Δt:   4.84, CFL: 9.00e-01
i: 159400, t:  380378.2 s, ωt:  38.04 (6.05 periods), wall: 19.210 minutes, Δt:   4.71, CFL: 9.00e-01
i: 159500, t:  380832.5 s, ωt:  38.08 (6.06 periods), wall: 19.223 minutes, Δt:   3.77, CFL: 9.00e-01
i: 159600, t:  381260.5 s, ωt:  38.13 (6.07 periods), wall: 19.234 minutes, Δt:   3.52, CFL: 9.00e-01
i: 159700, t:  381628.3 s, ωt:  38.16 (6.07 periods), wall: 19.246 minutes, Δt:   2.58, CFL: 9.00e-01
i: 159800, t:  381973.5 s, ωt:  38.20 (6.08 periods), wall: 19.257 minutes, Δt:   4.03, CFL: 9.00e-01
i: 159900, t:  382341.2 s, ωt:  38.23 (6.09 periods), wall: 19.271 minutes, Δt:   3.51, CFL: 9.00e-01
i: 160000, t:  382681.0 s, ωt:  38.27 (6.09 periods), wall: 19.282 minutes, Δt:   2.82, CFL: 9.00e-01
i: 160100, t:  382997.0 s, ωt:  38.30 (6.10 periods), wall: 19.294 minutes, Δt:   3.46, CFL: 9.00e-01
i: 160200, t:  383322.8 s, ωt:  38.33 (6.10 periods), wall: 19.305 minutes, Δt:   3.27, CFL: 9.00e-01
i: 160300, t:  383623.1 s, ωt:  38.36 (6.11 periods), wall: 19.317 minutes, Δt:   2.75, CFL: 9.00e-01
i: 160400, t:  383911.8 s, ωt:  38.39 (6.11 periods), wall: 19.329 minutes, Δt:   2.81, CFL: 9.00e-01
i: 160500, t:  384177.5 s, ωt:  38.42 (6.11 periods), wall: 19.339 minutes, Δt:   2.68, CFL: 9.00e-01
i: 160600, t:  384431.5 s, ωt:  38.44 (6.12 periods), wall: 19.350 minutes, Δt:   2.33, CFL: 9.00e-01
i: 160700, t:  384672.9 s, ωt:  38.47 (6.12 periods), wall: 19.366 minutes, Δt:   2.31, CFL: 9.00e-01
i: 160800, t:  384906.3 s, ωt:  38.49 (6.13 periods), wall: 19.377 minutes, Δt:   2.36, CFL: 9.00e-01
i: 160900, t:  385137.1 s, ωt:  38.51 (6.13 periods), wall: 19.387 minutes, Δt:   2.09, CFL: 9.00e-01
i: 161000, t:  385342.0 s, ωt:  38.53 (6.13 periods), wall: 19.400 minutes, Δt:   2.25, CFL: 9.00e-01
i: 161100, t:  385571.5 s, ωt:  38.56 (6.14 periods), wall: 19.411 minutes, Δt:   2.12, CFL: 9.00e-01
i: 161200, t:  385780.3 s, ωt:  38.58 (6.14 periods), wall: 19.421 minutes, Δt:   1.90, CFL: 9.00e-01
i: 161300, t:  386000.9 s, ωt:  38.60 (6.14 periods), wall: 19.433 minutes, Δt:   2.12, CFL: 9.00e-01
i: 161400, t:  386217.8 s, ωt:  38.62 (6.15 periods), wall: 19.444 minutes, Δt:   2.02, CFL: 9.00e-01
i: 161500, t:  386427.9 s, ωt:  38.64 (6.15 periods), wall: 19.456 minutes, Δt:   2.18, CFL: 9.00e-01
i: 161600, t:  386645.8 s, ωt:  38.66 (6.15 periods), wall: 19.466 minutes, Δt:   2.42, CFL: 9.00e-01
i: 161700, t:  386845.4 s, ωt:  38.68 (6.16 periods), wall: 19.478 minutes, Δt:   1.98, CFL: 9.00e-01
i: 161800, t:  387033.7 s, ωt:  38.70 (6.16 periods), wall: 19.488 minutes, Δt:   1.99, CFL: 8.73e-01
i: 161900, t:  387243.8 s, ωt:  38.72 (6.16 periods), wall: 19.499 minutes, Δt:   1.85, CFL: 9.00e-01
i: 162000, t:  387438.9 s, ωt:  38.74 (6.17 periods), wall: 19.511 minutes, Δt:   2.07, CFL: 9.00e-01
i: 162100, t:  387634.7 s, ωt:  38.76 (6.17 periods), wall: 19.521 minutes, Δt:   2.11, CFL: 9.00e-01
i: 162200, t:  387815.5 s, ωt:  38.78 (6.17 periods), wall: 19.533 minutes, Δt:   1.94, CFL: 9.00e-01
i: 162300, t:  388009.1 s, ωt:  38.80 (6.18 periods), wall: 19.544 minutes, Δt:   2.01, CFL: 9.00e-01
i: 162400, t:  388204.3 s, ωt:  38.82 (6.18 periods), wall: 19.555 minutes, Δt:   1.92, CFL: 9.00e-01
i: 162500, t:  388376.1 s, ωt:  38.84 (6.18 periods), wall: 19.566 minutes, Δt:   1.51, CFL: 9.00e-01
i: 162600, t:  388553.7 s, ωt:  38.86 (6.18 periods), wall: 19.576 minutes, Δt:   1.62, CFL: 9.00e-01
i: 162700, t:  388726.7 s, ωt:  38.87 (6.19 periods), wall: 19.588 minutes, Δt:   1.72, CFL: 9.00e-01
i: 162800, t:  388908.4 s, ωt:  38.89 (6.19 periods), wall: 19.598 minutes, Δt:   1.85, CFL: 9.00e-01
i: 162900, t:  389071.4 s, ωt:  38.91 (6.19 periods), wall: 19.612 minutes, Δt:   1.91, CFL: 9.00e-01
i: 163000, t:  389246.5 s, ωt:  38.92 (6.20 periods), wall: 19.623 minutes, Δt:   1.72, CFL: 9.00e-01
i: 163100, t:  389432.9 s, ωt:  38.94 (6.20 periods), wall: 19.634 minutes, Δt:   1.91, CFL: 9.00e-01
i: 163200, t:  389625.2 s, ωt:  38.96 (6.20 periods), wall: 19.645 minutes, Δt:   1.93, CFL: 9.00e-01
i: 163300, t:  389806.6 s, ωt:  38.98 (6.20 periods), wall: 19.656 minutes, Δt:   1.90, CFL: 9.00e-01
i: 163400, t:  389980.4 s, ωt:  39.00 (6.21 periods), wall: 19.668 minutes, Δt:   1.53, CFL: 9.00e-01
i: 163500, t:  390158.0 s, ωt:  39.02 (6.21 periods), wall: 19.678 minutes, Δt:   1.73, CFL: 9.00e-01
i: 163600, t:  390336.7 s, ωt:  39.03 (6.21 periods), wall: 19.690 minutes, Δt:   1.77, CFL: 9.00e-01
i: 163700, t:  390509.4 s, ωt:  39.05 (6.22 periods), wall: 19.702 minutes, Δt:   1.63, CFL: 9.00e-01
i: 163800, t:  390682.3 s, ωt:  39.07 (6.22 periods), wall: 19.712 minutes, Δt:   1.47, CFL: 9.00e-01
i: 163900, t:  390848.9 s, ωt:  39.08 (6.22 periods), wall: 19.724 minutes, Δt:   1.72, CFL: 9.00e-01
i: 164000, t:  391024.1 s, ωt:  39.10 (6.22 periods), wall: 19.734 minutes, Δt:   1.80, CFL: 9.00e-01
i: 164100, t:  391195.1 s, ωt:  39.12 (6.23 periods), wall: 19.746 minutes, Δt:   1.83, CFL: 9.00e-01
i: 164200, t:  391370.2 s, ωt:  39.14 (6.23 periods), wall: 19.756 minutes, Δt:   1.67, CFL: 9.00e-01
i: 164300, t:  391525.9 s, ωt:  39.15 (6.23 periods), wall: 19.768 minutes, Δt:   1.69, CFL: 9.00e-01
i: 164400, t:  391693.1 s, ωt:  39.17 (6.23 periods), wall: 19.778 minutes, Δt:   1.64, CFL: 9.00e-01
i: 164500, t:  391852.7 s, ωt:  39.19 (6.24 periods), wall: 19.790 minutes, Δt:   1.68, CFL: 9.00e-01
i: 164600, t:  392021.0 s, ωt:  39.20 (6.24 periods), wall: 19.800 minutes, Δt:   1.95, CFL: 9.00e-01
i: 164700, t:  392201.2 s, ωt:  39.22 (6.24 periods), wall: 19.811 minutes, Δt:   1.69, CFL: 9.00e-01
i: 164800, t:  392366.8 s, ωt:  39.24 (6.24 periods), wall: 19.821 minutes, Δt:   1.42, CFL: 9.00e-01
i: 164900, t:  392512.2 s, ωt:  39.25 (6.25 periods), wall: 19.833 minutes, Δt:   1.51, CFL: 9.00e-01
i: 165000, t:  392674.5 s, ωt:  39.27 (6.25 periods), wall: 19.843 minutes, Δt:   1.52, CFL: 9.00e-01
i: 165100, t:  392843.1 s, ωt:  39.28 (6.25 periods), wall: 19.861 minutes, Δt:   1.60, CFL: 9.00e-01
i: 165200, t:  393015.0 s, ωt:  39.30 (6.26 periods), wall: 19.873 minutes, Δt:   1.61, CFL: 9.00e-01
i: 165300, t:  393192.6 s, ωt:  39.32 (6.26 periods), wall: 19.883 minutes, Δt:   1.88, CFL: 9.00e-01
i: 165400, t:  393350.0 s, ωt:  39.33 (6.26 periods), wall: 19.894 minutes, Δt:   1.53, CFL: 9.00e-01
i: 165500, t:  393525.3 s, ωt:  39.35 (6.26 periods), wall: 19.904 minutes, Δt:   1.91, CFL: 9.00e-01
i: 165600, t:  393696.9 s, ωt:  39.37 (6.27 periods), wall: 19.917 minutes, Δt:   1.84, CFL: 9.00e-01
i: 165700, t:  393872.5 s, ωt:  39.39 (6.27 periods), wall: 19.927 minutes, Δt:   1.88, CFL: 9.00e-01
i: 165800, t:  394053.1 s, ωt:  39.41 (6.27 periods), wall: 19.940 minutes, Δt:   1.92, CFL: 9.00e-01
i: 165900, t:  394232.1 s, ωt:  39.42 (6.27 periods), wall: 19.950 minutes, Δt:   1.86, CFL: 9.00e-01
i: 166000, t:  394409.9 s, ωt:  39.44 (6.28 periods), wall: 19.962 minutes, Δt:   1.75, CFL: 9.00e-01
i: 166100, t:  394592.4 s, ωt:  39.46 (6.28 periods), wall: 19.974 minutes, Δt:   1.78, CFL: 9.00e-01
i: 166200, t:  394772.4 s, ωt:  39.48 (6.28 periods), wall: 19.984 minutes, Δt:   2.06, CFL: 9.00e-01
i: 166300, t:  394968.3 s, ωt:  39.50 (6.29 periods), wall: 19.996 minutes, Δt:   1.69, CFL: 9.00e-01
i: 166400, t:  395147.0 s, ωt:  39.51 (6.29 periods), wall: 20.006 minutes, Δt:   1.91, CFL: 9.00e-01
i: 166500, t:  395327.0 s, ωt:  39.53 (6.29 periods), wall: 20.018 minutes, Δt:   1.83, CFL: 9.00e-01
i: 166600, t:  395511.8 s, ωt:  39.55 (6.29 periods), wall: 20.028 minutes, Δt:   1.94, CFL: 9.00e-01
i: 166700, t:  395696.6 s, ωt:  39.57 (6.30 periods), wall: 20.040 minutes, Δt:   2.08, CFL: 9.00e-01
i: 166800, t:  395888.8 s, ωt:  39.59 (6.30 periods), wall: 20.051 minutes, Δt:   1.70, CFL: 9.00e-01
i: 166900, t:  396079.0 s, ωt:  39.61 (6.30 periods), wall: 20.062 minutes, Δt:   1.99, CFL: 9.00e-01
i: 167000, t:  396258.8 s, ωt:  39.63 (6.31 periods), wall: 20.073 minutes, Δt:   1.99, CFL: 9.00e-01
i: 167100, t:  396444.3 s, ωt:  39.64 (6.31 periods), wall: 20.083 minutes, Δt:   1.92, CFL: 9.00e-01
i: 167200, t:  396637.0 s, ωt:  39.66 (6.31 periods), wall: 20.095 minutes, Δt:   1.82, CFL: 9.00e-01
i: 167300, t:  396844.5 s, ωt:  39.68 (6.32 periods), wall: 20.106 minutes, Δt:   2.08, CFL: 9.00e-01
i: 167400, t:  397051.1 s, ωt:  39.71 (6.32 periods), wall: 20.117 minutes, Δt:   2.20, CFL: 9.00e-01
i: 167500, t:  397261.7 s, ωt:  39.73 (6.32 periods), wall: 20.130 minutes, Δt:   1.58, CFL: 9.00e-01
i: 167600, t:  397443.8 s, ωt:  39.74 (6.33 periods), wall: 20.141 minutes, Δt:   1.96, CFL: 9.00e-01
i: 167700, t:  397642.9 s, ωt:  39.76 (6.33 periods), wall: 20.151 minutes, Δt:   1.95, CFL: 9.00e-01
i: 167800, t:  397838.7 s, ωt:  39.78 (6.33 periods), wall: 20.167 minutes, Δt:   1.84, CFL: 9.00e-01
i: 167900, t:  398046.7 s, ωt:  39.80 (6.34 periods), wall: 20.182 minutes, Δt:   1.81, CFL: 9.00e-01
i: 168000, t:  398228.0 s, ωt:  39.82 (6.34 periods), wall: 20.192 minutes, Δt:   1.73, CFL: 9.00e-01
i: 168100, t:  398418.7 s, ωt:  39.84 (6.34 periods), wall: 20.204 minutes, Δt:   1.87, CFL: 9.00e-01
i: 168200, t:  398638.7 s, ωt:  39.86 (6.34 periods), wall: 20.214 minutes, Δt:   2.11, CFL: 9.00e-01
i: 168300, t:  398867.4 s, ωt:  39.89 (6.35 periods), wall: 20.227 minutes, Δt:   2.35, CFL: 9.00e-01
i: 168400, t:  399070.2 s, ωt:  39.91 (6.35 periods), wall: 20.238 minutes, Δt:   2.08, CFL: 9.00e-01
i: 168500, t:  399290.0 s, ωt:  39.93 (6.35 periods), wall: 20.248 minutes, Δt:   2.06, CFL: 9.00e-01
i: 168600, t:  399509.3 s, ωt:  39.95 (6.36 periods), wall: 20.260 minutes, Δt:   1.97, CFL: 9.00e-01
i: 168700, t:  399722.9 s, ωt:  39.97 (6.36 periods), wall: 20.271 minutes, Δt:   2.00, CFL: 9.00e-01
i: 168800, t:  399931.5 s, ωt:  39.99 (6.37 periods), wall: 20.284 minutes, Δt:   2.15, CFL: 9.00e-01
i: 168900, t:  400146.7 s, ωt:  40.01 (6.37 periods), wall: 20.294 minutes, Δt:   2.54, CFL: 9.00e-01
i: 169000, t:  400385.0 s, ωt:  40.04 (6.37 periods), wall: 20.306 minutes, Δt:   2.26, CFL: 9.00e-01
i: 169100, t:  400593.7 s, ωt:  40.06 (6.38 periods), wall: 20.317 minutes, Δt:   2.23, CFL: 9.00e-01
i: 169200, t:  400809.8 s, ωt:  40.08 (6.38 periods), wall: 20.327 minutes, Δt:   1.60, CFL: 9.00e-01
i: 169300, t:  400994.5 s, ωt:  40.10 (6.38 periods), wall: 20.339 minutes, Δt:   2.29, CFL: 9.00e-01
i: 169400, t:  401228.8 s, ωt:  40.12 (6.39 periods), wall: 20.351 minutes, Δt:   2.38, CFL: 9.00e-01
i: 169500, t:  401464.3 s, ωt:  40.15 (6.39 periods), wall: 20.361 minutes, Δt:   2.16, CFL: 9.00e-01
i: 169600, t:  401706.6 s, ωt:  40.17 (6.39 periods), wall: 20.374 minutes, Δt:   3.00, CFL: 9.00e-01
i: 169700, t:  401985.2 s, ωt:  40.20 (6.40 periods), wall: 20.386 minutes, Δt:   2.56, CFL: 9.00e-01
i: 169800, t:  402215.1 s, ωt:  40.22 (6.40 periods), wall: 20.398 minutes, Δt:   2.53, CFL: 9.00e-01
i: 169900, t:  402460.8 s, ωt:  40.25 (6.41 periods), wall: 20.410 minutes, Δt:   2.34, CFL: 9.00e-01
i: 170000, t:  402712.8 s, ωt:  40.27 (6.41 periods), wall: 20.420 minutes, Δt:   2.52, CFL: 9.00e-01
i: 170100, t:  402981.7 s, ωt:  40.30 (6.41 periods), wall: 20.433 minutes, Δt:   2.57, CFL: 9.00e-01
i: 170200, t:  403266.6 s, ωt:  40.33 (6.42 periods), wall: 20.448 minutes, Δt:   3.09, CFL: 9.00e-01
i: 170300, t:  403555.2 s, ωt:  40.36 (6.42 periods), wall: 20.459 minutes, Δt:   2.05, CFL: 9.00e-01
i: 170400, t:  403834.4 s, ωt:  40.38 (6.43 periods), wall: 20.472 minutes, Δt:   2.95, CFL: 9.00e-01
i: 170500, t:  404149.0 s, ωt:  40.41 (6.43 periods), wall: 20.485 minutes, Δt:   3.34, CFL: 9.00e-01
i: 170600, t:  404464.6 s, ωt:  40.45 (6.44 periods), wall: 20.496 minutes, Δt:   2.74, CFL: 9.00e-01
i: 170700, t:  404779.5 s, ωt:  40.48 (6.44 periods), wall: 20.508 minutes, Δt:   4.18, CFL: 9.00e-01
i: 170800, t:  405159.9 s, ωt:  40.52 (6.45 periods), wall: 20.521 minutes, Δt:   3.09, CFL: 9.00e-01
i: 170900, t:  405505.9 s, ωt:  40.55 (6.45 periods), wall: 20.532 minutes, Δt:   3.10, CFL: 9.00e-01
i: 171000, t:  405870.9 s, ωt:  40.59 (6.46 periods), wall: 20.544 minutes, Δt:   3.99, CFL: 9.00e-01
i: 171100, t:  406279.5 s, ωt:  40.63 (6.47 periods), wall: 20.557 minutes, Δt:   4.63, CFL: 9.00e-01
i: 171200, t:  406725.3 s, ωt:  40.67 (6.47 periods), wall: 20.570 minutes, Δt:   5.69, CFL: 9.00e-01
i: 171300, t:  407344.2 s, ωt:  40.73 (6.48 periods), wall: 20.587 minutes, Δt:   6.97, CFL: 9.00e-01
i: 171400, t:  407927.4 s, ωt:  40.79 (6.49 periods), wall: 20.600 minutes, Δt:   4.81, CFL: 9.00e-01
i: 171500, t:  408470.2 s, ωt:  40.85 (6.50 periods), wall: 20.627 minutes, Δt:   7.00, CFL: 9.00e-01
i: 171600, t:  409088.7 s, ωt:  40.91 (6.51 periods), wall: 20.640 minutes, Δt:   6.13, CFL: 9.00e-01
i: 171700, t:  409751.9 s, ωt:  40.98 (6.52 periods), wall: 20.658 minutes, Δt:   6.40, CFL: 9.00e-01
i: 171800, t:  410340.4 s, ωt:  41.03 (6.53 periods), wall: 20.673 minutes, Δt:   5.97, CFL: 9.00e-01
i: 171900, t:  410898.0 s, ωt:  41.09 (6.54 periods), wall: 20.686 minutes, Δt:   5.37, CFL: 9.00e-01
i: 172000, t:  411406.1 s, ωt:  41.14 (6.55 periods), wall: 20.701 minutes, Δt:   5.03, CFL: 9.00e-01
i: 172100, t:  411860.6 s, ωt:  41.19 (6.55 periods), wall: 20.712 minutes, Δt:   3.55, CFL: 9.00e-01
i: 172200, t:  412188.0 s, ωt:  41.22 (6.56 periods), wall: 20.734 minutes, Δt:   3.79, CFL: 9.00e-01
i: 172300, t:  412570.4 s, ωt:  41.26 (6.57 periods), wall: 20.746 minutes, Δt:   3.64, CFL: 9.00e-01
i: 172400, t:  412925.1 s, ωt:  41.29 (6.57 periods), wall: 20.757 minutes, Δt:   3.10, CFL: 9.00e-01
i: 172500, t:  413259.0 s, ωt:  41.33 (6.58 periods), wall: 20.769 minutes, Δt:   2.70, CFL: 9.00e-01
i: 172600, t:  413554.8 s, ωt:  41.36 (6.58 periods), wall: 20.781 minutes, Δt:   3.26, CFL: 9.00e-01
i: 172700, t:  413823.9 s, ωt:  41.38 (6.59 periods), wall: 20.792 minutes, Δt:   2.58, CFL: 9.00e-01
i: 172800, t:  414052.2 s, ωt:  41.41 (6.59 periods), wall: 20.802 minutes, Δt:   2.90, CFL: 8.74e-01
i: 172900, t:  414324.7 s, ωt:  41.43 (6.59 periods), wall: 20.814 minutes, Δt:   2.85, CFL: 9.00e-01
i: 173000, t:  414588.8 s, ωt:  41.46 (6.60 periods), wall: 20.825 minutes, Δt:   2.74, CFL: 9.00e-01
i: 173100, t:  414848.0 s, ωt:  41.48 (6.60 periods), wall: 20.837 minutes, Δt:   2.21, CFL: 9.00e-01
i: 173200, t:  415095.7 s, ωt:  41.51 (6.61 periods), wall: 20.848 minutes, Δt:   2.73, CFL: 9.00e-01
i: 173300, t:  415345.3 s, ωt:  41.53 (6.61 periods), wall: 20.860 minutes, Δt:   2.55, CFL: 9.00e-01
i: 173400, t:  415574.0 s, ωt:  41.56 (6.61 periods), wall: 20.870 minutes, Δt:   1.85, CFL: 9.00e-01
i: 173500, t:  415773.9 s, ωt:  41.58 (6.62 periods), wall: 20.882 minutes, Δt:   1.86, CFL: 9.00e-01
i: 173600, t:  415978.6 s, ωt:  41.60 (6.62 periods), wall: 20.893 minutes, Δt:   2.30, CFL: 9.00e-01
i: 173700, t:  416210.9 s, ωt:  41.62 (6.62 periods), wall: 20.903 minutes, Δt:   2.37, CFL: 9.00e-01
i: 173800, t:  416432.7 s, ωt:  41.64 (6.63 periods), wall: 20.915 minutes, Δt:   1.98, CFL: 9.00e-01
i: 173900, t:  416649.5 s, ωt:  41.66 (6.63 periods), wall: 20.927 minutes, Δt:   1.84, CFL: 9.00e-01
i: 174000, t:  416846.4 s, ωt:  41.68 (6.63 periods), wall: 20.937 minutes, Δt:   1.95, CFL: 9.00e-01
i: 174100, t:  417050.7 s, ωt:  41.71 (6.64 periods), wall: 20.948 minutes, Δt:   2.25, CFL: 9.00e-01
i: 174200, t:  417284.5 s, ωt:  41.73 (6.64 periods), wall: 20.960 minutes, Δt:   2.29, CFL: 9.00e-01
i: 174300, t:  417512.5 s, ωt:  41.75 (6.64 periods), wall: 20.970 minutes, Δt:   2.17, CFL: 9.00e-01
i: 174400, t:  417713.2 s, ωt:  41.77 (6.65 periods), wall: 20.983 minutes, Δt:   2.16, CFL: 9.00e-01
i: 174500, t:  417914.3 s, ωt:  41.79 (6.65 periods), wall: 20.995 minutes, Δt:   2.09, CFL: 9.00e-01
i: 174600, t:  418108.9 s, ωt:  41.81 (6.65 periods), wall: 21.005 minutes, Δt:   1.96, CFL: 9.00e-01
i: 174700, t:  418305.5 s, ωt:  41.83 (6.66 periods), wall: 21.016 minutes, Δt:   2.24, CFL: 8.89e-01
i: 174800, t:  418499.9 s, ωt:  41.85 (6.66 periods), wall: 21.028 minutes, Δt:   1.70, CFL: 9.00e-01
i: 174900, t:  418681.8 s, ωt:  41.87 (6.66 periods), wall: 21.038 minutes, Δt:   1.73, CFL: 9.00e-01
i: 175000, t:  418853.8 s, ωt:  41.89 (6.67 periods), wall: 21.050 minutes, Δt:   1.83, CFL: 9.00e-01
i: 175100, t:  419035.3 s, ωt:  41.90 (6.67 periods), wall: 21.060 minutes, Δt:   1.87, CFL: 8.53e-01
i: 175200, t:  419221.3 s, ωt:  41.92 (6.67 periods), wall: 21.072 minutes, Δt:   1.87, CFL: 9.00e-01
i: 175300, t:  419398.4 s, ωt:  41.94 (6.67 periods), wall: 21.082 minutes, Δt:   1.57, CFL: 9.00e-01
i: 175400, t:  419577.7 s, ωt:  41.96 (6.68 periods), wall: 21.095 minutes, Δt:   1.73, CFL: 9.00e-01
i: 175500, t:  419750.3 s, ωt:  41.98 (6.68 periods), wall: 21.107 minutes, Δt:   1.88, CFL: 9.00e-01
i: 175600, t:  419921.7 s, ωt:  41.99 (6.68 periods), wall: 21.117 minutes, Δt:   1.44, CFL: 9.00e-01
i: 175700, t:  420074.6 s, ωt:  42.01 (6.69 periods), wall: 21.128 minutes, Δt:   1.69, CFL: 9.00e-01
i: 175800, t:  420253.2 s, ωt:  42.03 (6.69 periods), wall: 21.138 minutes, Δt:   1.83, CFL: 9.00e-01
i: 175900, t:  420440.0 s, ωt:  42.04 (6.69 periods), wall: 21.150 minutes, Δt:   1.81, CFL: 9.00e-01
i: 176000, t:  420612.8 s, ωt:  42.06 (6.69 periods), wall: 21.160 minutes, Δt:   1.70, CFL: 9.00e-01
i: 176100, t:  420783.8 s, ωt:  42.08 (6.70 periods), wall: 21.172 minutes, Δt:   1.80, CFL: 9.00e-01
i: 176200, t:  420956.5 s, ωt:  42.10 (6.70 periods), wall: 21.182 minutes, Δt:   1.83, CFL: 9.00e-01
i: 176300, t:  421111.1 s, ωt:  42.11 (6.70 periods), wall: 21.194 minutes, Δt:   1.58, CFL: 9.00e-01
i: 176400, t:  421259.0 s, ωt:  42.13 (6.70 periods), wall: 21.204 minutes, Δt:   1.46, CFL: 9.00e-01
i: 176500, t:  421431.0 s, ωt:  42.14 (6.71 periods), wall: 21.215 minutes, Δt:   1.77, CFL: 9.00e-01
i: 176600, t:  421598.4 s, ωt:  42.16 (6.71 periods), wall: 21.226 minutes, Δt:   1.50, CFL: 9.00e-01
i: 176700, t:  421769.9 s, ωt:  42.18 (6.71 periods), wall: 21.238 minutes, Δt:   1.63, CFL: 9.00e-01
i: 176800, t:  421940.7 s, ωt:  42.19 (6.72 periods), wall: 21.258 minutes, Δt:   1.55, CFL: 9.00e-01
i: 176900, t:  422091.8 s, ωt:  42.21 (6.72 periods), wall: 21.268 minutes, Δt:   1.37, CFL: 9.00e-01
i: 177000, t:  422254.6 s, ωt:  42.23 (6.72 periods), wall: 21.280 minutes, Δt:   1.78, CFL: 9.00e-01
i: 177100, t:  422424.5 s, ωt:  42.24 (6.72 periods), wall: 21.290 minutes, Δt:   1.80, CFL: 9.00e-01
i: 177200, t:  422598.1 s, ωt:  42.26 (6.73 periods), wall: 21.301 minutes, Δt:   1.59, CFL: 9.00e-01
i: 177300, t:  422763.4 s, ωt:  42.28 (6.73 periods), wall: 21.311 minutes, Δt:   1.77, CFL: 9.00e-01
i: 177400, t:  422928.5 s, ωt:  42.29 (6.73 periods), wall: 21.323 minutes, Δt:   1.74, CFL: 9.00e-01
i: 177500, t:  423092.5 s, ωt:  42.31 (6.73 periods), wall: 21.333 minutes, Δt:   1.45, CFL: 9.00e-01
i: 177600, t:  423246.3 s, ωt:  42.32 (6.74 periods), wall: 21.345 minutes, Δt:   1.66, CFL: 9.00e-01
i: 177700, t:  423411.3 s, ωt:  42.34 (6.74 periods), wall: 21.355 minutes, Δt:   1.62, CFL: 9.00e-01
i: 177800, t:  423582.7 s, ωt:  42.36 (6.74 periods), wall: 21.366 minutes, Δt:   1.71, CFL: 9.00e-01
i: 177900, t:  423747.5 s, ωt:  42.37 (6.74 periods), wall: 21.376 minutes, Δt:   1.30, CFL: 9.00e-01
i: 178000, t:  423894.7 s, ωt:  42.39 (6.75 periods), wall: 21.388 minutes, Δt:   1.50, CFL: 9.00e-01
i: 178100, t:  424048.0 s, ωt:  42.40 (6.75 periods), wall: 21.398 minutes, Δt:   1.60, CFL: 9.00e-01
i: 178200, t:  424196.1 s, ωt:  42.42 (6.75 periods), wall: 21.410 minutes, Δt:   1.72, CFL: 9.00e-01
i: 178300, t:  424340.9 s, ωt:  42.43 (6.75 periods), wall: 21.420 minutes, Δt:   1.32, CFL: 9.00e-01
i: 178400, t:  424488.5 s, ωt:  42.45 (6.76 periods), wall: 21.432 minutes, Δt:   1.41, CFL: 9.00e-01
i: 178500, t:  424652.1 s, ωt:  42.47 (6.76 periods), wall: 21.442 minutes, Δt:   1.49, CFL: 9.00e-01
i: 178600, t:  424812.7 s, ωt:  42.48 (6.76 periods), wall: 21.454 minutes, Δt:   1.49, CFL: 9.00e-01
i: 178700, t:  424965.5 s, ωt:  42.50 (6.76 periods), wall: 21.464 minutes, Δt:   1.70, CFL: 9.00e-01
i: 178800, t:  425126.4 s, ωt:  42.51 (6.77 periods), wall: 21.475 minutes, Δt:   1.53, CFL: 9.00e-01
i: 178900, t:  425276.9 s, ωt:  42.53 (6.77 periods), wall: 21.485 minutes, Δt:   1.61, CFL: 9.00e-01
i: 179000, t:  425448.5 s, ωt:  42.54 (6.77 periods), wall: 21.497 minutes, Δt:   1.71, CFL: 9.00e-01
i: 179100, t:  425619.3 s, ωt:  42.56 (6.77 periods), wall: 21.507 minutes, Δt:   1.84, CFL: 9.00e-01
i: 179200, t:  425788.9 s, ωt:  42.58 (6.78 periods), wall: 21.519 minutes, Δt:   1.63, CFL: 9.00e-01
i: 179300, t:  425960.8 s, ωt:  42.60 (6.78 periods), wall: 21.529 minutes, Δt:   1.76, CFL: 9.00e-01
i: 179400, t:  426124.3 s, ωt:  42.61 (6.78 periods), wall: 21.541 minutes, Δt:   1.62, CFL: 9.00e-01
i: 179500, t:  426286.0 s, ωt:  42.63 (6.78 periods), wall: 21.551 minutes, Δt:   1.93, CFL: 9.00e-01
i: 179600, t:  426459.2 s, ωt:  42.65 (6.79 periods), wall: 21.562 minutes, Δt:   1.61, CFL: 9.00e-01
i: 179700, t:  426620.3 s, ωt:  42.66 (6.79 periods), wall: 21.572 minutes, Δt:   1.45, CFL: 9.00e-01
i: 179800, t:  426782.2 s, ωt:  42.68 (6.79 periods), wall: 21.583 minutes, Δt:   1.75, CFL: 9.00e-01
i: 179900, t:  426938.9 s, ωt:  42.69 (6.79 periods), wall: 21.594 minutes, Δt:   1.46, CFL: 9.00e-01
i: 180000, t:  427088.7 s, ωt:  42.71 (6.80 periods), wall: 21.605 minutes, Δt:   1.65, CFL: 9.00e-01
i: 180100, t:  427262.3 s, ωt:  42.73 (6.80 periods), wall: 21.617 minutes, Δt:   1.78, CFL: 9.00e-01
i: 180200, t:  427425.9 s, ωt:  42.74 (6.80 periods), wall: 21.627 minutes, Δt:   1.70, CFL: 9.00e-01
i: 180300, t:  427597.5 s, ωt:  42.76 (6.81 periods), wall: 21.639 minutes, Δt:   2.02, CFL: 9.00e-01
i: 180400, t:  427781.9 s, ωt:  42.78 (6.81 periods), wall: 21.649 minutes, Δt:   1.51, CFL: 9.00e-01
i: 180500, t:  427938.4 s, ωt:  42.79 (6.81 periods), wall: 21.661 minutes, Δt:   1.99, CFL: 9.00e-01
i: 180600, t:  428126.3 s, ωt:  42.81 (6.81 periods), wall: 21.671 minutes, Δt:   2.02, CFL: 9.00e-01
i: 180700, t:  428308.2 s, ωt:  42.83 (6.82 periods), wall: 21.682 minutes, Δt:   1.53, CFL: 9.00e-01
i: 180800, t:  428474.2 s, ωt:  42.85 (6.82 periods), wall: 21.692 minutes, Δt:   1.83, CFL: 9.00e-01
i: 180900, t:  428648.7 s, ωt:  42.86 (6.82 periods), wall: 21.703 minutes, Δt:   1.58, CFL: 9.00e-01
i: 181000, t:  428814.9 s, ωt:  42.88 (6.82 periods), wall: 21.713 minutes, Δt:   1.79, CFL: 9.00e-01
i: 181100, t:  428976.1 s, ωt:  42.90 (6.83 periods), wall: 21.725 minutes, Δt:   1.58, CFL: 9.00e-01
i: 181200, t:  429153.2 s, ωt:  42.92 (6.83 periods), wall: 21.736 minutes, Δt:   2.03, CFL: 9.00e-01
i: 181300, t:  429344.4 s, ωt:  42.93 (6.83 periods), wall: 21.747 minutes, Δt:   1.85, CFL: 9.00e-01
i: 181400, t:  429536.1 s, ωt:  42.95 (6.84 periods), wall: 21.758 minutes, Δt:   1.79, CFL: 9.00e-01
i: 181500, t:  429705.1 s, ωt:  42.97 (6.84 periods), wall: 21.768 minutes, Δt:   1.87, CFL: 9.00e-01
i: 181600, t:  429904.2 s, ωt:  42.99 (6.84 periods), wall: 21.780 minutes, Δt:   1.66, CFL: 9.00e-01
i: 181700, t:  430095.4 s, ωt:  43.01 (6.85 periods), wall: 21.791 minutes, Δt:   1.92, CFL: 9.00e-01
i: 181800, t:  430290.7 s, ωt:  43.03 (6.85 periods), wall: 21.801 minutes, Δt:   2.00, CFL: 9.00e-01
i: 181900, t:  430483.7 s, ωt:  43.05 (6.85 periods), wall: 21.813 minutes, Δt:   1.88, CFL: 9.00e-01
i: 182000, t:  430681.5 s, ωt:  43.07 (6.85 periods), wall: 21.823 minutes, Δt:   2.10, CFL: 9.00e-01
i: 182100, t:  430873.1 s, ωt:  43.09 (6.86 periods), wall: 21.835 minutes, Δt:   1.85, CFL: 9.00e-01
i: 182200, t:  431075.3 s, ωt:  43.11 (6.86 periods), wall: 21.847 minutes, Δt:   2.04, CFL: 9.00e-01
i: 182300, t:  431289.8 s, ωt:  43.13 (6.86 periods), wall: 21.857 minutes, Δt:   2.14, CFL: 9.00e-01
i: 182400, t:  431498.9 s, ωt:  43.15 (6.87 periods), wall: 21.868 minutes, Δt:   1.97, CFL: 9.00e-01
i: 182500, t:  431682.7 s, ωt:  43.17 (6.87 periods), wall: 21.880 minutes, Δt:   1.66, CFL: 9.00e-01
i: 182600, t:  431837.9 s, ωt:  43.18 (6.87 periods), wall: 21.890 minutes, Δt:   1.65, CFL: 9.00e-01
i: 182700, t:  432042.7 s, ωt:  43.20 (6.88 periods), wall: 21.902 minutes, Δt:   2.35, CFL: 9.00e-01
i: 182800, t:  432273.1 s, ωt:  43.23 (6.88 periods), wall: 21.912 minutes, Δt:   2.36, CFL: 9.00e-01
i: 182900, t:  432511.4 s, ωt:  43.25 (6.88 periods), wall: 21.924 minutes, Δt:   2.50, CFL: 9.00e-01
i: 183000, t:  432755.3 s, ωt:  43.28 (6.89 periods), wall: 21.935 minutes, Δt:   2.37, CFL: 9.00e-01
i: 183100, t:  433000.4 s, ωt:  43.30 (6.89 periods), wall: 21.947 minutes, Δt:   2.42, CFL: 9.00e-01
i: 183200, t:  433212.4 s, ωt:  43.32 (6.89 periods), wall: 21.957 minutes, Δt:   2.11, CFL: 9.00e-01
i: 183300, t:  433423.4 s, ωt:  43.34 (6.90 periods), wall: 21.968 minutes, Δt:   2.71, CFL: 8.84e-01
i: 183400, t:  433680.0 s, ωt:  43.37 (6.90 periods), wall: 21.979 minutes, Δt:   2.38, CFL: 9.00e-01
i: 183500, t:  433927.1 s, ωt:  43.39 (6.91 periods), wall: 21.991 minutes, Δt:   2.30, CFL: 9.00e-01
i: 183600, t:  434180.1 s, ωt:  43.42 (6.91 periods), wall: 22.002 minutes, Δt:   2.62, CFL: 9.00e-01
i: 183700, t:  434447.4 s, ωt:  43.44 (6.91 periods), wall: 22.012 minutes, Δt:   2.83, CFL: 9.00e-01
i: 183800, t:  434700.3 s, ωt:  43.47 (6.92 periods), wall: 22.024 minutes, Δt:   3.11, CFL: 9.00e-01
i: 183900, t:  435016.6 s, ωt:  43.50 (6.92 periods), wall: 22.036 minutes, Δt:   3.07, CFL: 9.00e-01
i: 184000, t:  435299.5 s, ωt:  43.53 (6.93 periods), wall: 22.047 minutes, Δt:   2.77, CFL: 9.00e-01
i: 184100, t:  435612.0 s, ωt:  43.56 (6.93 periods), wall: 22.058 minutes, Δt:   3.31, CFL: 9.00e-01
i: 184200, t:  435914.8 s, ωt:  43.59 (6.94 periods), wall: 22.070 minutes, Δt:   3.30, CFL: 9.00e-01
i: 184300, t:  436225.5 s, ωt:  43.62 (6.94 periods), wall: 22.081 minutes, Δt:   3.39, CFL: 9.00e-01
i: 184400, t:  436575.4 s, ωt:  43.66 (6.95 periods), wall: 22.093 minutes, Δt:   4.15, CFL: 9.00e-01
i: 184500, t:  436992.1 s, ωt:  43.70 (6.95 periods), wall: 22.104 minutes, Δt:   4.14, CFL: 9.00e-01
i: 184600, t:  437402.3 s, ωt:  43.74 (6.96 periods), wall: 22.117 minutes, Δt:   4.48, CFL: 9.00e-01
i: 184700, t:  437869.8 s, ωt:  43.79 (6.97 periods), wall: 22.128 minutes, Δt:   5.57, CFL: 9.00e-01
i: 184800, t:  438431.3 s, ωt:  43.84 (6.98 periods), wall: 22.142 minutes, Δt:   5.12, CFL: 9.00e-01
i: 184900, t:  439036.3 s, ωt:  43.90 (6.99 periods), wall: 22.155 minutes, Δt:   6.47, CFL: 9.00e-01
i: 185000, t:  439680.0 s, ωt:  43.97 (7.00 periods), wall: 22.168 minutes, Δt:   6.69, CFL: 9.00e-01
i: 185100, t:  440310.9 s, ωt:  44.03 (7.01 periods), wall: 22.200 minutes, Δt:   5.73, CFL: 9.00e-01
i: 185200, t:  440926.9 s, ωt:  44.09 (7.02 periods), wall: 22.213 minutes, Δt:   6.31, CFL: 9.00e-01
i: 185300, t:  441513.8 s, ωt:  44.15 (7.03 periods), wall: 22.227 minutes, Δt:   5.10, CFL: 9.00e-01
i: 185400, t:  442060.2 s, ωt:  44.21 (7.04 periods), wall: 22.240 minutes, Δt:   5.02, CFL: 9.00e-01
i: 185500, t:  442639.0 s, ωt:  44.26 (7.04 periods), wall: 22.252 minutes, Δt:   5.92, CFL: 9.00e-01
i: 185600, t:  443161.7 s, ωt:  44.32 (7.05 periods), wall: 22.265 minutes, Δt:   4.49, CFL: 9.00e-01
i: 185700, t:  443612.5 s, ωt:  44.36 (7.06 periods), wall: 22.278 minutes, Δt:   4.66, CFL: 9.00e-01
i: 185800, t:  444041.0 s, ωt:  44.40 (7.07 periods), wall: 22.290 minutes, Δt:   4.26, CFL: 9.00e-01
i: 185900, t:  444443.5 s, ωt:  44.44 (7.07 periods), wall: 22.301 minutes, Δt:   4.06, CFL: 9.00e-01
i: 186000, t:  444820.6 s, ωt:  44.48 (7.08 periods), wall: 22.313 minutes, Δt:   2.92, CFL: 9.00e-01
i: 186100, t:  445119.7 s, ωt:  44.51 (7.08 periods), wall: 22.324 minutes, Δt:   3.48, CFL: 9.00e-01
i: 186200, t:  445433.8 s, ωt:  44.54 (7.09 periods), wall: 22.335 minutes, Δt:   3.12, CFL: 9.00e-01
i: 186300, t:  445724.2 s, ωt:  44.57 (7.09 periods), wall: 22.350 minutes, Δt:   2.77, CFL: 9.00e-01
i: 186400, t:  445992.1 s, ωt:  44.60 (7.10 periods), wall: 22.361 minutes, Δt:   3.00, CFL: 9.00e-01
i: 186500, t:  446276.1 s, ωt:  44.63 (7.10 periods), wall: 22.372 minutes, Δt:   2.50, CFL: 9.00e-01
i: 186600, t:  446524.3 s, ωt:  44.65 (7.11 periods), wall: 22.384 minutes, Δt:   2.24, CFL: 9.00e-01
i: 186700, t:  446766.9 s, ωt:  44.68 (7.11 periods), wall: 22.395 minutes, Δt:   2.38, CFL: 9.00e-01
i: 186800, t:  446987.4 s, ωt:  44.70 (7.11 periods), wall: 22.405 minutes, Δt:   2.29, CFL: 9.00e-01
i: 186900, t:  447214.2 s, ωt:  44.72 (7.12 periods), wall: 22.418 minutes, Δt:   2.61, CFL: 9.00e-01
i: 187000, t:  447431.0 s, ωt:  44.74 (7.12 periods), wall: 22.429 minutes, Δt:   1.81, CFL: 9.00e-01
i: 187100, t:  447644.6 s, ωt:  44.76 (7.12 periods), wall: 22.439 minutes, Δt:   1.73, CFL: 9.00e-01
i: 187200, t:  447866.0 s, ωt:  44.79 (7.13 periods), wall: 22.453 minutes, Δt:   2.24, CFL: 9.00e-01
i: 187300, t:  448083.3 s, ωt:  44.81 (7.13 periods), wall: 22.465 minutes, Δt:   2.14, CFL: 9.00e-01
i: 187400, t:  448303.5 s, ωt:  44.83 (7.13 periods), wall: 22.475 minutes, Δt:   2.27, CFL: 9.00e-01
i: 187500, t:  448529.6 s, ωt:  44.85 (7.14 periods), wall: 22.487 minutes, Δt:   1.87, CFL: 9.00e-01
i: 187600, t:  448710.6 s, ωt:  44.87 (7.14 periods), wall: 22.499 minutes, Δt:   1.71, CFL: 9.00e-01
i: 187700, t:  448898.5 s, ωt:  44.89 (7.14 periods), wall: 22.509 minutes, Δt:   1.78, CFL: 9.00e-01
i: 187800, t:  449099.9 s, ωt:  44.91 (7.15 periods), wall: 22.520 minutes, Δt:   2.06, CFL: 9.00e-01
i: 187900, t:  449288.2 s, ωt:  44.93 (7.15 periods), wall: 22.532 minutes, Δt:   1.94, CFL: 9.00e-01
i: 188000, t:  449480.8 s, ωt:  44.95 (7.15 periods), wall: 22.542 minutes, Δt:   2.09, CFL: 9.00e-01
i: 188100, t:  449676.1 s, ωt:  44.97 (7.16 periods), wall: 22.554 minutes, Δt:   1.85, CFL: 9.00e-01
i: 188200, t:  449871.1 s, ωt:  44.99 (7.16 periods), wall: 22.564 minutes, Δt:   1.80, CFL: 9.00e-01
i: 188300, t:  450065.4 s, ωt:  45.01 (7.16 periods), wall: 22.576 minutes, Δt:   1.83, CFL: 9.00e-01
i: 188400, t:  450256.6 s, ωt:  45.03 (7.17 periods), wall: 22.588 minutes, Δt:   1.77, CFL: 9.00e-01
i: 188500, t:  450444.8 s, ωt:  45.04 (7.17 periods), wall: 22.598 minutes, Δt:   1.65, CFL: 9.00e-01
i: 188600, t:  450623.7 s, ωt:  45.06 (7.17 periods), wall: 22.609 minutes, Δt:   1.80, CFL: 9.00e-01
i: 188700, t:  450820.5 s, ωt:  45.08 (7.18 periods), wall: 22.621 minutes, Δt:   1.93, CFL: 9.00e-01
i: 188800, t:  451011.1 s, ωt:  45.10 (7.18 periods), wall: 22.631 minutes, Δt:   2.11, CFL: 9.00e-01
i: 188900, t:  451212.9 s, ωt:  45.12 (7.18 periods), wall: 22.642 minutes, Δt:   1.80, CFL: 9.00e-01
i: 189000, t:  451390.2 s, ωt:  45.14 (7.18 periods), wall: 22.653 minutes, Δt:   1.80, CFL: 9.00e-01
i: 189100, t:  451566.6 s, ωt:  45.16 (7.19 periods), wall: 22.664 minutes, Δt:   1.82, CFL: 9.00e-01
i: 189200, t:  451745.9 s, ωt:  45.17 (7.19 periods), wall: 22.674 minutes, Δt:   1.75, CFL: 9.00e-01
i: 189300, t:  451920.1 s, ωt:  45.19 (7.19 periods), wall: 22.686 minutes, Δt:   1.61, CFL: 9.00e-01
i: 189400, t:  452088.4 s, ωt:  45.21 (7.20 periods), wall: 22.697 minutes, Δt:   1.91, CFL: 9.00e-01
i: 189500, t:  452272.7 s, ωt:  45.23 (7.20 periods), wall: 22.707 minutes, Δt:   1.55, CFL: 9.00e-01
i: 189600, t:  452450.7 s, ωt:  45.25 (7.20 periods), wall: 22.719 minutes, Δt:   1.61, CFL: 9.00e-01
i: 189700, t:  452621.8 s, ωt:  45.26 (7.20 periods), wall: 22.729 minutes, Δt:   1.91, CFL: 9.00e-01
i: 189800, t:  452788.9 s, ωt:  45.28 (7.21 periods), wall: 22.741 minutes, Δt:   1.57, CFL: 9.00e-01
i: 189900, t:  452970.2 s, ωt:  45.30 (7.21 periods), wall: 22.751 minutes, Δt:   1.75, CFL: 9.00e-01
i: 190000, t:  453149.2 s, ωt:  45.31 (7.21 periods), wall: 22.763 minutes, Δt:   1.44, CFL: 9.00e-01
i: 190100, t:  453307.0 s, ωt:  45.33 (7.21 periods), wall: 22.773 minutes, Δt:   1.72, CFL: 9.00e-01
i: 190200, t:  453486.1 s, ωt:  45.35 (7.22 periods), wall: 22.784 minutes, Δt:   1.86, CFL: 9.00e-01
i: 190300, t:  453661.0 s, ωt:  45.37 (7.22 periods), wall: 22.796 minutes, Δt:   1.94, CFL: 9.00e-01
i: 190400, t:  453831.7 s, ωt:  45.38 (7.22 periods), wall: 22.806 minutes, Δt:   1.80, CFL: 9.00e-01
i: 190500, t:  454003.8 s, ωt:  45.40 (7.23 periods), wall: 22.817 minutes, Δt:   1.65, CFL: 9.00e-01
i: 190600, t:  454172.6 s, ωt:  45.42 (7.23 periods), wall: 22.827 minutes, Δt:   1.68, CFL: 9.00e-01
i: 190700, t:  454336.6 s, ωt:  45.43 (7.23 periods), wall: 22.839 minutes, Δt:   1.63, CFL: 9.00e-01
i: 190800, t:  454503.4 s, ωt:  45.45 (7.23 periods), wall: 22.850 minutes, Δt:   1.92, CFL: 9.00e-01
i: 190900, t:  454677.7 s, ωt:  45.47 (7.24 periods), wall: 22.861 minutes, Δt:   1.69, CFL: 9.00e-01
i: 191000, t:  454856.2 s, ωt:  45.49 (7.24 periods), wall: 22.871 minutes, Δt:   1.75, CFL: 9.00e-01
i: 191100, t:  455021.1 s, ωt:  45.50 (7.24 periods), wall: 22.883 minutes, Δt:   1.37, CFL: 9.00e-01
i: 191200, t:  455189.3 s, ωt:  45.52 (7.24 periods), wall: 22.893 minutes, Δt:   1.70, CFL: 9.00e-01
i: 191300, t:  455352.5 s, ωt:  45.54 (7.25 periods), wall: 22.905 minutes, Δt:   1.36, CFL: 9.00e-01
i: 191400, t:  455501.7 s, ωt:  45.55 (7.25 periods), wall: 22.915 minutes, Δt:   1.68, CFL: 9.00e-01
i: 191500, t:  455654.7 s, ωt:  45.57 (7.25 periods), wall: 22.926 minutes, Δt:   1.49, CFL: 9.00e-01
i: 191600, t:  455823.5 s, ωt:  45.58 (7.25 periods), wall: 22.937 minutes, Δt:   1.82, CFL: 9.00e-01
i: 191700, t:  455993.6 s, ωt:  45.60 (7.26 periods), wall: 22.948 minutes, Δt:   1.62, CFL: 9.00e-01
i: 191800, t:  456159.3 s, ωt:  45.62 (7.26 periods), wall: 22.958 minutes, Δt:   1.48, CFL: 9.00e-01
i: 191900, t:  456314.4 s, ωt:  45.63 (7.26 periods), wall: 22.969 minutes, Δt:   1.71, CFL: 9.00e-01
i: 192000, t:  456472.1 s, ωt:  45.65 (7.26 periods), wall: 22.979 minutes, Δt:   1.55, CFL: 9.00e-01
i: 192100, t:  456658.1 s, ωt:  45.67 (7.27 periods), wall: 22.990 minutes, Δt:   1.97, CFL: 9.00e-01
i: 192200, t:  456842.7 s, ωt:  45.68 (7.27 periods), wall: 23.002 minutes, Δt:   1.81, CFL: 9.00e-01
i: 192300, t:  457018.3 s, ωt:  45.70 (7.27 periods), wall: 23.012 minutes, Δt:   1.71, CFL: 9.00e-01
i: 192400, t:  457179.8 s, ωt:  45.72 (7.28 periods), wall: 23.023 minutes, Δt:   1.82, CFL: 9.00e-01
i: 192500, t:  457362.3 s, ωt:  45.74 (7.28 periods), wall: 23.034 minutes, Δt:   1.81, CFL: 9.00e-01
i: 192600, t:  457550.2 s, ωt:  45.76 (7.28 periods), wall: 23.045 minutes, Δt:   1.73, CFL: 9.00e-01
i: 192700, t:  457718.1 s, ωt:  45.77 (7.28 periods), wall: 23.055 minutes, Δt:   1.72, CFL: 9.00e-01
i: 192800, t:  457883.7 s, ωt:  45.79 (7.29 periods), wall: 23.067 minutes, Δt:   1.73, CFL: 9.00e-01
i: 192900, t:  458054.4 s, ωt:  45.81 (7.29 periods), wall: 23.078 minutes, Δt:   1.63, CFL: 9.00e-01
i: 193000, t:  458230.5 s, ωt:  45.82 (7.29 periods), wall: 23.088 minutes, Δt:   1.81, CFL: 9.00e-01
i: 193100, t:  458406.2 s, ωt:  45.84 (7.30 periods), wall: 23.100 minutes, Δt:   1.78, CFL: 9.00e-01
i: 193200, t:  458585.5 s, ωt:  45.86 (7.30 periods), wall: 23.110 minutes, Δt:   1.98, CFL: 9.00e-01
i: 193300, t:  458759.8 s, ωt:  45.88 (7.30 periods), wall: 23.122 minutes, Δt:   1.98, CFL: 9.00e-01
i: 193400, t:  458941.7 s, ωt:  45.89 (7.30 periods), wall: 23.132 minutes, Δt:   1.59, CFL: 9.00e-01
i: 193500, t:  459114.7 s, ωt:  45.91 (7.31 periods), wall: 23.144 minutes, Δt:   1.84, CFL: 9.00e-01
i: 193600, t:  459300.8 s, ωt:  45.93 (7.31 periods), wall: 23.154 minutes, Δt:   2.07, CFL: 9.00e-01
i: 193700, t:  459479.1 s, ωt:  45.95 (7.31 periods), wall: 23.165 minutes, Δt:   1.21, CFL: 9.00e-01
i: 193800, t:  459650.9 s, ωt:  45.97 (7.32 periods), wall: 23.177 minutes, Δt:   1.60, CFL: 9.00e-01
i: 193900, t:  459813.5 s, ωt:  45.98 (7.32 periods), wall: 23.187 minutes, Δt:   1.50, CFL: 9.00e-01
i: 194000, t:  459961.5 s, ωt:  46.00 (7.32 periods), wall: 23.198 minutes, Δt:   1.90, CFL: 9.00e-01
i: 194100, t:  460137.5 s, ωt:  46.01 (7.32 periods), wall: 23.209 minutes, Δt:   1.59, CFL: 9.00e-01
i: 194200, t:  460321.8 s, ωt:  46.03 (7.33 periods), wall: 23.220 minutes, Δt:   2.02, CFL: 9.00e-01
i: 194300, t:  460510.9 s, ωt:  46.05 (7.33 periods), wall: 23.230 minutes, Δt:   1.85, CFL: 9.00e-01
i: 194400, t:  460707.1 s, ωt:  46.07 (7.33 periods), wall: 23.241 minutes, Δt:   1.95, CFL: 9.00e-01
i: 194500, t:  460909.9 s, ωt:  46.09 (7.34 periods), wall: 23.253 minutes, Δt:   2.03, CFL: 9.00e-01
i: 194600, t:  461109.0 s, ωt:  46.11 (7.34 periods), wall: 23.263 minutes, Δt:   1.77, CFL: 9.00e-01
i: 194700, t:  461300.0 s, ωt:  46.13 (7.34 periods), wall: 23.274 minutes, Δt:   1.93, CFL: 9.00e-01
i: 194800, t:  461502.0 s, ωt:  46.15 (7.35 periods), wall: 23.285 minutes, Δt:   2.09, CFL: 9.00e-01
i: 194900, t:  461711.1 s, ωt:  46.17 (7.35 periods), wall: 23.295 minutes, Δt:   2.10, CFL: 9.00e-01
i: 195000, t:  461903.4 s, ωt:  46.19 (7.35 periods), wall: 23.307 minutes, Δt:   1.86, CFL: 9.00e-01
i: 195100, t:  462096.3 s, ωt:  46.21 (7.35 periods), wall: 23.317 minutes, Δt:   1.88, CFL: 9.00e-01
i: 195200, t:  462300.2 s, ωt:  46.23 (7.36 periods), wall: 23.329 minutes, Δt:   2.51, CFL: 9.00e-01
i: 195300, t:  462536.6 s, ωt:  46.25 (7.36 periods), wall: 23.341 minutes, Δt:   2.28, CFL: 9.00e-01
i: 195400, t:  462748.9 s, ωt:  46.27 (7.36 periods), wall: 23.351 minutes, Δt:   2.38, CFL: 9.00e-01
i: 195500, t:  462982.9 s, ωt:  46.30 (7.37 periods), wall: 23.363 minutes, Δt:   2.58, CFL: 9.00e-01
i: 195600, t:  463215.4 s, ωt:  46.32 (7.37 periods), wall: 23.374 minutes, Δt:   2.33, CFL: 9.00e-01
i: 195700, t:  463428.7 s, ωt:  46.34 (7.38 periods), wall: 23.386 minutes, Δt:   1.99, CFL: 9.00e-01
i: 195800, t:  463669.2 s, ωt:  46.37 (7.38 periods), wall: 23.396 minutes, Δt:   2.57, CFL: 9.00e-01
i: 195900, t:  463886.3 s, ωt:  46.39 (7.38 periods), wall: 23.407 minutes, Δt:   1.97, CFL: 9.00e-01
i: 196000, t:  464114.5 s, ωt:  46.41 (7.39 periods), wall: 23.418 minutes, Δt:   2.11, CFL: 9.00e-01
i: 196100, t:  464364.5 s, ωt:  46.44 (7.39 periods), wall: 23.430 minutes, Δt:   2.76, CFL: 9.00e-01
i: 196200, t:  464635.5 s, ωt:  46.46 (7.39 periods), wall: 23.440 minutes, Δt:   2.63, CFL: 9.00e-01
i: 196300, t:  464869.5 s, ωt:  46.49 (7.40 periods), wall: 23.451 minutes, Δt:   2.36, CFL: 9.00e-01
i: 196400, t:  465095.1 s, ωt:  46.51 (7.40 periods), wall: 23.462 minutes, Δt:   2.26, CFL: 9.00e-01
i: 196500, t:  465346.0 s, ωt:  46.53 (7.41 periods), wall: 23.474 minutes, Δt:   2.09, CFL: 9.00e-01
i: 196600, t:  465613.0 s, ωt:  46.56 (7.41 periods), wall: 23.486 minutes, Δt:   3.31, CFL: 9.00e-01
i: 196700, t:  465907.4 s, ωt:  46.59 (7.42 periods), wall: 23.497 minutes, Δt:   2.37, CFL: 9.00e-01
i: 196800, t:  466188.5 s, ωt:  46.62 (7.42 periods), wall: 23.507 minutes, Δt:   2.90, CFL: 9.00e-01
i: 196900, t:  466478.4 s, ωt:  46.65 (7.42 periods), wall: 23.519 minutes, Δt:   3.15, CFL: 9.00e-01
i: 197000, t:  466796.5 s, ωt:  46.68 (7.43 periods), wall: 23.530 minutes, Δt:   3.34, CFL: 9.00e-01
i: 197100, t:  467133.1 s, ωt:  46.71 (7.43 periods), wall: 23.541 minutes, Δt:   2.60, CFL: 9.00e-01
i: 197200, t:  467427.0 s, ωt:  46.74 (7.44 periods), wall: 23.552 minutes, Δt:   3.08, CFL: 9.00e-01
i: 197300, t:  467731.5 s, ωt:  46.77 (7.44 periods), wall: 23.564 minutes, Δt:   3.24, CFL: 9.00e-01
i: 197400, t:  468091.4 s, ωt:  46.81 (7.45 periods), wall: 23.575 minutes, Δt:   3.61, CFL: 9.00e-01
i: 197500, t:  468499.9 s, ωt:  46.85 (7.46 periods), wall: 23.589 minutes, Δt:   3.29, CFL: 9.00e-01
i: 197600, t:  468860.8 s, ωt:  46.89 (7.46 periods), wall: 23.604 minutes, Δt:   3.76, CFL: 9.00e-01
i: 197700, t:  469296.5 s, ωt:  46.93 (7.47 periods), wall: 23.615 minutes, Δt:   4.77, CFL: 9.00e-01
i: 197800, t:  469840.2 s, ωt:  46.98 (7.48 periods), wall: 23.628 minutes, Δt:   5.47, CFL: 9.00e-01
i: 197900, t:  470442.1 s, ωt:  47.04 (7.49 periods), wall: 23.642 minutes, Δt:   6.98, CFL: 9.00e-01
i: 198000, t:  471112.6 s, ωt:  47.11 (7.50 periods), wall: 23.654 minutes, Δt:   7.29, CFL: 9.00e-01
i: 198100, t:  471834.9 s, ωt:  47.18 (7.51 periods), wall: 23.680 minutes, Δt:   5.84, CFL: 9.00e-01
i: 198200, t:  472459.9 s, ωt:  47.25 (7.52 periods), wall: 23.692 minutes, Δt:   7.48, CFL: 9.00e-01
i: 198300, t:  473050.0 s, ωt:  47.31 (7.53 periods), wall: 23.705 minutes, Δt:   5.19, CFL: 9.00e-01
i: 198400, t:  473606.3 s, ωt:  47.36 (7.54 periods), wall: 23.721 minutes, Δt:   5.90, CFL: 9.00e-01
i: 198500, t:  474130.7 s, ωt:  47.41 (7.55 periods), wall: 23.734 minutes, Δt:   5.69, CFL: 9.00e-01
i: 198600, t:  474684.1 s, ωt:  47.47 (7.55 periods), wall: 23.746 minutes, Δt:   5.60, CFL: 9.00e-01
i: 198700, t:  475176.7 s, ωt:  47.52 (7.56 periods), wall: 23.759 minutes, Δt:   5.03, CFL: 9.00e-01
i: 198800, t:  475592.3 s, ωt:  47.56 (7.57 periods), wall: 23.770 minutes, Δt:   3.16, CFL: 9.00e-01
i: 198900, t:  475940.0 s, ωt:  47.59 (7.57 periods), wall: 23.782 minutes, Δt:   3.94, CFL: 9.00e-01
i: 199000, t:  476268.5 s, ωt:  47.63 (7.58 periods), wall: 23.794 minutes, Δt:   3.05, CFL: 9.00e-01
i: 199100, t:  476566.5 s, ωt:  47.66 (7.58 periods), wall: 23.805 minutes, Δt:   2.94, CFL: 9.00e-01
i: 199200, t:  476858.7 s, ωt:  47.69 (7.59 periods), wall: 23.816 minutes, Δt:   2.87, CFL: 9.00e-01
i: 199300, t:  477149.1 s, ωt:  47.71 (7.59 periods), wall: 23.827 minutes, Δt:   2.84, CFL: 9.00e-01
i: 199400, t:  477418.9 s, ωt:  47.74 (7.60 periods), wall: 23.839 minutes, Δt:   2.48, CFL: 9.00e-01
i: 199500, t:  477668.0 s, ωt:  47.77 (7.60 periods), wall: 23.850 minutes, Δt:   2.35, CFL: 9.00e-01
i: 199600, t:  477909.8 s, ωt:  47.79 (7.61 periods), wall: 23.862 minutes, Δt:   2.44, CFL: 9.00e-01
i: 199700, t:  478140.9 s, ωt:  47.81 (7.61 periods), wall: 23.872 minutes, Δt:   2.58, CFL: 9.00e-01
i: 199800, t:  478374.4 s, ωt:  47.84 (7.61 periods), wall: 23.883 minutes, Δt:   2.31, CFL: 9.00e-01
i: 199900, t:  478612.4 s, ωt:  47.86 (7.62 periods), wall: 23.895 minutes, Δt:   2.14, CFL: 9.00e-01
i: 200000, t:  478824.0 s, ωt:  47.88 (7.62 periods), wall: 23.906 minutes, Δt:   1.79, CFL: 9.00e-01
i: 200100, t:  479027.0 s, ωt:  47.90 (7.62 periods), wall: 23.917 minutes, Δt:   1.97, CFL: 9.00e-01
i: 200200, t:  479246.0 s, ωt:  47.92 (7.63 periods), wall: 23.928 minutes, Δt:   2.33, CFL: 9.00e-01
i: 200300, t:  479472.0 s, ωt:  47.95 (7.63 periods), wall: 23.940 minutes, Δt:   2.13, CFL: 9.00e-01
i: 200400, t:  479684.0 s, ωt:  47.97 (7.63 periods), wall: 23.950 minutes, Δt:   2.23, CFL: 9.00e-01
i: 200500, t:  479887.4 s, ωt:  47.99 (7.64 periods), wall: 23.961 minutes, Δt:   2.07, CFL: 9.00e-01
i: 200600, t:  480083.7 s, ωt:  48.01 (7.64 periods), wall: 23.973 minutes, Δt:   2.06, CFL: 9.00e-01
i: 200700, t:  480280.6 s, ωt:  48.03 (7.64 periods), wall: 23.983 minutes, Δt:   1.89, CFL: 9.00e-01
i: 200800, t:  480482.1 s, ωt:  48.05 (7.65 periods), wall: 23.994 minutes, Δt:   1.84, CFL: 9.00e-01
i: 200900, t:  480670.0 s, ωt:  48.07 (7.65 periods), wall: 24.006 minutes, Δt:   2.01, CFL: 9.00e-01
i: 201000, t:  480860.8 s, ωt:  48.09 (7.65 periods), wall: 24.016 minutes, Δt:   2.12, CFL: 9.00e-01
i: 201100, t:  481056.4 s, ωt:  48.11 (7.66 periods), wall: 24.027 minutes, Δt:   1.70, CFL: 9.00e-01
i: 201200, t:  481235.5 s, ωt:  48.12 (7.66 periods), wall: 24.038 minutes, Δt:   1.97, CFL: 9.00e-01
i: 201300, t:  481409.4 s, ωt:  48.14 (7.66 periods), wall: 24.050 minutes, Δt:   1.59, CFL: 9.00e-01
i: 201400, t:  481584.9 s, ωt:  48.16 (7.66 periods), wall: 24.060 minutes, Δt:   1.76, CFL: 9.00e-01
i: 201500, t:  481761.0 s, ωt:  48.18 (7.67 periods), wall: 24.071 minutes, Δt:   1.60, CFL: 9.00e-01
i: 201600, t:  481921.9 s, ωt:  48.19 (7.67 periods), wall: 24.082 minutes, Δt:   1.64, CFL: 9.00e-01
i: 201700, t:  482105.4 s, ωt:  48.21 (7.67 periods), wall: 24.092 minutes, Δt:   1.86, CFL: 9.00e-01
i: 201800, t:  482287.5 s, ωt:  48.23 (7.68 periods), wall: 24.104 minutes, Δt:   1.62, CFL: 9.00e-01
i: 201900, t:  482446.3 s, ωt:  48.24 (7.68 periods), wall: 24.114 minutes, Δt:   1.89, CFL: 9.00e-01
i: 202000, t:  482632.1 s, ωt:  48.26 (7.68 periods), wall: 24.126 minutes, Δt:   1.99, CFL: 9.00e-01
i: 202100, t:  482817.1 s, ωt:  48.28 (7.68 periods), wall: 24.136 minutes, Δt:   1.85, CFL: 9.00e-01
i: 202200, t:  482995.8 s, ωt:  48.30 (7.69 periods), wall: 24.147 minutes, Δt:   1.83, CFL: 9.00e-01
i: 202300, t:  483149.7 s, ωt:  48.31 (7.69 periods), wall: 24.157 minutes, Δt:   1.39, CFL: 9.00e-01
i: 202400, t:  483320.1 s, ωt:  48.33 (7.69 periods), wall: 24.170 minutes, Δt:   1.67, CFL: 9.00e-01
i: 202500, t:  483483.7 s, ωt:  48.35 (7.69 periods), wall: 24.180 minutes, Δt:   1.88, CFL: 9.00e-01
i: 202600, t:  483664.9 s, ωt:  48.37 (7.70 periods), wall: 24.191 minutes, Δt:   1.82, CFL: 9.00e-01
i: 202700, t:  483852.6 s, ωt:  48.39 (7.70 periods), wall: 24.203 minutes, Δt:   1.76, CFL: 9.00e-01
i: 202800, t:  484021.1 s, ωt:  48.40 (7.70 periods), wall: 24.213 minutes, Δt:   1.97, CFL: 9.00e-01
i: 202900, t:  484190.4 s, ωt:  48.42 (7.71 periods), wall: 24.224 minutes, Δt:   1.68, CFL: 9.00e-01
i: 203000, t:  484352.9 s, ωt:  48.44 (7.71 periods), wall: 24.235 minutes, Δt:   1.76, CFL: 9.00e-01
i: 203100, t:  484527.4 s, ωt:  48.45 (7.71 periods), wall: 24.246 minutes, Δt:   1.65, CFL: 9.00e-01
i: 203200, t:  484686.8 s, ωt:  48.47 (7.71 periods), wall: 24.256 minutes, Δt:   1.72, CFL: 9.00e-01
i: 203300, t:  484858.9 s, ωt:  48.49 (7.72 periods), wall: 24.268 minutes, Δt:   1.63, CFL: 9.00e-01
i: 203400, t:  485016.4 s, ωt:  48.50 (7.72 periods), wall: 24.278 minutes, Δt:   1.59, CFL: 9.00e-01
i: 203500, t:  485182.7 s, ωt:  48.52 (7.72 periods), wall: 24.289 minutes, Δt:   1.55, CFL: 9.00e-01
i: 203600, t:  485330.6 s, ωt:  48.53 (7.72 periods), wall: 24.300 minutes, Δt:   1.52, CFL: 9.00e-01
i: 203700, t:  485477.5 s, ωt:  48.55 (7.73 periods), wall: 24.311 minutes, Δt:   1.71, CFL: 9.00e-01
i: 203800, t:  485632.7 s, ωt:  48.56 (7.73 periods), wall: 24.321 minutes, Δt:   1.77, CFL: 9.00e-01
i: 203900, t:  485801.6 s, ωt:  48.58 (7.73 periods), wall: 24.333 minutes, Δt:   1.74, CFL: 9.00e-01
i: 204000, t:  485968.6 s, ωt:  48.60 (7.73 periods), wall: 24.343 minutes, Δt:   1.48, CFL: 9.00e-01
i: 204100, t:  486114.6 s, ωt:  48.61 (7.74 periods), wall: 24.355 minutes, Δt:   1.65, CFL: 9.00e-01
i: 204200, t:  486283.9 s, ωt:  48.63 (7.74 periods), wall: 24.365 minutes, Δt:   1.68, CFL: 9.00e-01
i: 204300, t:  486445.3 s, ωt:  48.64 (7.74 periods), wall: 24.377 minutes, Δt:   1.69, CFL: 9.00e-01
i: 204400, t:  486617.7 s, ωt:  48.66 (7.74 periods), wall: 24.388 minutes, Δt:   1.70, CFL: 9.00e-01
i: 204500, t:  486781.7 s, ωt:  48.68 (7.75 periods), wall: 24.399 minutes, Δt:   1.73, CFL: 9.00e-01
i: 204600, t:  486941.7 s, ωt:  48.69 (7.75 periods), wall: 24.410 minutes, Δt:   1.69, CFL: 9.00e-01
i: 204700, t:  487114.0 s, ωt:  48.71 (7.75 periods), wall: 24.421 minutes, Δt:   1.39, CFL: 9.00e-01
i: 204800, t:  487278.0 s, ωt:  48.73 (7.76 periods), wall: 24.432 minutes, Δt:   1.70, CFL: 9.00e-01
i: 204900, t:  487442.7 s, ωt:  48.74 (7.76 periods), wall: 24.443 minutes, Δt:   1.70, CFL: 9.00e-01
i: 205000, t:  487608.6 s, ωt:  48.76 (7.76 periods), wall: 24.454 minutes, Δt:   1.73, CFL: 9.00e-01
i: 205100, t:  487771.1 s, ωt:  48.78 (7.76 periods), wall: 24.464 minutes, Δt:   1.66, CFL: 9.00e-01
i: 205200, t:  487922.1 s, ωt:  48.79 (7.77 periods), wall: 24.477 minutes, Δt:   1.53, CFL: 9.00e-01
i: 205300, t:  488085.8 s, ωt:  48.81 (7.77 periods), wall: 24.487 minutes, Δt:   1.49, CFL: 9.00e-01
i: 205400, t:  488246.1 s, ωt:  48.82 (7.77 periods), wall: 24.498 minutes, Δt:   1.58, CFL: 9.00e-01
i: 205500, t:  488408.8 s, ωt:  48.84 (7.77 periods), wall: 24.508 minutes, Δt:   1.64, CFL: 9.00e-01
i: 205600, t:  488571.1 s, ωt:  48.86 (7.78 periods), wall: 24.520 minutes, Δt:   1.58, CFL: 9.00e-01
i: 205700, t:  488737.2 s, ωt:  48.87 (7.78 periods), wall: 24.530 minutes, Δt:   1.83, CFL: 9.00e-01
i: 205800, t:  488905.8 s, ωt:  48.89 (7.78 periods), wall: 24.541 minutes, Δt:   1.53, CFL: 9.00e-01
i: 205900, t:  489064.3 s, ωt:  48.91 (7.78 periods), wall: 24.552 minutes, Δt:   1.73, CFL: 9.00e-01
i: 206000, t:  489238.4 s, ωt:  48.92 (7.79 periods), wall: 24.563 minutes, Δt:   1.81, CFL: 9.00e-01
i: 206100, t:  489407.9 s, ωt:  48.94 (7.79 periods), wall: 24.574 minutes, Δt:   1.72, CFL: 9.00e-01
i: 206200, t:  489581.8 s, ωt:  48.96 (7.79 periods), wall: 24.585 minutes, Δt:   1.69, CFL: 9.00e-01
i: 206300, t:  489758.8 s, ωt:  48.98 (7.79 periods), wall: 24.595 minutes, Δt:   1.89, CFL: 9.00e-01
i: 206400, t:  489949.5 s, ωt:  48.99 (7.80 periods), wall: 24.607 minutes, Δt:   1.80, CFL: 9.00e-01
i: 206500, t:  490126.0 s, ωt:  49.01 (7.80 periods), wall: 24.619 minutes, Δt:   1.85, CFL: 9.00e-01
i: 206600, t:  490286.1 s, ωt:  49.03 (7.80 periods), wall: 24.629 minutes, Δt:   1.49, CFL: 9.00e-01
i: 206700, t:  490450.5 s, ωt:  49.05 (7.81 periods), wall: 24.641 minutes, Δt:   1.90, CFL: 9.00e-01
i: 206800, t:  490602.9 s, ωt:  49.06 (7.81 periods), wall: 24.651 minutes, Δt:   1.27, CFL: 9.00e-01
i: 206900, t:  490772.0 s, ωt:  49.08 (7.81 periods), wall: 24.662 minutes, Δt:   1.72, CFL: 9.00e-01
i: 207000, t:  490942.9 s, ωt:  49.09 (7.81 periods), wall: 24.673 minutes, Δt:   1.58, CFL: 9.00e-01
i: 207100, t:  491105.1 s, ωt:  49.11 (7.82 periods), wall: 24.685 minutes, Δt:   2.01, CFL: 9.00e-01
i: 207200, t:  491293.6 s, ωt:  49.13 (7.82 periods), wall: 24.695 minutes, Δt:   1.65, CFL: 9.00e-01
i: 207300, t:  491442.3 s, ωt:  49.14 (7.82 periods), wall: 24.707 minutes, Δt:   1.61, CFL: 9.00e-01
i: 207400, t:  491601.9 s, ωt:  49.16 (7.82 periods), wall: 24.717 minutes, Δt:   1.61, CFL: 9.00e-01
i: 207500, t:  491769.9 s, ωt:  49.18 (7.83 periods), wall: 24.729 minutes, Δt:   1.74, CFL: 9.00e-01
i: 207600, t:  491941.9 s, ωt:  49.19 (7.83 periods), wall: 24.739 minutes, Δt:   1.71, CFL: 9.00e-01
i: 207700, t:  492110.5 s, ωt:  49.21 (7.83 periods), wall: 24.750 minutes, Δt:   1.47, CFL: 9.00e-01
i: 207800, t:  492294.7 s, ωt:  49.23 (7.84 periods), wall: 24.762 minutes, Δt:   1.82, CFL: 9.00e-01
i: 207900, t:  492463.7 s, ωt:  49.25 (7.84 periods), wall: 24.772 minutes, Δt:   1.77, CFL: 9.00e-01
i: 208000, t:  492637.7 s, ωt:  49.26 (7.84 periods), wall: 24.784 minutes, Δt:   2.01, CFL: 9.00e-01
i: 208100, t:  492811.5 s, ωt:  49.28 (7.84 periods), wall: 24.794 minutes, Δt:   1.54, CFL: 9.00e-01
i: 208200, t:  492996.0 s, ωt:  49.30 (7.85 periods), wall: 24.806 minutes, Δt:   2.10, CFL: 9.00e-01
i: 208300, t:  493199.7 s, ωt:  49.32 (7.85 periods), wall: 24.816 minutes, Δt:   1.80, CFL: 9.00e-01
i: 208400, t:  493401.3 s, ωt:  49.34 (7.85 periods), wall: 24.828 minutes, Δt:   2.19, CFL: 9.00e-01
i: 208500, t:  493586.4 s, ωt:  49.36 (7.86 periods), wall: 24.841 minutes, Δt:   1.54, CFL: 9.00e-01
i: 208600, t:  493775.9 s, ωt:  49.38 (7.86 periods), wall: 24.851 minutes, Δt:   2.35, CFL: 9.00e-01
i: 208700, t:  493978.2 s, ωt:  49.40 (7.86 periods), wall: 24.862 minutes, Δt:   1.95, CFL: 9.00e-01
i: 208800, t:  494193.2 s, ωt:  49.42 (7.87 periods), wall: 24.875 minutes, Δt:   2.10, CFL: 9.00e-01
i: 208900, t:  494412.7 s, ωt:  49.44 (7.87 periods), wall: 24.885 minutes, Δt:   1.95, CFL: 9.00e-01
i: 209000, t:  494612.0 s, ωt:  49.46 (7.87 periods), wall: 24.898 minutes, Δt:   2.13, CFL: 9.00e-01
i: 209100, t:  494837.2 s, ωt:  49.48 (7.88 periods), wall: 24.910 minutes, Δt:   2.14, CFL: 9.00e-01
i: 209200, t:  495045.3 s, ωt:  49.50 (7.88 periods), wall: 24.920 minutes, Δt:   2.28, CFL: 9.00e-01
i: 209300, t:  495290.8 s, ωt:  49.53 (7.88 periods), wall: 24.931 minutes, Δt:   2.27, CFL: 9.00e-01
i: 209400, t:  495543.8 s, ωt:  49.55 (7.89 periods), wall: 24.943 minutes, Δt:   2.64, CFL: 9.00e-01
i: 209500, t:  495789.6 s, ωt:  49.58 (7.89 periods), wall: 24.954 minutes, Δt:   2.79, CFL: 9.00e-01
i: 209600, t:  496053.6 s, ωt:  49.61 (7.89 periods), wall: 24.964 minutes, Δt:   2.00, CFL: 9.00e-01
i: 209700, t:  496293.5 s, ωt:  49.63 (7.90 periods), wall: 24.980 minutes, Δt:   2.62, CFL: 9.00e-01
i: 209800, t:  496554.7 s, ωt:  49.66 (7.90 periods), wall: 24.991 minutes, Δt:   2.68, CFL: 9.00e-01
i: 209900, t:  496832.4 s, ωt:  49.68 (7.91 periods), wall: 25.003 minutes, Δt:   2.55, CFL: 9.00e-01
i: 210000, t:  497095.9 s, ωt:  49.71 (7.91 periods), wall: 25.015 minutes, Δt:   2.65, CFL: 9.00e-01
i: 210100, t:  497370.3 s, ωt:  49.74 (7.92 periods), wall: 25.026 minutes, Δt:   3.21, CFL: 9.00e-01
i: 210200, t:  497631.0 s, ωt:  49.76 (7.92 periods), wall: 25.038 minutes, Δt:   2.77, CFL: 9.00e-01
i: 210300, t:  497925.3 s, ωt:  49.79 (7.92 periods), wall: 25.048 minutes, Δt:   2.69, CFL: 9.00e-01
i: 210400, t:  498212.2 s, ωt:  49.82 (7.93 periods), wall: 25.060 minutes, Δt:   3.43, CFL: 9.00e-01
i: 210500, t:  498530.2 s, ωt:  49.85 (7.93 periods), wall: 25.071 minutes, Δt:   3.63, CFL: 9.00e-01
i: 210600, t:  498892.0 s, ωt:  49.89 (7.94 periods), wall: 25.085 minutes, Δt:   3.26, CFL: 9.00e-01
i: 210700, t:  499246.5 s, ωt:  49.92 (7.95 periods), wall: 25.097 minutes, Δt:   3.65, CFL: 9.00e-01
i: 210800, t:  499579.5 s, ωt:  49.96 (7.95 periods), wall: 25.108 minutes, Δt:   3.93, CFL: 9.00e-01
i: 210900, t:  499949.0 s, ωt:  49.99 (7.96 periods), wall: 25.123 minutes, Δt:   3.36, CFL: 9.00e-01
i: 211000, t:  500339.7 s, ωt:  50.03 (7.96 periods), wall: 25.135 minutes, Δt:   5.21, CFL: 9.00e-01
i: 211100, t:  500849.8 s, ωt:  50.08 (7.97 periods), wall: 25.149 minutes, Δt:   4.75, CFL: 9.00e-01
i: 211200, t:  501403.8 s, ωt:  50.14 (7.98 periods), wall: 25.161 minutes, Δt:   6.01, CFL: 9.00e-01
i: 211300, t:  502018.0 s, ωt:  50.20 (7.99 periods), wall: 25.173 minutes, Δt:   5.52, CFL: 9.00e-01
i: 211400, t:  502654.8 s, ωt:  50.27 (8.00 periods), wall: 25.186 minutes, Δt:   6.12, CFL: 9.00e-01
  Activating project at `/cephfs/store/damtp/tll46/SRIM-2026/Stokes/3D`
[ Info: Oceananigans will use 4 threads
┌ Warning: CUDA runtime library `libcusparse.so.12` was loaded from a system path, `/usr/local/software/spack/2024.2/views/maths/cuda-12.6.3/gcc-11.4.0/leehydd5fuufm35ohlbwth2mqtadrq3f/lib64/libcusparse.so.12`.
│ This may cause errors.
│ 
│ If you're running under a profiler, this situation is expected. Otherwise,
│ ensure that your library path environment variable (e.g., `PATH` on Windows
│ or `LD_LIBRARY_PATH` on Linux) does not include CUDA library paths.
│ 
│ In any other case, please file an issue.
└ @ CUDACore ~/.julia/packages/CUDACore/NlVPI/src/initialization.jl:199
┌ Warning: CUDA runtime library `libnvJitLink.so.12` was loaded from a system path, `/usr/local/software/spack/2024.2/views/maths/cuda-12.6.3/gcc-11.4.0/leehydd5fuufm35ohlbwth2mqtadrq3f/lib64/libnvJitLink.so.12`.
│ This may cause errors.
│ 
│ If you're running under a profiler, this situation is expected. Otherwise,
│ ensure that your library path environment variable (e.g., `PATH` on Windows
│ or `LD_LIBRARY_PATH` on Linux) does not include CUDA library paths.
│ 
│ In any other case, please file an issue.
└ @ CUDACore ~/.julia/packages/CUDACore/NlVPI/src/initialization.jl:199
[ Info: Case P4_T20_sqrtRi10: Ri = 100 (√Ri = 10), N² = 1e-06 s⁻², δ_s = 0.1414 m, Re_s = 5657
[ Info: Domain 10.000 × 10.000 × 50.000 m = 71 × 71 × 354 δ_s (physical), + 70.7 δ_s sponge on top → grid top 424 δ_s, 8 periods
[ Info: Analysed/plotted section: 0 – 30.00 m = 212 δ_s (pycnocline at T = 20.0 m)
[ Info: Background: softplus (profile 4), T = 20.0 m = 141.4 δ_s — N²_bg/N∞² = 0.000 at z = δ_s, 1.000 at z = Lz, 1.000 at lid; Δb over domain = 4e-05 m s⁻²
[ Info: Bottom Δz = 0.0121 m = 0.085 δ_s (11.7 points across δ_s); 227 cells below z = 212 δ_s; 269 physical + 21 sponge cells (sponge Δz = 3.367 δ_s)
[ Info: Δx = 0.2083 m = 1.47 δ_s, Δy = 0.2083 m = 1.47 δ_s
[ Info: Pycnocline z = T = 20.0 m: Δz = 0.0727 m, transition width = 0.732 m → 10.1 cells across (band ±2.2 m)
[ Info: Initializing velocities from Ri=0 spin-up: outputs/spinup_T20/TidalBL3D_spinup_T20_fields.jld2
[ Info: Using snapshot 11/11 (t = 5.00 periods of the spin-up)
[ Info: Initializing simulation...
[ Info:     ... simulation initialization complete (19.647 seconds)
[ Info: Executing initial time step...
[ Info:     ... initial time step complete (4.920 seconds).
[ Info: Simulation is stopping after running for 24.984 minutes.
[ Info: Simulation time 5.818 days equals or exceeds stop time 5.818 days.
