
==============================================================================
==== 2026-08-12 04:52:05  Tidal3D.jl sqrtRi10
==== LIGHT_OUTPUT=1  N_PERIODS=8  PROFILE=4  SPINUP_FILE=outputs/spinup_T15/TidalBL3D_spinup_T15_fields.jld2  T_STRAT=15  T_SWEEP=15
==============================================================================
i:      0, t:       0.0 s, ωt:   0.00 (0.00 periods), wall: 18.344 seconds, Δt:   1.20, CFL: 1.70e-01
i:    100, t:     309.0 s, ωt:   0.03 (0.00 periods), wall: 35.583 seconds, Δt:   4.95, CFL: 9.00e-01
i:    200, t:     820.4 s, ωt:   0.08 (0.01 periods), wall: 36.307 seconds, Δt:   5.35, CFL: 9.00e-01
i:    300, t:    1400.5 s, ωt:   0.14 (0.02 periods), wall: 37.013 seconds, Δt:   5.16, CFL: 9.00e-01
i:    400, t:    1938.7 s, ωt:   0.19 (0.03 periods), wall: 37.715 seconds, Δt:   5.83, CFL: 9.00e-01
i:    500, t:    2513.3 s, ωt:   0.25 (0.04 periods), wall: 38.388 seconds, Δt:   5.18, CFL: 9.00e-01
i:    600, t:    2975.1 s, ωt:   0.30 (0.05 periods), wall: 39.260 seconds, Δt:   4.51, CFL: 9.00e-01
i:    700, t:    3404.1 s, ωt:   0.34 (0.05 periods), wall: 39.918 seconds, Δt:   3.83, CFL: 9.00e-01
i:    800, t:    3784.8 s, ωt:   0.38 (0.06 periods), wall: 40.652 seconds, Δt:   3.99, CFL: 9.00e-01
i:    900, t:    4203.9 s, ωt:   0.42 (0.07 periods), wall: 41.315 seconds, Δt:   4.06, CFL: 9.00e-01
i:   1000, t:    4621.3 s, ωt:   0.46 (0.07 periods), wall: 41.980 seconds, Δt:   3.56, CFL: 9.00e-01
i:   1100, t:    4935.0 s, ωt:   0.49 (0.08 periods), wall: 42.629 seconds, Δt:   3.31, CFL: 9.00e-01
i:   1200, t:    5267.7 s, ωt:   0.53 (0.08 periods), wall: 43.289 seconds, Δt:   2.76, CFL: 9.00e-01
i:   1300, t:    5581.5 s, ωt:   0.56 (0.09 periods), wall: 44.171 seconds, Δt:   3.29, CFL: 9.00e-01
i:   1400, t:    5873.1 s, ωt:   0.59 (0.09 periods), wall: 44.901 seconds, Δt:   2.30, CFL: 9.00e-01
i:   1500, t:    6115.8 s, ωt:   0.61 (0.10 periods), wall: 45.568 seconds, Δt:   2.48, CFL: 9.00e-01
i:   1600, t:    6371.9 s, ωt:   0.64 (0.10 periods), wall: 46.233 seconds, Δt:   2.56, CFL: 9.00e-01
i:   1700, t:    6639.4 s, ωt:   0.66 (0.11 periods), wall: 46.907 seconds, Δt:   2.72, CFL: 9.00e-01
i:   1800, t:    6901.0 s, ωt:   0.69 (0.11 periods), wall: 47.505 seconds, Δt:   2.19, CFL: 9.00e-01
i:   1900, t:    7156.2 s, ωt:   0.72 (0.11 periods), wall: 48.184 seconds, Δt:   2.72, CFL: 9.00e-01
i:   2000, t:    7393.0 s, ωt:   0.74 (0.12 periods), wall: 48.855 seconds, Δt:   2.29, CFL: 9.00e-01
i:   2100, t:    7628.9 s, ωt:   0.76 (0.12 periods), wall: 49.517 seconds, Δt:   2.23, CFL: 9.00e-01
i:   2200, t:    7858.8 s, ωt:   0.79 (0.13 periods), wall: 50.181 seconds, Δt:   2.39, CFL: 9.00e-01
i:   2300, t:    8105.1 s, ωt:   0.81 (0.13 periods), wall: 50.791 seconds, Δt:   2.57, CFL: 9.00e-01
i:   2400, t:    8345.3 s, ωt:   0.83 (0.13 periods), wall: 51.489 seconds, Δt:   2.23, CFL: 9.00e-01
i:   2500, t:    8580.6 s, ωt:   0.86 (0.14 periods), wall: 52.257 seconds, Δt:   2.49, CFL: 9.00e-01
i:   2600, t:    8811.0 s, ωt:   0.88 (0.14 periods), wall: 52.972 seconds, Δt:   2.28, CFL: 9.00e-01
i:   2700, t:    9032.1 s, ωt:   0.90 (0.14 periods), wall: 53.580 seconds, Δt:   2.13, CFL: 9.00e-01
i:   2800, t:    9241.2 s, ωt:   0.92 (0.15 periods), wall: 54.252 seconds, Δt:   1.93, CFL: 9.00e-01
i:   2900, t:    9456.6 s, ωt:   0.95 (0.15 periods), wall: 54.935 seconds, Δt:   1.95, CFL: 9.00e-01
i:   3000, t:    9648.2 s, ωt:   0.96 (0.15 periods), wall: 55.545 seconds, Δt:   1.80, CFL: 9.00e-01
i:   3100, t:    9837.0 s, ωt:   0.98 (0.16 periods), wall: 56.225 seconds, Δt:   1.74, CFL: 9.00e-01
i:   3200, t:   10028.7 s, ωt:   1.00 (0.16 periods), wall: 56.825 seconds, Δt:   2.06, CFL: 9.00e-01
i:   3300, t:   10238.5 s, ωt:   1.02 (0.16 periods), wall: 57.504 seconds, Δt:   1.89, CFL: 9.00e-01
i:   3400, t:   10419.4 s, ωt:   1.04 (0.17 periods), wall: 58.195 seconds, Δt:   1.93, CFL: 9.00e-01
i:   3500, t:   10626.7 s, ωt:   1.06 (0.17 periods), wall: 58.795 seconds, Δt:   1.98, CFL: 9.00e-01
i:   3600, t:   10826.4 s, ωt:   1.08 (0.17 periods), wall: 59.480 seconds, Δt:   2.03, CFL: 9.00e-01
i:   3700, t:   11003.8 s, ωt:   1.10 (0.18 periods), wall: 1.002 minutes, Δt:   1.78, CFL: 9.00e-01
i:   3800, t:   11199.2 s, ωt:   1.12 (0.18 periods), wall: 1.013 minutes, Δt:   2.13, CFL: 9.00e-01
i:   3900, t:   11388.5 s, ωt:   1.14 (0.18 periods), wall: 1.023 minutes, Δt:   1.73, CFL: 9.00e-01
i:   4000, t:   11569.5 s, ωt:   1.16 (0.18 periods), wall: 1.034 minutes, Δt:   1.58, CFL: 9.00e-01
i:   4100, t:   11747.8 s, ωt:   1.17 (0.19 periods), wall: 1.045 minutes, Δt:   1.98, CFL: 9.00e-01
i:   4200, t:   11944.1 s, ωt:   1.19 (0.19 periods), wall: 1.058 minutes, Δt:   2.03, CFL: 9.00e-01
i:   4300, t:   12133.2 s, ωt:   1.21 (0.19 periods), wall: 1.068 minutes, Δt:   1.92, CFL: 9.00e-01
i:   4400, t:   12313.9 s, ωt:   1.23 (0.20 periods), wall: 1.082 minutes, Δt:   1.98, CFL: 9.00e-01
i:   4500, t:   12492.1 s, ωt:   1.25 (0.20 periods), wall: 1.092 minutes, Δt:   1.81, CFL: 9.00e-01
i:   4600, t:   12673.0 s, ωt:   1.27 (0.20 periods), wall: 1.103 minutes, Δt:   1.90, CFL: 9.00e-01
i:   4700, t:   12844.2 s, ωt:   1.28 (0.20 periods), wall: 1.114 minutes, Δt:   1.65, CFL: 9.00e-01
i:   4800, t:   13019.5 s, ωt:   1.30 (0.21 periods), wall: 1.126 minutes, Δt:   1.77, CFL: 9.00e-01
i:   4900, t:   13194.1 s, ωt:   1.32 (0.21 periods), wall: 1.136 minutes, Δt:   1.99, CFL: 9.00e-01
i:   5000, t:   13369.6 s, ωt:   1.34 (0.21 periods), wall: 1.147 minutes, Δt:   1.71, CFL: 9.00e-01
i:   5100, t:   13540.2 s, ωt:   1.35 (0.22 periods), wall: 1.159 minutes, Δt:   1.85, CFL: 9.00e-01
i:   5200, t:   13718.1 s, ωt:   1.37 (0.22 periods), wall: 1.169 minutes, Δt:   1.69, CFL: 9.00e-01
i:   5300, t:   13884.9 s, ωt:   1.39 (0.22 periods), wall: 1.181 minutes, Δt:   1.87, CFL: 9.00e-01
i:   5400, t:   14054.2 s, ωt:   1.41 (0.22 periods), wall: 1.191 minutes, Δt:   1.79, CFL: 9.00e-01
i:   5500, t:   14224.1 s, ωt:   1.42 (0.23 periods), wall: 1.202 minutes, Δt:   1.79, CFL: 9.00e-01
i:   5600, t:   14397.3 s, ωt:   1.44 (0.23 periods), wall: 1.212 minutes, Δt:   1.94, CFL: 9.00e-01
i:   5700, t:   14578.6 s, ωt:   1.46 (0.23 periods), wall: 1.224 minutes, Δt:   1.73, CFL: 9.00e-01
i:   5800, t:   14764.7 s, ωt:   1.48 (0.23 periods), wall: 1.234 minutes, Δt:   1.70, CFL: 9.00e-01
i:   5900, t:   14934.1 s, ωt:   1.49 (0.24 periods), wall: 1.245 minutes, Δt:   1.34, CFL: 9.00e-01
i:   6000, t:   15078.3 s, ωt:   1.51 (0.24 periods), wall: 1.255 minutes, Δt:   1.38, CFL: 9.00e-01
i:   6100, t:   15252.8 s, ωt:   1.53 (0.24 periods), wall: 1.266 minutes, Δt:   1.85, CFL: 9.00e-01
i:   6200, t:   15436.4 s, ωt:   1.54 (0.25 periods), wall: 1.278 minutes, Δt:   1.92, CFL: 9.00e-01
i:   6300, t:   15598.0 s, ωt:   1.56 (0.25 periods), wall: 1.288 minutes, Δt:   1.85, CFL: 8.92e-01
i:   6400, t:   15757.4 s, ωt:   1.58 (0.25 periods), wall: 1.299 minutes, Δt:   1.70, CFL: 9.00e-01
i:   6500, t:   15930.9 s, ωt:   1.59 (0.25 periods), wall: 1.310 minutes, Δt:   1.85, CFL: 9.00e-01
i:   6600, t:   16107.6 s, ωt:   1.61 (0.26 periods), wall: 1.323 minutes, Δt:   2.01, CFL: 9.00e-01
i:   6700, t:   16287.2 s, ωt:   1.63 (0.26 periods), wall: 1.333 minutes, Δt:   1.76, CFL: 9.00e-01
i:   6800, t:   16460.7 s, ωt:   1.65 (0.26 periods), wall: 1.345 minutes, Δt:   1.84, CFL: 9.00e-01
i:   6900, t:   16626.1 s, ωt:   1.66 (0.26 periods), wall: 1.355 minutes, Δt:   1.81, CFL: 9.00e-01
i:   7000, t:   16800.9 s, ωt:   1.68 (0.27 periods), wall: 1.367 minutes, Δt:   1.78, CFL: 9.00e-01
i:   7100, t:   16964.6 s, ωt:   1.70 (0.27 periods), wall: 1.377 minutes, Δt:   1.70, CFL: 9.00e-01
i:   7200, t:   17133.3 s, ωt:   1.71 (0.27 periods), wall: 1.388 minutes, Δt:   1.57, CFL: 9.00e-01
i:   7300, t:   17285.6 s, ωt:   1.73 (0.28 periods), wall: 1.400 minutes, Δt:   1.46, CFL: 9.00e-01
i:   7400, t:   17448.1 s, ωt:   1.74 (0.28 periods), wall: 1.410 minutes, Δt:   1.69, CFL: 9.00e-01
i:   7500, t:   17623.8 s, ωt:   1.76 (0.28 periods), wall: 1.426 minutes, Δt:   1.74, CFL: 9.00e-01
i:   7600, t:   17785.5 s, ωt:   1.78 (0.28 periods), wall: 1.436 minutes, Δt:   1.49, CFL: 9.00e-01
i:   7700, t:   17956.5 s, ωt:   1.80 (0.29 periods), wall: 1.448 minutes, Δt:   1.76, CFL: 9.00e-01
i:   7800, t:   18139.6 s, ωt:   1.81 (0.29 periods), wall: 1.458 minutes, Δt:   1.62, CFL: 9.00e-01
i:   7900, t:   18297.9 s, ωt:   1.83 (0.29 periods), wall: 1.471 minutes, Δt:   1.61, CFL: 9.00e-01
i:   8000, t:   18452.0 s, ωt:   1.85 (0.29 periods), wall: 1.481 minutes, Δt:   1.82, CFL: 9.00e-01
i:   8100, t:   18628.8 s, ωt:   1.86 (0.30 periods), wall: 1.494 minutes, Δt:   1.67, CFL: 9.00e-01
i:   8200, t:   18777.5 s, ωt:   1.88 (0.30 periods), wall: 1.504 minutes, Δt:   1.59, CFL: 9.00e-01
i:   8300, t:   18954.0 s, ωt:   1.90 (0.30 periods), wall: 1.516 minutes, Δt:   1.73, CFL: 9.00e-01
i:   8400, t:   19115.9 s, ωt:   1.91 (0.30 periods), wall: 1.526 minutes, Δt:   1.33, CFL: 9.00e-01
i:   8500, t:   19276.2 s, ωt:   1.93 (0.31 periods), wall: 1.537 minutes, Δt:   1.69, CFL: 9.00e-01
i:   8600, t:   19451.2 s, ωt:   1.95 (0.31 periods), wall: 1.547 minutes, Δt:   2.12, CFL: 9.00e-01
i:   8700, t:   19647.0 s, ωt:   1.96 (0.31 periods), wall: 1.558 minutes, Δt:   1.86, CFL: 9.00e-01
i:   8800, t:   19822.9 s, ωt:   1.98 (0.32 periods), wall: 1.570 minutes, Δt:   1.92, CFL: 8.98e-01
i:   8900, t:   20015.4 s, ωt:   2.00 (0.32 periods), wall: 1.580 minutes, Δt:   1.88, CFL: 9.00e-01
i:   9000, t:   20195.3 s, ωt:   2.02 (0.32 periods), wall: 1.591 minutes, Δt:   1.62, CFL: 9.00e-01
i:   9100, t:   20372.0 s, ωt:   2.04 (0.32 periods), wall: 1.601 minutes, Δt:   1.81, CFL: 9.00e-01
i:   9200, t:   20546.1 s, ωt:   2.05 (0.33 periods), wall: 1.613 minutes, Δt:   1.91, CFL: 9.00e-01
i:   9300, t:   20744.5 s, ωt:   2.07 (0.33 periods), wall: 1.625 minutes, Δt:   1.90, CFL: 9.00e-01
i:   9400, t:   20932.4 s, ωt:   2.09 (0.33 periods), wall: 1.635 minutes, Δt:   1.49, CFL: 9.00e-01
i:   9500, t:   21122.3 s, ωt:   2.11 (0.34 periods), wall: 1.646 minutes, Δt:   2.04, CFL: 9.00e-01
i:   9600, t:   21330.3 s, ωt:   2.13 (0.34 periods), wall: 1.656 minutes, Δt:   1.94, CFL: 9.00e-01
i:   9700, t:   21509.5 s, ωt:   2.15 (0.34 periods), wall: 1.667 minutes, Δt:   2.00, CFL: 9.00e-01
i:   9800, t:   21678.5 s, ωt:   2.17 (0.35 periods), wall: 1.679 minutes, Δt:   1.73, CFL: 9.00e-01
i:   9900, t:   21872.1 s, ωt:   2.19 (0.35 periods), wall: 1.689 minutes, Δt:   1.80, CFL: 9.00e-01
i:  10000, t:   22093.3 s, ωt:   2.21 (0.35 periods), wall: 1.700 minutes, Δt:   1.99, CFL: 9.00e-01
i:  10100, t:   22283.5 s, ωt:   2.23 (0.35 periods), wall: 1.711 minutes, Δt:   1.74, CFL: 9.00e-01
i:  10200, t:   22454.8 s, ωt:   2.25 (0.36 periods), wall: 1.722 minutes, Δt:   1.94, CFL: 9.00e-01
i:  10300, t:   22634.9 s, ωt:   2.26 (0.36 periods), wall: 1.734 minutes, Δt:   2.21, CFL: 9.00e-01
i:  10400, t:   22847.2 s, ωt:   2.28 (0.36 periods), wall: 1.744 minutes, Δt:   2.11, CFL: 9.00e-01
i:  10500, t:   23066.9 s, ωt:   2.31 (0.37 periods), wall: 1.755 minutes, Δt:   2.23, CFL: 9.00e-01
i:  10600, t:   23265.6 s, ωt:   2.33 (0.37 periods), wall: 1.767 minutes, Δt:   2.25, CFL: 9.00e-01
i:  10700, t:   23507.6 s, ωt:   2.35 (0.37 periods), wall: 1.777 minutes, Δt:   2.14, CFL: 9.00e-01
i:  10800, t:   23739.5 s, ωt:   2.37 (0.38 periods), wall: 1.789 minutes, Δt:   2.58, CFL: 9.00e-01
i:  10900, t:   23977.6 s, ωt:   2.40 (0.38 periods), wall: 1.800 minutes, Δt:   2.41, CFL: 9.00e-01
i:  11000, t:   24205.2 s, ωt:   2.42 (0.39 periods), wall: 1.811 minutes, Δt:   1.96, CFL: 9.00e-01
i:  11100, t:   24425.5 s, ωt:   2.44 (0.39 periods), wall: 1.821 minutes, Δt:   2.46, CFL: 9.00e-01
i:  11200, t:   24665.7 s, ωt:   2.47 (0.39 periods), wall: 1.833 minutes, Δt:   2.64, CFL: 9.00e-01
i:  11300, t:   24910.8 s, ωt:   2.49 (0.40 periods), wall: 1.844 minutes, Δt:   2.34, CFL: 9.00e-01
i:  11400, t:   25155.8 s, ωt:   2.52 (0.40 periods), wall: 1.856 minutes, Δt:   2.21, CFL: 9.00e-01
i:  11500, t:   25440.9 s, ωt:   2.54 (0.40 periods), wall: 1.866 minutes, Δt:   3.21, CFL: 9.00e-01
i:  11600, t:   25743.5 s, ωt:   2.57 (0.41 periods), wall: 1.879 minutes, Δt:   2.54, CFL: 9.00e-01
i:  11700, t:   25951.4 s, ωt:   2.60 (0.41 periods), wall: 1.893 minutes, Δt:   1.94, CFL: 9.00e-01
i:  11800, t:   26206.6 s, ωt:   2.62 (0.42 periods), wall: 1.905 minutes, Δt:   3.14, CFL: 9.00e-01
i:  11900, t:   26500.9 s, ωt:   2.65 (0.42 periods), wall: 1.918 minutes, Δt:   3.21, CFL: 9.00e-01
i:  12000, t:   26842.7 s, ωt:   2.68 (0.43 periods), wall: 1.930 minutes, Δt:   3.36, CFL: 9.00e-01
i:  12100, t:   27190.1 s, ωt:   2.72 (0.43 periods), wall: 1.942 minutes, Δt:   3.61, CFL: 9.00e-01
i:  12200, t:   27541.0 s, ωt:   2.75 (0.44 periods), wall: 1.953 minutes, Δt:   3.67, CFL: 9.00e-01
i:  12300, t:   27880.6 s, ωt:   2.79 (0.44 periods), wall: 1.965 minutes, Δt:   3.50, CFL: 9.00e-01
i:  12400, t:   28214.4 s, ωt:   2.82 (0.45 periods), wall: 1.976 minutes, Δt:   3.80, CFL: 9.00e-01
i:  12500, t:   28648.8 s, ωt:   2.86 (0.46 periods), wall: 1.989 minutes, Δt:   4.70, CFL: 9.00e-01
i:  12600, t:   29041.3 s, ωt:   2.90 (0.46 periods), wall: 2.000 minutes, Δt:   3.69, CFL: 9.00e-01
i:  12700, t:   29471.9 s, ωt:   2.95 (0.47 periods), wall: 2.012 minutes, Δt:   3.76, CFL: 9.00e-01
i:  12800, t:   29905.5 s, ωt:   2.99 (0.48 periods), wall: 2.024 minutes, Δt:   4.52, CFL: 9.00e-01
i:  12900, t:   30413.4 s, ωt:   3.04 (0.48 periods), wall: 2.036 minutes, Δt:   6.08, CFL: 9.00e-01
i:  13000, t:   30986.9 s, ωt:   3.10 (0.49 periods), wall: 2.050 minutes, Δt:   6.48, CFL: 9.00e-01
i:  13100, t:   31616.1 s, ωt:   3.16 (0.50 periods), wall: 2.115 minutes, Δt:   7.25, CFL: 9.00e-01
i:  13200, t:   32246.6 s, ωt:   3.22 (0.51 periods), wall: 2.135 minutes, Δt:   5.58, CFL: 9.00e-01
i:  13300, t:   32689.4 s, ωt:   3.27 (0.52 periods), wall: 2.149 minutes, Δt:   4.54, CFL: 9.00e-01
i:  13400, t:   33170.9 s, ωt:   3.32 (0.53 periods), wall: 2.161 minutes, Δt:   5.32, CFL: 9.00e-01
i:  13500, t:   33704.1 s, ωt:   3.37 (0.54 periods), wall: 2.174 minutes, Δt:   4.59, CFL: 9.00e-01
i:  13600, t:   34200.4 s, ωt:   3.42 (0.54 periods), wall: 2.186 minutes, Δt:   5.51, CFL: 9.00e-01
i:  13700, t:   34699.7 s, ωt:   3.47 (0.55 periods), wall: 2.205 minutes, Δt:   4.95, CFL: 9.00e-01
i:  13800, t:   35168.2 s, ωt:   3.52 (0.56 periods), wall: 2.216 minutes, Δt:   4.16, CFL: 9.00e-01
i:  13900, t:   35576.6 s, ωt:   3.56 (0.57 periods), wall: 2.228 minutes, Δt:   3.75, CFL: 9.00e-01
i:  14000, t:   35948.1 s, ωt:   3.59 (0.57 periods), wall: 2.239 minutes, Δt:   3.25, CFL: 9.00e-01
i:  14100, t:   36287.5 s, ωt:   3.63 (0.58 periods), wall: 2.252 minutes, Δt:   3.50, CFL: 9.00e-01
i:  14200, t:   36591.9 s, ωt:   3.66 (0.58 periods), wall: 2.263 minutes, Δt:   3.02, CFL: 9.00e-01
i:  14300, t:   36884.9 s, ωt:   3.69 (0.59 periods), wall: 2.274 minutes, Δt:   2.64, CFL: 9.00e-01
i:  14400, t:   37158.6 s, ωt:   3.72 (0.59 periods), wall: 2.286 minutes, Δt:   2.59, CFL: 9.00e-01
i:  14500, t:   37416.6 s, ωt:   3.74 (0.60 periods), wall: 2.297 minutes, Δt:   2.61, CFL: 9.00e-01
i:  14600, t:   37673.4 s, ωt:   3.77 (0.60 periods), wall: 2.307 minutes, Δt:   2.57, CFL: 9.00e-01
i:  14700, t:   37920.1 s, ωt:   3.79 (0.60 periods), wall: 2.319 minutes, Δt:   1.98, CFL: 9.00e-01
i:  14800, t:   38149.4 s, ωt:   3.81 (0.61 periods), wall: 2.330 minutes, Δt:   2.76, CFL: 9.00e-01
i:  14900, t:   38398.6 s, ωt:   3.84 (0.61 periods), wall: 2.341 minutes, Δt:   2.17, CFL: 9.00e-01
i:  15000, t:   38638.1 s, ωt:   3.86 (0.61 periods), wall: 2.352 minutes, Δt:   2.26, CFL: 9.00e-01
i:  15100, t:   38874.6 s, ωt:   3.89 (0.62 periods), wall: 2.363 minutes, Δt:   2.18, CFL: 9.00e-01
i:  15200, t:   39102.8 s, ωt:   3.91 (0.62 periods), wall: 2.374 minutes, Δt:   2.22, CFL: 9.00e-01
i:  15300, t:   39341.4 s, ωt:   3.93 (0.63 periods), wall: 2.386 minutes, Δt:   2.26, CFL: 9.00e-01
i:  15400, t:   39563.7 s, ωt:   3.96 (0.63 periods), wall: 2.396 minutes, Δt:   2.26, CFL: 9.00e-01
i:  15500, t:   39772.9 s, ωt:   3.98 (0.63 periods), wall: 2.407 minutes, Δt:   1.97, CFL: 9.00e-01
i:  15600, t:   39991.6 s, ωt:   4.00 (0.64 periods), wall: 2.418 minutes, Δt:   2.24, CFL: 9.00e-01
i:  15700, t:   40198.7 s, ωt:   4.02 (0.64 periods), wall: 2.428 minutes, Δt:   1.89, CFL: 9.00e-01
i:  15800, t:   40386.4 s, ωt:   4.04 (0.64 periods), wall: 2.440 minutes, Δt:   1.83, CFL: 9.00e-01
i:  15900, t:   40571.8 s, ωt:   4.06 (0.65 periods), wall: 2.453 minutes, Δt:   2.06, CFL: 9.00e-01
i:  16000, t:   40762.0 s, ωt:   4.08 (0.65 periods), wall: 2.463 minutes, Δt:   1.82, CFL: 9.00e-01
i:  16100, t:   40950.4 s, ωt:   4.10 (0.65 periods), wall: 2.476 minutes, Δt:   1.77, CFL: 9.00e-01
i:  16200, t:   41137.1 s, ωt:   4.11 (0.65 periods), wall: 2.486 minutes, Δt:   1.72, CFL: 9.00e-01
i:  16300, t:   41329.9 s, ωt:   4.13 (0.66 periods), wall: 2.497 minutes, Δt:   1.99, CFL: 9.00e-01
i:  16400, t:   41507.7 s, ωt:   4.15 (0.66 periods), wall: 2.508 minutes, Δt:   1.88, CFL: 9.00e-01
i:  16500, t:   41705.7 s, ωt:   4.17 (0.66 periods), wall: 2.518 minutes, Δt:   2.08, CFL: 9.00e-01
i:  16600, t:   41894.9 s, ωt:   4.19 (0.67 periods), wall: 2.529 minutes, Δt:   1.90, CFL: 9.00e-01
i:  16700, t:   42075.8 s, ωt:   4.21 (0.67 periods), wall: 2.540 minutes, Δt:   1.86, CFL: 9.00e-01
i:  16800, t:   42262.8 s, ωt:   4.23 (0.67 periods), wall: 2.551 minutes, Δt:   1.78, CFL: 9.00e-01
i:  16900, t:   42443.9 s, ωt:   4.24 (0.68 periods), wall: 2.563 minutes, Δt:   1.90, CFL: 9.00e-01
i:  17000, t:   42621.0 s, ωt:   4.26 (0.68 periods), wall: 2.573 minutes, Δt:   1.74, CFL: 9.00e-01
i:  17100, t:   42781.6 s, ωt:   4.28 (0.68 periods), wall: 2.585 minutes, Δt:   1.72, CFL: 9.00e-01
i:  17200, t:   42948.3 s, ωt:   4.29 (0.68 periods), wall: 2.596 minutes, Δt:   1.85, CFL: 9.00e-01
i:  17300, t:   43119.2 s, ωt:   4.31 (0.69 periods), wall: 2.606 minutes, Δt:   1.98, CFL: 9.00e-01
i:  17400, t:   43287.1 s, ωt:   4.33 (0.69 periods), wall: 2.617 minutes, Δt:   1.78, CFL: 9.00e-01
i:  17500, t:   43467.8 s, ωt:   4.35 (0.69 periods), wall: 2.628 minutes, Δt:   1.71, CFL: 9.00e-01
i:  17600, t:   43635.0 s, ωt:   4.36 (0.69 periods), wall: 2.638 minutes, Δt:   1.55, CFL: 9.00e-01
i:  17700, t:   43790.9 s, ωt:   4.38 (0.70 periods), wall: 2.650 minutes, Δt:   1.72, CFL: 9.00e-01
i:  17800, t:   43968.6 s, ωt:   4.40 (0.70 periods), wall: 2.660 minutes, Δt:   1.72, CFL: 9.00e-01
i:  17900, t:   44137.2 s, ωt:   4.41 (0.70 periods), wall: 2.678 minutes, Δt:   1.62, CFL: 9.00e-01
i:  18000, t:   44295.9 s, ωt:   4.43 (0.70 periods), wall: 2.688 minutes, Δt:   1.69, CFL: 9.00e-01
i:  18100, t:   44463.7 s, ωt:   4.45 (0.71 periods), wall: 2.700 minutes, Δt:   1.54, CFL: 9.00e-01
i:  18200, t:   44624.9 s, ωt:   4.46 (0.71 periods), wall: 2.712 minutes, Δt:   1.52, CFL: 9.00e-01
i:  18300, t:   44785.8 s, ωt:   4.48 (0.71 periods), wall: 2.722 minutes, Δt:   1.64, CFL: 9.00e-01
i:  18400, t:   44952.6 s, ωt:   4.50 (0.72 periods), wall: 2.735 minutes, Δt:   1.62, CFL: 9.00e-01
i:  18500, t:   45125.1 s, ωt:   4.51 (0.72 periods), wall: 2.745 minutes, Δt:   1.92, CFL: 9.00e-01
i:  18600, t:   45293.3 s, ωt:   4.53 (0.72 periods), wall: 2.759 minutes, Δt:   1.59, CFL: 9.00e-01
i:  18700, t:   45444.4 s, ωt:   4.54 (0.72 periods), wall: 2.769 minutes, Δt:   1.74, CFL: 9.00e-01
i:  18800, t:   45612.2 s, ωt:   4.56 (0.73 periods), wall: 2.780 minutes, Δt:   1.69, CFL: 9.00e-01
i:  18900, t:   45781.2 s, ωt:   4.58 (0.73 periods), wall: 2.790 minutes, Δt:   1.82, CFL: 9.00e-01
i:  19000, t:   45936.9 s, ωt:   4.59 (0.73 periods), wall: 2.802 minutes, Δt:   1.78, CFL: 9.00e-01
i:  19100, t:   46103.6 s, ωt:   4.61 (0.73 periods), wall: 2.813 minutes, Δt:   1.62, CFL: 9.00e-01
i:  19200, t:   46265.8 s, ωt:   4.63 (0.74 periods), wall: 2.825 minutes, Δt:   1.34, CFL: 9.00e-01
i:  19300, t:   46420.8 s, ωt:   4.64 (0.74 periods), wall: 2.835 minutes, Δt:   1.38, CFL: 9.00e-01
i:  19400, t:   46587.7 s, ωt:   4.66 (0.74 periods), wall: 2.847 minutes, Δt:   1.64, CFL: 9.00e-01
i:  19500, t:   46747.9 s, ωt:   4.67 (0.74 periods), wall: 2.857 minutes, Δt:   1.19, CFL: 9.00e-01
i:  19600, t:   46891.3 s, ωt:   4.69 (0.75 periods), wall: 2.868 minutes, Δt:   1.73, CFL: 9.00e-01
i:  19700, t:   47039.0 s, ωt:   4.70 (0.75 periods), wall: 2.879 minutes, Δt:   1.22, CFL: 9.00e-01
i:  19800, t:   47181.2 s, ωt:   4.72 (0.75 periods), wall: 2.890 minutes, Δt:   1.75, CFL: 9.00e-01
i:  19900, t:   47355.8 s, ωt:   4.74 (0.75 periods), wall: 2.900 minutes, Δt:   1.73, CFL: 9.00e-01
i:  20000, t:   47540.2 s, ωt:   4.75 (0.76 periods), wall: 2.911 minutes, Δt:   1.57, CFL: 9.00e-01
i:  20100, t:   47698.5 s, ωt:   4.77 (0.76 periods), wall: 2.922 minutes, Δt:   1.89, CFL: 9.00e-01
i:  20200, t:   47870.3 s, ωt:   4.79 (0.76 periods), wall: 2.933 minutes, Δt:   1.59, CFL: 9.00e-01
i:  20300, t:   48037.3 s, ωt:   4.80 (0.76 periods), wall: 2.943 minutes, Δt:   1.68, CFL: 9.00e-01
i:  20400, t:   48203.4 s, ωt:   4.82 (0.77 periods), wall: 2.957 minutes, Δt:   1.66, CFL: 9.00e-01
i:  20500, t:   48367.9 s, ωt:   4.84 (0.77 periods), wall: 2.967 minutes, Δt:   1.58, CFL: 9.00e-01
i:  20600, t:   48529.7 s, ωt:   4.85 (0.77 periods), wall: 2.979 minutes, Δt:   1.77, CFL: 9.00e-01
i:  20700, t:   48701.5 s, ωt:   4.87 (0.78 periods), wall: 2.990 minutes, Δt:   1.52, CFL: 9.00e-01
i:  20800, t:   48867.3 s, ωt:   4.89 (0.78 periods), wall: 3.000 minutes, Δt:   1.57, CFL: 9.00e-01
i:  20900, t:   49040.2 s, ωt:   4.90 (0.78 periods), wall: 3.012 minutes, Δt:   1.70, CFL: 9.00e-01
i:  21000, t:   49205.7 s, ωt:   4.92 (0.78 periods), wall: 3.022 minutes, Δt:   1.76, CFL: 9.00e-01
i:  21100, t:   49384.0 s, ωt:   4.94 (0.79 periods), wall: 3.034 minutes, Δt:   1.65, CFL: 9.00e-01
i:  21200, t:   49569.4 s, ωt:   4.96 (0.79 periods), wall: 3.044 minutes, Δt:   1.84, CFL: 9.00e-01
i:  21300, t:   49750.2 s, ωt:   4.98 (0.79 periods), wall: 3.055 minutes, Δt:   1.65, CFL: 9.00e-01
i:  21400, t:   49923.3 s, ωt:   4.99 (0.79 periods), wall: 3.066 minutes, Δt:   1.40, CFL: 9.00e-01
i:  21500, t:   50082.2 s, ωt:   5.01 (0.80 periods), wall: 3.077 minutes, Δt:   1.78, CFL: 9.00e-01
i:  21600, t:   50244.5 s, ωt:   5.02 (0.80 periods), wall: 3.087 minutes, Δt:   1.57, CFL: 9.00e-01
i:  21700, t:   50421.5 s, ωt:   5.04 (0.80 periods), wall: 3.099 minutes, Δt:   1.99, CFL: 9.00e-01
i:  21800, t:   50587.7 s, ωt:   5.06 (0.81 periods), wall: 3.112 minutes, Δt:   1.75, CFL: 9.00e-01
i:  21900, t:   50761.1 s, ωt:   5.08 (0.81 periods), wall: 3.123 minutes, Δt:   1.55, CFL: 9.00e-01
i:  22000, t:   50914.0 s, ωt:   5.09 (0.81 periods), wall: 3.138 minutes, Δt:   1.57, CFL: 9.00e-01
i:  22100, t:   51084.2 s, ωt:   5.11 (0.81 periods), wall: 3.148 minutes, Δt:   1.73, CFL: 9.00e-01
i:  22200, t:   51269.4 s, ωt:   5.13 (0.82 periods), wall: 3.160 minutes, Δt:   1.70, CFL: 9.00e-01
i:  22300, t:   51448.5 s, ωt:   5.14 (0.82 periods), wall: 3.170 minutes, Δt:   1.74, CFL: 9.00e-01
i:  22400, t:   51604.7 s, ωt:   5.16 (0.82 periods), wall: 3.182 minutes, Δt:   1.46, CFL: 9.00e-01
i:  22500, t:   51786.9 s, ωt:   5.18 (0.82 periods), wall: 3.192 minutes, Δt:   1.96, CFL: 9.00e-01
i:  22600, t:   51978.0 s, ωt:   5.20 (0.83 periods), wall: 3.204 minutes, Δt:   1.65, CFL: 9.00e-01
i:  22700, t:   52165.8 s, ωt:   5.22 (0.83 periods), wall: 3.215 minutes, Δt:   1.64, CFL: 9.00e-01
i:  22800, t:   52353.8 s, ωt:   5.24 (0.83 periods), wall: 3.226 minutes, Δt:   1.49, CFL: 9.00e-01
i:  22900, t:   52527.2 s, ωt:   5.25 (0.84 periods), wall: 3.238 minutes, Δt:   1.91, CFL: 9.00e-01
i:  23000, t:   52724.1 s, ωt:   5.27 (0.84 periods), wall: 3.248 minutes, Δt:   1.73, CFL: 9.00e-01
i:  23100, t:   52904.9 s, ωt:   5.29 (0.84 periods), wall: 3.260 minutes, Δt:   1.45, CFL: 9.00e-01
i:  23200, t:   53092.3 s, ωt:   5.31 (0.84 periods), wall: 3.270 minutes, Δt:   2.18, CFL: 9.00e-01
i:  23300, t:   53282.7 s, ωt:   5.33 (0.85 periods), wall: 3.281 minutes, Δt:   1.92, CFL: 9.00e-01
i:  23400, t:   53476.3 s, ωt:   5.35 (0.85 periods), wall: 3.293 minutes, Δt:   2.00, CFL: 9.00e-01
i:  23500, t:   53682.0 s, ωt:   5.37 (0.85 periods), wall: 3.303 minutes, Δt:   1.78, CFL: 9.00e-01
i:  23600, t:   53883.5 s, ωt:   5.39 (0.86 periods), wall: 3.315 minutes, Δt:   2.06, CFL: 9.00e-01
i:  23700, t:   54085.0 s, ωt:   5.41 (0.86 periods), wall: 3.326 minutes, Δt:   2.35, CFL: 9.00e-01
i:  23800, t:   54306.7 s, ωt:   5.43 (0.86 periods), wall: 3.336 minutes, Δt:   2.26, CFL: 9.00e-01
i:  23900, t:   54531.8 s, ωt:   5.45 (0.87 periods), wall: 3.347 minutes, Δt:   2.11, CFL: 9.00e-01
i:  24000, t:   54758.9 s, ωt:   5.48 (0.87 periods), wall: 3.359 minutes, Δt:   2.06, CFL: 9.00e-01
i:  24100, t:   54976.4 s, ωt:   5.50 (0.87 periods), wall: 3.370 minutes, Δt:   2.00, CFL: 9.00e-01
i:  24200, t:   55203.1 s, ωt:   5.52 (0.88 periods), wall: 3.383 minutes, Δt:   1.99, CFL: 9.00e-01
i:  24300, t:   55425.7 s, ωt:   5.54 (0.88 periods), wall: 3.395 minutes, Δt:   2.03, CFL: 9.00e-01
i:  24400, t:   55616.6 s, ωt:   5.56 (0.89 periods), wall: 3.407 minutes, Δt:   2.36, CFL: 9.00e-01
i:  24500, t:   55858.5 s, ωt:   5.59 (0.89 periods), wall: 3.418 minutes, Δt:   2.10, CFL: 9.00e-01
i:  24600, t:   56067.4 s, ωt:   5.61 (0.89 periods), wall: 3.429 minutes, Δt:   1.85, CFL: 9.00e-01
i:  24700, t:   56302.1 s, ωt:   5.63 (0.90 periods), wall: 3.440 minutes, Δt:   2.68, CFL: 9.00e-01
i:  24800, t:   56572.4 s, ωt:   5.66 (0.90 periods), wall: 3.452 minutes, Δt:   2.35, CFL: 9.00e-01
i:  24900, t:   56841.5 s, ωt:   5.68 (0.90 periods), wall: 3.462 minutes, Δt:   2.87, CFL: 9.00e-01
i:  25000, t:   57116.0 s, ωt:   5.71 (0.91 periods), wall: 3.473 minutes, Δt:   2.53, CFL: 9.00e-01
i:  25100, t:   57374.2 s, ωt:   5.74 (0.91 periods), wall: 3.486 minutes, Δt:   3.10, CFL: 9.00e-01
i:  25200, t:   57661.1 s, ωt:   5.77 (0.92 periods), wall: 3.498 minutes, Δt:   3.01, CFL: 9.00e-01
i:  25300, t:   57953.6 s, ωt:   5.80 (0.92 periods), wall: 3.510 minutes, Δt:   3.11, CFL: 9.00e-01
i:  25400, t:   58255.5 s, ωt:   5.83 (0.93 periods), wall: 3.521 minutes, Δt:   3.59, CFL: 9.00e-01
i:  25500, t:   58570.3 s, ωt:   5.86 (0.93 periods), wall: 3.534 minutes, Δt:   2.37, CFL: 9.00e-01
i:  25600, t:   58829.3 s, ωt:   5.88 (0.94 periods), wall: 3.545 minutes, Δt:   3.11, CFL: 9.00e-01
i:  25700, t:   59158.7 s, ωt:   5.92 (0.94 periods), wall: 3.561 minutes, Δt:   2.98, CFL: 9.00e-01
i:  25800, t:   59450.6 s, ωt:   5.95 (0.95 periods), wall: 3.574 minutes, Δt:   2.70, CFL: 9.00e-01
i:  25900, t:   59804.9 s, ωt:   5.98 (0.95 periods), wall: 3.586 minutes, Δt:   4.03, CFL: 9.00e-01
i:  26000, t:   60212.2 s, ωt:   6.02 (0.96 periods), wall: 3.597 minutes, Δt:   4.29, CFL: 9.00e-01
i:  26100, t:   60608.1 s, ωt:   6.06 (0.96 periods), wall: 3.609 minutes, Δt:   4.72, CFL: 9.00e-01
i:  26200, t:   61076.8 s, ωt:   6.11 (0.97 periods), wall: 3.623 minutes, Δt:   5.22, CFL: 9.00e-01
i:  26300, t:   61571.0 s, ωt:   6.16 (0.98 periods), wall: 3.634 minutes, Δt:   4.93, CFL: 9.00e-01
i:  26400, t:   62079.7 s, ωt:   6.21 (0.99 periods), wall: 3.646 minutes, Δt:   6.23, CFL: 9.00e-01
i:  26500, t:   62763.5 s, ωt:   6.28 (1.00 periods), wall: 3.659 minutes, Δt:   6.05, CFL: 9.00e-01
i:  26600, t:   63400.3 s, ωt:   6.34 (1.01 periods), wall: 3.691 minutes, Δt:   6.71, CFL: 9.00e-01
i:  26700, t:   64063.8 s, ωt:   6.41 (1.02 periods), wall: 3.704 minutes, Δt:   6.41, CFL: 9.00e-01
i:  26800, t:   64728.9 s, ωt:   6.47 (1.03 periods), wall: 3.718 minutes, Δt:   6.13, CFL: 9.00e-01
i:  26900, t:   65260.7 s, ωt:   6.53 (1.04 periods), wall: 3.730 minutes, Δt:   4.94, CFL: 9.00e-01
i:  27000, t:   65747.0 s, ωt:   6.57 (1.05 periods), wall: 3.746 minutes, Δt:   3.87, CFL: 9.00e-01
i:  27100, t:   66164.5 s, ωt:   6.62 (1.05 periods), wall: 3.757 minutes, Δt:   4.34, CFL: 9.00e-01
i:  27200, t:   66554.3 s, ωt:   6.66 (1.06 periods), wall: 3.769 minutes, Δt:   3.77, CFL: 9.00e-01
i:  27300, t:   66944.2 s, ωt:   6.69 (1.07 periods), wall: 3.783 minutes, Δt:   4.03, CFL: 9.00e-01
i:  27400, t:   67314.7 s, ωt:   6.73 (1.07 periods), wall: 3.794 minutes, Δt:   3.79, CFL: 9.00e-01
i:  27500, t:   67653.2 s, ωt:   6.77 (1.08 periods), wall: 3.805 minutes, Δt:   3.66, CFL: 9.00e-01
i:  27600, t:   67967.9 s, ωt:   6.80 (1.08 periods), wall: 3.817 minutes, Δt:   3.26, CFL: 9.00e-01
i:  27700, t:   68284.1 s, ωt:   6.83 (1.09 periods), wall: 3.828 minutes, Δt:   2.80, CFL: 9.00e-01
i:  27800, t:   68590.0 s, ωt:   6.86 (1.09 periods), wall: 3.839 minutes, Δt:   3.28, CFL: 9.00e-01
i:  27900, t:   68891.5 s, ωt:   6.89 (1.10 periods), wall: 3.851 minutes, Δt:   3.15, CFL: 9.00e-01
i:  28000, t:   69147.9 s, ωt:   6.91 (1.10 periods), wall: 3.862 minutes, Δt:   2.47, CFL: 9.00e-01
i:  28100, t:   69419.3 s, ωt:   6.94 (1.10 periods), wall: 3.872 minutes, Δt:   2.60, CFL: 9.00e-01
i:  28200, t:   69676.5 s, ωt:   6.97 (1.11 periods), wall: 3.883 minutes, Δt:   2.97, CFL: 9.00e-01
i:  28300, t:   69958.5 s, ωt:   7.00 (1.11 periods), wall: 3.894 minutes, Δt:   2.84, CFL: 9.00e-01
i:  28400, t:   70204.0 s, ωt:   7.02 (1.12 periods), wall: 3.906 minutes, Δt:   2.31, CFL: 9.00e-01
i:  28500, t:   70442.3 s, ωt:   7.04 (1.12 periods), wall: 3.918 minutes, Δt:   2.70, CFL: 9.00e-01
i:  28600, t:   70677.0 s, ωt:   7.07 (1.12 periods), wall: 3.928 minutes, Δt:   2.26, CFL: 9.00e-01
i:  28700, t:   70890.0 s, ωt:   7.09 (1.13 periods), wall: 3.940 minutes, Δt:   2.17, CFL: 9.00e-01
i:  28800, t:   71107.8 s, ωt:   7.11 (1.13 periods), wall: 3.951 minutes, Δt:   1.78, CFL: 9.00e-01
i:  28900, t:   71325.4 s, ωt:   7.13 (1.14 periods), wall: 3.963 minutes, Δt:   2.32, CFL: 9.00e-01
i:  29000, t:   71542.7 s, ωt:   7.15 (1.14 periods), wall: 3.973 minutes, Δt:   2.34, CFL: 9.00e-01
i:  29100, t:   71745.4 s, ωt:   7.17 (1.14 periods), wall: 3.984 minutes, Δt:   2.12, CFL: 9.00e-01
i:  29200, t:   71962.3 s, ωt:   7.20 (1.15 periods), wall: 3.996 minutes, Δt:   1.96, CFL: 9.00e-01
i:  29300, t:   72169.4 s, ωt:   7.22 (1.15 periods), wall: 4.006 minutes, Δt:   2.08, CFL: 9.00e-01
i:  29400, t:   72382.8 s, ωt:   7.24 (1.15 periods), wall: 4.017 minutes, Δt:   2.06, CFL: 9.00e-01
i:  29500, t:   72592.0 s, ωt:   7.26 (1.16 periods), wall: 4.029 minutes, Δt:   2.27, CFL: 9.00e-01
i:  29600, t:   72813.2 s, ωt:   7.28 (1.16 periods), wall: 4.039 minutes, Δt:   2.13, CFL: 9.00e-01
i:  29700, t:   73010.9 s, ωt:   7.30 (1.16 periods), wall: 4.051 minutes, Δt:   2.06, CFL: 9.00e-01
i:  29800, t:   73216.7 s, ωt:   7.32 (1.17 periods), wall: 4.062 minutes, Δt:   2.09, CFL: 9.00e-01
i:  29900, t:   73404.1 s, ωt:   7.34 (1.17 periods), wall: 4.072 minutes, Δt:   1.76, CFL: 9.00e-01
i:  30000, t:   73580.0 s, ωt:   7.36 (1.17 periods), wall: 4.085 minutes, Δt:   1.66, CFL: 9.00e-01
i:  30100, t:   73772.1 s, ωt:   7.38 (1.17 periods), wall: 4.096 minutes, Δt:   1.75, CFL: 9.00e-01
i:  30200, t:   73948.9 s, ωt:   7.39 (1.18 periods), wall: 4.107 minutes, Δt:   1.82, CFL: 9.00e-01
i:  30300, t:   74133.7 s, ωt:   7.41 (1.18 periods), wall: 4.117 minutes, Δt:   1.68, CFL: 9.00e-01
i:  30400, t:   74319.8 s, ωt:   7.43 (1.18 periods), wall: 4.153 minutes, Δt:   1.71, CFL: 9.00e-01
i:  30500, t:   74504.7 s, ωt:   7.45 (1.19 periods), wall: 4.164 minutes, Δt:   1.46, CFL: 9.00e-01
i:  30600, t:   74669.8 s, ωt:   7.47 (1.19 periods), wall: 4.175 minutes, Δt:   1.98, CFL: 9.00e-01
i:  30700, t:   74853.3 s, ωt:   7.49 (1.19 periods), wall: 4.187 minutes, Δt:   1.83, CFL: 9.00e-01
i:  30800, t:   75029.6 s, ωt:   7.50 (1.19 periods), wall: 4.197 minutes, Δt:   1.45, CFL: 9.00e-01
i:  30900, t:   75194.1 s, ωt:   7.52 (1.20 periods), wall: 4.208 minutes, Δt:   1.63, CFL: 9.00e-01
i:  31000, t:   75378.3 s, ωt:   7.54 (1.20 periods), wall: 4.218 minutes, Δt:   1.95, CFL: 9.00e-01
i:  31100, t:   75538.2 s, ωt:   7.55 (1.20 periods), wall: 4.877 minutes, Δt:   1.55, CFL: 9.00e-01
i:  31200, t:   75707.6 s, ωt:   7.57 (1.20 periods), wall: 4.888 minutes, Δt:   1.56, CFL: 9.00e-01
i:  31300, t:   75873.6 s, ωt:   7.59 (1.21 periods), wall: 4.899 minutes, Δt:   1.60, CFL: 9.00e-01
i:  31400, t:   76047.0 s, ωt:   7.60 (1.21 periods), wall: 4.910 minutes, Δt:   1.87, CFL: 9.00e-01
i:  31500, t:   76221.9 s, ωt:   7.62 (1.21 periods), wall: 4.920 minutes, Δt:   1.95, CFL: 9.00e-01
i:  31600, t:   76401.7 s, ωt:   7.64 (1.22 periods), wall: 4.932 minutes, Δt:   1.97, CFL: 9.00e-01
i:  31700, t:   76582.3 s, ωt:   7.66 (1.22 periods), wall: 4.942 minutes, Δt:   1.95, CFL: 9.00e-01
i:  31800, t:   76764.6 s, ωt:   7.68 (1.22 periods), wall: 4.953 minutes, Δt:   1.51, CFL: 9.00e-01
i:  31900, t:   76916.7 s, ωt:   7.69 (1.22 periods), wall: 4.964 minutes, Δt:   1.89, CFL: 9.00e-01
i:  32000, t:   77091.9 s, ωt:   7.71 (1.23 periods), wall: 4.976 minutes, Δt:   1.81, CFL: 9.00e-01
i:  32100, t:   77264.4 s, ωt:   7.73 (1.23 periods), wall: 4.986 minutes, Δt:   1.73, CFL: 9.00e-01
i:  32200, t:   77441.7 s, ωt:   7.74 (1.23 periods), wall: 6.049 minutes, Δt:   1.78, CFL: 9.00e-01
i:  32300, t:   77619.5 s, ωt:   7.76 (1.24 periods), wall: 6.061 minutes, Δt:   1.87, CFL: 9.00e-01
i:  32400, t:   77795.8 s, ωt:   7.78 (1.24 periods), wall: 6.071 minutes, Δt:   1.78, CFL: 9.00e-01
i:  32500, t:   77968.1 s, ωt:   7.80 (1.24 periods), wall: 6.082 minutes, Δt:   1.59, CFL: 9.00e-01
i:  32600, t:   78135.6 s, ωt:   7.81 (1.24 periods), wall: 6.092 minutes, Δt:   1.59, CFL: 9.00e-01
i:  32700, t:   78293.4 s, ωt:   7.83 (1.25 periods), wall: 6.104 minutes, Δt:   1.69, CFL: 9.00e-01
i:  32800, t:   78462.7 s, ωt:   7.85 (1.25 periods), wall: 6.114 minutes, Δt:   1.91, CFL: 9.00e-01
i:  32900, t:   78636.8 s, ωt:   7.86 (1.25 periods), wall: 6.125 minutes, Δt:   1.74, CFL: 9.00e-01
i:  33000, t:   78808.5 s, ωt:   7.88 (1.25 periods), wall: 6.136 minutes, Δt:   1.87, CFL: 9.00e-01
i:  33100, t:   78983.5 s, ωt:   7.90 (1.26 periods), wall: 6.148 minutes, Δt:   1.69, CFL: 9.00e-01
i:  33200, t:   79162.8 s, ωt:   7.92 (1.26 periods), wall: 6.158 minutes, Δt:   1.79, CFL: 9.00e-01
i:  33300, t:   79331.8 s, ωt:   7.93 (1.26 periods), wall: 6.169 minutes, Δt:   1.81, CFL: 9.00e-01
i:  33400, t:   79509.3 s, ωt:   7.95 (1.27 periods), wall: 6.183 minutes, Δt:   1.57, CFL: 9.00e-01
i:  33500, t:   79679.4 s, ωt:   7.97 (1.27 periods), wall: 6.194 minutes, Δt:   1.99, CFL: 9.00e-01
i:  33600, t:   79846.0 s, ωt:   7.98 (1.27 periods), wall: 6.205 minutes, Δt:   1.59, CFL: 9.00e-01
i:  33700, t:   80003.8 s, ωt:   8.00 (1.27 periods), wall: 6.215 minutes, Δt:   1.94, CFL: 9.00e-01
i:  33800, t:   80174.4 s, ωt:   8.02 (1.28 periods), wall: 6.226 minutes, Δt:   1.41, CFL: 9.00e-01
i:  33900, t:   80328.9 s, ωt:   8.03 (1.28 periods), wall: 6.236 minutes, Δt:   1.74, CFL: 9.00e-01
i:  34000, t:   80492.0 s, ωt:   8.05 (1.28 periods), wall: 6.248 minutes, Δt:   1.39, CFL: 9.00e-01
i:  34100, t:   80672.1 s, ωt:   8.07 (1.28 periods), wall: 6.258 minutes, Δt:   1.77, CFL: 9.00e-01
i:  34200, t:   80853.2 s, ωt:   8.09 (1.29 periods), wall: 6.272 minutes, Δt:   1.88, CFL: 9.00e-01
i:  34300, t:   81031.2 s, ωt:   8.10 (1.29 periods), wall: 6.282 minutes, Δt:   1.75, CFL: 9.00e-01
i:  34400, t:   81215.3 s, ωt:   8.12 (1.29 periods), wall: 6.294 minutes, Δt:   1.69, CFL: 9.00e-01
i:  34500, t:   81377.6 s, ωt:   8.14 (1.30 periods), wall: 6.305 minutes, Δt:   1.77, CFL: 9.00e-01
i:  34600, t:   81553.9 s, ωt:   8.16 (1.30 periods), wall: 6.315 minutes, Δt:   1.78, CFL: 9.00e-01
i:  34700, t:   81728.5 s, ωt:   8.17 (1.30 periods), wall: 6.327 minutes, Δt:   1.63, CFL: 9.00e-01
i:  34800, t:   81907.0 s, ωt:   8.19 (1.30 periods), wall: 6.337 minutes, Δt:   1.76, CFL: 9.00e-01
i:  34900, t:   82074.4 s, ωt:   8.21 (1.31 periods), wall: 6.348 minutes, Δt:   1.77, CFL: 8.89e-01
i:  35000, t:   82258.5 s, ωt:   8.23 (1.31 periods), wall: 6.359 minutes, Δt:   1.83, CFL: 9.00e-01
i:  35100, t:   82440.7 s, ωt:   8.24 (1.31 periods), wall: 6.373 minutes, Δt:   2.11, CFL: 9.00e-01
i:  35200, t:   82625.6 s, ωt:   8.26 (1.32 periods), wall: 6.384 minutes, Δt:   1.94, CFL: 9.00e-01
i:  35300, t:   82805.9 s, ωt:   8.28 (1.32 periods), wall: 6.394 minutes, Δt:   1.93, CFL: 9.00e-01
i:  35400, t:   82994.3 s, ωt:   8.30 (1.32 periods), wall: 6.406 minutes, Δt:   1.99, CFL: 9.00e-01
i:  35500, t:   83165.6 s, ωt:   8.32 (1.32 periods), wall: 6.416 minutes, Δt:   1.97, CFL: 9.00e-01
i:  35600, t:   83352.7 s, ωt:   8.34 (1.33 periods), wall: 6.428 minutes, Δt:   1.78, CFL: 9.00e-01
i:  35700, t:   83544.0 s, ωt:   8.35 (1.33 periods), wall: 6.438 minutes, Δt:   2.00, CFL: 9.00e-01
i:  35800, t:   83732.0 s, ωt:   8.37 (1.33 periods), wall: 6.449 minutes, Δt:   1.99, CFL: 9.00e-01
i:  35900, t:   83939.8 s, ωt:   8.39 (1.34 periods), wall: 6.462 minutes, Δt:   2.28, CFL: 9.00e-01
i:  36000, t:   84150.2 s, ωt:   8.42 (1.34 periods), wall: 6.472 minutes, Δt:   2.02, CFL: 9.00e-01
i:  36100, t:   84344.3 s, ωt:   8.43 (1.34 periods), wall: 6.490 minutes, Δt:   2.01, CFL: 9.00e-01
i:  36200, t:   84545.4 s, ωt:   8.45 (1.35 periods), wall: 6.501 minutes, Δt:   2.05, CFL: 9.00e-01
i:  36300, t:   84743.6 s, ωt:   8.47 (1.35 periods), wall: 6.511 minutes, Δt:   2.16, CFL: 9.00e-01
i:  36400, t:   84954.5 s, ωt:   8.50 (1.35 periods), wall: 6.523 minutes, Δt:   2.23, CFL: 9.00e-01
i:  36500, t:   85168.5 s, ωt:   8.52 (1.36 periods), wall: 6.535 minutes, Δt:   1.86, CFL: 9.00e-01
i:  36600, t:   85369.0 s, ωt:   8.54 (1.36 periods), wall: 6.545 minutes, Δt:   2.27, CFL: 9.00e-01
i:  36700, t:   85582.1 s, ωt:   8.56 (1.36 periods), wall: 6.556 minutes, Δt:   1.85, CFL: 9.00e-01
i:  36800, t:   85792.2 s, ωt:   8.58 (1.37 periods), wall: 6.568 minutes, Δt:   2.29, CFL: 9.00e-01
i:  36900, t:   86007.3 s, ωt:   8.60 (1.37 periods), wall: 6.578 minutes, Δt:   2.07, CFL: 9.00e-01
i:  37000, t:   86212.7 s, ωt:   8.62 (1.37 periods), wall: 6.590 minutes, Δt:   1.97, CFL: 9.00e-01
i:  37100, t:   86421.5 s, ωt:   8.64 (1.38 periods), wall: 6.602 minutes, Δt:   2.00, CFL: 9.00e-01
i:  37200, t:   86641.3 s, ωt:   8.66 (1.38 periods), wall: 6.612 minutes, Δt:   1.98, CFL: 9.00e-01
i:  37300, t:   86867.0 s, ωt:   8.69 (1.38 periods), wall: 6.630 minutes, Δt:   2.35, CFL: 9.00e-01
i:  37400, t:   87112.4 s, ωt:   8.71 (1.39 periods), wall: 6.641 minutes, Δt:   2.22, CFL: 9.00e-01
i:  37500, t:   87351.2 s, ωt:   8.74 (1.39 periods), wall: 6.652 minutes, Δt:   2.28, CFL: 9.00e-01
i:  37600, t:   87606.1 s, ωt:   8.76 (1.39 periods), wall: 6.662 minutes, Δt:   2.49, CFL: 9.00e-01
i:  37700, t:   87897.1 s, ωt:   8.79 (1.40 periods), wall: 6.673 minutes, Δt:   2.89, CFL: 9.00e-01
i:  37800, t:   88169.6 s, ωt:   8.82 (1.40 periods), wall: 6.685 minutes, Δt:   2.80, CFL: 9.00e-01
i:  37900, t:   88453.7 s, ωt:   8.85 (1.41 periods), wall: 6.697 minutes, Δt:   3.09, CFL: 9.00e-01
i:  38000, t:   88742.3 s, ωt:   8.87 (1.41 periods), wall: 6.708 minutes, Δt:   2.73, CFL: 9.00e-01
i:  38100, t:   89020.8 s, ωt:   8.90 (1.42 periods), wall: 6.719 minutes, Δt:   3.18, CFL: 9.00e-01
i:  38200, t:   89323.4 s, ωt:   8.93 (1.42 periods), wall: 6.730 minutes, Δt:   2.82, CFL: 9.00e-01
i:  38300, t:   89605.1 s, ωt:   8.96 (1.43 periods), wall: 6.741 minutes, Δt:   3.19, CFL: 9.00e-01
i:  38400, t:   89908.5 s, ωt:   8.99 (1.43 periods), wall: 6.753 minutes, Δt:   3.70, CFL: 9.00e-01
i:  38500, t:   90240.9 s, ωt:   9.02 (1.44 periods), wall: 6.766 minutes, Δt:   2.75, CFL: 9.00e-01
i:  38600, t:   90560.3 s, ωt:   9.06 (1.44 periods), wall: 6.778 minutes, Δt:   3.80, CFL: 9.00e-01
i:  38700, t:   90936.9 s, ωt:   9.09 (1.45 periods), wall: 6.789 minutes, Δt:   4.19, CFL: 9.00e-01
i:  38800, t:   91305.3 s, ωt:   9.13 (1.45 periods), wall: 6.800 minutes, Δt:   3.18, CFL: 9.00e-01
i:  38900, t:   91667.5 s, ωt:   9.17 (1.46 periods), wall: 6.811 minutes, Δt:   4.54, CFL: 9.00e-01
i:  39000, t:   92071.8 s, ωt:   9.21 (1.47 periods), wall: 6.827 minutes, Δt:   4.50, CFL: 9.00e-01
i:  39100, t:   92521.3 s, ωt:   9.25 (1.47 periods), wall: 6.839 minutes, Δt:   5.11, CFL: 9.00e-01
i:  39200, t:   93057.5 s, ωt:   9.31 (1.48 periods), wall: 6.852 minutes, Δt:   5.95, CFL: 9.00e-01
i:  39300, t:   93676.1 s, ωt:   9.37 (1.49 periods), wall: 6.864 minutes, Δt:   6.00, CFL: 9.00e-01
i:  39400, t:   94259.4 s, ωt:   9.43 (1.50 periods), wall: 6.895 minutes, Δt:   5.88, CFL: 9.00e-01
i:  39500, t:   94816.0 s, ωt:   9.48 (1.51 periods), wall: 6.906 minutes, Δt:   4.59, CFL: 9.00e-01
i:  39600, t:   95360.2 s, ωt:   9.54 (1.52 periods), wall: 6.920 minutes, Δt:   6.21, CFL: 9.00e-01
i:  39700, t:   95915.1 s, ωt:   9.59 (1.53 periods), wall: 6.936 minutes, Δt:   5.65, CFL: 9.00e-01
i:  39800, t:   96457.8 s, ωt:   9.65 (1.54 periods), wall: 6.953 minutes, Δt:   5.43, CFL: 9.00e-01
i:  39900, t:   97017.3 s, ωt:   9.70 (1.54 periods), wall: 6.965 minutes, Δt:   5.06, CFL: 9.00e-01
i:  40000, t:   97453.2 s, ωt:   9.75 (1.55 periods), wall: 6.978 minutes, Δt:   4.22, CFL: 9.00e-01
i:  40100, t:   97866.2 s, ωt:   9.79 (1.56 periods), wall: 6.989 minutes, Δt:   3.25, CFL: 9.00e-01
i:  40200, t:   98208.4 s, ωt:   9.82 (1.56 periods), wall: 7.001 minutes, Δt:   3.37, CFL: 9.00e-01
i:  40300, t:   98588.3 s, ωt:   9.86 (1.57 periods), wall: 7.012 minutes, Δt:   3.61, CFL: 9.00e-01
i:  40400, t:   98959.5 s, ωt:   9.90 (1.57 periods), wall: 7.024 minutes, Δt:   3.08, CFL: 9.00e-01
i:  40500, t:   99285.6 s, ωt:   9.93 (1.58 periods), wall: 7.037 minutes, Δt:   3.21, CFL: 9.00e-01
i:  40600, t:   99600.3 s, ωt:   9.96 (1.59 periods), wall: 7.048 minutes, Δt:   2.76, CFL: 9.00e-01
i:  40700, t:   99884.7 s, ωt:   9.99 (1.59 periods), wall: 7.059 minutes, Δt:   2.78, CFL: 9.00e-01
i:  40800, t:  100152.8 s, ωt:  10.02 (1.59 periods), wall: 7.071 minutes, Δt:   2.31, CFL: 9.00e-01
i:  40900, t:  100398.6 s, ωt:  10.04 (1.60 periods), wall: 7.082 minutes, Δt:   2.23, CFL: 9.00e-01
i:  41000, t:  100649.5 s, ωt:  10.06 (1.60 periods), wall: 7.095 minutes, Δt:   2.79, CFL: 9.00e-01
i:  41100, t:  100894.9 s, ωt:  10.09 (1.61 periods), wall: 7.106 minutes, Δt:   2.60, CFL: 9.00e-01
i:  41200, t:  101162.1 s, ωt:  10.12 (1.61 periods), wall: 7.117 minutes, Δt:   2.63, CFL: 9.00e-01
i:  41300, t:  101402.6 s, ωt:  10.14 (1.61 periods), wall: 7.127 minutes, Δt:   2.50, CFL: 9.00e-01
i:  41400, t:  101644.3 s, ωt:  10.16 (1.62 periods), wall: 7.139 minutes, Δt:   2.45, CFL: 9.00e-01
i:  41500, t:  101880.6 s, ωt:  10.19 (1.62 periods), wall: 7.150 minutes, Δt:   2.03, CFL: 9.00e-01
i:  41600, t:  102090.9 s, ωt:  10.21 (1.62 periods), wall: 7.160 minutes, Δt:   2.16, CFL: 9.00e-01
i:  41700, t:  102295.9 s, ωt:  10.23 (1.63 periods), wall: 7.172 minutes, Δt:   2.08, CFL: 9.00e-01
i:  41800, t:  102518.3 s, ωt:  10.25 (1.63 periods), wall: 7.211 minutes, Δt:   2.22, CFL: 9.00e-01
i:  41900, t:  102730.1 s, ωt:  10.27 (1.64 periods), wall: 7.221 minutes, Δt:   2.20, CFL: 9.00e-01
i:  42000, t:  102928.4 s, ωt:  10.29 (1.64 periods), wall: 7.233 minutes, Δt:   1.86, CFL: 9.00e-01
i:  42100, t:  103124.8 s, ωt:  10.31 (1.64 periods), wall: 7.246 minutes, Δt:   2.12, CFL: 9.00e-01
i:  42200, t:  103327.9 s, ωt:  10.33 (1.64 periods), wall: 7.256 minutes, Δt:   2.08, CFL: 9.00e-01
i:  42300, t:  103533.8 s, ωt:  10.35 (1.65 periods), wall: 7.268 minutes, Δt:   2.28, CFL: 9.00e-01
i:  42400, t:  103733.7 s, ωt:  10.37 (1.65 periods), wall: 7.281 minutes, Δt:   2.05, CFL: 9.00e-01
i:  42500, t:  103943.5 s, ωt:  10.39 (1.65 periods), wall: 7.291 minutes, Δt:   2.33, CFL: 9.00e-01
i:  42600, t:  104145.2 s, ωt:  10.41 (1.66 periods), wall: 7.303 minutes, Δt:   2.07, CFL: 9.00e-01
i:  42700, t:  104333.9 s, ωt:  10.43 (1.66 periods), wall: 7.315 minutes, Δt:   1.89, CFL: 9.00e-01
i:  42800, t:  104526.3 s, ωt:  10.45 (1.66 periods), wall: 7.325 minutes, Δt:   1.84, CFL: 9.00e-01
i:  42900, t:  104707.4 s, ωt:  10.47 (1.67 periods), wall: 7.337 minutes, Δt:   1.83, CFL: 9.00e-01
i:  43000, t:  104884.7 s, ωt:  10.49 (1.67 periods), wall: 7.347 minutes, Δt:   1.70, CFL: 9.00e-01
i:  43100, t:  105054.4 s, ωt:  10.51 (1.67 periods), wall: 7.359 minutes, Δt:   1.84, CFL: 9.00e-01
i:  43200, t:  105238.7 s, ωt:  10.52 (1.67 periods), wall: 7.369 minutes, Δt:   1.61, CFL: 9.00e-01
i:  43300, t:  105416.2 s, ωt:  10.54 (1.68 periods), wall: 7.381 minutes, Δt:   1.73, CFL: 9.00e-01
i:  43400, t:  105596.6 s, ωt:  10.56 (1.68 periods), wall: 7.392 minutes, Δt:   1.82, CFL: 9.00e-01
i:  43500, t:  105768.2 s, ωt:  10.58 (1.68 periods), wall: 7.402 minutes, Δt:   1.37, CFL: 9.00e-01
i:  43600, t:  105928.6 s, ωt:  10.59 (1.69 periods), wall: 7.413 minutes, Δt:   1.98, CFL: 9.00e-01
i:  43700, t:  106097.8 s, ωt:  10.61 (1.69 periods), wall: 7.424 minutes, Δt:   1.68, CFL: 9.00e-01
i:  43800, t:  106275.5 s, ωt:  10.63 (1.69 periods), wall: 7.435 minutes, Δt:   1.88, CFL: 9.00e-01
i:  43900, t:  106449.7 s, ωt:  10.64 (1.69 periods), wall: 7.445 minutes, Δt:   1.72, CFL: 9.00e-01
i:  44000, t:  106629.6 s, ωt:  10.66 (1.70 periods), wall: 7.456 minutes, Δt:   1.82, CFL: 9.00e-01
i:  44100, t:  106792.8 s, ωt:  10.68 (1.70 periods), wall: 7.466 minutes, Δt:   1.73, CFL: 9.00e-01
i:  44200, t:  106975.3 s, ωt:  10.70 (1.70 periods), wall: 7.478 minutes, Δt:   1.85, CFL: 9.00e-01
i:  44300, t:  107148.1 s, ωt:  10.71 (1.71 periods), wall: 7.489 minutes, Δt:   1.64, CFL: 9.00e-01
i:  44400, t:  107319.0 s, ωt:  10.73 (1.71 periods), wall: 7.499 minutes, Δt:   1.56, CFL: 9.00e-01
i:  44500, t:  107477.0 s, ωt:  10.75 (1.71 periods), wall: 7.510 minutes, Δt:   1.70, CFL: 9.00e-01
i:  44600, t:  107638.6 s, ωt:  10.76 (1.71 periods), wall: 7.521 minutes, Δt:   1.50, CFL: 9.00e-01
i:  44700, t:  107797.7 s, ωt:  10.78 (1.72 periods), wall: 7.532 minutes, Δt:   1.66, CFL: 9.00e-01
i:  44800, t:  107954.9 s, ωt:  10.80 (1.72 periods), wall: 7.542 minutes, Δt:   1.71, CFL: 9.00e-01
i:  44900, t:  108128.5 s, ωt:  10.81 (1.72 periods), wall: 7.553 minutes, Δt:   1.63, CFL: 9.00e-01
i:  45000, t:  108288.7 s, ωt:  10.83 (1.72 periods), wall: 7.563 minutes, Δt:   1.74, CFL: 9.00e-01
i:  45100, t:  108457.3 s, ωt:  10.85 (1.73 periods), wall: 7.575 minutes, Δt:   1.63, CFL: 9.00e-01
i:  45200, t:  108611.8 s, ωt:  10.86 (1.73 periods), wall: 7.585 minutes, Δt:   1.56, CFL: 9.00e-01
i:  45300, t:  108769.6 s, ωt:  10.88 (1.73 periods), wall: 7.596 minutes, Δt:   1.11, CFL: 9.00e-01
i:  45400, t:  108909.1 s, ωt:  10.89 (1.73 periods), wall: 7.606 minutes, Δt:   1.68, CFL: 9.00e-01
i:  45500, t:  109079.4 s, ωt:  10.91 (1.74 periods), wall: 7.618 minutes, Δt:   1.61, CFL: 9.00e-01
i:  45600, t:  109246.2 s, ωt:  10.92 (1.74 periods), wall: 7.628 minutes, Δt:   1.54, CFL: 9.00e-01
i:  45700, t:  109407.3 s, ωt:  10.94 (1.74 periods), wall: 7.640 minutes, Δt:   1.80, CFL: 9.00e-01
i:  45800, t:  109576.1 s, ωt:  10.96 (1.74 periods), wall: 7.650 minutes, Δt:   1.84, CFL: 9.00e-01
i:  45900, t:  109745.9 s, ωt:  10.97 (1.75 periods), wall: 7.663 minutes, Δt:   1.79, CFL: 9.00e-01
i:  46000, t:  109920.0 s, ωt:  10.99 (1.75 periods), wall: 7.674 minutes, Δt:   1.71, CFL: 9.00e-01
i:  46100, t:  110084.2 s, ωt:  11.01 (1.75 periods), wall: 7.686 minutes, Δt:   1.76, CFL: 9.00e-01
i:  46200, t:  110262.3 s, ωt:  11.03 (1.75 periods), wall: 7.696 minutes, Δt:   1.88, CFL: 9.00e-01
i:  46300, t:  110428.5 s, ωt:  11.04 (1.76 periods), wall: 7.707 minutes, Δt:   1.51, CFL: 9.00e-01
i:  46400, t:  110606.1 s, ωt:  11.06 (1.76 periods), wall: 7.719 minutes, Δt:   1.61, CFL: 9.00e-01
i:  46500, t:  110775.2 s, ωt:  11.08 (1.76 periods), wall: 7.730 minutes, Δt:   1.82, CFL: 9.00e-01
i:  46600, t:  110944.3 s, ωt:  11.09 (1.77 periods), wall: 7.741 minutes, Δt:   1.85, CFL: 9.00e-01
i:  46700, t:  111109.1 s, ωt:  11.11 (1.77 periods), wall: 7.751 minutes, Δt:   1.87, CFL: 9.00e-01
i:  46800, t:  111263.3 s, ωt:  11.13 (1.77 periods), wall: 7.763 minutes, Δt:   1.45, CFL: 9.00e-01
i:  46900, t:  111420.7 s, ωt:  11.14 (1.77 periods), wall: 7.773 minutes, Δt:   1.56, CFL: 9.00e-01
i:  47000, t:  111576.4 s, ωt:  11.16 (1.78 periods), wall: 7.786 minutes, Δt:   1.44, CFL: 9.00e-01
i:  47100, t:  111736.6 s, ωt:  11.17 (1.78 periods), wall: 7.796 minutes, Δt:   1.75, CFL: 9.00e-01
i:  47200, t:  111889.7 s, ωt:  11.19 (1.78 periods), wall: 7.807 minutes, Δt:   1.71, CFL: 9.00e-01
i:  47300, t:  112057.3 s, ωt:  11.21 (1.78 periods), wall: 7.817 minutes, Δt:   1.85, CFL: 9.00e-01
i:  47400, t:  112230.1 s, ωt:  11.22 (1.79 periods), wall: 7.830 minutes, Δt:   1.78, CFL: 9.00e-01
i:  47500, t:  112384.9 s, ωt:  11.24 (1.79 periods), wall: 7.841 minutes, Δt:   1.80, CFL: 9.00e-01
i:  47600, t:  112557.9 s, ωt:  11.26 (1.79 periods), wall: 7.852 minutes, Δt:   1.92, CFL: 9.00e-01
i:  47700, t:  112731.0 s, ωt:  11.27 (1.79 periods), wall: 7.863 minutes, Δt:   1.75, CFL: 9.00e-01
i:  47800, t:  112912.9 s, ωt:  11.29 (1.80 periods), wall: 7.874 minutes, Δt:   1.83, CFL: 9.00e-01
i:  47900, t:  113077.9 s, ωt:  11.31 (1.80 periods), wall: 7.884 minutes, Δt:   1.86, CFL: 9.00e-01
i:  48000, t:  113243.4 s, ωt:  11.32 (1.80 periods), wall: 7.897 minutes, Δt:   1.89, CFL: 8.95e-01
i:  48100, t:  113428.6 s, ωt:  11.34 (1.81 periods), wall: 7.911 minutes, Δt:   1.81, CFL: 9.00e-01
i:  48200, t:  113578.9 s, ωt:  11.36 (1.81 periods), wall: 7.921 minutes, Δt:   1.55, CFL: 9.00e-01
i:  48300, t:  113748.8 s, ωt:  11.37 (1.81 periods), wall: 7.935 minutes, Δt:   1.81, CFL: 9.00e-01
i:  48400, t:  113939.7 s, ωt:  11.39 (1.81 periods), wall: 7.945 minutes, Δt:   2.04, CFL: 9.00e-01
i:  48500, t:  114129.1 s, ωt:  11.41 (1.82 periods), wall: 7.956 minutes, Δt:   1.79, CFL: 9.00e-01
i:  48600, t:  114305.5 s, ωt:  11.43 (1.82 periods), wall: 7.966 minutes, Δt:   2.10, CFL: 9.00e-01
i:  48700, t:  114493.9 s, ωt:  11.45 (1.82 periods), wall: 7.980 minutes, Δt:   2.02, CFL: 9.00e-01
i:  48800, t:  114668.1 s, ωt:  11.47 (1.82 periods), wall: 7.990 minutes, Δt:   1.64, CFL: 9.00e-01
i:  48900, t:  114848.5 s, ωt:  11.48 (1.83 periods), wall: 8.002 minutes, Δt:   2.06, CFL: 9.00e-01
i:  49000, t:  115032.7 s, ωt:  11.50 (1.83 periods), wall: 8.016 minutes, Δt:   1.72, CFL: 9.00e-01
i:  49100, t:  115210.2 s, ωt:  11.52 (1.83 periods), wall: 8.026 minutes, Δt:   1.90, CFL: 9.00e-01
i:  49200, t:  115406.3 s, ωt:  11.54 (1.84 periods), wall: 8.039 minutes, Δt:   1.98, CFL: 9.00e-01
i:  49300, t:  115594.5 s, ωt:  11.56 (1.84 periods), wall: 8.049 minutes, Δt:   1.85, CFL: 9.00e-01
i:  49400, t:  115773.6 s, ωt:  11.58 (1.84 periods), wall: 8.061 minutes, Δt:   1.73, CFL: 9.00e-01
i:  49500, t:  115972.9 s, ωt:  11.60 (1.85 periods), wall: 8.072 minutes, Δt:   1.85, CFL: 9.00e-01
i:  49600, t:  116177.4 s, ωt:  11.62 (1.85 periods), wall: 8.083 minutes, Δt:   1.93, CFL: 9.00e-01
i:  49700, t:  116352.3 s, ωt:  11.64 (1.85 periods), wall: 8.094 minutes, Δt:   1.84, CFL: 9.00e-01
i:  49800, t:  116559.1 s, ωt:  11.66 (1.86 periods), wall: 8.106 minutes, Δt:   1.95, CFL: 9.00e-01
i:  49900, t:  116750.8 s, ωt:  11.68 (1.86 periods), wall: 8.116 minutes, Δt:   2.13, CFL: 9.00e-01
i:  50000, t:  116961.4 s, ωt:  11.70 (1.86 periods), wall: 8.135 minutes, Δt:   1.89, CFL: 9.00e-01
i:  50100, t:  117164.3 s, ωt:  11.72 (1.86 periods), wall: 8.145 minutes, Δt:   2.01, CFL: 9.00e-01
i:  50200, t:  117359.6 s, ωt:  11.74 (1.87 periods), wall: 8.157 minutes, Δt:   1.80, CFL: 9.00e-01
i:  50300, t:  117553.7 s, ωt:  11.76 (1.87 periods), wall: 8.170 minutes, Δt:   1.88, CFL: 9.00e-01
i:  50400, t:  117754.0 s, ωt:  11.78 (1.87 periods), wall: 8.180 minutes, Δt:   1.81, CFL: 9.00e-01
i:  50500, t:  117975.7 s, ωt:  11.80 (1.88 periods), wall: 8.192 minutes, Δt:   2.11, CFL: 9.00e-01
i:  50600, t:  118188.7 s, ωt:  11.82 (1.88 periods), wall: 8.203 minutes, Δt:   2.28, CFL: 9.00e-01
i:  50700, t:  118400.3 s, ωt:  11.84 (1.88 periods), wall: 8.214 minutes, Δt:   2.58, CFL: 9.00e-01
i:  50800, t:  118630.3 s, ωt:  11.86 (1.89 periods), wall: 8.227 minutes, Δt:   2.45, CFL: 9.00e-01
i:  50900, t:  118875.6 s, ωt:  11.89 (1.89 periods), wall: 8.238 minutes, Δt:   2.50, CFL: 9.00e-01
i:  51000, t:  119130.8 s, ωt:  11.91 (1.90 periods), wall: 8.249 minutes, Δt:   2.67, CFL: 9.00e-01
i:  51100, t:  119373.1 s, ωt:  11.94 (1.90 periods), wall: 8.259 minutes, Δt:   2.74, CFL: 9.00e-01
i:  51200, t:  119635.3 s, ωt:  11.96 (1.90 periods), wall: 8.270 minutes, Δt:   2.20, CFL: 9.00e-01
i:  51300, t:  119891.3 s, ωt:  11.99 (1.91 periods), wall: 8.282 minutes, Δt:   2.44, CFL: 9.00e-01
i:  51400, t:  120139.4 s, ωt:  12.01 (1.91 periods), wall: 8.293 minutes, Δt:   2.90, CFL: 9.00e-01
i:  51500, t:  120437.2 s, ωt:  12.04 (1.92 periods), wall: 8.307 minutes, Δt:   3.37, CFL: 9.00e-01
i:  51600, t:  120736.2 s, ωt:  12.07 (1.92 periods), wall: 8.318 minutes, Δt:   3.13, CFL: 9.00e-01
i:  51700, t:  121043.6 s, ωt:  12.10 (1.93 periods), wall: 8.329 minutes, Δt:   3.85, CFL: 9.00e-01
i:  51800, t:  121382.8 s, ωt:  12.14 (1.93 periods), wall: 8.340 minutes, Δt:   2.83, CFL: 9.00e-01
i:  51900, t:  121664.0 s, ωt:  12.17 (1.94 periods), wall: 8.353 minutes, Δt:   2.75, CFL: 9.00e-01
i:  52000, t:  121994.0 s, ωt:  12.20 (1.94 periods), wall: 8.364 minutes, Δt:   3.33, CFL: 9.00e-01
i:  52100, t:  122319.2 s, ωt:  12.23 (1.95 periods), wall: 8.376 minutes, Δt:   3.07, CFL: 9.00e-01
i:  52200, t:  122729.5 s, ωt:  12.27 (1.95 periods), wall: 8.387 minutes, Δt:   3.91, CFL: 9.00e-01
i:  52300, t:  123150.4 s, ωt:  12.32 (1.96 periods), wall: 8.399 minutes, Δt:   4.32, CFL: 9.00e-01
i:  52400, t:  123629.0 s, ωt:  12.36 (1.97 periods), wall: 8.411 minutes, Δt:   4.47, CFL: 9.00e-01
i:  52500, t:  124111.1 s, ωt:  12.41 (1.98 periods), wall: 8.423 minutes, Δt:   4.62, CFL: 9.00e-01
i:  52600, t:  124634.0 s, ωt:  12.46 (1.98 periods), wall: 8.435 minutes, Δt:   7.54, CFL: 9.00e-01
i:  52700, t:  125314.3 s, ωt:  12.53 (1.99 periods), wall: 8.447 minutes, Δt:   6.67, CFL: 9.00e-01
i:  52800, t:  126016.3 s, ωt:  12.60 (2.01 periods), wall: 8.480 minutes, Δt:   7.93, CFL: 9.00e-01
i:  52900, t:  126740.3 s, ωt:  12.67 (2.02 periods), wall: 8.492 minutes, Δt:   6.49, CFL: 9.00e-01
i:  53000, t:  127354.6 s, ωt:  12.74 (2.03 periods), wall: 8.504 minutes, Δt:   6.44, CFL: 9.00e-01
i:  53100, t:  127952.4 s, ωt:  12.80 (2.04 periods), wall: 8.516 minutes, Δt:   5.39, CFL: 9.00e-01
i:  53200, t:  128487.3 s, ωt:  12.85 (2.04 periods), wall: 8.528 minutes, Δt:   5.19, CFL: 9.00e-01
i:  53300, t:  129006.0 s, ωt:  12.90 (2.05 periods), wall: 8.547 minutes, Δt:   4.91, CFL: 9.00e-01
i:  53400, t:  129420.7 s, ωt:  12.94 (2.06 periods), wall: 8.558 minutes, Δt:   4.14, CFL: 9.00e-01
i:  53500, t:  129812.1 s, ωt:  12.98 (2.07 periods), wall: 8.571 minutes, Δt:   3.68, CFL: 9.00e-01
i:  53600, t:  130155.4 s, ωt:  13.02 (2.07 periods), wall: 8.585 minutes, Δt:   3.40, CFL: 9.00e-01
i:  53700, t:  130515.8 s, ωt:  13.05 (2.08 periods), wall: 8.597 minutes, Δt:   3.64, CFL: 9.00e-01
i:  53800, t:  130832.3 s, ωt:  13.08 (2.08 periods), wall: 8.608 minutes, Δt:   2.99, CFL: 9.00e-01
i:  53900, t:  131121.2 s, ωt:  13.11 (2.09 periods), wall: 8.620 minutes, Δt:   2.96, CFL: 8.39e-01
i:  54000, t:  131406.2 s, ωt:  13.14 (2.09 periods), wall: 8.631 minutes, Δt:   3.32, CFL: 9.00e-01
i:  54100, t:  131692.2 s, ωt:  13.17 (2.10 periods), wall: 8.642 minutes, Δt:   2.27, CFL: 9.00e-01
i:  54200, t:  131952.3 s, ωt:  13.20 (2.10 periods), wall: 8.654 minutes, Δt:   2.62, CFL: 9.00e-01
i:  54300, t:  132219.9 s, ωt:  13.22 (2.10 periods), wall: 8.664 minutes, Δt:   2.18, CFL: 9.00e-01
i:  54400, t:  132471.2 s, ωt:  13.25 (2.11 periods), wall: 8.679 minutes, Δt:   2.63, CFL: 9.00e-01
i:  54500, t:  132728.7 s, ωt:  13.27 (2.11 periods), wall: 8.691 minutes, Δt:   2.69, CFL: 9.00e-01
i:  54600, t:  132977.6 s, ωt:  13.30 (2.12 periods), wall: 8.702 minutes, Δt:   2.35, CFL: 9.00e-01
i:  54700, t:  133216.6 s, ωt:  13.32 (2.12 periods), wall: 8.713 minutes, Δt:   2.70, CFL: 9.00e-01
i:  54800, t:  133456.5 s, ωt:  13.35 (2.12 periods), wall: 8.723 minutes, Δt:   2.45, CFL: 9.00e-01
i:  54900, t:  133675.8 s, ωt:  13.37 (2.13 periods), wall: 8.736 minutes, Δt:   2.10, CFL: 9.00e-01
i:  55000, t:  133888.7 s, ωt:  13.39 (2.13 periods), wall: 8.747 minutes, Δt:   2.30, CFL: 9.00e-01
i:  55100, t:  134116.3 s, ωt:  13.41 (2.13 periods), wall: 8.757 minutes, Δt:   2.02, CFL: 9.00e-01
i:  55200, t:  134337.2 s, ωt:  13.43 (2.14 periods), wall: 8.768 minutes, Δt:   2.33, CFL: 9.00e-01
i:  55300, t:  134550.9 s, ωt:  13.46 (2.14 periods), wall: 8.780 minutes, Δt:   2.15, CFL: 9.00e-01
i:  55400, t:  134753.4 s, ωt:  13.48 (2.14 periods), wall: 8.790 minutes, Δt:   1.84, CFL: 9.00e-01
i:  55500, t:  134954.4 s, ωt:  13.50 (2.15 periods), wall: 8.801 minutes, Δt:   2.16, CFL: 9.00e-01
i:  55600, t:  135168.5 s, ωt:  13.52 (2.15 periods), wall: 8.812 minutes, Δt:   2.17, CFL: 9.00e-01
i:  55700, t:  135383.1 s, ωt:  13.54 (2.15 periods), wall: 8.822 minutes, Δt:   2.15, CFL: 9.00e-01
i:  55800, t:  135579.7 s, ωt:  13.56 (2.16 periods), wall: 8.834 minutes, Δt:   1.88, CFL: 9.00e-01
i:  55900, t:  135759.7 s, ωt:  13.58 (2.16 periods), wall: 8.845 minutes, Δt:   1.65, CFL: 9.00e-01
i:  56000, t:  135938.4 s, ωt:  13.59 (2.16 periods), wall: 8.855 minutes, Δt:   1.72, CFL: 9.00e-01
i:  56100, t:  136106.7 s, ωt:  13.61 (2.17 periods), wall: 8.867 minutes, Δt:   1.86, CFL: 8.76e-01
i:  56200, t:  136302.3 s, ωt:  13.63 (2.17 periods), wall: 8.877 minutes, Δt:   1.88, CFL: 9.00e-01
i:  56300, t:  136498.2 s, ωt:  13.65 (2.17 periods), wall: 8.889 minutes, Δt:   1.83, CFL: 9.00e-01
i:  56400, t:  136687.1 s, ωt:  13.67 (2.18 periods), wall: 8.900 minutes, Δt:   2.13, CFL: 9.00e-01
i:  56500, t:  136873.4 s, ωt:  13.69 (2.18 periods), wall: 8.910 minutes, Δt:   1.71, CFL: 9.00e-01
i:  56600, t:  137056.1 s, ωt:  13.71 (2.18 periods), wall: 8.922 minutes, Δt:   1.69, CFL: 9.00e-01
i:  56700, t:  137223.2 s, ωt:  13.72 (2.18 periods), wall: 8.932 minutes, Δt:   1.76, CFL: 9.00e-01
i:  56800, t:  137398.8 s, ωt:  13.74 (2.19 periods), wall: 8.944 minutes, Δt:   1.73, CFL: 9.00e-01
i:  56900, t:  137572.7 s, ωt:  13.76 (2.19 periods), wall: 8.954 minutes, Δt:   1.54, CFL: 9.00e-01
i:  57000, t:  137733.7 s, ωt:  13.77 (2.19 periods), wall: 8.966 minutes, Δt:   1.86, CFL: 9.00e-01
i:  57100, t:  137909.4 s, ωt:  13.79 (2.19 periods), wall: 8.976 minutes, Δt:   1.93, CFL: 9.00e-01
i:  57200, t:  138084.3 s, ωt:  13.81 (2.20 periods), wall: 8.987 minutes, Δt:   1.67, CFL: 9.00e-01
i:  57300, t:  138259.7 s, ωt:  13.83 (2.20 periods), wall: 8.999 minutes, Δt:   1.75, CFL: 9.00e-01
i:  57400, t:  138442.7 s, ωt:  13.84 (2.20 periods), wall: 9.009 minutes, Δt:   1.87, CFL: 9.00e-01
i:  57500, t:  138616.4 s, ωt:  13.86 (2.21 periods), wall: 9.020 minutes, Δt:   1.60, CFL: 9.00e-01
i:  57600, t:  138772.5 s, ωt:  13.88 (2.21 periods), wall: 9.030 minutes, Δt:   1.69, CFL: 9.00e-01
i:  57700, t:  138951.7 s, ωt:  13.90 (2.21 periods), wall: 9.042 minutes, Δt:   1.70, CFL: 9.00e-01
i:  57800, t:  139118.3 s, ωt:  13.91 (2.21 periods), wall: 9.052 minutes, Δt:   1.69, CFL: 9.00e-01
i:  57900, t:  139275.7 s, ωt:  13.93 (2.22 periods), wall: 9.064 minutes, Δt:   1.58, CFL: 9.00e-01
i:  58000, t:  139440.1 s, ωt:  13.94 (2.22 periods), wall: 9.074 minutes, Δt:   1.57, CFL: 9.00e-01
i:  58100, t:  139602.7 s, ωt:  13.96 (2.22 periods), wall: 9.086 minutes, Δt:   1.51, CFL: 9.00e-01
i:  58200, t:  139766.0 s, ωt:  13.98 (2.22 periods), wall: 9.096 minutes, Δt:   1.72, CFL: 9.00e-01
i:  58300, t:  139935.8 s, ωt:  13.99 (2.23 periods), wall: 9.108 minutes, Δt:   1.89, CFL: 9.00e-01
i:  58400, t:  140112.4 s, ωt:  14.01 (2.23 periods), wall: 9.118 minutes, Δt:   1.49, CFL: 9.00e-01
i:  58500, t:  140284.6 s, ωt:  14.03 (2.23 periods), wall: 9.130 minutes, Δt:   1.70, CFL: 9.00e-01
i:  58600, t:  140442.9 s, ωt:  14.04 (2.24 periods), wall: 9.141 minutes, Δt:   1.65, CFL: 9.00e-01
i:  58700, t:  140614.6 s, ωt:  14.06 (2.24 periods), wall: 9.152 minutes, Δt:   1.90, CFL: 9.00e-01
i:  58800, t:  140779.2 s, ωt:  14.08 (2.24 periods), wall: 9.163 minutes, Δt:   1.88, CFL: 9.00e-01
i:  58900, t:  140943.8 s, ωt:  14.09 (2.24 periods), wall: 9.173 minutes, Δt:   1.70, CFL: 9.00e-01
i:  59000, t:  141103.8 s, ωt:  14.11 (2.25 periods), wall: 9.209 minutes, Δt:   1.52, CFL: 9.00e-01
i:  59100, t:  141271.5 s, ωt:  14.13 (2.25 periods), wall: 9.220 minutes, Δt:   1.61, CFL: 9.00e-01
i:  59200, t:  141441.6 s, ωt:  14.14 (2.25 periods), wall: 9.233 minutes, Δt:   1.75, CFL: 9.00e-01
i:  59300, t:  141599.9 s, ωt:  14.16 (2.25 periods), wall: 9.243 minutes, Δt:   1.73, CFL: 9.00e-01
i:  59400, t:  141754.5 s, ωt:  14.18 (2.26 periods), wall: 9.255 minutes, Δt:   1.34, CFL: 9.00e-01
i:  59500, t:  141915.1 s, ωt:  14.19 (2.26 periods), wall: 9.266 minutes, Δt:   1.51, CFL: 9.00e-01
i:  59600, t:  142077.6 s, ωt:  14.21 (2.26 periods), wall: 9.277 minutes, Δt:   1.77, CFL: 9.00e-01
i:  59700, t:  142259.0 s, ωt:  14.23 (2.26 periods), wall: 9.287 minutes, Δt:   1.74, CFL: 9.00e-01
i:  59800, t:  142432.6 s, ωt:  14.24 (2.27 periods), wall: 9.298 minutes, Δt:   1.46, CFL: 9.00e-01
i:  59900, t:  142607.8 s, ωt:  14.26 (2.27 periods), wall: 9.309 minutes, Δt:   1.78, CFL: 9.00e-01
i:  60000, t:  142785.3 s, ωt:  14.28 (2.27 periods), wall: 9.320 minutes, Δt:   1.84, CFL: 9.00e-01
i:  60100, t:  142946.8 s, ωt:  14.29 (2.28 periods), wall: 9.331 minutes, Δt:   1.59, CFL: 9.00e-01
i:  60200, t:  143128.4 s, ωt:  14.31 (2.28 periods), wall: 9.341 minutes, Δt:   1.99, CFL: 9.00e-01
i:  60300, t:  143296.4 s, ωt:  14.33 (2.28 periods), wall: 9.354 minutes, Δt:   1.62, CFL: 9.00e-01
i:  60400, t:  143470.1 s, ωt:  14.35 (2.28 periods), wall: 9.364 minutes, Δt:   1.73, CFL: 9.00e-01
i:  60500, t:  143648.3 s, ωt:  14.36 (2.29 periods), wall: 9.375 minutes, Δt:   1.72, CFL: 9.00e-01
i:  60600, t:  143827.4 s, ωt:  14.38 (2.29 periods), wall: 9.386 minutes, Δt:   1.72, CFL: 9.00e-01
i:  60700, t:  144008.2 s, ωt:  14.40 (2.29 periods), wall: 9.397 minutes, Δt:   1.83, CFL: 9.00e-01
i:  60800, t:  144188.2 s, ωt:  14.42 (2.29 periods), wall: 9.407 minutes, Δt:   1.59, CFL: 9.00e-01
i:  60900, t:  144361.9 s, ωt:  14.44 (2.30 periods), wall: 9.418 minutes, Δt:   1.66, CFL: 9.00e-01
i:  61000, t:  144550.6 s, ωt:  14.46 (2.30 periods), wall: 9.430 minutes, Δt:   2.02, CFL: 9.00e-01
i:  61100, t:  144731.9 s, ωt:  14.47 (2.30 periods), wall: 9.440 minutes, Δt:   1.59, CFL: 9.00e-01
i:  61200, t:  144900.7 s, ωt:  14.49 (2.31 periods), wall: 9.451 minutes, Δt:   1.81, CFL: 9.00e-01
i:  61300, t:  145076.0 s, ωt:  14.51 (2.31 periods), wall: 9.461 minutes, Δt:   1.87, CFL: 9.00e-01
i:  61400, t:  145264.2 s, ωt:  14.53 (2.31 periods), wall: 9.472 minutes, Δt:   1.75, CFL: 9.00e-01
i:  61500, t:  145448.3 s, ωt:  14.54 (2.31 periods), wall: 9.483 minutes, Δt:   1.65, CFL: 9.00e-01
i:  61600, t:  145636.9 s, ωt:  14.56 (2.32 periods), wall: 9.494 minutes, Δt:   1.96, CFL: 9.00e-01
i:  61700, t:  145824.8 s, ωt:  14.58 (2.32 periods), wall: 9.507 minutes, Δt:   1.60, CFL: 9.00e-01
i:  61800, t:  146003.8 s, ωt:  14.60 (2.32 periods), wall: 9.517 minutes, Δt:   1.90, CFL: 9.00e-01
i:  61900, t:  146204.7 s, ωt:  14.62 (2.33 periods), wall: 9.529 minutes, Δt:   1.90, CFL: 9.00e-01
i:  62000, t:  146390.2 s, ωt:  14.64 (2.33 periods), wall: 9.539 minutes, Δt:   1.86, CFL: 9.00e-01
i:  62100, t:  146580.9 s, ωt:  14.66 (2.33 periods), wall: 9.551 minutes, Δt:   1.95, CFL: 9.00e-01
i:  62200, t:  146770.3 s, ωt:  14.68 (2.34 periods), wall: 9.562 minutes, Δt:   1.90, CFL: 9.00e-01
i:  62300, t:  146957.3 s, ωt:  14.70 (2.34 periods), wall: 9.572 minutes, Δt:   1.80, CFL: 9.00e-01
i:  62400, t:  147144.8 s, ωt:  14.71 (2.34 periods), wall: 9.584 minutes, Δt:   1.94, CFL: 9.00e-01
i:  62500, t:  147338.8 s, ωt:  14.73 (2.34 periods), wall: 9.594 minutes, Δt:   2.34, CFL: 9.00e-01
i:  62600, t:  147536.8 s, ωt:  14.75 (2.35 periods), wall: 9.606 minutes, Δt:   1.84, CFL: 9.00e-01
i:  62700, t:  147744.4 s, ωt:  14.77 (2.35 periods), wall: 9.617 minutes, Δt:   2.14, CFL: 9.00e-01
i:  62800, t:  147958.6 s, ωt:  14.80 (2.35 periods), wall: 9.627 minutes, Δt:   2.24, CFL: 9.00e-01
i:  62900, t:  148179.5 s, ωt:  14.82 (2.36 periods), wall: 9.638 minutes, Δt:   2.09, CFL: 9.00e-01
i:  63000, t:  148386.7 s, ωt:  14.84 (2.36 periods), wall: 9.650 minutes, Δt:   2.23, CFL: 9.00e-01
i:  63100, t:  148617.2 s, ωt:  14.86 (2.37 periods), wall: 9.662 minutes, Δt:   2.31, CFL: 9.00e-01
i:  63200, t:  148847.4 s, ωt:  14.88 (2.37 periods), wall: 9.672 minutes, Δt:   2.29, CFL: 9.00e-01
i:  63300, t:  149064.7 s, ωt:  14.91 (2.37 periods), wall: 9.683 minutes, Δt:   2.24, CFL: 9.00e-01
i:  63400, t:  149278.9 s, ωt:  14.93 (2.38 periods), wall: 9.694 minutes, Δt:   2.67, CFL: 9.00e-01
i:  63500, t:  149522.3 s, ωt:  14.95 (2.38 periods), wall: 9.704 minutes, Δt:   2.38, CFL: 9.00e-01
i:  63600, t:  149771.5 s, ωt:  14.98 (2.38 periods), wall: 9.715 minutes, Δt:   2.50, CFL: 9.00e-01
i:  63700, t:  149993.0 s, ωt:  15.00 (2.39 periods), wall: 9.727 minutes, Δt:   2.08, CFL: 9.00e-01
i:  63800, t:  150221.1 s, ωt:  15.02 (2.39 periods), wall: 9.738 minutes, Δt:   2.76, CFL: 9.00e-01
i:  63900, t:  150473.2 s, ωt:  15.05 (2.39 periods), wall: 9.748 minutes, Δt:   2.08, CFL: 9.00e-01
i:  64000, t:  150737.9 s, ωt:  15.07 (2.40 periods), wall: 9.761 minutes, Δt:   2.60, CFL: 9.00e-01
i:  64100, t:  150998.2 s, ωt:  15.10 (2.40 periods), wall: 9.772 minutes, Δt:   2.78, CFL: 9.00e-01
i:  64200, t:  151256.3 s, ωt:  15.13 (2.41 periods), wall: 9.783 minutes, Δt:   2.81, CFL: 9.00e-01
i:  64300, t:  151517.8 s, ωt:  15.15 (2.41 periods), wall: 9.794 minutes, Δt:   3.03, CFL: 9.00e-01
i:  64400, t:  151788.0 s, ωt:  15.18 (2.42 periods), wall: 9.807 minutes, Δt:   3.15, CFL: 9.00e-01
i:  64500, t:  152096.8 s, ωt:  15.21 (2.42 periods), wall: 9.820 minutes, Δt:   3.18, CFL: 9.00e-01
i:  64600, t:  152421.6 s, ωt:  15.24 (2.43 periods), wall: 9.833 minutes, Δt:   3.47, CFL: 9.00e-01
i:  64700, t:  152780.9 s, ωt:  15.28 (2.43 periods), wall: 9.845 minutes, Δt:   3.25, CFL: 9.00e-01
i:  64800, t:  153126.3 s, ωt:  15.31 (2.44 periods), wall: 9.857 minutes, Δt:   3.41, CFL: 9.00e-01
i:  64900, t:  153485.8 s, ωt:  15.35 (2.44 periods), wall: 9.869 minutes, Δt:   3.10, CFL: 9.00e-01
i:  65000, t:  153839.2 s, ωt:  15.38 (2.45 periods), wall: 9.881 minutes, Δt:   4.04, CFL: 9.00e-01
i:  65100, t:  154208.2 s, ωt:  15.42 (2.45 periods), wall: 9.892 minutes, Δt:   4.29, CFL: 9.00e-01
i:  65200, t:  154576.1 s, ωt:  15.46 (2.46 periods), wall: 9.904 minutes, Δt:   3.38, CFL: 9.00e-01
i:  65300, t:  154924.1 s, ωt:  15.49 (2.47 periods), wall: 9.915 minutes, Δt:   3.67, CFL: 9.00e-01
i:  65400, t:  155353.1 s, ωt:  15.54 (2.47 periods), wall: 9.928 minutes, Δt:   3.99, CFL: 9.00e-01
i:  65500, t:  155887.1 s, ωt:  15.59 (2.48 periods), wall: 9.940 minutes, Δt:   6.04, CFL: 9.00e-01
i:  65600, t:  156586.8 s, ωt:  15.66 (2.49 periods), wall: 9.956 minutes, Δt:   7.04, CFL: 9.00e-01
i:  65700, t:  157296.7 s, ωt:  15.73 (2.50 periods), wall: 9.990 minutes, Δt:   6.95, CFL: 9.00e-01
i:  65800, t:  157908.6 s, ωt:  15.79 (2.51 periods), wall: 10.008 minutes, Δt:   5.94, CFL: 9.00e-01
i:  65900, t:  158468.3 s, ωt:  15.85 (2.52 periods), wall: 10.020 minutes, Δt:   5.49, CFL: 9.00e-01
i:  66000, t:  159028.4 s, ωt:  15.90 (2.53 periods), wall: 10.034 minutes, Δt:   5.27, CFL: 9.00e-01
i:  66100, t:  159510.4 s, ωt:  15.95 (2.54 periods), wall: 10.044 minutes, Δt:   5.91, CFL: 9.00e-01
i:  66200, t:  160049.5 s, ωt:  16.00 (2.55 periods), wall: 10.058 minutes, Δt:   4.98, CFL: 9.00e-01
i:  66300, t:  160530.4 s, ωt:  16.05 (2.55 periods), wall: 10.070 minutes, Δt:   4.24, CFL: 9.00e-01
i:  66400, t:  160967.7 s, ωt:  16.10 (2.56 periods), wall: 10.087 minutes, Δt:   4.04, CFL: 9.00e-01
i:  66500, t:  161358.3 s, ωt:  16.14 (2.57 periods), wall: 10.105 minutes, Δt:   3.34, CFL: 9.00e-01
i:  66600, t:  161686.2 s, ωt:  16.17 (2.57 periods), wall: 10.117 minutes, Δt:   3.40, CFL: 9.00e-01
i:  66700, t:  162014.7 s, ωt:  16.20 (2.58 periods), wall: 10.129 minutes, Δt:   3.38, CFL: 9.00e-01
i:  66800, t:  162343.1 s, ωt:  16.23 (2.58 periods), wall: 10.140 minutes, Δt:   3.74, CFL: 9.00e-01
i:  66900, t:  162667.2 s, ωt:  16.27 (2.59 periods), wall: 10.151 minutes, Δt:   3.09, CFL: 9.00e-01
i:  67000, t:  162962.3 s, ωt:  16.30 (2.59 periods), wall: 10.163 minutes, Δt:   2.90, CFL: 9.00e-01
i:  67100, t:  163221.2 s, ωt:  16.32 (2.60 periods), wall: 10.174 minutes, Δt:   2.78, CFL: 9.00e-01
i:  67200, t:  163493.8 s, ωt:  16.35 (2.60 periods), wall: 10.187 minutes, Δt:   2.74, CFL: 9.00e-01
i:  67300, t:  163736.6 s, ωt:  16.37 (2.61 periods), wall: 10.198 minutes, Δt:   2.57, CFL: 9.00e-01
i:  67400, t:  163987.4 s, ωt:  16.40 (2.61 periods), wall: 10.208 minutes, Δt:   2.04, CFL: 9.00e-01
i:  67500, t:  164216.0 s, ωt:  16.42 (2.61 periods), wall: 10.219 minutes, Δt:   2.46, CFL: 9.00e-01
i:  67600, t:  164457.6 s, ωt:  16.45 (2.62 periods), wall: 10.230 minutes, Δt:   2.70, CFL: 9.00e-01
i:  67700, t:  164693.9 s, ωt:  16.47 (2.62 periods), wall: 10.243 minutes, Δt:   2.05, CFL: 9.00e-01
i:  67800, t:  164910.2 s, ωt:  16.49 (2.62 periods), wall: 10.253 minutes, Δt:   2.26, CFL: 9.00e-01
i:  67900, t:  165122.2 s, ωt:  16.51 (2.63 periods), wall: 10.264 minutes, Δt:   2.12, CFL: 9.00e-01
i:  68000, t:  165324.4 s, ωt:  16.53 (2.63 periods), wall: 10.275 minutes, Δt:   2.32, CFL: 9.00e-01
i:  68100, t:  165533.4 s, ωt:  16.55 (2.63 periods), wall: 10.285 minutes, Δt:   1.87, CFL: 9.00e-01
i:  68200, t:  165745.6 s, ωt:  16.57 (2.64 periods), wall: 10.297 minutes, Δt:   2.15, CFL: 9.00e-01
i:  68300, t:  165952.3 s, ωt:  16.60 (2.64 periods), wall: 10.308 minutes, Δt:   2.25, CFL: 9.00e-01
i:  68400, t:  166162.2 s, ωt:  16.62 (2.64 periods), wall: 10.318 minutes, Δt:   2.26, CFL: 9.00e-01
i:  68500, t:  166364.5 s, ωt:  16.64 (2.65 periods), wall: 10.330 minutes, Δt:   1.89, CFL: 9.00e-01
i:  68600, t:  166553.9 s, ωt:  16.66 (2.65 periods), wall: 10.341 minutes, Δt:   2.05, CFL: 9.00e-01
i:  68700, t:  166745.1 s, ωt:  16.67 (2.65 periods), wall: 10.351 minutes, Δt:   1.87, CFL: 9.00e-01
i:  68800, t:  166947.9 s, ωt:  16.69 (2.66 periods), wall: 10.362 minutes, Δt:   1.96, CFL: 9.00e-01
i:  68900, t:  167137.3 s, ωt:  16.71 (2.66 periods), wall: 10.374 minutes, Δt:   1.34, CFL: 9.00e-01
i:  69000, t:  167299.4 s, ωt:  16.73 (2.66 periods), wall: 10.384 minutes, Δt:   1.51, CFL: 9.00e-01
i:  69100, t:  167485.4 s, ωt:  16.75 (2.67 periods), wall: 10.396 minutes, Δt:   1.75, CFL: 9.00e-01
i:  69200, t:  167672.0 s, ωt:  16.77 (2.67 periods), wall: 10.406 minutes, Δt:   2.10, CFL: 9.00e-01
i:  69300, t:  167862.7 s, ωt:  16.79 (2.67 periods), wall: 10.417 minutes, Δt:   2.04, CFL: 9.00e-01
i:  69400, t:  168063.3 s, ωt:  16.81 (2.67 periods), wall: 10.428 minutes, Δt:   1.57, CFL: 9.00e-01
i:  69500, t:  168230.2 s, ωt:  16.82 (2.68 periods), wall: 10.439 minutes, Δt:   1.77, CFL: 9.00e-01
i:  69600, t:  168409.8 s, ωt:  16.84 (2.68 periods), wall: 10.451 minutes, Δt:   2.00, CFL: 9.00e-01
i:  69700, t:  168586.0 s, ωt:  16.86 (2.68 periods), wall: 10.461 minutes, Δt:   1.94, CFL: 9.00e-01
i:  69800, t:  168776.1 s, ωt:  16.88 (2.69 periods), wall: 10.473 minutes, Δt:   2.00, CFL: 9.00e-01
i:  69900, t:  168961.6 s, ωt:  16.90 (2.69 periods), wall: 10.483 minutes, Δt:   1.76, CFL: 9.00e-01
i:  70000, t:  169142.0 s, ωt:  16.91 (2.69 periods), wall: 10.494 minutes, Δt:   1.93, CFL: 9.00e-01
i:  70100, t:  169311.5 s, ωt:  16.93 (2.69 periods), wall: 10.505 minutes, Δt:   1.56, CFL: 9.00e-01
i:  70200, t:  169481.0 s, ωt:  16.95 (2.70 periods), wall: 10.516 minutes, Δt:   1.93, CFL: 9.00e-01
i:  70300, t:  169645.3 s, ωt:  16.96 (2.70 periods), wall: 10.527 minutes, Δt:   1.70, CFL: 9.00e-01
i:  70400, t:  169826.5 s, ωt:  16.98 (2.70 periods), wall: 10.538 minutes, Δt:   1.76, CFL: 9.00e-01
i:  70500, t:  170002.3 s, ωt:  17.00 (2.71 periods), wall: 10.550 minutes, Δt:   1.46, CFL: 9.00e-01
i:  70600, t:  170155.4 s, ωt:  17.02 (2.71 periods), wall: 10.560 minutes, Δt:   1.19, CFL: 9.00e-01
i:  70700, t:  170302.8 s, ωt:  17.03 (2.71 periods), wall: 10.571 minutes, Δt:   1.49, CFL: 9.00e-01
i:  70800, t:  170465.9 s, ωt:  17.05 (2.71 periods), wall: 10.582 minutes, Δt:   1.65, CFL: 9.00e-01
i:  70900, t:  170624.8 s, ωt:  17.06 (2.72 periods), wall: 10.593 minutes, Δt:   1.55, CFL: 9.00e-01
i:  71000, t:  170788.8 s, ωt:  17.08 (2.72 periods), wall: 10.603 minutes, Δt:   1.53, CFL: 9.00e-01
i:  71100, t:  170954.0 s, ωt:  17.10 (2.72 periods), wall: 10.616 minutes, Δt:   1.89, CFL: 9.00e-01
i:  71200, t:  171113.6 s, ωt:  17.11 (2.72 periods), wall: 10.626 minutes, Δt:   1.69, CFL: 9.00e-01
i:  71300, t:  171292.4 s, ωt:  17.13 (2.73 periods), wall: 10.637 minutes, Δt:   1.80, CFL: 9.00e-01
i:  71400, t:  171456.3 s, ωt:  17.15 (2.73 periods), wall: 10.647 minutes, Δt:   1.57, CFL: 9.00e-01
i:  71500, t:  171609.8 s, ωt:  17.16 (2.73 periods), wall: 10.659 minutes, Δt:   1.45, CFL: 9.00e-01
i:  71600, t:  171769.2 s, ωt:  17.18 (2.73 periods), wall: 10.669 minutes, Δt:   1.61, CFL: 9.00e-01
i:  71700, t:  171937.6 s, ωt:  17.19 (2.74 periods), wall: 10.681 minutes, Δt:   1.29, CFL: 9.00e-01
i:  71800, t:  172094.6 s, ωt:  17.21 (2.74 periods), wall: 10.691 minutes, Δt:   1.83, CFL: 9.00e-01
i:  71900, t:  172265.7 s, ωt:  17.23 (2.74 periods), wall: 10.702 minutes, Δt:   1.85, CFL: 9.00e-01
i:  72000, t:  172437.4 s, ωt:  17.24 (2.74 periods), wall: 10.712 minutes, Δt:   1.95, CFL: 9.00e-01
i:  72100, t:  172600.6 s, ωt:  17.26 (2.75 periods), wall: 10.724 minutes, Δt:   1.68, CFL: 9.00e-01
i:  72200, t:  172770.6 s, ωt:  17.28 (2.75 periods), wall: 10.734 minutes, Δt:   1.70, CFL: 9.00e-01
i:  72300, t:  172937.4 s, ωt:  17.29 (2.75 periods), wall: 10.746 minutes, Δt:   1.54, CFL: 9.00e-01
i:  72400, t:  173092.3 s, ωt:  17.31 (2.75 periods), wall: 10.756 minutes, Δt:   1.70, CFL: 9.00e-01
i:  72500, t:  173251.7 s, ωt:  17.33 (2.76 periods), wall: 10.768 minutes, Δt:   1.34, CFL: 9.00e-01
i:  72600, t:  173414.5 s, ωt:  17.34 (2.76 periods), wall: 10.778 minutes, Δt:   1.70, CFL: 9.00e-01
i:  72700, t:  173582.7 s, ωt:  17.36 (2.76 periods), wall: 10.790 minutes, Δt:   1.58, CFL: 9.00e-01
i:  72800, t:  173746.4 s, ωt:  17.37 (2.77 periods), wall: 10.802 minutes, Δt:   1.81, CFL: 9.00e-01
i:  72900, t:  173908.8 s, ωt:  17.39 (2.77 periods), wall: 10.812 minutes, Δt:   1.58, CFL: 9.00e-01
i:  73000, t:  174059.8 s, ωt:  17.41 (2.77 periods), wall: 10.823 minutes, Δt:   1.49, CFL: 9.00e-01
i:  73100, t:  174200.0 s, ωt:  17.42 (2.77 periods), wall: 10.833 minutes, Δt:   1.39, CFL: 9.00e-01
i:  73200, t:  174366.8 s, ωt:  17.44 (2.78 periods), wall: 10.845 minutes, Δt:   1.74, CFL: 9.00e-01
i:  73300, t:  174522.7 s, ωt:  17.45 (2.78 periods), wall: 10.855 minutes, Δt:   1.71, CFL: 9.00e-01
i:  73400, t:  174687.2 s, ωt:  17.47 (2.78 periods), wall: 10.866 minutes, Δt:   1.80, CFL: 9.00e-01
i:  73500, t:  174876.7 s, ωt:  17.49 (2.78 periods), wall: 10.877 minutes, Δt:   1.98, CFL: 9.00e-01
i:  73600, t:  175047.8 s, ωt:  17.50 (2.79 periods), wall: 10.896 minutes, Δt:   1.83, CFL: 9.00e-01
i:  73700, t:  175231.9 s, ωt:  17.52 (2.79 periods), wall: 10.906 minutes, Δt:   1.71, CFL: 9.00e-01
i:  73800, t:  175407.2 s, ωt:  17.54 (2.79 periods), wall: 10.918 minutes, Δt:   1.50, CFL: 9.00e-01
i:  73900, t:  175582.1 s, ωt:  17.56 (2.79 periods), wall: 10.928 minutes, Δt:   1.91, CFL: 9.00e-01
i:  74000, t:  175734.2 s, ωt:  17.57 (2.80 periods), wall: 10.941 minutes, Δt:   1.39, CFL: 9.00e-01
i:  74100, t:  175895.8 s, ωt:  17.59 (2.80 periods), wall: 10.951 minutes, Δt:   1.37, CFL: 9.00e-01
i:  74200, t:  176055.3 s, ωt:  17.61 (2.80 periods), wall: 10.962 minutes, Δt:   1.63, CFL: 9.00e-01
i:  74300, t:  176242.3 s, ωt:  17.62 (2.80 periods), wall: 10.972 minutes, Δt:   1.84, CFL: 9.00e-01
i:  74400, t:  176427.4 s, ωt:  17.64 (2.81 periods), wall: 10.984 minutes, Δt:   1.76, CFL: 9.00e-01
i:  74500, t:  176589.2 s, ωt:  17.66 (2.81 periods), wall: 10.996 minutes, Δt:   1.33, CFL: 9.00e-01
i:  74600, t:  176736.8 s, ωt:  17.67 (2.81 periods), wall: 11.006 minutes, Δt:   1.58, CFL: 9.00e-01
i:  74700, t:  176918.3 s, ωt:  17.69 (2.82 periods), wall: 11.017 minutes, Δt:   1.99, CFL: 9.00e-01
i:  74800, t:  177111.3 s, ωt:  17.71 (2.82 periods), wall: 11.027 minutes, Δt:   1.97, CFL: 9.00e-01
i:  74900, t:  177301.5 s, ωt:  17.73 (2.82 periods), wall: 11.039 minutes, Δt:   1.79, CFL: 9.00e-01
i:  75000, t:  177462.5 s, ωt:  17.75 (2.82 periods), wall: 11.050 minutes, Δt:   1.43, CFL: 9.00e-01
i:  75100, t:  177616.3 s, ωt:  17.76 (2.83 periods), wall: 11.061 minutes, Δt:   1.66, CFL: 9.00e-01
i:  75200, t:  177791.9 s, ωt:  17.78 (2.83 periods), wall: 11.071 minutes, Δt:   1.65, CFL: 9.00e-01
i:  75300, t:  177978.3 s, ωt:  17.80 (2.83 periods), wall: 11.083 minutes, Δt:   1.52, CFL: 9.00e-01
i:  75400, t:  178156.3 s, ωt:  17.82 (2.84 periods), wall: 11.096 minutes, Δt:   1.95, CFL: 9.00e-01
i:  75500, t:  178359.1 s, ωt:  17.84 (2.84 periods), wall: 11.106 minutes, Δt:   2.22, CFL: 9.00e-01
i:  75600, t:  178569.6 s, ωt:  17.86 (2.84 periods), wall: 11.119 minutes, Δt:   2.07, CFL: 9.00e-01
i:  75700, t:  178758.6 s, ωt:  17.88 (2.85 periods), wall: 11.131 minutes, Δt:   2.00, CFL: 9.00e-01
i:  75800, t:  178956.8 s, ωt:  17.90 (2.85 periods), wall: 11.141 minutes, Δt:   1.84, CFL: 9.00e-01
i:  75900, t:  179149.0 s, ωt:  17.91 (2.85 periods), wall: 11.153 minutes, Δt:   1.85, CFL: 9.00e-01
i:  76000, t:  179339.6 s, ωt:  17.93 (2.85 periods), wall: 11.163 minutes, Δt:   2.01, CFL: 9.00e-01
i:  76100, t:  179529.2 s, ωt:  17.95 (2.86 periods), wall: 11.175 minutes, Δt:   1.99, CFL: 9.00e-01
i:  76200, t:  179720.9 s, ωt:  17.97 (2.86 periods), wall: 11.187 minutes, Δt:   1.87, CFL: 9.00e-01
i:  76300, t:  179916.4 s, ωt:  17.99 (2.86 periods), wall: 11.197 minutes, Δt:   1.66, CFL: 9.00e-01
i:  76400, t:  180114.9 s, ωt:  18.01 (2.87 periods), wall: 11.209 minutes, Δt:   2.27, CFL: 9.00e-01
i:  76500, t:  180310.4 s, ωt:  18.03 (2.87 periods), wall: 11.219 minutes, Δt:   1.91, CFL: 9.00e-01
i:  76600, t:  180541.1 s, ωt:  18.05 (2.87 periods), wall: 11.230 minutes, Δt:   2.48, CFL: 9.00e-01
i:  76700, t:  180774.5 s, ωt:  18.08 (2.88 periods), wall: 11.242 minutes, Δt:   2.56, CFL: 9.00e-01
i:  76800, t:  181022.0 s, ωt:  18.10 (2.88 periods), wall: 11.254 minutes, Δt:   2.55, CFL: 9.00e-01
i:  76900, t:  181265.6 s, ωt:  18.13 (2.88 periods), wall: 11.264 minutes, Δt:   2.60, CFL: 9.00e-01
i:  77000, t:  181509.9 s, ωt:  18.15 (2.89 periods), wall: 11.308 minutes, Δt:   2.71, CFL: 9.00e-01
i:  77100, t:  181769.0 s, ωt:  18.18 (2.89 periods), wall: 11.321 minutes, Δt:   2.58, CFL: 9.00e-01
i:  77200, t:  182004.0 s, ωt:  18.20 (2.90 periods), wall: 11.333 minutes, Δt:   2.33, CFL: 9.00e-01
i:  77300, t:  182245.3 s, ωt:  18.22 (2.90 periods), wall: 11.345 minutes, Δt:   2.73, CFL: 9.00e-01
i:  77400, t:  182501.1 s, ωt:  18.25 (2.90 periods), wall: 11.355 minutes, Δt:   2.87, CFL: 9.00e-01
i:  77500, t:  182775.3 s, ωt:  18.28 (2.91 periods), wall: 11.367 minutes, Δt:   2.30, CFL: 9.00e-01
i:  77600, t:  183039.8 s, ωt:  18.30 (2.91 periods), wall: 11.379 minutes, Δt:   2.36, CFL: 9.00e-01
i:  77700, t:  183310.8 s, ωt:  18.33 (2.92 periods), wall: 11.391 minutes, Δt:   2.81, CFL: 9.00e-01
i:  77800, t:  183571.9 s, ωt:  18.36 (2.92 periods), wall: 11.404 minutes, Δt:   2.43, CFL: 9.00e-01
i:  77900, t:  183851.9 s, ωt:  18.39 (2.93 periods), wall: 11.415 minutes, Δt:   2.73, CFL: 9.00e-01
i:  78000, t:  184128.3 s, ωt:  18.41 (2.93 periods), wall: 11.426 minutes, Δt:   2.84, CFL: 9.00e-01
i:  78100, t:  184436.2 s, ωt:  18.44 (2.94 periods), wall: 11.439 minutes, Δt:   3.34, CFL: 9.00e-01
i:  78200, t:  184795.5 s, ωt:  18.48 (2.94 periods), wall: 11.451 minutes, Δt:   3.60, CFL: 9.00e-01
i:  78300, t:  185213.7 s, ωt:  18.52 (2.95 periods), wall: 11.462 minutes, Δt:   4.07, CFL: 9.00e-01
i:  78400, t:  185595.8 s, ωt:  18.56 (2.95 periods), wall: 11.473 minutes, Δt:   3.72, CFL: 9.00e-01
i:  78500, t:  185966.6 s, ωt:  18.60 (2.96 periods), wall: 11.485 minutes, Δt:   3.96, CFL: 9.00e-01
i:  78600, t:  186356.6 s, ωt:  18.64 (2.97 periods), wall: 11.497 minutes, Δt:   3.95, CFL: 9.00e-01
i:  78700, t:  186824.0 s, ωt:  18.68 (2.97 periods), wall: 11.509 minutes, Δt:   5.45, CFL: 9.00e-01
i:  78800, t:  187417.4 s, ωt:  18.74 (2.98 periods), wall: 11.523 minutes, Δt:   6.32, CFL: 9.00e-01
i:  78900, t:  188030.2 s, ωt:  18.80 (2.99 periods), wall: 11.536 minutes, Δt:   7.48, CFL: 9.00e-01
i:  79000, t:  188704.0 s, ωt:  18.87 (3.00 periods), wall: 11.572 minutes, Δt:   6.84, CFL: 9.00e-01
i:  79100, t:  189315.5 s, ωt:  18.93 (3.01 periods), wall: 11.587 minutes, Δt:   7.11, CFL: 9.00e-01
i:  79200, t:  190001.6 s, ωt:  19.00 (3.02 periods), wall: 11.599 minutes, Δt:   6.54, CFL: 9.00e-01
i:  79300, t:  190602.5 s, ωt:  19.06 (3.03 periods), wall: 11.612 minutes, Δt:   5.68, CFL: 9.00e-01
i:  79400, t:  191177.8 s, ωt:  19.12 (3.04 periods), wall: 11.625 minutes, Δt:   5.01, CFL: 9.00e-01
i:  79500, t:  191689.7 s, ωt:  19.17 (3.05 periods), wall: 11.638 minutes, Δt:   5.27, CFL: 9.00e-01
i:  79600, t:  192135.3 s, ωt:  19.21 (3.06 periods), wall: 11.650 minutes, Δt:   4.03, CFL: 9.00e-01
i:  79700, t:  192511.9 s, ωt:  19.25 (3.06 periods), wall: 11.661 minutes, Δt:   3.16, CFL: 9.00e-01
i:  79800, t:  192851.6 s, ωt:  19.29 (3.07 periods), wall: 11.674 minutes, Δt:   3.43, CFL: 9.00e-01
i:  79900, t:  193159.2 s, ωt:  19.32 (3.07 periods), wall: 11.686 minutes, Δt:   3.08, CFL: 9.00e-01
i:  80000, t:  193461.4 s, ωt:  19.35 (3.08 periods), wall: 11.697 minutes, Δt:   2.92, CFL: 9.00e-01
i:  80100, t:  193739.3 s, ωt:  19.37 (3.08 periods), wall: 11.709 minutes, Δt:   2.89, CFL: 9.00e-01
i:  80200, t:  194052.7 s, ωt:  19.41 (3.09 periods), wall: 11.720 minutes, Δt:   2.97, CFL: 9.00e-01
i:  80300, t:  194344.2 s, ωt:  19.43 (3.09 periods), wall: 11.732 minutes, Δt:   2.81, CFL: 9.00e-01
i:  80400, t:  194610.0 s, ωt:  19.46 (3.10 periods), wall: 11.743 minutes, Δt:   2.63, CFL: 9.00e-01
i:  80500, t:  194867.7 s, ωt:  19.49 (3.10 periods), wall: 11.754 minutes, Δt:   2.33, CFL: 9.00e-01
i:  80600, t:  195122.5 s, ωt:  19.51 (3.11 periods), wall: 11.766 minutes, Δt:   2.58, CFL: 9.00e-01
i:  80700, t:  195381.7 s, ωt:  19.54 (3.11 periods), wall: 11.776 minutes, Δt:   2.53, CFL: 9.00e-01
i:  80800, t:  195625.4 s, ωt:  19.56 (3.11 periods), wall: 11.787 minutes, Δt:   2.54, CFL: 9.00e-01
i:  80900, t:  195873.2 s, ωt:  19.59 (3.12 periods), wall: 11.798 minutes, Δt:   2.50, CFL: 9.00e-01
i:  81000, t:  196117.4 s, ωt:  19.61 (3.12 periods), wall: 11.810 minutes, Δt:   2.17, CFL: 9.00e-01
i:  81100, t:  196337.0 s, ωt:  19.63 (3.12 periods), wall: 11.820 minutes, Δt:   1.87, CFL: 9.00e-01
i:  81200, t:  196538.6 s, ωt:  19.65 (3.13 periods), wall: 11.831 minutes, Δt:   2.44, CFL: 9.00e-01
i:  81300, t:  196764.3 s, ωt:  19.68 (3.13 periods), wall: 11.842 minutes, Δt:   2.39, CFL: 9.00e-01
i:  81400, t:  196980.0 s, ωt:  19.70 (3.14 periods), wall: 11.854 minutes, Δt:   2.26, CFL: 9.00e-01
i:  81500, t:  197176.8 s, ωt:  19.72 (3.14 periods), wall: 11.864 minutes, Δt:   2.46, CFL: 9.00e-01
i:  81600, t:  197382.9 s, ωt:  19.74 (3.14 periods), wall: 11.875 minutes, Δt:   2.06, CFL: 9.00e-01
i:  81700, t:  197597.1 s, ωt:  19.76 (3.14 periods), wall: 11.885 minutes, Δt:   2.08, CFL: 9.00e-01
i:  81800, t:  197792.0 s, ωt:  19.78 (3.15 periods), wall: 11.897 minutes, Δt:   2.01, CFL: 9.00e-01
i:  81900, t:  197997.8 s, ωt:  19.80 (3.15 periods), wall: 11.909 minutes, Δt:   1.91, CFL: 9.00e-01
i:  82000, t:  198195.2 s, ωt:  19.82 (3.15 periods), wall: 11.919 minutes, Δt:   1.97, CFL: 9.00e-01
i:  82100, t:  198394.7 s, ωt:  19.84 (3.16 periods), wall: 11.931 minutes, Δt:   2.31, CFL: 9.00e-01
i:  82200, t:  198600.7 s, ωt:  19.86 (3.16 periods), wall: 11.942 minutes, Δt:   1.76, CFL: 9.00e-01
i:  82300, t:  198782.3 s, ωt:  19.88 (3.16 periods), wall: 11.952 minutes, Δt:   1.94, CFL: 9.00e-01
i:  82400, t:  198962.0 s, ωt:  19.90 (3.17 periods), wall: 11.966 minutes, Δt:   1.74, CFL: 9.00e-01
i:  82500, t:  199139.2 s, ωt:  19.91 (3.17 periods), wall: 11.976 minutes, Δt:   1.81, CFL: 9.00e-01
i:  82600, t:  199321.2 s, ωt:  19.93 (3.17 periods), wall: 11.988 minutes, Δt:   1.76, CFL: 9.00e-01
i:  82700, t:  199503.8 s, ωt:  19.95 (3.18 periods), wall: 11.999 minutes, Δt:   1.76, CFL: 9.00e-01
i:  82800, t:  199687.5 s, ωt:  19.97 (3.18 periods), wall: 12.009 minutes, Δt:   1.96, CFL: 9.00e-01
i:  82900, t:  199870.3 s, ωt:  19.99 (3.18 periods), wall: 12.022 minutes, Δt:   1.73, CFL: 9.00e-01
i:  83000, t:  200057.6 s, ωt:  20.01 (3.18 periods), wall: 12.032 minutes, Δt:   1.67, CFL: 9.00e-01
i:  83100, t:  200230.8 s, ωt:  20.02 (3.19 periods), wall: 12.043 minutes, Δt:   1.70, CFL: 9.00e-01
i:  83200, t:  200411.0 s, ωt:  20.04 (3.19 periods), wall: 12.053 minutes, Δt:   1.71, CFL: 9.00e-01
i:  83300, t:  200577.2 s, ωt:  20.06 (3.19 periods), wall: 12.065 minutes, Δt:   1.56, CFL: 9.00e-01
i:  83400, t:  200753.2 s, ωt:  20.08 (3.20 periods), wall: 12.077 minutes, Δt:   1.89, CFL: 9.00e-01
i:  83500, t:  200937.8 s, ωt:  20.09 (3.20 periods), wall: 12.087 minutes, Δt:   1.51, CFL: 9.00e-01
i:  83600, t:  201113.1 s, ωt:  20.11 (3.20 periods), wall: 12.099 minutes, Δt:   1.62, CFL: 9.00e-01
i:  83700, t:  201277.9 s, ωt:  20.13 (3.20 periods), wall: 12.109 minutes, Δt:   1.61, CFL: 9.00e-01
i:  83800, t:  201438.5 s, ωt:  20.14 (3.21 periods), wall: 12.120 minutes, Δt:   1.73, CFL: 9.00e-01
i:  83900, t:  201617.6 s, ωt:  20.16 (3.21 periods), wall: 12.130 minutes, Δt:   1.63, CFL: 9.00e-01
i:  84000, t:  201797.6 s, ωt:  20.18 (3.21 periods), wall: 12.143 minutes, Δt:   1.64, CFL: 9.00e-01
i:  84100, t:  201975.3 s, ωt:  20.20 (3.21 periods), wall: 12.153 minutes, Δt:   1.81, CFL: 9.00e-01
i:  84200, t:  202152.6 s, ωt:  20.22 (3.22 periods), wall: 12.165 minutes, Δt:   1.59, CFL: 9.00e-01
i:  84300, t:  202329.5 s, ωt:  20.23 (3.22 periods), wall: 12.176 minutes, Δt:   1.74, CFL: 9.00e-01
i:  84400, t:  202499.3 s, ωt:  20.25 (3.22 periods), wall: 12.186 minutes, Δt:   1.69, CFL: 9.00e-01
i:  84500, t:  202672.1 s, ωt:  20.27 (3.23 periods), wall: 12.197 minutes, Δt:   1.66, CFL: 9.00e-01
i:  84600, t:  202848.5 s, ωt:  20.28 (3.23 periods), wall: 12.208 minutes, Δt:   1.74, CFL: 9.00e-01
i:  84700, t:  203015.7 s, ωt:  20.30 (3.23 periods), wall: 12.220 minutes, Δt:   1.79, CFL: 9.00e-01
i:  84800, t:  203193.7 s, ωt:  20.32 (3.23 periods), wall: 12.230 minutes, Δt:   1.66, CFL: 9.00e-01
i:  84900, t:  203356.5 s, ωt:  20.34 (3.24 periods), wall: 12.242 minutes, Δt:   1.66, CFL: 9.00e-01
i:  85000, t:  203521.4 s, ωt:  20.35 (3.24 periods), wall: 12.252 minutes, Δt:   1.74, CFL: 9.00e-01
i:  85100, t:  203695.7 s, ωt:  20.37 (3.24 periods), wall: 12.265 minutes, Δt:   1.78, CFL: 9.00e-01
i:  85200, t:  203875.6 s, ωt:  20.39 (3.24 periods), wall: 12.275 minutes, Δt:   1.68, CFL: 9.00e-01
i:  85300, t:  204037.9 s, ωt:  20.40 (3.25 periods), wall: 12.286 minutes, Δt:   1.66, CFL: 9.00e-01
i:  85400, t:  204202.7 s, ωt:  20.42 (3.25 periods), wall: 12.296 minutes, Δt:   1.67, CFL: 9.00e-01
i:  85500, t:  204365.3 s, ωt:  20.44 (3.25 periods), wall: 12.312 minutes, Δt:   1.58, CFL: 9.00e-01
i:  85600, t:  204539.8 s, ωt:  20.45 (3.26 periods), wall: 12.324 minutes, Δt:   1.97, CFL: 9.00e-01
i:  85700, t:  204720.4 s, ωt:  20.47 (3.26 periods), wall: 12.334 minutes, Δt:   1.84, CFL: 9.00e-01
i:  85800, t:  204891.8 s, ωt:  20.49 (3.26 periods), wall: 12.346 minutes, Δt:   1.48, CFL: 9.00e-01
i:  85900, t:  205061.8 s, ωt:  20.51 (3.26 periods), wall: 12.356 minutes, Δt:   1.68, CFL: 9.00e-01
i:  86000, t:  205216.9 s, ωt:  20.52 (3.27 periods), wall: 12.368 minutes, Δt:   1.80, CFL: 9.00e-01
i:  86100, t:  205393.0 s, ωt:  20.54 (3.27 periods), wall: 12.378 minutes, Δt:   1.69, CFL: 9.00e-01
i:  86200, t:  205564.8 s, ωt:  20.56 (3.27 periods), wall: 12.389 minutes, Δt:   1.84, CFL: 9.00e-01
i:  86300, t:  205737.7 s, ωt:  20.57 (3.27 periods), wall: 12.399 minutes, Δt:   1.78, CFL: 9.00e-01
i:  86400, t:  205913.9 s, ωt:  20.59 (3.28 periods), wall: 12.411 minutes, Δt:   1.57, CFL: 9.00e-01
i:  86500, t:  206077.3 s, ωt:  20.61 (3.28 periods), wall: 12.421 minutes, Δt:   1.46, CFL: 9.00e-01
i:  86600, t:  206232.1 s, ωt:  20.62 (3.28 periods), wall: 12.432 minutes, Δt:   1.64, CFL: 9.00e-01
i:  86700, t:  206415.6 s, ωt:  20.64 (3.29 periods), wall: 12.444 minutes, Δt:   1.86, CFL: 9.00e-01
i:  86800, t:  206607.5 s, ωt:  20.66 (3.29 periods), wall: 12.454 minutes, Δt:   1.58, CFL: 9.00e-01
i:  86900, t:  206778.6 s, ωt:  20.68 (3.29 periods), wall: 12.472 minutes, Δt:   1.64, CFL: 9.00e-01
i:  87000, t:  206957.5 s, ωt:  20.70 (3.29 periods), wall: 12.482 minutes, Δt:   1.72, CFL: 9.00e-01
i:  87100, t:  207136.8 s, ωt:  20.71 (3.30 periods), wall: 12.496 minutes, Δt:   1.78, CFL: 9.00e-01
i:  87200, t:  207316.6 s, ωt:  20.73 (3.30 periods), wall: 12.506 minutes, Δt:   1.72, CFL: 9.00e-01
i:  87300, t:  207511.1 s, ωt:  20.75 (3.30 periods), wall: 12.518 minutes, Δt:   1.72, CFL: 9.00e-01
i:  87400, t:  207681.3 s, ωt:  20.77 (3.31 periods), wall: 12.530 minutes, Δt:   1.77, CFL: 9.00e-01
i:  87500, t:  207852.1 s, ωt:  20.79 (3.31 periods), wall: 12.540 minutes, Δt:   1.66, CFL: 9.00e-01
i:  87600, t:  208029.6 s, ωt:  20.80 (3.31 periods), wall: 12.551 minutes, Δt:   1.79, CFL: 9.00e-01
i:  87700, t:  208215.2 s, ωt:  20.82 (3.31 periods), wall: 12.561 minutes, Δt:   1.80, CFL: 9.00e-01
i:  87800, t:  208402.9 s, ωt:  20.84 (3.32 periods), wall: 12.573 minutes, Δt:   1.51, CFL: 9.00e-01
i:  87900, t:  208566.2 s, ωt:  20.86 (3.32 periods), wall: 12.583 minutes, Δt:   1.81, CFL: 9.00e-01
i:  88000, t:  208737.1 s, ωt:  20.87 (3.32 periods), wall: 12.595 minutes, Δt:   1.78, CFL: 9.00e-01
i:  88100, t:  208934.4 s, ωt:  20.89 (3.33 periods), wall: 12.607 minutes, Δt:   2.20, CFL: 9.00e-01
i:  88200, t:  209125.7 s, ωt:  20.91 (3.33 periods), wall: 12.617 minutes, Δt:   1.97, CFL: 9.00e-01
i:  88300, t:  209313.6 s, ωt:  20.93 (3.33 periods), wall: 12.630 minutes, Δt:   1.59, CFL: 9.00e-01
i:  88400, t:  209497.9 s, ωt:  20.95 (3.33 periods), wall: 12.640 minutes, Δt:   1.67, CFL: 9.00e-01
i:  88500, t:  209670.3 s, ωt:  20.97 (3.34 periods), wall: 12.652 minutes, Δt:   1.79, CFL: 9.00e-01
i:  88600, t:  209862.8 s, ωt:  20.99 (3.34 periods), wall: 12.671 minutes, Δt:   2.09, CFL: 9.00e-01
i:  88700, t:  210063.1 s, ωt:  21.01 (3.34 periods), wall: 12.681 minutes, Δt:   1.85, CFL: 9.00e-01
i:  88800, t:  210274.0 s, ωt:  21.03 (3.35 periods), wall: 12.693 minutes, Δt:   2.17, CFL: 9.00e-01
i:  88900, t:  210474.9 s, ωt:  21.05 (3.35 periods), wall: 12.703 minutes, Δt:   2.21, CFL: 9.00e-01
i:  89000, t:  210691.1 s, ωt:  21.07 (3.35 periods), wall: 12.714 minutes, Δt:   2.12, CFL: 9.00e-01
i:  89100, t:  210879.4 s, ωt:  21.09 (3.36 periods), wall: 12.725 minutes, Δt:   1.90, CFL: 9.00e-01
i:  89200, t:  211080.3 s, ωt:  21.11 (3.36 periods), wall: 12.735 minutes, Δt:   1.93, CFL: 9.00e-01
i:  89300, t:  211282.8 s, ωt:  21.13 (3.36 periods), wall: 12.747 minutes, Δt:   1.93, CFL: 9.00e-01
i:  89400, t:  211485.1 s, ωt:  21.15 (3.37 periods), wall: 12.758 minutes, Δt:   2.18, CFL: 9.00e-01
i:  89500, t:  211696.5 s, ωt:  21.17 (3.37 periods), wall: 12.769 minutes, Δt:   2.06, CFL: 9.00e-01
i:  89600, t:  211901.4 s, ωt:  21.19 (3.37 periods), wall: 12.780 minutes, Δt:   2.01, CFL: 9.00e-01
i:  89700, t:  212118.4 s, ωt:  21.21 (3.38 periods), wall: 12.792 minutes, Δt:   2.40, CFL: 9.00e-01
i:  89800, t:  212347.6 s, ωt:  21.23 (3.38 periods), wall: 12.802 minutes, Δt:   2.22, CFL: 9.00e-01
i:  89900, t:  212595.9 s, ωt:  21.26 (3.38 periods), wall: 12.814 minutes, Δt:   2.56, CFL: 9.00e-01
i:  90000, t:  212794.1 s, ωt:  21.28 (3.39 periods), wall: 12.825 minutes, Δt:   1.93, CFL: 9.00e-01
i:  90100, t:  213043.3 s, ωt:  21.30 (3.39 periods), wall: 12.836 minutes, Δt:   2.30, CFL: 9.00e-01
i:  90200, t:  213291.0 s, ωt:  21.33 (3.39 periods), wall: 12.846 minutes, Δt:   2.34, CFL: 9.00e-01
i:  90300, t:  213527.0 s, ωt:  21.35 (3.40 periods), wall: 12.858 minutes, Δt:   2.38, CFL: 9.00e-01
i:  90400, t:  213789.4 s, ωt:  21.38 (3.40 periods), wall: 12.873 minutes, Δt:   2.39, CFL: 9.00e-01
i:  90500, t:  214049.0 s, ωt:  21.40 (3.41 periods), wall: 12.885 minutes, Δt:   2.71, CFL: 9.00e-01
i:  90600, t:  214309.0 s, ωt:  21.43 (3.41 periods), wall: 12.896 minutes, Δt:   2.68, CFL: 9.00e-01
i:  90700, t:  214591.3 s, ωt:  21.46 (3.42 periods), wall: 12.908 minutes, Δt:   2.54, CFL: 9.00e-01
i:  90800, t:  214854.1 s, ωt:  21.49 (3.42 periods), wall: 12.918 minutes, Δt:   2.56, CFL: 9.00e-01
i:  90900, t:  215107.8 s, ωt:  21.51 (3.42 periods), wall: 12.930 minutes, Δt:   3.06, CFL: 9.00e-01
i:  91000, t:  215428.6 s, ωt:  21.54 (3.43 periods), wall: 12.941 minutes, Δt:   3.15, CFL: 9.00e-01
i:  91100, t:  215749.5 s, ωt:  21.57 (3.43 periods), wall: 12.953 minutes, Δt:   3.15, CFL: 9.00e-01
i:  91200, t:  216072.1 s, ωt:  21.61 (3.44 periods), wall: 12.964 minutes, Δt:   3.49, CFL: 9.00e-01
i:  91300, t:  216396.5 s, ωt:  21.64 (3.44 periods), wall: 12.976 minutes, Δt:   3.63, CFL: 9.00e-01
i:  91400, t:  216763.3 s, ωt:  21.68 (3.45 periods), wall: 12.987 minutes, Δt:   3.66, CFL: 9.00e-01
i:  91500, t:  217170.7 s, ωt:  21.72 (3.46 periods), wall: 12.999 minutes, Δt:   4.44, CFL: 9.00e-01
i:  91600, t:  217575.3 s, ωt:  21.76 (3.46 periods), wall: 13.011 minutes, Δt:   4.12, CFL: 9.00e-01
i:  91700, t:  217926.6 s, ωt:  21.79 (3.47 periods), wall: 13.022 minutes, Δt:   4.15, CFL: 9.00e-01
i:  91800, t:  218345.0 s, ωt:  21.83 (3.48 periods), wall: 13.037 minutes, Δt:   4.85, CFL: 9.00e-01
i:  91900, t:  218821.8 s, ωt:  21.88 (3.48 periods), wall: 13.048 minutes, Δt:   5.41, CFL: 9.00e-01
i:  92000, t:  219432.4 s, ωt:  21.94 (3.49 periods), wall: 13.061 minutes, Δt:   5.80, CFL: 9.00e-01
i:  92100, t:  220030.3 s, ωt:  22.00 (3.50 periods), wall: 13.089 minutes, Δt:   4.93, CFL: 9.00e-01
i:  92200, t:  220560.1 s, ωt:  22.06 (3.51 periods), wall: 13.106 minutes, Δt:   5.10, CFL: 9.00e-01
i:  92300, t:  221126.2 s, ωt:  22.11 (3.52 periods), wall: 13.120 minutes, Δt:   5.96, CFL: 9.00e-01
i:  92400, t:  221714.6 s, ωt:  22.17 (3.53 periods), wall: 13.134 minutes, Δt:   5.96, CFL: 9.00e-01
i:  92500, t:  222293.4 s, ωt:  22.23 (3.54 periods), wall: 13.147 minutes, Δt:   4.88, CFL: 9.00e-01
i:  92600, t:  222785.4 s, ωt:  22.28 (3.55 periods), wall: 13.159 minutes, Δt:   5.04, CFL: 9.00e-01
i:  92700, t:  223222.9 s, ωt:  22.32 (3.55 periods), wall: 13.171 minutes, Δt:   3.79, CFL: 9.00e-01
i:  92800, t:  223631.7 s, ωt:  22.36 (3.56 periods), wall: 13.183 minutes, Δt:   4.20, CFL: 9.00e-01
i:  92900, t:  224042.0 s, ωt:  22.40 (3.57 periods), wall: 13.196 minutes, Δt:   3.66, CFL: 9.00e-01
i:  93000, t:  224389.9 s, ωt:  22.44 (3.57 periods), wall: 13.208 minutes, Δt:   3.78, CFL: 9.00e-01
i:  93100, t:  224712.0 s, ωt:  22.47 (3.58 periods), wall: 13.220 minutes, Δt:   3.23, CFL: 9.00e-01
i:  93200, t:  225052.5 s, ωt:  22.51 (3.58 periods), wall: 13.231 minutes, Δt:   3.44, CFL: 9.00e-01
i:  93300, t:  225381.1 s, ωt:  22.54 (3.59 periods), wall: 13.243 minutes, Δt:   2.97, CFL: 9.00e-01
i:  93400, t:  225662.9 s, ωt:  22.57 (3.59 periods), wall: 13.255 minutes, Δt:   2.72, CFL: 9.00e-01
i:  93500, t:  225921.8 s, ωt:  22.59 (3.60 periods), wall: 13.266 minutes, Δt:   2.56, CFL: 9.00e-01
i:  93600, t:  226173.9 s, ωt:  22.62 (3.60 periods), wall: 13.277 minutes, Δt:   2.42, CFL: 9.00e-01
i:  93700, t:  226435.1 s, ωt:  22.64 (3.60 periods), wall: 13.288 minutes, Δt:   2.55, CFL: 9.00e-01
i:  93800, t:  226684.6 s, ωt:  22.67 (3.61 periods), wall: 13.299 minutes, Δt:   2.33, CFL: 9.00e-01
i:  93900, t:  226933.3 s, ωt:  22.69 (3.61 periods), wall: 13.311 minutes, Δt:   2.65, CFL: 9.00e-01
i:  94000, t:  227153.2 s, ωt:  22.72 (3.62 periods), wall: 13.322 minutes, Δt:   2.19, CFL: 9.00e-01
i:  94100, t:  227371.1 s, ωt:  22.74 (3.62 periods), wall: 13.332 minutes, Δt:   2.16, CFL: 9.00e-01
i:  94200, t:  227584.2 s, ωt:  22.76 (3.62 periods), wall: 13.344 minutes, Δt:   2.16, CFL: 9.00e-01
i:  94300, t:  227789.5 s, ωt:  22.78 (3.63 periods), wall: 13.355 minutes, Δt:   2.49, CFL: 9.00e-01
i:  94400, t:  228011.5 s, ωt:  22.80 (3.63 periods), wall: 13.365 minutes, Δt:   2.31, CFL: 9.00e-01
i:  94500, t:  228229.4 s, ωt:  22.82 (3.63 periods), wall: 13.376 minutes, Δt:   2.23, CFL: 9.00e-01
i:  94600, t:  228443.8 s, ωt:  22.84 (3.64 periods), wall: 13.388 minutes, Δt:   2.22, CFL: 9.00e-01
i:  94700, t:  228649.2 s, ωt:  22.86 (3.64 periods), wall: 13.398 minutes, Δt:   1.64, CFL: 9.00e-01
i:  94800, t:  228843.9 s, ωt:  22.88 (3.64 periods), wall: 13.409 minutes, Δt:   1.58, CFL: 9.00e-01
i:  94900, t:  229026.6 s, ωt:  22.90 (3.65 periods), wall: 13.420 minutes, Δt:   2.21, CFL: 9.00e-01
i:  95000, t:  229217.8 s, ωt:  22.92 (3.65 periods), wall: 13.431 minutes, Δt:   1.77, CFL: 9.00e-01
i:  95100, t:  229400.3 s, ωt:  22.94 (3.65 periods), wall: 13.443 minutes, Δt:   2.04, CFL: 9.00e-01
i:  95200, t:  229601.8 s, ωt:  22.96 (3.65 periods), wall: 13.453 minutes, Δt:   2.15, CFL: 9.00e-01
i:  95300, t:  229787.5 s, ωt:  22.98 (3.66 periods), wall: 13.464 minutes, Δt:   1.94, CFL: 9.00e-01
i:  95400, t:  229973.1 s, ωt:  23.00 (3.66 periods), wall: 13.477 minutes, Δt:   2.00, CFL: 9.00e-01
i:  95500, t:  230146.9 s, ωt:  23.01 (3.66 periods), wall: 13.487 minutes, Δt:   1.80, CFL: 9.00e-01
i:  95600, t:  230329.0 s, ωt:  23.03 (3.67 periods), wall: 13.516 minutes, Δt:   1.87, CFL: 9.00e-01
i:  95700, t:  230507.0 s, ωt:  23.05 (3.67 periods), wall: 13.526 minutes, Δt:   1.90, CFL: 9.00e-01
i:  95800, t:  230677.3 s, ωt:  23.07 (3.67 periods), wall: 13.537 minutes, Δt:   1.56, CFL: 9.00e-01
i:  95900, t:  230845.3 s, ωt:  23.08 (3.67 periods), wall: 13.547 minutes, Δt:   1.91, CFL: 9.00e-01
i:  96000, t:  231027.7 s, ωt:  23.10 (3.68 periods), wall: 13.558 minutes, Δt:   1.78, CFL: 9.00e-01
i:  96100, t:  231209.1 s, ωt:  23.12 (3.68 periods), wall: 13.568 minutes, Δt:   1.79, CFL: 9.00e-01
i:  96200, t:  231400.6 s, ωt:  23.14 (3.68 periods), wall: 13.580 minutes, Δt:   1.92, CFL: 9.00e-01
i:  96300, t:  231576.5 s, ωt:  23.16 (3.69 periods), wall: 13.592 minutes, Δt:   1.90, CFL: 9.00e-01
i:  96400, t:  231751.1 s, ωt:  23.18 (3.69 periods), wall: 13.602 minutes, Δt:   1.72, CFL: 9.00e-01
i:  96500, t:  231914.4 s, ωt:  23.19 (3.69 periods), wall: 13.613 minutes, Δt:   1.55, CFL: 9.00e-01
i:  96600, t:  232094.5 s, ωt:  23.21 (3.69 periods), wall: 13.624 minutes, Δt:   1.73, CFL: 9.00e-01
i:  96700, t:  232258.1 s, ωt:  23.23 (3.70 periods), wall: 13.635 minutes, Δt:   1.58, CFL: 9.00e-01
i:  96800, t:  232432.2 s, ωt:  23.24 (3.70 periods), wall: 13.645 minutes, Δt:   1.71, CFL: 9.00e-01
i:  96900, t:  232612.4 s, ωt:  23.26 (3.70 periods), wall: 13.657 minutes, Δt:   1.58, CFL: 9.00e-01
i:  97000, t:  232770.1 s, ωt:  23.28 (3.70 periods), wall: 13.667 minutes, Δt:   1.66, CFL: 9.00e-01
i:  97100, t:  232929.2 s, ωt:  23.29 (3.71 periods), wall: 13.679 minutes, Δt:   1.63, CFL: 9.00e-01
i:  97200, t:  233094.1 s, ωt:  23.31 (3.71 periods), wall: 13.689 minutes, Δt:   1.49, CFL: 9.00e-01
i:  97300, t:  233255.0 s, ωt:  23.33 (3.71 periods), wall: 13.700 minutes, Δt:   1.75, CFL: 9.00e-01
i:  97400, t:  233422.1 s, ωt:  23.34 (3.72 periods), wall: 13.711 minutes, Δt:   1.78, CFL: 9.00e-01
i:  97500, t:  233600.3 s, ωt:  23.36 (3.72 periods), wall: 13.722 minutes, Δt:   1.64, CFL: 9.00e-01
i:  97600, t:  233781.2 s, ωt:  23.38 (3.72 periods), wall: 13.738 minutes, Δt:   1.71, CFL: 9.00e-01
i:  97700, t:  233949.8 s, ωt:  23.39 (3.72 periods), wall: 13.748 minutes, Δt:   1.80, CFL: 9.00e-01
i:  97800, t:  234118.3 s, ωt:  23.41 (3.73 periods), wall: 13.760 minutes, Δt:   1.75, CFL: 9.00e-01
i:  97900, t:  234275.1 s, ωt:  23.43 (3.73 periods), wall: 13.770 minutes, Δt:   1.38, CFL: 9.00e-01
i:  98000, t:  234434.1 s, ωt:  23.44 (3.73 periods), wall: 13.781 minutes, Δt:   1.57, CFL: 9.00e-01
i:  98100, t:  234586.9 s, ωt:  23.46 (3.73 periods), wall: 13.791 minutes, Δt:   1.58, CFL: 9.00e-01
i:  98200, t:  234750.3 s, ωt:  23.48 (3.74 periods), wall: 13.803 minutes, Δt:   1.47, CFL: 9.00e-01
i:  98300, t:  234907.6 s, ωt:  23.49 (3.74 periods), wall: 13.813 minutes, Δt:   1.34, CFL: 9.00e-01
i:  98400, t:  235068.4 s, ωt:  23.51 (3.74 periods), wall: 13.824 minutes, Δt:   1.78, CFL: 9.00e-01
i:  98500, t:  235234.0 s, ωt:  23.52 (3.74 periods), wall: 13.834 minutes, Δt:   1.72, CFL: 9.00e-01
i:  98600, t:  235401.1 s, ωt:  23.54 (3.75 periods), wall: 13.846 minutes, Δt:   1.75, CFL: 9.00e-01
i:  98700, t:  235556.8 s, ωt:  23.56 (3.75 periods), wall: 13.856 minutes, Δt:   1.50, CFL: 9.00e-01
i:  98800, t:  235714.2 s, ωt:  23.57 (3.75 periods), wall: 13.867 minutes, Δt:   1.83, CFL: 9.00e-01
i:  98900, t:  235885.1 s, ωt:  23.59 (3.75 periods), wall: 13.878 minutes, Δt:   1.56, CFL: 9.00e-01
i:  99000, t:  236043.7 s, ωt:  23.60 (3.76 periods), wall: 13.889 minutes, Δt:   1.08, CFL: 9.00e-01
i:  99100, t:  236175.5 s, ωt:  23.62 (3.76 periods), wall: 13.899 minutes, Δt:   1.72, CFL: 8.50e-01
i:  99200, t:  236342.9 s, ωt:  23.63 (3.76 periods), wall: 13.911 minutes, Δt:   1.74, CFL: 9.00e-01
i:  99300, t:  236503.5 s, ωt:  23.65 (3.76 periods), wall: 13.921 minutes, Δt:   1.67, CFL: 9.00e-01
i:  99400, t:  236671.1 s, ωt:  23.67 (3.77 periods), wall: 13.933 minutes, Δt:   1.85, CFL: 9.00e-01
i:  99500, t:  236842.7 s, ωt:  23.68 (3.77 periods), wall: 13.943 minutes, Δt:   1.79, CFL: 9.00e-01
i:  99600, t:  237002.1 s, ωt:  23.70 (3.77 periods), wall: 13.954 minutes, Δt:   1.54, CFL: 9.00e-01
i:  99700, t:  237171.1 s, ωt:  23.72 (3.77 periods), wall: 13.964 minutes, Δt:   1.84, CFL: 9.00e-01
i:  99800, t:  237345.7 s, ωt:  23.73 (3.78 periods), wall: 13.977 minutes, Δt:   1.64, CFL: 9.00e-01
i:  99900, t:  237519.9 s, ωt:  23.75 (3.78 periods), wall: 13.988 minutes, Δt:   1.75, CFL: 9.00e-01
i: 100000, t:  237682.9 s, ωt:  23.77 (3.78 periods), wall: 13.998 minutes, Δt:   1.60, CFL: 9.00e-01
i: 100100, t:  237854.0 s, ωt:  23.79 (3.79 periods), wall: 14.011 minutes, Δt:   1.69, CFL: 9.00e-01
i: 100200, t:  238040.9 s, ωt:  23.80 (3.79 periods), wall: 14.021 minutes, Δt:   1.77, CFL: 9.00e-01
i: 100300, t:  238217.2 s, ωt:  23.82 (3.79 periods), wall: 14.034 minutes, Δt:   1.97, CFL: 9.00e-01
i: 100400, t:  238391.6 s, ωt:  23.84 (3.79 periods), wall: 14.044 minutes, Δt:   1.53, CFL: 9.00e-01
i: 100500, t:  238572.6 s, ωt:  23.86 (3.80 periods), wall: 14.056 minutes, Δt:   1.90, CFL: 9.00e-01
i: 100600, t:  238746.2 s, ωt:  23.87 (3.80 periods), wall: 14.066 minutes, Δt:   1.86, CFL: 9.00e-01
i: 100700, t:  238902.1 s, ωt:  23.89 (3.80 periods), wall: 14.078 minutes, Δt:   1.75, CFL: 9.00e-01
i: 100800, t:  239073.1 s, ωt:  23.91 (3.80 periods), wall: 14.088 minutes, Δt:   1.77, CFL: 9.00e-01
i: 100900, t:  239238.0 s, ωt:  23.92 (3.81 periods), wall: 14.100 minutes, Δt:   1.39, CFL: 9.00e-01
i: 101000, t:  239406.7 s, ωt:  23.94 (3.81 periods), wall: 14.112 minutes, Δt:   1.84, CFL: 9.00e-01
i: 101100, t:  239587.3 s, ωt:  23.96 (3.81 periods), wall: 14.122 minutes, Δt:   1.83, CFL: 9.00e-01
i: 101200, t:  239750.7 s, ωt:  23.98 (3.82 periods), wall: 14.133 minutes, Δt:   1.63, CFL: 9.00e-01
i: 101300, t:  239918.2 s, ωt:  23.99 (3.82 periods), wall: 14.143 minutes, Δt:   1.49, CFL: 9.00e-01
i: 101400, t:  240092.9 s, ωt:  24.01 (3.82 periods), wall: 14.155 minutes, Δt:   2.09, CFL: 9.00e-01
i: 101500, t:  240294.1 s, ωt:  24.03 (3.82 periods), wall: 14.165 minutes, Δt:   1.90, CFL: 9.00e-01
i: 101600, t:  240481.1 s, ωt:  24.05 (3.83 periods), wall: 14.177 minutes, Δt:   1.84, CFL: 9.00e-01
i: 101700, t:  240665.7 s, ωt:  24.07 (3.83 periods), wall: 14.188 minutes, Δt:   1.83, CFL: 9.00e-01
i: 101800, t:  240854.5 s, ωt:  24.09 (3.83 periods), wall: 14.198 minutes, Δt:   1.95, CFL: 9.00e-01
i: 101900, t:  241042.1 s, ωt:  24.10 (3.84 periods), wall: 14.212 minutes, Δt:   1.67, CFL: 9.00e-01
i: 102000, t:  241232.7 s, ωt:  24.12 (3.84 periods), wall: 14.222 minutes, Δt:   2.00, CFL: 9.00e-01
i: 102100, t:  241428.4 s, ωt:  24.14 (3.84 periods), wall: 14.236 minutes, Δt:   2.02, CFL: 9.00e-01
i: 102200, t:  241637.6 s, ωt:  24.16 (3.85 periods), wall: 14.248 minutes, Δt:   1.98, CFL: 9.00e-01
i: 102300, t:  241835.2 s, ωt:  24.18 (3.85 periods), wall: 14.258 minutes, Δt:   2.08, CFL: 9.00e-01
i: 102400, t:  242051.8 s, ωt:  24.21 (3.85 periods), wall: 14.270 minutes, Δt:   2.09, CFL: 9.00e-01
i: 102500, t:  242257.8 s, ωt:  24.23 (3.86 periods), wall: 14.282 minutes, Δt:   2.21, CFL: 9.00e-01
i: 102600, t:  242486.4 s, ωt:  24.25 (3.86 periods), wall: 14.292 minutes, Δt:   2.06, CFL: 9.00e-01
i: 102700, t:  242684.8 s, ωt:  24.27 (3.86 periods), wall: 14.305 minutes, Δt:   2.05, CFL: 9.00e-01
i: 102800, t:  242875.6 s, ωt:  24.29 (3.87 periods), wall: 14.317 minutes, Δt:   2.20, CFL: 9.00e-01
i: 102900, t:  243079.7 s, ωt:  24.31 (3.87 periods), wall: 14.328 minutes, Δt:   1.79, CFL: 9.00e-01
i: 103000, t:  243290.7 s, ωt:  24.33 (3.87 periods), wall: 14.340 minutes, Δt:   2.43, CFL: 9.00e-01
i: 103100, t:  243516.9 s, ωt:  24.35 (3.88 periods), wall: 14.351 minutes, Δt:   2.05, CFL: 9.00e-01
i: 103200, t:  243737.9 s, ωt:  24.37 (3.88 periods), wall: 14.361 minutes, Δt:   2.01, CFL: 9.00e-01
i: 103300, t:  243971.7 s, ωt:  24.40 (3.88 periods), wall: 14.373 minutes, Δt:   2.49, CFL: 9.00e-01
i: 103400, t:  244186.5 s, ωt:  24.42 (3.89 periods), wall: 14.388 minutes, Δt:   2.05, CFL: 9.00e-01
i: 103500, t:  244450.4 s, ωt:  24.45 (3.89 periods), wall: 14.399 minutes, Δt:   2.66, CFL: 9.00e-01
i: 103600, t:  244727.6 s, ωt:  24.47 (3.89 periods), wall: 14.409 minutes, Δt:   2.94, CFL: 9.00e-01
i: 103700, t:  244987.8 s, ωt:  24.50 (3.90 periods), wall: 14.422 minutes, Δt:   2.77, CFL: 9.00e-01
i: 103800, t:  245260.1 s, ωt:  24.53 (3.90 periods), wall: 14.433 minutes, Δt:   3.03, CFL: 9.00e-01
i: 103900, t:  245507.2 s, ωt:  24.55 (3.91 periods), wall: 14.445 minutes, Δt:   2.52, CFL: 9.00e-01
i: 104000, t:  245766.5 s, ωt:  24.58 (3.91 periods), wall: 14.459 minutes, Δt:   2.51, CFL: 9.00e-01
i: 104100, t:  246017.4 s, ωt:  24.60 (3.92 periods), wall: 14.470 minutes, Δt:   3.23, CFL: 9.00e-01
i: 104200, t:  246326.7 s, ωt:  24.63 (3.92 periods), wall: 14.482 minutes, Δt:   3.10, CFL: 9.00e-01
i: 104300, t:  246627.9 s, ωt:  24.66 (3.93 periods), wall: 14.494 minutes, Δt:   3.61, CFL: 9.00e-01
i: 104400, t:  246947.5 s, ωt:  24.69 (3.93 periods), wall: 14.506 minutes, Δt:   3.42, CFL: 9.00e-01
i: 104500, t:  247276.4 s, ωt:  24.73 (3.94 periods), wall: 14.518 minutes, Δt:   3.39, CFL: 9.00e-01
i: 104600, t:  247605.6 s, ωt:  24.76 (3.94 periods), wall: 14.530 minutes, Δt:   3.11, CFL: 9.00e-01
i: 104700, t:  247978.2 s, ωt:  24.80 (3.95 periods), wall: 14.541 minutes, Δt:   3.85, CFL: 9.00e-01
i: 104800, t:  248367.3 s, ωt:  24.84 (3.95 periods), wall: 14.553 minutes, Δt:   3.49, CFL: 9.00e-01
i: 104900, t:  248728.5 s, ωt:  24.87 (3.96 periods), wall: 14.564 minutes, Δt:   3.51, CFL: 9.00e-01
i: 105000, t:  249143.1 s, ωt:  24.91 (3.97 periods), wall: 14.578 minutes, Δt:   4.83, CFL: 9.00e-01
i: 105100, t:  249607.7 s, ωt:  24.96 (3.97 periods), wall: 14.590 minutes, Δt:   5.37, CFL: 8.24e-01
i: 105200, t:  250233.4 s, ωt:  25.02 (3.98 periods), wall: 14.603 minutes, Δt:   7.75, CFL: 9.00e-01
i: 105300, t:  250931.8 s, ωt:  25.09 (3.99 periods), wall: 14.617 minutes, Δt:   7.04, CFL: 9.00e-01
i: 105400, t:  251634.2 s, ωt:  25.16 (4.00 periods), wall: 14.641 minutes, Δt:   6.25, CFL: 9.00e-01
i: 105500, t:  252251.5 s, ωt:  25.23 (4.01 periods), wall: 14.654 minutes, Δt:   5.96, CFL: 9.00e-01
i: 105600, t:  252861.0 s, ωt:  25.29 (4.02 periods), wall: 14.668 minutes, Δt:   5.51, CFL: 9.00e-01
i: 105700, t:  253447.9 s, ωt:  25.34 (4.03 periods), wall: 14.680 minutes, Δt:   5.92, CFL: 9.00e-01
i: 105800, t:  254044.8 s, ωt:  25.40 (4.04 periods), wall: 14.693 minutes, Δt:   5.73, CFL: 9.00e-01
i: 105900, t:  254541.0 s, ωt:  25.45 (4.05 periods), wall: 14.707 minutes, Δt:   4.07, CFL: 9.00e-01
i: 106000, t:  254981.6 s, ωt:  25.50 (4.06 periods), wall: 14.718 minutes, Δt:   4.77, CFL: 9.00e-01
i: 106100, t:  255395.3 s, ωt:  25.54 (4.06 periods), wall: 14.730 minutes, Δt:   3.61, CFL: 9.00e-01
i: 106200, t:  255753.8 s, ωt:  25.58 (4.07 periods), wall: 14.742 minutes, Δt:   3.84, CFL: 9.00e-01
i: 106300, t:  256099.8 s, ωt:  25.61 (4.08 periods), wall: 14.753 minutes, Δt:   3.33, CFL: 9.00e-01
i: 106400, t:  256422.5 s, ωt:  25.64 (4.08 periods), wall: 14.765 minutes, Δt:   3.22, CFL: 9.00e-01
i: 106500, t:  256730.6 s, ωt:  25.67 (4.09 periods), wall: 14.778 minutes, Δt:   2.37, CFL: 9.00e-01
i: 106600, t:  256963.5 s, ωt:  25.70 (4.09 periods), wall: 14.788 minutes, Δt:   2.73, CFL: 9.00e-01
i: 106700, t:  257227.6 s, ωt:  25.72 (4.09 periods), wall: 14.799 minutes, Δt:   2.81, CFL: 9.00e-01
i: 106800, t:  257496.1 s, ωt:  25.75 (4.10 periods), wall: 14.811 minutes, Δt:   2.75, CFL: 9.00e-01
i: 106900, t:  257748.5 s, ωt:  25.77 (4.10 periods), wall: 14.822 minutes, Δt:   2.73, CFL: 9.00e-01
i: 107000, t:  258009.4 s, ωt:  25.80 (4.11 periods), wall: 14.834 minutes, Δt:   2.15, CFL: 9.00e-01
i: 107100, t:  258238.6 s, ωt:  25.82 (4.11 periods), wall: 14.844 minutes, Δt:   2.26, CFL: 9.00e-01
i: 107200, t:  258490.2 s, ωt:  25.85 (4.11 periods), wall: 14.857 minutes, Δt:   2.52, CFL: 9.00e-01
i: 107300, t:  258740.0 s, ωt:  25.87 (4.12 periods), wall: 14.876 minutes, Δt:   2.54, CFL: 9.00e-01
i: 107400, t:  258976.8 s, ωt:  25.90 (4.12 periods), wall: 14.887 minutes, Δt:   2.29, CFL: 9.00e-01
i: 107500, t:  259201.5 s, ωt:  25.92 (4.13 periods), wall: 14.898 minutes, Δt:   2.29, CFL: 9.00e-01
i: 107600, t:  259429.7 s, ωt:  25.94 (4.13 periods), wall: 14.908 minutes, Δt:   1.89, CFL: 9.00e-01
i: 107700, t:  259643.1 s, ωt:  25.96 (4.13 periods), wall: 14.921 minutes, Δt:   2.22, CFL: 9.00e-01
i: 107800, t:  259852.3 s, ωt:  25.99 (4.14 periods), wall: 14.933 minutes, Δt:   2.17, CFL: 9.00e-01
i: 107900, t:  260063.4 s, ωt:  26.01 (4.14 periods), wall: 14.943 minutes, Δt:   2.18, CFL: 9.00e-01
i: 108000, t:  260272.7 s, ωt:  26.03 (4.14 periods), wall: 14.956 minutes, Δt:   2.30, CFL: 9.00e-01
i: 108100, t:  260469.1 s, ωt:  26.05 (4.15 periods), wall: 14.968 minutes, Δt:   2.19, CFL: 9.00e-01
i: 108200, t:  260669.7 s, ωt:  26.07 (4.15 periods), wall: 14.978 minutes, Δt:   2.20, CFL: 9.00e-01
i: 108300, t:  260870.3 s, ωt:  26.09 (4.15 periods), wall: 14.991 minutes, Δt:   2.16, CFL: 9.00e-01
i: 108400, t:  261064.4 s, ωt:  26.11 (4.15 periods), wall: 15.001 minutes, Δt:   1.97, CFL: 9.00e-01
i: 108500, t:  261259.0 s, ωt:  26.13 (4.16 periods), wall: 15.012 minutes, Δt:   1.99, CFL: 9.00e-01
i: 108600, t:  261437.7 s, ωt:  26.14 (4.16 periods), wall: 15.024 minutes, Δt:   1.86, CFL: 9.00e-01
i: 108700, t:  261632.1 s, ωt:  26.16 (4.16 periods), wall: 15.034 minutes, Δt:   1.83, CFL: 9.00e-01
i: 108800, t:  261821.3 s, ωt:  26.18 (4.17 periods), wall: 15.045 minutes, Δt:   1.81, CFL: 9.00e-01
i: 108900, t:  262008.8 s, ωt:  26.20 (4.17 periods), wall: 15.055 minutes, Δt:   1.77, CFL: 9.00e-01
i: 109000, t:  262194.6 s, ωt:  26.22 (4.17 periods), wall: 15.067 minutes, Δt:   1.84, CFL: 9.00e-01
i: 109100, t:  262378.8 s, ωt:  26.24 (4.18 periods), wall: 15.080 minutes, Δt:   1.90, CFL: 9.00e-01
i: 109200, t:  262561.5 s, ωt:  26.26 (4.18 periods), wall: 15.090 minutes, Δt:   1.98, CFL: 9.00e-01
i: 109300, t:  262750.6 s, ωt:  26.28 (4.18 periods), wall: 15.104 minutes, Δt:   1.88, CFL: 9.00e-01
i: 109400, t:  262927.6 s, ωt:  26.29 (4.18 periods), wall: 15.114 minutes, Δt:   1.65, CFL: 9.00e-01
i: 109500, t:  263100.5 s, ωt:  26.31 (4.19 periods), wall: 15.125 minutes, Δt:   1.69, CFL: 9.00e-01
i: 109600, t:  263275.8 s, ωt:  26.33 (4.19 periods), wall: 15.137 minutes, Δt:   1.75, CFL: 9.00e-01
i: 109700, t:  263451.2 s, ωt:  26.35 (4.19 periods), wall: 15.147 minutes, Δt:   1.85, CFL: 9.00e-01
i: 109800, t:  263633.4 s, ωt:  26.36 (4.20 periods), wall: 15.158 minutes, Δt:   1.85, CFL: 9.00e-01
i: 109900, t:  263806.0 s, ωt:  26.38 (4.20 periods), wall: 15.168 minutes, Δt:   1.69, CFL: 9.00e-01
i: 110000, t:  263983.3 s, ωt:  26.40 (4.20 periods), wall: 15.179 minutes, Δt:   1.95, CFL: 9.00e-01
i: 110100, t:  264157.3 s, ωt:  26.42 (4.20 periods), wall: 15.189 minutes, Δt:   1.71, CFL: 9.00e-01
i: 110200, t:  264324.4 s, ωt:  26.43 (4.21 periods), wall: 15.202 minutes, Δt:   1.96, CFL: 9.00e-01
i: 110300, t:  264503.6 s, ωt:  26.45 (4.21 periods), wall: 15.212 minutes, Δt:   1.86, CFL: 9.00e-01
i: 110400, t:  264681.8 s, ωt:  26.47 (4.21 periods), wall: 15.224 minutes, Δt:   1.71, CFL: 9.00e-01
i: 110500, t:  264853.0 s, ωt:  26.49 (4.22 periods), wall: 15.236 minutes, Δt:   1.80, CFL: 9.00e-01
i: 110600, t:  265026.2 s, ωt:  26.50 (4.22 periods), wall: 15.246 minutes, Δt:   1.69, CFL: 9.00e-01
i: 110700, t:  265208.1 s, ωt:  26.52 (4.22 periods), wall: 15.257 minutes, Δt:   1.84, CFL: 9.00e-01
i: 110800, t:  265385.2 s, ωt:  26.54 (4.22 periods), wall: 15.268 minutes, Δt:   1.55, CFL: 9.00e-01
i: 110900, t:  265553.4 s, ωt:  26.56 (4.23 periods), wall: 15.279 minutes, Δt:   1.62, CFL: 9.00e-01
i: 111000, t:  265722.9 s, ωt:  26.57 (4.23 periods), wall: 15.289 minutes, Δt:   1.66, CFL: 9.00e-01
i: 111100, t:  265899.2 s, ωt:  26.59 (4.23 periods), wall: 15.301 minutes, Δt:   1.56, CFL: 9.00e-01
i: 111200, t:  266073.2 s, ωt:  26.61 (4.23 periods), wall: 15.311 minutes, Δt:   1.81, CFL: 9.00e-01
i: 111300, t:  266244.5 s, ωt:  26.62 (4.24 periods), wall: 15.323 minutes, Δt:   1.87, CFL: 9.00e-01
i: 111400, t:  266419.7 s, ωt:  26.64 (4.24 periods), wall: 15.343 minutes, Δt:   1.72, CFL: 9.00e-01
i: 111500, t:  266587.8 s, ωt:  26.66 (4.24 periods), wall: 15.353 minutes, Δt:   1.75, CFL: 9.00e-01
i: 111600, t:  266751.3 s, ωt:  26.68 (4.25 periods), wall: 15.365 minutes, Δt:   1.76, CFL: 9.00e-01
i: 111700, t:  266928.0 s, ωt:  26.69 (4.25 periods), wall: 15.375 minutes, Δt:   1.73, CFL: 9.00e-01
i: 111800, t:  267102.0 s, ωt:  26.71 (4.25 periods), wall: 15.387 minutes, Δt:   1.67, CFL: 9.00e-01
i: 111900, t:  267265.1 s, ωt:  26.73 (4.25 periods), wall: 15.397 minutes, Δt:   1.57, CFL: 9.00e-01
i: 112000, t:  267420.0 s, ωt:  26.74 (4.26 periods), wall: 15.409 minutes, Δt:   1.49, CFL: 9.00e-01
i: 112100, t:  267590.0 s, ωt:  26.76 (4.26 periods), wall: 15.419 minutes, Δt:   1.72, CFL: 9.00e-01
i: 112200, t:  267750.0 s, ωt:  26.78 (4.26 periods), wall: 15.430 minutes, Δt:   1.74, CFL: 9.00e-01
i: 112300, t:  267921.0 s, ωt:  26.79 (4.26 periods), wall: 15.440 minutes, Δt:   1.63, CFL: 9.00e-01
i: 112400, t:  268090.3 s, ωt:  26.81 (4.27 periods), wall: 15.452 minutes, Δt:   1.84, CFL: 9.00e-01
i: 112500, t:  268260.5 s, ωt:  26.83 (4.27 periods), wall: 15.462 minutes, Δt:   1.82, CFL: 9.00e-01
i: 112600, t:  268427.5 s, ωt:  26.84 (4.27 periods), wall: 15.475 minutes, Δt:   1.34, CFL: 9.00e-01
i: 112700, t:  268577.1 s, ωt:  26.86 (4.27 periods), wall: 15.485 minutes, Δt:   1.61, CFL: 9.00e-01
i: 112800, t:  268736.7 s, ωt:  26.87 (4.28 periods), wall: 15.496 minutes, Δt:   1.50, CFL: 9.00e-01
i: 112900, t:  268896.3 s, ωt:  26.89 (4.28 periods), wall: 15.506 minutes, Δt:   1.62, CFL: 9.00e-01
i: 113000, t:  269048.8 s, ωt:  26.90 (4.28 periods), wall: 15.518 minutes, Δt:   1.58, CFL: 9.00e-01
i: 113100, t:  269210.7 s, ωt:  26.92 (4.28 periods), wall: 15.528 minutes, Δt:   1.66, CFL: 9.00e-01
i: 113200, t:  269394.3 s, ωt:  26.94 (4.29 periods), wall: 15.540 minutes, Δt:   1.86, CFL: 9.00e-01
i: 113300, t:  269564.4 s, ωt:  26.96 (4.29 periods), wall: 15.554 minutes, Δt:   2.07, CFL: 9.00e-01
i: 113400, t:  269748.7 s, ωt:  26.97 (4.29 periods), wall: 15.564 minutes, Δt:   1.82, CFL: 9.00e-01
i: 113500, t:  269921.6 s, ωt:  26.99 (4.30 periods), wall: 15.576 minutes, Δt:   1.72, CFL: 9.00e-01
i: 113600, t:  270100.4 s, ωt:  27.01 (4.30 periods), wall: 15.586 minutes, Δt:   1.88, CFL: 9.00e-01
i: 113700, t:  270287.4 s, ωt:  27.03 (4.30 periods), wall: 15.597 minutes, Δt:   1.87, CFL: 9.00e-01
i: 113800, t:  270471.6 s, ωt:  27.05 (4.30 periods), wall: 15.607 minutes, Δt:   1.97, CFL: 9.00e-01
i: 113900, t:  270663.6 s, ωt:  27.07 (4.31 periods), wall: 15.619 minutes, Δt:   1.75, CFL: 9.00e-01
i: 114000, t:  270834.3 s, ωt:  27.08 (4.31 periods), wall: 15.630 minutes, Δt:   2.05, CFL: 9.00e-01
i: 114100, t:  271011.1 s, ωt:  27.10 (4.31 periods), wall: 15.640 minutes, Δt:   1.80, CFL: 9.00e-01
i: 114200, t:  271190.3 s, ωt:  27.12 (4.32 periods), wall: 15.652 minutes, Δt:   1.98, CFL: 9.00e-01
i: 114300, t:  271361.0 s, ωt:  27.14 (4.32 periods), wall: 15.662 minutes, Δt:   1.91, CFL: 9.00e-01
i: 114400, t:  271540.3 s, ωt:  27.15 (4.32 periods), wall: 15.673 minutes, Δt:   1.68, CFL: 9.00e-01
i: 114500, t:  271712.3 s, ωt:  27.17 (4.32 periods), wall: 15.684 minutes, Δt:   1.39, CFL: 9.00e-01
i: 114600, t:  271895.8 s, ωt:  27.19 (4.33 periods), wall: 15.696 minutes, Δt:   1.99, CFL: 9.00e-01
i: 114700, t:  272085.5 s, ωt:  27.21 (4.33 periods), wall: 15.707 minutes, Δt:   1.90, CFL: 9.00e-01
i: 114800, t:  272277.1 s, ωt:  27.23 (4.33 periods), wall: 15.717 minutes, Δt:   1.94, CFL: 9.00e-01
i: 114900, t:  272475.1 s, ωt:  27.25 (4.34 periods), wall: 15.728 minutes, Δt:   1.92, CFL: 9.00e-01
i: 115000, t:  272660.6 s, ωt:  27.27 (4.34 periods), wall: 15.739 minutes, Δt:   1.96, CFL: 9.00e-01
i: 115100, t:  272850.6 s, ωt:  27.29 (4.34 periods), wall: 15.750 minutes, Δt:   1.90, CFL: 9.00e-01
i: 115200, t:  273020.9 s, ωt:  27.30 (4.35 periods), wall: 15.779 minutes, Δt:   1.81, CFL: 8.74e-01
i: 115300, t:  273209.5 s, ωt:  27.32 (4.35 periods), wall: 15.789 minutes, Δt:   1.88, CFL: 9.00e-01
i: 115400, t:  273416.3 s, ωt:  27.34 (4.35 periods), wall: 15.800 minutes, Δt:   2.22, CFL: 9.00e-01
i: 115500, t:  273611.2 s, ωt:  27.36 (4.35 periods), wall: 15.811 minutes, Δt:   1.76, CFL: 9.00e-01
i: 115600, t:  273820.6 s, ωt:  27.38 (4.36 periods), wall: 15.822 minutes, Δt:   2.12, CFL: 9.00e-01
i: 115700, t:  274041.3 s, ωt:  27.40 (4.36 periods), wall: 15.833 minutes, Δt:   1.96, CFL: 9.00e-01
i: 115800, t:  274256.8 s, ωt:  27.43 (4.36 periods), wall: 15.843 minutes, Δt:   2.11, CFL: 9.00e-01
i: 115900, t:  274498.1 s, ωt:  27.45 (4.37 periods), wall: 15.856 minutes, Δt:   2.28, CFL: 9.00e-01
i: 116000, t:  274696.9 s, ωt:  27.47 (4.37 periods), wall: 15.872 minutes, Δt:   2.24, CFL: 9.00e-01
i: 116100, t:  274933.9 s, ωt:  27.49 (4.38 periods), wall: 15.884 minutes, Δt:   1.85, CFL: 9.00e-01
i: 116200, t:  275149.6 s, ωt:  27.51 (4.38 periods), wall: 15.894 minutes, Δt:   2.19, CFL: 9.00e-01
i: 116300, t:  275352.7 s, ωt:  27.54 (4.38 periods), wall: 15.906 minutes, Δt:   1.99, CFL: 9.00e-01
i: 116400, t:  275592.0 s, ωt:  27.56 (4.39 periods), wall: 15.918 minutes, Δt:   2.31, CFL: 9.00e-01
i: 116500, t:  275844.4 s, ωt:  27.58 (4.39 periods), wall: 15.931 minutes, Δt:   2.55, CFL: 9.00e-01
i: 116600, t:  276084.8 s, ωt:  27.61 (4.39 periods), wall: 15.941 minutes, Δt:   2.63, CFL: 9.00e-01
i: 116700, t:  276323.3 s, ωt:  27.63 (4.40 periods), wall: 15.953 minutes, Δt:   2.60, CFL: 9.00e-01
i: 116800, t:  276579.6 s, ωt:  27.66 (4.40 periods), wall: 15.964 minutes, Δt:   2.82, CFL: 9.00e-01
i: 116900, t:  276837.5 s, ωt:  27.68 (4.41 periods), wall: 15.976 minutes, Δt:   2.67, CFL: 9.00e-01
i: 117000, t:  277078.1 s, ωt:  27.71 (4.41 periods), wall: 15.986 minutes, Δt:   2.93, CFL: 9.00e-01
i: 117100, t:  277374.1 s, ωt:  27.74 (4.41 periods), wall: 15.998 minutes, Δt:   2.91, CFL: 9.00e-01
i: 117200, t:  277650.3 s, ωt:  27.77 (4.42 periods), wall: 16.011 minutes, Δt:   3.43, CFL: 9.00e-01
i: 117300, t:  277969.7 s, ωt:  27.80 (4.42 periods), wall: 16.022 minutes, Δt:   2.96, CFL: 9.00e-01
i: 117400, t:  278240.7 s, ωt:  27.82 (4.43 periods), wall: 16.034 minutes, Δt:   2.77, CFL: 9.00e-01
i: 117500, t:  278530.8 s, ωt:  27.85 (4.43 periods), wall: 16.047 minutes, Δt:   3.61, CFL: 9.00e-01
i: 117600, t:  278883.2 s, ωt:  27.89 (4.44 periods), wall: 16.060 minutes, Δt:   4.11, CFL: 9.00e-01
i: 117700, t:  279284.4 s, ωt:  27.93 (4.44 periods), wall: 16.071 minutes, Δt:   4.19, CFL: 9.00e-01
i: 117800, t:  279688.3 s, ωt:  27.97 (4.45 periods), wall: 16.086 minutes, Δt:   3.63, CFL: 9.00e-01
i: 117900, t:  280081.3 s, ωt:  28.01 (4.46 periods), wall: 16.098 minutes, Δt:   4.81, CFL: 9.00e-01
i: 118000, t:  280499.0 s, ωt:  28.05 (4.46 periods), wall: 16.110 minutes, Δt:   3.27, CFL: 9.00e-01
i: 118100, t:  280917.0 s, ωt:  28.09 (4.47 periods), wall: 16.124 minutes, Δt:   4.28, CFL: 9.00e-01
i: 118200, t:  281415.5 s, ωt:  28.14 (4.48 periods), wall: 16.136 minutes, Δt:   4.95, CFL: 9.00e-01
i: 118300, t:  282000.1 s, ωt:  28.20 (4.49 periods), wall: 16.149 minutes, Δt:   6.27, CFL: 9.00e-01
i: 118400, t:  282674.2 s, ωt:  28.27 (4.50 periods), wall: 16.162 minutes, Δt:   7.13, CFL: 9.00e-01
i: 118500, t:  283318.4 s, ωt:  28.33 (4.51 periods), wall: 16.188 minutes, Δt:   5.55, CFL: 9.00e-01
i: 118600, t:  283980.8 s, ωt:  28.40 (4.52 periods), wall: 16.202 minutes, Δt:   6.68, CFL: 9.00e-01
i: 118700, t:  284608.0 s, ωt:  28.46 (4.53 periods), wall: 16.217 minutes, Δt:   5.40, CFL: 9.00e-01
i: 118800, t:  285166.1 s, ωt:  28.52 (4.54 periods), wall: 16.235 minutes, Δt:   4.79, CFL: 9.00e-01
i: 118900, t:  285662.2 s, ωt:  28.57 (4.55 periods), wall: 16.249 minutes, Δt:   4.89, CFL: 9.00e-01
i: 119000, t:  286139.8 s, ωt:  28.61 (4.55 periods), wall: 16.261 minutes, Δt:   4.05, CFL: 9.00e-01
i: 119100, t:  286559.7 s, ωt:  28.66 (4.56 periods), wall: 16.273 minutes, Δt:   4.30, CFL: 9.00e-01
i: 119200, t:  286962.0 s, ωt:  28.70 (4.57 periods), wall: 16.284 minutes, Δt:   3.48, CFL: 9.00e-01
i: 119300, t:  287286.6 s, ωt:  28.73 (4.57 periods), wall: 16.296 minutes, Δt:   3.32, CFL: 9.00e-01
i: 119400, t:  287583.4 s, ωt:  28.76 (4.58 periods), wall: 16.307 minutes, Δt:   2.88, CFL: 9.00e-01
i: 119500, t:  287882.0 s, ωt:  28.79 (4.58 periods), wall: 16.319 minutes, Δt:   3.51, CFL: 9.00e-01
i: 119600, t:  288197.1 s, ωt:  28.82 (4.59 periods), wall: 16.330 minutes, Δt:   2.65, CFL: 9.00e-01
i: 119700, t:  288476.8 s, ωt:  28.85 (4.59 periods), wall: 16.342 minutes, Δt:   2.97, CFL: 9.00e-01
i: 119800, t:  288756.8 s, ωt:  28.88 (4.60 periods), wall: 16.353 minutes, Δt:   2.46, CFL: 9.00e-01
i: 119900, t:  289019.3 s, ωt:  28.90 (4.60 periods), wall: 16.363 minutes, Δt:   2.70, CFL: 9.00e-01
i: 120000, t:  289270.9 s, ωt:  28.93 (4.60 periods), wall: 16.374 minutes, Δt:   2.09, CFL: 9.00e-01
i: 120100, t:  289494.6 s, ωt:  28.95 (4.61 periods), wall: 16.386 minutes, Δt:   2.61, CFL: 9.00e-01
i: 120200, t:  289747.8 s, ωt:  28.97 (4.61 periods), wall: 16.399 minutes, Δt:   2.30, CFL: 9.00e-01
i: 120300, t:  289983.5 s, ωt:  29.00 (4.62 periods), wall: 16.420 minutes, Δt:   2.37, CFL: 9.00e-01
i: 120400, t:  290221.5 s, ωt:  29.02 (4.62 periods), wall: 16.430 minutes, Δt:   2.05, CFL: 9.00e-01
i: 120500, t:  290437.3 s, ωt:  29.04 (4.62 periods), wall: 16.442 minutes, Δt:   2.14, CFL: 9.00e-01
i: 120600, t:  290652.8 s, ωt:  29.07 (4.63 periods), wall: 16.454 minutes, Δt:   1.95, CFL: 9.00e-01
i: 120700, t:  290853.0 s, ωt:  29.09 (4.63 periods), wall: 16.464 minutes, Δt:   1.83, CFL: 9.00e-01
i: 120800, t:  291056.5 s, ωt:  29.11 (4.63 periods), wall: 16.478 minutes, Δt:   2.29, CFL: 9.00e-01
i: 120900, t:  291267.2 s, ωt:  29.13 (4.64 periods), wall: 16.492 minutes, Δt:   2.27, CFL: 9.00e-01
i: 121000, t:  291487.9 s, ωt:  29.15 (4.64 periods), wall: 16.502 minutes, Δt:   2.14, CFL: 9.00e-01
i: 121100, t:  291664.9 s, ωt:  29.17 (4.64 periods), wall: 16.513 minutes, Δt:   1.98, CFL: 9.00e-01
i: 121200, t:  291857.3 s, ωt:  29.19 (4.65 periods), wall: 16.525 minutes, Δt:   1.67, CFL: 9.00e-01
i: 121300, t:  292051.4 s, ωt:  29.21 (4.65 periods), wall: 16.535 minutes, Δt:   2.00, CFL: 9.00e-01
i: 121400, t:  292252.0 s, ωt:  29.23 (4.65 periods), wall: 16.546 minutes, Δt:   2.19, CFL: 9.00e-01
i: 121500, t:  292447.5 s, ωt:  29.24 (4.65 periods), wall: 16.557 minutes, Δt:   1.80, CFL: 9.00e-01
i: 121600, t:  292632.0 s, ωt:  29.26 (4.66 periods), wall: 16.568 minutes, Δt:   1.96, CFL: 9.00e-01
i: 121700, t:  292821.6 s, ωt:  29.28 (4.66 periods), wall: 16.580 minutes, Δt:   1.69, CFL: 9.00e-01
i: 121800, t:  292996.4 s, ωt:  29.30 (4.66 periods), wall: 16.590 minutes, Δt:   1.72, CFL: 9.00e-01
i: 121900, t:  293192.6 s, ωt:  29.32 (4.67 periods), wall: 16.602 minutes, Δt:   1.74, CFL: 9.00e-01
i: 122000, t:  293368.5 s, ωt:  29.34 (4.67 periods), wall: 16.612 minutes, Δt:   1.74, CFL: 9.00e-01
i: 122100, t:  293557.9 s, ωt:  29.36 (4.67 periods), wall: 16.623 minutes, Δt:   1.84, CFL: 9.00e-01
i: 122200, t:  293738.7 s, ωt:  29.37 (4.67 periods), wall: 16.633 minutes, Δt:   1.93, CFL: 9.00e-01
i: 122300, t:  293909.9 s, ωt:  29.39 (4.68 periods), wall: 16.645 minutes, Δt:   1.68, CFL: 9.00e-01
i: 122400, t:  294084.2 s, ωt:  29.41 (4.68 periods), wall: 16.657 minutes, Δt:   1.70, CFL: 9.00e-01
i: 122500, t:  294255.5 s, ωt:  29.43 (4.68 periods), wall: 16.667 minutes, Δt:   1.77, CFL: 9.00e-01
i: 122600, t:  294427.8 s, ωt:  29.44 (4.69 periods), wall: 16.678 minutes, Δt:   1.65, CFL: 9.00e-01
i: 122700, t:  294604.8 s, ωt:  29.46 (4.69 periods), wall: 16.688 minutes, Δt:   1.79, CFL: 9.00e-01
i: 122800, t:  294781.9 s, ωt:  29.48 (4.69 periods), wall: 16.701 minutes, Δt:   1.77, CFL: 9.00e-01
i: 122900, t:  294958.5 s, ωt:  29.50 (4.69 periods), wall: 16.711 minutes, Δt:   1.59, CFL: 9.00e-01
i: 123000, t:  295123.4 s, ωt:  29.51 (4.70 periods), wall: 16.723 minutes, Δt:   1.71, CFL: 9.00e-01
i: 123100, t:  295291.1 s, ωt:  29.53 (4.70 periods), wall: 16.733 minutes, Δt:   1.48, CFL: 9.00e-01
i: 123200, t:  295454.3 s, ωt:  29.55 (4.70 periods), wall: 16.745 minutes, Δt:   1.52, CFL: 9.00e-01
i: 123300, t:  295623.5 s, ωt:  29.56 (4.70 periods), wall: 16.755 minutes, Δt:   1.58, CFL: 9.00e-01
i: 123400, t:  295785.2 s, ωt:  29.58 (4.71 periods), wall: 16.767 minutes, Δt:   1.68, CFL: 9.00e-01
i: 123500, t:  295960.2 s, ωt:  29.60 (4.71 periods), wall: 16.779 minutes, Δt:   1.67, CFL: 9.00e-01
i: 123600, t:  296134.1 s, ωt:  29.61 (4.71 periods), wall: 16.789 minutes, Δt:   1.67, CFL: 9.00e-01
i: 123700, t:  296293.9 s, ωt:  29.63 (4.72 periods), wall: 16.801 minutes, Δt:   1.70, CFL: 9.00e-01
i: 123800, t:  296461.9 s, ωt:  29.65 (4.72 periods), wall: 16.811 minutes, Δt:   1.60, CFL: 9.00e-01
i: 123900, t:  296613.4 s, ωt:  29.66 (4.72 periods), wall: 16.824 minutes, Δt:   1.60, CFL: 9.00e-01
i: 124000, t:  296780.4 s, ωt:  29.68 (4.72 periods), wall: 16.834 minutes, Δt:   1.56, CFL: 9.00e-01
i: 124100, t:  296937.1 s, ωt:  29.69 (4.73 periods), wall: 16.845 minutes, Δt:   1.76, CFL: 9.00e-01
i: 124200, t:  297105.4 s, ωt:  29.71 (4.73 periods), wall: 16.856 minutes, Δt:   1.81, CFL: 9.00e-01
i: 124300, t:  297275.9 s, ωt:  29.73 (4.73 periods), wall: 16.867 minutes, Δt:   1.75, CFL: 9.00e-01
i: 124400, t:  297452.2 s, ωt:  29.75 (4.73 periods), wall: 16.877 minutes, Δt:   1.55, CFL: 9.00e-01
i: 124500, t:  297607.3 s, ωt:  29.76 (4.74 periods), wall: 16.888 minutes, Δt:   1.46, CFL: 9.00e-01
i: 124600, t:  297773.1 s, ωt:  29.78 (4.74 periods), wall: 16.898 minutes, Δt:   1.83, CFL: 9.00e-01
i: 124700, t:  297933.0 s, ωt:  29.79 (4.74 periods), wall: 16.910 minutes, Δt:   1.55, CFL: 9.00e-01
i: 124800, t:  298097.5 s, ωt:  29.81 (4.74 periods), wall: 16.921 minutes, Δt:   1.67, CFL: 9.00e-01
i: 124900, t:  298262.5 s, ωt:  29.83 (4.75 periods), wall: 16.931 minutes, Δt:   1.73, CFL: 9.00e-01
i: 125000, t:  298428.1 s, ωt:  29.84 (4.75 periods), wall: 16.942 minutes, Δt:   1.70, CFL: 9.00e-01
i: 125100, t:  298586.1 s, ωt:  29.86 (4.75 periods), wall: 16.953 minutes, Δt:   1.63, CFL: 9.00e-01
i: 125200, t:  298751.3 s, ωt:  29.88 (4.75 periods), wall: 16.963 minutes, Δt:   1.53, CFL: 9.00e-01
i: 125300, t:  298905.8 s, ωt:  29.89 (4.76 periods), wall: 16.975 minutes, Δt:   1.68, CFL: 9.00e-01
i: 125400, t:  299068.1 s, ωt:  29.91 (4.76 periods), wall: 16.985 minutes, Δt:   1.46, CFL: 9.00e-01
i: 125500, t:  299223.7 s, ωt:  29.92 (4.76 periods), wall: 16.996 minutes, Δt:   1.69, CFL: 9.00e-01
i: 125600, t:  299384.0 s, ωt:  29.94 (4.76 periods), wall: 17.007 minutes, Δt:   1.50, CFL: 9.00e-01
i: 125700, t:  299542.5 s, ωt:  29.95 (4.77 periods), wall: 17.019 minutes, Δt:   1.71, CFL: 9.00e-01
i: 125800, t:  299707.9 s, ωt:  29.97 (4.77 periods), wall: 17.029 minutes, Δt:   1.73, CFL: 9.00e-01
i: 125900, t:  299871.1 s, ωt:  29.99 (4.77 periods), wall: 17.040 minutes, Δt:   1.68, CFL: 9.00e-01
i: 126000, t:  300030.3 s, ωt:  30.00 (4.78 periods), wall: 17.052 minutes, Δt:   1.59, CFL: 9.00e-01
i: 126100, t:  300182.7 s, ωt:  30.02 (4.78 periods), wall: 17.062 minutes, Δt:   1.47, CFL: 9.00e-01
i: 126200, t:  300347.2 s, ωt:  30.03 (4.78 periods), wall: 17.074 minutes, Δt:   1.67, CFL: 9.00e-01
i: 126300, t:  300506.9 s, ωt:  30.05 (4.78 periods), wall: 17.084 minutes, Δt:   1.49, CFL: 9.00e-01
i: 126400, t:  300655.7 s, ωt:  30.07 (4.79 periods), wall: 17.096 minutes, Δt:   1.71, CFL: 9.00e-01
i: 126500, t:  300825.5 s, ωt:  30.08 (4.79 periods), wall: 17.106 minutes, Δt:   1.53, CFL: 9.00e-01
i: 126600, t:  300992.5 s, ωt:  30.10 (4.79 periods), wall: 17.118 minutes, Δt:   1.57, CFL: 9.00e-01
i: 126700, t:  301149.3 s, ωt:  30.11 (4.79 periods), wall: 17.128 minutes, Δt:   1.63, CFL: 9.00e-01
i: 126800, t:  301324.1 s, ωt:  30.13 (4.80 periods), wall: 17.140 minutes, Δt:   1.66, CFL: 9.00e-01
i: 126900, t:  301500.5 s, ωt:  30.15 (4.80 periods), wall: 17.150 minutes, Δt:   1.88, CFL: 9.00e-01
i: 127000, t:  301683.8 s, ωt:  30.17 (4.80 periods), wall: 17.161 minutes, Δt:   1.59, CFL: 9.00e-01
i: 127100, t:  301857.6 s, ωt:  30.19 (4.80 periods), wall: 17.171 minutes, Δt:   1.69, CFL: 9.00e-01
i: 127200, t:  302023.2 s, ωt:  30.20 (4.81 periods), wall: 17.183 minutes, Δt:   1.34, CFL: 9.00e-01
i: 127300, t:  302192.0 s, ωt:  30.22 (4.81 periods), wall: 17.193 minutes, Δt:   2.04, CFL: 9.00e-01
i: 127400, t:  302375.9 s, ωt:  30.24 (4.81 periods), wall: 17.204 minutes, Δt:   1.61, CFL: 9.00e-01
i: 127500, t:  302544.8 s, ωt:  30.25 (4.82 periods), wall: 17.216 minutes, Δt:   1.88, CFL: 9.00e-01
i: 127600, t:  302744.2 s, ωt:  30.27 (4.82 periods), wall: 17.226 minutes, Δt:   1.90, CFL: 9.00e-01
i: 127700, t:  302924.6 s, ωt:  30.29 (4.82 periods), wall: 17.239 minutes, Δt:   1.60, CFL: 9.00e-01
i: 127800, t:  303086.5 s, ωt:  30.31 (4.82 periods), wall: 17.249 minutes, Δt:   1.66, CFL: 9.00e-01
i: 127900, t:  303274.8 s, ωt:  30.33 (4.83 periods), wall: 17.261 minutes, Δt:   2.11, CFL: 9.00e-01
i: 128000, t:  303472.4 s, ωt:  30.35 (4.83 periods), wall: 17.271 minutes, Δt:   1.79, CFL: 9.00e-01
i: 128100, t:  303655.3 s, ωt:  30.37 (4.83 periods), wall: 17.282 minutes, Δt:   2.11, CFL: 9.00e-01
i: 128200, t:  303859.7 s, ωt:  30.39 (4.84 periods), wall: 17.295 minutes, Δt:   1.86, CFL: 9.00e-01
i: 128300, t:  304052.8 s, ωt:  30.41 (4.84 periods), wall: 17.305 minutes, Δt:   1.79, CFL: 9.00e-01
i: 128400, t:  304249.7 s, ωt:  30.42 (4.84 periods), wall: 17.316 minutes, Δt:   1.97, CFL: 9.00e-01
i: 128500, t:  304447.6 s, ωt:  30.44 (4.85 periods), wall: 17.329 minutes, Δt:   1.88, CFL: 9.00e-01
i: 128600, t:  304653.7 s, ωt:  30.47 (4.85 periods), wall: 17.339 minutes, Δt:   1.91, CFL: 9.00e-01
i: 128700, t:  304848.1 s, ωt:  30.48 (4.85 periods), wall: 17.351 minutes, Δt:   1.93, CFL: 9.00e-01
i: 128800, t:  305052.7 s, ωt:  30.51 (4.86 periods), wall: 17.363 minutes, Δt:   1.96, CFL: 9.00e-01
i: 128900, t:  305255.4 s, ωt:  30.53 (4.86 periods), wall: 17.373 minutes, Δt:   1.85, CFL: 9.00e-01
i: 129000, t:  305447.7 s, ωt:  30.54 (4.86 periods), wall: 17.384 minutes, Δt:   2.27, CFL: 9.00e-01
i: 129100, t:  305654.8 s, ωt:  30.57 (4.86 periods), wall: 17.394 minutes, Δt:   2.01, CFL: 9.00e-01
i: 129200, t:  305865.7 s, ωt:  30.59 (4.87 periods), wall: 17.406 minutes, Δt:   2.36, CFL: 9.00e-01
i: 129300, t:  306103.6 s, ωt:  30.61 (4.87 periods), wall: 17.417 minutes, Δt:   2.03, CFL: 9.00e-01
i: 129400, t:  306298.4 s, ωt:  30.63 (4.87 periods), wall: 17.428 minutes, Δt:   2.32, CFL: 9.00e-01
i: 129500, t:  306489.2 s, ωt:  30.65 (4.88 periods), wall: 17.439 minutes, Δt:   1.75, CFL: 9.00e-01
i: 129600, t:  306708.3 s, ωt:  30.67 (4.88 periods), wall: 17.451 minutes, Δt:   2.35, CFL: 9.00e-01
i: 129700, t:  306920.3 s, ωt:  30.69 (4.88 periods), wall: 17.461 minutes, Δt:   2.08, CFL: 9.00e-01
i: 129800, t:  307156.5 s, ωt:  30.72 (4.89 periods), wall: 17.472 minutes, Δt:   2.73, CFL: 9.00e-01
i: 129900, t:  307417.3 s, ωt:  30.74 (4.89 periods), wall: 17.532 minutes, Δt:   2.69, CFL: 9.00e-01
i: 130000, t:  307675.2 s, ωt:  30.77 (4.90 periods), wall: 17.543 minutes, Δt:   3.03, CFL: 9.00e-01
i: 130100, t:  307912.7 s, ωt:  30.79 (4.90 periods), wall: 17.557 minutes, Δt:   2.64, CFL: 9.00e-01
i: 130200, t:  308165.2 s, ωt:  30.82 (4.90 periods), wall: 17.567 minutes, Δt:   2.53, CFL: 9.00e-01
i: 130300, t:  308427.4 s, ωt:  30.84 (4.91 periods), wall: 17.579 minutes, Δt:   2.62, CFL: 9.00e-01
i: 130400, t:  308681.9 s, ωt:  30.87 (4.91 periods), wall: 17.590 minutes, Δt:   2.37, CFL: 9.00e-01
i: 130500, t:  308964.7 s, ωt:  30.90 (4.92 periods), wall: 17.601 minutes, Δt:   3.10, CFL: 9.00e-01
i: 130600, t:  309265.6 s, ωt:  30.93 (4.92 periods), wall: 17.613 minutes, Δt:   3.30, CFL: 9.00e-01
i: 130700, t:  309570.7 s, ωt:  30.96 (4.93 periods), wall: 17.625 minutes, Δt:   3.21, CFL: 9.00e-01
i: 130800, t:  309917.4 s, ωt:  30.99 (4.93 periods), wall: 17.636 minutes, Δt:   3.23, CFL: 9.00e-01
i: 130900, t:  310227.5 s, ωt:  31.02 (4.94 periods), wall: 17.647 minutes, Δt:   2.74, CFL: 9.00e-01
i: 131000, t:  310599.9 s, ωt:  31.06 (4.94 periods), wall: 17.659 minutes, Δt:   3.77, CFL: 9.00e-01
i: 131100, t:  311010.4 s, ωt:  31.10 (4.95 periods), wall: 17.671 minutes, Δt:   3.40, CFL: 9.00e-01
i: 131200, t:  311394.8 s, ωt:  31.14 (4.96 periods), wall: 17.685 minutes, Δt:   3.60, CFL: 9.00e-01
i: 131300, t:  311728.0 s, ωt:  31.17 (4.96 periods), wall: 17.697 minutes, Δt:   3.79, CFL: 9.00e-01
i: 131400, t:  312094.4 s, ωt:  31.21 (4.97 periods), wall: 17.710 minutes, Δt:   4.11, CFL: 9.00e-01
i: 131500, t:  312445.9 s, ωt:  31.24 (4.97 periods), wall: 17.721 minutes, Δt:   3.94, CFL: 9.00e-01
i: 131600, t:  312956.4 s, ωt:  31.30 (4.98 periods), wall: 17.734 minutes, Δt:   6.46, CFL: 9.00e-01
i: 131700, t:  313502.8 s, ωt:  31.35 (4.99 periods), wall: 17.745 minutes, Δt:   5.82, CFL: 9.00e-01
i: 131800, t:  314094.7 s, ωt:  31.41 (5.00 periods), wall: 17.758 minutes, Δt:   6.06, CFL: 9.00e-01
i: 131900, t:  314696.5 s, ωt:  31.47 (5.01 periods), wall: 17.781 minutes, Δt:   5.43, CFL: 9.00e-01
i: 132000, t:  315268.9 s, ωt:  31.53 (5.02 periods), wall: 17.793 minutes, Δt:   5.64, CFL: 9.00e-01
i: 132100, t:  315839.2 s, ωt:  31.58 (5.03 periods), wall: 17.806 minutes, Δt:   5.49, CFL: 9.00e-01
i: 132200, t:  316368.5 s, ωt:  31.64 (5.04 periods), wall: 17.819 minutes, Δt:   5.13, CFL: 9.00e-01
i: 132300, t:  316863.7 s, ωt:  31.69 (5.04 periods), wall: 17.831 minutes, Δt:   5.65, CFL: 9.00e-01
i: 132400, t:  317403.5 s, ωt:  31.74 (5.05 periods), wall: 17.844 minutes, Δt:   5.01, CFL: 9.00e-01
i: 132500, t:  317878.8 s, ωt:  31.79 (5.06 periods), wall: 17.885 minutes, Δt:   4.87, CFL: 9.00e-01
i: 132600, t:  318309.3 s, ωt:  31.83 (5.07 periods), wall: 17.897 minutes, Δt:   3.86, CFL: 9.00e-01
i: 132700, t:  318702.6 s, ωt:  31.87 (5.07 periods), wall: 17.908 minutes, Δt:   3.78, CFL: 9.00e-01
i: 132800, t:  319049.0 s, ωt:  31.90 (5.08 periods), wall: 17.920 minutes, Δt:   3.39, CFL: 9.00e-01
i: 132900, t:  319392.0 s, ωt:  31.94 (5.08 periods), wall: 17.932 minutes, Δt:   3.32, CFL: 9.00e-01
i: 133000, t:  319709.9 s, ωt:  31.97 (5.09 periods), wall: 17.944 minutes, Δt:   3.23, CFL: 9.00e-01
i: 133100, t:  320015.6 s, ωt:  32.00 (5.09 periods), wall: 17.956 minutes, Δt:   2.73, CFL: 9.00e-01
i: 133200, t:  320286.0 s, ωt:  32.03 (5.10 periods), wall: 17.968 minutes, Δt:   2.88, CFL: 9.00e-01
i: 133300, t:  320547.0 s, ωt:  32.05 (5.10 periods), wall: 17.978 minutes, Δt:   2.36, CFL: 9.00e-01
i: 133400, t:  320786.9 s, ωt:  32.08 (5.11 periods), wall: 17.992 minutes, Δt:   2.48, CFL: 9.00e-01
i: 133500, t:  321032.7 s, ωt:  32.10 (5.11 periods), wall: 18.002 minutes, Δt:   2.39, CFL: 8.80e-01
i: 133600, t:  321272.6 s, ωt:  32.13 (5.11 periods), wall: 18.014 minutes, Δt:   2.19, CFL: 9.00e-01
i: 133700, t:  321505.0 s, ωt:  32.15 (5.12 periods), wall: 18.025 minutes, Δt:   2.58, CFL: 9.00e-01
i: 133800, t:  321737.9 s, ωt:  32.17 (5.12 periods), wall: 18.036 minutes, Δt:   2.46, CFL: 9.00e-01
i: 133900, t:  321962.1 s, ωt:  32.20 (5.12 periods), wall: 18.046 minutes, Δt:   2.20, CFL: 9.00e-01
i: 134000, t:  322184.3 s, ωt:  32.22 (5.13 periods), wall: 18.058 minutes, Δt:   2.17, CFL: 9.00e-01
i: 134100, t:  322394.1 s, ωt:  32.24 (5.13 periods), wall: 18.072 minutes, Δt:   2.22, CFL: 9.00e-01
i: 134200, t:  322613.9 s, ωt:  32.26 (5.13 periods), wall: 18.082 minutes, Δt:   2.01, CFL: 9.00e-01
i: 134300, t:  322822.4 s, ωt:  32.28 (5.14 periods), wall: 18.094 minutes, Δt:   1.95, CFL: 9.00e-01
i: 134400, t:  323025.8 s, ωt:  32.30 (5.14 periods), wall: 18.106 minutes, Δt:   1.92, CFL: 9.00e-01
i: 134500, t:  323219.9 s, ωt:  32.32 (5.14 periods), wall: 18.116 minutes, Δt:   2.00, CFL: 9.00e-01
i: 134600, t:  323433.5 s, ωt:  32.34 (5.15 periods), wall: 18.127 minutes, Δt:   2.09, CFL: 9.00e-01
i: 134700, t:  323646.3 s, ωt:  32.36 (5.15 periods), wall: 18.139 minutes, Δt:   1.88, CFL: 9.00e-01
i: 134800, t:  323850.0 s, ωt:  32.38 (5.15 periods), wall: 18.149 minutes, Δt:   2.24, CFL: 9.00e-01
i: 134900, t:  324037.8 s, ωt:  32.40 (5.16 periods), wall: 18.160 minutes, Δt:   2.08, CFL: 9.00e-01
i: 135000, t:  324232.4 s, ωt:  32.42 (5.16 periods), wall: 18.172 minutes, Δt:   2.14, CFL: 9.00e-01
i: 135100, t:  324431.1 s, ωt:  32.44 (5.16 periods), wall: 18.182 minutes, Δt:   1.80, CFL: 9.00e-01
i: 135200, t:  324631.2 s, ωt:  32.46 (5.17 periods), wall: 18.194 minutes, Δt:   1.78, CFL: 9.00e-01
i: 135300, t:  324810.8 s, ωt:  32.48 (5.17 periods), wall: 18.204 minutes, Δt:   1.48, CFL: 9.00e-01
i: 135400, t:  325005.4 s, ωt:  32.50 (5.17 periods), wall: 18.217 minutes, Δt:   2.04, CFL: 9.00e-01
i: 135500, t:  325195.3 s, ωt:  32.52 (5.18 periods), wall: 18.229 minutes, Δt:   1.79, CFL: 9.00e-01
i: 135600, t:  325384.6 s, ωt:  32.54 (5.18 periods), wall: 18.239 minutes, Δt:   1.66, CFL: 9.00e-01
i: 135700, t:  325567.6 s, ωt:  32.56 (5.18 periods), wall: 18.252 minutes, Δt:   2.00, CFL: 9.00e-01
i: 135800, t:  325760.2 s, ωt:  32.58 (5.18 periods), wall: 18.262 minutes, Δt:   1.83, CFL: 9.00e-01
i: 135900, t:  325944.4 s, ωt:  32.59 (5.19 periods), wall: 18.274 minutes, Δt:   1.51, CFL: 9.00e-01
i: 136000, t:  326114.1 s, ωt:  32.61 (5.19 periods), wall: 18.286 minutes, Δt:   1.79, CFL: 9.00e-01
i: 136100, t:  326290.3 s, ωt:  32.63 (5.19 periods), wall: 18.296 minutes, Δt:   1.69, CFL: 9.00e-01
i: 136200, t:  326460.7 s, ωt:  32.65 (5.20 periods), wall: 18.311 minutes, Δt:   1.60, CFL: 9.00e-01
i: 136300, t:  326633.4 s, ωt:  32.66 (5.20 periods), wall: 18.321 minutes, Δt:   1.68, CFL: 9.00e-01
i: 136400, t:  326815.0 s, ωt:  32.68 (5.20 periods), wall: 18.333 minutes, Δt:   1.97, CFL: 9.00e-01
i: 136500, t:  326999.4 s, ωt:  32.70 (5.20 periods), wall: 18.343 minutes, Δt:   1.76, CFL: 9.00e-01
i: 136600, t:  327171.7 s, ωt:  32.72 (5.21 periods), wall: 18.356 minutes, Δt:   1.50, CFL: 9.00e-01
i: 136700, t:  327340.4 s, ωt:  32.73 (5.21 periods), wall: 18.366 minutes, Δt:   1.70, CFL: 9.00e-01
i: 136800, t:  327504.5 s, ωt:  32.75 (5.21 periods), wall: 18.378 minutes, Δt:   1.85, CFL: 9.00e-01
i: 136900, t:  327692.6 s, ωt:  32.77 (5.22 periods), wall: 18.389 minutes, Δt:   1.77, CFL: 9.00e-01
i: 137000, t:  327861.1 s, ωt:  32.79 (5.22 periods), wall: 18.399 minutes, Δt:   1.78, CFL: 9.00e-01
i: 137100, t:  328041.1 s, ωt:  32.80 (5.22 periods), wall: 18.411 minutes, Δt:   2.00, CFL: 9.00e-01
i: 137200, t:  328209.1 s, ωt:  32.82 (5.22 periods), wall: 18.421 minutes, Δt:   1.79, CFL: 9.00e-01
i: 137300, t:  328359.4 s, ωt:  32.84 (5.23 periods), wall: 18.432 minutes, Δt:   1.89, CFL: 9.00e-01
i: 137400, t:  328528.4 s, ωt:  32.85 (5.23 periods), wall: 18.442 minutes, Δt:   1.71, CFL: 9.00e-01
i: 137500, t:  328691.7 s, ωt:  32.87 (5.23 periods), wall: 18.454 minutes, Δt:   1.44, CFL: 9.00e-01
i: 137600, t:  328851.7 s, ωt:  32.89 (5.23 periods), wall: 18.464 minutes, Δt:   1.82, CFL: 9.00e-01
i: 137700, t:  329017.8 s, ωt:  32.90 (5.24 periods), wall: 18.476 minutes, Δt:   1.44, CFL: 9.00e-01
i: 137800, t:  329174.4 s, ωt:  32.92 (5.24 periods), wall: 18.486 minutes, Δt:   1.59, CFL: 9.00e-01
i: 137900, t:  329339.1 s, ωt:  32.93 (5.24 periods), wall: 18.497 minutes, Δt:   1.65, CFL: 9.00e-01
i: 138000, t:  329503.2 s, ωt:  32.95 (5.24 periods), wall: 18.507 minutes, Δt:   1.90, CFL: 9.00e-01
i: 138100, t:  329675.8 s, ωt:  32.97 (5.25 periods), wall: 18.520 minutes, Δt:   1.88, CFL: 9.00e-01
i: 138200, t:  329861.0 s, ωt:  32.99 (5.25 periods), wall: 18.530 minutes, Δt:   1.90, CFL: 9.00e-01
i: 138300, t:  330025.8 s, ωt:  33.00 (5.25 periods), wall: 18.542 minutes, Δt:   1.70, CFL: 9.00e-01
i: 138400, t:  330207.0 s, ωt:  33.02 (5.26 periods), wall: 18.553 minutes, Δt:   1.75, CFL: 9.00e-01
i: 138500, t:  330370.0 s, ωt:  33.04 (5.26 periods), wall: 18.563 minutes, Δt:   1.76, CFL: 9.00e-01
i: 138600, t:  330533.6 s, ωt:  33.05 (5.26 periods), wall: 18.575 minutes, Δt:   1.44, CFL: 9.00e-01
i: 138700, t:  330705.6 s, ωt:  33.07 (5.26 periods), wall: 18.585 minutes, Δt:   1.82, CFL: 9.00e-01
i: 138800, t:  330876.2 s, ωt:  33.09 (5.27 periods), wall: 18.597 minutes, Δt:   1.61, CFL: 9.00e-01
i: 138900, t:  331050.2 s, ωt:  33.11 (5.27 periods), wall: 18.607 minutes, Δt:   1.79, CFL: 9.00e-01
i: 139000, t:  331221.3 s, ωt:  33.12 (5.27 periods), wall: 18.619 minutes, Δt:   1.58, CFL: 9.00e-01
i: 139100, t:  331394.7 s, ωt:  33.14 (5.27 periods), wall: 18.629 minutes, Δt:   1.78, CFL: 9.00e-01
i: 139200, t:  331560.5 s, ωt:  33.16 (5.28 periods), wall: 18.640 minutes, Δt:   1.62, CFL: 9.00e-01
i: 139300, t:  331722.4 s, ωt:  33.17 (5.28 periods), wall: 18.650 minutes, Δt:   1.56, CFL: 9.00e-01
i: 139400, t:  331886.8 s, ωt:  33.19 (5.28 periods), wall: 18.661 minutes, Δt:   1.73, CFL: 9.00e-01
i: 139500, t:  332068.1 s, ωt:  33.21 (5.29 periods), wall: 18.673 minutes, Δt:   1.78, CFL: 9.00e-01
i: 139600, t:  332236.9 s, ωt:  33.22 (5.29 periods), wall: 18.683 minutes, Δt:   1.77, CFL: 9.00e-01
i: 139700, t:  332421.6 s, ωt:  33.24 (5.29 periods), wall: 18.695 minutes, Δt:   1.77, CFL: 9.00e-01
i: 139800, t:  332586.0 s, ωt:  33.26 (5.29 periods), wall: 18.705 minutes, Δt:   1.72, CFL: 9.00e-01
i: 139900, t:  332773.1 s, ωt:  33.28 (5.30 periods), wall: 18.717 minutes, Δt:   1.93, CFL: 9.00e-01
i: 140000, t:  332945.1 s, ωt:  33.29 (5.30 periods), wall: 18.727 minutes, Δt:   1.70, CFL: 9.00e-01
i: 140100, t:  333095.4 s, ωt:  33.31 (5.30 periods), wall: 18.740 minutes, Δt:   1.91, CFL: 9.00e-01
i: 140200, t:  333261.5 s, ωt:  33.33 (5.30 periods), wall: 18.750 minutes, Δt:   1.88, CFL: 9.00e-01
i: 140300, t:  333437.2 s, ωt:  33.34 (5.31 periods), wall: 18.762 minutes, Δt:   1.64, CFL: 9.00e-01
i: 140400, t:  333614.4 s, ωt:  33.36 (5.31 periods), wall: 18.772 minutes, Δt:   1.69, CFL: 9.00e-01
i: 140500, t:  333792.9 s, ωt:  33.38 (5.31 periods), wall: 18.784 minutes, Δt:   1.67, CFL: 9.00e-01
i: 140600, t:  333975.2 s, ωt:  33.40 (5.32 periods), wall: 18.795 minutes, Δt:   2.08, CFL: 9.00e-01
i: 140700, t:  334154.1 s, ωt:  33.42 (5.32 periods), wall: 18.805 minutes, Δt:   1.61, CFL: 9.00e-01
i: 140800, t:  334315.0 s, ωt:  33.43 (5.32 periods), wall: 18.817 minutes, Δt:   1.78, CFL: 9.00e-01
i: 140900, t:  334492.5 s, ωt:  33.45 (5.32 periods), wall: 18.827 minutes, Δt:   1.96, CFL: 9.00e-01
i: 141000, t:  334684.9 s, ωt:  33.47 (5.33 periods), wall: 18.842 minutes, Δt:   1.67, CFL: 9.00e-01
i: 141100, t:  334863.3 s, ωt:  33.49 (5.33 periods), wall: 18.852 minutes, Δt:   2.14, CFL: 9.00e-01
i: 141200, t:  335062.4 s, ωt:  33.51 (5.33 periods), wall: 18.863 minutes, Δt:   2.31, CFL: 9.00e-01
i: 141300, t:  335265.1 s, ωt:  33.53 (5.34 periods), wall: 18.875 minutes, Δt:   1.70, CFL: 9.00e-01
i: 141400, t:  335435.2 s, ωt:  33.54 (5.34 periods), wall: 18.885 minutes, Δt:   1.89, CFL: 9.00e-01
i: 141500, t:  335632.1 s, ωt:  33.56 (5.34 periods), wall: 18.896 minutes, Δt:   2.19, CFL: 9.00e-01
i: 141600, t:  335827.0 s, ωt:  33.58 (5.34 periods), wall: 18.907 minutes, Δt:   2.35, CFL: 9.00e-01
i: 141700, t:  336034.3 s, ωt:  33.60 (5.35 periods), wall: 18.919 minutes, Δt:   2.25, CFL: 9.00e-01
i: 141800, t:  336255.8 s, ωt:  33.63 (5.35 periods), wall: 18.930 minutes, Δt:   2.21, CFL: 9.00e-01
i: 141900, t:  336472.3 s, ωt:  33.65 (5.36 periods), wall: 18.942 minutes, Δt:   1.91, CFL: 9.00e-01
i: 142000, t:  336668.6 s, ωt:  33.67 (5.36 periods), wall: 18.952 minutes, Δt:   1.99, CFL: 9.00e-01
i: 142100, t:  336893.3 s, ωt:  33.69 (5.36 periods), wall: 18.964 minutes, Δt:   2.31, CFL: 9.00e-01
i: 142200, t:  337099.7 s, ωt:  33.71 (5.37 periods), wall: 18.975 minutes, Δt:   1.77, CFL: 9.00e-01
i: 142300, t:  337289.3 s, ωt:  33.73 (5.37 periods), wall: 18.985 minutes, Δt:   1.85, CFL: 9.00e-01
i: 142400, t:  337498.8 s, ωt:  33.75 (5.37 periods), wall: 18.997 minutes, Δt:   2.08, CFL: 9.00e-01
i: 142500, t:  337725.7 s, ωt:  33.77 (5.38 periods), wall: 19.009 minutes, Δt:   2.20, CFL: 9.00e-01
i: 142600, t:  337954.8 s, ωt:  33.80 (5.38 periods), wall: 19.019 minutes, Δt:   2.12, CFL: 9.00e-01
i: 142700, t:  338182.1 s, ωt:  33.82 (5.38 periods), wall: 19.031 minutes, Δt:   2.68, CFL: 9.00e-01
i: 142800, t:  338436.2 s, ωt:  33.84 (5.39 periods), wall: 19.044 minutes, Δt:   2.16, CFL: 9.00e-01
i: 142900, t:  338662.6 s, ωt:  33.87 (5.39 periods), wall: 19.054 minutes, Δt:   2.72, CFL: 9.00e-01
i: 143000, t:  338922.8 s, ωt:  33.89 (5.39 periods), wall: 19.065 minutes, Δt:   2.44, CFL: 9.00e-01
i: 143100, t:  339175.5 s, ωt:  33.92 (5.40 periods), wall: 19.077 minutes, Δt:   2.63, CFL: 9.00e-01
i: 143200, t:  339464.3 s, ωt:  33.95 (5.40 periods), wall: 19.089 minutes, Δt:   2.70, CFL: 9.00e-01
i: 143300, t:  339724.6 s, ωt:  33.97 (5.41 periods), wall: 19.100 minutes, Δt:   2.51, CFL: 9.00e-01
i: 143400, t:  339994.9 s, ωt:  34.00 (5.41 periods), wall: 19.112 minutes, Δt:   2.31, CFL: 9.00e-01
i: 143500, t:  340254.5 s, ωt:  34.03 (5.42 periods), wall: 19.124 minutes, Δt:   2.28, CFL: 9.00e-01
i: 143600, t:  340562.7 s, ωt:  34.06 (5.42 periods), wall: 19.136 minutes, Δt:   3.37, CFL: 9.00e-01
i: 143700, t:  340870.3 s, ωt:  34.09 (5.43 periods), wall: 19.147 minutes, Δt:   3.82, CFL: 9.00e-01
i: 143800, t:  341216.4 s, ωt:  34.12 (5.43 periods), wall: 19.159 minutes, Δt:   3.77, CFL: 9.00e-01
i: 143900, t:  341557.6 s, ωt:  34.16 (5.44 periods), wall: 19.170 minutes, Δt:   3.37, CFL: 9.00e-01
i: 144000, t:  341875.3 s, ωt:  34.19 (5.44 periods), wall: 19.183 minutes, Δt:   3.06, CFL: 9.00e-01
i: 144100, t:  342245.9 s, ωt:  34.22 (5.45 periods), wall: 19.197 minutes, Δt:   3.99, CFL: 9.00e-01
i: 144200, t:  342658.1 s, ωt:  34.27 (5.45 periods), wall: 19.213 minutes, Δt:   4.11, CFL: 9.00e-01
i: 144300, t:  343033.3 s, ωt:  34.30 (5.46 periods), wall: 19.226 minutes, Δt:   4.21, CFL: 9.00e-01
i: 144400, t:  343501.8 s, ωt:  34.35 (5.47 periods), wall: 19.240 minutes, Δt:   4.89, CFL: 9.00e-01
i: 144500, t:  343979.3 s, ωt:  34.40 (5.47 periods), wall: 19.252 minutes, Δt:   5.01, CFL: 9.00e-01
i: 144600, t:  344521.1 s, ωt:  34.45 (5.48 periods), wall: 19.264 minutes, Δt:   6.38, CFL: 9.00e-01
i: 144700, t:  345206.4 s, ωt:  34.52 (5.49 periods), wall: 19.281 minutes, Δt:   7.34, CFL: 9.00e-01
i: 144800, t:  345846.2 s, ωt:  34.58 (5.50 periods), wall: 19.317 minutes, Δt:   5.25, CFL: 9.00e-01
i: 144900, t:  346363.5 s, ωt:  34.64 (5.51 periods), wall: 19.329 minutes, Δt:   5.68, CFL: 9.00e-01
i: 145000, t:  346945.2 s, ωt:  34.69 (5.52 periods), wall: 19.342 minutes, Δt:   5.82, CFL: 9.00e-01
i: 145100, t:  347495.4 s, ωt:  34.75 (5.53 periods), wall: 19.355 minutes, Δt:   6.01, CFL: 9.00e-01
i: 145200, t:  348088.5 s, ωt:  34.81 (5.54 periods), wall: 19.367 minutes, Δt:   5.29, CFL: 9.00e-01
i: 145300, t:  348592.7 s, ωt:  34.86 (5.55 periods), wall: 19.380 minutes, Δt:   4.80, CFL: 9.00e-01
i: 145400, t:  349113.4 s, ωt:  34.91 (5.56 periods), wall: 19.393 minutes, Δt:   4.55, CFL: 9.00e-01
i: 145500, t:  349568.8 s, ωt:  34.96 (5.56 periods), wall: 19.405 minutes, Δt:   4.13, CFL: 9.00e-01
i: 145600, t:  350000.1 s, ωt:  35.00 (5.57 periods), wall: 19.418 minutes, Δt:   3.27, CFL: 9.00e-01
i: 145700, t:  350306.8 s, ωt:  35.03 (5.58 periods), wall: 19.429 minutes, Δt:   3.62, CFL: 9.00e-01
i: 145800, t:  350631.4 s, ωt:  35.06 (5.58 periods), wall: 19.441 minutes, Δt:   3.04, CFL: 9.00e-01
i: 145900, t:  350958.3 s, ωt:  35.10 (5.59 periods), wall: 19.452 minutes, Δt:   3.38, CFL: 9.00e-01
i: 146000, t:  351268.1 s, ωt:  35.13 (5.59 periods), wall: 19.464 minutes, Δt:   2.57, CFL: 9.00e-01
i: 146100, t:  351541.0 s, ωt:  35.15 (5.59 periods), wall: 19.474 minutes, Δt:   2.92, CFL: 9.00e-01
i: 146200, t:  351782.8 s, ωt:  35.18 (5.60 periods), wall: 19.485 minutes, Δt:   2.47, CFL: 8.95e-01
i: 146300, t:  352029.0 s, ωt:  35.20 (5.60 periods), wall: 19.497 minutes, Δt:   2.21, CFL: 9.00e-01
i: 146400, t:  352261.4 s, ωt:  35.23 (5.61 periods), wall: 19.508 minutes, Δt:   2.51, CFL: 9.00e-01
i: 146500, t:  352501.8 s, ωt:  35.25 (5.61 periods), wall: 19.520 minutes, Δt:   2.51, CFL: 9.00e-01
i: 146600, t:  352751.4 s, ωt:  35.28 (5.61 periods), wall: 19.530 minutes, Δt:   2.06, CFL: 9.00e-01
i: 146700, t:  352954.7 s, ωt:  35.30 (5.62 periods), wall: 19.541 minutes, Δt:   1.99, CFL: 9.00e-01
i: 146800, t:  353182.5 s, ωt:  35.32 (5.62 periods), wall: 19.579 minutes, Δt:   2.19, CFL: 9.00e-01
i: 146900, t:  353387.2 s, ωt:  35.34 (5.62 periods), wall: 19.589 minutes, Δt:   2.01, CFL: 9.00e-01
i: 147000, t:  353594.7 s, ωt:  35.36 (5.63 periods), wall: 19.600 minutes, Δt:   2.42, CFL: 9.00e-01
i: 147100, t:  353811.8 s, ωt:  35.38 (5.63 periods), wall: 19.612 minutes, Δt:   1.92, CFL: 9.00e-01
i: 147200, t:  354029.4 s, ωt:  35.40 (5.63 periods), wall: 19.622 minutes, Δt:   2.03, CFL: 9.00e-01
i: 147300, t:  354236.9 s, ωt:  35.42 (5.64 periods), wall: 19.634 minutes, Δt:   2.45, CFL: 9.00e-01
i: 147400, t:  354442.1 s, ωt:  35.44 (5.64 periods), wall: 19.645 minutes, Δt:   1.78, CFL: 9.00e-01
i: 147500, t:  354655.7 s, ωt:  35.47 (5.64 periods), wall: 19.655 minutes, Δt:   2.18, CFL: 9.00e-01
i: 147600, t:  354865.4 s, ωt:  35.49 (5.65 periods), wall: 19.667 minutes, Δt:   1.87, CFL: 9.00e-01
i: 147700, t:  355063.4 s, ωt:  35.51 (5.65 periods), wall: 19.678 minutes, Δt:   1.95, CFL: 9.00e-01
i: 147800, t:  355258.8 s, ωt:  35.53 (5.65 periods), wall: 19.688 minutes, Δt:   2.16, CFL: 9.00e-01
i: 147900, t:  355453.8 s, ωt:  35.55 (5.66 periods), wall: 19.700 minutes, Δt:   1.87, CFL: 9.00e-01
i: 148000, t:  355640.2 s, ωt:  35.56 (5.66 periods), wall: 19.712 minutes, Δt:   1.84, CFL: 9.00e-01
i: 148100, t:  355831.0 s, ωt:  35.58 (5.66 periods), wall: 19.722 minutes, Δt:   2.10, CFL: 9.00e-01
i: 148200, t:  356025.6 s, ωt:  35.60 (5.67 periods), wall: 19.734 minutes, Δt:   1.94, CFL: 9.00e-01
i: 148300, t:  356210.3 s, ωt:  35.62 (5.67 periods), wall: 19.744 minutes, Δt:   1.63, CFL: 9.00e-01
i: 148400, t:  356380.1 s, ωt:  35.64 (5.67 periods), wall: 19.755 minutes, Δt:   1.79, CFL: 9.00e-01
i: 148500, t:  356580.5 s, ωt:  35.66 (5.68 periods), wall: 19.767 minutes, Δt:   1.84, CFL: 9.00e-01
i: 148600, t:  356774.5 s, ωt:  35.68 (5.68 periods), wall: 19.777 minutes, Δt:   1.71, CFL: 9.00e-01
i: 148700, t:  356952.8 s, ωt:  35.70 (5.68 periods), wall: 19.789 minutes, Δt:   1.97, CFL: 9.00e-01
i: 148800, t:  357133.9 s, ωt:  35.71 (5.68 periods), wall: 19.799 minutes, Δt:   1.81, CFL: 9.00e-01
i: 148900, t:  357307.3 s, ωt:  35.73 (5.69 periods), wall: 19.811 minutes, Δt:   1.62, CFL: 9.00e-01
i: 149000, t:  357472.6 s, ωt:  35.75 (5.69 periods), wall: 19.821 minutes, Δt:   1.78, CFL: 9.00e-01
i: 149100, t:  357639.4 s, ωt:  35.76 (5.69 periods), wall: 19.833 minutes, Δt:   1.76, CFL: 9.00e-01
i: 149200, t:  357808.1 s, ωt:  35.78 (5.69 periods), wall: 19.843 minutes, Δt:   1.70, CFL: 9.00e-01
i: 149300, t:  357976.2 s, ωt:  35.80 (5.70 periods), wall: 19.854 minutes, Δt:   1.61, CFL: 9.00e-01
i: 149400, t:  358137.7 s, ωt:  35.81 (5.70 periods), wall: 19.865 minutes, Δt:   1.79, CFL: 9.00e-01
i: 149500, t:  358305.3 s, ωt:  35.83 (5.70 periods), wall: 19.878 minutes, Δt:   1.62, CFL: 9.00e-01
i: 149600, t:  358468.9 s, ωt:  35.85 (5.71 periods), wall: 19.889 minutes, Δt:   1.68, CFL: 9.00e-01
i: 149700, t:  358623.7 s, ωt:  35.86 (5.71 periods), wall: 19.899 minutes, Δt:   1.58, CFL: 9.00e-01
i: 149800, t:  358779.3 s, ωt:  35.88 (5.71 periods), wall: 19.911 minutes, Δt:   1.68, CFL: 9.00e-01
i: 149900, t:  358944.6 s, ωt:  35.89 (5.71 periods), wall: 19.921 minutes, Δt:   1.73, CFL: 9.00e-01
i: 150000, t:  359108.5 s, ωt:  35.91 (5.72 periods), wall: 19.933 minutes, Δt:   1.62, CFL: 9.00e-01
i: 150100, t:  359266.6 s, ωt:  35.93 (5.72 periods), wall: 19.943 minutes, Δt:   1.75, CFL: 9.00e-01
i: 150200, t:  359432.9 s, ωt:  35.94 (5.72 periods), wall: 19.955 minutes, Δt:   1.84, CFL: 9.00e-01
i: 150300, t:  359613.8 s, ωt:  35.96 (5.72 periods), wall: 19.965 minutes, Δt:   1.54, CFL: 9.00e-01
i: 150400, t:  359780.4 s, ωt:  35.98 (5.73 periods), wall: 19.977 minutes, Δt:   1.63, CFL: 9.00e-01
i: 150500, t:  359940.5 s, ωt:  35.99 (5.73 periods), wall: 19.987 minutes, Δt:   1.63, CFL: 9.00e-01
i: 150600, t:  360096.1 s, ωt:  36.01 (5.73 periods), wall: 19.998 minutes, Δt:   1.61, CFL: 9.00e-01
i: 150700, t:  360256.1 s, ωt:  36.03 (5.73 periods), wall: 20.008 minutes, Δt:   1.62, CFL: 9.00e-01
i: 150800, t:  360410.7 s, ωt:  36.04 (5.74 periods), wall: 20.020 minutes, Δt:   1.85, CFL: 9.00e-01
i: 150900, t:  360578.9 s, ωt:  36.06 (5.74 periods), wall: 20.030 minutes, Δt:   1.66, CFL: 9.00e-01
i: 151000, t:  360745.0 s, ωt:  36.07 (5.74 periods), wall: 20.041 minutes, Δt:   1.51, CFL: 9.00e-01
i: 151100, t:  360909.6 s, ωt:  36.09 (5.74 periods), wall: 20.052 minutes, Δt:   1.37, CFL: 9.00e-01
i: 151200, t:  361071.7 s, ωt:  36.11 (5.75 periods), wall: 20.064 minutes, Δt:   1.61, CFL: 9.00e-01
i: 151300, t:  361236.5 s, ωt:  36.12 (5.75 periods), wall: 20.074 minutes, Δt:   1.67, CFL: 9.00e-01
i: 151400, t:  361412.1 s, ωt:  36.14 (5.75 periods), wall: 20.085 minutes, Δt:   1.59, CFL: 9.00e-01
i: 151500, t:  361584.9 s, ωt:  36.16 (5.75 periods), wall: 20.095 minutes, Δt:   1.81, CFL: 9.00e-01
i: 151600, t:  361747.7 s, ωt:  36.17 (5.76 periods), wall: 20.107 minutes, Δt:   1.68, CFL: 9.00e-01
i: 151700, t:  361910.0 s, ωt:  36.19 (5.76 periods), wall: 20.117 minutes, Δt:   1.70, CFL: 9.00e-01
i: 151800, t:  362076.7 s, ωt:  36.21 (5.76 periods), wall: 20.129 minutes, Δt:   1.57, CFL: 9.00e-01
i: 151900, t:  362246.3 s, ωt:  36.22 (5.77 periods), wall: 20.140 minutes, Δt:   1.77, CFL: 9.00e-01
i: 152000, t:  362425.2 s, ωt:  36.24 (5.77 periods), wall: 20.150 minutes, Δt:   2.04, CFL: 9.00e-01
i: 152100, t:  362601.6 s, ωt:  36.26 (5.77 periods), wall: 20.165 minutes, Δt:   1.67, CFL: 9.00e-01
i: 152200, t:  362764.2 s, ωt:  36.28 (5.77 periods), wall: 20.176 minutes, Δt:   1.56, CFL: 9.00e-01
i: 152300, t:  362935.4 s, ωt:  36.29 (5.78 periods), wall: 20.187 minutes, Δt:   1.59, CFL: 9.00e-01
i: 152400, t:  363077.3 s, ωt:  36.31 (5.78 periods), wall: 20.197 minutes, Δt:   1.50, CFL: 9.00e-01
i: 152500, t:  363220.4 s, ωt:  36.32 (5.78 periods), wall: 20.209 minutes, Δt:   1.38, CFL: 9.00e-01
i: 152600, t:  363368.9 s, ωt:  36.34 (5.78 periods), wall: 20.219 minutes, Δt:   1.44, CFL: 9.00e-01
i: 152700, t:  363527.7 s, ωt:  36.35 (5.79 periods), wall: 20.234 minutes, Δt:   1.74, CFL: 9.00e-01
i: 152800, t:  363689.2 s, ωt:  36.37 (5.79 periods), wall: 20.244 minutes, Δt:   1.63, CFL: 9.00e-01
i: 152900, t:  363846.1 s, ωt:  36.38 (5.79 periods), wall: 20.269 minutes, Δt:   1.59, CFL: 9.00e-01
i: 153000, t:  363997.1 s, ωt:  36.40 (5.79 periods), wall: 20.279 minutes, Δt:   1.62, CFL: 9.00e-01
i: 153100, t:  364167.9 s, ωt:  36.42 (5.80 periods), wall: 20.318 minutes, Δt:   1.83, CFL: 9.00e-01
i: 153200, t:  364332.0 s, ωt:  36.43 (5.80 periods), wall: 20.328 minutes, Δt:   1.61, CFL: 9.00e-01
i: 153300, t:  364510.1 s, ωt:  36.45 (5.80 periods), wall: 20.339 minutes, Δt:   1.80, CFL: 9.00e-01
i: 153400, t:  364697.0 s, ωt:  36.47 (5.80 periods), wall: 20.349 minutes, Δt:   1.69, CFL: 9.00e-01
i: 153500, t:  364854.2 s, ωt:  36.49 (5.81 periods), wall: 20.428 minutes, Δt:   1.77, CFL: 9.00e-01
i: 153600, t:  365015.7 s, ωt:  36.50 (5.81 periods), wall: 20.438 minutes, Δt:   1.76, CFL: 9.00e-01
i: 153700, t:  365196.2 s, ωt:  36.52 (5.81 periods), wall: 20.449 minutes, Δt:   2.03, CFL: 9.00e-01
i: 153800, t:  365367.2 s, ωt:  36.54 (5.81 periods), wall: 20.460 minutes, Δt:   1.79, CFL: 9.00e-01
i: 153900, t:  365542.9 s, ωt:  36.55 (5.82 periods), wall: 20.471 minutes, Δt:   1.67, CFL: 9.00e-01
i: 154000, t:  365726.1 s, ωt:  36.57 (5.82 periods), wall: 20.483 minutes, Δt:   1.68, CFL: 9.00e-01
i: 154100, t:  365908.0 s, ωt:  36.59 (5.82 periods), wall: 20.493 minutes, Δt:   2.01, CFL: 9.00e-01
i: 154200, t:  366076.6 s, ωt:  36.61 (5.83 periods), wall: 20.504 minutes, Δt:   1.82, CFL: 9.00e-01
i: 154300, t:  366263.9 s, ωt:  36.63 (5.83 periods), wall: 20.515 minutes, Δt:   1.80, CFL: 9.00e-01
i: 154400, t:  366421.0 s, ωt:  36.64 (5.83 periods), wall: 20.528 minutes, Δt:   1.57, CFL: 9.00e-01
i: 154500, t:  366592.1 s, ωt:  36.66 (5.83 periods), wall: 20.538 minutes, Δt:   1.93, CFL: 9.00e-01
i: 154600, t:  366784.6 s, ωt:  36.68 (5.84 periods), wall: 20.549 minutes, Δt:   1.93, CFL: 9.00e-01
i: 154700, t:  366970.2 s, ωt:  36.70 (5.84 periods), wall: 20.561 minutes, Δt:   1.78, CFL: 9.00e-01
i: 154800, t:  367150.1 s, ωt:  36.72 (5.84 periods), wall: 20.572 minutes, Δt:   1.89, CFL: 9.00e-01
i: 154900, t:  367344.3 s, ωt:  36.73 (5.85 periods), wall: 20.583 minutes, Δt:   2.08, CFL: 9.00e-01
i: 155000, t:  367549.3 s, ωt:  36.75 (5.85 periods), wall: 20.593 minutes, Δt:   2.07, CFL: 9.00e-01
i: 155100, t:  367751.6 s, ωt:  36.78 (5.85 periods), wall: 20.604 minutes, Δt:   2.09, CFL: 9.00e-01
i: 155200, t:  367939.4 s, ωt:  36.79 (5.86 periods), wall: 20.618 minutes, Δt:   2.16, CFL: 9.00e-01
i: 155300, t:  368140.6 s, ωt:  36.81 (5.86 periods), wall: 20.628 minutes, Δt:   1.91, CFL: 9.00e-01
i: 155400, t:  368331.3 s, ωt:  36.83 (5.86 periods), wall: 20.640 minutes, Δt:   2.12, CFL: 9.00e-01
i: 155500, t:  368535.6 s, ωt:  36.85 (5.87 periods), wall: 20.651 minutes, Δt:   2.12, CFL: 9.00e-01
i: 155600, t:  368746.6 s, ωt:  36.87 (5.87 periods), wall: 20.661 minutes, Δt:   2.16, CFL: 9.00e-01
i: 155700, t:  368949.6 s, ωt:  36.89 (5.87 periods), wall: 20.673 minutes, Δt:   1.50, CFL: 9.00e-01
i: 155800, t:  369116.9 s, ωt:  36.91 (5.87 periods), wall: 20.683 minutes, Δt:   2.19, CFL: 9.00e-01
i: 155900, t:  369344.6 s, ωt:  36.93 (5.88 periods), wall: 20.694 minutes, Δt:   2.54, CFL: 9.00e-01
i: 156000, t:  369567.8 s, ωt:  36.96 (5.88 periods), wall: 20.706 minutes, Δt:   2.41, CFL: 9.00e-01
i: 156100, t:  369787.0 s, ωt:  36.98 (5.89 periods), wall: 20.717 minutes, Δt:   2.19, CFL: 9.00e-01
i: 156200, t:  370011.0 s, ωt:  37.00 (5.89 periods), wall: 20.727 minutes, Δt:   2.34, CFL: 9.00e-01
i: 156300, t:  370258.0 s, ωt:  37.03 (5.89 periods), wall: 20.739 minutes, Δt:   2.27, CFL: 9.00e-01
i: 156400, t:  370502.4 s, ωt:  37.05 (5.90 periods), wall: 20.751 minutes, Δt:   2.49, CFL: 9.00e-01
i: 156500, t:  370760.2 s, ωt:  37.08 (5.90 periods), wall: 20.762 minutes, Δt:   2.57, CFL: 9.00e-01
i: 156600, t:  371047.1 s, ωt:  37.10 (5.91 periods), wall: 20.774 minutes, Δt:   3.00, CFL: 9.00e-01
i: 156700, t:  371308.1 s, ωt:  37.13 (5.91 periods), wall: 20.784 minutes, Δt:   2.46, CFL: 9.00e-01
i: 156800, t:  371569.2 s, ωt:  37.16 (5.91 periods), wall: 20.796 minutes, Δt:   2.54, CFL: 9.00e-01
i: 156900, t:  371841.4 s, ωt:  37.18 (5.92 periods), wall: 20.808 minutes, Δt:   2.43, CFL: 9.00e-01
i: 157000, t:  372097.8 s, ωt:  37.21 (5.92 periods), wall: 20.819 minutes, Δt:   3.59, CFL: 9.00e-01
i: 157100, t:  372415.0 s, ωt:  37.24 (5.93 periods), wall: 20.832 minutes, Δt:   2.85, CFL: 9.00e-01
i: 157200, t:  372730.5 s, ωt:  37.27 (5.93 periods), wall: 20.844 minutes, Δt:   3.01, CFL: 9.00e-01
i: 157300, t:  372987.5 s, ωt:  37.30 (5.94 periods), wall: 20.856 minutes, Δt:   3.02, CFL: 9.00e-01
i: 157400, t:  373309.3 s, ωt:  37.33 (5.94 periods), wall: 21.271 minutes, Δt:   3.90, CFL: 9.00e-01
i: 157500, t:  373684.7 s, ωt:  37.37 (5.95 periods), wall: 21.314 minutes, Δt:   4.07, CFL: 9.00e-01
i: 157600, t:  374057.4 s, ωt:  37.41 (5.95 periods), wall: 21.338 minutes, Δt:   3.72, CFL: 9.00e-01
i: 157700, t:  374431.6 s, ωt:  37.44 (5.96 periods), wall: 21.350 minutes, Δt:   4.16, CFL: 9.00e-01
i: 157800, t:  374807.2 s, ωt:  37.48 (5.97 periods), wall: 21.363 minutes, Δt:   4.20, CFL: 9.00e-01
i: 157900, t:  375264.1 s, ωt:  37.53 (5.97 periods), wall: 21.377 minutes, Δt:   4.82, CFL: 9.00e-01
i: 158000, t:  375786.8 s, ωt:  37.58 (5.98 periods), wall: 21.390 minutes, Δt:   5.14, CFL: 8.49e-01
i: 158100, t:  376378.4 s, ωt:  37.64 (5.99 periods), wall: 21.406 minutes, Δt:   6.30, CFL: 9.00e-01
i: 158200, t:  376991.1 s, ωt:  37.70 (6.00 periods), wall: 21.418 minutes, Δt:   6.83, CFL: 9.00e-01
i: 158300, t:  377662.6 s, ωt:  37.77 (6.01 periods), wall: 21.563 minutes, Δt:   6.24, CFL: 9.00e-01
i: 158400, t:  378293.8 s, ωt:  37.83 (6.02 periods), wall: 21.578 minutes, Δt:   5.94, CFL: 9.00e-01
i: 158500, t:  378827.7 s, ωt:  37.88 (6.03 periods), wall: 21.589 minutes, Δt:   5.14, CFL: 9.00e-01
i: 158600, t:  379340.6 s, ωt:  37.93 (6.04 periods), wall: 21.603 minutes, Δt:   5.27, CFL: 9.00e-01
i: 158700, t:  379842.7 s, ωt:  37.98 (6.05 periods), wall: 21.616 minutes, Δt:   4.40, CFL: 9.00e-01
i: 158800, t:  380324.1 s, ωt:  38.03 (6.05 periods), wall: 21.628 minutes, Δt:   4.29, CFL: 9.00e-01
i: 158900, t:  380745.4 s, ωt:  38.07 (6.06 periods), wall: 21.639 minutes, Δt:   3.34, CFL: 9.00e-01
i: 159000, t:  381119.4 s, ωt:  38.11 (6.07 periods), wall: 21.652 minutes, Δt:   3.91, CFL: 9.00e-01
i: 159100, t:  381506.2 s, ωt:  38.15 (6.07 periods), wall: 21.664 minutes, Δt:   4.07, CFL: 9.00e-01
i: 159200, t:  381884.9 s, ωt:  38.19 (6.08 periods), wall: 21.675 minutes, Δt:   3.63, CFL: 9.00e-01
i: 159300, t:  382220.5 s, ωt:  38.22 (6.08 periods), wall: 21.687 minutes, Δt:   3.15, CFL: 9.00e-01
i: 159400, t:  382544.7 s, ωt:  38.25 (6.09 periods), wall: 21.700 minutes, Δt:   2.90, CFL: 9.00e-01
i: 159500, t:  382825.9 s, ωt:  38.28 (6.09 periods), wall: 21.712 minutes, Δt:   2.79, CFL: 9.00e-01
i: 159600, t:  383101.3 s, ωt:  38.31 (6.10 periods), wall: 21.723 minutes, Δt:   2.81, CFL: 9.00e-01
i: 159700, t:  383395.0 s, ωt:  38.34 (6.10 periods), wall: 21.734 minutes, Δt:   2.51, CFL: 9.00e-01
i: 159800, t:  383658.7 s, ωt:  38.37 (6.11 periods), wall: 21.746 minutes, Δt:   2.60, CFL: 9.00e-01
i: 159900, t:  383905.2 s, ωt:  38.39 (6.11 periods), wall: 21.758 minutes, Δt:   2.70, CFL: 9.00e-01
i: 160000, t:  384162.6 s, ωt:  38.42 (6.11 periods), wall: 21.768 minutes, Δt:   2.15, CFL: 9.00e-01
i: 160100, t:  384403.9 s, ωt:  38.44 (6.12 periods), wall: 21.805 minutes, Δt:   2.62, CFL: 9.00e-01
i: 160200, t:  384656.9 s, ωt:  38.47 (6.12 periods), wall: 21.817 minutes, Δt:   2.33, CFL: 9.00e-01
i: 160300, t:  384880.3 s, ωt:  38.49 (6.13 periods), wall: 21.828 minutes, Δt:   2.14, CFL: 9.00e-01
i: 160400, t:  385100.1 s, ωt:  38.51 (6.13 periods), wall: 21.838 minutes, Δt:   2.18, CFL: 9.00e-01
i: 160500, t:  385330.8 s, ωt:  38.53 (6.13 periods), wall: 21.851 minutes, Δt:   2.16, CFL: 9.00e-01
i: 160600, t:  385565.6 s, ωt:  38.56 (6.14 periods), wall: 21.862 minutes, Δt:   2.44, CFL: 9.00e-01
i: 160700, t:  385809.6 s, ωt:  38.58 (6.14 periods), wall: 21.874 minutes, Δt:   2.00, CFL: 9.00e-01
i: 160800, t:  386015.4 s, ωt:  38.60 (6.14 periods), wall: 21.884 minutes, Δt:   1.88, CFL: 9.00e-01
i: 160900, t:  386229.1 s, ωt:  38.62 (6.15 periods), wall: 21.895 minutes, Δt:   2.07, CFL: 9.00e-01
i: 161000, t:  386435.3 s, ωt:  38.64 (6.15 periods), wall: 21.907 minutes, Δt:   1.80, CFL: 9.00e-01
i: 161100, t:  386631.2 s, ωt:  38.66 (6.15 periods), wall: 21.917 minutes, Δt:   1.86, CFL: 9.00e-01
i: 161200, t:  386801.4 s, ωt:  38.68 (6.16 periods), wall: 21.929 minutes, Δt:   1.42, CFL: 9.00e-01
i: 161300, t:  386982.7 s, ωt:  38.70 (6.16 periods), wall: 21.939 minutes, Δt:   1.87, CFL: 9.00e-01
i: 161400, t:  387182.1 s, ωt:  38.72 (6.16 periods), wall: 21.951 minutes, Δt:   2.00, CFL: 9.00e-01
i: 161500, t:  387370.4 s, ωt:  38.74 (6.17 periods), wall: 21.962 minutes, Δt:   1.72, CFL: 9.00e-01
i: 161600, t:  387535.7 s, ωt:  38.75 (6.17 periods), wall: 21.972 minutes, Δt:   1.96, CFL: 9.00e-01
i: 161700, t:  387733.4 s, ωt:  38.77 (6.17 periods), wall: 21.985 minutes, Δt:   2.04, CFL: 9.00e-01
i: 161800, t:  387921.0 s, ωt:  38.79 (6.17 periods), wall: 21.995 minutes, Δt:   2.06, CFL: 9.00e-01
i: 161900, t:  388105.3 s, ωt:  38.81 (6.18 periods), wall: 22.007 minutes, Δt:   2.04, CFL: 9.00e-01
i: 162000, t:  388294.8 s, ωt:  38.83 (6.18 periods), wall: 22.017 minutes, Δt:   1.76, CFL: 9.00e-01
i: 162100, t:  388468.8 s, ωt:  38.85 (6.18 periods), wall: 22.029 minutes, Δt:   1.69, CFL: 9.00e-01
i: 162200, t:  388645.6 s, ωt:  38.86 (6.19 periods), wall: 22.041 minutes, Δt:   1.89, CFL: 9.00e-01
i: 162300, t:  388819.4 s, ωt:  38.88 (6.19 periods), wall: 22.051 minutes, Δt:   1.57, CFL: 9.00e-01
i: 162400, t:  388988.4 s, ωt:  38.90 (6.19 periods), wall: 22.062 minutes, Δt:   1.87, CFL: 9.00e-01
i: 162500, t:  389150.1 s, ωt:  38.92 (6.19 periods), wall: 22.072 minutes, Δt:   1.81, CFL: 9.00e-01
i: 162600, t:  389321.5 s, ωt:  38.93 (6.20 periods), wall: 22.084 minutes, Δt:   1.65, CFL: 9.00e-01
i: 162700, t:  389491.1 s, ωt:  38.95 (6.20 periods), wall: 22.094 minutes, Δt:   1.64, CFL: 9.00e-01
i: 162800, t:  389668.7 s, ωt:  38.97 (6.20 periods), wall: 22.106 minutes, Δt:   1.76, CFL: 9.00e-01
i: 162900, t:  389838.9 s, ωt:  38.98 (6.20 periods), wall: 22.116 minutes, Δt:   1.63, CFL: 9.00e-01
i: 163000, t:  390014.5 s, ωt:  39.00 (6.21 periods), wall: 22.128 minutes, Δt:   1.62, CFL: 9.00e-01
i: 163100, t:  390195.4 s, ωt:  39.02 (6.21 periods), wall: 22.139 minutes, Δt:   1.85, CFL: 9.00e-01
i: 163200, t:  390376.9 s, ωt:  39.04 (6.21 periods), wall: 22.149 minutes, Δt:   1.65, CFL: 9.00e-01
i: 163300, t:  390551.2 s, ωt:  39.06 (6.22 periods), wall: 22.161 minutes, Δt:   1.81, CFL: 9.00e-01
i: 163400, t:  390719.0 s, ωt:  39.07 (6.22 periods), wall: 22.171 minutes, Δt:   1.70, CFL: 9.00e-01
i: 163500, t:  390895.4 s, ωt:  39.09 (6.22 periods), wall: 22.182 minutes, Δt:   1.76, CFL: 9.00e-01
i: 163600, t:  391065.8 s, ωt:  39.11 (6.22 periods), wall: 22.192 minutes, Δt:   2.03, CFL: 9.00e-01
i: 163700, t:  391226.6 s, ωt:  39.12 (6.23 periods), wall: 22.204 minutes, Δt:   1.70, CFL: 9.00e-01
i: 163800, t:  391389.2 s, ωt:  39.14 (6.23 periods), wall: 22.214 minutes, Δt:   1.62, CFL: 9.00e-01
i: 163900, t:  391541.0 s, ωt:  39.15 (6.23 periods), wall: 22.226 minutes, Δt:   1.66, CFL: 9.00e-01
i: 164000, t:  391707.3 s, ωt:  39.17 (6.23 periods), wall: 22.236 minutes, Δt:   1.77, CFL: 9.00e-01
i: 164100, t:  391873.3 s, ωt:  39.19 (6.24 periods), wall: 22.249 minutes, Δt:   1.51, CFL: 9.00e-01
i: 164200, t:  392037.7 s, ωt:  39.20 (6.24 periods), wall: 22.259 minutes, Δt:   1.78, CFL: 9.00e-01
i: 164300, t:  392194.2 s, ωt:  39.22 (6.24 periods), wall: 22.273 minutes, Δt:   1.60, CFL: 9.00e-01
i: 164400, t:  392353.4 s, ωt:  39.24 (6.24 periods), wall: 22.283 minutes, Δt:   1.58, CFL: 9.00e-01
i: 164500, t:  392501.5 s, ωt:  39.25 (6.25 periods), wall: 22.295 minutes, Δt:   1.55, CFL: 9.00e-01
i: 164600, t:  392671.4 s, ωt:  39.27 (6.25 periods), wall: 22.305 minutes, Δt:   1.71, CFL: 9.00e-01
i: 164700, t:  392837.0 s, ωt:  39.28 (6.25 periods), wall: 22.317 minutes, Δt:   1.83, CFL: 9.00e-01
i: 164800, t:  393022.5 s, ωt:  39.30 (6.26 periods), wall: 22.329 minutes, Δt:   1.77, CFL: 9.00e-01
i: 164900, t:  393189.3 s, ωt:  39.32 (6.26 periods), wall: 22.339 minutes, Δt:   1.95, CFL: 9.00e-01
i: 165000, t:  393370.2 s, ωt:  39.34 (6.26 periods), wall: 22.350 minutes, Δt:   1.56, CFL: 9.00e-01
i: 165100, t:  393534.1 s, ωt:  39.35 (6.26 periods), wall: 22.360 minutes, Δt:   1.80, CFL: 9.00e-01
i: 165200, t:  393710.8 s, ωt:  39.37 (6.27 periods), wall: 22.372 minutes, Δt:   1.65, CFL: 9.00e-01
i: 165300, t:  393875.6 s, ωt:  39.39 (6.27 periods), wall: 22.382 minutes, Δt:   1.77, CFL: 9.00e-01
i: 165400, t:  394027.1 s, ωt:  39.40 (6.27 periods), wall: 22.393 minutes, Δt:   1.53, CFL: 9.00e-01
i: 165500, t:  394193.9 s, ωt:  39.42 (6.27 periods), wall: 22.403 minutes, Δt:   1.69, CFL: 9.00e-01
i: 165600, t:  394358.9 s, ωt:  39.44 (6.28 periods), wall: 22.415 minutes, Δt:   1.75, CFL: 9.00e-01
i: 165700, t:  394534.4 s, ωt:  39.45 (6.28 periods), wall: 22.425 minutes, Δt:   1.88, CFL: 9.00e-01
i: 165800, t:  394708.8 s, ωt:  39.47 (6.28 periods), wall: 22.437 minutes, Δt:   1.95, CFL: 9.00e-01
i: 165900, t:  394895.6 s, ωt:  39.49 (6.28 periods), wall: 22.448 minutes, Δt:   2.08, CFL: 9.00e-01
i: 166000, t:  395077.7 s, ωt:  39.51 (6.29 periods), wall: 22.459 minutes, Δt:   1.62, CFL: 9.00e-01
i: 166100, t:  395259.1 s, ωt:  39.53 (6.29 periods), wall: 22.470 minutes, Δt:   1.83, CFL: 9.00e-01
i: 166200, t:  395429.7 s, ωt:  39.54 (6.29 periods), wall: 22.481 minutes, Δt:   1.67, CFL: 9.00e-01
i: 166300, t:  395601.1 s, ωt:  39.56 (6.30 periods), wall: 22.493 minutes, Δt:   1.86, CFL: 9.00e-01
i: 166400, t:  395773.3 s, ωt:  39.58 (6.30 periods), wall: 22.503 minutes, Δt:   1.87, CFL: 9.00e-01
i: 166500, t:  395949.8 s, ωt:  39.59 (6.30 periods), wall: 22.521 minutes, Δt:   1.79, CFL: 9.00e-01
i: 166600, t:  396117.8 s, ωt:  39.61 (6.30 periods), wall: 22.531 minutes, Δt:   1.74, CFL: 9.00e-01
i: 166700, t:  396281.6 s, ωt:  39.63 (6.31 periods), wall: 22.542 minutes, Δt:   1.82, CFL: 9.00e-01
i: 166800, t:  396462.9 s, ωt:  39.65 (6.31 periods), wall: 22.552 minutes, Δt:   1.90, CFL: 9.00e-01
i: 166900, t:  396641.7 s, ωt:  39.66 (6.31 periods), wall: 22.564 minutes, Δt:   1.86, CFL: 9.00e-01
i: 167000, t:  396832.1 s, ωt:  39.68 (6.32 periods), wall: 22.575 minutes, Δt:   1.76, CFL: 9.00e-01
i: 167100, t:  396998.0 s, ωt:  39.70 (6.32 periods), wall: 22.586 minutes, Δt:   1.37, CFL: 9.00e-01
i: 167200, t:  397160.0 s, ωt:  39.72 (6.32 periods), wall: 22.598 minutes, Δt:   1.95, CFL: 9.00e-01
i: 167300, t:  397356.9 s, ωt:  39.74 (6.32 periods), wall: 22.608 minutes, Δt:   1.81, CFL: 9.00e-01
i: 167400, t:  397529.6 s, ωt:  39.75 (6.33 periods), wall: 22.621 minutes, Δt:   1.92, CFL: 9.00e-01
i: 167500, t:  397710.8 s, ωt:  39.77 (6.33 periods), wall: 22.631 minutes, Δt:   1.88, CFL: 9.00e-01
i: 167600, t:  397907.5 s, ωt:  39.79 (6.33 periods), wall: 22.642 minutes, Δt:   2.03, CFL: 9.00e-01
i: 167700, t:  398093.7 s, ωt:  39.81 (6.34 periods), wall: 22.654 minutes, Δt:   1.86, CFL: 9.00e-01
i: 167800, t:  398286.7 s, ωt:  39.83 (6.34 periods), wall: 22.664 minutes, Δt:   2.06, CFL: 9.00e-01
i: 167900, t:  398486.2 s, ωt:  39.85 (6.34 periods), wall: 22.676 minutes, Δt:   1.97, CFL: 9.00e-01
i: 168000, t:  398686.6 s, ωt:  39.87 (6.35 periods), wall: 22.688 minutes, Δt:   2.01, CFL: 9.00e-01
i: 168100, t:  398864.9 s, ωt:  39.89 (6.35 periods), wall: 22.698 minutes, Δt:   2.07, CFL: 9.00e-01
i: 168200, t:  399068.5 s, ωt:  39.91 (6.35 periods), wall: 22.710 minutes, Δt:   2.26, CFL: 9.00e-01
i: 168300, t:  399294.0 s, ωt:  39.93 (6.35 periods), wall: 22.720 minutes, Δt:   1.76, CFL: 9.00e-01
i: 168400, t:  399489.0 s, ωt:  39.95 (6.36 periods), wall: 22.732 minutes, Δt:   2.00, CFL: 9.00e-01
i: 168500, t:  399694.7 s, ωt:  39.97 (6.36 periods), wall: 22.743 minutes, Δt:   1.88, CFL: 9.00e-01
i: 168600, t:  399906.5 s, ωt:  39.99 (6.36 periods), wall: 22.753 minutes, Δt:   2.36, CFL: 9.00e-01
i: 168700, t:  400109.2 s, ωt:  40.01 (6.37 periods), wall: 22.765 minutes, Δt:   1.79, CFL: 9.00e-01
i: 168800, t:  400322.9 s, ωt:  40.03 (6.37 periods), wall: 22.776 minutes, Δt:   2.54, CFL: 9.00e-01
i: 168900, t:  400551.5 s, ωt:  40.06 (6.37 periods), wall: 22.786 minutes, Δt:   2.68, CFL: 9.00e-01
i: 169000, t:  400782.6 s, ωt:  40.08 (6.38 periods), wall: 22.798 minutes, Δt:   2.30, CFL: 9.00e-01
i: 169100, t:  401017.2 s, ωt:  40.10 (6.38 periods), wall: 22.809 minutes, Δt:   2.04, CFL: 9.00e-01
i: 169200, t:  401267.5 s, ωt:  40.13 (6.39 periods), wall: 22.822 minutes, Δt:   2.59, CFL: 9.00e-01
i: 169300, t:  401483.3 s, ωt:  40.15 (6.39 periods), wall: 22.832 minutes, Δt:   1.87, CFL: 9.00e-01
i: 169400, t:  401707.9 s, ωt:  40.17 (6.39 periods), wall: 22.843 minutes, Δt:   2.14, CFL: 9.00e-01
i: 169500, t:  401939.0 s, ωt:  40.19 (6.40 periods), wall: 22.855 minutes, Δt:   2.18, CFL: 9.00e-01
i: 169600, t:  402169.5 s, ωt:  40.22 (6.40 periods), wall: 22.868 minutes, Δt:   2.39, CFL: 9.00e-01
i: 169700, t:  402421.6 s, ωt:  40.24 (6.40 periods), wall: 22.878 minutes, Δt:   2.53, CFL: 9.00e-01
i: 169800, t:  402689.4 s, ωt:  40.27 (6.41 periods), wall: 22.890 minutes, Δt:   2.63, CFL: 9.00e-01
i: 169900, t:  402924.5 s, ωt:  40.29 (6.41 periods), wall: 22.902 minutes, Δt:   2.67, CFL: 9.00e-01
i: 170000, t:  403215.6 s, ωt:  40.32 (6.42 periods), wall: 22.913 minutes, Δt:   2.81, CFL: 9.00e-01
i: 170100, t:  403545.0 s, ωt:  40.35 (6.42 periods), wall: 22.925 minutes, Δt:   3.22, CFL: 9.00e-01
i: 170200, t:  403843.6 s, ωt:  40.38 (6.43 periods), wall: 22.937 minutes, Δt:   3.37, CFL: 9.00e-01
i: 170300, t:  404175.8 s, ωt:  40.42 (6.43 periods), wall: 22.949 minutes, Δt:   3.21, CFL: 9.00e-01
i: 170400, t:  404423.5 s, ωt:  40.44 (6.44 periods), wall: 22.960 minutes, Δt:   2.62, CFL: 9.00e-01
i: 170500, t:  404701.4 s, ωt:  40.47 (6.44 periods), wall: 22.972 minutes, Δt:   3.08, CFL: 9.00e-01
i: 170600, t:  405030.4 s, ωt:  40.50 (6.45 periods), wall: 22.983 minutes, Δt:   2.94, CFL: 9.00e-01
i: 170700, t:  405368.1 s, ωt:  40.54 (6.45 periods), wall: 22.995 minutes, Δt:   3.87, CFL: 9.00e-01
i: 170800, t:  405754.5 s, ωt:  40.58 (6.46 periods), wall: 23.015 minutes, Δt:   3.64, CFL: 9.00e-01
i: 170900, t:  406178.6 s, ωt:  40.62 (6.46 periods), wall: 23.026 minutes, Δt:   4.58, CFL: 9.00e-01
i: 171000, t:  406623.2 s, ωt:  40.66 (6.47 periods), wall: 23.039 minutes, Δt:   4.69, CFL: 9.00e-01
i: 171100, t:  407124.7 s, ωt:  40.71 (6.48 periods), wall: 23.051 minutes, Δt:   4.55, CFL: 9.00e-01
i: 171200, t:  407662.9 s, ωt:  40.77 (6.49 periods), wall: 23.067 minutes, Δt:   4.46, CFL: 9.00e-01
i: 171300, t:  408270.7 s, ωt:  40.83 (6.50 periods), wall: 23.081 minutes, Δt:   6.00, CFL: 9.00e-01
i: 171400, t:  408907.4 s, ωt:  40.89 (6.51 periods), wall: 23.116 minutes, Δt:   6.22, CFL: 9.00e-01
i: 171500, t:  409537.3 s, ωt:  40.95 (6.52 periods), wall: 23.129 minutes, Δt:   6.49, CFL: 9.00e-01
i: 171600, t:  410127.1 s, ωt:  41.01 (6.53 periods), wall: 23.144 minutes, Δt:   5.78, CFL: 9.00e-01
i: 171700, t:  410671.7 s, ωt:  41.07 (6.54 periods), wall: 23.163 minutes, Δt:   5.66, CFL: 9.00e-01
i: 171800, t:  411167.9 s, ωt:  41.12 (6.54 periods), wall: 23.175 minutes, Δt:   4.61, CFL: 9.00e-01
i: 171900, t:  411581.2 s, ωt:  41.16 (6.55 periods), wall: 23.188 minutes, Δt:   4.18, CFL: 9.00e-01
i: 172000, t:  412012.8 s, ωt:  41.20 (6.56 periods), wall: 23.200 minutes, Δt:   4.36, CFL: 9.00e-01
i: 172100, t:  412422.0 s, ωt:  41.24 (6.56 periods), wall: 23.212 minutes, Δt:   3.98, CFL: 9.00e-01
i: 172200, t:  412804.7 s, ωt:  41.28 (6.57 periods), wall: 23.224 minutes, Δt:   4.20, CFL: 9.00e-01
i: 172300, t:  413159.9 s, ωt:  41.32 (6.58 periods), wall: 23.237 minutes, Δt:   3.21, CFL: 9.00e-01
i: 172400, t:  413486.4 s, ωt:  41.35 (6.58 periods), wall: 23.249 minutes, Δt:   3.33, CFL: 9.00e-01
i: 172500, t:  413811.6 s, ωt:  41.38 (6.59 periods), wall: 23.261 minutes, Δt:   3.27, CFL: 9.00e-01
i: 172600, t:  414113.5 s, ωt:  41.41 (6.59 periods), wall: 23.272 minutes, Δt:   3.04, CFL: 9.00e-01
i: 172700, t:  414384.8 s, ωt:  41.44 (6.60 periods), wall: 23.285 minutes, Δt:   2.82, CFL: 9.00e-01
i: 172800, t:  414655.0 s, ωt:  41.47 (6.60 periods), wall: 23.295 minutes, Δt:   2.65, CFL: 9.00e-01
i: 172900, t:  414904.9 s, ωt:  41.49 (6.60 periods), wall: 23.307 minutes, Δt:   1.94, CFL: 9.00e-01
i: 173000, t:  415111.4 s, ωt:  41.51 (6.61 periods), wall: 23.319 minutes, Δt:   1.94, CFL: 9.00e-01
i: 173100, t:  415350.8 s, ωt:  41.54 (6.61 periods), wall: 23.331 minutes, Δt:   2.66, CFL: 9.00e-01
i: 173200, t:  415592.4 s, ωt:  41.56 (6.61 periods), wall: 23.341 minutes, Δt:   2.66, CFL: 9.00e-01
i: 173300, t:  415827.8 s, ωt:  41.58 (6.62 periods), wall: 23.353 minutes, Δt:   2.21, CFL: 9.00e-01
i: 173400, t:  416058.5 s, ωt:  41.61 (6.62 periods), wall: 23.364 minutes, Δt:   2.23, CFL: 9.00e-01
i: 173500, t:  416293.7 s, ωt:  41.63 (6.63 periods), wall: 23.376 minutes, Δt:   2.57, CFL: 9.00e-01
i: 173600, t:  416521.4 s, ωt:  41.65 (6.63 periods), wall: 23.386 minutes, Δt:   2.46, CFL: 9.00e-01
i: 173700, t:  416736.8 s, ωt:  41.67 (6.63 periods), wall: 23.398 minutes, Δt:   2.12, CFL: 9.00e-01
i: 173800, t:  416949.6 s, ωt:  41.69 (6.64 periods), wall: 23.409 minutes, Δt:   2.47, CFL: 9.00e-01
i: 173900, t:  417155.7 s, ωt:  41.72 (6.64 periods), wall: 23.420 minutes, Δt:   2.07, CFL: 9.00e-01
i: 174000, t:  417354.2 s, ωt:  41.74 (6.64 periods), wall: 23.431 minutes, Δt:   1.97, CFL: 9.00e-01
i: 174100, t:  417538.9 s, ωt:  41.75 (6.65 periods), wall: 23.442 minutes, Δt:   1.79, CFL: 9.00e-01
i: 174200, t:  417727.8 s, ωt:  41.77 (6.65 periods), wall: 23.452 minutes, Δt:   1.61, CFL: 9.00e-01
i: 174300, t:  417924.1 s, ωt:  41.79 (6.65 periods), wall: 23.465 minutes, Δt:   1.98, CFL: 9.00e-01
i: 174400, t:  418113.8 s, ωt:  41.81 (6.65 periods), wall: 23.475 minutes, Δt:   1.98, CFL: 9.00e-01
i: 174500, t:  418311.6 s, ωt:  41.83 (6.66 periods), wall: 23.487 minutes, Δt:   1.94, CFL: 9.00e-01
i: 174600, t:  418497.4 s, ωt:  41.85 (6.66 periods), wall: 23.501 minutes, Δt:   1.56, CFL: 9.00e-01
i: 174700, t:  418679.0 s, ωt:  41.87 (6.66 periods), wall: 23.511 minutes, Δt:   1.87, CFL: 9.00e-01
i: 174800, t:  418863.6 s, ωt:  41.89 (6.67 periods), wall: 23.523 minutes, Δt:   1.85, CFL: 9.00e-01
i: 174900, t:  419057.2 s, ωt:  41.91 (6.67 periods), wall: 23.533 minutes, Δt:   2.10, CFL: 9.00e-01
i: 175000, t:  419251.3 s, ωt:  41.93 (6.67 periods), wall: 23.545 minutes, Δt:   1.84, CFL: 9.00e-01
i: 175100, t:  419428.7 s, ωt:  41.94 (6.68 periods), wall: 23.556 minutes, Δt:   1.93, CFL: 9.00e-01
i: 175200, t:  419603.4 s, ωt:  41.96 (6.68 periods), wall: 23.567 minutes, Δt:   1.49, CFL: 9.00e-01
i: 175300, t:  419768.8 s, ωt:  41.98 (6.68 periods), wall: 23.578 minutes, Δt:   1.75, CFL: 9.00e-01
i: 175400, t:  419958.9 s, ωt:  42.00 (6.68 periods), wall: 23.588 minutes, Δt:   1.67, CFL: 9.00e-01
i: 175500, t:  420130.8 s, ωt:  42.01 (6.69 periods), wall: 23.603 minutes, Δt:   1.55, CFL: 9.00e-01
i: 175600, t:  420303.9 s, ωt:  42.03 (6.69 periods), wall: 23.613 minutes, Δt:   1.68, CFL: 9.00e-01
i: 175700, t:  420474.8 s, ωt:  42.05 (6.69 periods), wall: 23.624 minutes, Δt:   1.90, CFL: 9.00e-01
i: 175800, t:  420656.5 s, ωt:  42.07 (6.69 periods), wall: 23.635 minutes, Δt:   1.94, CFL: 9.00e-01
i: 175900, t:  420824.0 s, ωt:  42.08 (6.70 periods), wall: 23.646 minutes, Δt:   1.47, CFL: 9.00e-01
i: 176000, t:  420997.4 s, ωt:  42.10 (6.70 periods), wall: 23.659 minutes, Δt:   1.73, CFL: 9.00e-01
i: 176100, t:  421162.8 s, ωt:  42.12 (6.70 periods), wall: 23.669 minutes, Δt:   1.64, CFL: 9.00e-01
i: 176200, t:  421332.4 s, ωt:  42.13 (6.71 periods), wall: 23.682 minutes, Δt:   1.60, CFL: 9.00e-01
i: 176300, t:  421503.1 s, ωt:  42.15 (6.71 periods), wall: 23.692 minutes, Δt:   1.75, CFL: 9.00e-01
i: 176400, t:  421673.5 s, ωt:  42.17 (6.71 periods), wall: 23.704 minutes, Δt:   1.78, CFL: 9.00e-01
i: 176500, t:  421843.0 s, ωt:  42.18 (6.71 periods), wall: 23.714 minutes, Δt:   1.61, CFL: 9.00e-01
i: 176600, t:  422007.8 s, ωt:  42.20 (6.72 periods), wall: 23.726 minutes, Δt:   1.60, CFL: 9.00e-01
i: 176700, t:  422167.9 s, ωt:  42.22 (6.72 periods), wall: 23.736 minutes, Δt:   1.68, CFL: 9.00e-01
i: 176800, t:  422336.7 s, ωt:  42.23 (6.72 periods), wall: 23.747 minutes, Δt:   1.47, CFL: 9.00e-01
i: 176900, t:  422480.0 s, ωt:  42.25 (6.72 periods), wall: 23.757 minutes, Δt:   1.54, CFL: 9.00e-01
i: 177000, t:  422644.4 s, ωt:  42.26 (6.73 periods), wall: 23.769 minutes, Δt:   1.57, CFL: 9.00e-01
i: 177100, t:  422806.0 s, ωt:  42.28 (6.73 periods), wall: 23.779 minutes, Δt:   1.56, CFL: 9.00e-01
i: 177200, t:  422979.4 s, ωt:  42.30 (6.73 periods), wall: 23.804 minutes, Δt:   1.58, CFL: 9.00e-01
i: 177300, t:  423142.4 s, ωt:  42.31 (6.73 periods), wall: 23.814 minutes, Δt:   1.51, CFL: 9.00e-01
i: 177400, t:  423311.8 s, ωt:  42.33 (6.74 periods), wall: 23.825 minutes, Δt:   1.64, CFL: 9.00e-01
i: 177500, t:  423494.0 s, ωt:  42.35 (6.74 periods), wall: 23.838 minutes, Δt:   1.88, CFL: 9.00e-01
i: 177600, t:  423670.0 s, ωt:  42.37 (6.74 periods), wall: 23.848 minutes, Δt:   1.55, CFL: 9.00e-01
i: 177700, t:  423836.8 s, ωt:  42.38 (6.75 periods), wall: 23.860 minutes, Δt:   1.46, CFL: 9.00e-01
i: 177800, t:  423988.8 s, ωt:  42.40 (6.75 periods), wall: 23.870 minutes, Δt:   1.37, CFL: 9.00e-01
i: 177900, t:  424148.2 s, ωt:  42.41 (6.75 periods), wall: 23.881 minutes, Δt:   1.65, CFL: 9.00e-01
i: 178000, t:  424304.8 s, ωt:  42.43 (6.75 periods), wall: 23.892 minutes, Δt:   1.55, CFL: 9.00e-01
i: 178100, t:  424470.0 s, ωt:  42.45 (6.76 periods), wall: 23.904 minutes, Δt:   1.72, CFL: 9.00e-01
i: 178200, t:  424633.7 s, ωt:  42.46 (6.76 periods), wall: 23.914 minutes, Δt:   1.64, CFL: 9.00e-01
i: 178300, t:  424799.0 s, ωt:  42.48 (6.76 periods), wall: 23.926 minutes, Δt:   1.51, CFL: 9.00e-01
i: 178400, t:  424953.7 s, ωt:  42.50 (6.76 periods), wall: 23.936 minutes, Δt:   1.72, CFL: 9.00e-01
i: 178500, t:  425117.7 s, ωt:  42.51 (6.77 periods), wall: 23.948 minutes, Δt:   1.71, CFL: 9.00e-01
i: 178600, t:  425291.2 s, ωt:  42.53 (6.77 periods), wall: 23.958 minutes, Δt:   1.90, CFL: 9.00e-01
i: 178700, t:  425460.8 s, ωt:  42.55 (6.77 periods), wall: 23.970 minutes, Δt:   1.47, CFL: 9.00e-01
i: 178800, t:  425631.4 s, ωt:  42.56 (6.77 periods), wall: 23.980 minutes, Δt:   1.65, CFL: 9.00e-01
i: 178900, t:  425792.0 s, ωt:  42.58 (6.78 periods), wall: 23.991 minutes, Δt:   1.60, CFL: 9.00e-01
i: 179000, t:  425945.8 s, ωt:  42.59 (6.78 periods), wall: 24.002 minutes, Δt:   1.64, CFL: 9.00e-01
i: 179100, t:  426109.0 s, ωt:  42.61 (6.78 periods), wall: 24.014 minutes, Δt:   1.77, CFL: 9.00e-01
i: 179200, t:  426274.3 s, ωt:  42.63 (6.78 periods), wall: 24.024 minutes, Δt:   1.52, CFL: 9.00e-01
i: 179300, t:  426431.0 s, ωt:  42.64 (6.79 periods), wall: 24.035 minutes, Δt:   1.55, CFL: 9.00e-01
i: 179400, t:  426578.5 s, ωt:  42.66 (6.79 periods), wall: 24.046 minutes, Δt:   1.54, CFL: 9.00e-01
i: 179500, t:  426734.3 s, ωt:  42.67 (6.79 periods), wall: 24.058 minutes, Δt:   1.41, CFL: 9.00e-01
i: 179600, t:  426904.8 s, ωt:  42.69 (6.79 periods), wall: 24.069 minutes, Δt:   1.62, CFL: 9.00e-01
i: 179700, t:  427070.9 s, ωt:  42.71 (6.80 periods), wall: 24.080 minutes, Δt:   1.84, CFL: 9.00e-01
i: 179800, t:  427242.6 s, ωt:  42.72 (6.80 periods), wall: 24.090 minutes, Δt:   1.72, CFL: 9.00e-01
i: 179900, t:  427417.1 s, ωt:  42.74 (6.80 periods), wall: 24.102 minutes, Δt:   1.59, CFL: 9.00e-01
i: 180000, t:  427596.3 s, ωt:  42.76 (6.81 periods), wall: 24.114 minutes, Δt:   1.82, CFL: 9.00e-01
i: 180100, t:  427766.0 s, ωt:  42.78 (6.81 periods), wall: 24.124 minutes, Δt:   1.56, CFL: 9.00e-01
i: 180200, t:  427937.9 s, ωt:  42.79 (6.81 periods), wall: 24.135 minutes, Δt:   1.36, CFL: 9.00e-01
i: 180300, t:  428105.5 s, ωt:  42.81 (6.81 periods), wall: 24.145 minutes, Δt:   1.97, CFL: 9.00e-01
i: 180400, t:  428283.4 s, ωt:  42.83 (6.82 periods), wall: 24.157 minutes, Δt:   1.78, CFL: 9.00e-01
i: 180500, t:  428461.5 s, ωt:  42.85 (6.82 periods), wall: 24.167 minutes, Δt:   1.98, CFL: 9.00e-01
i: 180600, t:  428639.9 s, ωt:  42.86 (6.82 periods), wall: 24.179 minutes, Δt:   2.04, CFL: 9.00e-01
i: 180700, t:  428832.6 s, ωt:  42.88 (6.83 periods), wall: 24.191 minutes, Δt:   1.97, CFL: 9.00e-01
i: 180800, t:  429029.4 s, ωt:  42.90 (6.83 periods), wall: 24.201 minutes, Δt:   1.77, CFL: 9.00e-01
i: 180900, t:  429216.7 s, ωt:  42.92 (6.83 periods), wall: 24.239 minutes, Δt:   1.98, CFL: 9.00e-01
i: 181000, t:  429389.7 s, ωt:  42.94 (6.83 periods), wall: 24.250 minutes, Δt:   1.52, CFL: 9.00e-01
i: 181100, t:  429553.8 s, ωt:  42.96 (6.84 periods), wall: 24.280 minutes, Δt:   1.81, CFL: 9.00e-01
i: 181200, t:  429729.2 s, ωt:  42.97 (6.84 periods), wall: 24.290 minutes, Δt:   1.81, CFL: 9.00e-01
i: 181300, t:  429922.9 s, ωt:  42.99 (6.84 periods), wall: 24.302 minutes, Δt:   2.08, CFL: 9.00e-01
i: 181400, t:  430114.3 s, ωt:  43.01 (6.85 periods), wall: 24.314 minutes, Δt:   1.90, CFL: 9.00e-01
i: 181500, t:  430316.0 s, ωt:  43.03 (6.85 periods), wall: 24.324 minutes, Δt:   2.11, CFL: 9.00e-01
i: 181600, t:  430509.5 s, ωt:  43.05 (6.85 periods), wall: 24.335 minutes, Δt:   2.02, CFL: 9.00e-01
i: 181700, t:  430689.8 s, ωt:  43.07 (6.85 periods), wall: 24.345 minutes, Δt:   1.79, CFL: 9.00e-01
i: 181800, t:  430882.7 s, ωt:  43.09 (6.86 periods), wall: 24.357 minutes, Δt:   2.07, CFL: 9.00e-01
i: 181900, t:  431091.0 s, ωt:  43.11 (6.86 periods), wall: 24.368 minutes, Δt:   2.10, CFL: 9.00e-01
i: 182000, t:  431295.3 s, ωt:  43.13 (6.86 periods), wall: 24.379 minutes, Δt:   2.24, CFL: 9.00e-01
i: 182100, t:  431515.3 s, ωt:  43.15 (6.87 periods), wall: 24.391 minutes, Δt:   2.42, CFL: 9.00e-01
i: 182200, t:  431713.4 s, ωt:  43.17 (6.87 periods), wall: 24.407 minutes, Δt:   1.73, CFL: 9.00e-01
i: 182300, t:  431894.4 s, ωt:  43.19 (6.87 periods), wall: 24.417 minutes, Δt:   2.26, CFL: 9.00e-01
i: 182400, t:  432119.5 s, ωt:  43.21 (6.88 periods), wall: 24.431 minutes, Δt:   2.02, CFL: 9.00e-01
i: 182500, t:  432338.5 s, ωt:  43.23 (6.88 periods), wall: 24.446 minutes, Δt:   2.40, CFL: 9.00e-01
i: 182600, t:  432571.4 s, ωt:  43.26 (6.88 periods), wall: 24.456 minutes, Δt:   2.07, CFL: 9.00e-01
i: 182700, t:  432784.9 s, ωt:  43.28 (6.89 periods), wall: 24.470 minutes, Δt:   2.33, CFL: 9.00e-01
i: 182800, t:  432999.5 s, ωt:  43.30 (6.89 periods), wall: 24.483 minutes, Δt:   2.27, CFL: 9.00e-01
i: 182900, t:  433185.0 s, ωt:  43.32 (6.89 periods), wall: 24.493 minutes, Δt:   1.42, CFL: 9.00e-01
i: 183000, t:  433367.2 s, ωt:  43.34 (6.90 periods), wall: 24.504 minutes, Δt:   1.80, CFL: 9.00e-01
i: 183100, t:  433561.6 s, ωt:  43.36 (6.90 periods), wall: 24.516 minutes, Δt:   2.17, CFL: 9.00e-01
i: 183200, t:  433817.2 s, ωt:  43.38 (6.90 periods), wall: 24.526 minutes, Δt:   2.45, CFL: 9.00e-01
i: 183300, t:  434070.4 s, ωt:  43.41 (6.91 periods), wall: 24.538 minutes, Δt:   2.53, CFL: 9.00e-01
i: 183400, t:  434321.7 s, ωt:  43.43 (6.91 periods), wall: 24.551 minutes, Δt:   2.85, CFL: 9.00e-01
i: 183500, t:  434597.1 s, ωt:  43.46 (6.92 periods), wall: 24.562 minutes, Δt:   2.60, CFL: 9.00e-01
i: 183600, t:  434862.8 s, ωt:  43.49 (6.92 periods), wall: 24.574 minutes, Δt:   3.20, CFL: 9.00e-01
i: 183700, t:  435152.9 s, ωt:  43.52 (6.93 periods), wall: 24.588 minutes, Δt:   3.20, CFL: 9.00e-01
i: 183800, t:  435468.0 s, ωt:  43.55 (6.93 periods), wall: 24.600 minutes, Δt:   2.85, CFL: 9.00e-01
i: 183900, t:  435764.4 s, ωt:  43.58 (6.94 periods), wall: 24.614 minutes, Δt:   2.94, CFL: 9.00e-01
i: 184000, t:  436088.3 s, ωt:  43.61 (6.94 periods), wall: 24.627 minutes, Δt:   3.56, CFL: 9.00e-01
i: 184100, t:  436479.5 s, ωt:  43.65 (6.95 periods), wall: 24.639 minutes, Δt:   3.31, CFL: 9.00e-01
i: 184200, t:  436903.1 s, ωt:  43.69 (6.95 periods), wall: 24.652 minutes, Δt:   3.21, CFL: 9.00e-01
i: 184300, t:  437260.2 s, ωt:  43.73 (6.96 periods), wall: 24.664 minutes, Δt:   4.40, CFL: 9.00e-01
i: 184400, t:  437716.7 s, ωt:  43.77 (6.97 periods), wall: 24.679 minutes, Δt:   4.30, CFL: 9.00e-01
i: 184500, t:  438215.1 s, ωt:  43.82 (6.97 periods), wall: 24.690 minutes, Δt:   5.18, CFL: 9.00e-01
i: 184600, t:  438766.8 s, ωt:  43.88 (6.98 periods), wall: 24.703 minutes, Δt:   4.92, CFL: 9.00e-01
i: 184700, t:  439362.8 s, ωt:  43.94 (6.99 periods), wall: 24.717 minutes, Δt:   6.57, CFL: 9.00e-01
i: 184800, t:  440069.7 s, ωt:  44.01 (7.00 periods), wall: 24.752 minutes, Δt:   6.93, CFL: 9.00e-01
i: 184900, t:  440704.1 s, ωt:  44.07 (7.01 periods), wall: 24.766 minutes, Δt:   7.04, CFL: 9.00e-01
i: 185000, t:  441400.6 s, ωt:  44.14 (7.03 periods), wall: 24.782 minutes, Δt:   7.22, CFL: 9.00e-01
i: 185100, t:  442018.8 s, ωt:  44.20 (7.03 periods), wall: 24.794 minutes, Δt:   5.52, CFL: 9.00e-01
i: 185200, t:  442568.8 s, ωt:  44.26 (7.04 periods), wall: 24.808 minutes, Δt:   5.64, CFL: 9.00e-01
i: 185300, t:  443087.3 s, ωt:  44.31 (7.05 periods), wall: 24.821 minutes, Δt:   4.16, CFL: 9.00e-01
i: 185400, t:  443516.7 s, ωt:  44.35 (7.06 periods), wall: 24.833 minutes, Δt:   3.78, CFL: 9.00e-01
i: 185500, t:  443887.8 s, ωt:  44.39 (7.06 periods), wall: 24.845 minutes, Δt:   3.68, CFL: 9.00e-01
i: 185600, t:  444261.2 s, ωt:  44.43 (7.07 periods), wall: 24.859 minutes, Δt:   3.57, CFL: 9.00e-01
i: 185700, t:  444597.3 s, ωt:  44.46 (7.08 periods), wall: 24.871 minutes, Δt:   3.49, CFL: 9.00e-01
i: 185800, t:  444927.2 s, ωt:  44.49 (7.08 periods), wall: 24.883 minutes, Δt:   3.27, CFL: 9.00e-01
i: 185900, t:  445228.6 s, ωt:  44.52 (7.09 periods), wall: 24.895 minutes, Δt:   2.65, CFL: 9.00e-01
i: 186000, t:  445528.6 s, ωt:  44.55 (7.09 periods), wall: 24.908 minutes, Δt:   3.13, CFL: 9.00e-01
i: 186100, t:  445807.8 s, ωt:  44.58 (7.10 periods), wall: 24.920 minutes, Δt:   2.72, CFL: 9.00e-01
i: 186200, t:  446055.0 s, ωt:  44.61 (7.10 periods), wall: 24.930 minutes, Δt:   2.82, CFL: 9.00e-01
i: 186300, t:  446328.0 s, ωt:  44.63 (7.10 periods), wall: 24.941 minutes, Δt:   2.90, CFL: 9.00e-01
i: 186400, t:  446604.2 s, ωt:  44.66 (7.11 periods), wall: 24.957 minutes, Δt:   2.70, CFL: 9.00e-01
i: 186500, t:  446879.0 s, ωt:  44.69 (7.11 periods), wall: 24.969 minutes, Δt:   2.66, CFL: 9.00e-01
i: 186600, t:  447141.7 s, ωt:  44.71 (7.12 periods), wall: 24.984 minutes, Δt:   2.84, CFL: 9.00e-01
i: 186700, t:  447390.9 s, ωt:  44.74 (7.12 periods), wall: 24.997 minutes, Δt:   2.77, CFL: 9.00e-01
i: 186800, t:  447635.7 s, ωt:  44.76 (7.12 periods), wall: 25.007 minutes, Δt:   2.29, CFL: 9.00e-01
i: 186900, t:  447868.7 s, ωt:  44.79 (7.13 periods), wall: 25.022 minutes, Δt:   2.25, CFL: 9.00e-01
i: 187000, t:  448090.0 s, ωt:  44.81 (7.13 periods), wall: 25.033 minutes, Δt:   2.28, CFL: 9.00e-01
i: 187100, t:  448305.3 s, ωt:  44.83 (7.13 periods), wall: 25.043 minutes, Δt:   2.10, CFL: 9.00e-01
i: 187200, t:  448515.5 s, ωt:  44.85 (7.14 periods), wall: 25.055 minutes, Δt:   1.85, CFL: 9.00e-01
i: 187300, t:  448717.4 s, ωt:  44.87 (7.14 periods), wall: 25.068 minutes, Δt:   2.08, CFL: 9.00e-01
i: 187400, t:  448938.2 s, ωt:  44.89 (7.15 periods), wall: 25.080 minutes, Δt:   2.22, CFL: 9.00e-01
i: 187500, t:  449149.5 s, ωt:  44.91 (7.15 periods), wall: 25.091 minutes, Δt:   1.79, CFL: 9.00e-01
i: 187600, t:  449354.4 s, ωt:  44.94 (7.15 periods), wall: 25.103 minutes, Δt:   2.17, CFL: 9.00e-01
i: 187700, t:  449561.0 s, ωt:  44.96 (7.15 periods), wall: 25.113 minutes, Δt:   1.75, CFL: 9.00e-01
i: 187800, t:  449748.1 s, ωt:  44.97 (7.16 periods), wall: 25.124 minutes, Δt:   1.94, CFL: 9.00e-01
i: 187900, t:  449941.1 s, ωt:  44.99 (7.16 periods), wall: 25.136 minutes, Δt:   1.95, CFL: 9.00e-01
i: 188000, t:  450117.2 s, ωt:  45.01 (7.16 periods), wall: 25.146 minutes, Δt:   2.02, CFL: 8.95e-01
i: 188100, t:  450300.3 s, ωt:  45.03 (7.17 periods), wall: 25.157 minutes, Δt:   1.79, CFL: 9.00e-01
i: 188200, t:  450491.2 s, ωt:  45.05 (7.17 periods), wall: 25.168 minutes, Δt:   1.99, CFL: 9.00e-01
i: 188300, t:  450683.3 s, ωt:  45.07 (7.17 periods), wall: 25.182 minutes, Δt:   1.85, CFL: 9.00e-01
i: 188400, t:  450852.5 s, ωt:  45.09 (7.18 periods), wall: 25.193 minutes, Δt:   1.77, CFL: 9.00e-01
i: 188500, t:  451028.5 s, ωt:  45.10 (7.18 periods), wall: 25.203 minutes, Δt:   1.93, CFL: 9.00e-01
i: 188600, t:  451197.9 s, ωt:  45.12 (7.18 periods), wall: 25.215 minutes, Δt:   1.70, CFL: 9.00e-01
i: 188700, t:  451362.2 s, ωt:  45.14 (7.18 periods), wall: 25.225 minutes, Δt:   1.46, CFL: 9.00e-01
i: 188800, t:  451536.3 s, ωt:  45.15 (7.19 periods), wall: 25.237 minutes, Δt:   1.69, CFL: 9.00e-01
i: 188900, t:  451694.2 s, ωt:  45.17 (7.19 periods), wall: 25.247 minutes, Δt:   1.99, CFL: 8.91e-01
i: 189000, t:  451864.8 s, ωt:  45.19 (7.19 periods), wall: 25.258 minutes, Δt:   1.71, CFL: 9.00e-01
i: 189100, t:  452032.3 s, ωt:  45.20 (7.19 periods), wall: 25.269 minutes, Δt:   1.75, CFL: 9.00e-01
i: 189200, t:  452196.7 s, ωt:  45.22 (7.20 periods), wall: 25.280 minutes, Δt:   1.78, CFL: 9.00e-01
i: 189300, t:  452374.6 s, ωt:  45.24 (7.20 periods), wall: 25.290 minutes, Δt:   1.86, CFL: 8.82e-01
i: 189400, t:  452534.2 s, ωt:  45.25 (7.20 periods), wall: 25.303 minutes, Δt:   1.69, CFL: 8.40e-01
i: 189500, t:  452713.0 s, ωt:  45.27 (7.21 periods), wall: 25.316 minutes, Δt:   1.77, CFL: 9.00e-01
i: 189600, t:  452884.0 s, ωt:  45.29 (7.21 periods), wall: 25.326 minutes, Δt:   1.72, CFL: 9.00e-01
i: 189700, t:  453070.0 s, ωt:  45.31 (7.21 periods), wall: 25.338 minutes, Δt:   2.00, CFL: 9.00e-01
i: 189800, t:  453252.5 s, ωt:  45.33 (7.21 periods), wall: 25.348 minutes, Δt:   1.74, CFL: 9.00e-01
i: 189900, t:  453419.4 s, ωt:  45.34 (7.22 periods), wall: 25.360 minutes, Δt:   1.37, CFL: 9.00e-01
i: 190000, t:  453571.4 s, ωt:  45.36 (7.22 periods), wall: 25.371 minutes, Δt:   1.65, CFL: 9.00e-01
i: 190100, t:  453729.2 s, ωt:  45.37 (7.22 periods), wall: 25.382 minutes, Δt:   1.66, CFL: 9.00e-01
i: 190200, t:  453896.3 s, ωt:  45.39 (7.22 periods), wall: 25.392 minutes, Δt:   1.82, CFL: 9.00e-01
i: 190300, t:  454072.0 s, ωt:  45.41 (7.23 periods), wall: 25.404 minutes, Δt:   1.56, CFL: 9.00e-01
i: 190400, t:  454237.3 s, ωt:  45.42 (7.23 periods), wall: 25.414 minutes, Δt:   1.61, CFL: 9.00e-01
i: 190500, t:  454404.0 s, ωt:  45.44 (7.23 periods), wall: 25.425 minutes, Δt:   1.85, CFL: 9.00e-01
i: 190600, t:  454569.4 s, ωt:  45.46 (7.23 periods), wall: 25.435 minutes, Δt:   1.41, CFL: 9.00e-01
i: 190700, t:  454724.8 s, ωt:  45.47 (7.24 periods), wall: 25.446 minutes, Δt:   1.89, CFL: 9.00e-01
i: 190800, t:  454897.0 s, ωt:  45.49 (7.24 periods), wall: 25.457 minutes, Δt:   1.49, CFL: 9.00e-01
i: 190900, t:  455056.8 s, ωt:  45.51 (7.24 periods), wall: 25.471 minutes, Δt:   1.44, CFL: 9.00e-01
i: 191000, t:  455216.8 s, ωt:  45.52 (7.25 periods), wall: 25.481 minutes, Δt:   1.66, CFL: 9.00e-01
i: 191100, t:  455391.6 s, ωt:  45.54 (7.25 periods), wall: 25.493 minutes, Δt:   1.70, CFL: 9.00e-01
i: 191200, t:  455564.2 s, ωt:  45.56 (7.25 periods), wall: 25.505 minutes, Δt:   1.65, CFL: 9.00e-01
i: 191300, t:  455738.6 s, ωt:  45.57 (7.25 periods), wall: 25.515 minutes, Δt:   1.72, CFL: 9.00e-01
i: 191400, t:  455900.9 s, ωt:  45.59 (7.26 periods), wall: 25.528 minutes, Δt:   1.54, CFL: 9.00e-01
i: 191500, t:  456067.1 s, ωt:  45.61 (7.26 periods), wall: 25.539 minutes, Δt:   1.73, CFL: 9.00e-01
i: 191600, t:  456227.1 s, ωt:  45.62 (7.26 periods), wall: 25.552 minutes, Δt:   1.67, CFL: 9.00e-01
i: 191700, t:  456397.7 s, ωt:  45.64 (7.26 periods), wall: 25.562 minutes, Δt:   1.65, CFL: 9.00e-01
i: 191800, t:  456572.0 s, ωt:  45.66 (7.27 periods), wall: 25.574 minutes, Δt:   1.82, CFL: 9.00e-01
i: 191900, t:  456748.9 s, ωt:  45.67 (7.27 periods), wall: 25.584 minutes, Δt:   1.87, CFL: 9.00e-01
i: 192000, t:  456928.2 s, ωt:  45.69 (7.27 periods), wall: 25.596 minutes, Δt:   1.61, CFL: 9.00e-01
i: 192100, t:  457103.6 s, ωt:  45.71 (7.28 periods), wall: 25.608 minutes, Δt:   1.76, CFL: 9.00e-01
i: 192200, t:  457269.1 s, ωt:  45.73 (7.28 periods), wall: 25.618 minutes, Δt:   1.87, CFL: 9.00e-01
i: 192300, t:  457450.3 s, ωt:  45.75 (7.28 periods), wall: 25.633 minutes, Δt:   1.95, CFL: 9.00e-01
i: 192400, t:  457627.2 s, ωt:  45.76 (7.28 periods), wall: 25.643 minutes, Δt:   1.87, CFL: 9.00e-01
i: 192500, t:  457818.5 s, ωt:  45.78 (7.29 periods), wall: 25.655 minutes, Δt:   1.78, CFL: 9.00e-01
i: 192600, t:  458003.7 s, ωt:  45.80 (7.29 periods), wall: 25.665 minutes, Δt:   1.89, CFL: 9.00e-01
i: 192700, t:  458190.6 s, ωt:  45.82 (7.29 periods), wall: 25.677 minutes, Δt:   1.94, CFL: 9.00e-01
i: 192800, t:  458362.1 s, ωt:  45.84 (7.30 periods), wall: 25.689 minutes, Δt:   1.85, CFL: 9.00e-01
i: 192900, t:  458545.2 s, ωt:  45.85 (7.30 periods), wall: 25.699 minutes, Δt:   1.55, CFL: 9.00e-01
i: 193000, t:  458714.5 s, ωt:  45.87 (7.30 periods), wall: 25.710 minutes, Δt:   1.72, CFL: 9.00e-01
i: 193100, t:  458882.3 s, ωt:  45.89 (7.30 periods), wall: 25.720 minutes, Δt:   1.76, CFL: 8.94e-01
i: 193200, t:  459061.0 s, ωt:  45.91 (7.31 periods), wall: 25.732 minutes, Δt:   1.70, CFL: 9.00e-01
i: 193300, t:  459232.5 s, ωt:  45.92 (7.31 periods), wall: 25.742 minutes, Δt:   1.93, CFL: 9.00e-01
i: 193400, t:  459412.8 s, ωt:  45.94 (7.31 periods), wall: 25.754 minutes, Δt:   1.66, CFL: 9.00e-01
i: 193500, t:  459587.4 s, ωt:  45.96 (7.31 periods), wall: 25.765 minutes, Δt:   1.72, CFL: 9.00e-01
i: 193600, t:  459751.9 s, ωt:  45.98 (7.32 periods), wall: 25.776 minutes, Δt:   1.69, CFL: 9.00e-01
i: 193700, t:  459941.1 s, ωt:  45.99 (7.32 periods), wall: 25.788 minutes, Δt:   1.85, CFL: 9.00e-01
i: 193800, t:  460122.0 s, ωt:  46.01 (7.32 periods), wall: 25.798 minutes, Δt:   1.79, CFL: 9.00e-01
i: 193900, t:  460290.3 s, ωt:  46.03 (7.33 periods), wall: 25.809 minutes, Δt:   1.65, CFL: 9.00e-01
i: 194000, t:  460460.0 s, ωt:  46.05 (7.33 periods), wall: 25.819 minutes, Δt:   1.82, CFL: 9.00e-01
i: 194100, t:  460648.2 s, ωt:  46.06 (7.33 periods), wall: 25.831 minutes, Δt:   1.80, CFL: 9.00e-01
i: 194200, t:  460839.4 s, ωt:  46.08 (7.33 periods), wall: 25.841 minutes, Δt:   2.12, CFL: 9.00e-01
i: 194300, t:  461035.7 s, ωt:  46.10 (7.34 periods), wall: 25.853 minutes, Δt:   2.18, CFL: 9.00e-01
i: 194400, t:  461226.6 s, ωt:  46.12 (7.34 periods), wall: 25.865 minutes, Δt:   1.88, CFL: 9.00e-01
i: 194500, t:  461412.3 s, ωt:  46.14 (7.34 periods), wall: 25.875 minutes, Δt:   1.76, CFL: 9.00e-01
i: 194600, t:  461620.7 s, ωt:  46.16 (7.35 periods), wall: 25.889 minutes, Δt:   2.27, CFL: 9.00e-01
i: 194700, t:  461835.7 s, ωt:  46.18 (7.35 periods), wall: 25.901 minutes, Δt:   2.35, CFL: 9.00e-01
i: 194800, t:  462042.0 s, ωt:  46.20 (7.35 periods), wall: 25.911 minutes, Δt:   2.11, CFL: 9.00e-01
i: 194900, t:  462246.7 s, ωt:  46.22 (7.36 periods), wall: 25.923 minutes, Δt:   2.21, CFL: 9.00e-01
i: 195000, t:  462484.2 s, ωt:  46.25 (7.36 periods), wall: 25.959 minutes, Δt:   1.98, CFL: 9.00e-01
i: 195100, t:  462693.7 s, ωt:  46.27 (7.36 periods), wall: 25.970 minutes, Δt:   1.92, CFL: 9.00e-01
i: 195200, t:  462887.5 s, ωt:  46.29 (7.37 periods), wall: 25.983 minutes, Δt:   2.32, CFL: 9.00e-01
i: 195300, t:  463118.6 s, ωt:  46.31 (7.37 periods), wall: 25.994 minutes, Δt:   2.60, CFL: 9.00e-01
i: 195400, t:  463356.8 s, ωt:  46.34 (7.37 periods), wall: 26.005 minutes, Δt:   2.34, CFL: 9.00e-01
i: 195500, t:  463587.2 s, ωt:  46.36 (7.38 periods), wall: 26.016 minutes, Δt:   2.54, CFL: 9.00e-01
i: 195600, t:  463828.3 s, ωt:  46.38 (7.38 periods), wall: 26.028 minutes, Δt:   2.31, CFL: 9.00e-01
i: 195700, t:  464077.3 s, ωt:  46.41 (7.39 periods), wall: 26.044 minutes, Δt:   2.56, CFL: 9.00e-01
i: 195800, t:  464291.9 s, ωt:  46.43 (7.39 periods), wall: 26.054 minutes, Δt:   2.28, CFL: 9.00e-01
i: 195900, t:  464542.4 s, ωt:  46.45 (7.39 periods), wall: 26.065 minutes, Δt:   2.72, CFL: 9.00e-01
i: 196000, t:  464801.9 s, ωt:  46.48 (7.40 periods), wall: 26.077 minutes, Δt:   2.41, CFL: 9.00e-01
i: 196100, t:  465057.3 s, ωt:  46.51 (7.40 periods), wall: 26.089 minutes, Δt:   2.63, CFL: 9.00e-01
i: 196200, t:  465323.9 s, ωt:  46.53 (7.41 periods), wall: 26.101 minutes, Δt:   2.86, CFL: 9.00e-01
i: 196300, t:  465607.0 s, ωt:  46.56 (7.41 periods), wall: 26.112 minutes, Δt:   3.32, CFL: 9.00e-01
i: 196400, t:  465903.9 s, ωt:  46.59 (7.42 periods), wall: 26.124 minutes, Δt:   2.92, CFL: 9.00e-01
i: 196500, t:  466148.9 s, ωt:  46.61 (7.42 periods), wall: 26.134 minutes, Δt:   2.74, CFL: 9.00e-01
i: 196600, t:  466450.9 s, ωt:  46.65 (7.42 periods), wall: 26.145 minutes, Δt:   3.68, CFL: 9.00e-01
i: 196700, t:  466763.9 s, ωt:  46.68 (7.43 periods), wall: 26.157 minutes, Δt:   2.82, CFL: 9.00e-01
i: 196800, t:  467086.5 s, ωt:  46.71 (7.43 periods), wall: 26.168 minutes, Δt:   3.77, CFL: 9.00e-01
i: 196900, t:  467408.3 s, ωt:  46.74 (7.44 periods), wall: 26.181 minutes, Δt:   2.87, CFL: 9.00e-01
i: 197000, t:  467721.3 s, ωt:  46.77 (7.44 periods), wall: 26.193 minutes, Δt:   3.82, CFL: 9.00e-01
i: 197100, t:  468142.9 s, ωt:  46.81 (7.45 periods), wall: 26.208 minutes, Δt:   4.24, CFL: 9.00e-01
i: 197200, t:  468562.7 s, ωt:  46.86 (7.46 periods), wall: 26.221 minutes, Δt:   4.21, CFL: 9.00e-01
i: 197300, t:  469033.0 s, ωt:  46.90 (7.46 periods), wall: 26.233 minutes, Δt:   4.58, CFL: 9.00e-01
i: 197400, t:  469519.1 s, ωt:  46.95 (7.47 periods), wall: 26.246 minutes, Δt:   5.86, CFL: 9.00e-01
i: 197500, t:  470064.7 s, ωt:  47.01 (7.48 periods), wall: 26.260 minutes, Δt:   7.08, CFL: 9.00e-01
i: 197600, t:  470808.6 s, ωt:  47.08 (7.49 periods), wall: 26.274 minutes, Δt:   7.97, CFL: 9.00e-01
i: 197700, t:  471584.2 s, ωt:  47.16 (7.51 periods), wall: 26.303 minutes, Δt:   7.34, CFL: 9.00e-01
i: 197800, t:  472283.5 s, ωt:  47.23 (7.52 periods), wall: 26.320 minutes, Δt:   7.22, CFL: 9.00e-01
i: 197900, t:  472951.2 s, ωt:  47.30 (7.53 periods), wall: 26.339 minutes, Δt:   6.51, CFL: 9.00e-01
i: 198000, t:  473560.5 s, ωt:  47.36 (7.54 periods), wall: 26.353 minutes, Δt:   6.19, CFL: 9.00e-01
i: 198100, t:  474105.3 s, ωt:  47.41 (7.55 periods), wall: 26.366 minutes, Δt:   5.47, CFL: 9.00e-01
i: 198200, t:  474591.8 s, ωt:  47.46 (7.55 periods), wall: 26.378 minutes, Δt:   5.00, CFL: 9.00e-01
i: 198300, t:  475046.9 s, ωt:  47.50 (7.56 periods), wall: 26.391 minutes, Δt:   4.34, CFL: 9.00e-01
i: 198400, t:  475468.3 s, ωt:  47.55 (7.57 periods), wall: 26.403 minutes, Δt:   3.70, CFL: 9.00e-01
i: 198500, t:  475862.2 s, ωt:  47.59 (7.57 periods), wall: 26.414 minutes, Δt:   3.80, CFL: 9.00e-01
i: 198600, t:  476203.1 s, ωt:  47.62 (7.58 periods), wall: 26.428 minutes, Δt:   2.68, CFL: 9.00e-01
i: 198700, t:  476511.3 s, ωt:  47.65 (7.58 periods), wall: 26.440 minutes, Δt:   2.90, CFL: 9.00e-01
i: 198800, t:  476793.9 s, ωt:  47.68 (7.59 periods), wall: 26.452 minutes, Δt:   2.62, CFL: 9.00e-01
i: 198900, t:  477069.0 s, ωt:  47.71 (7.59 periods), wall: 26.463 minutes, Δt:   2.64, CFL: 9.00e-01
i: 199000, t:  477346.1 s, ωt:  47.73 (7.60 periods), wall: 26.475 minutes, Δt:   2.49, CFL: 9.00e-01
i: 199100, t:  477603.6 s, ωt:  47.76 (7.60 periods), wall: 26.488 minutes, Δt:   2.44, CFL: 9.00e-01
i: 199200, t:  477853.7 s, ωt:  47.79 (7.61 periods), wall: 26.500 minutes, Δt:   2.62, CFL: 9.00e-01
i: 199300, t:  478091.3 s, ωt:  47.81 (7.61 periods), wall: 26.510 minutes, Δt:   2.37, CFL: 9.00e-01
i: 199400, t:  478324.4 s, ωt:  47.83 (7.61 periods), wall: 26.522 minutes, Δt:   2.58, CFL: 9.00e-01
i: 199500, t:  478550.8 s, ωt:  47.86 (7.62 periods), wall: 26.535 minutes, Δt:   2.08, CFL: 9.00e-01
i: 199600, t:  478763.8 s, ωt:  47.88 (7.62 periods), wall: 26.545 minutes, Δt:   2.21, CFL: 9.00e-01
i: 199700, t:  478993.6 s, ωt:  47.90 (7.62 periods), wall: 26.557 minutes, Δt:   2.61, CFL: 9.00e-01
i: 199800, t:  479228.9 s, ωt:  47.92 (7.63 periods), wall: 26.569 minutes, Δt:   2.41, CFL: 9.00e-01
i: 199900, t:  479450.9 s, ωt:  47.95 (7.63 periods), wall: 26.583 minutes, Δt:   2.02, CFL: 9.00e-01
i: 200000, t:  479656.1 s, ωt:  47.97 (7.63 periods), wall: 26.593 minutes, Δt:   1.94, CFL: 9.00e-01
i: 200100, t:  479860.6 s, ωt:  47.99 (7.64 periods), wall: 26.604 minutes, Δt:   1.96, CFL: 9.00e-01
i: 200200, t:  480044.9 s, ωt:  48.00 (7.64 periods), wall: 26.616 minutes, Δt:   1.78, CFL: 9.00e-01
i: 200300, t:  480236.2 s, ωt:  48.02 (7.64 periods), wall: 26.626 minutes, Δt:   2.04, CFL: 9.00e-01
i: 200400, t:  480427.3 s, ωt:  48.04 (7.65 periods), wall: 26.639 minutes, Δt:   2.01, CFL: 9.00e-01
i: 200500, t:  480627.5 s, ωt:  48.06 (7.65 periods), wall: 26.649 minutes, Δt:   2.34, CFL: 9.00e-01
i: 200600, t:  480834.4 s, ωt:  48.08 (7.65 periods), wall: 26.660 minutes, Δt:   2.15, CFL: 9.00e-01
i: 200700, t:  481034.0 s, ωt:  48.10 (7.66 periods), wall: 26.673 minutes, Δt:   1.99, CFL: 9.00e-01
i: 200800, t:  481218.6 s, ωt:  48.12 (7.66 periods), wall: 26.683 minutes, Δt:   1.72, CFL: 9.00e-01
i: 200900, t:  481406.4 s, ωt:  48.14 (7.66 periods), wall: 26.695 minutes, Δt:   1.86, CFL: 9.00e-01
i: 201000, t:  481588.0 s, ωt:  48.16 (7.66 periods), wall: 26.705 minutes, Δt:   1.76, CFL: 9.00e-01
i: 201100, t:  481780.6 s, ωt:  48.18 (7.67 periods), wall: 26.718 minutes, Δt:   1.80, CFL: 9.00e-01
i: 201200, t:  481961.6 s, ωt:  48.20 (7.67 periods), wall: 26.730 minutes, Δt:   1.90, CFL: 9.00e-01
i: 201300, t:  482142.1 s, ωt:  48.21 (7.67 periods), wall: 26.740 minutes, Δt:   1.73, CFL: 9.00e-01
i: 201400, t:  482311.8 s, ωt:  48.23 (7.68 periods), wall: 26.752 minutes, Δt:   1.89, CFL: 9.00e-01
i: 201500, t:  482503.2 s, ωt:  48.25 (7.68 periods), wall: 26.762 minutes, Δt:   1.91, CFL: 9.00e-01
i: 201600, t:  482702.0 s, ωt:  48.27 (7.68 periods), wall: 26.777 minutes, Δt:   2.04, CFL: 9.00e-01
i: 201700, t:  482891.2 s, ωt:  48.29 (7.69 periods), wall: 26.788 minutes, Δt:   1.91, CFL: 9.00e-01
i: 201800, t:  483081.2 s, ωt:  48.31 (7.69 periods), wall: 26.798 minutes, Δt:   1.86, CFL: 9.00e-01
i: 201900, t:  483265.6 s, ωt:  48.33 (7.69 periods), wall: 26.810 minutes, Δt:   1.71, CFL: 9.00e-01
i: 202000, t:  483444.3 s, ωt:  48.34 (7.69 periods), wall: 26.820 minutes, Δt:   1.90, CFL: 9.00e-01
i: 202100, t:  483609.6 s, ωt:  48.36 (7.70 periods), wall: 26.832 minutes, Δt:   1.61, CFL: 9.00e-01
i: 202200, t:  483773.5 s, ωt:  48.38 (7.70 periods), wall: 26.843 minutes, Δt:   1.69, CFL: 9.00e-01
i: 202300, t:  483937.2 s, ωt:  48.39 (7.70 periods), wall: 26.854 minutes, Δt:   1.79, CFL: 9.00e-01
i: 202400, t:  484095.2 s, ωt:  48.41 (7.70 periods), wall: 26.864 minutes, Δt:   1.78, CFL: 9.00e-01
i: 202500, t:  484263.8 s, ωt:  48.43 (7.71 periods), wall: 26.876 minutes, Δt:   1.87, CFL: 9.00e-01
i: 202600, t:  484446.8 s, ωt:  48.44 (7.71 periods), wall: 26.888 minutes, Δt:   1.91, CFL: 9.00e-01
i: 202700, t:  484623.9 s, ωt:  48.46 (7.71 periods), wall: 26.899 minutes, Δt:   1.74, CFL: 9.00e-01
i: 202800, t:  484790.5 s, ωt:  48.48 (7.72 periods), wall: 26.911 minutes, Δt:   1.50, CFL: 9.00e-01
i: 202900, t:  484957.5 s, ωt:  48.50 (7.72 periods), wall: 26.921 minutes, Δt:   1.74, CFL: 9.00e-01
i: 203000, t:  485126.7 s, ωt:  48.51 (7.72 periods), wall: 26.932 minutes, Δt:   1.68, CFL: 9.00e-01
i: 203100, t:  485294.3 s, ωt:  48.53 (7.72 periods), wall: 26.942 minutes, Δt:   1.76, CFL: 9.00e-01
i: 203200, t:  485455.3 s, ωt:  48.55 (7.73 periods), wall: 26.954 minutes, Δt:   1.81, CFL: 9.00e-01
i: 203300, t:  485620.5 s, ωt:  48.56 (7.73 periods), wall: 26.964 minutes, Δt:   1.58, CFL: 9.00e-01
i: 203400, t:  485769.0 s, ωt:  48.58 (7.73 periods), wall: 26.977 minutes, Δt:   1.48, CFL: 9.00e-01
i: 203500, t:  485927.1 s, ωt:  48.59 (7.73 periods), wall: 26.988 minutes, Δt:   1.75, CFL: 9.00e-01
i: 203600, t:  486084.9 s, ωt:  48.61 (7.74 periods), wall: 27.000 minutes, Δt:   1.57, CFL: 9.00e-01
i: 203700, t:  486250.4 s, ωt:  48.63 (7.74 periods), wall: 27.010 minutes, Δt:   1.74, CFL: 9.00e-01
i: 203800, t:  486420.1 s, ωt:  48.64 (7.74 periods), wall: 27.023 minutes, Δt:   1.63, CFL: 9.00e-01
i: 203900, t:  486582.3 s, ωt:  48.66 (7.74 periods), wall: 27.033 minutes, Δt:   1.71, CFL: 9.00e-01
i: 204000, t:  486737.9 s, ωt:  48.67 (7.75 periods), wall: 27.046 minutes, Δt:   1.39, CFL: 9.00e-01
i: 204100, t:  486898.7 s, ωt:  48.69 (7.75 periods), wall: 27.056 minutes, Δt:   1.80, CFL: 9.00e-01
i: 204200, t:  487049.9 s, ωt:  48.70 (7.75 periods), wall: 27.068 minutes, Δt:   1.45, CFL: 9.00e-01
i: 204300, t:  487216.3 s, ωt:  48.72 (7.75 periods), wall: 27.078 minutes, Δt:   1.68, CFL: 9.00e-01
i: 204400, t:  487392.1 s, ωt:  48.74 (7.76 periods), wall: 27.090 minutes, Δt:   1.74, CFL: 9.00e-01
i: 204500, t:  487560.4 s, ωt:  48.76 (7.76 periods), wall: 27.100 minutes, Δt:   1.71, CFL: 9.00e-01
i: 204600, t:  487732.4 s, ωt:  48.77 (7.76 periods), wall: 27.112 minutes, Δt:   1.70, CFL: 9.00e-01
i: 204700, t:  487894.4 s, ωt:  48.79 (7.77 periods), wall: 27.125 minutes, Δt:   1.81, CFL: 9.00e-01
i: 204800, t:  488063.4 s, ωt:  48.81 (7.77 periods), wall: 27.135 minutes, Δt:   1.60, CFL: 9.00e-01
i: 204900, t:  488217.1 s, ωt:  48.82 (7.77 periods), wall: 27.148 minutes, Δt:   1.37, CFL: 9.00e-01
i: 205000, t:  488357.8 s, ωt:  48.84 (7.77 periods), wall: 27.158 minutes, Δt:   1.40, CFL: 9.00e-01
i: 205100, t:  488514.7 s, ωt:  48.85 (7.77 periods), wall: 27.168 minutes, Δt:   1.64, CFL: 9.00e-01
i: 205200, t:  488680.0 s, ωt:  48.87 (7.78 periods), wall: 27.180 minutes, Δt:   1.59, CFL: 9.00e-01
i: 205300, t:  488849.4 s, ωt:  48.88 (7.78 periods), wall: 27.192 minutes, Δt:   1.64, CFL: 9.00e-01
i: 205400, t:  489009.2 s, ωt:  48.90 (7.78 periods), wall: 27.202 minutes, Δt:   1.35, CFL: 9.00e-01
i: 205500, t:  489179.5 s, ωt:  48.92 (7.79 periods), wall: 27.213 minutes, Δt:   1.73, CFL: 9.00e-01
i: 205600, t:  489345.4 s, ωt:  48.93 (7.79 periods), wall: 27.223 minutes, Δt:   1.56, CFL: 9.00e-01
i: 205700, t:  489500.4 s, ωt:  48.95 (7.79 periods), wall: 27.236 minutes, Δt:   1.64, CFL: 9.00e-01
i: 205800, t:  489672.5 s, ωt:  48.97 (7.79 periods), wall: 27.246 minutes, Δt:   1.73, CFL: 9.00e-01
i: 205900, t:  489848.2 s, ωt:  48.98 (7.80 periods), wall: 27.259 minutes, Δt:   1.73, CFL: 9.00e-01
i: 206000, t:  490025.7 s, ωt:  49.00 (7.80 periods), wall: 27.269 minutes, Δt:   1.65, CFL: 9.00e-01
i: 206100, t:  490194.5 s, ωt:  49.02 (7.80 periods), wall: 27.285 minutes, Δt:   1.74, CFL: 9.00e-01
i: 206200, t:  490359.9 s, ωt:  49.04 (7.80 periods), wall: 27.295 minutes, Δt:   1.57, CFL: 9.00e-01
i: 206300, t:  490528.5 s, ωt:  49.05 (7.81 periods), wall: 27.308 minutes, Δt:   1.73, CFL: 9.00e-01
i: 206400, t:  490702.6 s, ωt:  49.07 (7.81 periods), wall: 27.318 minutes, Δt:   1.91, CFL: 9.00e-01
i: 206500, t:  490886.3 s, ωt:  49.09 (7.81 periods), wall: 27.329 minutes, Δt:   1.56, CFL: 9.00e-01
i: 206600, t:  491049.4 s, ωt:  49.10 (7.82 periods), wall: 27.341 minutes, Δt:   1.57, CFL: 9.00e-01
i: 206700, t:  491229.1 s, ωt:  49.12 (7.82 periods), wall: 27.351 minutes, Δt:   1.82, CFL: 9.00e-01
i: 206800, t:  491396.7 s, ωt:  49.14 (7.82 periods), wall: 27.363 minutes, Δt:   1.60, CFL: 9.00e-01
i: 206900, t:  491563.9 s, ωt:  49.16 (7.82 periods), wall: 27.373 minutes, Δt:   1.76, CFL: 9.00e-01
i: 207000, t:  491732.2 s, ωt:  49.17 (7.83 periods), wall: 27.386 minutes, Δt:   1.70, CFL: 9.00e-01
i: 207100, t:  491904.9 s, ωt:  49.19 (7.83 periods), wall: 27.396 minutes, Δt:   1.89, CFL: 9.00e-01
i: 207200, t:  492091.2 s, ωt:  49.21 (7.83 periods), wall: 27.408 minutes, Δt:   1.68, CFL: 9.00e-01
i: 207300, t:  492279.0 s, ωt:  49.23 (7.83 periods), wall: 27.418 minutes, Δt:   1.87, CFL: 9.00e-01
i: 207400, t:  492471.5 s, ωt:  49.25 (7.84 periods), wall: 27.430 minutes, Δt:   1.74, CFL: 9.00e-01
i: 207500, t:  492657.0 s, ωt:  49.27 (7.84 periods), wall: 27.442 minutes, Δt:   1.83, CFL: 9.00e-01
i: 207600, t:  492854.4 s, ωt:  49.29 (7.84 periods), wall: 27.452 minutes, Δt:   1.63, CFL: 9.00e-01
i: 207700, t:  493030.6 s, ωt:  49.30 (7.85 periods), wall: 27.464 minutes, Δt:   2.19, CFL: 9.00e-01
i: 207800, t:  493232.2 s, ωt:  49.32 (7.85 periods), wall: 27.476 minutes, Δt:   2.07, CFL: 9.00e-01
i: 207900, t:  493444.0 s, ωt:  49.34 (7.85 periods), wall: 27.486 minutes, Δt:   2.10, CFL: 9.00e-01
i: 208000, t:  493652.8 s, ωt:  49.37 (7.86 periods), wall: 27.497 minutes, Δt:   2.39, CFL: 9.00e-01
i: 208100, t:  493858.4 s, ωt:  49.39 (7.86 periods), wall: 27.508 minutes, Δt:   2.14, CFL: 9.00e-01
i: 208200, t:  494079.4 s, ωt:  49.41 (7.86 periods), wall: 27.519 minutes, Δt:   2.10, CFL: 9.00e-01
i: 208300, t:  494304.3 s, ωt:  49.43 (7.87 periods), wall: 27.530 minutes, Δt:   2.30, CFL: 9.00e-01
i: 208400, t:  494506.1 s, ωt:  49.45 (7.87 periods), wall: 27.541 minutes, Δt:   2.27, CFL: 9.00e-01
i: 208500, t:  494711.5 s, ωt:  49.47 (7.87 periods), wall: 27.551 minutes, Δt:   1.94, CFL: 9.00e-01
i: 208600, t:  494913.8 s, ωt:  49.49 (7.88 periods), wall: 27.564 minutes, Δt:   2.26, CFL: 9.00e-01
i: 208700, t:  495115.0 s, ωt:  49.51 (7.88 periods), wall: 27.574 minutes, Δt:   2.25, CFL: 9.00e-01
i: 208800, t:  495321.6 s, ωt:  49.53 (7.88 periods), wall: 27.588 minutes, Δt:   2.06, CFL: 9.00e-01
i: 208900, t:  495541.7 s, ωt:  49.55 (7.89 periods), wall: 27.601 minutes, Δt:   1.84, CFL: 9.00e-01
i: 209000, t:  495752.3 s, ωt:  49.58 (7.89 periods), wall: 27.613 minutes, Δt:   2.17, CFL: 9.00e-01
i: 209100, t:  495967.1 s, ωt:  49.60 (7.89 periods), wall: 27.623 minutes, Δt:   2.45, CFL: 9.00e-01
i: 209200, t:  496199.3 s, ωt:  49.62 (7.90 periods), wall: 27.635 minutes, Δt:   1.89, CFL: 9.00e-01
i: 209300, t:  496444.1 s, ωt:  49.64 (7.90 periods), wall: 27.646 minutes, Δt:   2.91, CFL: 9.00e-01
i: 209400, t:  496680.5 s, ωt:  49.67 (7.90 periods), wall: 27.656 minutes, Δt:   2.49, CFL: 9.00e-01
i: 209500, t:  496910.8 s, ωt:  49.69 (7.91 periods), wall: 27.668 minutes, Δt:   2.58, CFL: 9.00e-01
i: 209600, t:  497177.5 s, ωt:  49.72 (7.91 periods), wall: 27.680 minutes, Δt:   2.26, CFL: 9.00e-01
i: 209700, t:  497389.5 s, ωt:  49.74 (7.92 periods), wall: 27.693 minutes, Δt:   2.42, CFL: 9.00e-01
i: 209800, t:  497675.6 s, ωt:  49.77 (7.92 periods), wall: 27.705 minutes, Δt:   3.34, CFL: 9.00e-01
i: 209900, t:  498003.6 s, ωt:  49.80 (7.93 periods), wall: 27.717 minutes, Δt:   3.41, CFL: 9.00e-01
i: 210000, t:  498311.0 s, ωt:  49.83 (7.93 periods), wall: 27.728 minutes, Δt:   3.15, CFL: 9.00e-01
i: 210100, t:  498631.8 s, ωt:  49.86 (7.94 periods), wall: 27.749 minutes, Δt:   3.34, CFL: 9.00e-01
i: 210200, t:  498954.6 s, ωt:  49.90 (7.94 periods), wall: 27.760 minutes, Δt:   3.63, CFL: 9.00e-01
i: 210300, t:  499250.1 s, ωt:  49.93 (7.95 periods), wall: 27.772 minutes, Δt:   3.57, CFL: 9.00e-01
i: 210400, t:  499600.5 s, ωt:  49.96 (7.95 periods), wall: 27.783 minutes, Δt:   3.73, CFL: 9.00e-01
i: 210500, t:  499932.3 s, ωt:  49.99 (7.96 periods), wall: 27.794 minutes, Δt:   3.37, CFL: 9.00e-01
i: 210600, t:  500301.6 s, ωt:  50.03 (7.96 periods), wall: 27.805 minutes, Δt:   3.39, CFL: 9.00e-01
i: 210700, t:  500648.4 s, ωt:  50.06 (7.97 periods), wall: 27.817 minutes, Δt:   4.32, CFL: 9.00e-01
i: 210800, t:  501075.5 s, ωt:  50.11 (7.97 periods), wall: 27.830 minutes, Δt:   4.84, CFL: 9.00e-01
i: 210900, t:  501606.4 s, ωt:  50.16 (7.98 periods), wall: 27.844 minutes, Δt:   5.72, CFL: 9.00e-01
i: 211000, t:  502213.7 s, ωt:  50.22 (7.99 periods), wall: 27.858 minutes, Δt:   6.74, CFL: 9.00e-01
  Activating project at `/cephfs/store/damtp/tll46/SRIM-2026/Stokes/3D`
[ Info: Oceananigans will use 4 threads
┌ Warning: CUDA runtime library `libcusparse.so.12` was loaded from a system path, `/usr/local/software/spack/2024.2/views/maths/cuda-12.6.3/gcc-11.4.0/leehydd5fuufm35ohlbwth2mqtadrq3f/lib64/libcusparse.so.12`.
│ This may cause errors.
│ 
│ If you're running under a profiler, this situation is expected. Otherwise,
│ ensure that your library path environment variable (e.g., `PATH` on Windows
│ or `LD_LIBRARY_PATH` on Linux) does not include CUDA library paths.
│ 
│ In any other case, please file an issue.
└ @ CUDACore ~/.julia/packages/CUDACore/NlVPI/src/initialization.jl:199
┌ Warning: CUDA runtime library `libnvJitLink.so.12` was loaded from a system path, `/usr/local/software/spack/2024.2/views/maths/cuda-12.6.3/gcc-11.4.0/leehydd5fuufm35ohlbwth2mqtadrq3f/lib64/libnvJitLink.so.12`.
│ This may cause errors.
│ 
│ If you're running under a profiler, this situation is expected. Otherwise,
│ ensure that your library path environment variable (e.g., `PATH` on Windows
│ or `LD_LIBRARY_PATH` on Linux) does not include CUDA library paths.
│ 
│ In any other case, please file an issue.
└ @ CUDACore ~/.julia/packages/CUDACore/NlVPI/src/initialization.jl:199
[ Info: Case P4_T15_sqrtRi10: Ri = 100 (√Ri = 10), N² = 1e-06 s⁻², δ_s = 0.1414 m, Re_s = 5657
[ Info: Domain 10.000 × 10.000 × 50.000 m = 71 × 71 × 354 δ_s (physical), + 70.7 δ_s sponge on top → grid top 424 δ_s, 8 periods
[ Info: Analysed/plotted section: 0 – 25.00 m = 177 δ_s (pycnocline at T = 15.0 m)
[ Info: Background: softplus (profile 4), T = 15.0 m = 106.1 δ_s — N²_bg/N∞² = 0.000 at z = δ_s, 1.000 at z = Lz, 1.000 at lid; Δb over domain = 4.5e-05 m s⁻²
[ Info: Bottom Δz = 0.0122 m = 0.086 δ_s (11.6 points across δ_s); 216 cells below z = 177 δ_s; 268 physical + 21 sponge cells (sponge Δz = 3.367 δ_s)
[ Info: Δx = 0.2083 m = 1.47 δ_s, Δy = 0.2083 m = 1.47 δ_s
[ Info: Pycnocline z = T = 15.0 m: Δz = 0.0731 m, transition width = 0.732 m → 10.0 cells across (band ±2.2 m)
[ Info: Initializing velocities from Ri=0 spin-up: outputs/spinup_T15/TidalBL3D_spinup_T15_fields.jld2
[ Info: Using snapshot 11/11 (t = 5.00 periods of the spin-up)
[ Info: Initializing simulation...
[ Info:     ... simulation initialization complete (18.466 seconds)
[ Info: Executing initial time step...
[ Info:     ... initial time step complete (4.866 seconds).
[ Info: Simulation is stopping after running for 27.672 minutes.
[ Info: Simulation time 5.818 days equals or exceeds stop time 5.818 days.
