i:      0, t:       0.0 s, ωt:   0.00 (0.00 periods), wall: 25.607 seconds, Δt:   1.20, CFL: 1.96e-01
i:    100, t:     291.7 s, ωt:   0.03 (0.00 periods), wall: 47.822 seconds, Δt:   4.30, CFL: 7.20e-01
i:    200, t:     706.0 s, ωt:   0.07 (0.01 periods), wall: 50.820 seconds, Δt:   3.78, CFL: 7.20e-01
i:    300, t:    1046.0 s, ωt:   0.10 (0.02 periods), wall: 53.805 seconds, Δt:   3.13, CFL: 7.20e-01
i:    400, t:    1335.5 s, ωt:   0.13 (0.02 periods), wall: 56.791 seconds, Δt:   2.60, CFL: 7.20e-01
i:    500, t:    1585.7 s, ωt:   0.16 (0.03 periods), wall: 59.777 seconds, Δt:   2.60, CFL: 7.20e-01
i:    600, t:    1840.2 s, ωt:   0.18 (0.03 periods), wall: 1.046 minutes, Δt:   2.16, CFL: 7.20e-01
i:    700, t:    2059.9 s, ωt:   0.21 (0.03 periods), wall: 1.096 minutes, Δt:   2.33, CFL: 7.20e-01
i:    800, t:    2283.9 s, ωt:   0.23 (0.04 periods), wall: 1.146 minutes, Δt:   2.16, CFL: 7.20e-01
i:    900, t:    2496.1 s, ωt:   0.25 (0.04 periods), wall: 1.195 minutes, Δt:   2.41, CFL: 7.20e-01
i:   1000, t:    2731.4 s, ωt:   0.27 (0.04 periods), wall: 1.245 minutes, Δt:   2.28, CFL: 7.20e-01
i:   1100, t:    2957.1 s, ωt:   0.30 (0.05 periods), wall: 1.295 minutes, Δt:   2.35, CFL: 7.20e-01
i:   1200, t:    3204.4 s, ωt:   0.32 (0.05 periods), wall: 1.345 minutes, Δt:   2.56, CFL: 7.20e-01
i:   1300, t:    3419.0 s, ωt:   0.34 (0.05 periods), wall: 1.394 minutes, Δt:   2.03, CFL: 7.20e-01
i:   1400, t:    3637.1 s, ωt:   0.36 (0.06 periods), wall: 1.444 minutes, Δt:   2.11, CFL: 7.20e-01
i:   1500, t:    3842.3 s, ωt:   0.38 (0.06 periods), wall: 1.494 minutes, Δt:   1.98, CFL: 7.20e-01
i:   1600, t:    4039.3 s, ωt:   0.40 (0.06 periods), wall: 1.544 minutes, Δt:   1.88, CFL: 7.20e-01
i:   1700, t:    4215.6 s, ωt:   0.42 (0.07 periods), wall: 1.594 minutes, Δt:   2.05, CFL: 7.20e-01
i:   1800, t:    4400.1 s, ωt:   0.44 (0.07 periods), wall: 1.643 minutes, Δt:   1.86, CFL: 7.20e-01
i:   1900, t:    4575.0 s, ωt:   0.46 (0.07 periods), wall: 1.693 minutes, Δt:   1.84, CFL: 7.20e-01
i:   2000, t:    4736.0 s, ωt:   0.47 (0.08 periods), wall: 1.743 minutes, Δt:   1.72, CFL: 7.20e-01
i:   2100, t:    4890.2 s, ωt:   0.49 (0.08 periods), wall: 1.793 minutes, Δt:   1.58, CFL: 7.20e-01
i:   2200, t:    5034.2 s, ωt:   0.50 (0.08 periods), wall: 1.843 minutes, Δt:   1.46, CFL: 7.20e-01
i:   2300, t:    5188.2 s, ωt:   0.52 (0.08 periods), wall: 1.893 minutes, Δt:   1.47, CFL: 7.20e-01
i:   2400, t:    5331.3 s, ωt:   0.53 (0.08 periods), wall: 1.942 minutes, Δt:   1.50, CFL: 7.20e-01
i:   2500, t:    5476.9 s, ωt:   0.55 (0.09 periods), wall: 1.993 minutes, Δt:   1.49, CFL: 7.20e-01
i:   2600, t:    5617.4 s, ωt:   0.56 (0.09 periods), wall: 2.042 minutes, Δt:   1.23, CFL: 7.20e-01
i:   2700, t:    5745.6 s, ωt:   0.57 (0.09 periods), wall: 2.092 minutes, Δt:   1.21, CFL: 7.20e-01
i:   2800, t:    5878.6 s, ωt:   0.59 (0.09 periods), wall: 2.142 minutes, Δt:   1.24, CFL: 7.20e-01
i:   2900, t:    6010.4 s, ωt:   0.60 (0.10 periods), wall: 2.192 minutes, Δt:   1.19, CFL: 7.20e-01
i:   3000, t:    6140.1 s, ωt:   0.61 (0.10 periods), wall: 2.241 minutes, Δt:   1.19, CFL: 7.20e-01
i:   3100, t:    6259.5 s, ωt:   0.63 (0.10 periods), wall: 2.291 minutes, Δt:   1.21, CFL: 7.20e-01
i:   3200, t:    6370.9 s, ωt:   0.64 (0.10 periods), wall: 2.341 minutes, Δt:   1.23, CFL: 7.20e-01
i:   3300, t:    6491.1 s, ωt:   0.65 (0.10 periods), wall: 2.391 minutes, Δt:   1.21, CFL: 7.20e-01
i:   3400, t:    6615.7 s, ωt:   0.66 (0.11 periods), wall: 2.441 minutes, Δt:   1.14, CFL: 7.20e-01
i:   3500, t:    6731.2 s, ωt:   0.67 (0.11 periods), wall: 2.491 minutes, Δt:   1.24, CFL: 7.20e-01
i:   3600, t:    6845.7 s, ωt:   0.68 (0.11 periods), wall: 2.541 minutes, Δt:   0.91, CFL: 7.20e-01
i:   3700, t:    6946.3 s, ωt:   0.69 (0.11 periods), wall: 2.591 minutes, Δt:   0.94, CFL: 7.20e-01
i:   3800, t:    7049.5 s, ωt:   0.70 (0.11 periods), wall: 2.641 minutes, Δt:   1.19, CFL: 7.20e-01
i:   3900, t:    7165.1 s, ωt:   0.72 (0.11 periods), wall: 2.690 minutes, Δt:   1.13, CFL: 7.20e-01
i:   4000, t:    7277.1 s, ωt:   0.73 (0.12 periods), wall: 2.741 minutes, Δt:   1.07, CFL: 7.20e-01
i:   4100, t:    7389.0 s, ωt:   0.74 (0.12 periods), wall: 2.791 minutes, Δt:   1.07, CFL: 7.20e-01
i:   4200, t:    7490.4 s, ωt:   0.75 (0.12 periods), wall: 2.840 minutes, Δt:   1.21, CFL: 7.20e-01
i:   4300, t:    7600.1 s, ωt:   0.76 (0.12 periods), wall: 2.890 minutes, Δt:   1.16, CFL: 7.20e-01
i:   4400, t:    7706.9 s, ωt:   0.77 (0.12 periods), wall: 2.940 minutes, Δt:   0.94, CFL: 7.20e-01
i:   4500, t:    7808.4 s, ωt:   0.78 (0.12 periods), wall: 2.990 minutes, Δt:   1.08, CFL: 7.20e-01
i:   4600, t:    7909.4 s, ωt:   0.79 (0.13 periods), wall: 3.040 minutes, Δt:   0.94, CFL: 7.20e-01
i:   4700, t:    8013.8 s, ωt:   0.80 (0.13 periods), wall: 3.090 minutes, Δt:   1.12, CFL: 7.20e-01
i:   4800, t:    8114.6 s, ωt:   0.81 (0.13 periods), wall: 3.140 minutes, Δt:   1.15, CFL: 7.20e-01
i:   4900, t:    8220.8 s, ωt:   0.82 (0.13 periods), wall: 3.190 minutes, Δt:   1.05, CFL: 7.20e-01
i:   5000, t:    8321.8 s, ωt:   0.83 (0.13 periods), wall: 3.240 minutes, Δt:   0.87, CFL: 7.20e-01
i:   5100, t:    8420.1 s, ωt:   0.84 (0.13 periods), wall: 3.289 minutes, Δt:   1.03, CFL: 7.20e-01
i:   5200, t:    8514.8 s, ωt:   0.85 (0.14 periods), wall: 3.339 minutes, Δt:   0.83, CFL: 7.20e-01
i:   5300, t:    8602.1 s, ωt:   0.86 (0.14 periods), wall: 3.389 minutes, Δt:   0.91, CFL: 7.20e-01
i:   5400, t:    8689.4 s, ωt:   0.87 (0.14 periods), wall: 3.439 minutes, Δt:   0.93, CFL: 7.20e-01
i:   5500, t:    8786.4 s, ωt:   0.88 (0.14 periods), wall: 3.489 minutes, Δt:   0.90, CFL: 7.20e-01
i:   5600, t:    8880.6 s, ωt:   0.89 (0.14 periods), wall: 3.539 minutes, Δt:   0.92, CFL: 7.20e-01
i:   5700, t:    8977.5 s, ωt:   0.90 (0.14 periods), wall: 3.589 minutes, Δt:   1.01, CFL: 7.20e-01
i:   5800, t:    9076.9 s, ωt:   0.91 (0.14 periods), wall: 3.639 minutes, Δt:   0.93, CFL: 7.20e-01
i:   5900, t:    9164.2 s, ωt:   0.92 (0.15 periods), wall: 3.689 minutes, Δt:   0.85, CFL: 7.20e-01
i:   6000, t:    9252.2 s, ωt:   0.93 (0.15 periods), wall: 3.738 minutes, Δt:   0.86, CFL: 7.20e-01
i:   6100, t:    9345.2 s, ωt:   0.93 (0.15 periods), wall: 3.788 minutes, Δt:   0.86, CFL: 7.20e-01
i:   6200, t:    9436.7 s, ωt:   0.94 (0.15 periods), wall: 3.838 minutes, Δt:   0.90, CFL: 7.20e-01
i:   6300, t:    9528.9 s, ωt:   0.95 (0.15 periods), wall: 3.888 minutes, Δt:   0.95, CFL: 7.20e-01
i:   6400, t:    9620.7 s, ωt:   0.96 (0.15 periods), wall: 3.938 minutes, Δt:   0.93, CFL: 7.20e-01
i:   6500, t:    9715.3 s, ωt:   0.97 (0.15 periods), wall: 3.988 minutes, Δt:   0.89, CFL: 7.20e-01
i:   6600, t:    9792.1 s, ωt:   0.98 (0.16 periods), wall: 4.038 minutes, Δt:   0.78, CFL: 7.20e-01
i:   6700, t:    9879.1 s, ωt:   0.99 (0.16 periods), wall: 4.088 minutes, Δt:   0.93, CFL: 7.20e-01
i:   6800, t:    9968.5 s, ωt:   1.00 (0.16 periods), wall: 4.137 minutes, Δt:   0.81, CFL: 7.20e-01
i:   6900, t:   10050.3 s, ωt:   1.01 (0.16 periods), wall: 4.187 minutes, Δt:   0.95, CFL: 7.20e-01
i:   7000, t:   10142.1 s, ωt:   1.01 (0.16 periods), wall: 4.238 minutes, Δt:   0.83, CFL: 7.20e-01
i:   7100, t:   10230.2 s, ωt:   1.02 (0.16 periods), wall: 4.288 minutes, Δt:   0.95, CFL: 7.20e-01
i:   7200, t:   10314.2 s, ωt:   1.03 (0.16 periods), wall: 4.337 minutes, Δt:   0.88, CFL: 7.20e-01
i:   7300, t:   10404.2 s, ωt:   1.04 (0.17 periods), wall: 4.388 minutes, Δt:   0.87, CFL: 7.20e-01
i:   7400, t:   10492.0 s, ωt:   1.05 (0.17 periods), wall: 4.438 minutes, Δt:   0.97, CFL: 7.20e-01
i:   7500, t:   10574.3 s, ωt:   1.06 (0.17 periods), wall: 4.489 minutes, Δt:   0.58, CFL: 7.20e-01
i:   7600, t:   10650.8 s, ωt:   1.07 (0.17 periods), wall: 4.539 minutes, Δt:   0.86, CFL: 7.20e-01
i:   7700, t:   10731.0 s, ωt:   1.07 (0.17 periods), wall: 4.589 minutes, Δt:   0.88, CFL: 7.20e-01
i:   7800, t:   10821.0 s, ωt:   1.08 (0.17 periods), wall: 4.639 minutes, Δt:   0.79, CFL: 7.20e-01
i:   7900, t:   10901.0 s, ωt:   1.09 (0.17 periods), wall: 4.689 minutes, Δt:   0.71, CFL: 7.20e-01
i:   8000, t:   10976.9 s, ωt:   1.10 (0.17 periods), wall: 4.739 minutes, Δt:   0.58, CFL: 7.20e-01
i:   8100, t:   11047.1 s, ωt:   1.10 (0.18 periods), wall: 4.790 minutes, Δt:   0.94, CFL: 7.20e-01
i:   8200, t:   11131.1 s, ωt:   1.11 (0.18 periods), wall: 4.840 minutes, Δt:   0.79, CFL: 7.20e-01
i:   8300, t:   11215.8 s, ωt:   1.12 (0.18 periods), wall: 4.890 minutes, Δt:   0.91, CFL: 7.20e-01
i:   8400, t:   11298.6 s, ωt:   1.13 (0.18 periods), wall: 4.940 minutes, Δt:   0.63, CFL: 7.20e-01
i:   8500, t:   11364.7 s, ωt:   1.14 (0.18 periods), wall: 4.990 minutes, Δt:   0.81, CFL: 7.20e-01
i:   8600, t:   11450.2 s, ωt:   1.15 (0.18 periods), wall: 5.040 minutes, Δt:   0.81, CFL: 7.20e-01
i:   8700, t:   11526.4 s, ωt:   1.15 (0.18 periods), wall: 5.090 minutes, Δt:   0.76, CFL: 7.20e-01
i:   8800, t:   11595.2 s, ωt:   1.16 (0.18 periods), wall: 5.140 minutes, Δt:   0.73, CFL: 7.20e-01
i:   8900, t:   11672.0 s, ωt:   1.17 (0.19 periods), wall: 5.190 minutes, Δt:   0.81, CFL: 7.20e-01
i:   9000, t:   11746.2 s, ωt:   1.17 (0.19 periods), wall: 5.239 minutes, Δt:   0.76, CFL: 7.20e-01
i:   9100, t:   11824.2 s, ωt:   1.18 (0.19 periods), wall: 5.289 minutes, Δt:   0.65, CFL: 7.20e-01
i:   9200, t:   11892.4 s, ωt:   1.19 (0.19 periods), wall: 5.339 minutes, Δt:   0.78, CFL: 7.20e-01
i:   9300, t:   11969.2 s, ωt:   1.20 (0.19 periods), wall: 5.389 minutes, Δt:   0.81, CFL: 7.20e-01
i:   9400, t:   12049.1 s, ωt:   1.20 (0.19 periods), wall: 5.439 minutes, Δt:   0.85, CFL: 7.20e-01
i:   9500, t:   12132.2 s, ωt:   1.21 (0.19 periods), wall: 5.489 minutes, Δt:   0.82, CFL: 7.20e-01
i:   9600, t:   12217.0 s, ωt:   1.22 (0.19 periods), wall: 5.538 minutes, Δt:   0.84, CFL: 7.20e-01
i:   9700, t:   12294.6 s, ωt:   1.23 (0.20 periods), wall: 5.588 minutes, Δt:   0.67, CFL: 7.20e-01
i:   9800, t:   12374.7 s, ωt:   1.24 (0.20 periods), wall: 5.638 minutes, Δt:   0.92, CFL: 7.20e-01
i:   9900, t:   12450.2 s, ωt:   1.25 (0.20 periods), wall: 5.688 minutes, Δt:   0.76, CFL: 7.20e-01
i:  10000, t:   12529.2 s, ωt:   1.25 (0.20 periods), wall: 5.738 minutes, Δt:   0.63, CFL: 7.20e-01
i:  10100, t:   12601.2 s, ωt:   1.26 (0.20 periods), wall: 5.788 minutes, Δt:   0.72, CFL: 7.20e-01
i:  10200, t:   12674.3 s, ωt:   1.27 (0.20 periods), wall: 5.838 minutes, Δt:   0.67, CFL: 7.20e-01
i:  10300, t:   12748.4 s, ωt:   1.27 (0.20 periods), wall: 5.888 minutes, Δt:   0.73, CFL: 7.20e-01
i:  10400, t:   12822.4 s, ωt:   1.28 (0.20 periods), wall: 5.937 minutes, Δt:   0.75, CFL: 7.20e-01
i:  10500, t:   12892.3 s, ωt:   1.29 (0.21 periods), wall: 5.987 minutes, Δt:   0.84, CFL: 7.20e-01
i:  10600, t:   12971.1 s, ωt:   1.30 (0.21 periods), wall: 6.038 minutes, Δt:   0.85, CFL: 7.20e-01
i:  10700, t:   13057.3 s, ωt:   1.31 (0.21 periods), wall: 6.088 minutes, Δt:   0.91, CFL: 7.20e-01
i:  10800, t:   13141.5 s, ωt:   1.31 (0.21 periods), wall: 6.138 minutes, Δt:   0.85, CFL: 7.20e-01
i:  10900, t:   13225.3 s, ωt:   1.32 (0.21 periods), wall: 6.188 minutes, Δt:   0.83, CFL: 7.20e-01
i:  11000, t:   13302.7 s, ωt:   1.33 (0.21 periods), wall: 6.238 minutes, Δt:   0.67, CFL: 7.20e-01
i:  11100, t:   13380.2 s, ωt:   1.34 (0.21 periods), wall: 6.288 minutes, Δt:   0.72, CFL: 7.20e-01
i:  11200, t:   13454.6 s, ωt:   1.35 (0.21 periods), wall: 6.338 minutes, Δt:   0.76, CFL: 7.20e-01
i:  11300, t:   13523.2 s, ωt:   1.35 (0.22 periods), wall: 6.388 minutes, Δt:   0.53, CFL: 7.20e-01
i:  11400, t:   13592.1 s, ωt:   1.36 (0.22 periods), wall: 6.437 minutes, Δt:   0.66, CFL: 7.20e-01
i:  11500, t:   13665.7 s, ωt:   1.37 (0.22 periods), wall: 6.487 minutes, Δt:   0.81, CFL: 7.20e-01
i:  11600, t:   13745.6 s, ωt:   1.37 (0.22 periods), wall: 6.537 minutes, Δt:   0.81, CFL: 7.20e-01
i:  11700, t:   13825.3 s, ωt:   1.38 (0.22 periods), wall: 6.587 minutes, Δt:   0.77, CFL: 7.20e-01
i:  11800, t:   13905.6 s, ωt:   1.39 (0.22 periods), wall: 6.637 minutes, Δt:   0.88, CFL: 7.20e-01
i:  11900, t:   13990.2 s, ωt:   1.40 (0.22 periods), wall: 6.687 minutes, Δt:   0.77, CFL: 7.20e-01
i:  12000, t:   14072.6 s, ωt:   1.41 (0.22 periods), wall: 6.737 minutes, Δt:   0.68, CFL: 7.20e-01
i:  12100, t:   14140.1 s, ωt:   1.41 (0.23 periods), wall: 6.787 minutes, Δt:   0.73, CFL: 7.20e-01
i:  12200, t:   14213.8 s, ωt:   1.42 (0.23 periods), wall: 6.836 minutes, Δt:   0.71, CFL: 7.20e-01
i:  12300, t:   14281.6 s, ωt:   1.43 (0.23 periods), wall: 6.886 minutes, Δt:   0.62, CFL: 7.20e-01
i:  12400, t:   14353.0 s, ωt:   1.44 (0.23 periods), wall: 6.936 minutes, Δt:   0.80, CFL: 7.20e-01
i:  12500, t:   14426.7 s, ωt:   1.44 (0.23 periods), wall: 6.986 minutes, Δt:   0.59, CFL: 7.20e-01
i:  12600, t:   14498.7 s, ωt:   1.45 (0.23 periods), wall: 7.036 minutes, Δt:   0.81, CFL: 7.20e-01
i:  12700, t:   14578.6 s, ωt:   1.46 (0.23 periods), wall: 7.086 minutes, Δt:   0.76, CFL: 7.20e-01
i:  12800, t:   14653.0 s, ωt:   1.47 (0.23 periods), wall: 7.136 minutes, Δt:   0.80, CFL: 7.20e-01
i:  12900, t:   14730.6 s, ωt:   1.47 (0.23 periods), wall: 7.185 minutes, Δt:   0.77, CFL: 7.20e-01
i:  13000, t:   14805.9 s, ωt:   1.48 (0.24 periods), wall: 7.236 minutes, Δt:   0.75, CFL: 7.20e-01
i:  13100, t:   14879.1 s, ωt:   1.49 (0.24 periods), wall: 7.285 minutes, Δt:   0.79, CFL: 7.20e-01
i:  13200, t:   14951.7 s, ωt:   1.50 (0.24 periods), wall: 7.335 minutes, Δt:   0.82, CFL: 7.20e-01
i:  13300, t:   15029.2 s, ωt:   1.50 (0.24 periods), wall: 7.385 minutes, Δt:   0.72, CFL: 7.20e-01
i:  13400, t:   15108.8 s, ωt:   1.51 (0.24 periods), wall: 7.435 minutes, Δt:   0.92, CFL: 7.20e-01
i:  13500, t:   15185.8 s, ωt:   1.52 (0.24 periods), wall: 7.485 minutes, Δt:   0.79, CFL: 7.20e-01
i:  13600, t:   15261.0 s, ωt:   1.53 (0.24 periods), wall: 7.535 minutes, Δt:   0.73, CFL: 7.20e-01
i:  13700, t:   15338.0 s, ωt:   1.53 (0.24 periods), wall: 7.585 minutes, Δt:   0.77, CFL: 7.20e-01
i:  13800, t:   15414.6 s, ωt:   1.54 (0.25 periods), wall: 7.635 minutes, Δt:   0.80, CFL: 7.20e-01
i:  13900, t:   15483.6 s, ωt:   1.55 (0.25 periods), wall: 7.685 minutes, Δt:   0.71, CFL: 7.20e-01
i:  14000, t:   15553.4 s, ωt:   1.56 (0.25 periods), wall: 7.735 minutes, Δt:   0.73, CFL: 7.20e-01
i:  14100, t:   15625.1 s, ωt:   1.56 (0.25 periods), wall: 7.785 minutes, Δt:   0.84, CFL: 7.20e-01
i:  14200, t:   15693.5 s, ωt:   1.57 (0.25 periods), wall: 7.835 minutes, Δt:   0.70, CFL: 7.20e-01
i:  14300, t:   15767.8 s, ωt:   1.58 (0.25 periods), wall: 7.885 minutes, Δt:   0.83, CFL: 7.20e-01
i:  14400, t:   15847.5 s, ωt:   1.58 (0.25 periods), wall: 7.935 minutes, Δt:   0.75, CFL: 7.20e-01
i:  14500, t:   15929.8 s, ωt:   1.59 (0.25 periods), wall: 7.984 minutes, Δt:   0.78, CFL: 7.20e-01
i:  14600, t:   16005.0 s, ωt:   1.60 (0.25 periods), wall: 8.034 minutes, Δt:   0.72, CFL: 7.20e-01
i:  14700, t:   16082.2 s, ωt:   1.61 (0.26 periods), wall: 8.084 minutes, Δt:   0.82, CFL: 7.20e-01
i:  14800, t:   16158.3 s, ωt:   1.62 (0.26 periods), wall: 8.134 minutes, Δt:   0.87, CFL: 7.20e-01
i:  14900, t:   16243.6 s, ωt:   1.62 (0.26 periods), wall: 8.184 minutes, Δt:   0.77, CFL: 7.20e-01
i:  15000, t:   16324.0 s, ωt:   1.63 (0.26 periods), wall: 8.234 minutes, Δt:   0.78, CFL: 7.20e-01
i:  15100, t:   16409.4 s, ωt:   1.64 (0.26 periods), wall: 8.284 minutes, Δt:   0.84, CFL: 7.20e-01
i:  15200, t:   16486.1 s, ωt:   1.65 (0.26 periods), wall: 8.334 minutes, Δt:   0.67, CFL: 7.20e-01
i:  15300, t:   16561.0 s, ωt:   1.66 (0.26 periods), wall: 8.383 minutes, Δt:   0.84, CFL: 7.20e-01
i:  15400, t:   16637.8 s, ωt:   1.66 (0.26 periods), wall: 8.433 minutes, Δt:   0.84, CFL: 7.20e-01
i:  15500, t:   16721.0 s, ωt:   1.67 (0.27 periods), wall: 8.483 minutes, Δt:   0.91, CFL: 7.20e-01
i:  15600, t:   16800.7 s, ωt:   1.68 (0.27 periods), wall: 8.533 minutes, Δt:   0.81, CFL: 7.20e-01
i:  15700, t:   16880.8 s, ωt:   1.69 (0.27 periods), wall: 8.583 minutes, Δt:   0.72, CFL: 7.20e-01
i:  15800, t:   16952.1 s, ωt:   1.70 (0.27 periods), wall: 8.633 minutes, Δt:   0.69, CFL: 7.20e-01
i:  15900, t:   17026.8 s, ωt:   1.70 (0.27 periods), wall: 8.683 minutes, Δt:   0.75, CFL: 7.20e-01
i:  16000, t:   17099.8 s, ωt:   1.71 (0.27 periods), wall: 8.732 minutes, Δt:   0.84, CFL: 7.20e-01
i:  16100, t:   17181.9 s, ωt:   1.72 (0.27 periods), wall: 8.782 minutes, Δt:   0.77, CFL: 7.20e-01
i:  16200, t:   17256.6 s, ωt:   1.73 (0.27 periods), wall: 8.832 minutes, Δt:   0.65, CFL: 7.20e-01
i:  16300, t:   17332.9 s, ωt:   1.73 (0.28 periods), wall: 8.883 minutes, Δt:   0.74, CFL: 7.20e-01
i:  16400, t:   17404.6 s, ωt:   1.74 (0.28 periods), wall: 8.933 minutes, Δt:   0.71, CFL: 7.20e-01
i:  16500, t:   17488.4 s, ωt:   1.75 (0.28 periods), wall: 8.983 minutes, Δt:   0.93, CFL: 7.20e-01
i:  16600, t:   17576.5 s, ωt:   1.76 (0.28 periods), wall: 9.033 minutes, Δt:   0.78, CFL: 7.20e-01
i:  16700, t:   17655.3 s, ωt:   1.77 (0.28 periods), wall: 9.083 minutes, Δt:   0.88, CFL: 7.20e-01
i:  16800, t:   17732.5 s, ωt:   1.77 (0.28 periods), wall: 9.133 minutes, Δt:   0.74, CFL: 7.20e-01
i:  16900, t:   17814.9 s, ωt:   1.78 (0.28 periods), wall: 9.183 minutes, Δt:   0.81, CFL: 7.20e-01
i:  17000, t:   17893.4 s, ωt:   1.79 (0.28 periods), wall: 9.232 minutes, Δt:   0.82, CFL: 7.20e-01
i:  17100, t:   17967.4 s, ωt:   1.80 (0.29 periods), wall: 9.283 minutes, Δt:   0.85, CFL: 7.20e-01
i:  17200, t:   18050.1 s, ωt:   1.81 (0.29 periods), wall: 9.332 minutes, Δt:   0.82, CFL: 7.20e-01
i:  17300, t:   18139.3 s, ωt:   1.81 (0.29 periods), wall: 9.382 minutes, Δt:   0.87, CFL: 7.20e-01
i:  17400, t:   18224.5 s, ωt:   1.82 (0.29 periods), wall: 9.432 minutes, Δt:   0.78, CFL: 7.20e-01
i:  17500, t:   18305.1 s, ωt:   1.83 (0.29 periods), wall: 9.482 minutes, Δt:   0.74, CFL: 7.20e-01
i:  17600, t:   18385.2 s, ωt:   1.84 (0.29 periods), wall: 9.532 minutes, Δt:   0.81, CFL: 7.20e-01
i:  17700, t:   18467.6 s, ωt:   1.85 (0.29 periods), wall: 9.582 minutes, Δt:   0.77, CFL: 7.20e-01
i:  17800, t:   18546.8 s, ωt:   1.85 (0.30 periods), wall: 9.633 minutes, Δt:   0.84, CFL: 7.20e-01
i:  17900, t:   18630.7 s, ωt:   1.86 (0.30 periods), wall: 9.683 minutes, Δt:   0.74, CFL: 7.20e-01
i:  18000, t:   18715.7 s, ωt:   1.87 (0.30 periods), wall: 9.733 minutes, Δt:   0.79, CFL: 7.20e-01
i:  18100, t:   18794.6 s, ωt:   1.88 (0.30 periods), wall: 9.783 minutes, Δt:   0.92, CFL: 7.20e-01
i:  18200, t:   18881.2 s, ωt:   1.89 (0.30 periods), wall: 9.833 minutes, Δt:   0.83, CFL: 7.20e-01
i:  18300, t:   18964.6 s, ωt:   1.90 (0.30 periods), wall: 9.883 minutes, Δt:   0.80, CFL: 7.20e-01
i:  18400, t:   19050.4 s, ωt:   1.91 (0.30 periods), wall: 9.933 minutes, Δt:   0.82, CFL: 7.20e-01
i:  18500, t:   19133.2 s, ωt:   1.91 (0.30 periods), wall: 9.983 minutes, Δt:   0.85, CFL: 7.20e-01
i:  18600, t:   19223.7 s, ωt:   1.92 (0.31 periods), wall: 10.033 minutes, Δt:   0.93, CFL: 7.20e-01
i:  18700, t:   19302.7 s, ωt:   1.93 (0.31 periods), wall: 10.083 minutes, Δt:   0.79, CFL: 7.20e-01
i:  18800, t:   19383.9 s, ωt:   1.94 (0.31 periods), wall: 10.132 minutes, Δt:   0.75, CFL: 7.20e-01
i:  18900, t:   19468.3 s, ωt:   1.95 (0.31 periods), wall: 10.182 minutes, Δt:   1.00, CFL: 7.20e-01
i:  19000, t:   19563.7 s, ωt:   1.96 (0.31 periods), wall: 10.232 minutes, Δt:   1.08, CFL: 7.20e-01
i:  19100, t:   19654.9 s, ωt:   1.97 (0.31 periods), wall: 10.282 minutes, Δt:   0.91, CFL: 7.20e-01
i:  19200, t:   19746.2 s, ωt:   1.97 (0.31 periods), wall: 10.332 minutes, Δt:   0.91, CFL: 7.20e-01
i:  19300, t:   19830.6 s, ωt:   1.98 (0.32 periods), wall: 10.382 minutes, Δt:   0.87, CFL: 7.20e-01
i:  19400, t:   19919.4 s, ωt:   1.99 (0.32 periods), wall: 10.432 minutes, Δt:   0.97, CFL: 7.20e-01
i:  19500, t:   20000.3 s, ωt:   2.00 (0.32 periods), wall: 10.482 minutes, Δt:   0.89, CFL: 7.20e-01
i:  19600, t:   20093.5 s, ωt:   2.01 (0.32 periods), wall: 10.532 minutes, Δt:   0.94, CFL: 7.20e-01
i:  19700, t:   20183.3 s, ωt:   2.02 (0.32 periods), wall: 10.582 minutes, Δt:   0.72, CFL: 7.20e-01
i:  19800, t:   20264.0 s, ωt:   2.03 (0.32 periods), wall: 10.632 minutes, Δt:   0.94, CFL: 7.20e-01
i:  19900, t:   20356.7 s, ωt:   2.04 (0.32 periods), wall: 10.682 minutes, Δt:   0.83, CFL: 7.20e-01
i:  20000, t:   20440.2 s, ωt:   2.04 (0.33 periods), wall: 10.732 minutes, Δt:   1.08, CFL: 7.20e-01
i:  20100, t:   20540.9 s, ωt:   2.05 (0.33 periods), wall: 10.782 minutes, Δt:   1.02, CFL: 7.20e-01
i:  20200, t:   20640.9 s, ωt:   2.06 (0.33 periods), wall: 10.831 minutes, Δt:   0.97, CFL: 7.20e-01
i:  20300, t:   20739.5 s, ωt:   2.07 (0.33 periods), wall: 10.881 minutes, Δt:   1.02, CFL: 7.20e-01
i:  20400, t:   20840.0 s, ωt:   2.08 (0.33 periods), wall: 10.931 minutes, Δt:   0.97, CFL: 7.20e-01
i:  20500, t:   20939.8 s, ωt:   2.09 (0.33 periods), wall: 10.981 minutes, Δt:   1.11, CFL: 7.20e-01
i:  20600, t:   21045.2 s, ωt:   2.10 (0.33 periods), wall: 11.031 minutes, Δt:   0.98, CFL: 7.20e-01
i:  20700, t:   21142.5 s, ωt:   2.11 (0.34 periods), wall: 11.081 minutes, Δt:   1.00, CFL: 7.20e-01
i:  20800, t:   21243.2 s, ωt:   2.12 (0.34 periods), wall: 11.131 minutes, Δt:   1.00, CFL: 7.20e-01
i:  20900, t:   21332.3 s, ωt:   2.13 (0.34 periods), wall: 11.181 minutes, Δt:   1.12, CFL: 7.20e-01
i:  21000, t:   21436.5 s, ωt:   2.14 (0.34 periods), wall: 11.231 minutes, Δt:   1.02, CFL: 7.20e-01
i:  21100, t:   21536.8 s, ωt:   2.15 (0.34 periods), wall: 11.281 minutes, Δt:   1.02, CFL: 7.20e-01
i:  21200, t:   21640.7 s, ωt:   2.16 (0.34 periods), wall: 11.331 minutes, Δt:   1.10, CFL: 7.20e-01
i:  21300, t:   21746.0 s, ωt:   2.17 (0.35 periods), wall: 11.381 minutes, Δt:   1.04, CFL: 7.20e-01
i:  21400, t:   21843.3 s, ωt:   2.18 (0.35 periods), wall: 11.430 minutes, Δt:   1.14, CFL: 7.20e-01
i:  21500, t:   21953.4 s, ωt:   2.20 (0.35 periods), wall: 11.480 minutes, Δt:   1.00, CFL: 7.20e-01
i:  21600, t:   22051.7 s, ωt:   2.21 (0.35 periods), wall: 11.530 minutes, Δt:   0.90, CFL: 7.20e-01
i:  21700, t:   22147.0 s, ωt:   2.21 (0.35 periods), wall: 11.580 minutes, Δt:   1.16, CFL: 7.20e-01
i:  21800, t:   22260.3 s, ωt:   2.23 (0.35 periods), wall: 11.630 minutes, Δt:   0.91, CFL: 7.20e-01
i:  21900, t:   22352.8 s, ωt:   2.24 (0.36 periods), wall: 11.680 minutes, Δt:   0.98, CFL: 7.20e-01
i:  22000, t:   22460.6 s, ωt:   2.25 (0.36 periods), wall: 11.730 minutes, Δt:   0.86, CFL: 7.20e-01
i:  22100, t:   22548.9 s, ωt:   2.25 (0.36 periods), wall: 11.780 minutes, Δt:   0.89, CFL: 7.20e-01
i:  22200, t:   22642.0 s, ωt:   2.26 (0.36 periods), wall: 11.830 minutes, Δt:   1.00, CFL: 7.20e-01
i:  22300, t:   22741.2 s, ωt:   2.27 (0.36 periods), wall: 11.879 minutes, Δt:   1.06, CFL: 7.20e-01
i:  22400, t:   22846.4 s, ωt:   2.28 (0.36 periods), wall: 11.929 minutes, Δt:   0.99, CFL: 7.20e-01
i:  22500, t:   22952.8 s, ωt:   2.30 (0.37 periods), wall: 11.979 minutes, Δt:   1.18, CFL: 7.20e-01
i:  22600, t:   23064.5 s, ωt:   2.31 (0.37 periods), wall: 12.029 minutes, Δt:   1.21, CFL: 7.20e-01
i:  22700, t:   23174.6 s, ωt:   2.32 (0.37 periods), wall: 12.079 minutes, Δt:   1.08, CFL: 7.20e-01
i:  22800, t:   23282.4 s, ωt:   2.33 (0.37 periods), wall: 12.129 minutes, Δt:   0.95, CFL: 7.20e-01
i:  22900, t:   23397.0 s, ωt:   2.34 (0.37 periods), wall: 12.179 minutes, Δt:   1.16, CFL: 7.20e-01
i:  23000, t:   23499.9 s, ωt:   2.35 (0.37 periods), wall: 12.230 minutes, Δt:   1.20, CFL: 7.20e-01
i:  23100, t:   23609.5 s, ωt:   2.36 (0.38 periods), wall: 12.280 minutes, Δt:   1.21, CFL: 7.20e-01
i:  23200, t:   23728.7 s, ωt:   2.37 (0.38 periods), wall: 12.330 minutes, Δt:   1.24, CFL: 7.20e-01
i:  23300, t:   23854.1 s, ωt:   2.39 (0.38 periods), wall: 12.379 minutes, Δt:   1.19, CFL: 7.20e-01
i:  23400, t:   23981.7 s, ωt:   2.40 (0.38 periods), wall: 12.429 minutes, Δt:   1.20, CFL: 7.20e-01
i:  23500, t:   24119.9 s, ωt:   2.41 (0.38 periods), wall: 12.479 minutes, Δt:   1.45, CFL: 7.20e-01
i:  23600, t:   24260.7 s, ωt:   2.43 (0.39 periods), wall: 12.529 minutes, Δt:   1.36, CFL: 7.20e-01
i:  23700, t:   24390.8 s, ωt:   2.44 (0.39 periods), wall: 12.579 minutes, Δt:   1.34, CFL: 7.20e-01
i:  23800, t:   24530.2 s, ωt:   2.45 (0.39 periods), wall: 12.629 minutes, Δt:   1.43, CFL: 7.20e-01
i:  23900, t:   24686.8 s, ωt:   2.47 (0.39 periods), wall: 12.679 minutes, Δt:   1.57, CFL: 7.20e-01
i:  24000, t:   24819.8 s, ωt:   2.48 (0.40 periods), wall: 12.730 minutes, Δt:   1.24, CFL: 7.20e-01
i:  24100, t:   24967.4 s, ωt:   2.50 (0.40 periods), wall: 12.780 minutes, Δt:   1.58, CFL: 7.20e-01
i:  24200, t:   25096.9 s, ωt:   2.51 (0.40 periods), wall: 12.829 minutes, Δt:   1.30, CFL: 7.20e-01
i:  24300, t:   25230.3 s, ωt:   2.52 (0.40 periods), wall: 12.879 minutes, Δt:   1.02, CFL: 7.20e-01
i:  24400, t:   25354.5 s, ωt:   2.54 (0.40 periods), wall: 12.929 minutes, Δt:   1.63, CFL: 7.20e-01
i:  24500, t:   25506.6 s, ωt:   2.55 (0.41 periods), wall: 12.979 minutes, Δt:   1.58, CFL: 7.20e-01
i:  24600, t:   25663.3 s, ωt:   2.57 (0.41 periods), wall: 13.029 minutes, Δt:   1.47, CFL: 7.20e-01
i:  24700, t:   25804.2 s, ωt:   2.58 (0.41 periods), wall: 13.079 minutes, Δt:   1.67, CFL: 7.20e-01
i:  24800, t:   25964.5 s, ωt:   2.60 (0.41 periods), wall: 13.129 minutes, Δt:   1.56, CFL: 7.20e-01
i:  24900, t:   26133.4 s, ωt:   2.61 (0.42 periods), wall: 13.179 minutes, Δt:   1.63, CFL: 7.20e-01
i:  25000, t:   26296.2 s, ωt:   2.63 (0.42 periods), wall: 13.229 minutes, Δt:   1.24, CFL: 7.20e-01
i:  25100, t:   26449.9 s, ωt:   2.64 (0.42 periods), wall: 13.279 minutes, Δt:   1.71, CFL: 7.20e-01
i:  25200, t:   26619.8 s, ωt:   2.66 (0.42 periods), wall: 13.329 minutes, Δt:   1.49, CFL: 7.20e-01
i:  25300, t:   26793.8 s, ωt:   2.68 (0.43 periods), wall: 13.379 minutes, Δt:   1.93, CFL: 7.20e-01
i:  25400, t:   26971.2 s, ωt:   2.70 (0.43 periods), wall: 13.428 minutes, Δt:   1.68, CFL: 7.20e-01
i:  25500, t:   27161.8 s, ωt:   2.72 (0.43 periods), wall: 13.478 minutes, Δt:   2.00, CFL: 7.20e-01
i:  25600, t:   27373.3 s, ωt:   2.74 (0.44 periods), wall: 13.528 minutes, Δt:   2.09, CFL: 7.20e-01
i:  25700, t:   27591.2 s, ωt:   2.76 (0.44 periods), wall: 13.579 minutes, Δt:   2.49, CFL: 7.20e-01
i:  25800, t:   27798.2 s, ωt:   2.78 (0.44 periods), wall: 13.629 minutes, Δt:   2.34, CFL: 7.20e-01
i:  25900, t:   28029.5 s, ωt:   2.80 (0.45 periods), wall: 13.680 minutes, Δt:   1.89, CFL: 7.20e-01
i:  26000, t:   28228.3 s, ωt:   2.82 (0.45 periods), wall: 13.730 minutes, Δt:   2.08, CFL: 7.20e-01
i:  26100, t:   28454.8 s, ωt:   2.85 (0.45 periods), wall: 13.780 minutes, Δt:   2.70, CFL: 7.20e-01
i:  26200, t:   28714.0 s, ωt:   2.87 (0.46 periods), wall: 13.831 minutes, Δt:   2.57, CFL: 7.20e-01
i:  26300, t:   28974.4 s, ωt:   2.90 (0.46 periods), wall: 13.881 minutes, Δt:   3.16, CFL: 7.20e-01
i:  26400, t:   29273.5 s, ωt:   2.93 (0.47 periods), wall: 13.931 minutes, Δt:   2.28, CFL: 7.20e-01
i:  26500, t:   29504.0 s, ωt:   2.95 (0.47 periods), wall: 13.981 minutes, Δt:   2.36, CFL: 7.20e-01
i:  26600, t:   29761.6 s, ωt:   2.98 (0.47 periods), wall: 14.031 minutes, Δt:   2.75, CFL: 7.20e-01
i:  26700, t:   30046.7 s, ωt:   3.00 (0.48 periods), wall: 14.082 minutes, Δt:   2.31, CFL: 7.20e-01
i:  26800, t:   30315.8 s, ωt:   3.03 (0.48 periods), wall: 14.132 minutes, Δt:   3.12, CFL: 7.20e-01
i:  26900, t:   30610.1 s, ωt:   3.06 (0.49 periods), wall: 14.182 minutes, Δt:   3.23, CFL: 7.20e-01
i:  27000, t:   30932.4 s, ωt:   3.09 (0.49 periods), wall: 14.232 minutes, Δt:   3.05, CFL: 7.20e-01
i:  27100, t:   31225.9 s, ωt:   3.12 (0.50 periods), wall: 14.282 minutes, Δt:   3.12, CFL: 7.20e-01
i:  27200, t:   31525.0 s, ωt:   3.15 (0.50 periods), wall: 14.336 minutes, Δt:   2.93, CFL: 7.20e-01
i:  27300, t:   31808.6 s, ωt:   3.18 (0.51 periods), wall: 14.386 minutes, Δt:   2.71, CFL: 7.20e-01
i:  27400, t:   32095.7 s, ωt:   3.21 (0.51 periods), wall: 14.436 minutes, Δt:   2.97, CFL: 7.20e-01
i:  27500, t:   32360.7 s, ωt:   3.24 (0.52 periods), wall: 14.486 minutes, Δt:   2.13, CFL: 7.20e-01
i:  27600, t:   32603.3 s, ωt:   3.26 (0.52 periods), wall: 14.536 minutes, Δt:   1.90, CFL: 7.20e-01
i:  27700, t:   32787.4 s, ωt:   3.28 (0.52 periods), wall: 14.586 minutes, Δt:   2.04, CFL: 7.20e-01
i:  27800, t:   32985.2 s, ωt:   3.30 (0.52 periods), wall: 14.636 minutes, Δt:   2.51, CFL: 7.20e-01
i:  27900, t:   33191.8 s, ωt:   3.32 (0.53 periods), wall: 14.686 minutes, Δt:   2.01, CFL: 7.20e-01
i:  28000, t:   33383.0 s, ωt:   3.34 (0.53 periods), wall: 14.736 minutes, Δt:   1.88, CFL: 7.20e-01
i:  28100, t:   33560.6 s, ωt:   3.36 (0.53 periods), wall: 14.786 minutes, Δt:   1.74, CFL: 7.20e-01
i:  28200, t:   33735.5 s, ωt:   3.37 (0.54 periods), wall: 14.836 minutes, Δt:   1.63, CFL: 7.20e-01
i:  28300, t:   33902.9 s, ωt:   3.39 (0.54 periods), wall: 14.886 minutes, Δt:   1.57, CFL: 7.20e-01
i:  28400, t:   34060.1 s, ωt:   3.41 (0.54 periods), wall: 14.936 minutes, Δt:   1.41, CFL: 7.20e-01
i:  28500, t:   34195.7 s, ωt:   3.42 (0.54 periods), wall: 14.986 minutes, Δt:   1.37, CFL: 7.20e-01
i:  28600, t:   34330.7 s, ωt:   3.43 (0.55 periods), wall: 15.036 minutes, Δt:   1.30, CFL: 7.20e-01
i:  28700, t:   34468.9 s, ωt:   3.45 (0.55 periods), wall: 15.087 minutes, Δt:   1.34, CFL: 7.20e-01
i:  28800, t:   34590.7 s, ωt:   3.46 (0.55 periods), wall: 15.137 minutes, Δt:   1.38, CFL: 7.20e-01
i:  28900, t:   34724.0 s, ωt:   3.47 (0.55 periods), wall: 15.187 minutes, Δt:   1.15, CFL: 7.20e-01
i:  29000, t:   34845.2 s, ωt:   3.48 (0.55 periods), wall: 15.237 minutes, Δt:   1.28, CFL: 7.20e-01
i:  29100, t:   34971.3 s, ωt:   3.50 (0.56 periods), wall: 15.287 minutes, Δt:   1.33, CFL: 7.20e-01
i:  29200, t:   35101.4 s, ωt:   3.51 (0.56 periods), wall: 15.336 minutes, Δt:   1.29, CFL: 7.20e-01
i:  29300, t:   35226.0 s, ωt:   3.52 (0.56 periods), wall: 15.386 minutes, Δt:   1.06, CFL: 7.20e-01
i:  29400, t:   35345.0 s, ωt:   3.53 (0.56 periods), wall: 15.436 minutes, Δt:   1.11, CFL: 7.20e-01
i:  29500, t:   35464.2 s, ωt:   3.55 (0.56 periods), wall: 15.486 minutes, Δt:   1.19, CFL: 7.20e-01
i:  29600, t:   35578.0 s, ωt:   3.56 (0.57 periods), wall: 15.536 minutes, Δt:   1.14, CFL: 7.20e-01
i:  29700, t:   35691.8 s, ωt:   3.57 (0.57 periods), wall: 15.587 minutes, Δt:   1.15, CFL: 7.20e-01
i:  29800, t:   35812.8 s, ωt:   3.58 (0.57 periods), wall: 15.636 minutes, Δt:   1.00, CFL: 7.20e-01
i:  29900, t:   35919.4 s, ωt:   3.59 (0.57 periods), wall: 15.687 minutes, Δt:   1.11, CFL: 7.20e-01
i:  30000, t:   36025.3 s, ωt:   3.60 (0.57 periods), wall: 15.737 minutes, Δt:   0.91, CFL: 7.20e-01
i:  30100, t:   36128.3 s, ωt:   3.61 (0.57 periods), wall: 15.787 minutes, Δt:   1.13, CFL: 7.20e-01
i:  30200, t:   36236.1 s, ωt:   3.62 (0.58 periods), wall: 15.837 minutes, Δt:   1.15, CFL: 7.20e-01
i:  30300, t:   36350.0 s, ωt:   3.63 (0.58 periods), wall: 15.886 minutes, Δt:   1.12, CFL: 7.20e-01
i:  30400, t:   36450.0 s, ωt:   3.65 (0.58 periods), wall: 15.936 minutes, Δt:   0.86, CFL: 7.20e-01
i:  30500, t:   36546.1 s, ωt:   3.65 (0.58 periods), wall: 15.986 minutes, Δt:   0.88, CFL: 7.20e-01
i:  30600, t:   36643.9 s, ωt:   3.66 (0.58 periods), wall: 16.036 minutes, Δt:   0.89, CFL: 7.20e-01
i:  30700, t:   36740.5 s, ωt:   3.67 (0.58 periods), wall: 16.086 minutes, Δt:   0.93, CFL: 7.20e-01
i:  30800, t:   36843.3 s, ωt:   3.68 (0.59 periods), wall: 16.136 minutes, Δt:   0.95, CFL: 7.20e-01
i:  30900, t:   36939.5 s, ωt:   3.69 (0.59 periods), wall: 16.186 minutes, Δt:   1.00, CFL: 7.20e-01
i:  31000, t:   37038.8 s, ωt:   3.70 (0.59 periods), wall: 16.235 minutes, Δt:   0.99, CFL: 7.20e-01
i:  31100, t:   37133.2 s, ωt:   3.71 (0.59 periods), wall: 16.285 minutes, Δt:   1.06, CFL: 7.20e-01
i:  31200, t:   37229.9 s, ωt:   3.72 (0.59 periods), wall: 16.335 minutes, Δt:   1.04, CFL: 7.20e-01
i:  31300, t:   37328.6 s, ωt:   3.73 (0.59 periods), wall: 16.386 minutes, Δt:   0.91, CFL: 7.20e-01
i:  31400, t:   37425.7 s, ωt:   3.74 (0.60 periods), wall: 16.436 minutes, Δt:   1.04, CFL: 7.20e-01
i:  31500, t:   37523.3 s, ωt:   3.75 (0.60 periods), wall: 16.485 minutes, Δt:   0.80, CFL: 7.20e-01
i:  31600, t:   37608.9 s, ωt:   3.76 (0.60 periods), wall: 16.535 minutes, Δt:   0.66, CFL: 7.20e-01
i:  31700, t:   37689.3 s, ωt:   3.77 (0.60 periods), wall: 16.585 minutes, Δt:   0.93, CFL: 7.20e-01
i:  31800, t:   37781.6 s, ωt:   3.78 (0.60 periods), wall: 16.635 minutes, Δt:   0.99, CFL: 7.20e-01
i:  31900, t:   37873.9 s, ωt:   3.79 (0.60 periods), wall: 16.685 minutes, Δt:   0.91, CFL: 7.20e-01
i:  32000, t:   37964.9 s, ωt:   3.80 (0.60 periods), wall: 16.735 minutes, Δt:   0.96, CFL: 7.20e-01
i:  32100, t:   38057.0 s, ωt:   3.81 (0.61 periods), wall: 16.785 minutes, Δt:   0.89, CFL: 7.20e-01
i:  32200, t:   38145.7 s, ωt:   3.81 (0.61 periods), wall: 16.835 minutes, Δt:   0.83, CFL: 7.20e-01
i:  32300, t:   38226.1 s, ωt:   3.82 (0.61 periods), wall: 16.884 minutes, Δt:   0.82, CFL: 7.20e-01
i:  32400, t:   38308.8 s, ωt:   3.83 (0.61 periods), wall: 16.934 minutes, Δt:   0.77, CFL: 7.20e-01
i:  32500, t:   38391.8 s, ωt:   3.84 (0.61 periods), wall: 16.984 minutes, Δt:   0.87, CFL: 7.20e-01
i:  32600, t:   38472.0 s, ωt:   3.85 (0.61 periods), wall: 17.034 minutes, Δt:   0.81, CFL: 7.20e-01
i:  32700, t:   38559.6 s, ωt:   3.86 (0.61 periods), wall: 17.084 minutes, Δt:   0.84, CFL: 7.20e-01
i:  32800, t:   38642.4 s, ωt:   3.86 (0.62 periods), wall: 17.134 minutes, Δt:   0.80, CFL: 7.20e-01
i:  32900, t:   38726.2 s, ωt:   3.87 (0.62 periods), wall: 17.184 minutes, Δt:   0.91, CFL: 7.20e-01
i:  33000, t:   38810.8 s, ωt:   3.88 (0.62 periods), wall: 17.233 minutes, Δt:   0.91, CFL: 7.20e-01
i:  33100, t:   38899.8 s, ωt:   3.89 (0.62 periods), wall: 17.283 minutes, Δt:   0.88, CFL: 7.20e-01
i:  33200, t:   38975.1 s, ωt:   3.90 (0.62 periods), wall: 17.333 minutes, Δt:   0.70, CFL: 7.20e-01
i:  33300, t:   39054.5 s, ωt:   3.91 (0.62 periods), wall: 17.383 minutes, Δt:   0.85, CFL: 7.20e-01
i:  33400, t:   39138.6 s, ωt:   3.91 (0.62 periods), wall: 17.433 minutes, Δt:   0.88, CFL: 7.20e-01
i:  33500, t:   39218.5 s, ωt:   3.92 (0.62 periods), wall: 17.483 minutes, Δt:   0.88, CFL: 7.20e-01
i:  33600, t:   39297.1 s, ωt:   3.93 (0.63 periods), wall: 17.533 minutes, Δt:   0.63, CFL: 7.20e-01
i:  33700, t:   39367.7 s, ωt:   3.94 (0.63 periods), wall: 17.582 minutes, Δt:   0.84, CFL: 6.90e-01
i:  33800, t:   39446.1 s, ωt:   3.94 (0.63 periods), wall: 17.632 minutes, Δt:   0.85, CFL: 7.20e-01
i:  33900, t:   39528.2 s, ωt:   3.95 (0.63 periods), wall: 17.682 minutes, Δt:   0.55, CFL: 7.20e-01
i:  34000, t:   39594.4 s, ωt:   3.96 (0.63 periods), wall: 17.732 minutes, Δt:   0.66, CFL: 7.20e-01
i:  34100, t:   39673.3 s, ωt:   3.97 (0.63 periods), wall: 17.782 minutes, Δt:   0.89, CFL: 7.20e-01
i:  34200, t:   39756.7 s, ωt:   3.98 (0.63 periods), wall: 17.832 minutes, Δt:   0.89, CFL: 7.20e-01
i:  34300, t:   39831.0 s, ωt:   3.98 (0.63 periods), wall: 17.881 minutes, Δt:   0.71, CFL: 7.20e-01
i:  34400, t:   39910.6 s, ωt:   3.99 (0.64 periods), wall: 17.931 minutes, Δt:   0.82, CFL: 7.20e-01
i:  34500, t:   39988.7 s, ωt:   4.00 (0.64 periods), wall: 17.981 minutes, Δt:   0.69, CFL: 7.20e-01
i:  34600, t:   40064.6 s, ωt:   4.01 (0.64 periods), wall: 18.031 minutes, Δt:   0.76, CFL: 7.20e-01
i:  34700, t:   40139.4 s, ωt:   4.01 (0.64 periods), wall: 18.081 minutes, Δt:   0.85, CFL: 7.20e-01
i:  34800, t:   40215.3 s, ωt:   4.02 (0.64 periods), wall: 18.131 minutes, Δt:   0.69, CFL: 7.20e-01
i:  34900, t:   40289.0 s, ωt:   4.03 (0.64 periods), wall: 18.181 minutes, Δt:   0.73, CFL: 7.20e-01
i:  35000, t:   40364.1 s, ωt:   4.04 (0.64 periods), wall: 18.230 minutes, Δt:   0.77, CFL: 7.20e-01
i:  35100, t:   40441.2 s, ωt:   4.04 (0.64 periods), wall: 18.280 minutes, Δt:   0.74, CFL: 7.20e-01
i:  35200, t:   40513.5 s, ωt:   4.05 (0.64 periods), wall: 18.330 minutes, Δt:   0.73, CFL: 7.20e-01
i:  35300, t:   40585.9 s, ωt:   4.06 (0.65 periods), wall: 18.380 minutes, Δt:   0.78, CFL: 7.20e-01
i:  35400, t:   40659.6 s, ωt:   4.07 (0.65 periods), wall: 18.430 minutes, Δt:   0.69, CFL: 7.20e-01
i:  35500, t:   40735.2 s, ωt:   4.07 (0.65 periods), wall: 18.480 minutes, Δt:   0.74, CFL: 7.20e-01
i:  35600, t:   40806.6 s, ωt:   4.08 (0.65 periods), wall: 18.529 minutes, Δt:   0.76, CFL: 7.20e-01
i:  35700, t:   40887.9 s, ωt:   4.09 (0.65 periods), wall: 18.579 minutes, Δt:   0.72, CFL: 7.20e-01
i:  35800, t:   40965.0 s, ωt:   4.10 (0.65 periods), wall: 18.629 minutes, Δt:   0.66, CFL: 7.20e-01
i:  35900, t:   41034.8 s, ωt:   4.10 (0.65 periods), wall: 18.679 minutes, Δt:   0.77, CFL: 7.20e-01
i:  36000, t:   41110.8 s, ωt:   4.11 (0.65 periods), wall: 18.730 minutes, Δt:   0.74, CFL: 7.20e-01
i:  36100, t:   41184.1 s, ωt:   4.12 (0.66 periods), wall: 18.780 minutes, Δt:   0.77, CFL: 7.20e-01
i:  36200, t:   41258.1 s, ωt:   4.13 (0.66 periods), wall: 18.830 minutes, Δt:   0.70, CFL: 7.20e-01
i:  36300, t:   41330.8 s, ωt:   4.13 (0.66 periods), wall: 18.880 minutes, Δt:   0.71, CFL: 7.20e-01
i:  36400, t:   41394.2 s, ωt:   4.14 (0.66 periods), wall: 18.930 minutes, Δt:   0.73, CFL: 7.20e-01
i:  36500, t:   41468.1 s, ωt:   4.15 (0.66 periods), wall: 18.980 minutes, Δt:   0.72, CFL: 7.20e-01
i:  36600, t:   41539.2 s, ωt:   4.15 (0.66 periods), wall: 19.030 minutes, Δt:   0.72, CFL: 7.20e-01
i:  36700, t:   41611.3 s, ωt:   4.16 (0.66 periods), wall: 19.079 minutes, Δt:   0.65, CFL: 7.20e-01
i:  36800, t:   41680.3 s, ωt:   4.17 (0.66 periods), wall: 19.129 minutes, Δt:   0.73, CFL: 7.20e-01
i:  36900, t:   41748.6 s, ωt:   4.17 (0.66 periods), wall: 19.179 minutes, Δt:   0.64, CFL: 7.20e-01
i:  37000, t:   41815.8 s, ωt:   4.18 (0.67 periods), wall: 19.229 minutes, Δt:   0.70, CFL: 7.20e-01
i:  37100, t:   41881.1 s, ωt:   4.19 (0.67 periods), wall: 19.279 minutes, Δt:   0.52, CFL: 7.20e-01
i:  37200, t:   41945.8 s, ωt:   4.19 (0.67 periods), wall: 19.329 minutes, Δt:   0.70, CFL: 7.20e-01
i:  37300, t:   42021.0 s, ωt:   4.20 (0.67 periods), wall: 19.379 minutes, Δt:   0.73, CFL: 7.20e-01
i:  37400, t:   42095.9 s, ωt:   4.21 (0.67 periods), wall: 19.429 minutes, Δt:   0.67, CFL: 7.20e-01
i:  37500, t:   42167.6 s, ωt:   4.22 (0.67 periods), wall: 19.478 minutes, Δt:   0.79, CFL: 7.20e-01
i:  37600, t:   42240.9 s, ωt:   4.22 (0.67 periods), wall: 19.528 minutes, Δt:   0.74, CFL: 7.20e-01
i:  37700, t:   42315.9 s, ωt:   4.23 (0.67 periods), wall: 19.578 minutes, Δt:   0.71, CFL: 7.20e-01
i:  37800, t:   42384.5 s, ωt:   4.24 (0.67 periods), wall: 19.628 minutes, Δt:   0.70, CFL: 7.20e-01
i:  37900, t:   42455.2 s, ωt:   4.25 (0.68 periods), wall: 19.678 minutes, Δt:   0.66, CFL: 7.20e-01
i:  38000, t:   42519.7 s, ωt:   4.25 (0.68 periods), wall: 19.728 minutes, Δt:   0.67, CFL: 7.20e-01
i:  38100, t:   42588.6 s, ωt:   4.26 (0.68 periods), wall: 19.778 minutes, Δt:   0.67, CFL: 7.20e-01
i:  38200, t:   42659.9 s, ωt:   4.27 (0.68 periods), wall: 19.827 minutes, Δt:   0.76, CFL: 7.20e-01
i:  38300, t:   42729.5 s, ωt:   4.27 (0.68 periods), wall: 19.877 minutes, Δt:   0.67, CFL: 7.20e-01
i:  38400, t:   42800.9 s, ωt:   4.28 (0.68 periods), wall: 19.927 minutes, Δt:   0.78, CFL: 7.20e-01
i:  38500, t:   42870.3 s, ωt:   4.29 (0.68 periods), wall: 19.977 minutes, Δt:   0.71, CFL: 7.20e-01
i:  38600, t:   42945.6 s, ωt:   4.29 (0.68 periods), wall: 20.027 minutes, Δt:   0.61, CFL: 7.20e-01
i:  38700, t:   43012.2 s, ωt:   4.30 (0.68 periods), wall: 20.077 minutes, Δt:   0.70, CFL: 7.20e-01
i:  38800, t:   43078.2 s, ωt:   4.31 (0.69 periods), wall: 20.127 minutes, Δt:   0.55, CFL: 7.20e-01
i:  38900, t:   43145.0 s, ωt:   4.31 (0.69 periods), wall: 20.177 minutes, Δt:   0.76, CFL: 7.20e-01
i:  39000, t:   43216.9 s, ωt:   4.32 (0.69 periods), wall: 20.226 minutes, Δt:   0.72, CFL: 7.20e-01
i:  39100, t:   43289.5 s, ωt:   4.33 (0.69 periods), wall: 20.276 minutes, Δt:   0.60, CFL: 7.20e-01
i:  39200, t:   43346.6 s, ωt:   4.33 (0.69 periods), wall: 20.326 minutes, Δt:   0.62, CFL: 7.20e-01
i:  39300, t:   43414.7 s, ωt:   4.34 (0.69 periods), wall: 20.376 minutes, Δt:   0.61, CFL: 7.20e-01
i:  39400, t:   43477.2 s, ωt:   4.35 (0.69 periods), wall: 20.426 minutes, Δt:   0.70, CFL: 7.20e-01
i:  39500, t:   43549.2 s, ωt:   4.35 (0.69 periods), wall: 20.476 minutes, Δt:   0.73, CFL: 7.20e-01
i:  39600, t:   43621.5 s, ωt:   4.36 (0.69 periods), wall: 20.526 minutes, Δt:   0.61, CFL: 7.20e-01
i:  39700, t:   43686.5 s, ωt:   4.37 (0.70 periods), wall: 20.576 minutes, Δt:   0.77, CFL: 7.20e-01
i:  39800, t:   43754.4 s, ωt:   4.38 (0.70 periods), wall: 20.626 minutes, Δt:   0.71, CFL: 7.20e-01
i:  39900, t:   43824.3 s, ωt:   4.38 (0.70 periods), wall: 20.675 minutes, Δt:   0.78, CFL: 7.20e-01
i:  40000, t:   43900.1 s, ωt:   4.39 (0.70 periods), wall: 20.725 minutes, Δt:   0.66, CFL: 7.20e-01
i:  40100, t:   43968.5 s, ωt:   4.40 (0.70 periods), wall: 20.775 minutes, Δt:   0.68, CFL: 7.20e-01
i:  40200, t:   44033.5 s, ωt:   4.40 (0.70 periods), wall: 20.825 minutes, Δt:   0.68, CFL: 7.20e-01
i:  40300, t:   44096.6 s, ωt:   4.41 (0.70 periods), wall: 20.875 minutes, Δt:   0.62, CFL: 7.20e-01
i:  40400, t:   44160.5 s, ωt:   4.42 (0.70 periods), wall: 20.925 minutes, Δt:   0.56, CFL: 7.20e-01
i:  40500, t:   44224.4 s, ωt:   4.42 (0.70 periods), wall: 20.975 minutes, Δt:   0.62, CFL: 7.20e-01
i:  40600, t:   44285.1 s, ωt:   4.43 (0.70 periods), wall: 21.025 minutes, Δt:   0.52, CFL: 7.20e-01
i:  40700, t:   44348.9 s, ωt:   4.43 (0.71 periods), wall: 21.075 minutes, Δt:   0.55, CFL: 7.20e-01
i:  40800, t:   44414.6 s, ωt:   4.44 (0.71 periods), wall: 21.125 minutes, Δt:   0.71, CFL: 7.20e-01
i:  40900, t:   44479.6 s, ωt:   4.45 (0.71 periods), wall: 21.174 minutes, Δt:   0.78, CFL: 7.20e-01
i:  41000, t:   44555.2 s, ωt:   4.46 (0.71 periods), wall: 21.224 minutes, Δt:   0.68, CFL: 7.20e-01
i:  41100, t:   44623.0 s, ωt:   4.46 (0.71 periods), wall: 21.274 minutes, Δt:   0.72, CFL: 7.20e-01
i:  41200, t:   44690.1 s, ωt:   4.47 (0.71 periods), wall: 21.324 minutes, Δt:   0.73, CFL: 7.20e-01
i:  41300, t:   44760.5 s, ωt:   4.48 (0.71 periods), wall: 21.374 minutes, Δt:   0.58, CFL: 7.20e-01
i:  41400, t:   44830.3 s, ωt:   4.48 (0.71 periods), wall: 21.424 minutes, Δt:   0.65, CFL: 7.20e-01
i:  41500, t:   44900.9 s, ωt:   4.49 (0.71 periods), wall: 21.474 minutes, Δt:   0.75, CFL: 7.20e-01
i:  41600, t:   44970.1 s, ωt:   4.50 (0.72 periods), wall: 21.523 minutes, Δt:   0.58, CFL: 7.20e-01
i:  41700, t:   45032.0 s, ωt:   4.50 (0.72 periods), wall: 21.573 minutes, Δt:   0.56, CFL: 7.20e-01
i:  41800, t:   45089.7 s, ωt:   4.51 (0.72 periods), wall: 21.623 minutes, Δt:   0.58, CFL: 7.20e-01
i:  41900, t:   45147.5 s, ωt:   4.51 (0.72 periods), wall: 21.673 minutes, Δt:   0.78, CFL: 7.20e-01
i:  42000, t:   45225.3 s, ωt:   4.52 (0.72 periods), wall: 21.723 minutes, Δt:   0.78, CFL: 7.20e-01
i:  42100, t:   45300.7 s, ωt:   4.53 (0.72 periods), wall: 21.773 minutes, Δt:   0.77, CFL: 7.20e-01
i:  42200, t:   45376.4 s, ωt:   4.54 (0.72 periods), wall: 21.823 minutes, Δt:   0.67, CFL: 7.20e-01
i:  42300, t:   45446.6 s, ωt:   4.54 (0.72 periods), wall: 21.873 minutes, Δt:   0.70, CFL: 7.20e-01
i:  42400, t:   45522.7 s, ωt:   4.55 (0.72 periods), wall: 21.923 minutes, Δt:   0.76, CFL: 7.20e-01
i:  42500, t:   45591.6 s, ωt:   4.56 (0.73 periods), wall: 21.973 minutes, Δt:   0.77, CFL: 7.20e-01
i:  42600, t:   45667.9 s, ωt:   4.57 (0.73 periods), wall: 22.023 minutes, Δt:   0.78, CFL: 7.20e-01
i:  42700, t:   45738.8 s, ωt:   4.57 (0.73 periods), wall: 22.073 minutes, Δt:   0.69, CFL: 7.20e-01
i:  42800, t:   45806.9 s, ωt:   4.58 (0.73 periods), wall: 22.123 minutes, Δt:   0.71, CFL: 7.20e-01
i:  42900, t:   45870.9 s, ωt:   4.59 (0.73 periods), wall: 22.173 minutes, Δt:   0.53, CFL: 7.20e-01
i:  43000, t:   45933.0 s, ωt:   4.59 (0.73 periods), wall: 22.223 minutes, Δt:   0.70, CFL: 7.20e-01
i:  43100, t:   45998.7 s, ωt:   4.60 (0.73 periods), wall: 22.272 minutes, Δt:   0.69, CFL: 7.20e-01
i:  43200, t:   46073.1 s, ωt:   4.61 (0.73 periods), wall: 22.322 minutes, Δt:   0.76, CFL: 7.20e-01
i:  43300, t:   46150.1 s, ωt:   4.62 (0.73 periods), wall: 22.372 minutes, Δt:   0.72, CFL: 7.20e-01
i:  43400, t:   46216.4 s, ωt:   4.62 (0.74 periods), wall: 22.422 minutes, Δt:   0.70, CFL: 7.20e-01
i:  43500, t:   46284.9 s, ωt:   4.63 (0.74 periods), wall: 22.472 minutes, Δt:   0.76, CFL: 7.20e-01
i:  43600, t:   46354.9 s, ωt:   4.64 (0.74 periods), wall: 22.522 minutes, Δt:   0.72, CFL: 7.20e-01
i:  43700, t:   46425.4 s, ωt:   4.64 (0.74 periods), wall: 22.572 minutes, Δt:   0.58, CFL: 7.20e-01
i:  43800, t:   46486.9 s, ωt:   4.65 (0.74 periods), wall: 22.622 minutes, Δt:   0.63, CFL: 7.20e-01
i:  43900, t:   46552.6 s, ωt:   4.66 (0.74 periods), wall: 22.672 minutes, Δt:   0.72, CFL: 7.20e-01
i:  44000, t:   46621.3 s, ωt:   4.66 (0.74 periods), wall: 22.721 minutes, Δt:   0.80, CFL: 7.20e-01
i:  44100, t:   46692.4 s, ωt:   4.67 (0.74 periods), wall: 22.771 minutes, Δt:   0.55, CFL: 7.20e-01
i:  44200, t:   46759.7 s, ωt:   4.68 (0.74 periods), wall: 22.821 minutes, Δt:   0.74, CFL: 7.20e-01
i:  44300, t:   46829.8 s, ωt:   4.68 (0.75 periods), wall: 22.871 minutes, Δt:   0.68, CFL: 7.20e-01
i:  44400, t:   46896.0 s, ωt:   4.69 (0.75 periods), wall: 22.921 minutes, Δt:   0.72, CFL: 7.20e-01
i:  44500, t:   46967.4 s, ωt:   4.70 (0.75 periods), wall: 22.971 minutes, Δt:   0.70, CFL: 7.20e-01
i:  44600, t:   47036.7 s, ωt:   4.70 (0.75 periods), wall: 23.021 minutes, Δt:   0.61, CFL: 7.20e-01
i:  44700, t:   47097.5 s, ωt:   4.71 (0.75 periods), wall: 23.071 minutes, Δt:   0.64, CFL: 7.20e-01
i:  44800, t:   47161.0 s, ωt:   4.72 (0.75 periods), wall: 23.121 minutes, Δt:   0.64, CFL: 7.20e-01
i:  44900, t:   47222.9 s, ωt:   4.72 (0.75 periods), wall: 23.170 minutes, Δt:   0.69, CFL: 7.20e-01
i:  45000, t:   47293.4 s, ωt:   4.73 (0.75 periods), wall: 23.220 minutes, Δt:   0.65, CFL: 7.20e-01
i:  45100, t:   47353.9 s, ωt:   4.74 (0.75 periods), wall: 23.270 minutes, Δt:   0.61, CFL: 7.20e-01
i:  45200, t:   47413.1 s, ωt:   4.74 (0.75 periods), wall: 23.320 minutes, Δt:   0.65, CFL: 7.20e-01
i:  45300, t:   47480.6 s, ωt:   4.75 (0.76 periods), wall: 23.370 minutes, Δt:   0.65, CFL: 7.20e-01
i:  45400, t:   47540.6 s, ωt:   4.75 (0.76 periods), wall: 23.420 minutes, Δt:   0.56, CFL: 7.20e-01
i:  45500, t:   47602.1 s, ωt:   4.76 (0.76 periods), wall: 23.470 minutes, Δt:   0.60, CFL: 7.20e-01
i:  45600, t:   47665.3 s, ωt:   4.77 (0.76 periods), wall: 23.519 minutes, Δt:   0.66, CFL: 7.20e-01
i:  45700, t:   47738.4 s, ωt:   4.77 (0.76 periods), wall: 23.569 minutes, Δt:   0.73, CFL: 7.20e-01
i:  45800, t:   47808.3 s, ωt:   4.78 (0.76 periods), wall: 23.619 minutes, Δt:   0.68, CFL: 7.20e-01
i:  45900, t:   47877.9 s, ωt:   4.79 (0.76 periods), wall: 23.670 minutes, Δt:   0.76, CFL: 7.20e-01
i:  46000, t:   47951.0 s, ωt:   4.80 (0.76 periods), wall: 23.720 minutes, Δt:   0.74, CFL: 7.20e-01
i:  46100, t:   48021.4 s, ωt:   4.80 (0.76 periods), wall: 23.770 minutes, Δt:   0.63, CFL: 7.20e-01
i:  46200, t:   48088.1 s, ωt:   4.81 (0.77 periods), wall: 23.820 minutes, Δt:   0.74, CFL: 7.20e-01
i:  46300, t:   48153.3 s, ωt:   4.82 (0.77 periods), wall: 23.870 minutes, Δt:   0.65, CFL: 7.20e-01
i:  46400, t:   48226.3 s, ωt:   4.82 (0.77 periods), wall: 23.920 minutes, Δt:   0.71, CFL: 7.20e-01
i:  46500, t:   48299.1 s, ωt:   4.83 (0.77 periods), wall: 23.970 minutes, Δt:   0.80, CFL: 7.20e-01
i:  46600, t:   48377.2 s, ωt:   4.84 (0.77 periods), wall: 24.019 minutes, Δt:   0.74, CFL: 7.20e-01
i:  46700, t:   48454.1 s, ωt:   4.85 (0.77 periods), wall: 24.069 minutes, Δt:   0.82, CFL: 7.20e-01
i:  46800, t:   48525.3 s, ωt:   4.85 (0.77 periods), wall: 24.119 minutes, Δt:   0.69, CFL: 7.20e-01
i:  46900, t:   48593.4 s, ωt:   4.86 (0.77 periods), wall: 24.169 minutes, Δt:   0.69, CFL: 7.20e-01
i:  47000, t:   48659.4 s, ωt:   4.87 (0.77 periods), wall: 24.219 minutes, Δt:   0.76, CFL: 7.20e-01
i:  47100, t:   48735.1 s, ωt:   4.87 (0.78 periods), wall: 24.269 minutes, Δt:   0.59, CFL: 7.20e-01
i:  47200, t:   48808.0 s, ωt:   4.88 (0.78 periods), wall: 24.319 minutes, Δt:   0.78, CFL: 7.20e-01
i:  47300, t:   48881.3 s, ωt:   4.89 (0.78 periods), wall: 24.368 minutes, Δt:   0.66, CFL: 7.20e-01
i:  47400, t:   48945.8 s, ωt:   4.89 (0.78 periods), wall: 24.418 minutes, Δt:   0.73, CFL: 7.20e-01
i:  47500, t:   49022.9 s, ωt:   4.90 (0.78 periods), wall: 24.468 minutes, Δt:   0.66, CFL: 7.20e-01
i:  47600, t:   49092.7 s, ωt:   4.91 (0.78 periods), wall: 24.518 minutes, Δt:   0.76, CFL: 7.20e-01
i:  47700, t:   49153.5 s, ωt:   4.92 (0.78 periods), wall: 24.568 minutes, Δt:   0.75, CFL: 7.20e-01
i:  47800, t:   49228.0 s, ωt:   4.92 (0.78 periods), wall: 24.618 minutes, Δt:   0.80, CFL: 7.20e-01
i:  47900, t:   49301.6 s, ωt:   4.93 (0.78 periods), wall: 24.668 minutes, Δt:   0.73, CFL: 7.20e-01
i:  48000, t:   49366.2 s, ωt:   4.94 (0.79 periods), wall: 24.718 minutes, Δt:   0.70, CFL: 7.20e-01
i:  48100, t:   49439.3 s, ωt:   4.94 (0.79 periods), wall: 24.768 minutes, Δt:   0.80, CFL: 7.20e-01
i:  48200, t:   49518.5 s, ωt:   4.95 (0.79 periods), wall: 24.818 minutes, Δt:   0.82, CFL: 7.20e-01
i:  48300, t:   49596.9 s, ωt:   4.96 (0.79 periods), wall: 24.867 minutes, Δt:   0.79, CFL: 7.20e-01
i:  48400, t:   49676.5 s, ωt:   4.97 (0.79 periods), wall: 24.918 minutes, Δt:   0.65, CFL: 7.20e-01
i:  48500, t:   49753.5 s, ωt:   4.98 (0.79 periods), wall: 24.967 minutes, Δt:   0.70, CFL: 7.20e-01
i:  48600, t:   49826.5 s, ωt:   4.98 (0.79 periods), wall: 25.017 minutes, Δt:   0.82, CFL: 7.20e-01
i:  48700, t:   49905.0 s, ωt:   4.99 (0.79 periods), wall: 25.067 minutes, Δt:   0.74, CFL: 7.20e-01
i:  48800, t:   49974.7 s, ωt:   5.00 (0.80 periods), wall: 25.117 minutes, Δt:   0.76, CFL: 7.20e-01
i:  48900, t:   50054.2 s, ωt:   5.01 (0.80 periods), wall: 25.167 minutes, Δt:   0.81, CFL: 7.20e-01
i:  49000, t:   50123.0 s, ωt:   5.01 (0.80 periods), wall: 25.217 minutes, Δt:   0.68, CFL: 7.20e-01
i:  49100, t:   50187.8 s, ωt:   5.02 (0.80 periods), wall: 25.267 minutes, Δt:   0.70, CFL: 7.20e-01
i:  49200, t:   50260.3 s, ωt:   5.03 (0.80 periods), wall: 25.317 minutes, Δt:   0.80, CFL: 7.20e-01
i:  49300, t:   50327.7 s, ωt:   5.03 (0.80 periods), wall: 25.367 minutes, Δt:   0.80, CFL: 7.20e-01
i:  49400, t:   50393.3 s, ωt:   5.04 (0.80 periods), wall: 25.417 minutes, Δt:   0.75, CFL: 7.20e-01
i:  49500, t:   50467.8 s, ωt:   5.05 (0.80 periods), wall: 25.466 minutes, Δt:   0.67, CFL: 7.20e-01
i:  49600, t:   50538.2 s, ωt:   5.05 (0.80 periods), wall: 25.516 minutes, Δt:   0.65, CFL: 7.20e-01
i:  49700, t:   50606.9 s, ωt:   5.06 (0.81 periods), wall: 25.566 minutes, Δt:   0.72, CFL: 7.20e-01
i:  49800, t:   50682.9 s, ωt:   5.07 (0.81 periods), wall: 25.616 minutes, Δt:   0.73, CFL: 7.20e-01
i:  49900, t:   50744.4 s, ωt:   5.07 (0.81 periods), wall: 25.666 minutes, Δt:   0.66, CFL: 7.20e-01
i:  50000, t:   50812.0 s, ωt:   5.08 (0.81 periods), wall: 25.716 minutes, Δt:   0.64, CFL: 7.20e-01
i:  50100, t:   50878.5 s, ωt:   5.09 (0.81 periods), wall: 25.766 minutes, Δt:   0.71, CFL: 7.20e-01
i:  50200, t:   50946.0 s, ωt:   5.09 (0.81 periods), wall: 25.816 minutes, Δt:   0.72, CFL: 7.20e-01
i:  50300, t:   51017.0 s, ωt:   5.10 (0.81 periods), wall: 25.865 minutes, Δt:   0.67, CFL: 7.20e-01
i:  50400, t:   51088.7 s, ωt:   5.11 (0.81 periods), wall: 25.915 minutes, Δt:   0.65, CFL: 7.20e-01
i:  50500, t:   51158.1 s, ωt:   5.12 (0.81 periods), wall: 25.965 minutes, Δt:   0.67, CFL: 7.20e-01
i:  50600, t:   51221.8 s, ωt:   5.12 (0.82 periods), wall: 26.015 minutes, Δt:   0.65, CFL: 7.20e-01
i:  50700, t:   51293.3 s, ωt:   5.13 (0.82 periods), wall: 26.065 minutes, Δt:   0.71, CFL: 7.20e-01
i:  50800, t:   51365.4 s, ωt:   5.14 (0.82 periods), wall: 26.115 minutes, Δt:   0.64, CFL: 7.20e-01
i:  50900, t:   51434.1 s, ωt:   5.14 (0.82 periods), wall: 26.165 minutes, Δt:   0.65, CFL: 7.20e-01
i:  51000, t:   51508.0 s, ωt:   5.15 (0.82 periods), wall: 26.215 minutes, Δt:   0.61, CFL: 7.20e-01
i:  51100, t:   51581.5 s, ωt:   5.16 (0.82 periods), wall: 26.265 minutes, Δt:   0.67, CFL: 7.20e-01
i:  51200, t:   51645.0 s, ωt:   5.16 (0.82 periods), wall: 26.315 minutes, Δt:   0.69, CFL: 7.20e-01
i:  51300, t:   51724.1 s, ωt:   5.17 (0.82 periods), wall: 26.364 minutes, Δt:   0.90, CFL: 7.20e-01
i:  51400, t:   51806.5 s, ωt:   5.18 (0.82 periods), wall: 26.414 minutes, Δt:   0.78, CFL: 7.20e-01
i:  51500, t:   51886.4 s, ωt:   5.19 (0.83 periods), wall: 26.464 minutes, Δt:   0.92, CFL: 7.20e-01
i:  51600, t:   51972.3 s, ωt:   5.20 (0.83 periods), wall: 26.514 minutes, Δt:   0.85, CFL: 7.20e-01
i:  51700, t:   52055.3 s, ωt:   5.21 (0.83 periods), wall: 26.564 minutes, Δt:   0.88, CFL: 7.20e-01
i:  51800, t:   52136.4 s, ωt:   5.21 (0.83 periods), wall: 26.614 minutes, Δt:   0.81, CFL: 7.20e-01
i:  51900, t:   52215.6 s, ωt:   5.22 (0.83 periods), wall: 26.664 minutes, Δt:   0.77, CFL: 7.20e-01
i:  52000, t:   52289.3 s, ωt:   5.23 (0.83 periods), wall: 26.714 minutes, Δt:   0.68, CFL: 7.20e-01
i:  52100, t:   52364.1 s, ωt:   5.24 (0.83 periods), wall: 26.764 minutes, Δt:   0.83, CFL: 7.20e-01
i:  52200, t:   52449.4 s, ωt:   5.24 (0.83 periods), wall: 26.814 minutes, Δt:   0.83, CFL: 7.20e-01
i:  52300, t:   52526.1 s, ωt:   5.25 (0.84 periods), wall: 26.864 minutes, Δt:   0.73, CFL: 7.20e-01
i:  52400, t:   52595.8 s, ωt:   5.26 (0.84 periods), wall: 26.914 minutes, Δt:   0.63, CFL: 7.20e-01
i:  52500, t:   52661.3 s, ωt:   5.27 (0.84 periods), wall: 26.964 minutes, Δt:   0.60, CFL: 7.20e-01
i:  52600, t:   52737.8 s, ωt:   5.27 (0.84 periods), wall: 27.013 minutes, Δt:   0.78, CFL: 7.20e-01
i:  52700, t:   52813.4 s, ωt:   5.28 (0.84 periods), wall: 27.063 minutes, Δt:   0.78, CFL: 7.20e-01
i:  52800, t:   52888.3 s, ωt:   5.29 (0.84 periods), wall: 27.113 minutes, Δt:   0.75, CFL: 7.20e-01
i:  52900, t:   52962.9 s, ωt:   5.30 (0.84 periods), wall: 27.163 minutes, Δt:   0.82, CFL: 7.20e-01
i:  53000, t:   53037.3 s, ωt:   5.30 (0.84 periods), wall: 27.213 minutes, Δt:   0.67, CFL: 7.20e-01
i:  53100, t:   53100.7 s, ωt:   5.31 (0.85 periods), wall: 27.263 minutes, Δt:   0.51, CFL: 7.20e-01
i:  53200, t:   53161.9 s, ωt:   5.32 (0.85 periods), wall: 27.313 minutes, Δt:   0.76, CFL: 7.20e-01
i:  53300, t:   53241.4 s, ωt:   5.32 (0.85 periods), wall: 27.363 minutes, Δt:   0.72, CFL: 7.20e-01
i:  53400, t:   53326.4 s, ωt:   5.33 (0.85 periods), wall: 27.413 minutes, Δt:   0.85, CFL: 7.20e-01
i:  53500, t:   53409.6 s, ωt:   5.34 (0.85 periods), wall: 27.463 minutes, Δt:   0.89, CFL: 7.20e-01
i:  53600, t:   53500.3 s, ωt:   5.35 (0.85 periods), wall: 27.514 minutes, Δt:   0.89, CFL: 7.20e-01
i:  53700, t:   53591.4 s, ωt:   5.36 (0.85 periods), wall: 27.564 minutes, Δt:   0.77, CFL: 7.20e-01
i:  53800, t:   53674.7 s, ωt:   5.37 (0.85 periods), wall: 27.614 minutes, Δt:   0.83, CFL: 7.20e-01
i:  53900, t:   53764.3 s, ωt:   5.38 (0.86 periods), wall: 27.665 minutes, Δt:   0.85, CFL: 7.20e-01
i:  54000, t:   53851.1 s, ωt:   5.39 (0.86 periods), wall: 27.715 minutes, Δt:   0.97, CFL: 7.20e-01
i:  54100, t:   53946.1 s, ωt:   5.39 (0.86 periods), wall: 27.764 minutes, Δt:   0.93, CFL: 7.20e-01
i:  54200, t:   54039.7 s, ωt:   5.40 (0.86 periods), wall: 27.814 minutes, Δt:   0.97, CFL: 7.20e-01
i:  54300, t:   54130.3 s, ωt:   5.41 (0.86 periods), wall: 27.864 minutes, Δt:   0.87, CFL: 7.20e-01
i:  54400, t:   54217.5 s, ωt:   5.42 (0.86 periods), wall: 27.914 minutes, Δt:   0.83, CFL: 7.20e-01
i:  54500, t:   54303.1 s, ωt:   5.43 (0.86 periods), wall: 27.964 minutes, Δt:   0.82, CFL: 7.20e-01
i:  54600, t:   54392.5 s, ωt:   5.44 (0.87 periods), wall: 28.014 minutes, Δt:   0.89, CFL: 7.20e-01
i:  54700, t:   54486.5 s, ωt:   5.45 (0.87 periods), wall: 28.064 minutes, Δt:   0.99, CFL: 7.20e-01
i:  54800, t:   54567.7 s, ωt:   5.46 (0.87 periods), wall: 28.114 minutes, Δt:   0.87, CFL: 7.20e-01
i:  54900, t:   54666.8 s, ωt:   5.47 (0.87 periods), wall: 28.164 minutes, Δt:   1.07, CFL: 7.20e-01
i:  55000, t:   54772.0 s, ωt:   5.48 (0.87 periods), wall: 28.214 minutes, Δt:   0.96, CFL: 7.20e-01
i:  55100, t:   54866.5 s, ωt:   5.49 (0.87 periods), wall: 28.264 minutes, Δt:   0.95, CFL: 7.20e-01
i:  55200, t:   54960.9 s, ωt:   5.50 (0.87 periods), wall: 28.314 minutes, Δt:   1.08, CFL: 7.20e-01
i:  55300, t:   55062.6 s, ωt:   5.51 (0.88 periods), wall: 28.365 minutes, Δt:   1.04, CFL: 7.20e-01
i:  55400, t:   55165.7 s, ωt:   5.52 (0.88 periods), wall: 28.415 minutes, Δt:   1.07, CFL: 7.20e-01
i:  55500, t:   55268.9 s, ωt:   5.53 (0.88 periods), wall: 28.465 minutes, Δt:   1.08, CFL: 7.20e-01
i:  55600, t:   55374.0 s, ωt:   5.54 (0.88 periods), wall: 28.516 minutes, Δt:   0.97, CFL: 7.20e-01
i:  55700, t:   55468.1 s, ωt:   5.55 (0.88 periods), wall: 28.566 minutes, Δt:   0.98, CFL: 7.20e-01
i:  55800, t:   55575.7 s, ωt:   5.56 (0.88 periods), wall: 28.616 minutes, Δt:   0.99, CFL: 7.20e-01
i:  55900, t:   55678.9 s, ωt:   5.57 (0.89 periods), wall: 28.666 minutes, Δt:   1.15, CFL: 7.20e-01
i:  56000, t:   55794.0 s, ωt:   5.58 (0.89 periods), wall: 28.716 minutes, Δt:   0.89, CFL: 7.20e-01
i:  56100, t:   55890.6 s, ωt:   5.59 (0.89 periods), wall: 28.766 minutes, Δt:   1.07, CFL: 7.20e-01
i:  56200, t:   55989.9 s, ωt:   5.60 (0.89 periods), wall: 28.817 minutes, Δt:   0.90, CFL: 7.20e-01
i:  56300, t:   56082.9 s, ωt:   5.61 (0.89 periods), wall: 28.866 minutes, Δt:   0.91, CFL: 7.20e-01
i:  56400, t:   56190.2 s, ωt:   5.62 (0.89 periods), wall: 28.916 minutes, Δt:   1.04, CFL: 7.20e-01
i:  56500, t:   56305.9 s, ωt:   5.63 (0.90 periods), wall: 28.966 minutes, Δt:   1.29, CFL: 7.20e-01
i:  56600, t:   56425.4 s, ωt:   5.64 (0.90 periods), wall: 29.016 minutes, Δt:   1.19, CFL: 7.20e-01
i:  56700, t:   56552.5 s, ωt:   5.66 (0.90 periods), wall: 29.066 minutes, Δt:   1.31, CFL: 7.20e-01
i:  56800, t:   56669.7 s, ωt:   5.67 (0.90 periods), wall: 29.116 minutes, Δt:   1.24, CFL: 7.20e-01
i:  56900, t:   56791.3 s, ωt:   5.68 (0.90 periods), wall: 29.166 minutes, Δt:   1.29, CFL: 7.20e-01
i:  57000, t:   56923.1 s, ωt:   5.69 (0.91 periods), wall: 29.216 minutes, Δt:   1.27, CFL: 7.20e-01
i:  57100, t:   57046.9 s, ωt:   5.70 (0.91 periods), wall: 29.266 minutes, Δt:   1.17, CFL: 7.20e-01
i:  57200, t:   57162.7 s, ωt:   5.72 (0.91 periods), wall: 29.316 minutes, Δt:   1.17, CFL: 7.20e-01
i:  57300, t:   57287.9 s, ωt:   5.73 (0.91 periods), wall: 29.366 minutes, Δt:   1.08, CFL: 7.20e-01
i:  57400, t:   57412.3 s, ωt:   5.74 (0.91 periods), wall: 29.416 minutes, Δt:   1.31, CFL: 7.20e-01
i:  57500, t:   57520.0 s, ωt:   5.75 (0.92 periods), wall: 29.467 minutes, Δt:   1.11, CFL: 7.20e-01
i:  57600, t:   57632.1 s, ωt:   5.76 (0.92 periods), wall: 29.517 minutes, Δt:   1.33, CFL: 7.20e-01
i:  57700, t:   57752.4 s, ωt:   5.78 (0.92 periods), wall: 29.567 minutes, Δt:   1.15, CFL: 7.20e-01
i:  57800, t:   57887.0 s, ωt:   5.79 (0.92 periods), wall: 29.618 minutes, Δt:   1.16, CFL: 7.20e-01
i:  57900, t:   58021.6 s, ωt:   5.80 (0.92 periods), wall: 29.667 minutes, Δt:   1.47, CFL: 7.20e-01
i:  58000, t:   58178.2 s, ωt:   5.82 (0.93 periods), wall: 29.717 minutes, Δt:   1.58, CFL: 7.20e-01
i:  58100, t:   58327.6 s, ωt:   5.83 (0.93 periods), wall: 29.767 minutes, Δt:   1.48, CFL: 7.20e-01
i:  58200, t:   58478.9 s, ωt:   5.85 (0.93 periods), wall: 29.817 minutes, Δt:   1.51, CFL: 7.20e-01
i:  58300, t:   58611.1 s, ωt:   5.86 (0.93 periods), wall: 29.867 minutes, Δt:   1.28, CFL: 7.20e-01
i:  58400, t:   58749.0 s, ωt:   5.87 (0.94 periods), wall: 29.917 minutes, Δt:   1.16, CFL: 7.20e-01
i:  58500, t:   58882.7 s, ωt:   5.89 (0.94 periods), wall: 29.967 minutes, Δt:   1.63, CFL: 7.20e-01
i:  58600, t:   59043.2 s, ωt:   5.90 (0.94 periods), wall: 30.018 minutes, Δt:   1.63, CFL: 7.20e-01
i:  58700, t:   59212.5 s, ωt:   5.92 (0.94 periods), wall: 30.068 minutes, Δt:   1.88, CFL: 7.20e-01
i:  58800, t:   59378.0 s, ωt:   5.94 (0.95 periods), wall: 30.118 minutes, Δt:   1.75, CFL: 7.20e-01
i:  58900, t:   59550.1 s, ωt:   5.96 (0.95 periods), wall: 30.168 minutes, Δt:   1.77, CFL: 7.20e-01
i:  59000, t:   59731.1 s, ωt:   5.97 (0.95 periods), wall: 30.218 minutes, Δt:   1.71, CFL: 7.20e-01
i:  59100, t:   59920.7 s, ωt:   5.99 (0.95 periods), wall: 30.268 minutes, Δt:   1.85, CFL: 7.20e-01
i:  59200, t:   60081.1 s, ωt:   6.01 (0.96 periods), wall: 30.318 minutes, Δt:   1.46, CFL: 7.20e-01
i:  59300, t:   60215.2 s, ωt:   6.02 (0.96 periods), wall: 30.368 minutes, Δt:   1.34, CFL: 7.20e-01
i:  59400, t:   60371.7 s, ωt:   6.04 (0.96 periods), wall: 30.418 minutes, Δt:   2.03, CFL: 7.20e-01
i:  59500, t:   60582.1 s, ωt:   6.06 (0.96 periods), wall: 30.468 minutes, Δt:   2.14, CFL: 7.20e-01
i:  59600, t:   60793.8 s, ωt:   6.08 (0.97 periods), wall: 30.519 minutes, Δt:   2.40, CFL: 7.20e-01
i:  59700, t:   60989.6 s, ωt:   6.10 (0.97 periods), wall: 30.569 minutes, Δt:   1.96, CFL: 7.20e-01
i:  59800, t:   61194.9 s, ωt:   6.12 (0.97 periods), wall: 30.619 minutes, Δt:   2.26, CFL: 7.20e-01
i:  59900, t:   61466.1 s, ωt:   6.15 (0.98 periods), wall: 30.669 minutes, Δt:   2.74, CFL: 7.20e-01
i:  60000, t:   61717.1 s, ωt:   6.17 (0.98 periods), wall: 30.719 minutes, Δt:   2.56, CFL: 7.20e-01
i:  60100, t:   61983.7 s, ωt:   6.20 (0.99 periods), wall: 30.769 minutes, Δt:   2.77, CFL: 7.20e-01
i:  60200, t:   62258.3 s, ωt:   6.23 (0.99 periods), wall: 30.819 minutes, Δt:   2.83, CFL: 7.20e-01
i:  60300, t:   62527.2 s, ωt:   6.25 (1.00 periods), wall: 30.869 minutes, Δt:   2.46, CFL: 7.20e-01
i:  60400, t:   62809.6 s, ωt:   6.28 (1.00 periods), wall: 30.919 minutes, Δt:   2.77, CFL: 7.20e-01
i:  60500, t:   63077.6 s, ωt:   6.31 (1.00 periods), wall: 30.972 minutes, Δt:   2.89, CFL: 7.20e-01
i:  60600, t:   63384.5 s, ωt:   6.34 (1.01 periods), wall: 31.023 minutes, Δt:   2.94, CFL: 7.20e-01
i:  60700, t:   63686.4 s, ωt:   6.37 (1.01 periods), wall: 31.073 minutes, Δt:   2.61, CFL: 7.20e-01
i:  60800, t:   63983.5 s, ωt:   6.40 (1.02 periods), wall: 31.123 minutes, Δt:   2.48, CFL: 7.20e-01
i:  60900, t:   64233.3 s, ωt:   6.42 (1.02 periods), wall: 31.173 minutes, Δt:   2.96, CFL: 7.20e-01
i:  61000, t:   64515.9 s, ωt:   6.45 (1.03 periods), wall: 31.224 minutes, Δt:   2.98, CFL: 7.20e-01
i:  61100, t:   64778.9 s, ωt:   6.48 (1.03 periods), wall: 31.274 minutes, Δt:   2.41, CFL: 7.20e-01
i:  61200, t:   65005.5 s, ωt:   6.50 (1.03 periods), wall: 31.324 minutes, Δt:   1.91, CFL: 7.20e-01
i:  61300, t:   65210.9 s, ωt:   6.52 (1.04 periods), wall: 31.374 minutes, Δt:   2.31, CFL: 7.20e-01
i:  61400, t:   65427.9 s, ωt:   6.54 (1.04 periods), wall: 31.424 minutes, Δt:   1.78, CFL: 7.20e-01
i:  61500, t:   65601.7 s, ωt:   6.56 (1.04 periods), wall: 31.474 minutes, Δt:   1.63, CFL: 7.20e-01
i:  61600, t:   65783.2 s, ωt:   6.58 (1.05 periods), wall: 31.524 minutes, Δt:   1.79, CFL: 7.20e-01
i:  61700, t:   65947.6 s, ωt:   6.59 (1.05 periods), wall: 31.574 minutes, Δt:   1.66, CFL: 7.20e-01
i:  61800, t:   66117.4 s, ωt:   6.61 (1.05 periods), wall: 31.624 minutes, Δt:   1.44, CFL: 7.20e-01
i:  61900, t:   66276.8 s, ωt:   6.63 (1.05 periods), wall: 31.674 minutes, Δt:   1.74, CFL: 7.20e-01
i:  62000, t:   66441.1 s, ωt:   6.64 (1.06 periods), wall: 31.724 minutes, Δt:   1.72, CFL: 7.20e-01
i:  62100, t:   66601.8 s, ωt:   6.66 (1.06 periods), wall: 31.775 minutes, Δt:   1.68, CFL: 7.20e-01
i:  62200, t:   66759.4 s, ωt:   6.68 (1.06 periods), wall: 31.825 minutes, Δt:   1.48, CFL: 7.20e-01
i:  62300, t:   66915.9 s, ωt:   6.69 (1.06 periods), wall: 31.875 minutes, Δt:   1.65, CFL: 7.20e-01
i:  62400, t:   67066.5 s, ωt:   6.71 (1.07 periods), wall: 31.925 minutes, Δt:   1.29, CFL: 7.20e-01
i:  62500, t:   67197.0 s, ωt:   6.72 (1.07 periods), wall: 31.975 minutes, Δt:   1.38, CFL: 7.20e-01
i:  62600, t:   67322.9 s, ωt:   6.73 (1.07 periods), wall: 32.025 minutes, Δt:   1.24, CFL: 7.20e-01
i:  62700, t:   67457.5 s, ωt:   6.75 (1.07 periods), wall: 32.075 minutes, Δt:   1.46, CFL: 7.20e-01
i:  62800, t:   67592.6 s, ωt:   6.76 (1.08 periods), wall: 32.125 minutes, Δt:   1.33, CFL: 7.20e-01
i:  62900, t:   67720.0 s, ωt:   6.77 (1.08 periods), wall: 32.175 minutes, Δt:   1.19, CFL: 7.20e-01
i:  63000, t:   67845.0 s, ωt:   6.78 (1.08 periods), wall: 32.225 minutes, Δt:   1.34, CFL: 7.20e-01
i:  63100, t:   67978.0 s, ωt:   6.80 (1.08 periods), wall: 32.275 minutes, Δt:   1.36, CFL: 7.20e-01
i:  63200, t:   68100.9 s, ωt:   6.81 (1.08 periods), wall: 32.325 minutes, Δt:   1.21, CFL: 7.20e-01
i:  63300, t:   68223.6 s, ωt:   6.82 (1.09 periods), wall: 32.376 minutes, Δt:   1.18, CFL: 7.20e-01
i:  63400, t:   68350.1 s, ωt:   6.84 (1.09 periods), wall: 32.426 minutes, Δt:   1.29, CFL: 7.20e-01
i:  63500, t:   68470.8 s, ωt:   6.85 (1.09 periods), wall: 32.476 minutes, Δt:   1.15, CFL: 7.20e-01
i:  63600, t:   68584.3 s, ωt:   6.86 (1.09 periods), wall: 32.526 minutes, Δt:   0.99, CFL: 7.20e-01
i:  63700, t:   68695.6 s, ωt:   6.87 (1.09 periods), wall: 32.576 minutes, Δt:   1.13, CFL: 7.20e-01
i:  63800, t:   68799.2 s, ωt:   6.88 (1.09 periods), wall: 32.626 minutes, Δt:   1.08, CFL: 7.20e-01
i:  63900, t:   68916.4 s, ωt:   6.89 (1.10 periods), wall: 32.676 minutes, Δt:   1.12, CFL: 7.20e-01
i:  64000, t:   69028.4 s, ωt:   6.90 (1.10 periods), wall: 32.726 minutes, Δt:   1.07, CFL: 7.20e-01
i:  64100, t:   69130.0 s, ωt:   6.91 (1.10 periods), wall: 32.776 minutes, Δt:   1.12, CFL: 7.20e-01
i:  64200, t:   69233.6 s, ωt:   6.92 (1.10 periods), wall: 32.827 minutes, Δt:   0.98, CFL: 7.20e-01
i:  64300, t:   69338.2 s, ωt:   6.93 (1.10 periods), wall: 32.876 minutes, Δt:   1.01, CFL: 7.20e-01
i:  64400, t:   69440.6 s, ωt:   6.94 (1.11 periods), wall: 32.927 minutes, Δt:   0.96, CFL: 7.20e-01
i:  64500, t:   69537.4 s, ωt:   6.95 (1.11 periods), wall: 32.977 minutes, Δt:   0.84, CFL: 7.20e-01
i:  64600, t:   69626.3 s, ωt:   6.96 (1.11 periods), wall: 33.027 minutes, Δt:   0.97, CFL: 7.20e-01
i:  64700, t:   69727.4 s, ωt:   6.97 (1.11 periods), wall: 33.077 minutes, Δt:   1.04, CFL: 7.20e-01
i:  64800, t:   69832.4 s, ωt:   6.98 (1.11 periods), wall: 33.127 minutes, Δt:   0.92, CFL: 7.20e-01
i:  64900, t:   69927.4 s, ωt:   6.99 (1.11 periods), wall: 33.177 minutes, Δt:   0.99, CFL: 7.20e-01
i:  65000, t:   70027.2 s, ωt:   7.00 (1.11 periods), wall: 33.227 minutes, Δt:   1.05, CFL: 7.20e-01
i:  65100, t:   70125.0 s, ωt:   7.01 (1.12 periods), wall: 33.277 minutes, Δt:   1.00, CFL: 7.20e-01
i:  65200, t:   70215.7 s, ωt:   7.02 (1.12 periods), wall: 33.327 minutes, Δt:   0.91, CFL: 7.20e-01
i:  65300, t:   70312.3 s, ωt:   7.03 (1.12 periods), wall: 33.377 minutes, Δt:   0.91, CFL: 7.20e-01
i:  65400, t:   70405.6 s, ωt:   7.04 (1.12 periods), wall: 33.427 minutes, Δt:   0.94, CFL: 7.20e-01
i:  65500, t:   70494.1 s, ωt:   7.05 (1.12 periods), wall: 33.477 minutes, Δt:   0.78, CFL: 7.20e-01
i:  65600, t:   70587.7 s, ωt:   7.06 (1.12 periods), wall: 33.527 minutes, Δt:   0.82, CFL: 7.20e-01
i:  65700, t:   70676.5 s, ωt:   7.07 (1.12 periods), wall: 33.577 minutes, Δt:   0.94, CFL: 7.20e-01
i:  65800, t:   70765.6 s, ωt:   7.08 (1.13 periods), wall: 33.629 minutes, Δt:   0.97, CFL: 7.20e-01
i:  65900, t:   70855.0 s, ωt:   7.09 (1.13 periods), wall: 33.679 minutes, Δt:   0.79, CFL: 7.20e-01
i:  66000, t:   70945.1 s, ωt:   7.09 (1.13 periods), wall: 33.728 minutes, Δt:   0.99, CFL: 7.20e-01
i:  66100, t:   71030.7 s, ωt:   7.10 (1.13 periods), wall: 33.779 minutes, Δt:   0.70, CFL: 7.20e-01
i:  66200, t:   71120.6 s, ωt:   7.11 (1.13 periods), wall: 33.829 minutes, Δt:   1.01, CFL: 7.20e-01
i:  66300, t:   71204.5 s, ωt:   7.12 (1.13 periods), wall: 33.879 minutes, Δt:   0.80, CFL: 7.20e-01
i:  66400, t:   71291.5 s, ωt:   7.13 (1.13 periods), wall: 33.929 minutes, Δt:   0.88, CFL: 7.20e-01
i:  66500, t:   71382.1 s, ωt:   7.14 (1.14 periods), wall: 33.980 minutes, Δt:   0.99, CFL: 7.20e-01
i:  66600, t:   71465.7 s, ωt:   7.15 (1.14 periods), wall: 34.030 minutes, Δt:   0.83, CFL: 7.20e-01
i:  66700, t:   71546.4 s, ωt:   7.15 (1.14 periods), wall: 34.080 minutes, Δt:   0.72, CFL: 7.20e-01
i:  66800, t:   71628.3 s, ωt:   7.16 (1.14 periods), wall: 34.129 minutes, Δt:   0.82, CFL: 7.20e-01
i:  66900, t:   71712.0 s, ωt:   7.17 (1.14 periods), wall: 34.179 minutes, Δt:   0.85, CFL: 7.20e-01
i:  67000, t:   71793.6 s, ωt:   7.18 (1.14 periods), wall: 34.229 minutes, Δt:   0.96, CFL: 7.20e-01
i:  67100, t:   71880.9 s, ωt:   7.19 (1.14 periods), wall: 34.279 minutes, Δt:   0.79, CFL: 7.20e-01
i:  67200, t:   71971.8 s, ωt:   7.20 (1.15 periods), wall: 34.329 minutes, Δt:   0.95, CFL: 7.20e-01
i:  67300, t:   72055.0 s, ωt:   7.21 (1.15 periods), wall: 34.379 minutes, Δt:   0.74, CFL: 7.20e-01
i:  67400, t:   72137.0 s, ωt:   7.21 (1.15 periods), wall: 34.429 minutes, Δt:   0.90, CFL: 7.20e-01
i:  67500, t:   72220.2 s, ωt:   7.22 (1.15 periods), wall: 34.479 minutes, Δt:   0.86, CFL: 7.20e-01
i:  67600, t:   72306.1 s, ωt:   7.23 (1.15 periods), wall: 34.529 minutes, Δt:   0.85, CFL: 7.20e-01
i:  67700, t:   72386.3 s, ωt:   7.24 (1.15 periods), wall: 34.579 minutes, Δt:   0.86, CFL: 7.20e-01
i:  67800, t:   72469.5 s, ωt:   7.25 (1.15 periods), wall: 34.629 minutes, Δt:   0.82, CFL: 7.20e-01
i:  67900, t:   72547.6 s, ωt:   7.25 (1.15 periods), wall: 34.679 minutes, Δt:   0.71, CFL: 7.20e-01
i:  68000, t:   72627.4 s, ωt:   7.26 (1.16 periods), wall: 34.730 minutes, Δt:   0.85, CFL: 7.20e-01
i:  68100, t:   72710.7 s, ωt:   7.27 (1.16 periods), wall: 34.780 minutes, Δt:   0.83, CFL: 7.20e-01
i:  68200, t:   72791.6 s, ωt:   7.28 (1.16 periods), wall: 34.830 minutes, Δt:   0.76, CFL: 7.20e-01
i:  68300, t:   72864.7 s, ωt:   7.29 (1.16 periods), wall: 34.880 minutes, Δt:   0.62, CFL: 7.20e-01
i:  68400, t:   72938.1 s, ωt:   7.29 (1.16 periods), wall: 34.930 minutes, Δt:   0.72, CFL: 7.20e-01
i:  68500, t:   73017.1 s, ωt:   7.30 (1.16 periods), wall: 34.979 minutes, Δt:   0.90, CFL: 7.20e-01
i:  68600, t:   73091.6 s, ωt:   7.31 (1.16 periods), wall: 35.029 minutes, Δt:   0.75, CFL: 7.20e-01
i:  68700, t:   73171.5 s, ωt:   7.32 (1.16 periods), wall: 35.079 minutes, Δt:   0.85, CFL: 7.20e-01
i:  68800, t:   73250.1 s, ωt:   7.33 (1.17 periods), wall: 35.129 minutes, Δt:   0.77, CFL: 7.20e-01
i:  68900, t:   73323.1 s, ωt:   7.33 (1.17 periods), wall: 35.179 minutes, Δt:   0.85, CFL: 7.20e-01
i:  69000, t:   73401.3 s, ωt:   7.34 (1.17 periods), wall: 35.229 minutes, Δt:   0.74, CFL: 7.20e-01
i:  69100, t:   73478.4 s, ωt:   7.35 (1.17 periods), wall: 35.278 minutes, Δt:   0.72, CFL: 7.20e-01
i:  69200, t:   73548.9 s, ωt:   7.35 (1.17 periods), wall: 35.329 minutes, Δt:   0.85, CFL: 7.20e-01
i:  69300, t:   73625.8 s, ωt:   7.36 (1.17 periods), wall: 35.379 minutes, Δt:   0.77, CFL: 7.20e-01
i:  69400, t:   73702.4 s, ωt:   7.37 (1.17 periods), wall: 35.429 minutes, Δt:   0.86, CFL: 7.20e-01
i:  69500, t:   73784.2 s, ωt:   7.38 (1.17 periods), wall: 35.479 minutes, Δt:   0.83, CFL: 7.20e-01
i:  69600, t:   73868.1 s, ωt:   7.39 (1.18 periods), wall: 35.530 minutes, Δt:   0.77, CFL: 7.20e-01
i:  69700, t:   73948.9 s, ωt:   7.39 (1.18 periods), wall: 35.580 minutes, Δt:   0.85, CFL: 7.20e-01
i:  69800, t:   74029.2 s, ωt:   7.40 (1.18 periods), wall: 35.629 minutes, Δt:   0.81, CFL: 7.20e-01
i:  69900, t:   74107.7 s, ωt:   7.41 (1.18 periods), wall: 35.679 minutes, Δt:   0.74, CFL: 7.20e-01
i:  70000, t:   74172.7 s, ωt:   7.42 (1.18 periods), wall: 35.729 minutes, Δt:   0.52, CFL: 7.20e-01
i:  70100, t:   74239.8 s, ωt:   7.42 (1.18 periods), wall: 35.779 minutes, Δt:   0.67, CFL: 7.20e-01
i:  70200, t:   74309.6 s, ωt:   7.43 (1.18 periods), wall: 35.829 minutes, Δt:   0.58, CFL: 7.20e-01
i:  70300, t:   74373.3 s, ωt:   7.44 (1.18 periods), wall: 35.879 minutes, Δt:   0.78, CFL: 7.20e-01
i:  70400, t:   74448.3 s, ωt:   7.44 (1.18 periods), wall: 35.928 minutes, Δt:   0.78, CFL: 7.20e-01
i:  70500, t:   74524.6 s, ωt:   7.45 (1.19 periods), wall: 35.979 minutes, Δt:   0.65, CFL: 7.20e-01
i:  70600, t:   74598.2 s, ωt:   7.46 (1.19 periods), wall: 36.029 minutes, Δt:   0.76, CFL: 7.20e-01
i:  70700, t:   74675.8 s, ωt:   7.47 (1.19 periods), wall: 36.079 minutes, Δt:   0.79, CFL: 7.20e-01
i:  70800, t:   74756.4 s, ωt:   7.48 (1.19 periods), wall: 36.129 minutes, Δt:   0.74, CFL: 7.20e-01
i:  70900, t:   74834.0 s, ωt:   7.48 (1.19 periods), wall: 36.179 minutes, Δt:   0.74, CFL: 7.20e-01
i:  71000, t:   74911.7 s, ωt:   7.49 (1.19 periods), wall: 36.230 minutes, Δt:   0.83, CFL: 7.20e-01
i:  71100, t:   74988.6 s, ωt:   7.50 (1.19 periods), wall: 36.280 minutes, Δt:   0.69, CFL: 7.20e-01
i:  71200, t:   75068.0 s, ωt:   7.51 (1.19 periods), wall: 36.330 minutes, Δt:   0.83, CFL: 7.20e-01
i:  71300, t:   75145.2 s, ωt:   7.51 (1.20 periods), wall: 36.380 minutes, Δt:   0.73, CFL: 7.20e-01
i:  71400, t:   75217.4 s, ωt:   7.52 (1.20 periods), wall: 36.429 minutes, Δt:   0.83, CFL: 7.20e-01
i:  71500, t:   75298.5 s, ωt:   7.53 (1.20 periods), wall: 36.479 minutes, Δt:   0.82, CFL: 7.20e-01
i:  71600, t:   75377.0 s, ωt:   7.54 (1.20 periods), wall: 36.529 minutes, Δt:   0.74, CFL: 7.20e-01
i:  71700, t:   75454.4 s, ωt:   7.55 (1.20 periods), wall: 36.579 minutes, Δt:   0.80, CFL: 7.20e-01
i:  71800, t:   75531.0 s, ωt:   7.55 (1.20 periods), wall: 36.629 minutes, Δt:   0.73, CFL: 7.20e-01
i:  71900, t:   75598.5 s, ωt:   7.56 (1.20 periods), wall: 36.679 minutes, Δt:   0.81, CFL: 7.20e-01
i:  72000, t:   75677.4 s, ωt:   7.57 (1.20 periods), wall: 36.728 minutes, Δt:   0.80, CFL: 7.20e-01
i:  72100, t:   75748.9 s, ωt:   7.57 (1.21 periods), wall: 36.779 minutes, Δt:   0.64, CFL: 7.20e-01
i:  72200, t:   75822.8 s, ωt:   7.58 (1.21 periods), wall: 36.829 minutes, Δt:   0.75, CFL: 7.20e-01
i:  72300, t:   75889.2 s, ωt:   7.59 (1.21 periods), wall: 36.879 minutes, Δt:   0.69, CFL: 7.20e-01
i:  72400, t:   75969.0 s, ωt:   7.60 (1.21 periods), wall: 36.930 minutes, Δt:   0.77, CFL: 7.20e-01
i:  72500, t:   76045.0 s, ωt:   7.60 (1.21 periods), wall: 36.980 minutes, Δt:   0.66, CFL: 7.20e-01
i:  72600, t:   76117.8 s, ωt:   7.61 (1.21 periods), wall: 37.030 minutes, Δt:   0.75, CFL: 7.20e-01
i:  72700, t:   76179.7 s, ωt:   7.62 (1.21 periods), wall: 37.081 minutes, Δt:   0.63, CFL: 7.20e-01
i:  72800, t:   76243.1 s, ωt:   7.62 (1.21 periods), wall: 37.130 minutes, Δt:   0.76, CFL: 7.20e-01
i:  72900, t:   76318.2 s, ωt:   7.63 (1.21 periods), wall: 37.180 minutes, Δt:   0.77, CFL: 7.20e-01
i:  73000, t:   76386.8 s, ωt:   7.64 (1.22 periods), wall: 37.230 minutes, Δt:   0.56, CFL: 7.20e-01
i:  73100, t:   76452.1 s, ωt:   7.65 (1.22 periods), wall: 37.280 minutes, Δt:   0.69, CFL: 7.20e-01
i:  73200, t:   76525.7 s, ωt:   7.65 (1.22 periods), wall: 37.330 minutes, Δt:   0.59, CFL: 7.20e-01
i:  73300, t:   76593.7 s, ωt:   7.66 (1.22 periods), wall: 37.380 minutes, Δt:   0.73, CFL: 7.20e-01
i:  73400, t:   76666.8 s, ωt:   7.67 (1.22 periods), wall: 37.430 minutes, Δt:   0.51, CFL: 7.20e-01
i:  73500, t:   76727.9 s, ωt:   7.67 (1.22 periods), wall: 37.480 minutes, Δt:   0.74, CFL: 7.20e-01
i:  73600, t:   76799.2 s, ωt:   7.68 (1.22 periods), wall: 37.530 minutes, Δt:   0.68, CFL: 7.20e-01
i:  73700, t:   76870.6 s, ωt:   7.69 (1.22 periods), wall: 37.580 minutes, Δt:   0.66, CFL: 7.20e-01
i:  73800, t:   76943.7 s, ωt:   7.69 (1.22 periods), wall: 37.630 minutes, Δt:   0.85, CFL: 7.20e-01
i:  73900, t:   77023.2 s, ωt:   7.70 (1.23 periods), wall: 37.681 minutes, Δt:   0.80, CFL: 7.20e-01
i:  74000, t:   77099.0 s, ωt:   7.71 (1.23 periods), wall: 37.730 minutes, Δt:   0.80, CFL: 7.20e-01
i:  74100, t:   77178.3 s, ωt:   7.72 (1.23 periods), wall: 37.780 minutes, Δt:   0.80, CFL: 7.20e-01
i:  74200, t:   77255.1 s, ωt:   7.73 (1.23 periods), wall: 37.830 minutes, Δt:   0.74, CFL: 7.20e-01
i:  74300, t:   77327.3 s, ωt:   7.73 (1.23 periods), wall: 37.880 minutes, Δt:   0.75, CFL: 7.20e-01
i:  74400, t:   77399.2 s, ωt:   7.74 (1.23 periods), wall: 37.930 minutes, Δt:   0.74, CFL: 7.20e-01
i:  74500, t:   77471.9 s, ωt:   7.75 (1.23 periods), wall: 37.980 minutes, Δt:   0.63, CFL: 7.20e-01
i:  74600, t:   77544.2 s, ωt:   7.75 (1.23 periods), wall: 38.031 minutes, Δt:   0.80, CFL: 7.20e-01
i:  74700, t:   77622.8 s, ωt:   7.76 (1.24 periods), wall: 38.081 minutes, Δt:   0.69, CFL: 7.20e-01
i:  74800, t:   77690.1 s, ωt:   7.77 (1.24 periods), wall: 38.131 minutes, Δt:   0.66, CFL: 7.20e-01
i:  74900, t:   77762.3 s, ωt:   7.78 (1.24 periods), wall: 38.181 minutes, Δt:   0.72, CFL: 7.20e-01
i:  75000, t:   77840.2 s, ωt:   7.78 (1.24 periods), wall: 38.231 minutes, Δt:   0.74, CFL: 7.20e-01
i:  75100, t:   77911.5 s, ωt:   7.79 (1.24 periods), wall: 38.280 minutes, Δt:   0.68, CFL: 7.20e-01
i:  75200, t:   77978.7 s, ωt:   7.80 (1.24 periods), wall: 38.331 minutes, Δt:   0.67, CFL: 7.20e-01
i:  75300, t:   78037.7 s, ωt:   7.80 (1.24 periods), wall: 38.381 minutes, Δt:   0.66, CFL: 7.20e-01
i:  75400, t:   78108.2 s, ωt:   7.81 (1.24 periods), wall: 38.431 minutes, Δt:   0.71, CFL: 7.20e-01
i:  75500, t:   78181.8 s, ωt:   7.82 (1.24 periods), wall: 38.481 minutes, Δt:   0.81, CFL: 7.20e-01
i:  75600, t:   78260.3 s, ωt:   7.83 (1.25 periods), wall: 38.531 minutes, Δt:   0.78, CFL: 7.20e-01
i:  75700, t:   78335.1 s, ωt:   7.83 (1.25 periods), wall: 38.581 minutes, Δt:   0.76, CFL: 7.20e-01
i:  75800, t:   78407.8 s, ωt:   7.84 (1.25 periods), wall: 38.631 minutes, Δt:   0.73, CFL: 7.20e-01
i:  75900, t:   78485.0 s, ωt:   7.85 (1.25 periods), wall: 38.681 minutes, Δt:   0.75, CFL: 7.20e-01
i:  76000, t:   78557.7 s, ωt:   7.86 (1.25 periods), wall: 38.731 minutes, Δt:   0.76, CFL: 7.20e-01
i:  76100, t:   78633.4 s, ωt:   7.86 (1.25 periods), wall: 38.780 minutes, Δt:   0.89, CFL: 7.20e-01
i:  76200, t:   78707.6 s, ωt:   7.87 (1.25 periods), wall: 38.830 minutes, Δt:   0.76, CFL: 7.20e-01
i:  76300, t:   78777.5 s, ωt:   7.88 (1.25 periods), wall: 38.880 minutes, Δt:   0.68, CFL: 7.20e-01
i:  76400, t:   78852.7 s, ωt:   7.89 (1.25 periods), wall: 38.930 minutes, Δt:   0.68, CFL: 7.20e-01
i:  76500, t:   78925.5 s, ωt:   7.89 (1.26 periods), wall: 38.980 minutes, Δt:   0.78, CFL: 7.20e-01
i:  76600, t:   79000.8 s, ωt:   7.90 (1.26 periods), wall: 39.030 minutes, Δt:   0.70, CFL: 7.20e-01
i:  76700, t:   79075.4 s, ωt:   7.91 (1.26 periods), wall: 39.080 minutes, Δt:   0.76, CFL: 7.20e-01
i:  76800, t:   79142.3 s, ωt:   7.91 (1.26 periods), wall: 39.131 minutes, Δt:   0.63, CFL: 7.20e-01
i:  76900, t:   79214.7 s, ωt:   7.92 (1.26 periods), wall: 39.181 minutes, Δt:   0.74, CFL: 7.20e-01
i:  77000, t:   79291.0 s, ωt:   7.93 (1.26 periods), wall: 39.231 minutes, Δt:   0.71, CFL: 7.20e-01
i:  77100, t:   79367.0 s, ωt:   7.94 (1.26 periods), wall: 39.281 minutes, Δt:   0.72, CFL: 7.20e-01
i:  77200, t:   79443.0 s, ωt:   7.94 (1.26 periods), wall: 39.331 minutes, Δt:   0.87, CFL: 7.20e-01
i:  77300, t:   79523.6 s, ωt:   7.95 (1.27 periods), wall: 39.381 minutes, Δt:   0.73, CFL: 7.20e-01
i:  77400, t:   79599.8 s, ωt:   7.96 (1.27 periods), wall: 39.431 minutes, Δt:   0.76, CFL: 7.20e-01
i:  77500, t:   79672.4 s, ωt:   7.97 (1.27 periods), wall: 39.481 minutes, Δt:   0.81, CFL: 7.20e-01
i:  77600, t:   79753.3 s, ωt:   7.98 (1.27 periods), wall: 39.530 minutes, Δt:   0.82, CFL: 7.20e-01
i:  77700, t:   79830.1 s, ωt:   7.98 (1.27 periods), wall: 39.580 minutes, Δt:   0.78, CFL: 7.20e-01
i:  77800, t:   79905.9 s, ωt:   7.99 (1.27 periods), wall: 39.630 minutes, Δt:   0.79, CFL: 7.20e-01
i:  77900, t:   79982.0 s, ωt:   8.00 (1.27 periods), wall: 39.680 minutes, Δt:   0.67, CFL: 7.20e-01
i:  78000, t:   80057.1 s, ωt:   8.01 (1.27 periods), wall: 39.730 minutes, Δt:   0.79, CFL: 7.20e-01
i:  78100, t:   80132.8 s, ωt:   8.01 (1.28 periods), wall: 39.780 minutes, Δt:   0.70, CFL: 7.20e-01
i:  78200, t:   80206.6 s, ωt:   8.02 (1.28 periods), wall: 39.831 minutes, Δt:   0.85, CFL: 7.20e-01
i:  78300, t:   80286.1 s, ωt:   8.03 (1.28 periods), wall: 39.881 minutes, Δt:   0.77, CFL: 7.20e-01
i:  78400, t:   80362.2 s, ωt:   8.04 (1.28 periods), wall: 39.931 minutes, Δt:   0.75, CFL: 7.20e-01
i:  78500, t:   80435.0 s, ωt:   8.04 (1.28 periods), wall: 39.981 minutes, Δt:   0.71, CFL: 7.20e-01
i:  78600, t:   80509.3 s, ωt:   8.05 (1.28 periods), wall: 40.030 minutes, Δt:   0.76, CFL: 7.20e-01
i:  78700, t:   80588.0 s, ωt:   8.06 (1.28 periods), wall: 40.080 minutes, Δt:   0.76, CFL: 7.20e-01
i:  78800, t:   80668.4 s, ωt:   8.07 (1.28 periods), wall: 40.130 minutes, Δt:   0.87, CFL: 7.20e-01
i:  78900, t:   80749.7 s, ωt:   8.07 (1.29 periods), wall: 40.180 minutes, Δt:   0.71, CFL: 7.20e-01
i:  79000, t:   80827.7 s, ωt:   8.08 (1.29 periods), wall: 40.230 minutes, Δt:   0.73, CFL: 7.20e-01
i:  79100, t:   80902.1 s, ωt:   8.09 (1.29 periods), wall: 40.280 minutes, Δt:   0.85, CFL: 7.20e-01
i:  79200, t:   80984.1 s, ωt:   8.10 (1.29 periods), wall: 40.330 minutes, Δt:   0.79, CFL: 7.20e-01
i:  79300, t:   81052.8 s, ωt:   8.11 (1.29 periods), wall: 40.380 minutes, Δt:   0.78, CFL: 7.20e-01
i:  79400, t:   81133.1 s, ωt:   8.11 (1.29 periods), wall: 40.431 minutes, Δt:   0.85, CFL: 7.20e-01
i:  79500, t:   81214.0 s, ωt:   8.12 (1.29 periods), wall: 40.481 minutes, Δt:   0.86, CFL: 7.20e-01
i:  79600, t:   81293.2 s, ωt:   8.13 (1.29 periods), wall: 40.531 minutes, Δt:   0.69, CFL: 7.20e-01
i:  79700, t:   81365.8 s, ωt:   8.14 (1.29 periods), wall: 40.580 minutes, Δt:   0.82, CFL: 7.20e-01
i:  79800, t:   81443.0 s, ωt:   8.14 (1.30 periods), wall: 40.630 minutes, Δt:   0.72, CFL: 7.20e-01
i:  79900, t:   81510.4 s, ωt:   8.15 (1.30 periods), wall: 40.680 minutes, Δt:   0.88, CFL: 7.20e-01
i:  80000, t:   81595.4 s, ωt:   8.16 (1.30 periods), wall: 40.730 minutes, Δt:   0.82, CFL: 7.20e-01
i:  80100, t:   81674.8 s, ωt:   8.17 (1.30 periods), wall: 40.780 minutes, Δt:   0.81, CFL: 7.20e-01
i:  80200, t:   81755.5 s, ωt:   8.18 (1.30 periods), wall: 40.830 minutes, Δt:   0.68, CFL: 7.20e-01
i:  80300, t:   81835.0 s, ωt:   8.18 (1.30 periods), wall: 40.880 minutes, Δt:   0.88, CFL: 7.20e-01
i:  80400, t:   81917.5 s, ωt:   8.19 (1.30 periods), wall: 40.931 minutes, Δt:   0.89, CFL: 7.20e-01
i:  80500, t:   82005.7 s, ωt:   8.20 (1.31 periods), wall: 40.981 minutes, Δt:   0.72, CFL: 7.20e-01
i:  80600, t:   82079.7 s, ωt:   8.21 (1.31 periods), wall: 41.031 minutes, Δt:   0.72, CFL: 7.20e-01
i:  80700, t:   82154.7 s, ωt:   8.22 (1.31 periods), wall: 41.081 minutes, Δt:   0.59, CFL: 7.20e-01
i:  80800, t:   82226.4 s, ωt:   8.22 (1.31 periods), wall: 41.131 minutes, Δt:   0.71, CFL: 7.20e-01
i:  80900, t:   82298.2 s, ωt:   8.23 (1.31 periods), wall: 41.181 minutes, Δt:   0.94, CFL: 7.20e-01
i:  81000, t:   82384.4 s, ωt:   8.24 (1.31 periods), wall: 41.231 minutes, Δt:   0.89, CFL: 7.20e-01
i:  81100, t:   82470.1 s, ωt:   8.25 (1.31 periods), wall: 41.280 minutes, Δt:   0.94, CFL: 7.20e-01
i:  81200, t:   82558.5 s, ωt:   8.26 (1.31 periods), wall: 41.330 minutes, Δt:   0.85, CFL: 7.20e-01
i:  81300, t:   82639.7 s, ωt:   8.26 (1.32 periods), wall: 41.380 minutes, Δt:   0.75, CFL: 7.20e-01
i:  81400, t:   82715.4 s, ωt:   8.27 (1.32 periods), wall: 41.430 minutes, Δt:   0.85, CFL: 7.20e-01
i:  81500, t:   82801.4 s, ωt:   8.28 (1.32 periods), wall: 41.480 minutes, Δt:   0.76, CFL: 7.20e-01
i:  81600, t:   82883.0 s, ωt:   8.29 (1.32 periods), wall: 41.530 minutes, Δt:   0.85, CFL: 7.20e-01
i:  81700, t:   82967.3 s, ωt:   8.30 (1.32 periods), wall: 41.580 minutes, Δt:   0.96, CFL: 7.20e-01
i:  81800, t:   83046.5 s, ωt:   8.30 (1.32 periods), wall: 41.631 minutes, Δt:   0.81, CFL: 7.20e-01
i:  81900, t:   83129.1 s, ωt:   8.31 (1.32 periods), wall: 41.681 minutes, Δt:   0.94, CFL: 7.20e-01
i:  82000, t:   83206.5 s, ωt:   8.32 (1.32 periods), wall: 41.730 minutes, Δt:   0.85, CFL: 7.20e-01
i:  82100, t:   83296.2 s, ωt:   8.33 (1.33 periods), wall: 41.780 minutes, Δt:   0.92, CFL: 7.20e-01
i:  82200, t:   83380.6 s, ωt:   8.34 (1.33 periods), wall: 41.830 minutes, Δt:   0.88, CFL: 7.20e-01
i:  82300, t:   83468.6 s, ωt:   8.35 (1.33 periods), wall: 41.880 minutes, Δt:   0.82, CFL: 7.20e-01
i:  82400, t:   83553.6 s, ωt:   8.36 (1.33 periods), wall: 41.930 minutes, Δt:   0.89, CFL: 7.20e-01
i:  82500, t:   83647.1 s, ωt:   8.36 (1.33 periods), wall: 41.980 minutes, Δt:   0.90, CFL: 7.20e-01
i:  82600, t:   83730.8 s, ωt:   8.37 (1.33 periods), wall: 42.030 minutes, Δt:   1.01, CFL: 7.20e-01
i:  82700, t:   83829.2 s, ωt:   8.38 (1.33 periods), wall: 42.080 minutes, Δt:   0.92, CFL: 7.20e-01
i:  82800, t:   83915.4 s, ωt:   8.39 (1.34 periods), wall: 42.130 minutes, Δt:   0.80, CFL: 7.20e-01
i:  82900, t:   84004.1 s, ωt:   8.40 (1.34 periods), wall: 42.180 minutes, Δt:   0.98, CFL: 7.20e-01
i:  83000, t:   84094.8 s, ωt:   8.41 (1.34 periods), wall: 42.230 minutes, Δt:   0.83, CFL: 7.20e-01
i:  83100, t:   84179.3 s, ωt:   8.42 (1.34 periods), wall: 42.281 minutes, Δt:   0.97, CFL: 7.20e-01
i:  83200, t:   84268.7 s, ωt:   8.43 (1.34 periods), wall: 42.332 minutes, Δt:   0.87, CFL: 7.20e-01
i:  83300, t:   84356.6 s, ωt:   8.44 (1.34 periods), wall: 42.383 minutes, Δt:   0.84, CFL: 7.20e-01
i:  83400, t:   84452.8 s, ωt:   8.45 (1.34 periods), wall: 42.433 minutes, Δt:   1.02, CFL: 7.20e-01
i:  83500, t:   84550.3 s, ωt:   8.46 (1.35 periods), wall: 42.483 minutes, Δt:   0.95, CFL: 7.20e-01
i:  83600, t:   84641.2 s, ωt:   8.46 (1.35 periods), wall: 42.534 minutes, Δt:   0.79, CFL: 7.20e-01
i:  83700, t:   84722.6 s, ωt:   8.47 (1.35 periods), wall: 42.584 minutes, Δt:   0.90, CFL: 7.20e-01
i:  83800, t:   84816.0 s, ωt:   8.48 (1.35 periods), wall: 42.634 minutes, Δt:   1.06, CFL: 7.20e-01
i:  83900, t:   84916.7 s, ωt:   8.49 (1.35 periods), wall: 42.684 minutes, Δt:   0.95, CFL: 7.20e-01
i:  84000, t:   85008.2 s, ωt:   8.50 (1.35 periods), wall: 42.734 minutes, Δt:   1.00, CFL: 7.20e-01
i:  84100, t:   85108.7 s, ωt:   8.51 (1.35 periods), wall: 42.783 minutes, Δt:   0.79, CFL: 7.20e-01
i:  84200, t:   85193.6 s, ωt:   8.52 (1.36 periods), wall: 42.834 minutes, Δt:   0.91, CFL: 7.20e-01
i:  84300, t:   85289.3 s, ωt:   8.53 (1.36 periods), wall: 42.883 minutes, Δt:   1.05, CFL: 7.20e-01
i:  84400, t:   85392.1 s, ωt:   8.54 (1.36 periods), wall: 42.933 minutes, Δt:   1.02, CFL: 7.20e-01
i:  84500, t:   85488.4 s, ωt:   8.55 (1.36 periods), wall: 42.984 minutes, Δt:   0.96, CFL: 7.20e-01
i:  84600, t:   85587.0 s, ωt:   8.56 (1.36 periods), wall: 43.034 minutes, Δt:   0.96, CFL: 7.20e-01
i:  84700, t:   85690.7 s, ωt:   8.57 (1.36 periods), wall: 43.084 minutes, Δt:   1.13, CFL: 7.20e-01
i:  84800, t:   85790.7 s, ωt:   8.58 (1.37 periods), wall: 43.134 minutes, Δt:   0.96, CFL: 7.20e-01
i:  84900, t:   85900.1 s, ωt:   8.59 (1.37 periods), wall: 43.184 minutes, Δt:   1.03, CFL: 7.20e-01
i:  85000, t:   85993.8 s, ωt:   8.60 (1.37 periods), wall: 43.234 minutes, Δt:   1.15, CFL: 7.20e-01
i:  85100, t:   86115.1 s, ωt:   8.61 (1.37 periods), wall: 43.284 minutes, Δt:   1.23, CFL: 7.20e-01
i:  85200, t:   86222.7 s, ωt:   8.62 (1.37 periods), wall: 43.334 minutes, Δt:   1.14, CFL: 7.20e-01
i:  85300, t:   86340.7 s, ωt:   8.63 (1.37 periods), wall: 43.384 minutes, Δt:   1.20, CFL: 7.20e-01
i:  85400, t:   86449.1 s, ωt:   8.64 (1.38 periods), wall: 43.434 minutes, Δt:   0.87, CFL: 7.20e-01
i:  85500, t:   86542.8 s, ωt:   8.65 (1.38 periods), wall: 43.484 minutes, Δt:   1.10, CFL: 7.20e-01
i:  85600, t:   86653.5 s, ωt:   8.67 (1.38 periods), wall: 43.534 minutes, Δt:   1.20, CFL: 7.20e-01
i:  85700, t:   86775.3 s, ωt:   8.68 (1.38 periods), wall: 43.585 minutes, Δt:   1.10, CFL: 7.20e-01
i:  85800, t:   86895.2 s, ωt:   8.69 (1.38 periods), wall: 43.635 minutes, Δt:   1.34, CFL: 7.20e-01
i:  85900, t:   87030.5 s, ωt:   8.70 (1.39 periods), wall: 43.685 minutes, Δt:   1.15, CFL: 7.20e-01
i:  86000, t:   87151.9 s, ωt:   8.72 (1.39 periods), wall: 43.734 minutes, Δt:   1.20, CFL: 7.20e-01
i:  86100, t:   87276.7 s, ωt:   8.73 (1.39 periods), wall: 43.784 minutes, Δt:   1.23, CFL: 7.20e-01
i:  86200, t:   87390.9 s, ωt:   8.74 (1.39 periods), wall: 43.834 minutes, Δt:   1.06, CFL: 7.20e-01
i:  86300, t:   87501.6 s, ωt:   8.75 (1.39 periods), wall: 43.884 minutes, Δt:   1.03, CFL: 7.20e-01
i:  86400, t:   87612.2 s, ωt:   8.76 (1.39 periods), wall: 43.934 minutes, Δt:   1.11, CFL: 7.20e-01
i:  86500, t:   87734.2 s, ωt:   8.77 (1.40 periods), wall: 43.984 minutes, Δt:   1.47, CFL: 7.20e-01
i:  86600, t:   87883.5 s, ωt:   8.79 (1.40 periods), wall: 44.034 minutes, Δt:   1.35, CFL: 7.20e-01
i:  86700, t:   88026.3 s, ωt:   8.80 (1.40 periods), wall: 44.085 minutes, Δt:   1.39, CFL: 7.20e-01
i:  86800, t:   88162.2 s, ωt:   8.82 (1.40 periods), wall: 44.136 minutes, Δt:   1.32, CFL: 7.20e-01
i:  86900, t:   88286.1 s, ωt:   8.83 (1.41 periods), wall: 44.185 minutes, Δt:   1.28, CFL: 7.20e-01
i:  87000, t:   88420.2 s, ωt:   8.84 (1.41 periods), wall: 44.235 minutes, Δt:   1.29, CFL: 7.20e-01
i:  87100, t:   88556.1 s, ωt:   8.86 (1.41 periods), wall: 44.285 minutes, Δt:   1.55, CFL: 7.20e-01
i:  87200, t:   88703.1 s, ωt:   8.87 (1.41 periods), wall: 44.335 minutes, Δt:   1.42, CFL: 7.20e-01
i:  87300, t:   88829.6 s, ωt:   8.88 (1.41 periods), wall: 44.385 minutes, Δt:   1.30, CFL: 7.20e-01
i:  87400, t:   88957.9 s, ωt:   8.90 (1.42 periods), wall: 44.435 minutes, Δt:   1.34, CFL: 7.20e-01
i:  87500, t:   89092.8 s, ωt:   8.91 (1.42 periods), wall: 44.485 minutes, Δt:   1.25, CFL: 7.20e-01
i:  87600, t:   89230.2 s, ωt:   8.92 (1.42 periods), wall: 44.536 minutes, Δt:   1.39, CFL: 7.20e-01
i:  87700, t:   89383.6 s, ωt:   8.94 (1.42 periods), wall: 44.586 minutes, Δt:   1.60, CFL: 7.20e-01
i:  87800, t:   89528.1 s, ωt:   8.95 (1.42 periods), wall: 44.636 minutes, Δt:   1.54, CFL: 7.20e-01
i:  87900, t:   89679.9 s, ωt:   8.97 (1.43 periods), wall: 44.686 minutes, Δt:   1.32, CFL: 7.20e-01
i:  88000, t:   89832.6 s, ωt:   8.98 (1.43 periods), wall: 44.736 minutes, Δt:   1.64, CFL: 7.20e-01
i:  88100, t:   90025.6 s, ωt:   9.00 (1.43 periods), wall: 44.786 minutes, Δt:   2.29, CFL: 7.20e-01
i:  88200, t:   90240.7 s, ωt:   9.02 (1.44 periods), wall: 44.836 minutes, Δt:   2.17, CFL: 7.20e-01
i:  88300, t:   90466.4 s, ωt:   9.05 (1.44 periods), wall: 44.886 minutes, Δt:   2.81, CFL: 7.20e-01
i:  88400, t:   90720.0 s, ωt:   9.07 (1.44 periods), wall: 44.937 minutes, Δt:   2.49, CFL: 7.20e-01
i:  88500, t:   90941.5 s, ωt:   9.09 (1.45 periods), wall: 44.987 minutes, Δt:   2.07, CFL: 7.20e-01
i:  88600, t:   91168.8 s, ωt:   9.12 (1.45 periods), wall: 45.037 minutes, Δt:   2.16, CFL: 7.20e-01
i:  88700, t:   91416.2 s, ωt:   9.14 (1.45 periods), wall: 45.087 minutes, Δt:   2.58, CFL: 7.20e-01
i:  88800, t:   91701.1 s, ωt:   9.17 (1.46 periods), wall: 45.137 minutes, Δt:   2.85, CFL: 7.20e-01
i:  88900, t:   92028.5 s, ωt:   9.20 (1.46 periods), wall: 45.187 minutes, Δt:   3.25, CFL: 7.20e-01
i:  89000, t:   92314.3 s, ωt:   9.23 (1.47 periods), wall: 45.237 minutes, Δt:   3.29, CFL: 7.20e-01
i:  89100, t:   92607.6 s, ωt:   9.26 (1.47 periods), wall: 45.288 minutes, Δt:   3.15, CFL: 7.20e-01
i:  89200, t:   92908.1 s, ωt:   9.29 (1.48 periods), wall: 45.338 minutes, Δt:   2.62, CFL: 7.20e-01
i:  89300, t:   93184.3 s, ωt:   9.32 (1.48 periods), wall: 45.388 minutes, Δt:   2.70, CFL: 7.20e-01
i:  89400, t:   93522.5 s, ωt:   9.35 (1.49 periods), wall: 45.438 minutes, Δt:   3.94, CFL: 7.20e-01
i:  89500, t:   93876.2 s, ωt:   9.39 (1.49 periods), wall: 45.489 minutes, Δt:   3.39, CFL: 7.20e-01
i:  89600, t:   94195.5 s, ωt:   9.42 (1.50 periods), wall: 45.539 minutes, Δt:   2.71, CFL: 7.20e-01
i:  89700, t:   94500.8 s, ωt:   9.45 (1.50 periods), wall: 45.592 minutes, Δt:   2.90, CFL: 7.20e-01
i:  89800, t:   94794.5 s, ωt:   9.48 (1.51 periods), wall: 45.642 minutes, Δt:   3.15, CFL: 7.20e-01
i:  89900, t:   95043.4 s, ωt:   9.50 (1.51 periods), wall: 45.693 minutes, Δt:   2.15, CFL: 7.20e-01
i:  90000, t:   95261.2 s, ωt:   9.53 (1.52 periods), wall: 45.743 minutes, Δt:   1.97, CFL: 7.20e-01
i:  90100, t:   95457.0 s, ωt:   9.55 (1.52 periods), wall: 45.792 minutes, Δt:   2.03, CFL: 7.20e-01
i:  90200, t:   95672.3 s, ωt:   9.57 (1.52 periods), wall: 45.842 minutes, Δt:   2.23, CFL: 7.20e-01
i:  90300, t:   95899.4 s, ωt:   9.59 (1.53 periods), wall: 45.893 minutes, Δt:   2.38, CFL: 7.20e-01
i:  90400, t:   96104.2 s, ωt:   9.61 (1.53 periods), wall: 45.942 minutes, Δt:   1.88, CFL: 7.20e-01
i:  90500, t:   96308.6 s, ωt:   9.63 (1.53 periods), wall: 45.993 minutes, Δt:   2.06, CFL: 7.20e-01
i:  90600, t:   96500.4 s, ωt:   9.65 (1.54 periods), wall: 46.043 minutes, Δt:   1.98, CFL: 7.20e-01
i:  90700, t:   96691.4 s, ωt:   9.67 (1.54 periods), wall: 46.093 minutes, Δt:   1.79, CFL: 7.20e-01
i:  90800, t:   96845.8 s, ωt:   9.68 (1.54 periods), wall: 46.143 minutes, Δt:   1.53, CFL: 7.20e-01
i:  90900, t:   97001.3 s, ωt:   9.70 (1.54 periods), wall: 46.193 minutes, Δt:   1.31, CFL: 7.20e-01
i:  91000, t:   97152.9 s, ωt:   9.72 (1.55 periods), wall: 46.243 minutes, Δt:   1.51, CFL: 7.20e-01
i:  91100, t:   97302.5 s, ωt:   9.73 (1.55 periods), wall: 46.293 minutes, Δt:   1.74, CFL: 7.20e-01
i:  91200, t:   97456.4 s, ωt:   9.75 (1.55 periods), wall: 46.343 minutes, Δt:   1.21, CFL: 7.20e-01
i:  91300, t:   97581.0 s, ωt:   9.76 (1.55 periods), wall: 46.393 minutes, Δt:   1.38, CFL: 7.20e-01
i:  91400, t:   97704.6 s, ωt:   9.77 (1.56 periods), wall: 46.443 minutes, Δt:   1.24, CFL: 7.20e-01
i:  91500, t:   97843.1 s, ωt:   9.78 (1.56 periods), wall: 46.494 minutes, Δt:   1.30, CFL: 7.20e-01
i:  91600, t:   97971.8 s, ωt:   9.80 (1.56 periods), wall: 46.544 minutes, Δt:   1.31, CFL: 7.20e-01
i:  91700, t:   98103.9 s, ωt:   9.81 (1.56 periods), wall: 46.594 minutes, Δt:   1.16, CFL: 7.20e-01
i:  91800, t:   98223.7 s, ωt:   9.82 (1.56 periods), wall: 46.644 minutes, Δt:   1.16, CFL: 7.20e-01
i:  91900, t:   98339.3 s, ωt:   9.83 (1.57 periods), wall: 46.694 minutes, Δt:   1.31, CFL: 7.20e-01
i:  92000, t:   98463.1 s, ωt:   9.85 (1.57 periods), wall: 46.744 minutes, Δt:   1.39, CFL: 7.20e-01
i:  92100, t:   98591.2 s, ωt:   9.86 (1.57 periods), wall: 46.794 minutes, Δt:   1.17, CFL: 7.20e-01
i:  92200, t:   98715.5 s, ωt:   9.87 (1.57 periods), wall: 46.844 minutes, Δt:   1.34, CFL: 7.20e-01
i:  92300, t:   98825.0 s, ωt:   9.88 (1.57 periods), wall: 46.894 minutes, Δt:   1.13, CFL: 7.20e-01
i:  92400, t:   98942.6 s, ωt:   9.89 (1.57 periods), wall: 46.944 minutes, Δt:   1.18, CFL: 7.20e-01
i:  92500, t:   99057.5 s, ωt:   9.91 (1.58 periods), wall: 46.994 minutes, Δt:   1.29, CFL: 7.20e-01
i:  92600, t:   99175.0 s, ωt:   9.92 (1.58 periods), wall: 47.044 minutes, Δt:   1.17, CFL: 7.20e-01
i:  92700, t:   99291.7 s, ωt:   9.93 (1.58 periods), wall: 47.095 minutes, Δt:   0.98, CFL: 7.20e-01
i:  92800, t:   99399.0 s, ωt:   9.94 (1.58 periods), wall: 47.145 minutes, Δt:   0.94, CFL: 7.20e-01
i:  92900, t:   99510.5 s, ωt:   9.95 (1.58 periods), wall: 47.195 minutes, Δt:   1.08, CFL: 7.20e-01
i:  93000, t:   99621.8 s, ωt:   9.96 (1.59 periods), wall: 47.245 minutes, Δt:   1.12, CFL: 7.20e-01
i:  93100, t:   99722.9 s, ωt:   9.97 (1.59 periods), wall: 47.295 minutes, Δt:   1.00, CFL: 7.20e-01
i:  93200, t:   99813.4 s, ωt:   9.98 (1.59 periods), wall: 47.345 minutes, Δt:   1.05, CFL: 7.20e-01
i:  93300, t:   99912.8 s, ωt:   9.99 (1.59 periods), wall: 47.395 minutes, Δt:   0.94, CFL: 7.20e-01
i:  93400, t:  100014.5 s, ωt:  10.00 (1.59 periods), wall: 47.445 minutes, Δt:   1.11, CFL: 7.20e-01
i:  93500, t:  100115.5 s, ωt:  10.01 (1.59 periods), wall: 47.494 minutes, Δt:   1.14, CFL: 7.20e-01
i:  93600, t:  100216.6 s, ωt:  10.02 (1.59 periods), wall: 47.544 minutes, Δt:   1.01, CFL: 7.20e-01
i:  93700, t:  100315.0 s, ωt:  10.03 (1.60 periods), wall: 47.595 minutes, Δt:   0.95, CFL: 7.20e-01
i:  93800, t:  100417.5 s, ωt:  10.04 (1.60 periods), wall: 47.645 minutes, Δt:   0.97, CFL: 7.20e-01
i:  93900, t:  100522.5 s, ωt:  10.05 (1.60 periods), wall: 47.696 minutes, Δt:   1.10, CFL: 7.20e-01
i:  94000, t:  100621.4 s, ωt:  10.06 (1.60 periods), wall: 47.746 minutes, Δt:   0.94, CFL: 7.20e-01
i:  94100, t:  100722.0 s, ωt:  10.07 (1.60 periods), wall: 47.795 minutes, Δt:   1.00, CFL: 7.20e-01
i:  94200, t:  100817.4 s, ωt:  10.08 (1.60 periods), wall: 47.845 minutes, Δt:   0.91, CFL: 7.20e-01
i:  94300, t:  100913.9 s, ωt:  10.09 (1.61 periods), wall: 47.896 minutes, Δt:   0.95, CFL: 7.20e-01
i:  94400, t:  101008.7 s, ωt:  10.10 (1.61 periods), wall: 47.946 minutes, Δt:   0.84, CFL: 7.20e-01
i:  94500, t:  101087.5 s, ωt:  10.11 (1.61 periods), wall: 47.996 minutes, Δt:   0.91, CFL: 7.20e-01
i:  94600, t:  101175.6 s, ωt:  10.12 (1.61 periods), wall: 48.046 minutes, Δt:   0.89, CFL: 7.20e-01
i:  94700, t:  101258.4 s, ωt:  10.13 (1.61 periods), wall: 48.096 minutes, Δt:   0.82, CFL: 7.20e-01
i:  94800, t:  101343.6 s, ωt:  10.13 (1.61 periods), wall: 48.146 minutes, Δt:   0.88, CFL: 7.20e-01
i:  94900, t:  101427.4 s, ωt:  10.14 (1.61 periods), wall: 48.196 minutes, Δt:   0.86, CFL: 7.20e-01
i:  95000, t:  101511.8 s, ωt:  10.15 (1.62 periods), wall: 48.247 minutes, Δt:   0.90, CFL: 7.20e-01
i:  95100, t:  101599.7 s, ωt:  10.16 (1.62 periods), wall: 48.297 minutes, Δt:   0.84, CFL: 7.20e-01
i:  95200, t:  101685.1 s, ωt:  10.17 (1.62 periods), wall: 48.347 minutes, Δt:   0.90, CFL: 7.20e-01
i:  95300, t:  101767.6 s, ωt:  10.18 (1.62 periods), wall: 48.397 minutes, Δt:   0.94, CFL: 7.20e-01
i:  95400, t:  101857.0 s, ωt:  10.19 (1.62 periods), wall: 48.447 minutes, Δt:   0.92, CFL: 7.20e-01
i:  95500, t:  101938.5 s, ωt:  10.19 (1.62 periods), wall: 48.497 minutes, Δt:   0.83, CFL: 7.20e-01
i:  95600, t:  102023.0 s, ωt:  10.20 (1.62 periods), wall: 48.547 minutes, Δt:   0.88, CFL: 7.20e-01
i:  95700, t:  102115.9 s, ωt:  10.21 (1.63 periods), wall: 48.597 minutes, Δt:   0.89, CFL: 7.20e-01
i:  95800, t:  102204.0 s, ωt:  10.22 (1.63 periods), wall: 48.647 minutes, Δt:   0.93, CFL: 7.20e-01
i:  95900, t:  102294.5 s, ωt:  10.23 (1.63 periods), wall: 48.697 minutes, Δt:   0.94, CFL: 7.20e-01
i:  96000, t:  102378.4 s, ωt:  10.24 (1.63 periods), wall: 48.746 minutes, Δt:   0.82, CFL: 7.20e-01
i:  96100, t:  102453.0 s, ωt:  10.25 (1.63 periods), wall: 48.797 minutes, Δt:   0.61, CFL: 7.20e-01
i:  96200, t:  102525.2 s, ωt:  10.25 (1.63 periods), wall: 48.847 minutes, Δt:   0.92, CFL: 7.20e-01
i:  96300, t:  102617.4 s, ωt:  10.26 (1.63 periods), wall: 48.897 minutes, Δt:   0.91, CFL: 7.20e-01
i:  96400, t:  102698.8 s, ωt:  10.27 (1.63 periods), wall: 48.947 minutes, Δt:   0.84, CFL: 7.20e-01
i:  96500, t:  102783.3 s, ωt:  10.28 (1.64 periods), wall: 48.997 minutes, Δt:   0.81, CFL: 7.20e-01
i:  96600, t:  102865.1 s, ωt:  10.29 (1.64 periods), wall: 49.047 minutes, Δt:   0.66, CFL: 7.20e-01
i:  96700, t:  102949.9 s, ωt:  10.29 (1.64 periods), wall: 49.097 minutes, Δt:   0.79, CFL: 7.20e-01
i:  96800, t:  103031.8 s, ωt:  10.30 (1.64 periods), wall: 49.147 minutes, Δt:   0.87, CFL: 7.20e-01
i:  96900, t:  103108.3 s, ωt:  10.31 (1.64 periods), wall: 49.197 minutes, Δt:   0.79, CFL: 7.20e-01
i:  97000, t:  103190.9 s, ωt:  10.32 (1.64 periods), wall: 49.246 minutes, Δt:   0.91, CFL: 7.20e-01
i:  97100, t:  103280.1 s, ωt:  10.33 (1.64 periods), wall: 49.296 minutes, Δt:   0.90, CFL: 7.20e-01
i:  97200, t:  103359.9 s, ωt:  10.34 (1.65 periods), wall: 49.346 minutes, Δt:   0.80, CFL: 7.20e-01
i:  97300, t:  103446.2 s, ωt:  10.34 (1.65 periods), wall: 49.397 minutes, Δt:   0.85, CFL: 7.20e-01
i:  97400, t:  103531.3 s, ωt:  10.35 (1.65 periods), wall: 49.447 minutes, Δt:   0.89, CFL: 7.20e-01
i:  97500, t:  103608.2 s, ωt:  10.36 (1.65 periods), wall: 49.496 minutes, Δt:   0.72, CFL: 7.20e-01
i:  97600, t:  103677.0 s, ωt:  10.37 (1.65 periods), wall: 49.546 minutes, Δt:   0.71, CFL: 7.20e-01
i:  97700, t:  103747.1 s, ωt:  10.37 (1.65 periods), wall: 49.596 minutes, Δt:   0.69, CFL: 7.20e-01
i:  97800, t:  103819.7 s, ωt:  10.38 (1.65 periods), wall: 49.646 minutes, Δt:   0.77, CFL: 7.20e-01
i:  97900, t:  103893.0 s, ωt:  10.39 (1.65 periods), wall: 49.696 minutes, Δt:   0.77, CFL: 7.20e-01
i:  98000, t:  103963.8 s, ωt:  10.40 (1.65 periods), wall: 49.746 minutes, Δt:   0.71, CFL: 7.20e-01
i:  98100, t:  104036.5 s, ωt:  10.40 (1.66 periods), wall: 49.796 minutes, Δt:   0.73, CFL: 7.20e-01
i:  98200, t:  104113.9 s, ωt:  10.41 (1.66 periods), wall: 49.846 minutes, Δt:   0.85, CFL: 7.20e-01
i:  98300, t:  104192.0 s, ωt:  10.42 (1.66 periods), wall: 49.896 minutes, Δt:   0.67, CFL: 7.20e-01
i:  98400, t:  104266.0 s, ωt:  10.43 (1.66 periods), wall: 49.946 minutes, Δt:   0.81, CFL: 7.20e-01
i:  98500, t:  104343.4 s, ωt:  10.43 (1.66 periods), wall: 49.997 minutes, Δt:   0.79, CFL: 7.20e-01
i:  98600, t:  104423.8 s, ωt:  10.44 (1.66 periods), wall: 50.047 minutes, Δt:   0.83, CFL: 7.20e-01
i:  98700, t:  104502.1 s, ωt:  10.45 (1.66 periods), wall: 50.096 minutes, Δt:   0.78, CFL: 7.20e-01
i:  98800, t:  104583.7 s, ωt:  10.46 (1.66 periods), wall: 50.146 minutes, Δt:   0.88, CFL: 7.20e-01
i:  98900, t:  104659.5 s, ωt:  10.47 (1.67 periods), wall: 50.196 minutes, Δt:   0.85, CFL: 7.20e-01
i:  99000, t:  104743.3 s, ωt:  10.47 (1.67 periods), wall: 50.246 minutes, Δt:   0.72, CFL: 7.20e-01
i:  99100, t:  104818.5 s, ωt:  10.48 (1.67 periods), wall: 50.296 minutes, Δt:   0.73, CFL: 7.20e-01
i:  99200, t:  104899.2 s, ωt:  10.49 (1.67 periods), wall: 50.346 minutes, Δt:   0.66, CFL: 7.20e-01
i:  99300, t:  104976.6 s, ωt:  10.50 (1.67 periods), wall: 50.396 minutes, Δt:   0.84, CFL: 7.20e-01
i:  99400, t:  105056.1 s, ωt:  10.51 (1.67 periods), wall: 50.446 minutes, Δt:   0.86, CFL: 7.20e-01
i:  99500, t:  105132.5 s, ωt:  10.51 (1.67 periods), wall: 50.495 minutes, Δt:   0.65, CFL: 7.20e-01
i:  99600, t:  105208.8 s, ωt:  10.52 (1.67 periods), wall: 50.545 minutes, Δt:   0.75, CFL: 7.20e-01
i:  99700, t:  105285.5 s, ωt:  10.53 (1.68 periods), wall: 50.596 minutes, Δt:   0.67, CFL: 7.20e-01
i:  99800, t:  105352.0 s, ωt:  10.54 (1.68 periods), wall: 50.647 minutes, Δt:   0.76, CFL: 7.20e-01
i:  99900, t:  105423.2 s, ωt:  10.54 (1.68 periods), wall: 50.697 minutes, Δt:   0.79, CFL: 7.20e-01
i: 100000, t:  105502.2 s, ωt:  10.55 (1.68 periods), wall: 50.746 minutes, Δt:   0.68, CFL: 7.20e-01
i: 100100, t:  105574.4 s, ωt:  10.56 (1.68 periods), wall: 50.797 minutes, Δt:   0.63, CFL: 7.20e-01
i: 100200, t:  105649.3 s, ωt:  10.56 (1.68 periods), wall: 50.846 minutes, Δt:   0.80, CFL: 7.20e-01
i: 100300, t:  105726.7 s, ωt:  10.57 (1.68 periods), wall: 50.896 minutes, Δt:   0.66, CFL: 7.20e-01
i: 100400, t:  105794.9 s, ωt:  10.58 (1.68 periods), wall: 50.946 minutes, Δt:   0.76, CFL: 7.20e-01
i: 100500, t:  105867.2 s, ωt:  10.59 (1.68 periods), wall: 50.996 minutes, Δt:   0.67, CFL: 7.20e-01
i: 100600, t:  105934.3 s, ωt:  10.59 (1.69 periods), wall: 51.046 minutes, Δt:   0.73, CFL: 7.20e-01
i: 100700, t:  106002.9 s, ωt:  10.60 (1.69 periods), wall: 51.096 minutes, Δt:   0.79, CFL: 7.20e-01
i: 100800, t:  106075.5 s, ωt:  10.61 (1.69 periods), wall: 51.146 minutes, Δt:   0.76, CFL: 7.20e-01
i: 100900, t:  106147.5 s, ωt:  10.61 (1.69 periods), wall: 51.196 minutes, Δt:   0.79, CFL: 7.20e-01
i: 101000, t:  106220.7 s, ωt:  10.62 (1.69 periods), wall: 51.247 minutes, Δt:   0.75, CFL: 7.20e-01
i: 101100, t:  106295.1 s, ωt:  10.63 (1.69 periods), wall: 51.297 minutes, Δt:   0.82, CFL: 7.20e-01
i: 101200, t:  106370.6 s, ωt:  10.64 (1.69 periods), wall: 51.346 minutes, Δt:   0.69, CFL: 7.20e-01
i: 101300, t:  106442.0 s, ωt:  10.64 (1.69 periods), wall: 51.396 minutes, Δt:   0.74, CFL: 7.20e-01
i: 101400, t:  106510.0 s, ωt:  10.65 (1.70 periods), wall: 51.446 minutes, Δt:   0.64, CFL: 7.20e-01
i: 101500, t:  106578.1 s, ωt:  10.66 (1.70 periods), wall: 51.496 minutes, Δt:   0.68, CFL: 7.20e-01
i: 101600, t:  106645.2 s, ωt:  10.66 (1.70 periods), wall: 51.546 minutes, Δt:   0.68, CFL: 7.20e-01
i: 101700, t:  106714.7 s, ωt:  10.67 (1.70 periods), wall: 51.596 minutes, Δt:   0.56, CFL: 7.20e-01
i: 101800, t:  106778.6 s, ωt:  10.68 (1.70 periods), wall: 51.646 minutes, Δt:   0.62, CFL: 7.20e-01
i: 101900, t:  106849.1 s, ωt:  10.68 (1.70 periods), wall: 51.696 minutes, Δt:   0.75, CFL: 7.20e-01
i: 102000, t:  106919.8 s, ωt:  10.69 (1.70 periods), wall: 51.746 minutes, Δt:   0.67, CFL: 7.20e-01
i: 102100, t:  106986.6 s, ωt:  10.70 (1.70 periods), wall: 51.796 minutes, Δt:   0.74, CFL: 7.20e-01
i: 102200, t:  107053.7 s, ωt:  10.71 (1.70 periods), wall: 51.846 minutes, Δt:   0.65, CFL: 7.20e-01
i: 102300, t:  107120.1 s, ωt:  10.71 (1.70 periods), wall: 51.896 minutes, Δt:   0.59, CFL: 7.20e-01
i: 102400, t:  107190.0 s, ωt:  10.72 (1.71 periods), wall: 51.946 minutes, Δt:   0.72, CFL: 7.20e-01
i: 102500, t:  107257.9 s, ωt:  10.73 (1.71 periods), wall: 51.997 minutes, Δt:   0.74, CFL: 7.20e-01
i: 102600, t:  107325.3 s, ωt:  10.73 (1.71 periods), wall: 52.046 minutes, Δt:   0.74, CFL: 7.20e-01
i: 102700, t:  107393.9 s, ωt:  10.74 (1.71 periods), wall: 52.096 minutes, Δt:   0.69, CFL: 7.20e-01
i: 102800, t:  107464.6 s, ωt:  10.75 (1.71 periods), wall: 52.147 minutes, Δt:   0.77, CFL: 7.20e-01
i: 102900, t:  107538.9 s, ωt:  10.75 (1.71 periods), wall: 52.198 minutes, Δt:   0.80, CFL: 7.20e-01
i: 103000, t:  107614.2 s, ωt:  10.76 (1.71 periods), wall: 52.247 minutes, Δt:   0.69, CFL: 7.20e-01
i: 103100, t:  107688.8 s, ωt:  10.77 (1.71 periods), wall: 52.297 minutes, Δt:   0.77, CFL: 7.20e-01
i: 103200, t:  107762.6 s, ωt:  10.78 (1.72 periods), wall: 52.347 minutes, Δt:   0.70, CFL: 7.20e-01
i: 103300, t:  107831.8 s, ωt:  10.78 (1.72 periods), wall: 52.398 minutes, Δt:   0.62, CFL: 7.20e-01
i: 103400, t:  107899.9 s, ωt:  10.79 (1.72 periods), wall: 52.448 minutes, Δt:   0.80, CFL: 7.20e-01
i: 103500, t:  107970.8 s, ωt:  10.80 (1.72 periods), wall: 52.498 minutes, Δt:   0.64, CFL: 7.20e-01
i: 103600, t:  108036.2 s, ωt:  10.80 (1.72 periods), wall: 52.548 minutes, Δt:   0.67, CFL: 7.20e-01
i: 103700, t:  108101.5 s, ωt:  10.81 (1.72 periods), wall: 52.598 minutes, Δt:   0.66, CFL: 7.20e-01
i: 103800, t:  108169.0 s, ωt:  10.82 (1.72 periods), wall: 52.648 minutes, Δt:   0.63, CFL: 7.20e-01
i: 103900, t:  108235.2 s, ωt:  10.82 (1.72 periods), wall: 52.698 minutes, Δt:   0.63, CFL: 7.20e-01
i: 104000, t:  108298.8 s, ωt:  10.83 (1.72 periods), wall: 52.748 minutes, Δt:   0.69, CFL: 7.20e-01
i: 104100, t:  108365.4 s, ωt:  10.84 (1.72 periods), wall: 52.798 minutes, Δt:   0.62, CFL: 7.20e-01
i: 104200, t:  108432.1 s, ωt:  10.84 (1.73 periods), wall: 52.848 minutes, Δt:   0.71, CFL: 7.20e-01
i: 104300, t:  108499.5 s, ωt:  10.85 (1.73 periods), wall: 52.897 minutes, Δt:   0.59, CFL: 7.20e-01
i: 104400, t:  108566.0 s, ωt:  10.86 (1.73 periods), wall: 52.947 minutes, Δt:   0.63, CFL: 7.20e-01
i: 104500, t:  108633.5 s, ωt:  10.86 (1.73 periods), wall: 52.997 minutes, Δt:   0.72, CFL: 7.20e-01
i: 104600, t:  108695.9 s, ωt:  10.87 (1.73 periods), wall: 53.047 minutes, Δt:   0.61, CFL: 7.20e-01
i: 104700, t:  108760.9 s, ωt:  10.88 (1.73 periods), wall: 53.097 minutes, Δt:   0.67, CFL: 7.20e-01
i: 104800, t:  108830.5 s, ωt:  10.88 (1.73 periods), wall: 53.148 minutes, Δt:   0.73, CFL: 7.20e-01
i: 104900, t:  108903.9 s, ωt:  10.89 (1.73 periods), wall: 53.198 minutes, Δt:   0.74, CFL: 7.20e-01
i: 105000, t:  108980.2 s, ωt:  10.90 (1.73 periods), wall: 53.248 minutes, Δt:   0.74, CFL: 7.20e-01
i: 105100, t:  109052.2 s, ωt:  10.91 (1.74 periods), wall: 53.299 minutes, Δt:   0.72, CFL: 7.20e-01
i: 105200, t:  109114.9 s, ωt:  10.91 (1.74 periods), wall: 53.349 minutes, Δt:   0.70, CFL: 7.20e-01
i: 105300, t:  109182.5 s, ωt:  10.92 (1.74 periods), wall: 53.398 minutes, Δt:   0.62, CFL: 7.20e-01
i: 105400, t:  109250.6 s, ωt:  10.93 (1.74 periods), wall: 53.448 minutes, Δt:   0.72, CFL: 7.20e-01
i: 105500, t:  109325.6 s, ωt:  10.93 (1.74 periods), wall: 53.498 minutes, Δt:   0.65, CFL: 7.20e-01
i: 105600, t:  109397.0 s, ωt:  10.94 (1.74 periods), wall: 53.548 minutes, Δt:   0.74, CFL: 7.20e-01
i: 105700, t:  109463.7 s, ωt:  10.95 (1.74 periods), wall: 53.598 minutes, Δt:   0.61, CFL: 7.20e-01
i: 105800, t:  109528.2 s, ωt:  10.95 (1.74 periods), wall: 53.648 minutes, Δt:   0.67, CFL: 7.20e-01
i: 105900, t:  109595.0 s, ωt:  10.96 (1.74 periods), wall: 53.697 minutes, Δt:   0.66, CFL: 7.20e-01
i: 106000, t:  109654.6 s, ωt:  10.97 (1.75 periods), wall: 53.748 minutes, Δt:   0.51, CFL: 7.20e-01
i: 106100, t:  109713.3 s, ωt:  10.97 (1.75 periods), wall: 53.798 minutes, Δt:   0.59, CFL: 7.20e-01
i: 106200, t:  109782.7 s, ωt:  10.98 (1.75 periods), wall: 53.848 minutes, Δt:   0.72, CFL: 7.20e-01
i: 106300, t:  109853.2 s, ωt:  10.99 (1.75 periods), wall: 53.898 minutes, Δt:   0.74, CFL: 7.20e-01
i: 106400, t:  109924.2 s, ωt:  10.99 (1.75 periods), wall: 53.948 minutes, Δt:   0.67, CFL: 7.20e-01
i: 106500, t:  109997.1 s, ωt:  11.00 (1.75 periods), wall: 53.999 minutes, Δt:   0.73, CFL: 7.20e-01
i: 106600, t:  110070.3 s, ωt:  11.01 (1.75 periods), wall: 54.049 minutes, Δt:   0.74, CFL: 7.20e-01
i: 106700, t:  110136.5 s, ωt:  11.01 (1.75 periods), wall: 54.099 minutes, Δt:   0.64, CFL: 7.20e-01
i: 106800, t:  110195.8 s, ωt:  11.02 (1.75 periods), wall: 54.148 minutes, Δt:   0.60, CFL: 7.20e-01
i: 106900, t:  110262.0 s, ωt:  11.03 (1.75 periods), wall: 54.198 minutes, Δt:   0.75, CFL: 7.20e-01
i: 107000, t:  110336.2 s, ωt:  11.03 (1.76 periods), wall: 54.248 minutes, Δt:   0.82, CFL: 7.20e-01
i: 107100, t:  110409.9 s, ωt:  11.04 (1.76 periods), wall: 54.298 minutes, Δt:   0.72, CFL: 7.20e-01
i: 107200, t:  110480.8 s, ωt:  11.05 (1.76 periods), wall: 54.348 minutes, Δt:   0.68, CFL: 7.20e-01
i: 107300, t:  110545.2 s, ωt:  11.05 (1.76 periods), wall: 54.398 minutes, Δt:   0.62, CFL: 7.20e-01
i: 107400, t:  110612.2 s, ωt:  11.06 (1.76 periods), wall: 54.448 minutes, Δt:   0.70, CFL: 7.20e-01
i: 107500, t:  110684.7 s, ωt:  11.07 (1.76 periods), wall: 54.498 minutes, Δt:   0.71, CFL: 7.20e-01
i: 107600, t:  110758.0 s, ωt:  11.08 (1.76 periods), wall: 54.548 minutes, Δt:   0.71, CFL: 7.20e-01
i: 107700, t:  110832.4 s, ωt:  11.08 (1.76 periods), wall: 54.598 minutes, Δt:   0.72, CFL: 7.20e-01
i: 107800, t:  110901.7 s, ωt:  11.09 (1.77 periods), wall: 54.649 minutes, Δt:   0.71, CFL: 7.20e-01
i: 107900, t:  110973.1 s, ωt:  11.10 (1.77 periods), wall: 54.699 minutes, Δt:   0.67, CFL: 7.20e-01
i: 108000, t:  111039.4 s, ωt:  11.10 (1.77 periods), wall: 54.750 minutes, Δt:   0.76, CFL: 7.20e-01
i: 108100, t:  111112.7 s, ωt:  11.11 (1.77 periods), wall: 54.799 minutes, Δt:   0.75, CFL: 7.20e-01
i: 108200, t:  111181.4 s, ωt:  11.12 (1.77 periods), wall: 54.849 minutes, Δt:   0.60, CFL: 7.20e-01
i: 108300, t:  111243.8 s, ωt:  11.12 (1.77 periods), wall: 54.899 minutes, Δt:   0.54, CFL: 7.20e-01
i: 108400, t:  111299.6 s, ωt:  11.13 (1.77 periods), wall: 54.949 minutes, Δt:   0.68, CFL: 7.20e-01
i: 108500, t:  111371.9 s, ωt:  11.14 (1.77 periods), wall: 54.999 minutes, Δt:   0.83, CFL: 7.20e-01
i: 108600, t:  111444.3 s, ωt:  11.14 (1.77 periods), wall: 55.049 minutes, Δt:   0.53, CFL: 7.20e-01
i: 108700, t:  111507.9 s, ωt:  11.15 (1.77 periods), wall: 55.098 minutes, Δt:   0.66, CFL: 7.20e-01
i: 108800, t:  111577.3 s, ωt:  11.16 (1.78 periods), wall: 55.149 minutes, Δt:   0.65, CFL: 7.20e-01
i: 108900, t:  111644.4 s, ωt:  11.16 (1.78 periods), wall: 55.199 minutes, Δt:   0.69, CFL: 7.20e-01
i: 109000, t:  111713.9 s, ωt:  11.17 (1.78 periods), wall: 55.249 minutes, Δt:   0.69, CFL: 7.20e-01
i: 109100, t:  111776.3 s, ωt:  11.18 (1.78 periods), wall: 55.299 minutes, Δt:   0.63, CFL: 7.20e-01
i: 109200, t:  111845.4 s, ωt:  11.18 (1.78 periods), wall: 55.350 minutes, Δt:   0.62, CFL: 7.20e-01
i: 109300, t:  111915.4 s, ωt:  11.19 (1.78 periods), wall: 55.400 minutes, Δt:   0.75, CFL: 7.20e-01
i: 109400, t:  111985.0 s, ωt:  11.20 (1.78 periods), wall: 55.450 minutes, Δt:   0.77, CFL: 7.20e-01
i: 109500, t:  112055.3 s, ωt:  11.21 (1.78 periods), wall: 55.500 minutes, Δt:   0.86, CFL: 7.20e-01
i: 109600, t:  112135.6 s, ωt:  11.21 (1.78 periods), wall: 55.550 minutes, Δt:   0.90, CFL: 7.20e-01
i: 109700, t:  112217.7 s, ωt:  11.22 (1.79 periods), wall: 55.600 minutes, Δt:   0.79, CFL: 7.20e-01
i: 109800, t:  112298.8 s, ωt:  11.23 (1.79 periods), wall: 55.649 minutes, Δt:   0.74, CFL: 7.20e-01
i: 109900, t:  112371.4 s, ωt:  11.24 (1.79 periods), wall: 55.699 minutes, Δt:   0.70, CFL: 7.20e-01
i: 110000, t:  112443.9 s, ωt:  11.24 (1.79 periods), wall: 55.749 minutes, Δt:   0.81, CFL: 7.20e-01
i: 110100, t:  112520.8 s, ωt:  11.25 (1.79 periods), wall: 55.799 minutes, Δt:   0.81, CFL: 7.20e-01
i: 110200, t:  112597.0 s, ωt:  11.26 (1.79 periods), wall: 55.849 minutes, Δt:   0.81, CFL: 7.20e-01
i: 110300, t:  112671.2 s, ωt:  11.27 (1.79 periods), wall: 55.899 minutes, Δt:   0.64, CFL: 7.20e-01
i: 110400, t:  112744.5 s, ωt:  11.27 (1.79 periods), wall: 55.949 minutes, Δt:   0.78, CFL: 7.20e-01
i: 110500, t:  112814.8 s, ωt:  11.28 (1.80 periods), wall: 55.999 minutes, Δt:   0.70, CFL: 7.20e-01
i: 110600, t:  112886.7 s, ωt:  11.29 (1.80 periods), wall: 56.049 minutes, Δt:   0.73, CFL: 7.20e-01
i: 110700, t:  112960.7 s, ωt:  11.30 (1.80 periods), wall: 56.099 minutes, Δt:   0.67, CFL: 7.20e-01
i: 110800, t:  113035.4 s, ωt:  11.30 (1.80 periods), wall: 56.150 minutes, Δt:   0.80, CFL: 7.20e-01
i: 110900, t:  113108.2 s, ωt:  11.31 (1.80 periods), wall: 56.200 minutes, Δt:   0.63, CFL: 7.20e-01
i: 111000, t:  113181.2 s, ωt:  11.32 (1.80 periods), wall: 56.251 minutes, Δt:   0.74, CFL: 7.20e-01
i: 111100, t:  113262.6 s, ωt:  11.33 (1.80 periods), wall: 56.301 minutes, Δt:   0.80, CFL: 7.20e-01
i: 111200, t:  113339.9 s, ωt:  11.33 (1.80 periods), wall: 56.351 minutes, Δt:   0.80, CFL: 7.20e-01
i: 111300, t:  113413.5 s, ωt:  11.34 (1.81 periods), wall: 56.401 minutes, Δt:   0.66, CFL: 7.20e-01
i: 111400, t:  113491.5 s, ωt:  11.35 (1.81 periods), wall: 56.450 minutes, Δt:   0.83, CFL: 7.20e-01
i: 111500, t:  113568.0 s, ωt:  11.36 (1.81 periods), wall: 56.502 minutes, Δt:   0.79, CFL: 7.20e-01
i: 111600, t:  113644.7 s, ωt:  11.36 (1.81 periods), wall: 56.552 minutes, Δt:   0.73, CFL: 7.20e-01
i: 111700, t:  113721.6 s, ωt:  11.37 (1.81 periods), wall: 56.602 minutes, Δt:   0.83, CFL: 7.20e-01
i: 111800, t:  113797.2 s, ωt:  11.38 (1.81 periods), wall: 56.652 minutes, Δt:   0.63, CFL: 7.20e-01
i: 111900, t:  113871.2 s, ωt:  11.39 (1.81 periods), wall: 56.702 minutes, Δt:   0.74, CFL: 7.20e-01
i: 112000, t:  113949.0 s, ωt:  11.39 (1.81 periods), wall: 56.752 minutes, Δt:   0.81, CFL: 7.20e-01
i: 112100, t:  114029.5 s, ωt:  11.40 (1.81 periods), wall: 56.802 minutes, Δt:   0.80, CFL: 7.20e-01
i: 112200, t:  114107.1 s, ωt:  11.41 (1.82 periods), wall: 56.852 minutes, Δt:   0.75, CFL: 7.20e-01
i: 112300, t:  114185.9 s, ωt:  11.42 (1.82 periods), wall: 56.902 minutes, Δt:   0.75, CFL: 7.20e-01
i: 112400, t:  114262.3 s, ωt:  11.43 (1.82 periods), wall: 56.952 minutes, Δt:   0.86, CFL: 7.20e-01
i: 112500, t:  114347.1 s, ωt:  11.43 (1.82 periods), wall: 57.001 minutes, Δt:   0.94, CFL: 7.20e-01
i: 112600, t:  114431.9 s, ωt:  11.44 (1.82 periods), wall: 57.052 minutes, Δt:   0.75, CFL: 7.20e-01
i: 112700, t:  114512.4 s, ωt:  11.45 (1.82 periods), wall: 57.101 minutes, Δt:   0.73, CFL: 7.20e-01
i: 112800, t:  114586.7 s, ωt:  11.46 (1.82 periods), wall: 57.151 minutes, Δt:   0.92, CFL: 7.20e-01
i: 112900, t:  114665.0 s, ωt:  11.47 (1.82 periods), wall: 57.201 minutes, Δt:   0.72, CFL: 7.20e-01
i: 113000, t:  114744.7 s, ωt:  11.47 (1.83 periods), wall: 57.252 minutes, Δt:   0.92, CFL: 7.20e-01
i: 113100, t:  114825.7 s, ωt:  11.48 (1.83 periods), wall: 57.302 minutes, Δt:   0.69, CFL: 7.20e-01
i: 113200, t:  114895.7 s, ωt:  11.49 (1.83 periods), wall: 57.352 minutes, Δt:   0.66, CFL: 7.20e-01
i: 113300, t:  114969.2 s, ωt:  11.50 (1.83 periods), wall: 57.402 minutes, Δt:   0.74, CFL: 7.20e-01
i: 113400, t:  115037.1 s, ωt:  11.50 (1.83 periods), wall: 57.452 minutes, Δt:   0.75, CFL: 7.20e-01
i: 113500, t:  115118.7 s, ωt:  11.51 (1.83 periods), wall: 57.502 minutes, Δt:   0.79, CFL: 7.20e-01
i: 113600, t:  115201.7 s, ωt:  11.52 (1.83 periods), wall: 57.552 minutes, Δt:   0.86, CFL: 7.20e-01
i: 113700, t:  115283.6 s, ωt:  11.53 (1.83 periods), wall: 57.602 minutes, Δt:   0.79, CFL: 7.20e-01
i: 113800, t:  115361.4 s, ωt:  11.54 (1.84 periods), wall: 57.652 minutes, Δt:   0.79, CFL: 7.20e-01
i: 113900, t:  115443.3 s, ωt:  11.54 (1.84 periods), wall: 57.702 minutes, Δt:   0.91, CFL: 7.20e-01
i: 114000, t:  115533.6 s, ωt:  11.55 (1.84 periods), wall: 57.752 minutes, Δt:   0.97, CFL: 7.20e-01
i: 114100, t:  115614.4 s, ωt:  11.56 (1.84 periods), wall: 57.802 minutes, Δt:   0.64, CFL: 7.20e-01
i: 114200, t:  115688.7 s, ωt:  11.57 (1.84 periods), wall: 57.853 minutes, Δt:   0.66, CFL: 7.20e-01
i: 114300, t:  115769.7 s, ωt:  11.58 (1.84 periods), wall: 57.903 minutes, Δt:   0.80, CFL: 7.20e-01
i: 114400, t:  115851.6 s, ωt:  11.59 (1.84 periods), wall: 57.953 minutes, Δt:   0.88, CFL: 7.20e-01
i: 114500, t:  115937.2 s, ωt:  11.59 (1.85 periods), wall: 58.003 minutes, Δt:   0.88, CFL: 7.20e-01
i: 114600, t:  116030.0 s, ωt:  11.60 (1.85 periods), wall: 58.052 minutes, Δt:   0.86, CFL: 7.20e-01
i: 114700, t:  116113.6 s, ωt:  11.61 (1.85 periods), wall: 58.102 minutes, Δt:   0.83, CFL: 7.20e-01
i: 114800, t:  116201.0 s, ωt:  11.62 (1.85 periods), wall: 58.152 minutes, Δt:   0.92, CFL: 7.20e-01
i: 114900, t:  116285.0 s, ωt:  11.63 (1.85 periods), wall: 58.202 minutes, Δt:   0.73, CFL: 7.20e-01
i: 115000, t:  116362.1 s, ωt:  11.64 (1.85 periods), wall: 58.252 minutes, Δt:   0.64, CFL: 7.20e-01
i: 115100, t:  116446.4 s, ωt:  11.64 (1.85 periods), wall: 58.302 minutes, Δt:   0.93, CFL: 7.20e-01
i: 115200, t:  116538.6 s, ωt:  11.65 (1.85 periods), wall: 58.351 minutes, Δt:   0.92, CFL: 7.20e-01
i: 115300, t:  116630.4 s, ωt:  11.66 (1.86 periods), wall: 58.402 minutes, Δt:   0.95, CFL: 7.20e-01
i: 115400, t:  116725.1 s, ωt:  11.67 (1.86 periods), wall: 58.453 minutes, Δt:   0.92, CFL: 7.20e-01
i: 115500, t:  116824.4 s, ωt:  11.68 (1.86 periods), wall: 58.503 minutes, Δt:   0.91, CFL: 7.20e-01
i: 115600, t:  116919.8 s, ωt:  11.69 (1.86 periods), wall: 58.553 minutes, Δt:   0.80, CFL: 7.20e-01
i: 115700, t:  117006.0 s, ωt:  11.70 (1.86 periods), wall: 58.603 minutes, Δt:   0.72, CFL: 7.20e-01
i: 115800, t:  117090.0 s, ωt:  11.71 (1.86 periods), wall: 58.653 minutes, Δt:   0.92, CFL: 7.20e-01
i: 115900, t:  117187.2 s, ωt:  11.72 (1.87 periods), wall: 58.703 minutes, Δt:   1.02, CFL: 7.20e-01
i: 116000, t:  117288.6 s, ωt:  11.73 (1.87 periods), wall: 58.752 minutes, Δt:   1.00, CFL: 7.20e-01
i: 116100, t:  117392.3 s, ωt:  11.74 (1.87 periods), wall: 58.802 minutes, Δt:   1.11, CFL: 7.20e-01
i: 116200, t:  117504.9 s, ωt:  11.75 (1.87 periods), wall: 58.852 minutes, Δt:   1.12, CFL: 7.20e-01
i: 116300, t:  117621.0 s, ωt:  11.76 (1.87 periods), wall: 58.903 minutes, Δt:   1.20, CFL: 7.20e-01
i: 116400, t:  117724.7 s, ωt:  11.77 (1.87 periods), wall: 58.953 minutes, Δt:   1.00, CFL: 7.20e-01
i: 116500, t:  117816.3 s, ωt:  11.78 (1.88 periods), wall: 59.003 minutes, Δt:   1.01, CFL: 7.20e-01
i: 116600, t:  117911.7 s, ωt:  11.79 (1.88 periods), wall: 59.054 minutes, Δt:   0.96, CFL: 7.20e-01
i: 116700, t:  118012.6 s, ωt:  11.80 (1.88 periods), wall: 59.103 minutes, Δt:   1.04, CFL: 7.20e-01
i: 116800, t:  118127.3 s, ωt:  11.81 (1.88 periods), wall: 59.153 minutes, Δt:   1.14, CFL: 7.20e-01
i: 116900, t:  118232.4 s, ωt:  11.82 (1.88 periods), wall: 59.204 minutes, Δt:   1.04, CFL: 7.20e-01
i: 117000, t:  118337.2 s, ωt:  11.83 (1.88 periods), wall: 59.253 minutes, Δt:   1.22, CFL: 7.20e-01
i: 117100, t:  118451.3 s, ωt:  11.85 (1.89 periods), wall: 59.303 minutes, Δt:   1.10, CFL: 7.20e-01
i: 117200, t:  118557.4 s, ωt:  11.86 (1.89 periods), wall: 59.353 minutes, Δt:   1.15, CFL: 7.20e-01
i: 117300, t:  118663.1 s, ωt:  11.87 (1.89 periods), wall: 59.403 minutes, Δt:   0.99, CFL: 7.20e-01
i: 117400, t:  118777.0 s, ωt:  11.88 (1.89 periods), wall: 59.453 minutes, Δt:   1.21, CFL: 7.20e-01
i: 117500, t:  118892.0 s, ωt:  11.89 (1.89 periods), wall: 59.504 minutes, Δt:   1.17, CFL: 7.20e-01
i: 117600, t:  119004.0 s, ωt:  11.90 (1.89 periods), wall: 59.554 minutes, Δt:   0.97, CFL: 7.20e-01
i: 117700, t:  119108.9 s, ωt:  11.91 (1.90 periods), wall: 59.604 minutes, Δt:   1.17, CFL: 7.20e-01
i: 117800, t:  119226.8 s, ωt:  11.92 (1.90 periods), wall: 59.655 minutes, Δt:   1.33, CFL: 7.20e-01
i: 117900, t:  119350.8 s, ωt:  11.94 (1.90 periods), wall: 59.705 minutes, Δt:   1.21, CFL: 7.20e-01
i: 118000, t:  119469.9 s, ωt:  11.95 (1.90 periods), wall: 59.755 minutes, Δt:   1.10, CFL: 7.20e-01
i: 118100, t:  119574.9 s, ωt:  11.96 (1.90 periods), wall: 59.805 minutes, Δt:   1.22, CFL: 7.20e-01
i: 118200, t:  119687.3 s, ωt:  11.97 (1.90 periods), wall: 59.854 minutes, Δt:   0.96, CFL: 7.20e-01
i: 118300, t:  119790.6 s, ωt:  11.98 (1.91 periods), wall: 59.905 minutes, Δt:   1.00, CFL: 7.20e-01
i: 118400, t:  119904.3 s, ωt:  11.99 (1.91 periods), wall: 59.954 minutes, Δt:   1.05, CFL: 7.20e-01
i: 118500, t:  120030.7 s, ωt:  12.00 (1.91 periods), wall: 1.000 hours, Δt:   1.45, CFL: 7.20e-01
i: 118600, t:  120174.2 s, ωt:  12.02 (1.91 periods), wall: 1.001 hours, Δt:   1.56, CFL: 7.20e-01
i: 118700, t:  120321.6 s, ωt:  12.03 (1.91 periods), wall: 1.002 hours, Δt:   1.55, CFL: 7.20e-01
i: 118800, t:  120461.0 s, ωt:  12.05 (1.92 periods), wall: 1.003 hours, Δt:   1.27, CFL: 7.20e-01
i: 118900, t:  120591.5 s, ωt:  12.06 (1.92 periods), wall: 1.003 hours, Δt:   1.53, CFL: 7.20e-01
i: 119000, t:  120738.3 s, ωt:  12.07 (1.92 periods), wall: 1.004 hours, Δt:   1.34, CFL: 7.20e-01
i: 119100, t:  120881.5 s, ωt:  12.09 (1.92 periods), wall: 1.005 hours, Δt:   1.43, CFL: 7.20e-01
i: 119200, t:  121031.4 s, ωt:  12.10 (1.93 periods), wall: 1.006 hours, Δt:   1.44, CFL: 7.20e-01
i: 119300, t:  121195.3 s, ωt:  12.12 (1.93 periods), wall: 1.007 hours, Δt:   1.77, CFL: 7.20e-01
i: 119400, t:  121371.4 s, ωt:  12.14 (1.93 periods), wall: 1.008 hours, Δt:   1.82, CFL: 7.20e-01
i: 119500, t:  121539.8 s, ωt:  12.15 (1.93 periods), wall: 1.008 hours, Δt:   1.95, CFL: 7.20e-01
i: 119600, t:  121722.9 s, ωt:  12.17 (1.94 periods), wall: 1.009 hours, Δt:   1.83, CFL: 7.20e-01
i: 119700, t:  121906.6 s, ωt:  12.19 (1.94 periods), wall: 1.010 hours, Δt:   1.90, CFL: 7.20e-01
i: 119800, t:  122082.0 s, ωt:  12.21 (1.94 periods), wall: 1.011 hours, Δt:   1.67, CFL: 7.20e-01
i: 119900, t:  122262.4 s, ωt:  12.23 (1.95 periods), wall: 1.012 hours, Δt:   2.18, CFL: 7.20e-01
i: 120000, t:  122464.6 s, ωt:  12.25 (1.95 periods), wall: 1.013 hours, Δt:   2.00, CFL: 7.20e-01
i: 120100, t:  122667.8 s, ωt:  12.27 (1.95 periods), wall: 1.013 hours, Δt:   2.00, CFL: 7.20e-01
i: 120200, t:  122888.2 s, ωt:  12.29 (1.96 periods), wall: 1.014 hours, Δt:   2.62, CFL: 7.20e-01
i: 120300, t:  123137.7 s, ωt:  12.31 (1.96 periods), wall: 1.015 hours, Δt:   2.30, CFL: 7.20e-01
i: 120400, t:  123407.9 s, ωt:  12.34 (1.96 periods), wall: 1.016 hours, Δt:   2.96, CFL: 7.20e-01
i: 120500, t:  123675.2 s, ωt:  12.37 (1.97 periods), wall: 1.017 hours, Δt:   2.67, CFL: 7.20e-01
i: 120600, t:  123968.7 s, ωt:  12.40 (1.97 periods), wall: 1.018 hours, Δt:   3.76, CFL: 7.20e-01
i: 120700, t:  124278.8 s, ωt:  12.43 (1.98 periods), wall: 1.018 hours, Δt:   2.27, CFL: 7.20e-01
i: 120800, t:  124540.7 s, ωt:  12.45 (1.98 periods), wall: 1.019 hours, Δt:   2.72, CFL: 7.20e-01
i: 120900, t:  124810.4 s, ωt:  12.48 (1.99 periods), wall: 1.020 hours, Δt:   2.28, CFL: 7.20e-01
i: 121000, t:  125072.1 s, ωt:  12.51 (1.99 periods), wall: 1.021 hours, Δt:   2.81, CFL: 7.20e-01
i: 121100, t:  125335.6 s, ωt:  12.53 (1.99 periods), wall: 1.022 hours, Δt:   2.48, CFL: 7.20e-01
i: 121200, t:  125598.4 s, ωt:  12.56 (2.00 periods), wall: 1.023 hours, Δt:   2.64, CFL: 7.20e-01
i: 121300, t:  125860.0 s, ωt:  12.59 (2.00 periods), wall: 1.024 hours, Δt:   2.65, CFL: 7.20e-01
i: 121400, t:  126118.0 s, ωt:  12.61 (2.01 periods), wall: 1.024 hours, Δt:   2.86, CFL: 7.20e-01
i: 121500, t:  126370.5 s, ωt:  12.64 (2.01 periods), wall: 1.025 hours, Δt:   2.77, CFL: 7.20e-01
i: 121600, t:  126628.7 s, ωt:  12.66 (2.02 periods), wall: 1.026 hours, Δt:   2.33, CFL: 7.20e-01
i: 121700, t:  126862.7 s, ωt:  12.69 (2.02 periods), wall: 1.027 hours, Δt:   2.23, CFL: 7.20e-01
i: 121800, t:  127081.6 s, ωt:  12.71 (2.02 periods), wall: 1.028 hours, Δt:   2.01, CFL: 7.20e-01
i: 121900, t:  127297.5 s, ωt:  12.73 (2.03 periods), wall: 1.029 hours, Δt:   2.15, CFL: 7.20e-01
i: 122000, t:  127532.1 s, ωt:  12.75 (2.03 periods), wall: 1.029 hours, Δt:   1.95, CFL: 7.20e-01
i: 122100, t:  127733.2 s, ωt:  12.77 (2.03 periods), wall: 1.030 hours, Δt:   2.10, CFL: 7.20e-01
i: 122200, t:  127944.6 s, ωt:  12.79 (2.04 periods), wall: 1.031 hours, Δt:   2.07, CFL: 7.20e-01
i: 122300, t:  128141.2 s, ωt:  12.81 (2.04 periods), wall: 1.032 hours, Δt:   1.99, CFL: 7.20e-01
i: 122400, t:  128332.2 s, ωt:  12.83 (2.04 periods), wall: 1.033 hours, Δt:   1.76, CFL: 7.20e-01
i: 122500, t:  128486.5 s, ωt:  12.85 (2.04 periods), wall: 1.034 hours, Δt:   1.62, CFL: 7.15e-01
i: 122600, t:  128662.6 s, ωt:  12.87 (2.05 periods), wall: 1.034 hours, Δt:   1.76, CFL: 7.20e-01
i: 122700, t:  128834.1 s, ωt:  12.88 (2.05 periods), wall: 1.035 hours, Δt:   1.62, CFL: 7.20e-01
i: 122800, t:  128995.1 s, ωt:  12.90 (2.05 periods), wall: 1.036 hours, Δt:   1.57, CFL: 7.20e-01
i: 122900, t:  129126.7 s, ωt:  12.91 (2.06 periods), wall: 1.037 hours, Δt:   1.20, CFL: 7.20e-01
i: 123000, t:  129265.2 s, ωt:  12.93 (2.06 periods), wall: 1.038 hours, Δt:   1.56, CFL: 7.20e-01
i: 123100, t:  129402.0 s, ωt:  12.94 (2.06 periods), wall: 1.039 hours, Δt:   1.09, CFL: 7.20e-01
i: 123200, t:  129533.4 s, ωt:  12.95 (2.06 periods), wall: 1.039 hours, Δt:   1.19, CFL: 7.20e-01
i: 123300, t:  129651.6 s, ωt:  12.97 (2.06 periods), wall: 1.040 hours, Δt:   1.31, CFL: 7.20e-01
i: 123400, t:  129791.3 s, ωt:  12.98 (2.07 periods), wall: 1.041 hours, Δt:   1.52, CFL: 7.20e-01
i: 123500, t:  129934.2 s, ωt:  12.99 (2.07 periods), wall: 1.042 hours, Δt:   1.30, CFL: 7.20e-01
i: 123600, t:  130057.1 s, ωt:  13.01 (2.07 periods), wall: 1.043 hours, Δt:   1.29, CFL: 7.20e-01
i: 123700, t:  130185.9 s, ωt:  13.02 (2.07 periods), wall: 1.044 hours, Δt:   1.30, CFL: 7.20e-01
i: 123800, t:  130317.5 s, ωt:  13.03 (2.07 periods), wall: 1.044 hours, Δt:   1.42, CFL: 7.20e-01
i: 123900, t:  130453.2 s, ωt:  13.05 (2.08 periods), wall: 1.045 hours, Δt:   1.16, CFL: 7.20e-01
i: 124000, t:  130567.9 s, ωt:  13.06 (2.08 periods), wall: 1.046 hours, Δt:   0.98, CFL: 7.20e-01
i: 124100, t:  130679.1 s, ωt:  13.07 (2.08 periods), wall: 1.047 hours, Δt:   1.03, CFL: 7.20e-01
i: 124200, t:  130785.2 s, ωt:  13.08 (2.08 periods), wall: 1.048 hours, Δt:   1.09, CFL: 7.20e-01
i: 124300, t:  130900.1 s, ωt:  13.09 (2.08 periods), wall: 1.049 hours, Δt:   1.32, CFL: 7.20e-01
i: 124400, t:  131023.7 s, ωt:  13.10 (2.09 periods), wall: 1.049 hours, Δt:   1.26, CFL: 7.20e-01
i: 124500, t:  131143.0 s, ωt:  13.11 (2.09 periods), wall: 1.050 hours, Δt:   1.12, CFL: 7.20e-01
i: 124600, t:  131254.6 s, ωt:  13.13 (2.09 periods), wall: 1.051 hours, Δt:   1.24, CFL: 7.20e-01
i: 124700, t:  131369.2 s, ωt:  13.14 (2.09 periods), wall: 1.052 hours, Δt:   0.92, CFL: 7.20e-01
i: 124800, t:  131477.5 s, ωt:  13.15 (2.09 periods), wall: 1.053 hours, Δt:   1.03, CFL: 7.20e-01
i: 124900, t:  131574.0 s, ωt:  13.16 (2.09 periods), wall: 1.054 hours, Δt:   1.05, CFL: 7.20e-01
i: 125000, t:  131677.1 s, ωt:  13.17 (2.10 periods), wall: 1.054 hours, Δt:   0.87, CFL: 7.20e-01
i: 125100, t:  131779.4 s, ωt:  13.18 (2.10 periods), wall: 1.055 hours, Δt:   1.09, CFL: 7.20e-01
i: 125200, t:  131885.8 s, ωt:  13.19 (2.10 periods), wall: 1.056 hours, Δt:   1.14, CFL: 7.20e-01
i: 125300, t:  131991.4 s, ωt:  13.20 (2.10 periods), wall: 1.057 hours, Δt:   1.10, CFL: 7.20e-01
i: 125400, t:  132099.1 s, ωt:  13.21 (2.10 periods), wall: 1.058 hours, Δt:   1.11, CFL: 7.20e-01
i: 125500, t:  132188.8 s, ωt:  13.22 (2.10 periods), wall: 1.059 hours, Δt:   0.78, CFL: 7.20e-01
i: 125600, t:  132281.9 s, ωt:  13.23 (2.11 periods), wall: 1.059 hours, Δt:   1.05, CFL: 7.20e-01
i: 125700, t:  132388.4 s, ωt:  13.24 (2.11 periods), wall: 1.060 hours, Δt:   1.13, CFL: 7.20e-01
i: 125800, t:  132492.4 s, ωt:  13.25 (2.11 periods), wall: 1.061 hours, Δt:   1.01, CFL: 7.20e-01
i: 125900, t:  132591.8 s, ωt:  13.26 (2.11 periods), wall: 1.062 hours, Δt:   1.06, CFL: 7.20e-01
i: 126000, t:  132685.1 s, ωt:  13.27 (2.11 periods), wall: 1.063 hours, Δt:   0.98, CFL: 7.20e-01
i: 126100, t:  132781.7 s, ωt:  13.28 (2.11 periods), wall: 1.064 hours, Δt:   0.92, CFL: 7.20e-01
i: 126200, t:  132875.5 s, ωt:  13.29 (2.11 periods), wall: 1.064 hours, Δt:   0.94, CFL: 7.20e-01
i: 126300, t:  132972.8 s, ωt:  13.30 (2.12 periods), wall: 1.065 hours, Δt:   1.00, CFL: 7.20e-01
i: 126400, t:  133067.0 s, ωt:  13.31 (2.12 periods), wall: 1.066 hours, Δt:   1.09, CFL: 7.20e-01
i: 126500, t:  133162.5 s, ωt:  13.32 (2.12 periods), wall: 1.067 hours, Δt:   1.00, CFL: 7.20e-01
i: 126600, t:  133258.0 s, ωt:  13.33 (2.12 periods), wall: 1.068 hours, Δt:   0.79, CFL: 7.20e-01
i: 126700, t:  133348.3 s, ωt:  13.33 (2.12 periods), wall: 1.069 hours, Δt:   0.90, CFL: 7.20e-01
i: 126800, t:  133435.5 s, ωt:  13.34 (2.12 periods), wall: 1.069 hours, Δt:   1.02, CFL: 7.20e-01
i: 126900, t:  133530.2 s, ωt:  13.35 (2.13 periods), wall: 1.070 hours, Δt:   0.99, CFL: 7.20e-01
i: 127000, t:  133616.0 s, ωt:  13.36 (2.13 periods), wall: 1.071 hours, Δt:   0.82, CFL: 7.20e-01
i: 127100, t:  133700.7 s, ωt:  13.37 (2.13 periods), wall: 1.072 hours, Δt:   0.88, CFL: 7.20e-01
i: 127200, t:  133782.9 s, ωt:  13.38 (2.13 periods), wall: 1.073 hours, Δt:   0.91, CFL: 7.20e-01
i: 127300, t:  133868.7 s, ωt:  13.39 (2.13 periods), wall: 1.074 hours, Δt:   0.83, CFL: 7.20e-01
i: 127400, t:  133948.0 s, ωt:  13.39 (2.13 periods), wall: 1.074 hours, Δt:   0.82, CFL: 7.20e-01
i: 127500, t:  134025.3 s, ωt:  13.40 (2.13 periods), wall: 1.075 hours, Δt:   0.71, CFL: 7.20e-01
i: 127600, t:  134104.2 s, ωt:  13.41 (2.13 periods), wall: 1.076 hours, Δt:   0.89, CFL: 7.20e-01
i: 127700, t:  134194.6 s, ωt:  13.42 (2.14 periods), wall: 1.077 hours, Δt:   0.91, CFL: 7.20e-01
i: 127800, t:  134281.0 s, ωt:  13.43 (2.14 periods), wall: 1.078 hours, Δt:   0.87, CFL: 7.20e-01
i: 127900, t:  134365.4 s, ωt:  13.44 (2.14 periods), wall: 1.079 hours, Δt:   0.95, CFL: 7.20e-01
i: 128000, t:  134456.4 s, ωt:  13.45 (2.14 periods), wall: 1.079 hours, Δt:   0.87, CFL: 7.20e-01
i: 128100, t:  134538.8 s, ωt:  13.45 (2.14 periods), wall: 1.080 hours, Δt:   0.74, CFL: 7.20e-01
i: 128200, t:  134622.3 s, ωt:  13.46 (2.14 periods), wall: 1.081 hours, Δt:   0.88, CFL: 7.20e-01
i: 128300, t:  134701.2 s, ωt:  13.47 (2.14 periods), wall: 1.082 hours, Δt:   0.82, CFL: 7.20e-01
i: 128400, t:  134785.6 s, ωt:  13.48 (2.15 periods), wall: 1.083 hours, Δt:   0.86, CFL: 7.20e-01
i: 128500, t:  134869.9 s, ωt:  13.49 (2.15 periods), wall: 1.084 hours, Δt:   0.64, CFL: 7.20e-01
i: 128600, t:  134937.2 s, ωt:  13.49 (2.15 periods), wall: 1.084 hours, Δt:   0.74, CFL: 7.20e-01
i: 128700, t:  135016.7 s, ωt:  13.50 (2.15 periods), wall: 1.085 hours, Δt:   0.70, CFL: 7.20e-01
i: 128800, t:  135096.8 s, ωt:  13.51 (2.15 periods), wall: 1.086 hours, Δt:   0.81, CFL: 7.20e-01
i: 128900, t:  135178.3 s, ωt:  13.52 (2.15 periods), wall: 1.087 hours, Δt:   0.84, CFL: 7.20e-01
i: 129000, t:  135264.7 s, ωt:  13.53 (2.15 periods), wall: 1.088 hours, Δt:   0.84, CFL: 7.20e-01
i: 129100, t:  135348.5 s, ωt:  13.53 (2.15 periods), wall: 1.089 hours, Δt:   0.71, CFL: 7.20e-01
i: 129200, t:  135426.5 s, ωt:  13.54 (2.16 periods), wall: 1.089 hours, Δt:   0.86, CFL: 7.20e-01
i: 129300, t:  135511.9 s, ωt:  13.55 (2.16 periods), wall: 1.090 hours, Δt:   0.80, CFL: 7.20e-01
i: 129400, t:  135585.8 s, ωt:  13.56 (2.16 periods), wall: 1.091 hours, Δt:   0.63, CFL: 7.20e-01
i: 129500, t:  135660.9 s, ωt:  13.57 (2.16 periods), wall: 1.092 hours, Δt:   0.66, CFL: 7.20e-01
i: 129600, t:  135733.9 s, ωt:  13.57 (2.16 periods), wall: 1.093 hours, Δt:   0.83, CFL: 7.20e-01
i: 129700, t:  135816.5 s, ωt:  13.58 (2.16 periods), wall: 1.094 hours, Δt:   0.79, CFL: 7.20e-01
i: 129800, t:  135896.6 s, ωt:  13.59 (2.16 periods), wall: 1.095 hours, Δt:   0.87, CFL: 7.20e-01
i: 129900, t:  135974.9 s, ωt:  13.60 (2.16 periods), wall: 1.095 hours, Δt:   0.86, CFL: 7.20e-01
i: 130000, t:  136059.0 s, ωt:  13.61 (2.17 periods), wall: 1.096 hours, Δt:   0.81, CFL: 7.20e-01
i: 130100, t:  136126.7 s, ωt:  13.61 (2.17 periods), wall: 1.097 hours, Δt:   0.68, CFL: 7.20e-01
i: 130200, t:  136197.6 s, ωt:  13.62 (2.17 periods), wall: 1.098 hours, Δt:   0.71, CFL: 7.20e-01
i: 130300, t:  136271.1 s, ωt:  13.63 (2.17 periods), wall: 1.099 hours, Δt:   0.78, CFL: 7.20e-01
i: 130400, t:  136350.4 s, ωt:  13.64 (2.17 periods), wall: 1.100 hours, Δt:   0.79, CFL: 7.20e-01
i: 130500, t:  136428.6 s, ωt:  13.64 (2.17 periods), wall: 1.100 hours, Δt:   0.75, CFL: 7.20e-01
i: 130600, t:  136505.7 s, ωt:  13.65 (2.17 periods), wall: 1.101 hours, Δt:   0.82, CFL: 7.20e-01
i: 130700, t:  136581.1 s, ωt:  13.66 (2.17 periods), wall: 1.102 hours, Δt:   0.79, CFL: 7.20e-01
i: 130800, t:  136662.1 s, ωt:  13.67 (2.18 periods), wall: 1.103 hours, Δt:   0.68, CFL: 7.20e-01
i: 130900, t:  136735.7 s, ωt:  13.67 (2.18 periods), wall: 1.104 hours, Δt:   0.84, CFL: 7.20e-01
i: 131000, t:  136811.8 s, ωt:  13.68 (2.18 periods), wall: 1.105 hours, Δt:   0.81, CFL: 7.20e-01
i: 131100, t:  136890.3 s, ωt:  13.69 (2.18 periods), wall: 1.105 hours, Δt:   0.69, CFL: 7.20e-01
i: 131200, t:  136964.4 s, ωt:  13.70 (2.18 periods), wall: 1.106 hours, Δt:   0.64, CFL: 7.20e-01
i: 131300, t:  137039.8 s, ωt:  13.70 (2.18 periods), wall: 1.107 hours, Δt:   0.86, CFL: 7.20e-01
i: 131400, t:  137120.5 s, ωt:  13.71 (2.18 periods), wall: 1.108 hours, Δt:   0.84, CFL: 7.20e-01
i: 131500, t:  137195.5 s, ωt:  13.72 (2.18 periods), wall: 1.109 hours, Δt:   0.69, CFL: 7.20e-01
i: 131600, t:  137269.1 s, ωt:  13.73 (2.18 periods), wall: 1.110 hours, Δt:   0.62, CFL: 7.20e-01
i: 131700, t:  137339.8 s, ωt:  13.73 (2.19 periods), wall: 1.110 hours, Δt:   0.72, CFL: 7.20e-01
i: 131800, t:  137416.1 s, ωt:  13.74 (2.19 periods), wall: 1.111 hours, Δt:   0.77, CFL: 7.20e-01
i: 131900, t:  137487.0 s, ωt:  13.75 (2.19 periods), wall: 1.112 hours, Δt:   0.81, CFL: 7.20e-01
i: 132000, t:  137562.1 s, ωt:  13.76 (2.19 periods), wall: 1.113 hours, Δt:   0.59, CFL: 7.20e-01
i: 132100, t:  137625.2 s, ωt:  13.76 (2.19 periods), wall: 1.114 hours, Δt:   0.86, CFL: 7.20e-01
i: 132200, t:  137701.5 s, ωt:  13.77 (2.19 periods), wall: 1.115 hours, Δt:   0.65, CFL: 7.20e-01
i: 132300, t:  137772.8 s, ωt:  13.78 (2.19 periods), wall: 1.115 hours, Δt:   0.69, CFL: 7.20e-01
i: 132400, t:  137838.7 s, ωt:  13.78 (2.19 periods), wall: 1.116 hours, Δt:   0.82, CFL: 7.20e-01
i: 132500, t:  137908.5 s, ωt:  13.79 (2.19 periods), wall: 1.117 hours, Δt:   0.65, CFL: 7.20e-01
i: 132600, t:  137979.1 s, ωt:  13.80 (2.20 periods), wall: 1.118 hours, Δt:   0.76, CFL: 7.20e-01
i: 132700, t:  138047.7 s, ωt:  13.80 (2.20 periods), wall: 1.119 hours, Δt:   0.80, CFL: 7.20e-01
i: 132800, t:  138123.6 s, ωt:  13.81 (2.20 periods), wall: 1.120 hours, Δt:   0.83, CFL: 7.20e-01
i: 132900, t:  138204.1 s, ωt:  13.82 (2.20 periods), wall: 1.120 hours, Δt:   0.81, CFL: 7.20e-01
i: 133000, t:  138281.1 s, ωt:  13.83 (2.20 periods), wall: 1.121 hours, Δt:   0.87, CFL: 7.20e-01
i: 133100, t:  138359.6 s, ωt:  13.84 (2.20 periods), wall: 1.122 hours, Δt:   0.72, CFL: 7.20e-01
i: 133200, t:  138431.8 s, ωt:  13.84 (2.20 periods), wall: 1.123 hours, Δt:   0.73, CFL: 7.20e-01
i: 133300, t:  138501.2 s, ωt:  13.85 (2.20 periods), wall: 1.124 hours, Δt:   0.81, CFL: 7.20e-01
i: 133400, t:  138577.2 s, ωt:  13.86 (2.21 periods), wall: 1.125 hours, Δt:   0.78, CFL: 7.20e-01
i: 133500, t:  138649.6 s, ωt:  13.86 (2.21 periods), wall: 1.125 hours, Δt:   0.68, CFL: 7.20e-01
i: 133600, t:  138713.4 s, ωt:  13.87 (2.21 periods), wall: 1.126 hours, Δt:   0.66, CFL: 7.20e-01
i: 133700, t:  138782.7 s, ωt:  13.88 (2.21 periods), wall: 1.127 hours, Δt:   0.73, CFL: 7.20e-01
i: 133800, t:  138845.7 s, ωt:  13.88 (2.21 periods), wall: 1.128 hours, Δt:   0.76, CFL: 7.20e-01
i: 133900, t:  138918.7 s, ωt:  13.89 (2.21 periods), wall: 1.129 hours, Δt:   0.77, CFL: 7.20e-01
i: 134000, t:  138988.6 s, ωt:  13.90 (2.21 periods), wall: 1.130 hours, Δt:   0.80, CFL: 7.20e-01
i: 134100, t:  139063.1 s, ωt:  13.91 (2.21 periods), wall: 1.130 hours, Δt:   0.79, CFL: 7.20e-01
i: 134200, t:  139139.1 s, ωt:  13.91 (2.21 periods), wall: 1.131 hours, Δt:   0.78, CFL: 7.20e-01
i: 134300, t:  139216.0 s, ωt:  13.92 (2.22 periods), wall: 1.132 hours, Δt:   0.79, CFL: 7.20e-01
i: 134400, t:  139296.2 s, ωt:  13.93 (2.22 periods), wall: 1.133 hours, Δt:   0.76, CFL: 7.20e-01
i: 134500, t:  139371.4 s, ωt:  13.94 (2.22 periods), wall: 1.134 hours, Δt:   0.75, CFL: 7.20e-01
i: 134600, t:  139443.2 s, ωt:  13.94 (2.22 periods), wall: 1.135 hours, Δt:   0.63, CFL: 7.20e-01
i: 134700, t:  139515.7 s, ωt:  13.95 (2.22 periods), wall: 1.135 hours, Δt:   0.77, CFL: 7.20e-01
i: 134800, t:  139589.9 s, ωt:  13.96 (2.22 periods), wall: 1.136 hours, Δt:   0.75, CFL: 7.20e-01
i: 134900, t:  139659.5 s, ωt:  13.97 (2.22 periods), wall: 1.137 hours, Δt:   0.69, CFL: 7.20e-01
i: 135000, t:  139736.3 s, ωt:  13.97 (2.22 periods), wall: 1.138 hours, Δt:   0.81, CFL: 7.20e-01
i: 135100, t:  139811.2 s, ωt:  13.98 (2.23 periods), wall: 1.139 hours, Δt:   0.81, CFL: 7.20e-01
i: 135200, t:  139889.7 s, ωt:  13.99 (2.23 periods), wall: 1.140 hours, Δt:   0.84, CFL: 7.20e-01
i: 135300, t:  139963.4 s, ωt:  14.00 (2.23 periods), wall: 1.140 hours, Δt:   0.70, CFL: 7.20e-01
i: 135400, t:  140041.3 s, ωt:  14.00 (2.23 periods), wall: 1.141 hours, Δt:   0.82, CFL: 7.20e-01
i: 135500, t:  140108.8 s, ωt:  14.01 (2.23 periods), wall: 1.142 hours, Δt:   0.71, CFL: 7.20e-01
i: 135600, t:  140177.2 s, ωt:  14.02 (2.23 periods), wall: 1.143 hours, Δt:   0.70, CFL: 7.20e-01
i: 135700, t:  140246.5 s, ωt:  14.02 (2.23 periods), wall: 1.144 hours, Δt:   0.67, CFL: 7.20e-01
i: 135800, t:  140313.5 s, ωt:  14.03 (2.23 periods), wall: 1.145 hours, Δt:   0.73, CFL: 7.20e-01
i: 135900, t:  140385.2 s, ωt:  14.04 (2.23 periods), wall: 1.145 hours, Δt:   0.67, CFL: 7.20e-01
i: 136000, t:  140455.0 s, ωt:  14.05 (2.24 periods), wall: 1.146 hours, Δt:   0.73, CFL: 7.20e-01
i: 136100, t:  140530.8 s, ωt:  14.05 (2.24 periods), wall: 1.147 hours, Δt:   0.88, CFL: 7.20e-01
i: 136200, t:  140609.6 s, ωt:  14.06 (2.24 periods), wall: 1.148 hours, Δt:   0.72, CFL: 7.20e-01
i: 136300, t:  140674.1 s, ωt:  14.07 (2.24 periods), wall: 1.149 hours, Δt:   0.62, CFL: 7.20e-01
i: 136400, t:  140748.0 s, ωt:  14.07 (2.24 periods), wall: 1.150 hours, Δt:   0.80, CFL: 7.20e-01
i: 136500, t:  140818.6 s, ωt:  14.08 (2.24 periods), wall: 1.150 hours, Δt:   0.58, CFL: 7.20e-01
i: 136600, t:  140877.5 s, ωt:  14.09 (2.24 periods), wall: 1.151 hours, Δt:   0.65, CFL: 7.20e-01
i: 136700, t:  140944.1 s, ωt:  14.09 (2.24 periods), wall: 1.152 hours, Δt:   0.72, CFL: 7.20e-01
i: 136800, t:  141010.3 s, ωt:  14.10 (2.24 periods), wall: 1.153 hours, Δt:   0.58, CFL: 7.20e-01
i: 136900, t:  141068.7 s, ωt:  14.11 (2.25 periods), wall: 1.154 hours, Δt:   0.74, CFL: 7.20e-01
i: 137000, t:  141143.5 s, ωt:  14.11 (2.25 periods), wall: 1.155 hours, Δt:   0.73, CFL: 7.20e-01
i: 137100, t:  141220.3 s, ωt:  14.12 (2.25 periods), wall: 1.155 hours, Δt:   0.72, CFL: 7.20e-01
i: 137200, t:  141301.9 s, ωt:  14.13 (2.25 periods), wall: 1.156 hours, Δt:   0.80, CFL: 7.20e-01
i: 137300, t:  141378.5 s, ωt:  14.14 (2.25 periods), wall: 1.157 hours, Δt:   0.79, CFL: 7.20e-01
i: 137400, t:  141454.5 s, ωt:  14.15 (2.25 periods), wall: 1.158 hours, Δt:   0.69, CFL: 7.20e-01
i: 137500, t:  141528.5 s, ωt:  14.15 (2.25 periods), wall: 1.159 hours, Δt:   0.76, CFL: 7.20e-01
i: 137600, t:  141607.5 s, ωt:  14.16 (2.25 periods), wall: 1.160 hours, Δt:   0.87, CFL: 7.20e-01
i: 137700, t:  141689.9 s, ωt:  14.17 (2.26 periods), wall: 1.160 hours, Δt:   0.79, CFL: 7.20e-01
i: 137800, t:  141766.3 s, ωt:  14.18 (2.26 periods), wall: 1.161 hours, Δt:   0.83, CFL: 7.20e-01
i: 137900, t:  141843.1 s, ωt:  14.18 (2.26 periods), wall: 1.162 hours, Δt:   0.84, CFL: 7.20e-01
i: 138000, t:  141921.4 s, ωt:  14.19 (2.26 periods), wall: 1.163 hours, Δt:   0.81, CFL: 7.20e-01
i: 138100, t:  141998.9 s, ωt:  14.20 (2.26 periods), wall: 1.164 hours, Δt:   0.76, CFL: 7.20e-01
i: 138200, t:  142072.3 s, ωt:  14.21 (2.26 periods), wall: 1.165 hours, Δt:   0.69, CFL: 7.20e-01
i: 138300, t:  142135.5 s, ωt:  14.21 (2.26 periods), wall: 1.165 hours, Δt:   0.68, CFL: 7.20e-01
i: 138400, t:  142206.8 s, ωt:  14.22 (2.26 periods), wall: 1.166 hours, Δt:   0.66, CFL: 7.20e-01
i: 138500, t:  142269.1 s, ωt:  14.23 (2.26 periods), wall: 1.167 hours, Δt:   0.69, CFL: 7.20e-01
i: 138600, t:  142340.1 s, ωt:  14.23 (2.27 periods), wall: 1.168 hours, Δt:   0.60, CFL: 7.20e-01
i: 138700, t:  142410.9 s, ωt:  14.24 (2.27 periods), wall: 1.169 hours, Δt:   0.77, CFL: 7.20e-01
i: 138800, t:  142483.2 s, ωt:  14.25 (2.27 periods), wall: 1.170 hours, Δt:   0.74, CFL: 7.20e-01
i: 138900, t:  142557.7 s, ωt:  14.26 (2.27 periods), wall: 1.170 hours, Δt:   0.78, CFL: 7.20e-01
i: 139000, t:  142630.3 s, ωt:  14.26 (2.27 periods), wall: 1.171 hours, Δt:   0.62, CFL: 7.20e-01
i: 139100, t:  142702.5 s, ωt:  14.27 (2.27 periods), wall: 1.172 hours, Δt:   0.63, CFL: 7.20e-01
i: 139200, t:  142777.4 s, ωt:  14.28 (2.27 periods), wall: 1.173 hours, Δt:   0.77, CFL: 7.20e-01
i: 139300, t:  142854.3 s, ωt:  14.29 (2.27 periods), wall: 1.174 hours, Δt:   0.75, CFL: 7.20e-01
i: 139400, t:  142931.2 s, ωt:  14.29 (2.27 periods), wall: 1.175 hours, Δt:   0.71, CFL: 7.20e-01
i: 139500, t:  143001.8 s, ωt:  14.30 (2.28 periods), wall: 1.175 hours, Δt:   0.83, CFL: 7.20e-01
i: 139600, t:  143078.8 s, ωt:  14.31 (2.28 periods), wall: 1.176 hours, Δt:   0.70, CFL: 7.20e-01
i: 139700, t:  143157.0 s, ωt:  14.32 (2.28 periods), wall: 1.177 hours, Δt:   0.78, CFL: 7.20e-01
i: 139800, t:  143237.3 s, ωt:  14.32 (2.28 periods), wall: 1.178 hours, Δt:   0.82, CFL: 7.20e-01
i: 139900, t:  143319.0 s, ωt:  14.33 (2.28 periods), wall: 1.179 hours, Δt:   0.79, CFL: 7.20e-01
i: 140000, t:  143401.8 s, ωt:  14.34 (2.28 periods), wall: 1.180 hours, Δt:   0.77, CFL: 7.20e-01
i: 140100, t:  143475.0 s, ωt:  14.35 (2.28 periods), wall: 1.180 hours, Δt:   0.58, CFL: 7.20e-01
i: 140200, t:  143551.0 s, ωt:  14.36 (2.28 periods), wall: 1.181 hours, Δt:   0.77, CFL: 7.20e-01
i: 140300, t:  143628.9 s, ωt:  14.36 (2.29 periods), wall: 1.182 hours, Δt:   0.80, CFL: 7.20e-01
i: 140400, t:  143710.4 s, ωt:  14.37 (2.29 periods), wall: 1.183 hours, Δt:   0.83, CFL: 7.20e-01
i: 140500, t:  143789.3 s, ωt:  14.38 (2.29 periods), wall: 1.184 hours, Δt:   0.70, CFL: 7.20e-01
i: 140600, t:  143867.4 s, ωt:  14.39 (2.29 periods), wall: 1.185 hours, Δt:   0.75, CFL: 7.20e-01
i: 140700, t:  143945.5 s, ωt:  14.39 (2.29 periods), wall: 1.185 hours, Δt:   0.67, CFL: 7.20e-01
i: 140800, t:  144026.1 s, ωt:  14.40 (2.29 periods), wall: 1.186 hours, Δt:   0.81, CFL: 7.20e-01
i: 140900, t:  144105.3 s, ωt:  14.41 (2.29 periods), wall: 1.187 hours, Δt:   0.80, CFL: 7.20e-01
i: 141000, t:  144186.1 s, ωt:  14.42 (2.29 periods), wall: 1.188 hours, Δt:   0.72, CFL: 7.20e-01
i: 141100, t:  144262.3 s, ωt:  14.43 (2.30 periods), wall: 1.189 hours, Δt:   0.66, CFL: 7.20e-01
i: 141200, t:  144330.3 s, ωt:  14.43 (2.30 periods), wall: 1.190 hours, Δt:   0.73, CFL: 7.20e-01
i: 141300, t:  144403.5 s, ωt:  14.44 (2.30 periods), wall: 1.190 hours, Δt:   0.74, CFL: 7.20e-01
i: 141400, t:  144486.8 s, ωt:  14.45 (2.30 periods), wall: 1.191 hours, Δt:   0.81, CFL: 7.20e-01
i: 141500, t:  144560.2 s, ωt:  14.46 (2.30 periods), wall: 1.192 hours, Δt:   0.91, CFL: 7.20e-01
i: 141600, t:  144634.6 s, ωt:  14.46 (2.30 periods), wall: 1.193 hours, Δt:   0.68, CFL: 7.20e-01
i: 141700, t:  144704.2 s, ωt:  14.47 (2.30 periods), wall: 1.194 hours, Δt:   0.80, CFL: 7.20e-01
i: 141800, t:  144789.3 s, ωt:  14.48 (2.30 periods), wall: 1.195 hours, Δt:   0.86, CFL: 7.20e-01
i: 141900, t:  144873.9 s, ωt:  14.49 (2.31 periods), wall: 1.195 hours, Δt:   0.84, CFL: 7.20e-01
i: 142000, t:  144956.5 s, ωt:  14.50 (2.31 periods), wall: 1.196 hours, Δt:   0.82, CFL: 7.20e-01
i: 142100, t:  145039.6 s, ωt:  14.50 (2.31 periods), wall: 1.197 hours, Δt:   0.81, CFL: 7.20e-01
i: 142200, t:  145124.3 s, ωt:  14.51 (2.31 periods), wall: 1.198 hours, Δt:   0.98, CFL: 7.20e-01
i: 142300, t:  145204.8 s, ωt:  14.52 (2.31 periods), wall: 1.199 hours, Δt:   0.72, CFL: 7.20e-01
i: 142400, t:  145284.9 s, ωt:  14.53 (2.31 periods), wall: 1.200 hours, Δt:   0.90, CFL: 7.20e-01
i: 142500, t:  145371.3 s, ωt:  14.54 (2.31 periods), wall: 1.200 hours, Δt:   0.81, CFL: 7.20e-01
i: 142600, t:  145453.2 s, ωt:  14.55 (2.31 periods), wall: 1.201 hours, Δt:   0.81, CFL: 7.20e-01
i: 142700, t:  145537.8 s, ωt:  14.55 (2.32 periods), wall: 1.202 hours, Δt:   0.86, CFL: 7.20e-01
i: 142800, t:  145619.4 s, ωt:  14.56 (2.32 periods), wall: 1.203 hours, Δt:   0.85, CFL: 7.20e-01
i: 142900, t:  145711.7 s, ωt:  14.57 (2.32 periods), wall: 1.204 hours, Δt:   0.87, CFL: 7.20e-01
i: 143000, t:  145795.9 s, ωt:  14.58 (2.32 periods), wall: 1.205 hours, Δt:   0.65, CFL: 7.20e-01
i: 143100, t:  145872.1 s, ωt:  14.59 (2.32 periods), wall: 1.205 hours, Δt:   1.04, CFL: 7.20e-01
i: 143200, t:  145962.0 s, ωt:  14.60 (2.32 periods), wall: 1.206 hours, Δt:   0.76, CFL: 7.20e-01
i: 143300, t:  146041.1 s, ωt:  14.60 (2.32 periods), wall: 1.207 hours, Δt:   0.73, CFL: 7.20e-01
i: 143400, t:  146113.2 s, ωt:  14.61 (2.33 periods), wall: 1.208 hours, Δt:   0.80, CFL: 7.20e-01
i: 143500, t:  146193.2 s, ωt:  14.62 (2.33 periods), wall: 1.209 hours, Δt:   0.78, CFL: 7.20e-01
i: 143600, t:  146281.0 s, ωt:  14.63 (2.33 periods), wall: 1.210 hours, Δt:   0.95, CFL: 7.20e-01
i: 143700, t:  146371.4 s, ωt:  14.64 (2.33 periods), wall: 1.210 hours, Δt:   0.80, CFL: 7.20e-01
i: 143800, t:  146454.1 s, ωt:  14.65 (2.33 periods), wall: 1.211 hours, Δt:   0.69, CFL: 7.20e-01
i: 143900, t:  146532.4 s, ωt:  14.65 (2.33 periods), wall: 1.212 hours, Δt:   0.72, CFL: 7.20e-01
i: 144000, t:  146618.0 s, ωt:  14.66 (2.33 periods), wall: 1.213 hours, Δt:   0.97, CFL: 7.20e-01
i: 144100, t:  146717.0 s, ωt:  14.67 (2.34 periods), wall: 1.214 hours, Δt:   0.91, CFL: 7.20e-01
i: 144200, t:  146797.1 s, ωt:  14.68 (2.34 periods), wall: 1.215 hours, Δt:   0.82, CFL: 7.20e-01
i: 144300, t:  146883.0 s, ωt:  14.69 (2.34 periods), wall: 1.215 hours, Δt:   0.77, CFL: 7.20e-01
i: 144400, t:  146966.2 s, ωt:  14.70 (2.34 periods), wall: 1.216 hours, Δt:   0.86, CFL: 7.20e-01
i: 144500, t:  147053.7 s, ωt:  14.71 (2.34 periods), wall: 1.217 hours, Δt:   0.78, CFL: 7.20e-01
i: 144600, t:  147135.6 s, ωt:  14.71 (2.34 periods), wall: 1.218 hours, Δt:   0.82, CFL: 7.20e-01
i: 144700, t:  147226.6 s, ωt:  14.72 (2.34 periods), wall: 1.219 hours, Δt:   0.99, CFL: 7.20e-01
i: 144800, t:  147310.3 s, ωt:  14.73 (2.34 periods), wall: 1.220 hours, Δt:   0.77, CFL: 7.20e-01
i: 144900, t:  147397.4 s, ωt:  14.74 (2.35 periods), wall: 1.220 hours, Δt:   0.85, CFL: 7.20e-01
i: 145000, t:  147485.3 s, ωt:  14.75 (2.35 periods), wall: 1.221 hours, Δt:   0.82, CFL: 7.20e-01
i: 145100, t:  147573.1 s, ωt:  14.76 (2.35 periods), wall: 1.222 hours, Δt:   1.02, CFL: 7.20e-01
i: 145200, t:  147659.8 s, ωt:  14.77 (2.35 periods), wall: 1.223 hours, Δt:   0.89, CFL: 7.20e-01
i: 145300, t:  147762.7 s, ωt:  14.78 (2.35 periods), wall: 1.224 hours, Δt:   1.10, CFL: 7.20e-01
i: 145400, t:  147859.7 s, ωt:  14.79 (2.35 periods), wall: 1.225 hours, Δt:   1.02, CFL: 7.20e-01
i: 145500, t:  147957.3 s, ωt:  14.80 (2.35 periods), wall: 1.226 hours, Δt:   0.96, CFL: 7.20e-01
i: 145600, t:  148056.3 s, ωt:  14.81 (2.36 periods), wall: 1.226 hours, Δt:   1.00, CFL: 7.20e-01
i: 145700, t:  148148.6 s, ωt:  14.81 (2.36 periods), wall: 1.227 hours, Δt:   1.06, CFL: 7.20e-01
i: 145800, t:  148250.8 s, ωt:  14.83 (2.36 periods), wall: 1.228 hours, Δt:   0.98, CFL: 7.20e-01
i: 145900, t:  148341.5 s, ωt:  14.83 (2.36 periods), wall: 1.229 hours, Δt:   1.16, CFL: 7.20e-01
i: 146000, t:  148445.0 s, ωt:  14.84 (2.36 periods), wall: 1.230 hours, Δt:   1.08, CFL: 7.20e-01
i: 146100, t:  148553.8 s, ωt:  14.86 (2.36 periods), wall: 1.231 hours, Δt:   1.19, CFL: 7.20e-01
i: 146200, t:  148668.1 s, ωt:  14.87 (2.37 periods), wall: 1.231 hours, Δt:   1.21, CFL: 7.20e-01
i: 146300, t:  148781.5 s, ωt:  14.88 (2.37 periods), wall: 1.232 hours, Δt:   1.02, CFL: 7.20e-01
i: 146400, t:  148885.0 s, ωt:  14.89 (2.37 periods), wall: 1.233 hours, Δt:   0.97, CFL: 7.20e-01
i: 146500, t:  148996.5 s, ωt:  14.90 (2.37 periods), wall: 1.234 hours, Δt:   1.39, CFL: 7.20e-01
i: 146600, t:  149115.6 s, ωt:  14.91 (2.37 periods), wall: 1.235 hours, Δt:   1.08, CFL: 7.20e-01
i: 146700, t:  149231.2 s, ωt:  14.92 (2.38 periods), wall: 1.236 hours, Δt:   1.06, CFL: 7.20e-01
i: 146800, t:  149335.2 s, ωt:  14.93 (2.38 periods), wall: 1.236 hours, Δt:   1.09, CFL: 7.20e-01
i: 146900, t:  149458.5 s, ωt:  14.95 (2.38 periods), wall: 1.237 hours, Δt:   1.38, CFL: 7.20e-01
i: 147000, t:  149581.3 s, ωt:  14.96 (2.38 periods), wall: 1.238 hours, Δt:   1.26, CFL: 7.20e-01
i: 147100, t:  149691.6 s, ωt:  14.97 (2.38 periods), wall: 1.239 hours, Δt:   1.04, CFL: 7.20e-01
i: 147200, t:  149805.3 s, ωt:  14.98 (2.38 periods), wall: 1.240 hours, Δt:   1.34, CFL: 7.20e-01
i: 147300, t:  149926.9 s, ωt:  14.99 (2.39 periods), wall: 1.241 hours, Δt:   1.24, CFL: 7.20e-01
i: 147400, t:  150050.8 s, ωt:  15.01 (2.39 periods), wall: 1.241 hours, Δt:   1.39, CFL: 7.20e-01
i: 147500, t:  150178.2 s, ωt:  15.02 (2.39 periods), wall: 1.242 hours, Δt:   1.28, CFL: 7.20e-01
i: 147600, t:  150297.6 s, ωt:  15.03 (2.39 periods), wall: 1.243 hours, Δt:   1.24, CFL: 7.20e-01
i: 147700, t:  150423.0 s, ωt:  15.04 (2.39 periods), wall: 1.244 hours, Δt:   1.59, CFL: 7.20e-01
i: 147800, t:  150560.6 s, ωt:  15.06 (2.40 periods), wall: 1.245 hours, Δt:   1.22, CFL: 7.20e-01
i: 147900, t:  150686.6 s, ωt:  15.07 (2.40 periods), wall: 1.246 hours, Δt:   1.23, CFL: 7.20e-01
i: 148000, t:  150813.6 s, ωt:  15.08 (2.40 periods), wall: 1.246 hours, Δt:   1.40, CFL: 7.20e-01
i: 148100, t:  150959.2 s, ωt:  15.10 (2.40 periods), wall: 1.247 hours, Δt:   1.60, CFL: 7.20e-01
i: 148200, t:  151099.3 s, ωt:  15.11 (2.40 periods), wall: 1.248 hours, Δt:   1.35, CFL: 7.20e-01
i: 148300, t:  151238.3 s, ωt:  15.12 (2.41 periods), wall: 1.249 hours, Δt:   1.46, CFL: 7.20e-01
i: 148400, t:  151361.2 s, ωt:  15.14 (2.41 periods), wall: 1.250 hours, Δt:   1.15, CFL: 7.20e-01
i: 148500, t:  151469.2 s, ωt:  15.15 (2.41 periods), wall: 1.251 hours, Δt:   1.11, CFL: 7.20e-01
i: 148600, t:  151592.8 s, ωt:  15.16 (2.41 periods), wall: 1.251 hours, Δt:   1.30, CFL: 7.20e-01
i: 148700, t:  151728.9 s, ωt:  15.17 (2.41 periods), wall: 1.252 hours, Δt:   1.32, CFL: 7.20e-01
i: 148800, t:  151873.1 s, ωt:  15.19 (2.42 periods), wall: 1.253 hours, Δt:   1.55, CFL: 7.20e-01
i: 148900, t:  152039.5 s, ωt:  15.20 (2.42 periods), wall: 1.254 hours, Δt:   1.62, CFL: 7.20e-01
i: 149000, t:  152195.5 s, ωt:  15.22 (2.42 periods), wall: 1.255 hours, Δt:   1.58, CFL: 7.20e-01
i: 149100, t:  152359.2 s, ωt:  15.24 (2.42 periods), wall: 1.256 hours, Δt:   1.37, CFL: 7.20e-01
i: 149200, t:  152504.3 s, ωt:  15.25 (2.43 periods), wall: 1.256 hours, Δt:   1.42, CFL: 7.20e-01
i: 149300, t:  152652.1 s, ωt:  15.27 (2.43 periods), wall: 1.257 hours, Δt:   1.61, CFL: 7.20e-01
i: 149400, t:  152814.1 s, ωt:  15.28 (2.43 periods), wall: 1.258 hours, Δt:   1.49, CFL: 7.20e-01
i: 149500, t:  152990.6 s, ωt:  15.30 (2.43 periods), wall: 1.259 hours, Δt:   2.02, CFL: 7.20e-01
i: 149600, t:  153181.0 s, ωt:  15.32 (2.44 periods), wall: 1.260 hours, Δt:   1.83, CFL: 7.20e-01
i: 149700, t:  153352.9 s, ωt:  15.34 (2.44 periods), wall: 1.261 hours, Δt:   1.86, CFL: 7.20e-01
i: 149800, t:  153535.0 s, ωt:  15.35 (2.44 periods), wall: 1.261 hours, Δt:   1.95, CFL: 7.20e-01
i: 149900, t:  153755.6 s, ωt:  15.38 (2.45 periods), wall: 1.262 hours, Δt:   2.39, CFL: 7.20e-01
i: 150000, t:  153991.4 s, ωt:  15.40 (2.45 periods), wall: 1.263 hours, Δt:   2.48, CFL: 7.20e-01
i: 150100, t:  154225.5 s, ωt:  15.42 (2.45 periods), wall: 1.264 hours, Δt:   2.32, CFL: 7.20e-01
i: 150200, t:  154428.4 s, ωt:  15.44 (2.46 periods), wall: 1.265 hours, Δt:   2.09, CFL: 7.20e-01
i: 150300, t:  154628.9 s, ωt:  15.46 (2.46 periods), wall: 1.266 hours, Δt:   1.89, CFL: 7.20e-01
i: 150400, t:  154823.7 s, ωt:  15.48 (2.46 periods), wall: 1.266 hours, Δt:   2.28, CFL: 7.20e-01
i: 150500, t:  155053.2 s, ωt:  15.51 (2.47 periods), wall: 1.267 hours, Δt:   1.99, CFL: 7.20e-01
i: 150600, t:  155255.0 s, ωt:  15.53 (2.47 periods), wall: 1.268 hours, Δt:   2.50, CFL: 7.20e-01
i: 150700, t:  155489.0 s, ωt:  15.55 (2.47 periods), wall: 1.269 hours, Δt:   1.85, CFL: 7.20e-01
i: 150800, t:  155688.1 s, ωt:  15.57 (2.48 periods), wall: 1.270 hours, Δt:   2.41, CFL: 7.20e-01
i: 150900, t:  155903.4 s, ωt:  15.59 (2.48 periods), wall: 1.271 hours, Δt:   1.77, CFL: 7.20e-01
i: 151000, t:  156148.5 s, ωt:  15.61 (2.49 periods), wall: 1.271 hours, Δt:   2.56, CFL: 7.20e-01
i: 151100, t:  156354.2 s, ωt:  15.64 (2.49 periods), wall: 1.272 hours, Δt:   2.23, CFL: 7.20e-01
i: 151200, t:  156591.1 s, ωt:  15.66 (2.49 periods), wall: 1.273 hours, Δt:   2.39, CFL: 7.20e-01
i: 151300, t:  156809.5 s, ωt:  15.68 (2.50 periods), wall: 1.274 hours, Δt:   2.19, CFL: 7.20e-01
i: 151400, t:  157022.9 s, ωt:  15.70 (2.50 periods), wall: 1.275 hours, Δt:   1.87, CFL: 7.20e-01
i: 151500, t:  157255.4 s, ωt:  15.73 (2.50 periods), wall: 1.276 hours, Δt:   2.60, CFL: 7.20e-01
i: 151600, t:  157508.9 s, ωt:  15.75 (2.51 periods), wall: 1.277 hours, Δt:   2.49, CFL: 7.20e-01
i: 151700, t:  157752.0 s, ωt:  15.78 (2.51 periods), wall: 1.277 hours, Δt:   2.43, CFL: 7.20e-01
i: 151800, t:  157989.5 s, ωt:  15.80 (2.51 periods), wall: 1.278 hours, Δt:   2.19, CFL: 7.20e-01
i: 151900, t:  158217.3 s, ωt:  15.82 (2.52 periods), wall: 1.279 hours, Δt:   2.30, CFL: 7.20e-01
i: 152000, t:  158450.1 s, ωt:  15.85 (2.52 periods), wall: 1.280 hours, Δt:   2.33, CFL: 7.20e-01
i: 152100, t:  158689.1 s, ωt:  15.87 (2.53 periods), wall: 1.281 hours, Δt:   2.09, CFL: 7.20e-01
i: 152200, t:  158903.3 s, ωt:  15.89 (2.53 periods), wall: 1.282 hours, Δt:   2.32, CFL: 7.20e-01
i: 152300, t:  159110.3 s, ωt:  15.91 (2.53 periods), wall: 1.282 hours, Δt:   1.76, CFL: 7.20e-01
i: 152400, t:  159298.9 s, ωt:  15.93 (2.54 periods), wall: 1.283 hours, Δt:   1.88, CFL: 7.20e-01
i: 152500, t:  159481.4 s, ωt:  15.95 (2.54 periods), wall: 1.284 hours, Δt:   1.72, CFL: 7.20e-01
i: 152600, t:  159651.2 s, ωt:  15.97 (2.54 periods), wall: 1.285 hours, Δt:   1.85, CFL: 7.20e-01
i: 152700, t:  159827.1 s, ωt:  15.98 (2.54 periods), wall: 1.286 hours, Δt:   1.81, CFL: 7.20e-01
i: 152800, t:  159976.1 s, ωt:  16.00 (2.55 periods), wall: 1.287 hours, Δt:   1.48, CFL: 7.20e-01
i: 152900, t:  160126.5 s, ωt:  16.01 (2.55 periods), wall: 1.287 hours, Δt:   1.44, CFL: 7.20e-01
i: 153000, t:  160254.1 s, ωt:  16.03 (2.55 periods), wall: 1.288 hours, Δt:   1.49, CFL: 7.20e-01
i: 153100, t:  160401.4 s, ωt:  16.04 (2.55 periods), wall: 1.289 hours, Δt:   1.33, CFL: 7.20e-01
i: 153200, t:  160541.2 s, ωt:  16.05 (2.56 periods), wall: 1.290 hours, Δt:   1.32, CFL: 7.20e-01
i: 153300, t:  160685.4 s, ωt:  16.07 (2.56 periods), wall: 1.291 hours, Δt:   1.34, CFL: 7.20e-01
i: 153400, t:  160825.2 s, ωt:  16.08 (2.56 periods), wall: 1.292 hours, Δt:   1.44, CFL: 7.20e-01
i: 153500, t:  160950.4 s, ωt:  16.10 (2.56 periods), wall: 1.292 hours, Δt:   1.36, CFL: 7.20e-01
i: 153600, t:  161077.0 s, ωt:  16.11 (2.56 periods), wall: 1.293 hours, Δt:   1.15, CFL: 7.20e-01
i: 153700, t:  161206.7 s, ωt:  16.12 (2.57 periods), wall: 1.294 hours, Δt:   1.32, CFL: 7.20e-01
i: 153800, t:  161340.3 s, ωt:  16.13 (2.57 periods), wall: 1.295 hours, Δt:   1.23, CFL: 7.20e-01
i: 153900, t:  161457.9 s, ωt:  16.15 (2.57 periods), wall: 1.296 hours, Δt:   1.26, CFL: 7.20e-01
i: 154000, t:  161577.9 s, ωt:  16.16 (2.57 periods), wall: 1.297 hours, Δt:   1.29, CFL: 7.20e-01
i: 154100, t:  161702.3 s, ωt:  16.17 (2.57 periods), wall: 1.297 hours, Δt:   1.35, CFL: 7.20e-01
i: 154200, t:  161818.0 s, ωt:  16.18 (2.58 periods), wall: 1.298 hours, Δt:   1.24, CFL: 7.20e-01
i: 154300, t:  161929.1 s, ωt:  16.19 (2.58 periods), wall: 1.299 hours, Δt:   1.22, CFL: 7.20e-01
i: 154400, t:  162041.8 s, ωt:  16.20 (2.58 periods), wall: 1.300 hours, Δt:   0.96, CFL: 7.20e-01
i: 154500, t:  162148.6 s, ωt:  16.21 (2.58 periods), wall: 1.301 hours, Δt:   1.04, CFL: 7.20e-01
i: 154600, t:  162245.2 s, ωt:  16.22 (2.58 periods), wall: 1.302 hours, Δt:   0.88, CFL: 7.20e-01
i: 154700, t:  162351.4 s, ωt:  16.24 (2.58 periods), wall: 1.302 hours, Δt:   1.05, CFL: 7.20e-01
i: 154800, t:  162457.5 s, ωt:  16.25 (2.59 periods), wall: 1.303 hours, Δt:   0.94, CFL: 7.20e-01
i: 154900, t:  162566.7 s, ωt:  16.26 (2.59 periods), wall: 1.304 hours, Δt:   1.01, CFL: 7.20e-01
i: 155000, t:  162675.8 s, ωt:  16.27 (2.59 periods), wall: 1.305 hours, Δt:   1.06, CFL: 7.20e-01
i: 155100, t:  162783.1 s, ωt:  16.28 (2.59 periods), wall: 1.306 hours, Δt:   1.20, CFL: 7.20e-01
i: 155200, t:  162898.6 s, ωt:  16.29 (2.59 periods), wall: 1.307 hours, Δt:   1.15, CFL: 7.20e-01
i: 155300, t:  162999.0 s, ωt:  16.30 (2.59 periods), wall: 1.307 hours, Δt:   0.83, CFL: 7.20e-01
i: 155400, t:  163088.8 s, ωt:  16.31 (2.60 periods), wall: 1.308 hours, Δt:   0.97, CFL: 7.20e-01
i: 155500, t:  163188.6 s, ωt:  16.32 (2.60 periods), wall: 1.309 hours, Δt:   1.09, CFL: 7.20e-01
i: 155600, t:  163291.9 s, ωt:  16.33 (2.60 periods), wall: 1.310 hours, Δt:   1.10, CFL: 7.20e-01
i: 155700, t:  163395.1 s, ωt:  16.34 (2.60 periods), wall: 1.311 hours, Δt:   0.97, CFL: 7.20e-01
i: 155800, t:  163491.0 s, ωt:  16.35 (2.60 periods), wall: 1.312 hours, Δt:   0.90, CFL: 7.20e-01
i: 155900, t:  163588.7 s, ωt:  16.36 (2.60 periods), wall: 1.312 hours, Δt:   1.00, CFL: 7.20e-01
i: 156000, t:  163684.1 s, ωt:  16.37 (2.61 periods), wall: 1.313 hours, Δt:   1.00, CFL: 7.20e-01
i: 156100, t:  163780.2 s, ωt:  16.38 (2.61 periods), wall: 1.314 hours, Δt:   1.03, CFL: 7.20e-01
i: 156200, t:  163876.7 s, ωt:  16.39 (2.61 periods), wall: 1.315 hours, Δt:   0.98, CFL: 7.20e-01
i: 156300, t:  163968.6 s, ωt:  16.40 (2.61 periods), wall: 1.316 hours, Δt:   0.84, CFL: 7.20e-01
i: 156400, t:  164060.4 s, ωt:  16.41 (2.61 periods), wall: 1.317 hours, Δt:   0.78, CFL: 7.20e-01
i: 156500, t:  164141.6 s, ωt:  16.41 (2.61 periods), wall: 1.317 hours, Δt:   0.87, CFL: 7.20e-01
i: 156600, t:  164233.0 s, ωt:  16.42 (2.61 periods), wall: 1.318 hours, Δt:   0.86, CFL: 7.20e-01
i: 156700, t:  164320.5 s, ωt:  16.43 (2.62 periods), wall: 1.319 hours, Δt:   0.84, CFL: 7.20e-01
i: 156800, t:  164404.7 s, ωt:  16.44 (2.62 periods), wall: 1.320 hours, Δt:   0.90, CFL: 7.20e-01
i: 156900, t:  164499.8 s, ωt:  16.45 (2.62 periods), wall: 1.321 hours, Δt:   0.82, CFL: 7.20e-01
i: 157000, t:  164593.1 s, ωt:  16.46 (2.62 periods), wall: 1.322 hours, Δt:   1.01, CFL: 7.20e-01
i: 157100, t:  164674.9 s, ωt:  16.47 (2.62 periods), wall: 1.322 hours, Δt:   0.81, CFL: 7.20e-01
i: 157200, t:  164759.1 s, ωt:  16.48 (2.62 periods), wall: 1.323 hours, Δt:   0.76, CFL: 7.20e-01
i: 157300, t:  164848.6 s, ωt:  16.48 (2.62 periods), wall: 1.324 hours, Δt:   0.98, CFL: 7.20e-01
i: 157400, t:  164942.3 s, ωt:  16.49 (2.63 periods), wall: 1.325 hours, Δt:   0.84, CFL: 7.20e-01
i: 157500, t:  165029.6 s, ωt:  16.50 (2.63 periods), wall: 1.326 hours, Δt:   0.89, CFL: 7.20e-01
i: 157600, t:  165123.6 s, ωt:  16.51 (2.63 periods), wall: 1.327 hours, Δt:   0.95, CFL: 7.20e-01
i: 157700, t:  165214.2 s, ωt:  16.52 (2.63 periods), wall: 1.327 hours, Δt:   0.80, CFL: 7.20e-01
i: 157800, t:  165290.4 s, ωt:  16.53 (2.63 periods), wall: 1.328 hours, Δt:   0.69, CFL: 7.20e-01
i: 157900, t:  165368.9 s, ωt:  16.54 (2.63 periods), wall: 1.329 hours, Δt:   0.81, CFL: 7.20e-01
i: 158000, t:  165453.5 s, ωt:  16.55 (2.63 periods), wall: 1.330 hours, Δt:   0.87, CFL: 7.20e-01
i: 158100, t:  165542.1 s, ωt:  16.55 (2.63 periods), wall: 1.331 hours, Δt:   0.81, CFL: 7.20e-01
i: 158200, t:  165621.6 s, ωt:  16.56 (2.64 periods), wall: 1.332 hours, Δt:   0.73, CFL: 7.20e-01
i: 158300, t:  165701.5 s, ωt:  16.57 (2.64 periods), wall: 1.333 hours, Δt:   0.76, CFL: 7.20e-01
i: 158400, t:  165781.8 s, ωt:  16.58 (2.64 periods), wall: 1.333 hours, Δt:   0.73, CFL: 7.20e-01
i: 158500, t:  165860.2 s, ωt:  16.59 (2.64 periods), wall: 1.334 hours, Δt:   0.86, CFL: 7.20e-01
i: 158600, t:  165943.9 s, ωt:  16.59 (2.64 periods), wall: 1.335 hours, Δt:   0.73, CFL: 7.20e-01
i: 158700, t:  166022.4 s, ωt:  16.60 (2.64 periods), wall: 1.336 hours, Δt:   0.77, CFL: 7.20e-01
i: 158800, t:  166103.2 s, ωt:  16.61 (2.64 periods), wall: 1.337 hours, Δt:   0.85, CFL: 7.20e-01
i: 158900, t:  166186.6 s, ωt:  16.62 (2.64 periods), wall: 1.338 hours, Δt:   0.73, CFL: 7.20e-01
i: 159000, t:  166267.0 s, ωt:  16.63 (2.65 periods), wall: 1.338 hours, Δt:   0.88, CFL: 7.20e-01
i: 159100, t:  166346.6 s, ωt:  16.63 (2.65 periods), wall: 1.339 hours, Δt:   0.90, CFL: 7.20e-01
i: 159200, t:  166422.8 s, ωt:  16.64 (2.65 periods), wall: 1.340 hours, Δt:   0.80, CFL: 7.20e-01
i: 159300, t:  166500.6 s, ωt:  16.65 (2.65 periods), wall: 1.341 hours, Δt:   0.64, CFL: 7.20e-01
i: 159400, t:  166572.3 s, ωt:  16.66 (2.65 periods), wall: 1.342 hours, Δt:   0.68, CFL: 7.20e-01
i: 159500, t:  166645.5 s, ωt:  16.66 (2.65 periods), wall: 1.343 hours, Δt:   0.67, CFL: 7.20e-01
i: 159600, t:  166717.9 s, ωt:  16.67 (2.65 periods), wall: 1.343 hours, Δt:   0.75, CFL: 7.20e-01
i: 159700, t:  166793.7 s, ωt:  16.68 (2.65 periods), wall: 1.344 hours, Δt:   0.79, CFL: 7.20e-01
i: 159800, t:  166864.9 s, ωt:  16.69 (2.66 periods), wall: 1.345 hours, Δt:   0.76, CFL: 7.20e-01
i: 159900, t:  166937.5 s, ωt:  16.69 (2.66 periods), wall: 1.346 hours, Δt:   0.74, CFL: 7.20e-01
i: 160000, t:  167006.5 s, ωt:  16.70 (2.66 periods), wall: 1.347 hours, Δt:   0.59, CFL: 7.20e-01
i: 160100, t:  167065.5 s, ωt:  16.71 (2.66 periods), wall: 1.348 hours, Δt:   0.65, CFL: 7.20e-01
i: 160200, t:  167130.7 s, ωt:  16.71 (2.66 periods), wall: 1.348 hours, Δt:   0.68, CFL: 7.20e-01
i: 160300, t:  167205.9 s, ωt:  16.72 (2.66 periods), wall: 1.349 hours, Δt:   0.71, CFL: 7.20e-01
i: 160400, t:  167285.1 s, ωt:  16.73 (2.66 periods), wall: 1.350 hours, Δt:   0.87, CFL: 7.20e-01
i: 160500, t:  167359.6 s, ωt:  16.74 (2.66 periods), wall: 1.351 hours, Δt:   0.66, CFL: 7.20e-01
i: 160600, t:  167426.9 s, ωt:  16.74 (2.66 periods), wall: 1.352 hours, Δt:   0.80, CFL: 7.20e-01
i: 160700, t:  167498.3 s, ωt:  16.75 (2.67 periods), wall: 1.353 hours, Δt:   0.73, CFL: 7.20e-01
i: 160800, t:  167574.1 s, ωt:  16.76 (2.67 periods), wall: 1.353 hours, Δt:   0.76, CFL: 7.20e-01
i: 160900, t:  167642.8 s, ωt:  16.76 (2.67 periods), wall: 1.354 hours, Δt:   0.58, CFL: 7.20e-01
i: 161000, t:  167712.3 s, ωt:  16.77 (2.67 periods), wall: 1.355 hours, Δt:   0.81, CFL: 7.20e-01
i: 161100, t:  167786.1 s, ωt:  16.78 (2.67 periods), wall: 1.356 hours, Δt:   0.75, CFL: 7.20e-01
i: 161200, t:  167867.4 s, ωt:  16.79 (2.67 periods), wall: 1.357 hours, Δt:   0.73, CFL: 7.20e-01
i: 161300, t:  167937.4 s, ωt:  16.79 (2.67 periods), wall: 1.358 hours, Δt:   0.69, CFL: 7.20e-01
i: 161400, t:  168012.0 s, ωt:  16.80 (2.67 periods), wall: 1.358 hours, Δt:   0.78, CFL: 7.20e-01
i: 161500, t:  168092.1 s, ωt:  16.81 (2.68 periods), wall: 1.359 hours, Δt:   0.71, CFL: 7.20e-01
i: 161600, t:  168162.4 s, ωt:  16.82 (2.68 periods), wall: 1.360 hours, Δt:   0.78, CFL: 7.20e-01
i: 161700, t:  168244.6 s, ωt:  16.82 (2.68 periods), wall: 1.361 hours, Δt:   0.66, CFL: 7.20e-01
i: 161800, t:  168315.9 s, ωt:  16.83 (2.68 periods), wall: 1.362 hours, Δt:   0.78, CFL: 7.20e-01
i: 161900, t:  168389.4 s, ωt:  16.84 (2.68 periods), wall: 1.363 hours, Δt:   0.72, CFL: 7.20e-01
i: 162000, t:  168462.2 s, ωt:  16.85 (2.68 periods), wall: 1.363 hours, Δt:   0.74, CFL: 7.20e-01
i: 162100, t:  168542.0 s, ωt:  16.85 (2.68 periods), wall: 1.364 hours, Δt:   0.79, CFL: 7.20e-01
i: 162200, t:  168609.2 s, ωt:  16.86 (2.68 periods), wall: 1.365 hours, Δt:   0.71, CFL: 7.20e-01
i: 162300, t:  168677.7 s, ωt:  16.87 (2.68 periods), wall: 1.366 hours, Δt:   0.79, CFL: 7.20e-01
i: 162400, t:  168752.9 s, ωt:  16.88 (2.69 periods), wall: 1.367 hours, Δt:   0.81, CFL: 7.20e-01
i: 162500, t:  168822.6 s, ωt:  16.88 (2.69 periods), wall: 1.368 hours, Δt:   0.64, CFL: 7.20e-01
i: 162600, t:  168896.6 s, ωt:  16.89 (2.69 periods), wall: 1.368 hours, Δt:   0.68, CFL: 7.20e-01
i: 162700, t:  168966.0 s, ωt:  16.90 (2.69 periods), wall: 1.369 hours, Δt:   0.67, CFL: 7.20e-01
i: 162800, t:  169036.9 s, ωt:  16.90 (2.69 periods), wall: 1.370 hours, Δt:   0.72, CFL: 7.20e-01
i: 162900, t:  169111.1 s, ωt:  16.91 (2.69 periods), wall: 1.371 hours, Δt:   0.77, CFL: 7.20e-01
i: 163000, t:  169178.9 s, ωt:  16.92 (2.69 periods), wall: 1.372 hours, Δt:   0.55, CFL: 7.20e-01
i: 163100, t:  169242.6 s, ωt:  16.92 (2.69 periods), wall: 1.373 hours, Δt:   0.72, CFL: 7.20e-01
i: 163200, t:  169314.4 s, ωt:  16.93 (2.69 periods), wall: 1.373 hours, Δt:   0.77, CFL: 7.20e-01
i: 163300, t:  169386.7 s, ωt:  16.94 (2.70 periods), wall: 1.374 hours, Δt:   0.68, CFL: 7.20e-01
i: 163400, t:  169456.5 s, ωt:  16.95 (2.70 periods), wall: 1.375 hours, Δt:   0.73, CFL: 7.20e-01
i: 163500, t:  169524.9 s, ωt:  16.95 (2.70 periods), wall: 1.376 hours, Δt:   0.66, CFL: 7.20e-01
i: 163600, t:  169595.2 s, ωt:  16.96 (2.70 periods), wall: 1.377 hours, Δt:   0.74, CFL: 7.20e-01
i: 163700, t:  169669.8 s, ωt:  16.97 (2.70 periods), wall: 1.378 hours, Δt:   0.80, CFL: 7.20e-01
i: 163800, t:  169741.9 s, ωt:  16.97 (2.70 periods), wall: 1.378 hours, Δt:   0.73, CFL: 7.20e-01
i: 163900, t:  169814.2 s, ωt:  16.98 (2.70 periods), wall: 1.379 hours, Δt:   0.75, CFL: 7.20e-01
i: 164000, t:  169887.2 s, ωt:  16.99 (2.70 periods), wall: 1.380 hours, Δt:   0.64, CFL: 7.20e-01
i: 164100, t:  169953.0 s, ωt:  17.00 (2.70 periods), wall: 1.381 hours, Δt:   0.76, CFL: 7.20e-01
i: 164200, t:  170022.4 s, ωt:  17.00 (2.71 periods), wall: 1.382 hours, Δt:   0.78, CFL: 7.20e-01
i: 164300, t:  170094.9 s, ωt:  17.01 (2.71 periods), wall: 1.383 hours, Δt:   0.65, CFL: 7.20e-01
i: 164400, t:  170162.9 s, ωt:  17.02 (2.71 periods), wall: 1.383 hours, Δt:   0.69, CFL: 7.20e-01
i: 164500, t:  170236.6 s, ωt:  17.02 (2.71 periods), wall: 1.384 hours, Δt:   0.82, CFL: 7.20e-01
i: 164600, t:  170310.6 s, ωt:  17.03 (2.71 periods), wall: 1.385 hours, Δt:   0.77, CFL: 7.20e-01
i: 164700, t:  170379.3 s, ωt:  17.04 (2.71 periods), wall: 1.386 hours, Δt:   0.67, CFL: 7.20e-01
i: 164800, t:  170444.9 s, ωt:  17.04 (2.71 periods), wall: 1.387 hours, Δt:   0.66, CFL: 7.20e-01
i: 164900, t:  170515.9 s, ωt:  17.05 (2.71 periods), wall: 1.387 hours, Δt:   0.61, CFL: 7.20e-01
i: 165000, t:  170589.3 s, ωt:  17.06 (2.72 periods), wall: 1.388 hours, Δt:   0.79, CFL: 7.20e-01
i: 165100, t:  170670.3 s, ωt:  17.07 (2.72 periods), wall: 1.389 hours, Δt:   0.77, CFL: 7.20e-01
i: 165200, t:  170749.9 s, ωt:  17.07 (2.72 periods), wall: 1.390 hours, Δt:   0.77, CFL: 7.20e-01
i: 165300, t:  170824.1 s, ωt:  17.08 (2.72 periods), wall: 1.391 hours, Δt:   0.67, CFL: 7.20e-01
i: 165400, t:  170896.4 s, ωt:  17.09 (2.72 periods), wall: 1.392 hours, Δt:   0.60, CFL: 7.20e-01
i: 165500, t:  170962.8 s, ωt:  17.10 (2.72 periods), wall: 1.393 hours, Δt:   0.70, CFL: 7.20e-01
i: 165600, t:  171031.2 s, ωt:  17.10 (2.72 periods), wall: 1.393 hours, Δt:   0.62, CFL: 7.20e-01
i: 165700, t:  171099.1 s, ωt:  17.11 (2.72 periods), wall: 1.394 hours, Δt:   0.65, CFL: 7.20e-01
i: 165800, t:  171168.5 s, ωt:  17.12 (2.72 periods), wall: 1.395 hours, Δt:   0.66, CFL: 7.20e-01
i: 165900, t:  171231.5 s, ωt:  17.12 (2.73 periods), wall: 1.396 hours, Δt:   0.70, CFL: 7.20e-01
i: 166000, t:  171296.2 s, ωt:  17.13 (2.73 periods), wall: 1.397 hours, Δt:   0.65, CFL: 7.20e-01
i: 166100, t:  171365.5 s, ωt:  17.14 (2.73 periods), wall: 1.397 hours, Δt:   0.75, CFL: 7.20e-01
i: 166200, t:  171438.5 s, ωt:  17.14 (2.73 periods), wall: 1.398 hours, Δt:   0.63, CFL: 7.20e-01
i: 166300, t:  171507.3 s, ωt:  17.15 (2.73 periods), wall: 1.399 hours, Δt:   0.65, CFL: 7.20e-01
i: 166400, t:  171575.8 s, ωt:  17.16 (2.73 periods), wall: 1.400 hours, Δt:   0.68, CFL: 7.20e-01
i: 166500, t:  171648.3 s, ωt:  17.16 (2.73 periods), wall: 1.401 hours, Δt:   0.67, CFL: 7.20e-01
i: 166600, t:  171714.5 s, ωt:  17.17 (2.73 periods), wall: 1.402 hours, Δt:   0.66, CFL: 7.20e-01
i: 166700, t:  171783.8 s, ωt:  17.18 (2.73 periods), wall: 1.402 hours, Δt:   0.73, CFL: 7.20e-01
i: 166800, t:  171852.3 s, ωt:  17.19 (2.74 periods), wall: 1.403 hours, Δt:   0.63, CFL: 7.20e-01
i: 166900, t:  171917.8 s, ωt:  17.19 (2.74 periods), wall: 1.404 hours, Δt:   0.58, CFL: 7.20e-01
i: 167000, t:  171982.4 s, ωt:  17.20 (2.74 periods), wall: 1.405 hours, Δt:   0.76, CFL: 7.20e-01
i: 167100, t:  172056.1 s, ωt:  17.21 (2.74 periods), wall: 1.406 hours, Δt:   0.73, CFL: 7.20e-01
i: 167200, t:  172124.6 s, ωt:  17.21 (2.74 periods), wall: 1.407 hours, Δt:   0.69, CFL: 7.20e-01
i: 167300, t:  172198.4 s, ωt:  17.22 (2.74 periods), wall: 1.407 hours, Δt:   0.76, CFL: 7.20e-01
i: 167400, t:  172263.7 s, ωt:  17.23 (2.74 periods), wall: 1.408 hours, Δt:   0.62, CFL: 7.20e-01
i: 167500, t:  172335.6 s, ωt:  17.23 (2.74 periods), wall: 1.409 hours, Δt:   0.70, CFL: 7.20e-01
i: 167600, t:  172404.8 s, ωt:  17.24 (2.74 periods), wall: 1.410 hours, Δt:   0.72, CFL: 7.20e-01
i: 167700, t:  172473.3 s, ωt:  17.25 (2.74 periods), wall: 1.411 hours, Δt:   0.67, CFL: 7.20e-01
i: 167800, t:  172539.1 s, ωt:  17.25 (2.75 periods), wall: 1.412 hours, Δt:   0.67, CFL: 7.20e-01
i: 167900, t:  172611.0 s, ωt:  17.26 (2.75 periods), wall: 1.412 hours, Δt:   0.57, CFL: 7.20e-01
i: 168000, t:  172678.2 s, ωt:  17.27 (2.75 periods), wall: 1.413 hours, Δt:   0.75, CFL: 7.20e-01
i: 168100, t:  172752.0 s, ωt:  17.28 (2.75 periods), wall: 1.414 hours, Δt:   0.66, CFL: 7.20e-01
i: 168200, t:  172824.2 s, ωt:  17.28 (2.75 periods), wall: 1.415 hours, Δt:   0.77, CFL: 7.20e-01
i: 168300, t:  172896.2 s, ωt:  17.29 (2.75 periods), wall: 1.416 hours, Δt:   0.77, CFL: 7.20e-01
i: 168400, t:  172966.1 s, ωt:  17.30 (2.75 periods), wall: 1.417 hours, Δt:   0.60, CFL: 7.20e-01
i: 168500, t:  173031.6 s, ωt:  17.30 (2.75 periods), wall: 1.417 hours, Δt:   0.69, CFL: 7.20e-01
i: 168600, t:  173101.8 s, ωt:  17.31 (2.75 periods), wall: 1.418 hours, Δt:   0.71, CFL: 7.20e-01
i: 168700, t:  173172.9 s, ωt:  17.32 (2.76 periods), wall: 1.419 hours, Δt:   0.73, CFL: 7.20e-01
i: 168800, t:  173240.4 s, ωt:  17.32 (2.76 periods), wall: 1.420 hours, Δt:   0.59, CFL: 7.20e-01
i: 168900, t:  173309.6 s, ωt:  17.33 (2.76 periods), wall: 1.421 hours, Δt:   0.85, CFL: 7.20e-01
i: 169000, t:  173383.0 s, ωt:  17.34 (2.76 periods), wall: 1.422 hours, Δt:   0.77, CFL: 7.20e-01
i: 169100, t:  173457.6 s, ωt:  17.35 (2.76 periods), wall: 1.422 hours, Δt:   0.76, CFL: 7.20e-01
i: 169200, t:  173529.0 s, ωt:  17.35 (2.76 periods), wall: 1.423 hours, Δt:   0.70, CFL: 7.20e-01
i: 169300, t:  173603.9 s, ωt:  17.36 (2.76 periods), wall: 1.424 hours, Δt:   0.72, CFL: 7.20e-01
i: 169400, t:  173673.3 s, ωt:  17.37 (2.76 periods), wall: 1.425 hours, Δt:   0.56, CFL: 7.20e-01
i: 169500, t:  173739.8 s, ωt:  17.37 (2.77 periods), wall: 1.426 hours, Δt:   0.67, CFL: 7.20e-01
i: 169600, t:  173814.3 s, ωt:  17.38 (2.77 periods), wall: 1.427 hours, Δt:   0.73, CFL: 7.20e-01
i: 169700, t:  173879.7 s, ωt:  17.39 (2.77 periods), wall: 1.427 hours, Δt:   0.68, CFL: 7.20e-01
i: 169800, t:  173945.7 s, ωt:  17.39 (2.77 periods), wall: 1.428 hours, Δt:   0.69, CFL: 7.20e-01
i: 169900, t:  174015.6 s, ωt:  17.40 (2.77 periods), wall: 1.429 hours, Δt:   0.76, CFL: 7.20e-01
i: 170000, t:  174085.5 s, ωt:  17.41 (2.77 periods), wall: 1.430 hours, Δt:   0.79, CFL: 7.20e-01
i: 170100, t:  174155.2 s, ωt:  17.42 (2.77 periods), wall: 1.431 hours, Δt:   0.75, CFL: 7.20e-01
i: 170200, t:  174228.8 s, ωt:  17.42 (2.77 periods), wall: 1.432 hours, Δt:   0.77, CFL: 7.20e-01
i: 170300, t:  174298.8 s, ωt:  17.43 (2.77 periods), wall: 1.432 hours, Δt:   0.77, CFL: 7.20e-01
i: 170400, t:  174371.2 s, ωt:  17.44 (2.78 periods), wall: 1.433 hours, Δt:   0.72, CFL: 7.20e-01
i: 170500, t:  174449.2 s, ωt:  17.44 (2.78 periods), wall: 1.434 hours, Δt:   0.75, CFL: 7.20e-01
i: 170600, t:  174521.2 s, ωt:  17.45 (2.78 periods), wall: 1.435 hours, Δt:   0.72, CFL: 7.20e-01
i: 170700, t:  174593.5 s, ωt:  17.46 (2.78 periods), wall: 1.436 hours, Δt:   0.73, CFL: 7.20e-01
i: 170800, t:  174660.5 s, ωt:  17.47 (2.78 periods), wall: 1.437 hours, Δt:   0.66, CFL: 7.20e-01
i: 170900, t:  174732.4 s, ωt:  17.47 (2.78 periods), wall: 1.437 hours, Δt:   0.76, CFL: 7.20e-01
i: 171000, t:  174813.0 s, ωt:  17.48 (2.78 periods), wall: 1.438 hours, Δt:   0.79, CFL: 7.20e-01
i: 171100, t:  174890.6 s, ωt:  17.49 (2.78 periods), wall: 1.439 hours, Δt:   0.81, CFL: 7.20e-01
i: 171200, t:  174967.0 s, ωt:  17.50 (2.78 periods), wall: 1.440 hours, Δt:   0.68, CFL: 7.20e-01
i: 171300, t:  175036.4 s, ωt:  17.50 (2.79 periods), wall: 1.441 hours, Δt:   0.62, CFL: 7.20e-01
i: 171400, t:  175101.8 s, ωt:  17.51 (2.79 periods), wall: 1.442 hours, Δt:   0.63, CFL: 7.20e-01
i: 171500, t:  175168.9 s, ωt:  17.52 (2.79 periods), wall: 1.442 hours, Δt:   0.60, CFL: 7.20e-01
i: 171600, t:  175241.6 s, ωt:  17.52 (2.79 periods), wall: 1.443 hours, Δt:   0.74, CFL: 7.20e-01
i: 171700, t:  175318.7 s, ωt:  17.53 (2.79 periods), wall: 1.444 hours, Δt:   0.79, CFL: 7.20e-01
i: 171800, t:  175397.1 s, ωt:  17.54 (2.79 periods), wall: 1.445 hours, Δt:   0.79, CFL: 7.20e-01
i: 171900, t:  175471.7 s, ωt:  17.55 (2.79 periods), wall: 1.446 hours, Δt:   0.78, CFL: 7.20e-01
i: 172000, t:  175551.4 s, ωt:  17.56 (2.79 periods), wall: 1.447 hours, Δt:   0.77, CFL: 7.20e-01
i: 172100, t:  175626.6 s, ωt:  17.56 (2.80 periods), wall: 1.447 hours, Δt:   0.68, CFL: 7.20e-01
i: 172200, t:  175695.7 s, ωt:  17.57 (2.80 periods), wall: 1.448 hours, Δt:   0.70, CFL: 7.20e-01
i: 172300, t:  175771.6 s, ωt:  17.58 (2.80 periods), wall: 1.449 hours, Δt:   0.72, CFL: 7.20e-01
i: 172400, t:  175853.6 s, ωt:  17.59 (2.80 periods), wall: 1.450 hours, Δt:   0.74, CFL: 7.20e-01
i: 172500, t:  175935.0 s, ωt:  17.59 (2.80 periods), wall: 1.451 hours, Δt:   0.84, CFL: 7.20e-01
i: 172600, t:  176012.2 s, ωt:  17.60 (2.80 periods), wall: 1.452 hours, Δt:   0.75, CFL: 7.20e-01
i: 172700, t:  176086.9 s, ωt:  17.61 (2.80 periods), wall: 1.452 hours, Δt:   0.76, CFL: 7.20e-01
i: 172800, t:  176161.8 s, ωt:  17.62 (2.80 periods), wall: 1.453 hours, Δt:   0.86, CFL: 7.20e-01
i: 172900, t:  176239.5 s, ωt:  17.62 (2.80 periods), wall: 1.454 hours, Δt:   0.80, CFL: 7.20e-01
i: 173000, t:  176316.6 s, ωt:  17.63 (2.81 periods), wall: 1.455 hours, Δt:   0.81, CFL: 7.20e-01
i: 173100, t:  176393.0 s, ωt:  17.64 (2.81 periods), wall: 1.456 hours, Δt:   0.63, CFL: 7.20e-01
i: 173200, t:  176466.3 s, ωt:  17.65 (2.81 periods), wall: 1.457 hours, Δt:   0.73, CFL: 7.20e-01
i: 173300, t:  176540.6 s, ωt:  17.65 (2.81 periods), wall: 1.457 hours, Δt:   0.68, CFL: 7.20e-01
i: 173400, t:  176613.8 s, ωt:  17.66 (2.81 periods), wall: 1.458 hours, Δt:   0.83, CFL: 7.20e-01
i: 173500, t:  176692.2 s, ωt:  17.67 (2.81 periods), wall: 1.459 hours, Δt:   0.72, CFL: 7.20e-01
i: 173600, t:  176774.6 s, ωt:  17.68 (2.81 periods), wall: 1.460 hours, Δt:   0.88, CFL: 7.20e-01
i: 173700, t:  176865.2 s, ωt:  17.69 (2.81 periods), wall: 1.461 hours, Δt:   0.90, CFL: 7.20e-01
i: 173800, t:  176957.9 s, ωt:  17.70 (2.82 periods), wall: 1.462 hours, Δt:   0.91, CFL: 7.20e-01
i: 173900, t:  177049.4 s, ωt:  17.70 (2.82 periods), wall: 1.462 hours, Δt:   0.88, CFL: 7.20e-01
i: 174000, t:  177138.7 s, ωt:  17.71 (2.82 periods), wall: 1.463 hours, Δt:   0.92, CFL: 7.20e-01
i: 174100, t:  177223.2 s, ωt:  17.72 (2.82 periods), wall: 1.464 hours, Δt:   0.79, CFL: 7.20e-01
i: 174200, t:  177303.0 s, ωt:  17.73 (2.82 periods), wall: 1.465 hours, Δt:   0.81, CFL: 7.20e-01
i: 174300, t:  177387.1 s, ωt:  17.74 (2.82 periods), wall: 1.466 hours, Δt:   0.83, CFL: 7.20e-01
i: 174400, t:  177466.7 s, ωt:  17.75 (2.82 periods), wall: 1.467 hours, Δt:   0.84, CFL: 7.20e-01
i: 174500, t:  177547.6 s, ωt:  17.75 (2.83 periods), wall: 1.467 hours, Δt:   0.77, CFL: 7.20e-01
i: 174600, t:  177629.0 s, ωt:  17.76 (2.83 periods), wall: 1.468 hours, Δt:   0.87, CFL: 7.20e-01
i: 174700, t:  177711.2 s, ωt:  17.77 (2.83 periods), wall: 1.469 hours, Δt:   0.86, CFL: 7.20e-01
i: 174800, t:  177792.6 s, ωt:  17.78 (2.83 periods), wall: 1.470 hours, Δt:   0.80, CFL: 7.20e-01
i: 174900, t:  177868.6 s, ωt:  17.79 (2.83 periods), wall: 1.471 hours, Δt:   0.75, CFL: 7.20e-01
i: 175000, t:  177934.7 s, ωt:  17.79 (2.83 periods), wall: 1.472 hours, Δt:   0.59, CFL: 7.20e-01
i: 175100, t:  178006.4 s, ωt:  17.80 (2.83 periods), wall: 1.472 hours, Δt:   0.78, CFL: 7.20e-01
i: 175200, t:  178074.9 s, ωt:  17.81 (2.83 periods), wall: 1.473 hours, Δt:   0.71, CFL: 7.20e-01
i: 175300, t:  178150.1 s, ωt:  17.82 (2.84 periods), wall: 1.474 hours, Δt:   0.79, CFL: 7.20e-01
i: 175400, t:  178229.8 s, ωt:  17.82 (2.84 periods), wall: 1.475 hours, Δt:   0.90, CFL: 7.20e-01
i: 175500, t:  178310.2 s, ωt:  17.83 (2.84 periods), wall: 1.476 hours, Δt:   0.90, CFL: 7.20e-01
i: 175600, t:  178398.7 s, ωt:  17.84 (2.84 periods), wall: 1.477 hours, Δt:   0.88, CFL: 7.20e-01
i: 175700, t:  178483.3 s, ωt:  17.85 (2.84 periods), wall: 1.477 hours, Δt:   0.86, CFL: 7.20e-01
i: 175800, t:  178562.6 s, ωt:  17.86 (2.84 periods), wall: 1.478 hours, Δt:   0.86, CFL: 7.20e-01
i: 175900, t:  178646.4 s, ωt:  17.86 (2.84 periods), wall: 1.479 hours, Δt:   0.89, CFL: 7.20e-01
i: 176000, t:  178737.7 s, ωt:  17.87 (2.84 periods), wall: 1.480 hours, Δt:   0.92, CFL: 7.20e-01
i: 176100, t:  178820.9 s, ωt:  17.88 (2.85 periods), wall: 1.481 hours, Δt:   0.73, CFL: 7.20e-01
i: 176200, t:  178913.6 s, ωt:  17.89 (2.85 periods), wall: 1.482 hours, Δt:   0.98, CFL: 7.20e-01
i: 176300, t:  179019.3 s, ωt:  17.90 (2.85 periods), wall: 1.482 hours, Δt:   1.04, CFL: 7.20e-01
i: 176400, t:  179119.0 s, ωt:  17.91 (2.85 periods), wall: 1.483 hours, Δt:   0.90, CFL: 7.20e-01
i: 176500, t:  179199.6 s, ωt:  17.92 (2.85 periods), wall: 1.484 hours, Δt:   0.84, CFL: 7.20e-01
i: 176600, t:  179282.1 s, ωt:  17.93 (2.85 periods), wall: 1.485 hours, Δt:   0.87, CFL: 7.20e-01
i: 176700, t:  179373.0 s, ωt:  17.94 (2.85 periods), wall: 1.486 hours, Δt:   0.97, CFL: 7.20e-01
i: 176800, t:  179469.3 s, ωt:  17.95 (2.86 periods), wall: 1.487 hours, Δt:   1.00, CFL: 7.20e-01
i: 176900, t:  179566.2 s, ωt:  17.96 (2.86 periods), wall: 1.487 hours, Δt:   0.99, CFL: 7.20e-01
i: 177000, t:  179667.3 s, ωt:  17.97 (2.86 periods), wall: 1.488 hours, Δt:   1.12, CFL: 7.20e-01
i: 177100, t:  179764.6 s, ωt:  17.98 (2.86 periods), wall: 1.489 hours, Δt:   0.98, CFL: 7.20e-01
i: 177200, t:  179867.5 s, ωt:  17.99 (2.86 periods), wall: 1.490 hours, Δt:   1.14, CFL: 7.20e-01
i: 177300, t:  179982.7 s, ωt:  18.00 (2.86 periods), wall: 1.491 hours, Δt:   1.19, CFL: 7.20e-01
i: 177400, t:  180089.5 s, ωt:  18.01 (2.87 periods), wall: 1.492 hours, Δt:   1.02, CFL: 7.20e-01
i: 177500, t:  180183.7 s, ωt:  18.02 (2.87 periods), wall: 1.492 hours, Δt:   1.06, CFL: 7.20e-01
i: 177600, t:  180295.4 s, ωt:  18.03 (2.87 periods), wall: 1.493 hours, Δt:   1.00, CFL: 7.20e-01
i: 177700, t:  180395.1 s, ωt:  18.04 (2.87 periods), wall: 1.494 hours, Δt:   1.04, CFL: 7.20e-01
i: 177800, t:  180502.5 s, ωt:  18.05 (2.87 periods), wall: 1.495 hours, Δt:   1.12, CFL: 7.20e-01
i: 177900, t:  180612.2 s, ωt:  18.06 (2.87 periods), wall: 1.496 hours, Δt:   1.11, CFL: 7.20e-01
i: 178000, t:  180729.1 s, ωt:  18.07 (2.88 periods), wall: 1.497 hours, Δt:   1.15, CFL: 7.20e-01
i: 178100, t:  180848.6 s, ωt:  18.08 (2.88 periods), wall: 1.497 hours, Δt:   1.26, CFL: 7.20e-01
i: 178200, t:  180960.7 s, ωt:  18.10 (2.88 periods), wall: 1.498 hours, Δt:   1.02, CFL: 7.20e-01
i: 178300, t:  181066.7 s, ωt:  18.11 (2.88 periods), wall: 1.499 hours, Δt:   1.22, CFL: 7.20e-01
i: 178400, t:  181179.5 s, ωt:  18.12 (2.88 periods), wall: 1.500 hours, Δt:   1.01, CFL: 7.20e-01
i: 178500, t:  181284.5 s, ωt:  18.13 (2.89 periods), wall: 1.501 hours, Δt:   1.04, CFL: 7.20e-01
i: 178600, t:  181390.7 s, ωt:  18.14 (2.89 periods), wall: 1.502 hours, Δt:   0.94, CFL: 7.20e-01
i: 178700, t:  181494.5 s, ωt:  18.15 (2.89 periods), wall: 1.502 hours, Δt:   1.14, CFL: 7.20e-01
i: 178800, t:  181601.9 s, ωt:  18.16 (2.89 periods), wall: 1.503 hours, Δt:   1.13, CFL: 7.20e-01
i: 178900, t:  181720.0 s, ωt:  18.17 (2.89 periods), wall: 1.504 hours, Δt:   1.26, CFL: 7.20e-01
i: 179000, t:  181840.8 s, ωt:  18.18 (2.89 periods), wall: 1.505 hours, Δt:   1.30, CFL: 7.20e-01
i: 179100, t:  181970.9 s, ωt:  18.20 (2.90 periods), wall: 1.506 hours, Δt:   1.37, CFL: 7.20e-01
i: 179200, t:  182098.4 s, ωt:  18.21 (2.90 periods), wall: 1.507 hours, Δt:   1.07, CFL: 7.20e-01
i: 179300, t:  182212.0 s, ωt:  18.22 (2.90 periods), wall: 1.507 hours, Δt:   1.35, CFL: 7.20e-01
i: 179400, t:  182339.6 s, ωt:  18.23 (2.90 periods), wall: 1.508 hours, Δt:   1.16, CFL: 7.20e-01
i: 179500, t:  182466.6 s, ωt:  18.25 (2.90 periods), wall: 1.509 hours, Δt:   1.19, CFL: 7.20e-01
i: 179600, t:  182599.6 s, ωt:  18.26 (2.91 periods), wall: 1.510 hours, Δt:   1.54, CFL: 7.20e-01
i: 179700, t:  182748.0 s, ωt:  18.27 (2.91 periods), wall: 1.511 hours, Δt:   1.40, CFL: 7.20e-01
i: 179800, t:  182883.6 s, ωt:  18.29 (2.91 periods), wall: 1.512 hours, Δt:   1.40, CFL: 7.20e-01
i: 179900, t:  183017.5 s, ωt:  18.30 (2.91 periods), wall: 1.512 hours, Δt:   1.42, CFL: 7.20e-01
i: 180000, t:  183160.4 s, ωt:  18.32 (2.92 periods), wall: 1.513 hours, Δt:   1.40, CFL: 7.20e-01
i: 180100, t:  183300.1 s, ωt:  18.33 (2.92 periods), wall: 1.514 hours, Δt:   1.57, CFL: 7.20e-01
i: 180200, t:  183449.7 s, ωt:  18.34 (2.92 periods), wall: 1.515 hours, Δt:   1.39, CFL: 7.20e-01
i: 180300, t:  183605.2 s, ωt:  18.36 (2.92 periods), wall: 1.516 hours, Δt:   1.69, CFL: 7.20e-01
i: 180400, t:  183756.9 s, ωt:  18.38 (2.92 periods), wall: 1.517 hours, Δt:   1.52, CFL: 7.20e-01
i: 180500, t:  183902.1 s, ωt:  18.39 (2.93 periods), wall: 1.517 hours, Δt:   1.55, CFL: 7.20e-01
i: 180600, t:  184050.1 s, ωt:  18.41 (2.93 periods), wall: 1.518 hours, Δt:   1.69, CFL: 7.20e-01
i: 180700, t:  184221.6 s, ωt:  18.42 (2.93 periods), wall: 1.519 hours, Δt:   1.84, CFL: 7.20e-01
i: 180800, t:  184383.5 s, ωt:  18.44 (2.93 periods), wall: 1.520 hours, Δt:   1.53, CFL: 7.20e-01
i: 180900, t:  184539.6 s, ωt:  18.45 (2.94 periods), wall: 1.521 hours, Δt:   1.63, CFL: 7.20e-01
i: 181000, t:  184724.3 s, ωt:  18.47 (2.94 periods), wall: 1.522 hours, Δt:   2.07, CFL: 7.20e-01
i: 181100, t:  184942.4 s, ωt:  18.49 (2.94 periods), wall: 1.522 hours, Δt:   2.28, CFL: 7.20e-01
i: 181200, t:  185151.2 s, ωt:  18.52 (2.95 periods), wall: 1.523 hours, Δt:   2.12, CFL: 7.20e-01
i: 181300, t:  185361.3 s, ωt:  18.54 (2.95 periods), wall: 1.524 hours, Δt:   2.06, CFL: 7.20e-01
i: 181400, t:  185592.0 s, ωt:  18.56 (2.95 periods), wall: 1.525 hours, Δt:   2.99, CFL: 7.20e-01
i: 181500, t:  185876.7 s, ωt:  18.59 (2.96 periods), wall: 1.526 hours, Δt:   2.78, CFL: 7.20e-01
i: 181600, t:  186161.9 s, ωt:  18.62 (2.96 periods), wall: 1.527 hours, Δt:   2.78, CFL: 7.20e-01
i: 181700, t:  186442.7 s, ωt:  18.64 (2.97 periods), wall: 1.528 hours, Δt:   2.89, CFL: 7.20e-01
i: 181800, t:  186682.5 s, ωt:  18.67 (2.97 periods), wall: 1.528 hours, Δt:   2.69, CFL: 7.20e-01
i: 181900, t:  186953.7 s, ωt:  18.70 (2.98 periods), wall: 1.529 hours, Δt:   2.09, CFL: 7.20e-01
i: 182000, t:  187171.7 s, ωt:  18.72 (2.98 periods), wall: 1.530 hours, Δt:   2.47, CFL: 7.20e-01
i: 182100, t:  187429.5 s, ωt:  18.74 (2.98 periods), wall: 1.531 hours, Δt:   2.68, CFL: 7.20e-01
i: 182200, t:  187682.1 s, ωt:  18.77 (2.99 periods), wall: 1.532 hours, Δt:   2.56, CFL: 7.20e-01
i: 182300, t:  187967.6 s, ωt:  18.80 (2.99 periods), wall: 1.533 hours, Δt:   2.71, CFL: 7.20e-01
i: 182400, t:  188296.7 s, ωt:  18.83 (3.00 periods), wall: 1.533 hours, Δt:   3.26, CFL: 7.20e-01
i: 182500, t:  188612.7 s, ωt:  18.86 (3.00 periods), wall: 1.534 hours, Δt:   3.14, CFL: 7.20e-01
i: 182600, t:  188910.6 s, ωt:  18.89 (3.01 periods), wall: 1.535 hours, Δt:   2.83, CFL: 7.20e-01
i: 182700, t:  189180.4 s, ωt:  18.92 (3.01 periods), wall: 1.536 hours, Δt:   2.57, CFL: 7.20e-01
i: 182800, t:  189433.9 s, ωt:  18.94 (3.01 periods), wall: 1.537 hours, Δt:   2.61, CFL: 7.20e-01
i: 182900, t:  189684.5 s, ωt:  18.97 (3.02 periods), wall: 1.538 hours, Δt:   2.24, CFL: 7.20e-01
i: 183000, t:  189931.7 s, ωt:  18.99 (3.02 periods), wall: 1.538 hours, Δt:   2.25, CFL: 7.20e-01
i: 183100, t:  190146.1 s, ωt:  19.01 (3.03 periods), wall: 1.539 hours, Δt:   2.01, CFL: 7.20e-01
i: 183200, t:  190364.9 s, ωt:  19.04 (3.03 periods), wall: 1.540 hours, Δt:   2.07, CFL: 7.20e-01
i: 183300, t:  190574.5 s, ωt:  19.06 (3.03 periods), wall: 1.541 hours, Δt:   2.26, CFL: 7.20e-01
i: 183400, t:  190775.3 s, ωt:  19.08 (3.04 periods), wall: 1.542 hours, Δt:   1.90, CFL: 7.20e-01
i: 183500, t:  190954.9 s, ωt:  19.10 (3.04 periods), wall: 1.543 hours, Δt:   1.75, CFL: 7.20e-01
i: 183600, t:  191127.4 s, ωt:  19.11 (3.04 periods), wall: 1.543 hours, Δt:   1.85, CFL: 7.20e-01
i: 183700, t:  191302.3 s, ωt:  19.13 (3.04 periods), wall: 1.544 hours, Δt:   1.70, CFL: 7.20e-01
i: 183800, t:  191470.8 s, ωt:  19.15 (3.05 periods), wall: 1.545 hours, Δt:   1.86, CFL: 7.20e-01
i: 183900, t:  191640.4 s, ωt:  19.16 (3.05 periods), wall: 1.546 hours, Δt:   1.67, CFL: 7.20e-01
i: 184000, t:  191793.4 s, ωt:  19.18 (3.05 periods), wall: 1.547 hours, Δt:   1.56, CFL: 7.20e-01
i: 184100, t:  191941.1 s, ωt:  19.19 (3.05 periods), wall: 1.548 hours, Δt:   1.58, CFL: 7.20e-01
i: 184200, t:  192098.7 s, ωt:  19.21 (3.06 periods), wall: 1.548 hours, Δt:   1.64, CFL: 7.20e-01
i: 184300, t:  192253.5 s, ωt:  19.23 (3.06 periods), wall: 1.549 hours, Δt:   1.48, CFL: 7.20e-01
i: 184400, t:  192383.5 s, ωt:  19.24 (3.06 periods), wall: 1.550 hours, Δt:   1.30, CFL: 7.20e-01
i: 184500, t:  192524.5 s, ωt:  19.25 (3.06 periods), wall: 1.551 hours, Δt:   1.36, CFL: 7.20e-01
i: 184600, t:  192661.2 s, ωt:  19.27 (3.07 periods), wall: 1.552 hours, Δt:   1.28, CFL: 7.20e-01
i: 184700, t:  192797.5 s, ωt:  19.28 (3.07 periods), wall: 1.553 hours, Δt:   1.42, CFL: 7.20e-01
i: 184800, t:  192934.2 s, ωt:  19.29 (3.07 periods), wall: 1.554 hours, Δt:   1.31, CFL: 7.20e-01
i: 184900, t:  193061.6 s, ωt:  19.31 (3.07 periods), wall: 1.554 hours, Δt:   1.24, CFL: 7.20e-01
i: 185000, t:  193171.6 s, ωt:  19.32 (3.07 periods), wall: 1.555 hours, Δt:   1.32, CFL: 7.20e-01
i: 185100, t:  193292.1 s, ωt:  19.33 (3.08 periods), wall: 1.556 hours, Δt:   1.28, CFL: 7.20e-01
i: 185200, t:  193416.8 s, ωt:  19.34 (3.08 periods), wall: 1.557 hours, Δt:   1.28, CFL: 7.20e-01
i: 185300, t:  193536.7 s, ωt:  19.35 (3.08 periods), wall: 1.558 hours, Δt:   1.17, CFL: 7.20e-01
i: 185400, t:  193652.9 s, ωt:  19.37 (3.08 periods), wall: 1.559 hours, Δt:   1.22, CFL: 7.20e-01
i: 185500, t:  193768.6 s, ωt:  19.38 (3.08 periods), wall: 1.559 hours, Δt:   1.04, CFL: 7.20e-01
i: 185600, t:  193884.4 s, ωt:  19.39 (3.09 periods), wall: 1.560 hours, Δt:   1.16, CFL: 7.20e-01
i: 185700, t:  193998.0 s, ωt:  19.40 (3.09 periods), wall: 1.561 hours, Δt:   1.15, CFL: 7.20e-01
i: 185800, t:  194112.2 s, ωt:  19.41 (3.09 periods), wall: 1.562 hours, Δt:   0.98, CFL: 7.20e-01
i: 185900, t:  194222.2 s, ωt:  19.42 (3.09 periods), wall: 1.563 hours, Δt:   1.04, CFL: 7.20e-01
i: 186000, t:  194319.7 s, ωt:  19.43 (3.09 periods), wall: 1.564 hours, Δt:   1.06, CFL: 7.20e-01
i: 186100, t:  194425.5 s, ωt:  19.44 (3.09 periods), wall: 1.564 hours, Δt:   1.01, CFL: 7.20e-01
i: 186200, t:  194522.9 s, ωt:  19.45 (3.10 periods), wall: 1.565 hours, Δt:   0.92, CFL: 7.20e-01
i: 186300, t:  194628.5 s, ωt:  19.46 (3.10 periods), wall: 1.566 hours, Δt:   0.94, CFL: 7.20e-01
i: 186400, t:  194732.1 s, ωt:  19.47 (3.10 periods), wall: 1.567 hours, Δt:   1.05, CFL: 7.20e-01
i: 186500, t:  194836.7 s, ωt:  19.48 (3.10 periods), wall: 1.568 hours, Δt:   1.00, CFL: 7.20e-01
i: 186600, t:  194935.0 s, ωt:  19.49 (3.10 periods), wall: 1.569 hours, Δt:   0.93, CFL: 7.20e-01
i: 186700, t:  195021.9 s, ωt:  19.50 (3.10 periods), wall: 1.569 hours, Δt:   0.88, CFL: 7.20e-01
i: 186800, t:  195113.1 s, ωt:  19.51 (3.11 periods), wall: 1.570 hours, Δt:   0.76, CFL: 7.20e-01
i: 186900, t:  195205.4 s, ωt:  19.52 (3.11 periods), wall: 1.571 hours, Δt:   0.95, CFL: 7.20e-01
i: 187000, t:  195298.2 s, ωt:  19.53 (3.11 periods), wall: 1.572 hours, Δt:   0.92, CFL: 7.20e-01
i: 187100, t:  195395.5 s, ωt:  19.54 (3.11 periods), wall: 1.573 hours, Δt:   0.80, CFL: 7.20e-01
i: 187200, t:  195482.4 s, ωt:  19.55 (3.11 periods), wall: 1.574 hours, Δt:   0.93, CFL: 7.20e-01
i: 187300, t:  195581.5 s, ωt:  19.56 (3.11 periods), wall: 1.574 hours, Δt:   0.93, CFL: 7.20e-01
i: 187400, t:  195676.5 s, ωt:  19.57 (3.11 periods), wall: 1.575 hours, Δt:   0.92, CFL: 7.20e-01
i: 187500, t:  195770.1 s, ωt:  19.58 (3.12 periods), wall: 1.576 hours, Δt:   0.96, CFL: 7.20e-01
i: 187600, t:  195868.5 s, ωt:  19.59 (3.12 periods), wall: 1.577 hours, Δt:   0.97, CFL: 7.20e-01
i: 187700, t:  195956.4 s, ωt:  19.60 (3.12 periods), wall: 1.578 hours, Δt:   0.83, CFL: 7.20e-01
i: 187800, t:  196042.0 s, ωt:  19.60 (3.12 periods), wall: 1.579 hours, Δt:   1.05, CFL: 7.20e-01
i: 187900, t:  196137.9 s, ωt:  19.61 (3.12 periods), wall: 1.579 hours, Δt:   0.87, CFL: 7.20e-01
i: 188000, t:  196222.2 s, ωt:  19.62 (3.12 periods), wall: 1.580 hours, Δt:   0.81, CFL: 7.20e-01
i: 188100, t:  196311.8 s, ωt:  19.63 (3.12 periods), wall: 1.581 hours, Δt:   0.89, CFL: 7.20e-01
i: 188200, t:  196386.6 s, ωt:  19.64 (3.13 periods), wall: 1.582 hours, Δt:   0.80, CFL: 7.20e-01
i: 188300, t:  196474.0 s, ωt:  19.65 (3.13 periods), wall: 1.583 hours, Δt:   0.88, CFL: 7.20e-01
i: 188400, t:  196562.7 s, ωt:  19.66 (3.13 periods), wall: 1.584 hours, Δt:   0.84, CFL: 7.20e-01
i: 188500, t:  196646.8 s, ωt:  19.66 (3.13 periods), wall: 1.584 hours, Δt:   0.86, CFL: 7.20e-01
i: 188600, t:  196730.5 s, ωt:  19.67 (3.13 periods), wall: 1.585 hours, Δt:   0.74, CFL: 7.20e-01
i: 188700, t:  196803.3 s, ωt:  19.68 (3.13 periods), wall: 1.586 hours, Δt:   0.94, CFL: 7.20e-01
i: 188800, t:  196888.2 s, ωt:  19.69 (3.13 periods), wall: 1.587 hours, Δt:   0.81, CFL: 7.20e-01
i: 188900, t:  196974.4 s, ωt:  19.70 (3.13 periods), wall: 1.588 hours, Δt:   0.99, CFL: 7.20e-01
i: 189000, t:  197061.5 s, ωt:  19.71 (3.14 periods), wall: 1.589 hours, Δt:   0.77, CFL: 7.20e-01
i: 189100, t:  197146.7 s, ωt:  19.71 (3.14 periods), wall: 1.589 hours, Δt:   0.92, CFL: 7.20e-01
i: 189200, t:  197233.1 s, ωt:  19.72 (3.14 periods), wall: 1.590 hours, Δt:   0.79, CFL: 7.20e-01
i: 189300, t:  197301.1 s, ωt:  19.73 (3.14 periods), wall: 1.591 hours, Δt:   0.77, CFL: 7.20e-01
i: 189400, t:  197381.6 s, ωt:  19.74 (3.14 periods), wall: 1.592 hours, Δt:   0.70, CFL: 7.20e-01
i: 189500, t:  197462.3 s, ωt:  19.75 (3.14 periods), wall: 1.593 hours, Δt:   0.86, CFL: 7.20e-01
i: 189600, t:  197549.6 s, ωt:  19.75 (3.14 periods), wall: 1.594 hours, Δt:   0.75, CFL: 7.20e-01
i: 189700, t:  197627.3 s, ωt:  19.76 (3.15 periods), wall: 1.594 hours, Δt:   0.73, CFL: 7.20e-01
i: 189800, t:  197704.3 s, ωt:  19.77 (3.15 periods), wall: 1.595 hours, Δt:   0.86, CFL: 7.20e-01
i: 189900, t:  197777.8 s, ωt:  19.78 (3.15 periods), wall: 1.596 hours, Δt:   0.88, CFL: 7.20e-01
i: 190000, t:  197863.7 s, ωt:  19.79 (3.15 periods), wall: 1.597 hours, Δt:   0.93, CFL: 7.20e-01
i: 190100, t:  197946.5 s, ωt:  19.79 (3.15 periods), wall: 1.598 hours, Δt:   0.83, CFL: 7.20e-01
i: 190200, t:  198026.1 s, ωt:  19.80 (3.15 periods), wall: 1.599 hours, Δt:   0.71, CFL: 7.20e-01
i: 190300, t:  198104.5 s, ωt:  19.81 (3.15 periods), wall: 1.599 hours, Δt:   0.80, CFL: 7.20e-01
i: 190400, t:  198185.5 s, ωt:  19.82 (3.15 periods), wall: 1.600 hours, Δt:   0.72, CFL: 7.20e-01
i: 190500, t:  198264.3 s, ωt:  19.83 (3.16 periods), wall: 1.601 hours, Δt:   0.84, CFL: 7.20e-01
i: 190600, t:  198337.0 s, ωt:  19.83 (3.16 periods), wall: 1.602 hours, Δt:   0.77, CFL: 7.20e-01
i: 190700, t:  198415.8 s, ωt:  19.84 (3.16 periods), wall: 1.603 hours, Δt:   0.83, CFL: 7.20e-01
i: 190800, t:  198495.6 s, ωt:  19.85 (3.16 periods), wall: 1.603 hours, Δt:   0.83, CFL: 7.20e-01
i: 190900, t:  198577.1 s, ωt:  19.86 (3.16 periods), wall: 1.604 hours, Δt:   0.81, CFL: 7.20e-01
i: 191000, t:  198659.8 s, ωt:  19.87 (3.16 periods), wall: 1.605 hours, Δt:   0.74, CFL: 7.20e-01
i: 191100, t:  198738.5 s, ωt:  19.87 (3.16 periods), wall: 1.606 hours, Δt:   0.84, CFL: 7.20e-01
i: 191200, t:  198821.5 s, ωt:  19.88 (3.16 periods), wall: 1.607 hours, Δt:   0.69, CFL: 7.20e-01
i: 191300, t:  198891.3 s, ωt:  19.89 (3.17 periods), wall: 1.608 hours, Δt:   0.68, CFL: 7.20e-01
i: 191400, t:  198966.1 s, ωt:  19.90 (3.17 periods), wall: 1.609 hours, Δt:   0.74, CFL: 7.20e-01
i: 191500, t:  199038.4 s, ωt:  19.90 (3.17 periods), wall: 1.609 hours, Δt:   0.78, CFL: 7.20e-01
i: 191600, t:  199122.4 s, ωt:  19.91 (3.17 periods), wall: 1.610 hours, Δt:   0.81, CFL: 7.20e-01
i: 191700, t:  199198.3 s, ωt:  19.92 (3.17 periods), wall: 1.611 hours, Δt:   0.70, CFL: 7.20e-01
i: 191800, t:  199267.5 s, ωt:  19.93 (3.17 periods), wall: 1.612 hours, Δt:   0.77, CFL: 7.20e-01
i: 191900, t:  199344.3 s, ωt:  19.93 (3.17 periods), wall: 1.613 hours, Δt:   0.72, CFL: 7.20e-01
i: 192000, t:  199418.1 s, ωt:  19.94 (3.17 periods), wall: 1.614 hours, Δt:   0.58, CFL: 7.20e-01
i: 192100, t:  199488.6 s, ωt:  19.95 (3.17 periods), wall: 1.614 hours, Δt:   0.83, CFL: 7.20e-01
i: 192200, t:  199570.1 s, ωt:  19.96 (3.18 periods), wall: 1.615 hours, Δt:   0.76, CFL: 7.20e-01
i: 192300, t:  199647.8 s, ωt:  19.96 (3.18 periods), wall: 1.616 hours, Δt:   0.76, CFL: 7.20e-01
i: 192400, t:  199718.6 s, ωt:  19.97 (3.18 periods), wall: 1.617 hours, Δt:   0.70, CFL: 7.20e-01
i: 192500, t:  199789.7 s, ωt:  19.98 (3.18 periods), wall: 1.618 hours, Δt:   0.78, CFL: 7.20e-01
i: 192600, t:  199854.9 s, ωt:  19.99 (3.18 periods), wall: 1.619 hours, Δt:   0.70, CFL: 7.20e-01
i: 192700, t:  199927.6 s, ωt:  19.99 (3.18 periods), wall: 1.619 hours, Δt:   0.85, CFL: 7.20e-01
i: 192800, t:  200001.1 s, ωt:  20.00 (3.18 periods), wall: 1.620 hours, Δt:   0.71, CFL: 7.20e-01
i: 192900, t:  200076.8 s, ωt:  20.01 (3.18 periods), wall: 1.621 hours, Δt:   0.78, CFL: 7.20e-01
i: 193000, t:  200149.7 s, ωt:  20.01 (3.19 periods), wall: 1.622 hours, Δt:   0.74, CFL: 7.20e-01
i: 193100, t:  200227.5 s, ωt:  20.02 (3.19 periods), wall: 1.623 hours, Δt:   0.79, CFL: 7.20e-01
i: 193200, t:  200311.7 s, ωt:  20.03 (3.19 periods), wall: 1.624 hours, Δt:   0.90, CFL: 7.20e-01
i: 193300, t:  200389.7 s, ωt:  20.04 (3.19 periods), wall: 1.624 hours, Δt:   0.83, CFL: 7.20e-01
i: 193400, t:  200468.9 s, ωt:  20.05 (3.19 periods), wall: 1.625 hours, Δt:   0.74, CFL: 7.20e-01
i: 193500, t:  200537.7 s, ωt:  20.05 (3.19 periods), wall: 1.626 hours, Δt:   0.72, CFL: 7.20e-01
i: 193600, t:  200607.9 s, ωt:  20.06 (3.19 periods), wall: 1.627 hours, Δt:   0.67, CFL: 7.20e-01
i: 193700, t:  200673.3 s, ωt:  20.07 (3.19 periods), wall: 1.628 hours, Δt:   0.73, CFL: 7.20e-01
i: 193800, t:  200747.1 s, ωt:  20.07 (3.19 periods), wall: 1.629 hours, Δt:   0.72, CFL: 7.20e-01
i: 193900, t:  200814.4 s, ωt:  20.08 (3.20 periods), wall: 1.629 hours, Δt:   0.84, CFL: 7.20e-01
i: 194000, t:  200893.9 s, ωt:  20.09 (3.20 periods), wall: 1.630 hours, Δt:   0.72, CFL: 7.20e-01
i: 194100, t:  200971.8 s, ωt:  20.10 (3.20 periods), wall: 1.631 hours, Δt:   0.75, CFL: 7.20e-01
i: 194200, t:  201044.8 s, ωt:  20.10 (3.20 periods), wall: 1.632 hours, Δt:   0.72, CFL: 7.20e-01
i: 194300, t:  201110.4 s, ωt:  20.11 (3.20 periods), wall: 1.633 hours, Δt:   0.72, CFL: 7.20e-01
i: 194400, t:  201177.9 s, ωt:  20.12 (3.20 periods), wall: 1.634 hours, Δt:   0.73, CFL: 7.20e-01
i: 194500, t:  201246.3 s, ωt:  20.12 (3.20 periods), wall: 1.634 hours, Δt:   0.70, CFL: 7.20e-01
i: 194600, t:  201313.4 s, ωt:  20.13 (3.20 periods), wall: 1.635 hours, Δt:   0.60, CFL: 7.20e-01
i: 194700, t:  201381.2 s, ωt:  20.14 (3.21 periods), wall: 1.636 hours, Δt:   0.70, CFL: 7.20e-01
i: 194800, t:  201453.4 s, ωt:  20.15 (3.21 periods), wall: 1.637 hours, Δt:   0.74, CFL: 7.20e-01
i: 194900, t:  201527.6 s, ωt:  20.15 (3.21 periods), wall: 1.638 hours, Δt:   0.70, CFL: 7.20e-01
i: 195000, t:  201599.2 s, ωt:  20.16 (3.21 periods), wall: 1.639 hours, Δt:   0.74, CFL: 7.20e-01
i: 195100, t:  201676.1 s, ωt:  20.17 (3.21 periods), wall: 1.639 hours, Δt:   0.68, CFL: 7.20e-01
i: 195200, t:  201747.1 s, ωt:  20.17 (3.21 periods), wall: 1.640 hours, Δt:   0.80, CFL: 7.20e-01
i: 195300, t:  201815.2 s, ωt:  20.18 (3.21 periods), wall: 1.641 hours, Δt:   0.57, CFL: 7.20e-01
i: 195400, t:  201872.8 s, ωt:  20.19 (3.21 periods), wall: 1.642 hours, Δt:   0.68, CFL: 7.20e-01
i: 195500, t:  201935.1 s, ωt:  20.19 (3.21 periods), wall: 1.643 hours, Δt:   0.73, CFL: 7.20e-01
i: 195600, t:  202007.5 s, ωt:  20.20 (3.22 periods), wall: 1.644 hours, Δt:   0.77, CFL: 7.20e-01
i: 195700, t:  202077.9 s, ωt:  20.21 (3.22 periods), wall: 1.644 hours, Δt:   0.65, CFL: 7.20e-01
i: 195800, t:  202138.4 s, ωt:  20.21 (3.22 periods), wall: 1.645 hours, Δt:   0.54, CFL: 7.20e-01
i: 195900, t:  202202.9 s, ωt:  20.22 (3.22 periods), wall: 1.646 hours, Δt:   0.67, CFL: 7.20e-01
i: 196000, t:  202274.1 s, ωt:  20.23 (3.22 periods), wall: 1.647 hours, Δt:   0.72, CFL: 7.20e-01
i: 196100, t:  202346.7 s, ωt:  20.23 (3.22 periods), wall: 1.648 hours, Δt:   0.70, CFL: 7.20e-01
i: 196200, t:  202423.4 s, ωt:  20.24 (3.22 periods), wall: 1.649 hours, Δt:   0.75, CFL: 7.20e-01
i: 196300, t:  202495.5 s, ωt:  20.25 (3.22 periods), wall: 1.649 hours, Δt:   0.57, CFL: 7.20e-01
i: 196400, t:  202562.2 s, ωt:  20.26 (3.22 periods), wall: 1.650 hours, Δt:   0.74, CFL: 7.20e-01
i: 196500, t:  202635.9 s, ωt:  20.26 (3.23 periods), wall: 1.651 hours, Δt:   0.65, CFL: 7.20e-01
i: 196600, t:  202709.1 s, ωt:  20.27 (3.23 periods), wall: 1.652 hours, Δt:   0.77, CFL: 7.20e-01
i: 196700, t:  202781.2 s, ωt:  20.28 (3.23 periods), wall: 1.653 hours, Δt:   0.82, CFL: 7.20e-01
i: 196800, t:  202855.0 s, ωt:  20.29 (3.23 periods), wall: 1.654 hours, Δt:   0.76, CFL: 7.20e-01
i: 196900, t:  202931.4 s, ωt:  20.29 (3.23 periods), wall: 1.654 hours, Δt:   0.73, CFL: 7.20e-01
i: 197000, t:  203010.3 s, ωt:  20.30 (3.23 periods), wall: 1.655 hours, Δt:   0.81, CFL: 7.20e-01
i: 197100, t:  203083.1 s, ωt:  20.31 (3.23 periods), wall: 1.656 hours, Δt:   0.74, CFL: 7.20e-01
i: 197200, t:  203151.2 s, ωt:  20.32 (3.23 periods), wall: 1.657 hours, Δt:   0.59, CFL: 7.20e-01
i: 197300, t:  203219.4 s, ωt:  20.32 (3.23 periods), wall: 1.658 hours, Δt:   0.70, CFL: 7.20e-01
i: 197400, t:  203285.5 s, ωt:  20.33 (3.24 periods), wall: 1.659 hours, Δt:   0.79, CFL: 7.20e-01
i: 197500, t:  203352.6 s, ωt:  20.34 (3.24 periods), wall: 1.659 hours, Δt:   0.62, CFL: 7.20e-01
i: 197600, t:  203422.9 s, ωt:  20.34 (3.24 periods), wall: 1.660 hours, Δt:   0.73, CFL: 7.20e-01
i: 197700, t:  203502.0 s, ωt:  20.35 (3.24 periods), wall: 1.661 hours, Δt:   0.79, CFL: 7.20e-01
i: 197800, t:  203575.2 s, ωt:  20.36 (3.24 periods), wall: 1.662 hours, Δt:   0.84, CFL: 7.20e-01
i: 197900, t:  203650.6 s, ωt:  20.37 (3.24 periods), wall: 1.663 hours, Δt:   0.61, CFL: 7.20e-01
i: 198000, t:  203721.9 s, ωt:  20.37 (3.24 periods), wall: 1.664 hours, Δt:   0.74, CFL: 7.20e-01
i: 198100, t:  203802.2 s, ωt:  20.38 (3.24 periods), wall: 1.664 hours, Δt:   0.68, CFL: 7.20e-01
i: 198200, t:  203873.1 s, ωt:  20.39 (3.24 periods), wall: 1.665 hours, Δt:   0.79, CFL: 7.20e-01
i: 198300, t:  203940.3 s, ωt:  20.39 (3.25 periods), wall: 1.666 hours, Δt:   0.66, CFL: 7.20e-01
i: 198400, t:  204007.4 s, ωt:  20.40 (3.25 periods), wall: 1.667 hours, Δt:   0.62, CFL: 7.20e-01
i: 198500, t:  204070.9 s, ωt:  20.41 (3.25 periods), wall: 1.668 hours, Δt:   0.66, CFL: 7.20e-01
i: 198600, t:  204139.4 s, ωt:  20.41 (3.25 periods), wall: 1.669 hours, Δt:   0.72, CFL: 7.20e-01
i: 198700, t:  204214.4 s, ωt:  20.42 (3.25 periods), wall: 1.669 hours, Δt:   0.80, CFL: 7.20e-01
i: 198800, t:  204288.3 s, ωt:  20.43 (3.25 periods), wall: 1.670 hours, Δt:   0.66, CFL: 7.20e-01
i: 198900, t:  204356.0 s, ωt:  20.44 (3.25 periods), wall: 1.671 hours, Δt:   0.74, CFL: 7.20e-01
i: 199000, t:  204427.6 s, ωt:  20.44 (3.25 periods), wall: 1.672 hours, Δt:   0.74, CFL: 7.20e-01
i: 199100, t:  204500.7 s, ωt:  20.45 (3.25 periods), wall: 1.673 hours, Δt:   0.64, CFL: 7.20e-01
i: 199200, t:  204573.3 s, ωt:  20.46 (3.26 periods), wall: 1.674 hours, Δt:   0.74, CFL: 7.20e-01
i: 199300, t:  204654.5 s, ωt:  20.47 (3.26 periods), wall: 1.674 hours, Δt:   0.81, CFL: 7.20e-01
i: 199400, t:  204737.3 s, ωt:  20.47 (3.26 periods), wall: 1.675 hours, Δt:   0.73, CFL: 7.20e-01
i: 199500, t:  204822.5 s, ωt:  20.48 (3.26 periods), wall: 1.676 hours, Δt:   0.81, CFL: 7.20e-01
i: 199600, t:  204903.8 s, ωt:  20.49 (3.26 periods), wall: 1.677 hours, Δt:   0.89, CFL: 7.20e-01
i: 199700, t:  204986.3 s, ωt:  20.50 (3.26 periods), wall: 1.678 hours, Δt:   0.86, CFL: 7.20e-01
i: 199800, t:  205058.1 s, ωt:  20.51 (3.26 periods), wall: 1.679 hours, Δt:   0.69, CFL: 7.20e-01
i: 199900, t:  205134.7 s, ωt:  20.51 (3.26 periods), wall: 1.679 hours, Δt:   0.79, CFL: 7.20e-01
i: 200000, t:  205202.4 s, ωt:  20.52 (3.27 periods), wall: 1.680 hours, Δt:   0.75, CFL: 7.20e-01
i: 200100, t:  205273.9 s, ωt:  20.53 (3.27 periods), wall: 1.681 hours, Δt:   0.79, CFL: 7.20e-01
i: 200200, t:  205351.0 s, ωt:  20.54 (3.27 periods), wall: 1.682 hours, Δt:   0.63, CFL: 7.20e-01
i: 200300, t:  205411.1 s, ωt:  20.54 (3.27 periods), wall: 1.683 hours, Δt:   0.59, CFL: 7.20e-01
i: 200400, t:  205485.8 s, ωt:  20.55 (3.27 periods), wall: 1.684 hours, Δt:   0.82, CFL: 7.20e-01
i: 200500, t:  205568.9 s, ωt:  20.56 (3.27 periods), wall: 1.684 hours, Δt:   0.90, CFL: 7.20e-01
i: 200600, t:  205650.7 s, ωt:  20.57 (3.27 periods), wall: 1.685 hours, Δt:   0.80, CFL: 7.20e-01
i: 200700, t:  205730.3 s, ωt:  20.57 (3.27 periods), wall: 1.686 hours, Δt:   0.89, CFL: 7.20e-01
i: 200800, t:  205810.4 s, ωt:  20.58 (3.28 periods), wall: 1.687 hours, Δt:   0.78, CFL: 7.20e-01
i: 200900, t:  205881.1 s, ωt:  20.59 (3.28 periods), wall: 1.688 hours, Δt:   0.62, CFL: 7.20e-01
i: 201000, t:  205944.0 s, ωt:  20.59 (3.28 periods), wall: 1.689 hours, Δt:   0.60, CFL: 7.20e-01
i: 201100, t:  206009.0 s, ωt:  20.60 (3.28 periods), wall: 1.689 hours, Δt:   0.73, CFL: 7.20e-01
i: 201200, t:  206073.8 s, ωt:  20.61 (3.28 periods), wall: 1.690 hours, Δt:   0.57, CFL: 7.20e-01
i: 201300, t:  206138.2 s, ωt:  20.61 (3.28 periods), wall: 1.691 hours, Δt:   0.70, CFL: 7.20e-01
i: 201400, t:  206207.6 s, ωt:  20.62 (3.28 periods), wall: 1.692 hours, Δt:   0.64, CFL: 7.20e-01
i: 201500, t:  206279.5 s, ωt:  20.63 (3.28 periods), wall: 1.693 hours, Δt:   0.83, CFL: 7.20e-01
i: 201600, t:  206356.6 s, ωt:  20.64 (3.28 periods), wall: 1.694 hours, Δt:   0.62, CFL: 7.20e-01
i: 201700, t:  206421.8 s, ωt:  20.64 (3.29 periods), wall: 1.694 hours, Δt:   0.66, CFL: 7.20e-01
i: 201800, t:  206496.2 s, ωt:  20.65 (3.29 periods), wall: 1.695 hours, Δt:   0.74, CFL: 7.20e-01
i: 201900, t:  206568.0 s, ωt:  20.66 (3.29 periods), wall: 1.696 hours, Δt:   0.72, CFL: 7.20e-01
i: 202000, t:  206646.1 s, ωt:  20.66 (3.29 periods), wall: 1.697 hours, Δt:   0.78, CFL: 7.20e-01
i: 202100, t:  206717.5 s, ωt:  20.67 (3.29 periods), wall: 1.698 hours, Δt:   0.70, CFL: 7.20e-01
i: 202200, t:  206791.5 s, ωt:  20.68 (3.29 periods), wall: 1.698 hours, Δt:   0.81, CFL: 7.20e-01
i: 202300, t:  206867.3 s, ωt:  20.69 (3.29 periods), wall: 1.699 hours, Δt:   0.66, CFL: 7.20e-01
i: 202400, t:  206935.8 s, ωt:  20.69 (3.29 periods), wall: 1.700 hours, Δt:   0.85, CFL: 7.20e-01
i: 202500, t:  207016.1 s, ωt:  20.70 (3.29 periods), wall: 1.701 hours, Δt:   0.80, CFL: 7.20e-01
i: 202600, t:  207099.6 s, ωt:  20.71 (3.30 periods), wall: 1.702 hours, Δt:   0.85, CFL: 7.20e-01
i: 202700, t:  207177.7 s, ωt:  20.72 (3.30 periods), wall: 1.703 hours, Δt:   0.72, CFL: 7.20e-01
i: 202800, t:  207260.9 s, ωt:  20.73 (3.30 periods), wall: 1.703 hours, Δt:   0.85, CFL: 7.20e-01
i: 202900, t:  207338.4 s, ωt:  20.73 (3.30 periods), wall: 1.704 hours, Δt:   0.73, CFL: 7.20e-01
i: 203000, t:  207415.4 s, ωt:  20.74 (3.30 periods), wall: 1.705 hours, Δt:   0.62, CFL: 7.20e-01
i: 203100, t:  207487.7 s, ωt:  20.75 (3.30 periods), wall: 1.706 hours, Δt:   0.74, CFL: 7.20e-01
i: 203200, t:  207563.9 s, ωt:  20.76 (3.30 periods), wall: 1.707 hours, Δt:   0.69, CFL: 7.20e-01
i: 203300, t:  207648.5 s, ωt:  20.76 (3.30 periods), wall: 1.708 hours, Δt:   0.93, CFL: 7.20e-01
i: 203400, t:  207739.7 s, ωt:  20.77 (3.31 periods), wall: 1.708 hours, Δt:   0.81, CFL: 7.20e-01
i: 203500, t:  207828.7 s, ωt:  20.78 (3.31 periods), wall: 1.709 hours, Δt:   0.82, CFL: 7.20e-01
i: 203600, t:  207908.6 s, ωt:  20.79 (3.31 periods), wall: 1.710 hours, Δt:   0.79, CFL: 7.20e-01
i: 203700, t:  207990.7 s, ωt:  20.80 (3.31 periods), wall: 1.711 hours, Δt:   0.75, CFL: 7.20e-01
i: 203800, t:  208062.1 s, ωt:  20.81 (3.31 periods), wall: 1.712 hours, Δt:   0.73, CFL: 7.20e-01
i: 203900, t:  208138.4 s, ωt:  20.81 (3.31 periods), wall: 1.713 hours, Δt:   0.87, CFL: 7.20e-01
i: 204000, t:  208222.8 s, ωt:  20.82 (3.31 periods), wall: 1.713 hours, Δt:   0.71, CFL: 7.20e-01
i: 204100, t:  208300.0 s, ωt:  20.83 (3.32 periods), wall: 1.714 hours, Δt:   0.80, CFL: 7.20e-01
i: 204200, t:  208386.7 s, ωt:  20.84 (3.32 periods), wall: 1.715 hours, Δt:   0.97, CFL: 7.20e-01
i: 204300, t:  208481.0 s, ωt:  20.85 (3.32 periods), wall: 1.716 hours, Δt:   0.88, CFL: 7.20e-01
i: 204400, t:  208573.1 s, ωt:  20.86 (3.32 periods), wall: 1.717 hours, Δt:   0.87, CFL: 7.20e-01
i: 204500, t:  208656.1 s, ωt:  20.87 (3.32 periods), wall: 1.718 hours, Δt:   0.85, CFL: 7.20e-01
i: 204600, t:  208735.3 s, ωt:  20.87 (3.32 periods), wall: 1.718 hours, Δt:   0.75, CFL: 7.20e-01
i: 204700, t:  208813.0 s, ωt:  20.88 (3.32 periods), wall: 1.719 hours, Δt:   0.98, CFL: 7.20e-01
i: 204800, t:  208906.6 s, ωt:  20.89 (3.32 periods), wall: 1.720 hours, Δt:   0.90, CFL: 7.20e-01
i: 204900, t:  208998.2 s, ωt:  20.90 (3.33 periods), wall: 1.721 hours, Δt:   1.14, CFL: 7.20e-01
i: 205000, t:  209093.8 s, ωt:  20.91 (3.33 periods), wall: 1.722 hours, Δt:   0.92, CFL: 7.20e-01
i: 205100, t:  209186.1 s, ωt:  20.92 (3.33 periods), wall: 1.723 hours, Δt:   0.98, CFL: 7.20e-01
i: 205200, t:  209276.4 s, ωt:  20.93 (3.33 periods), wall: 1.723 hours, Δt:   0.87, CFL: 7.20e-01
i: 205300, t:  209362.9 s, ωt:  20.94 (3.33 periods), wall: 1.724 hours, Δt:   0.95, CFL: 7.20e-01
i: 205400, t:  209449.5 s, ωt:  20.94 (3.33 periods), wall: 1.725 hours, Δt:   0.92, CFL: 7.20e-01
i: 205500, t:  209544.2 s, ωt:  20.95 (3.33 periods), wall: 1.726 hours, Δt:   1.02, CFL: 7.20e-01
i: 205600, t:  209627.9 s, ωt:  20.96 (3.34 periods), wall: 1.727 hours, Δt:   0.85, CFL: 7.20e-01
i: 205700, t:  209711.1 s, ωt:  20.97 (3.34 periods), wall: 1.728 hours, Δt:   0.85, CFL: 7.20e-01
i: 205800, t:  209808.1 s, ωt:  20.98 (3.34 periods), wall: 1.728 hours, Δt:   0.87, CFL: 7.20e-01
i: 205900, t:  209893.0 s, ωt:  20.99 (3.34 periods), wall: 1.729 hours, Δt:   0.87, CFL: 7.20e-01
i: 206000, t:  209978.9 s, ωt:  21.00 (3.34 periods), wall: 1.730 hours, Δt:   0.85, CFL: 7.20e-01
i: 206100, t:  210057.8 s, ωt:  21.01 (3.34 periods), wall: 1.731 hours, Δt:   0.86, CFL: 7.20e-01
i: 206200, t:  210143.8 s, ωt:  21.01 (3.34 periods), wall: 1.732 hours, Δt:   0.82, CFL: 7.20e-01
i: 206300, t:  210230.0 s, ωt:  21.02 (3.35 periods), wall: 1.733 hours, Δt:   0.85, CFL: 7.20e-01
i: 206400, t:  210322.1 s, ωt:  21.03 (3.35 periods), wall: 1.733 hours, Δt:   0.86, CFL: 7.20e-01
i: 206500, t:  210413.4 s, ωt:  21.04 (3.35 periods), wall: 1.734 hours, Δt:   0.91, CFL: 7.20e-01
i: 206600, t:  210496.2 s, ωt:  21.05 (3.35 periods), wall: 1.735 hours, Δt:   0.86, CFL: 7.20e-01
i: 206700, t:  210592.5 s, ωt:  21.06 (3.35 periods), wall: 1.736 hours, Δt:   0.83, CFL: 7.20e-01
i: 206800, t:  210678.0 s, ωt:  21.07 (3.35 periods), wall: 1.737 hours, Δt:   0.83, CFL: 7.20e-01
i: 206900, t:  210761.1 s, ωt:  21.08 (3.35 periods), wall: 1.738 hours, Δt:   0.87, CFL: 7.20e-01
i: 207000, t:  210850.8 s, ωt:  21.09 (3.36 periods), wall: 1.738 hours, Δt:   0.98, CFL: 7.20e-01
i: 207100, t:  210941.8 s, ωt:  21.09 (3.36 periods), wall: 1.739 hours, Δt:   1.05, CFL: 7.20e-01
i: 207200, t:  211035.9 s, ωt:  21.10 (3.36 periods), wall: 1.740 hours, Δt:   0.93, CFL: 7.20e-01
i: 207300, t:  211126.4 s, ωt:  21.11 (3.36 periods), wall: 1.741 hours, Δt:   0.89, CFL: 7.20e-01
i: 207400, t:  211220.9 s, ωt:  21.12 (3.36 periods), wall: 1.742 hours, Δt:   1.06, CFL: 7.20e-01
i: 207500, t:  211317.3 s, ωt:  21.13 (3.36 periods), wall: 1.743 hours, Δt:   0.93, CFL: 7.20e-01
i: 207600, t:  211415.5 s, ωt:  21.14 (3.36 periods), wall: 1.743 hours, Δt:   0.99, CFL: 7.20e-01
i: 207700, t:  211510.3 s, ωt:  21.15 (3.37 periods), wall: 1.744 hours, Δt:   0.96, CFL: 7.20e-01
i: 207800, t:  211616.6 s, ωt:  21.16 (3.37 periods), wall: 1.745 hours, Δt:   0.98, CFL: 7.20e-01
i: 207900, t:  211719.9 s, ωt:  21.17 (3.37 periods), wall: 1.746 hours, Δt:   1.04, CFL: 7.20e-01
i: 208000, t:  211832.3 s, ωt:  21.18 (3.37 periods), wall: 1.747 hours, Δt:   1.17, CFL: 7.20e-01
i: 208100, t:  211956.1 s, ωt:  21.20 (3.37 periods), wall: 1.748 hours, Δt:   1.24, CFL: 7.20e-01
i: 208200, t:  212074.4 s, ωt:  21.21 (3.38 periods), wall: 1.748 hours, Δt:   1.11, CFL: 7.20e-01
i: 208300, t:  212196.2 s, ωt:  21.22 (3.38 periods), wall: 1.749 hours, Δt:   1.35, CFL: 7.20e-01
i: 208400, t:  212329.2 s, ωt:  21.23 (3.38 periods), wall: 1.750 hours, Δt:   1.26, CFL: 7.20e-01
i: 208500, t:  212449.7 s, ωt:  21.24 (3.38 periods), wall: 1.751 hours, Δt:   1.05, CFL: 7.20e-01
i: 208600, t:  212573.3 s, ωt:  21.26 (3.38 periods), wall: 1.752 hours, Δt:   1.16, CFL: 7.20e-01
i: 208700, t:  212694.2 s, ωt:  21.27 (3.39 periods), wall: 1.753 hours, Δt:   1.02, CFL: 7.20e-01
i: 208800, t:  212796.3 s, ωt:  21.28 (3.39 periods), wall: 1.753 hours, Δt:   1.01, CFL: 7.20e-01
i: 208900, t:  212905.5 s, ωt:  21.29 (3.39 periods), wall: 1.754 hours, Δt:   1.05, CFL: 7.20e-01
i: 209000, t:  213023.1 s, ωt:  21.30 (3.39 periods), wall: 1.755 hours, Δt:   1.33, CFL: 7.20e-01
i: 209100, t:  213145.3 s, ωt:  21.31 (3.39 periods), wall: 1.756 hours, Δt:   1.29, CFL: 7.20e-01
i: 209200, t:  213263.3 s, ωt:  21.33 (3.39 periods), wall: 1.757 hours, Δt:   1.26, CFL: 7.20e-01
i: 209300, t:  213393.9 s, ωt:  21.34 (3.40 periods), wall: 1.758 hours, Δt:   1.37, CFL: 7.20e-01
i: 209400, t:  213537.4 s, ωt:  21.35 (3.40 periods), wall: 1.758 hours, Δt:   1.46, CFL: 7.20e-01
i: 209500, t:  213678.3 s, ωt:  21.37 (3.40 periods), wall: 1.759 hours, Δt:   1.48, CFL: 7.20e-01
i: 209600, t:  213812.0 s, ωt:  21.38 (3.40 periods), wall: 1.760 hours, Δt:   1.20, CFL: 7.20e-01
i: 209700, t:  213952.0 s, ωt:  21.40 (3.41 periods), wall: 1.761 hours, Δt:   1.41, CFL: 7.20e-01
i: 209800, t:  214080.9 s, ωt:  21.41 (3.41 periods), wall: 1.762 hours, Δt:   1.12, CFL: 7.20e-01
i: 209900, t:  214193.3 s, ωt:  21.42 (3.41 periods), wall: 1.763 hours, Δt:   1.03, CFL: 7.20e-01
i: 210000, t:  214309.7 s, ωt:  21.43 (3.41 periods), wall: 1.763 hours, Δt:   1.28, CFL: 7.20e-01
i: 210100, t:  214440.5 s, ωt:  21.44 (3.41 periods), wall: 1.764 hours, Δt:   1.43, CFL: 7.20e-01
i: 210200, t:  214576.1 s, ωt:  21.46 (3.42 periods), wall: 1.765 hours, Δt:   1.35, CFL: 7.20e-01
i: 210300, t:  214697.5 s, ωt:  21.47 (3.42 periods), wall: 1.766 hours, Δt:   1.19, CFL: 7.20e-01
i: 210400, t:  214834.0 s, ωt:  21.48 (3.42 periods), wall: 1.767 hours, Δt:   1.27, CFL: 7.20e-01
i: 210500, t:  214968.6 s, ωt:  21.50 (3.42 periods), wall: 1.768 hours, Δt:   1.26, CFL: 7.20e-01
i: 210600, t:  215113.7 s, ωt:  21.51 (3.42 periods), wall: 1.769 hours, Δt:   1.47, CFL: 7.20e-01
i: 210700, t:  215261.4 s, ωt:  21.53 (3.43 periods), wall: 1.769 hours, Δt:   1.76, CFL: 7.20e-01
i: 210800, t:  215427.6 s, ωt:  21.54 (3.43 periods), wall: 1.770 hours, Δt:   1.58, CFL: 7.20e-01
i: 210900, t:  215594.9 s, ωt:  21.56 (3.43 periods), wall: 1.771 hours, Δt:   1.72, CFL: 7.20e-01
i: 211000, t:  215758.9 s, ωt:  21.58 (3.43 periods), wall: 1.772 hours, Δt:   1.69, CFL: 7.20e-01
i: 211100, t:  215951.4 s, ωt:  21.60 (3.44 periods), wall: 1.773 hours, Δt:   2.34, CFL: 7.20e-01
i: 211200, t:  216166.3 s, ωt:  21.62 (3.44 periods), wall: 1.774 hours, Δt:   1.64, CFL: 7.20e-01
i: 211300, t:  216378.9 s, ωt:  21.64 (3.44 periods), wall: 1.774 hours, Δt:   2.34, CFL: 7.20e-01
i: 211400, t:  216615.5 s, ωt:  21.66 (3.45 periods), wall: 1.775 hours, Δt:   2.13, CFL: 7.20e-01
i: 211500, t:  216818.9 s, ωt:  21.68 (3.45 periods), wall: 1.776 hours, Δt:   2.48, CFL: 7.20e-01
i: 211600, t:  217067.1 s, ωt:  21.71 (3.45 periods), wall: 1.777 hours, Δt:   2.35, CFL: 7.20e-01
i: 211700, t:  217301.6 s, ωt:  21.73 (3.46 periods), wall: 1.778 hours, Δt:   2.20, CFL: 7.20e-01
i: 211800, t:  217537.4 s, ωt:  21.75 (3.46 periods), wall: 1.779 hours, Δt:   2.15, CFL: 7.20e-01
i: 211900, t:  217777.6 s, ωt:  21.78 (3.47 periods), wall: 1.779 hours, Δt:   2.86, CFL: 7.20e-01
i: 212000, t:  218088.7 s, ωt:  21.81 (3.47 periods), wall: 1.780 hours, Δt:   3.14, CFL: 7.20e-01
i: 212100, t:  218379.8 s, ωt:  21.84 (3.48 periods), wall: 1.781 hours, Δt:   3.35, CFL: 7.20e-01
i: 212200, t:  218685.8 s, ωt:  21.87 (3.48 periods), wall: 1.782 hours, Δt:   3.01, CFL: 7.20e-01
i: 212300, t:  218923.2 s, ωt:  21.89 (3.48 periods), wall: 1.783 hours, Δt:   2.26, CFL: 7.20e-01
i: 212400, t:  219128.0 s, ωt:  21.91 (3.49 periods), wall: 1.784 hours, Δt:   2.27, CFL: 7.20e-01
i: 212500, t:  219376.4 s, ωt:  21.94 (3.49 periods), wall: 1.784 hours, Δt:   2.08, CFL: 7.20e-01
i: 212600, t:  219603.3 s, ωt:  21.96 (3.50 periods), wall: 1.785 hours, Δt:   3.21, CFL: 7.20e-01
i: 212700, t:  219898.5 s, ωt:  21.99 (3.50 periods), wall: 1.786 hours, Δt:   2.54, CFL: 7.20e-01
i: 212800, t:  220159.6 s, ωt:  22.02 (3.50 periods), wall: 1.787 hours, Δt:   2.29, CFL: 7.20e-01
i: 212900, t:  220408.9 s, ωt:  22.04 (3.51 periods), wall: 1.788 hours, Δt:   2.46, CFL: 7.20e-01
i: 213000, t:  220626.5 s, ωt:  22.06 (3.51 periods), wall: 1.789 hours, Δt:   2.29, CFL: 7.20e-01
i: 213100, t:  220853.3 s, ωt:  22.09 (3.51 periods), wall: 1.789 hours, Δt:   2.42, CFL: 7.20e-01
i: 213200, t:  221080.5 s, ωt:  22.11 (3.52 periods), wall: 1.790 hours, Δt:   1.89, CFL: 7.20e-01
i: 213300, t:  221280.1 s, ωt:  22.13 (3.52 periods), wall: 1.791 hours, Δt:   1.68, CFL: 7.20e-01
i: 213400, t:  221453.9 s, ωt:  22.15 (3.52 periods), wall: 1.792 hours, Δt:   1.93, CFL: 7.20e-01
i: 213500, t:  221635.7 s, ωt:  22.16 (3.53 periods), wall: 1.793 hours, Δt:   1.80, CFL: 7.20e-01
i: 213600, t:  221794.0 s, ωt:  22.18 (3.53 periods), wall: 1.794 hours, Δt:   1.44, CFL: 7.20e-01
i: 213700, t:  221967.3 s, ωt:  22.20 (3.53 periods), wall: 1.795 hours, Δt:   1.33, CFL: 7.20e-01
i: 213800, t:  222107.7 s, ωt:  22.21 (3.53 periods), wall: 1.795 hours, Δt:   1.86, CFL: 7.20e-01
i: 213900, t:  222299.1 s, ωt:  22.23 (3.54 periods), wall: 1.796 hours, Δt:   1.83, CFL: 7.20e-01
i: 214000, t:  222473.4 s, ωt:  22.25 (3.54 periods), wall: 1.797 hours, Δt:   1.71, CFL: 7.20e-01
i: 214100, t:  222640.0 s, ωt:  22.26 (3.54 periods), wall: 1.798 hours, Δt:   1.70, CFL: 7.20e-01
i: 214200, t:  222811.8 s, ωt:  22.28 (3.55 periods), wall: 1.799 hours, Δt:   1.74, CFL: 7.20e-01
i: 214300, t:  222958.7 s, ωt:  22.30 (3.55 periods), wall: 1.800 hours, Δt:   1.61, CFL: 7.20e-01
i: 214400, t:  223117.2 s, ωt:  22.31 (3.55 periods), wall: 1.800 hours, Δt:   1.63, CFL: 7.20e-01
i: 214500, t:  223253.7 s, ωt:  22.33 (3.55 periods), wall: 1.801 hours, Δt:   1.07, CFL: 7.20e-01
i: 214600, t:  223386.9 s, ωt:  22.34 (3.56 periods), wall: 1.802 hours, Δt:   1.56, CFL: 7.20e-01
i: 214700, t:  223530.3 s, ωt:  22.35 (3.56 periods), wall: 1.803 hours, Δt:   1.41, CFL: 7.20e-01
i: 214800, t:  223649.1 s, ωt:  22.36 (3.56 periods), wall: 1.804 hours, Δt:   1.40, CFL: 7.20e-01
i: 214900, t:  223793.2 s, ωt:  22.38 (3.56 periods), wall: 1.805 hours, Δt:   1.49, CFL: 7.20e-01
i: 215000, t:  223936.6 s, ωt:  22.39 (3.56 periods), wall: 1.805 hours, Δt:   1.24, CFL: 7.20e-01
i: 215100, t:  224070.5 s, ωt:  22.41 (3.57 periods), wall: 1.806 hours, Δt:   1.29, CFL: 7.20e-01
i: 215200, t:  224215.8 s, ωt:  22.42 (3.57 periods), wall: 1.807 hours, Δt:   1.25, CFL: 7.20e-01
i: 215300, t:  224348.7 s, ωt:  22.43 (3.57 periods), wall: 1.808 hours, Δt:   1.25, CFL: 7.20e-01
i: 215400, t:  224480.5 s, ωt:  22.45 (3.57 periods), wall: 1.809 hours, Δt:   1.28, CFL: 7.20e-01
i: 215500, t:  224602.7 s, ωt:  22.46 (3.57 periods), wall: 1.810 hours, Δt:   1.20, CFL: 7.20e-01
i: 215600, t:  224717.5 s, ωt:  22.47 (3.58 periods), wall: 1.810 hours, Δt:   1.19, CFL: 7.20e-01
i: 215700, t:  224836.6 s, ωt:  22.48 (3.58 periods), wall: 1.811 hours, Δt:   1.07, CFL: 7.20e-01
i: 215800, t:  224958.5 s, ωt:  22.50 (3.58 periods), wall: 1.812 hours, Δt:   1.28, CFL: 7.20e-01
i: 215900, t:  225083.2 s, ωt:  22.51 (3.58 periods), wall: 1.813 hours, Δt:   1.03, CFL: 7.20e-01
i: 216000, t:  225190.2 s, ωt:  22.52 (3.58 periods), wall: 1.814 hours, Δt:   1.18, CFL: 7.20e-01
i: 216100, t:  225299.9 s, ωt:  22.53 (3.59 periods), wall: 1.815 hours, Δt:   1.20, CFL: 7.20e-01
i: 216200, t:  225419.8 s, ωt:  22.54 (3.59 periods), wall: 1.815 hours, Δt:   1.10, CFL: 7.20e-01
i: 216300, t:  225519.1 s, ωt:  22.55 (3.59 periods), wall: 1.816 hours, Δt:   1.00, CFL: 7.20e-01
i: 216400, t:  225627.7 s, ωt:  22.56 (3.59 periods), wall: 1.817 hours, Δt:   0.96, CFL: 7.20e-01
i: 216500, t:  225731.4 s, ωt:  22.57 (3.59 periods), wall: 1.818 hours, Δt:   1.12, CFL: 7.20e-01
i: 216600, t:  225841.0 s, ωt:  22.58 (3.59 periods), wall: 1.819 hours, Δt:   1.15, CFL: 7.20e-01
i: 216700, t:  225944.3 s, ωt:  22.59 (3.60 periods), wall: 1.820 hours, Δt:   0.96, CFL: 7.20e-01
i: 216800, t:  226048.0 s, ωt:  22.60 (3.60 periods), wall: 1.820 hours, Δt:   1.03, CFL: 7.20e-01
i: 216900, t:  226138.2 s, ωt:  22.61 (3.60 periods), wall: 1.821 hours, Δt:   0.96, CFL: 7.20e-01
i: 217000, t:  226242.1 s, ωt:  22.62 (3.60 periods), wall: 1.822 hours, Δt:   0.94, CFL: 7.20e-01
i: 217100, t:  226341.7 s, ωt:  22.63 (3.60 periods), wall: 1.823 hours, Δt:   0.94, CFL: 7.20e-01
i: 217200, t:  226441.8 s, ωt:  22.64 (3.60 periods), wall: 1.824 hours, Δt:   0.90, CFL: 7.20e-01
i: 217300, t:  226536.8 s, ωt:  22.65 (3.61 periods), wall: 1.825 hours, Δt:   0.87, CFL: 7.20e-01
i: 217400, t:  226628.3 s, ωt:  22.66 (3.61 periods), wall: 1.825 hours, Δt:   1.00, CFL: 7.20e-01
i: 217500, t:  226728.7 s, ωt:  22.67 (3.61 periods), wall: 1.826 hours, Δt:   0.91, CFL: 7.20e-01
i: 217600, t:  226821.4 s, ωt:  22.68 (3.61 periods), wall: 1.827 hours, Δt:   0.96, CFL: 7.20e-01
i: 217700, t:  226914.2 s, ωt:  22.69 (3.61 periods), wall: 1.828 hours, Δt:   0.97, CFL: 7.20e-01
i: 217800, t:  227003.9 s, ωt:  22.70 (3.61 periods), wall: 1.829 hours, Δt:   0.91, CFL: 7.20e-01
i: 217900, t:  227090.4 s, ωt:  22.71 (3.61 periods), wall: 1.830 hours, Δt:   0.85, CFL: 7.20e-01
i: 218000, t:  227176.4 s, ωt:  22.72 (3.62 periods), wall: 1.830 hours, Δt:   0.98, CFL: 7.20e-01
i: 218100, t:  227262.6 s, ωt:  22.73 (3.62 periods), wall: 1.831 hours, Δt:   0.95, CFL: 7.20e-01
i: 218200, t:  227354.0 s, ωt:  22.74 (3.62 periods), wall: 1.832 hours, Δt:   0.91, CFL: 7.20e-01
i: 218300, t:  227444.2 s, ωt:  22.74 (3.62 periods), wall: 1.833 hours, Δt:   0.99, CFL: 7.20e-01
i: 218400, t:  227542.9 s, ωt:  22.75 (3.62 periods), wall: 1.834 hours, Δt:   0.93, CFL: 7.20e-01
i: 218500, t:  227632.9 s, ωt:  22.76 (3.62 periods), wall: 1.835 hours, Δt:   0.90, CFL: 7.20e-01
i: 218600, t:  227724.3 s, ωt:  22.77 (3.62 periods), wall: 1.835 hours, Δt:   0.87, CFL: 7.20e-01
i: 218700, t:  227810.6 s, ωt:  22.78 (3.63 periods), wall: 1.836 hours, Δt:   0.90, CFL: 7.20e-01
i: 218800, t:  227890.4 s, ωt:  22.79 (3.63 periods), wall: 1.837 hours, Δt:   0.77, CFL: 7.20e-01
i: 218900, t:  227971.0 s, ωt:  22.80 (3.63 periods), wall: 1.838 hours, Δt:   0.74, CFL: 7.20e-01
i: 219000, t:  228053.2 s, ωt:  22.81 (3.63 periods), wall: 1.839 hours, Δt:   0.83, CFL: 7.20e-01
i: 219100, t:  228141.5 s, ωt:  22.81 (3.63 periods), wall: 1.840 hours, Δt:   0.81, CFL: 7.20e-01
i: 219200, t:  228223.8 s, ωt:  22.82 (3.63 periods), wall: 1.840 hours, Δt:   0.69, CFL: 7.20e-01
i: 219300, t:  228303.9 s, ωt:  22.83 (3.63 periods), wall: 1.841 hours, Δt:   0.87, CFL: 7.20e-01
i: 219400, t:  228391.5 s, ωt:  22.84 (3.63 periods), wall: 1.842 hours, Δt:   0.75, CFL: 7.20e-01
i: 219500, t:  228465.5 s, ωt:  22.85 (3.64 periods), wall: 1.843 hours, Δt:   0.75, CFL: 7.20e-01
i: 219600, t:  228549.1 s, ωt:  22.85 (3.64 periods), wall: 1.844 hours, Δt:   0.83, CFL: 7.20e-01
i: 219700, t:  228634.0 s, ωt:  22.86 (3.64 periods), wall: 1.845 hours, Δt:   0.77, CFL: 7.20e-01
i: 219800, t:  228706.1 s, ωt:  22.87 (3.64 periods), wall: 1.845 hours, Δt:   0.89, CFL: 7.20e-01
i: 219900, t:  228789.9 s, ωt:  22.88 (3.64 periods), wall: 1.846 hours, Δt:   0.89, CFL: 7.20e-01
i: 220000, t:  228871.1 s, ωt:  22.89 (3.64 periods), wall: 1.847 hours, Δt:   0.71, CFL: 7.20e-01
i: 220100, t:  228954.0 s, ωt:  22.90 (3.64 periods), wall: 1.848 hours, Δt:   0.95, CFL: 7.20e-01
i: 220200, t:  229040.6 s, ωt:  22.90 (3.65 periods), wall: 1.849 hours, Δt:   0.80, CFL: 7.20e-01
i: 220300, t:  229124.3 s, ωt:  22.91 (3.65 periods), wall: 1.850 hours, Δt:   0.90, CFL: 7.20e-01
i: 220400, t:  229204.3 s, ωt:  22.92 (3.65 periods), wall: 1.850 hours, Δt:   0.65, CFL: 7.20e-01
i: 220500, t:  229282.6 s, ωt:  22.93 (3.65 periods), wall: 1.851 hours, Δt:   0.85, CFL: 7.20e-01
i: 220600, t:  229358.8 s, ωt:  22.94 (3.65 periods), wall: 1.852 hours, Δt:   0.74, CFL: 7.20e-01
i: 220700, t:  229434.4 s, ωt:  22.94 (3.65 periods), wall: 1.853 hours, Δt:   0.66, CFL: 7.20e-01
i: 220800, t:  229510.4 s, ωt:  22.95 (3.65 periods), wall: 1.854 hours, Δt:   0.78, CFL: 7.20e-01
i: 220900, t:  229586.5 s, ωt:  22.96 (3.65 periods), wall: 1.855 hours, Δt:   0.68, CFL: 7.20e-01
i: 221000, t:  229660.6 s, ωt:  22.97 (3.66 periods), wall: 1.855 hours, Δt:   0.75, CFL: 7.20e-01
i: 221100, t:  229734.9 s, ωt:  22.97 (3.66 periods), wall: 1.856 hours, Δt:   0.75, CFL: 7.20e-01
i: 221200, t:  229808.7 s, ωt:  22.98 (3.66 periods), wall: 1.857 hours, Δt:   0.76, CFL: 7.20e-01
i: 221300, t:  229882.1 s, ωt:  22.99 (3.66 periods), wall: 1.858 hours, Δt:   0.75, CFL: 7.20e-01
i: 221400, t:  229953.9 s, ωt:  23.00 (3.66 periods), wall: 1.859 hours, Δt:   0.62, CFL: 7.20e-01
i: 221500, t:  230025.2 s, ωt:  23.00 (3.66 periods), wall: 1.860 hours, Δt:   0.72, CFL: 7.20e-01
i: 221600, t:  230100.0 s, ωt:  23.01 (3.66 periods), wall: 1.860 hours, Δt:   0.85, CFL: 7.20e-01
i: 221700, t:  230172.5 s, ωt:  23.02 (3.66 periods), wall: 1.861 hours, Δt:   0.67, CFL: 7.20e-01
i: 221800, t:  230242.4 s, ωt:  23.02 (3.66 periods), wall: 1.862 hours, Δt:   0.69, CFL: 7.20e-01
i: 221900, t:  230309.5 s, ωt:  23.03 (3.67 periods), wall: 1.863 hours, Δt:   0.70, CFL: 7.20e-01
i: 222000, t:  230383.3 s, ωt:  23.04 (3.67 periods), wall: 1.864 hours, Δt:   0.72, CFL: 7.20e-01
i: 222100, t:  230456.9 s, ωt:  23.05 (3.67 periods), wall: 1.865 hours, Δt:   0.76, CFL: 7.20e-01
i: 222200, t:  230530.0 s, ωt:  23.05 (3.67 periods), wall: 1.865 hours, Δt:   0.69, CFL: 7.20e-01
i: 222300, t:  230606.5 s, ωt:  23.06 (3.67 periods), wall: 1.866 hours, Δt:   0.82, CFL: 7.20e-01
i: 222400, t:  230684.5 s, ωt:  23.07 (3.67 periods), wall: 1.867 hours, Δt:   0.70, CFL: 7.20e-01
i: 222500, t:  230760.0 s, ωt:  23.08 (3.67 periods), wall: 1.868 hours, Δt:   0.69, CFL: 7.20e-01
i: 222600, t:  230835.4 s, ωt:  23.08 (3.67 periods), wall: 1.869 hours, Δt:   0.78, CFL: 7.20e-01
i: 222700, t:  230915.2 s, ωt:  23.09 (3.68 periods), wall: 1.870 hours, Δt:   0.68, CFL: 7.20e-01
i: 222800, t:  230990.1 s, ωt:  23.10 (3.68 periods), wall: 1.870 hours, Δt:   0.71, CFL: 7.20e-01
i: 222900, t:  231057.5 s, ωt:  23.11 (3.68 periods), wall: 1.871 hours, Δt:   0.79, CFL: 7.20e-01
i: 223000, t:  231128.3 s, ωt:  23.11 (3.68 periods), wall: 1.872 hours, Δt:   0.65, CFL: 7.20e-01
i: 223100, t:  231202.8 s, ωt:  23.12 (3.68 periods), wall: 1.873 hours, Δt:   0.74, CFL: 7.20e-01
i: 223200, t:  231278.2 s, ωt:  23.13 (3.68 periods), wall: 1.874 hours, Δt:   0.73, CFL: 7.20e-01
i: 223300, t:  231356.1 s, ωt:  23.14 (3.68 periods), wall: 1.875 hours, Δt:   0.77, CFL: 7.20e-01
i: 223400, t:  231436.4 s, ωt:  23.14 (3.68 periods), wall: 1.875 hours, Δt:   0.72, CFL: 7.20e-01
i: 223500, t:  231507.4 s, ωt:  23.15 (3.68 periods), wall: 1.876 hours, Δt:   0.69, CFL: 7.20e-01
i: 223600, t:  231578.8 s, ωt:  23.16 (3.69 periods), wall: 1.877 hours, Δt:   0.62, CFL: 7.20e-01
i: 223700, t:  231648.8 s, ωt:  23.16 (3.69 periods), wall: 1.878 hours, Δt:   0.73, CFL: 7.20e-01
i: 223800, t:  231718.3 s, ωt:  23.17 (3.69 periods), wall: 1.879 hours, Δt:   0.80, CFL: 7.20e-01
i: 223900, t:  231788.3 s, ωt:  23.18 (3.69 periods), wall: 1.880 hours, Δt:   0.72, CFL: 7.20e-01
i: 224000, t:  231860.2 s, ωt:  23.19 (3.69 periods), wall: 1.880 hours, Δt:   0.76, CFL: 7.20e-01
i: 224100, t:  231932.9 s, ωt:  23.19 (3.69 periods), wall: 1.881 hours, Δt:   0.67, CFL: 7.20e-01
i: 224200, t:  232002.6 s, ωt:  23.20 (3.69 periods), wall: 1.882 hours, Δt:   0.65, CFL: 7.20e-01
i: 224300, t:  232076.9 s, ωt:  23.21 (3.69 periods), wall: 1.883 hours, Δt:   0.75, CFL: 7.20e-01
i: 224400, t:  232157.4 s, ωt:  23.22 (3.69 periods), wall: 1.884 hours, Δt:   0.82, CFL: 7.20e-01
i: 224500, t:  232233.3 s, ωt:  23.22 (3.70 periods), wall: 1.885 hours, Δt:   0.79, CFL: 7.20e-01
i: 224600, t:  232304.5 s, ωt:  23.23 (3.70 periods), wall: 1.885 hours, Δt:   0.77, CFL: 7.20e-01
i: 224700, t:  232377.3 s, ωt:  23.24 (3.70 periods), wall: 1.886 hours, Δt:   0.72, CFL: 7.20e-01
i: 224800, t:  232447.1 s, ωt:  23.24 (3.70 periods), wall: 1.887 hours, Δt:   0.78, CFL: 7.20e-01
i: 224900, t:  232517.1 s, ωt:  23.25 (3.70 periods), wall: 1.888 hours, Δt:   0.71, CFL: 7.20e-01
i: 225000, t:  232585.7 s, ωt:  23.26 (3.70 periods), wall: 1.889 hours, Δt:   0.69, CFL: 7.20e-01
i: 225100, t:  232661.4 s, ωt:  23.27 (3.70 periods), wall: 1.890 hours, Δt:   0.59, CFL: 7.20e-01
i: 225200, t:  232734.1 s, ωt:  23.27 (3.70 periods), wall: 1.890 hours, Δt:   0.80, CFL: 7.20e-01
i: 225300, t:  232806.2 s, ωt:  23.28 (3.71 periods), wall: 1.891 hours, Δt:   0.68, CFL: 7.20e-01
i: 225400, t:  232871.4 s, ωt:  23.29 (3.71 periods), wall: 1.892 hours, Δt:   0.63, CFL: 7.20e-01
i: 225500, t:  232943.5 s, ωt:  23.29 (3.71 periods), wall: 1.893 hours, Δt:   0.73, CFL: 7.20e-01
i: 225600, t:  233012.2 s, ωt:  23.30 (3.71 periods), wall: 1.894 hours, Δt:   0.72, CFL: 7.20e-01
i: 225700, t:  233074.2 s, ωt:  23.31 (3.71 periods), wall: 1.895 hours, Δt:   0.63, CFL: 7.20e-01
i: 225800, t:  233131.8 s, ωt:  23.31 (3.71 periods), wall: 1.895 hours, Δt:   0.57, CFL: 7.20e-01
i: 225900, t:  233192.8 s, ωt:  23.32 (3.71 periods), wall: 1.896 hours, Δt:   0.48, CFL: 7.20e-01
i: 226000, t:  233253.5 s, ωt:  23.33 (3.71 periods), wall: 1.897 hours, Δt:   0.75, CFL: 7.20e-01
i: 226100, t:  233321.4 s, ωt:  23.33 (3.71 periods), wall: 1.898 hours, Δt:   0.66, CFL: 7.20e-01
i: 226200, t:  233389.4 s, ωt:  23.34 (3.71 periods), wall: 1.899 hours, Δt:   0.78, CFL: 7.20e-01
i: 226300, t:  233462.2 s, ωt:  23.35 (3.72 periods), wall: 1.900 hours, Δt:   0.59, CFL: 7.20e-01
i: 226400, t:  233527.4 s, ωt:  23.35 (3.72 periods), wall: 1.900 hours, Δt:   0.66, CFL: 7.20e-01
i: 226500, t:  233598.3 s, ωt:  23.36 (3.72 periods), wall: 1.901 hours, Δt:   0.70, CFL: 7.20e-01
i: 226600, t:  233670.2 s, ωt:  23.37 (3.72 periods), wall: 1.902 hours, Δt:   0.74, CFL: 7.20e-01
i: 226700, t:  233737.4 s, ωt:  23.37 (3.72 periods), wall: 1.903 hours, Δt:   0.58, CFL: 7.20e-01
i: 226800, t:  233809.7 s, ωt:  23.38 (3.72 periods), wall: 1.904 hours, Δt:   0.77, CFL: 7.20e-01
i: 226900, t:  233882.3 s, ωt:  23.39 (3.72 periods), wall: 1.905 hours, Δt:   0.75, CFL: 7.20e-01
i: 227000, t:  233948.8 s, ωt:  23.39 (3.72 periods), wall: 1.905 hours, Δt:   0.64, CFL: 7.20e-01
i: 227100, t:  234017.7 s, ωt:  23.40 (3.72 periods), wall: 1.906 hours, Δt:   0.73, CFL: 7.20e-01
i: 227200, t:  234088.4 s, ωt:  23.41 (3.73 periods), wall: 1.907 hours, Δt:   0.66, CFL: 7.20e-01
i: 227300, t:  234158.0 s, ωt:  23.42 (3.73 periods), wall: 1.908 hours, Δt:   0.66, CFL: 7.20e-01
i: 227400, t:  234225.9 s, ωt:  23.42 (3.73 periods), wall: 1.909 hours, Δt:   0.56, CFL: 7.20e-01
i: 227500, t:  234289.6 s, ωt:  23.43 (3.73 periods), wall: 1.910 hours, Δt:   0.78, CFL: 7.20e-01
i: 227600, t:  234364.4 s, ωt:  23.44 (3.73 periods), wall: 1.910 hours, Δt:   0.75, CFL: 7.20e-01
i: 227700, t:  234435.6 s, ωt:  23.44 (3.73 periods), wall: 1.911 hours, Δt:   0.74, CFL: 7.20e-01
i: 227800, t:  234503.8 s, ωt:  23.45 (3.73 periods), wall: 1.912 hours, Δt:   0.76, CFL: 7.20e-01
i: 227900, t:  234574.5 s, ωt:  23.46 (3.73 periods), wall: 1.913 hours, Δt:   0.69, CFL: 7.20e-01
i: 228000, t:  234644.6 s, ωt:  23.46 (3.73 periods), wall: 1.914 hours, Δt:   0.76, CFL: 7.20e-01
i: 228100, t:  234718.5 s, ωt:  23.47 (3.74 periods), wall: 1.915 hours, Δt:   0.79, CFL: 7.20e-01
i: 228200, t:  234790.4 s, ωt:  23.48 (3.74 periods), wall: 1.915 hours, Δt:   0.70, CFL: 7.20e-01
i: 228300, t:  234858.3 s, ωt:  23.49 (3.74 periods), wall: 1.916 hours, Δt:   0.66, CFL: 7.20e-01
i: 228400, t:  234931.7 s, ωt:  23.49 (3.74 periods), wall: 1.917 hours, Δt:   0.64, CFL: 7.20e-01
i: 228500, t:  235001.4 s, ωt:  23.50 (3.74 periods), wall: 1.918 hours, Δt:   0.79, CFL: 7.20e-01
i: 228600, t:  235075.8 s, ωt:  23.51 (3.74 periods), wall: 1.919 hours, Δt:   0.64, CFL: 7.20e-01
i: 228700, t:  235144.2 s, ωt:  23.51 (3.74 periods), wall: 1.920 hours, Δt:   0.71, CFL: 7.20e-01
i: 228800, t:  235215.8 s, ωt:  23.52 (3.74 periods), wall: 1.920 hours, Δt:   0.70, CFL: 7.20e-01
i: 228900, t:  235285.7 s, ωt:  23.53 (3.74 periods), wall: 1.921 hours, Δt:   0.62, CFL: 7.20e-01
i: 229000, t:  235354.0 s, ωt:  23.54 (3.75 periods), wall: 1.922 hours, Δt:   0.70, CFL: 7.20e-01
i: 229100, t:  235423.6 s, ωt:  23.54 (3.75 periods), wall: 1.923 hours, Δt:   0.81, CFL: 7.20e-01
i: 229200, t:  235494.0 s, ωt:  23.55 (3.75 periods), wall: 1.924 hours, Δt:   0.68, CFL: 7.20e-01
i: 229300, t:  235560.6 s, ωt:  23.56 (3.75 periods), wall: 1.925 hours, Δt:   0.71, CFL: 7.20e-01
i: 229400, t:  235632.2 s, ωt:  23.56 (3.75 periods), wall: 1.925 hours, Δt:   0.67, CFL: 7.20e-01
i: 229500, t:  235700.0 s, ωt:  23.57 (3.75 periods), wall: 1.926 hours, Δt:   0.79, CFL: 7.20e-01
i: 229600, t:  235772.9 s, ωt:  23.58 (3.75 periods), wall: 1.927 hours, Δt:   0.65, CFL: 7.20e-01
i: 229700, t:  235838.2 s, ωt:  23.58 (3.75 periods), wall: 1.928 hours, Δt:   0.72, CFL: 7.20e-01
i: 229800, t:  235908.6 s, ωt:  23.59 (3.75 periods), wall: 1.929 hours, Δt:   0.77, CFL: 7.20e-01
i: 229900, t:  235977.5 s, ωt:  23.60 (3.76 periods), wall: 1.930 hours, Δt:   0.65, CFL: 7.20e-01
i: 230000, t:  236052.4 s, ωt:  23.61 (3.76 periods), wall: 1.930 hours, Δt:   0.66, CFL: 7.20e-01
i: 230100, t:  236108.7 s, ωt:  23.61 (3.76 periods), wall: 1.931 hours, Δt:   0.46, CFL: 7.20e-01
i: 230200, t:  236167.5 s, ωt:  23.62 (3.76 periods), wall: 1.932 hours, Δt:   0.79, CFL: 7.20e-01
i: 230300, t:  236241.6 s, ωt:  23.62 (3.76 periods), wall: 1.933 hours, Δt:   0.71, CFL: 7.20e-01
i: 230400, t:  236317.5 s, ωt:  23.63 (3.76 periods), wall: 1.934 hours, Δt:   0.72, CFL: 7.20e-01
i: 230500, t:  236391.0 s, ωt:  23.64 (3.76 periods), wall: 1.935 hours, Δt:   0.75, CFL: 7.20e-01
i: 230600, t:  236467.0 s, ωt:  23.65 (3.76 periods), wall: 1.935 hours, Δt:   0.70, CFL: 7.20e-01
i: 230700, t:  236533.7 s, ωt:  23.65 (3.76 periods), wall: 1.936 hours, Δt:   0.63, CFL: 7.20e-01
i: 230800, t:  236601.9 s, ωt:  23.66 (3.77 periods), wall: 1.937 hours, Δt:   0.76, CFL: 7.20e-01
i: 230900, t:  236678.4 s, ωt:  23.67 (3.77 periods), wall: 1.938 hours, Δt:   0.68, CFL: 7.20e-01
i: 231000, t:  236751.6 s, ωt:  23.68 (3.77 periods), wall: 1.939 hours, Δt:   0.83, CFL: 7.20e-01
i: 231100, t:  236824.9 s, ωt:  23.68 (3.77 periods), wall: 1.940 hours, Δt:   0.67, CFL: 7.20e-01
i: 231200, t:  236897.9 s, ωt:  23.69 (3.77 periods), wall: 1.940 hours, Δt:   0.73, CFL: 7.20e-01
i: 231300, t:  236969.6 s, ωt:  23.70 (3.77 periods), wall: 1.941 hours, Δt:   0.68, CFL: 7.20e-01
i: 231400, t:  237045.5 s, ωt:  23.70 (3.77 periods), wall: 1.942 hours, Δt:   0.71, CFL: 7.20e-01
i: 231500, t:  237118.8 s, ωt:  23.71 (3.77 periods), wall: 1.943 hours, Δt:   0.71, CFL: 7.20e-01
i: 231600, t:  237189.4 s, ωt:  23.72 (3.77 periods), wall: 1.944 hours, Δt:   0.74, CFL: 7.20e-01
i: 231700, t:  237265.7 s, ωt:  23.73 (3.78 periods), wall: 1.945 hours, Δt:   0.74, CFL: 7.20e-01
i: 231800, t:  237345.0 s, ωt:  23.73 (3.78 periods), wall: 1.945 hours, Δt:   0.86, CFL: 7.20e-01
i: 231900, t:  237422.8 s, ωt:  23.74 (3.78 periods), wall: 1.946 hours, Δt:   0.77, CFL: 7.20e-01
i: 232000, t:  237504.4 s, ωt:  23.75 (3.78 periods), wall: 1.947 hours, Δt:   0.84, CFL: 7.20e-01
i: 232100, t:  237582.6 s, ωt:  23.76 (3.78 periods), wall: 1.948 hours, Δt:   0.65, CFL: 7.20e-01
i: 232200, t:  237657.7 s, ωt:  23.77 (3.78 periods), wall: 1.949 hours, Δt:   0.83, CFL: 7.20e-01
i: 232300, t:  237730.6 s, ωt:  23.77 (3.78 periods), wall: 1.950 hours, Δt:   0.76, CFL: 7.20e-01
i: 232400, t:  237806.8 s, ωt:  23.78 (3.78 periods), wall: 1.950 hours, Δt:   0.67, CFL: 7.20e-01
i: 232500, t:  237873.2 s, ωt:  23.79 (3.79 periods), wall: 1.951 hours, Δt:   0.52, CFL: 7.20e-01
i: 232600, t:  237938.2 s, ωt:  23.79 (3.79 periods), wall: 1.952 hours, Δt:   0.64, CFL: 7.20e-01
i: 232700, t:  238009.0 s, ωt:  23.80 (3.79 periods), wall: 1.953 hours, Δt:   0.76, CFL: 7.20e-01
i: 232800, t:  238088.4 s, ωt:  23.81 (3.79 periods), wall: 1.954 hours, Δt:   0.84, CFL: 7.20e-01
i: 232900, t:  238167.0 s, ωt:  23.82 (3.79 periods), wall: 1.955 hours, Δt:   0.77, CFL: 7.20e-01
i: 233000, t:  238242.0 s, ωt:  23.82 (3.79 periods), wall: 1.955 hours, Δt:   0.70, CFL: 7.20e-01
i: 233100, t:  238319.3 s, ωt:  23.83 (3.79 periods), wall: 1.956 hours, Δt:   0.67, CFL: 7.20e-01
i: 233200, t:  238385.7 s, ωt:  23.84 (3.79 periods), wall: 1.957 hours, Δt:   0.67, CFL: 7.20e-01
i: 233300, t:  238458.9 s, ωt:  23.85 (3.80 periods), wall: 1.958 hours, Δt:   0.77, CFL: 7.20e-01
i: 233400, t:  238530.5 s, ωt:  23.85 (3.80 periods), wall: 1.959 hours, Δt:   0.67, CFL: 7.20e-01
i: 233500, t:  238606.8 s, ωt:  23.86 (3.80 periods), wall: 1.960 hours, Δt:   0.81, CFL: 7.20e-01
i: 233600, t:  238681.2 s, ωt:  23.87 (3.80 periods), wall: 1.960 hours, Δt:   0.66, CFL: 7.20e-01
i: 233700, t:  238756.2 s, ωt:  23.88 (3.80 periods), wall: 1.961 hours, Δt:   0.72, CFL: 7.20e-01
i: 233800, t:  238825.8 s, ωt:  23.88 (3.80 periods), wall: 1.962 hours, Δt:   0.65, CFL: 7.20e-01
i: 233900, t:  238890.4 s, ωt:  23.89 (3.80 periods), wall: 1.963 hours, Δt:   0.81, CFL: 7.20e-01
i: 234000, t:  238970.9 s, ωt:  23.90 (3.80 periods), wall: 1.964 hours, Δt:   0.83, CFL: 7.20e-01
i: 234100, t:  239049.8 s, ωt:  23.90 (3.80 periods), wall: 1.965 hours, Δt:   0.82, CFL: 7.20e-01
i: 234200, t:  239131.5 s, ωt:  23.91 (3.81 periods), wall: 1.965 hours, Δt:   0.83, CFL: 7.20e-01
i: 234300, t:  239208.8 s, ωt:  23.92 (3.81 periods), wall: 1.966 hours, Δt:   0.75, CFL: 7.20e-01
i: 234400, t:  239284.0 s, ωt:  23.93 (3.81 periods), wall: 1.967 hours, Δt:   0.70, CFL: 7.20e-01
i: 234500, t:  239346.4 s, ωt:  23.93 (3.81 periods), wall: 1.968 hours, Δt:   0.62, CFL: 7.20e-01
i: 234600, t:  239418.9 s, ωt:  23.94 (3.81 periods), wall: 1.969 hours, Δt:   0.80, CFL: 7.20e-01
i: 234700, t:  239495.0 s, ωt:  23.95 (3.81 periods), wall: 1.970 hours, Δt:   0.76, CFL: 7.20e-01
i: 234800, t:  239571.1 s, ωt:  23.96 (3.81 periods), wall: 1.970 hours, Δt:   0.80, CFL: 7.20e-01
i: 234900, t:  239650.2 s, ωt:  23.97 (3.81 periods), wall: 1.971 hours, Δt:   0.77, CFL: 7.20e-01
i: 235000, t:  239729.7 s, ωt:  23.97 (3.82 periods), wall: 1.972 hours, Δt:   0.82, CFL: 7.20e-01
i: 235100, t:  239816.1 s, ωt:  23.98 (3.82 periods), wall: 1.973 hours, Δt:   0.87, CFL: 7.20e-01
i: 235200, t:  239896.1 s, ωt:  23.99 (3.82 periods), wall: 1.974 hours, Δt:   0.71, CFL: 7.20e-01
i: 235300, t:  239974.0 s, ωt:  24.00 (3.82 periods), wall: 1.975 hours, Δt:   0.91, CFL: 7.20e-01
i: 235400, t:  240056.0 s, ωt:  24.01 (3.82 periods), wall: 1.975 hours, Δt:   0.76, CFL: 7.20e-01
i: 235500, t:  240134.2 s, ωt:  24.01 (3.82 periods), wall: 1.976 hours, Δt:   0.85, CFL: 7.20e-01
i: 235600, t:  240217.3 s, ωt:  24.02 (3.82 periods), wall: 1.977 hours, Δt:   0.76, CFL: 7.20e-01
i: 235700, t:  240295.7 s, ωt:  24.03 (3.82 periods), wall: 1.978 hours, Δt:   0.85, CFL: 7.20e-01
i: 235800, t:  240381.9 s, ωt:  24.04 (3.83 periods), wall: 1.979 hours, Δt:   0.80, CFL: 7.20e-01
i: 235900, t:  240467.1 s, ωt:  24.05 (3.83 periods), wall: 1.980 hours, Δt:   0.93, CFL: 7.20e-01
i: 236000, t:  240558.4 s, ωt:  24.06 (3.83 periods), wall: 1.980 hours, Δt:   0.87, CFL: 7.20e-01
i: 236100, t:  240640.5 s, ωt:  24.06 (3.83 periods), wall: 1.981 hours, Δt:   0.81, CFL: 7.20e-01
i: 236200, t:  240719.3 s, ωt:  24.07 (3.83 periods), wall: 1.982 hours, Δt:   0.69, CFL: 7.20e-01
i: 236300, t:  240805.6 s, ωt:  24.08 (3.83 periods), wall: 1.983 hours, Δt:   0.91, CFL: 7.20e-01
i: 236400, t:  240889.3 s, ωt:  24.09 (3.83 periods), wall: 1.984 hours, Δt:   0.87, CFL: 7.20e-01
i: 236500, t:  240977.2 s, ωt:  24.10 (3.84 periods), wall: 1.985 hours, Δt:   0.87, CFL: 7.20e-01
i: 236600, t:  241056.9 s, ωt:  24.11 (3.84 periods), wall: 1.985 hours, Δt:   0.80, CFL: 7.20e-01
i: 236700, t:  241137.3 s, ωt:  24.11 (3.84 periods), wall: 1.986 hours, Δt:   0.88, CFL: 7.20e-01
i: 236800, t:  241233.7 s, ωt:  24.12 (3.84 periods), wall: 1.987 hours, Δt:   0.86, CFL: 7.20e-01
i: 236900, t:  241322.5 s, ωt:  24.13 (3.84 periods), wall: 1.988 hours, Δt:   1.00, CFL: 7.20e-01
i: 237000, t:  241418.2 s, ωt:  24.14 (3.84 periods), wall: 1.989 hours, Δt:   0.89, CFL: 7.20e-01
i: 237100, t:  241509.7 s, ωt:  24.15 (3.84 periods), wall: 1.990 hours, Δt:   0.78, CFL: 7.20e-01
i: 237200, t:  241604.1 s, ωt:  24.16 (3.85 periods), wall: 1.990 hours, Δt:   0.86, CFL: 7.20e-01
i: 237300, t:  241702.3 s, ωt:  24.17 (3.85 periods), wall: 1.991 hours, Δt:   0.92, CFL: 7.20e-01
i: 237400, t:  241788.7 s, ωt:  24.18 (3.85 periods), wall: 1.992 hours, Δt:   0.85, CFL: 7.20e-01
i: 237500, t:  241879.3 s, ωt:  24.19 (3.85 periods), wall: 1.993 hours, Δt:   0.89, CFL: 7.20e-01
i: 237600, t:  241972.8 s, ωt:  24.20 (3.85 periods), wall: 1.994 hours, Δt:   1.00, CFL: 7.20e-01
i: 237700, t:  242075.0 s, ωt:  24.21 (3.85 periods), wall: 1.995 hours, Δt:   1.02, CFL: 7.20e-01
i: 237800, t:  242164.2 s, ωt:  24.22 (3.85 periods), wall: 1.995 hours, Δt:   0.84, CFL: 7.20e-01
i: 237900, t:  242257.5 s, ωt:  24.23 (3.86 periods), wall: 1.996 hours, Δt:   0.91, CFL: 7.20e-01
i: 238000, t:  242349.9 s, ωt:  24.23 (3.86 periods), wall: 1.997 hours, Δt:   0.81, CFL: 7.20e-01
i: 238100, t:  242444.3 s, ωt:  24.24 (3.86 periods), wall: 1.998 hours, Δt:   1.07, CFL: 7.20e-01
i: 238200, t:  242535.4 s, ωt:  24.25 (3.86 periods), wall: 1.999 hours, Δt:   0.91, CFL: 7.20e-01
i: 238300, t:  242631.0 s, ωt:  24.26 (3.86 periods), wall: 2.000 hours, Δt:   0.96, CFL: 7.20e-01
i: 238400, t:  242724.7 s, ωt:  24.27 (3.86 periods), wall: 2.000 hours, Δt:   0.82, CFL: 7.20e-01
i: 238500, t:  242812.2 s, ωt:  24.28 (3.86 periods), wall: 2.001 hours, Δt:   0.96, CFL: 7.20e-01
i: 238600, t:  242910.4 s, ωt:  24.29 (3.87 periods), wall: 2.002 hours, Δt:   0.88, CFL: 7.20e-01
i: 238700, t:  243004.8 s, ωt:  24.30 (3.87 periods), wall: 2.003 hours, Δt:   1.17, CFL: 7.20e-01
i: 238800, t:  243116.2 s, ωt:  24.31 (3.87 periods), wall: 2.004 hours, Δt:   1.10, CFL: 7.20e-01
i: 238900, t:  243217.7 s, ωt:  24.32 (3.87 periods), wall: 2.005 hours, Δt:   1.09, CFL: 7.20e-01
i: 239000, t:  243329.3 s, ωt:  24.33 (3.87 periods), wall: 2.005 hours, Δt:   0.97, CFL: 7.20e-01
i: 239100, t:  243431.8 s, ωt:  24.34 (3.87 periods), wall: 2.006 hours, Δt:   0.96, CFL: 7.20e-01
i: 239200, t:  243523.9 s, ωt:  24.35 (3.88 periods), wall: 2.007 hours, Δt:   1.07, CFL: 7.20e-01
i: 239300, t:  243636.7 s, ωt:  24.36 (3.88 periods), wall: 2.008 hours, Δt:   1.10, CFL: 7.20e-01
i: 239400, t:  243730.4 s, ωt:  24.37 (3.88 periods), wall: 2.009 hours, Δt:   1.06, CFL: 7.20e-01
i: 239500, t:  243833.0 s, ωt:  24.38 (3.88 periods), wall: 2.010 hours, Δt:   1.16, CFL: 7.20e-01
i: 239600, t:  243946.2 s, ωt:  24.39 (3.88 periods), wall: 2.010 hours, Δt:   1.14, CFL: 7.20e-01
i: 239700, t:  244061.2 s, ωt:  24.41 (3.88 periods), wall: 2.011 hours, Δt:   1.17, CFL: 7.20e-01
i: 239800, t:  244172.4 s, ωt:  24.42 (3.89 periods), wall: 2.012 hours, Δt:   1.11, CFL: 7.20e-01
i: 239900, t:  244270.9 s, ωt:  24.43 (3.89 periods), wall: 2.013 hours, Δt:   0.94, CFL: 7.20e-01
i: 240000, t:  244388.8 s, ωt:  24.44 (3.89 periods), wall: 2.014 hours, Δt:   1.08, CFL: 7.20e-01
i: 240100, t:  244494.7 s, ωt:  24.45 (3.89 periods), wall: 2.015 hours, Δt:   1.15, CFL: 7.20e-01
i: 240200, t:  244615.8 s, ωt:  24.46 (3.89 periods), wall: 2.015 hours, Δt:   1.28, CFL: 7.20e-01
i: 240300, t:  244734.9 s, ωt:  24.47 (3.90 periods), wall: 2.016 hours, Δt:   1.19, CFL: 7.20e-01
i: 240400, t:  244850.6 s, ωt:  24.49 (3.90 periods), wall: 2.017 hours, Δt:   1.10, CFL: 7.20e-01
i: 240500, t:  244967.0 s, ωt:  24.50 (3.90 periods), wall: 2.018 hours, Δt:   1.20, CFL: 7.20e-01
i: 240600, t:  245083.7 s, ωt:  24.51 (3.90 periods), wall: 2.019 hours, Δt:   1.15, CFL: 7.20e-01
i: 240700, t:  245213.0 s, ωt:  24.52 (3.90 periods), wall: 2.020 hours, Δt:   1.12, CFL: 7.20e-01
i: 240800, t:  245340.6 s, ωt:  24.53 (3.90 periods), wall: 2.020 hours, Δt:   1.20, CFL: 7.20e-01
i: 240900, t:  245461.0 s, ωt:  24.55 (3.91 periods), wall: 2.021 hours, Δt:   1.20, CFL: 7.20e-01
i: 241000, t:  245588.0 s, ωt:  24.56 (3.91 periods), wall: 2.022 hours, Δt:   1.19, CFL: 7.20e-01
i: 241100, t:  245712.4 s, ωt:  24.57 (3.91 periods), wall: 2.023 hours, Δt:   1.32, CFL: 7.20e-01
i: 241200, t:  245844.3 s, ωt:  24.58 (3.91 periods), wall: 2.024 hours, Δt:   1.13, CFL: 7.20e-01
i: 241300, t:  245970.8 s, ωt:  24.60 (3.91 periods), wall: 2.025 hours, Δt:   1.41, CFL: 7.20e-01
i: 241400, t:  246098.4 s, ωt:  24.61 (3.92 periods), wall: 2.025 hours, Δt:   1.40, CFL: 7.20e-01
i: 241500, t:  246230.9 s, ωt:  24.62 (3.92 periods), wall: 2.026 hours, Δt:   1.25, CFL: 7.20e-01
i: 241600, t:  246339.6 s, ωt:  24.63 (3.92 periods), wall: 2.027 hours, Δt:   0.91, CFL: 7.20e-01
i: 241700, t:  246449.6 s, ωt:  24.64 (3.92 periods), wall: 2.028 hours, Δt:   1.26, CFL: 7.20e-01
i: 241800, t:  246581.7 s, ωt:  24.66 (3.92 periods), wall: 2.029 hours, Δt:   1.33, CFL: 7.20e-01
i: 241900, t:  246716.3 s, ωt:  24.67 (3.93 periods), wall: 2.030 hours, Δt:   1.41, CFL: 7.20e-01
i: 242000, t:  246852.5 s, ωt:  24.69 (3.93 periods), wall: 2.030 hours, Δt:   1.15, CFL: 7.20e-01
i: 242100, t:  246976.3 s, ωt:  24.70 (3.93 periods), wall: 2.031 hours, Δt:   1.37, CFL: 7.20e-01
i: 242200, t:  247122.3 s, ωt:  24.71 (3.93 periods), wall: 2.032 hours, Δt:   1.27, CFL: 7.20e-01
i: 242300, t:  247261.1 s, ωt:  24.73 (3.94 periods), wall: 2.033 hours, Δt:   1.42, CFL: 7.20e-01
i: 242400, t:  247405.5 s, ωt:  24.74 (3.94 periods), wall: 2.034 hours, Δt:   1.66, CFL: 7.20e-01
i: 242500, t:  247555.2 s, ωt:  24.76 (3.94 periods), wall: 2.035 hours, Δt:   1.45, CFL: 7.20e-01
i: 242600, t:  247725.3 s, ωt:  24.77 (3.94 periods), wall: 2.035 hours, Δt:   1.71, CFL: 7.20e-01
i: 242700, t:  247925.8 s, ωt:  24.79 (3.95 periods), wall: 2.036 hours, Δt:   2.06, CFL: 7.20e-01
i: 242800, t:  248155.6 s, ωt:  24.82 (3.95 periods), wall: 2.037 hours, Δt:   2.44, CFL: 7.20e-01
i: 242900, t:  248378.0 s, ωt:  24.84 (3.95 periods), wall: 2.038 hours, Δt:   2.10, CFL: 7.20e-01
i: 243000, t:  248602.9 s, ωt:  24.86 (3.96 periods), wall: 2.039 hours, Δt:   2.63, CFL: 7.20e-01
i: 243100, t:  248849.1 s, ωt:  24.88 (3.96 periods), wall: 2.040 hours, Δt:   2.90, CFL: 7.20e-01
i: 243200, t:  249141.2 s, ωt:  24.91 (3.97 periods), wall: 2.040 hours, Δt:   3.61, CFL: 7.20e-01
i: 243300, t:  249445.5 s, ωt:  24.94 (3.97 periods), wall: 2.041 hours, Δt:   3.11, CFL: 7.20e-01
i: 243400, t:  249775.9 s, ωt:  24.98 (3.98 periods), wall: 2.042 hours, Δt:   3.13, CFL: 7.20e-01
i: 243500, t:  250112.9 s, ωt:  25.01 (3.98 periods), wall: 2.043 hours, Δt:   3.67, CFL: 7.20e-01
i: 243600, t:  250449.1 s, ωt:  25.04 (3.99 periods), wall: 2.044 hours, Δt:   3.59, CFL: 7.20e-01
i: 243700, t:  250738.2 s, ωt:  25.07 (3.99 periods), wall: 2.045 hours, Δt:   2.74, CFL: 7.20e-01
i: 243800, t:  251025.1 s, ωt:  25.10 (4.00 periods), wall: 2.046 hours, Δt:   2.83, CFL: 7.20e-01
i: 243900, t:  251330.1 s, ωt:  25.13 (4.00 periods), wall: 2.046 hours, Δt:   2.71, CFL: 7.20e-01
i: 244000, t:  251622.0 s, ωt:  25.16 (4.00 periods), wall: 2.047 hours, Δt:   3.05, CFL: 7.20e-01
i: 244100, t:  251951.2 s, ωt:  25.20 (4.01 periods), wall: 2.048 hours, Δt:   3.43, CFL: 7.20e-01
i: 244200, t:  252282.3 s, ωt:  25.23 (4.02 periods), wall: 2.049 hours, Δt:   3.16, CFL: 7.20e-01
i: 244300, t:  252579.8 s, ωt:  25.26 (4.02 periods), wall: 2.050 hours, Δt:   2.72, CFL: 7.20e-01
i: 244400, t:  252833.2 s, ωt:  25.28 (4.02 periods), wall: 2.051 hours, Δt:   2.30, CFL: 7.20e-01
i: 244500, t:  253068.2 s, ωt:  25.31 (4.03 periods), wall: 2.051 hours, Δt:   2.56, CFL: 7.20e-01
i: 244600, t:  253322.6 s, ωt:  25.33 (4.03 periods), wall: 2.052 hours, Δt:   2.58, CFL: 7.20e-01
i: 244700, t:  253560.4 s, ωt:  25.36 (4.04 periods), wall: 2.053 hours, Δt:   1.87, CFL: 7.20e-01
i: 244800, t:  253764.4 s, ωt:  25.38 (4.04 periods), wall: 2.054 hours, Δt:   1.87, CFL: 7.20e-01
i: 244900, t:  253965.0 s, ωt:  25.40 (4.04 periods), wall: 2.055 hours, Δt:   1.87, CFL: 7.20e-01
i: 245000, t:  254154.4 s, ωt:  25.42 (4.04 periods), wall: 2.056 hours, Δt:   1.92, CFL: 7.20e-01
i: 245100, t:  254325.3 s, ωt:  25.43 (4.05 periods), wall: 2.056 hours, Δt:   1.68, CFL: 7.20e-01
i: 245200, t:  254491.0 s, ωt:  25.45 (4.05 periods), wall: 2.057 hours, Δt:   1.69, CFL: 7.20e-01
i: 245300, t:  254642.5 s, ωt:  25.46 (4.05 periods), wall: 2.058 hours, Δt:   1.34, CFL: 7.20e-01
i: 245400, t:  254793.1 s, ωt:  25.48 (4.06 periods), wall: 2.059 hours, Δt:   1.73, CFL: 7.20e-01
i: 245500, t:  254936.1 s, ωt:  25.49 (4.06 periods), wall: 2.060 hours, Δt:   1.32, CFL: 7.20e-01
i: 245600, t:  255081.6 s, ωt:  25.51 (4.06 periods), wall: 2.061 hours, Δt:   1.32, CFL: 7.20e-01
i: 245700, t:  255220.3 s, ωt:  25.52 (4.06 periods), wall: 2.061 hours, Δt:   1.31, CFL: 7.20e-01
i: 245800, t:  255348.6 s, ωt:  25.53 (4.06 periods), wall: 2.062 hours, Δt:   1.46, CFL: 7.20e-01
i: 245900, t:  255487.6 s, ωt:  25.55 (4.07 periods), wall: 2.063 hours, Δt:   1.38, CFL: 7.20e-01
i: 246000, t:  255620.9 s, ωt:  25.56 (4.07 periods), wall: 2.064 hours, Δt:   1.42, CFL: 7.20e-01
i: 246100, t:  255760.9 s, ωt:  25.58 (4.07 periods), wall: 2.065 hours, Δt:   1.30, CFL: 7.20e-01
i: 246200, t:  255884.8 s, ωt:  25.59 (4.07 periods), wall: 2.066 hours, Δt:   1.13, CFL: 7.20e-01
i: 246300, t:  256008.5 s, ωt:  25.60 (4.07 periods), wall: 2.066 hours, Δt:   1.16, CFL: 7.20e-01
i: 246400, t:  256136.5 s, ωt:  25.61 (4.08 periods), wall: 2.067 hours, Δt:   1.23, CFL: 7.20e-01
i: 246500, t:  256254.0 s, ωt:  25.63 (4.08 periods), wall: 2.068 hours, Δt:   1.38, CFL: 7.20e-01
i: 246600, t:  256376.4 s, ωt:  25.64 (4.08 periods), wall: 2.069 hours, Δt:   0.97, CFL: 7.20e-01
i: 246700, t:  256488.1 s, ωt:  25.65 (4.08 periods), wall: 2.070 hours, Δt:   1.07, CFL: 7.20e-01
i: 246800, t:  256602.1 s, ωt:  25.66 (4.08 periods), wall: 2.071 hours, Δt:   1.22, CFL: 7.20e-01
i: 246900, t:  256714.4 s, ωt:  25.67 (4.09 periods), wall: 2.072 hours, Δt:   1.24, CFL: 7.20e-01
i: 247000, t:  256831.8 s, ωt:  25.68 (4.09 periods), wall: 2.072 hours, Δt:   1.30, CFL: 7.20e-01
i: 247100, t:  256945.5 s, ωt:  25.69 (4.09 periods), wall: 2.073 hours, Δt:   1.22, CFL: 7.20e-01
i: 247200, t:  257065.0 s, ωt:  25.71 (4.09 periods), wall: 2.074 hours, Δt:   1.26, CFL: 7.20e-01
i: 247300, t:  257176.4 s, ωt:  25.72 (4.09 periods), wall: 2.075 hours, Δt:   1.06, CFL: 7.20e-01
i: 247400, t:  257287.5 s, ωt:  25.73 (4.09 periods), wall: 2.076 hours, Δt:   0.96, CFL: 7.20e-01
i: 247500, t:  257381.2 s, ωt:  25.74 (4.10 periods), wall: 2.077 hours, Δt:   0.95, CFL: 7.20e-01
i: 247600, t:  257475.0 s, ωt:  25.75 (4.10 periods), wall: 2.077 hours, Δt:   1.04, CFL: 7.20e-01
i: 247700, t:  257579.4 s, ωt:  25.76 (4.10 periods), wall: 2.078 hours, Δt:   0.96, CFL: 7.20e-01
i: 247800, t:  257678.9 s, ωt:  25.77 (4.10 periods), wall: 2.079 hours, Δt:   1.11, CFL: 7.20e-01
i: 247900, t:  257787.8 s, ωt:  25.78 (4.10 periods), wall: 2.080 hours, Δt:   0.96, CFL: 7.20e-01
i: 248000, t:  257889.0 s, ωt:  25.79 (4.10 periods), wall: 2.081 hours, Δt:   1.02, CFL: 7.20e-01
i: 248100, t:  257990.0 s, ωt:  25.80 (4.11 periods), wall: 2.082 hours, Δt:   1.05, CFL: 7.20e-01
i: 248200, t:  258091.9 s, ωt:  25.81 (4.11 periods), wall: 2.082 hours, Δt:   1.04, CFL: 7.20e-01
i: 248300, t:  258197.1 s, ωt:  25.82 (4.11 periods), wall: 2.083 hours, Δt:   0.97, CFL: 7.20e-01
i: 248400, t:  258296.8 s, ωt:  25.83 (4.11 periods), wall: 2.084 hours, Δt:   1.05, CFL: 7.20e-01
i: 248500, t:  258390.7 s, ωt:  25.84 (4.11 periods), wall: 2.085 hours, Δt:   0.66, CFL: 7.20e-01
i: 248600, t:  258479.5 s, ωt:  25.85 (4.11 periods), wall: 2.086 hours, Δt:   1.10, CFL: 7.20e-01
i: 248700, t:  258570.3 s, ωt:  25.86 (4.12 periods), wall: 2.087 hours, Δt:   0.80, CFL: 7.20e-01
i: 248800, t:  258664.1 s, ωt:  25.87 (4.12 periods), wall: 2.087 hours, Δt:   1.06, CFL: 7.20e-01
i: 248900, t:  258766.8 s, ωt:  25.88 (4.12 periods), wall: 2.088 hours, Δt:   1.00, CFL: 7.20e-01
i: 249000, t:  258869.1 s, ωt:  25.89 (4.12 periods), wall: 2.089 hours, Δt:   0.97, CFL: 7.20e-01
i: 249100, t:  258970.4 s, ωt:  25.90 (4.12 periods), wall: 2.090 hours, Δt:   0.92, CFL: 7.20e-01
i: 249200, t:  259064.8 s, ωt:  25.91 (4.12 periods), wall: 2.091 hours, Δt:   0.87, CFL: 7.20e-01
i: 249300, t:  259147.4 s, ωt:  25.91 (4.12 periods), wall: 2.092 hours, Δt:   0.80, CFL: 7.20e-01
i: 249400, t:  259239.1 s, ωt:  25.92 (4.13 periods), wall: 2.092 hours, Δt:   0.95, CFL: 7.20e-01
i: 249500, t:  259333.5 s, ωt:  25.93 (4.13 periods), wall: 2.093 hours, Δt:   0.94, CFL: 7.20e-01
i: 249600, t:  259427.9 s, ωt:  25.94 (4.13 periods), wall: 2.094 hours, Δt:   0.79, CFL: 7.20e-01
i: 249700, t:  259498.0 s, ωt:  25.95 (4.13 periods), wall: 2.095 hours, Δt:   0.84, CFL: 7.20e-01
i: 249800, t:  259588.7 s, ωt:  25.96 (4.13 periods), wall: 2.096 hours, Δt:   0.89, CFL: 7.20e-01
i: 249900, t:  259670.6 s, ωt:  25.97 (4.13 periods), wall: 2.097 hours, Δt:   0.90, CFL: 7.20e-01
i: 250000, t:  259754.3 s, ωt:  25.98 (4.13 periods), wall: 2.097 hours, Δt:   0.91, CFL: 7.20e-01
i: 250100, t:  259847.9 s, ωt:  25.98 (4.14 periods), wall: 2.098 hours, Δt:   0.85, CFL: 7.20e-01
i: 250200, t:  259941.1 s, ωt:  25.99 (4.14 periods), wall: 2.099 hours, Δt:   0.98, CFL: 7.20e-01
i: 250300, t:  260032.6 s, ωt:  26.00 (4.14 periods), wall: 2.100 hours, Δt:   0.93, CFL: 7.20e-01
i: 250400, t:  260120.6 s, ωt:  26.01 (4.14 periods), wall: 2.101 hours, Δt:   0.87, CFL: 7.20e-01
i: 250500, t:  260196.1 s, ωt:  26.02 (4.14 periods), wall: 2.102 hours, Δt:   0.64, CFL: 7.20e-01
i: 250600, t:  260272.3 s, ωt:  26.03 (4.14 periods), wall: 2.102 hours, Δt:   0.81, CFL: 7.20e-01
i: 250700, t:  260342.7 s, ωt:  26.03 (4.14 periods), wall: 2.103 hours, Δt:   0.78, CFL: 7.20e-01
i: 250800, t:  260422.6 s, ωt:  26.04 (4.14 periods), wall: 2.104 hours, Δt:   0.77, CFL: 7.20e-01
i: 250900, t:  260505.6 s, ωt:  26.05 (4.15 periods), wall: 2.105 hours, Δt:   0.80, CFL: 7.20e-01
i: 251000, t:  260590.7 s, ωt:  26.06 (4.15 periods), wall: 2.106 hours, Δt:   0.93, CFL: 7.20e-01
i: 251100, t:  260677.3 s, ωt:  26.07 (4.15 periods), wall: 2.107 hours, Δt:   0.87, CFL: 7.20e-01
i: 251200, t:  260764.4 s, ωt:  26.08 (4.15 periods), wall: 2.107 hours, Δt:   0.85, CFL: 7.20e-01
i: 251300, t:  260851.0 s, ωt:  26.09 (4.15 periods), wall: 2.108 hours, Δt:   0.82, CFL: 7.20e-01
i: 251400, t:  260936.6 s, ωt:  26.09 (4.15 periods), wall: 2.109 hours, Δt:   0.90, CFL: 7.20e-01
i: 251500, t:  261023.4 s, ωt:  26.10 (4.15 periods), wall: 2.110 hours, Δt:   0.89, CFL: 7.20e-01
i: 251600, t:  261098.8 s, ωt:  26.11 (4.16 periods), wall: 2.111 hours, Δt:   0.74, CFL: 7.20e-01
i: 251700, t:  261172.3 s, ωt:  26.12 (4.16 periods), wall: 2.112 hours, Δt:   0.87, CFL: 7.20e-01
i: 251800, t:  261252.3 s, ωt:  26.13 (4.16 periods), wall: 2.112 hours, Δt:   0.69, CFL: 7.20e-01
i: 251900, t:  261334.3 s, ωt:  26.13 (4.16 periods), wall: 2.113 hours, Δt:   0.78, CFL: 7.20e-01
i: 252000, t:  261416.9 s, ωt:  26.14 (4.16 periods), wall: 2.114 hours, Δt:   0.77, CFL: 7.20e-01
i: 252100, t:  261494.4 s, ωt:  26.15 (4.16 periods), wall: 2.115 hours, Δt:   0.80, CFL: 7.20e-01
i: 252200, t:  261573.8 s, ωt:  26.16 (4.16 periods), wall: 2.116 hours, Δt:   0.72, CFL: 7.20e-01
i: 252300, t:  261649.8 s, ωt:  26.16 (4.16 periods), wall: 2.117 hours, Δt:   0.72, CFL: 7.20e-01
i: 252400, t:  261728.6 s, ωt:  26.17 (4.17 periods), wall: 2.117 hours, Δt:   0.79, CFL: 7.20e-01
i: 252500, t:  261804.4 s, ωt:  26.18 (4.17 periods), wall: 2.118 hours, Δt:   0.67, CFL: 7.20e-01
i: 252600, t:  261876.7 s, ωt:  26.19 (4.17 periods), wall: 2.119 hours, Δt:   0.62, CFL: 7.20e-01
i: 252700, t:  261949.0 s, ωt:  26.19 (4.17 periods), wall: 2.120 hours, Δt:   0.75, CFL: 7.20e-01
i: 252800, t:  262026.7 s, ωt:  26.20 (4.17 periods), wall: 2.121 hours, Δt:   0.72, CFL: 7.20e-01
i: 252900, t:  262101.3 s, ωt:  26.21 (4.17 periods), wall: 2.122 hours, Δt:   0.78, CFL: 7.20e-01
i: 253000, t:  262175.3 s, ωt:  26.22 (4.17 periods), wall: 2.122 hours, Δt:   0.68, CFL: 7.20e-01
i: 253100, t:  262242.6 s, ωt:  26.22 (4.17 periods), wall: 2.123 hours, Δt:   0.73, CFL: 7.20e-01
i: 253200, t:  262307.4 s, ωt:  26.23 (4.17 periods), wall: 2.124 hours, Δt:   0.64, CFL: 7.20e-01
i: 253300, t:  262373.5 s, ωt:  26.24 (4.18 periods), wall: 2.125 hours, Δt:   0.59, CFL: 7.20e-01
i: 253400, t:  262435.7 s, ωt:  26.24 (4.18 periods), wall: 2.126 hours, Δt:   0.62, CFL: 7.20e-01
i: 253500, t:  262504.2 s, ωt:  26.25 (4.18 periods), wall: 2.127 hours, Δt:   0.63, CFL: 7.20e-01
i: 253600, t:  262573.3 s, ωt:  26.26 (4.18 periods), wall: 2.127 hours, Δt:   0.75, CFL: 7.20e-01
i: 253700, t:  262646.7 s, ωt:  26.26 (4.18 periods), wall: 2.128 hours, Δt:   0.75, CFL: 7.20e-01
i: 253800, t:  262728.5 s, ωt:  26.27 (4.18 periods), wall: 2.129 hours, Δt:   0.80, CFL: 7.20e-01
i: 253900, t:  262800.8 s, ωt:  26.28 (4.18 periods), wall: 2.130 hours, Δt:   0.65, CFL: 7.20e-01
i: 254000, t:  262876.1 s, ωt:  26.29 (4.18 periods), wall: 2.131 hours, Δt:   0.81, CFL: 7.20e-01
i: 254100, t:  262948.6 s, ωt:  26.29 (4.18 periods), wall: 2.132 hours, Δt:   0.76, CFL: 7.20e-01
i: 254200, t:  263020.2 s, ωt:  26.30 (4.19 periods), wall: 2.132 hours, Δt:   0.64, CFL: 7.20e-01
i: 254300, t:  263087.9 s, ωt:  26.31 (4.19 periods), wall: 2.133 hours, Δt:   0.84, CFL: 7.20e-01
i: 254400, t:  263166.1 s, ωt:  26.32 (4.19 periods), wall: 2.134 hours, Δt:   0.79, CFL: 7.20e-01
i: 254500, t:  263239.9 s, ωt:  26.32 (4.19 periods), wall: 2.135 hours, Δt:   0.63, CFL: 7.20e-01
i: 254600, t:  263307.7 s, ωt:  26.33 (4.19 periods), wall: 2.136 hours, Δt:   0.61, CFL: 7.20e-01
i: 254700, t:  263374.3 s, ωt:  26.34 (4.19 periods), wall: 2.137 hours, Δt:   0.69, CFL: 7.20e-01
i: 254800, t:  263449.7 s, ωt:  26.34 (4.19 periods), wall: 2.137 hours, Δt:   0.68, CFL: 7.20e-01
i: 254900, t:  263520.9 s, ωt:  26.35 (4.19 periods), wall: 2.138 hours, Δt:   0.78, CFL: 7.20e-01
i: 255000, t:  263599.9 s, ωt:  26.36 (4.20 periods), wall: 2.139 hours, Δt:   0.76, CFL: 7.20e-01
i: 255100, t:  263671.6 s, ωt:  26.37 (4.20 periods), wall: 2.140 hours, Δt:   0.69, CFL: 7.20e-01
i: 255200, t:  263745.4 s, ωt:  26.37 (4.20 periods), wall: 2.141 hours, Δt:   0.78, CFL: 7.20e-01
i: 255300, t:  263820.3 s, ωt:  26.38 (4.20 periods), wall: 2.142 hours, Δt:   0.73, CFL: 7.20e-01
i: 255400, t:  263892.9 s, ωt:  26.39 (4.20 periods), wall: 2.142 hours, Δt:   0.73, CFL: 7.20e-01
i: 255500, t:  263962.0 s, ωt:  26.40 (4.20 periods), wall: 2.143 hours, Δt:   0.67, CFL: 7.20e-01
i: 255600, t:  264037.0 s, ωt:  26.40 (4.20 periods), wall: 2.144 hours, Δt:   0.84, CFL: 7.20e-01
i: 255700, t:  264115.7 s, ωt:  26.41 (4.20 periods), wall: 2.145 hours, Δt:   0.81, CFL: 7.20e-01
i: 255800, t:  264190.3 s, ωt:  26.42 (4.20 periods), wall: 2.146 hours, Δt:   0.74, CFL: 7.20e-01
i: 255900, t:  264267.9 s, ωt:  26.43 (4.21 periods), wall: 2.147 hours, Δt:   0.74, CFL: 7.20e-01
i: 256000, t:  264340.1 s, ωt:  26.43 (4.21 periods), wall: 2.147 hours, Δt:   0.72, CFL: 7.20e-01
i: 256100, t:  264411.3 s, ωt:  26.44 (4.21 periods), wall: 2.148 hours, Δt:   0.65, CFL: 7.20e-01
i: 256200, t:  264489.0 s, ωt:  26.45 (4.21 periods), wall: 2.149 hours, Δt:   0.80, CFL: 7.20e-01
i: 256300, t:  264563.7 s, ωt:  26.46 (4.21 periods), wall: 2.150 hours, Δt:   0.74, CFL: 7.20e-01
i: 256400, t:  264637.9 s, ωt:  26.46 (4.21 periods), wall: 2.151 hours, Δt:   0.73, CFL: 7.20e-01
i: 256500, t:  264713.3 s, ωt:  26.47 (4.21 periods), wall: 2.152 hours, Δt:   0.78, CFL: 7.20e-01
i: 256600, t:  264789.7 s, ωt:  26.48 (4.21 periods), wall: 2.152 hours, Δt:   0.77, CFL: 7.20e-01
i: 256700, t:  264863.1 s, ωt:  26.49 (4.22 periods), wall: 2.153 hours, Δt:   0.71, CFL: 7.20e-01
i: 256800, t:  264930.6 s, ωt:  26.49 (4.22 periods), wall: 2.154 hours, Δt:   0.69, CFL: 7.20e-01
i: 256900, t:  265007.9 s, ωt:  26.50 (4.22 periods), wall: 2.155 hours, Δt:   0.81, CFL: 7.20e-01
i: 257000, t:  265085.6 s, ωt:  26.51 (4.22 periods), wall: 2.156 hours, Δt:   0.81, CFL: 7.20e-01
i: 257100, t:  265164.2 s, ωt:  26.52 (4.22 periods), wall: 2.157 hours, Δt:   0.79, CFL: 7.20e-01
i: 257200, t:  265233.4 s, ωt:  26.52 (4.22 periods), wall: 2.157 hours, Δt:   0.76, CFL: 7.20e-01
i: 257300, t:  265306.5 s, ωt:  26.53 (4.22 periods), wall: 2.158 hours, Δt:   0.82, CFL: 7.20e-01
i: 257400, t:  265381.2 s, ωt:  26.54 (4.22 periods), wall: 2.159 hours, Δt:   0.75, CFL: 7.20e-01
i: 257500, t:  265455.0 s, ωt:  26.55 (4.22 periods), wall: 2.160 hours, Δt:   0.87, CFL: 7.20e-01
i: 257600, t:  265535.4 s, ωt:  26.55 (4.23 periods), wall: 2.161 hours, Δt:   0.77, CFL: 7.20e-01
i: 257700, t:  265602.2 s, ωt:  26.56 (4.23 periods), wall: 2.162 hours, Δt:   0.63, CFL: 7.20e-01
i: 257800, t:  265674.7 s, ωt:  26.57 (4.23 periods), wall: 2.162 hours, Δt:   0.82, CFL: 7.20e-01
i: 257900, t:  265748.9 s, ωt:  26.57 (4.23 periods), wall: 2.163 hours, Δt:   0.72, CFL: 7.20e-01
i: 258000, t:  265818.4 s, ωt:  26.58 (4.23 periods), wall: 2.164 hours, Δt:   0.75, CFL: 7.20e-01
i: 258100, t:  265892.3 s, ωt:  26.59 (4.23 periods), wall: 2.165 hours, Δt:   0.67, CFL: 7.20e-01
i: 258200, t:  265966.8 s, ωt:  26.60 (4.23 periods), wall: 2.166 hours, Δt:   0.69, CFL: 7.20e-01
i: 258300, t:  266047.8 s, ωt:  26.60 (4.23 periods), wall: 2.166 hours, Δt:   0.83, CFL: 7.20e-01
i: 258400, t:  266125.9 s, ωt:  26.61 (4.24 periods), wall: 2.167 hours, Δt:   0.66, CFL: 7.20e-01
i: 258500, t:  266200.3 s, ωt:  26.62 (4.24 periods), wall: 2.168 hours, Δt:   0.87, CFL: 7.20e-01
i: 258600, t:  266282.6 s, ωt:  26.63 (4.24 periods), wall: 2.169 hours, Δt:   0.82, CFL: 7.20e-01
i: 258700, t:  266358.7 s, ωt:  26.64 (4.24 periods), wall: 2.170 hours, Δt:   0.64, CFL: 7.20e-01
i: 258800, t:  266425.7 s, ωt:  26.64 (4.24 periods), wall: 2.171 hours, Δt:   0.78, CFL: 7.20e-01
i: 258900, t:  266498.9 s, ωt:  26.65 (4.24 periods), wall: 2.171 hours, Δt:   0.76, CFL: 7.20e-01
i: 259000, t:  266579.4 s, ωt:  26.66 (4.24 periods), wall: 2.172 hours, Δt:   0.81, CFL: 7.20e-01
i: 259100, t:  266656.2 s, ωt:  26.67 (4.24 periods), wall: 2.173 hours, Δt:   0.64, CFL: 7.20e-01
i: 259200, t:  266723.5 s, ωt:  26.67 (4.25 periods), wall: 2.174 hours, Δt:   0.74, CFL: 7.20e-01
i: 259300, t:  266800.7 s, ωt:  26.68 (4.25 periods), wall: 2.175 hours, Δt:   0.73, CFL: 7.20e-01
i: 259400, t:  266873.5 s, ωt:  26.69 (4.25 periods), wall: 2.176 hours, Δt:   0.68, CFL: 7.20e-01
i: 259500, t:  266950.2 s, ωt:  26.70 (4.25 periods), wall: 2.176 hours, Δt:   0.80, CFL: 7.20e-01
i: 259600, t:  267027.6 s, ωt:  26.70 (4.25 periods), wall: 2.177 hours, Δt:   0.80, CFL: 7.20e-01
i: 259700, t:  267102.5 s, ωt:  26.71 (4.25 periods), wall: 2.178 hours, Δt:   0.76, CFL: 7.20e-01
i: 259800, t:  267179.2 s, ωt:  26.72 (4.25 periods), wall: 2.179 hours, Δt:   0.70, CFL: 7.20e-01
i: 259900, t:  267243.2 s, ωt:  26.72 (4.25 periods), wall: 2.180 hours, Δt:   0.72, CFL: 7.20e-01
i: 260000, t:  267323.1 s, ωt:  26.73 (4.25 periods), wall: 2.181 hours, Δt:   0.68, CFL: 7.20e-01
i: 260100, t:  267401.4 s, ωt:  26.74 (4.26 periods), wall: 2.181 hours, Δt:   0.81, CFL: 7.20e-01
i: 260200, t:  267484.6 s, ωt:  26.75 (4.26 periods), wall: 2.182 hours, Δt:   0.79, CFL: 7.20e-01
i: 260300, t:  267558.2 s, ωt:  26.76 (4.26 periods), wall: 2.183 hours, Δt:   0.78, CFL: 7.20e-01
i: 260400, t:  267631.2 s, ωt:  26.76 (4.26 periods), wall: 2.184 hours, Δt:   0.72, CFL: 7.20e-01
i: 260500, t:  267701.3 s, ωt:  26.77 (4.26 periods), wall: 2.185 hours, Δt:   0.76, CFL: 7.20e-01
i: 260600, t:  267769.9 s, ωt:  26.78 (4.26 periods), wall: 2.186 hours, Δt:   0.72, CFL: 7.20e-01
i: 260700, t:  267836.6 s, ωt:  26.78 (4.26 periods), wall: 2.187 hours, Δt:   0.67, CFL: 7.20e-01
i: 260800, t:  267908.2 s, ωt:  26.79 (4.26 periods), wall: 2.187 hours, Δt:   0.70, CFL: 7.20e-01
i: 260900, t:  267977.5 s, ωt:  26.80 (4.26 periods), wall: 2.188 hours, Δt:   0.82, CFL: 7.20e-01
i: 261000, t:  268040.8 s, ωt:  26.80 (4.27 periods), wall: 2.189 hours, Δt:   0.68, CFL: 7.20e-01
i: 261100, t:  268110.1 s, ωt:  26.81 (4.27 periods), wall: 2.190 hours, Δt:   0.76, CFL: 7.20e-01
i: 261200, t:  268178.0 s, ωt:  26.82 (4.27 periods), wall: 2.191 hours, Δt:   0.77, CFL: 7.20e-01
i: 261300, t:  268248.2 s, ωt:  26.82 (4.27 periods), wall: 2.192 hours, Δt:   0.67, CFL: 7.20e-01
i: 261400, t:  268310.7 s, ωt:  26.83 (4.27 periods), wall: 2.192 hours, Δt:   0.59, CFL: 7.20e-01
i: 261500, t:  268376.9 s, ωt:  26.84 (4.27 periods), wall: 2.193 hours, Δt:   0.76, CFL: 7.20e-01
i: 261600, t:  268454.4 s, ωt:  26.85 (4.27 periods), wall: 2.194 hours, Δt:   0.74, CFL: 7.20e-01
i: 261700, t:  268529.1 s, ωt:  26.85 (4.27 periods), wall: 2.195 hours, Δt:   0.73, CFL: 7.20e-01
i: 261800, t:  268612.6 s, ωt:  26.86 (4.28 periods), wall: 2.196 hours, Δt:   0.84, CFL: 7.20e-01
i: 261900, t:  268688.8 s, ωt:  26.87 (4.28 periods), wall: 2.197 hours, Δt:   0.77, CFL: 7.20e-01
i: 262000, t:  268760.0 s, ωt:  26.88 (4.28 periods), wall: 2.197 hours, Δt:   0.84, CFL: 7.20e-01
i: 262100, t:  268842.6 s, ωt:  26.88 (4.28 periods), wall: 2.198 hours, Δt:   0.76, CFL: 7.20e-01
i: 262200, t:  268915.2 s, ωt:  26.89 (4.28 periods), wall: 2.199 hours, Δt:   0.63, CFL: 7.20e-01
i: 262300, t:  268987.3 s, ωt:  26.90 (4.28 periods), wall: 2.200 hours, Δt:   0.74, CFL: 7.20e-01
i: 262400, t:  269061.7 s, ωt:  26.91 (4.28 periods), wall: 2.201 hours, Δt:   0.59, CFL: 7.20e-01
i: 262500, t:  269128.3 s, ωt:  26.91 (4.28 periods), wall: 2.201 hours, Δt:   0.69, CFL: 7.20e-01
i: 262600, t:  269205.2 s, ωt:  26.92 (4.28 periods), wall: 2.202 hours, Δt:   0.78, CFL: 7.20e-01
i: 262700, t:  269275.8 s, ωt:  26.93 (4.29 periods), wall: 2.203 hours, Δt:   0.74, CFL: 7.20e-01
i: 262800, t:  269360.8 s, ωt:  26.94 (4.29 periods), wall: 2.204 hours, Δt:   0.79, CFL: 7.20e-01
i: 262900, t:  269441.8 s, ωt:  26.94 (4.29 periods), wall: 2.205 hours, Δt:   0.85, CFL: 7.20e-01
i: 263000, t:  269526.9 s, ωt:  26.95 (4.29 periods), wall: 2.206 hours, Δt:   0.77, CFL: 7.20e-01
i: 263100, t:  269604.2 s, ωt:  26.96 (4.29 periods), wall: 2.206 hours, Δt:   0.83, CFL: 7.20e-01
i: 263200, t:  269682.9 s, ωt:  26.97 (4.29 periods), wall: 2.207 hours, Δt:   0.71, CFL: 7.20e-01
i: 263300, t:  269762.4 s, ωt:  26.98 (4.29 periods), wall: 2.208 hours, Δt:   0.85, CFL: 7.20e-01
i: 263400, t:  269850.0 s, ωt:  26.98 (4.29 periods), wall: 2.209 hours, Δt:   0.86, CFL: 7.20e-01
i: 263500, t:  269932.8 s, ωt:  26.99 (4.30 periods), wall: 2.210 hours, Δt:   0.85, CFL: 7.20e-01
i: 263600, t:  270011.0 s, ωt:  27.00 (4.30 periods), wall: 2.211 hours, Δt:   0.90, CFL: 7.20e-01
i: 263700, t:  270095.0 s, ωt:  27.01 (4.30 periods), wall: 2.211 hours, Δt:   0.89, CFL: 7.20e-01
i: 263800, t:  270169.0 s, ωt:  27.02 (4.30 periods), wall: 2.212 hours, Δt:   0.80, CFL: 7.20e-01
i: 263900, t:  270247.5 s, ωt:  27.02 (4.30 periods), wall: 2.213 hours, Δt:   0.84, CFL: 7.20e-01
i: 264000, t:  270323.3 s, ωt:  27.03 (4.30 periods), wall: 2.214 hours, Δt:   0.74, CFL: 7.20e-01
i: 264100, t:  270399.0 s, ωt:  27.04 (4.30 periods), wall: 2.215 hours, Δt:   0.67, CFL: 7.20e-01
i: 264200, t:  270475.7 s, ωt:  27.05 (4.30 periods), wall: 2.216 hours, Δt:   0.87, CFL: 7.20e-01
i: 264300, t:  270557.5 s, ωt:  27.06 (4.31 periods), wall: 2.216 hours, Δt:   0.74, CFL: 7.20e-01
i: 264400, t:  270635.4 s, ωt:  27.06 (4.31 periods), wall: 2.217 hours, Δt:   0.87, CFL: 7.20e-01
i: 264500, t:  270714.9 s, ωt:  27.07 (4.31 periods), wall: 2.218 hours, Δt:   0.69, CFL: 7.20e-01
i: 264600, t:  270788.4 s, ωt:  27.08 (4.31 periods), wall: 2.219 hours, Δt:   0.75, CFL: 7.20e-01
i: 264700, t:  270867.5 s, ωt:  27.09 (4.31 periods), wall: 2.220 hours, Δt:   0.91, CFL: 7.20e-01
i: 264800, t:  270951.0 s, ωt:  27.10 (4.31 periods), wall: 2.221 hours, Δt:   0.79, CFL: 7.20e-01
i: 264900, t:  271026.7 s, ωt:  27.10 (4.31 periods), wall: 2.221 hours, Δt:   0.78, CFL: 7.20e-01
i: 265000, t:  271104.5 s, ωt:  27.11 (4.31 periods), wall: 2.222 hours, Δt:   0.74, CFL: 7.20e-01
i: 265100, t:  271183.6 s, ωt:  27.12 (4.32 periods), wall: 2.223 hours, Δt:   0.71, CFL: 7.20e-01
i: 265200, t:  271265.5 s, ωt:  27.13 (4.32 periods), wall: 2.224 hours, Δt:   0.82, CFL: 7.20e-01
i: 265300, t:  271343.7 s, ωt:  27.13 (4.32 periods), wall: 2.225 hours, Δt:   0.79, CFL: 7.20e-01
i: 265400, t:  271420.8 s, ωt:  27.14 (4.32 periods), wall: 2.226 hours, Δt:   0.76, CFL: 7.20e-01
i: 265500, t:  271498.2 s, ωt:  27.15 (4.32 periods), wall: 2.226 hours, Δt:   0.87, CFL: 7.20e-01
i: 265600, t:  271591.5 s, ωt:  27.16 (4.32 periods), wall: 2.227 hours, Δt:   0.85, CFL: 7.20e-01
i: 265700, t:  271673.9 s, ωt:  27.17 (4.32 periods), wall: 2.228 hours, Δt:   0.80, CFL: 7.20e-01
i: 265800, t:  271757.8 s, ωt:  27.18 (4.33 periods), wall: 2.229 hours, Δt:   0.82, CFL: 7.20e-01
i: 265900, t:  271841.1 s, ωt:  27.18 (4.33 periods), wall: 2.230 hours, Δt:   0.77, CFL: 7.20e-01
i: 266000, t:  271927.9 s, ωt:  27.19 (4.33 periods), wall: 2.231 hours, Δt:   0.81, CFL: 7.20e-01
i: 266100, t:  272011.2 s, ωt:  27.20 (4.33 periods), wall: 2.231 hours, Δt:   0.95, CFL: 7.20e-01
i: 266200, t:  272101.4 s, ωt:  27.21 (4.33 periods), wall: 2.232 hours, Δt:   0.88, CFL: 7.20e-01
i: 266300, t:  272193.9 s, ωt:  27.22 (4.33 periods), wall: 2.233 hours, Δt:   0.93, CFL: 7.20e-01
i: 266400, t:  272281.0 s, ωt:  27.23 (4.33 periods), wall: 2.234 hours, Δt:   0.81, CFL: 7.20e-01
i: 266500, t:  272369.4 s, ωt:  27.24 (4.33 periods), wall: 2.235 hours, Δt:   0.71, CFL: 7.20e-01
i: 266600, t:  272449.6 s, ωt:  27.24 (4.34 periods), wall: 2.236 hours, Δt:   1.02, CFL: 7.20e-01
i: 266700, t:  272539.1 s, ωt:  27.25 (4.34 periods), wall: 2.237 hours, Δt:   0.85, CFL: 7.20e-01
i: 266800, t:  272615.9 s, ωt:  27.26 (4.34 periods), wall: 2.237 hours, Δt:   0.69, CFL: 7.20e-01
i: 266900, t:  272696.5 s, ωt:  27.27 (4.34 periods), wall: 2.238 hours, Δt:   0.92, CFL: 7.20e-01
i: 267000, t:  272789.5 s, ωt:  27.28 (4.34 periods), wall: 2.239 hours, Δt:   0.90, CFL: 7.20e-01
i: 267100, t:  272879.4 s, ωt:  27.29 (4.34 periods), wall: 2.240 hours, Δt:   0.87, CFL: 7.20e-01
i: 267200, t:  272973.9 s, ωt:  27.30 (4.34 periods), wall: 2.241 hours, Δt:   0.96, CFL: 7.20e-01
i: 267300, t:  273066.0 s, ωt:  27.31 (4.35 periods), wall: 2.242 hours, Δt:   0.83, CFL: 7.20e-01
i: 267400, t:  273156.1 s, ωt:  27.32 (4.35 periods), wall: 2.242 hours, Δt:   0.79, CFL: 7.20e-01
i: 267500, t:  273252.9 s, ωt:  27.33 (4.35 periods), wall: 2.243 hours, Δt:   0.83, CFL: 7.20e-01
i: 267600, t:  273341.4 s, ωt:  27.33 (4.35 periods), wall: 2.244 hours, Δt:   0.73, CFL: 7.20e-01
i: 267700, t:  273429.8 s, ωt:  27.34 (4.35 periods), wall: 2.245 hours, Δt:   0.98, CFL: 7.20e-01
i: 267800, t:  273530.3 s, ωt:  27.35 (4.35 periods), wall: 2.246 hours, Δt:   1.12, CFL: 7.20e-01
i: 267900, t:  273632.3 s, ωt:  27.36 (4.35 periods), wall: 2.247 hours, Δt:   0.95, CFL: 7.20e-01
i: 268000, t:  273739.1 s, ωt:  27.37 (4.36 periods), wall: 2.247 hours, Δt:   1.04, CFL: 7.20e-01
i: 268100, t:  273846.0 s, ωt:  27.38 (4.36 periods), wall: 2.248 hours, Δt:   1.17, CFL: 7.20e-01
i: 268200, t:  273958.0 s, ωt:  27.40 (4.36 periods), wall: 2.249 hours, Δt:   1.14, CFL: 7.20e-01
i: 268300, t:  274064.8 s, ωt:  27.41 (4.36 periods), wall: 2.250 hours, Δt:   1.12, CFL: 7.20e-01
i: 268400, t:  274167.8 s, ωt:  27.42 (4.36 periods), wall: 2.251 hours, Δt:   1.05, CFL: 7.20e-01
i: 268500, t:  274276.4 s, ωt:  27.43 (4.37 periods), wall: 2.252 hours, Δt:   1.18, CFL: 7.20e-01
i: 268600, t:  274393.9 s, ωt:  27.44 (4.37 periods), wall: 2.252 hours, Δt:   1.11, CFL: 7.20e-01
i: 268700, t:  274498.9 s, ωt:  27.45 (4.37 periods), wall: 2.253 hours, Δt:   1.01, CFL: 7.20e-01
i: 268800, t:  274621.1 s, ωt:  27.46 (4.37 periods), wall: 2.254 hours, Δt:   1.16, CFL: 7.20e-01
i: 268900, t:  274724.2 s, ωt:  27.47 (4.37 periods), wall: 2.255 hours, Δt:   1.06, CFL: 7.20e-01
i: 269000, t:  274832.2 s, ωt:  27.48 (4.37 periods), wall: 2.256 hours, Δt:   1.00, CFL: 7.20e-01
i: 269100, t:  274935.8 s, ωt:  27.49 (4.38 periods), wall: 2.257 hours, Δt:   0.95, CFL: 7.20e-01
i: 269200, t:  275053.3 s, ωt:  27.51 (4.38 periods), wall: 2.257 hours, Δt:   1.13, CFL: 7.20e-01
i: 269300, t:  275161.8 s, ωt:  27.52 (4.38 periods), wall: 2.258 hours, Δt:   1.29, CFL: 7.20e-01
i: 269400, t:  275282.0 s, ωt:  27.53 (4.38 periods), wall: 2.259 hours, Δt:   1.33, CFL: 7.20e-01
i: 269500, t:  275398.9 s, ωt:  27.54 (4.38 periods), wall: 2.260 hours, Δt:   1.17, CFL: 7.20e-01
i: 269600, t:  275518.8 s, ωt:  27.55 (4.39 periods), wall: 2.261 hours, Δt:   1.14, CFL: 7.20e-01
i: 269700, t:  275628.7 s, ωt:  27.56 (4.39 periods), wall: 2.262 hours, Δt:   1.20, CFL: 7.20e-01
i: 269800, t:  275748.0 s, ωt:  27.57 (4.39 periods), wall: 2.262 hours, Δt:   1.23, CFL: 7.20e-01
i: 269900, t:  275867.9 s, ωt:  27.59 (4.39 periods), wall: 2.263 hours, Δt:   1.06, CFL: 7.20e-01
i: 270000, t:  275982.9 s, ωt:  27.60 (4.39 periods), wall: 2.264 hours, Δt:   1.18, CFL: 7.20e-01
i: 270100, t:  276112.0 s, ωt:  27.61 (4.39 periods), wall: 2.265 hours, Δt:   1.41, CFL: 7.20e-01
i: 270200, t:  276227.9 s, ωt:  27.62 (4.40 periods), wall: 2.266 hours, Δt:   1.16, CFL: 7.20e-01
i: 270300, t:  276352.7 s, ωt:  27.64 (4.40 periods), wall: 2.267 hours, Δt:   1.16, CFL: 7.20e-01
i: 270400, t:  276490.1 s, ωt:  27.65 (4.40 periods), wall: 2.267 hours, Δt:   1.50, CFL: 7.20e-01
i: 270500, t:  276629.8 s, ωt:  27.66 (4.40 periods), wall: 2.268 hours, Δt:   1.29, CFL: 7.20e-01
i: 270600, t:  276757.6 s, ωt:  27.68 (4.40 periods), wall: 2.269 hours, Δt:   1.38, CFL: 7.20e-01
i: 270700, t:  276906.7 s, ωt:  27.69 (4.41 periods), wall: 2.270 hours, Δt:   1.58, CFL: 7.20e-01
i: 270800, t:  277039.7 s, ωt:  27.70 (4.41 periods), wall: 2.271 hours, Δt:   1.44, CFL: 7.20e-01
i: 270900, t:  277188.0 s, ωt:  27.72 (4.41 periods), wall: 2.272 hours, Δt:   1.38, CFL: 7.20e-01
i: 271000, t:  277335.5 s, ωt:  27.73 (4.41 periods), wall: 2.272 hours, Δt:   1.64, CFL: 7.20e-01
i: 271100, t:  277489.0 s, ωt:  27.75 (4.42 periods), wall: 2.273 hours, Δt:   1.47, CFL: 7.20e-01
i: 271200, t:  277653.3 s, ωt:  27.77 (4.42 periods), wall: 2.274 hours, Δt:   1.57, CFL: 7.20e-01
i: 271300, t:  277806.4 s, ωt:  27.78 (4.42 periods), wall: 2.275 hours, Δt:   1.59, CFL: 7.20e-01
i: 271400, t:  277949.7 s, ωt:  27.79 (4.42 periods), wall: 2.276 hours, Δt:   1.43, CFL: 7.20e-01
i: 271500, t:  278086.0 s, ωt:  27.81 (4.43 periods), wall: 2.277 hours, Δt:   1.26, CFL: 7.20e-01
i: 271600, t:  278221.2 s, ωt:  27.82 (4.43 periods), wall: 2.277 hours, Δt:   1.59, CFL: 7.20e-01
i: 271700, t:  278381.3 s, ωt:  27.84 (4.43 periods), wall: 2.278 hours, Δt:   1.62, CFL: 7.20e-01
i: 271800, t:  278546.2 s, ωt:  27.85 (4.43 periods), wall: 2.279 hours, Δt:   1.73, CFL: 7.20e-01
i: 271900, t:  278718.9 s, ωt:  27.87 (4.44 periods), wall: 2.280 hours, Δt:   1.54, CFL: 7.20e-01
i: 272000, t:  278886.4 s, ωt:  27.89 (4.44 periods), wall: 2.281 hours, Δt:   1.73, CFL: 7.20e-01
i: 272100, t:  279083.8 s, ωt:  27.91 (4.44 periods), wall: 2.282 hours, Δt:   2.07, CFL: 7.20e-01
i: 272200, t:  279296.7 s, ωt:  27.93 (4.45 periods), wall: 2.282 hours, Δt:   2.05, CFL: 7.20e-01
i: 272300, t:  279502.3 s, ωt:  27.95 (4.45 periods), wall: 2.283 hours, Δt:   1.89, CFL: 7.20e-01
i: 272400, t:  279701.8 s, ωt:  27.97 (4.45 periods), wall: 2.284 hours, Δt:   2.10, CFL: 7.20e-01
i: 272500, t:  279910.2 s, ωt:  27.99 (4.45 periods), wall: 2.285 hours, Δt:   2.19, CFL: 7.20e-01
i: 272600, t:  280131.0 s, ωt:  28.01 (4.46 periods), wall: 2.286 hours, Δt:   2.37, CFL: 7.20e-01
i: 272700, t:  280384.5 s, ωt:  28.04 (4.46 periods), wall: 2.287 hours, Δt:   2.56, CFL: 7.20e-01
i: 272800, t:  280626.4 s, ωt:  28.06 (4.47 periods), wall: 2.287 hours, Δt:   2.19, CFL: 7.20e-01
i: 272900, t:  280871.3 s, ωt:  28.09 (4.47 periods), wall: 2.288 hours, Δt:   3.01, CFL: 7.20e-01
i: 273000, t:  281171.3 s, ωt:  28.12 (4.47 periods), wall: 2.289 hours, Δt:   2.81, CFL: 7.20e-01
i: 273100, t:  281454.5 s, ωt:  28.15 (4.48 periods), wall: 2.290 hours, Δt:   2.54, CFL: 7.20e-01
i: 273200, t:  281684.6 s, ωt:  28.17 (4.48 periods), wall: 2.291 hours, Δt:   1.99, CFL: 7.20e-01
i: 273300, t:  281875.1 s, ωt:  28.19 (4.49 periods), wall: 2.292 hours, Δt:   1.93, CFL: 7.20e-01
i: 273400, t:  282043.3 s, ωt:  28.20 (4.49 periods), wall: 2.293 hours, Δt:   1.87, CFL: 7.20e-01
i: 273500, t:  282279.7 s, ωt:  28.23 (4.49 periods), wall: 2.293 hours, Δt:   2.43, CFL: 7.20e-01
i: 273600, t:  282516.6 s, ωt:  28.25 (4.50 periods), wall: 2.294 hours, Δt:   1.95, CFL: 7.20e-01
i: 273700, t:  282729.6 s, ωt:  28.27 (4.50 periods), wall: 2.295 hours, Δt:   2.35, CFL: 7.20e-01
i: 273800, t:  282955.8 s, ωt:  28.30 (4.50 periods), wall: 2.296 hours, Δt:   2.32, CFL: 7.20e-01
i: 273900, t:  283235.2 s, ωt:  28.32 (4.51 periods), wall: 2.297 hours, Δt:   2.81, CFL: 7.20e-01
i: 274000, t:  283508.1 s, ωt:  28.35 (4.51 periods), wall: 2.298 hours, Δt:   2.59, CFL: 7.20e-01
i: 274100, t:  283756.9 s, ωt:  28.38 (4.52 periods), wall: 2.298 hours, Δt:   2.67, CFL: 7.20e-01
i: 274200, t:  284005.2 s, ωt:  28.40 (4.52 periods), wall: 2.299 hours, Δt:   2.48, CFL: 7.20e-01
i: 274300, t:  284217.2 s, ωt:  28.42 (4.52 periods), wall: 2.300 hours, Δt:   2.08, CFL: 7.20e-01
i: 274400, t:  284423.6 s, ωt:  28.44 (4.53 periods), wall: 2.301 hours, Δt:   2.40, CFL: 7.20e-01
i: 274500, t:  284614.7 s, ωt:  28.46 (4.53 periods), wall: 2.302 hours, Δt:   1.93, CFL: 7.20e-01
i: 274600, t:  284806.2 s, ωt:  28.48 (4.53 periods), wall: 2.303 hours, Δt:   2.02, CFL: 7.20e-01
i: 274700, t:  285005.1 s, ωt:  28.50 (4.54 periods), wall: 2.303 hours, Δt:   1.93, CFL: 7.20e-01
i: 274800, t:  285184.2 s, ωt:  28.52 (4.54 periods), wall: 2.304 hours, Δt:   1.46, CFL: 7.20e-01
i: 274900, t:  285341.8 s, ωt:  28.53 (4.54 periods), wall: 2.305 hours, Δt:   1.39, CFL: 7.20e-01
i: 275000, t:  285504.3 s, ωt:  28.55 (4.54 periods), wall: 2.306 hours, Δt:   1.76, CFL: 7.20e-01
i: 275100, t:  285649.0 s, ωt:  28.56 (4.55 periods), wall: 2.307 hours, Δt:   1.38, CFL: 7.20e-01
i: 275200, t:  285797.1 s, ωt:  28.58 (4.55 periods), wall: 2.308 hours, Δt:   1.36, CFL: 7.20e-01
i: 275300, t:  285931.2 s, ωt:  28.59 (4.55 periods), wall: 2.308 hours, Δt:   1.32, CFL: 7.20e-01
i: 275400, t:  286055.2 s, ωt:  28.61 (4.55 periods), wall: 2.309 hours, Δt:   1.36, CFL: 7.20e-01
i: 275500, t:  286196.4 s, ωt:  28.62 (4.55 periods), wall: 2.310 hours, Δt:   1.47, CFL: 7.20e-01
i: 275600, t:  286338.2 s, ωt:  28.63 (4.56 periods), wall: 2.311 hours, Δt:   1.43, CFL: 7.20e-01
i: 275700, t:  286475.5 s, ωt:  28.65 (4.56 periods), wall: 2.312 hours, Δt:   1.24, CFL: 7.20e-01
i: 275800, t:  286597.5 s, ωt:  28.66 (4.56 periods), wall: 2.313 hours, Δt:   1.24, CFL: 7.20e-01
i: 275900, t:  286732.2 s, ωt:  28.67 (4.56 periods), wall: 2.314 hours, Δt:   1.35, CFL: 7.20e-01
i: 276000, t:  286859.1 s, ωt:  28.69 (4.57 periods), wall: 2.314 hours, Δt:   1.15, CFL: 7.20e-01
i: 276100, t:  286989.0 s, ωt:  28.70 (4.57 periods), wall: 2.315 hours, Δt:   1.30, CFL: 7.20e-01
i: 276200, t:  287118.7 s, ωt:  28.71 (4.57 periods), wall: 2.316 hours, Δt:   1.28, CFL: 7.20e-01
i: 276300, t:  287229.0 s, ωt:  28.72 (4.57 periods), wall: 2.317 hours, Δt:   0.96, CFL: 7.20e-01
i: 276400, t:  287344.5 s, ωt:  28.73 (4.57 periods), wall: 2.318 hours, Δt:   1.26, CFL: 7.20e-01
i: 276500, t:  287462.8 s, ωt:  28.75 (4.58 periods), wall: 2.319 hours, Δt:   1.21, CFL: 7.20e-01
i: 276600, t:  287583.8 s, ωt:  28.76 (4.58 periods), wall: 2.319 hours, Δt:   1.26, CFL: 7.20e-01
i: 276700, t:  287701.5 s, ωt:  28.77 (4.58 periods), wall: 2.320 hours, Δt:   1.19, CFL: 7.20e-01
i: 276800, t:  287814.5 s, ωt:  28.78 (4.58 periods), wall: 2.321 hours, Δt:   1.06, CFL: 7.20e-01
i: 276900, t:  287933.4 s, ωt:  28.79 (4.58 periods), wall: 2.322 hours, Δt:   1.03, CFL: 7.20e-01
i: 277000, t:  288046.9 s, ωt:  28.80 (4.58 periods), wall: 2.323 hours, Δt:   1.27, CFL: 7.20e-01
i: 277100, t:  288144.1 s, ωt:  28.81 (4.59 periods), wall: 2.324 hours, Δt:   0.90, CFL: 7.20e-01
i: 277200, t:  288244.0 s, ωt:  28.82 (4.59 periods), wall: 2.324 hours, Δt:   1.15, CFL: 7.20e-01
i: 277300, t:  288350.7 s, ωt:  28.84 (4.59 periods), wall: 2.325 hours, Δt:   1.03, CFL: 7.20e-01
i: 277400, t:  288458.3 s, ωt:  28.85 (4.59 periods), wall: 2.326 hours, Δt:   1.09, CFL: 7.20e-01
i: 277500, t:  288563.8 s, ωt:  28.86 (4.59 periods), wall: 2.327 hours, Δt:   1.03, CFL: 7.20e-01
i: 277600, t:  288673.3 s, ωt:  28.87 (4.59 periods), wall: 2.328 hours, Δt:   1.20, CFL: 7.20e-01
i: 277700, t:  288785.2 s, ωt:  28.88 (4.60 periods), wall: 2.329 hours, Δt:   0.94, CFL: 7.20e-01
i: 277800, t:  288885.9 s, ωt:  28.89 (4.60 periods), wall: 2.329 hours, Δt:   0.93, CFL: 7.20e-01
i: 277900, t:  288985.7 s, ωt:  28.90 (4.60 periods), wall: 2.330 hours, Δt:   0.95, CFL: 7.20e-01
i: 278000, t:  289078.9 s, ωt:  28.91 (4.60 periods), wall: 2.331 hours, Δt:   0.94, CFL: 7.20e-01
i: 278100, t:  289180.2 s, ωt:  28.92 (4.60 periods), wall: 2.332 hours, Δt:   0.95, CFL: 7.20e-01
i: 278200, t:  289266.9 s, ωt:  28.93 (4.60 periods), wall: 2.333 hours, Δt:   0.92, CFL: 7.20e-01
i: 278300, t:  289363.3 s, ωt:  28.94 (4.61 periods), wall: 2.334 hours, Δt:   0.99, CFL: 7.20e-01
i: 278400, t:  289457.0 s, ωt:  28.95 (4.61 periods), wall: 2.334 hours, Δt:   1.05, CFL: 7.20e-01
i: 278500, t:  289553.8 s, ωt:  28.96 (4.61 periods), wall: 2.335 hours, Δt:   0.85, CFL: 7.20e-01
i: 278600, t:  289646.7 s, ωt:  28.96 (4.61 periods), wall: 2.336 hours, Δt:   0.96, CFL: 7.20e-01
i: 278700, t:  289739.7 s, ωt:  28.97 (4.61 periods), wall: 2.337 hours, Δt:   1.01, CFL: 7.20e-01
i: 278800, t:  289835.0 s, ωt:  28.98 (4.61 periods), wall: 2.338 hours, Δt:   0.92, CFL: 7.20e-01
i: 278900, t:  289918.3 s, ωt:  28.99 (4.61 periods), wall: 2.339 hours, Δt:   1.00, CFL: 7.20e-01
i: 279000, t:  290007.9 s, ωt:  29.00 (4.62 periods), wall: 2.339 hours, Δt:   0.81, CFL: 7.20e-01
i: 279100, t:  290089.5 s, ωt:  29.01 (4.62 periods), wall: 2.340 hours, Δt:   0.67, CFL: 7.20e-01
i: 279200, t:  290163.7 s, ωt:  29.02 (4.62 periods), wall: 2.341 hours, Δt:   0.83, CFL: 7.20e-01
i: 279300, t:  290249.0 s, ωt:  29.02 (4.62 periods), wall: 2.342 hours, Δt:   0.85, CFL: 7.20e-01
i: 279400, t:  290332.4 s, ωt:  29.03 (4.62 periods), wall: 2.343 hours, Δt:   0.85, CFL: 7.20e-01
i: 279500, t:  290423.0 s, ωt:  29.04 (4.62 periods), wall: 2.344 hours, Δt:   0.84, CFL: 7.20e-01
i: 279600, t:  290512.8 s, ωt:  29.05 (4.62 periods), wall: 2.344 hours, Δt:   0.81, CFL: 7.20e-01
i: 279700, t:  290597.3 s, ωt:  29.06 (4.62 periods), wall: 2.345 hours, Δt:   0.88, CFL: 7.20e-01
i: 279800, t:  290690.2 s, ωt:  29.07 (4.63 periods), wall: 2.346 hours, Δt:   0.88, CFL: 7.20e-01
i: 279900, t:  290783.9 s, ωt:  29.08 (4.63 periods), wall: 2.347 hours, Δt:   0.75, CFL: 7.20e-01
i: 280000, t:  290862.8 s, ωt:  29.09 (4.63 periods), wall: 2.348 hours, Δt:   0.76, CFL: 7.20e-01
i: 280100, t:  290941.9 s, ωt:  29.09 (4.63 periods), wall: 2.349 hours, Δt:   0.85, CFL: 7.20e-01
i: 280200, t:  291020.4 s, ωt:  29.10 (4.63 periods), wall: 2.349 hours, Δt:   0.89, CFL: 7.20e-01
i: 280300, t:  291104.1 s, ωt:  29.11 (4.63 periods), wall: 2.350 hours, Δt:   0.87, CFL: 7.20e-01
i: 280400, t:  291189.7 s, ωt:  29.12 (4.63 periods), wall: 2.351 hours, Δt:   0.90, CFL: 7.20e-01
i: 280500, t:  291279.1 s, ωt:  29.13 (4.64 periods), wall: 2.352 hours, Δt:   0.90, CFL: 7.20e-01
i: 280600, t:  291348.8 s, ωt:  29.13 (4.64 periods), wall: 2.353 hours, Δt:   0.63, CFL: 7.20e-01
i: 280700, t:  291421.2 s, ωt:  29.14 (4.64 periods), wall: 2.354 hours, Δt:   0.69, CFL: 7.20e-01
i: 280800, t:  291494.2 s, ωt:  29.15 (4.64 periods), wall: 2.354 hours, Δt:   0.89, CFL: 7.20e-01
i: 280900, t:  291573.5 s, ωt:  29.16 (4.64 periods), wall: 2.355 hours, Δt:   0.85, CFL: 7.20e-01
i: 281000, t:  291652.2 s, ωt:  29.17 (4.64 periods), wall: 2.356 hours, Δt:   0.86, CFL: 7.20e-01
i: 281100, t:  291739.4 s, ωt:  29.17 (4.64 periods), wall: 2.357 hours, Δt:   0.89, CFL: 7.20e-01
i: 281200, t:  291819.6 s, ωt:  29.18 (4.64 periods), wall: 2.358 hours, Δt:   0.72, CFL: 7.20e-01
i: 281300, t:  291905.8 s, ωt:  29.19 (4.65 periods), wall: 2.359 hours, Δt:   0.86, CFL: 7.20e-01
i: 281400, t:  291990.5 s, ωt:  29.20 (4.65 periods), wall: 2.359 hours, Δt:   0.79, CFL: 7.20e-01
i: 281500, t:  292068.3 s, ωt:  29.21 (4.65 periods), wall: 2.360 hours, Δt:   0.81, CFL: 7.20e-01
i: 281600, t:  292140.2 s, ωt:  29.21 (4.65 periods), wall: 2.361 hours, Δt:   0.70, CFL: 7.20e-01
i: 281700, t:  292216.1 s, ωt:  29.22 (4.65 periods), wall: 2.362 hours, Δt:   0.81, CFL: 7.20e-01
i: 281800, t:  292291.9 s, ωt:  29.23 (4.65 periods), wall: 2.363 hours, Δt:   0.80, CFL: 7.20e-01
i: 281900, t:  292372.5 s, ωt:  29.24 (4.65 periods), wall: 2.364 hours, Δt:   0.74, CFL: 7.20e-01
i: 282000, t:  292446.1 s, ωt:  29.24 (4.65 periods), wall: 2.364 hours, Δt:   0.62, CFL: 7.20e-01
i: 282100, t:  292518.2 s, ωt:  29.25 (4.66 periods), wall: 2.365 hours, Δt:   0.85, CFL: 7.20e-01
i: 282200, t:  292595.6 s, ωt:  29.26 (4.66 periods), wall: 2.366 hours, Δt:   0.61, CFL: 7.20e-01
i: 282300, t:  292661.1 s, ωt:  29.27 (4.66 periods), wall: 2.367 hours, Δt:   0.67, CFL: 7.20e-01
i: 282400, t:  292728.9 s, ωt:  29.27 (4.66 periods), wall: 2.368 hours, Δt:   0.71, CFL: 7.20e-01
i: 282500, t:  292805.4 s, ωt:  29.28 (4.66 periods), wall: 2.369 hours, Δt:   0.74, CFL: 7.20e-01
i: 282600, t:  292879.6 s, ωt:  29.29 (4.66 periods), wall: 2.369 hours, Δt:   0.80, CFL: 7.20e-01
i: 282700, t:  292956.3 s, ωt:  29.30 (4.66 periods), wall: 2.370 hours, Δt:   0.67, CFL: 7.20e-01
i: 282800, t:  293024.2 s, ωt:  29.30 (4.66 periods), wall: 2.371 hours, Δt:   0.78, CFL: 7.20e-01
i: 282900, t:  293094.6 s, ωt:  29.31 (4.66 periods), wall: 2.372 hours, Δt:   0.65, CFL: 7.20e-01
i: 283000, t:  293163.4 s, ωt:  29.32 (4.67 periods), wall: 2.373 hours, Δt:   0.71, CFL: 7.20e-01
i: 283100, t:  293235.0 s, ωt:  29.32 (4.67 periods), wall: 2.374 hours, Δt:   0.71, CFL: 7.20e-01
i: 283200, t:  293311.5 s, ωt:  29.33 (4.67 periods), wall: 2.374 hours, Δt:   0.79, CFL: 7.20e-01
i: 283300, t:  293392.4 s, ωt:  29.34 (4.67 periods), wall: 2.375 hours, Δt:   0.83, CFL: 7.20e-01
i: 283400, t:  293474.3 s, ωt:  29.35 (4.67 periods), wall: 2.376 hours, Δt:   0.85, CFL: 7.20e-01
i: 283500, t:  293553.7 s, ωt:  29.36 (4.67 periods), wall: 2.377 hours, Δt:   0.66, CFL: 7.20e-01
i: 283600, t:  293625.0 s, ωt:  29.36 (4.67 periods), wall: 2.378 hours, Δt:   0.79, CFL: 7.20e-01
i: 283700, t:  293701.4 s, ωt:  29.37 (4.67 periods), wall: 2.379 hours, Δt:   0.74, CFL: 7.20e-01
i: 283800, t:  293781.5 s, ωt:  29.38 (4.68 periods), wall: 2.379 hours, Δt:   0.74, CFL: 7.20e-01
i: 283900, t:  293857.7 s, ωt:  29.39 (4.68 periods), wall: 2.380 hours, Δt:   0.70, CFL: 7.20e-01
i: 284000, t:  293933.0 s, ωt:  29.39 (4.68 periods), wall: 2.381 hours, Δt:   0.82, CFL: 7.20e-01
i: 284100, t:  294008.9 s, ωt:  29.40 (4.68 periods), wall: 2.382 hours, Δt:   0.79, CFL: 7.20e-01
i: 284200, t:  294064.5 s, ωt:  29.41 (4.68 periods), wall: 2.383 hours, Δt:   0.63, CFL: 7.20e-01
i: 284300, t:  294134.8 s, ωt:  29.41 (4.68 periods), wall: 2.384 hours, Δt:   0.75, CFL: 7.20e-01
i: 284400, t:  294205.7 s, ωt:  29.42 (4.68 periods), wall: 2.384 hours, Δt:   0.82, CFL: 7.20e-01
i: 284500, t:  294285.0 s, ωt:  29.43 (4.68 periods), wall: 2.385 hours, Δt:   0.73, CFL: 7.20e-01
i: 284600, t:  294353.7 s, ωt:  29.44 (4.68 periods), wall: 2.386 hours, Δt:   0.73, CFL: 7.20e-01
i: 284700, t:  294424.0 s, ωt:  29.44 (4.69 periods), wall: 2.387 hours, Δt:   0.61, CFL: 7.20e-01
i: 284800, t:  294494.4 s, ωt:  29.45 (4.69 periods), wall: 2.388 hours, Δt:   0.65, CFL: 7.20e-01
i: 284900, t:  294565.3 s, ωt:  29.46 (4.69 periods), wall: 2.389 hours, Δt:   0.82, CFL: 7.20e-01
i: 285000, t:  294638.9 s, ωt:  29.46 (4.69 periods), wall: 2.389 hours, Δt:   0.60, CFL: 7.20e-01
i: 285100, t:  294703.3 s, ωt:  29.47 (4.69 periods), wall: 2.390 hours, Δt:   0.67, CFL: 7.20e-01
i: 285200, t:  294776.8 s, ωt:  29.48 (4.69 periods), wall: 2.391 hours, Δt:   0.67, CFL: 7.20e-01
i: 285300, t:  294847.1 s, ωt:  29.48 (4.69 periods), wall: 2.392 hours, Δt:   0.66, CFL: 7.20e-01
i: 285400, t:  294913.3 s, ωt:  29.49 (4.69 periods), wall: 2.393 hours, Δt:   0.73, CFL: 7.20e-01
i: 285500, t:  294989.2 s, ωt:  29.50 (4.69 periods), wall: 2.394 hours, Δt:   0.75, CFL: 7.20e-01
i: 285600, t:  295061.3 s, ωt:  29.51 (4.70 periods), wall: 2.394 hours, Δt:   0.73, CFL: 7.20e-01
i: 285700, t:  295137.2 s, ωt:  29.51 (4.70 periods), wall: 2.395 hours, Δt:   0.80, CFL: 7.20e-01
i: 285800, t:  295216.3 s, ωt:  29.52 (4.70 periods), wall: 2.396 hours, Δt:   0.76, CFL: 7.20e-01
i: 285900, t:  295292.4 s, ωt:  29.53 (4.70 periods), wall: 2.397 hours, Δt:   0.64, CFL: 7.20e-01
i: 286000, t:  295361.5 s, ωt:  29.54 (4.70 periods), wall: 2.398 hours, Δt:   0.77, CFL: 7.20e-01
i: 286100, t:  295436.6 s, ωt:  29.54 (4.70 periods), wall: 2.399 hours, Δt:   0.69, CFL: 7.20e-01
i: 286200, t:  295502.3 s, ωt:  29.55 (4.70 periods), wall: 2.399 hours, Δt:   0.59, CFL: 7.20e-01
i: 286300, t:  295566.0 s, ωt:  29.56 (4.70 periods), wall: 2.400 hours, Δt:   0.61, CFL: 7.20e-01
i: 286400, t:  295631.2 s, ωt:  29.56 (4.71 periods), wall: 2.401 hours, Δt:   0.75, CFL: 7.20e-01
i: 286500, t:  295709.2 s, ωt:  29.57 (4.71 periods), wall: 2.402 hours, Δt:   0.75, CFL: 7.20e-01
i: 286600, t:  295777.6 s, ωt:  29.58 (4.71 periods), wall: 2.403 hours, Δt:   0.64, CFL: 7.20e-01
i: 286700, t:  295839.3 s, ωt:  29.58 (4.71 periods), wall: 2.404 hours, Δt:   0.59, CFL: 7.20e-01
i: 286800, t:  295905.6 s, ωt:  29.59 (4.71 periods), wall: 2.404 hours, Δt:   0.66, CFL: 7.20e-01
i: 286900, t:  295971.3 s, ωt:  29.60 (4.71 periods), wall: 2.405 hours, Δt:   0.64, CFL: 7.20e-01
i: 287000, t:  296036.1 s, ωt:  29.60 (4.71 periods), wall: 2.406 hours, Δt:   0.64, CFL: 7.20e-01
i: 287100, t:  296107.3 s, ωt:  29.61 (4.71 periods), wall: 2.407 hours, Δt:   0.78, CFL: 7.20e-01
i: 287200, t:  296180.3 s, ωt:  29.62 (4.71 periods), wall: 2.408 hours, Δt:   0.64, CFL: 7.20e-01
i: 287300, t:  296247.0 s, ωt:  29.62 (4.71 periods), wall: 2.409 hours, Δt:   0.64, CFL: 7.20e-01
i: 287400, t:  296316.3 s, ωt:  29.63 (4.72 periods), wall: 2.409 hours, Δt:   0.73, CFL: 7.20e-01
i: 287500, t:  296390.1 s, ωt:  29.64 (4.72 periods), wall: 2.410 hours, Δt:   0.74, CFL: 7.20e-01
i: 287600, t:  296459.8 s, ωt:  29.65 (4.72 periods), wall: 2.411 hours, Δt:   0.67, CFL: 7.20e-01
i: 287700, t:  296530.9 s, ωt:  29.65 (4.72 periods), wall: 2.412 hours, Δt:   0.67, CFL: 7.20e-01
i: 287800, t:  296608.8 s, ωt:  29.66 (4.72 periods), wall: 2.413 hours, Δt:   0.82, CFL: 7.20e-01
i: 287900, t:  296683.8 s, ωt:  29.67 (4.72 periods), wall: 2.414 hours, Δt:   0.65, CFL: 7.20e-01
i: 288000, t:  296756.1 s, ωt:  29.68 (4.72 periods), wall: 2.414 hours, Δt:   0.77, CFL: 7.20e-01
i: 288100, t:  296830.6 s, ωt:  29.68 (4.72 periods), wall: 2.415 hours, Δt:   0.60, CFL: 7.20e-01
i: 288200, t:  296905.6 s, ωt:  29.69 (4.73 periods), wall: 2.416 hours, Δt:   0.80, CFL: 7.20e-01
i: 288300, t:  296981.4 s, ωt:  29.70 (4.73 periods), wall: 2.417 hours, Δt:   0.77, CFL: 7.20e-01
i: 288400, t:  297054.8 s, ωt:  29.71 (4.73 periods), wall: 2.418 hours, Δt:   0.69, CFL: 7.20e-01
i: 288500, t:  297121.6 s, ωt:  29.71 (4.73 periods), wall: 2.419 hours, Δt:   0.81, CFL: 7.20e-01
i: 288600, t:  297194.2 s, ωt:  29.72 (4.73 periods), wall: 2.419 hours, Δt:   0.68, CFL: 7.20e-01
i: 288700, t:  297262.9 s, ωt:  29.73 (4.73 periods), wall: 2.420 hours, Δt:   0.68, CFL: 7.20e-01
i: 288800, t:  297339.5 s, ωt:  29.73 (4.73 periods), wall: 2.421 hours, Δt:   0.64, CFL: 7.20e-01
i: 288900, t:  297406.6 s, ωt:  29.74 (4.73 periods), wall: 2.422 hours, Δt:   0.64, CFL: 7.20e-01
i: 289000, t:  297478.5 s, ωt:  29.75 (4.73 periods), wall: 2.423 hours, Δt:   0.86, CFL: 7.20e-01
i: 289100, t:  297556.9 s, ωt:  29.76 (4.74 periods), wall: 2.424 hours, Δt:   0.80, CFL: 7.20e-01
i: 289200, t:  297627.3 s, ωt:  29.76 (4.74 periods), wall: 2.424 hours, Δt:   0.69, CFL: 7.20e-01
i: 289300, t:  297696.1 s, ωt:  29.77 (4.74 periods), wall: 2.425 hours, Δt:   0.75, CFL: 7.20e-01
i: 289400, t:  297762.8 s, ωt:  29.78 (4.74 periods), wall: 2.426 hours, Δt:   0.71, CFL: 7.20e-01
i: 289500, t:  297830.7 s, ωt:  29.78 (4.74 periods), wall: 2.427 hours, Δt:   0.62, CFL: 7.20e-01
i: 289600, t:  297899.5 s, ωt:  29.79 (4.74 periods), wall: 2.428 hours, Δt:   0.68, CFL: 7.20e-01
i: 289700, t:  297971.6 s, ωt:  29.80 (4.74 periods), wall: 2.429 hours, Δt:   0.65, CFL: 7.20e-01
i: 289800, t:  298036.9 s, ωt:  29.80 (4.74 periods), wall: 2.429 hours, Δt:   0.61, CFL: 7.20e-01
i: 289900, t:  298103.4 s, ωt:  29.81 (4.74 periods), wall: 2.430 hours, Δt:   0.72, CFL: 7.20e-01
i: 290000, t:  298173.5 s, ωt:  29.82 (4.75 periods), wall: 2.431 hours, Δt:   0.74, CFL: 7.20e-01
i: 290100, t:  298241.8 s, ωt:  29.82 (4.75 periods), wall: 2.432 hours, Δt:   0.68, CFL: 7.20e-01
i: 290200, t:  298312.4 s, ωt:  29.83 (4.75 periods), wall: 2.433 hours, Δt:   0.74, CFL: 7.20e-01
i: 290300, t:  298386.1 s, ωt:  29.84 (4.75 periods), wall: 2.434 hours, Δt:   0.63, CFL: 7.20e-01
i: 290400, t:  298450.1 s, ωt:  29.85 (4.75 periods), wall: 2.434 hours, Δt:   0.67, CFL: 7.20e-01
i: 290500, t:  298524.2 s, ωt:  29.85 (4.75 periods), wall: 2.435 hours, Δt:   0.69, CFL: 7.20e-01
i: 290600, t:  298595.8 s, ωt:  29.86 (4.75 periods), wall: 2.436 hours, Δt:   0.78, CFL: 7.20e-01
i: 290700, t:  298666.1 s, ωt:  29.87 (4.75 periods), wall: 2.437 hours, Δt:   0.69, CFL: 7.20e-01
i: 290800, t:  298735.1 s, ωt:  29.87 (4.75 periods), wall: 2.438 hours, Δt:   0.74, CFL: 7.20e-01
i: 290900, t:  298801.0 s, ωt:  29.88 (4.76 periods), wall: 2.439 hours, Δt:   0.67, CFL: 7.20e-01
i: 291000, t:  298867.5 s, ωt:  29.89 (4.76 periods), wall: 2.439 hours, Δt:   0.59, CFL: 7.20e-01
i: 291100, t:  298936.8 s, ωt:  29.89 (4.76 periods), wall: 2.440 hours, Δt:   0.58, CFL: 7.20e-01
i: 291200, t:  299004.1 s, ωt:  29.90 (4.76 periods), wall: 2.441 hours, Δt:   0.64, CFL: 7.20e-01
i: 291300, t:  299069.6 s, ωt:  29.91 (4.76 periods), wall: 2.442 hours, Δt:   0.69, CFL: 7.20e-01
i: 291400, t:  299141.9 s, ωt:  29.91 (4.76 periods), wall: 2.443 hours, Δt:   0.76, CFL: 7.20e-01
i: 291500, t:  299212.8 s, ωt:  29.92 (4.76 periods), wall: 2.444 hours, Δt:   0.66, CFL: 7.20e-01
i: 291600, t:  299284.9 s, ωt:  29.93 (4.76 periods), wall: 2.444 hours, Δt:   0.75, CFL: 7.20e-01
i: 291700, t:  299361.4 s, ωt:  29.94 (4.76 periods), wall: 2.445 hours, Δt:   0.77, CFL: 7.20e-01
i: 291800, t:  299438.6 s, ωt:  29.94 (4.77 periods), wall: 2.446 hours, Δt:   0.82, CFL: 7.20e-01
i: 291900, t:  299516.0 s, ωt:  29.95 (4.77 periods), wall: 2.447 hours, Δt:   0.71, CFL: 7.20e-01
i: 292000, t:  299595.5 s, ωt:  29.96 (4.77 periods), wall: 2.448 hours, Δt:   0.77, CFL: 7.20e-01
i: 292100, t:  299673.8 s, ωt:  29.97 (4.77 periods), wall: 2.449 hours, Δt:   0.85, CFL: 7.20e-01
i: 292200, t:  299744.2 s, ωt:  29.97 (4.77 periods), wall: 2.449 hours, Δt:   0.66, CFL: 7.20e-01
i: 292300, t:  299814.1 s, ωt:  29.98 (4.77 periods), wall: 2.450 hours, Δt:   0.80, CFL: 7.20e-01
i: 292400, t:  299887.9 s, ωt:  29.99 (4.77 periods), wall: 2.451 hours, Δt:   0.73, CFL: 7.20e-01
i: 292500, t:  299961.1 s, ωt:  30.00 (4.77 periods), wall: 2.452 hours, Δt:   0.79, CFL: 7.20e-01
i: 292600, t:  300035.4 s, ωt:  30.00 (4.78 periods), wall: 2.453 hours, Δt:   0.70, CFL: 7.20e-01
i: 292700, t:  300108.4 s, ωt:  30.01 (4.78 periods), wall: 2.454 hours, Δt:   0.66, CFL: 7.20e-01
i: 292800, t:  300173.5 s, ωt:  30.02 (4.78 periods), wall: 2.454 hours, Δt:   0.69, CFL: 7.20e-01
i: 292900, t:  300240.8 s, ωt:  30.02 (4.78 periods), wall: 2.455 hours, Δt:   0.82, CFL: 7.20e-01
i: 293000, t:  300317.1 s, ωt:  30.03 (4.78 periods), wall: 2.456 hours, Δt:   0.78, CFL: 7.20e-01
i: 293100, t:  300389.8 s, ωt:  30.04 (4.78 periods), wall: 2.457 hours, Δt:   0.55, CFL: 7.20e-01
i: 293200, t:  300460.0 s, ωt:  30.05 (4.78 periods), wall: 2.458 hours, Δt:   0.80, CFL: 7.20e-01
i: 293300, t:  300530.9 s, ωt:  30.05 (4.78 periods), wall: 2.459 hours, Δt:   0.68, CFL: 7.20e-01
i: 293400, t:  300601.4 s, ωt:  30.06 (4.78 periods), wall: 2.459 hours, Δt:   0.81, CFL: 7.20e-01
i: 293500, t:  300677.9 s, ωt:  30.07 (4.79 periods), wall: 2.460 hours, Δt:   0.69, CFL: 7.20e-01
i: 293600, t:  300752.4 s, ωt:  30.08 (4.79 periods), wall: 2.461 hours, Δt:   0.72, CFL: 7.20e-01
i: 293700, t:  300827.9 s, ωt:  30.08 (4.79 periods), wall: 2.462 hours, Δt:   0.74, CFL: 7.20e-01
i: 293800, t:  300902.2 s, ωt:  30.09 (4.79 periods), wall: 2.463 hours, Δt:   0.76, CFL: 7.20e-01
i: 293900, t:  300980.1 s, ωt:  30.10 (4.79 periods), wall: 2.464 hours, Δt:   0.80, CFL: 7.20e-01
i: 294000, t:  301053.4 s, ωt:  30.11 (4.79 periods), wall: 2.464 hours, Δt:   0.74, CFL: 7.20e-01
i: 294100, t:  301135.7 s, ωt:  30.11 (4.79 periods), wall: 2.465 hours, Δt:   0.89, CFL: 7.20e-01
i: 294200, t:  301216.6 s, ωt:  30.12 (4.79 periods), wall: 2.466 hours, Δt:   0.76, CFL: 7.20e-01
i: 294300, t:  301292.1 s, ωt:  30.13 (4.80 periods), wall: 2.467 hours, Δt:   0.61, CFL: 7.20e-01
i: 294400, t:  301354.0 s, ωt:  30.14 (4.80 periods), wall: 2.468 hours, Δt:   0.69, CFL: 7.20e-01
i: 294500, t:  301428.0 s, ωt:  30.14 (4.80 periods), wall: 2.469 hours, Δt:   0.71, CFL: 7.20e-01
i: 294600, t:  301500.5 s, ωt:  30.15 (4.80 periods), wall: 2.469 hours, Δt:   0.78, CFL: 7.20e-01
i: 294700, t:  301573.5 s, ωt:  30.16 (4.80 periods), wall: 2.470 hours, Δt:   0.71, CFL: 7.20e-01
i: 294800, t:  301647.2 s, ωt:  30.16 (4.80 periods), wall: 2.471 hours, Δt:   0.71, CFL: 7.20e-01
i: 294900, t:  301714.7 s, ωt:  30.17 (4.80 periods), wall: 2.472 hours, Δt:   0.78, CFL: 7.20e-01
i: 295000, t:  301789.0 s, ωt:  30.18 (4.80 periods), wall: 2.473 hours, Δt:   0.73, CFL: 7.20e-01
i: 295100, t:  301863.0 s, ωt:  30.19 (4.80 periods), wall: 2.474 hours, Δt:   0.79, CFL: 7.20e-01
i: 295200, t:  301939.0 s, ωt:  30.19 (4.81 periods), wall: 2.474 hours, Δt:   0.79, CFL: 7.20e-01
i: 295300, t:  302010.9 s, ωt:  30.20 (4.81 periods), wall: 2.475 hours, Δt:   0.62, CFL: 7.20e-01
i: 295400, t:  302086.4 s, ωt:  30.21 (4.81 periods), wall: 2.476 hours, Δt:   0.77, CFL: 7.20e-01
i: 295500, t:  302165.8 s, ωt:  30.22 (4.81 periods), wall: 2.477 hours, Δt:   0.83, CFL: 7.20e-01
i: 295600, t:  302250.6 s, ωt:  30.23 (4.81 periods), wall: 2.478 hours, Δt:   0.84, CFL: 7.20e-01
i: 295700, t:  302339.7 s, ωt:  30.23 (4.81 periods), wall: 2.479 hours, Δt:   0.94, CFL: 7.20e-01
i: 295800, t:  302421.8 s, ωt:  30.24 (4.81 periods), wall: 2.479 hours, Δt:   0.74, CFL: 7.20e-01
i: 295900, t:  302506.9 s, ωt:  30.25 (4.81 periods), wall: 2.480 hours, Δt:   0.86, CFL: 7.20e-01
i: 296000, t:  302590.9 s, ωt:  30.26 (4.82 periods), wall: 2.481 hours, Δt:   0.87, CFL: 7.20e-01
i: 296100, t:  302682.6 s, ωt:  30.27 (4.82 periods), wall: 2.482 hours, Δt:   0.78, CFL: 7.20e-01
i: 296200, t:  302762.7 s, ωt:  30.28 (4.82 periods), wall: 2.483 hours, Δt:   0.70, CFL: 7.20e-01
i: 296300, t:  302837.7 s, ωt:  30.28 (4.82 periods), wall: 2.484 hours, Δt:   0.80, CFL: 7.20e-01
i: 296400, t:  302914.6 s, ωt:  30.29 (4.82 periods), wall: 2.484 hours, Δt:   0.68, CFL: 7.20e-01
i: 296500, t:  302982.5 s, ωt:  30.30 (4.82 periods), wall: 2.485 hours, Δt:   0.71, CFL: 7.20e-01
i: 296600, t:  303058.7 s, ωt:  30.31 (4.82 periods), wall: 2.486 hours, Δt:   0.75, CFL: 7.20e-01
i: 296700, t:  303140.3 s, ωt:  30.31 (4.82 periods), wall: 2.487 hours, Δt:   0.90, CFL: 7.20e-01
i: 296800, t:  303232.1 s, ωt:  30.32 (4.83 periods), wall: 2.488 hours, Δt:   0.97, CFL: 7.20e-01
i: 296900, t:  303320.2 s, ωt:  30.33 (4.83 periods), wall: 2.489 hours, Δt:   0.89, CFL: 7.20e-01
i: 297000, t:  303399.6 s, ωt:  30.34 (4.83 periods), wall: 2.489 hours, Δt:   0.74, CFL: 7.20e-01
i: 297100, t:  303480.3 s, ωt:  30.35 (4.83 periods), wall: 2.490 hours, Δt:   0.82, CFL: 7.20e-01
i: 297200, t:  303565.0 s, ωt:  30.36 (4.83 periods), wall: 2.491 hours, Δt:   1.02, CFL: 7.20e-01
i: 297300, t:  303652.4 s, ωt:  30.37 (4.83 periods), wall: 2.492 hours, Δt:   0.87, CFL: 7.20e-01
i: 297400, t:  303748.5 s, ωt:  30.37 (4.83 periods), wall: 2.493 hours, Δt:   0.91, CFL: 7.20e-01
i: 297500, t:  303838.3 s, ωt:  30.38 (4.84 periods), wall: 2.494 hours, Δt:   0.86, CFL: 7.20e-01
i: 297600, t:  303918.6 s, ωt:  30.39 (4.84 periods), wall: 2.494 hours, Δt:   0.80, CFL: 7.20e-01
i: 297700, t:  304005.8 s, ωt:  30.40 (4.84 periods), wall: 2.495 hours, Δt:   0.83, CFL: 7.20e-01
i: 297800, t:  304090.8 s, ωt:  30.41 (4.84 periods), wall: 2.496 hours, Δt:   0.86, CFL: 7.20e-01
i: 297900, t:  304182.3 s, ωt:  30.42 (4.84 periods), wall: 2.497 hours, Δt:   0.82, CFL: 7.20e-01
i: 298000, t:  304274.7 s, ωt:  30.43 (4.84 periods), wall: 2.498 hours, Δt:   0.77, CFL: 7.20e-01
i: 298100, t:  304360.2 s, ωt:  30.44 (4.84 periods), wall: 2.499 hours, Δt:   0.89, CFL: 7.20e-01
i: 298200, t:  304440.2 s, ωt:  30.44 (4.85 periods), wall: 2.499 hours, Δt:   0.65, CFL: 7.20e-01
i: 298300, t:  304520.5 s, ωt:  30.45 (4.85 periods), wall: 2.500 hours, Δt:   0.76, CFL: 7.20e-01
i: 298400, t:  304594.8 s, ωt:  30.46 (4.85 periods), wall: 2.501 hours, Δt:   0.74, CFL: 7.20e-01
i: 298500, t:  304681.2 s, ωt:  30.47 (4.85 periods), wall: 2.502 hours, Δt:   0.89, CFL: 7.20e-01
i: 298600, t:  304769.5 s, ωt:  30.48 (4.85 periods), wall: 2.503 hours, Δt:   0.85, CFL: 7.20e-01
i: 298700, t:  304868.5 s, ωt:  30.49 (4.85 periods), wall: 2.504 hours, Δt:   0.98, CFL: 7.20e-01
i: 298800, t:  304964.1 s, ωt:  30.50 (4.85 periods), wall: 2.504 hours, Δt:   0.97, CFL: 7.20e-01
i: 298900, t:  305051.9 s, ωt:  30.51 (4.86 periods), wall: 2.505 hours, Δt:   0.85, CFL: 7.20e-01
i: 299000, t:  305140.3 s, ωt:  30.51 (4.86 periods), wall: 2.506 hours, Δt:   0.97, CFL: 7.20e-01
i: 299100, t:  305238.0 s, ωt:  30.52 (4.86 periods), wall: 2.507 hours, Δt:   0.94, CFL: 7.20e-01
i: 299200, t:  305330.9 s, ωt:  30.53 (4.86 periods), wall: 2.508 hours, Δt:   0.94, CFL: 7.20e-01
i: 299300, t:  305426.5 s, ωt:  30.54 (4.86 periods), wall: 2.509 hours, Δt:   0.89, CFL: 7.20e-01
i: 299400, t:  305518.6 s, ωt:  30.55 (4.86 periods), wall: 2.509 hours, Δt:   0.77, CFL: 7.20e-01
i: 299500, t:  305605.4 s, ωt:  30.56 (4.86 periods), wall: 2.510 hours, Δt:   0.94, CFL: 7.20e-01
i: 299600, t:  305694.8 s, ωt:  30.57 (4.87 periods), wall: 2.511 hours, Δt:   0.95, CFL: 7.20e-01
i: 299700, t:  305788.7 s, ωt:  30.58 (4.87 periods), wall: 2.512 hours, Δt:   0.92, CFL: 7.20e-01
i: 299800, t:  305883.1 s, ωt:  30.59 (4.87 periods), wall: 2.513 hours, Δt:   1.00, CFL: 7.20e-01
i: 299900, t:  305980.7 s, ωt:  30.60 (4.87 periods), wall: 2.514 hours, Δt:   1.06, CFL: 7.20e-01
i: 300000, t:  306089.1 s, ωt:  30.61 (4.87 periods), wall: 2.514 hours, Δt:   1.08, CFL: 7.20e-01
i: 300100, t:  306193.4 s, ωt:  30.62 (4.87 periods), wall: 2.515 hours, Δt:   1.03, CFL: 7.20e-01
i: 300200, t:  306305.3 s, ωt:  30.63 (4.87 periods), wall: 2.516 hours, Δt:   1.12, CFL: 7.20e-01
i: 300300, t:  306410.2 s, ωt:  30.64 (4.88 periods), wall: 2.517 hours, Δt:   0.86, CFL: 7.20e-01
i: 300400, t:  306502.4 s, ωt:  30.65 (4.88 periods), wall: 2.518 hours, Δt:   1.03, CFL: 7.20e-01
i: 300500, t:  306611.3 s, ωt:  30.66 (4.88 periods), wall: 2.519 hours, Δt:   1.19, CFL: 7.20e-01
i: 300600, t:  306732.0 s, ωt:  30.67 (4.88 periods), wall: 2.519 hours, Δt:   1.17, CFL: 7.20e-01
i: 300700, t:  306858.8 s, ωt:  30.69 (4.88 periods), wall: 2.520 hours, Δt:   1.33, CFL: 7.20e-01
i: 300800, t:  306984.3 s, ωt:  30.70 (4.89 periods), wall: 2.521 hours, Δt:   1.22, CFL: 7.20e-01
i: 300900, t:  307094.2 s, ωt:  30.71 (4.89 periods), wall: 2.522 hours, Δt:   1.09, CFL: 7.20e-01
i: 301000, t:  307207.6 s, ωt:  30.72 (4.89 periods), wall: 2.523 hours, Δt:   1.27, CFL: 7.20e-01
i: 301100, t:  307325.8 s, ωt:  30.73 (4.89 periods), wall: 2.524 hours, Δt:   1.08, CFL: 7.20e-01
i: 301200, t:  307437.6 s, ωt:  30.74 (4.89 periods), wall: 2.525 hours, Δt:   1.22, CFL: 7.20e-01
i: 301300, t:  307558.5 s, ωt:  30.76 (4.89 periods), wall: 2.525 hours, Δt:   1.19, CFL: 7.20e-01
i: 301400, t:  307685.0 s, ωt:  30.77 (4.90 periods), wall: 2.526 hours, Δt:   1.37, CFL: 7.20e-01
i: 301500, t:  307809.5 s, ωt:  30.78 (4.90 periods), wall: 2.527 hours, Δt:   1.19, CFL: 7.20e-01
i: 301600, t:  307940.5 s, ωt:  30.79 (4.90 periods), wall: 2.528 hours, Δt:   1.26, CFL: 7.20e-01
i: 301700, t:  308074.1 s, ωt:  30.81 (4.90 periods), wall: 2.529 hours, Δt:   1.37, CFL: 7.20e-01
i: 301800, t:  308217.2 s, ωt:  30.82 (4.91 periods), wall: 2.530 hours, Δt:   1.33, CFL: 7.20e-01
i: 301900, t:  308364.8 s, ωt:  30.84 (4.91 periods), wall: 2.530 hours, Δt:   1.62, CFL: 7.20e-01
i: 302000, t:  308493.4 s, ωt:  30.85 (4.91 periods), wall: 2.531 hours, Δt:   1.27, CFL: 7.20e-01
i: 302100, t:  308626.3 s, ωt:  30.86 (4.91 periods), wall: 2.532 hours, Δt:   1.53, CFL: 7.20e-01
i: 302200, t:  308771.7 s, ωt:  30.88 (4.91 periods), wall: 2.533 hours, Δt:   1.48, CFL: 7.20e-01
i: 302300, t:  308910.1 s, ωt:  30.89 (4.92 periods), wall: 2.534 hours, Δt:   1.16, CFL: 7.20e-01
i: 302400, t:  309030.4 s, ωt:  30.90 (4.92 periods), wall: 2.535 hours, Δt:   1.62, CFL: 7.20e-01
i: 302500, t:  309191.2 s, ωt:  30.92 (4.92 periods), wall: 2.535 hours, Δt:   1.64, CFL: 7.20e-01
i: 302600, t:  309351.0 s, ωt:  30.94 (4.92 periods), wall: 2.536 hours, Δt:   1.83, CFL: 7.20e-01
i: 302700, t:  309521.4 s, ωt:  30.95 (4.93 periods), wall: 2.537 hours, Δt:   1.70, CFL: 7.20e-01
i: 302800, t:  309690.4 s, ωt:  30.97 (4.93 periods), wall: 2.538 hours, Δt:   1.61, CFL: 7.20e-01
i: 302900, t:  309844.4 s, ωt:  30.98 (4.93 periods), wall: 2.539 hours, Δt:   1.75, CFL: 7.20e-01
i: 303000, t:  310020.5 s, ωt:  31.00 (4.93 periods), wall: 2.540 hours, Δt:   1.56, CFL: 7.20e-01
i: 303100, t:  310174.8 s, ωt:  31.02 (4.94 periods), wall: 2.540 hours, Δt:   1.51, CFL: 7.20e-01
i: 303200, t:  310358.6 s, ωt:  31.04 (4.94 periods), wall: 2.541 hours, Δt:   2.06, CFL: 7.20e-01
i: 303300, t:  310555.5 s, ωt:  31.06 (4.94 periods), wall: 2.542 hours, Δt:   1.71, CFL: 7.20e-01
i: 303400, t:  310760.0 s, ωt:  31.08 (4.95 periods), wall: 2.543 hours, Δt:   1.80, CFL: 7.20e-01
i: 303500, t:  310955.2 s, ωt:  31.10 (4.95 periods), wall: 2.544 hours, Δt:   2.04, CFL: 7.20e-01
i: 303600, t:  311151.8 s, ωt:  31.12 (4.95 periods), wall: 2.545 hours, Δt:   1.73, CFL: 7.20e-01
i: 303700, t:  311336.0 s, ωt:  31.13 (4.96 periods), wall: 2.545 hours, Δt:   2.45, CFL: 7.20e-01
i: 303800, t:  311577.9 s, ωt:  31.16 (4.96 periods), wall: 2.546 hours, Δt:   2.39, CFL: 7.20e-01
i: 303900, t:  311802.4 s, ωt:  31.18 (4.96 periods), wall: 2.547 hours, Δt:   2.47, CFL: 7.20e-01
i: 304000, t:  312069.8 s, ωt:  31.21 (4.97 periods), wall: 2.548 hours, Δt:   2.56, CFL: 7.20e-01
i: 304100, t:  312355.4 s, ωt:  31.24 (4.97 periods), wall: 2.549 hours, Δt:   3.16, CFL: 7.20e-01
i: 304200, t:  312665.6 s, ωt:  31.27 (4.98 periods), wall: 2.550 hours, Δt:   3.09, CFL: 7.20e-01
i: 304300, t:  312999.8 s, ωt:  31.30 (4.98 periods), wall: 2.550 hours, Δt:   3.22, CFL: 7.20e-01
i: 304400, t:  313310.2 s, ωt:  31.33 (4.99 periods), wall: 2.551 hours, Δt:   3.27, CFL: 7.20e-01
i: 304500, t:  313647.0 s, ωt:  31.36 (4.99 periods), wall: 2.552 hours, Δt:   2.94, CFL: 7.20e-01
i: 304600, t:  313935.1 s, ωt:  31.39 (5.00 periods), wall: 2.553 hours, Δt:   2.94, CFL: 7.20e-01
i: 304700, t:  314251.8 s, ωt:  31.43 (5.00 periods), wall: 2.554 hours, Δt:   3.49, CFL: 7.20e-01
i: 304800, t:  314562.0 s, ωt:  31.46 (5.01 periods), wall: 2.555 hours, Δt:   2.47, CFL: 7.20e-01
i: 304900, t:  314799.7 s, ωt:  31.48 (5.01 periods), wall: 2.556 hours, Δt:   2.59, CFL: 7.20e-01
i: 305000, t:  315050.1 s, ωt:  31.51 (5.01 periods), wall: 2.556 hours, Δt:   2.35, CFL: 7.20e-01
i: 305100, t:  315285.2 s, ωt:  31.53 (5.02 periods), wall: 2.557 hours, Δt:   2.60, CFL: 7.20e-01
i: 305200, t:  315530.6 s, ωt:  31.55 (5.02 periods), wall: 2.558 hours, Δt:   2.34, CFL: 7.20e-01
i: 305300, t:  315746.4 s, ωt:  31.57 (5.03 periods), wall: 2.559 hours, Δt:   2.03, CFL: 7.20e-01
i: 305400, t:  315942.5 s, ωt:  31.59 (5.03 periods), wall: 2.560 hours, Δt:   1.85, CFL: 7.20e-01
i: 305500, t:  316114.7 s, ωt:  31.61 (5.03 periods), wall: 2.561 hours, Δt:   1.91, CFL: 7.20e-01
i: 305600, t:  316307.1 s, ωt:  31.63 (5.03 periods), wall: 2.561 hours, Δt:   1.83, CFL: 7.20e-01
i: 305700, t:  316491.8 s, ωt:  31.65 (5.04 periods), wall: 2.562 hours, Δt:   1.79, CFL: 7.20e-01
i: 305800, t:  316669.0 s, ωt:  31.67 (5.04 periods), wall: 2.563 hours, Δt:   2.05, CFL: 7.20e-01
i: 305900, t:  316849.4 s, ωt:  31.68 (5.04 periods), wall: 2.564 hours, Δt:   1.83, CFL: 7.20e-01
i: 306000, t:  317013.5 s, ωt:  31.70 (5.05 periods), wall: 2.565 hours, Δt:   1.64, CFL: 7.20e-01
i: 306100, t:  317168.6 s, ωt:  31.72 (5.05 periods), wall: 2.566 hours, Δt:   1.60, CFL: 7.20e-01
i: 306200, t:  317329.4 s, ωt:  31.73 (5.05 periods), wall: 2.566 hours, Δt:   1.75, CFL: 7.20e-01
i: 306300, t:  317477.0 s, ωt:  31.75 (5.05 periods), wall: 2.567 hours, Δt:   1.41, CFL: 7.20e-01
i: 306400, t:  317619.4 s, ωt:  31.76 (5.06 periods), wall: 2.568 hours, Δt:   1.53, CFL: 7.20e-01
i: 306500, t:  317763.7 s, ωt:  31.78 (5.06 periods), wall: 2.569 hours, Δt:   1.40, CFL: 7.20e-01
i: 306600, t:  317904.0 s, ωt:  31.79 (5.06 periods), wall: 2.570 hours, Δt:   1.43, CFL: 7.20e-01
i: 306700, t:  318033.3 s, ωt:  31.80 (5.06 periods), wall: 2.571 hours, Δt:   1.20, CFL: 7.20e-01
i: 306800, t:  318155.3 s, ωt:  31.82 (5.06 periods), wall: 2.571 hours, Δt:   1.38, CFL: 7.20e-01
i: 306900, t:  318289.5 s, ωt:  31.83 (5.07 periods), wall: 2.572 hours, Δt:   1.21, CFL: 7.20e-01
i: 307000, t:  318418.0 s, ωt:  31.84 (5.07 periods), wall: 2.573 hours, Δt:   1.36, CFL: 7.20e-01
i: 307100, t:  318543.4 s, ωt:  31.85 (5.07 periods), wall: 2.574 hours, Δt:   1.32, CFL: 7.20e-01
i: 307200, t:  318673.7 s, ωt:  31.87 (5.07 periods), wall: 2.575 hours, Δt:   1.35, CFL: 7.20e-01
i: 307300, t:  318796.7 s, ωt:  31.88 (5.07 periods), wall: 2.576 hours, Δt:   1.23, CFL: 7.20e-01
i: 307400, t:  318922.4 s, ωt:  31.89 (5.08 periods), wall: 2.576 hours, Δt:   1.09, CFL: 7.20e-01
i: 307500, t:  319041.3 s, ωt:  31.90 (5.08 periods), wall: 2.577 hours, Δt:   1.17, CFL: 7.20e-01
i: 307600, t:  319149.5 s, ωt:  31.91 (5.08 periods), wall: 2.578 hours, Δt:   1.00, CFL: 7.20e-01
i: 307700, t:  319254.9 s, ωt:  31.93 (5.08 periods), wall: 2.579 hours, Δt:   1.25, CFL: 7.20e-01
i: 307800, t:  319378.3 s, ωt:  31.94 (5.08 periods), wall: 2.580 hours, Δt:   1.09, CFL: 7.20e-01
i: 307900, t:  319483.9 s, ωt:  31.95 (5.08 periods), wall: 2.581 hours, Δt:   1.10, CFL: 7.20e-01
i: 308000, t:  319598.8 s, ωt:  31.96 (5.09 periods), wall: 2.581 hours, Δt:   1.15, CFL: 7.20e-01
i: 308100, t:  319705.9 s, ωt:  31.97 (5.09 periods), wall: 2.582 hours, Δt:   1.06, CFL: 7.20e-01
i: 308200, t:  319814.1 s, ωt:  31.98 (5.09 periods), wall: 2.583 hours, Δt:   1.10, CFL: 7.20e-01
i: 308300, t:  319921.2 s, ωt:  31.99 (5.09 periods), wall: 2.584 hours, Δt:   0.98, CFL: 7.20e-01
i: 308400, t:  320027.0 s, ωt:  32.00 (5.09 periods), wall: 2.585 hours, Δt:   1.21, CFL: 7.20e-01
i: 308500, t:  320135.9 s, ωt:  32.01 (5.10 periods), wall: 2.586 hours, Δt:   1.15, CFL: 7.20e-01
i: 308600, t:  320247.2 s, ωt:  32.02 (5.10 periods), wall: 2.587 hours, Δt:   1.07, CFL: 7.20e-01
i: 308700, t:  320345.1 s, ωt:  32.03 (5.10 periods), wall: 2.587 hours, Δt:   0.83, CFL: 7.20e-01
i: 308800, t:  320445.6 s, ωt:  32.04 (5.10 periods), wall: 2.588 hours, Δt:   1.02, CFL: 7.20e-01
i: 308900, t:  320539.9 s, ωt:  32.05 (5.10 periods), wall: 2.589 hours, Δt:   1.03, CFL: 7.20e-01
i: 309000, t:  320642.9 s, ωt:  32.06 (5.10 periods), wall: 2.590 hours, Δt:   1.00, CFL: 7.20e-01
i: 309100, t:  320738.8 s, ωt:  32.07 (5.10 periods), wall: 2.591 hours, Δt:   0.95, CFL: 7.20e-01
i: 309200, t:  320821.0 s, ωt:  32.08 (5.11 periods), wall: 2.592 hours, Δt:   0.77, CFL: 7.20e-01
i: 309300, t:  320908.2 s, ωt:  32.09 (5.11 periods), wall: 2.592 hours, Δt:   0.90, CFL: 7.20e-01
i: 309400, t:  321002.6 s, ωt:  32.10 (5.11 periods), wall: 2.593 hours, Δt:   0.88, CFL: 7.20e-01
i: 309500, t:  321088.3 s, ωt:  32.11 (5.11 periods), wall: 2.594 hours, Δt:   0.91, CFL: 7.20e-01
i: 309600, t:  321186.1 s, ωt:  32.12 (5.11 periods), wall: 2.595 hours, Δt:   0.86, CFL: 7.20e-01
i: 309700, t:  321272.1 s, ωt:  32.13 (5.11 periods), wall: 2.596 hours, Δt:   1.07, CFL: 7.20e-01
i: 309800, t:  321373.9 s, ωt:  32.14 (5.11 periods), wall: 2.597 hours, Δt:   1.03, CFL: 7.20e-01
i: 309900, t:  321464.7 s, ωt:  32.15 (5.12 periods), wall: 2.597 hours, Δt:   1.03, CFL: 7.20e-01
i: 310000, t:  321565.7 s, ωt:  32.16 (5.12 periods), wall: 2.598 hours, Δt:   1.03, CFL: 7.20e-01
i: 310100, t:  321661.3 s, ωt:  32.17 (5.12 periods), wall: 2.599 hours, Δt:   0.95, CFL: 7.20e-01
i: 310200, t:  321751.3 s, ωt:  32.18 (5.12 periods), wall: 2.600 hours, Δt:   0.78, CFL: 7.20e-01
i: 310300, t:  321828.3 s, ωt:  32.18 (5.12 periods), wall: 2.601 hours, Δt:   0.76, CFL: 7.20e-01
i: 310400, t:  321907.6 s, ωt:  32.19 (5.12 periods), wall: 2.602 hours, Δt:   0.88, CFL: 7.20e-01
i: 310500, t:  321993.5 s, ωt:  32.20 (5.12 periods), wall: 2.602 hours, Δt:   0.87, CFL: 7.20e-01
i: 310600, t:  322076.6 s, ωt:  32.21 (5.13 periods), wall: 2.603 hours, Δt:   0.79, CFL: 7.20e-01
i: 310700, t:  322159.7 s, ωt:  32.22 (5.13 periods), wall: 2.604 hours, Δt:   0.70, CFL: 7.20e-01
i: 310800, t:  322245.8 s, ωt:  32.22 (5.13 periods), wall: 2.605 hours, Δt:   0.81, CFL: 7.20e-01
i: 310900, t:  322328.4 s, ωt:  32.23 (5.13 periods), wall: 2.606 hours, Δt:   0.90, CFL: 7.20e-01
i: 311000, t:  322415.4 s, ωt:  32.24 (5.13 periods), wall: 2.607 hours, Δt:   0.84, CFL: 7.20e-01
i: 311100, t:  322500.1 s, ωt:  32.25 (5.13 periods), wall: 2.607 hours, Δt:   0.96, CFL: 7.20e-01
i: 311200, t:  322582.1 s, ωt:  32.26 (5.13 periods), wall: 2.608 hours, Δt:   0.80, CFL: 7.20e-01
i: 311300, t:  322665.3 s, ωt:  32.27 (5.14 periods), wall: 2.609 hours, Δt:   0.75, CFL: 7.20e-01
i: 311400, t:  322745.4 s, ωt:  32.27 (5.14 periods), wall: 2.610 hours, Δt:   0.69, CFL: 7.20e-01
i: 311500, t:  322830.8 s, ωt:  32.28 (5.14 periods), wall: 2.611 hours, Δt:   0.91, CFL: 7.20e-01
i: 311600, t:  322918.2 s, ωt:  32.29 (5.14 periods), wall: 2.612 hours, Δt:   0.88, CFL: 7.20e-01
i: 311700, t:  323003.3 s, ωt:  32.30 (5.14 periods), wall: 2.612 hours, Δt:   0.90, CFL: 7.20e-01
i: 311800, t:  323089.0 s, ωt:  32.31 (5.14 periods), wall: 2.613 hours, Δt:   0.71, CFL: 7.20e-01
i: 311900, t:  323168.5 s, ωt:  32.32 (5.14 periods), wall: 2.614 hours, Δt:   0.92, CFL: 7.20e-01
i: 312000, t:  323249.7 s, ωt:  32.32 (5.14 periods), wall: 2.615 hours, Δt:   0.84, CFL: 7.20e-01
i: 312100, t:  323330.1 s, ωt:  32.33 (5.15 periods), wall: 2.616 hours, Δt:   0.83, CFL: 7.20e-01
i: 312200, t:  323409.6 s, ωt:  32.34 (5.15 periods), wall: 2.617 hours, Δt:   0.89, CFL: 7.20e-01
i: 312300, t:  323487.6 s, ωt:  32.35 (5.15 periods), wall: 2.617 hours, Δt:   0.70, CFL: 7.20e-01
i: 312400, t:  323563.3 s, ωt:  32.36 (5.15 periods), wall: 2.618 hours, Δt:   0.72, CFL: 7.20e-01
i: 312500, t:  323640.9 s, ωt:  32.36 (5.15 periods), wall: 2.619 hours, Δt:   0.83, CFL: 7.20e-01
i: 312600, t:  323714.0 s, ωt:  32.37 (5.15 periods), wall: 2.620 hours, Δt:   0.65, CFL: 7.20e-01
i: 312700, t:  323790.1 s, ωt:  32.38 (5.15 periods), wall: 2.621 hours, Δt:   0.67, CFL: 7.20e-01
i: 312800, t:  323866.4 s, ωt:  32.39 (5.15 periods), wall: 2.622 hours, Δt:   0.85, CFL: 7.20e-01
i: 312900, t:  323945.0 s, ωt:  32.39 (5.16 periods), wall: 2.622 hours, Δt:   0.75, CFL: 7.20e-01
i: 313000, t:  324025.4 s, ωt:  32.40 (5.16 periods), wall: 2.623 hours, Δt:   0.77, CFL: 7.20e-01
i: 313100, t:  324105.9 s, ωt:  32.41 (5.16 periods), wall: 2.624 hours, Δt:   0.90, CFL: 7.20e-01
i: 313200, t:  324179.0 s, ωt:  32.42 (5.16 periods), wall: 2.625 hours, Δt:   0.54, CFL: 7.20e-01
i: 313300, t:  324253.8 s, ωt:  32.43 (5.16 periods), wall: 2.626 hours, Δt:   0.89, CFL: 7.20e-01
i: 313400, t:  324335.6 s, ωt:  32.43 (5.16 periods), wall: 2.627 hours, Δt:   0.73, CFL: 7.20e-01
i: 313500, t:  324413.9 s, ωt:  32.44 (5.16 periods), wall: 2.627 hours, Δt:   0.77, CFL: 7.20e-01
i: 313600, t:  324489.4 s, ωt:  32.45 (5.16 periods), wall: 2.628 hours, Δt:   0.93, CFL: 7.20e-01
i: 313700, t:  324572.3 s, ωt:  32.46 (5.17 periods), wall: 2.629 hours, Δt:   0.75, CFL: 7.20e-01
i: 313800, t:  324652.7 s, ωt:  32.47 (5.17 periods), wall: 2.630 hours, Δt:   0.78, CFL: 7.20e-01
i: 313900, t:  324718.4 s, ωt:  32.47 (5.17 periods), wall: 2.631 hours, Δt:   0.62, CFL: 7.20e-01
i: 314000, t:  324789.8 s, ωt:  32.48 (5.17 periods), wall: 2.631 hours, Δt:   0.72, CFL: 7.20e-01
i: 314100, t:  324867.8 s, ωt:  32.49 (5.17 periods), wall: 2.632 hours, Δt:   0.74, CFL: 7.20e-01
i: 314200, t:  324947.7 s, ωt:  32.49 (5.17 periods), wall: 2.633 hours, Δt:   0.78, CFL: 7.20e-01
i: 314300, t:  325017.8 s, ωt:  32.50 (5.17 periods), wall: 2.634 hours, Δt:   0.58, CFL: 7.20e-01
i: 314400, t:  325089.2 s, ωt:  32.51 (5.17 periods), wall: 2.635 hours, Δt:   0.86, CFL: 7.20e-01
i: 314500, t:  325170.2 s, ωt:  32.52 (5.18 periods), wall: 2.636 hours, Δt:   0.79, CFL: 7.20e-01
i: 314600, t:  325247.2 s, ωt:  32.52 (5.18 periods), wall: 2.637 hours, Δt:   0.85, CFL: 7.20e-01
i: 314700, t:  325323.7 s, ωt:  32.53 (5.18 periods), wall: 2.637 hours, Δt:   0.75, CFL: 7.20e-01
i: 314800, t:  325405.1 s, ωt:  32.54 (5.18 periods), wall: 2.638 hours, Δt:   0.76, CFL: 7.20e-01
i: 314900, t:  325478.8 s, ωt:  32.55 (5.18 periods), wall: 2.639 hours, Δt:   0.74, CFL: 7.20e-01
i: 315000, t:  325546.9 s, ωt:  32.55 (5.18 periods), wall: 2.640 hours, Δt:   0.67, CFL: 7.20e-01
i: 315100, t:  325618.1 s, ωt:  32.56 (5.18 periods), wall: 2.641 hours, Δt:   0.69, CFL: 7.20e-01
i: 315200, t:  325691.2 s, ωt:  32.57 (5.18 periods), wall: 2.642 hours, Δt:   0.77, CFL: 7.20e-01
i: 315300, t:  325764.2 s, ωt:  32.58 (5.18 periods), wall: 2.642 hours, Δt:   0.68, CFL: 7.20e-01
i: 315400, t:  325831.5 s, ωt:  32.58 (5.19 periods), wall: 2.643 hours, Δt:   0.80, CFL: 7.20e-01
i: 315500, t:  325904.7 s, ωt:  32.59 (5.19 periods), wall: 2.644 hours, Δt:   0.63, CFL: 7.20e-01
i: 315600, t:  325972.8 s, ωt:  32.60 (5.19 periods), wall: 2.645 hours, Δt:   0.74, CFL: 7.20e-01
i: 315700, t:  326042.5 s, ωt:  32.60 (5.19 periods), wall: 2.646 hours, Δt:   0.64, CFL: 7.20e-01
i: 315800, t:  326101.8 s, ωt:  32.61 (5.19 periods), wall: 2.647 hours, Δt:   0.62, CFL: 7.20e-01
i: 315900, t:  326169.2 s, ωt:  32.62 (5.19 periods), wall: 2.647 hours, Δt:   0.70, CFL: 7.20e-01
i: 316000, t:  326238.4 s, ωt:  32.62 (5.19 periods), wall: 2.648 hours, Δt:   0.61, CFL: 7.20e-01
i: 316100, t:  326301.6 s, ωt:  32.63 (5.19 periods), wall: 2.649 hours, Δt:   0.73, CFL: 7.20e-01
i: 316200, t:  326374.9 s, ωt:  32.64 (5.19 periods), wall: 2.650 hours, Δt:   0.77, CFL: 7.20e-01
i: 316300, t:  326450.4 s, ωt:  32.65 (5.20 periods), wall: 2.651 hours, Δt:   0.73, CFL: 7.20e-01
i: 316400, t:  326524.2 s, ωt:  32.65 (5.20 periods), wall: 2.652 hours, Δt:   0.57, CFL: 7.20e-01
i: 316500, t:  326588.3 s, ωt:  32.66 (5.20 periods), wall: 2.652 hours, Δt:   0.67, CFL: 7.20e-01
i: 316600, t:  326658.3 s, ωt:  32.67 (5.20 periods), wall: 2.653 hours, Δt:   0.58, CFL: 7.20e-01
i: 316700, t:  326722.3 s, ωt:  32.67 (5.20 periods), wall: 2.654 hours, Δt:   0.72, CFL: 7.20e-01
i: 316800, t:  326789.3 s, ωt:  32.68 (5.20 periods), wall: 2.655 hours, Δt:   0.80, CFL: 7.20e-01
i: 316900, t:  326863.6 s, ωt:  32.69 (5.20 periods), wall: 2.656 hours, Δt:   0.65, CFL: 7.20e-01
i: 317000, t:  326934.2 s, ωt:  32.69 (5.20 periods), wall: 2.657 hours, Δt:   0.82, CFL: 7.20e-01
i: 317100, t:  327007.7 s, ωt:  32.70 (5.20 periods), wall: 2.657 hours, Δt:   0.74, CFL: 7.20e-01
i: 317200, t:  327082.4 s, ωt:  32.71 (5.21 periods), wall: 2.658 hours, Δt:   0.72, CFL: 7.20e-01
i: 317300, t:  327158.5 s, ωt:  32.72 (5.21 periods), wall: 2.659 hours, Δt:   0.70, CFL: 7.20e-01
i: 317400, t:  327230.1 s, ωt:  32.72 (5.21 periods), wall: 2.660 hours, Δt:   0.81, CFL: 7.20e-01
i: 317500, t:  327301.8 s, ωt:  32.73 (5.21 periods), wall: 2.661 hours, Δt:   0.70, CFL: 7.20e-01
i: 317600, t:  327370.0 s, ωt:  32.74 (5.21 periods), wall: 2.662 hours, Δt:   0.70, CFL: 7.20e-01
i: 317700, t:  327438.5 s, ωt:  32.74 (5.21 periods), wall: 2.662 hours, Δt:   0.73, CFL: 7.20e-01
i: 317800, t:  327515.2 s, ωt:  32.75 (5.21 periods), wall: 2.663 hours, Δt:   0.76, CFL: 7.20e-01
i: 317900, t:  327594.8 s, ωt:  32.76 (5.21 periods), wall: 2.664 hours, Δt:   0.79, CFL: 7.20e-01
i: 318000, t:  327669.6 s, ωt:  32.77 (5.22 periods), wall: 2.665 hours, Δt:   0.64, CFL: 7.20e-01
i: 318100, t:  327735.2 s, ωt:  32.77 (5.22 periods), wall: 2.666 hours, Δt:   0.61, CFL: 7.20e-01
i: 318200, t:  327803.9 s, ωt:  32.78 (5.22 periods), wall: 2.667 hours, Δt:   0.82, CFL: 7.20e-01
i: 318300, t:  327876.3 s, ωt:  32.79 (5.22 periods), wall: 2.667 hours, Δt:   0.76, CFL: 7.20e-01
i: 318400, t:  327956.3 s, ωt:  32.80 (5.22 periods), wall: 2.668 hours, Δt:   0.80, CFL: 7.20e-01
i: 318500, t:  328032.3 s, ωt:  32.80 (5.22 periods), wall: 2.669 hours, Δt:   0.58, CFL: 7.20e-01
i: 318600, t:  328100.1 s, ωt:  32.81 (5.22 periods), wall: 2.670 hours, Δt:   0.72, CFL: 7.20e-01
i: 318700, t:  328174.3 s, ωt:  32.82 (5.22 periods), wall: 2.671 hours, Δt:   0.66, CFL: 7.20e-01
i: 318800, t:  328243.4 s, ωt:  32.82 (5.22 periods), wall: 2.672 hours, Δt:   0.66, CFL: 7.20e-01
i: 318900, t:  328310.9 s, ωt:  32.83 (5.23 periods), wall: 2.672 hours, Δt:   0.70, CFL: 7.20e-01
i: 319000, t:  328382.4 s, ωt:  32.84 (5.23 periods), wall: 2.673 hours, Δt:   0.77, CFL: 7.20e-01
i: 319100, t:  328457.1 s, ωt:  32.85 (5.23 periods), wall: 2.674 hours, Δt:   0.85, CFL: 7.20e-01
i: 319200, t:  328529.0 s, ωt:  32.85 (5.23 periods), wall: 2.675 hours, Δt:   0.67, CFL: 7.20e-01
i: 319300, t:  328594.9 s, ωt:  32.86 (5.23 periods), wall: 2.676 hours, Δt:   0.59, CFL: 7.20e-01
i: 319400, t:  328659.7 s, ωt:  32.87 (5.23 periods), wall: 2.677 hours, Δt:   0.69, CFL: 7.20e-01
i: 319500, t:  328733.1 s, ωt:  32.87 (5.23 periods), wall: 2.677 hours, Δt:   0.78, CFL: 7.20e-01
i: 319600, t:  328801.1 s, ωt:  32.88 (5.23 periods), wall: 2.678 hours, Δt:   0.68, CFL: 7.20e-01
i: 319700, t:  328861.3 s, ωt:  32.89 (5.23 periods), wall: 2.679 hours, Δt:   0.63, CFL: 7.20e-01
i: 319800, t:  328934.5 s, ωt:  32.89 (5.24 periods), wall: 2.680 hours, Δt:   0.78, CFL: 7.20e-01
i: 319900, t:  329006.9 s, ωt:  32.90 (5.24 periods), wall: 2.681 hours, Δt:   0.75, CFL: 7.20e-01
i: 320000, t:  329073.4 s, ωt:  32.91 (5.24 periods), wall: 2.682 hours, Δt:   0.72, CFL: 7.20e-01
i: 320100, t:  329140.2 s, ωt:  32.91 (5.24 periods), wall: 2.682 hours, Δt:   0.70, CFL: 7.20e-01
i: 320200, t:  329213.1 s, ωt:  32.92 (5.24 periods), wall: 2.683 hours, Δt:   0.74, CFL: 7.20e-01
i: 320300, t:  329287.2 s, ωt:  32.93 (5.24 periods), wall: 2.684 hours, Δt:   0.82, CFL: 7.20e-01
i: 320400, t:  329361.7 s, ωt:  32.94 (5.24 periods), wall: 2.685 hours, Δt:   0.79, CFL: 7.20e-01
i: 320500, t:  329433.1 s, ωt:  32.94 (5.24 periods), wall: 2.686 hours, Δt:   0.66, CFL: 7.20e-01
i: 320600, t:  329502.8 s, ωt:  32.95 (5.24 periods), wall: 2.687 hours, Δt:   0.58, CFL: 7.20e-01
i: 320700, t:  329572.6 s, ωt:  32.96 (5.25 periods), wall: 2.687 hours, Δt:   0.72, CFL: 7.20e-01
i: 320800, t:  329644.9 s, ωt:  32.96 (5.25 periods), wall: 2.688 hours, Δt:   0.68, CFL: 7.20e-01
i: 320900, t:  329712.7 s, ωt:  32.97 (5.25 periods), wall: 2.689 hours, Δt:   0.73, CFL: 7.20e-01
i: 321000, t:  329778.3 s, ωt:  32.98 (5.25 periods), wall: 2.690 hours, Δt:   0.69, CFL: 7.20e-01
i: 321100, t:  329844.7 s, ωt:  32.98 (5.25 periods), wall: 2.691 hours, Δt:   0.69, CFL: 7.20e-01
i: 321200, t:  329909.9 s, ωt:  32.99 (5.25 periods), wall: 2.692 hours, Δt:   0.75, CFL: 7.20e-01
i: 321300, t:  329983.7 s, ωt:  33.00 (5.25 periods), wall: 2.692 hours, Δt:   0.70, CFL: 7.20e-01
i: 321400, t:  330052.7 s, ωt:  33.01 (5.25 periods), wall: 2.693 hours, Δt:   0.69, CFL: 7.20e-01
i: 321500, t:  330124.1 s, ωt:  33.01 (5.25 periods), wall: 2.694 hours, Δt:   0.65, CFL: 7.20e-01
i: 321600, t:  330187.6 s, ωt:  33.02 (5.26 periods), wall: 2.695 hours, Δt:   0.61, CFL: 7.20e-01
i: 321700, t:  330250.9 s, ωt:  33.03 (5.26 periods), wall: 2.696 hours, Δt:   0.59, CFL: 7.20e-01
i: 321800, t:  330319.0 s, ωt:  33.03 (5.26 periods), wall: 2.697 hours, Δt:   0.70, CFL: 7.20e-01
i: 321900, t:  330387.2 s, ωt:  33.04 (5.26 periods), wall: 2.697 hours, Δt:   0.72, CFL: 7.20e-01
i: 322000, t:  330457.9 s, ωt:  33.05 (5.26 periods), wall: 2.698 hours, Δt:   0.66, CFL: 7.20e-01
i: 322100, t:  330532.7 s, ωt:  33.05 (5.26 periods), wall: 2.699 hours, Δt:   0.81, CFL: 7.20e-01
i: 322200, t:  330607.6 s, ωt:  33.06 (5.26 periods), wall: 2.700 hours, Δt:   0.70, CFL: 7.20e-01
i: 322300, t:  330677.2 s, ωt:  33.07 (5.26 periods), wall: 2.701 hours, Δt:   0.79, CFL: 7.20e-01
i: 322400, t:  330747.7 s, ωt:  33.07 (5.26 periods), wall: 2.702 hours, Δt:   0.77, CFL: 7.20e-01
i: 322500, t:  330820.9 s, ωt:  33.08 (5.27 periods), wall: 2.702 hours, Δt:   0.68, CFL: 7.20e-01
i: 322600, t:  330886.5 s, ωt:  33.09 (5.27 periods), wall: 2.703 hours, Δt:   0.70, CFL: 7.20e-01
i: 322700, t:  330950.6 s, ωt:  33.10 (5.27 periods), wall: 2.704 hours, Δt:   0.58, CFL: 7.20e-01
i: 322800, t:  331022.0 s, ωt:  33.10 (5.27 periods), wall: 2.705 hours, Δt:   0.71, CFL: 7.20e-01
i: 322900, t:  331090.7 s, ωt:  33.11 (5.27 periods), wall: 2.706 hours, Δt:   0.68, CFL: 7.20e-01
i: 323000, t:  331164.9 s, ωt:  33.12 (5.27 periods), wall: 2.707 hours, Δt:   0.79, CFL: 7.20e-01
i: 323100, t:  331239.5 s, ωt:  33.12 (5.27 periods), wall: 2.707 hours, Δt:   0.75, CFL: 7.20e-01
i: 323200, t:  331316.3 s, ωt:  33.13 (5.27 periods), wall: 2.708 hours, Δt:   0.77, CFL: 7.20e-01
i: 323300, t:  331386.1 s, ωt:  33.14 (5.27 periods), wall: 2.709 hours, Δt:   0.74, CFL: 7.20e-01
i: 323400, t:  331460.5 s, ωt:  33.15 (5.28 periods), wall: 2.710 hours, Δt:   0.69, CFL: 7.20e-01
i: 323500, t:  331532.3 s, ωt:  33.15 (5.28 periods), wall: 2.711 hours, Δt:   0.68, CFL: 7.20e-01
i: 323600, t:  331603.2 s, ωt:  33.16 (5.28 periods), wall: 2.712 hours, Δt:   0.78, CFL: 7.20e-01
i: 323700, t:  331676.6 s, ωt:  33.17 (5.28 periods), wall: 2.712 hours, Δt:   0.76, CFL: 7.20e-01
i: 323800, t:  331754.5 s, ωt:  33.18 (5.28 periods), wall: 2.713 hours, Δt:   0.82, CFL: 7.20e-01
i: 323900, t:  331836.8 s, ωt:  33.18 (5.28 periods), wall: 2.714 hours, Δt:   0.85, CFL: 7.20e-01
i: 324000, t:  331915.8 s, ωt:  33.19 (5.28 periods), wall: 2.715 hours, Δt:   0.76, CFL: 7.20e-01
i: 324100, t:  331993.7 s, ωt:  33.20 (5.28 periods), wall: 2.716 hours, Δt:   0.70, CFL: 7.20e-01
i: 324200, t:  332062.8 s, ωt:  33.21 (5.28 periods), wall: 2.717 hours, Δt:   0.83, CFL: 7.20e-01
i: 324300, t:  332137.5 s, ωt:  33.21 (5.29 periods), wall: 2.717 hours, Δt:   0.73, CFL: 7.20e-01
i: 324400, t:  332214.3 s, ωt:  33.22 (5.29 periods), wall: 2.718 hours, Δt:   0.77, CFL: 7.20e-01
i: 324500, t:  332289.9 s, ωt:  33.23 (5.29 periods), wall: 2.719 hours, Δt:   0.80, CFL: 7.20e-01
i: 324600, t:  332366.5 s, ωt:  33.24 (5.29 periods), wall: 2.720 hours, Δt:   0.84, CFL: 7.20e-01
i: 324700, t:  332443.1 s, ωt:  33.24 (5.29 periods), wall: 2.721 hours, Δt:   0.74, CFL: 7.20e-01
i: 324800, t:  332520.5 s, ωt:  33.25 (5.29 periods), wall: 2.722 hours, Δt:   0.77, CFL: 7.20e-01
i: 324900, t:  332602.2 s, ωt:  33.26 (5.29 periods), wall: 2.722 hours, Δt:   0.77, CFL: 7.20e-01
i: 325000, t:  332678.6 s, ωt:  33.27 (5.29 periods), wall: 2.723 hours, Δt:   0.79, CFL: 7.20e-01
i: 325100, t:  332754.6 s, ωt:  33.28 (5.30 periods), wall: 2.724 hours, Δt:   0.78, CFL: 7.20e-01
i: 325200, t:  332829.4 s, ωt:  33.28 (5.30 periods), wall: 2.725 hours, Δt:   0.75, CFL: 7.20e-01
i: 325300, t:  332900.3 s, ωt:  33.29 (5.30 periods), wall: 2.726 hours, Δt:   0.74, CFL: 7.20e-01
i: 325400, t:  332974.0 s, ωt:  33.30 (5.30 periods), wall: 2.727 hours, Δt:   0.76, CFL: 7.20e-01
i: 325500, t:  333046.4 s, ωt:  33.30 (5.30 periods), wall: 2.727 hours, Δt:   0.71, CFL: 7.20e-01
i: 325600, t:  333118.2 s, ωt:  33.31 (5.30 periods), wall: 2.728 hours, Δt:   0.52, CFL: 7.20e-01
i: 325700, t:  333190.5 s, ωt:  33.32 (5.30 periods), wall: 2.729 hours, Δt:   0.69, CFL: 7.20e-01
i: 325800, t:  333273.3 s, ωt:  33.33 (5.30 periods), wall: 2.730 hours, Δt:   0.80, CFL: 7.20e-01
i: 325900, t:  333350.9 s, ωt:  33.34 (5.31 periods), wall: 2.731 hours, Δt:   0.90, CFL: 7.20e-01
i: 326000, t:  333427.4 s, ωt:  33.34 (5.31 periods), wall: 2.732 hours, Δt:   0.66, CFL: 7.20e-01
i: 326100, t:  333502.8 s, ωt:  33.35 (5.31 periods), wall: 2.732 hours, Δt:   0.67, CFL: 7.20e-01
i: 326200, t:  333580.7 s, ωt:  33.36 (5.31 periods), wall: 2.733 hours, Δt:   0.77, CFL: 7.20e-01
i: 326300, t:  333661.0 s, ωt:  33.37 (5.31 periods), wall: 2.734 hours, Δt:   0.78, CFL: 7.20e-01
i: 326400, t:  333733.2 s, ωt:  33.37 (5.31 periods), wall: 2.735 hours, Δt:   0.86, CFL: 7.20e-01
i: 326500, t:  333820.4 s, ωt:  33.38 (5.31 periods), wall: 2.736 hours, Δt:   0.78, CFL: 7.20e-01
i: 326600, t:  333900.6 s, ωt:  33.39 (5.31 periods), wall: 2.737 hours, Δt:   0.89, CFL: 7.20e-01
i: 326700, t:  333984.0 s, ωt:  33.40 (5.32 periods), wall: 2.737 hours, Δt:   0.80, CFL: 7.20e-01
i: 326800, t:  334064.8 s, ωt:  33.41 (5.32 periods), wall: 2.738 hours, Δt:   0.78, CFL: 7.20e-01
i: 326900, t:  334147.1 s, ωt:  33.41 (5.32 periods), wall: 2.739 hours, Δt:   0.86, CFL: 7.20e-01
i: 327000, t:  334232.4 s, ωt:  33.42 (5.32 periods), wall: 2.740 hours, Δt:   0.88, CFL: 7.20e-01
i: 327100, t:  334318.7 s, ωt:  33.43 (5.32 periods), wall: 2.741 hours, Δt:   0.72, CFL: 7.20e-01
i: 327200, t:  334401.7 s, ωt:  33.44 (5.32 periods), wall: 2.742 hours, Δt:   0.87, CFL: 7.20e-01
i: 327300, t:  334493.5 s, ωt:  33.45 (5.32 periods), wall: 2.742 hours, Δt:   0.87, CFL: 7.20e-01
i: 327400, t:  334581.4 s, ωt:  33.46 (5.33 periods), wall: 2.743 hours, Δt:   0.94, CFL: 7.20e-01
i: 327500, t:  334664.9 s, ωt:  33.47 (5.33 periods), wall: 2.744 hours, Δt:   0.90, CFL: 7.20e-01
i: 327600, t:  334756.9 s, ωt:  33.48 (5.33 periods), wall: 2.745 hours, Δt:   0.86, CFL: 7.20e-01
i: 327700, t:  334848.7 s, ωt:  33.48 (5.33 periods), wall: 2.746 hours, Δt:   0.84, CFL: 7.20e-01
i: 327800, t:  334930.8 s, ωt:  33.49 (5.33 periods), wall: 2.747 hours, Δt:   0.86, CFL: 7.20e-01
i: 327900, t:  335017.1 s, ωt:  33.50 (5.33 periods), wall: 2.747 hours, Δt:   0.90, CFL: 7.20e-01
i: 328000, t:  335100.6 s, ωt:  33.51 (5.33 periods), wall: 2.748 hours, Δt:   0.65, CFL: 7.20e-01
i: 328100, t:  335183.5 s, ωt:  33.52 (5.33 periods), wall: 2.749 hours, Δt:   0.81, CFL: 7.20e-01
i: 328200, t:  335263.5 s, ωt:  33.53 (5.34 periods), wall: 2.750 hours, Δt:   0.75, CFL: 7.20e-01
i: 328300, t:  335352.9 s, ωt:  33.54 (5.34 periods), wall: 2.751 hours, Δt:   0.96, CFL: 7.20e-01
i: 328400, t:  335446.8 s, ωt:  33.54 (5.34 periods), wall: 2.752 hours, Δt:   1.04, CFL: 7.20e-01
i: 328500, t:  335540.4 s, ωt:  33.55 (5.34 periods), wall: 2.752 hours, Δt:   0.93, CFL: 7.20e-01
i: 328600, t:  335642.5 s, ωt:  33.56 (5.34 periods), wall: 2.753 hours, Δt:   0.99, CFL: 7.20e-01
i: 328700, t:  335735.5 s, ωt:  33.57 (5.34 periods), wall: 2.754 hours, Δt:   0.96, CFL: 7.20e-01
i: 328800, t:  335830.1 s, ωt:  33.58 (5.34 periods), wall: 2.755 hours, Δt:   0.83, CFL: 7.20e-01
i: 328900, t:  335918.4 s, ωt:  33.59 (5.35 periods), wall: 2.756 hours, Δt:   1.02, CFL: 7.20e-01
i: 329000, t:  336016.7 s, ωt:  33.60 (5.35 periods), wall: 2.757 hours, Δt:   0.93, CFL: 7.20e-01
i: 329100, t:  336112.8 s, ωt:  33.61 (5.35 periods), wall: 2.757 hours, Δt:   1.15, CFL: 7.20e-01
i: 329200, t:  336215.2 s, ωt:  33.62 (5.35 periods), wall: 2.758 hours, Δt:   1.06, CFL: 7.20e-01
i: 329300, t:  336315.1 s, ωt:  33.63 (5.35 periods), wall: 2.759 hours, Δt:   0.95, CFL: 7.20e-01
i: 329400, t:  336416.8 s, ωt:  33.64 (5.35 periods), wall: 2.760 hours, Δt:   0.94, CFL: 7.20e-01
i: 329500, t:  336501.8 s, ωt:  33.65 (5.36 periods), wall: 2.761 hours, Δt:   0.66, CFL: 7.20e-01
i: 329600, t:  336588.3 s, ωt:  33.66 (5.36 periods), wall: 2.762 hours, Δt:   1.16, CFL: 7.20e-01
i: 329700, t:  336698.7 s, ωt:  33.67 (5.36 periods), wall: 2.762 hours, Δt:   1.16, CFL: 7.20e-01
i: 329800, t:  336807.8 s, ωt:  33.68 (5.36 periods), wall: 2.763 hours, Δt:   0.96, CFL: 7.20e-01
i: 329900, t:  336904.4 s, ωt:  33.69 (5.36 periods), wall: 2.764 hours, Δt:   0.88, CFL: 7.20e-01
i: 330000, t:  337006.9 s, ωt:  33.70 (5.36 periods), wall: 2.765 hours, Δt:   1.11, CFL: 7.20e-01
i: 330100, t:  337124.2 s, ωt:  33.71 (5.37 periods), wall: 2.766 hours, Δt:   1.28, CFL: 7.20e-01
i: 330200, t:  337238.6 s, ωt:  33.72 (5.37 periods), wall: 2.767 hours, Δt:   0.93, CFL: 7.20e-01
i: 330300, t:  337343.1 s, ωt:  33.73 (5.37 periods), wall: 2.767 hours, Δt:   1.12, CFL: 7.20e-01
i: 330400, t:  337456.9 s, ωt:  33.75 (5.37 periods), wall: 2.768 hours, Δt:   1.04, CFL: 7.20e-01
i: 330500, t:  337566.2 s, ωt:  33.76 (5.37 periods), wall: 2.769 hours, Δt:   1.20, CFL: 7.20e-01
i: 330600, t:  337679.4 s, ωt:  33.77 (5.37 periods), wall: 2.770 hours, Δt:   1.00, CFL: 7.20e-01
i: 330700, t:  337783.0 s, ωt:  33.78 (5.38 periods), wall: 2.771 hours, Δt:   1.19, CFL: 7.20e-01
i: 330800, t:  337899.6 s, ωt:  33.79 (5.38 periods), wall: 2.772 hours, Δt:   1.19, CFL: 7.20e-01
i: 330900, t:  338013.4 s, ωt:  33.80 (5.38 periods), wall: 2.772 hours, Δt:   1.26, CFL: 7.20e-01
i: 331000, t:  338122.4 s, ωt:  33.81 (5.38 periods), wall: 2.773 hours, Δt:   0.96, CFL: 7.20e-01
i: 331100, t:  338232.9 s, ωt:  33.82 (5.38 periods), wall: 2.774 hours, Δt:   1.12, CFL: 7.20e-01
i: 331200, t:  338346.4 s, ωt:  33.83 (5.38 periods), wall: 2.775 hours, Δt:   1.05, CFL: 7.20e-01
i: 331300, t:  338452.5 s, ωt:  33.85 (5.39 periods), wall: 2.776 hours, Δt:   1.06, CFL: 7.20e-01
i: 331400, t:  338574.7 s, ωt:  33.86 (5.39 periods), wall: 2.777 hours, Δt:   1.37, CFL: 7.20e-01
i: 331500, t:  338701.1 s, ωt:  33.87 (5.39 periods), wall: 2.777 hours, Δt:   1.23, CFL: 7.20e-01
i: 331600, t:  338814.4 s, ωt:  33.88 (5.39 periods), wall: 2.778 hours, Δt:   1.17, CFL: 7.20e-01
i: 331700, t:  338935.4 s, ωt:  33.89 (5.39 periods), wall: 2.779 hours, Δt:   1.36, CFL: 7.20e-01
i: 331800, t:  339064.5 s, ωt:  33.91 (5.40 periods), wall: 2.780 hours, Δt:   1.22, CFL: 7.20e-01
i: 331900, t:  339176.8 s, ωt:  33.92 (5.40 periods), wall: 2.781 hours, Δt:   1.09, CFL: 7.20e-01
i: 332000, t:  339288.6 s, ωt:  33.93 (5.40 periods), wall: 2.782 hours, Δt:   1.27, CFL: 7.20e-01
i: 332100, t:  339420.4 s, ωt:  33.94 (5.40 periods), wall: 2.782 hours, Δt:   1.46, CFL: 7.20e-01
i: 332200, t:  339575.5 s, ωt:  33.96 (5.40 periods), wall: 2.783 hours, Δt:   1.56, CFL: 7.20e-01
i: 332300, t:  339725.8 s, ωt:  33.97 (5.41 periods), wall: 2.784 hours, Δt:   1.76, CFL: 7.20e-01
i: 332400, t:  339890.0 s, ωt:  33.99 (5.41 periods), wall: 2.785 hours, Δt:   1.33, CFL: 7.20e-01
i: 332500, t:  340020.2 s, ωt:  34.00 (5.41 periods), wall: 2.786 hours, Δt:   1.43, CFL: 7.20e-01
i: 332600, t:  340166.4 s, ωt:  34.02 (5.41 periods), wall: 2.787 hours, Δt:   1.57, CFL: 7.20e-01
i: 332700, t:  340298.9 s, ωt:  34.03 (5.42 periods), wall: 2.787 hours, Δt:   1.34, CFL: 7.20e-01
i: 332800, t:  340448.5 s, ωt:  34.04 (5.42 periods), wall: 2.788 hours, Δt:   1.46, CFL: 7.20e-01
i: 332900, t:  340601.8 s, ωt:  34.06 (5.42 periods), wall: 2.789 hours, Δt:   1.54, CFL: 7.20e-01
i: 333000, t:  340751.1 s, ωt:  34.08 (5.42 periods), wall: 2.790 hours, Δt:   1.57, CFL: 7.20e-01
i: 333100, t:  340903.0 s, ωt:  34.09 (5.43 periods), wall: 2.791 hours, Δt:   1.62, CFL: 7.20e-01
i: 333200, t:  341054.6 s, ωt:  34.11 (5.43 periods), wall: 2.792 hours, Δt:   1.54, CFL: 7.20e-01
i: 333300, t:  341210.4 s, ωt:  34.12 (5.43 periods), wall: 2.793 hours, Δt:   1.32, CFL: 7.20e-01
i: 333400, t:  341360.9 s, ωt:  34.14 (5.43 periods), wall: 2.793 hours, Δt:   1.73, CFL: 7.20e-01
i: 333500, t:  341526.0 s, ωt:  34.15 (5.44 periods), wall: 2.794 hours, Δt:   1.38, CFL: 7.20e-01
i: 333600, t:  341687.2 s, ωt:  34.17 (5.44 periods), wall: 2.795 hours, Δt:   1.53, CFL: 7.20e-01
i: 333700, t:  341855.0 s, ωt:  34.19 (5.44 periods), wall: 2.796 hours, Δt:   1.71, CFL: 7.20e-01
i: 333800, t:  342051.1 s, ωt:  34.21 (5.44 periods), wall: 2.797 hours, Δt:   2.06, CFL: 7.20e-01
i: 333900, t:  342226.9 s, ωt:  34.22 (5.45 periods), wall: 2.798 hours, Δt:   1.83, CFL: 7.20e-01
i: 334000, t:  342435.5 s, ωt:  34.24 (5.45 periods), wall: 2.798 hours, Δt:   2.14, CFL: 7.20e-01
i: 334100, t:  342625.7 s, ωt:  34.26 (5.45 periods), wall: 2.799 hours, Δt:   1.55, CFL: 7.20e-01
i: 334200, t:  342808.5 s, ωt:  34.28 (5.46 periods), wall: 2.800 hours, Δt:   2.05, CFL: 7.20e-01
i: 334300, t:  343015.6 s, ωt:  34.30 (5.46 periods), wall: 2.801 hours, Δt:   2.11, CFL: 7.20e-01
i: 334400, t:  343218.4 s, ωt:  34.32 (5.46 periods), wall: 2.802 hours, Δt:   2.01, CFL: 7.20e-01
i: 334500, t:  343448.4 s, ωt:  34.34 (5.47 periods), wall: 2.803 hours, Δt:   2.67, CFL: 7.20e-01
i: 334600, t:  343713.9 s, ωt:  34.37 (5.47 periods), wall: 2.803 hours, Δt:   2.36, CFL: 7.20e-01
i: 334700, t:  343973.7 s, ωt:  34.40 (5.47 periods), wall: 2.804 hours, Δt:   2.96, CFL: 7.20e-01
i: 334800, t:  344251.2 s, ωt:  34.43 (5.48 periods), wall: 2.805 hours, Δt:   3.42, CFL: 7.07e-01
i: 334900, t:  344577.6 s, ωt:  34.46 (5.48 periods), wall: 2.806 hours, Δt:   2.42, CFL: 7.20e-01
i: 335000, t:  344845.2 s, ωt:  34.48 (5.49 periods), wall: 2.807 hours, Δt:   2.16, CFL: 7.20e-01
i: 335100, t:  345067.6 s, ωt:  34.51 (5.49 periods), wall: 2.808 hours, Δt:   2.51, CFL: 7.20e-01
i: 335200, t:  345353.4 s, ωt:  34.54 (5.50 periods), wall: 2.808 hours, Δt:   2.93, CFL: 7.20e-01
i: 335300, t:  345660.1 s, ωt:  34.57 (5.50 periods), wall: 2.809 hours, Δt:   3.47, CFL: 7.20e-01
i: 335400, t:  345967.6 s, ωt:  34.60 (5.51 periods), wall: 2.810 hours, Δt:   3.08, CFL: 7.20e-01
i: 335500, t:  346278.1 s, ωt:  34.63 (5.51 periods), wall: 2.811 hours, Δt:   2.98, CFL: 7.20e-01
i: 335600, t:  346558.1 s, ωt:  34.66 (5.52 periods), wall: 2.812 hours, Δt:   2.68, CFL: 7.20e-01
i: 335700, t:  346798.5 s, ωt:  34.68 (5.52 periods), wall: 2.813 hours, Δt:   2.24, CFL: 7.20e-01
i: 335800, t:  347002.1 s, ωt:  34.70 (5.52 periods), wall: 2.814 hours, Δt:   1.94, CFL: 7.20e-01
i: 335900, t:  347205.0 s, ωt:  34.72 (5.53 periods), wall: 2.814 hours, Δt:   2.55, CFL: 7.20e-01
i: 336000, t:  347387.3 s, ωt:  34.74 (5.53 periods), wall: 2.815 hours, Δt:   2.11, CFL: 7.20e-01
i: 336100, t:  347565.7 s, ωt:  34.76 (5.53 periods), wall: 2.816 hours, Δt:   1.79, CFL: 7.20e-01
i: 336200, t:  347744.6 s, ωt:  34.77 (5.53 periods), wall: 2.817 hours, Δt:   2.03, CFL: 7.20e-01
i: 336300, t:  347923.2 s, ωt:  34.79 (5.54 periods), wall: 2.818 hours, Δt:   1.53, CFL: 7.20e-01
i: 336400, t:  348082.7 s, ωt:  34.81 (5.54 periods), wall: 2.819 hours, Δt:   1.82, CFL: 7.20e-01
i: 336500, t:  348249.0 s, ωt:  34.82 (5.54 periods), wall: 2.819 hours, Δt:   1.78, CFL: 7.20e-01
i: 336600, t:  348412.4 s, ωt:  34.84 (5.55 periods), wall: 2.820 hours, Δt:   1.68, CFL: 7.20e-01
i: 336700, t:  348575.7 s, ωt:  34.86 (5.55 periods), wall: 2.821 hours, Δt:   1.47, CFL: 7.20e-01
i: 336800, t:  348730.6 s, ωt:  34.87 (5.55 periods), wall: 2.822 hours, Δt:   1.43, CFL: 7.20e-01
i: 336900, t:  348865.7 s, ωt:  34.89 (5.55 periods), wall: 2.823 hours, Δt:   1.62, CFL: 7.20e-01
i: 337000, t:  349013.0 s, ωt:  34.90 (5.55 periods), wall: 2.824 hours, Δt:   1.41, CFL: 7.20e-01
i: 337100, t:  349161.6 s, ωt:  34.92 (5.56 periods), wall: 2.824 hours, Δt:   1.53, CFL: 7.20e-01
i: 337200, t:  349311.9 s, ωt:  34.93 (5.56 periods), wall: 2.825 hours, Δt:   1.32, CFL: 7.20e-01
i: 337300, t:  349428.6 s, ωt:  34.94 (5.56 periods), wall: 2.826 hours, Δt:   1.05, CFL: 7.20e-01
i: 337400, t:  349548.0 s, ωt:  34.95 (5.56 periods), wall: 2.827 hours, Δt:   1.04, CFL: 7.20e-01
i: 337500, t:  349669.8 s, ωt:  34.97 (5.57 periods), wall: 2.828 hours, Δt:   1.30, CFL: 7.20e-01
i: 337600, t:  349792.6 s, ωt:  34.98 (5.57 periods), wall: 2.829 hours, Δt:   1.09, CFL: 7.20e-01
i: 337700, t:  349915.0 s, ωt:  34.99 (5.57 periods), wall: 2.829 hours, Δt:   1.33, CFL: 7.20e-01
i: 337800, t:  350034.0 s, ωt:  35.00 (5.57 periods), wall: 2.830 hours, Δt:   1.07, CFL: 7.20e-01
i: 337900, t:  350147.0 s, ωt:  35.01 (5.57 periods), wall: 2.831 hours, Δt:   1.03, CFL: 7.20e-01
i: 338000, t:  350262.0 s, ωt:  35.03 (5.57 periods), wall: 2.832 hours, Δt:   1.25, CFL: 7.20e-01
i: 338100, t:  350387.2 s, ωt:  35.04 (5.58 periods), wall: 2.833 hours, Δt:   1.33, CFL: 7.20e-01
i: 338200, t:  350509.3 s, ωt:  35.05 (5.58 periods), wall: 2.834 hours, Δt:   1.11, CFL: 7.20e-01
i: 338300, t:  350623.9 s, ωt:  35.06 (5.58 periods), wall: 2.834 hours, Δt:   1.14, CFL: 7.20e-01
i: 338400, t:  350731.9 s, ωt:  35.07 (5.58 periods), wall: 2.835 hours, Δt:   1.22, CFL: 7.20e-01
i: 338500, t:  350847.4 s, ωt:  35.08 (5.58 periods), wall: 2.836 hours, Δt:   1.01, CFL: 7.20e-01
i: 338600, t:  350939.4 s, ωt:  35.09 (5.59 periods), wall: 2.837 hours, Δt:   1.08, CFL: 7.20e-01
i: 338700, t:  351043.7 s, ωt:  35.10 (5.59 periods), wall: 2.838 hours, Δt:   0.96, CFL: 7.20e-01
i: 338800, t:  351150.7 s, ωt:  35.12 (5.59 periods), wall: 2.839 hours, Δt:   1.09, CFL: 7.20e-01
i: 338900, t:  351252.7 s, ωt:  35.13 (5.59 periods), wall: 2.839 hours, Δt:   0.99, CFL: 7.20e-01
i: 339000, t:  351358.6 s, ωt:  35.14 (5.59 periods), wall: 2.840 hours, Δt:   1.19, CFL: 7.20e-01
i: 339100, t:  351464.4 s, ωt:  35.15 (5.59 periods), wall: 2.841 hours, Δt:   0.99, CFL: 7.20e-01
i: 339200, t:  351568.5 s, ωt:  35.16 (5.60 periods), wall: 2.842 hours, Δt:   1.01, CFL: 7.20e-01
i: 339300, t:  351664.2 s, ωt:  35.17 (5.60 periods), wall: 2.843 hours, Δt:   1.06, CFL: 7.20e-01
i: 339400, t:  351764.7 s, ωt:  35.18 (5.60 periods), wall: 2.844 hours, Δt:   1.03, CFL: 7.20e-01
i: 339500, t:  351862.0 s, ωt:  35.19 (5.60 periods), wall: 2.844 hours, Δt:   0.92, CFL: 7.20e-01
i: 339600, t:  351952.5 s, ωt:  35.20 (5.60 periods), wall: 2.845 hours, Δt:   0.93, CFL: 7.20e-01
i: 339700, t:  352049.8 s, ωt:  35.20 (5.60 periods), wall: 2.846 hours, Δt:   0.87, CFL: 7.20e-01
i: 339800, t:  352148.8 s, ωt:  35.21 (5.60 periods), wall: 2.847 hours, Δt:   0.93, CFL: 7.20e-01
i: 339900, t:  352246.9 s, ωt:  35.22 (5.61 periods), wall: 2.848 hours, Δt:   1.08, CFL: 7.20e-01
i: 340000, t:  352344.0 s, ωt:  35.23 (5.61 periods), wall: 2.849 hours, Δt:   1.00, CFL: 7.20e-01
i: 340100, t:  352442.2 s, ωt:  35.24 (5.61 periods), wall: 2.849 hours, Δt:   0.86, CFL: 7.20e-01
i: 340200, t:  352524.1 s, ωt:  35.25 (5.61 periods), wall: 2.850 hours, Δt:   0.96, CFL: 7.20e-01
i: 340300, t:  352620.8 s, ωt:  35.26 (5.61 periods), wall: 2.851 hours, Δt:   0.97, CFL: 7.20e-01
i: 340400, t:  352715.9 s, ωt:  35.27 (5.61 periods), wall: 2.852 hours, Δt:   0.77, CFL: 7.20e-01
i: 340500, t:  352806.6 s, ωt:  35.28 (5.62 periods), wall: 2.853 hours, Δt:   0.88, CFL: 7.20e-01
i: 340600, t:  352901.3 s, ωt:  35.29 (5.62 periods), wall: 2.854 hours, Δt:   0.86, CFL: 7.20e-01
i: 340700, t:  352991.4 s, ωt:  35.30 (5.62 periods), wall: 2.854 hours, Δt:   0.94, CFL: 7.20e-01
i: 340800, t:  353086.2 s, ωt:  35.31 (5.62 periods), wall: 2.855 hours, Δt:   0.82, CFL: 7.20e-01
i: 340900, t:  353181.0 s, ωt:  35.32 (5.62 periods), wall: 2.856 hours, Δt:   0.95, CFL: 7.20e-01
i: 341000, t:  353266.3 s, ωt:  35.33 (5.62 periods), wall: 2.857 hours, Δt:   0.86, CFL: 7.20e-01
i: 341100, t:  353354.6 s, ωt:  35.34 (5.62 periods), wall: 2.858 hours, Δt:   0.97, CFL: 7.20e-01
i: 341200, t:  353445.5 s, ωt:  35.34 (5.63 periods), wall: 2.859 hours, Δt:   0.80, CFL: 7.20e-01
i: 341300, t:  353528.7 s, ωt:  35.35 (5.63 periods), wall: 2.859 hours, Δt:   1.01, CFL: 7.20e-01
i: 341400, t:  353623.0 s, ωt:  35.36 (5.63 periods), wall: 2.860 hours, Δt:   0.88, CFL: 7.20e-01
i: 341500, t:  353705.4 s, ωt:  35.37 (5.63 periods), wall: 2.861 hours, Δt:   0.79, CFL: 7.20e-01
i: 341600, t:  353791.2 s, ωt:  35.38 (5.63 periods), wall: 2.862 hours, Δt:   0.92, CFL: 7.20e-01
i: 341700, t:  353877.4 s, ωt:  35.39 (5.63 periods), wall: 2.863 hours, Δt:   0.83, CFL: 7.20e-01
i: 341800, t:  353960.0 s, ωt:  35.40 (5.63 periods), wall: 2.864 hours, Δt:   0.83, CFL: 7.20e-01
i: 341900, t:  354045.7 s, ωt:  35.40 (5.63 periods), wall: 2.864 hours, Δt:   0.77, CFL: 7.20e-01
i: 342000, t:  354122.5 s, ωt:  35.41 (5.64 periods), wall: 2.865 hours, Δt:   0.86, CFL: 7.20e-01
i: 342100, t:  354206.9 s, ωt:  35.42 (5.64 periods), wall: 2.866 hours, Δt:   0.86, CFL: 7.20e-01
i: 342200, t:  354288.2 s, ωt:  35.43 (5.64 periods), wall: 2.867 hours, Δt:   0.72, CFL: 7.20e-01
i: 342300, t:  354366.7 s, ωt:  35.44 (5.64 periods), wall: 2.868 hours, Δt:   0.84, CFL: 7.20e-01
i: 342400, t:  354450.0 s, ωt:  35.44 (5.64 periods), wall: 2.869 hours, Δt:   0.73, CFL: 7.20e-01
i: 342500, t:  354520.5 s, ωt:  35.45 (5.64 periods), wall: 2.869 hours, Δt:   0.80, CFL: 7.20e-01
i: 342600, t:  354590.3 s, ωt:  35.46 (5.64 periods), wall: 2.870 hours, Δt:   0.70, CFL: 7.20e-01
i: 342700, t:  354664.3 s, ωt:  35.47 (5.64 periods), wall: 2.871 hours, Δt:   0.74, CFL: 7.20e-01
i: 342800, t:  354742.2 s, ωt:  35.47 (5.65 periods), wall: 2.872 hours, Δt:   0.73, CFL: 7.20e-01
i: 342900, t:  354817.8 s, ωt:  35.48 (5.65 periods), wall: 2.873 hours, Δt:   0.81, CFL: 7.20e-01
i: 343000, t:  354892.9 s, ωt:  35.49 (5.65 periods), wall: 2.874 hours, Δt:   0.81, CFL: 7.20e-01
i: 343100, t:  354969.3 s, ωt:  35.50 (5.65 periods), wall: 2.874 hours, Δt:   0.80, CFL: 7.20e-01
i: 343200, t:  355049.2 s, ωt:  35.50 (5.65 periods), wall: 2.875 hours, Δt:   0.69, CFL: 7.20e-01
i: 343300, t:  355121.5 s, ωt:  35.51 (5.65 periods), wall: 2.876 hours, Δt:   0.73, CFL: 7.20e-01
i: 343400, t:  355198.1 s, ωt:  35.52 (5.65 periods), wall: 2.877 hours, Δt:   0.77, CFL: 7.20e-01
i: 343500, t:  355274.6 s, ωt:  35.53 (5.65 periods), wall: 2.878 hours, Δt:   0.84, CFL: 7.20e-01
i: 343600, t:  355349.2 s, ωt:  35.53 (5.66 periods), wall: 2.879 hours, Δt:   0.71, CFL: 7.20e-01
i: 343700, t:  355424.3 s, ωt:  35.54 (5.66 periods), wall: 2.879 hours, Δt:   0.81, CFL: 7.20e-01
i: 343800, t:  355502.7 s, ωt:  35.55 (5.66 periods), wall: 2.880 hours, Δt:   0.77, CFL: 7.20e-01
i: 343900, t:  355582.9 s, ωt:  35.56 (5.66 periods), wall: 2.881 hours, Δt:   0.70, CFL: 7.20e-01
i: 344000, t:  355663.8 s, ωt:  35.57 (5.66 periods), wall: 2.882 hours, Δt:   0.69, CFL: 7.20e-01
i: 344100, t:  355733.6 s, ωt:  35.57 (5.66 periods), wall: 2.883 hours, Δt:   0.81, CFL: 7.20e-01
i: 344200, t:  355814.5 s, ωt:  35.58 (5.66 periods), wall: 2.884 hours, Δt:   0.71, CFL: 7.20e-01
i: 344300, t:  355890.9 s, ωt:  35.59 (5.66 periods), wall: 2.884 hours, Δt:   0.79, CFL: 7.20e-01
i: 344400, t:  355967.3 s, ωt:  35.60 (5.67 periods), wall: 2.885 hours, Δt:   0.87, CFL: 7.20e-01
i: 344500, t:  356044.8 s, ωt:  35.60 (5.67 periods), wall: 2.886 hours, Δt:   0.79, CFL: 7.20e-01
i: 344600, t:  356124.3 s, ωt:  35.61 (5.67 periods), wall: 2.887 hours, Δt:   0.65, CFL: 7.20e-01
i: 344700, t:  356194.4 s, ωt:  35.62 (5.67 periods), wall: 2.888 hours, Δt:   0.70, CFL: 7.20e-01
i: 344800, t:  356262.2 s, ωt:  35.63 (5.67 periods), wall: 2.889 hours, Δt:   0.87, CFL: 7.20e-01
i: 344900, t:  356335.9 s, ωt:  35.63 (5.67 periods), wall: 2.889 hours, Δt:   0.73, CFL: 7.20e-01
i: 345000, t:  356408.1 s, ωt:  35.64 (5.67 periods), wall: 2.890 hours, Δt:   0.71, CFL: 7.20e-01
i: 345100, t:  356483.3 s, ωt:  35.65 (5.67 periods), wall: 2.891 hours, Δt:   0.78, CFL: 7.20e-01
i: 345200, t:  356565.6 s, ωt:  35.66 (5.67 periods), wall: 2.892 hours, Δt:   0.80, CFL: 7.20e-01
i: 345300, t:  356642.0 s, ωt:  35.66 (5.68 periods), wall: 2.893 hours, Δt:   0.70, CFL: 7.20e-01
i: 345400, t:  356717.5 s, ωt:  35.67 (5.68 periods), wall: 2.894 hours, Δt:   0.78, CFL: 7.20e-01
i: 345500, t:  356792.7 s, ωt:  35.68 (5.68 periods), wall: 2.894 hours, Δt:   0.69, CFL: 7.20e-01
i: 345600, t:  356868.0 s, ωt:  35.69 (5.68 periods), wall: 2.895 hours, Δt:   0.79, CFL: 7.20e-01
i: 345700, t:  356944.3 s, ωt:  35.69 (5.68 periods), wall: 2.896 hours, Δt:   0.77, CFL: 7.20e-01
i: 345800, t:  357018.8 s, ωt:  35.70 (5.68 periods), wall: 2.897 hours, Δt:   0.74, CFL: 7.20e-01
i: 345900, t:  357082.6 s, ωt:  35.71 (5.68 periods), wall: 2.898 hours, Δt:   0.67, CFL: 7.20e-01
i: 346000, t:  357153.7 s, ωt:  35.72 (5.68 periods), wall: 2.899 hours, Δt:   0.75, CFL: 7.20e-01
i: 346100, t:  357227.5 s, ωt:  35.72 (5.69 periods), wall: 2.899 hours, Δt:   0.76, CFL: 7.20e-01
i: 346200, t:  357302.9 s, ωt:  35.73 (5.69 periods), wall: 2.900 hours, Δt:   0.75, CFL: 7.20e-01
i: 346300, t:  357381.6 s, ωt:  35.74 (5.69 periods), wall: 2.901 hours, Δt:   0.69, CFL: 7.20e-01
i: 346400, t:  357458.4 s, ωt:  35.75 (5.69 periods), wall: 2.902 hours, Δt:   0.71, CFL: 7.20e-01
i: 346500, t:  357529.4 s, ωt:  35.75 (5.69 periods), wall: 2.903 hours, Δt:   0.73, CFL: 7.20e-01
i: 346600, t:  357601.8 s, ωt:  35.76 (5.69 periods), wall: 2.904 hours, Δt:   0.68, CFL: 7.20e-01
i: 346700, t:  357668.9 s, ωt:  35.77 (5.69 periods), wall: 2.904 hours, Δt:   0.63, CFL: 7.20e-01
i: 346800, t:  357735.1 s, ωt:  35.77 (5.69 periods), wall: 2.905 hours, Δt:   0.75, CFL: 7.20e-01
i: 346900, t:  357806.1 s, ωt:  35.78 (5.69 periods), wall: 2.906 hours, Δt:   0.76, CFL: 7.20e-01
i: 347000, t:  357876.4 s, ωt:  35.79 (5.70 periods), wall: 2.907 hours, Δt:   0.76, CFL: 7.20e-01
i: 347100, t:  357948.1 s, ωt:  35.79 (5.70 periods), wall: 2.908 hours, Δt:   0.78, CFL: 7.20e-01
i: 347200, t:  358020.2 s, ωt:  35.80 (5.70 periods), wall: 2.909 hours, Δt:   0.72, CFL: 7.20e-01
i: 347300, t:  358091.6 s, ωt:  35.81 (5.70 periods), wall: 2.909 hours, Δt:   0.61, CFL: 7.20e-01
i: 347400, t:  358160.0 s, ωt:  35.82 (5.70 periods), wall: 2.910 hours, Δt:   0.79, CFL: 7.20e-01
i: 347500, t:  358233.3 s, ωt:  35.82 (5.70 periods), wall: 2.911 hours, Δt:   0.59, CFL: 7.20e-01
i: 347600, t:  358296.6 s, ωt:  35.83 (5.70 periods), wall: 2.912 hours, Δt:   0.56, CFL: 7.20e-01
i: 347700, t:  358359.9 s, ωt:  35.84 (5.70 periods), wall: 2.913 hours, Δt:   0.71, CFL: 7.20e-01
i: 347800, t:  358425.9 s, ωt:  35.84 (5.70 periods), wall: 2.914 hours, Δt:   0.74, CFL: 7.20e-01
i: 347900, t:  358496.0 s, ωt:  35.85 (5.71 periods), wall: 2.914 hours, Δt:   0.73, CFL: 7.20e-01
i: 348000, t:  358572.2 s, ωt:  35.86 (5.71 periods), wall: 2.915 hours, Δt:   0.80, CFL: 7.20e-01
i: 348100, t:  358649.5 s, ωt:  35.86 (5.71 periods), wall: 2.916 hours, Δt:   0.83, CFL: 7.20e-01
i: 348200, t:  358730.3 s, ωt:  35.87 (5.71 periods), wall: 2.917 hours, Δt:   0.77, CFL: 7.20e-01
i: 348300, t:  358801.3 s, ωt:  35.88 (5.71 periods), wall: 2.918 hours, Δt:   0.64, CFL: 7.20e-01
i: 348400, t:  358872.9 s, ωt:  35.89 (5.71 periods), wall: 2.919 hours, Δt:   0.70, CFL: 7.20e-01
i: 348500, t:  358950.3 s, ωt:  35.90 (5.71 periods), wall: 2.919 hours, Δt:   0.68, CFL: 7.20e-01
i: 348600, t:  359023.9 s, ωt:  35.90 (5.71 periods), wall: 2.920 hours, Δt:   0.71, CFL: 7.20e-01
i: 348700, t:  359096.5 s, ωt:  35.91 (5.72 periods), wall: 2.921 hours, Δt:   0.73, CFL: 7.20e-01
i: 348800, t:  359168.8 s, ωt:  35.92 (5.72 periods), wall: 2.922 hours, Δt:   0.73, CFL: 7.20e-01
i: 348900, t:  359242.5 s, ωt:  35.92 (5.72 periods), wall: 2.923 hours, Δt:   0.74, CFL: 7.20e-01
i: 349000, t:  359306.5 s, ωt:  35.93 (5.72 periods), wall: 2.924 hours, Δt:   0.64, CFL: 7.20e-01
i: 349100, t:  359371.9 s, ωt:  35.94 (5.72 periods), wall: 2.924 hours, Δt:   0.64, CFL: 7.20e-01
i: 349200, t:  359435.2 s, ωt:  35.94 (5.72 periods), wall: 2.925 hours, Δt:   0.67, CFL: 7.20e-01
i: 349300, t:  359499.4 s, ωt:  35.95 (5.72 periods), wall: 2.926 hours, Δt:   0.68, CFL: 7.20e-01
i: 349400, t:  359569.9 s, ωt:  35.96 (5.72 periods), wall: 2.927 hours, Δt:   0.81, CFL: 7.20e-01
i: 349500, t:  359642.9 s, ωt:  35.96 (5.72 periods), wall: 2.928 hours, Δt:   0.67, CFL: 7.20e-01
i: 349600, t:  359707.8 s, ωt:  35.97 (5.72 periods), wall: 2.929 hours, Δt:   0.52, CFL: 7.20e-01
i: 349700, t:  359768.8 s, ωt:  35.98 (5.73 periods), wall: 2.929 hours, Δt:   0.61, CFL: 7.20e-01
i: 349800, t:  359837.2 s, ωt:  35.98 (5.73 periods), wall: 2.930 hours, Δt:   0.84, CFL: 7.20e-01
i: 349900, t:  359910.7 s, ωt:  35.99 (5.73 periods), wall: 2.931 hours, Δt:   0.76, CFL: 7.20e-01
i: 350000, t:  359981.0 s, ωt:  36.00 (5.73 periods), wall: 2.932 hours, Δt:   0.64, CFL: 7.20e-01
i: 350100, t:  360052.0 s, ωt:  36.01 (5.73 periods), wall: 2.933 hours, Δt:   0.73, CFL: 7.20e-01
i: 350200, t:  360118.5 s, ωt:  36.01 (5.73 periods), wall: 2.934 hours, Δt:   0.53, CFL: 7.20e-01
i: 350300, t:  360185.7 s, ωt:  36.02 (5.73 periods), wall: 2.934 hours, Δt:   0.81, CFL: 7.20e-01
i: 350400, t:  360255.3 s, ωt:  36.03 (5.73 periods), wall: 2.935 hours, Δt:   0.64, CFL: 7.20e-01
i: 350500, t:  360325.0 s, ωt:  36.03 (5.73 periods), wall: 2.936 hours, Δt:   0.63, CFL: 7.20e-01
i: 350600, t:  360391.1 s, ωt:  36.04 (5.74 periods), wall: 2.937 hours, Δt:   0.76, CFL: 7.20e-01
i: 350700, t:  360463.2 s, ωt:  36.05 (5.74 periods), wall: 2.938 hours, Δt:   0.69, CFL: 7.20e-01
i: 350800, t:  360533.6 s, ωt:  36.05 (5.74 periods), wall: 2.939 hours, Δt:   0.73, CFL: 7.20e-01
i: 350900, t:  360606.5 s, ωt:  36.06 (5.74 periods), wall: 2.940 hours, Δt:   0.72, CFL: 7.20e-01
i: 351000, t:  360682.5 s, ωt:  36.07 (5.74 periods), wall: 2.940 hours, Δt:   0.69, CFL: 7.20e-01
i: 351100, t:  360757.3 s, ωt:  36.08 (5.74 periods), wall: 2.941 hours, Δt:   0.78, CFL: 7.20e-01
i: 351200, t:  360827.4 s, ωt:  36.08 (5.74 periods), wall: 2.942 hours, Δt:   0.74, CFL: 7.20e-01
i: 351300, t:  360903.0 s, ωt:  36.09 (5.74 periods), wall: 2.943 hours, Δt:   0.72, CFL: 7.20e-01
i: 351400, t:  360977.9 s, ωt:  36.10 (5.75 periods), wall: 2.944 hours, Δt:   0.76, CFL: 7.20e-01
i: 351500, t:  361050.1 s, ωt:  36.11 (5.75 periods), wall: 2.945 hours, Δt:   0.74, CFL: 7.20e-01
i: 351600, t:  361109.4 s, ωt:  36.11 (5.75 periods), wall: 2.945 hours, Δt:   0.65, CFL: 7.20e-01
i: 351700, t:  361174.9 s, ωt:  36.12 (5.75 periods), wall: 2.946 hours, Δt:   0.61, CFL: 7.20e-01
i: 351800, t:  361239.8 s, ωt:  36.12 (5.75 periods), wall: 2.947 hours, Δt:   0.67, CFL: 7.20e-01
i: 351900, t:  361315.0 s, ωt:  36.13 (5.75 periods), wall: 2.948 hours, Δt:   0.74, CFL: 7.20e-01
i: 352000, t:  361387.1 s, ωt:  36.14 (5.75 periods), wall: 2.949 hours, Δt:   0.73, CFL: 7.20e-01
i: 352100, t:  361455.7 s, ωt:  36.15 (5.75 periods), wall: 2.950 hours, Δt:   0.77, CFL: 7.20e-01
i: 352200, t:  361524.3 s, ωt:  36.15 (5.75 periods), wall: 2.950 hours, Δt:   0.60, CFL: 7.20e-01
i: 352300, t:  361587.5 s, ωt:  36.16 (5.75 periods), wall: 2.951 hours, Δt:   0.81, CFL: 7.20e-01
i: 352400, t:  361661.2 s, ωt:  36.17 (5.76 periods), wall: 2.952 hours, Δt:   0.71, CFL: 7.20e-01
i: 352500, t:  361723.9 s, ωt:  36.17 (5.76 periods), wall: 2.953 hours, Δt:   0.61, CFL: 7.20e-01
i: 352600, t:  361794.7 s, ωt:  36.18 (5.76 periods), wall: 2.954 hours, Δt:   0.73, CFL: 7.20e-01
i: 352700, t:  361861.1 s, ωt:  36.19 (5.76 periods), wall: 2.955 hours, Δt:   0.77, CFL: 7.20e-01
i: 352800, t:  361932.6 s, ωt:  36.19 (5.76 periods), wall: 2.955 hours, Δt:   0.80, CFL: 7.20e-01
i: 352900, t:  362008.1 s, ωt:  36.20 (5.76 periods), wall: 2.956 hours, Δt:   0.80, CFL: 7.20e-01
i: 353000, t:  362083.7 s, ωt:  36.21 (5.76 periods), wall: 2.957 hours, Δt:   0.80, CFL: 7.20e-01
i: 353100, t:  362154.1 s, ωt:  36.22 (5.76 periods), wall: 2.958 hours, Δt:   0.64, CFL: 7.20e-01
i: 353200, t:  362224.9 s, ωt:  36.22 (5.76 periods), wall: 2.959 hours, Δt:   0.73, CFL: 7.20e-01
i: 353300, t:  362291.0 s, ωt:  36.23 (5.77 periods), wall: 2.960 hours, Δt:   0.75, CFL: 7.20e-01
i: 353400, t:  362364.5 s, ωt:  36.24 (5.77 periods), wall: 2.960 hours, Δt:   0.72, CFL: 7.20e-01
i: 353500, t:  362433.9 s, ωt:  36.24 (5.77 periods), wall: 2.961 hours, Δt:   0.83, CFL: 7.20e-01
i: 353600, t:  362509.5 s, ωt:  36.25 (5.77 periods), wall: 2.962 hours, Δt:   0.81, CFL: 7.20e-01
i: 353700, t:  362581.5 s, ωt:  36.26 (5.77 periods), wall: 2.963 hours, Δt:   0.63, CFL: 7.20e-01
i: 353800, t:  362654.0 s, ωt:  36.27 (5.77 periods), wall: 2.964 hours, Δt:   0.72, CFL: 7.20e-01
i: 353900, t:  362721.3 s, ωt:  36.27 (5.77 periods), wall: 2.965 hours, Δt:   0.58, CFL: 7.20e-01
i: 354000, t:  362791.9 s, ωt:  36.28 (5.77 periods), wall: 2.965 hours, Δt:   0.80, CFL: 7.20e-01
i: 354100, t:  362865.0 s, ωt:  36.29 (5.78 periods), wall: 2.966 hours, Δt:   0.75, CFL: 7.20e-01
i: 354200, t:  362939.4 s, ωt:  36.29 (5.78 periods), wall: 2.967 hours, Δt:   0.77, CFL: 7.20e-01
i: 354300, t:  363013.2 s, ωt:  36.30 (5.78 periods), wall: 2.968 hours, Δt:   0.74, CFL: 7.20e-01
i: 354400, t:  363088.2 s, ωt:  36.31 (5.78 periods), wall: 2.969 hours, Δt:   0.75, CFL: 7.20e-01
i: 354500, t:  363163.5 s, ωt:  36.32 (5.78 periods), wall: 2.970 hours, Δt:   0.68, CFL: 7.20e-01
i: 354600, t:  363235.1 s, ωt:  36.32 (5.78 periods), wall: 2.970 hours, Δt:   0.77, CFL: 7.20e-01
i: 354700, t:  363308.2 s, ωt:  36.33 (5.78 periods), wall: 2.971 hours, Δt:   0.72, CFL: 7.20e-01
i: 354800, t:  363385.3 s, ωt:  36.34 (5.78 periods), wall: 2.972 hours, Δt:   0.84, CFL: 7.20e-01
i: 354900, t:  363464.2 s, ωt:  36.35 (5.78 periods), wall: 2.973 hours, Δt:   0.86, CFL: 7.20e-01
i: 355000, t:  363541.1 s, ωt:  36.35 (5.79 periods), wall: 2.974 hours, Δt:   0.71, CFL: 7.20e-01
i: 355100, t:  363616.3 s, ωt:  36.36 (5.79 periods), wall: 2.975 hours, Δt:   0.73, CFL: 7.20e-01
i: 355200, t:  363693.4 s, ωt:  36.37 (5.79 periods), wall: 2.975 hours, Δt:   0.85, CFL: 7.20e-01
i: 355300, t:  363771.6 s, ωt:  36.38 (5.79 periods), wall: 2.976 hours, Δt:   0.72, CFL: 7.20e-01
i: 355400, t:  363840.9 s, ωt:  36.38 (5.79 periods), wall: 2.977 hours, Δt:   0.75, CFL: 7.20e-01
i: 355500, t:  363910.3 s, ωt:  36.39 (5.79 periods), wall: 2.978 hours, Δt:   0.78, CFL: 7.20e-01
i: 355600, t:  363988.6 s, ωt:  36.40 (5.79 periods), wall: 2.979 hours, Δt:   0.71, CFL: 7.20e-01
i: 355700, t:  364064.3 s, ωt:  36.41 (5.79 periods), wall: 2.980 hours, Δt:   0.75, CFL: 7.20e-01
i: 355800, t:  364130.5 s, ωt:  36.41 (5.80 periods), wall: 2.980 hours, Δt:   0.68, CFL: 7.20e-01
i: 355900, t:  364201.9 s, ωt:  36.42 (5.80 periods), wall: 2.981 hours, Δt:   0.72, CFL: 7.20e-01
i: 356000, t:  364272.2 s, ωt:  36.43 (5.80 periods), wall: 2.982 hours, Δt:   0.69, CFL: 7.20e-01
i: 356100, t:  364341.0 s, ωt:  36.43 (5.80 periods), wall: 2.983 hours, Δt:   0.79, CFL: 7.20e-01
i: 356200, t:  364420.0 s, ωt:  36.44 (5.80 periods), wall: 2.984 hours, Δt:   0.79, CFL: 7.20e-01
i: 356300, t:  364494.3 s, ωt:  36.45 (5.80 periods), wall: 2.985 hours, Δt:   0.76, CFL: 7.20e-01
i: 356400, t:  364567.6 s, ωt:  36.46 (5.80 periods), wall: 2.985 hours, Δt:   0.69, CFL: 7.20e-01
i: 356500, t:  364647.0 s, ωt:  36.46 (5.80 periods), wall: 2.986 hours, Δt:   0.74, CFL: 7.20e-01
i: 356600, t:  364717.2 s, ωt:  36.47 (5.80 periods), wall: 2.987 hours, Δt:   0.85, CFL: 7.20e-01
i: 356700, t:  364801.7 s, ωt:  36.48 (5.81 periods), wall: 2.988 hours, Δt:   0.74, CFL: 7.20e-01
i: 356800, t:  364882.5 s, ωt:  36.49 (5.81 periods), wall: 2.989 hours, Δt:   0.81, CFL: 7.20e-01
i: 356900, t:  364962.6 s, ωt:  36.50 (5.81 periods), wall: 2.990 hours, Δt:   0.80, CFL: 7.20e-01
i: 357000, t:  365042.9 s, ωt:  36.50 (5.81 periods), wall: 2.990 hours, Δt:   0.67, CFL: 7.20e-01
i: 357100, t:  365112.0 s, ωt:  36.51 (5.81 periods), wall: 2.991 hours, Δt:   0.74, CFL: 7.20e-01
i: 357200, t:  365182.6 s, ωt:  36.52 (5.81 periods), wall: 2.992 hours, Δt:   0.72, CFL: 7.20e-01
i: 357300, t:  365256.1 s, ωt:  36.53 (5.81 periods), wall: 2.993 hours, Δt:   0.65, CFL: 7.20e-01
i: 357400, t:  365328.8 s, ωt:  36.53 (5.81 periods), wall: 2.994 hours, Δt:   0.71, CFL: 7.20e-01
i: 357500, t:  365405.5 s, ωt:  36.54 (5.82 periods), wall: 2.995 hours, Δt:   0.76, CFL: 7.20e-01
i: 357600, t:  365483.6 s, ωt:  36.55 (5.82 periods), wall: 2.995 hours, Δt:   0.68, CFL: 7.20e-01
i: 357700, t:  365557.7 s, ωt:  36.56 (5.82 periods), wall: 2.996 hours, Δt:   0.76, CFL: 7.20e-01
i: 357800, t:  365641.7 s, ωt:  36.56 (5.82 periods), wall: 2.997 hours, Δt:   0.82, CFL: 7.20e-01
i: 357900, t:  365719.4 s, ωt:  36.57 (5.82 periods), wall: 2.998 hours, Δt:   0.75, CFL: 7.20e-01
i: 358000, t:  365800.4 s, ωt:  36.58 (5.82 periods), wall: 2.999 hours, Δt:   0.97, CFL: 7.20e-01
i: 358100, t:  365888.3 s, ωt:  36.59 (5.82 periods), wall: 3.000 hours, Δt:   0.76, CFL: 7.20e-01
i: 358200, t:  365968.2 s, ωt:  36.60 (5.82 periods), wall: 3.000 hours, Δt:   0.81, CFL: 7.20e-01
i: 358300, t:  366038.3 s, ωt:  36.60 (5.83 periods), wall: 3.001 hours, Δt:   0.78, CFL: 7.20e-01
i: 358400, t:  366124.8 s, ωt:  36.61 (5.83 periods), wall: 3.002 hours, Δt:   0.77, CFL: 7.20e-01
i: 358500, t:  366201.5 s, ωt:  36.62 (5.83 periods), wall: 3.003 hours, Δt:   0.78, CFL: 7.20e-01
i: 358600, t:  366288.5 s, ωt:  36.63 (5.83 periods), wall: 3.004 hours, Δt:   0.88, CFL: 7.20e-01
i: 358700, t:  366370.1 s, ωt:  36.64 (5.83 periods), wall: 3.005 hours, Δt:   0.88, CFL: 7.20e-01
i: 358800, t:  366457.0 s, ωt:  36.65 (5.83 periods), wall: 3.005 hours, Δt:   0.77, CFL: 7.20e-01
i: 358900, t:  366537.3 s, ωt:  36.65 (5.83 periods), wall: 3.006 hours, Δt:   0.90, CFL: 7.20e-01
i: 359000, t:  366623.9 s, ωt:  36.66 (5.83 periods), wall: 3.007 hours, Δt:   0.89, CFL: 7.20e-01
i: 359100, t:  366713.8 s, ωt:  36.67 (5.84 periods), wall: 3.008 hours, Δt:   0.93, CFL: 7.20e-01
i: 359200, t:  366810.6 s, ωt:  36.68 (5.84 periods), wall: 3.009 hours, Δt:   0.90, CFL: 7.20e-01
i: 359300, t:  366898.5 s, ωt:  36.69 (5.84 periods), wall: 3.010 hours, Δt:   1.02, CFL: 7.20e-01
i: 359400, t:  366991.5 s, ωt:  36.70 (5.84 periods), wall: 3.010 hours, Δt:   0.79, CFL: 7.20e-01
i: 359500, t:  367073.1 s, ωt:  36.71 (5.84 periods), wall: 3.011 hours, Δt:   0.98, CFL: 7.20e-01
i: 359600, t:  367166.6 s, ωt:  36.72 (5.84 periods), wall: 3.012 hours, Δt:   0.86, CFL: 7.20e-01
i: 359700, t:  367245.2 s, ωt:  36.72 (5.84 periods), wall: 3.013 hours, Δt:   0.80, CFL: 7.20e-01
i: 359800, t:  367328.1 s, ωt:  36.73 (5.85 periods), wall: 3.014 hours, Δt:   0.82, CFL: 7.20e-01
i: 359900, t:  367421.4 s, ωt:  36.74 (5.85 periods), wall: 3.015 hours, Δt:   0.89, CFL: 7.20e-01
i: 360000, t:  367507.6 s, ωt:  36.75 (5.85 periods), wall: 3.015 hours, Δt:   0.92, CFL: 7.20e-01
i: 360100, t:  367595.7 s, ωt:  36.76 (5.85 periods), wall: 3.016 hours, Δt:   0.90, CFL: 7.20e-01
i: 360200, t:  367686.8 s, ωt:  36.77 (5.85 periods), wall: 3.017 hours, Δt:   0.95, CFL: 7.20e-01
i: 360300, t:  367781.6 s, ωt:  36.78 (5.85 periods), wall: 3.018 hours, Δt:   1.00, CFL: 7.20e-01
i: 360400, t:  367884.9 s, ωt:  36.79 (5.86 periods), wall: 3.019 hours, Δt:   1.11, CFL: 7.20e-01
i: 360500, t:  367983.4 s, ωt:  36.80 (5.86 periods), wall: 3.020 hours, Δt:   0.87, CFL: 7.20e-01
i: 360600, t:  368068.3 s, ωt:  36.81 (5.86 periods), wall: 3.020 hours, Δt:   0.76, CFL: 7.20e-01
i: 360700, t:  368161.1 s, ωt:  36.82 (5.86 periods), wall: 3.021 hours, Δt:   1.02, CFL: 7.20e-01
i: 360800, t:  368255.0 s, ωt:  36.83 (5.86 periods), wall: 3.022 hours, Δt:   0.82, CFL: 7.20e-01
i: 360900, t:  368330.8 s, ωt:  36.83 (5.86 periods), wall: 3.023 hours, Δt:   1.00, CFL: 7.20e-01
i: 361000, t:  368424.8 s, ωt:  36.84 (5.86 periods), wall: 3.024 hours, Δt:   0.98, CFL: 7.20e-01
i: 361100, t:  368524.1 s, ωt:  36.85 (5.87 periods), wall: 3.025 hours, Δt:   1.09, CFL: 7.20e-01
i: 361200, t:  368616.6 s, ωt:  36.86 (5.87 periods), wall: 3.025 hours, Δt:   0.92, CFL: 7.20e-01
i: 361300, t:  368711.8 s, ωt:  36.87 (5.87 periods), wall: 3.026 hours, Δt:   0.93, CFL: 7.20e-01
i: 361400, t:  368805.1 s, ωt:  36.88 (5.87 periods), wall: 3.027 hours, Δt:   1.01, CFL: 7.20e-01
i: 361500, t:  368898.9 s, ωt:  36.89 (5.87 periods), wall: 3.028 hours, Δt:   1.01, CFL: 7.20e-01
i: 361600, t:  368998.7 s, ωt:  36.90 (5.87 periods), wall: 3.029 hours, Δt:   0.93, CFL: 7.20e-01
i: 361700, t:  369106.7 s, ωt:  36.91 (5.87 periods), wall: 3.030 hours, Δt:   1.16, CFL: 7.20e-01
i: 361800, t:  369213.1 s, ωt:  36.92 (5.88 periods), wall: 3.030 hours, Δt:   1.00, CFL: 7.20e-01
i: 361900, t:  369320.0 s, ωt:  36.93 (5.88 periods), wall: 3.031 hours, Δt:   1.05, CFL: 7.20e-01
i: 362000, t:  369417.9 s, ωt:  36.94 (5.88 periods), wall: 3.032 hours, Δt:   1.06, CFL: 7.20e-01
i: 362100, t:  369519.3 s, ωt:  36.95 (5.88 periods), wall: 3.033 hours, Δt:   0.90, CFL: 7.20e-01
i: 362200, t:  369624.3 s, ωt:  36.96 (5.88 periods), wall: 3.034 hours, Δt:   1.18, CFL: 7.20e-01
i: 362300, t:  369729.7 s, ωt:  36.97 (5.88 periods), wall: 3.035 hours, Δt:   1.26, CFL: 7.20e-01
i: 362400, t:  369839.8 s, ωt:  36.98 (5.89 periods), wall: 3.035 hours, Δt:   1.14, CFL: 7.20e-01
i: 362500, t:  369959.9 s, ωt:  37.00 (5.89 periods), wall: 3.036 hours, Δt:   1.30, CFL: 7.20e-01
i: 362600, t:  370079.6 s, ωt:  37.01 (5.89 periods), wall: 3.037 hours, Δt:   1.12, CFL: 7.20e-01
i: 362700, t:  370195.9 s, ωt:  37.02 (5.89 periods), wall: 3.038 hours, Δt:   1.23, CFL: 7.20e-01
i: 362800, t:  370312.0 s, ωt:  37.03 (5.89 periods), wall: 3.039 hours, Δt:   1.03, CFL: 7.20e-01
i: 362900, t:  370430.7 s, ωt:  37.04 (5.90 periods), wall: 3.040 hours, Δt:   1.29, CFL: 7.20e-01
i: 363000, t:  370558.2 s, ωt:  37.06 (5.90 periods), wall: 3.040 hours, Δt:   1.12, CFL: 7.20e-01
i: 363100, t:  370680.6 s, ωt:  37.07 (5.90 periods), wall: 3.041 hours, Δt:   1.23, CFL: 7.20e-01
i: 363200, t:  370800.6 s, ωt:  37.08 (5.90 periods), wall: 3.042 hours, Δt:   1.23, CFL: 7.20e-01
i: 363300, t:  370921.1 s, ωt:  37.09 (5.90 periods), wall: 3.043 hours, Δt:   1.13, CFL: 7.20e-01
i: 363400, t:  371039.3 s, ωt:  37.10 (5.91 periods), wall: 3.044 hours, Δt:   1.21, CFL: 7.20e-01
i: 363500, t:  371149.1 s, ωt:  37.11 (5.91 periods), wall: 3.045 hours, Δt:   1.27, CFL: 7.20e-01
i: 363600, t:  371278.1 s, ωt:  37.13 (5.91 periods), wall: 3.045 hours, Δt:   1.14, CFL: 7.20e-01
i: 363700, t:  371387.0 s, ωt:  37.14 (5.91 periods), wall: 3.046 hours, Δt:   1.30, CFL: 7.20e-01
i: 363800, t:  371513.3 s, ωt:  37.15 (5.91 periods), wall: 3.047 hours, Δt:   1.15, CFL: 7.20e-01
i: 363900, t:  371635.4 s, ωt:  37.16 (5.91 periods), wall: 3.048 hours, Δt:   1.27, CFL: 7.20e-01
i: 364000, t:  371762.9 s, ωt:  37.18 (5.92 periods), wall: 3.049 hours, Δt:   1.26, CFL: 7.20e-01
i: 364100, t:  371898.4 s, ωt:  37.19 (5.92 periods), wall: 3.050 hours, Δt:   1.52, CFL: 7.20e-01
i: 364200, t:  372032.8 s, ωt:  37.20 (5.92 periods), wall: 3.050 hours, Δt:   1.19, CFL: 7.20e-01
i: 364300, t:  372188.5 s, ωt:  37.22 (5.92 periods), wall: 3.051 hours, Δt:   1.55, CFL: 7.20e-01
i: 364400, t:  372357.1 s, ωt:  37.24 (5.93 periods), wall: 3.052 hours, Δt:   1.87, CFL: 7.20e-01
i: 364500, t:  372539.4 s, ωt:  37.25 (5.93 periods), wall: 3.053 hours, Δt:   1.77, CFL: 7.20e-01
i: 364600, t:  372705.7 s, ωt:  37.27 (5.93 periods), wall: 3.054 hours, Δt:   1.49, CFL: 7.20e-01
i: 364700, t:  372853.5 s, ωt:  37.29 (5.93 periods), wall: 3.055 hours, Δt:   1.72, CFL: 7.20e-01
i: 364800, t:  372988.5 s, ωt:  37.30 (5.94 periods), wall: 3.055 hours, Δt:   1.81, CFL: 7.20e-01
i: 364900, t:  373173.8 s, ωt:  37.32 (5.94 periods), wall: 3.056 hours, Δt:   2.15, CFL: 7.20e-01
i: 365000, t:  373395.4 s, ωt:  37.34 (5.94 periods), wall: 3.057 hours, Δt:   2.49, CFL: 7.20e-01
i: 365100, t:  373604.9 s, ωt:  37.36 (5.95 periods), wall: 3.058 hours, Δt:   2.27, CFL: 7.20e-01
i: 365200, t:  373827.5 s, ωt:  37.38 (5.95 periods), wall: 3.059 hours, Δt:   2.42, CFL: 7.20e-01
i: 365300, t:  374047.9 s, ωt:  37.40 (5.95 periods), wall: 3.060 hours, Δt:   2.26, CFL: 7.20e-01
i: 365400, t:  374250.9 s, ωt:  37.43 (5.96 periods), wall: 3.060 hours, Δt:   2.11, CFL: 7.20e-01
i: 365500, t:  374469.9 s, ωt:  37.45 (5.96 periods), wall: 3.061 hours, Δt:   2.21, CFL: 7.20e-01
i: 365600, t:  374692.2 s, ωt:  37.47 (5.96 periods), wall: 3.062 hours, Δt:   2.21, CFL: 7.20e-01
i: 365700, t:  374938.5 s, ωt:  37.49 (5.97 periods), wall: 3.063 hours, Δt:   2.47, CFL: 7.20e-01
i: 365800, t:  375166.0 s, ωt:  37.52 (5.97 periods), wall: 3.064 hours, Δt:   3.14, CFL: 7.20e-01
i: 365900, t:  375458.8 s, ωt:  37.55 (5.98 periods), wall: 3.065 hours, Δt:   3.18, CFL: 7.20e-01
i: 366000, t:  375741.2 s, ωt:  37.57 (5.98 periods), wall: 3.066 hours, Δt:   2.25, CFL: 7.20e-01
i: 366100, t:  376000.6 s, ωt:  37.60 (5.98 periods), wall: 3.066 hours, Δt:   2.75, CFL: 7.20e-01
i: 366200, t:  376284.0 s, ωt:  37.63 (5.99 periods), wall: 3.067 hours, Δt:   3.02, CFL: 7.20e-01
i: 366300, t:  376577.8 s, ωt:  37.66 (5.99 periods), wall: 3.068 hours, Δt:   2.51, CFL: 7.20e-01
i: 366400, t:  376880.2 s, ωt:  37.69 (6.00 periods), wall: 3.069 hours, Δt:   2.97, CFL: 7.20e-01
i: 366500, t:  377173.2 s, ωt:  37.72 (6.00 periods), wall: 3.070 hours, Δt:   2.85, CFL: 7.20e-01
i: 366600, t:  377425.5 s, ωt:  37.74 (6.01 periods), wall: 3.071 hours, Δt:   2.71, CFL: 7.20e-01
i: 366700, t:  377690.2 s, ωt:  37.77 (6.01 periods), wall: 3.071 hours, Δt:   2.78, CFL: 7.20e-01
i: 366800, t:  377958.6 s, ωt:  37.80 (6.02 periods), wall: 3.072 hours, Δt:   2.49, CFL: 7.20e-01
i: 366900, t:  378206.3 s, ωt:  37.82 (6.02 periods), wall: 3.073 hours, Δt:   2.78, CFL: 7.20e-01
i: 367000, t:  378471.4 s, ωt:  37.85 (6.02 periods), wall: 3.074 hours, Δt:   2.13, CFL: 7.20e-01
i: 367100, t:  378687.7 s, ωt:  37.87 (6.03 periods), wall: 3.075 hours, Δt:   2.22, CFL: 7.20e-01
i: 367200, t:  378907.3 s, ωt:  37.89 (6.03 periods), wall: 3.076 hours, Δt:   2.21, CFL: 7.20e-01
i: 367300, t:  379118.3 s, ωt:  37.91 (6.03 periods), wall: 3.077 hours, Δt:   2.08, CFL: 7.20e-01
i: 367400, t:  379322.5 s, ωt:  37.93 (6.04 periods), wall: 3.077 hours, Δt:   1.98, CFL: 7.20e-01
i: 367500, t:  379510.1 s, ωt:  37.95 (6.04 periods), wall: 3.078 hours, Δt:   1.93, CFL: 7.20e-01
i: 367600, t:  379686.3 s, ωt:  37.97 (6.04 periods), wall: 3.079 hours, Δt:   1.61, CFL: 7.20e-01
i: 367700, t:  379861.6 s, ωt:  37.99 (6.05 periods), wall: 3.080 hours, Δt:   1.87, CFL: 7.20e-01
i: 367800, t:  380027.5 s, ωt:  38.00 (6.05 periods), wall: 3.081 hours, Δt:   1.71, CFL: 7.20e-01
i: 367900, t:  380181.0 s, ωt:  38.02 (6.05 periods), wall: 3.082 hours, Δt:   1.58, CFL: 7.20e-01
i: 368000, t:  380345.4 s, ωt:  38.03 (6.05 periods), wall: 3.082 hours, Δt:   1.79, CFL: 7.20e-01
i: 368100, t:  380507.6 s, ωt:  38.05 (6.06 periods), wall: 3.083 hours, Δt:   1.61, CFL: 7.20e-01
i: 368200, t:  380662.2 s, ωt:  38.07 (6.06 periods), wall: 3.084 hours, Δt:   1.44, CFL: 7.20e-01
i: 368300, t:  380806.8 s, ωt:  38.08 (6.06 periods), wall: 3.085 hours, Δt:   1.42, CFL: 7.20e-01
i: 368400, t:  380936.6 s, ωt:  38.09 (6.06 periods), wall: 3.086 hours, Δt:   1.24, CFL: 7.20e-01
i: 368500, t:  381066.5 s, ωt:  38.11 (6.06 periods), wall: 3.087 hours, Δt:   1.28, CFL: 7.20e-01
i: 368600, t:  381191.6 s, ωt:  38.12 (6.07 periods), wall: 3.087 hours, Δt:   1.29, CFL: 7.20e-01
i: 368700, t:  381325.5 s, ωt:  38.13 (6.07 periods), wall: 3.088 hours, Δt:   1.41, CFL: 7.20e-01
i: 368800, t:  381454.0 s, ωt:  38.15 (6.07 periods), wall: 3.089 hours, Δt:   1.27, CFL: 7.20e-01
i: 368900, t:  381575.8 s, ωt:  38.16 (6.07 periods), wall: 3.090 hours, Δt:   1.11, CFL: 7.20e-01
i: 369000, t:  381700.1 s, ωt:  38.17 (6.07 periods), wall: 3.091 hours, Δt:   1.40, CFL: 7.20e-01
i: 369100, t:  381821.3 s, ωt:  38.18 (6.08 periods), wall: 3.092 hours, Δt:   1.13, CFL: 7.20e-01
i: 369200, t:  381947.9 s, ωt:  38.19 (6.08 periods), wall: 3.092 hours, Δt:   1.37, CFL: 7.20e-01
i: 369300, t:  382082.4 s, ωt:  38.21 (6.08 periods), wall: 3.093 hours, Δt:   1.32, CFL: 7.20e-01
i: 369400, t:  382195.1 s, ωt:  38.22 (6.08 periods), wall: 3.094 hours, Δt:   0.99, CFL: 7.20e-01
i: 369500, t:  382314.2 s, ωt:  38.23 (6.08 periods), wall: 3.095 hours, Δt:   1.25, CFL: 7.20e-01
i: 369600, t:  382434.2 s, ωt:  38.24 (6.09 periods), wall: 3.096 hours, Δt:   1.09, CFL: 7.20e-01
i: 369700, t:  382553.5 s, ωt:  38.26 (6.09 periods), wall: 3.097 hours, Δt:   1.06, CFL: 7.20e-01
i: 369800, t:  382664.4 s, ωt:  38.27 (6.09 periods), wall: 3.097 hours, Δt:   0.97, CFL: 7.20e-01
i: 369900, t:  382771.8 s, ωt:  38.28 (6.09 periods), wall: 3.098 hours, Δt:   0.99, CFL: 7.20e-01
i: 370000, t:  382879.1 s, ωt:  38.29 (6.09 periods), wall: 3.099 hours, Δt:   1.22, CFL: 7.20e-01
i: 370100, t:  382987.4 s, ωt:  38.30 (6.10 periods), wall: 3.100 hours, Δt:   1.06, CFL: 7.20e-01
i: 370200, t:  383089.9 s, ωt:  38.31 (6.10 periods), wall: 3.101 hours, Δt:   1.04, CFL: 7.20e-01
i: 370300, t:  383191.5 s, ωt:  38.32 (6.10 periods), wall: 3.102 hours, Δt:   0.97, CFL: 7.20e-01
i: 370400, t:  383297.3 s, ωt:  38.33 (6.10 periods), wall: 3.102 hours, Δt:   1.16, CFL: 7.20e-01
i: 370500, t:  383404.5 s, ωt:  38.34 (6.10 periods), wall: 3.103 hours, Δt:   0.90, CFL: 7.20e-01
i: 370600, t:  383500.6 s, ωt:  38.35 (6.10 periods), wall: 3.104 hours, Δt:   1.06, CFL: 7.20e-01
i: 370700, t:  383600.9 s, ωt:  38.36 (6.11 periods), wall: 3.105 hours, Δt:   1.04, CFL: 7.20e-01
i: 370800, t:  383705.2 s, ωt:  38.37 (6.11 periods), wall: 3.106 hours, Δt:   1.08, CFL: 7.20e-01
i: 370900, t:  383803.7 s, ωt:  38.38 (6.11 periods), wall: 3.107 hours, Δt:   1.07, CFL: 7.20e-01
i: 371000, t:  383900.9 s, ωt:  38.39 (6.11 periods), wall: 3.107 hours, Δt:   0.93, CFL: 7.20e-01
i: 371100, t:  384000.2 s, ωt:  38.40 (6.11 periods), wall: 3.108 hours, Δt:   1.06, CFL: 7.20e-01
i: 371200, t:  384100.0 s, ωt:  38.41 (6.11 periods), wall: 3.109 hours, Δt:   0.96, CFL: 7.20e-01
i: 371300, t:  384193.0 s, ωt:  38.42 (6.11 periods), wall: 3.110 hours, Δt:   0.95, CFL: 7.20e-01
i: 371400, t:  384276.4 s, ωt:  38.43 (6.12 periods), wall: 3.111 hours, Δt:   0.94, CFL: 7.20e-01
i: 371500, t:  384370.0 s, ωt:  38.44 (6.12 periods), wall: 3.112 hours, Δt:   0.90, CFL: 7.20e-01
i: 371600, t:  384461.4 s, ωt:  38.45 (6.12 periods), wall: 3.112 hours, Δt:   0.99, CFL: 7.20e-01
i: 371700, t:  384554.9 s, ωt:  38.46 (6.12 periods), wall: 3.113 hours, Δt:   0.80, CFL: 7.20e-01
i: 371800, t:  384642.5 s, ωt:  38.46 (6.12 periods), wall: 3.114 hours, Δt:   0.83, CFL: 7.20e-01
i: 371900, t:  384726.9 s, ωt:  38.47 (6.12 periods), wall: 3.115 hours, Δt:   0.94, CFL: 7.20e-01
i: 372000, t:  384815.9 s, ωt:  38.48 (6.12 periods), wall: 3.116 hours, Δt:   0.88, CFL: 7.20e-01
i: 372100, t:  384900.5 s, ωt:  38.49 (6.13 periods), wall: 3.117 hours, Δt:   0.78, CFL: 7.20e-01
i: 372200, t:  384985.4 s, ωt:  38.50 (6.13 periods), wall: 3.117 hours, Δt:   0.82, CFL: 7.20e-01
i: 372300, t:  385073.5 s, ωt:  38.51 (6.13 periods), wall: 3.118 hours, Δt:   0.93, CFL: 7.20e-01
i: 372400, t:  385163.3 s, ωt:  38.52 (6.13 periods), wall: 3.119 hours, Δt:   0.86, CFL: 7.20e-01
i: 372500, t:  385250.8 s, ωt:  38.53 (6.13 periods), wall: 3.120 hours, Δt:   0.85, CFL: 7.20e-01
i: 372600, t:  385337.5 s, ωt:  38.53 (6.13 periods), wall: 3.121 hours, Δt:   0.75, CFL: 7.20e-01
i: 372700, t:  385420.5 s, ωt:  38.54 (6.13 periods), wall: 3.122 hours, Δt:   0.90, CFL: 7.20e-01
i: 372800, t:  385497.5 s, ωt:  38.55 (6.14 periods), wall: 3.122 hours, Δt:   0.85, CFL: 7.20e-01
i: 372900, t:  385577.9 s, ωt:  38.56 (6.14 periods), wall: 3.123 hours, Δt:   0.86, CFL: 7.20e-01
i: 373000, t:  385668.3 s, ωt:  38.57 (6.14 periods), wall: 3.124 hours, Δt:   0.84, CFL: 7.20e-01
i: 373100, t:  385751.2 s, ωt:  38.58 (6.14 periods), wall: 3.125 hours, Δt:   0.88, CFL: 7.20e-01
i: 373200, t:  385823.2 s, ωt:  38.58 (6.14 periods), wall: 3.126 hours, Δt:   0.82, CFL: 7.20e-01
i: 373300, t:  385908.1 s, ωt:  38.59 (6.14 periods), wall: 3.127 hours, Δt:   0.75, CFL: 7.20e-01
i: 373400, t:  385995.2 s, ωt:  38.60 (6.14 periods), wall: 3.127 hours, Δt:   0.85, CFL: 7.20e-01
i: 373500, t:  386080.6 s, ωt:  38.61 (6.14 periods), wall: 3.128 hours, Δt:   0.76, CFL: 7.20e-01
i: 373600, t:  386159.1 s, ωt:  38.62 (6.15 periods), wall: 3.129 hours, Δt:   0.90, CFL: 7.20e-01
i: 373700, t:  386248.2 s, ωt:  38.62 (6.15 periods), wall: 3.130 hours, Δt:   0.84, CFL: 7.20e-01
i: 373800, t:  386334.8 s, ωt:  38.63 (6.15 periods), wall: 3.131 hours, Δt:   0.84, CFL: 7.20e-01
i: 373900, t:  386418.5 s, ωt:  38.64 (6.15 periods), wall: 3.132 hours, Δt:   0.90, CFL: 7.20e-01
i: 374000, t:  386503.6 s, ωt:  38.65 (6.15 periods), wall: 3.132 hours, Δt:   0.90, CFL: 7.20e-01
i: 374100, t:  386584.5 s, ωt:  38.66 (6.15 periods), wall: 3.133 hours, Δt:   0.85, CFL: 7.20e-01
i: 374200, t:  386669.0 s, ωt:  38.67 (6.15 periods), wall: 3.134 hours, Δt:   0.88, CFL: 7.20e-01
i: 374300, t:  386747.9 s, ωt:  38.67 (6.16 periods), wall: 3.135 hours, Δt:   0.80, CFL: 7.20e-01
i: 374400, t:  386828.7 s, ωt:  38.68 (6.16 periods), wall: 3.136 hours, Δt:   0.91, CFL: 7.20e-01
i: 374500, t:  386910.0 s, ωt:  38.69 (6.16 periods), wall: 3.137 hours, Δt:   0.70, CFL: 7.20e-01
i: 374600, t:  386988.6 s, ωt:  38.70 (6.16 periods), wall: 3.137 hours, Δt:   0.80, CFL: 7.20e-01
i: 374700, t:  387069.3 s, ωt:  38.71 (6.16 periods), wall: 3.138 hours, Δt:   0.78, CFL: 7.20e-01
i: 374800, t:  387145.6 s, ωt:  38.71 (6.16 periods), wall: 3.139 hours, Δt:   0.76, CFL: 7.20e-01
i: 374900, t:  387223.9 s, ωt:  38.72 (6.16 periods), wall: 3.140 hours, Δt:   0.82, CFL: 7.20e-01
i: 375000, t:  387303.5 s, ωt:  38.73 (6.16 periods), wall: 3.141 hours, Δt:   0.85, CFL: 7.20e-01
i: 375100, t:  387386.9 s, ωt:  38.74 (6.17 periods), wall: 3.142 hours, Δt:   0.86, CFL: 7.20e-01
i: 375200, t:  387467.0 s, ωt:  38.75 (6.17 periods), wall: 3.142 hours, Δt:   0.78, CFL: 7.20e-01
i: 375300, t:  387547.8 s, ωt:  38.75 (6.17 periods), wall: 3.143 hours, Δt:   0.77, CFL: 7.20e-01
i: 375400, t:  387626.6 s, ωt:  38.76 (6.17 periods), wall: 3.144 hours, Δt:   0.82, CFL: 7.20e-01
i: 375500, t:  387707.2 s, ωt:  38.77 (6.17 periods), wall: 3.145 hours, Δt:   0.69, CFL: 7.20e-01
i: 375600, t:  387783.5 s, ωt:  38.78 (6.17 periods), wall: 3.146 hours, Δt:   0.75, CFL: 7.20e-01
i: 375700, t:  387861.8 s, ωt:  38.79 (6.17 periods), wall: 3.147 hours, Δt:   0.85, CFL: 7.20e-01
i: 375800, t:  387942.8 s, ωt:  38.79 (6.17 periods), wall: 3.148 hours, Δt:   0.80, CFL: 7.20e-01
i: 375900, t:  388024.6 s, ωt:  38.80 (6.18 periods), wall: 3.148 hours, Δt:   0.81, CFL: 7.20e-01
i: 376000, t:  388098.7 s, ωt:  38.81 (6.18 periods), wall: 3.149 hours, Δt:   0.73, CFL: 7.20e-01
i: 376100, t:  388164.1 s, ωt:  38.82 (6.18 periods), wall: 3.150 hours, Δt:   0.61, CFL: 7.20e-01
i: 376200, t:  388234.2 s, ωt:  38.82 (6.18 periods), wall: 3.151 hours, Δt:   0.65, CFL: 7.20e-01
i: 376300, t:  388308.4 s, ωt:  38.83 (6.18 periods), wall: 3.152 hours, Δt:   0.73, CFL: 7.20e-01
i: 376400, t:  388376.4 s, ωt:  38.84 (6.18 periods), wall: 3.153 hours, Δt:   0.65, CFL: 7.20e-01
i: 376500, t:  388439.6 s, ωt:  38.84 (6.18 periods), wall: 3.153 hours, Δt:   0.64, CFL: 7.20e-01
i: 376600, t:  388505.1 s, ωt:  38.85 (6.18 periods), wall: 3.154 hours, Δt:   0.70, CFL: 7.20e-01
i: 376700, t:  388581.7 s, ωt:  38.86 (6.18 periods), wall: 3.155 hours, Δt:   0.72, CFL: 7.20e-01
i: 376800, t:  388657.7 s, ωt:  38.87 (6.19 periods), wall: 3.156 hours, Δt:   0.77, CFL: 7.20e-01
i: 376900, t:  388735.1 s, ωt:  38.87 (6.19 periods), wall: 3.157 hours, Δt:   0.71, CFL: 7.20e-01
i: 377000, t:  388813.5 s, ωt:  38.88 (6.19 periods), wall: 3.158 hours, Δt:   0.85, CFL: 7.20e-01
i: 377100, t:  388892.5 s, ωt:  38.89 (6.19 periods), wall: 3.158 hours, Δt:   0.74, CFL: 7.20e-01
i: 377200, t:  388965.1 s, ωt:  38.90 (6.19 periods), wall: 3.159 hours, Δt:   0.74, CFL: 7.20e-01
i: 377300, t:  389036.0 s, ωt:  38.90 (6.19 periods), wall: 3.160 hours, Δt:   0.73, CFL: 7.20e-01
i: 377400, t:  389107.9 s, ωt:  38.91 (6.19 periods), wall: 3.161 hours, Δt:   0.69, CFL: 7.20e-01
i: 377500, t:  389175.2 s, ωt:  38.92 (6.19 periods), wall: 3.162 hours, Δt:   0.75, CFL: 7.20e-01
i: 377600, t:  389246.6 s, ωt:  38.92 (6.20 periods), wall: 3.163 hours, Δt:   0.79, CFL: 7.20e-01
i: 377700, t:  389319.6 s, ωt:  38.93 (6.20 periods), wall: 3.163 hours, Δt:   0.76, CFL: 7.20e-01
i: 377800, t:  389392.5 s, ωt:  38.94 (6.20 periods), wall: 3.164 hours, Δt:   0.70, CFL: 7.20e-01
i: 377900, t:  389466.4 s, ωt:  38.95 (6.20 periods), wall: 3.165 hours, Δt:   0.82, CFL: 7.20e-01
i: 378000, t:  389547.9 s, ωt:  38.95 (6.20 periods), wall: 3.166 hours, Δt:   0.79, CFL: 7.20e-01
i: 378100, t:  389628.2 s, ωt:  38.96 (6.20 periods), wall: 3.167 hours, Δt:   0.84, CFL: 7.20e-01
i: 378200, t:  389705.8 s, ωt:  38.97 (6.20 periods), wall: 3.168 hours, Δt:   0.89, CFL: 7.20e-01
i: 378300, t:  389779.4 s, ωt:  38.98 (6.20 periods), wall: 3.168 hours, Δt:   0.78, CFL: 7.20e-01
i: 378400, t:  389856.0 s, ωt:  38.99 (6.20 periods), wall: 3.169 hours, Δt:   0.71, CFL: 7.20e-01
i: 378500, t:  389931.1 s, ωt:  38.99 (6.21 periods), wall: 3.170 hours, Δt:   0.82, CFL: 7.20e-01
i: 378600, t:  390006.8 s, ωt:  39.00 (6.21 periods), wall: 3.171 hours, Δt:   0.77, CFL: 7.20e-01
i: 378700, t:  390087.0 s, ωt:  39.01 (6.21 periods), wall: 3.172 hours, Δt:   0.70, CFL: 7.20e-01
i: 378800, t:  390154.0 s, ωt:  39.02 (6.21 periods), wall: 3.173 hours, Δt:   0.69, CFL: 7.20e-01
i: 378900, t:  390222.9 s, ωt:  39.02 (6.21 periods), wall: 3.173 hours, Δt:   0.74, CFL: 7.20e-01
i: 379000, t:  390290.2 s, ωt:  39.03 (6.21 periods), wall: 3.174 hours, Δt:   0.65, CFL: 7.20e-01
i: 379100, t:  390356.2 s, ωt:  39.04 (6.21 periods), wall: 3.175 hours, Δt:   0.63, CFL: 7.20e-01
i: 379200, t:  390426.7 s, ωt:  39.04 (6.21 periods), wall: 3.176 hours, Δt:   0.73, CFL: 7.20e-01
i: 379300, t:  390501.3 s, ωt:  39.05 (6.22 periods), wall: 3.177 hours, Δt:   0.61, CFL: 7.20e-01
i: 379400, t:  390564.4 s, ωt:  39.06 (6.22 periods), wall: 3.178 hours, Δt:   0.73, CFL: 7.20e-01
i: 379500, t:  390641.5 s, ωt:  39.06 (6.22 periods), wall: 3.178 hours, Δt:   0.83, CFL: 7.20e-01
i: 379600, t:  390713.7 s, ωt:  39.07 (6.22 periods), wall: 3.179 hours, Δt:   0.73, CFL: 7.20e-01
i: 379700, t:  390782.7 s, ωt:  39.08 (6.22 periods), wall: 3.180 hours, Δt:   0.58, CFL: 7.20e-01
i: 379800, t:  390852.5 s, ωt:  39.09 (6.22 periods), wall: 3.181 hours, Δt:   0.70, CFL: 7.20e-01
i: 379900, t:  390922.4 s, ωt:  39.09 (6.22 periods), wall: 3.182 hours, Δt:   0.67, CFL: 7.20e-01
i: 380000, t:  390995.8 s, ωt:  39.10 (6.22 periods), wall: 3.183 hours, Δt:   0.68, CFL: 7.20e-01
i: 380100, t:  391064.9 s, ωt:  39.11 (6.22 periods), wall: 3.183 hours, Δt:   0.62, CFL: 7.20e-01
i: 380200, t:  391129.7 s, ωt:  39.11 (6.23 periods), wall: 3.184 hours, Δt:   0.69, CFL: 7.20e-01
i: 380300, t:  391199.6 s, ωt:  39.12 (6.23 periods), wall: 3.185 hours, Δt:   0.73, CFL: 7.20e-01
i: 380400, t:  391277.3 s, ωt:  39.13 (6.23 periods), wall: 3.186 hours, Δt:   0.77, CFL: 7.20e-01
i: 380500, t:  391352.6 s, ωt:  39.14 (6.23 periods), wall: 3.187 hours, Δt:   0.75, CFL: 7.20e-01
i: 380600, t:  391427.1 s, ωt:  39.14 (6.23 periods), wall: 3.188 hours, Δt:   0.78, CFL: 7.20e-01
i: 380700, t:  391505.5 s, ωt:  39.15 (6.23 periods), wall: 3.188 hours, Δt:   0.82, CFL: 7.20e-01
i: 380800, t:  391584.1 s, ωt:  39.16 (6.23 periods), wall: 3.189 hours, Δt:   0.77, CFL: 7.20e-01
i: 380900, t:  391657.8 s, ωt:  39.17 (6.23 periods), wall: 3.190 hours, Δt:   0.65, CFL: 7.20e-01
i: 381000, t:  391733.9 s, ωt:  39.17 (6.23 periods), wall: 3.191 hours, Δt:   0.78, CFL: 7.20e-01
i: 381100, t:  391802.3 s, ωt:  39.18 (6.24 periods), wall: 3.192 hours, Δt:   0.76, CFL: 7.20e-01
i: 381200, t:  391876.0 s, ωt:  39.19 (6.24 periods), wall: 3.193 hours, Δt:   0.68, CFL: 7.20e-01
i: 381300, t:  391946.6 s, ωt:  39.19 (6.24 periods), wall: 3.193 hours, Δt:   0.69, CFL: 7.20e-01
i: 381400, t:  392025.7 s, ωt:  39.20 (6.24 periods), wall: 3.194 hours, Δt:   0.84, CFL: 7.20e-01
i: 381500, t:  392102.5 s, ωt:  39.21 (6.24 periods), wall: 3.195 hours, Δt:   0.73, CFL: 7.20e-01
i: 381600, t:  392177.1 s, ωt:  39.22 (6.24 periods), wall: 3.196 hours, Δt:   0.69, CFL: 7.20e-01
i: 381700, t:  392251.2 s, ωt:  39.23 (6.24 periods), wall: 3.197 hours, Δt:   0.71, CFL: 7.20e-01
i: 381800, t:  392322.5 s, ωt:  39.23 (6.24 periods), wall: 3.198 hours, Δt:   0.86, CFL: 7.20e-01
i: 381900, t:  392393.8 s, ωt:  39.24 (6.25 periods), wall: 3.198 hours, Δt:   0.66, CFL: 7.20e-01
i: 382000, t:  392468.7 s, ωt:  39.25 (6.25 periods), wall: 3.199 hours, Δt:   0.71, CFL: 7.20e-01
i: 382100, t:  392541.4 s, ωt:  39.25 (6.25 periods), wall: 3.200 hours, Δt:   0.80, CFL: 7.20e-01
i: 382200, t:  392611.8 s, ωt:  39.26 (6.25 periods), wall: 3.201 hours, Δt:   0.62, CFL: 7.20e-01
i: 382300, t:  392681.7 s, ωt:  39.27 (6.25 periods), wall: 3.202 hours, Δt:   0.64, CFL: 7.20e-01
i: 382400, t:  392751.5 s, ωt:  39.28 (6.25 periods), wall: 3.203 hours, Δt:   0.73, CFL: 7.20e-01
i: 382500, t:  392823.6 s, ωt:  39.28 (6.25 periods), wall: 3.203 hours, Δt:   0.73, CFL: 7.20e-01
i: 382600, t:  392892.3 s, ωt:  39.29 (6.25 periods), wall: 3.204 hours, Δt:   0.60, CFL: 7.20e-01
i: 382700, t:  392953.2 s, ωt:  39.30 (6.25 periods), wall: 3.205 hours, Δt:   0.67, CFL: 7.20e-01
i: 382800, t:  393022.5 s, ωt:  39.30 (6.26 periods), wall: 3.206 hours, Δt:   0.71, CFL: 7.20e-01
i: 382900, t:  393095.1 s, ωt:  39.31 (6.26 periods), wall: 3.207 hours, Δt:   0.69, CFL: 7.20e-01
i: 383000, t:  393166.1 s, ωt:  39.32 (6.26 periods), wall: 3.208 hours, Δt:   0.65, CFL: 7.20e-01
i: 383100, t:  393237.3 s, ωt:  39.32 (6.26 periods), wall: 3.208 hours, Δt:   0.78, CFL: 7.20e-01
i: 383200, t:  393310.1 s, ωt:  39.33 (6.26 periods), wall: 3.209 hours, Δt:   0.82, CFL: 7.20e-01
i: 383300, t:  393383.2 s, ωt:  39.34 (6.26 periods), wall: 3.210 hours, Δt:   0.66, CFL: 7.20e-01
i: 383400, t:  393451.3 s, ωt:  39.35 (6.26 periods), wall: 3.211 hours, Δt:   0.72, CFL: 7.20e-01
i: 383500, t:  393517.8 s, ωt:  39.35 (6.26 periods), wall: 3.212 hours, Δt:   0.64, CFL: 7.20e-01
i: 383600, t:  393579.3 s, ωt:  39.36 (6.26 periods), wall: 3.213 hours, Δt:   0.57, CFL: 7.20e-01
i: 383700, t:  393644.6 s, ωt:  39.36 (6.27 periods), wall: 3.213 hours, Δt:   0.59, CFL: 7.20e-01
i: 383800, t:  393712.2 s, ωt:  39.37 (6.27 periods), wall: 3.214 hours, Δt:   0.77, CFL: 7.20e-01
i: 383900, t:  393773.0 s, ωt:  39.38 (6.27 periods), wall: 3.215 hours, Δt:   0.70, CFL: 7.20e-01
i: 384000, t:  393844.9 s, ωt:  39.38 (6.27 periods), wall: 3.216 hours, Δt:   0.67, CFL: 7.20e-01
i: 384100, t:  393915.9 s, ωt:  39.39 (6.27 periods), wall: 3.217 hours, Δt:   0.57, CFL: 7.20e-01
i: 384200, t:  393974.1 s, ωt:  39.40 (6.27 periods), wall: 3.218 hours, Δt:   0.73, CFL: 7.20e-01
i: 384300, t:  394041.6 s, ωt:  39.40 (6.27 periods), wall: 3.218 hours, Δt:   0.57, CFL: 7.20e-01
i: 384400, t:  394108.6 s, ωt:  39.41 (6.27 periods), wall: 3.219 hours, Δt:   0.68, CFL: 7.20e-01
i: 384500, t:  394180.8 s, ωt:  39.42 (6.27 periods), wall: 3.220 hours, Δt:   0.76, CFL: 7.20e-01
i: 384600, t:  394258.4 s, ωt:  39.43 (6.27 periods), wall: 3.221 hours, Δt:   0.82, CFL: 7.20e-01
i: 384700, t:  394332.5 s, ωt:  39.43 (6.28 periods), wall: 3.222 hours, Δt:   0.76, CFL: 7.20e-01
i: 384800, t:  394411.3 s, ωt:  39.44 (6.28 periods), wall: 3.223 hours, Δt:   0.68, CFL: 7.20e-01
i: 384900, t:  394491.5 s, ωt:  39.45 (6.28 periods), wall: 3.223 hours, Δt:   0.69, CFL: 7.20e-01
i: 385000, t:  394573.0 s, ωt:  39.46 (6.28 periods), wall: 3.224 hours, Δt:   0.84, CFL: 7.20e-01
i: 385100, t:  394647.1 s, ωt:  39.46 (6.28 periods), wall: 3.225 hours, Δt:   0.66, CFL: 7.20e-01
i: 385200, t:  394721.0 s, ωt:  39.47 (6.28 periods), wall: 3.226 hours, Δt:   0.88, CFL: 7.20e-01
i: 385300, t:  394799.3 s, ωt:  39.48 (6.28 periods), wall: 3.227 hours, Δt:   0.83, CFL: 7.20e-01
i: 385400, t:  394880.1 s, ωt:  39.49 (6.28 periods), wall: 3.228 hours, Δt:   0.75, CFL: 7.20e-01
i: 385500, t:  394953.0 s, ωt:  39.50 (6.29 periods), wall: 3.228 hours, Δt:   0.75, CFL: 7.20e-01
i: 385600, t:  395019.3 s, ωt:  39.50 (6.29 periods), wall: 3.229 hours, Δt:   0.72, CFL: 7.20e-01
i: 385700, t:  395087.6 s, ωt:  39.51 (6.29 periods), wall: 3.230 hours, Δt:   0.75, CFL: 7.20e-01
i: 385800, t:  395161.9 s, ωt:  39.52 (6.29 periods), wall: 3.231 hours, Δt:   0.82, CFL: 7.20e-01
i: 385900, t:  395231.5 s, ωt:  39.52 (6.29 periods), wall: 3.232 hours, Δt:   0.70, CFL: 7.20e-01
i: 386000, t:  395305.3 s, ωt:  39.53 (6.29 periods), wall: 3.233 hours, Δt:   0.60, CFL: 7.20e-01
i: 386100, t:  395370.0 s, ωt:  39.54 (6.29 periods), wall: 3.233 hours, Δt:   0.80, CFL: 7.20e-01
i: 386200, t:  395448.5 s, ωt:  39.54 (6.29 periods), wall: 3.234 hours, Δt:   0.82, CFL: 7.20e-01
i: 386300, t:  395525.8 s, ωt:  39.55 (6.29 periods), wall: 3.235 hours, Δt:   0.67, CFL: 7.20e-01
i: 386400, t:  395603.7 s, ωt:  39.56 (6.30 periods), wall: 3.236 hours, Δt:   0.73, CFL: 7.20e-01
i: 386500, t:  395673.8 s, ωt:  39.57 (6.30 periods), wall: 3.237 hours, Δt:   0.64, CFL: 7.20e-01
i: 386600, t:  395752.0 s, ωt:  39.58 (6.30 periods), wall: 3.238 hours, Δt:   0.72, CFL: 7.20e-01
i: 386700, t:  395825.3 s, ωt:  39.58 (6.30 periods), wall: 3.238 hours, Δt:   0.66, CFL: 7.20e-01
i: 386800, t:  395903.3 s, ωt:  39.59 (6.30 periods), wall: 3.239 hours, Δt:   0.69, CFL: 7.20e-01
i: 386900, t:  395988.2 s, ωt:  39.60 (6.30 periods), wall: 3.240 hours, Δt:   0.87, CFL: 7.20e-01
i: 387000, t:  396065.9 s, ωt:  39.61 (6.30 periods), wall: 3.241 hours, Δt:   0.68, CFL: 7.20e-01
i: 387100, t:  396130.8 s, ωt:  39.61 (6.30 periods), wall: 3.242 hours, Δt:   0.68, CFL: 7.20e-01
i: 387200, t:  396210.2 s, ωt:  39.62 (6.31 periods), wall: 3.243 hours, Δt:   0.83, CFL: 7.20e-01
i: 387300, t:  396295.2 s, ωt:  39.63 (6.31 periods), wall: 3.243 hours, Δt:   0.70, CFL: 7.20e-01
i: 387400, t:  396375.3 s, ωt:  39.64 (6.31 periods), wall: 3.244 hours, Δt:   0.76, CFL: 7.20e-01
i: 387500, t:  396454.1 s, ωt:  39.65 (6.31 periods), wall: 3.245 hours, Δt:   0.84, CFL: 7.20e-01
i: 387600, t:  396533.4 s, ωt:  39.65 (6.31 periods), wall: 3.246 hours, Δt:   0.83, CFL: 7.20e-01
i: 387700, t:  396613.8 s, ωt:  39.66 (6.31 periods), wall: 3.247 hours, Δt:   0.71, CFL: 7.20e-01
i: 387800, t:  396682.3 s, ωt:  39.67 (6.31 periods), wall: 3.248 hours, Δt:   0.67, CFL: 7.20e-01
i: 387900, t:  396759.0 s, ωt:  39.68 (6.31 periods), wall: 3.248 hours, Δt:   0.79, CFL: 7.20e-01
i: 388000, t:  396839.1 s, ωt:  39.68 (6.32 periods), wall: 3.249 hours, Δt:   0.90, CFL: 7.20e-01
i: 388100, t:  396920.9 s, ωt:  39.69 (6.32 periods), wall: 3.250 hours, Δt:   0.68, CFL: 7.20e-01
i: 388200, t:  397001.5 s, ωt:  39.70 (6.32 periods), wall: 3.251 hours, Δt:   0.87, CFL: 7.20e-01
i: 388300, t:  397077.8 s, ωt:  39.71 (6.32 periods), wall: 3.252 hours, Δt:   0.77, CFL: 7.20e-01
i: 388400, t:  397159.8 s, ωt:  39.72 (6.32 periods), wall: 3.253 hours, Δt:   0.84, CFL: 7.20e-01
i: 388500, t:  397254.1 s, ωt:  39.73 (6.32 periods), wall: 3.253 hours, Δt:   0.70, CFL: 7.20e-01
i: 388600, t:  397330.9 s, ωt:  39.73 (6.32 periods), wall: 3.254 hours, Δt:   0.72, CFL: 7.20e-01
i: 388700, t:  397406.3 s, ωt:  39.74 (6.32 periods), wall: 3.255 hours, Δt:   0.77, CFL: 7.20e-01
i: 388800, t:  397489.1 s, ωt:  39.75 (6.33 periods), wall: 3.256 hours, Δt:   0.92, CFL: 7.20e-01
i: 388900, t:  397575.6 s, ωt:  39.76 (6.33 periods), wall: 3.257 hours, Δt:   0.74, CFL: 7.20e-01
i: 389000, t:  397659.3 s, ωt:  39.77 (6.33 periods), wall: 3.258 hours, Δt:   0.78, CFL: 7.20e-01
i: 389100, t:  397742.6 s, ωt:  39.77 (6.33 periods), wall: 3.258 hours, Δt:   0.81, CFL: 7.20e-01
i: 389200, t:  397833.4 s, ωt:  39.78 (6.33 periods), wall: 3.259 hours, Δt:   1.04, CFL: 7.20e-01
i: 389300, t:  397919.0 s, ωt:  39.79 (6.33 periods), wall: 3.260 hours, Δt:   0.91, CFL: 7.20e-01
i: 389400, t:  398002.7 s, ωt:  39.80 (6.33 periods), wall: 3.261 hours, Δt:   0.83, CFL: 7.20e-01
i: 389500, t:  398086.3 s, ωt:  39.81 (6.34 periods), wall: 3.262 hours, Δt:   0.93, CFL: 7.20e-01
i: 389600, t:  398180.5 s, ωt:  39.82 (6.34 periods), wall: 3.263 hours, Δt:   0.93, CFL: 7.20e-01
i: 389700, t:  398272.1 s, ωt:  39.83 (6.34 periods), wall: 3.263 hours, Δt:   0.66, CFL: 7.20e-01
i: 389800, t:  398354.8 s, ωt:  39.84 (6.34 periods), wall: 3.264 hours, Δt:   0.87, CFL: 7.20e-01
i: 389900, t:  398440.0 s, ωt:  39.84 (6.34 periods), wall: 3.265 hours, Δt:   0.83, CFL: 7.20e-01
i: 390000, t:  398528.5 s, ωt:  39.85 (6.34 periods), wall: 3.266 hours, Δt:   0.97, CFL: 7.20e-01
i: 390100, t:  398623.7 s, ωt:  39.86 (6.34 periods), wall: 3.267 hours, Δt:   0.89, CFL: 7.20e-01
i: 390200, t:  398717.4 s, ωt:  39.87 (6.35 periods), wall: 3.268 hours, Δt:   0.94, CFL: 7.20e-01
i: 390300, t:  398815.0 s, ωt:  39.88 (6.35 periods), wall: 3.268 hours, Δt:   0.93, CFL: 7.20e-01
i: 390400, t:  398905.4 s, ωt:  39.89 (6.35 periods), wall: 3.269 hours, Δt:   0.97, CFL: 7.20e-01
i: 390500, t:  399002.7 s, ωt:  39.90 (6.35 periods), wall: 3.270 hours, Δt:   0.87, CFL: 7.20e-01
i: 390600, t:  399098.1 s, ωt:  39.91 (6.35 periods), wall: 3.271 hours, Δt:   0.90, CFL: 7.20e-01
i: 390700, t:  399200.5 s, ωt:  39.92 (6.35 periods), wall: 3.272 hours, Δt:   1.05, CFL: 7.20e-01
i: 390800, t:  399299.1 s, ωt:  39.93 (6.36 periods), wall: 3.273 hours, Δt:   0.93, CFL: 7.20e-01
i: 390900, t:  399397.7 s, ωt:  39.94 (6.36 periods), wall: 3.273 hours, Δt:   0.96, CFL: 7.20e-01
i: 391000, t:  399503.2 s, ωt:  39.95 (6.36 periods), wall: 3.274 hours, Δt:   1.03, CFL: 7.20e-01
i: 391100, t:  399599.9 s, ωt:  39.96 (6.36 periods), wall: 3.275 hours, Δt:   0.77, CFL: 7.20e-01
i: 391200, t:  399692.7 s, ωt:  39.97 (6.36 periods), wall: 3.276 hours, Δt:   0.98, CFL: 7.20e-01
i: 391300, t:  399794.5 s, ωt:  39.98 (6.36 periods), wall: 3.277 hours, Δt:   1.01, CFL: 7.20e-01
i: 391400, t:  399900.9 s, ωt:  39.99 (6.36 periods), wall: 3.278 hours, Δt:   1.14, CFL: 7.20e-01
i: 391500, t:  400006.7 s, ωt:  40.00 (6.37 periods), wall: 3.278 hours, Δt:   0.93, CFL: 7.20e-01
i: 391600, t:  400103.6 s, ωt:  40.01 (6.37 periods), wall: 3.279 hours, Δt:   1.19, CFL: 7.20e-01
i: 391700, t:  400214.5 s, ωt:  40.02 (6.37 periods), wall: 3.280 hours, Δt:   1.06, CFL: 7.20e-01
i: 391800, t:  400336.0 s, ωt:  40.03 (6.37 periods), wall: 3.281 hours, Δt:   1.23, CFL: 7.20e-01
i: 391900, t:  400449.9 s, ωt:  40.04 (6.37 periods), wall: 3.282 hours, Δt:   1.05, CFL: 7.20e-01
i: 392000, t:  400559.0 s, ωt:  40.06 (6.38 periods), wall: 3.283 hours, Δt:   1.13, CFL: 7.20e-01
i: 392100, t:  400680.0 s, ωt:  40.07 (6.38 periods), wall: 3.283 hours, Δt:   1.19, CFL: 7.20e-01
i: 392200, t:  400792.1 s, ωt:  40.08 (6.38 periods), wall: 3.284 hours, Δt:   0.91, CFL: 7.20e-01
i: 392300, t:  400895.7 s, ωt:  40.09 (6.38 periods), wall: 3.285 hours, Δt:   1.05, CFL: 7.20e-01
i: 392400, t:  401010.9 s, ωt:  40.10 (6.38 periods), wall: 3.286 hours, Δt:   1.25, CFL: 7.20e-01
i: 392500, t:  401127.8 s, ωt:  40.11 (6.38 periods), wall: 3.287 hours, Δt:   1.17, CFL: 7.20e-01
i: 392600, t:  401247.9 s, ωt:  40.12 (6.39 periods), wall: 3.288 hours, Δt:   1.30, CFL: 7.20e-01
i: 392700, t:  401364.9 s, ωt:  40.14 (6.39 periods), wall: 3.288 hours, Δt:   1.19, CFL: 7.20e-01
i: 392800, t:  401479.9 s, ωt:  40.15 (6.39 periods), wall: 3.289 hours, Δt:   1.15, CFL: 7.20e-01
i: 392900, t:  401604.0 s, ωt:  40.16 (6.39 periods), wall: 3.290 hours, Δt:   1.20, CFL: 7.20e-01
i: 393000, t:  401722.1 s, ωt:  40.17 (6.39 periods), wall: 3.291 hours, Δt:   1.13, CFL: 7.20e-01
i: 393100, t:  401840.0 s, ωt:  40.18 (6.40 periods), wall: 3.292 hours, Δt:   1.04, CFL: 7.20e-01
i: 393200, t:  401949.0 s, ωt:  40.19 (6.40 periods), wall: 3.293 hours, Δt:   1.01, CFL: 7.20e-01
i: 393300, t:  402057.2 s, ωt:  40.21 (6.40 periods), wall: 3.293 hours, Δt:   1.05, CFL: 7.20e-01
i: 393400, t:  402170.9 s, ωt:  40.22 (6.40 periods), wall: 3.294 hours, Δt:   1.31, CFL: 7.20e-01
i: 393500, t:  402296.7 s, ωt:  40.23 (6.40 periods), wall: 3.295 hours, Δt:   1.19, CFL: 7.20e-01
i: 393600, t:  402422.9 s, ωt:  40.24 (6.40 periods), wall: 3.296 hours, Δt:   1.41, CFL: 7.20e-01
i: 393700, t:  402553.0 s, ωt:  40.26 (6.41 periods), wall: 3.297 hours, Δt:   1.31, CFL: 7.20e-01
i: 393800, t:  402681.8 s, ωt:  40.27 (6.41 periods), wall: 3.298 hours, Δt:   1.09, CFL: 7.20e-01
i: 393900, t:  402804.5 s, ωt:  40.28 (6.41 periods), wall: 3.298 hours, Δt:   1.20, CFL: 7.20e-01
i: 394000, t:  402942.8 s, ωt:  40.29 (6.41 periods), wall: 3.299 hours, Δt:   1.51, CFL: 7.20e-01
i: 394100, t:  403077.3 s, ωt:  40.31 (6.42 periods), wall: 3.300 hours, Δt:   1.35, CFL: 7.20e-01
i: 394200, t:  403226.7 s, ωt:  40.32 (6.42 periods), wall: 3.301 hours, Δt:   1.53, CFL: 7.20e-01
i: 394300, t:  403364.3 s, ωt:  40.34 (6.42 periods), wall: 3.302 hours, Δt:   1.34, CFL: 7.20e-01
i: 394400, t:  403518.0 s, ωt:  40.35 (6.42 periods), wall: 3.303 hours, Δt:   1.70, CFL: 7.20e-01
i: 394500, t:  403661.7 s, ωt:  40.37 (6.42 periods), wall: 3.303 hours, Δt:   1.55, CFL: 7.20e-01
i: 394600, t:  403830.9 s, ωt:  40.38 (6.43 periods), wall: 3.304 hours, Δt:   1.73, CFL: 7.20e-01
i: 394700, t:  404000.1 s, ωt:  40.40 (6.43 periods), wall: 3.305 hours, Δt:   1.91, CFL: 7.20e-01
i: 394800, t:  404172.2 s, ωt:  40.42 (6.43 periods), wall: 3.306 hours, Δt:   1.51, CFL: 7.20e-01
i: 394900, t:  404334.2 s, ωt:  40.43 (6.44 periods), wall: 3.307 hours, Δt:   1.53, CFL: 7.20e-01
i: 395000, t:  404518.9 s, ωt:  40.45 (6.44 periods), wall: 3.308 hours, Δt:   1.99, CFL: 7.20e-01
i: 395100, t:  404700.3 s, ωt:  40.47 (6.44 periods), wall: 3.309 hours, Δt:   1.50, CFL: 7.20e-01
i: 395200, t:  404878.4 s, ωt:  40.49 (6.44 periods), wall: 3.309 hours, Δt:   1.86, CFL: 7.20e-01
i: 395300, t:  405081.6 s, ωt:  40.51 (6.45 periods), wall: 3.310 hours, Δt:   2.15, CFL: 7.20e-01
i: 395400, t:  405272.7 s, ωt:  40.53 (6.45 periods), wall: 3.311 hours, Δt:   1.94, CFL: 7.20e-01
i: 395500, t:  405480.8 s, ωt:  40.55 (6.45 periods), wall: 3.312 hours, Δt:   1.79, CFL: 7.20e-01
i: 395600, t:  405666.0 s, ωt:  40.57 (6.46 periods), wall: 3.313 hours, Δt:   1.72, CFL: 7.20e-01
i: 395700, t:  405847.7 s, ωt:  40.58 (6.46 periods), wall: 3.314 hours, Δt:   1.81, CFL: 7.20e-01
i: 395800, t:  406017.5 s, ωt:  40.60 (6.46 periods), wall: 3.314 hours, Δt:   1.64, CFL: 7.20e-01
i: 395900, t:  406202.2 s, ωt:  40.62 (6.46 periods), wall: 3.315 hours, Δt:   1.53, CFL: 7.20e-01
i: 396000, t:  406395.9 s, ωt:  40.64 (6.47 periods), wall: 3.316 hours, Δt:   2.23, CFL: 7.20e-01
i: 396100, t:  406652.0 s, ωt:  40.67 (6.47 periods), wall: 3.317 hours, Δt:   2.75, CFL: 7.20e-01
i: 396200, t:  406905.1 s, ωt:  40.69 (6.48 periods), wall: 3.318 hours, Δt:   3.41, CFL: 7.12e-01
i: 396300, t:  407190.8 s, ωt:  40.72 (6.48 periods), wall: 3.319 hours, Δt:   2.61, CFL: 7.20e-01
i: 396400, t:  407483.8 s, ωt:  40.75 (6.49 periods), wall: 3.319 hours, Δt:   2.79, CFL: 7.20e-01
i: 396500, t:  407771.8 s, ωt:  40.78 (6.49 periods), wall: 3.320 hours, Δt:   3.09, CFL: 7.20e-01
i: 396600, t:  408083.1 s, ωt:  40.81 (6.49 periods), wall: 3.321 hours, Δt:   2.96, CFL: 7.20e-01
i: 396700, t:  408354.0 s, ωt:  40.84 (6.50 periods), wall: 3.322 hours, Δt:   2.14, CFL: 7.20e-01
i: 396800, t:  408577.0 s, ωt:  40.86 (6.50 periods), wall: 3.323 hours, Δt:   2.62, CFL: 7.20e-01
i: 396900, t:  408837.5 s, ωt:  40.88 (6.51 periods), wall: 3.324 hours, Δt:   2.84, CFL: 7.20e-01
i: 397000, t:  409126.3 s, ωt:  40.91 (6.51 periods), wall: 3.325 hours, Δt:   2.74, CFL: 7.20e-01
i: 397100, t:  409401.2 s, ωt:  40.94 (6.52 periods), wall: 3.325 hours, Δt:   2.65, CFL: 7.20e-01
i: 397200, t:  409627.2 s, ωt:  40.96 (6.52 periods), wall: 3.326 hours, Δt:   2.36, CFL: 7.20e-01
i: 397300, t:  409863.5 s, ωt:  40.99 (6.52 periods), wall: 3.327 hours, Δt:   2.35, CFL: 7.20e-01
i: 397400, t:  410076.6 s, ωt:  41.01 (6.53 periods), wall: 3.328 hours, Δt:   2.42, CFL: 7.20e-01
i: 397500, t:  410312.9 s, ωt:  41.03 (6.53 periods), wall: 3.329 hours, Δt:   2.36, CFL: 7.20e-01
i: 397600, t:  410555.3 s, ωt:  41.06 (6.53 periods), wall: 3.330 hours, Δt:   2.17, CFL: 7.20e-01
i: 397700, t:  410764.1 s, ωt:  41.08 (6.54 periods), wall: 3.330 hours, Δt:   1.84, CFL: 7.20e-01
i: 397800, t:  410954.2 s, ωt:  41.10 (6.54 periods), wall: 3.331 hours, Δt:   1.76, CFL: 7.20e-01
i: 397900, t:  411130.2 s, ωt:  41.11 (6.54 periods), wall: 3.332 hours, Δt:   1.61, CFL: 7.20e-01
i: 398000, t:  411274.4 s, ωt:  41.13 (6.55 periods), wall: 3.333 hours, Δt:   1.77, CFL: 7.10e-01
i: 398100, t:  411443.8 s, ωt:  41.14 (6.55 periods), wall: 3.334 hours, Δt:   1.65, CFL: 7.20e-01
i: 398200, t:  411597.7 s, ωt:  41.16 (6.55 periods), wall: 3.335 hours, Δt:   1.42, CFL: 7.20e-01
i: 398300, t:  411729.4 s, ωt:  41.17 (6.55 periods), wall: 3.335 hours, Δt:   1.50, CFL: 7.20e-01
i: 398400, t:  411880.8 s, ωt:  41.19 (6.56 periods), wall: 3.336 hours, Δt:   1.34, CFL: 7.20e-01
i: 398500, t:  412007.9 s, ωt:  41.20 (6.56 periods), wall: 3.337 hours, Δt:   1.33, CFL: 7.20e-01
i: 398600, t:  412148.1 s, ωt:  41.21 (6.56 periods), wall: 3.338 hours, Δt:   1.32, CFL: 7.20e-01
i: 398700, t:  412293.4 s, ωt:  41.23 (6.56 periods), wall: 3.339 hours, Δt:   1.26, CFL: 7.20e-01
i: 398800, t:  412420.9 s, ωt:  41.24 (6.56 periods), wall: 3.340 hours, Δt:   0.97, CFL: 7.20e-01
i: 398900, t:  412547.1 s, ωt:  41.25 (6.57 periods), wall: 3.340 hours, Δt:   1.39, CFL: 7.20e-01
i: 399000, t:  412682.1 s, ωt:  41.27 (6.57 periods), wall: 3.341 hours, Δt:   1.37, CFL: 7.20e-01
i: 399100, t:  412804.5 s, ωt:  41.28 (6.57 periods), wall: 3.342 hours, Δt:   1.08, CFL: 7.20e-01
i: 399200, t:  412933.0 s, ωt:  41.29 (6.57 periods), wall: 3.343 hours, Δt:   1.12, CFL: 7.20e-01
i: 399300, t:  413050.2 s, ωt:  41.31 (6.57 periods), wall: 3.344 hours, Δt:   1.17, CFL: 7.20e-01
i: 399400, t:  413170.2 s, ωt:  41.32 (6.58 periods), wall: 3.345 hours, Δt:   0.91, CFL: 7.20e-01
i: 399500, t:  413286.3 s, ωt:  41.33 (6.58 periods), wall: 3.345 hours, Δt:   1.16, CFL: 7.20e-01
i: 399600, t:  413394.1 s, ωt:  41.34 (6.58 periods), wall: 3.346 hours, Δt:   1.08, CFL: 7.20e-01
i: 399700, t:  413503.0 s, ωt:  41.35 (6.58 periods), wall: 3.347 hours, Δt:   1.08, CFL: 7.20e-01
i: 399800, t:  413613.7 s, ωt:  41.36 (6.58 periods), wall: 3.348 hours, Δt:   1.11, CFL: 7.20e-01
i: 399900, t:  413724.7 s, ωt:  41.37 (6.58 periods), wall: 3.349 hours, Δt:   0.96, CFL: 7.20e-01
i: 400000, t:  413825.3 s, ωt:  41.38 (6.59 periods), wall: 3.350 hours, Δt:   0.99, CFL: 7.20e-01
i: 400100, t:  413934.8 s, ωt:  41.39 (6.59 periods), wall: 3.350 hours, Δt:   1.06, CFL: 7.20e-01
i: 400200, t:  414044.9 s, ωt:  41.40 (6.59 periods), wall: 3.351 hours, Δt:   1.16, CFL: 7.20e-01
i: 400300, t:  414147.5 s, ωt:  41.41 (6.59 periods), wall: 3.352 hours, Δt:   1.04, CFL: 7.20e-01
i: 400400, t:  414255.0 s, ωt:  41.43 (6.59 periods), wall: 3.353 hours, Δt:   1.06, CFL: 7.20e-01
i: 400500, t:  414353.8 s, ωt:  41.44 (6.59 periods), wall: 3.354 hours, Δt:   0.88, CFL: 7.20e-01
i: 400600, t:  414456.8 s, ωt:  41.45 (6.60 periods), wall: 3.355 hours, Δt:   0.95, CFL: 7.20e-01
i: 400700, t:  414549.5 s, ωt:  41.45 (6.60 periods), wall: 3.356 hours, Δt:   1.04, CFL: 7.20e-01
i: 400800, t:  414646.6 s, ωt:  41.46 (6.60 periods), wall: 3.356 hours, Δt:   0.97, CFL: 7.20e-01
i: 400900, t:  414750.7 s, ωt:  41.48 (6.60 periods), wall: 3.357 hours, Δt:   1.13, CFL: 7.20e-01
i: 401000, t:  414851.9 s, ωt:  41.49 (6.60 periods), wall: 3.358 hours, Δt:   0.92, CFL: 7.20e-01
i: 401100, t:  414953.4 s, ωt:  41.50 (6.60 periods), wall: 3.359 hours, Δt:   1.01, CFL: 7.20e-01
i: 401200, t:  415053.3 s, ωt:  41.51 (6.61 periods), wall: 3.360 hours, Δt:   1.07, CFL: 7.20e-01
i: 401300, t:  415148.2 s, ωt:  41.51 (6.61 periods), wall: 3.361 hours, Δt:   0.85, CFL: 7.20e-01
i: 401400, t:  415242.7 s, ωt:  41.52 (6.61 periods), wall: 3.361 hours, Δt:   1.00, CFL: 7.20e-01
i: 401500, t:  415335.0 s, ωt:  41.53 (6.61 periods), wall: 3.362 hours, Δt:   0.80, CFL: 7.20e-01
i: 401600, t:  415411.7 s, ωt:  41.54 (6.61 periods), wall: 3.363 hours, Δt:   0.74, CFL: 7.20e-01
i: 401700, t:  415506.1 s, ωt:  41.55 (6.61 periods), wall: 3.364 hours, Δt:   0.94, CFL: 7.20e-01
i: 401800, t:  415592.9 s, ωt:  41.56 (6.61 periods), wall: 3.365 hours, Δt:   0.85, CFL: 7.20e-01
i: 401900, t:  415672.9 s, ωt:  41.57 (6.62 periods), wall: 3.366 hours, Δt:   0.70, CFL: 7.20e-01
i: 402000, t:  415757.5 s, ωt:  41.58 (6.62 periods), wall: 3.366 hours, Δt:   0.85, CFL: 7.20e-01
i: 402100, t:  415847.0 s, ωt:  41.58 (6.62 periods), wall: 3.367 hours, Δt:   0.82, CFL: 7.20e-01
i: 402200, t:  415933.6 s, ωt:  41.59 (6.62 periods), wall: 3.368 hours, Δt:   0.90, CFL: 7.20e-01
i: 402300, t:  416022.7 s, ωt:  41.60 (6.62 periods), wall: 3.369 hours, Δt:   0.87, CFL: 7.20e-01
i: 402400, t:  416101.4 s, ωt:  41.61 (6.62 periods), wall: 3.370 hours, Δt:   0.83, CFL: 7.20e-01
i: 402500, t:  416188.4 s, ωt:  41.62 (6.62 periods), wall: 3.371 hours, Δt:   0.89, CFL: 7.20e-01
i: 402600, t:  416277.9 s, ωt:  41.63 (6.63 periods), wall: 3.371 hours, Δt:   0.96, CFL: 7.20e-01
i: 402700, t:  416362.3 s, ωt:  41.64 (6.63 periods), wall: 3.372 hours, Δt:   0.78, CFL: 7.20e-01
i: 402800, t:  416446.4 s, ωt:  41.64 (6.63 periods), wall: 3.373 hours, Δt:   0.81, CFL: 7.20e-01
i: 402900, t:  416519.4 s, ωt:  41.65 (6.63 periods), wall: 3.374 hours, Δt:   0.74, CFL: 7.20e-01
i: 403000, t:  416606.3 s, ωt:  41.66 (6.63 periods), wall: 3.375 hours, Δt:   0.86, CFL: 7.20e-01
i: 403100, t:  416688.2 s, ωt:  41.67 (6.63 periods), wall: 3.376 hours, Δt:   0.86, CFL: 7.20e-01
i: 403200, t:  416771.6 s, ωt:  41.68 (6.63 periods), wall: 3.376 hours, Δt:   0.83, CFL: 7.20e-01
i: 403300, t:  416856.0 s, ωt:  41.69 (6.63 periods), wall: 3.377 hours, Δt:   0.76, CFL: 7.20e-01
i: 403400, t:  416942.4 s, ωt:  41.69 (6.64 periods), wall: 3.378 hours, Δt:   0.91, CFL: 7.20e-01
i: 403500, t:  417021.9 s, ωt:  41.70 (6.64 periods), wall: 3.379 hours, Δt:   0.70, CFL: 7.20e-01
i: 403600, t:  417100.2 s, ωt:  41.71 (6.64 periods), wall: 3.380 hours, Δt:   0.79, CFL: 7.20e-01
i: 403700, t:  417178.9 s, ωt:  41.72 (6.64 periods), wall: 3.381 hours, Δt:   0.72, CFL: 7.20e-01
i: 403800, t:  417255.5 s, ωt:  41.73 (6.64 periods), wall: 3.381 hours, Δt:   0.80, CFL: 7.20e-01
i: 403900, t:  417329.3 s, ωt:  41.73 (6.64 periods), wall: 3.382 hours, Δt:   0.93, CFL: 7.20e-01
i: 404000, t:  417419.3 s, ωt:  41.74 (6.64 periods), wall: 3.383 hours, Δt:   0.90, CFL: 7.20e-01
i: 404100, t:  417510.0 s, ωt:  41.75 (6.64 periods), wall: 3.384 hours, Δt:   0.90, CFL: 7.20e-01
i: 404200, t:  417585.4 s, ωt:  41.76 (6.65 periods), wall: 3.385 hours, Δt:   0.76, CFL: 7.20e-01
i: 404300, t:  417659.6 s, ωt:  41.77 (6.65 periods), wall: 3.386 hours, Δt:   0.78, CFL: 7.20e-01
i: 404400, t:  417731.2 s, ωt:  41.77 (6.65 periods), wall: 3.386 hours, Δt:   0.71, CFL: 7.20e-01
i: 404500, t:  417804.5 s, ωt:  41.78 (6.65 periods), wall: 3.387 hours, Δt:   0.74, CFL: 7.20e-01
i: 404600, t:  417881.1 s, ωt:  41.79 (6.65 periods), wall: 3.388 hours, Δt:   0.81, CFL: 7.20e-01
i: 404700, t:  417960.2 s, ωt:  41.80 (6.65 periods), wall: 3.389 hours, Δt:   0.76, CFL: 7.20e-01
i: 404800, t:  418036.0 s, ωt:  41.80 (6.65 periods), wall: 3.390 hours, Δt:   0.72, CFL: 7.20e-01
i: 404900, t:  418114.8 s, ωt:  41.81 (6.65 periods), wall: 3.391 hours, Δt:   0.91, CFL: 7.20e-01
i: 405000, t:  418195.8 s, ωt:  41.82 (6.66 periods), wall: 3.391 hours, Δt:   0.82, CFL: 7.20e-01
i: 405100, t:  418273.6 s, ωt:  41.83 (6.66 periods), wall: 3.392 hours, Δt:   0.87, CFL: 7.20e-01
i: 405200, t:  418352.7 s, ωt:  41.84 (6.66 periods), wall: 3.393 hours, Δt:   0.86, CFL: 7.20e-01
i: 405300, t:  418427.5 s, ωt:  41.84 (6.66 periods), wall: 3.394 hours, Δt:   0.70, CFL: 7.20e-01
i: 405400, t:  418499.8 s, ωt:  41.85 (6.66 periods), wall: 3.395 hours, Δt:   0.77, CFL: 7.20e-01
i: 405500, t:  418580.0 s, ωt:  41.86 (6.66 periods), wall: 3.396 hours, Δt:   0.80, CFL: 7.20e-01
i: 405600, t:  418657.1 s, ωt:  41.87 (6.66 periods), wall: 3.396 hours, Δt:   0.75, CFL: 7.20e-01
i: 405700, t:  418728.8 s, ωt:  41.87 (6.66 periods), wall: 3.397 hours, Δt:   0.83, CFL: 7.20e-01
i: 405800, t:  418809.2 s, ωt:  41.88 (6.67 periods), wall: 3.398 hours, Δt:   0.79, CFL: 7.20e-01
i: 405900, t:  418883.0 s, ωt:  41.89 (6.67 periods), wall: 3.399 hours, Δt:   0.74, CFL: 7.20e-01
i: 406000, t:  418953.4 s, ωt:  41.90 (6.67 periods), wall: 3.400 hours, Δt:   0.67, CFL: 7.20e-01
i: 406100, t:  419028.1 s, ωt:  41.90 (6.67 periods), wall: 3.401 hours, Δt:   0.80, CFL: 7.20e-01
i: 406200, t:  419102.6 s, ωt:  41.91 (6.67 periods), wall: 3.401 hours, Δt:   0.66, CFL: 7.20e-01
i: 406300, t:  419168.8 s, ωt:  41.92 (6.67 periods), wall: 3.402 hours, Δt:   0.74, CFL: 7.20e-01
i: 406400, t:  419238.4 s, ωt:  41.92 (6.67 periods), wall: 3.403 hours, Δt:   0.76, CFL: 7.20e-01
i: 406500, t:  419314.1 s, ωt:  41.93 (6.67 periods), wall: 3.404 hours, Δt:   0.73, CFL: 7.20e-01
i: 406600, t:  419382.1 s, ωt:  41.94 (6.67 periods), wall: 3.405 hours, Δt:   0.66, CFL: 7.20e-01
i: 406700, t:  419449.5 s, ωt:  41.94 (6.68 periods), wall: 3.406 hours, Δt:   0.63, CFL: 7.20e-01
i: 406800, t:  419520.6 s, ωt:  41.95 (6.68 periods), wall: 3.406 hours, Δt:   0.79, CFL: 7.20e-01
i: 406900, t:  419594.8 s, ωt:  41.96 (6.68 periods), wall: 3.407 hours, Δt:   0.68, CFL: 7.20e-01
i: 407000, t:  419662.7 s, ωt:  41.97 (6.68 periods), wall: 3.408 hours, Δt:   0.76, CFL: 7.20e-01
i: 407100, t:  419730.6 s, ωt:  41.97 (6.68 periods), wall: 3.409 hours, Δt:   0.73, CFL: 7.20e-01
i: 407200, t:  419800.8 s, ωt:  41.98 (6.68 periods), wall: 3.410 hours, Δt:   0.73, CFL: 7.20e-01
i: 407300, t:  419872.7 s, ωt:  41.99 (6.68 periods), wall: 3.411 hours, Δt:   0.78, CFL: 7.20e-01
i: 407400, t:  419950.5 s, ωt:  42.00 (6.68 periods), wall: 3.411 hours, Δt:   0.66, CFL: 7.20e-01
i: 407500, t:  420020.3 s, ωt:  42.00 (6.68 periods), wall: 3.412 hours, Δt:   0.64, CFL: 7.20e-01
i: 407600, t:  420088.0 s, ωt:  42.01 (6.69 periods), wall: 3.413 hours, Δt:   0.69, CFL: 7.20e-01
i: 407700, t:  420160.4 s, ωt:  42.02 (6.69 periods), wall: 3.414 hours, Δt:   0.72, CFL: 7.20e-01
i: 407800, t:  420228.7 s, ωt:  42.02 (6.69 periods), wall: 3.415 hours, Δt:   0.66, CFL: 7.20e-01
i: 407900, t:  420297.1 s, ωt:  42.03 (6.69 periods), wall: 3.416 hours, Δt:   0.76, CFL: 7.20e-01
i: 408000, t:  420368.0 s, ωt:  42.04 (6.69 periods), wall: 3.416 hours, Δt:   0.74, CFL: 7.20e-01
i: 408100, t:  420439.0 s, ωt:  42.04 (6.69 periods), wall: 3.417 hours, Δt:   0.61, CFL: 7.20e-01
i: 408200, t:  420502.7 s, ωt:  42.05 (6.69 periods), wall: 3.418 hours, Δt:   0.63, CFL: 7.20e-01
i: 408300, t:  420572.7 s, ωt:  42.06 (6.69 periods), wall: 3.419 hours, Δt:   0.69, CFL: 7.20e-01
i: 408400, t:  420646.1 s, ωt:  42.06 (6.69 periods), wall: 3.420 hours, Δt:   0.73, CFL: 7.20e-01
i: 408500, t:  420719.9 s, ωt:  42.07 (6.70 periods), wall: 3.421 hours, Δt:   0.80, CFL: 7.20e-01
i: 408600, t:  420792.0 s, ωt:  42.08 (6.70 periods), wall: 3.421 hours, Δt:   0.77, CFL: 7.20e-01
i: 408700, t:  420858.1 s, ωt:  42.09 (6.70 periods), wall: 3.422 hours, Δt:   0.65, CFL: 7.20e-01
i: 408800, t:  420927.9 s, ωt:  42.09 (6.70 periods), wall: 3.423 hours, Δt:   0.78, CFL: 7.20e-01
i: 408900, t:  420999.4 s, ωt:  42.10 (6.70 periods), wall: 3.424 hours, Δt:   0.66, CFL: 7.20e-01
i: 409000, t:  421071.8 s, ωt:  42.11 (6.70 periods), wall: 3.425 hours, Δt:   0.68, CFL: 7.20e-01
i: 409100, t:  421143.6 s, ωt:  42.11 (6.70 periods), wall: 3.426 hours, Δt:   0.79, CFL: 7.20e-01
i: 409200, t:  421216.9 s, ωt:  42.12 (6.70 periods), wall: 3.426 hours, Δt:   0.65, CFL: 7.20e-01
i: 409300, t:  421287.6 s, ωt:  42.13 (6.71 periods), wall: 3.427 hours, Δt:   0.82, CFL: 7.20e-01
i: 409400, t:  421364.9 s, ωt:  42.14 (6.71 periods), wall: 3.428 hours, Δt:   0.71, CFL: 7.20e-01
i: 409500, t:  421434.4 s, ωt:  42.14 (6.71 periods), wall: 3.429 hours, Δt:   0.65, CFL: 7.20e-01
i: 409600, t:  421503.8 s, ωt:  42.15 (6.71 periods), wall: 3.430 hours, Δt:   0.71, CFL: 7.20e-01
i: 409700, t:  421575.2 s, ωt:  42.16 (6.71 periods), wall: 3.431 hours, Δt:   0.73, CFL: 7.20e-01
i: 409800, t:  421650.1 s, ωt:  42.17 (6.71 periods), wall: 3.431 hours, Δt:   0.67, CFL: 7.20e-01
i: 409900, t:  421720.8 s, ωt:  42.17 (6.71 periods), wall: 3.432 hours, Δt:   0.67, CFL: 7.20e-01
i: 410000, t:  421787.6 s, ωt:  42.18 (6.71 periods), wall: 3.433 hours, Δt:   0.65, CFL: 7.20e-01
i: 410100, t:  421857.0 s, ωt:  42.19 (6.71 periods), wall: 3.434 hours, Δt:   0.67, CFL: 7.20e-01
i: 410200, t:  421926.7 s, ωt:  42.19 (6.72 periods), wall: 3.435 hours, Δt:   0.61, CFL: 7.20e-01
i: 410300, t:  421991.8 s, ωt:  42.20 (6.72 periods), wall: 3.436 hours, Δt:   0.81, CFL: 7.20e-01
i: 410400, t:  422065.4 s, ωt:  42.21 (6.72 periods), wall: 3.436 hours, Δt:   0.71, CFL: 7.20e-01
i: 410500, t:  422139.9 s, ωt:  42.21 (6.72 periods), wall: 3.437 hours, Δt:   0.71, CFL: 7.20e-01
i: 410600, t:  422209.5 s, ωt:  42.22 (6.72 periods), wall: 3.438 hours, Δt:   0.62, CFL: 7.20e-01
i: 410700, t:  422275.0 s, ωt:  42.23 (6.72 periods), wall: 3.439 hours, Δt:   0.61, CFL: 7.20e-01
i: 410800, t:  422343.0 s, ωt:  42.23 (6.72 periods), wall: 3.440 hours, Δt:   0.71, CFL: 7.20e-01
i: 410900, t:  422410.0 s, ωt:  42.24 (6.72 periods), wall: 3.441 hours, Δt:   0.69, CFL: 7.20e-01
i: 411000, t:  422482.4 s, ωt:  42.25 (6.72 periods), wall: 3.441 hours, Δt:   0.76, CFL: 7.20e-01
i: 411100, t:  422553.5 s, ωt:  42.26 (6.73 periods), wall: 3.442 hours, Δt:   0.70, CFL: 7.20e-01
i: 411200, t:  422617.0 s, ωt:  42.26 (6.73 periods), wall: 3.443 hours, Δt:   0.69, CFL: 7.20e-01
i: 411300, t:  422684.1 s, ωt:  42.27 (6.73 periods), wall: 3.444 hours, Δt:   0.71, CFL: 7.20e-01
i: 411400, t:  422758.0 s, ωt:  42.28 (6.73 periods), wall: 3.445 hours, Δt:   0.74, CFL: 7.20e-01
i: 411500, t:  422825.5 s, ωt:  42.28 (6.73 periods), wall: 3.446 hours, Δt:   0.69, CFL: 7.20e-01
i: 411600, t:  422899.6 s, ωt:  42.29 (6.73 periods), wall: 3.446 hours, Δt:   0.74, CFL: 7.20e-01
i: 411700, t:  422968.1 s, ωt:  42.30 (6.73 periods), wall: 3.447 hours, Δt:   0.76, CFL: 7.20e-01
i: 411800, t:  423035.1 s, ωt:  42.30 (6.73 periods), wall: 3.448 hours, Δt:   0.72, CFL: 7.20e-01
i: 411900, t:  423106.0 s, ωt:  42.31 (6.73 periods), wall: 3.449 hours, Δt:   0.72, CFL: 7.20e-01
i: 412000, t:  423179.6 s, ωt:  42.32 (6.74 periods), wall: 3.450 hours, Δt:   0.72, CFL: 7.20e-01
i: 412100, t:  423250.3 s, ωt:  42.33 (6.74 periods), wall: 3.451 hours, Δt:   0.76, CFL: 7.20e-01
i: 412200, t:  423322.1 s, ωt:  42.33 (6.74 periods), wall: 3.451 hours, Δt:   0.75, CFL: 7.20e-01
i: 412300, t:  423392.8 s, ωt:  42.34 (6.74 periods), wall: 3.452 hours, Δt:   0.60, CFL: 7.20e-01
i: 412400, t:  423462.7 s, ωt:  42.35 (6.74 periods), wall: 3.453 hours, Δt:   0.73, CFL: 7.20e-01
i: 412500, t:  423528.7 s, ωt:  42.35 (6.74 periods), wall: 3.454 hours, Δt:   0.73, CFL: 7.20e-01
i: 412600, t:  423605.1 s, ωt:  42.36 (6.74 periods), wall: 3.455 hours, Δt:   0.74, CFL: 7.20e-01
i: 412700, t:  423674.1 s, ωt:  42.37 (6.74 periods), wall: 3.456 hours, Δt:   0.66, CFL: 7.20e-01
i: 412800, t:  423744.5 s, ωt:  42.37 (6.74 periods), wall: 3.456 hours, Δt:   0.72, CFL: 7.20e-01
i: 412900, t:  423811.5 s, ωt:  42.38 (6.75 periods), wall: 3.457 hours, Δt:   0.80, CFL: 7.20e-01
i: 413000, t:  423883.0 s, ωt:  42.39 (6.75 periods), wall: 3.458 hours, Δt:   0.72, CFL: 7.20e-01
i: 413100, t:  423954.1 s, ωt:  42.40 (6.75 periods), wall: 3.459 hours, Δt:   0.69, CFL: 7.20e-01
i: 413200, t:  424021.5 s, ωt:  42.40 (6.75 periods), wall: 3.460 hours, Δt:   0.72, CFL: 7.20e-01
i: 413300, t:  424095.0 s, ωt:  42.41 (6.75 periods), wall: 3.461 hours, Δt:   0.76, CFL: 7.20e-01
i: 413400, t:  424162.9 s, ωt:  42.42 (6.75 periods), wall: 3.461 hours, Δt:   0.70, CFL: 7.20e-01
i: 413500, t:  424235.3 s, ωt:  42.42 (6.75 periods), wall: 3.462 hours, Δt:   0.78, CFL: 7.20e-01
i: 413600, t:  424310.5 s, ωt:  42.43 (6.75 periods), wall: 3.463 hours, Δt:   0.66, CFL: 7.20e-01
i: 413700, t:  424372.4 s, ωt:  42.44 (6.75 periods), wall: 3.464 hours, Δt:   0.72, CFL: 7.20e-01
i: 413800, t:  424448.4 s, ωt:  42.44 (6.76 periods), wall: 3.465 hours, Δt:   0.74, CFL: 7.20e-01
i: 413900, t:  424523.4 s, ωt:  42.45 (6.76 periods), wall: 3.466 hours, Δt:   0.70, CFL: 7.20e-01
i: 414000, t:  424587.5 s, ωt:  42.46 (6.76 periods), wall: 3.466 hours, Δt:   0.63, CFL: 7.20e-01
i: 414100, t:  424648.5 s, ωt:  42.46 (6.76 periods), wall: 3.467 hours, Δt:   0.71, CFL: 7.20e-01
i: 414200, t:  424721.0 s, ωt:  42.47 (6.76 periods), wall: 3.468 hours, Δt:   0.70, CFL: 7.20e-01
i: 414300, t:  424788.6 s, ωt:  42.48 (6.76 periods), wall: 3.469 hours, Δt:   0.66, CFL: 7.20e-01
i: 414400, t:  424864.0 s, ωt:  42.49 (6.76 periods), wall: 3.470 hours, Δt:   0.80, CFL: 7.20e-01
i: 414500, t:  424937.9 s, ωt:  42.49 (6.76 periods), wall: 3.471 hours, Δt:   0.79, CFL: 7.20e-01
i: 414600, t:  425008.6 s, ωt:  42.50 (6.76 periods), wall: 3.471 hours, Δt:   0.72, CFL: 7.20e-01
i: 414700, t:  425083.3 s, ωt:  42.51 (6.77 periods), wall: 3.472 hours, Δt:   0.76, CFL: 7.20e-01
i: 414800, t:  425159.6 s, ωt:  42.52 (6.77 periods), wall: 3.473 hours, Δt:   0.69, CFL: 7.20e-01
i: 414900, t:  425226.7 s, ωt:  42.52 (6.77 periods), wall: 3.474 hours, Δt:   0.60, CFL: 7.20e-01
i: 415000, t:  425289.2 s, ωt:  42.53 (6.77 periods), wall: 3.475 hours, Δt:   0.70, CFL: 7.20e-01
i: 415100, t:  425365.1 s, ωt:  42.54 (6.77 periods), wall: 3.476 hours, Δt:   0.66, CFL: 7.20e-01
i: 415200, t:  425442.0 s, ωt:  42.54 (6.77 periods), wall: 3.476 hours, Δt:   0.74, CFL: 7.20e-01
i: 415300, t:  425513.5 s, ωt:  42.55 (6.77 periods), wall: 3.477 hours, Δt:   0.76, CFL: 7.20e-01
i: 415400, t:  425587.1 s, ωt:  42.56 (6.77 periods), wall: 3.478 hours, Δt:   0.74, CFL: 7.20e-01
i: 415500, t:  425661.6 s, ωt:  42.57 (6.77 periods), wall: 3.479 hours, Δt:   0.75, CFL: 7.20e-01
i: 415600, t:  425728.4 s, ωt:  42.57 (6.78 periods), wall: 3.480 hours, Δt:   0.58, CFL: 7.20e-01
i: 415700, t:  425797.5 s, ωt:  42.58 (6.78 periods), wall: 3.481 hours, Δt:   0.58, CFL: 7.20e-01
i: 415800, t:  425864.0 s, ωt:  42.59 (6.78 periods), wall: 3.481 hours, Δt:   0.79, CFL: 7.20e-01
i: 415900, t:  425939.3 s, ωt:  42.59 (6.78 periods), wall: 3.482 hours, Δt:   0.79, CFL: 7.20e-01
i: 416000, t:  426017.9 s, ωt:  42.60 (6.78 periods), wall: 3.483 hours, Δt:   0.82, CFL: 7.20e-01
i: 416100, t:  426097.1 s, ωt:  42.61 (6.78 periods), wall: 3.484 hours, Δt:   0.76, CFL: 7.20e-01
i: 416200, t:  426170.6 s, ωt:  42.62 (6.78 periods), wall: 3.485 hours, Δt:   0.79, CFL: 7.20e-01
i: 416300, t:  426248.6 s, ωt:  42.62 (6.78 periods), wall: 3.486 hours, Δt:   0.76, CFL: 7.20e-01
i: 416400, t:  426327.6 s, ωt:  42.63 (6.79 periods), wall: 3.486 hours, Δt:   0.63, CFL: 7.20e-01
i: 416500, t:  426395.7 s, ωt:  42.64 (6.79 periods), wall: 3.487 hours, Δt:   0.76, CFL: 7.20e-01
i: 416600, t:  426477.8 s, ωt:  42.65 (6.79 periods), wall: 3.488 hours, Δt:   0.72, CFL: 7.20e-01
i: 416700, t:  426554.4 s, ωt:  42.66 (6.79 periods), wall: 3.489 hours, Δt:   0.79, CFL: 7.20e-01
i: 416800, t:  426634.6 s, ωt:  42.66 (6.79 periods), wall: 3.490 hours, Δt:   0.79, CFL: 7.20e-01
i: 416900, t:  426715.3 s, ωt:  42.67 (6.79 periods), wall: 3.491 hours, Δt:   0.76, CFL: 7.20e-01
i: 417000, t:  426786.7 s, ωt:  42.68 (6.79 periods), wall: 3.491 hours, Δt:   0.86, CFL: 7.20e-01
i: 417100, t:  426864.8 s, ωt:  42.69 (6.79 periods), wall: 3.492 hours, Δt:   0.79, CFL: 7.20e-01
i: 417200, t:  426939.4 s, ωt:  42.69 (6.79 periods), wall: 3.493 hours, Δt:   0.81, CFL: 7.20e-01
i: 417300, t:  427010.1 s, ωt:  42.70 (6.80 periods), wall: 3.494 hours, Δt:   0.59, CFL: 7.20e-01
i: 417400, t:  427079.7 s, ωt:  42.71 (6.80 periods), wall: 3.495 hours, Δt:   0.67, CFL: 7.20e-01
i: 417500, t:  427147.6 s, ωt:  42.71 (6.80 periods), wall: 3.496 hours, Δt:   0.75, CFL: 7.20e-01
i: 417600, t:  427219.2 s, ωt:  42.72 (6.80 periods), wall: 3.496 hours, Δt:   0.76, CFL: 7.20e-01
i: 417700, t:  427297.3 s, ωt:  42.73 (6.80 periods), wall: 3.497 hours, Δt:   0.80, CFL: 7.20e-01
i: 417800, t:  427375.1 s, ωt:  42.74 (6.80 periods), wall: 3.498 hours, Δt:   0.82, CFL: 7.20e-01
i: 417900, t:  427451.7 s, ωt:  42.75 (6.80 periods), wall: 3.499 hours, Δt:   0.68, CFL: 7.20e-01
i: 418000, t:  427536.2 s, ωt:  42.75 (6.80 periods), wall: 3.500 hours, Δt:   0.90, CFL: 7.20e-01
i: 418100, t:  427625.5 s, ωt:  42.76 (6.81 periods), wall: 3.501 hours, Δt:   0.79, CFL: 7.20e-01
i: 418200, t:  427699.7 s, ωt:  42.77 (6.81 periods), wall: 3.501 hours, Δt:   0.78, CFL: 7.20e-01
i: 418300, t:  427771.5 s, ωt:  42.78 (6.81 periods), wall: 3.502 hours, Δt:   0.77, CFL: 7.20e-01
i: 418400, t:  427848.1 s, ωt:  42.78 (6.81 periods), wall: 3.503 hours, Δt:   0.80, CFL: 7.20e-01
i: 418500, t:  427927.8 s, ωt:  42.79 (6.81 periods), wall: 3.504 hours, Δt:   0.73, CFL: 7.20e-01
i: 418600, t:  428013.4 s, ωt:  42.80 (6.81 periods), wall: 3.505 hours, Δt:   0.85, CFL: 7.20e-01
i: 418700, t:  428100.2 s, ωt:  42.81 (6.81 periods), wall: 3.506 hours, Δt:   0.85, CFL: 7.20e-01
i: 418800, t:  428172.6 s, ωt:  42.82 (6.81 periods), wall: 3.506 hours, Δt:   0.93, CFL: 7.20e-01
i: 418900, t:  428253.9 s, ωt:  42.83 (6.82 periods), wall: 3.507 hours, Δt:   0.79, CFL: 7.20e-01
i: 419000, t:  428333.0 s, ωt:  42.83 (6.82 periods), wall: 3.508 hours, Δt:   0.76, CFL: 7.20e-01
i: 419100, t:  428410.9 s, ωt:  42.84 (6.82 periods), wall: 3.509 hours, Δt:   0.77, CFL: 7.20e-01
i: 419200, t:  428485.0 s, ωt:  42.85 (6.82 periods), wall: 3.510 hours, Δt:   0.68, CFL: 7.20e-01
i: 419300, t:  428552.8 s, ωt:  42.86 (6.82 periods), wall: 3.511 hours, Δt:   0.74, CFL: 7.20e-01
i: 419400, t:  428633.3 s, ωt:  42.86 (6.82 periods), wall: 3.511 hours, Δt:   0.85, CFL: 7.20e-01
i: 419500, t:  428717.5 s, ωt:  42.87 (6.82 periods), wall: 3.512 hours, Δt:   0.79, CFL: 7.20e-01
i: 419600, t:  428797.2 s, ωt:  42.88 (6.82 periods), wall: 3.513 hours, Δt:   0.81, CFL: 7.20e-01
i: 419700, t:  428879.7 s, ωt:  42.89 (6.83 periods), wall: 3.514 hours, Δt:   0.79, CFL: 7.20e-01
i: 419800, t:  428960.5 s, ωt:  42.90 (6.83 periods), wall: 3.515 hours, Δt:   0.79, CFL: 7.20e-01
i: 419900, t:  429039.5 s, ωt:  42.90 (6.83 periods), wall: 3.516 hours, Δt:   0.89, CFL: 7.20e-01
i: 420000, t:  429122.0 s, ωt:  42.91 (6.83 periods), wall: 3.516 hours, Δt:   0.79, CFL: 7.20e-01
i: 420100, t:  429202.2 s, ωt:  42.92 (6.83 periods), wall: 3.517 hours, Δt:   0.88, CFL: 7.20e-01
i: 420200, t:  429289.7 s, ωt:  42.93 (6.83 periods), wall: 3.518 hours, Δt:   0.88, CFL: 7.20e-01
i: 420300, t:  429382.6 s, ωt:  42.94 (6.83 periods), wall: 3.519 hours, Δt:   0.89, CFL: 7.20e-01
i: 420400, t:  429467.8 s, ωt:  42.95 (6.84 periods), wall: 3.520 hours, Δt:   0.77, CFL: 7.20e-01
i: 420500, t:  429561.1 s, ωt:  42.96 (6.84 periods), wall: 3.521 hours, Δt:   1.02, CFL: 7.20e-01
i: 420600, t:  429647.8 s, ωt:  42.96 (6.84 periods), wall: 3.521 hours, Δt:   0.81, CFL: 7.20e-01
i: 420700, t:  429726.3 s, ωt:  42.97 (6.84 periods), wall: 3.522 hours, Δt:   0.70, CFL: 7.20e-01
i: 420800, t:  429801.2 s, ωt:  42.98 (6.84 periods), wall: 3.523 hours, Δt:   0.78, CFL: 7.20e-01
i: 420900, t:  429883.3 s, ωt:  42.99 (6.84 periods), wall: 3.524 hours, Δt:   0.65, CFL: 7.20e-01
i: 421000, t:  429957.3 s, ωt:  43.00 (6.84 periods), wall: 3.525 hours, Δt:   0.90, CFL: 7.20e-01
i: 421100, t:  430040.5 s, ωt:  43.00 (6.84 periods), wall: 3.526 hours, Δt:   0.86, CFL: 7.20e-01
i: 421200, t:  430122.0 s, ωt:  43.01 (6.85 periods), wall: 3.526 hours, Δt:   0.78, CFL: 7.20e-01
i: 421300, t:  430206.9 s, ωt:  43.02 (6.85 periods), wall: 3.527 hours, Δt:   0.74, CFL: 7.20e-01
i: 421400, t:  430280.1 s, ωt:  43.03 (6.85 periods), wall: 3.528 hours, Δt:   0.67, CFL: 7.20e-01
i: 421500, t:  430348.9 s, ωt:  43.03 (6.85 periods), wall: 3.529 hours, Δt:   0.87, CFL: 7.20e-01
i: 421600, t:  430443.6 s, ωt:  43.04 (6.85 periods), wall: 3.530 hours, Δt:   0.72, CFL: 7.20e-01
i: 421700, t:  430527.1 s, ωt:  43.05 (6.85 periods), wall: 3.531 hours, Δt:   0.93, CFL: 7.20e-01
i: 421800, t:  430614.5 s, ωt:  43.06 (6.85 periods), wall: 3.531 hours, Δt:   0.80, CFL: 7.20e-01
i: 421900, t:  430710.4 s, ωt:  43.07 (6.85 periods), wall: 3.532 hours, Δt:   0.95, CFL: 7.20e-01
i: 422000, t:  430810.7 s, ωt:  43.08 (6.86 periods), wall: 3.533 hours, Δt:   1.08, CFL: 7.20e-01
i: 422100, t:  430906.7 s, ωt:  43.09 (6.86 periods), wall: 3.534 hours, Δt:   0.91, CFL: 7.20e-01
i: 422200, t:  431002.5 s, ωt:  43.10 (6.86 periods), wall: 3.535 hours, Δt:   0.95, CFL: 7.20e-01
i: 422300, t:  431100.2 s, ωt:  43.11 (6.86 periods), wall: 3.536 hours, Δt:   0.85, CFL: 7.20e-01
i: 422400, t:  431190.8 s, ωt:  43.12 (6.86 periods), wall: 3.537 hours, Δt:   0.95, CFL: 7.20e-01
i: 422500, t:  431296.2 s, ωt:  43.13 (6.86 periods), wall: 3.537 hours, Δt:   1.15, CFL: 7.20e-01
i: 422600, t:  431399.7 s, ωt:  43.14 (6.87 periods), wall: 3.538 hours, Δt:   1.14, CFL: 7.20e-01
i: 422700, t:  431504.9 s, ωt:  43.15 (6.87 periods), wall: 3.539 hours, Δt:   0.96, CFL: 7.20e-01
i: 422800, t:  431598.5 s, ωt:  43.16 (6.87 periods), wall: 3.540 hours, Δt:   0.93, CFL: 7.20e-01
i: 422900, t:  431695.2 s, ωt:  43.17 (6.87 periods), wall: 3.541 hours, Δt:   1.05, CFL: 7.20e-01
i: 423000, t:  431793.2 s, ωt:  43.18 (6.87 periods), wall: 3.542 hours, Δt:   1.03, CFL: 7.20e-01
i: 423100, t:  431895.0 s, ωt:  43.19 (6.87 periods), wall: 3.542 hours, Δt:   0.97, CFL: 7.20e-01
i: 423200, t:  431993.1 s, ωt:  43.20 (6.88 periods), wall: 3.543 hours, Δt:   0.95, CFL: 7.20e-01
i: 423300, t:  432094.5 s, ωt:  43.21 (6.88 periods), wall: 3.544 hours, Δt:   1.01, CFL: 7.20e-01
i: 423400, t:  432198.8 s, ωt:  43.22 (6.88 periods), wall: 3.545 hours, Δt:   0.86, CFL: 7.20e-01
i: 423500, t:  432291.1 s, ωt:  43.23 (6.88 periods), wall: 3.546 hours, Δt:   1.05, CFL: 7.20e-01
i: 423600, t:  432394.2 s, ωt:  43.24 (6.88 periods), wall: 3.547 hours, Δt:   1.13, CFL: 7.20e-01
i: 423700, t:  432499.3 s, ωt:  43.25 (6.88 periods), wall: 3.547 hours, Δt:   1.03, CFL: 7.20e-01
i: 423800, t:  432613.5 s, ωt:  43.26 (6.89 periods), wall: 3.548 hours, Δt:   1.19, CFL: 7.20e-01
i: 423900, t:  432727.3 s, ωt:  43.27 (6.89 periods), wall: 3.549 hours, Δt:   1.24, CFL: 7.20e-01
i: 424000, t:  432853.5 s, ωt:  43.29 (6.89 periods), wall: 3.550 hours, Δt:   1.34, CFL: 7.20e-01
i: 424100, t:  432976.7 s, ωt:  43.30 (6.89 periods), wall: 3.551 hours, Δt:   1.13, CFL: 7.20e-01
i: 424200, t:  433099.2 s, ωt:  43.31 (6.89 periods), wall: 3.552 hours, Δt:   1.13, CFL: 7.20e-01
i: 424300, t:  433221.4 s, ωt:  43.32 (6.89 periods), wall: 3.552 hours, Δt:   1.43, CFL: 7.20e-01
i: 424400, t:  433359.8 s, ωt:  43.34 (6.90 periods), wall: 3.553 hours, Δt:   1.46, CFL: 7.20e-01
i: 424500, t:  433495.4 s, ωt:  43.35 (6.90 periods), wall: 3.554 hours, Δt:   1.41, CFL: 7.20e-01
i: 424600, t:  433631.7 s, ωt:  43.36 (6.90 periods), wall: 3.555 hours, Δt:   1.10, CFL: 7.20e-01
i: 424700, t:  433748.2 s, ωt:  43.37 (6.90 periods), wall: 3.556 hours, Δt:   1.55, CFL: 7.20e-01
i: 424800, t:  433897.2 s, ωt:  43.39 (6.91 periods), wall: 3.557 hours, Δt:   1.48, CFL: 7.20e-01
i: 424900, t:  434033.3 s, ωt:  43.40 (6.91 periods), wall: 3.557 hours, Δt:   1.29, CFL: 7.20e-01
i: 425000, t:  434160.8 s, ωt:  43.42 (6.91 periods), wall: 3.558 hours, Δt:   0.98, CFL: 7.20e-01
i: 425100, t:  434265.7 s, ωt:  43.43 (6.91 periods), wall: 3.559 hours, Δt:   1.11, CFL: 7.20e-01
i: 425200, t:  434400.0 s, ωt:  43.44 (6.91 periods), wall: 3.560 hours, Δt:   1.50, CFL: 7.20e-01
i: 425300, t:  434553.1 s, ωt:  43.46 (6.92 periods), wall: 3.561 hours, Δt:   1.52, CFL: 7.20e-01
i: 425400, t:  434694.6 s, ωt:  43.47 (6.92 periods), wall: 3.562 hours, Δt:   1.37, CFL: 7.20e-01
i: 425500, t:  434818.3 s, ωt:  43.48 (6.92 periods), wall: 3.562 hours, Δt:   1.10, CFL: 7.20e-01
i: 425600, t:  434945.0 s, ωt:  43.49 (6.92 periods), wall: 3.563 hours, Δt:   1.21, CFL: 7.20e-01
i: 425700, t:  435091.6 s, ωt:  43.51 (6.92 periods), wall: 3.564 hours, Δt:   1.58, CFL: 7.20e-01
i: 425800, t:  435250.5 s, ωt:  43.53 (6.93 periods), wall: 3.565 hours, Δt:   1.42, CFL: 7.20e-01
i: 425900, t:  435410.3 s, ωt:  43.54 (6.93 periods), wall: 3.566 hours, Δt:   1.71, CFL: 7.20e-01
i: 426000, t:  435568.0 s, ωt:  43.56 (6.93 periods), wall: 3.567 hours, Δt:   1.56, CFL: 7.20e-01
i: 426100, t:  435734.0 s, ωt:  43.57 (6.93 periods), wall: 3.567 hours, Δt:   1.60, CFL: 7.20e-01
i: 426200, t:  435895.9 s, ωt:  43.59 (6.94 periods), wall: 3.568 hours, Δt:   1.86, CFL: 6.97e-01
i: 426300, t:  436087.0 s, ωt:  43.61 (6.94 periods), wall: 3.569 hours, Δt:   2.05, CFL: 7.20e-01
i: 426400, t:  436286.0 s, ωt:  43.63 (6.94 periods), wall: 3.570 hours, Δt:   1.57, CFL: 7.20e-01
i: 426500, t:  436464.2 s, ωt:  43.65 (6.95 periods), wall: 3.571 hours, Δt:   1.65, CFL: 7.20e-01
i: 426600, t:  436647.3 s, ωt:  43.66 (6.95 periods), wall: 3.572 hours, Δt:   2.26, CFL: 7.20e-01
i: 426700, t:  436886.3 s, ωt:  43.69 (6.95 periods), wall: 3.572 hours, Δt:   2.28, CFL: 7.20e-01
i: 426800, t:  437144.5 s, ωt:  43.71 (6.96 periods), wall: 3.573 hours, Δt:   2.40, CFL: 7.20e-01
i: 426900, t:  437416.1 s, ωt:  43.74 (6.96 periods), wall: 3.574 hours, Δt:   3.22, CFL: 7.20e-01
i: 427000, t:  437760.1 s, ωt:  43.78 (6.97 periods), wall: 3.575 hours, Δt:   3.69, CFL: 7.20e-01
i: 427100, t:  438141.4 s, ωt:  43.81 (6.97 periods), wall: 3.576 hours, Δt:   3.38, CFL: 7.20e-01
i: 427200, t:  438468.8 s, ωt:  43.85 (6.98 periods), wall: 3.577 hours, Δt:   3.29, CFL: 7.20e-01
i: 427300, t:  438833.3 s, ωt:  43.88 (6.98 periods), wall: 3.578 hours, Δt:   4.02, CFL: 7.20e-01
i: 427400, t:  439194.7 s, ωt:  43.92 (6.99 periods), wall: 3.578 hours, Δt:   3.13, CFL: 7.20e-01
i: 427500, t:  439518.4 s, ωt:  43.95 (7.00 periods), wall: 3.579 hours, Δt:   3.45, CFL: 7.20e-01
i: 427600, t:  439841.3 s, ωt:  43.98 (7.00 periods), wall: 3.580 hours, Δt:   3.11, CFL: 7.20e-01
i: 427700, t:  440161.5 s, ωt:  44.02 (7.01 periods), wall: 3.581 hours, Δt:   2.77, CFL: 7.20e-01
i: 427800, t:  440437.1 s, ωt:  44.04 (7.01 periods), wall: 3.582 hours, Δt:   2.66, CFL: 7.20e-01
i: 427900, t:  440714.4 s, ωt:  44.07 (7.01 periods), wall: 3.583 hours, Δt:   3.08, CFL: 7.20e-01
i: 428000, t:  441015.4 s, ωt:  44.10 (7.02 periods), wall: 3.583 hours, Δt:   2.96, CFL: 7.20e-01
i: 428100, t:  441288.7 s, ωt:  44.13 (7.02 periods), wall: 3.584 hours, Δt:   2.85, CFL: 7.20e-01
i: 428200, t:  441563.5 s, ωt:  44.16 (7.03 periods), wall: 3.585 hours, Δt:   2.69, CFL: 7.20e-01
i: 428300, t:  441808.0 s, ωt:  44.18 (7.03 periods), wall: 3.586 hours, Δt:   2.10, CFL: 7.20e-01
i: 428400, t:  441989.2 s, ωt:  44.20 (7.03 periods), wall: 3.587 hours, Δt:   1.90, CFL: 7.20e-01
i: 428500, t:  442164.2 s, ωt:  44.22 (7.04 periods), wall: 3.588 hours, Δt:   1.58, CFL: 7.20e-01
i: 428600, t:  442313.7 s, ωt:  44.23 (7.04 periods), wall: 3.588 hours, Δt:   1.74, CFL: 7.20e-01
i: 428700, t:  442489.9 s, ωt:  44.25 (7.04 periods), wall: 3.589 hours, Δt:   1.79, CFL: 7.20e-01
i: 428800, t:  442661.0 s, ωt:  44.27 (7.05 periods), wall: 3.590 hours, Δt:   1.46, CFL: 7.20e-01
i: 428900, t:  442809.3 s, ωt:  44.28 (7.05 periods), wall: 3.591 hours, Δt:   1.60, CFL: 7.20e-01
i: 429000, t:  442973.7 s, ωt:  44.30 (7.05 periods), wall: 3.592 hours, Δt:   1.37, CFL: 7.20e-01
i: 429100, t:  443104.2 s, ωt:  44.31 (7.05 periods), wall: 3.593 hours, Δt:   1.56, CFL: 7.20e-01
i: 429200, t:  443260.2 s, ωt:  44.33 (7.05 periods), wall: 3.594 hours, Δt:   1.61, CFL: 7.20e-01
i: 429300, t:  443413.3 s, ωt:  44.34 (7.06 periods), wall: 3.594 hours, Δt:   1.47, CFL: 7.20e-01
i: 429400, t:  443553.2 s, ωt:  44.36 (7.06 periods), wall: 3.595 hours, Δt:   1.36, CFL: 7.20e-01
i: 429500, t:  443685.6 s, ωt:  44.37 (7.06 periods), wall: 3.596 hours, Δt:   1.45, CFL: 7.20e-01
i: 429600, t:  443820.4 s, ωt:  44.38 (7.06 periods), wall: 3.597 hours, Δt:   1.15, CFL: 7.20e-01
i: 429700, t:  443947.4 s, ωt:  44.39 (7.07 periods), wall: 3.598 hours, Δt:   1.17, CFL: 7.20e-01
i: 429800, t:  444082.9 s, ωt:  44.41 (7.07 periods), wall: 3.599 hours, Δt:   1.47, CFL: 7.20e-01
i: 429900, t:  444220.9 s, ωt:  44.42 (7.07 periods), wall: 3.599 hours, Δt:   1.27, CFL: 7.20e-01
i: 430000, t:  444351.4 s, ωt:  44.44 (7.07 periods), wall: 3.600 hours, Δt:   1.32, CFL: 7.20e-01
i: 430100, t:  444472.6 s, ωt:  44.45 (7.07 periods), wall: 3.601 hours, Δt:   1.14, CFL: 7.20e-01
i: 430200, t:  444586.9 s, ωt:  44.46 (7.08 periods), wall: 3.602 hours, Δt:   1.18, CFL: 7.20e-01
i: 430300, t:  444717.8 s, ωt:  44.47 (7.08 periods), wall: 3.603 hours, Δt:   1.13, CFL: 7.20e-01
i: 430400, t:  444827.8 s, ωt:  44.48 (7.08 periods), wall: 3.604 hours, Δt:   1.26, CFL: 7.20e-01
i: 430500, t:  444949.7 s, ωt:  44.49 (7.08 periods), wall: 3.604 hours, Δt:   1.26, CFL: 7.20e-01
i: 430600, t:  445073.8 s, ωt:  44.51 (7.08 periods), wall: 3.605 hours, Δt:   1.19, CFL: 7.20e-01
i: 430700, t:  445188.6 s, ωt:  44.52 (7.09 periods), wall: 3.606 hours, Δt:   1.12, CFL: 7.20e-01
i: 430800, t:  445310.3 s, ωt:  44.53 (7.09 periods), wall: 3.607 hours, Δt:   1.22, CFL: 7.20e-01
i: 430900, t:  445432.1 s, ωt:  44.54 (7.09 periods), wall: 3.608 hours, Δt:   1.20, CFL: 7.20e-01
i: 431000, t:  445547.3 s, ωt:  44.55 (7.09 periods), wall: 3.609 hours, Δt:   1.15, CFL: 7.20e-01
i: 431100, t:  445660.0 s, ωt:  44.57 (7.09 periods), wall: 3.609 hours, Δt:   1.13, CFL: 7.20e-01
i: 431200, t:  445772.4 s, ωt:  44.58 (7.09 periods), wall: 3.610 hours, Δt:   1.05, CFL: 7.20e-01
i: 431300, t:  445887.7 s, ωt:  44.59 (7.10 periods), wall: 3.611 hours, Δt:   1.16, CFL: 7.20e-01
i: 431400, t:  446002.0 s, ωt:  44.60 (7.10 periods), wall: 3.612 hours, Δt:   1.21, CFL: 7.20e-01
i: 431500, t:  446107.9 s, ωt:  44.61 (7.10 periods), wall: 3.613 hours, Δt:   0.96, CFL: 7.20e-01
i: 431600, t:  446208.3 s, ωt:  44.62 (7.10 periods), wall: 3.614 hours, Δt:   0.92, CFL: 7.20e-01
i: 431700, t:  446310.9 s, ωt:  44.63 (7.10 periods), wall: 3.614 hours, Δt:   1.15, CFL: 7.20e-01
i: 431800, t:  446410.6 s, ωt:  44.64 (7.10 periods), wall: 3.615 hours, Δt:   0.87, CFL: 7.20e-01
i: 431900, t:  446508.5 s, ωt:  44.65 (7.11 periods), wall: 3.616 hours, Δt:   0.93, CFL: 7.20e-01
i: 432000, t:  446607.6 s, ωt:  44.66 (7.11 periods), wall: 3.617 hours, Δt:   0.97, CFL: 7.20e-01
i: 432100, t:  446708.4 s, ωt:  44.67 (7.11 periods), wall: 3.618 hours, Δt:   0.98, CFL: 7.20e-01
i: 432200, t:  446807.5 s, ωt:  44.68 (7.11 periods), wall: 3.619 hours, Δt:   0.99, CFL: 7.20e-01
i: 432300, t:  446900.1 s, ωt:  44.69 (7.11 periods), wall: 3.619 hours, Δt:   0.97, CFL: 7.20e-01
i: 432400, t:  446997.5 s, ωt:  44.70 (7.11 periods), wall: 3.620 hours, Δt:   0.98, CFL: 7.20e-01
i: 432500, t:  447088.2 s, ωt:  44.71 (7.12 periods), wall: 3.621 hours, Δt:   0.93, CFL: 7.20e-01
i: 432600, t:  447179.8 s, ωt:  44.72 (7.12 periods), wall: 3.622 hours, Δt:   1.00, CFL: 7.20e-01
i: 432700, t:  447277.1 s, ωt:  44.73 (7.12 periods), wall: 3.623 hours, Δt:   0.92, CFL: 7.20e-01
i: 432800, t:  447353.8 s, ωt:  44.74 (7.12 periods), wall: 3.624 hours, Δt:   0.85, CFL: 7.20e-01
i: 432900, t:  447449.1 s, ωt:  44.74 (7.12 periods), wall: 3.624 hours, Δt:   0.81, CFL: 7.20e-01
i: 433000, t:  447535.1 s, ωt:  44.75 (7.12 periods), wall: 3.625 hours, Δt:   0.82, CFL: 7.20e-01
i: 433100, t:  447619.8 s, ωt:  44.76 (7.12 periods), wall: 3.626 hours, Δt:   0.89, CFL: 7.20e-01
i: 433200, t:  447709.3 s, ωt:  44.77 (7.13 periods), wall: 3.627 hours, Δt:   0.99, CFL: 7.20e-01
i: 433300, t:  447793.5 s, ωt:  44.78 (7.13 periods), wall: 3.628 hours, Δt:   0.74, CFL: 7.20e-01
i: 433400, t:  447878.2 s, ωt:  44.79 (7.13 periods), wall: 3.629 hours, Δt:   1.01, CFL: 7.20e-01
i: 433500, t:  447966.0 s, ωt:  44.80 (7.13 periods), wall: 3.629 hours, Δt:   0.91, CFL: 7.20e-01
i: 433600, t:  448055.4 s, ωt:  44.81 (7.13 periods), wall: 3.630 hours, Δt:   0.92, CFL: 7.20e-01
i: 433700, t:  448142.5 s, ωt:  44.81 (7.13 periods), wall: 3.631 hours, Δt:   0.87, CFL: 7.20e-01
i: 433800, t:  448234.8 s, ωt:  44.82 (7.13 periods), wall: 3.632 hours, Δt:   0.88, CFL: 7.20e-01
i: 433900, t:  448313.4 s, ωt:  44.83 (7.14 periods), wall: 3.633 hours, Δt:   0.87, CFL: 7.20e-01
i: 434000, t:  448393.5 s, ωt:  44.84 (7.14 periods), wall: 3.634 hours, Δt:   0.84, CFL: 7.20e-01
i: 434100, t:  448474.7 s, ωt:  44.85 (7.14 periods), wall: 3.634 hours, Δt:   0.86, CFL: 7.20e-01
i: 434200, t:  448562.3 s, ωt:  44.86 (7.14 periods), wall: 3.635 hours, Δt:   0.95, CFL: 7.20e-01
i: 434300, t:  448648.4 s, ωt:  44.86 (7.14 periods), wall: 3.636 hours, Δt:   0.89, CFL: 7.20e-01
i: 434400, t:  448730.0 s, ωt:  44.87 (7.14 periods), wall: 3.637 hours, Δt:   0.75, CFL: 7.20e-01
i: 434500, t:  448818.4 s, ωt:  44.88 (7.14 periods), wall: 3.638 hours, Δt:   0.89, CFL: 7.20e-01
i: 434600, t:  448900.3 s, ωt:  44.89 (7.14 periods), wall: 3.639 hours, Δt:   0.79, CFL: 7.20e-01
i: 434700, t:  448985.2 s, ωt:  44.90 (7.15 periods), wall: 3.639 hours, Δt:   0.82, CFL: 7.20e-01
i: 434800, t:  449067.0 s, ωt:  44.91 (7.15 periods), wall: 3.640 hours, Δt:   0.77, CFL: 7.20e-01
i: 434900, t:  449151.8 s, ωt:  44.92 (7.15 periods), wall: 3.641 hours, Δt:   0.79, CFL: 7.20e-01
i: 435000, t:  449236.6 s, ωt:  44.92 (7.15 periods), wall: 3.642 hours, Δt:   0.86, CFL: 7.20e-01
i: 435100, t:  449320.7 s, ωt:  44.93 (7.15 periods), wall: 3.643 hours, Δt:   0.79, CFL: 7.20e-01
i: 435200, t:  449397.8 s, ωt:  44.94 (7.15 periods), wall: 3.644 hours, Δt:   0.77, CFL: 7.20e-01
i: 435300, t:  449479.1 s, ωt:  44.95 (7.15 periods), wall: 3.644 hours, Δt:   0.82, CFL: 7.20e-01
i: 435400, t:  449553.3 s, ωt:  44.96 (7.15 periods), wall: 3.645 hours, Δt:   0.73, CFL: 7.20e-01
i: 435500, t:  449633.6 s, ωt:  44.96 (7.16 periods), wall: 3.646 hours, Δt:   0.90, CFL: 7.20e-01
i: 435600, t:  449721.7 s, ωt:  44.97 (7.16 periods), wall: 3.647 hours, Δt:   0.89, CFL: 7.20e-01
i: 435700, t:  449809.6 s, ωt:  44.98 (7.16 periods), wall: 3.648 hours, Δt:   0.83, CFL: 7.20e-01
i: 435800, t:  449888.8 s, ωt:  44.99 (7.16 periods), wall: 3.649 hours, Δt:   0.82, CFL: 7.20e-01
i: 435900, t:  449960.5 s, ωt:  45.00 (7.16 periods), wall: 3.649 hours, Δt:   0.66, CFL: 7.20e-01
i: 436000, t:  450032.2 s, ωt:  45.00 (7.16 periods), wall: 3.650 hours, Δt:   0.82, CFL: 7.20e-01
i: 436100, t:  450096.7 s, ωt:  45.01 (7.16 periods), wall: 3.651 hours, Δt:   0.63, CFL: 7.20e-01
i: 436200, t:  450169.3 s, ωt:  45.02 (7.16 periods), wall: 3.652 hours, Δt:   0.59, CFL: 7.20e-01
i: 436300, t:  450239.7 s, ωt:  45.02 (7.17 periods), wall: 3.653 hours, Δt:   0.84, CFL: 7.20e-01
i: 436400, t:  450323.7 s, ωt:  45.03 (7.17 periods), wall: 3.654 hours, Δt:   0.75, CFL: 7.20e-01
i: 436500, t:  450393.4 s, ωt:  45.04 (7.17 periods), wall: 3.654 hours, Δt:   0.74, CFL: 7.20e-01
i: 436600, t:  450471.0 s, ωt:  45.05 (7.17 periods), wall: 3.655 hours, Δt:   0.82, CFL: 7.20e-01
i: 436700, t:  450547.8 s, ωt:  45.05 (7.17 periods), wall: 3.656 hours, Δt:   0.79, CFL: 7.20e-01
i: 436800, t:  450623.2 s, ωt:  45.06 (7.17 periods), wall: 3.657 hours, Δt:   0.70, CFL: 7.20e-01
i: 436900, t:  450700.1 s, ωt:  45.07 (7.17 periods), wall: 3.658 hours, Δt:   0.73, CFL: 7.20e-01
i: 437000, t:  450777.1 s, ωt:  45.08 (7.17 periods), wall: 3.659 hours, Δt:   0.77, CFL: 7.20e-01
i: 437100, t:  450853.9 s, ωt:  45.09 (7.18 periods), wall: 3.659 hours, Δt:   0.81, CFL: 7.20e-01
i: 437200, t:  450928.1 s, ωt:  45.09 (7.18 periods), wall: 3.660 hours, Δt:   0.76, CFL: 7.20e-01
i: 437300, t:  451006.8 s, ωt:  45.10 (7.18 periods), wall: 3.661 hours, Δt:   0.82, CFL: 7.20e-01
i: 437400, t:  451076.2 s, ωt:  45.11 (7.18 periods), wall: 3.662 hours, Δt:   0.58, CFL: 7.20e-01
i: 437500, t:  451151.9 s, ωt:  45.12 (7.18 periods), wall: 3.663 hours, Δt:   0.65, CFL: 7.20e-01
i: 437600, t:  451213.9 s, ωt:  45.12 (7.18 periods), wall: 3.664 hours, Δt:   0.66, CFL: 7.20e-01
i: 437700, t:  451287.6 s, ωt:  45.13 (7.18 periods), wall: 3.664 hours, Δt:   0.67, CFL: 7.20e-01
i: 437800, t:  451363.0 s, ωt:  45.14 (7.18 periods), wall: 3.665 hours, Δt:   0.85, CFL: 7.20e-01
i: 437900, t:  451437.9 s, ωt:  45.14 (7.18 periods), wall: 3.666 hours, Δt:   0.68, CFL: 7.20e-01
i: 438000, t:  451506.9 s, ωt:  45.15 (7.19 periods), wall: 3.667 hours, Δt:   0.83, CFL: 7.20e-01
i: 438100, t:  451583.2 s, ωt:  45.16 (7.19 periods), wall: 3.668 hours, Δt:   0.69, CFL: 7.20e-01
i: 438200, t:  451653.7 s, ωt:  45.17 (7.19 periods), wall: 3.669 hours, Δt:   0.72, CFL: 7.20e-01
i: 438300, t:  451723.8 s, ωt:  45.17 (7.19 periods), wall: 3.669 hours, Δt:   0.58, CFL: 7.20e-01
i: 438400, t:  451783.1 s, ωt:  45.18 (7.19 periods), wall: 3.670 hours, Δt:   0.69, CFL: 7.20e-01
i: 438500, t:  451854.9 s, ωt:  45.19 (7.19 periods), wall: 3.671 hours, Δt:   0.64, CFL: 7.20e-01
i: 438600, t:  451924.1 s, ωt:  45.19 (7.19 periods), wall: 3.672 hours, Δt:   0.67, CFL: 7.20e-01
i: 438700, t:  451997.3 s, ωt:  45.20 (7.19 periods), wall: 3.673 hours, Δt:   0.78, CFL: 7.20e-01
i: 438800, t:  452070.1 s, ωt:  45.21 (7.19 periods), wall: 3.674 hours, Δt:   0.85, CFL: 7.20e-01
i: 438900, t:  452141.0 s, ωt:  45.21 (7.20 periods), wall: 3.674 hours, Δt:   0.63, CFL: 7.20e-01
i: 439000, t:  452212.1 s, ωt:  45.22 (7.20 periods), wall: 3.675 hours, Δt:   0.71, CFL: 7.20e-01
i: 439100, t:  452284.1 s, ωt:  45.23 (7.20 periods), wall: 3.676 hours, Δt:   0.70, CFL: 7.20e-01
i: 439200, t:  452354.1 s, ωt:  45.24 (7.20 periods), wall: 3.677 hours, Δt:   0.62, CFL: 7.20e-01
i: 439300, t:  452427.7 s, ωt:  45.24 (7.20 periods), wall: 3.678 hours, Δt:   0.82, CFL: 7.20e-01
i: 439400, t:  452501.1 s, ωt:  45.25 (7.20 periods), wall: 3.679 hours, Δt:   0.78, CFL: 7.20e-01
i: 439500, t:  452575.9 s, ωt:  45.26 (7.20 periods), wall: 3.679 hours, Δt:   0.72, CFL: 7.20e-01
i: 439600, t:  452641.6 s, ωt:  45.26 (7.20 periods), wall: 3.680 hours, Δt:   0.78, CFL: 7.20e-01
i: 439700, t:  452715.8 s, ωt:  45.27 (7.21 periods), wall: 3.681 hours, Δt:   0.79, CFL: 7.20e-01
i: 439800, t:  452791.7 s, ωt:  45.28 (7.21 periods), wall: 3.682 hours, Δt:   0.68, CFL: 7.20e-01
i: 439900, t:  452853.8 s, ωt:  45.29 (7.21 periods), wall: 3.683 hours, Δt:   0.57, CFL: 7.20e-01
i: 440000, t:  452924.2 s, ωt:  45.29 (7.21 periods), wall: 3.684 hours, Δt:   0.70, CFL: 7.20e-01
i: 440100, t:  452996.4 s, ωt:  45.30 (7.21 periods), wall: 3.684 hours, Δt:   0.77, CFL: 7.20e-01
i: 440200, t:  453064.1 s, ωt:  45.31 (7.21 periods), wall: 3.685 hours, Δt:   0.67, CFL: 7.20e-01
i: 440300, t:  453138.6 s, ωt:  45.31 (7.21 periods), wall: 3.686 hours, Δt:   0.73, CFL: 7.20e-01
i: 440400, t:  453209.0 s, ωt:  45.32 (7.21 periods), wall: 3.687 hours, Δt:   0.73, CFL: 7.20e-01
i: 440500, t:  453275.2 s, ωt:  45.33 (7.21 periods), wall: 3.688 hours, Δt:   0.59, CFL: 7.20e-01
i: 440600, t:  453334.7 s, ωt:  45.33 (7.22 periods), wall: 3.689 hours, Δt:   0.59, CFL: 7.20e-01
i: 440700, t:  453400.0 s, ωt:  45.34 (7.22 periods), wall: 3.689 hours, Δt:   0.69, CFL: 7.20e-01
i: 440800, t:  453462.3 s, ωt:  45.35 (7.22 periods), wall: 3.690 hours, Δt:   0.72, CFL: 7.20e-01
i: 440900, t:  453533.4 s, ωt:  45.35 (7.22 periods), wall: 3.691 hours, Δt:   0.73, CFL: 7.20e-01
i: 441000, t:  453605.1 s, ωt:  45.36 (7.22 periods), wall: 3.692 hours, Δt:   0.66, CFL: 7.20e-01
i: 441100, t:  453672.5 s, ωt:  45.37 (7.22 periods), wall: 3.693 hours, Δt:   0.63, CFL: 7.20e-01
i: 441200, t:  453739.3 s, ωt:  45.37 (7.22 periods), wall: 3.694 hours, Δt:   0.74, CFL: 7.20e-01
i: 441300, t:  453809.5 s, ωt:  45.38 (7.22 periods), wall: 3.694 hours, Δt:   0.74, CFL: 7.20e-01
i: 441400, t:  453880.1 s, ωt:  45.39 (7.22 periods), wall: 3.695 hours, Δt:   0.80, CFL: 7.20e-01
i: 441500, t:  453957.3 s, ωt:  45.40 (7.22 periods), wall: 3.696 hours, Δt:   0.72, CFL: 7.20e-01
i: 441600, t:  454028.6 s, ωt:  45.40 (7.23 periods), wall: 3.697 hours, Δt:   0.65, CFL: 7.20e-01
i: 441700, t:  454102.4 s, ωt:  45.41 (7.23 periods), wall: 3.698 hours, Δt:   0.64, CFL: 7.20e-01
i: 441800, t:  454176.0 s, ωt:  45.42 (7.23 periods), wall: 3.699 hours, Δt:   0.84, CFL: 7.20e-01
i: 441900, t:  454248.4 s, ωt:  45.42 (7.23 periods), wall: 3.699 hours, Δt:   0.69, CFL: 7.20e-01
i: 442000, t:  454315.3 s, ωt:  45.43 (7.23 periods), wall: 3.700 hours, Δt:   0.63, CFL: 7.20e-01
i: 442100, t:  454384.8 s, ωt:  45.44 (7.23 periods), wall: 3.701 hours, Δt:   0.72, CFL: 7.20e-01
i: 442200, t:  454458.1 s, ωt:  45.45 (7.23 periods), wall: 3.702 hours, Δt:   0.85, CFL: 7.20e-01
i: 442300, t:  454522.7 s, ωt:  45.45 (7.23 periods), wall: 3.703 hours, Δt:   0.62, CFL: 7.20e-01
i: 442400, t:  454593.6 s, ωt:  45.46 (7.24 periods), wall: 3.704 hours, Δt:   0.71, CFL: 7.20e-01
i: 442500, t:  454665.0 s, ωt:  45.47 (7.24 periods), wall: 3.704 hours, Δt:   0.73, CFL: 7.20e-01
i: 442600, t:  454736.9 s, ωt:  45.47 (7.24 periods), wall: 3.705 hours, Δt:   0.64, CFL: 7.20e-01
i: 442700, t:  454810.8 s, ωt:  45.48 (7.24 periods), wall: 3.706 hours, Δt:   0.78, CFL: 7.20e-01
i: 442800, t:  454886.2 s, ωt:  45.49 (7.24 periods), wall: 3.707 hours, Δt:   0.63, CFL: 7.20e-01
i: 442900, t:  454956.1 s, ωt:  45.50 (7.24 periods), wall: 3.708 hours, Δt:   0.81, CFL: 7.20e-01
i: 443000, t:  455027.2 s, ωt:  45.50 (7.24 periods), wall: 3.709 hours, Δt:   0.61, CFL: 7.20e-01
i: 443100, t:  455090.8 s, ωt:  45.51 (7.24 periods), wall: 3.709 hours, Δt:   0.67, CFL: 7.20e-01
i: 443200, t:  455161.2 s, ωt:  45.52 (7.24 periods), wall: 3.710 hours, Δt:   0.76, CFL: 7.20e-01
i: 443300, t:  455229.9 s, ωt:  45.52 (7.25 periods), wall: 3.711 hours, Δt:   0.64, CFL: 7.20e-01
i: 443400, t:  455297.2 s, ωt:  45.53 (7.25 periods), wall: 3.712 hours, Δt:   0.74, CFL: 7.20e-01
i: 443500, t:  455365.1 s, ωt:  45.54 (7.25 periods), wall: 3.713 hours, Δt:   0.75, CFL: 7.20e-01
i: 443600, t:  455435.5 s, ωt:  45.54 (7.25 periods), wall: 3.714 hours, Δt:   0.68, CFL: 7.20e-01
i: 443700, t:  455504.3 s, ωt:  45.55 (7.25 periods), wall: 3.714 hours, Δt:   0.68, CFL: 7.20e-01
i: 443800, t:  455577.7 s, ωt:  45.56 (7.25 periods), wall: 3.715 hours, Δt:   0.79, CFL: 7.20e-01
i: 443900, t:  455652.3 s, ωt:  45.57 (7.25 periods), wall: 3.716 hours, Δt:   0.75, CFL: 7.20e-01
i: 444000, t:  455725.6 s, ωt:  45.57 (7.25 periods), wall: 3.717 hours, Δt:   0.73, CFL: 7.20e-01
i: 444100, t:  455798.2 s, ωt:  45.58 (7.25 periods), wall: 3.718 hours, Δt:   0.57, CFL: 7.20e-01
i: 444200, t:  455867.6 s, ωt:  45.59 (7.26 periods), wall: 3.719 hours, Δt:   0.75, CFL: 7.20e-01
i: 444300, t:  455941.4 s, ωt:  45.59 (7.26 periods), wall: 3.719 hours, Δt:   0.71, CFL: 7.20e-01
i: 444400, t:  456011.9 s, ωt:  45.60 (7.26 periods), wall: 3.720 hours, Δt:   0.73, CFL: 7.20e-01
i: 444500, t:  456087.5 s, ωt:  45.61 (7.26 periods), wall: 3.721 hours, Δt:   0.76, CFL: 7.20e-01
i: 444600, t:  456155.8 s, ωt:  45.62 (7.26 periods), wall: 3.722 hours, Δt:   0.77, CFL: 7.20e-01
i: 444700, t:  456227.2 s, ωt:  45.62 (7.26 periods), wall: 3.723 hours, Δt:   0.72, CFL: 7.20e-01
i: 444800, t:  456294.3 s, ωt:  45.63 (7.26 periods), wall: 3.724 hours, Δt:   0.76, CFL: 7.20e-01
i: 444900, t:  456365.4 s, ωt:  45.64 (7.26 periods), wall: 3.724 hours, Δt:   0.68, CFL: 7.20e-01
i: 445000, t:  456433.6 s, ωt:  45.64 (7.26 periods), wall: 3.725 hours, Δt:   0.63, CFL: 7.20e-01
i: 445100, t:  456508.6 s, ωt:  45.65 (7.27 periods), wall: 3.726 hours, Δt:   0.82, CFL: 7.20e-01
i: 445200, t:  456584.6 s, ωt:  45.66 (7.27 periods), wall: 3.727 hours, Δt:   0.69, CFL: 7.20e-01
i: 445300, t:  456647.6 s, ωt:  45.66 (7.27 periods), wall: 3.728 hours, Δt:   0.74, CFL: 7.20e-01
i: 445400, t:  456721.1 s, ωt:  45.67 (7.27 periods), wall: 3.729 hours, Δt:   0.54, CFL: 7.20e-01
i: 445500, t:  456793.7 s, ωt:  45.68 (7.27 periods), wall: 3.729 hours, Δt:   0.85, CFL: 7.20e-01
i: 445600, t:  456873.4 s, ωt:  45.69 (7.27 periods), wall: 3.730 hours, Δt:   0.68, CFL: 7.20e-01
i: 445700, t:  456944.4 s, ωt:  45.69 (7.27 periods), wall: 3.731 hours, Δt:   0.75, CFL: 7.20e-01
i: 445800, t:  457016.7 s, ωt:  45.70 (7.27 periods), wall: 3.732 hours, Δt:   0.77, CFL: 7.20e-01
i: 445900, t:  457097.6 s, ωt:  45.71 (7.27 periods), wall: 3.733 hours, Δt:   0.79, CFL: 7.20e-01
i: 446000, t:  457173.0 s, ωt:  45.72 (7.28 periods), wall: 3.734 hours, Δt:   0.72, CFL: 7.20e-01
i: 446100, t:  457250.7 s, ωt:  45.73 (7.28 periods), wall: 3.734 hours, Δt:   0.74, CFL: 7.20e-01
i: 446200, t:  457332.0 s, ωt:  45.73 (7.28 periods), wall: 3.735 hours, Δt:   0.82, CFL: 7.20e-01
i: 446300, t:  457408.7 s, ωt:  45.74 (7.28 periods), wall: 3.736 hours, Δt:   0.82, CFL: 7.20e-01
i: 446400, t:  457483.0 s, ωt:  45.75 (7.28 periods), wall: 3.737 hours, Δt:   0.67, CFL: 7.20e-01
i: 446500, t:  457549.3 s, ωt:  45.75 (7.28 periods), wall: 3.738 hours, Δt:   0.73, CFL: 7.20e-01
i: 446600, t:  457627.6 s, ωt:  45.76 (7.28 periods), wall: 3.739 hours, Δt:   0.84, CFL: 7.20e-01
i: 446700, t:  457704.3 s, ωt:  45.77 (7.28 periods), wall: 3.739 hours, Δt:   0.72, CFL: 7.20e-01
i: 446800, t:  457778.8 s, ωt:  45.78 (7.29 periods), wall: 3.740 hours, Δt:   0.72, CFL: 7.20e-01
i: 446900, t:  457856.2 s, ωt:  45.79 (7.29 periods), wall: 3.741 hours, Δt:   0.83, CFL: 7.20e-01
i: 447000, t:  457933.0 s, ωt:  45.79 (7.29 periods), wall: 3.742 hours, Δt:   0.72, CFL: 7.20e-01
i: 447100, t:  458004.8 s, ωt:  45.80 (7.29 periods), wall: 3.743 hours, Δt:   0.79, CFL: 7.20e-01
i: 447200, t:  458089.4 s, ωt:  45.81 (7.29 periods), wall: 3.744 hours, Δt:   0.87, CFL: 7.20e-01
i: 447300, t:  458173.2 s, ωt:  45.82 (7.29 periods), wall: 3.744 hours, Δt:   0.86, CFL: 7.20e-01
i: 447400, t:  458259.5 s, ωt:  45.83 (7.29 periods), wall: 3.745 hours, Δt:   0.89, CFL: 7.20e-01
i: 447500, t:  458350.6 s, ωt:  45.84 (7.29 periods), wall: 3.746 hours, Δt:   0.80, CFL: 7.20e-01
i: 447600, t:  458436.8 s, ωt:  45.84 (7.30 periods), wall: 3.747 hours, Δt:   0.76, CFL: 7.20e-01
i: 447700, t:  458518.9 s, ωt:  45.85 (7.30 periods), wall: 3.748 hours, Δt:   0.87, CFL: 7.20e-01
i: 447800, t:  458594.6 s, ωt:  45.86 (7.30 periods), wall: 3.749 hours, Δt:   0.82, CFL: 7.20e-01
i: 447900, t:  458670.6 s, ωt:  45.87 (7.30 periods), wall: 3.749 hours, Δt:   0.76, CFL: 7.20e-01
i: 448000, t:  458743.5 s, ωt:  45.87 (7.30 periods), wall: 3.750 hours, Δt:   0.68, CFL: 7.20e-01
i: 448100, t:  458809.5 s, ωt:  45.88 (7.30 periods), wall: 3.751 hours, Δt:   0.64, CFL: 7.20e-01
i: 448200, t:  458883.6 s, ωt:  45.89 (7.30 periods), wall: 3.752 hours, Δt:   0.87, CFL: 7.20e-01
i: 448300, t:  458965.7 s, ωt:  45.90 (7.30 periods), wall: 3.753 hours, Δt:   0.79, CFL: 7.20e-01
i: 448400, t:  459047.8 s, ωt:  45.90 (7.31 periods), wall: 3.754 hours, Δt:   0.87, CFL: 7.20e-01
i: 448500, t:  459128.4 s, ωt:  45.91 (7.31 periods), wall: 3.754 hours, Δt:   0.68, CFL: 7.20e-01
i: 448600, t:  459202.3 s, ωt:  45.92 (7.31 periods), wall: 3.755 hours, Δt:   0.71, CFL: 7.20e-01
i: 448700, t:  459282.9 s, ωt:  45.93 (7.31 periods), wall: 3.756 hours, Δt:   0.68, CFL: 7.20e-01
i: 448800, t:  459355.9 s, ωt:  45.94 (7.31 periods), wall: 3.757 hours, Δt:   0.70, CFL: 7.20e-01
i: 448900, t:  459432.6 s, ωt:  45.94 (7.31 periods), wall: 3.758 hours, Δt:   0.89, CFL: 7.20e-01
i: 449000, t:  459516.7 s, ωt:  45.95 (7.31 periods), wall: 3.759 hours, Δt:   0.80, CFL: 7.20e-01
i: 449100, t:  459593.1 s, ωt:  45.96 (7.31 periods), wall: 3.759 hours, Δt:   0.80, CFL: 7.20e-01
i: 449200, t:  459672.4 s, ωt:  45.97 (7.32 periods), wall: 3.760 hours, Δt:   0.81, CFL: 7.20e-01
i: 449300, t:  459744.1 s, ωt:  45.97 (7.32 periods), wall: 3.761 hours, Δt:   0.84, CFL: 7.20e-01
i: 449400, t:  459816.3 s, ωt:  45.98 (7.32 periods), wall: 3.762 hours, Δt:   0.75, CFL: 7.20e-01
i: 449500, t:  459891.7 s, ωt:  45.99 (7.32 periods), wall: 3.763 hours, Δt:   0.76, CFL: 7.20e-01
i: 449600, t:  459968.3 s, ωt:  46.00 (7.32 periods), wall: 3.764 hours, Δt:   0.74, CFL: 7.20e-01
i: 449700, t:  460043.0 s, ωt:  46.00 (7.32 periods), wall: 3.764 hours, Δt:   0.74, CFL: 7.20e-01
i: 449800, t:  460123.9 s, ωt:  46.01 (7.32 periods), wall: 3.765 hours, Δt:   0.73, CFL: 7.20e-01
i: 449900, t:  460209.0 s, ωt:  46.02 (7.32 periods), wall: 3.766 hours, Δt:   0.77, CFL: 7.20e-01
i: 450000, t:  460287.8 s, ωt:  46.03 (7.33 periods), wall: 3.767 hours, Δt:   0.94, CFL: 7.20e-01
i: 450100, t:  460369.2 s, ωt:  46.04 (7.33 periods), wall: 3.768 hours, Δt:   0.92, CFL: 7.20e-01
i: 450200, t:  460454.0 s, ωt:  46.05 (7.33 periods), wall: 3.769 hours, Δt:   0.81, CFL: 7.20e-01
i: 450300, t:  460542.6 s, ωt:  46.05 (7.33 periods), wall: 3.769 hours, Δt:   0.75, CFL: 7.20e-01
i: 450400, t:  460624.1 s, ωt:  46.06 (7.33 periods), wall: 3.770 hours, Δt:   0.89, CFL: 7.20e-01
i: 450500, t:  460703.6 s, ωt:  46.07 (7.33 periods), wall: 3.771 hours, Δt:   0.74, CFL: 7.20e-01
i: 450600, t:  460793.0 s, ωt:  46.08 (7.33 periods), wall: 3.772 hours, Δt:   1.00, CFL: 7.20e-01
i: 450700, t:  460889.3 s, ωt:  46.09 (7.34 periods), wall: 3.773 hours, Δt:   0.99, CFL: 7.20e-01
i: 450800, t:  460969.7 s, ωt:  46.10 (7.34 periods), wall: 3.774 hours, Δt:   0.74, CFL: 7.20e-01
i: 450900, t:  461045.5 s, ωt:  46.10 (7.34 periods), wall: 3.774 hours, Δt:   0.85, CFL: 7.20e-01
i: 451000, t:  461133.7 s, ωt:  46.11 (7.34 periods), wall: 3.775 hours, Δt:   0.88, CFL: 7.20e-01
i: 451100, t:  461220.3 s, ωt:  46.12 (7.34 periods), wall: 3.776 hours, Δt:   0.71, CFL: 7.20e-01
i: 451200, t:  461303.2 s, ωt:  46.13 (7.34 periods), wall: 3.777 hours, Δt:   0.84, CFL: 7.20e-01
i: 451300, t:  461398.0 s, ωt:  46.14 (7.34 periods), wall: 3.778 hours, Δt:   0.94, CFL: 7.20e-01
i: 451400, t:  461489.3 s, ωt:  46.15 (7.34 periods), wall: 3.779 hours, Δt:   1.08, CFL: 7.20e-01
i: 451500, t:  461586.2 s, ωt:  46.16 (7.35 periods), wall: 3.779 hours, Δt:   0.92, CFL: 7.20e-01
i: 451600, t:  461679.0 s, ωt:  46.17 (7.35 periods), wall: 3.780 hours, Δt:   0.98, CFL: 7.20e-01
i: 451700, t:  461779.6 s, ωt:  46.18 (7.35 periods), wall: 3.781 hours, Δt:   0.92, CFL: 7.20e-01
i: 451800, t:  461878.5 s, ωt:  46.19 (7.35 periods), wall: 3.782 hours, Δt:   0.99, CFL: 7.20e-01
i: 451900, t:  461978.0 s, ωt:  46.20 (7.35 periods), wall: 3.783 hours, Δt:   1.14, CFL: 7.20e-01
i: 452000, t:  462084.0 s, ωt:  46.21 (7.35 periods), wall: 3.784 hours, Δt:   1.14, CFL: 7.20e-01
i: 452100, t:  462187.4 s, ωt:  46.22 (7.36 periods), wall: 3.785 hours, Δt:   1.00, CFL: 7.20e-01
i: 452200, t:  462294.0 s, ωt:  46.23 (7.36 periods), wall: 3.785 hours, Δt:   1.08, CFL: 7.20e-01
i: 452300, t:  462392.3 s, ωt:  46.24 (7.36 periods), wall: 3.786 hours, Δt:   0.98, CFL: 7.20e-01
i: 452400, t:  462506.3 s, ωt:  46.25 (7.36 periods), wall: 3.787 hours, Δt:   1.16, CFL: 7.20e-01
i: 452500, t:  462608.8 s, ωt:  46.26 (7.36 periods), wall: 3.788 hours, Δt:   1.14, CFL: 7.20e-01
i: 452600, t:  462714.9 s, ωt:  46.27 (7.36 periods), wall: 3.789 hours, Δt:   1.01, CFL: 7.20e-01
i: 452700, t:  462813.4 s, ωt:  46.28 (7.37 periods), wall: 3.790 hours, Δt:   0.93, CFL: 7.20e-01
i: 452800, t:  462918.6 s, ωt:  46.29 (7.37 periods), wall: 3.790 hours, Δt:   1.10, CFL: 7.20e-01
i: 452900, t:  463013.2 s, ωt:  46.30 (7.37 periods), wall: 3.791 hours, Δt:   0.87, CFL: 7.20e-01
i: 453000, t:  463115.1 s, ωt:  46.31 (7.37 periods), wall: 3.792 hours, Δt:   1.11, CFL: 7.20e-01
i: 453100, t:  463217.4 s, ωt:  46.32 (7.37 periods), wall: 3.793 hours, Δt:   1.04, CFL: 7.20e-01
i: 453200, t:  463313.2 s, ωt:  46.33 (7.37 periods), wall: 3.794 hours, Δt:   1.06, CFL: 7.20e-01
i: 453300, t:  463411.7 s, ωt:  46.34 (7.38 periods), wall: 3.795 hours, Δt:   1.10, CFL: 7.20e-01
i: 453400, t:  463516.8 s, ωt:  46.35 (7.38 periods), wall: 3.795 hours, Δt:   0.91, CFL: 7.20e-01
i: 453500, t:  463617.4 s, ωt:  46.36 (7.38 periods), wall: 3.796 hours, Δt:   0.93, CFL: 7.20e-01
i: 453600, t:  463730.8 s, ωt:  46.37 (7.38 periods), wall: 3.797 hours, Δt:   1.06, CFL: 7.20e-01
i: 453700, t:  463840.4 s, ωt:  46.38 (7.38 periods), wall: 3.798 hours, Δt:   1.15, CFL: 7.20e-01
i: 453800, t:  463957.0 s, ωt:  46.40 (7.38 periods), wall: 3.799 hours, Δt:   1.20, CFL: 7.20e-01
i: 453900, t:  464061.0 s, ωt:  46.41 (7.39 periods), wall: 3.800 hours, Δt:   1.06, CFL: 7.20e-01
i: 454000, t:  464172.2 s, ωt:  46.42 (7.39 periods), wall: 3.800 hours, Δt:   1.22, CFL: 7.20e-01
i: 454100, t:  464303.4 s, ωt:  46.43 (7.39 periods), wall: 3.801 hours, Δt:   1.31, CFL: 7.20e-01
i: 454200, t:  464413.3 s, ωt:  46.44 (7.39 periods), wall: 3.802 hours, Δt:   1.14, CFL: 7.20e-01
i: 454300, t:  464523.0 s, ωt:  46.45 (7.39 periods), wall: 3.803 hours, Δt:   1.01, CFL: 7.20e-01
i: 454400, t:  464640.0 s, ωt:  46.46 (7.39 periods), wall: 3.804 hours, Δt:   1.29, CFL: 7.20e-01
i: 454500, t:  464774.1 s, ωt:  46.48 (7.40 periods), wall: 3.805 hours, Δt:   1.47, CFL: 7.20e-01
i: 454600, t:  464905.9 s, ωt:  46.49 (7.40 periods), wall: 3.805 hours, Δt:   1.44, CFL: 7.20e-01
i: 454700, t:  465040.7 s, ωt:  46.50 (7.40 periods), wall: 3.806 hours, Δt:   1.30, CFL: 7.20e-01
i: 454800, t:  465161.5 s, ωt:  46.52 (7.40 periods), wall: 3.807 hours, Δt:   1.35, CFL: 7.20e-01
i: 454900, t:  465301.0 s, ωt:  46.53 (7.41 periods), wall: 3.808 hours, Δt:   1.45, CFL: 7.20e-01
i: 455000, t:  465449.1 s, ωt:  46.54 (7.41 periods), wall: 3.809 hours, Δt:   1.51, CFL: 7.20e-01
i: 455100, t:  465600.1 s, ωt:  46.56 (7.41 periods), wall: 3.810 hours, Δt:   1.45, CFL: 7.20e-01
i: 455200, t:  465753.3 s, ωt:  46.58 (7.41 periods), wall: 3.810 hours, Δt:   1.52, CFL: 7.20e-01
i: 455300, t:  465915.2 s, ωt:  46.59 (7.42 periods), wall: 3.811 hours, Δt:   1.84, CFL: 7.20e-01
i: 455400, t:  466070.3 s, ωt:  46.61 (7.42 periods), wall: 3.812 hours, Δt:   1.70, CFL: 7.20e-01
i: 455500, t:  466232.7 s, ωt:  46.62 (7.42 periods), wall: 3.813 hours, Δt:   1.78, CFL: 7.20e-01
i: 455600, t:  466406.7 s, ωt:  46.64 (7.42 periods), wall: 3.814 hours, Δt:   1.84, CFL: 7.20e-01
i: 455700, t:  466569.0 s, ωt:  46.66 (7.43 periods), wall: 3.815 hours, Δt:   1.68, CFL: 7.20e-01
i: 455800, t:  466735.3 s, ωt:  46.67 (7.43 periods), wall: 3.815 hours, Δt:   1.59, CFL: 7.20e-01
i: 455900, t:  466900.6 s, ωt:  46.69 (7.43 periods), wall: 3.816 hours, Δt:   1.70, CFL: 7.20e-01
i: 456000, t:  467066.7 s, ωt:  46.71 (7.43 periods), wall: 3.817 hours, Δt:   1.86, CFL: 7.20e-01
i: 456100, t:  467247.4 s, ωt:  46.72 (7.44 periods), wall: 3.818 hours, Δt:   1.46, CFL: 7.20e-01
i: 456200, t:  467389.5 s, ωt:  46.74 (7.44 periods), wall: 3.819 hours, Δt:   1.15, CFL: 7.20e-01
i: 456300, t:  467536.8 s, ωt:  46.75 (7.44 periods), wall: 3.820 hours, Δt:   1.89, CFL: 7.20e-01
i: 456400, t:  467729.7 s, ωt:  46.77 (7.44 periods), wall: 3.820 hours, Δt:   2.20, CFL: 7.20e-01
i: 456500, t:  467963.8 s, ωt:  46.80 (7.45 periods), wall: 3.821 hours, Δt:   2.45, CFL: 7.20e-01
i: 456600, t:  468194.2 s, ωt:  46.82 (7.45 periods), wall: 3.822 hours, Δt:   2.62, CFL: 7.20e-01
i: 456700, t:  468440.3 s, ωt:  46.84 (7.46 periods), wall: 3.823 hours, Δt:   2.88, CFL: 7.20e-01
i: 456800, t:  468716.0 s, ωt:  46.87 (7.46 periods), wall: 3.824 hours, Δt:   2.64, CFL: 7.20e-01
i: 456900, t:  468973.5 s, ωt:  46.90 (7.46 periods), wall: 3.825 hours, Δt:   2.25, CFL: 7.20e-01
i: 457000, t:  469231.2 s, ωt:  46.92 (7.47 periods), wall: 3.825 hours, Δt:   2.64, CFL: 7.20e-01
i: 457100, t:  469515.8 s, ωt:  46.95 (7.47 periods), wall: 3.826 hours, Δt:   3.04, CFL: 7.20e-01
i: 457200, t:  469812.1 s, ωt:  46.98 (7.48 periods), wall: 3.827 hours, Δt:   3.23, CFL: 7.20e-01
i: 457300, t:  470121.1 s, ωt:  47.01 (7.48 periods), wall: 3.828 hours, Δt:   3.04, CFL: 7.20e-01
i: 457400, t:  470425.8 s, ωt:  47.04 (7.49 periods), wall: 3.829 hours, Δt:   2.86, CFL: 7.20e-01
i: 457500, t:  470733.5 s, ωt:  47.07 (7.49 periods), wall: 3.830 hours, Δt:   3.26, CFL: 7.20e-01
i: 457600, t:  471026.0 s, ωt:  47.10 (7.50 periods), wall: 3.831 hours, Δt:   3.14, CFL: 7.20e-01
i: 457700, t:  471307.3 s, ωt:  47.13 (7.50 periods), wall: 3.831 hours, Δt:   2.65, CFL: 7.20e-01
i: 457800, t:  471627.5 s, ωt:  47.16 (7.51 periods), wall: 3.832 hours, Δt:   3.40, CFL: 7.20e-01
i: 457900, t:  471935.6 s, ωt:  47.19 (7.51 periods), wall: 3.833 hours, Δt:   2.66, CFL: 7.20e-01
i: 458000, t:  472194.9 s, ωt:  47.22 (7.52 periods), wall: 3.834 hours, Δt:   2.68, CFL: 7.20e-01
i: 458100, t:  472452.7 s, ωt:  47.25 (7.52 periods), wall: 3.835 hours, Δt:   2.33, CFL: 7.20e-01
i: 458200, t:  472686.2 s, ωt:  47.27 (7.52 periods), wall: 3.836 hours, Δt:   2.22, CFL: 7.20e-01
i: 458300, t:  472898.3 s, ωt:  47.29 (7.53 periods), wall: 3.836 hours, Δt:   2.31, CFL: 7.20e-01
i: 458400, t:  473105.9 s, ωt:  47.31 (7.53 periods), wall: 3.837 hours, Δt:   2.17, CFL: 7.20e-01
i: 458500, t:  473298.2 s, ωt:  47.33 (7.53 periods), wall: 3.838 hours, Δt:   1.78, CFL: 7.20e-01
i: 458600, t:  473484.8 s, ωt:  47.35 (7.54 periods), wall: 3.839 hours, Δt:   1.76, CFL: 7.20e-01
i: 458700, t:  473669.7 s, ωt:  47.37 (7.54 periods), wall: 3.840 hours, Δt:   1.87, CFL: 7.20e-01
i: 458800, t:  473854.7 s, ωt:  47.39 (7.54 periods), wall: 3.841 hours, Δt:   1.85, CFL: 7.20e-01
i: 458900, t:  474026.3 s, ωt:  47.40 (7.54 periods), wall: 3.842 hours, Δt:   1.50, CFL: 7.20e-01
i: 459000, t:  474193.1 s, ωt:  47.42 (7.55 periods), wall: 3.842 hours, Δt:   1.55, CFL: 7.20e-01
i: 459100, t:  474350.9 s, ωt:  47.44 (7.55 periods), wall: 3.843 hours, Δt:   1.81, CFL: 7.20e-01
i: 459200, t:  474490.0 s, ωt:  47.45 (7.55 periods), wall: 3.844 hours, Δt:   1.42, CFL: 7.20e-01
i: 459300, t:  474638.8 s, ωt:  47.46 (7.55 periods), wall: 3.845 hours, Δt:   1.42, CFL: 7.20e-01
i: 459400, t:  474780.4 s, ωt:  47.48 (7.56 periods), wall: 3.846 hours, Δt:   1.40, CFL: 7.20e-01
i: 459500, t:  474914.0 s, ωt:  47.49 (7.56 periods), wall: 3.847 hours, Δt:   1.26, CFL: 7.20e-01
i: 459600, t:  475038.6 s, ωt:  47.50 (7.56 periods), wall: 3.847 hours, Δt:   1.24, CFL: 7.20e-01
i: 459700, t:  475169.8 s, ωt:  47.52 (7.56 periods), wall: 3.848 hours, Δt:   1.37, CFL: 7.20e-01
i: 459800, t:  475300.8 s, ωt:  47.53 (7.56 periods), wall: 3.849 hours, Δt:   1.23, CFL: 7.20e-01
i: 459900, t:  475422.8 s, ωt:  47.54 (7.57 periods), wall: 3.850 hours, Δt:   1.31, CFL: 7.20e-01
i: 460000, t:  475543.0 s, ωt:  47.55 (7.57 periods), wall: 3.851 hours, Δt:   1.28, CFL: 7.20e-01
i: 460100, t:  475659.4 s, ωt:  47.57 (7.57 periods), wall: 3.852 hours, Δt:   1.23, CFL: 7.20e-01
i: 460200, t:  475781.9 s, ωt:  47.58 (7.57 periods), wall: 3.852 hours, Δt:   1.26, CFL: 7.20e-01
i: 460300, t:  475897.9 s, ωt:  47.59 (7.57 periods), wall: 3.853 hours, Δt:   1.35, CFL: 7.20e-01
i: 460400, t:  476020.6 s, ωt:  47.60 (7.58 periods), wall: 3.854 hours, Δt:   0.88, CFL: 7.20e-01
i: 460500, t:  476126.9 s, ωt:  47.61 (7.58 periods), wall: 3.855 hours, Δt:   1.28, CFL: 7.20e-01
i: 460600, t:  476242.9 s, ωt:  47.62 (7.58 periods), wall: 3.856 hours, Δt:   1.15, CFL: 7.20e-01
i: 460700, t:  476353.5 s, ωt:  47.64 (7.58 periods), wall: 3.857 hours, Δt:   1.15, CFL: 7.20e-01
i: 460800, t:  476465.8 s, ωt:  47.65 (7.58 periods), wall: 3.857 hours, Δt:   1.11, CFL: 7.20e-01
i: 460900, t:  476566.9 s, ωt:  47.66 (7.58 periods), wall: 3.858 hours, Δt:   1.26, CFL: 7.20e-01
i: 461000, t:  476669.9 s, ωt:  47.67 (7.59 periods), wall: 3.859 hours, Δt:   1.09, CFL: 7.20e-01
i: 461100, t:  476781.1 s, ωt:  47.68 (7.59 periods), wall: 3.860 hours, Δt:   1.10, CFL: 7.20e-01
i: 461200, t:  476886.6 s, ωt:  47.69 (7.59 periods), wall: 3.861 hours, Δt:   1.07, CFL: 7.20e-01
i: 461300, t:  476994.8 s, ωt:  47.70 (7.59 periods), wall: 3.862 hours, Δt:   1.00, CFL: 7.20e-01
i: 461400, t:  477097.2 s, ωt:  47.71 (7.59 periods), wall: 3.862 hours, Δt:   1.11, CFL: 7.20e-01
i: 461500, t:  477206.9 s, ωt:  47.72 (7.59 periods), wall: 3.863 hours, Δt:   1.05, CFL: 7.20e-01
i: 461600, t:  477301.4 s, ωt:  47.73 (7.60 periods), wall: 3.864 hours, Δt:   0.88, CFL: 7.20e-01
i: 461700, t:  477400.4 s, ωt:  47.74 (7.60 periods), wall: 3.865 hours, Δt:   0.92, CFL: 7.20e-01
i: 461800, t:  477501.5 s, ωt:  47.75 (7.60 periods), wall: 3.866 hours, Δt:   1.02, CFL: 7.20e-01
i: 461900, t:  477603.0 s, ωt:  47.76 (7.60 periods), wall: 3.867 hours, Δt:   1.04, CFL: 7.20e-01
i: 462000, t:  477708.0 s, ωt:  47.77 (7.60 periods), wall: 3.867 hours, Δt:   1.11, CFL: 7.20e-01
i: 462100, t:  477810.9 s, ωt:  47.78 (7.60 periods), wall: 3.868 hours, Δt:   0.99, CFL: 7.20e-01
i: 462200, t:  477904.1 s, ωt:  47.79 (7.61 periods), wall: 3.869 hours, Δt:   0.97, CFL: 7.20e-01
i: 462300, t:  478001.3 s, ωt:  47.80 (7.61 periods), wall: 3.870 hours, Δt:   0.94, CFL: 7.20e-01
i: 462400, t:  478093.1 s, ωt:  47.81 (7.61 periods), wall: 3.871 hours, Δt:   0.94, CFL: 7.20e-01
i: 462500, t:  478181.1 s, ωt:  47.82 (7.61 periods), wall: 3.872 hours, Δt:   0.86, CFL: 7.20e-01
i: 462600, t:  478275.8 s, ωt:  47.83 (7.61 periods), wall: 3.872 hours, Δt:   0.88, CFL: 7.20e-01
i: 462700, t:  478371.7 s, ωt:  47.84 (7.61 periods), wall: 3.873 hours, Δt:   1.09, CFL: 7.20e-01
i: 462800, t:  478468.5 s, ωt:  47.85 (7.62 periods), wall: 3.874 hours, Δt:   1.03, CFL: 7.20e-01
i: 462900, t:  478561.4 s, ωt:  47.86 (7.62 periods), wall: 3.875 hours, Δt:   0.91, CFL: 7.20e-01
i: 463000, t:  478652.8 s, ωt:  47.87 (7.62 periods), wall: 3.876 hours, Δt:   1.00, CFL: 7.20e-01
i: 463100, t:  478742.6 s, ωt:  47.87 (7.62 periods), wall: 3.877 hours, Δt:   0.97, CFL: 7.20e-01
i: 463200, t:  478834.7 s, ωt:  47.88 (7.62 periods), wall: 3.877 hours, Δt:   0.91, CFL: 7.20e-01
i: 463300, t:  478923.6 s, ωt:  47.89 (7.62 periods), wall: 3.878 hours, Δt:   0.95, CFL: 7.20e-01
i: 463400, t:  479013.6 s, ωt:  47.90 (7.62 periods), wall: 3.879 hours, Δt:   0.78, CFL: 7.20e-01
i: 463500, t:  479094.7 s, ωt:  47.91 (7.63 periods), wall: 3.880 hours, Δt:   0.93, CFL: 7.20e-01
i: 463600, t:  479191.1 s, ωt:  47.92 (7.63 periods), wall: 3.881 hours, Δt:   0.96, CFL: 7.20e-01
i: 463700, t:  479281.8 s, ωt:  47.93 (7.63 periods), wall: 3.882 hours, Δt:   0.94, CFL: 7.20e-01
i: 463800, t:  479368.4 s, ωt:  47.94 (7.63 periods), wall: 3.882 hours, Δt:   0.77, CFL: 7.20e-01
i: 463900, t:  479457.6 s, ωt:  47.95 (7.63 periods), wall: 3.883 hours, Δt:   0.81, CFL: 7.20e-01
i: 464000, t:  479538.1 s, ωt:  47.95 (7.63 periods), wall: 3.884 hours, Δt:   0.86, CFL: 7.20e-01
i: 464100, t:  479616.7 s, ωt:  47.96 (7.63 periods), wall: 3.885 hours, Δt:   0.68, CFL: 7.20e-01
i: 464200, t:  479695.5 s, ωt:  47.97 (7.63 periods), wall: 3.886 hours, Δt:   0.75, CFL: 7.20e-01
i: 464300, t:  479774.6 s, ωt:  47.98 (7.64 periods), wall: 3.887 hours, Δt:   0.80, CFL: 7.20e-01
i: 464400, t:  479857.0 s, ωt:  47.99 (7.64 periods), wall: 3.887 hours, Δt:   0.85, CFL: 7.20e-01
i: 464500, t:  479940.0 s, ωt:  47.99 (7.64 periods), wall: 3.888 hours, Δt:   0.72, CFL: 7.20e-01
i: 464600, t:  480023.5 s, ωt:  48.00 (7.64 periods), wall: 3.889 hours, Δt:   0.92, CFL: 7.20e-01
i: 464700, t:  480104.7 s, ωt:  48.01 (7.64 periods), wall: 3.890 hours, Δt:   0.89, CFL: 7.20e-01
i: 464800, t:  480186.3 s, ωt:  48.02 (7.64 periods), wall: 3.891 hours, Δt:   0.80, CFL: 7.20e-01
i: 464900, t:  480268.0 s, ωt:  48.03 (7.64 periods), wall: 3.892 hours, Δt:   0.83, CFL: 7.20e-01
i: 465000, t:  480352.2 s, ωt:  48.04 (7.65 periods), wall: 3.892 hours, Δt:   0.87, CFL: 7.20e-01
i: 465100, t:  480428.4 s, ωt:  48.04 (7.65 periods), wall: 3.893 hours, Δt:   0.77, CFL: 7.20e-01
i: 465200, t:  480500.3 s, ωt:  48.05 (7.65 periods), wall: 3.894 hours, Δt:   0.81, CFL: 7.20e-01
i: 465300, t:  480582.4 s, ωt:  48.06 (7.65 periods), wall: 3.895 hours, Δt:   0.81, CFL: 7.20e-01
i: 465400, t:  480660.6 s, ωt:  48.07 (7.65 periods), wall: 3.896 hours, Δt:   0.88, CFL: 7.20e-01
i: 465500, t:  480744.2 s, ωt:  48.07 (7.65 periods), wall: 3.897 hours, Δt:   0.86, CFL: 7.20e-01
i: 465600, t:  480824.6 s, ωt:  48.08 (7.65 periods), wall: 3.897 hours, Δt:   0.78, CFL: 7.20e-01
i: 465700, t:  480905.7 s, ωt:  48.09 (7.65 periods), wall: 3.898 hours, Δt:   0.86, CFL: 7.20e-01
i: 465800, t:  480990.3 s, ωt:  48.10 (7.66 periods), wall: 3.899 hours, Δt:   0.74, CFL: 7.20e-01
i: 465900, t:  481067.0 s, ωt:  48.11 (7.66 periods), wall: 3.900 hours, Δt:   0.85, CFL: 7.20e-01
i: 466000, t:  481148.4 s, ωt:  48.11 (7.66 periods), wall: 3.901 hours, Δt:   0.74, CFL: 7.20e-01
i: 466100, t:  481222.2 s, ωt:  48.12 (7.66 periods), wall: 3.902 hours, Δt:   0.74, CFL: 7.20e-01
i: 466200, t:  481300.9 s, ωt:  48.13 (7.66 periods), wall: 3.902 hours, Δt:   0.75, CFL: 7.20e-01
i: 466300, t:  481375.1 s, ωt:  48.14 (7.66 periods), wall: 3.903 hours, Δt:   0.73, CFL: 7.20e-01
i: 466400, t:  481447.5 s, ωt:  48.14 (7.66 periods), wall: 3.904 hours, Δt:   0.63, CFL: 7.20e-01
i: 466500, t:  481521.4 s, ωt:  48.15 (7.66 periods), wall: 3.905 hours, Δt:   0.80, CFL: 7.20e-01
i: 466600, t:  481595.5 s, ωt:  48.16 (7.66 periods), wall: 3.906 hours, Δt:   0.69, CFL: 7.20e-01
i: 466700, t:  481667.9 s, ωt:  48.17 (7.67 periods), wall: 3.907 hours, Δt:   0.78, CFL: 7.20e-01
i: 466800, t:  481745.8 s, ωt:  48.17 (7.67 periods), wall: 3.907 hours, Δt:   0.68, CFL: 7.20e-01
i: 466900, t:  481814.4 s, ωt:  48.18 (7.67 periods), wall: 3.908 hours, Δt:   0.75, CFL: 7.20e-01
i: 467000, t:  481887.0 s, ωt:  48.19 (7.67 periods), wall: 3.909 hours, Δt:   0.59, CFL: 7.20e-01
i: 467100, t:  481956.7 s, ωt:  48.20 (7.67 periods), wall: 3.910 hours, Δt:   0.67, CFL: 7.20e-01
i: 467200, t:  482029.5 s, ωt:  48.20 (7.67 periods), wall: 3.911 hours, Δt:   0.65, CFL: 7.20e-01
i: 467300, t:  482101.6 s, ωt:  48.21 (7.67 periods), wall: 3.912 hours, Δt:   0.74, CFL: 7.20e-01
i: 467400, t:  482171.8 s, ωt:  48.22 (7.67 periods), wall: 3.912 hours, Δt:   0.65, CFL: 7.20e-01
i: 467500, t:  482248.6 s, ωt:  48.22 (7.68 periods), wall: 3.913 hours, Δt:   0.82, CFL: 7.20e-01
i: 467600, t:  482321.5 s, ωt:  48.23 (7.68 periods), wall: 3.914 hours, Δt:   0.77, CFL: 7.20e-01
i: 467700, t:  482395.9 s, ωt:  48.24 (7.68 periods), wall: 3.915 hours, Δt:   0.75, CFL: 7.20e-01
i: 467800, t:  482467.5 s, ωt:  48.25 (7.68 periods), wall: 3.916 hours, Δt:   0.70, CFL: 7.20e-01
i: 467900, t:  482538.4 s, ωt:  48.25 (7.68 periods), wall: 3.917 hours, Δt:   0.76, CFL: 7.20e-01
i: 468000, t:  482606.7 s, ωt:  48.26 (7.68 periods), wall: 3.917 hours, Δt:   0.71, CFL: 7.20e-01
i: 468100, t:  482683.1 s, ωt:  48.27 (7.68 periods), wall: 3.918 hours, Δt:   0.83, CFL: 7.20e-01
i: 468200, t:  482754.0 s, ωt:  48.28 (7.68 periods), wall: 3.919 hours, Δt:   0.74, CFL: 7.20e-01
i: 468300, t:  482830.5 s, ωt:  48.28 (7.68 periods), wall: 3.920 hours, Δt:   0.81, CFL: 7.20e-01
i: 468400, t:  482906.5 s, ωt:  48.29 (7.69 periods), wall: 3.921 hours, Δt:   0.69, CFL: 7.20e-01
i: 468500, t:  482975.4 s, ωt:  48.30 (7.69 periods), wall: 3.922 hours, Δt:   0.63, CFL: 7.20e-01
i: 468600, t:  483036.9 s, ωt:  48.30 (7.69 periods), wall: 3.922 hours, Δt:   0.48, CFL: 7.20e-01
i: 468700, t:  483099.9 s, ωt:  48.31 (7.69 periods), wall: 3.923 hours, Δt:   0.69, CFL: 7.20e-01
i: 468800, t:  483172.9 s, ωt:  48.32 (7.69 periods), wall: 3.924 hours, Δt:   0.60, CFL: 7.20e-01
i: 468900, t:  483239.6 s, ωt:  48.32 (7.69 periods), wall: 3.925 hours, Δt:   0.60, CFL: 7.20e-01
i: 469000, t:  483303.7 s, ωt:  48.33 (7.69 periods), wall: 3.926 hours, Δt:   0.57, CFL: 7.20e-01
i: 469100, t:  483365.1 s, ωt:  48.34 (7.69 periods), wall: 3.927 hours, Δt:   0.66, CFL: 7.20e-01
i: 469200, t:  483436.0 s, ωt:  48.34 (7.69 periods), wall: 3.927 hours, Δt:   0.71, CFL: 7.20e-01
i: 469300, t:  483504.7 s, ωt:  48.35 (7.70 periods), wall: 3.928 hours, Δt:   0.69, CFL: 7.20e-01
i: 469400, t:  483573.7 s, ωt:  48.36 (7.70 periods), wall: 3.929 hours, Δt:   0.74, CFL: 7.20e-01
i: 469500, t:  483652.0 s, ωt:  48.37 (7.70 periods), wall: 3.930 hours, Δt:   0.77, CFL: 7.20e-01
i: 469600, t:  483726.8 s, ωt:  48.37 (7.70 periods), wall: 3.931 hours, Δt:   0.63, CFL: 7.20e-01
i: 469700, t:  483803.0 s, ωt:  48.38 (7.70 periods), wall: 3.932 hours, Δt:   0.87, CFL: 7.20e-01
i: 469800, t:  483874.3 s, ωt:  48.39 (7.70 periods), wall: 3.932 hours, Δt:   0.65, CFL: 7.20e-01
i: 469900, t:  483936.0 s, ωt:  48.39 (7.70 periods), wall: 3.933 hours, Δt:   0.62, CFL: 7.20e-01
i: 470000, t:  484006.5 s, ωt:  48.40 (7.70 periods), wall: 3.934 hours, Δt:   0.69, CFL: 7.20e-01
i: 470100, t:  484077.9 s, ωt:  48.41 (7.70 periods), wall: 3.935 hours, Δt:   0.68, CFL: 7.20e-01
i: 470200, t:  484141.2 s, ωt:  48.41 (7.71 periods), wall: 3.936 hours, Δt:   0.76, CFL: 7.20e-01
i: 470300, t:  484217.7 s, ωt:  48.42 (7.71 periods), wall: 3.937 hours, Δt:   0.69, CFL: 7.20e-01
i: 470400, t:  484288.6 s, ωt:  48.43 (7.71 periods), wall: 3.937 hours, Δt:   0.74, CFL: 7.20e-01
i: 470500, t:  484357.6 s, ωt:  48.44 (7.71 periods), wall: 3.938 hours, Δt:   0.71, CFL: 7.20e-01
i: 470600, t:  484429.6 s, ωt:  48.44 (7.71 periods), wall: 3.939 hours, Δt:   0.81, CFL: 7.20e-01
i: 470700, t:  484497.1 s, ωt:  48.45 (7.71 periods), wall: 3.940 hours, Δt:   0.63, CFL: 7.20e-01
i: 470800, t:  484567.7 s, ωt:  48.46 (7.71 periods), wall: 3.941 hours, Δt:   0.64, CFL: 7.20e-01
i: 470900, t:  484645.4 s, ωt:  48.46 (7.71 periods), wall: 3.942 hours, Δt:   0.77, CFL: 7.20e-01
i: 471000, t:  484711.7 s, ωt:  48.47 (7.71 periods), wall: 3.942 hours, Δt:   0.65, CFL: 7.20e-01
i: 471100, t:  484777.9 s, ωt:  48.48 (7.72 periods), wall: 3.943 hours, Δt:   0.60, CFL: 7.20e-01
i: 471200, t:  484840.3 s, ωt:  48.48 (7.72 periods), wall: 3.944 hours, Δt:   0.59, CFL: 7.20e-01
i: 471300, t:  484902.0 s, ωt:  48.49 (7.72 periods), wall: 3.945 hours, Δt:   0.70, CFL: 7.20e-01
i: 471400, t:  484973.7 s, ωt:  48.50 (7.72 periods), wall: 3.946 hours, Δt:   0.63, CFL: 7.20e-01
i: 471500, t:  485042.3 s, ωt:  48.50 (7.72 periods), wall: 3.947 hours, Δt:   0.77, CFL: 7.20e-01
i: 471600, t:  485108.6 s, ωt:  48.51 (7.72 periods), wall: 3.947 hours, Δt:   0.52, CFL: 7.20e-01
i: 471700, t:  485173.0 s, ωt:  48.52 (7.72 periods), wall: 3.948 hours, Δt:   0.74, CFL: 7.20e-01
i: 471800, t:  485248.0 s, ωt:  48.52 (7.72 periods), wall: 3.949 hours, Δt:   0.69, CFL: 7.20e-01
i: 471900, t:  485317.0 s, ωt:  48.53 (7.72 periods), wall: 3.950 hours, Δt:   0.67, CFL: 7.20e-01
i: 472000, t:  485383.5 s, ωt:  48.54 (7.73 periods), wall: 3.951 hours, Δt:   0.75, CFL: 7.20e-01
i: 472100, t:  485459.0 s, ωt:  48.55 (7.73 periods), wall: 3.952 hours, Δt:   0.80, CFL: 7.20e-01
i: 472200, t:  485531.5 s, ωt:  48.55 (7.73 periods), wall: 3.952 hours, Δt:   0.79, CFL: 7.20e-01
i: 472300, t:  485605.0 s, ωt:  48.56 (7.73 periods), wall: 3.953 hours, Δt:   0.77, CFL: 7.20e-01
i: 472400, t:  485676.3 s, ωt:  48.57 (7.73 periods), wall: 3.954 hours, Δt:   0.59, CFL: 7.20e-01
i: 472500, t:  485741.7 s, ωt:  48.57 (7.73 periods), wall: 3.955 hours, Δt:   0.69, CFL: 7.20e-01
i: 472600, t:  485812.2 s, ωt:  48.58 (7.73 periods), wall: 3.956 hours, Δt:   0.73, CFL: 7.20e-01
i: 472700, t:  485882.1 s, ωt:  48.59 (7.73 periods), wall: 3.957 hours, Δt:   0.69, CFL: 7.20e-01
i: 472800, t:  485945.1 s, ωt:  48.59 (7.73 periods), wall: 3.957 hours, Δt:   0.51, CFL: 7.20e-01
i: 472900, t:  486005.1 s, ωt:  48.60 (7.74 periods), wall: 3.958 hours, Δt:   0.74, CFL: 7.20e-01
i: 473000, t:  486072.6 s, ωt:  48.61 (7.74 periods), wall: 3.959 hours, Δt:   0.52, CFL: 7.20e-01
i: 473100, t:  486139.1 s, ωt:  48.61 (7.74 periods), wall: 3.960 hours, Δt:   0.73, CFL: 7.20e-01
i: 473200, t:  486203.6 s, ωt:  48.62 (7.74 periods), wall: 3.961 hours, Δt:   0.76, CFL: 7.20e-01
i: 473300, t:  486275.2 s, ωt:  48.63 (7.74 periods), wall: 3.962 hours, Δt:   0.65, CFL: 7.20e-01
i: 473400, t:  486346.0 s, ωt:  48.63 (7.74 periods), wall: 3.962 hours, Δt:   0.62, CFL: 7.20e-01
i: 473500, t:  486413.2 s, ωt:  48.64 (7.74 periods), wall: 3.963 hours, Δt:   0.72, CFL: 7.20e-01
i: 473600, t:  486486.9 s, ωt:  48.65 (7.74 periods), wall: 3.964 hours, Δt:   0.68, CFL: 7.20e-01
i: 473700, t:  486559.4 s, ωt:  48.66 (7.74 periods), wall: 3.965 hours, Δt:   0.71, CFL: 7.20e-01
i: 473800, t:  486629.9 s, ωt:  48.66 (7.74 periods), wall: 3.966 hours, Δt:   0.70, CFL: 7.20e-01
i: 473900, t:  486701.5 s, ωt:  48.67 (7.75 periods), wall: 3.967 hours, Δt:   0.54, CFL: 7.20e-01
i: 474000, t:  486765.4 s, ωt:  48.68 (7.75 periods), wall: 3.967 hours, Δt:   0.76, CFL: 7.20e-01
i: 474100, t:  486840.4 s, ωt:  48.68 (7.75 periods), wall: 3.968 hours, Δt:   0.80, CFL: 7.20e-01
i: 474200, t:  486915.5 s, ωt:  48.69 (7.75 periods), wall: 3.969 hours, Δt:   0.70, CFL: 7.20e-01
i: 474300, t:  486987.8 s, ωt:  48.70 (7.75 periods), wall: 3.970 hours, Δt:   0.81, CFL: 7.20e-01
i: 474400, t:  487064.0 s, ωt:  48.71 (7.75 periods), wall: 3.971 hours, Δt:   0.71, CFL: 7.20e-01
i: 474500, t:  487138.5 s, ωt:  48.71 (7.75 periods), wall: 3.972 hours, Δt:   0.81, CFL: 7.20e-01
i: 474600, t:  487211.6 s, ωt:  48.72 (7.75 periods), wall: 3.972 hours, Δt:   0.77, CFL: 7.20e-01
i: 474700, t:  487287.9 s, ωt:  48.73 (7.76 periods), wall: 3.973 hours, Δt:   0.72, CFL: 7.20e-01
i: 474800, t:  487358.3 s, ωt:  48.74 (7.76 periods), wall: 3.974 hours, Δt:   0.70, CFL: 7.20e-01
i: 474900, t:  487425.5 s, ωt:  48.74 (7.76 periods), wall: 3.975 hours, Δt:   0.70, CFL: 7.20e-01
i: 475000, t:  487489.2 s, ωt:  48.75 (7.76 periods), wall: 3.976 hours, Δt:   0.67, CFL: 7.20e-01
i: 475100, t:  487554.2 s, ωt:  48.76 (7.76 periods), wall: 3.977 hours, Δt:   0.64, CFL: 7.20e-01
i: 475200, t:  487616.3 s, ωt:  48.76 (7.76 periods), wall: 3.977 hours, Δt:   0.62, CFL: 7.20e-01
i: 475300, t:  487687.2 s, ωt:  48.77 (7.76 periods), wall: 3.978 hours, Δt:   0.71, CFL: 7.20e-01
i: 475400, t:  487757.0 s, ωt:  48.78 (7.76 periods), wall: 3.979 hours, Δt:   0.73, CFL: 7.20e-01
i: 475500, t:  487831.0 s, ωt:  48.78 (7.76 periods), wall: 3.980 hours, Δt:   0.70, CFL: 7.20e-01
i: 475600, t:  487901.2 s, ωt:  48.79 (7.77 periods), wall: 3.981 hours, Δt:   0.69, CFL: 7.20e-01
i: 475700, t:  487967.1 s, ωt:  48.80 (7.77 periods), wall: 3.982 hours, Δt:   0.59, CFL: 7.20e-01
i: 475800, t:  488031.5 s, ωt:  48.80 (7.77 periods), wall: 3.982 hours, Δt:   0.68, CFL: 7.20e-01
i: 475900, t:  488101.9 s, ωt:  48.81 (7.77 periods), wall: 3.983 hours, Δt:   0.70, CFL: 7.20e-01
i: 476000, t:  488166.9 s, ωt:  48.82 (7.77 periods), wall: 3.984 hours, Δt:   0.70, CFL: 7.20e-01
i: 476100, t:  488239.0 s, ωt:  48.82 (7.77 periods), wall: 3.985 hours, Δt:   0.80, CFL: 7.20e-01
i: 476200, t:  488319.1 s, ωt:  48.83 (7.77 periods), wall: 3.986 hours, Δt:   0.82, CFL: 7.20e-01
i: 476300, t:  488391.8 s, ωt:  48.84 (7.77 periods), wall: 3.987 hours, Δt:   0.83, CFL: 7.20e-01
i: 476400, t:  488469.2 s, ωt:  48.85 (7.77 periods), wall: 3.987 hours, Δt:   0.76, CFL: 7.20e-01
i: 476500, t:  488547.8 s, ωt:  48.85 (7.78 periods), wall: 3.988 hours, Δt:   0.69, CFL: 7.20e-01
i: 476600, t:  488621.8 s, ωt:  48.86 (7.78 periods), wall: 3.989 hours, Δt:   0.70, CFL: 7.20e-01
i: 476700, t:  488697.0 s, ωt:  48.87 (7.78 periods), wall: 3.990 hours, Δt:   0.72, CFL: 7.20e-01
i: 476800, t:  488775.0 s, ωt:  48.88 (7.78 periods), wall: 3.991 hours, Δt:   0.76, CFL: 7.20e-01
i: 476900, t:  488854.9 s, ωt:  48.89 (7.78 periods), wall: 3.992 hours, Δt:   0.80, CFL: 7.20e-01
i: 477000, t:  488935.2 s, ωt:  48.89 (7.78 periods), wall: 3.992 hours, Δt:   0.74, CFL: 7.20e-01
i: 477100, t:  489007.4 s, ωt:  48.90 (7.78 periods), wall: 3.993 hours, Δt:   0.76, CFL: 7.20e-01
i: 477200, t:  489091.7 s, ωt:  48.91 (7.78 periods), wall: 3.994 hours, Δt:   0.87, CFL: 7.20e-01
i: 477300, t:  489171.4 s, ωt:  48.92 (7.79 periods), wall: 3.995 hours, Δt:   0.88, CFL: 7.20e-01
i: 477400, t:  489251.8 s, ωt:  48.93 (7.79 periods), wall: 3.996 hours, Δt:   0.78, CFL: 7.20e-01
i: 477500, t:  489326.8 s, ωt:  48.93 (7.79 periods), wall: 3.997 hours, Δt:   0.74, CFL: 7.20e-01
i: 477600, t:  489405.1 s, ωt:  48.94 (7.79 periods), wall: 3.997 hours, Δt:   0.78, CFL: 7.20e-01
i: 477700, t:  489479.9 s, ωt:  48.95 (7.79 periods), wall: 3.998 hours, Δt:   0.71, CFL: 7.20e-01
i: 477800, t:  489554.3 s, ωt:  48.96 (7.79 periods), wall: 3.999 hours, Δt:   0.79, CFL: 7.20e-01
i: 477900, t:  489631.3 s, ωt:  48.96 (7.79 periods), wall: 4.000 hours, Δt:   0.62, CFL: 7.20e-01
i: 478000, t:  489697.9 s, ωt:  48.97 (7.79 periods), wall: 4.001 hours, Δt:   0.84, CFL: 7.20e-01
i: 478100, t:  489776.7 s, ωt:  48.98 (7.80 periods), wall: 4.002 hours, Δt:   0.74, CFL: 7.20e-01
i: 478200, t:  489844.4 s, ωt:  48.98 (7.80 periods), wall: 4.002 hours, Δt:   0.73, CFL: 7.20e-01
i: 478300, t:  489918.0 s, ωt:  48.99 (7.80 periods), wall: 4.003 hours, Δt:   0.61, CFL: 7.20e-01
i: 478400, t:  489983.3 s, ωt:  49.00 (7.80 periods), wall: 4.004 hours, Δt:   0.62, CFL: 7.20e-01
i: 478500, t:  490044.2 s, ωt:  49.00 (7.80 periods), wall: 4.005 hours, Δt:   0.58, CFL: 7.20e-01
i: 478600, t:  490117.5 s, ωt:  49.01 (7.80 periods), wall: 4.006 hours, Δt:   0.73, CFL: 7.20e-01
i: 478700, t:  490186.5 s, ωt:  49.02 (7.80 periods), wall: 4.007 hours, Δt:   0.73, CFL: 7.20e-01
i: 478800, t:  490260.9 s, ωt:  49.03 (7.80 periods), wall: 4.007 hours, Δt:   0.73, CFL: 7.20e-01
i: 478900, t:  490332.3 s, ωt:  49.03 (7.80 periods), wall: 4.008 hours, Δt:   0.69, CFL: 7.20e-01
i: 479000, t:  490407.9 s, ωt:  49.04 (7.81 periods), wall: 4.009 hours, Δt:   0.77, CFL: 7.20e-01
i: 479100, t:  490484.5 s, ωt:  49.05 (7.81 periods), wall: 4.010 hours, Δt:   0.84, CFL: 7.20e-01
i: 479200, t:  490569.2 s, ωt:  49.06 (7.81 periods), wall: 4.011 hours, Δt:   0.86, CFL: 7.20e-01
i: 479300, t:  490659.2 s, ωt:  49.07 (7.81 periods), wall: 4.012 hours, Δt:   0.75, CFL: 7.20e-01
i: 479400, t:  490739.3 s, ωt:  49.07 (7.81 periods), wall: 4.012 hours, Δt:   0.73, CFL: 7.20e-01
i: 479500, t:  490819.3 s, ωt:  49.08 (7.81 periods), wall: 4.013 hours, Δt:   0.79, CFL: 7.20e-01
i: 479600, t:  490902.6 s, ωt:  49.09 (7.81 periods), wall: 4.014 hours, Δt:   0.85, CFL: 7.20e-01
i: 479700, t:  490985.9 s, ωt:  49.10 (7.81 periods), wall: 4.015 hours, Δt:   0.88, CFL: 7.20e-01
i: 479800, t:  491065.0 s, ωt:  49.11 (7.82 periods), wall: 4.016 hours, Δt:   0.70, CFL: 7.20e-01
i: 479900, t:  491142.3 s, ωt:  49.11 (7.82 periods), wall: 4.017 hours, Δt:   0.88, CFL: 7.20e-01
i: 480000, t:  491220.4 s, ωt:  49.12 (7.82 periods), wall: 4.017 hours, Δt:   0.67, CFL: 7.20e-01
i: 480100, t:  491302.5 s, ωt:  49.13 (7.82 periods), wall: 4.018 hours, Δt:   0.84, CFL: 7.20e-01
i: 480200, t:  491385.0 s, ωt:  49.14 (7.82 periods), wall: 4.019 hours, Δt:   0.83, CFL: 7.20e-01
i: 480300, t:  491474.9 s, ωt:  49.15 (7.82 periods), wall: 4.020 hours, Δt:   0.86, CFL: 7.20e-01
i: 480400, t:  491556.6 s, ωt:  49.16 (7.82 periods), wall: 4.021 hours, Δt:   0.81, CFL: 7.20e-01
i: 480500, t:  491633.7 s, ωt:  49.16 (7.82 periods), wall: 4.022 hours, Δt:   0.76, CFL: 7.20e-01
i: 480600, t:  491704.9 s, ωt:  49.17 (7.83 periods), wall: 4.022 hours, Δt:   0.74, CFL: 7.20e-01
i: 480700, t:  491775.3 s, ωt:  49.18 (7.83 periods), wall: 4.023 hours, Δt:   0.79, CFL: 7.20e-01
i: 480800, t:  491854.0 s, ωt:  49.19 (7.83 periods), wall: 4.024 hours, Δt:   0.79, CFL: 7.20e-01
i: 480900, t:  491938.6 s, ωt:  49.19 (7.83 periods), wall: 4.025 hours, Δt:   0.85, CFL: 7.20e-01
i: 481000, t:  492016.1 s, ωt:  49.20 (7.83 periods), wall: 4.026 hours, Δt:   0.81, CFL: 7.20e-01
i: 481100, t:  492100.9 s, ωt:  49.21 (7.83 periods), wall: 4.027 hours, Δt:   1.01, CFL: 7.20e-01
i: 481200, t:  492192.2 s, ωt:  49.22 (7.83 periods), wall: 4.027 hours, Δt:   0.79, CFL: 7.20e-01
i: 481300, t:  492275.9 s, ωt:  49.23 (7.83 periods), wall: 4.028 hours, Δt:   0.78, CFL: 7.20e-01
i: 481400, t:  492345.2 s, ωt:  49.23 (7.84 periods), wall: 4.029 hours, Δt:   0.75, CFL: 7.03e-01
i: 481500, t:  492412.5 s, ωt:  49.24 (7.84 periods), wall: 4.030 hours, Δt:   0.77, CFL: 7.20e-01
i: 481600, t:  492487.7 s, ωt:  49.25 (7.84 periods), wall: 4.031 hours, Δt:   0.80, CFL: 7.20e-01
i: 481700, t:  492558.4 s, ωt:  49.26 (7.84 periods), wall: 4.032 hours, Δt:   0.77, CFL: 7.20e-01
i: 481800, t:  492633.9 s, ωt:  49.26 (7.84 periods), wall: 4.032 hours, Δt:   0.68, CFL: 7.20e-01
i: 481900, t:  492723.5 s, ωt:  49.27 (7.84 periods), wall: 4.033 hours, Δt:   0.94, CFL: 7.20e-01
i: 482000, t:  492810.4 s, ωt:  49.28 (7.84 periods), wall: 4.034 hours, Δt:   0.97, CFL: 7.20e-01
i: 482100, t:  492893.8 s, ωt:  49.29 (7.84 periods), wall: 4.035 hours, Δt:   0.80, CFL: 7.20e-01
i: 482200, t:  492977.4 s, ωt:  49.30 (7.85 periods), wall: 4.036 hours, Δt:   0.73, CFL: 7.20e-01
i: 482300, t:  493055.5 s, ωt:  49.31 (7.85 periods), wall: 4.037 hours, Δt:   0.86, CFL: 7.20e-01
i: 482400, t:  493137.2 s, ωt:  49.31 (7.85 periods), wall: 4.038 hours, Δt:   0.77, CFL: 7.20e-01
i: 482500, t:  493228.8 s, ωt:  49.32 (7.85 periods), wall: 4.038 hours, Δt:   0.93, CFL: 7.20e-01
i: 482600, t:  493319.9 s, ωt:  49.33 (7.85 periods), wall: 4.039 hours, Δt:   1.00, CFL: 7.20e-01
i: 482700, t:  493412.5 s, ωt:  49.34 (7.85 periods), wall: 4.040 hours, Δt:   0.88, CFL: 7.20e-01
i: 482800, t:  493503.9 s, ωt:  49.35 (7.85 periods), wall: 4.041 hours, Δt:   0.87, CFL: 7.20e-01
i: 482900, t:  493606.4 s, ωt:  49.36 (7.86 periods), wall: 4.042 hours, Δt:   1.00, CFL: 7.20e-01
i: 483000, t:  493701.0 s, ωt:  49.37 (7.86 periods), wall: 4.043 hours, Δt:   0.89, CFL: 7.20e-01
i: 483100, t:  493794.8 s, ωt:  49.38 (7.86 periods), wall: 4.043 hours, Δt:   0.91, CFL: 7.20e-01
i: 483200, t:  493883.5 s, ωt:  49.39 (7.86 periods), wall: 4.044 hours, Δt:   1.01, CFL: 7.20e-01
i: 483300, t:  493967.5 s, ωt:  49.40 (7.86 periods), wall: 4.045 hours, Δt:   0.67, CFL: 7.20e-01
i: 483400, t:  494055.0 s, ωt:  49.41 (7.86 periods), wall: 4.046 hours, Δt:   1.01, CFL: 7.20e-01
i: 483500, t:  494163.4 s, ωt:  49.42 (7.86 periods), wall: 4.047 hours, Δt:   1.07, CFL: 7.20e-01
i: 483600, t:  494261.5 s, ωt:  49.43 (7.87 periods), wall: 4.048 hours, Δt:   0.92, CFL: 7.20e-01
i: 483700, t:  494351.0 s, ωt:  49.44 (7.87 periods), wall: 4.048 hours, Δt:   1.09, CFL: 7.20e-01
i: 483800, t:  494454.6 s, ωt:  49.45 (7.87 periods), wall: 4.049 hours, Δt:   1.12, CFL: 7.20e-01
i: 483900, t:  494555.3 s, ωt:  49.46 (7.87 periods), wall: 4.050 hours, Δt:   0.97, CFL: 7.20e-01
i: 484000, t:  494654.4 s, ωt:  49.47 (7.87 periods), wall: 4.051 hours, Δt:   0.93, CFL: 7.20e-01
i: 484100, t:  494753.6 s, ωt:  49.48 (7.87 periods), wall: 4.052 hours, Δt:   0.89, CFL: 7.20e-01
i: 484200, t:  494850.4 s, ωt:  49.49 (7.88 periods), wall: 4.053 hours, Δt:   1.04, CFL: 7.20e-01
i: 484300, t:  494950.6 s, ωt:  49.50 (7.88 periods), wall: 4.053 hours, Δt:   1.08, CFL: 7.20e-01
i: 484400, t:  495065.3 s, ωt:  49.51 (7.88 periods), wall: 4.054 hours, Δt:   1.18, CFL: 7.20e-01
i: 484500, t:  495173.3 s, ωt:  49.52 (7.88 periods), wall: 4.055 hours, Δt:   1.00, CFL: 7.20e-01
i: 484600, t:  495285.4 s, ωt:  49.53 (7.88 periods), wall: 4.056 hours, Δt:   1.21, CFL: 7.20e-01
i: 484700, t:  495399.5 s, ωt:  49.54 (7.88 periods), wall: 4.057 hours, Δt:   1.20, CFL: 7.20e-01
i: 484800, t:  495504.8 s, ωt:  49.55 (7.89 periods), wall: 4.058 hours, Δt:   1.19, CFL: 7.20e-01
i: 484900, t:  495617.1 s, ωt:  49.56 (7.89 periods), wall: 4.058 hours, Δt:   1.14, CFL: 7.20e-01
i: 485000, t:  495740.1 s, ωt:  49.57 (7.89 periods), wall: 4.059 hours, Δt:   1.26, CFL: 7.20e-01
i: 485100, t:  495863.6 s, ωt:  49.59 (7.89 periods), wall: 4.060 hours, Δt:   1.32, CFL: 7.20e-01
i: 485200, t:  495998.4 s, ωt:  49.60 (7.89 periods), wall: 4.061 hours, Δt:   1.22, CFL: 7.20e-01
i: 485300, t:  496125.1 s, ωt:  49.61 (7.90 periods), wall: 4.062 hours, Δt:   1.22, CFL: 7.20e-01
i: 485400, t:  496242.1 s, ωt:  49.62 (7.90 periods), wall: 4.063 hours, Δt:   0.96, CFL: 7.20e-01
i: 485500, t:  496356.7 s, ωt:  49.64 (7.90 periods), wall: 4.063 hours, Δt:   1.17, CFL: 7.20e-01
i: 485600, t:  496476.2 s, ωt:  49.65 (7.90 periods), wall: 4.064 hours, Δt:   0.96, CFL: 7.20e-01
i: 485700, t:  496582.8 s, ωt:  49.66 (7.90 periods), wall: 4.065 hours, Δt:   1.06, CFL: 7.20e-01
i: 485800, t:  496706.4 s, ωt:  49.67 (7.91 periods), wall: 4.066 hours, Δt:   1.27, CFL: 7.20e-01
i: 485900, t:  496844.2 s, ωt:  49.68 (7.91 periods), wall: 4.067 hours, Δt:   1.48, CFL: 7.20e-01
i: 486000, t:  496979.3 s, ωt:  49.70 (7.91 periods), wall: 4.068 hours, Δt:   1.34, CFL: 7.20e-01
i: 486100, t:  497106.9 s, ωt:  49.71 (7.91 periods), wall: 4.068 hours, Δt:   1.50, CFL: 7.20e-01
i: 486200, t:  497255.1 s, ωt:  49.73 (7.91 periods), wall: 4.069 hours, Δt:   1.52, CFL: 7.20e-01
i: 486300, t:  497420.9 s, ωt:  49.74 (7.92 periods), wall: 4.070 hours, Δt:   1.72, CFL: 7.20e-01
i: 486400, t:  497581.7 s, ωt:  49.76 (7.92 periods), wall: 4.071 hours, Δt:   1.86, CFL: 7.20e-01
i: 486500, t:  497755.0 s, ωt:  49.78 (7.92 periods), wall: 4.072 hours, Δt:   1.56, CFL: 7.20e-01
i: 486600, t:  497908.9 s, ωt:  49.79 (7.92 periods), wall: 4.073 hours, Δt:   1.54, CFL: 7.20e-01
i: 486700, t:  498058.6 s, ωt:  49.81 (7.93 periods), wall: 4.073 hours, Δt:   1.62, CFL: 7.20e-01
i: 486800, t:  498226.2 s, ωt:  49.82 (7.93 periods), wall: 4.074 hours, Δt:   1.68, CFL: 7.20e-01
i: 486900, t:  498395.8 s, ωt:  49.84 (7.93 periods), wall: 4.075 hours, Δt:   1.70, CFL: 7.20e-01
i: 487000, t:  498582.2 s, ωt:  49.86 (7.94 periods), wall: 4.076 hours, Δt:   1.96, CFL: 7.20e-01
i: 487100, t:  498771.2 s, ωt:  49.88 (7.94 periods), wall: 4.077 hours, Δt:   1.62, CFL: 7.20e-01
i: 487200, t:  498950.3 s, ωt:  49.90 (7.94 periods), wall: 4.078 hours, Δt:   1.91, CFL: 7.20e-01
i: 487300, t:  499151.5 s, ωt:  49.92 (7.94 periods), wall: 4.078 hours, Δt:   2.28, CFL: 7.20e-01
i: 487400, t:  499363.9 s, ωt:  49.94 (7.95 periods), wall: 4.079 hours, Δt:   2.07, CFL: 7.20e-01
i: 487500, t:  499542.6 s, ωt:  49.95 (7.95 periods), wall: 4.080 hours, Δt:   1.83, CFL: 7.20e-01
i: 487600, t:  499765.2 s, ωt:  49.98 (7.95 periods), wall: 4.081 hours, Δt:   1.95, CFL: 7.20e-01
i: 487700, t:  499993.7 s, ωt:  50.00 (7.96 periods), wall: 4.082 hours, Δt:   2.59, CFL: 7.20e-01
i: 487800, t:  500246.1 s, ωt:  50.02 (7.96 periods), wall: 4.083 hours, Δt:   2.62, CFL: 7.20e-01
i: 487900, t:  500556.3 s, ωt:  50.06 (7.97 periods), wall: 4.083 hours, Δt:   3.84, CFL: 7.20e-01
i: 488000, t:  500894.1 s, ωt:  50.09 (7.97 periods), wall: 4.084 hours, Δt:   3.68, CFL: 7.20e-01
i: 488100, t:  501201.3 s, ωt:  50.12 (7.98 periods), wall: 4.085 hours, Δt:   2.67, CFL: 7.20e-01
i: 488200, t:  501451.8 s, ωt:  50.15 (7.98 periods), wall: 4.086 hours, Δt:   3.35, CFL: 7.20e-01
i: 488300, t:  501762.9 s, ωt:  50.18 (7.99 periods), wall: 4.087 hours, Δt:   2.96, CFL: 7.20e-01
i: 488400, t:  502057.2 s, ωt:  50.21 (7.99 periods), wall: 4.088 hours, Δt:   2.79, CFL: 7.20e-01
i: 488500, t:  502326.1 s, ωt:  50.23 (7.99 periods), wall: 4.089 hours, Δt:   2.53, CFL: 7.20e-01
i: 488600, t:  502571.1 s, ωt:  50.26 (8.00 periods), wall: 4.089 hours, Δt:   2.62, CFL: 7.20e-01
[ Info: Oceananigans will use 16 threads
[ Info: Case L1Lz_Ri500 (L = 1.000 Lz = 12.73 m): Ri = 500, N² = 5e-06 s⁻², δ_s = 0.1414 m, Re_s = 5657
[ Info: Domain 7.071 × 3.536 × 12.728 m = 50 × 25 × 90 δ_s, 8 periods
[ Info: Background: exponential, N²_bg = N∞²[1−exp(−z/L)], L = 12.73 m = 90.0 δ_s (N²_bg/N∞² = 0.011 at z = δ_s, 0.632 at lid z = Lz)
[ Info: Bottom Δz = 0.0073 m = 0.051 δ_s (19.5 points across δ_s); 182 of 192 cells below the sponge
[ Info: Δx = 0.1473 m = 1.04 δ_s, Δy = 0.0737 m = 0.52 δ_s
[ Info: Initializing velocities from Ri=0 spin-up: -Varying L_strat/output_L4_Ri0/TidalBL3D_L4_Ri0_fields.jld2
[ Info: Using snapshot 11/11 (t = 5.00 periods of the spin-up)
[ Info: x-y slice at k = 18 (z = 0.151 m ≈ δ)
[ Info: Initializing simulation...
[ Info:     ... simulation initialization complete (18.617 seconds)
[ Info: Executing initial time step...
[ Info:     ... initial time step complete (4.316 seconds).
[ Info: Simulation is stopping after running for 4.084 hours.
[ Info: Simulation time 5.818 days equals or exceeds stop time 5.818 days.
