i:      0, t:       0.0 s, ωt:   0.00 (0.00 periods), wall: 10.973 seconds, Δt:   1.20, CFL: 1.65e-01
i:    100, t:     307.7 s, ωt:   0.03 (0.00 periods), wall: 22.397 seconds, Δt:   5.99, CFL: 7.20e-01
i:    200, t:     879.9 s, ωt:   0.09 (0.01 periods), wall: 24.628 seconds, Δt:   5.99, CFL: 7.20e-01
i:    300, t:    1414.3 s, ωt:   0.14 (0.02 periods), wall: 26.858 seconds, Δt:   5.49, CFL: 7.20e-01
i:    400, t:    1950.3 s, ωt:   0.20 (0.03 periods), wall: 29.091 seconds, Δt:   4.33, CFL: 7.20e-01
i:    500, t:    2438.8 s, ωt:   0.24 (0.04 periods), wall: 31.320 seconds, Δt:   4.96, CFL: 7.20e-01
i:    600, t:    2882.0 s, ωt:   0.29 (0.05 periods), wall: 33.557 seconds, Δt:   3.83, CFL: 7.20e-01
i:    700, t:    3318.7 s, ωt:   0.33 (0.05 periods), wall: 35.782 seconds, Δt:   4.56, CFL: 7.20e-01
i:    800, t:    3739.8 s, ωt:   0.37 (0.06 periods), wall: 38.016 seconds, Δt:   3.87, CFL: 7.20e-01
i:    900, t:    4111.9 s, ωt:   0.41 (0.07 periods), wall: 40.246 seconds, Δt:   2.73, CFL: 7.20e-01
i:   1000, t:    4393.2 s, ωt:   0.44 (0.07 periods), wall: 42.472 seconds, Δt:   3.03, CFL: 7.20e-01
i:   1100, t:    4691.7 s, ωt:   0.47 (0.07 periods), wall: 44.694 seconds, Δt:   2.99, CFL: 7.20e-01
i:   1200, t:    4975.4 s, ωt:   0.50 (0.08 periods), wall: 46.928 seconds, Δt:   2.93, CFL: 7.20e-01
i:   1300, t:    5243.2 s, ωt:   0.52 (0.08 periods), wall: 49.158 seconds, Δt:   2.23, CFL: 7.20e-01
i:   1400, t:    5503.7 s, ωt:   0.55 (0.09 periods), wall: 51.386 seconds, Δt:   2.58, CFL: 7.20e-01
i:   1500, t:    5749.7 s, ωt:   0.57 (0.09 periods), wall: 53.621 seconds, Δt:   2.47, CFL: 7.20e-01
i:   1600, t:    5969.0 s, ωt:   0.60 (0.10 periods), wall: 55.847 seconds, Δt:   2.27, CFL: 7.20e-01
i:   1700, t:    6201.2 s, ωt:   0.62 (0.10 periods), wall: 58.082 seconds, Δt:   2.28, CFL: 7.20e-01
i:   1800, t:    6407.5 s, ωt:   0.64 (0.10 periods), wall: 1.005 minutes, Δt:   2.35, CFL: 7.20e-01
i:   1900, t:    6605.2 s, ωt:   0.66 (0.11 periods), wall: 1.042 minutes, Δt:   2.08, CFL: 7.20e-01
i:   2000, t:    6795.6 s, ωt:   0.68 (0.11 periods), wall: 1.080 minutes, Δt:   1.99, CFL: 7.20e-01
i:   2100, t:    6994.0 s, ωt:   0.70 (0.11 periods), wall: 1.117 minutes, Δt:   1.80, CFL: 7.20e-01
i:   2200, t:    7184.8 s, ωt:   0.72 (0.11 periods), wall: 1.154 minutes, Δt:   1.69, CFL: 7.20e-01
i:   2300, t:    7370.4 s, ωt:   0.74 (0.12 periods), wall: 1.191 minutes, Δt:   1.95, CFL: 7.20e-01
i:   2400, t:    7569.8 s, ωt:   0.76 (0.12 periods), wall: 1.228 minutes, Δt:   1.89, CFL: 7.20e-01
i:   2500, t:    7759.0 s, ωt:   0.78 (0.12 periods), wall: 1.266 minutes, Δt:   1.86, CFL: 7.20e-01
i:   2600, t:    7956.4 s, ωt:   0.80 (0.13 periods), wall: 1.303 minutes, Δt:   2.07, CFL: 7.20e-01
i:   2700, t:    8139.4 s, ωt:   0.81 (0.13 periods), wall: 1.340 minutes, Δt:   1.48, CFL: 7.20e-01
i:   2800, t:    8306.7 s, ωt:   0.83 (0.13 periods), wall: 1.377 minutes, Δt:   1.75, CFL: 7.20e-01
i:   2900, t:    8475.8 s, ωt:   0.85 (0.13 periods), wall: 1.415 minutes, Δt:   1.62, CFL: 7.20e-01
i:   3000, t:    8635.2 s, ωt:   0.86 (0.14 periods), wall: 1.452 minutes, Δt:   1.57, CFL: 7.20e-01
i:   3100, t:    8803.5 s, ωt:   0.88 (0.14 periods), wall: 1.489 minutes, Δt:   1.67, CFL: 7.20e-01
i:   3200, t:    8969.5 s, ωt:   0.90 (0.14 periods), wall: 1.526 minutes, Δt:   1.49, CFL: 7.20e-01
i:   3300, t:    9137.7 s, ωt:   0.91 (0.15 periods), wall: 1.563 minutes, Δt:   1.73, CFL: 7.20e-01
i:   3400, t:    9305.5 s, ωt:   0.93 (0.15 periods), wall: 1.600 minutes, Δt:   1.76, CFL: 7.20e-01
i:   3500, t:    9468.4 s, ωt:   0.95 (0.15 periods), wall: 1.638 minutes, Δt:   1.61, CFL: 7.20e-01
i:   3600, t:    9635.7 s, ωt:   0.96 (0.15 periods), wall: 1.675 minutes, Δt:   1.61, CFL: 7.20e-01
i:   3700, t:    9802.6 s, ωt:   0.98 (0.16 periods), wall: 1.712 minutes, Δt:   1.47, CFL: 7.20e-01
i:   3800, t:    9958.9 s, ωt:   1.00 (0.16 periods), wall: 1.749 minutes, Δt:   1.62, CFL: 7.20e-01
i:   3900, t:   10114.4 s, ωt:   1.01 (0.16 periods), wall: 1.787 minutes, Δt:   1.64, CFL: 7.20e-01
i:   4000, t:   10269.5 s, ωt:   1.03 (0.16 periods), wall: 1.824 minutes, Δt:   1.52, CFL: 7.20e-01
i:   4100, t:   10429.2 s, ωt:   1.04 (0.17 periods), wall: 1.861 minutes, Δt:   1.69, CFL: 7.20e-01
i:   4200, t:   10581.3 s, ωt:   1.06 (0.17 periods), wall: 1.898 minutes, Δt:   1.58, CFL: 7.20e-01
i:   4300, t:   10737.2 s, ωt:   1.07 (0.17 periods), wall: 1.936 minutes, Δt:   1.59, CFL: 7.20e-01
i:   4400, t:   10879.4 s, ωt:   1.09 (0.17 periods), wall: 1.974 minutes, Δt:   1.35, CFL: 7.20e-01
i:   4500, t:   11028.7 s, ωt:   1.10 (0.18 periods), wall: 2.011 minutes, Δt:   1.27, CFL: 7.20e-01
i:   4600, t:   11177.5 s, ωt:   1.12 (0.18 periods), wall: 2.048 minutes, Δt:   1.35, CFL: 7.20e-01
i:   4700, t:   11320.1 s, ωt:   1.13 (0.18 periods), wall: 2.085 minutes, Δt:   1.51, CFL: 7.20e-01
i:   4800, t:   11461.7 s, ωt:   1.15 (0.18 periods), wall: 2.122 minutes, Δt:   1.55, CFL: 7.20e-01
i:   4900, t:   11611.0 s, ωt:   1.16 (0.18 periods), wall: 2.160 minutes, Δt:   1.54, CFL: 7.20e-01
i:   5000, t:   11749.3 s, ωt:   1.17 (0.19 periods), wall: 2.197 minutes, Δt:   1.44, CFL: 7.20e-01
i:   5100, t:   11897.2 s, ωt:   1.19 (0.19 periods), wall: 2.234 minutes, Δt:   1.45, CFL: 7.20e-01
i:   5200, t:   12041.3 s, ωt:   1.20 (0.19 periods), wall: 2.272 minutes, Δt:   1.15, CFL: 7.20e-01
i:   5300, t:   12161.1 s, ωt:   1.22 (0.19 periods), wall: 2.309 minutes, Δt:   1.48, CFL: 7.20e-01
i:   5400, t:   12305.8 s, ωt:   1.23 (0.20 periods), wall: 2.346 minutes, Δt:   1.49, CFL: 7.20e-01
i:   5500, t:   12450.4 s, ωt:   1.25 (0.20 periods), wall: 2.383 minutes, Δt:   1.24, CFL: 7.20e-01
i:   5600, t:   12584.5 s, ωt:   1.26 (0.20 periods), wall: 2.421 minutes, Δt:   1.43, CFL: 7.20e-01
i:   5700, t:   12723.7 s, ωt:   1.27 (0.20 periods), wall: 2.458 minutes, Δt:   1.45, CFL: 7.20e-01
i:   5800, t:   12858.8 s, ωt:   1.29 (0.20 periods), wall: 2.495 minutes, Δt:   1.29, CFL: 7.20e-01
i:   5900, t:   13001.8 s, ωt:   1.30 (0.21 periods), wall: 2.532 minutes, Δt:   1.47, CFL: 7.20e-01
i:   6000, t:   13144.2 s, ωt:   1.31 (0.21 periods), wall: 2.569 minutes, Δt:   1.33, CFL: 7.20e-01
i:   6100, t:   13274.4 s, ωt:   1.33 (0.21 periods), wall: 2.606 minutes, Δt:   1.22, CFL: 7.20e-01
i:   6200, t:   13410.0 s, ωt:   1.34 (0.21 periods), wall: 2.644 minutes, Δt:   1.46, CFL: 7.20e-01
i:   6300, t:   13544.7 s, ωt:   1.35 (0.22 periods), wall: 2.681 minutes, Δt:   1.47, CFL: 7.20e-01
i:   6400, t:   13685.9 s, ωt:   1.37 (0.22 periods), wall: 2.719 minutes, Δt:   1.16, CFL: 7.20e-01
i:   6500, t:   13819.5 s, ωt:   1.38 (0.22 periods), wall: 2.756 minutes, Δt:   1.31, CFL: 7.20e-01
i:   6600, t:   13955.5 s, ωt:   1.40 (0.22 periods), wall: 2.793 minutes, Δt:   1.32, CFL: 7.20e-01
i:   6700, t:   14089.3 s, ωt:   1.41 (0.22 periods), wall: 2.830 minutes, Δt:   1.28, CFL: 7.20e-01
i:   6800, t:   14227.3 s, ωt:   1.42 (0.23 periods), wall: 2.867 minutes, Δt:   1.38, CFL: 7.20e-01
i:   6900, t:   14368.9 s, ωt:   1.44 (0.23 periods), wall: 2.905 minutes, Δt:   1.43, CFL: 7.20e-01
i:   7000, t:   14502.1 s, ωt:   1.45 (0.23 periods), wall: 2.942 minutes, Δt:   1.23, CFL: 7.20e-01
i:   7100, t:   14627.2 s, ωt:   1.46 (0.23 periods), wall: 2.979 minutes, Δt:   1.27, CFL: 7.20e-01
i:   7200, t:   14756.1 s, ωt:   1.48 (0.23 periods), wall: 3.017 minutes, Δt:   1.04, CFL: 7.20e-01
i:   7300, t:   14885.9 s, ωt:   1.49 (0.24 periods), wall: 3.054 minutes, Δt:   1.14, CFL: 7.20e-01
i:   7400, t:   15001.2 s, ωt:   1.50 (0.24 periods), wall: 3.091 minutes, Δt:   1.38, CFL: 7.20e-01
i:   7500, t:   15131.1 s, ωt:   1.51 (0.24 periods), wall: 3.128 minutes, Δt:   1.23, CFL: 7.20e-01
i:   7600, t:   15267.5 s, ωt:   1.53 (0.24 periods), wall: 3.166 minutes, Δt:   1.50, CFL: 7.20e-01
i:   7700, t:   15400.9 s, ωt:   1.54 (0.25 periods), wall: 3.203 minutes, Δt:   1.34, CFL: 7.20e-01
i:   7800, t:   15528.5 s, ωt:   1.55 (0.25 periods), wall: 3.241 minutes, Δt:   1.37, CFL: 7.20e-01
i:   7900, t:   15663.2 s, ωt:   1.57 (0.25 periods), wall: 3.278 minutes, Δt:   1.26, CFL: 7.20e-01
i:   8000, t:   15793.2 s, ωt:   1.58 (0.25 periods), wall: 3.315 minutes, Δt:   1.42, CFL: 7.20e-01
i:   8100, t:   15930.9 s, ωt:   1.59 (0.25 periods), wall: 3.352 minutes, Δt:   1.45, CFL: 7.20e-01
i:   8200, t:   16072.0 s, ωt:   1.61 (0.26 periods), wall: 3.389 minutes, Δt:   1.33, CFL: 7.20e-01
i:   8300, t:   16193.1 s, ωt:   1.62 (0.26 periods), wall: 3.427 minutes, Δt:   1.11, CFL: 7.20e-01
i:   8400, t:   16317.0 s, ωt:   1.63 (0.26 periods), wall: 3.464 minutes, Δt:   1.34, CFL: 7.20e-01
i:   8500, t:   16457.8 s, ωt:   1.65 (0.26 periods), wall: 3.501 minutes, Δt:   1.43, CFL: 7.20e-01
i:   8600, t:   16592.5 s, ωt:   1.66 (0.26 periods), wall: 3.539 minutes, Δt:   1.45, CFL: 7.20e-01
i:   8700, t:   16729.1 s, ωt:   1.67 (0.27 periods), wall: 3.576 minutes, Δt:   1.27, CFL: 7.20e-01
i:   8800, t:   16862.7 s, ωt:   1.69 (0.27 periods), wall: 3.613 minutes, Δt:   1.22, CFL: 7.20e-01
i:   8900, t:   16989.2 s, ωt:   1.70 (0.27 periods), wall: 3.650 minutes, Δt:   1.36, CFL: 7.20e-01
i:   9000, t:   17135.3 s, ωt:   1.71 (0.27 periods), wall: 3.687 minutes, Δt:   1.36, CFL: 7.20e-01
i:   9100, t:   17274.1 s, ωt:   1.73 (0.27 periods), wall: 3.724 minutes, Δt:   1.39, CFL: 7.20e-01
i:   9200, t:   17414.0 s, ωt:   1.74 (0.28 periods), wall: 3.762 minutes, Δt:   1.47, CFL: 7.20e-01
i:   9300, t:   17551.5 s, ωt:   1.76 (0.28 periods), wall: 3.799 minutes, Δt:   1.24, CFL: 7.20e-01
i:   9400, t:   17676.8 s, ωt:   1.77 (0.28 periods), wall: 3.836 minutes, Δt:   1.20, CFL: 7.20e-01
i:   9500, t:   17813.7 s, ωt:   1.78 (0.28 periods), wall: 3.873 minutes, Δt:   1.36, CFL: 7.20e-01
i:   9600, t:   17955.6 s, ωt:   1.80 (0.29 periods), wall: 3.911 minutes, Δt:   1.28, CFL: 7.20e-01
i:   9700, t:   18095.5 s, ωt:   1.81 (0.29 periods), wall: 3.948 minutes, Δt:   1.30, CFL: 7.20e-01
i:   9800, t:   18234.3 s, ωt:   1.82 (0.29 periods), wall: 3.986 minutes, Δt:   1.26, CFL: 7.20e-01
i:   9900, t:   18361.3 s, ωt:   1.84 (0.29 periods), wall: 4.023 minutes, Δt:   1.44, CFL: 7.20e-01
i:  10000, t:   18501.2 s, ωt:   1.85 (0.29 periods), wall: 4.060 minutes, Δt:   1.30, CFL: 7.20e-01
i:  10100, t:   18644.8 s, ωt:   1.86 (0.30 periods), wall: 4.097 minutes, Δt:   1.34, CFL: 7.20e-01
i:  10200, t:   18789.0 s, ωt:   1.88 (0.30 periods), wall: 4.134 minutes, Δt:   1.35, CFL: 7.20e-01
i:  10300, t:   18936.7 s, ωt:   1.89 (0.30 periods), wall: 4.171 minutes, Δt:   1.53, CFL: 7.20e-01
i:  10400, t:   19079.5 s, ωt:   1.91 (0.30 periods), wall: 4.208 minutes, Δt:   1.46, CFL: 7.20e-01
i:  10500, t:   19235.0 s, ωt:   1.92 (0.31 periods), wall: 4.246 minutes, Δt:   1.68, CFL: 7.20e-01
i:  10600, t:   19388.6 s, ωt:   1.94 (0.31 periods), wall: 4.283 minutes, Δt:   1.42, CFL: 7.20e-01
i:  10700, t:   19542.4 s, ωt:   1.95 (0.31 periods), wall: 4.320 minutes, Δt:   1.62, CFL: 7.20e-01
i:  10800, t:   19685.7 s, ωt:   1.97 (0.31 periods), wall: 4.357 minutes, Δt:   1.48, CFL: 7.20e-01
i:  10900, t:   19841.2 s, ωt:   1.98 (0.32 periods), wall: 4.395 minutes, Δt:   1.25, CFL: 7.20e-01
i:  11000, t:   19973.0 s, ωt:   2.00 (0.32 periods), wall: 4.432 minutes, Δt:   1.30, CFL: 7.20e-01
i:  11100, t:   20111.5 s, ωt:   2.01 (0.32 periods), wall: 4.469 minutes, Δt:   1.23, CFL: 7.20e-01
i:  11200, t:   20245.2 s, ωt:   2.02 (0.32 periods), wall: 4.506 minutes, Δt:   1.52, CFL: 7.20e-01
i:  11300, t:   20382.2 s, ωt:   2.04 (0.32 periods), wall: 4.543 minutes, Δt:   1.43, CFL: 7.20e-01
i:  11400, t:   20530.4 s, ωt:   2.05 (0.33 periods), wall: 4.581 minutes, Δt:   1.64, CFL: 7.20e-01
i:  11500, t:   20678.2 s, ωt:   2.07 (0.33 periods), wall: 4.618 minutes, Δt:   1.27, CFL: 7.20e-01
i:  11600, t:   20815.1 s, ωt:   2.08 (0.33 periods), wall: 4.656 minutes, Δt:   1.35, CFL: 7.20e-01
i:  11700, t:   20974.1 s, ωt:   2.10 (0.33 periods), wall: 4.693 minutes, Δt:   1.44, CFL: 7.20e-01
i:  11800, t:   21114.2 s, ωt:   2.11 (0.34 periods), wall: 4.730 minutes, Δt:   1.58, CFL: 7.20e-01
i:  11900, t:   21261.5 s, ωt:   2.13 (0.34 periods), wall: 4.767 minutes, Δt:   1.58, CFL: 7.20e-01
i:  12000, t:   21410.1 s, ωt:   2.14 (0.34 periods), wall: 4.804 minutes, Δt:   1.67, CFL: 7.20e-01
i:  12100, t:   21559.0 s, ωt:   2.16 (0.34 periods), wall: 4.841 minutes, Δt:   1.54, CFL: 7.20e-01
i:  12200, t:   21709.8 s, ωt:   2.17 (0.35 periods), wall: 4.879 minutes, Δt:   1.34, CFL: 7.20e-01
i:  12300, t:   21859.5 s, ωt:   2.19 (0.35 periods), wall: 4.916 minutes, Δt:   1.67, CFL: 7.20e-01
i:  12400, t:   22018.5 s, ωt:   2.20 (0.35 periods), wall: 4.954 minutes, Δt:   1.67, CFL: 7.20e-01
i:  12500, t:   22185.8 s, ωt:   2.22 (0.35 periods), wall: 4.991 minutes, Δt:   1.33, CFL: 7.20e-01
i:  12600, t:   22337.8 s, ωt:   2.23 (0.36 periods), wall: 5.028 minutes, Δt:   1.62, CFL: 7.20e-01
i:  12700, t:   22492.5 s, ωt:   2.25 (0.36 periods), wall: 5.065 minutes, Δt:   1.46, CFL: 7.20e-01
i:  12800, t:   22654.2 s, ωt:   2.27 (0.36 periods), wall: 5.102 minutes, Δt:   1.65, CFL: 7.20e-01
i:  12900, t:   22832.5 s, ωt:   2.28 (0.36 periods), wall: 5.139 minutes, Δt:   1.99, CFL: 7.20e-01
i:  13000, t:   23016.9 s, ωt:   2.30 (0.37 periods), wall: 5.177 minutes, Δt:   1.79, CFL: 7.20e-01
i:  13100, t:   23199.1 s, ωt:   2.32 (0.37 periods), wall: 5.214 minutes, Δt:   1.51, CFL: 7.20e-01
i:  13200, t:   23357.6 s, ωt:   2.34 (0.37 periods), wall: 5.251 minutes, Δt:   1.59, CFL: 7.20e-01
i:  13300, t:   23510.7 s, ωt:   2.35 (0.37 periods), wall: 5.289 minutes, Δt:   1.73, CFL: 7.20e-01
i:  13400, t:   23686.8 s, ωt:   2.37 (0.38 periods), wall: 5.326 minutes, Δt:   1.93, CFL: 7.20e-01
i:  13500, t:   23868.8 s, ωt:   2.39 (0.38 periods), wall: 5.363 minutes, Δt:   2.16, CFL: 7.20e-01
i:  13600, t:   24068.4 s, ωt:   2.41 (0.38 periods), wall: 5.401 minutes, Δt:   1.92, CFL: 7.20e-01
i:  13700, t:   24264.3 s, ωt:   2.43 (0.39 periods), wall: 5.438 minutes, Δt:   2.29, CFL: 7.20e-01
i:  13800, t:   24472.4 s, ωt:   2.45 (0.39 periods), wall: 5.475 minutes, Δt:   1.56, CFL: 7.20e-01
i:  13900, t:   24648.0 s, ωt:   2.46 (0.39 periods), wall: 5.513 minutes, Δt:   2.36, CFL: 7.20e-01
i:  14000, t:   24877.6 s, ωt:   2.49 (0.40 periods), wall: 5.550 minutes, Δt:   2.20, CFL: 7.20e-01
i:  14100, t:   25099.0 s, ωt:   2.51 (0.40 periods), wall: 5.587 minutes, Δt:   2.31, CFL: 7.20e-01
i:  14200, t:   25323.5 s, ωt:   2.53 (0.40 periods), wall: 5.624 minutes, Δt:   2.20, CFL: 7.20e-01
i:  14300, t:   25529.0 s, ωt:   2.55 (0.41 periods), wall: 5.662 minutes, Δt:   2.06, CFL: 7.20e-01
i:  14400, t:   25739.7 s, ωt:   2.57 (0.41 periods), wall: 5.699 minutes, Δt:   2.32, CFL: 7.20e-01
i:  14500, t:   25964.8 s, ωt:   2.60 (0.41 periods), wall: 5.737 minutes, Δt:   2.06, CFL: 7.20e-01
i:  14600, t:   26181.7 s, ωt:   2.62 (0.42 periods), wall: 5.774 minutes, Δt:   2.39, CFL: 7.20e-01
i:  14700, t:   26414.5 s, ωt:   2.64 (0.42 periods), wall: 5.811 minutes, Δt:   2.68, CFL: 7.20e-01
i:  14800, t:   26681.1 s, ωt:   2.67 (0.42 periods), wall: 5.848 minutes, Δt:   2.42, CFL: 7.20e-01
i:  14900, t:   26917.5 s, ωt:   2.69 (0.43 periods), wall: 5.885 minutes, Δt:   2.43, CFL: 7.20e-01
i:  15000, t:   27149.9 s, ωt:   2.71 (0.43 periods), wall: 5.922 minutes, Δt:   2.79, CFL: 7.20e-01
i:  15100, t:   27428.0 s, ωt:   2.74 (0.44 periods), wall: 5.960 minutes, Δt:   2.47, CFL: 7.20e-01
i:  15200, t:   27682.4 s, ωt:   2.77 (0.44 periods), wall: 5.997 minutes, Δt:   2.46, CFL: 7.20e-01
i:  15300, t:   27944.4 s, ωt:   2.79 (0.44 periods), wall: 6.035 minutes, Δt:   3.31, CFL: 7.20e-01
i:  15400, t:   28247.9 s, ωt:   2.82 (0.45 periods), wall: 6.072 minutes, Δt:   2.94, CFL: 7.20e-01
i:  15500, t:   28496.6 s, ωt:   2.85 (0.45 periods), wall: 6.109 minutes, Δt:   2.93, CFL: 7.20e-01
i:  15600, t:   28765.8 s, ωt:   2.88 (0.46 periods), wall: 6.146 minutes, Δt:   2.34, CFL: 7.20e-01
i:  15700, t:   29058.2 s, ωt:   2.91 (0.46 periods), wall: 6.183 minutes, Δt:   2.72, CFL: 7.20e-01
i:  15800, t:   29361.0 s, ωt:   2.94 (0.47 periods), wall: 6.221 minutes, Δt:   3.77, CFL: 7.20e-01
i:  15900, t:   29756.6 s, ωt:   2.98 (0.47 periods), wall: 6.258 minutes, Δt:   4.54, CFL: 7.20e-01
i:  16000, t:   30218.0 s, ωt:   3.02 (0.48 periods), wall: 6.296 minutes, Δt:   5.63, CFL: 7.20e-01
i:  16100, t:   30693.6 s, ωt:   3.07 (0.49 periods), wall: 6.333 minutes, Δt:   5.22, CFL: 7.20e-01
i:  16200, t:   31228.0 s, ωt:   3.12 (0.50 periods), wall: 6.370 minutes, Δt:   5.17, CFL: 7.20e-01
i:  16300, t:   31800.2 s, ωt:   3.18 (0.51 periods), wall: 6.410 minutes, Δt:   6.50, CFL: 7.20e-01
i:  16400, t:   32380.5 s, ωt:   3.24 (0.52 periods), wall: 6.448 minutes, Δt:   5.45, CFL: 7.20e-01
i:  16500, t:   32973.1 s, ωt:   3.30 (0.52 periods), wall: 6.485 minutes, Δt:   5.77, CFL: 7.20e-01
i:  16600, t:   33475.2 s, ωt:   3.35 (0.53 periods), wall: 6.522 minutes, Δt:   5.26, CFL: 7.20e-01
i:  16700, t:   33980.3 s, ωt:   3.40 (0.54 periods), wall: 6.560 minutes, Δt:   4.85, CFL: 7.20e-01
i:  16800, t:   34427.9 s, ωt:   3.44 (0.55 periods), wall: 6.597 minutes, Δt:   4.38, CFL: 7.20e-01
i:  16900, t:   34845.1 s, ωt:   3.48 (0.55 periods), wall: 6.634 minutes, Δt:   3.95, CFL: 7.20e-01
i:  17000, t:   35188.7 s, ωt:   3.52 (0.56 periods), wall: 6.671 minutes, Δt:   2.91, CFL: 7.20e-01
i:  17100, t:   35503.3 s, ωt:   3.55 (0.57 periods), wall: 6.709 minutes, Δt:   3.13, CFL: 7.20e-01
i:  17200, t:   35807.0 s, ωt:   3.58 (0.57 periods), wall: 6.746 minutes, Δt:   2.52, CFL: 7.20e-01
i:  17300, t:   36078.7 s, ωt:   3.61 (0.57 periods), wall: 6.783 minutes, Δt:   2.82, CFL: 7.20e-01
i:  17400, t:   36355.4 s, ωt:   3.64 (0.58 periods), wall: 6.820 minutes, Δt:   2.49, CFL: 7.20e-01
i:  17500, t:   36593.3 s, ωt:   3.66 (0.58 periods), wall: 6.857 minutes, Δt:   2.52, CFL: 7.20e-01
i:  17600, t:   36834.4 s, ωt:   3.68 (0.59 periods), wall: 6.894 minutes, Δt:   2.07, CFL: 7.20e-01
i:  17700, t:   37042.7 s, ωt:   3.70 (0.59 periods), wall: 6.932 minutes, Δt:   2.26, CFL: 7.20e-01
i:  17800, t:   37277.1 s, ωt:   3.73 (0.59 periods), wall: 6.969 minutes, Δt:   2.04, CFL: 7.20e-01
i:  17900, t:   37497.4 s, ωt:   3.75 (0.60 periods), wall: 7.006 minutes, Δt:   2.04, CFL: 7.20e-01
i:  18000, t:   37716.8 s, ωt:   3.77 (0.60 periods), wall: 7.043 minutes, Δt:   2.36, CFL: 7.20e-01
i:  18100, t:   37921.3 s, ωt:   3.79 (0.60 periods), wall: 7.080 minutes, Δt:   1.78, CFL: 7.20e-01
i:  18200, t:   38112.8 s, ωt:   3.81 (0.61 periods), wall: 7.117 minutes, Δt:   1.89, CFL: 7.20e-01
i:  18300, t:   38313.7 s, ωt:   3.83 (0.61 periods), wall: 7.155 minutes, Δt:   1.91, CFL: 7.20e-01
i:  18400, t:   38489.9 s, ωt:   3.85 (0.61 periods), wall: 7.192 minutes, Δt:   1.60, CFL: 7.20e-01
i:  18500, t:   38666.2 s, ωt:   3.87 (0.62 periods), wall: 7.229 minutes, Δt:   1.87, CFL: 7.20e-01
i:  18600, t:   38856.4 s, ωt:   3.89 (0.62 periods), wall: 7.266 minutes, Δt:   1.91, CFL: 7.20e-01
i:  18700, t:   39031.7 s, ωt:   3.90 (0.62 periods), wall: 7.303 minutes, Δt:   1.70, CFL: 7.20e-01
i:  18800, t:   39206.4 s, ωt:   3.92 (0.62 periods), wall: 7.340 minutes, Δt:   1.91, CFL: 7.20e-01
i:  18900, t:   39388.4 s, ωt:   3.94 (0.63 periods), wall: 7.378 minutes, Δt:   1.74, CFL: 7.20e-01
i:  19000, t:   39560.2 s, ωt:   3.96 (0.63 periods), wall: 7.415 minutes, Δt:   1.77, CFL: 7.20e-01
i:  19100, t:   39732.8 s, ωt:   3.97 (0.63 periods), wall: 7.452 minutes, Δt:   1.60, CFL: 7.20e-01
i:  19200, t:   39903.6 s, ωt:   3.99 (0.64 periods), wall: 7.489 minutes, Δt:   1.87, CFL: 7.20e-01
i:  19300, t:   40071.4 s, ωt:   4.01 (0.64 periods), wall: 7.526 minutes, Δt:   1.76, CFL: 7.20e-01
i:  19400, t:   40239.8 s, ωt:   4.02 (0.64 periods), wall: 7.564 minutes, Δt:   1.69, CFL: 7.20e-01
i:  19500, t:   40388.7 s, ωt:   4.04 (0.64 periods), wall: 7.601 minutes, Δt:   1.60, CFL: 7.20e-01
i:  19600, t:   40545.2 s, ωt:   4.05 (0.65 periods), wall: 7.638 minutes, Δt:   1.55, CFL: 7.20e-01
i:  19700, t:   40718.5 s, ωt:   4.07 (0.65 periods), wall: 7.675 minutes, Δt:   1.57, CFL: 7.20e-01
i:  19800, t:   40876.7 s, ωt:   4.09 (0.65 periods), wall: 7.712 minutes, Δt:   1.58, CFL: 7.20e-01
i:  19900, t:   41019.5 s, ωt:   4.10 (0.65 periods), wall: 7.750 minutes, Δt:   1.46, CFL: 7.20e-01
i:  20000, t:   41170.4 s, ωt:   4.12 (0.66 periods), wall: 7.787 minutes, Δt:   1.50, CFL: 7.20e-01
i:  20100, t:   41328.2 s, ωt:   4.13 (0.66 periods), wall: 7.824 minutes, Δt:   1.57, CFL: 7.20e-01
i:  20200, t:   41480.1 s, ωt:   4.15 (0.66 periods), wall: 7.861 minutes, Δt:   1.59, CFL: 7.20e-01
i:  20300, t:   41627.6 s, ωt:   4.16 (0.66 periods), wall: 7.898 minutes, Δt:   1.47, CFL: 7.20e-01
i:  20400, t:   41778.2 s, ωt:   4.18 (0.66 periods), wall: 7.935 minutes, Δt:   1.50, CFL: 7.20e-01
i:  20500, t:   41912.6 s, ωt:   4.19 (0.67 periods), wall: 7.973 minutes, Δt:   1.33, CFL: 7.20e-01
i:  20600, t:   42051.9 s, ωt:   4.21 (0.67 periods), wall: 8.010 minutes, Δt:   1.20, CFL: 7.20e-01
i:  20700, t:   42192.3 s, ωt:   4.22 (0.67 periods), wall: 8.047 minutes, Δt:   1.37, CFL: 7.20e-01
i:  20800, t:   42339.8 s, ωt:   4.23 (0.67 periods), wall: 8.084 minutes, Δt:   1.36, CFL: 7.20e-01
i:  20900, t:   42477.4 s, ωt:   4.25 (0.68 periods), wall: 8.122 minutes, Δt:   1.42, CFL: 7.20e-01
i:  21000, t:   42623.7 s, ωt:   4.26 (0.68 periods), wall: 8.159 minutes, Δt:   1.65, CFL: 7.20e-01
i:  21100, t:   42779.4 s, ωt:   4.28 (0.68 periods), wall: 8.196 minutes, Δt:   1.36, CFL: 7.20e-01
i:  21200, t:   42918.1 s, ωt:   4.29 (0.68 periods), wall: 8.233 minutes, Δt:   1.35, CFL: 7.20e-01
i:  21300, t:   43057.8 s, ωt:   4.31 (0.69 periods), wall: 8.270 minutes, Δt:   1.40, CFL: 7.20e-01
i:  21400, t:   43192.5 s, ωt:   4.32 (0.69 periods), wall: 8.307 minutes, Δt:   1.32, CFL: 7.20e-01
i:  21500, t:   43331.8 s, ωt:   4.33 (0.69 periods), wall: 8.344 minutes, Δt:   1.41, CFL: 7.20e-01
i:  21600, t:   43479.5 s, ωt:   4.35 (0.69 periods), wall: 8.381 minutes, Δt:   1.44, CFL: 7.20e-01
i:  21700, t:   43618.8 s, ωt:   4.36 (0.69 periods), wall: 8.419 minutes, Δt:   1.51, CFL: 7.20e-01
i:  21800, t:   43757.4 s, ωt:   4.38 (0.70 periods), wall: 8.456 minutes, Δt:   1.24, CFL: 7.20e-01
i:  21900, t:   43881.6 s, ωt:   4.39 (0.70 periods), wall: 8.493 minutes, Δt:   1.30, CFL: 7.20e-01
i:  22000, t:   44002.2 s, ωt:   4.40 (0.70 periods), wall: 8.531 minutes, Δt:   1.03, CFL: 7.20e-01
i:  22100, t:   44129.4 s, ωt:   4.41 (0.70 periods), wall: 8.568 minutes, Δt:   1.41, CFL: 7.20e-01
i:  22200, t:   44269.6 s, ωt:   4.43 (0.70 periods), wall: 8.605 minutes, Δt:   1.08, CFL: 7.20e-01
i:  22300, t:   44394.0 s, ωt:   4.44 (0.71 periods), wall: 8.642 minutes, Δt:   1.36, CFL: 7.20e-01
i:  22400, t:   44528.2 s, ωt:   4.45 (0.71 periods), wall: 8.679 minutes, Δt:   1.19, CFL: 7.20e-01
i:  22500, t:   44653.1 s, ωt:   4.47 (0.71 periods), wall: 8.717 minutes, Δt:   1.35, CFL: 7.20e-01
i:  22600, t:   44782.8 s, ωt:   4.48 (0.71 periods), wall: 8.754 minutes, Δt:   1.33, CFL: 7.20e-01
i:  22700, t:   44922.3 s, ωt:   4.49 (0.71 periods), wall: 8.791 minutes, Δt:   1.39, CFL: 7.20e-01
i:  22800, t:   45051.5 s, ωt:   4.51 (0.72 periods), wall: 8.828 minutes, Δt:   1.42, CFL: 7.20e-01
i:  22900, t:   45192.6 s, ωt:   4.52 (0.72 periods), wall: 8.865 minutes, Δt:   1.46, CFL: 7.20e-01
i:  23000, t:   45321.9 s, ωt:   4.53 (0.72 periods), wall: 8.902 minutes, Δt:   1.17, CFL: 7.20e-01
i:  23100, t:   45442.5 s, ωt:   4.54 (0.72 periods), wall: 8.939 minutes, Δt:   1.34, CFL: 7.20e-01
i:  23200, t:   45565.5 s, ωt:   4.56 (0.73 periods), wall: 8.977 minutes, Δt:   0.87, CFL: 7.20e-01
i:  23300, t:   45670.6 s, ωt:   4.57 (0.73 periods), wall: 9.014 minutes, Δt:   1.19, CFL: 7.20e-01
i:  23400, t:   45804.1 s, ωt:   4.58 (0.73 periods), wall: 9.051 minutes, Δt:   1.08, CFL: 7.20e-01
i:  23500, t:   45930.7 s, ωt:   4.59 (0.73 periods), wall: 9.088 minutes, Δt:   1.40, CFL: 7.20e-01
i:  23600, t:   46066.4 s, ωt:   4.61 (0.73 periods), wall: 9.126 minutes, Δt:   1.22, CFL: 7.20e-01
i:  23700, t:   46178.3 s, ωt:   4.62 (0.73 periods), wall: 9.163 minutes, Δt:   1.18, CFL: 7.20e-01
i:  23800, t:   46306.3 s, ωt:   4.63 (0.74 periods), wall: 9.200 minutes, Δt:   1.46, CFL: 7.20e-01
i:  23900, t:   46428.1 s, ωt:   4.64 (0.74 periods), wall: 9.237 minutes, Δt:   1.25, CFL: 7.20e-01
i:  24000, t:   46547.4 s, ωt:   4.65 (0.74 periods), wall: 9.274 minutes, Δt:   1.27, CFL: 7.20e-01
i:  24100, t:   46670.2 s, ωt:   4.67 (0.74 periods), wall: 9.311 minutes, Δt:   1.20, CFL: 7.20e-01
i:  24200, t:   46789.6 s, ωt:   4.68 (0.74 periods), wall: 9.349 minutes, Δt:   1.26, CFL: 7.20e-01
i:  24300, t:   46913.2 s, ωt:   4.69 (0.75 periods), wall: 9.386 minutes, Δt:   1.36, CFL: 7.20e-01
i:  24400, t:   47046.3 s, ωt:   4.70 (0.75 periods), wall: 9.423 minutes, Δt:   1.29, CFL: 7.20e-01
i:  24500, t:   47165.3 s, ωt:   4.72 (0.75 periods), wall: 9.460 minutes, Δt:   1.33, CFL: 7.20e-01
i:  24600, t:   47295.5 s, ωt:   4.73 (0.75 periods), wall: 9.497 minutes, Δt:   1.09, CFL: 7.20e-01
i:  24700, t:   47408.9 s, ωt:   4.74 (0.75 periods), wall: 9.534 minutes, Δt:   1.19, CFL: 7.20e-01
i:  24800, t:   47527.3 s, ωt:   4.75 (0.76 periods), wall: 9.572 minutes, Δt:   1.17, CFL: 7.20e-01
i:  24900, t:   47652.8 s, ωt:   4.77 (0.76 periods), wall: 9.611 minutes, Δt:   1.20, CFL: 7.20e-01
i:  25000, t:   47781.0 s, ωt:   4.78 (0.76 periods), wall: 9.648 minutes, Δt:   1.40, CFL: 7.20e-01
i:  25100, t:   47916.2 s, ωt:   4.79 (0.76 periods), wall: 9.685 minutes, Δt:   1.26, CFL: 7.20e-01
i:  25200, t:   48052.5 s, ωt:   4.81 (0.76 periods), wall: 9.722 minutes, Δt:   1.23, CFL: 7.20e-01
i:  25300, t:   48183.7 s, ωt:   4.82 (0.77 periods), wall: 9.760 minutes, Δt:   1.57, CFL: 7.20e-01
i:  25400, t:   48328.9 s, ωt:   4.83 (0.77 periods), wall: 9.797 minutes, Δt:   1.33, CFL: 7.20e-01
i:  25500, t:   48461.3 s, ωt:   4.85 (0.77 periods), wall: 9.834 minutes, Δt:   1.39, CFL: 7.20e-01
i:  25600, t:   48599.4 s, ωt:   4.86 (0.77 periods), wall: 9.871 minutes, Δt:   1.19, CFL: 7.20e-01
i:  25700, t:   48730.0 s, ωt:   4.87 (0.78 periods), wall: 9.909 minutes, Δt:   1.35, CFL: 7.20e-01
i:  25800, t:   48851.0 s, ωt:   4.89 (0.78 periods), wall: 9.946 minutes, Δt:   1.45, CFL: 7.20e-01
i:  25900, t:   48990.4 s, ωt:   4.90 (0.78 periods), wall: 9.983 minutes, Δt:   1.23, CFL: 7.20e-01
i:  26000, t:   49119.3 s, ωt:   4.91 (0.78 periods), wall: 10.020 minutes, Δt:   1.28, CFL: 7.20e-01
i:  26100, t:   49241.0 s, ωt:   4.92 (0.78 periods), wall: 10.058 minutes, Δt:   1.31, CFL: 7.20e-01
i:  26200, t:   49366.8 s, ωt:   4.94 (0.79 periods), wall: 10.095 minutes, Δt:   1.36, CFL: 7.20e-01
i:  26300, t:   49500.7 s, ωt:   4.95 (0.79 periods), wall: 10.132 minutes, Δt:   1.41, CFL: 7.20e-01
i:  26400, t:   49637.2 s, ωt:   4.96 (0.79 periods), wall: 10.169 minutes, Δt:   1.56, CFL: 7.20e-01
i:  26500, t:   49779.0 s, ωt:   4.98 (0.79 periods), wall: 10.207 minutes, Δt:   1.38, CFL: 7.20e-01
i:  26600, t:   49916.6 s, ωt:   4.99 (0.79 periods), wall: 10.244 minutes, Δt:   1.35, CFL: 7.20e-01
i:  26700, t:   50039.7 s, ωt:   5.00 (0.80 periods), wall: 10.281 minutes, Δt:   1.35, CFL: 7.20e-01
i:  26800, t:   50157.0 s, ωt:   5.02 (0.80 periods), wall: 10.319 minutes, Δt:   1.24, CFL: 7.20e-01
i:  26900, t:   50293.4 s, ωt:   5.03 (0.80 periods), wall: 10.356 minutes, Δt:   1.32, CFL: 7.20e-01
i:  27000, t:   50432.1 s, ωt:   5.04 (0.80 periods), wall: 10.393 minutes, Δt:   1.54, CFL: 7.20e-01
i:  27100, t:   50586.8 s, ωt:   5.06 (0.81 periods), wall: 10.430 minutes, Δt:   1.47, CFL: 7.20e-01
i:  27200, t:   50729.4 s, ωt:   5.07 (0.81 periods), wall: 10.467 minutes, Δt:   1.35, CFL: 7.20e-01
i:  27300, t:   50867.6 s, ωt:   5.09 (0.81 periods), wall: 10.505 minutes, Δt:   1.58, CFL: 7.20e-01
i:  27400, t:   51024.3 s, ωt:   5.10 (0.81 periods), wall: 10.542 minutes, Δt:   1.50, CFL: 7.20e-01
i:  27500, t:   51170.0 s, ωt:   5.12 (0.81 periods), wall: 10.579 minutes, Δt:   1.22, CFL: 7.20e-01
i:  27600, t:   51299.6 s, ωt:   5.13 (0.82 periods), wall: 10.617 minutes, Δt:   1.25, CFL: 7.20e-01
i:  27700, t:   51431.3 s, ωt:   5.14 (0.82 periods), wall: 10.654 minutes, Δt:   1.24, CFL: 7.20e-01
i:  27800, t:   51560.6 s, ωt:   5.16 (0.82 periods), wall: 10.691 minutes, Δt:   1.34, CFL: 7.20e-01
i:  27900, t:   51707.7 s, ωt:   5.17 (0.82 periods), wall: 10.728 minutes, Δt:   1.44, CFL: 7.20e-01
i:  28000, t:   51849.1 s, ωt:   5.18 (0.83 periods), wall: 10.766 minutes, Δt:   1.42, CFL: 7.20e-01
i:  28100, t:   51997.8 s, ωt:   5.20 (0.83 periods), wall: 10.803 minutes, Δt:   1.31, CFL: 7.20e-01
i:  28200, t:   52133.7 s, ωt:   5.21 (0.83 periods), wall: 10.840 minutes, Δt:   1.44, CFL: 7.20e-01
i:  28300, t:   52269.2 s, ωt:   5.23 (0.83 periods), wall: 10.877 minutes, Δt:   1.50, CFL: 7.20e-01
i:  28400, t:   52421.4 s, ωt:   5.24 (0.83 periods), wall: 10.914 minutes, Δt:   1.43, CFL: 7.20e-01
i:  28500, t:   52557.2 s, ωt:   5.26 (0.84 periods), wall: 10.952 minutes, Δt:   1.25, CFL: 7.20e-01
i:  28600, t:   52693.8 s, ωt:   5.27 (0.84 periods), wall: 10.989 minutes, Δt:   1.44, CFL: 7.20e-01
i:  28700, t:   52839.6 s, ωt:   5.28 (0.84 periods), wall: 11.026 minutes, Δt:   1.34, CFL: 7.20e-01
i:  28800, t:   52986.4 s, ωt:   5.30 (0.84 periods), wall: 11.063 minutes, Δt:   1.42, CFL: 7.20e-01
i:  28900, t:   53125.0 s, ωt:   5.31 (0.85 periods), wall: 11.100 minutes, Δt:   1.35, CFL: 7.20e-01
i:  29000, t:   53273.0 s, ωt:   5.33 (0.85 periods), wall: 11.138 minutes, Δt:   1.47, CFL: 7.20e-01
i:  29100, t:   53431.4 s, ωt:   5.34 (0.85 periods), wall: 11.175 minutes, Δt:   1.41, CFL: 7.20e-01
i:  29200, t:   53573.9 s, ωt:   5.36 (0.85 periods), wall: 11.212 minutes, Δt:   1.66, CFL: 7.20e-01
i:  29300, t:   53743.5 s, ωt:   5.37 (0.86 periods), wall: 11.249 minutes, Δt:   1.55, CFL: 7.20e-01
i:  29400, t:   53911.7 s, ωt:   5.39 (0.86 periods), wall: 11.287 minutes, Δt:   1.78, CFL: 7.20e-01
i:  29500, t:   54077.1 s, ωt:   5.41 (0.86 periods), wall: 11.324 minutes, Δt:   1.64, CFL: 7.20e-01
i:  29600, t:   54245.9 s, ωt:   5.42 (0.86 periods), wall: 11.361 minutes, Δt:   1.80, CFL: 7.20e-01
i:  29700, t:   54415.5 s, ωt:   5.44 (0.87 periods), wall: 11.398 minutes, Δt:   1.60, CFL: 7.20e-01
i:  29800, t:   54589.5 s, ωt:   5.46 (0.87 periods), wall: 11.435 minutes, Δt:   1.98, CFL: 7.20e-01
i:  29900, t:   54751.4 s, ωt:   5.48 (0.87 periods), wall: 11.473 minutes, Δt:   1.82, CFL: 7.20e-01
i:  30000, t:   54920.9 s, ωt:   5.49 (0.87 periods), wall: 11.510 minutes, Δt:   1.76, CFL: 7.20e-01
i:  30100, t:   55088.1 s, ωt:   5.51 (0.88 periods), wall: 11.547 minutes, Δt:   1.76, CFL: 7.20e-01
i:  30200, t:   55265.2 s, ωt:   5.53 (0.88 periods), wall: 11.585 minutes, Δt:   1.65, CFL: 7.20e-01
i:  30300, t:   55435.1 s, ωt:   5.54 (0.88 periods), wall: 11.622 minutes, Δt:   1.73, CFL: 7.20e-01
i:  30400, t:   55633.3 s, ωt:   5.56 (0.89 periods), wall: 11.659 minutes, Δt:   1.86, CFL: 7.20e-01
i:  30500, t:   55832.5 s, ωt:   5.58 (0.89 periods), wall: 11.696 minutes, Δt:   1.75, CFL: 7.20e-01
i:  30600, t:   56040.8 s, ωt:   5.60 (0.89 periods), wall: 11.734 minutes, Δt:   1.97, CFL: 7.20e-01
i:  30700, t:   56227.0 s, ωt:   5.62 (0.89 periods), wall: 11.771 minutes, Δt:   1.81, CFL: 7.20e-01
i:  30800, t:   56428.1 s, ωt:   5.64 (0.90 periods), wall: 11.808 minutes, Δt:   1.54, CFL: 7.20e-01
i:  30900, t:   56610.2 s, ωt:   5.66 (0.90 periods), wall: 11.845 minutes, Δt:   1.73, CFL: 7.20e-01
i:  31000, t:   56790.4 s, ωt:   5.68 (0.90 periods), wall: 11.883 minutes, Δt:   1.74, CFL: 7.20e-01
i:  31100, t:   56988.3 s, ωt:   5.70 (0.91 periods), wall: 11.920 minutes, Δt:   2.11, CFL: 7.20e-01
i:  31200, t:   57193.3 s, ωt:   5.72 (0.91 periods), wall: 11.957 minutes, Δt:   1.78, CFL: 7.20e-01
i:  31300, t:   57383.5 s, ωt:   5.74 (0.91 periods), wall: 11.995 minutes, Δt:   1.72, CFL: 7.20e-01
i:  31400, t:   57569.9 s, ωt:   5.76 (0.92 periods), wall: 12.032 minutes, Δt:   1.92, CFL: 7.20e-01
i:  31500, t:   57799.7 s, ωt:   5.78 (0.92 periods), wall: 12.069 minutes, Δt:   2.83, CFL: 7.20e-01
i:  31600, t:   58037.0 s, ωt:   5.80 (0.92 periods), wall: 12.106 minutes, Δt:   2.08, CFL: 7.20e-01
i:  31700, t:   58269.1 s, ωt:   5.83 (0.93 periods), wall: 12.143 minutes, Δt:   2.54, CFL: 7.20e-01
i:  31800, t:   58498.8 s, ωt:   5.85 (0.93 periods), wall: 12.181 minutes, Δt:   2.62, CFL: 7.20e-01
i:  31900, t:   58707.2 s, ωt:   5.87 (0.93 periods), wall: 12.218 minutes, Δt:   2.12, CFL: 7.20e-01
i:  32000, t:   58972.1 s, ωt:   5.90 (0.94 periods), wall: 12.255 minutes, Δt:   2.89, CFL: 7.20e-01
i:  32100, t:   59261.4 s, ωt:   5.93 (0.94 periods), wall: 12.293 minutes, Δt:   2.58, CFL: 7.20e-01
i:  32200, t:   59522.8 s, ωt:   5.95 (0.95 periods), wall: 12.330 minutes, Δt:   2.48, CFL: 7.20e-01
i:  32300, t:   59811.2 s, ωt:   5.98 (0.95 periods), wall: 12.367 minutes, Δt:   3.56, CFL: 7.20e-01
i:  32400, t:   60182.8 s, ωt:   6.02 (0.96 periods), wall: 12.405 minutes, Δt:   3.37, CFL: 7.20e-01
i:  32500, t:   60526.1 s, ωt:   6.05 (0.96 periods), wall: 12.442 minutes, Δt:   4.00, CFL: 7.20e-01
i:  32600, t:   60890.1 s, ωt:   6.09 (0.97 periods), wall: 12.479 minutes, Δt:   4.14, CFL: 7.01e-01
i:  32700, t:   61298.0 s, ωt:   6.13 (0.98 periods), wall: 12.517 minutes, Δt:   4.52, CFL: 7.20e-01
i:  32800, t:   61806.1 s, ωt:   6.18 (0.98 periods), wall: 12.554 minutes, Δt:   4.40, CFL: 7.20e-01
i:  32900, t:   62338.4 s, ωt:   6.23 (0.99 periods), wall: 12.591 minutes, Δt:   4.93, CFL: 7.20e-01
i:  33000, t:   62787.5 s, ωt:   6.28 (1.00 periods), wall: 12.628 minutes, Δt:   4.02, CFL: 7.20e-01
i:  33100, t:   63216.8 s, ωt:   6.32 (1.01 periods), wall: 12.668 minutes, Δt:   5.30, CFL: 7.20e-01
i:  33200, t:   63774.3 s, ωt:   6.38 (1.01 periods), wall: 12.706 minutes, Δt:   5.76, CFL: 7.20e-01
i:  33300, t:   64314.1 s, ωt:   6.43 (1.02 periods), wall: 12.743 minutes, Δt:   5.16, CFL: 7.20e-01
i:  33400, t:   64801.2 s, ωt:   6.48 (1.03 periods), wall: 12.780 minutes, Δt:   4.84, CFL: 7.20e-01
i:  33500, t:   65224.9 s, ωt:   6.52 (1.04 periods), wall: 12.818 minutes, Δt:   3.85, CFL: 7.20e-01
i:  33600, t:   65653.9 s, ωt:   6.57 (1.04 periods), wall: 12.855 minutes, Δt:   4.51, CFL: 7.20e-01
i:  33700, t:   66053.2 s, ωt:   6.61 (1.05 periods), wall: 12.892 minutes, Δt:   3.80, CFL: 7.20e-01
i:  33800, t:   66450.7 s, ωt:   6.65 (1.06 periods), wall: 12.930 minutes, Δt:   3.95, CFL: 7.20e-01
i:  33900, t:   66818.3 s, ωt:   6.68 (1.06 periods), wall: 12.967 minutes, Δt:   3.88, CFL: 7.20e-01
i:  34000, t:   67201.8 s, ωt:   6.72 (1.07 periods), wall: 13.004 minutes, Δt:   3.72, CFL: 7.20e-01
i:  34100, t:   67536.7 s, ωt:   6.75 (1.07 periods), wall: 13.041 minutes, Δt:   3.24, CFL: 7.20e-01
i:  34200, t:   67812.1 s, ωt:   6.78 (1.08 periods), wall: 13.078 minutes, Δt:   2.55, CFL: 7.20e-01
i:  34300, t:   68057.4 s, ωt:   6.81 (1.08 periods), wall: 13.116 minutes, Δt:   2.40, CFL: 7.20e-01
i:  34400, t:   68292.1 s, ωt:   6.83 (1.09 periods), wall: 13.153 minutes, Δt:   2.34, CFL: 7.20e-01
i:  34500, t:   68536.0 s, ωt:   6.85 (1.09 periods), wall: 13.191 minutes, Δt:   2.46, CFL: 7.20e-01
i:  34600, t:   68766.8 s, ωt:   6.88 (1.09 periods), wall: 13.228 minutes, Δt:   2.33, CFL: 7.20e-01
i:  34700, t:   68966.8 s, ωt:   6.90 (1.10 periods), wall: 13.265 minutes, Δt:   1.80, CFL: 7.20e-01
i:  34800, t:   69167.5 s, ωt:   6.92 (1.10 periods), wall: 13.303 minutes, Δt:   2.17, CFL: 7.20e-01
i:  34900, t:   69374.3 s, ωt:   6.94 (1.10 periods), wall: 13.340 minutes, Δt:   1.90, CFL: 7.20e-01
i:  35000, t:   69570.3 s, ωt:   6.96 (1.11 periods), wall: 13.377 minutes, Δt:   1.82, CFL: 7.20e-01
i:  35100, t:   69758.2 s, ωt:   6.98 (1.11 periods), wall: 13.414 minutes, Δt:   1.97, CFL: 7.20e-01
i:  35200, t:   69961.2 s, ωt:   7.00 (1.11 periods), wall: 13.452 minutes, Δt:   2.25, CFL: 7.20e-01
i:  35300, t:   70166.5 s, ωt:   7.02 (1.12 periods), wall: 13.489 minutes, Δt:   1.60, CFL: 7.20e-01
i:  35400, t:   70364.3 s, ωt:   7.04 (1.12 periods), wall: 13.526 minutes, Δt:   1.96, CFL: 7.20e-01
i:  35500, t:   70539.5 s, ωt:   7.05 (1.12 periods), wall: 13.563 minutes, Δt:   1.98, CFL: 7.20e-01
i:  35600, t:   70732.1 s, ωt:   7.07 (1.13 periods), wall: 13.601 minutes, Δt:   1.87, CFL: 7.20e-01
i:  35700, t:   70905.9 s, ωt:   7.09 (1.13 periods), wall: 13.638 minutes, Δt:   1.91, CFL: 7.20e-01
i:  35800, t:   71075.3 s, ωt:   7.11 (1.13 periods), wall: 13.675 minutes, Δt:   1.49, CFL: 7.20e-01
i:  35900, t:   71237.7 s, ωt:   7.12 (1.13 periods), wall: 13.712 minutes, Δt:   1.62, CFL: 7.20e-01
i:  36000, t:   71398.4 s, ωt:   7.14 (1.14 periods), wall: 13.750 minutes, Δt:   1.68, CFL: 7.20e-01
i:  36100, t:   71577.2 s, ωt:   7.16 (1.14 periods), wall: 13.787 minutes, Δt:   1.85, CFL: 7.20e-01
i:  36200, t:   71753.2 s, ωt:   7.18 (1.14 periods), wall: 13.824 minutes, Δt:   1.81, CFL: 7.20e-01
i:  36300, t:   71921.8 s, ωt:   7.19 (1.14 periods), wall: 13.861 minutes, Δt:   1.40, CFL: 7.20e-01
i:  36400, t:   72087.4 s, ωt:   7.21 (1.15 periods), wall: 13.899 minutes, Δt:   1.59, CFL: 7.20e-01
i:  36500, t:   72249.0 s, ωt:   7.22 (1.15 periods), wall: 13.936 minutes, Δt:   1.46, CFL: 7.20e-01
i:  36600, t:   72405.1 s, ωt:   7.24 (1.15 periods), wall: 13.973 minutes, Δt:   1.41, CFL: 7.20e-01
i:  36700, t:   72556.6 s, ωt:   7.26 (1.15 periods), wall: 14.010 minutes, Δt:   1.65, CFL: 7.20e-01
i:  36800, t:   72715.1 s, ωt:   7.27 (1.16 periods), wall: 14.048 minutes, Δt:   1.69, CFL: 7.20e-01
i:  36900, t:   72880.3 s, ωt:   7.29 (1.16 periods), wall: 14.085 minutes, Δt:   1.36, CFL: 7.20e-01
i:  37000, t:   73025.7 s, ωt:   7.30 (1.16 periods), wall: 14.122 minutes, Δt:   1.62, CFL: 7.20e-01
i:  37100, t:   73184.6 s, ωt:   7.32 (1.16 periods), wall: 14.160 minutes, Δt:   1.64, CFL: 7.20e-01
i:  37200, t:   73340.6 s, ωt:   7.33 (1.17 periods), wall: 14.197 minutes, Δt:   1.31, CFL: 7.20e-01
i:  37300, t:   73482.1 s, ωt:   7.35 (1.17 periods), wall: 14.234 minutes, Δt:   1.38, CFL: 7.20e-01
i:  37400, t:   73626.0 s, ωt:   7.36 (1.17 periods), wall: 14.271 minutes, Δt:   1.43, CFL: 7.20e-01
i:  37500, t:   73783.3 s, ωt:   7.38 (1.17 periods), wall: 14.309 minutes, Δt:   1.59, CFL: 7.20e-01
i:  37600, t:   73922.2 s, ωt:   7.39 (1.18 periods), wall: 14.346 minutes, Δt:   1.44, CFL: 7.20e-01
i:  37700, t:   74070.2 s, ωt:   7.41 (1.18 periods), wall: 14.383 minutes, Δt:   1.48, CFL: 7.20e-01
i:  37800, t:   74204.9 s, ωt:   7.42 (1.18 periods), wall: 14.420 minutes, Δt:   1.55, CFL: 7.20e-01
i:  37900, t:   74353.3 s, ωt:   7.44 (1.18 periods), wall: 14.458 minutes, Δt:   1.56, CFL: 7.20e-01
i:  38000, t:   74500.7 s, ωt:   7.45 (1.19 periods), wall: 14.495 minutes, Δt:   1.53, CFL: 7.20e-01
i:  38100, t:   74644.4 s, ωt:   7.46 (1.19 periods), wall: 14.532 minutes, Δt:   1.48, CFL: 7.20e-01
i:  38200, t:   74786.3 s, ωt:   7.48 (1.19 periods), wall: 14.569 minutes, Δt:   1.57, CFL: 7.20e-01
i:  38300, t:   74927.6 s, ωt:   7.49 (1.19 periods), wall: 14.607 minutes, Δt:   1.43, CFL: 7.20e-01
i:  38400, t:   75057.3 s, ωt:   7.51 (1.19 periods), wall: 14.644 minutes, Δt:   1.38, CFL: 7.20e-01
i:  38500, t:   75199.0 s, ωt:   7.52 (1.20 periods), wall: 14.681 minutes, Δt:   1.55, CFL: 7.20e-01
i:  38600, t:   75343.0 s, ωt:   7.53 (1.20 periods), wall: 14.718 minutes, Δt:   1.40, CFL: 7.20e-01
i:  38700, t:   75480.6 s, ωt:   7.55 (1.20 periods), wall: 14.755 minutes, Δt:   1.51, CFL: 7.20e-01
i:  38800, t:   75633.3 s, ωt:   7.56 (1.20 periods), wall: 14.793 minutes, Δt:   1.40, CFL: 7.20e-01
i:  38900, t:   75777.6 s, ωt:   7.58 (1.21 periods), wall: 14.830 minutes, Δt:   1.53, CFL: 7.20e-01
i:  39000, t:   75923.9 s, ωt:   7.59 (1.21 periods), wall: 14.867 minutes, Δt:   1.51, CFL: 7.20e-01
i:  39100, t:   76065.7 s, ωt:   7.61 (1.21 periods), wall: 14.904 minutes, Δt:   1.49, CFL: 7.20e-01
i:  39200, t:   76199.5 s, ωt:   7.62 (1.21 periods), wall: 14.942 minutes, Δt:   1.13, CFL: 7.20e-01
i:  39300, t:   76327.2 s, ωt:   7.63 (1.21 periods), wall: 14.979 minutes, Δt:   1.54, CFL: 7.20e-01
i:  39400, t:   76472.2 s, ωt:   7.65 (1.22 periods), wall: 15.016 minutes, Δt:   1.29, CFL: 7.20e-01
i:  39500, t:   76601.7 s, ωt:   7.66 (1.22 periods), wall: 15.053 minutes, Δt:   1.49, CFL: 7.20e-01
i:  39600, t:   76746.4 s, ωt:   7.67 (1.22 periods), wall: 15.090 minutes, Δt:   1.54, CFL: 7.20e-01
i:  39700, t:   76878.1 s, ωt:   7.69 (1.22 periods), wall: 15.128 minutes, Δt:   1.17, CFL: 7.20e-01
i:  39800, t:   77020.1 s, ωt:   7.70 (1.23 periods), wall: 15.165 minutes, Δt:   1.51, CFL: 7.20e-01
i:  39900, t:   77159.5 s, ωt:   7.72 (1.23 periods), wall: 15.202 minutes, Δt:   1.37, CFL: 7.20e-01
i:  40000, t:   77303.4 s, ωt:   7.73 (1.23 periods), wall: 15.239 minutes, Δt:   1.53, CFL: 7.20e-01
i:  40100, t:   77446.7 s, ωt:   7.74 (1.23 periods), wall: 15.277 minutes, Δt:   1.41, CFL: 7.20e-01
i:  40200, t:   77584.6 s, ωt:   7.76 (1.23 periods), wall: 15.314 minutes, Δt:   1.26, CFL: 7.20e-01
i:  40300, t:   77722.8 s, ωt:   7.77 (1.24 periods), wall: 15.351 minutes, Δt:   1.41, CFL: 7.20e-01
i:  40400, t:   77850.8 s, ωt:   7.79 (1.24 periods), wall: 15.388 minutes, Δt:   1.35, CFL: 7.20e-01
i:  40500, t:   77992.3 s, ωt:   7.80 (1.24 periods), wall: 15.426 minutes, Δt:   1.45, CFL: 7.20e-01
i:  40600, t:   78134.9 s, ωt:   7.81 (1.24 periods), wall: 15.463 minutes, Δt:   1.43, CFL: 7.20e-01
i:  40700, t:   78267.8 s, ωt:   7.83 (1.25 periods), wall: 15.500 minutes, Δt:   1.29, CFL: 7.20e-01
i:  40800, t:   78409.9 s, ωt:   7.84 (1.25 periods), wall: 15.537 minutes, Δt:   1.37, CFL: 7.20e-01
i:  40900, t:   78541.1 s, ωt:   7.85 (1.25 periods), wall: 15.575 minutes, Δt:   1.26, CFL: 7.20e-01
i:  41000, t:   78666.4 s, ωt:   7.87 (1.25 periods), wall: 15.612 minutes, Δt:   1.26, CFL: 7.20e-01
i:  41100, t:   78794.7 s, ωt:   7.88 (1.25 periods), wall: 15.649 minutes, Δt:   1.52, CFL: 7.20e-01
i:  41200, t:   78926.7 s, ωt:   7.89 (1.26 periods), wall: 15.687 minutes, Δt:   1.31, CFL: 7.20e-01
i:  41300, t:   79061.9 s, ωt:   7.91 (1.26 periods), wall: 15.724 minutes, Δt:   1.22, CFL: 7.20e-01
i:  41400, t:   79173.1 s, ωt:   7.92 (1.26 periods), wall: 15.761 minutes, Δt:   1.21, CFL: 7.20e-01
i:  41500, t:   79301.6 s, ωt:   7.93 (1.26 periods), wall: 15.798 minutes, Δt:   1.41, CFL: 7.20e-01
i:  41600, t:   79441.8 s, ωt:   7.94 (1.26 periods), wall: 15.835 minutes, Δt:   1.40, CFL: 7.20e-01
i:  41700, t:   79581.1 s, ωt:   7.96 (1.27 periods), wall: 15.873 minutes, Δt:   1.30, CFL: 7.20e-01
i:  41800, t:   79730.5 s, ωt:   7.97 (1.27 periods), wall: 15.910 minutes, Δt:   1.58, CFL: 7.20e-01
i:  41900, t:   79883.5 s, ωt:   7.99 (1.27 periods), wall: 15.947 minutes, Δt:   1.47, CFL: 7.20e-01
i:  42000, t:   80030.7 s, ωt:   8.00 (1.27 periods), wall: 15.984 minutes, Δt:   1.39, CFL: 7.20e-01
i:  42100, t:   80168.2 s, ωt:   8.02 (1.28 periods), wall: 16.022 minutes, Δt:   1.39, CFL: 7.20e-01
i:  42200, t:   80306.6 s, ωt:   8.03 (1.28 periods), wall: 16.059 minutes, Δt:   1.38, CFL: 7.20e-01
i:  42300, t:   80438.8 s, ωt:   8.04 (1.28 periods), wall: 16.097 minutes, Δt:   1.42, CFL: 7.20e-01
i:  42400, t:   80575.9 s, ωt:   8.06 (1.28 periods), wall: 16.134 minutes, Δt:   1.37, CFL: 7.20e-01
i:  42500, t:   80713.6 s, ωt:   8.07 (1.28 periods), wall: 16.171 minutes, Δt:   1.46, CFL: 7.20e-01
i:  42600, t:   80849.3 s, ωt:   8.08 (1.29 periods), wall: 16.208 minutes, Δt:   1.30, CFL: 7.20e-01
i:  42700, t:   80993.2 s, ωt:   8.10 (1.29 periods), wall: 16.245 minutes, Δt:   1.58, CFL: 7.20e-01
i:  42800, t:   81141.2 s, ωt:   8.11 (1.29 periods), wall: 16.283 minutes, Δt:   1.59, CFL: 7.20e-01
i:  42900, t:   81284.7 s, ωt:   8.13 (1.29 periods), wall: 16.320 minutes, Δt:   1.23, CFL: 7.20e-01
i:  43000, t:   81408.9 s, ωt:   8.14 (1.30 periods), wall: 16.357 minutes, Δt:   1.45, CFL: 7.20e-01
i:  43100, t:   81558.5 s, ωt:   8.16 (1.30 periods), wall: 16.395 minutes, Δt:   1.48, CFL: 7.20e-01
i:  43200, t:   81695.8 s, ωt:   8.17 (1.30 periods), wall: 16.432 minutes, Δt:   1.52, CFL: 7.20e-01
i:  43300, t:   81806.5 s, ωt:   8.18 (1.30 periods), wall: 16.469 minutes, Δt:   1.15, CFL: 7.20e-01
i:  43400, t:   81939.7 s, ωt:   8.19 (1.30 periods), wall: 16.506 minutes, Δt:   1.37, CFL: 7.20e-01
i:  43500, t:   82075.6 s, ωt:   8.21 (1.31 periods), wall: 16.543 minutes, Δt:   1.06, CFL: 7.20e-01
i:  43600, t:   82203.1 s, ωt:   8.22 (1.31 periods), wall: 16.581 minutes, Δt:   1.25, CFL: 7.20e-01
i:  43700, t:   82334.6 s, ωt:   8.23 (1.31 periods), wall: 16.618 minutes, Δt:   1.34, CFL: 7.20e-01
i:  43800, t:   82475.7 s, ωt:   8.25 (1.31 periods), wall: 16.655 minutes, Δt:   1.24, CFL: 7.20e-01
i:  43900, t:   82612.9 s, ωt:   8.26 (1.31 periods), wall: 16.693 minutes, Δt:   1.59, CFL: 7.20e-01
i:  44000, t:   82768.4 s, ωt:   8.28 (1.32 periods), wall: 16.730 minutes, Δt:   1.56, CFL: 7.20e-01
i:  44100, t:   82918.6 s, ωt:   8.29 (1.32 periods), wall: 16.767 minutes, Δt:   1.36, CFL: 7.20e-01
i:  44200, t:   83062.1 s, ωt:   8.31 (1.32 periods), wall: 16.804 minutes, Δt:   1.46, CFL: 7.20e-01
i:  44300, t:   83215.6 s, ωt:   8.32 (1.32 periods), wall: 16.841 minutes, Δt:   1.66, CFL: 7.20e-01
i:  44400, t:   83375.8 s, ωt:   8.34 (1.33 periods), wall: 16.879 minutes, Δt:   1.52, CFL: 7.20e-01
i:  44500, t:   83528.4 s, ωt:   8.35 (1.33 periods), wall: 16.916 minutes, Δt:   1.71, CFL: 7.20e-01
i:  44600, t:   83680.4 s, ωt:   8.37 (1.33 periods), wall: 16.953 minutes, Δt:   1.36, CFL: 7.20e-01
i:  44700, t:   83818.7 s, ωt:   8.38 (1.33 periods), wall: 16.990 minutes, Δt:   1.49, CFL: 7.20e-01
i:  44800, t:   83952.5 s, ωt:   8.40 (1.34 periods), wall: 17.028 minutes, Δt:   1.14, CFL: 7.20e-01
i:  44900, t:   84083.4 s, ωt:   8.41 (1.34 periods), wall: 17.065 minutes, Δt:   1.46, CFL: 7.20e-01
i:  45000, t:   84233.8 s, ωt:   8.42 (1.34 periods), wall: 17.102 minutes, Δt:   1.64, CFL: 7.20e-01
i:  45100, t:   84392.0 s, ωt:   8.44 (1.34 periods), wall: 17.140 minutes, Δt:   1.74, CFL: 7.20e-01
i:  45200, t:   84548.6 s, ωt:   8.45 (1.35 periods), wall: 17.177 minutes, Δt:   1.59, CFL: 7.20e-01
i:  45300, t:   84695.9 s, ωt:   8.47 (1.35 periods), wall: 17.215 minutes, Δt:   1.14, CFL: 7.20e-01
i:  45400, t:   84839.7 s, ωt:   8.48 (1.35 periods), wall: 17.252 minutes, Δt:   1.61, CFL: 7.20e-01
i:  45500, t:   85008.5 s, ωt:   8.50 (1.35 periods), wall: 17.289 minutes, Δt:   1.84, CFL: 7.20e-01
i:  45600, t:   85166.0 s, ωt:   8.52 (1.36 periods), wall: 17.327 minutes, Δt:   1.61, CFL: 7.20e-01
i:  45700, t:   85326.0 s, ωt:   8.53 (1.36 periods), wall: 17.364 minutes, Δt:   1.63, CFL: 7.20e-01
i:  45800, t:   85478.9 s, ωt:   8.55 (1.36 periods), wall: 17.401 minutes, Δt:   1.70, CFL: 7.20e-01
i:  45900, t:   85650.3 s, ωt:   8.57 (1.36 periods), wall: 17.439 minutes, Δt:   1.61, CFL: 7.20e-01
i:  46000, t:   85820.7 s, ωt:   8.58 (1.37 periods), wall: 17.476 minutes, Δt:   1.73, CFL: 7.20e-01
i:  46100, t:   85983.2 s, ωt:   8.60 (1.37 periods), wall: 17.513 minutes, Δt:   1.46, CFL: 7.20e-01
i:  46200, t:   86139.8 s, ωt:   8.61 (1.37 periods), wall: 17.550 minutes, Δt:   1.91, CFL: 7.20e-01
i:  46300, t:   86316.9 s, ωt:   8.63 (1.37 periods), wall: 17.588 minutes, Δt:   1.84, CFL: 7.20e-01
i:  46400, t:   86498.5 s, ωt:   8.65 (1.38 periods), wall: 17.625 minutes, Δt:   1.74, CFL: 7.20e-01
i:  46500, t:   86685.5 s, ωt:   8.67 (1.38 periods), wall: 17.662 minutes, Δt:   1.71, CFL: 7.20e-01
i:  46600, t:   86877.5 s, ωt:   8.69 (1.38 periods), wall: 17.699 minutes, Δt:   1.97, CFL: 7.20e-01
i:  46700, t:   87075.6 s, ωt:   8.71 (1.39 periods), wall: 17.737 minutes, Δt:   2.10, CFL: 7.20e-01
i:  46800, t:   87274.9 s, ωt:   8.73 (1.39 periods), wall: 17.774 minutes, Δt:   1.98, CFL: 7.20e-01
i:  46900, t:   87492.9 s, ωt:   8.75 (1.39 periods), wall: 17.812 minutes, Δt:   2.06, CFL: 7.20e-01
i:  47000, t:   87704.3 s, ωt:   8.77 (1.40 periods), wall: 17.849 minutes, Δt:   2.05, CFL: 7.20e-01
i:  47100, t:   87928.5 s, ωt:   8.79 (1.40 periods), wall: 17.886 minutes, Δt:   2.37, CFL: 7.20e-01
i:  47200, t:   88157.7 s, ωt:   8.82 (1.40 periods), wall: 17.923 minutes, Δt:   2.37, CFL: 7.20e-01
i:  47300, t:   88404.5 s, ωt:   8.84 (1.41 periods), wall: 17.961 minutes, Δt:   2.43, CFL: 7.20e-01
i:  47400, t:   88623.8 s, ωt:   8.86 (1.41 periods), wall: 17.998 minutes, Δt:   2.27, CFL: 7.20e-01
i:  47500, t:   88847.2 s, ωt:   8.88 (1.41 periods), wall: 18.035 minutes, Δt:   2.20, CFL: 7.20e-01
i:  47600, t:   89064.4 s, ωt:   8.91 (1.42 periods), wall: 18.072 minutes, Δt:   2.10, CFL: 7.20e-01
i:  47700, t:   89275.1 s, ωt:   8.93 (1.42 periods), wall: 18.110 minutes, Δt:   2.16, CFL: 7.20e-01
i:  47800, t:   89508.7 s, ωt:   8.95 (1.42 periods), wall: 18.147 minutes, Δt:   2.35, CFL: 7.20e-01
i:  47900, t:   89755.7 s, ωt:   8.98 (1.43 periods), wall: 18.184 minutes, Δt:   2.24, CFL: 7.20e-01
i:  48000, t:   89972.3 s, ωt:   9.00 (1.43 periods), wall: 18.221 minutes, Δt:   2.63, CFL: 7.20e-01
i:  48100, t:   90226.3 s, ωt:   9.02 (1.44 periods), wall: 18.258 minutes, Δt:   2.42, CFL: 7.20e-01
i:  48200, t:   90435.5 s, ωt:   9.04 (1.44 periods), wall: 18.296 minutes, Δt:   2.55, CFL: 7.20e-01
i:  48300, t:   90693.2 s, ωt:   9.07 (1.44 periods), wall: 18.333 minutes, Δt:   2.41, CFL: 7.20e-01
i:  48400, t:   90992.4 s, ωt:   9.10 (1.45 periods), wall: 18.370 minutes, Δt:   3.00, CFL: 7.20e-01
i:  48500, t:   91272.9 s, ωt:   9.13 (1.45 periods), wall: 18.407 minutes, Δt:   2.50, CFL: 7.20e-01
i:  48600, t:   91582.9 s, ωt:   9.16 (1.46 periods), wall: 18.445 minutes, Δt:   3.51, CFL: 7.20e-01
i:  48700, t:   91946.4 s, ωt:   9.19 (1.46 periods), wall: 18.482 minutes, Δt:   4.32, CFL: 7.20e-01
i:  48800, t:   92267.6 s, ωt:   9.23 (1.47 periods), wall: 18.519 minutes, Δt:   2.50, CFL: 7.20e-01
i:  48900, t:   92572.9 s, ωt:   9.26 (1.47 periods), wall: 18.557 minutes, Δt:   3.38, CFL: 7.20e-01
i:  49000, t:   92946.9 s, ωt:   9.29 (1.48 periods), wall: 18.594 minutes, Δt:   4.06, CFL: 7.20e-01
i:  49100, t:   93372.3 s, ωt:   9.34 (1.49 periods), wall: 18.631 minutes, Δt:   4.44, CFL: 7.20e-01
i:  49200, t:   93886.8 s, ωt:   9.39 (1.49 periods), wall: 18.669 minutes, Δt:   5.13, CFL: 7.20e-01
i:  49300, t:   94392.4 s, ωt:   9.44 (1.50 periods), wall: 18.708 minutes, Δt:   5.32, CFL: 7.20e-01
i:  49400, t:   94914.8 s, ωt:   9.49 (1.51 periods), wall: 18.746 minutes, Δt:   4.89, CFL: 7.20e-01
i:  49500, t:   95404.3 s, ωt:   9.54 (1.52 periods), wall: 18.783 minutes, Δt:   4.56, CFL: 7.20e-01
i:  49600, t:   95913.3 s, ωt:   9.59 (1.53 periods), wall: 18.821 minutes, Δt:   5.29, CFL: 7.20e-01
i:  49700, t:   96409.6 s, ωt:   9.64 (1.53 periods), wall: 18.858 minutes, Δt:   4.57, CFL: 7.20e-01
i:  49800, t:   96859.8 s, ωt:   9.69 (1.54 periods), wall: 18.896 minutes, Δt:   3.61, CFL: 7.20e-01
i:  49900, t:   97231.2 s, ωt:   9.72 (1.55 periods), wall: 18.933 minutes, Δt:   3.71, CFL: 7.20e-01
i:  50000, t:   97575.4 s, ωt:   9.76 (1.55 periods), wall: 18.970 minutes, Δt:   3.62, CFL: 7.20e-01
i:  50100, t:   97949.2 s, ωt:   9.79 (1.56 periods), wall: 19.007 minutes, Δt:   3.69, CFL: 7.20e-01
i:  50200, t:   98259.6 s, ωt:   9.83 (1.56 periods), wall: 19.044 minutes, Δt:   2.84, CFL: 7.20e-01
i:  50300, t:   98525.7 s, ωt:   9.85 (1.57 periods), wall: 19.082 minutes, Δt:   2.94, CFL: 7.20e-01
i:  50400, t:   98790.4 s, ωt:   9.88 (1.57 periods), wall: 19.119 minutes, Δt:   2.72, CFL: 7.20e-01
i:  50500, t:   99051.4 s, ωt:   9.91 (1.58 periods), wall: 19.157 minutes, Δt:   2.46, CFL: 7.20e-01
i:  50600, t:   99289.8 s, ωt:   9.93 (1.58 periods), wall: 19.194 minutes, Δt:   1.93, CFL: 7.20e-01
i:  50700, t:   99533.2 s, ωt:   9.95 (1.58 periods), wall: 19.231 minutes, Δt:   2.29, CFL: 7.20e-01
i:  50800, t:   99763.8 s, ωt:   9.98 (1.59 periods), wall: 19.268 minutes, Δt:   1.91, CFL: 7.20e-01
i:  50900, t:   99984.5 s, ωt:  10.00 (1.59 periods), wall: 19.305 minutes, Δt:   2.17, CFL: 7.20e-01
i:  51000, t:  100207.0 s, ωt:  10.02 (1.59 periods), wall: 19.343 minutes, Δt:   2.04, CFL: 7.20e-01
i:  51100, t:  100420.7 s, ωt:  10.04 (1.60 periods), wall: 19.380 minutes, Δt:   2.10, CFL: 7.20e-01
i:  51200, t:  100617.5 s, ωt:  10.06 (1.60 periods), wall: 19.417 minutes, Δt:   1.98, CFL: 7.20e-01
i:  51300, t:  100823.3 s, ωt:  10.08 (1.60 periods), wall: 19.454 minutes, Δt:   2.03, CFL: 7.20e-01
i:  51400, t:  101015.2 s, ωt:  10.10 (1.61 periods), wall: 19.492 minutes, Δt:   2.01, CFL: 7.20e-01
i:  51500, t:  101199.5 s, ωt:  10.12 (1.61 periods), wall: 19.529 minutes, Δt:   1.90, CFL: 7.20e-01
i:  51600, t:  101376.2 s, ωt:  10.14 (1.61 periods), wall: 19.566 minutes, Δt:   1.88, CFL: 7.20e-01
i:  51700, t:  101555.2 s, ωt:  10.16 (1.62 periods), wall: 19.603 minutes, Δt:   1.81, CFL: 7.20e-01
i:  51800, t:  101725.8 s, ωt:  10.17 (1.62 periods), wall: 19.640 minutes, Δt:   1.87, CFL: 7.20e-01
i:  51900, t:  101899.0 s, ωt:  10.19 (1.62 periods), wall: 19.678 minutes, Δt:   1.62, CFL: 7.20e-01
i:  52000, t:  102064.1 s, ωt:  10.21 (1.62 periods), wall: 19.715 minutes, Δt:   1.82, CFL: 7.20e-01
i:  52100, t:  102229.9 s, ωt:  10.22 (1.63 periods), wall: 19.752 minutes, Δt:   1.76, CFL: 7.20e-01
i:  52200, t:  102406.5 s, ωt:  10.24 (1.63 periods), wall: 19.789 minutes, Δt:   1.56, CFL: 7.20e-01
i:  52300, t:  102583.0 s, ωt:  10.26 (1.63 periods), wall: 19.827 minutes, Δt:   1.97, CFL: 7.20e-01
i:  52400, t:  102765.8 s, ωt:  10.28 (1.64 periods), wall: 19.864 minutes, Δt:   1.65, CFL: 7.20e-01
i:  52500, t:  102935.7 s, ωt:  10.29 (1.64 periods), wall: 19.901 minutes, Δt:   1.94, CFL: 7.20e-01
i:  52600, t:  103101.0 s, ωt:  10.31 (1.64 periods), wall: 19.939 minutes, Δt:   1.55, CFL: 7.20e-01
i:  52700, t:  103265.1 s, ωt:  10.33 (1.64 periods), wall: 19.976 minutes, Δt:   1.62, CFL: 7.20e-01
i:  52800, t:  103425.4 s, ωt:  10.34 (1.65 periods), wall: 20.013 minutes, Δt:   1.63, CFL: 7.20e-01
i:  52900, t:  103593.6 s, ωt:  10.36 (1.65 periods), wall: 20.050 minutes, Δt:   1.51, CFL: 7.20e-01
i:  53000, t:  103742.5 s, ωt:  10.37 (1.65 periods), wall: 20.088 minutes, Δt:   1.44, CFL: 7.20e-01
i:  53100, t:  103894.3 s, ωt:  10.39 (1.65 periods), wall: 20.125 minutes, Δt:   1.58, CFL: 7.20e-01
i:  53200, t:  104037.9 s, ωt:  10.40 (1.66 periods), wall: 20.162 minutes, Δt:   1.43, CFL: 7.20e-01
i:  53300, t:  104197.7 s, ωt:  10.42 (1.66 periods), wall: 20.199 minutes, Δt:   1.61, CFL: 7.20e-01
i:  53400, t:  104350.2 s, ωt:  10.44 (1.66 periods), wall: 20.237 minutes, Δt:   1.53, CFL: 7.20e-01
i:  53500, t:  104497.4 s, ωt:  10.45 (1.66 periods), wall: 20.274 minutes, Δt:   1.31, CFL: 7.20e-01
i:  53600, t:  104648.0 s, ωt:  10.46 (1.67 periods), wall: 20.311 minutes, Δt:   1.58, CFL: 7.20e-01
i:  53700, t:  104799.9 s, ωt:  10.48 (1.67 periods), wall: 20.348 minutes, Δt:   1.41, CFL: 7.20e-01
i:  53800, t:  104948.8 s, ωt:  10.49 (1.67 periods), wall: 20.386 minutes, Δt:   1.62, CFL: 7.20e-01
i:  53900, t:  105098.9 s, ωt:  10.51 (1.67 periods), wall: 20.423 minutes, Δt:   1.55, CFL: 7.20e-01
i:  54000, t:  105249.1 s, ωt:  10.52 (1.68 periods), wall: 20.460 minutes, Δt:   1.45, CFL: 7.20e-01
i:  54100, t:  105387.2 s, ωt:  10.54 (1.68 periods), wall: 20.497 minutes, Δt:   1.39, CFL: 7.20e-01
i:  54200, t:  105526.8 s, ωt:  10.55 (1.68 periods), wall: 20.535 minutes, Δt:   1.35, CFL: 7.20e-01
i:  54300, t:  105660.0 s, ωt:  10.57 (1.68 periods), wall: 20.572 minutes, Δt:   1.38, CFL: 7.20e-01
i:  54400, t:  105798.9 s, ωt:  10.58 (1.68 periods), wall: 20.609 minutes, Δt:   1.22, CFL: 7.20e-01
i:  54500, t:  105944.2 s, ωt:  10.59 (1.69 periods), wall: 20.646 minutes, Δt:   1.42, CFL: 7.20e-01
i:  54600, t:  106063.0 s, ωt:  10.61 (1.69 periods), wall: 20.684 minutes, Δt:   1.25, CFL: 7.20e-01
i:  54700, t:  106188.6 s, ωt:  10.62 (1.69 periods), wall: 20.721 minutes, Δt:   1.48, CFL: 7.20e-01
i:  54800, t:  106334.1 s, ωt:  10.63 (1.69 periods), wall: 20.758 minutes, Δt:   1.40, CFL: 7.20e-01
i:  54900, t:  106482.7 s, ωt:  10.65 (1.69 periods), wall: 20.795 minutes, Δt:   1.40, CFL: 7.20e-01
i:  55000, t:  106610.7 s, ωt:  10.66 (1.70 periods), wall: 20.833 minutes, Δt:   1.20, CFL: 7.20e-01
i:  55100, t:  106739.3 s, ωt:  10.67 (1.70 periods), wall: 20.870 minutes, Δt:   1.23, CFL: 7.20e-01
i:  55200, t:  106874.7 s, ωt:  10.69 (1.70 periods), wall: 20.907 minutes, Δt:   1.15, CFL: 7.20e-01
i:  55300, t:  106992.8 s, ωt:  10.70 (1.70 periods), wall: 20.944 minutes, Δt:   1.30, CFL: 7.20e-01
i:  55400, t:  107126.4 s, ωt:  10.71 (1.70 periods), wall: 20.982 minutes, Δt:   1.37, CFL: 7.20e-01
i:  55500, t:  107263.7 s, ωt:  10.73 (1.71 periods), wall: 21.019 minutes, Δt:   1.46, CFL: 7.20e-01
i:  55600, t:  107399.8 s, ωt:  10.74 (1.71 periods), wall: 21.056 minutes, Δt:   1.25, CFL: 7.20e-01
i:  55700, t:  107521.4 s, ωt:  10.75 (1.71 periods), wall: 21.093 minutes, Δt:   1.34, CFL: 7.20e-01
i:  55800, t:  107645.6 s, ωt:  10.76 (1.71 periods), wall: 21.131 minutes, Δt:   1.09, CFL: 7.20e-01
i:  55900, t:  107772.5 s, ωt:  10.78 (1.72 periods), wall: 21.168 minutes, Δt:   1.31, CFL: 7.20e-01
i:  56000, t:  107910.3 s, ωt:  10.79 (1.72 periods), wall: 21.205 minutes, Δt:   1.15, CFL: 7.20e-01
i:  56100, t:  108026.8 s, ωt:  10.80 (1.72 periods), wall: 21.242 minutes, Δt:   1.23, CFL: 7.20e-01
i:  56200, t:  108151.4 s, ωt:  10.82 (1.72 periods), wall: 21.279 minutes, Δt:   1.35, CFL: 7.20e-01
i:  56300, t:  108285.4 s, ωt:  10.83 (1.72 periods), wall: 21.317 minutes, Δt:   1.30, CFL: 7.20e-01
i:  56400, t:  108420.1 s, ωt:  10.84 (1.73 periods), wall: 21.354 minutes, Δt:   1.38, CFL: 7.20e-01
i:  56500, t:  108553.4 s, ωt:  10.86 (1.73 periods), wall: 21.391 minutes, Δt:   1.23, CFL: 7.20e-01
i:  56600, t:  108690.7 s, ωt:  10.87 (1.73 periods), wall: 21.428 minutes, Δt:   1.51, CFL: 7.20e-01
i:  56700, t:  108827.4 s, ωt:  10.88 (1.73 periods), wall: 21.466 minutes, Δt:   1.38, CFL: 7.20e-01
i:  56800, t:  108963.4 s, ωt:  10.90 (1.73 periods), wall: 21.503 minutes, Δt:   1.33, CFL: 7.20e-01
i:  56900, t:  109083.6 s, ωt:  10.91 (1.74 periods), wall: 21.540 minutes, Δt:   1.30, CFL: 7.20e-01
i:  57000, t:  109210.6 s, ωt:  10.92 (1.74 periods), wall: 21.577 minutes, Δt:   1.36, CFL: 7.20e-01
i:  57100, t:  109342.7 s, ωt:  10.93 (1.74 periods), wall: 21.615 minutes, Δt:   1.20, CFL: 7.20e-01
i:  57200, t:  109468.5 s, ωt:  10.95 (1.74 periods), wall: 21.652 minutes, Δt:   1.23, CFL: 7.20e-01
i:  57300, t:  109601.5 s, ωt:  10.96 (1.74 periods), wall: 21.689 minutes, Δt:   1.23, CFL: 7.20e-01
i:  57400, t:  109725.0 s, ωt:  10.97 (1.75 periods), wall: 21.726 minutes, Δt:   1.40, CFL: 7.20e-01
i:  57500, t:  109854.9 s, ωt:  10.99 (1.75 periods), wall: 21.764 minutes, Δt:   1.33, CFL: 7.20e-01
i:  57600, t:  109985.4 s, ωt:  11.00 (1.75 periods), wall: 21.801 minutes, Δt:   1.40, CFL: 7.20e-01
i:  57700, t:  110127.2 s, ωt:  11.01 (1.75 periods), wall: 21.838 minutes, Δt:   1.42, CFL: 7.20e-01
i:  57800, t:  110264.0 s, ωt:  11.03 (1.75 periods), wall: 21.876 minutes, Δt:   1.16, CFL: 7.20e-01
i:  57900, t:  110383.7 s, ωt:  11.04 (1.76 periods), wall: 21.913 minutes, Δt:   1.40, CFL: 7.20e-01
i:  58000, t:  110511.9 s, ωt:  11.05 (1.76 periods), wall: 21.950 minutes, Δt:   1.32, CFL: 7.20e-01
i:  58100, t:  110639.2 s, ωt:  11.06 (1.76 periods), wall: 21.987 minutes, Δt:   1.42, CFL: 7.20e-01
i:  58200, t:  110780.9 s, ωt:  11.08 (1.76 periods), wall: 22.024 minutes, Δt:   1.13, CFL: 7.20e-01
i:  58300, t:  110897.7 s, ωt:  11.09 (1.76 periods), wall: 22.062 minutes, Δt:   1.25, CFL: 7.20e-01
i:  58400, t:  111025.4 s, ωt:  11.10 (1.77 periods), wall: 22.099 minutes, Δt:   1.42, CFL: 7.20e-01
i:  58500, t:  111164.9 s, ωt:  11.12 (1.77 periods), wall: 22.136 minutes, Δt:   1.65, CFL: 7.20e-01
i:  58600, t:  111316.6 s, ωt:  11.13 (1.77 periods), wall: 22.174 minutes, Δt:   1.49, CFL: 7.20e-01
i:  58700, t:  111456.8 s, ωt:  11.15 (1.77 periods), wall: 22.211 minutes, Δt:   1.33, CFL: 7.20e-01
i:  58800, t:  111598.8 s, ωt:  11.16 (1.78 periods), wall: 22.248 minutes, Δt:   1.49, CFL: 7.20e-01
i:  58900, t:  111746.6 s, ωt:  11.17 (1.78 periods), wall: 22.285 minutes, Δt:   1.46, CFL: 7.20e-01
i:  59000, t:  111869.2 s, ωt:  11.19 (1.78 periods), wall: 22.322 minutes, Δt:   1.40, CFL: 7.20e-01
i:  59100, t:  111995.8 s, ωt:  11.20 (1.78 periods), wall: 22.360 minutes, Δt:   0.96, CFL: 7.20e-01
i:  59200, t:  112092.5 s, ωt:  11.21 (1.78 periods), wall: 22.397 minutes, Δt:   1.41, CFL: 7.20e-01
i:  59300, t:  112241.4 s, ωt:  11.22 (1.79 periods), wall: 22.434 minutes, Δt:   1.46, CFL: 7.20e-01
i:  59400, t:  112381.7 s, ωt:  11.24 (1.79 periods), wall: 22.472 minutes, Δt:   1.21, CFL: 7.20e-01
i:  59500, t:  112498.2 s, ωt:  11.25 (1.79 periods), wall: 22.509 minutes, Δt:   1.30, CFL: 7.20e-01
i:  59600, t:  112615.8 s, ωt:  11.26 (1.79 periods), wall: 22.546 minutes, Δt:   1.10, CFL: 7.20e-01
i:  59700, t:  112744.8 s, ωt:  11.27 (1.79 periods), wall: 22.583 minutes, Δt:   1.42, CFL: 7.20e-01
i:  59800, t:  112877.8 s, ωt:  11.29 (1.80 periods), wall: 22.621 minutes, Δt:   1.37, CFL: 7.20e-01
i:  59900, t:  113010.5 s, ωt:  11.30 (1.80 periods), wall: 22.658 minutes, Δt:   1.49, CFL: 7.20e-01
i:  60000, t:  113159.1 s, ωt:  11.32 (1.80 periods), wall: 22.695 minutes, Δt:   1.45, CFL: 7.20e-01
i:  60100, t:  113294.9 s, ωt:  11.33 (1.80 periods), wall: 22.732 minutes, Δt:   1.65, CFL: 7.20e-01
i:  60200, t:  113449.4 s, ωt:  11.34 (1.81 periods), wall: 22.770 minutes, Δt:   1.30, CFL: 7.20e-01
i:  60300, t:  113575.0 s, ωt:  11.36 (1.81 periods), wall: 22.807 minutes, Δt:   1.02, CFL: 7.20e-01
i:  60400, t:  113703.6 s, ωt:  11.37 (1.81 periods), wall: 22.844 minutes, Δt:   1.61, CFL: 7.20e-01
i:  60500, t:  113852.7 s, ωt:  11.39 (1.81 periods), wall: 22.881 minutes, Δt:   1.44, CFL: 7.20e-01
i:  60600, t:  113970.3 s, ωt:  11.40 (1.81 periods), wall: 22.918 minutes, Δt:   1.41, CFL: 7.20e-01
i:  60700, t:  114112.8 s, ωt:  11.41 (1.82 periods), wall: 22.956 minutes, Δt:   1.56, CFL: 7.20e-01
i:  60800, t:  114245.8 s, ωt:  11.42 (1.82 periods), wall: 22.993 minutes, Δt:   1.12, CFL: 7.20e-01
i:  60900, t:  114371.7 s, ωt:  11.44 (1.82 periods), wall: 23.030 minutes, Δt:   1.50, CFL: 7.20e-01
i:  61000, t:  114517.1 s, ωt:  11.45 (1.82 periods), wall: 23.067 minutes, Δt:   1.50, CFL: 7.20e-01
i:  61100, t:  114668.1 s, ωt:  11.47 (1.82 periods), wall: 23.106 minutes, Δt:   1.43, CFL: 7.20e-01
i:  61200, t:  114818.5 s, ωt:  11.48 (1.83 periods), wall: 23.143 minutes, Δt:   1.32, CFL: 7.20e-01
i:  61300, t:  114955.9 s, ωt:  11.50 (1.83 periods), wall: 23.181 minutes, Δt:   1.61, CFL: 7.20e-01
i:  61400, t:  115099.6 s, ωt:  11.51 (1.83 periods), wall: 23.218 minutes, Δt:   1.39, CFL: 7.20e-01
i:  61500, t:  115247.7 s, ωt:  11.52 (1.83 periods), wall: 23.255 minutes, Δt:   1.47, CFL: 7.20e-01
i:  61600, t:  115382.2 s, ωt:  11.54 (1.84 periods), wall: 23.292 minutes, Δt:   1.41, CFL: 7.20e-01
i:  61700, t:  115524.3 s, ωt:  11.55 (1.84 periods), wall: 23.330 minutes, Δt:   1.53, CFL: 7.20e-01
i:  61800, t:  115667.0 s, ωt:  11.57 (1.84 periods), wall: 23.367 minutes, Δt:   1.53, CFL: 7.20e-01
i:  61900, t:  115824.2 s, ωt:  11.58 (1.84 periods), wall: 23.404 minutes, Δt:   1.77, CFL: 7.20e-01
i:  62000, t:  115986.0 s, ωt:  11.60 (1.85 periods), wall: 23.441 minutes, Δt:   1.48, CFL: 7.20e-01
i:  62100, t:  116127.9 s, ωt:  11.61 (1.85 periods), wall: 23.479 minutes, Δt:   1.37, CFL: 7.20e-01
i:  62200, t:  116271.5 s, ωt:  11.63 (1.85 periods), wall: 23.516 minutes, Δt:   1.46, CFL: 7.20e-01
i:  62300, t:  116441.8 s, ωt:  11.64 (1.85 periods), wall: 23.553 minutes, Δt:   1.71, CFL: 7.20e-01
i:  62400, t:  116595.8 s, ωt:  11.66 (1.86 periods), wall: 23.590 minutes, Δt:   1.37, CFL: 7.20e-01
i:  62500, t:  116759.9 s, ωt:  11.68 (1.86 periods), wall: 23.628 minutes, Δt:   1.64, CFL: 7.20e-01
i:  62600, t:  116930.7 s, ωt:  11.69 (1.86 periods), wall: 23.665 minutes, Δt:   1.82, CFL: 7.20e-01
i:  62700, t:  117097.3 s, ωt:  11.71 (1.86 periods), wall: 23.702 minutes, Δt:   1.64, CFL: 7.20e-01
i:  62800, t:  117261.7 s, ωt:  11.73 (1.87 periods), wall: 23.739 minutes, Δt:   1.50, CFL: 7.20e-01
i:  62900, t:  117437.3 s, ωt:  11.74 (1.87 periods), wall: 23.777 minutes, Δt:   1.87, CFL: 7.20e-01
i:  63000, t:  117607.0 s, ωt:  11.76 (1.87 periods), wall: 23.814 minutes, Δt:   1.46, CFL: 7.20e-01
i:  63100, t:  117779.6 s, ωt:  11.78 (1.87 periods), wall: 23.851 minutes, Δt:   1.75, CFL: 7.20e-01
i:  63200, t:  117952.6 s, ωt:  11.80 (1.88 periods), wall: 23.888 minutes, Δt:   1.88, CFL: 7.20e-01
i:  63300, t:  118132.6 s, ωt:  11.81 (1.88 periods), wall: 23.926 minutes, Δt:   1.54, CFL: 7.20e-01
i:  63400, t:  118303.1 s, ωt:  11.83 (1.88 periods), wall: 23.963 minutes, Δt:   1.89, CFL: 7.20e-01
i:  63500, t:  118489.1 s, ωt:  11.85 (1.89 periods), wall: 24.001 minutes, Δt:   2.01, CFL: 7.20e-01
i:  63600, t:  118676.2 s, ωt:  11.87 (1.89 periods), wall: 24.038 minutes, Δt:   2.02, CFL: 7.20e-01
i:  63700, t:  118884.7 s, ωt:  11.89 (1.89 periods), wall: 24.075 minutes, Δt:   2.19, CFL: 7.20e-01
i:  63800, t:  119085.3 s, ωt:  11.91 (1.90 periods), wall: 24.112 minutes, Δt:   1.87, CFL: 7.20e-01
i:  63900, t:  119262.2 s, ωt:  11.93 (1.90 periods), wall: 24.150 minutes, Δt:   1.44, CFL: 7.20e-01
i:  64000, t:  119435.3 s, ωt:  11.94 (1.90 periods), wall: 24.187 minutes, Δt:   2.11, CFL: 7.20e-01
i:  64100, t:  119667.7 s, ωt:  11.97 (1.90 periods), wall: 24.224 minutes, Δt:   2.46, CFL: 7.20e-01
i:  64200, t:  119891.6 s, ωt:  11.99 (1.91 periods), wall: 24.261 minutes, Δt:   2.24, CFL: 7.20e-01
i:  64300, t:  120142.2 s, ωt:  12.01 (1.91 periods), wall: 24.299 minutes, Δt:   2.53, CFL: 7.20e-01
i:  64400, t:  120393.3 s, ωt:  12.04 (1.92 periods), wall: 24.336 minutes, Δt:   2.50, CFL: 7.20e-01
i:  64500, t:  120656.1 s, ωt:  12.07 (1.92 periods), wall: 24.373 minutes, Δt:   2.56, CFL: 7.20e-01
i:  64600, t:  120911.3 s, ωt:  12.09 (1.92 periods), wall: 24.411 minutes, Δt:   2.75, CFL: 7.20e-01
i:  64700, t:  121179.0 s, ωt:  12.12 (1.93 periods), wall: 24.448 minutes, Δt:   2.57, CFL: 7.20e-01
i:  64800, t:  121450.4 s, ωt:  12.15 (1.93 periods), wall: 24.485 minutes, Δt:   2.65, CFL: 7.20e-01
i:  64900, t:  121736.4 s, ωt:  12.17 (1.94 periods), wall: 24.522 minutes, Δt:   2.65, CFL: 7.20e-01
i:  65000, t:  121973.0 s, ωt:  12.20 (1.94 periods), wall: 24.560 minutes, Δt:   2.94, CFL: 7.20e-01
i:  65100, t:  122272.4 s, ωt:  12.23 (1.95 periods), wall: 24.597 minutes, Δt:   2.80, CFL: 7.20e-01
i:  65200, t:  122566.1 s, ωt:  12.26 (1.95 periods), wall: 24.634 minutes, Δt:   3.03, CFL: 7.20e-01
i:  65300, t:  122842.1 s, ωt:  12.28 (1.96 periods), wall: 24.672 minutes, Δt:   3.10, CFL: 7.20e-01
i:  65400, t:  123139.0 s, ωt:  12.31 (1.96 periods), wall: 24.709 minutes, Δt:   3.20, CFL: 7.20e-01
i:  65500, t:  123417.1 s, ωt:  12.34 (1.96 periods), wall: 24.746 minutes, Δt:   3.48, CFL: 6.97e-01
i:  65600, t:  123766.0 s, ωt:  12.38 (1.97 periods), wall: 24.783 minutes, Δt:   3.84, CFL: 7.20e-01
i:  65700, t:  124118.4 s, ωt:  12.41 (1.98 periods), wall: 24.821 minutes, Δt:   3.30, CFL: 7.20e-01
i:  65800, t:  124577.2 s, ωt:  12.46 (1.98 periods), wall: 24.858 minutes, Δt:   5.35, CFL: 7.20e-01
i:  65900, t:  125104.9 s, ωt:  12.51 (1.99 periods), wall: 24.895 minutes, Δt:   5.50, CFL: 7.20e-01
i:  66000, t:  125682.2 s, ωt:  12.57 (2.00 periods), wall: 24.935 minutes, Δt:   5.81, CFL: 7.20e-01
i:  66100, t:  126289.5 s, ωt:  12.63 (2.01 periods), wall: 24.973 minutes, Δt:   6.19, CFL: 7.20e-01
i:  66200, t:  126861.2 s, ωt:  12.69 (2.02 periods), wall: 25.011 minutes, Δt:   5.14, CFL: 7.20e-01
i:  66300, t:  127374.2 s, ωt:  12.74 (2.03 periods), wall: 25.048 minutes, Δt:   4.59, CFL: 7.20e-01
i:  66400, t:  127862.8 s, ωt:  12.79 (2.03 periods), wall: 25.085 minutes, Δt:   5.08, CFL: 7.20e-01
i:  66500, t:  128363.5 s, ωt:  12.84 (2.04 periods), wall: 25.123 minutes, Δt:   4.89, CFL: 7.20e-01
i:  66600, t:  128809.8 s, ωt:  12.88 (2.05 periods), wall: 25.160 minutes, Δt:   4.43, CFL: 7.20e-01
i:  66700, t:  129222.3 s, ωt:  12.92 (2.06 periods), wall: 25.197 minutes, Δt:   4.06, CFL: 7.20e-01
i:  66800, t:  129616.0 s, ωt:  12.96 (2.06 periods), wall: 25.235 minutes, Δt:   3.42, CFL: 7.20e-01
i:  66900, t:  129950.5 s, ωt:  13.00 (2.07 periods), wall: 25.272 minutes, Δt:   3.27, CFL: 7.20e-01
i:  67000, t:  130237.8 s, ωt:  13.02 (2.07 periods), wall: 25.309 minutes, Δt:   3.06, CFL: 7.10e-01
i:  67100, t:  130498.1 s, ωt:  13.05 (2.08 periods), wall: 25.347 minutes, Δt:   2.22, CFL: 7.20e-01
i:  67200, t:  130727.8 s, ωt:  13.07 (2.08 periods), wall: 25.384 minutes, Δt:   2.76, CFL: 7.20e-01
i:  67300, t:  130994.3 s, ωt:  13.10 (2.08 periods), wall: 25.421 minutes, Δt:   2.46, CFL: 7.20e-01
i:  67400, t:  131203.4 s, ωt:  13.12 (2.09 periods), wall: 25.458 minutes, Δt:   1.92, CFL: 7.20e-01
i:  67500, t:  131409.6 s, ωt:  13.14 (2.09 periods), wall: 25.496 minutes, Δt:   1.80, CFL: 7.20e-01
i:  67600, t:  131619.3 s, ωt:  13.16 (2.09 periods), wall: 25.533 minutes, Δt:   1.99, CFL: 7.20e-01
i:  67700, t:  131804.8 s, ωt:  13.18 (2.10 periods), wall: 25.570 minutes, Δt:   2.06, CFL: 7.20e-01
i:  67800, t:  132010.3 s, ωt:  13.20 (2.10 periods), wall: 25.608 minutes, Δt:   2.01, CFL: 7.20e-01
i:  67900, t:  132221.1 s, ωt:  13.22 (2.10 periods), wall: 25.645 minutes, Δt:   2.12, CFL: 7.20e-01
i:  68000, t:  132425.2 s, ωt:  13.24 (2.11 periods), wall: 25.682 minutes, Δt:   2.07, CFL: 7.20e-01
i:  68100, t:  132618.4 s, ωt:  13.26 (2.11 periods), wall: 25.719 minutes, Δt:   1.73, CFL: 7.20e-01
i:  68200, t:  132808.9 s, ωt:  13.28 (2.11 periods), wall: 25.757 minutes, Δt:   1.89, CFL: 7.20e-01
i:  68300, t:  133008.6 s, ωt:  13.30 (2.12 periods), wall: 25.794 minutes, Δt:   2.08, CFL: 7.20e-01
i:  68400, t:  133199.3 s, ωt:  13.32 (2.12 periods), wall: 25.831 minutes, Δt:   1.82, CFL: 7.20e-01
i:  68500, t:  133374.0 s, ωt:  13.34 (2.12 periods), wall: 25.869 minutes, Δt:   1.81, CFL: 7.20e-01
i:  68600, t:  133551.1 s, ωt:  13.36 (2.13 periods), wall: 25.906 minutes, Δt:   2.04, CFL: 7.20e-01
i:  68700, t:  133745.0 s, ωt:  13.37 (2.13 periods), wall: 25.943 minutes, Δt:   1.58, CFL: 7.20e-01
i:  68800, t:  133918.7 s, ωt:  13.39 (2.13 periods), wall: 25.981 minutes, Δt:   1.61, CFL: 7.20e-01
i:  68900, t:  134096.3 s, ωt:  13.41 (2.13 periods), wall: 26.018 minutes, Δt:   1.78, CFL: 7.20e-01
i:  69000, t:  134270.8 s, ωt:  13.43 (2.14 periods), wall: 26.055 minutes, Δt:   1.74, CFL: 7.20e-01
i:  69100, t:  134444.7 s, ωt:  13.44 (2.14 periods), wall: 26.092 minutes, Δt:   1.71, CFL: 7.20e-01
i:  69200, t:  134609.9 s, ωt:  13.46 (2.14 periods), wall: 26.130 minutes, Δt:   1.66, CFL: 7.20e-01
i:  69300, t:  134783.4 s, ωt:  13.48 (2.15 periods), wall: 26.167 minutes, Δt:   1.70, CFL: 7.20e-01
i:  69400, t:  134948.0 s, ωt:  13.49 (2.15 periods), wall: 26.204 minutes, Δt:   1.66, CFL: 7.20e-01
i:  69500, t:  135125.6 s, ωt:  13.51 (2.15 periods), wall: 26.241 minutes, Δt:   1.42, CFL: 7.20e-01
i:  69600, t:  135273.2 s, ωt:  13.53 (2.15 periods), wall: 26.278 minutes, Δt:   1.83, CFL: 7.20e-01
i:  69700, t:  135433.5 s, ωt:  13.54 (2.16 periods), wall: 26.316 minutes, Δt:   1.73, CFL: 7.20e-01
i:  69800, t:  135586.6 s, ωt:  13.56 (2.16 periods), wall: 26.353 minutes, Δt:   1.46, CFL: 7.20e-01
i:  69900, t:  135730.9 s, ωt:  13.57 (2.16 periods), wall: 26.390 minutes, Δt:   1.47, CFL: 7.20e-01
i:  70000, t:  135882.1 s, ωt:  13.59 (2.16 periods), wall: 26.427 minutes, Δt:   1.35, CFL: 7.20e-01
i:  70100, t:  136031.0 s, ωt:  13.60 (2.17 periods), wall: 26.464 minutes, Δt:   1.63, CFL: 7.20e-01
i:  70200, t:  136180.1 s, ωt:  13.62 (2.17 periods), wall: 26.502 minutes, Δt:   1.60, CFL: 7.20e-01
i:  70300, t:  136331.1 s, ωt:  13.63 (2.17 periods), wall: 26.539 minutes, Δt:   1.35, CFL: 7.20e-01
i:  70400, t:  136476.4 s, ωt:  13.65 (2.17 periods), wall: 26.577 minutes, Δt:   1.49, CFL: 7.20e-01
i:  70500, t:  136626.3 s, ωt:  13.66 (2.17 periods), wall: 26.614 minutes, Δt:   1.44, CFL: 7.20e-01
i:  70600, t:  136784.1 s, ωt:  13.68 (2.18 periods), wall: 26.651 minutes, Δt:   1.57, CFL: 7.20e-01
i:  70700, t:  136938.7 s, ωt:  13.69 (2.18 periods), wall: 26.688 minutes, Δt:   1.66, CFL: 7.20e-01
i:  70800, t:  137089.1 s, ωt:  13.71 (2.18 periods), wall: 26.725 minutes, Δt:   1.64, CFL: 7.20e-01
i:  70900, t:  137239.5 s, ωt:  13.72 (2.18 periods), wall: 26.763 minutes, Δt:   1.48, CFL: 7.20e-01
i:  71000, t:  137382.6 s, ωt:  13.74 (2.19 periods), wall: 26.800 minutes, Δt:   1.40, CFL: 7.20e-01
i:  71100, t:  137530.4 s, ωt:  13.75 (2.19 periods), wall: 26.837 minutes, Δt:   1.45, CFL: 7.20e-01
i:  71200, t:  137668.6 s, ωt:  13.77 (2.19 periods), wall: 26.875 minutes, Δt:   1.51, CFL: 7.20e-01
i:  71300, t:  137807.0 s, ωt:  13.78 (2.19 periods), wall: 26.912 minutes, Δt:   1.45, CFL: 7.20e-01
i:  71400, t:  137950.2 s, ωt:  13.80 (2.20 periods), wall: 26.949 minutes, Δt:   1.37, CFL: 7.20e-01
i:  71500, t:  138100.4 s, ωt:  13.81 (2.20 periods), wall: 26.986 minutes, Δt:   1.43, CFL: 7.20e-01
i:  71600, t:  138238.3 s, ωt:  13.82 (2.20 periods), wall: 27.024 minutes, Δt:   1.40, CFL: 7.20e-01
i:  71700, t:  138361.9 s, ωt:  13.84 (2.20 periods), wall: 27.061 minutes, Δt:   1.24, CFL: 7.20e-01
i:  71800, t:  138501.4 s, ωt:  13.85 (2.20 periods), wall: 27.098 minutes, Δt:   1.43, CFL: 7.20e-01
i:  71900, t:  138640.4 s, ωt:  13.86 (2.21 periods), wall: 27.135 minutes, Δt:   1.25, CFL: 7.20e-01
i:  72000, t:  138784.8 s, ωt:  13.88 (2.21 periods), wall: 27.172 minutes, Δt:   1.38, CFL: 7.20e-01
i:  72100, t:  138920.2 s, ωt:  13.89 (2.21 periods), wall: 27.209 minutes, Δt:   1.14, CFL: 7.20e-01
i:  72200, t:  139043.2 s, ωt:  13.90 (2.21 periods), wall: 27.247 minutes, Δt:   1.31, CFL: 7.20e-01
i:  72300, t:  139185.1 s, ωt:  13.92 (2.22 periods), wall: 27.284 minutes, Δt:   1.54, CFL: 7.20e-01
i:  72400, t:  139335.5 s, ωt:  13.93 (2.22 periods), wall: 27.321 minutes, Δt:   1.30, CFL: 7.20e-01
i:  72500, t:  139474.0 s, ωt:  13.95 (2.22 periods), wall: 27.359 minutes, Δt:   1.01, CFL: 7.20e-01
i:  72600, t:  139598.4 s, ωt:  13.96 (2.22 periods), wall: 27.396 minutes, Δt:   1.29, CFL: 7.20e-01
i:  72700, t:  139722.2 s, ωt:  13.97 (2.22 periods), wall: 27.434 minutes, Δt:   1.23, CFL: 7.20e-01
i:  72800, t:  139861.2 s, ωt:  13.99 (2.23 periods), wall: 27.471 minutes, Δt:   1.28, CFL: 7.20e-01
i:  72900, t:  139997.1 s, ωt:  14.00 (2.23 periods), wall: 27.508 minutes, Δt:   1.33, CFL: 7.20e-01
i:  73000, t:  140135.6 s, ωt:  14.01 (2.23 periods), wall: 27.545 minutes, Δt:   1.44, CFL: 7.20e-01
i:  73100, t:  140275.2 s, ωt:  14.03 (2.23 periods), wall: 27.583 minutes, Δt:   1.29, CFL: 7.20e-01
i:  73200, t:  140414.3 s, ωt:  14.04 (2.23 periods), wall: 27.620 minutes, Δt:   1.48, CFL: 7.20e-01
i:  73300, t:  140554.7 s, ωt:  14.06 (2.24 periods), wall: 27.657 minutes, Δt:   1.53, CFL: 7.20e-01
i:  73400, t:  140690.1 s, ωt:  14.07 (2.24 periods), wall: 27.694 minutes, Δt:   1.29, CFL: 7.20e-01
i:  73500, t:  140825.2 s, ωt:  14.08 (2.24 periods), wall: 27.732 minutes, Δt:   1.27, CFL: 7.20e-01
i:  73600, t:  140958.9 s, ωt:  14.10 (2.24 periods), wall: 27.769 minutes, Δt:   1.35, CFL: 7.20e-01
i:  73700, t:  141094.6 s, ωt:  14.11 (2.25 periods), wall: 27.806 minutes, Δt:   1.36, CFL: 7.20e-01
i:  73800, t:  141227.2 s, ωt:  14.12 (2.25 periods), wall: 27.843 minutes, Δt:   1.16, CFL: 7.20e-01
i:  73900, t:  141366.3 s, ωt:  14.14 (2.25 periods), wall: 27.881 minutes, Δt:   1.42, CFL: 7.20e-01
i:  74000, t:  141504.2 s, ωt:  14.15 (2.25 periods), wall: 27.918 minutes, Δt:   1.42, CFL: 7.20e-01
i:  74100, t:  141640.8 s, ωt:  14.16 (2.25 periods), wall: 27.955 minutes, Δt:   1.56, CFL: 7.20e-01
i:  74200, t:  141788.0 s, ωt:  14.18 (2.26 periods), wall: 27.992 minutes, Δt:   1.46, CFL: 7.20e-01
i:  74300, t:  141932.5 s, ωt:  14.19 (2.26 periods), wall: 28.030 minutes, Δt:   1.36, CFL: 7.20e-01
i:  74400, t:  142061.3 s, ωt:  14.21 (2.26 periods), wall: 28.067 minutes, Δt:   1.29, CFL: 7.20e-01
i:  74500, t:  142199.3 s, ωt:  14.22 (2.26 periods), wall: 28.104 minutes, Δt:   1.55, CFL: 7.20e-01
i:  74600, t:  142349.5 s, ωt:  14.23 (2.27 periods), wall: 28.141 minutes, Δt:   1.41, CFL: 7.20e-01
i:  74700, t:  142477.9 s, ωt:  14.25 (2.27 periods), wall: 28.178 minutes, Δt:   1.20, CFL: 7.20e-01
i:  74800, t:  142615.5 s, ωt:  14.26 (2.27 periods), wall: 28.216 minutes, Δt:   1.51, CFL: 7.20e-01
i:  74900, t:  142754.6 s, ωt:  14.28 (2.27 periods), wall: 28.253 minutes, Δt:   1.48, CFL: 7.20e-01
i:  75000, t:  142874.6 s, ωt:  14.29 (2.27 periods), wall: 28.290 minutes, Δt:   1.32, CFL: 7.20e-01
i:  75100, t:  143017.9 s, ωt:  14.30 (2.28 periods), wall: 28.327 minutes, Δt:   1.43, CFL: 7.20e-01
i:  75200, t:  143148.0 s, ωt:  14.31 (2.28 periods), wall: 28.364 minutes, Δt:   1.21, CFL: 7.20e-01
i:  75300, t:  143287.7 s, ωt:  14.33 (2.28 periods), wall: 28.402 minutes, Δt:   1.23, CFL: 7.20e-01
i:  75400, t:  143430.7 s, ωt:  14.34 (2.28 periods), wall: 28.439 minutes, Δt:   1.58, CFL: 7.20e-01
i:  75500, t:  143570.8 s, ωt:  14.36 (2.28 periods), wall: 28.476 minutes, Δt:   1.27, CFL: 7.20e-01
i:  75600, t:  143707.4 s, ωt:  14.37 (2.29 periods), wall: 28.514 minutes, Δt:   1.19, CFL: 7.20e-01
i:  75700, t:  143831.3 s, ωt:  14.38 (2.29 periods), wall: 28.551 minutes, Δt:   1.41, CFL: 7.20e-01
i:  75800, t:  143979.1 s, ωt:  14.40 (2.29 periods), wall: 28.588 minutes, Δt:   1.31, CFL: 7.20e-01
i:  75900, t:  144110.2 s, ωt:  14.41 (2.29 periods), wall: 28.625 minutes, Δt:   1.21, CFL: 7.20e-01
i:  76000, t:  144258.5 s, ωt:  14.43 (2.30 periods), wall: 28.663 minutes, Δt:   1.61, CFL: 7.20e-01
i:  76100, t:  144401.9 s, ωt:  14.44 (2.30 periods), wall: 28.700 minutes, Δt:   1.41, CFL: 7.20e-01
i:  76200, t:  144542.9 s, ωt:  14.45 (2.30 periods), wall: 28.737 minutes, Δt:   1.55, CFL: 7.20e-01
i:  76300, t:  144681.8 s, ωt:  14.47 (2.30 periods), wall: 28.774 minutes, Δt:   1.50, CFL: 7.20e-01
i:  76400, t:  144814.7 s, ωt:  14.48 (2.30 periods), wall: 28.812 minutes, Δt:   1.26, CFL: 7.20e-01
i:  76500, t:  144952.0 s, ωt:  14.50 (2.31 periods), wall: 28.849 minutes, Δt:   1.70, CFL: 7.20e-01
i:  76600, t:  145116.8 s, ωt:  14.51 (2.31 periods), wall: 28.886 minutes, Δt:   1.49, CFL: 7.20e-01
i:  76700, t:  145261.9 s, ωt:  14.53 (2.31 periods), wall: 28.923 minutes, Δt:   1.44, CFL: 7.20e-01
i:  76800, t:  145411.4 s, ωt:  14.54 (2.31 periods), wall: 28.961 minutes, Δt:   1.48, CFL: 7.20e-01
i:  76900, t:  145550.9 s, ωt:  14.56 (2.32 periods), wall: 28.998 minutes, Δt:   1.32, CFL: 7.20e-01
i:  77000, t:  145682.7 s, ωt:  14.57 (2.32 periods), wall: 29.035 minutes, Δt:   1.52, CFL: 7.20e-01
i:  77100, t:  145836.1 s, ωt:  14.58 (2.32 periods), wall: 29.072 minutes, Δt:   1.63, CFL: 7.20e-01
i:  77200, t:  145984.9 s, ωt:  14.60 (2.32 periods), wall: 29.110 minutes, Δt:   1.49, CFL: 7.20e-01
i:  77300, t:  146131.4 s, ωt:  14.61 (2.33 periods), wall: 29.147 minutes, Δt:   1.60, CFL: 7.20e-01
i:  77400, t:  146277.4 s, ωt:  14.63 (2.33 periods), wall: 29.186 minutes, Δt:   1.43, CFL: 7.20e-01
i:  77500, t:  146420.8 s, ωt:  14.64 (2.33 periods), wall: 29.223 minutes, Δt:   1.13, CFL: 7.20e-01
i:  77600, t:  146563.5 s, ωt:  14.66 (2.33 periods), wall: 29.260 minutes, Δt:   1.63, CFL: 7.20e-01
i:  77700, t:  146689.3 s, ωt:  14.67 (2.33 periods), wall: 29.298 minutes, Δt:   1.09, CFL: 7.20e-01
i:  77800, t:  146839.9 s, ωt:  14.68 (2.34 periods), wall: 29.335 minutes, Δt:   1.42, CFL: 7.20e-01
i:  77900, t:  146976.6 s, ωt:  14.70 (2.34 periods), wall: 29.372 minutes, Δt:   1.33, CFL: 7.20e-01
i:  78000, t:  147113.5 s, ωt:  14.71 (2.34 periods), wall: 29.409 minutes, Δt:   1.64, CFL: 7.20e-01
i:  78100, t:  147269.1 s, ωt:  14.73 (2.34 periods), wall: 29.447 minutes, Δt:   1.76, CFL: 7.15e-01
i:  78200, t:  147439.3 s, ωt:  14.74 (2.35 periods), wall: 29.484 minutes, Δt:   1.50, CFL: 7.20e-01
i:  78300, t:  147610.3 s, ωt:  14.76 (2.35 periods), wall: 29.521 minutes, Δt:   1.68, CFL: 7.20e-01
i:  78400, t:  147773.7 s, ωt:  14.78 (2.35 periods), wall: 29.559 minutes, Δt:   1.55, CFL: 7.20e-01
i:  78500, t:  147935.2 s, ωt:  14.79 (2.35 periods), wall: 29.596 minutes, Δt:   1.75, CFL: 7.20e-01
i:  78600, t:  148096.7 s, ωt:  14.81 (2.36 periods), wall: 29.633 minutes, Δt:   1.71, CFL: 7.20e-01
i:  78700, t:  148245.3 s, ωt:  14.82 (2.36 periods), wall: 29.670 minutes, Δt:   1.66, CFL: 7.20e-01
i:  78800, t:  148414.0 s, ωt:  14.84 (2.36 periods), wall: 29.708 minutes, Δt:   1.61, CFL: 7.20e-01
i:  78900, t:  148579.8 s, ωt:  14.86 (2.36 periods), wall: 29.745 minutes, Δt:   1.68, CFL: 7.20e-01
i:  79000, t:  148767.2 s, ωt:  14.88 (2.37 periods), wall: 29.782 minutes, Δt:   1.71, CFL: 7.20e-01
i:  79100, t:  148937.8 s, ωt:  14.89 (2.37 periods), wall: 29.819 minutes, Δt:   1.74, CFL: 7.20e-01
i:  79200, t:  149117.7 s, ωt:  14.91 (2.37 periods), wall: 29.857 minutes, Δt:   1.86, CFL: 7.20e-01
i:  79300, t:  149297.2 s, ωt:  14.93 (2.38 periods), wall: 29.894 minutes, Δt:   1.51, CFL: 7.20e-01
i:  79400, t:  149466.1 s, ωt:  14.95 (2.38 periods), wall: 29.931 minutes, Δt:   1.74, CFL: 7.20e-01
i:  79500, t:  149658.8 s, ωt:  14.97 (2.38 periods), wall: 29.968 minutes, Δt:   2.01, CFL: 7.20e-01
i:  79600, t:  149859.4 s, ωt:  14.99 (2.39 periods), wall: 30.005 minutes, Δt:   1.64, CFL: 7.20e-01
i:  79700, t:  150037.5 s, ωt:  15.00 (2.39 periods), wall: 30.043 minutes, Δt:   1.97, CFL: 7.20e-01
i:  79800, t:  150244.7 s, ωt:  15.02 (2.39 periods), wall: 30.080 minutes, Δt:   2.01, CFL: 7.20e-01
i:  79900, t:  150428.9 s, ωt:  15.04 (2.39 periods), wall: 30.117 minutes, Δt:   1.98, CFL: 7.20e-01
i:  80000, t:  150640.9 s, ωt:  15.06 (2.40 periods), wall: 30.155 minutes, Δt:   2.35, CFL: 7.20e-01
i:  80100, t:  150845.2 s, ωt:  15.08 (2.40 periods), wall: 30.192 minutes, Δt:   2.20, CFL: 7.20e-01
i:  80200, t:  151057.5 s, ωt:  15.11 (2.40 periods), wall: 30.229 minutes, Δt:   1.89, CFL: 7.20e-01
i:  80300, t:  151259.4 s, ωt:  15.13 (2.41 periods), wall: 30.266 minutes, Δt:   1.81, CFL: 7.20e-01
i:  80400, t:  151456.9 s, ωt:  15.15 (2.41 periods), wall: 30.304 minutes, Δt:   2.06, CFL: 7.20e-01
i:  80500, t:  151671.1 s, ωt:  15.17 (2.41 periods), wall: 30.341 minutes, Δt:   2.30, CFL: 7.20e-01
i:  80600, t:  151891.9 s, ωt:  15.19 (2.42 periods), wall: 30.379 minutes, Δt:   2.11, CFL: 7.20e-01
i:  80700, t:  152137.7 s, ωt:  15.21 (2.42 periods), wall: 30.416 minutes, Δt:   2.35, CFL: 7.20e-01
i:  80800, t:  152369.8 s, ωt:  15.24 (2.43 periods), wall: 30.453 minutes, Δt:   2.73, CFL: 7.20e-01
i:  80900, t:  152660.6 s, ωt:  15.27 (2.43 periods), wall: 30.490 minutes, Δt:   2.86, CFL: 7.20e-01
i:  81000, t:  152908.2 s, ωt:  15.29 (2.43 periods), wall: 30.528 minutes, Δt:   2.52, CFL: 7.20e-01
i:  81100, t:  153205.4 s, ωt:  15.32 (2.44 periods), wall: 30.565 minutes, Δt:   2.82, CFL: 7.20e-01
i:  81200, t:  153450.3 s, ωt:  15.35 (2.44 periods), wall: 30.602 minutes, Δt:   2.76, CFL: 7.20e-01
i:  81300, t:  153744.5 s, ωt:  15.37 (2.45 periods), wall: 30.640 minutes, Δt:   3.32, CFL: 7.20e-01
i:  81400, t:  154083.2 s, ωt:  15.41 (2.45 periods), wall: 30.677 minutes, Δt:   3.57, CFL: 7.20e-01
i:  81500, t:  154411.0 s, ωt:  15.44 (2.46 periods), wall: 30.714 minutes, Δt:   2.48, CFL: 7.20e-01
i:  81600, t:  154690.7 s, ωt:  15.47 (2.46 periods), wall: 30.752 minutes, Δt:   3.14, CFL: 7.20e-01
i:  81700, t:  155035.1 s, ωt:  15.50 (2.47 periods), wall: 30.789 minutes, Δt:   3.59, CFL: 7.20e-01
i:  81800, t:  155420.3 s, ωt:  15.54 (2.47 periods), wall: 30.827 minutes, Δt:   4.08, CFL: 7.20e-01
i:  81900, t:  155819.5 s, ωt:  15.58 (2.48 periods), wall: 30.864 minutes, Δt:   3.50, CFL: 7.20e-01
i:  82000, t:  156244.1 s, ωt:  15.62 (2.49 periods), wall: 30.901 minutes, Δt:   5.27, CFL: 7.20e-01
i:  82100, t:  156776.3 s, ωt:  15.68 (2.50 periods), wall: 30.939 minutes, Δt:   5.76, CFL: 7.20e-01
i:  82200, t:  157283.6 s, ωt:  15.73 (2.50 periods), wall: 30.979 minutes, Δt:   4.65, CFL: 7.20e-01
i:  82300, t:  157792.0 s, ωt:  15.78 (2.51 periods), wall: 31.017 minutes, Δt:   5.06, CFL: 7.20e-01
i:  82400, t:  158360.7 s, ωt:  15.84 (2.52 periods), wall: 31.054 minutes, Δt:   6.28, CFL: 7.20e-01
i:  82500, t:  158931.4 s, ωt:  15.89 (2.53 periods), wall: 31.091 minutes, Δt:   5.27, CFL: 7.20e-01
i:  82600, t:  159427.7 s, ωt:  15.94 (2.54 periods), wall: 31.128 minutes, Δt:   4.71, CFL: 7.20e-01
i:  82700, t:  159862.8 s, ωt:  15.99 (2.54 periods), wall: 31.166 minutes, Δt:   4.26, CFL: 7.20e-01
i:  82800, t:  160293.2 s, ωt:  16.03 (2.55 periods), wall: 31.203 minutes, Δt:   4.51, CFL: 7.20e-01
i:  82900, t:  160677.6 s, ωt:  16.07 (2.56 periods), wall: 31.240 minutes, Δt:   2.96, CFL: 7.20e-01
i:  83000, t:  160985.5 s, ωt:  16.10 (2.56 periods), wall: 31.278 minutes, Δt:   2.93, CFL: 7.20e-01
i:  83100, t:  161279.6 s, ωt:  16.13 (2.57 periods), wall: 31.315 minutes, Δt:   3.10, CFL: 7.20e-01
i:  83200, t:  161571.2 s, ωt:  16.16 (2.57 periods), wall: 31.352 minutes, Δt:   2.96, CFL: 7.20e-01
i:  83300, t:  161832.6 s, ωt:  16.18 (2.58 periods), wall: 31.390 minutes, Δt:   2.42, CFL: 7.20e-01
i:  83400, t:  162092.9 s, ωt:  16.21 (2.58 periods), wall: 31.427 minutes, Δt:   2.62, CFL: 7.20e-01
i:  83500, t:  162337.1 s, ωt:  16.23 (2.58 periods), wall: 31.464 minutes, Δt:   2.54, CFL: 7.20e-01
i:  83600, t:  162565.9 s, ωt:  16.26 (2.59 periods), wall: 31.501 minutes, Δt:   2.43, CFL: 7.20e-01
i:  83700, t:  162786.9 s, ωt:  16.28 (2.59 periods), wall: 31.539 minutes, Δt:   2.23, CFL: 7.20e-01
i:  83800, t:  162993.6 s, ωt:  16.30 (2.59 periods), wall: 31.576 minutes, Δt:   2.15, CFL: 7.20e-01
i:  83900, t:  163189.9 s, ωt:  16.32 (2.60 periods), wall: 31.613 minutes, Δt:   1.98, CFL: 7.20e-01
i:  84000, t:  163392.2 s, ωt:  16.34 (2.60 periods), wall: 31.650 minutes, Δt:   2.14, CFL: 7.20e-01
i:  84100, t:  163594.8 s, ωt:  16.36 (2.60 periods), wall: 31.688 minutes, Δt:   2.03, CFL: 7.20e-01
i:  84200, t:  163793.1 s, ωt:  16.38 (2.61 periods), wall: 31.725 minutes, Δt:   1.81, CFL: 7.20e-01
i:  84300, t:  163981.7 s, ωt:  16.40 (2.61 periods), wall: 31.762 minutes, Δt:   2.10, CFL: 7.20e-01
i:  84400, t:  164182.6 s, ωt:  16.42 (2.61 periods), wall: 31.799 minutes, Δt:   1.76, CFL: 7.20e-01
i:  84500, t:  164376.6 s, ωt:  16.44 (2.62 periods), wall: 31.837 minutes, Δt:   1.91, CFL: 7.20e-01
i:  84600, t:  164558.6 s, ωt:  16.46 (2.62 periods), wall: 31.874 minutes, Δt:   1.63, CFL: 7.20e-01
i:  84700, t:  164724.7 s, ωt:  16.47 (2.62 periods), wall: 31.911 minutes, Δt:   1.74, CFL: 7.20e-01
i:  84800, t:  164899.1 s, ωt:  16.49 (2.62 periods), wall: 31.948 minutes, Δt:   1.70, CFL: 7.20e-01
i:  84900, t:  165076.3 s, ωt:  16.51 (2.63 periods), wall: 31.986 minutes, Δt:   1.98, CFL: 7.20e-01
i:  85000, t:  165254.9 s, ωt:  16.53 (2.63 periods), wall: 32.023 minutes, Δt:   1.79, CFL: 7.20e-01
i:  85100, t:  165427.6 s, ωt:  16.54 (2.63 periods), wall: 32.060 minutes, Δt:   1.81, CFL: 7.20e-01
i:  85200, t:  165601.8 s, ωt:  16.56 (2.64 periods), wall: 32.098 minutes, Δt:   1.97, CFL: 7.20e-01
i:  85300, t:  165782.0 s, ωt:  16.58 (2.64 periods), wall: 32.135 minutes, Δt:   1.84, CFL: 7.20e-01
i:  85400, t:  165948.3 s, ωt:  16.59 (2.64 periods), wall: 32.172 minutes, Δt:   1.50, CFL: 7.20e-01
i:  85500, t:  166103.3 s, ωt:  16.61 (2.64 periods), wall: 32.209 minutes, Δt:   1.78, CFL: 7.20e-01
i:  85600, t:  166262.0 s, ωt:  16.63 (2.65 periods), wall: 32.247 minutes, Δt:   1.60, CFL: 7.20e-01
i:  85700, t:  166423.8 s, ωt:  16.64 (2.65 periods), wall: 32.284 minutes, Δt:   1.68, CFL: 7.20e-01
i:  85800, t:  166584.4 s, ωt:  16.66 (2.65 periods), wall: 32.321 minutes, Δt:   1.50, CFL: 7.20e-01
i:  85900, t:  166732.9 s, ωt:  16.67 (2.65 periods), wall: 32.358 minutes, Δt:   1.41, CFL: 7.20e-01
i:  86000, t:  166890.7 s, ωt:  16.69 (2.66 periods), wall: 32.396 minutes, Δt:   1.68, CFL: 7.20e-01
i:  86100, t:  167050.6 s, ωt:  16.71 (2.66 periods), wall: 32.433 minutes, Δt:   1.47, CFL: 7.20e-01
i:  86200, t:  167197.4 s, ωt:  16.72 (2.66 periods), wall: 32.471 minutes, Δt:   1.05, CFL: 7.20e-01
i:  86300, t:  167333.6 s, ωt:  16.73 (2.66 periods), wall: 32.508 minutes, Δt:   1.54, CFL: 7.20e-01
i:  86400, t:  167475.7 s, ωt:  16.75 (2.67 periods), wall: 32.545 minutes, Δt:   1.37, CFL: 7.20e-01
i:  86500, t:  167627.2 s, ωt:  16.76 (2.67 periods), wall: 32.583 minutes, Δt:   1.50, CFL: 7.20e-01
i:  86600, t:  167779.6 s, ωt:  16.78 (2.67 periods), wall: 32.620 minutes, Δt:   1.44, CFL: 7.20e-01
i:  86700, t:  167931.0 s, ωt:  16.79 (2.67 periods), wall: 32.657 minutes, Δt:   1.40, CFL: 7.20e-01
i:  86800, t:  168085.1 s, ωt:  16.81 (2.68 periods), wall: 32.694 minutes, Δt:   1.25, CFL: 7.20e-01
i:  86900, t:  168220.0 s, ωt:  16.82 (2.68 periods), wall: 32.732 minutes, Δt:   1.40, CFL: 7.20e-01
i:  87000, t:  168358.0 s, ωt:  16.84 (2.68 periods), wall: 32.769 minutes, Δt:   1.62, CFL: 7.20e-01
i:  87100, t:  168491.5 s, ωt:  16.85 (2.68 periods), wall: 32.806 minutes, Δt:   1.31, CFL: 7.20e-01
i:  87200, t:  168634.3 s, ωt:  16.86 (2.68 periods), wall: 32.843 minutes, Δt:   1.46, CFL: 7.20e-01
i:  87300, t:  168763.5 s, ωt:  16.88 (2.69 periods), wall: 32.881 minutes, Δt:   1.37, CFL: 7.20e-01
i:  87400, t:  168903.0 s, ωt:  16.89 (2.69 periods), wall: 32.918 minutes, Δt:   1.32, CFL: 7.20e-01
i:  87500, t:  169026.2 s, ωt:  16.90 (2.69 periods), wall: 32.955 minutes, Δt:   1.39, CFL: 7.20e-01
i:  87600, t:  169148.4 s, ωt:  16.91 (2.69 periods), wall: 32.992 minutes, Δt:   1.40, CFL: 7.20e-01
i:  87700, t:  169275.7 s, ωt:  16.93 (2.69 periods), wall: 33.030 minutes, Δt:   1.22, CFL: 7.20e-01
i:  87800, t:  169404.1 s, ωt:  16.94 (2.70 periods), wall: 33.067 minutes, Δt:   1.32, CFL: 7.20e-01
i:  87900, t:  169548.8 s, ωt:  16.95 (2.70 periods), wall: 33.104 minutes, Δt:   1.23, CFL: 7.20e-01
i:  88000, t:  169671.3 s, ωt:  16.97 (2.70 periods), wall: 33.141 minutes, Δt:   1.40, CFL: 7.20e-01
i:  88100, t:  169800.9 s, ωt:  16.98 (2.70 periods), wall: 33.178 minutes, Δt:   1.28, CFL: 7.20e-01
i:  88200, t:  169936.5 s, ωt:  16.99 (2.70 periods), wall: 33.215 minutes, Δt:   1.34, CFL: 7.20e-01
i:  88300, t:  170065.5 s, ωt:  17.01 (2.71 periods), wall: 33.253 minutes, Δt:   1.25, CFL: 7.20e-01
i:  88400, t:  170194.4 s, ωt:  17.02 (2.71 periods), wall: 33.290 minutes, Δt:   1.31, CFL: 7.20e-01
i:  88500, t:  170327.4 s, ωt:  17.03 (2.71 periods), wall: 33.327 minutes, Δt:   1.25, CFL: 7.20e-01
i:  88600, t:  170448.2 s, ωt:  17.04 (2.71 periods), wall: 33.364 minutes, Δt:   1.36, CFL: 7.20e-01
i:  88700, t:  170578.2 s, ωt:  17.06 (2.71 periods), wall: 33.401 minutes, Δt:   1.30, CFL: 7.20e-01
i:  88800, t:  170715.3 s, ωt:  17.07 (2.72 periods), wall: 33.438 minutes, Δt:   1.39, CFL: 7.20e-01
i:  88900, t:  170851.8 s, ωt:  17.09 (2.72 periods), wall: 33.476 minutes, Δt:   1.35, CFL: 7.20e-01
i:  89000, t:  170984.9 s, ωt:  17.10 (2.72 periods), wall: 33.513 minutes, Δt:   1.15, CFL: 7.20e-01
i:  89100, t:  171109.2 s, ωt:  17.11 (2.72 periods), wall: 33.550 minutes, Δt:   1.46, CFL: 7.20e-01
i:  89200, t:  171246.2 s, ωt:  17.12 (2.73 periods), wall: 33.588 minutes, Δt:   1.33, CFL: 7.20e-01
i:  89300, t:  171375.5 s, ωt:  17.14 (2.73 periods), wall: 33.625 minutes, Δt:   1.27, CFL: 7.20e-01
i:  89400, t:  171504.3 s, ωt:  17.15 (2.73 periods), wall: 33.662 minutes, Δt:   1.38, CFL: 7.20e-01
i:  89500, t:  171638.8 s, ωt:  17.16 (2.73 periods), wall: 33.699 minutes, Δt:   1.32, CFL: 7.20e-01
i:  89600, t:  171777.2 s, ωt:  17.18 (2.73 periods), wall: 33.736 minutes, Δt:   1.49, CFL: 7.20e-01
i:  89700, t:  171917.7 s, ωt:  17.19 (2.74 periods), wall: 33.774 minutes, Δt:   1.26, CFL: 7.20e-01
i:  89800, t:  172044.7 s, ωt:  17.20 (2.74 periods), wall: 33.811 minutes, Δt:   1.43, CFL: 7.20e-01
i:  89900, t:  172163.4 s, ωt:  17.22 (2.74 periods), wall: 33.848 minutes, Δt:   1.29, CFL: 7.20e-01
i:  90000, t:  172294.3 s, ωt:  17.23 (2.74 periods), wall: 33.885 minutes, Δt:   1.21, CFL: 7.20e-01
i:  90100, t:  172418.5 s, ωt:  17.24 (2.74 periods), wall: 33.923 minutes, Δt:   1.40, CFL: 7.20e-01
i:  90200, t:  172551.2 s, ωt:  17.26 (2.75 periods), wall: 33.960 minutes, Δt:   1.40, CFL: 7.20e-01
i:  90300, t:  172683.7 s, ωt:  17.27 (2.75 periods), wall: 33.997 minutes, Δt:   1.17, CFL: 7.20e-01
i:  90400, t:  172810.8 s, ωt:  17.28 (2.75 periods), wall: 34.035 minutes, Δt:   1.27, CFL: 7.20e-01
i:  90500, t:  172935.0 s, ωt:  17.29 (2.75 periods), wall: 34.072 minutes, Δt:   1.16, CFL: 7.20e-01
i:  90600, t:  173067.2 s, ωt:  17.31 (2.75 periods), wall: 34.109 minutes, Δt:   1.43, CFL: 7.20e-01
i:  90700, t:  173208.7 s, ωt:  17.32 (2.76 periods), wall: 34.146 minutes, Δt:   1.24, CFL: 7.20e-01
i:  90800, t:  173343.2 s, ωt:  17.33 (2.76 periods), wall: 34.183 minutes, Δt:   1.29, CFL: 7.20e-01
i:  90900, t:  173475.7 s, ωt:  17.35 (2.76 periods), wall: 34.220 minutes, Δt:   1.14, CFL: 7.20e-01
i:  91000, t:  173603.2 s, ωt:  17.36 (2.76 periods), wall: 34.258 minutes, Δt:   1.14, CFL: 7.20e-01
i:  91100, t:  173737.1 s, ωt:  17.37 (2.77 periods), wall: 34.295 minutes, Δt:   1.44, CFL: 7.20e-01
i:  91200, t:  173862.8 s, ωt:  17.39 (2.77 periods), wall: 34.332 minutes, Δt:   1.41, CFL: 7.20e-01
i:  91300, t:  173991.4 s, ωt:  17.40 (2.77 periods), wall: 34.369 minutes, Δt:   1.13, CFL: 7.20e-01
i:  91400, t:  174122.1 s, ωt:  17.41 (2.77 periods), wall: 34.407 minutes, Δt:   1.39, CFL: 7.20e-01
i:  91500, t:  174247.0 s, ωt:  17.42 (2.77 periods), wall: 34.444 minutes, Δt:   1.28, CFL: 7.20e-01
i:  91600, t:  174372.8 s, ωt:  17.44 (2.78 periods), wall: 34.481 minutes, Δt:   1.45, CFL: 7.20e-01
i:  91700, t:  174501.0 s, ωt:  17.45 (2.78 periods), wall: 34.518 minutes, Δt:   1.25, CFL: 7.20e-01
i:  91800, t:  174639.6 s, ωt:  17.46 (2.78 periods), wall: 34.555 minutes, Δt:   1.47, CFL: 7.20e-01
i:  91900, t:  174779.3 s, ωt:  17.48 (2.78 periods), wall: 34.593 minutes, Δt:   1.37, CFL: 7.20e-01
i:  92000, t:  174917.9 s, ωt:  17.49 (2.78 periods), wall: 34.630 minutes, Δt:   1.52, CFL: 7.20e-01
i:  92100, t:  175056.1 s, ωt:  17.51 (2.79 periods), wall: 34.667 minutes, Δt:   1.46, CFL: 7.20e-01
i:  92200, t:  175189.7 s, ωt:  17.52 (2.79 periods), wall: 34.704 minutes, Δt:   1.36, CFL: 7.20e-01
i:  92300, t:  175324.0 s, ωt:  17.53 (2.79 periods), wall: 34.741 minutes, Δt:   1.39, CFL: 7.20e-01
i:  92400, t:  175456.6 s, ωt:  17.55 (2.79 periods), wall: 34.779 minutes, Δt:   1.30, CFL: 7.20e-01
i:  92500, t:  175584.4 s, ωt:  17.56 (2.79 periods), wall: 34.816 minutes, Δt:   1.36, CFL: 7.20e-01
i:  92600, t:  175709.3 s, ωt:  17.57 (2.80 periods), wall: 34.854 minutes, Δt:   1.16, CFL: 7.20e-01
i:  92700, t:  175840.3 s, ωt:  17.58 (2.80 periods), wall: 34.892 minutes, Δt:   1.26, CFL: 7.20e-01
i:  92800, t:  175963.2 s, ωt:  17.60 (2.80 periods), wall: 34.929 minutes, Δt:   1.35, CFL: 7.20e-01
i:  92900, t:  176104.1 s, ωt:  17.61 (2.80 periods), wall: 34.966 minutes, Δt:   1.71, CFL: 7.20e-01
i:  93000, t:  176244.7 s, ωt:  17.62 (2.81 periods), wall: 35.004 minutes, Δt:   1.49, CFL: 7.20e-01
i:  93100, t:  176388.9 s, ωt:  17.64 (2.81 periods), wall: 35.041 minutes, Δt:   1.39, CFL: 7.20e-01
i:  93200, t:  176532.0 s, ωt:  17.65 (2.81 periods), wall: 35.079 minutes, Δt:   1.53, CFL: 7.20e-01
i:  93300, t:  176665.5 s, ωt:  17.67 (2.81 periods), wall: 35.116 minutes, Δt:   1.27, CFL: 7.20e-01
i:  93400, t:  176804.1 s, ωt:  17.68 (2.81 periods), wall: 35.153 minutes, Δt:   1.22, CFL: 7.20e-01
i:  93500, t:  176930.9 s, ωt:  17.69 (2.82 periods), wall: 35.190 minutes, Δt:   1.20, CFL: 7.20e-01
i:  93600, t:  177060.6 s, ωt:  17.71 (2.82 periods), wall: 35.228 minutes, Δt:   1.44, CFL: 7.20e-01
i:  93700, t:  177192.0 s, ωt:  17.72 (2.82 periods), wall: 35.265 minutes, Δt:   1.05, CFL: 7.20e-01
i:  93800, t:  177321.7 s, ωt:  17.73 (2.82 periods), wall: 35.302 minutes, Δt:   1.38, CFL: 7.20e-01
i:  93900, t:  177459.9 s, ωt:  17.75 (2.82 periods), wall: 35.340 minutes, Δt:   1.22, CFL: 7.20e-01
i:  94000, t:  177602.9 s, ωt:  17.76 (2.83 periods), wall: 35.377 minutes, Δt:   1.48, CFL: 7.20e-01
i:  94100, t:  177739.8 s, ωt:  17.77 (2.83 periods), wall: 35.415 minutes, Δt:   1.32, CFL: 7.20e-01
i:  94200, t:  177878.6 s, ωt:  17.79 (2.83 periods), wall: 35.452 minutes, Δt:   1.69, CFL: 7.20e-01
i:  94300, t:  178028.4 s, ωt:  17.80 (2.83 periods), wall: 35.489 minutes, Δt:   1.56, CFL: 7.20e-01
i:  94400, t:  178166.1 s, ωt:  17.82 (2.84 periods), wall: 35.527 minutes, Δt:   1.64, CFL: 7.20e-01
i:  94500, t:  178333.5 s, ωt:  17.83 (2.84 periods), wall: 35.564 minutes, Δt:   1.46, CFL: 7.20e-01
i:  94600, t:  178471.4 s, ωt:  17.85 (2.84 periods), wall: 35.601 minutes, Δt:   1.23, CFL: 7.20e-01
i:  94700, t:  178612.4 s, ωt:  17.86 (2.84 periods), wall: 35.638 minutes, Δt:   1.58, CFL: 7.20e-01
i:  94800, t:  178764.2 s, ωt:  17.88 (2.85 periods), wall: 35.675 minutes, Δt:   1.51, CFL: 7.20e-01
i:  94900, t:  178916.1 s, ωt:  17.89 (2.85 periods), wall: 35.712 minutes, Δt:   1.63, CFL: 7.20e-01
i:  95000, t:  179075.1 s, ωt:  17.91 (2.85 periods), wall: 35.749 minutes, Δt:   1.57, CFL: 7.20e-01
i:  95100, t:  179230.4 s, ωt:  17.92 (2.85 periods), wall: 35.787 minutes, Δt:   1.46, CFL: 7.20e-01
i:  95200, t:  179397.3 s, ωt:  17.94 (2.86 periods), wall: 35.824 minutes, Δt:   1.79, CFL: 7.20e-01
i:  95300, t:  179580.7 s, ωt:  17.96 (2.86 periods), wall: 35.861 minutes, Δt:   1.78, CFL: 7.20e-01
i:  95400, t:  179754.0 s, ωt:  17.98 (2.86 periods), wall: 35.898 minutes, Δt:   1.44, CFL: 7.20e-01
i:  95500, t:  179917.7 s, ωt:  17.99 (2.86 periods), wall: 35.936 minutes, Δt:   1.81, CFL: 7.20e-01
i:  95600, t:  180069.0 s, ωt:  18.01 (2.87 periods), wall: 35.973 minutes, Δt:   1.47, CFL: 7.20e-01
i:  95700, t:  180237.0 s, ωt:  18.02 (2.87 periods), wall: 36.010 minutes, Δt:   1.97, CFL: 7.20e-01
i:  95800, t:  180407.9 s, ωt:  18.04 (2.87 periods), wall: 36.048 minutes, Δt:   1.62, CFL: 7.20e-01
i:  95900, t:  180560.8 s, ωt:  18.06 (2.87 periods), wall: 36.085 minutes, Δt:   1.45, CFL: 7.20e-01
i:  96000, t:  180715.6 s, ωt:  18.07 (2.88 periods), wall: 36.122 minutes, Δt:   1.62, CFL: 7.20e-01
i:  96100, t:  180887.1 s, ωt:  18.09 (2.88 periods), wall: 36.160 minutes, Δt:   2.16, CFL: 7.20e-01
i:  96200, t:  181082.7 s, ωt:  18.11 (2.88 periods), wall: 36.197 minutes, Δt:   2.04, CFL: 7.20e-01
i:  96300, t:  181283.0 s, ωt:  18.13 (2.89 periods), wall: 36.234 minutes, Δt:   1.85, CFL: 7.20e-01
i:  96400, t:  181466.5 s, ωt:  18.15 (2.89 periods), wall: 36.271 minutes, Δt:   1.90, CFL: 7.20e-01
i:  96500, t:  181671.3 s, ωt:  18.17 (2.89 periods), wall: 36.308 minutes, Δt:   2.18, CFL: 7.20e-01
i:  96600, t:  181859.8 s, ωt:  18.19 (2.89 periods), wall: 36.345 minutes, Δt:   1.80, CFL: 7.20e-01
i:  96700, t:  182049.3 s, ωt:  18.20 (2.90 periods), wall: 36.383 minutes, Δt:   1.67, CFL: 7.20e-01
i:  96800, t:  182237.9 s, ωt:  18.22 (2.90 periods), wall: 36.420 minutes, Δt:   1.82, CFL: 7.20e-01
i:  96900, t:  182445.9 s, ωt:  18.24 (2.90 periods), wall: 36.457 minutes, Δt:   2.17, CFL: 7.20e-01
i:  97000, t:  182638.3 s, ωt:  18.26 (2.91 periods), wall: 36.495 minutes, Δt:   1.74, CFL: 7.20e-01
i:  97100, t:  182849.2 s, ωt:  18.28 (2.91 periods), wall: 36.532 minutes, Δt:   1.97, CFL: 7.20e-01
i:  97200, t:  183054.0 s, ωt:  18.31 (2.91 periods), wall: 36.569 minutes, Δt:   2.21, CFL: 7.20e-01
i:  97300, t:  183239.8 s, ωt:  18.32 (2.92 periods), wall: 36.607 minutes, Δt:   2.00, CFL: 7.20e-01
i:  97400, t:  183457.2 s, ωt:  18.35 (2.92 periods), wall: 36.644 minutes, Δt:   2.43, CFL: 7.20e-01
i:  97500, t:  183706.3 s, ωt:  18.37 (2.92 periods), wall: 36.681 minutes, Δt:   2.46, CFL: 7.20e-01
i:  97600, t:  183942.2 s, ωt:  18.39 (2.93 periods), wall: 36.718 minutes, Δt:   2.06, CFL: 7.20e-01
i:  97700, t:  184181.6 s, ωt:  18.42 (2.93 periods), wall: 36.756 minutes, Δt:   3.05, CFL: 7.20e-01
i:  97800, t:  184491.3 s, ωt:  18.45 (2.94 periods), wall: 36.793 minutes, Δt:   2.89, CFL: 7.20e-01
i:  97900, t:  184771.9 s, ωt:  18.48 (2.94 periods), wall: 36.830 minutes, Δt:   2.34, CFL: 7.20e-01
i:  98000, t:  185039.3 s, ωt:  18.50 (2.94 periods), wall: 36.867 minutes, Δt:   3.40, CFL: 7.20e-01
i:  98100, t:  185367.1 s, ωt:  18.54 (2.95 periods), wall: 36.904 minutes, Δt:   2.96, CFL: 7.20e-01
i:  98200, t:  185705.7 s, ωt:  18.57 (2.96 periods), wall: 36.942 minutes, Δt:   3.42, CFL: 7.20e-01
i:  98300, t:  186021.8 s, ωt:  18.60 (2.96 periods), wall: 36.979 minutes, Δt:   3.48, CFL: 7.20e-01
i:  98400, t:  186387.8 s, ωt:  18.64 (2.97 periods), wall: 37.016 minutes, Δt:   3.82, CFL: 7.20e-01
i:  98500, t:  186765.4 s, ωt:  18.68 (2.97 periods), wall: 37.054 minutes, Δt:   3.97, CFL: 7.20e-01
i:  98600, t:  187195.4 s, ωt:  18.72 (2.98 periods), wall: 37.091 minutes, Δt:   4.92, CFL: 7.20e-01
i:  98700, t:  187696.2 s, ωt:  18.77 (2.99 periods), wall: 37.128 minutes, Δt:   5.10, CFL: 7.20e-01
i:  98800, t:  188233.2 s, ωt:  18.82 (3.00 periods), wall: 37.165 minutes, Δt:   6.21, CFL: 7.14e-01
i:  98900, t:  188784.1 s, ωt:  18.88 (3.00 periods), wall: 37.206 minutes, Δt:   4.99, CFL: 7.20e-01
i:  99000, t:  189259.4 s, ωt:  18.93 (3.01 periods), wall: 37.243 minutes, Δt:   5.21, CFL: 7.20e-01
i:  99100, t:  189752.2 s, ωt:  18.98 (3.02 periods), wall: 37.280 minutes, Δt:   5.17, CFL: 7.20e-01
i:  99200, t:  190234.9 s, ωt:  19.02 (3.03 periods), wall: 37.318 minutes, Δt:   5.31, CFL: 7.20e-01
i:  99300, t:  190736.8 s, ωt:  19.07 (3.04 periods), wall: 37.355 minutes, Δt:   4.63, CFL: 7.20e-01
i:  99400, t:  191215.1 s, ωt:  19.12 (3.04 periods), wall: 37.393 minutes, Δt:   4.53, CFL: 7.20e-01
i:  99500, t:  191649.2 s, ωt:  19.16 (3.05 periods), wall: 37.430 minutes, Δt:   3.68, CFL: 7.20e-01
i:  99600, t:  192001.8 s, ωt:  19.20 (3.06 periods), wall: 37.468 minutes, Δt:   3.22, CFL: 7.20e-01
i:  99700, t:  192351.4 s, ωt:  19.24 (3.06 periods), wall: 37.505 minutes, Δt:   3.88, CFL: 7.20e-01
i:  99800, t:  192683.8 s, ωt:  19.27 (3.07 periods), wall: 37.542 minutes, Δt:   2.92, CFL: 7.20e-01
i:  99900, t:  192952.4 s, ωt:  19.30 (3.07 periods), wall: 37.579 minutes, Δt:   2.62, CFL: 7.20e-01
i: 100000, t:  193219.9 s, ωt:  19.32 (3.08 periods), wall: 37.617 minutes, Δt:   2.30, CFL: 7.20e-01
i: 100100, t:  193473.7 s, ωt:  19.35 (3.08 periods), wall: 37.654 minutes, Δt:   2.26, CFL: 7.20e-01
i: 100200, t:  193734.7 s, ωt:  19.37 (3.08 periods), wall: 37.691 minutes, Δt:   2.63, CFL: 7.20e-01
i: 100300, t:  193969.5 s, ωt:  19.40 (3.09 periods), wall: 37.729 minutes, Δt:   2.15, CFL: 7.20e-01
i: 100400, t:  194180.5 s, ωt:  19.42 (3.09 periods), wall: 37.766 minutes, Δt:   2.05, CFL: 7.20e-01
i: 100500, t:  194373.9 s, ωt:  19.44 (3.09 periods), wall: 37.803 minutes, Δt:   1.74, CFL: 7.20e-01
i: 100600, t:  194574.6 s, ωt:  19.46 (3.10 periods), wall: 37.841 minutes, Δt:   2.01, CFL: 7.20e-01
i: 100700, t:  194757.5 s, ωt:  19.48 (3.10 periods), wall: 37.878 minutes, Δt:   1.82, CFL: 7.20e-01
i: 100800, t:  194950.6 s, ωt:  19.50 (3.10 periods), wall: 37.915 minutes, Δt:   1.60, CFL: 7.20e-01
i: 100900, t:  195131.4 s, ωt:  19.51 (3.11 periods), wall: 37.952 minutes, Δt:   1.97, CFL: 7.20e-01
i: 101000, t:  195329.7 s, ωt:  19.53 (3.11 periods), wall: 37.989 minutes, Δt:   2.01, CFL: 7.20e-01
i: 101100, t:  195522.5 s, ωt:  19.55 (3.11 periods), wall: 38.026 minutes, Δt:   1.93, CFL: 7.20e-01
i: 101200, t:  195709.3 s, ωt:  19.57 (3.11 periods), wall: 38.063 minutes, Δt:   1.91, CFL: 7.20e-01
i: 101300, t:  195907.4 s, ωt:  19.59 (3.12 periods), wall: 38.101 minutes, Δt:   1.80, CFL: 7.20e-01
i: 101400, t:  196100.1 s, ωt:  19.61 (3.12 periods), wall: 38.138 minutes, Δt:   1.87, CFL: 7.20e-01
i: 101500, t:  196294.1 s, ωt:  19.63 (3.12 periods), wall: 38.175 minutes, Δt:   1.86, CFL: 7.20e-01
i: 101600, t:  196476.3 s, ωt:  19.65 (3.13 periods), wall: 38.213 minutes, Δt:   1.92, CFL: 7.20e-01
i: 101700, t:  196654.0 s, ωt:  19.67 (3.13 periods), wall: 38.250 minutes, Δt:   1.76, CFL: 7.20e-01
i: 101800, t:  196822.3 s, ωt:  19.68 (3.13 periods), wall: 38.287 minutes, Δt:   1.82, CFL: 7.20e-01
i: 101900, t:  197003.6 s, ωt:  19.70 (3.14 periods), wall: 38.324 minutes, Δt:   1.73, CFL: 7.20e-01
i: 102000, t:  197166.3 s, ωt:  19.72 (3.14 periods), wall: 38.361 minutes, Δt:   1.43, CFL: 7.20e-01
i: 102100, t:  197319.0 s, ωt:  19.73 (3.14 periods), wall: 38.399 minutes, Δt:   1.68, CFL: 7.20e-01
i: 102200, t:  197490.4 s, ωt:  19.75 (3.14 periods), wall: 38.436 minutes, Δt:   1.83, CFL: 7.20e-01
i: 102300, t:  197662.7 s, ωt:  19.77 (3.15 periods), wall: 38.473 minutes, Δt:   1.65, CFL: 7.20e-01
i: 102400, t:  197827.3 s, ωt:  19.78 (3.15 periods), wall: 38.510 minutes, Δt:   1.60, CFL: 7.20e-01
i: 102500, t:  197990.5 s, ωt:  19.80 (3.15 periods), wall: 38.547 minutes, Δt:   1.74, CFL: 7.20e-01
i: 102600, t:  198128.5 s, ωt:  19.81 (3.15 periods), wall: 38.584 minutes, Δt:   1.59, CFL: 7.20e-01
i: 102700, t:  198287.0 s, ωt:  19.83 (3.16 periods), wall: 38.622 minutes, Δt:   1.38, CFL: 7.20e-01
i: 102800, t:  198438.5 s, ωt:  19.84 (3.16 periods), wall: 38.659 minutes, Δt:   1.64, CFL: 7.20e-01
i: 102900, t:  198593.7 s, ωt:  19.86 (3.16 periods), wall: 38.696 minutes, Δt:   1.63, CFL: 7.20e-01
i: 103000, t:  198758.7 s, ωt:  19.88 (3.16 periods), wall: 38.734 minutes, Δt:   1.67, CFL: 7.20e-01
i: 103100, t:  198911.5 s, ωt:  19.89 (3.17 periods), wall: 38.771 minutes, Δt:   1.56, CFL: 7.20e-01
i: 103200, t:  199054.0 s, ωt:  19.91 (3.17 periods), wall: 38.808 minutes, Δt:   1.53, CFL: 7.20e-01
i: 103300, t:  199203.2 s, ωt:  19.92 (3.17 periods), wall: 38.845 minutes, Δt:   1.54, CFL: 7.20e-01
i: 103400, t:  199357.6 s, ωt:  19.94 (3.17 periods), wall: 38.883 minutes, Δt:   1.45, CFL: 7.20e-01
i: 103500, t:  199499.8 s, ωt:  19.95 (3.18 periods), wall: 38.920 minutes, Δt:   1.59, CFL: 7.20e-01
i: 103600, t:  199644.7 s, ωt:  19.96 (3.18 periods), wall: 38.957 minutes, Δt:   1.34, CFL: 7.20e-01
i: 103700, t:  199772.7 s, ωt:  19.98 (3.18 periods), wall: 38.994 minutes, Δt:   1.39, CFL: 7.20e-01
i: 103800, t:  199915.1 s, ωt:  19.99 (3.18 periods), wall: 39.032 minutes, Δt:   1.53, CFL: 7.20e-01
i: 103900, t:  200061.0 s, ωt:  20.01 (3.18 periods), wall: 39.069 minutes, Δt:   1.49, CFL: 7.20e-01
i: 104000, t:  200201.4 s, ωt:  20.02 (3.19 periods), wall: 39.106 minutes, Δt:   1.27, CFL: 7.20e-01
i: 104100, t:  200333.8 s, ωt:  20.03 (3.19 periods), wall: 39.143 minutes, Δt:   1.35, CFL: 7.20e-01
i: 104200, t:  200476.2 s, ωt:  20.05 (3.19 periods), wall: 39.181 minutes, Δt:   1.27, CFL: 7.20e-01
i: 104300, t:  200621.3 s, ωt:  20.06 (3.19 periods), wall: 39.218 minutes, Δt:   1.58, CFL: 7.20e-01
i: 104400, t:  200771.0 s, ωt:  20.08 (3.20 periods), wall: 39.255 minutes, Δt:   1.42, CFL: 7.20e-01
i: 104500, t:  200912.5 s, ωt:  20.09 (3.20 periods), wall: 39.292 minutes, Δt:   1.36, CFL: 7.20e-01
i: 104600, t:  201050.0 s, ωt:  20.11 (3.20 periods), wall: 39.329 minutes, Δt:   1.35, CFL: 7.20e-01
i: 104700, t:  201186.3 s, ωt:  20.12 (3.20 periods), wall: 39.367 minutes, Δt:   1.50, CFL: 7.20e-01
i: 104800, t:  201318.5 s, ωt:  20.13 (3.20 periods), wall: 39.404 minutes, Δt:   1.34, CFL: 7.20e-01
i: 104900, t:  201450.5 s, ωt:  20.15 (3.21 periods), wall: 39.441 minutes, Δt:   1.08, CFL: 7.20e-01
i: 105000, t:  201576.7 s, ωt:  20.16 (3.21 periods), wall: 39.478 minutes, Δt:   1.40, CFL: 7.20e-01
i: 105100, t:  201704.1 s, ωt:  20.17 (3.21 periods), wall: 39.516 minutes, Δt:   1.39, CFL: 7.20e-01
i: 105200, t:  201839.6 s, ωt:  20.18 (3.21 periods), wall: 39.553 minutes, Δt:   1.39, CFL: 7.20e-01
i: 105300, t:  201974.1 s, ωt:  20.20 (3.21 periods), wall: 39.590 minutes, Δt:   1.30, CFL: 7.20e-01
i: 105400, t:  202116.2 s, ωt:  20.21 (3.22 periods), wall: 39.627 minutes, Δt:   1.47, CFL: 7.20e-01
i: 105500, t:  202252.2 s, ωt:  20.23 (3.22 periods), wall: 39.665 minutes, Δt:   1.49, CFL: 7.20e-01
i: 105600, t:  202401.2 s, ωt:  20.24 (3.22 periods), wall: 39.702 minutes, Δt:   1.37, CFL: 7.20e-01
i: 105700, t:  202549.0 s, ωt:  20.25 (3.22 periods), wall: 39.739 minutes, Δt:   1.56, CFL: 7.20e-01
i: 105800, t:  202689.5 s, ωt:  20.27 (3.23 periods), wall: 39.776 minutes, Δt:   1.30, CFL: 7.20e-01
i: 105900, t:  202805.7 s, ωt:  20.28 (3.23 periods), wall: 39.813 minutes, Δt:   1.40, CFL: 7.20e-01
i: 106000, t:  202927.5 s, ωt:  20.29 (3.23 periods), wall: 39.851 minutes, Δt:   1.22, CFL: 7.20e-01
i: 106100, t:  203062.2 s, ωt:  20.31 (3.23 periods), wall: 39.888 minutes, Δt:   1.17, CFL: 7.20e-01
i: 106200, t:  203202.9 s, ωt:  20.32 (3.23 periods), wall: 39.925 minutes, Δt:   1.46, CFL: 7.20e-01
i: 106300, t:  203352.2 s, ωt:  20.34 (3.24 periods), wall: 39.963 minutes, Δt:   1.49, CFL: 7.20e-01
i: 106400, t:  203491.4 s, ωt:  20.35 (3.24 periods), wall: 40.000 minutes, Δt:   1.38, CFL: 7.20e-01
i: 106500, t:  203617.8 s, ωt:  20.36 (3.24 periods), wall: 40.037 minutes, Δt:   1.42, CFL: 7.20e-01
i: 106600, t:  203757.6 s, ωt:  20.38 (3.24 periods), wall: 40.074 minutes, Δt:   1.33, CFL: 7.20e-01
i: 106700, t:  203875.6 s, ωt:  20.39 (3.24 periods), wall: 40.111 minutes, Δt:   1.25, CFL: 7.20e-01
i: 106800, t:  204014.1 s, ωt:  20.40 (3.25 periods), wall: 40.149 minutes, Δt:   1.50, CFL: 7.20e-01
i: 106900, t:  204156.0 s, ωt:  20.42 (3.25 periods), wall: 40.186 minutes, Δt:   1.41, CFL: 7.20e-01
i: 107000, t:  204297.7 s, ωt:  20.43 (3.25 periods), wall: 40.223 minutes, Δt:   1.39, CFL: 7.20e-01
i: 107100, t:  204431.4 s, ωt:  20.44 (3.25 periods), wall: 40.261 minutes, Δt:   1.29, CFL: 7.20e-01
i: 107200, t:  204567.2 s, ωt:  20.46 (3.26 periods), wall: 40.298 minutes, Δt:   1.32, CFL: 7.20e-01
i: 107300, t:  204701.4 s, ωt:  20.47 (3.26 periods), wall: 40.336 minutes, Δt:   1.29, CFL: 7.20e-01
i: 107400, t:  204838.9 s, ωt:  20.48 (3.26 periods), wall: 40.373 minutes, Δt:   1.27, CFL: 7.20e-01
i: 107500, t:  204969.2 s, ωt:  20.50 (3.26 periods), wall: 40.410 minutes, Δt:   1.45, CFL: 7.20e-01
i: 107600, t:  205105.3 s, ωt:  20.51 (3.26 periods), wall: 40.448 minutes, Δt:   1.30, CFL: 7.20e-01
i: 107700, t:  205236.0 s, ωt:  20.52 (3.27 periods), wall: 40.485 minutes, Δt:   1.22, CFL: 7.20e-01
i: 107800, t:  205366.8 s, ωt:  20.54 (3.27 periods), wall: 40.522 minutes, Δt:   1.46, CFL: 7.20e-01
i: 107900, t:  205508.2 s, ωt:  20.55 (3.27 periods), wall: 40.560 minutes, Δt:   1.41, CFL: 7.20e-01
i: 108000, t:  205652.6 s, ωt:  20.57 (3.27 periods), wall: 40.597 minutes, Δt:   1.38, CFL: 7.20e-01
i: 108100, t:  205790.3 s, ωt:  20.58 (3.28 periods), wall: 40.634 minutes, Δt:   1.38, CFL: 7.20e-01
i: 108200, t:  205927.2 s, ωt:  20.59 (3.28 periods), wall: 40.672 minutes, Δt:   1.11, CFL: 7.20e-01
i: 108300, t:  206061.8 s, ωt:  20.61 (3.28 periods), wall: 40.709 minutes, Δt:   1.31, CFL: 7.20e-01
i: 108400, t:  206197.9 s, ωt:  20.62 (3.28 periods), wall: 40.748 minutes, Δt:   1.37, CFL: 7.20e-01
i: 108500, t:  206346.4 s, ωt:  20.63 (3.28 periods), wall: 40.785 minutes, Δt:   1.33, CFL: 7.20e-01
i: 108600, t:  206470.6 s, ωt:  20.65 (3.29 periods), wall: 40.823 minutes, Δt:   1.28, CFL: 7.20e-01
i: 108700, t:  206602.4 s, ωt:  20.66 (3.29 periods), wall: 40.860 minutes, Δt:   1.33, CFL: 7.20e-01
i: 108800, t:  206743.5 s, ωt:  20.67 (3.29 periods), wall: 40.897 minutes, Δt:   1.55, CFL: 7.20e-01
i: 108900, t:  206886.3 s, ωt:  20.69 (3.29 periods), wall: 40.934 minutes, Δt:   1.55, CFL: 7.20e-01
i: 109000, t:  207030.2 s, ωt:  20.70 (3.29 periods), wall: 40.971 minutes, Δt:   1.35, CFL: 7.20e-01
i: 109100, t:  207174.1 s, ωt:  20.72 (3.30 periods), wall: 41.009 minutes, Δt:   1.45, CFL: 7.20e-01
i: 109200, t:  207310.6 s, ωt:  20.73 (3.30 periods), wall: 41.046 minutes, Δt:   1.49, CFL: 7.20e-01
i: 109300, t:  207457.7 s, ωt:  20.75 (3.30 periods), wall: 41.083 minutes, Δt:   1.30, CFL: 7.20e-01
i: 109400, t:  207595.9 s, ωt:  20.76 (3.30 periods), wall: 41.120 minutes, Δt:   1.37, CFL: 7.20e-01
i: 109500, t:  207733.7 s, ωt:  20.77 (3.31 periods), wall: 41.158 minutes, Δt:   1.38, CFL: 7.20e-01
i: 109600, t:  207858.2 s, ωt:  20.79 (3.31 periods), wall: 41.195 minutes, Δt:   1.34, CFL: 7.20e-01
i: 109700, t:  207981.0 s, ωt:  20.80 (3.31 periods), wall: 41.233 minutes, Δt:   1.41, CFL: 7.20e-01
i: 109800, t:  208129.2 s, ωt:  20.81 (3.31 periods), wall: 41.270 minutes, Δt:   1.41, CFL: 7.20e-01
i: 109900, t:  208269.0 s, ωt:  20.83 (3.31 periods), wall: 41.307 minutes, Δt:   1.47, CFL: 7.20e-01
i: 110000, t:  208410.4 s, ωt:  20.84 (3.32 periods), wall: 41.344 minutes, Δt:   1.29, CFL: 7.20e-01
i: 110100, t:  208561.9 s, ωt:  20.86 (3.32 periods), wall: 41.381 minutes, Δt:   1.58, CFL: 7.20e-01
i: 110200, t:  208708.6 s, ωt:  20.87 (3.32 periods), wall: 41.418 minutes, Δt:   1.38, CFL: 7.20e-01
i: 110300, t:  208852.1 s, ωt:  20.89 (3.32 periods), wall: 41.456 minutes, Δt:   1.68, CFL: 7.20e-01
i: 110400, t:  209006.3 s, ωt:  20.90 (3.33 periods), wall: 41.493 minutes, Δt:   1.59, CFL: 7.20e-01
i: 110500, t:  209162.1 s, ωt:  20.92 (3.33 periods), wall: 41.530 minutes, Δt:   1.57, CFL: 7.20e-01
i: 110600, t:  209305.5 s, ωt:  20.93 (3.33 periods), wall: 41.568 minutes, Δt:   1.40, CFL: 7.20e-01
i: 110700, t:  209449.9 s, ωt:  20.94 (3.33 periods), wall: 41.605 minutes, Δt:   1.67, CFL: 7.20e-01
i: 110800, t:  209594.4 s, ωt:  20.96 (3.34 periods), wall: 41.643 minutes, Δt:   1.59, CFL: 7.20e-01
i: 110900, t:  209740.6 s, ωt:  20.97 (3.34 periods), wall: 41.680 minutes, Δt:   1.25, CFL: 7.20e-01
i: 111000, t:  209900.1 s, ωt:  20.99 (3.34 periods), wall: 41.718 minutes, Δt:   1.75, CFL: 7.20e-01
i: 111100, t:  210072.8 s, ωt:  21.01 (3.34 periods), wall: 41.755 minutes, Δt:   1.53, CFL: 7.20e-01
i: 111200, t:  210223.7 s, ωt:  21.02 (3.35 periods), wall: 41.793 minutes, Δt:   1.74, CFL: 7.20e-01
i: 111300, t:  210378.6 s, ωt:  21.04 (3.35 periods), wall: 41.830 minutes, Δt:   1.58, CFL: 7.20e-01
i: 111400, t:  210541.5 s, ωt:  21.05 (3.35 periods), wall: 41.867 minutes, Δt:   1.41, CFL: 7.20e-01
i: 111500, t:  210694.9 s, ωt:  21.07 (3.35 periods), wall: 41.904 minutes, Δt:   1.73, CFL: 7.20e-01
i: 111600, t:  210857.1 s, ωt:  21.09 (3.36 periods), wall: 41.942 minutes, Δt:   1.82, CFL: 7.20e-01
i: 111700, t:  211026.8 s, ωt:  21.10 (3.36 periods), wall: 41.979 minutes, Δt:   1.70, CFL: 7.20e-01
i: 111800, t:  211179.4 s, ωt:  21.12 (3.36 periods), wall: 42.016 minutes, Δt:   1.78, CFL: 7.20e-01
i: 111900, t:  211346.7 s, ωt:  21.13 (3.36 periods), wall: 42.053 minutes, Δt:   1.58, CFL: 7.20e-01
i: 112000, t:  211509.4 s, ωt:  21.15 (3.37 periods), wall: 42.090 minutes, Δt:   1.56, CFL: 7.20e-01
i: 112100, t:  211667.8 s, ωt:  21.17 (3.37 periods), wall: 42.128 minutes, Δt:   1.52, CFL: 7.20e-01
i: 112200, t:  211829.6 s, ωt:  21.18 (3.37 periods), wall: 42.165 minutes, Δt:   1.77, CFL: 7.20e-01
i: 112300, t:  212015.4 s, ωt:  21.20 (3.37 periods), wall: 42.203 minutes, Δt:   2.01, CFL: 7.20e-01
i: 112400, t:  212199.8 s, ωt:  21.22 (3.38 periods), wall: 42.240 minutes, Δt:   1.55, CFL: 7.20e-01
i: 112500, t:  212373.5 s, ωt:  21.24 (3.38 periods), wall: 42.277 minutes, Δt:   1.92, CFL: 7.20e-01
i: 112600, t:  212559.4 s, ωt:  21.26 (3.38 periods), wall: 42.315 minutes, Δt:   2.18, CFL: 7.20e-01
i: 112700, t:  212754.3 s, ωt:  21.28 (3.39 periods), wall: 42.352 minutes, Δt:   2.02, CFL: 7.20e-01
i: 112800, t:  212948.2 s, ωt:  21.29 (3.39 periods), wall: 42.390 minutes, Δt:   2.00, CFL: 7.20e-01
i: 112900, t:  213130.1 s, ωt:  21.31 (3.39 periods), wall: 42.428 minutes, Δt:   1.63, CFL: 7.20e-01
i: 113000, t:  213334.5 s, ωt:  21.33 (3.40 periods), wall: 42.465 minutes, Δt:   1.95, CFL: 7.20e-01
i: 113100, t:  213564.3 s, ωt:  21.36 (3.40 periods), wall: 42.503 minutes, Δt:   2.32, CFL: 7.20e-01
i: 113200, t:  213774.7 s, ωt:  21.38 (3.40 periods), wall: 42.540 minutes, Δt:   1.68, CFL: 7.20e-01
i: 113300, t:  213978.7 s, ωt:  21.40 (3.41 periods), wall: 42.577 minutes, Δt:   1.93, CFL: 7.20e-01
i: 113400, t:  214196.3 s, ωt:  21.42 (3.41 periods), wall: 42.615 minutes, Δt:   2.52, CFL: 7.20e-01
i: 113500, t:  214423.1 s, ωt:  21.44 (3.41 periods), wall: 42.652 minutes, Δt:   2.26, CFL: 7.20e-01
i: 113600, t:  214651.8 s, ωt:  21.47 (3.42 periods), wall: 42.689 minutes, Δt:   2.48, CFL: 7.20e-01
i: 113700, t:  214887.2 s, ωt:  21.49 (3.42 periods), wall: 42.726 minutes, Δt:   2.36, CFL: 7.20e-01
i: 113800, t:  215121.8 s, ωt:  21.51 (3.42 periods), wall: 42.764 minutes, Δt:   2.15, CFL: 7.20e-01
i: 113900, t:  215333.1 s, ωt:  21.53 (3.43 periods), wall: 42.801 minutes, Δt:   2.24, CFL: 7.20e-01
i: 114000, t:  215567.8 s, ωt:  21.56 (3.43 periods), wall: 42.838 minutes, Δt:   2.43, CFL: 7.20e-01
i: 114100, t:  215798.7 s, ωt:  21.58 (3.43 periods), wall: 42.875 minutes, Δt:   2.42, CFL: 7.20e-01
i: 114200, t:  216058.8 s, ωt:  21.61 (3.44 periods), wall: 42.913 minutes, Δt:   1.86, CFL: 7.20e-01
i: 114300, t:  216271.5 s, ωt:  21.63 (3.44 periods), wall: 42.950 minutes, Δt:   2.82, CFL: 7.20e-01
i: 114400, t:  216539.1 s, ωt:  21.65 (3.45 periods), wall: 42.987 minutes, Δt:   3.32, CFL: 7.20e-01
i: 114500, t:  216848.6 s, ωt:  21.68 (3.45 periods), wall: 43.025 minutes, Δt:   2.75, CFL: 7.20e-01
i: 114600, t:  217067.5 s, ωt:  21.71 (3.45 periods), wall: 43.062 minutes, Δt:   3.02, CFL: 7.09e-01
i: 114700, t:  217384.4 s, ωt:  21.74 (3.46 periods), wall: 43.100 minutes, Δt:   3.18, CFL: 7.20e-01
i: 114800, t:  217738.2 s, ωt:  21.77 (3.47 periods), wall: 43.137 minutes, Δt:   3.26, CFL: 7.20e-01
i: 114900, t:  218108.0 s, ωt:  21.81 (3.47 periods), wall: 43.175 minutes, Δt:   4.64, CFL: 7.20e-01
i: 115000, t:  218569.6 s, ωt:  21.86 (3.48 periods), wall: 43.212 minutes, Δt:   4.93, CFL: 7.20e-01
i: 115100, t:  219025.1 s, ωt:  21.90 (3.49 periods), wall: 43.249 minutes, Δt:   5.19, CFL: 7.20e-01
i: 115200, t:  219580.2 s, ωt:  21.96 (3.49 periods), wall: 43.287 minutes, Δt:   5.51, CFL: 7.20e-01
i: 115300, t:  220117.0 s, ωt:  22.01 (3.50 periods), wall: 43.327 minutes, Δt:   5.31, CFL: 7.20e-01
i: 115400, t:  220608.4 s, ωt:  22.06 (3.51 periods), wall: 43.364 minutes, Δt:   5.65, CFL: 7.20e-01
i: 115500, t:  221167.4 s, ωt:  22.12 (3.52 periods), wall: 43.402 minutes, Δt:   5.62, CFL: 7.20e-01
i: 115600, t:  221693.5 s, ωt:  22.17 (3.53 periods), wall: 43.439 minutes, Δt:   5.23, CFL: 7.20e-01
i: 115700, t:  222217.2 s, ωt:  22.22 (3.54 periods), wall: 43.477 minutes, Δt:   5.22, CFL: 7.20e-01
i: 115800, t:  222672.3 s, ωt:  22.27 (3.54 periods), wall: 43.514 minutes, Δt:   4.81, CFL: 7.20e-01
i: 115900, t:  223108.4 s, ωt:  22.31 (3.55 periods), wall: 43.551 minutes, Δt:   4.31, CFL: 7.20e-01
i: 116000, t:  223517.2 s, ωt:  22.35 (3.56 periods), wall: 43.589 minutes, Δt:   3.57, CFL: 7.20e-01
i: 116100, t:  223870.9 s, ωt:  22.39 (3.56 periods), wall: 43.626 minutes, Δt:   3.14, CFL: 7.20e-01
i: 116200, t:  224204.5 s, ωt:  22.42 (3.57 periods), wall: 43.663 minutes, Δt:   3.19, CFL: 7.20e-01
i: 116300, t:  224503.7 s, ωt:  22.45 (3.57 periods), wall: 43.701 minutes, Δt:   2.91, CFL: 7.20e-01
i: 116400, t:  224790.5 s, ωt:  22.48 (3.58 periods), wall: 43.738 minutes, Δt:   2.68, CFL: 7.20e-01
i: 116500, t:  225051.5 s, ωt:  22.51 (3.58 periods), wall: 43.776 minutes, Δt:   2.22, CFL: 7.20e-01
i: 116600, t:  225261.5 s, ωt:  22.53 (3.59 periods), wall: 43.813 minutes, Δt:   2.43, CFL: 7.20e-01
i: 116700, t:  225496.6 s, ωt:  22.55 (3.59 periods), wall: 43.850 minutes, Δt:   2.35, CFL: 7.20e-01
i: 116800, t:  225714.3 s, ωt:  22.57 (3.59 periods), wall: 43.887 minutes, Δt:   2.23, CFL: 7.20e-01
i: 116900, t:  225925.7 s, ωt:  22.59 (3.60 periods), wall: 43.924 minutes, Δt:   1.87, CFL: 7.20e-01
i: 117000, t:  226122.2 s, ωt:  22.61 (3.60 periods), wall: 43.962 minutes, Δt:   2.10, CFL: 7.20e-01
i: 117100, t:  226311.8 s, ωt:  22.63 (3.60 periods), wall: 43.999 minutes, Δt:   1.88, CFL: 7.20e-01
i: 117200, t:  226498.1 s, ωt:  22.65 (3.60 periods), wall: 44.036 minutes, Δt:   1.96, CFL: 7.20e-01
i: 117300, t:  226675.6 s, ωt:  22.67 (3.61 periods), wall: 44.073 minutes, Δt:   1.72, CFL: 7.20e-01
i: 117400, t:  226854.3 s, ωt:  22.69 (3.61 periods), wall: 44.111 minutes, Δt:   1.87, CFL: 7.20e-01
i: 117500, t:  227040.2 s, ωt:  22.70 (3.61 periods), wall: 44.148 minutes, Δt:   1.84, CFL: 7.20e-01
i: 117600, t:  227232.9 s, ωt:  22.72 (3.62 periods), wall: 44.185 minutes, Δt:   1.79, CFL: 7.20e-01
i: 117700, t:  227424.4 s, ωt:  22.74 (3.62 periods), wall: 44.222 minutes, Δt:   1.60, CFL: 7.20e-01
i: 117800, t:  227602.7 s, ωt:  22.76 (3.62 periods), wall: 44.259 minutes, Δt:   1.80, CFL: 7.20e-01
i: 117900, t:  227773.3 s, ωt:  22.78 (3.63 periods), wall: 44.297 minutes, Δt:   1.90, CFL: 7.20e-01
i: 118000, t:  227951.1 s, ωt:  22.80 (3.63 periods), wall: 44.334 minutes, Δt:   2.04, CFL: 7.20e-01
i: 118100, t:  228135.0 s, ωt:  22.81 (3.63 periods), wall: 44.371 minutes, Δt:   1.80, CFL: 7.20e-01
i: 118200, t:  228313.3 s, ωt:  22.83 (3.63 periods), wall: 44.408 minutes, Δt:   1.69, CFL: 7.20e-01
i: 118300, t:  228473.1 s, ωt:  22.85 (3.64 periods), wall: 44.446 minutes, Δt:   1.23, CFL: 7.20e-01
i: 118400, t:  228623.8 s, ωt:  22.86 (3.64 periods), wall: 44.483 minutes, Δt:   1.54, CFL: 7.20e-01
i: 118500, t:  228785.6 s, ωt:  22.88 (3.64 periods), wall: 44.520 minutes, Δt:   1.58, CFL: 7.20e-01
i: 118600, t:  228951.6 s, ωt:  22.90 (3.64 periods), wall: 44.557 minutes, Δt:   1.83, CFL: 7.20e-01
i: 118700, t:  229108.2 s, ωt:  22.91 (3.65 periods), wall: 44.595 minutes, Δt:   1.27, CFL: 7.20e-01
i: 118800, t:  229263.2 s, ωt:  22.93 (3.65 periods), wall: 44.632 minutes, Δt:   1.74, CFL: 7.20e-01
i: 118900, t:  229416.2 s, ωt:  22.94 (3.65 periods), wall: 44.669 minutes, Δt:   1.34, CFL: 7.20e-01
i: 119000, t:  229542.7 s, ωt:  22.95 (3.65 periods), wall: 44.706 minutes, Δt:   1.37, CFL: 7.20e-01
i: 119100, t:  229689.0 s, ωt:  22.97 (3.66 periods), wall: 44.744 minutes, Δt:   1.50, CFL: 7.20e-01
i: 119200, t:  229842.4 s, ωt:  22.98 (3.66 periods), wall: 44.781 minutes, Δt:   1.35, CFL: 7.20e-01
i: 119300, t:  229970.7 s, ωt:  23.00 (3.66 periods), wall: 44.818 minutes, Δt:   1.44, CFL: 7.20e-01
i: 119400, t:  230107.2 s, ωt:  23.01 (3.66 periods), wall: 44.855 minutes, Δt:   1.44, CFL: 7.20e-01
i: 119500, t:  230259.4 s, ωt:  23.03 (3.66 periods), wall: 44.893 minutes, Δt:   1.41, CFL: 7.20e-01
i: 119600, t:  230401.0 s, ωt:  23.04 (3.67 periods), wall: 44.930 minutes, Δt:   1.45, CFL: 7.20e-01
i: 119700, t:  230544.4 s, ωt:  23.05 (3.67 periods), wall: 44.967 minutes, Δt:   1.39, CFL: 7.20e-01
i: 119800, t:  230678.9 s, ωt:  23.07 (3.67 periods), wall: 45.004 minutes, Δt:   1.31, CFL: 7.20e-01
i: 119900, t:  230812.5 s, ωt:  23.08 (3.67 periods), wall: 45.041 minutes, Δt:   1.27, CFL: 7.20e-01
i: 120000, t:  230934.9 s, ωt:  23.09 (3.68 periods), wall: 45.079 minutes, Δt:   1.19, CFL: 7.20e-01
i: 120100, t:  231058.8 s, ωt:  23.11 (3.68 periods), wall: 45.116 minutes, Δt:   1.24, CFL: 7.20e-01
i: 120200, t:  231189.5 s, ωt:  23.12 (3.68 periods), wall: 45.153 minutes, Δt:   1.43, CFL: 7.20e-01
i: 120300, t:  231326.9 s, ωt:  23.13 (3.68 periods), wall: 45.191 minutes, Δt:   1.41, CFL: 7.20e-01
i: 120400, t:  231468.4 s, ωt:  23.15 (3.68 periods), wall: 45.228 minutes, Δt:   1.35, CFL: 7.20e-01
i: 120500, t:  231602.8 s, ωt:  23.16 (3.69 periods), wall: 45.265 minutes, Δt:   1.30, CFL: 7.20e-01
i: 120600, t:  231749.3 s, ωt:  23.17 (3.69 periods), wall: 45.302 minutes, Δt:   1.35, CFL: 7.20e-01
i: 120700, t:  231884.3 s, ωt:  23.19 (3.69 periods), wall: 45.340 minutes, Δt:   1.51, CFL: 7.20e-01
i: 120800, t:  232021.6 s, ωt:  23.20 (3.69 periods), wall: 45.377 minutes, Δt:   1.29, CFL: 7.20e-01
i: 120900, t:  232148.2 s, ωt:  23.21 (3.69 periods), wall: 45.414 minutes, Δt:   1.52, CFL: 7.20e-01
i: 121000, t:  232292.0 s, ωt:  23.23 (3.70 periods), wall: 45.453 minutes, Δt:   1.38, CFL: 7.20e-01
i: 121100, t:  232412.0 s, ωt:  23.24 (3.70 periods), wall: 45.490 minutes, Δt:   1.30, CFL: 7.20e-01
i: 121200, t:  232550.5 s, ωt:  23.26 (3.70 periods), wall: 45.527 minutes, Δt:   1.48, CFL: 7.20e-01
i: 121300, t:  232689.1 s, ωt:  23.27 (3.70 periods), wall: 45.564 minutes, Δt:   1.50, CFL: 7.20e-01
i: 121400, t:  232829.7 s, ωt:  23.28 (3.71 periods), wall: 45.601 minutes, Δt:   1.36, CFL: 7.20e-01
i: 121500, t:  232969.1 s, ωt:  23.30 (3.71 periods), wall: 45.639 minutes, Δt:   1.40, CFL: 7.20e-01
i: 121600, t:  233106.2 s, ωt:  23.31 (3.71 periods), wall: 45.676 minutes, Δt:   1.28, CFL: 7.20e-01
i: 121700, t:  233233.7 s, ωt:  23.32 (3.71 periods), wall: 45.714 minutes, Δt:   1.28, CFL: 7.20e-01
i: 121800, t:  233363.9 s, ωt:  23.34 (3.71 periods), wall: 45.751 minutes, Δt:   1.36, CFL: 7.20e-01
i: 121900, t:  233495.4 s, ωt:  23.35 (3.72 periods), wall: 45.789 minutes, Δt:   1.22, CFL: 7.20e-01
i: 122000, t:  233625.7 s, ωt:  23.36 (3.72 periods), wall: 45.826 minutes, Δt:   1.22, CFL: 7.20e-01
i: 122100, t:  233764.0 s, ωt:  23.38 (3.72 periods), wall: 45.863 minutes, Δt:   1.46, CFL: 7.20e-01
i: 122200, t:  233902.4 s, ωt:  23.39 (3.72 periods), wall: 45.900 minutes, Δt:   1.51, CFL: 7.20e-01
i: 122300, t:  234040.0 s, ωt:  23.40 (3.72 periods), wall: 45.937 minutes, Δt:   1.31, CFL: 7.20e-01
i: 122400, t:  234167.9 s, ωt:  23.42 (3.73 periods), wall: 45.975 minutes, Δt:   1.43, CFL: 7.20e-01
i: 122500, t:  234303.1 s, ωt:  23.43 (3.73 periods), wall: 46.012 minutes, Δt:   1.42, CFL: 7.20e-01
i: 122600, t:  234447.2 s, ωt:  23.44 (3.73 periods), wall: 46.050 minutes, Δt:   1.15, CFL: 7.20e-01
i: 122700, t:  234563.6 s, ωt:  23.46 (3.73 periods), wall: 46.087 minutes, Δt:   1.19, CFL: 7.20e-01
i: 122800, t:  234699.2 s, ωt:  23.47 (3.74 periods), wall: 46.125 minutes, Δt:   1.20, CFL: 7.20e-01
i: 122900, t:  234833.5 s, ωt:  23.48 (3.74 periods), wall: 46.162 minutes, Δt:   1.32, CFL: 7.20e-01
i: 123000, t:  234965.8 s, ωt:  23.50 (3.74 periods), wall: 46.199 minutes, Δt:   1.24, CFL: 7.20e-01
i: 123100, t:  235096.6 s, ωt:  23.51 (3.74 periods), wall: 46.237 minutes, Δt:   1.29, CFL: 7.20e-01
i: 123200, t:  235234.4 s, ωt:  23.52 (3.74 periods), wall: 46.274 minutes, Δt:   1.30, CFL: 7.20e-01
i: 123300, t:  235354.7 s, ωt:  23.54 (3.75 periods), wall: 46.312 minutes, Δt:   1.20, CFL: 7.20e-01
i: 123400, t:  235487.9 s, ωt:  23.55 (3.75 periods), wall: 46.349 minutes, Δt:   1.24, CFL: 7.20e-01
i: 123500, t:  235623.7 s, ωt:  23.56 (3.75 periods), wall: 46.387 minutes, Δt:   1.28, CFL: 7.20e-01
i: 123600, t:  235740.5 s, ωt:  23.57 (3.75 periods), wall: 46.424 minutes, Δt:   1.43, CFL: 7.20e-01
i: 123700, t:  235871.0 s, ωt:  23.59 (3.75 periods), wall: 46.461 minutes, Δt:   1.27, CFL: 7.20e-01
i: 123800, t:  235994.8 s, ωt:  23.60 (3.76 periods), wall: 46.499 minutes, Δt:   1.18, CFL: 7.20e-01
i: 123900, t:  236111.8 s, ωt:  23.61 (3.76 periods), wall: 46.536 minutes, Δt:   1.20, CFL: 7.20e-01
i: 124000, t:  236238.2 s, ωt:  23.62 (3.76 periods), wall: 46.573 minutes, Δt:   1.41, CFL: 7.20e-01
i: 124100, t:  236367.9 s, ωt:  23.64 (3.76 periods), wall: 46.610 minutes, Δt:   1.33, CFL: 7.20e-01
i: 124200, t:  236498.6 s, ωt:  23.65 (3.76 periods), wall: 46.647 minutes, Δt:   1.35, CFL: 7.20e-01
i: 124300, t:  236622.0 s, ωt:  23.66 (3.77 periods), wall: 46.685 minutes, Δt:   1.31, CFL: 7.20e-01
i: 124400, t:  236755.4 s, ωt:  23.68 (3.77 periods), wall: 46.722 minutes, Δt:   1.07, CFL: 7.20e-01
i: 124500, t:  236867.6 s, ωt:  23.69 (3.77 periods), wall: 46.760 minutes, Δt:   1.26, CFL: 7.20e-01
i: 124600, t:  236985.7 s, ωt:  23.70 (3.77 periods), wall: 46.797 minutes, Δt:   1.21, CFL: 7.20e-01
i: 124700, t:  237118.0 s, ωt:  23.71 (3.77 periods), wall: 46.834 minutes, Δt:   1.23, CFL: 7.20e-01
i: 124800, t:  237243.4 s, ωt:  23.72 (3.78 periods), wall: 46.871 minutes, Δt:   1.39, CFL: 7.20e-01
i: 124900, t:  237378.4 s, ωt:  23.74 (3.78 periods), wall: 46.908 minutes, Δt:   1.23, CFL: 7.20e-01
i: 125000, t:  237499.7 s, ωt:  23.75 (3.78 periods), wall: 46.946 minutes, Δt:   1.34, CFL: 7.20e-01
i: 125100, t:  237638.7 s, ωt:  23.76 (3.78 periods), wall: 46.983 minutes, Δt:   1.43, CFL: 7.20e-01
i: 125200, t:  237779.5 s, ωt:  23.78 (3.78 periods), wall: 47.021 minutes, Δt:   1.39, CFL: 7.20e-01
i: 125300, t:  237916.0 s, ωt:  23.79 (3.79 periods), wall: 47.058 minutes, Δt:   1.23, CFL: 7.20e-01
i: 125400, t:  238055.5 s, ωt:  23.81 (3.79 periods), wall: 47.095 minutes, Δt:   1.39, CFL: 7.20e-01
i: 125500, t:  238183.9 s, ωt:  23.82 (3.79 periods), wall: 47.132 minutes, Δt:   1.50, CFL: 7.20e-01
i: 125600, t:  238328.7 s, ωt:  23.83 (3.79 periods), wall: 47.170 minutes, Δt:   1.49, CFL: 7.20e-01
i: 125700, t:  238465.7 s, ωt:  23.85 (3.80 periods), wall: 47.207 minutes, Δt:   1.33, CFL: 7.20e-01
i: 125800, t:  238609.9 s, ωt:  23.86 (3.80 periods), wall: 47.244 minutes, Δt:   1.40, CFL: 7.20e-01
i: 125900, t:  238757.1 s, ωt:  23.88 (3.80 periods), wall: 47.282 minutes, Δt:   1.26, CFL: 7.20e-01
i: 126000, t:  238896.4 s, ωt:  23.89 (3.80 periods), wall: 47.319 minutes, Δt:   1.57, CFL: 7.20e-01
i: 126100, t:  239038.2 s, ωt:  23.90 (3.80 periods), wall: 47.356 minutes, Δt:   1.37, CFL: 7.20e-01
i: 126200, t:  239193.0 s, ωt:  23.92 (3.81 periods), wall: 47.393 minutes, Δt:   1.67, CFL: 7.20e-01
i: 126300, t:  239345.2 s, ωt:  23.93 (3.81 periods), wall: 47.430 minutes, Δt:   1.62, CFL: 7.20e-01
i: 126400, t:  239498.4 s, ωt:  23.95 (3.81 periods), wall: 47.468 minutes, Δt:   1.52, CFL: 7.20e-01
i: 126500, t:  239644.2 s, ωt:  23.96 (3.81 periods), wall: 47.505 minutes, Δt:   1.36, CFL: 7.20e-01
i: 126600, t:  239784.4 s, ωt:  23.98 (3.82 periods), wall: 47.542 minutes, Δt:   1.39, CFL: 7.20e-01
i: 126700, t:  239929.8 s, ωt:  23.99 (3.82 periods), wall: 47.579 minutes, Δt:   1.52, CFL: 7.20e-01
i: 126800, t:  240078.0 s, ωt:  24.01 (3.82 periods), wall: 47.617 minutes, Δt:   1.54, CFL: 7.20e-01
i: 126900, t:  240224.3 s, ωt:  24.02 (3.82 periods), wall: 47.654 minutes, Δt:   1.33, CFL: 7.20e-01
i: 127000, t:  240363.3 s, ωt:  24.04 (3.83 periods), wall: 47.692 minutes, Δt:   1.62, CFL: 7.20e-01
i: 127100, t:  240504.4 s, ωt:  24.05 (3.83 periods), wall: 47.729 minutes, Δt:   1.34, CFL: 7.20e-01
i: 127200, t:  240655.3 s, ωt:  24.07 (3.83 periods), wall: 47.767 minutes, Δt:   1.53, CFL: 7.20e-01
i: 127300, t:  240803.3 s, ωt:  24.08 (3.83 periods), wall: 47.804 minutes, Δt:   1.47, CFL: 7.20e-01
i: 127400, t:  240954.5 s, ωt:  24.10 (3.83 periods), wall: 47.841 minutes, Δt:   1.59, CFL: 7.20e-01
i: 127500, t:  241115.9 s, ωt:  24.11 (3.84 periods), wall: 47.878 minutes, Δt:   1.63, CFL: 7.20e-01
i: 127600, t:  241267.2 s, ωt:  24.13 (3.84 periods), wall: 47.915 minutes, Δt:   1.48, CFL: 7.20e-01
i: 127700, t:  241420.8 s, ωt:  24.14 (3.84 periods), wall: 47.952 minutes, Δt:   1.42, CFL: 7.20e-01
i: 127800, t:  241566.0 s, ωt:  24.16 (3.84 periods), wall: 47.989 minutes, Δt:   1.34, CFL: 7.20e-01
i: 127900, t:  241708.9 s, ωt:  24.17 (3.85 periods), wall: 48.027 minutes, Δt:   1.32, CFL: 7.20e-01
i: 128000, t:  241835.4 s, ωt:  24.18 (3.85 periods), wall: 48.064 minutes, Δt:   1.60, CFL: 7.20e-01
i: 128100, t:  241972.5 s, ωt:  24.20 (3.85 periods), wall: 48.101 minutes, Δt:   1.58, CFL: 7.20e-01
i: 128200, t:  242120.1 s, ωt:  24.21 (3.85 periods), wall: 48.138 minutes, Δt:   1.12, CFL: 7.20e-01
i: 128300, t:  242250.9 s, ωt:  24.23 (3.86 periods), wall: 48.176 minutes, Δt:   1.65, CFL: 7.20e-01
i: 128400, t:  242413.2 s, ωt:  24.24 (3.86 periods), wall: 48.213 minutes, Δt:   1.60, CFL: 7.20e-01
i: 128500, t:  242569.9 s, ωt:  24.26 (3.86 periods), wall: 48.251 minutes, Δt:   1.75, CFL: 7.20e-01
i: 128600, t:  242723.8 s, ωt:  24.27 (3.86 periods), wall: 48.288 minutes, Δt:   1.32, CFL: 7.20e-01
i: 128700, t:  242858.2 s, ωt:  24.29 (3.87 periods), wall: 48.325 minutes, Δt:   1.50, CFL: 7.20e-01
i: 128800, t:  243003.4 s, ωt:  24.30 (3.87 periods), wall: 48.362 minutes, Δt:   1.24, CFL: 7.20e-01
i: 128900, t:  243157.1 s, ωt:  24.32 (3.87 periods), wall: 48.399 minutes, Δt:   1.70, CFL: 7.20e-01
i: 129000, t:  243298.6 s, ωt:  24.33 (3.87 periods), wall: 48.437 minutes, Δt:   1.60, CFL: 7.20e-01
i: 129100, t:  243473.4 s, ωt:  24.35 (3.87 periods), wall: 48.474 minutes, Δt:   1.86, CFL: 7.20e-01
i: 129200, t:  243640.2 s, ωt:  24.36 (3.88 periods), wall: 48.512 minutes, Δt:   1.68, CFL: 7.20e-01
i: 129300, t:  243806.0 s, ωt:  24.38 (3.88 periods), wall: 48.550 minutes, Δt:   1.79, CFL: 7.20e-01
i: 129400, t:  243978.1 s, ωt:  24.40 (3.88 periods), wall: 48.587 minutes, Δt:   1.50, CFL: 7.20e-01
i: 129500, t:  244157.3 s, ωt:  24.42 (3.89 periods), wall: 48.624 minutes, Δt:   2.31, CFL: 7.20e-01
i: 129600, t:  244338.5 s, ωt:  24.43 (3.89 periods), wall: 48.661 minutes, Δt:   1.94, CFL: 7.20e-01
i: 129700, t:  244524.5 s, ωt:  24.45 (3.89 periods), wall: 48.698 minutes, Δt:   1.53, CFL: 7.20e-01
i: 129800, t:  244692.7 s, ωt:  24.47 (3.89 periods), wall: 48.736 minutes, Δt:   2.02, CFL: 7.20e-01
i: 129900, t:  244885.8 s, ωt:  24.49 (3.90 periods), wall: 48.773 minutes, Δt:   1.88, CFL: 7.20e-01
i: 130000, t:  245065.0 s, ωt:  24.51 (3.90 periods), wall: 48.810 minutes, Δt:   1.66, CFL: 7.20e-01
i: 130100, t:  245251.7 s, ωt:  24.53 (3.90 periods), wall: 48.848 minutes, Δt:   2.08, CFL: 7.20e-01
i: 130200, t:  245476.8 s, ωt:  24.55 (3.91 periods), wall: 48.885 minutes, Δt:   2.48, CFL: 7.20e-01
i: 130300, t:  245716.9 s, ωt:  24.57 (3.91 periods), wall: 48.923 minutes, Δt:   2.18, CFL: 7.20e-01
i: 130400, t:  245946.7 s, ωt:  24.59 (3.91 periods), wall: 48.962 minutes, Δt:   2.28, CFL: 7.20e-01
i: 130500, t:  246178.2 s, ωt:  24.62 (3.92 periods), wall: 48.999 minutes, Δt:   2.30, CFL: 7.20e-01
i: 130600, t:  246419.1 s, ωt:  24.64 (3.92 periods), wall: 49.037 minutes, Δt:   2.40, CFL: 7.20e-01
i: 130700, t:  246684.1 s, ωt:  24.67 (3.93 periods), wall: 49.074 minutes, Δt:   2.35, CFL: 7.20e-01
i: 130800, t:  246934.8 s, ωt:  24.69 (3.93 periods), wall: 49.112 minutes, Δt:   2.83, CFL: 7.20e-01
i: 130900, t:  247219.0 s, ωt:  24.72 (3.93 periods), wall: 49.149 minutes, Δt:   2.71, CFL: 7.20e-01
i: 131000, t:  247478.2 s, ωt:  24.75 (3.94 periods), wall: 49.187 minutes, Δt:   2.65, CFL: 7.20e-01
i: 131100, t:  247676.1 s, ωt:  24.77 (3.94 periods), wall: 49.224 minutes, Δt:   2.02, CFL: 7.05e-01
i: 131200, t:  247938.5 s, ωt:  24.79 (3.95 periods), wall: 49.262 minutes, Δt:   2.66, CFL: 7.20e-01
i: 131300, t:  248202.9 s, ωt:  24.82 (3.95 periods), wall: 49.299 minutes, Δt:   2.61, CFL: 7.20e-01
i: 131400, t:  248503.7 s, ωt:  24.85 (3.96 periods), wall: 49.337 minutes, Δt:   3.18, CFL: 7.20e-01
i: 131500, t:  248800.0 s, ωt:  24.88 (3.96 periods), wall: 49.374 minutes, Δt:   2.40, CFL: 7.20e-01
i: 131600, t:  249095.8 s, ωt:  24.91 (3.96 periods), wall: 49.411 minutes, Δt:   3.79, CFL: 7.20e-01
i: 131700, t:  249476.0 s, ωt:  24.95 (3.97 periods), wall: 49.448 minutes, Δt:   4.25, CFL: 7.20e-01
i: 131800, t:  249877.7 s, ωt:  24.99 (3.98 periods), wall: 49.486 minutes, Δt:   4.19, CFL: 7.20e-01
i: 131900, t:  250356.6 s, ωt:  25.04 (3.98 periods), wall: 49.523 minutes, Δt:   6.27, CFL: 7.20e-01
i: 132000, t:  250900.6 s, ωt:  25.09 (3.99 periods), wall: 49.560 minutes, Δt:   6.41, CFL: 7.20e-01
  Activating project at `~/SRIM-2026/Stokes/3D`
[ Info: Oceananigans will use 16 threads
[ Info: Case P4_T5_sqrtRi5: Ri = 25 (√Ri = 5), N² = 2.5e-07 s⁻², δ_s = 0.1414 m, Re_s = 5657
[ Info: Domain 10.000 × 10.000 × 50.000 m = 71 × 71 × 354 δ_s (physical), + 70.7 δ_s sponge on top → grid top 424 δ_s, 4 periods
[ Info: Analysed/plotted section: 0 – 15.00 m = 106 δ_s (pycnocline at T = 5.0 m)
[ Info: Background: softplus (profile 4), T = 5.0 m = 35.4 δ_s — N²_bg/N∞² = 0.000 at z = δ_s, 1.000 at z = Lz, 1.000 at lid; Δb over domain = 1.37e-05 m s⁻²
[ Info: Bottom Δz = 0.0121 m = 0.085 δ_s (11.7 points across δ_s); 160 cells below z = 106 δ_s; 233 physical + 21 sponge cells (sponge Δz = 3.367 δ_s)
[ Info: Δx = 0.2083 m = 1.47 δ_s, Δy = 0.2083 m = 1.47 δ_s
[ Info: Pycnocline z = T = 5.0 m: Δz = 0.0727 m, transition width = 0.732 m → 10.1 cells across (band ±2.2 m)
[ Info: Initializing velocities from Ri=0 spin-up: output_spinup_T5/TidalBL3D_spinup_T5_fields.jld2
[ Info: Using snapshot 9/9 (t = 4.00 periods of the spin-up)
[ Info: Initializing simulation...
[ Info:     ... simulation initialization complete (10.319 seconds)
[ Info: Executing initial time step...
[ Info:     ... initial time step complete (2.632 seconds).
[ Info: Simulation is stopping after running for 49.467 minutes.
[ Info: Simulation time 2.909 days equals or exceeds stop time 2.909 days.

==============================================================================
==== 2026-08-11 16:09:26  Tidal3D.jl sqrtRi5
==== LIGHT_OUTPUT=1  N_PERIODS=8  PROFILE=4  SPINUP_FILE=outputs/spinup_T5/TidalBL3D_spinup_T5_fields.jld2  T_STRAT=5  T_SWEEP=5
==============================================================================
i:      0, t:       0.0 s, ωt:   0.00 (0.00 periods), wall: 19.281 seconds, Δt:   1.20, CFL: 1.38e-01
i:    100, t:     311.5 s, ωt:   0.03 (0.00 periods), wall: 37.373 seconds, Δt:   7.43, CFL: 8.17e-01
i:    200, t:    1111.5 s, ωt:   0.11 (0.02 periods), wall: 38.200 seconds, Δt:   6.86, CFL: 9.00e-01
i:    300, t:    1829.6 s, ωt:   0.18 (0.03 periods), wall: 38.936 seconds, Δt:   6.36, CFL: 9.00e-01
i:    400, t:    2489.1 s, ωt:   0.25 (0.04 periods), wall: 39.663 seconds, Δt:   5.78, CFL: 9.00e-01
i:    500, t:    3067.8 s, ωt:   0.31 (0.05 periods), wall: 40.368 seconds, Δt:   5.14, CFL: 9.00e-01
i:    600, t:    3550.9 s, ωt:   0.36 (0.06 periods), wall: 41.128 seconds, Δt:   4.05, CFL: 9.00e-01
i:    700, t:    3987.3 s, ωt:   0.40 (0.06 periods), wall: 41.817 seconds, Δt:   4.44, CFL: 9.00e-01
i:    800, t:    4392.0 s, ωt:   0.44 (0.07 periods), wall: 42.472 seconds, Δt:   3.95, CFL: 9.00e-01
i:    900, t:    4742.0 s, ωt:   0.47 (0.08 periods), wall: 43.212 seconds, Δt:   3.58, CFL: 9.00e-01
i:   1000, t:    5103.8 s, ωt:   0.51 (0.08 periods), wall: 43.850 seconds, Δt:   3.33, CFL: 9.00e-01
i:   1100, t:    5420.0 s, ωt:   0.54 (0.09 periods), wall: 44.496 seconds, Δt:   3.24, CFL: 9.00e-01
i:   1200, t:    5731.7 s, ωt:   0.57 (0.09 periods), wall: 45.133 seconds, Δt:   3.06, CFL: 9.00e-01
i:   1300, t:    6023.8 s, ωt:   0.60 (0.10 periods), wall: 45.791 seconds, Δt:   2.81, CFL: 9.00e-01
i:   1400, t:    6296.5 s, ωt:   0.63 (0.10 periods), wall: 46.439 seconds, Δt:   2.57, CFL: 9.00e-01
i:   1500, t:    6553.5 s, ωt:   0.66 (0.10 periods), wall: 47.041 seconds, Δt:   2.83, CFL: 9.00e-01
i:   1600, t:    6801.5 s, ωt:   0.68 (0.11 periods), wall: 47.904 seconds, Δt:   2.65, CFL: 9.00e-01
i:   1700, t:    7047.8 s, ωt:   0.70 (0.11 periods), wall: 48.629 seconds, Δt:   2.41, CFL: 9.00e-01
i:   1800, t:    7275.8 s, ωt:   0.73 (0.12 periods), wall: 49.354 seconds, Δt:   2.52, CFL: 9.00e-01
i:   1900, t:    7500.0 s, ωt:   0.75 (0.12 periods), wall: 49.953 seconds, Δt:   2.38, CFL: 9.00e-01
i:   2000, t:    7732.6 s, ωt:   0.77 (0.12 periods), wall: 50.597 seconds, Δt:   2.34, CFL: 9.00e-01
i:   2100, t:    7940.7 s, ωt:   0.79 (0.13 periods), wall: 51.300 seconds, Δt:   2.08, CFL: 9.00e-01
i:   2200, t:    8163.1 s, ωt:   0.82 (0.13 periods), wall: 51.882 seconds, Δt:   2.40, CFL: 9.00e-01
i:   2300, t:    8406.9 s, ωt:   0.84 (0.13 periods), wall: 52.530 seconds, Δt:   2.25, CFL: 9.00e-01
i:   2400, t:    8625.2 s, ωt:   0.86 (0.14 periods), wall: 53.170 seconds, Δt:   2.31, CFL: 9.00e-01
i:   2500, t:    8831.7 s, ωt:   0.88 (0.14 periods), wall: 53.875 seconds, Δt:   2.07, CFL: 9.00e-01
i:   2600, t:    9043.4 s, ωt:   0.90 (0.14 periods), wall: 54.473 seconds, Δt:   2.00, CFL: 9.00e-01
i:   2700, t:    9247.6 s, ωt:   0.92 (0.15 periods), wall: 55.154 seconds, Δt:   2.01, CFL: 9.00e-01
i:   2800, t:    9439.1 s, ωt:   0.94 (0.15 periods), wall: 55.864 seconds, Δt:   1.83, CFL: 9.00e-01
i:   2900, t:    9642.8 s, ωt:   0.96 (0.15 periods), wall: 56.461 seconds, Δt:   2.15, CFL: 9.00e-01
i:   3000, t:    9844.6 s, ωt:   0.98 (0.16 periods), wall: 57.119 seconds, Δt:   2.08, CFL: 9.00e-01
i:   3100, t:   10041.8 s, ωt:   1.00 (0.16 periods), wall: 57.714 seconds, Δt:   2.06, CFL: 9.00e-01
i:   3200, t:   10232.3 s, ωt:   1.02 (0.16 periods), wall: 58.361 seconds, Δt:   2.24, CFL: 9.00e-01
i:   3300, t:   10431.4 s, ωt:   1.04 (0.17 periods), wall: 59.038 seconds, Δt:   1.93, CFL: 9.00e-01
i:   3400, t:   10630.5 s, ωt:   1.06 (0.17 periods), wall: 59.645 seconds, Δt:   2.09, CFL: 9.00e-01
i:   3500, t:   10805.2 s, ωt:   1.08 (0.17 periods), wall: 1.006 minutes, Δt:   1.73, CFL: 9.00e-01
i:   3600, t:   11007.5 s, ωt:   1.10 (0.18 periods), wall: 1.017 minutes, Δt:   1.80, CFL: 9.00e-01
i:   3700, t:   11199.9 s, ωt:   1.12 (0.18 periods), wall: 1.027 minutes, Δt:   1.85, CFL: 9.00e-01
i:   3800, t:   11368.1 s, ωt:   1.14 (0.18 periods), wall: 1.039 minutes, Δt:   1.73, CFL: 9.00e-01
i:   3900, t:   11557.0 s, ωt:   1.16 (0.18 periods), wall: 1.048 minutes, Δt:   1.78, CFL: 9.00e-01
i:   4000, t:   11720.4 s, ωt:   1.17 (0.19 periods), wall: 1.060 minutes, Δt:   1.64, CFL: 9.00e-01
i:   4100, t:   11885.7 s, ωt:   1.19 (0.19 periods), wall: 1.069 minutes, Δt:   1.75, CFL: 9.00e-01
i:   4200, t:   12058.4 s, ωt:   1.21 (0.19 periods), wall: 1.080 minutes, Δt:   1.91, CFL: 9.00e-01
i:   4300, t:   12239.1 s, ωt:   1.22 (0.19 periods), wall: 1.090 minutes, Δt:   1.82, CFL: 9.00e-01
i:   4400, t:   12395.1 s, ωt:   1.24 (0.20 periods), wall: 1.101 minutes, Δt:   1.58, CFL: 9.00e-01
i:   4500, t:   12577.9 s, ωt:   1.26 (0.20 periods), wall: 1.112 minutes, Δt:   1.89, CFL: 9.00e-01
i:   4600, t:   12770.0 s, ωt:   1.28 (0.20 periods), wall: 1.122 minutes, Δt:   1.83, CFL: 9.00e-01
i:   4700, t:   12932.0 s, ωt:   1.29 (0.21 periods), wall: 1.134 minutes, Δt:   1.59, CFL: 9.00e-01
i:   4800, t:   13096.5 s, ωt:   1.31 (0.21 periods), wall: 1.144 minutes, Δt:   1.69, CFL: 9.00e-01
i:   4900, t:   13264.9 s, ωt:   1.33 (0.21 periods), wall: 1.156 minutes, Δt:   1.49, CFL: 9.00e-01
i:   5000, t:   13420.8 s, ωt:   1.34 (0.21 periods), wall: 1.166 minutes, Δt:   1.78, CFL: 9.00e-01
i:   5100, t:   13592.3 s, ωt:   1.36 (0.22 periods), wall: 1.178 minutes, Δt:   1.86, CFL: 9.00e-01
i:   5200, t:   13749.6 s, ωt:   1.37 (0.22 periods), wall: 1.188 minutes, Δt:   1.62, CFL: 9.00e-01
i:   5300, t:   13904.7 s, ωt:   1.39 (0.22 periods), wall: 1.199 minutes, Δt:   1.66, CFL: 9.00e-01
i:   5400, t:   14073.0 s, ωt:   1.41 (0.22 periods), wall: 1.209 minutes, Δt:   1.77, CFL: 9.00e-01
i:   5500, t:   14257.2 s, ωt:   1.43 (0.23 periods), wall: 1.220 minutes, Δt:   1.86, CFL: 9.00e-01
i:   5600, t:   14439.1 s, ωt:   1.44 (0.23 periods), wall: 1.230 minutes, Δt:   1.50, CFL: 9.00e-01
i:   5700, t:   14603.2 s, ωt:   1.46 (0.23 periods), wall: 1.241 minutes, Δt:   1.88, CFL: 9.00e-01
i:   5800, t:   14776.8 s, ωt:   1.48 (0.24 periods), wall: 1.253 minutes, Δt:   1.86, CFL: 9.00e-01
i:   5900, t:   14944.6 s, ωt:   1.49 (0.24 periods), wall: 1.263 minutes, Δt:   1.27, CFL: 9.00e-01
i:   6000, t:   15101.4 s, ωt:   1.51 (0.24 periods), wall: 1.274 minutes, Δt:   1.67, CFL: 9.00e-01
i:   6100, t:   15265.2 s, ωt:   1.53 (0.24 periods), wall: 1.283 minutes, Δt:   1.60, CFL: 9.00e-01
i:   6200, t:   15414.9 s, ωt:   1.54 (0.25 periods), wall: 1.294 minutes, Δt:   1.86, CFL: 9.00e-01
i:   6300, t:   15573.0 s, ωt:   1.56 (0.25 periods), wall: 1.304 minutes, Δt:   1.78, CFL: 9.00e-01
i:   6400, t:   15739.7 s, ωt:   1.57 (0.25 periods), wall: 1.316 minutes, Δt:   1.74, CFL: 9.00e-01
i:   6500, t:   15907.3 s, ωt:   1.59 (0.25 periods), wall: 1.326 minutes, Δt:   1.80, CFL: 9.00e-01
i:   6600, t:   16074.3 s, ωt:   1.61 (0.26 periods), wall: 1.337 minutes, Δt:   1.84, CFL: 9.00e-01
i:   6700, t:   16244.3 s, ωt:   1.62 (0.26 periods), wall: 1.346 minutes, Δt:   1.75, CFL: 9.00e-01
i:   6800, t:   16418.0 s, ωt:   1.64 (0.26 periods), wall: 1.358 minutes, Δt:   1.66, CFL: 9.00e-01
i:   6900, t:   16571.7 s, ωt:   1.66 (0.26 periods), wall: 1.368 minutes, Δt:   1.39, CFL: 9.00e-01
i:   7000, t:   16719.8 s, ωt:   1.67 (0.27 periods), wall: 1.384 minutes, Δt:   1.85, CFL: 9.00e-01
i:   7100, t:   16882.4 s, ωt:   1.69 (0.27 periods), wall: 1.394 minutes, Δt:   1.46, CFL: 9.00e-01
i:   7200, t:   17039.8 s, ωt:   1.70 (0.27 periods), wall: 1.405 minutes, Δt:   1.29, CFL: 9.00e-01
i:   7300, t:   17204.2 s, ωt:   1.72 (0.27 periods), wall: 1.415 minutes, Δt:   1.53, CFL: 9.00e-01
i:   7400, t:   17341.7 s, ωt:   1.73 (0.28 periods), wall: 1.427 minutes, Δt:   1.56, CFL: 9.00e-01
i:   7500, t:   17492.3 s, ωt:   1.75 (0.28 periods), wall: 1.437 minutes, Δt:   1.56, CFL: 9.00e-01
i:   7600, t:   17663.9 s, ωt:   1.77 (0.28 periods), wall: 1.448 minutes, Δt:   1.67, CFL: 9.00e-01
i:   7700, t:   17825.7 s, ωt:   1.78 (0.28 periods), wall: 1.458 minutes, Δt:   1.66, CFL: 9.00e-01
i:   7800, t:   18006.5 s, ωt:   1.80 (0.29 periods), wall: 1.469 minutes, Δt:   1.71, CFL: 9.00e-01
i:   7900, t:   18184.2 s, ωt:   1.82 (0.29 periods), wall: 1.479 minutes, Δt:   1.95, CFL: 9.00e-01
i:   8000, t:   18356.7 s, ωt:   1.84 (0.29 periods), wall: 1.490 minutes, Δt:   1.98, CFL: 9.00e-01
i:   8100, t:   18541.3 s, ωt:   1.85 (0.30 periods), wall: 1.505 minutes, Δt:   1.91, CFL: 9.00e-01
i:   8200, t:   18719.3 s, ωt:   1.87 (0.30 periods), wall: 1.515 minutes, Δt:   1.62, CFL: 9.00e-01
i:   8300, t:   18884.2 s, ωt:   1.89 (0.30 periods), wall: 1.526 minutes, Δt:   1.68, CFL: 9.00e-01
i:   8400, t:   19057.3 s, ωt:   1.91 (0.30 periods), wall: 1.536 minutes, Δt:   1.93, CFL: 9.00e-01
i:   8500, t:   19234.0 s, ωt:   1.92 (0.31 periods), wall: 1.548 minutes, Δt:   1.45, CFL: 9.00e-01
i:   8600, t:   19400.4 s, ωt:   1.94 (0.31 periods), wall: 1.558 minutes, Δt:   1.75, CFL: 9.00e-01
i:   8700, t:   19582.5 s, ωt:   1.96 (0.31 periods), wall: 1.569 minutes, Δt:   1.68, CFL: 9.00e-01
i:   8800, t:   19749.8 s, ωt:   1.97 (0.31 periods), wall: 1.578 minutes, Δt:   1.57, CFL: 9.00e-01
i:   8900, t:   19916.4 s, ωt:   1.99 (0.32 periods), wall: 1.589 minutes, Δt:   1.74, CFL: 9.00e-01
i:   9000, t:   20085.0 s, ωt:   2.01 (0.32 periods), wall: 1.599 minutes, Δt:   1.79, CFL: 9.00e-01
i:   9100, t:   20256.6 s, ωt:   2.03 (0.32 periods), wall: 1.615 minutes, Δt:   2.13, CFL: 9.00e-01
i:   9200, t:   20453.4 s, ωt:   2.05 (0.33 periods), wall: 1.627 minutes, Δt:   2.25, CFL: 9.00e-01
i:   9300, t:   20655.9 s, ωt:   2.07 (0.33 periods), wall: 1.637 minutes, Δt:   1.90, CFL: 9.00e-01
i:   9400, t:   20848.9 s, ωt:   2.08 (0.33 periods), wall: 1.648 minutes, Δt:   2.13, CFL: 9.00e-01
i:   9500, t:   21048.7 s, ωt:   2.10 (0.34 periods), wall: 1.658 minutes, Δt:   1.75, CFL: 9.00e-01
i:   9600, t:   21236.5 s, ωt:   2.12 (0.34 periods), wall: 1.668 minutes, Δt:   1.53, CFL: 9.00e-01
i:   9700, t:   21421.9 s, ωt:   2.14 (0.34 periods), wall: 1.679 minutes, Δt:   2.04, CFL: 9.00e-01
i:   9800, t:   21618.5 s, ωt:   2.16 (0.34 periods), wall: 1.689 minutes, Δt:   1.74, CFL: 9.00e-01
i:   9900, t:   21801.2 s, ωt:   2.18 (0.35 periods), wall: 1.700 minutes, Δt:   1.82, CFL: 9.00e-01
i:  10000, t:   22005.7 s, ωt:   2.20 (0.35 periods), wall: 1.711 minutes, Δt:   2.09, CFL: 9.00e-01
i:  10100, t:   22228.9 s, ωt:   2.22 (0.35 periods), wall: 1.721 minutes, Δt:   2.06, CFL: 9.00e-01
i:  10200, t:   22440.1 s, ωt:   2.24 (0.36 periods), wall: 1.732 minutes, Δt:   2.29, CFL: 9.00e-01
i:  10300, t:   22654.4 s, ωt:   2.27 (0.36 periods), wall: 1.744 minutes, Δt:   2.12, CFL: 9.00e-01
i:  10400, t:   22853.4 s, ωt:   2.29 (0.36 periods), wall: 1.754 minutes, Δt:   1.96, CFL: 9.00e-01
i:  10500, t:   23072.1 s, ωt:   2.31 (0.37 periods), wall: 1.765 minutes, Δt:   2.22, CFL: 9.00e-01
i:  10600, t:   23314.3 s, ωt:   2.33 (0.37 periods), wall: 1.776 minutes, Δt:   2.18, CFL: 9.00e-01
i:  10700, t:   23533.1 s, ωt:   2.35 (0.37 periods), wall: 1.786 minutes, Δt:   2.12, CFL: 9.00e-01
i:  10800, t:   23770.5 s, ωt:   2.38 (0.38 periods), wall: 1.797 minutes, Δt:   2.63, CFL: 9.00e-01
i:  10900, t:   24022.3 s, ωt:   2.40 (0.38 periods), wall: 1.810 minutes, Δt:   2.54, CFL: 9.00e-01
i:  11000, t:   24275.8 s, ωt:   2.43 (0.39 periods), wall: 1.820 minutes, Δt:   2.46, CFL: 9.00e-01
i:  11100, t:   24516.8 s, ωt:   2.45 (0.39 periods), wall: 1.831 minutes, Δt:   2.34, CFL: 9.00e-01
i:  11200, t:   24741.0 s, ωt:   2.47 (0.39 periods), wall: 1.841 minutes, Δt:   2.09, CFL: 9.00e-01
i:  11300, t:   24987.6 s, ωt:   2.50 (0.40 periods), wall: 1.852 minutes, Δt:   2.07, CFL: 9.00e-01
i:  11400, t:   25226.6 s, ωt:   2.52 (0.40 periods), wall: 1.863 minutes, Δt:   2.38, CFL: 9.00e-01
i:  11500, t:   25490.9 s, ωt:   2.55 (0.41 periods), wall: 1.874 minutes, Δt:   2.45, CFL: 9.00e-01
i:  11600, t:   25757.6 s, ωt:   2.58 (0.41 periods), wall: 1.884 minutes, Δt:   2.65, CFL: 9.00e-01
i:  11700, t:   26054.0 s, ωt:   2.61 (0.41 periods), wall: 1.895 minutes, Δt:   2.90, CFL: 9.00e-01
i:  11800, t:   26365.5 s, ωt:   2.64 (0.42 periods), wall: 1.906 minutes, Δt:   2.59, CFL: 9.00e-01
i:  11900, t:   26680.7 s, ωt:   2.67 (0.42 periods), wall: 1.919 minutes, Δt:   3.25, CFL: 9.00e-01
i:  12000, t:   26993.3 s, ωt:   2.70 (0.43 periods), wall: 1.930 minutes, Δt:   3.60, CFL: 9.00e-01
i:  12100, t:   27353.7 s, ωt:   2.74 (0.44 periods), wall: 1.948 minutes, Δt:   3.76, CFL: 9.00e-01
i:  12200, t:   27707.1 s, ωt:   2.77 (0.44 periods), wall: 1.960 minutes, Δt:   4.19, CFL: 9.00e-01
i:  12300, t:   28071.0 s, ωt:   2.81 (0.45 periods), wall: 1.971 minutes, Δt:   3.17, CFL: 9.00e-01
i:  12400, t:   28387.1 s, ωt:   2.84 (0.45 periods), wall: 1.983 minutes, Δt:   3.51, CFL: 9.00e-01
i:  12500, t:   28828.1 s, ωt:   2.88 (0.46 periods), wall: 1.994 minutes, Δt:   4.23, CFL: 9.00e-01
i:  12600, t:   29281.1 s, ωt:   2.93 (0.47 periods), wall: 2.006 minutes, Δt:   4.55, CFL: 9.00e-01
i:  12700, t:   29723.2 s, ωt:   2.97 (0.47 periods), wall: 2.017 minutes, Δt:   4.60, CFL: 9.00e-01
i:  12800, t:   30231.6 s, ωt:   3.02 (0.48 periods), wall: 2.030 minutes, Δt:   5.55, CFL: 9.00e-01
i:  12900, t:   30860.0 s, ωt:   3.09 (0.49 periods), wall: 2.042 minutes, Δt:   6.30, CFL: 9.00e-01
i:  13000, t:   31510.4 s, ωt:   3.15 (0.50 periods), wall: 2.072 minutes, Δt:   7.09, CFL: 8.93e-01
i:  13100, t:   32163.0 s, ωt:   3.22 (0.51 periods), wall: 2.090 minutes, Δt:   7.62, CFL: 9.00e-01
i:  13200, t:   32788.4 s, ωt:   3.28 (0.52 periods), wall: 2.103 minutes, Δt:   5.93, CFL: 9.00e-01
i:  13300, t:   33393.9 s, ωt:   3.34 (0.53 periods), wall: 2.117 minutes, Δt:   6.46, CFL: 9.00e-01
i:  13400, t:   33997.3 s, ωt:   3.40 (0.54 periods), wall: 2.129 minutes, Δt:   5.46, CFL: 9.00e-01
i:  13500, t:   34536.8 s, ωt:   3.45 (0.55 periods), wall: 2.140 minutes, Δt:   4.77, CFL: 9.00e-01
i:  13600, t:   35016.9 s, ωt:   3.50 (0.56 periods), wall: 2.153 minutes, Δt:   3.89, CFL: 9.00e-01
i:  13700, t:   35425.8 s, ωt:   3.54 (0.56 periods), wall: 2.163 minutes, Δt:   3.97, CFL: 9.00e-01
i:  13800, t:   35795.8 s, ωt:   3.58 (0.57 periods), wall: 2.174 minutes, Δt:   3.71, CFL: 9.00e-01
i:  13900, t:   36157.9 s, ωt:   3.62 (0.58 periods), wall: 2.187 minutes, Δt:   3.61, CFL: 9.00e-01
i:  14000, t:   36474.9 s, ωt:   3.65 (0.58 periods), wall: 2.198 minutes, Δt:   2.67, CFL: 9.00e-01
i:  14100, t:   36762.0 s, ωt:   3.68 (0.59 periods), wall: 2.210 minutes, Δt:   3.21, CFL: 8.97e-01
i:  14200, t:   37040.2 s, ωt:   3.70 (0.59 periods), wall: 2.220 minutes, Δt:   2.84, CFL: 9.00e-01
i:  14300, t:   37312.3 s, ωt:   3.73 (0.59 periods), wall: 2.232 minutes, Δt:   2.88, CFL: 9.00e-01
i:  14400, t:   37593.6 s, ωt:   3.76 (0.60 periods), wall: 2.243 minutes, Δt:   2.72, CFL: 9.00e-01
i:  14500, t:   37851.6 s, ωt:   3.79 (0.60 periods), wall: 2.254 minutes, Δt:   2.79, CFL: 9.00e-01
i:  14600, t:   38107.9 s, ωt:   3.81 (0.61 periods), wall: 2.265 minutes, Δt:   2.36, CFL: 9.00e-01
i:  14700, t:   38343.4 s, ωt:   3.83 (0.61 periods), wall: 2.278 minutes, Δt:   2.44, CFL: 9.00e-01
i:  14800, t:   38581.7 s, ωt:   3.86 (0.61 periods), wall: 2.288 minutes, Δt:   2.50, CFL: 9.00e-01
i:  14900, t:   38817.2 s, ωt:   3.88 (0.62 periods), wall: 2.300 minutes, Δt:   2.35, CFL: 9.00e-01
i:  15000, t:   39058.6 s, ωt:   3.91 (0.62 periods), wall: 2.311 minutes, Δt:   2.43, CFL: 9.00e-01
i:  15100, t:   39271.7 s, ωt:   3.93 (0.63 periods), wall: 2.323 minutes, Δt:   1.83, CFL: 9.00e-01
i:  15200, t:   39494.6 s, ωt:   3.95 (0.63 periods), wall: 2.333 minutes, Δt:   2.02, CFL: 9.00e-01
i:  15300, t:   39719.3 s, ωt:   3.97 (0.63 periods), wall: 2.344 minutes, Δt:   2.23, CFL: 9.00e-01
i:  15400, t:   39918.2 s, ωt:   3.99 (0.64 periods), wall: 2.356 minutes, Δt:   2.13, CFL: 9.00e-01
i:  15500, t:   40138.7 s, ωt:   4.01 (0.64 periods), wall: 2.366 minutes, Δt:   2.48, CFL: 9.00e-01
i:  15600, t:   40355.2 s, ωt:   4.04 (0.64 periods), wall: 2.378 minutes, Δt:   2.08, CFL: 9.00e-01
i:  15700, t:   40559.2 s, ωt:   4.06 (0.65 periods), wall: 2.390 minutes, Δt:   1.69, CFL: 9.00e-01
i:  15800, t:   40751.1 s, ωt:   4.08 (0.65 periods), wall: 2.400 minutes, Δt:   1.94, CFL: 9.00e-01
i:  15900, t:   40949.4 s, ωt:   4.09 (0.65 periods), wall: 2.429 minutes, Δt:   1.94, CFL: 9.00e-01
i:  16000, t:   41136.0 s, ωt:   4.11 (0.65 periods), wall: 2.439 minutes, Δt:   1.57, CFL: 9.00e-01
i:  16100, t:   41299.8 s, ωt:   4.13 (0.66 periods), wall: 2.451 minutes, Δt:   1.58, CFL: 9.00e-01
i:  16200, t:   41478.4 s, ωt:   4.15 (0.66 periods), wall: 2.463 minutes, Δt:   1.87, CFL: 8.72e-01
i:  16300, t:   41665.3 s, ωt:   4.17 (0.66 periods), wall: 2.472 minutes, Δt:   1.74, CFL: 9.00e-01
i:  16400, t:   41850.7 s, ωt:   4.19 (0.67 periods), wall: 2.485 minutes, Δt:   1.89, CFL: 9.00e-01
i:  16500, t:   42033.3 s, ωt:   4.20 (0.67 periods), wall: 2.495 minutes, Δt:   1.87, CFL: 9.00e-01
i:  16600, t:   42217.1 s, ωt:   4.22 (0.67 periods), wall: 2.506 minutes, Δt:   1.80, CFL: 9.00e-01
i:  16700, t:   42399.9 s, ωt:   4.24 (0.67 periods), wall: 2.516 minutes, Δt:   1.86, CFL: 9.00e-01
i:  16800, t:   42576.7 s, ωt:   4.26 (0.68 periods), wall: 2.527 minutes, Δt:   1.82, CFL: 9.00e-01
i:  16900, t:   42763.7 s, ωt:   4.28 (0.68 periods), wall: 2.543 minutes, Δt:   2.07, CFL: 9.00e-01
i:  17000, t:   42955.1 s, ωt:   4.30 (0.68 periods), wall: 2.553 minutes, Δt:   1.57, CFL: 9.00e-01
i:  17100, t:   43121.6 s, ωt:   4.31 (0.69 periods), wall: 2.565 minutes, Δt:   1.82, CFL: 9.00e-01
i:  17200, t:   43304.4 s, ωt:   4.33 (0.69 periods), wall: 2.575 minutes, Δt:   1.82, CFL: 9.00e-01
i:  17300, t:   43478.2 s, ωt:   4.35 (0.69 periods), wall: 2.586 minutes, Δt:   1.71, CFL: 9.00e-01
i:  17400, t:   43634.4 s, ωt:   4.36 (0.69 periods), wall: 2.596 minutes, Δt:   1.31, CFL: 9.00e-01
i:  17500, t:   43791.1 s, ωt:   4.38 (0.70 periods), wall: 2.607 minutes, Δt:   1.76, CFL: 9.00e-01
i:  17600, t:   43965.3 s, ωt:   4.40 (0.70 periods), wall: 2.617 minutes, Δt:   1.65, CFL: 9.00e-01
i:  17700, t:   44136.4 s, ωt:   4.41 (0.70 periods), wall: 2.628 minutes, Δt:   1.61, CFL: 9.00e-01
i:  17800, t:   44307.5 s, ωt:   4.43 (0.71 periods), wall: 2.644 minutes, Δt:   1.69, CFL: 9.00e-01
i:  17900, t:   44477.9 s, ωt:   4.45 (0.71 periods), wall: 2.654 minutes, Δt:   1.85, CFL: 9.00e-01
i:  18000, t:   44645.6 s, ωt:   4.46 (0.71 periods), wall: 2.668 minutes, Δt:   1.68, CFL: 9.00e-01
i:  18100, t:   44794.8 s, ωt:   4.48 (0.71 periods), wall: 2.677 minutes, Δt:   1.37, CFL: 9.00e-01
i:  18200, t:   44959.3 s, ωt:   4.50 (0.72 periods), wall: 2.688 minutes, Δt:   1.68, CFL: 9.00e-01
i:  18300, t:   45131.1 s, ωt:   4.51 (0.72 periods), wall: 2.698 minutes, Δt:   1.63, CFL: 9.00e-01
i:  18400, t:   45278.0 s, ωt:   4.53 (0.72 periods), wall: 2.710 minutes, Δt:   1.50, CFL: 9.00e-01
i:  18500, t:   45435.0 s, ωt:   4.54 (0.72 periods), wall: 2.720 minutes, Δt:   1.51, CFL: 9.00e-01
i:  18600, t:   45592.1 s, ωt:   4.56 (0.73 periods), wall: 2.731 minutes, Δt:   1.58, CFL: 9.00e-01
i:  18700, t:   45768.3 s, ωt:   4.58 (0.73 periods), wall: 2.741 minutes, Δt:   1.78, CFL: 9.00e-01
i:  18800, t:   45940.6 s, ωt:   4.59 (0.73 periods), wall: 2.752 minutes, Δt:   1.50, CFL: 9.00e-01
i:  18900, t:   46108.5 s, ωt:   4.61 (0.73 periods), wall: 2.762 minutes, Δt:   1.71, CFL: 9.00e-01
i:  19000, t:   46273.8 s, ωt:   4.63 (0.74 periods), wall: 2.773 minutes, Δt:   1.64, CFL: 9.00e-01
i:  19100, t:   46445.7 s, ωt:   4.64 (0.74 periods), wall: 2.783 minutes, Δt:   1.82, CFL: 9.00e-01
i:  19200, t:   46621.1 s, ωt:   4.66 (0.74 periods), wall: 2.796 minutes, Δt:   1.67, CFL: 9.00e-01
i:  19300, t:   46783.7 s, ωt:   4.68 (0.74 periods), wall: 2.806 minutes, Δt:   1.79, CFL: 9.00e-01
i:  19400, t:   46940.1 s, ωt:   4.69 (0.75 periods), wall: 2.817 minutes, Δt:   1.59, CFL: 9.00e-01
i:  19500, t:   47101.1 s, ωt:   4.71 (0.75 periods), wall: 2.827 minutes, Δt:   1.69, CFL: 9.00e-01
i:  19600, t:   47268.7 s, ωt:   4.73 (0.75 periods), wall: 2.838 minutes, Δt:   1.53, CFL: 9.00e-01
i:  19700, t:   47435.0 s, ωt:   4.74 (0.75 periods), wall: 2.848 minutes, Δt:   1.65, CFL: 9.00e-01
i:  19800, t:   47604.3 s, ωt:   4.76 (0.76 periods), wall: 2.859 minutes, Δt:   1.55, CFL: 9.00e-01
i:  19900, t:   47763.6 s, ωt:   4.78 (0.76 periods), wall: 2.874 minutes, Δt:   1.85, CFL: 9.00e-01
i:  20000, t:   47919.5 s, ωt:   4.79 (0.76 periods), wall: 2.884 minutes, Δt:   1.31, CFL: 9.00e-01
i:  20100, t:   48083.6 s, ωt:   4.81 (0.77 periods), wall: 2.895 minutes, Δt:   1.77, CFL: 9.00e-01
i:  20200, t:   48242.8 s, ωt:   4.82 (0.77 periods), wall: 2.905 minutes, Δt:   1.70, CFL: 9.00e-01
i:  20300, t:   48401.9 s, ωt:   4.84 (0.77 periods), wall: 2.921 minutes, Δt:   1.50, CFL: 9.00e-01
i:  20400, t:   48555.4 s, ωt:   4.86 (0.77 periods), wall: 2.931 minutes, Δt:   1.60, CFL: 9.00e-01
i:  20500, t:   48725.0 s, ωt:   4.87 (0.78 periods), wall: 2.943 minutes, Δt:   1.58, CFL: 9.00e-01
i:  20600, t:   48895.9 s, ωt:   4.89 (0.78 periods), wall: 2.953 minutes, Δt:   1.83, CFL: 9.00e-01
i:  20700, t:   49071.1 s, ωt:   4.91 (0.78 periods), wall: 2.965 minutes, Δt:   1.58, CFL: 9.00e-01
i:  20800, t:   49227.7 s, ωt:   4.92 (0.78 periods), wall: 2.975 minutes, Δt:   1.28, CFL: 9.00e-01
i:  20900, t:   49383.0 s, ωt:   4.94 (0.79 periods), wall: 2.989 minutes, Δt:   1.53, CFL: 9.00e-01
i:  21000, t:   49549.2 s, ωt:   4.95 (0.79 periods), wall: 2.999 minutes, Δt:   1.71, CFL: 9.00e-01
i:  21100, t:   49712.3 s, ωt:   4.97 (0.79 periods), wall: 3.010 minutes, Δt:   1.95, CFL: 9.00e-01
i:  21200, t:   49890.9 s, ωt:   4.99 (0.79 periods), wall: 3.020 minutes, Δt:   1.65, CFL: 9.00e-01
i:  21300, t:   50061.8 s, ωt:   5.01 (0.80 periods), wall: 3.031 minutes, Δt:   1.92, CFL: 9.00e-01
i:  21400, t:   50250.3 s, ωt:   5.03 (0.80 periods), wall: 3.041 minutes, Δt:   1.81, CFL: 9.00e-01
i:  21500, t:   50423.5 s, ωt:   5.04 (0.80 periods), wall: 3.053 minutes, Δt:   1.71, CFL: 9.00e-01
i:  21600, t:   50606.2 s, ωt:   5.06 (0.81 periods), wall: 3.064 minutes, Δt:   1.93, CFL: 9.00e-01
i:  21700, t:   50798.3 s, ωt:   5.08 (0.81 periods), wall: 3.074 minutes, Δt:   1.70, CFL: 9.00e-01
i:  21800, t:   50980.5 s, ωt:   5.10 (0.81 periods), wall: 3.085 minutes, Δt:   1.86, CFL: 9.00e-01
i:  21900, t:   51150.5 s, ωt:   5.12 (0.81 periods), wall: 3.096 minutes, Δt:   1.54, CFL: 9.00e-01
i:  22000, t:   51307.7 s, ωt:   5.13 (0.82 periods), wall: 3.108 minutes, Δt:   2.09, CFL: 9.00e-01
i:  22100, t:   51502.5 s, ωt:   5.15 (0.82 periods), wall: 3.117 minutes, Δt:   1.62, CFL: 9.00e-01
i:  22200, t:   51680.3 s, ωt:   5.17 (0.82 periods), wall: 3.128 minutes, Δt:   1.92, CFL: 9.00e-01
i:  22300, t:   51863.6 s, ωt:   5.19 (0.83 periods), wall: 3.138 minutes, Δt:   1.99, CFL: 9.00e-01
i:  22400, t:   52056.7 s, ωt:   5.21 (0.83 periods), wall: 3.148 minutes, Δt:   2.06, CFL: 9.00e-01
i:  22500, t:   52239.2 s, ωt:   5.22 (0.83 periods), wall: 3.159 minutes, Δt:   1.81, CFL: 9.00e-01
i:  22600, t:   52395.0 s, ωt:   5.24 (0.83 periods), wall: 3.168 minutes, Δt:   1.79, CFL: 9.00e-01
i:  22700, t:   52577.9 s, ωt:   5.26 (0.84 periods), wall: 3.178 minutes, Δt:   1.97, CFL: 9.00e-01
i:  22800, t:   52769.9 s, ωt:   5.28 (0.84 periods), wall: 3.187 minutes, Δt:   2.14, CFL: 9.00e-01
i:  22900, t:   52960.7 s, ωt:   5.30 (0.84 periods), wall: 3.202 minutes, Δt:   1.79, CFL: 9.00e-01
i:  23000, t:   53156.6 s, ωt:   5.32 (0.85 periods), wall: 3.220 minutes, Δt:   1.95, CFL: 9.00e-01
i:  23100, t:   53359.4 s, ωt:   5.34 (0.85 periods), wall: 3.229 minutes, Δt:   2.01, CFL: 9.00e-01
i:  23200, t:   53565.8 s, ωt:   5.36 (0.85 periods), wall: 3.240 minutes, Δt:   2.03, CFL: 9.00e-01
i:  23300, t:   53756.9 s, ωt:   5.38 (0.86 periods), wall: 3.250 minutes, Δt:   2.14, CFL: 9.00e-01
i:  23400, t:   53966.5 s, ωt:   5.40 (0.86 periods), wall: 3.259 minutes, Δt:   1.94, CFL: 9.00e-01
i:  23500, t:   54166.2 s, ωt:   5.42 (0.86 periods), wall: 3.269 minutes, Δt:   1.89, CFL: 9.00e-01
i:  23600, t:   54355.3 s, ωt:   5.44 (0.87 periods), wall: 3.279 minutes, Δt:   1.90, CFL: 9.00e-01
i:  23700, t:   54541.3 s, ωt:   5.45 (0.87 periods), wall: 3.288 minutes, Δt:   1.85, CFL: 9.00e-01
i:  23800, t:   54746.4 s, ωt:   5.47 (0.87 periods), wall: 3.298 minutes, Δt:   2.24, CFL: 9.00e-01
i:  23900, t:   54948.1 s, ωt:   5.49 (0.87 periods), wall: 3.308 minutes, Δt:   1.76, CFL: 9.00e-01
i:  24000, t:   55163.9 s, ωt:   5.52 (0.88 periods), wall: 3.321 minutes, Δt:   2.29, CFL: 9.00e-01
i:  24100, t:   55396.2 s, ωt:   5.54 (0.88 periods), wall: 3.332 minutes, Δt:   2.28, CFL: 9.00e-01
i:  24200, t:   55633.0 s, ωt:   5.56 (0.89 periods), wall: 3.343 minutes, Δt:   2.13, CFL: 9.00e-01
i:  24300, t:   55863.0 s, ωt:   5.59 (0.89 periods), wall: 3.352 minutes, Δt:   2.05, CFL: 9.00e-01
i:  24400, t:   56073.1 s, ωt:   5.61 (0.89 periods), wall: 3.362 minutes, Δt:   2.28, CFL: 9.00e-01
i:  24500, t:   56300.0 s, ωt:   5.63 (0.90 periods), wall: 3.372 minutes, Δt:   2.72, CFL: 9.00e-01
i:  24600, t:   56572.0 s, ωt:   5.66 (0.90 periods), wall: 3.383 minutes, Δt:   2.16, CFL: 9.00e-01
i:  24700, t:   56831.5 s, ωt:   5.68 (0.90 periods), wall: 3.393 minutes, Δt:   2.52, CFL: 9.00e-01
i:  24800, t:   57098.3 s, ωt:   5.71 (0.91 periods), wall: 3.403 minutes, Δt:   2.57, CFL: 9.00e-01
i:  24900, t:   57391.5 s, ωt:   5.74 (0.91 periods), wall: 3.413 minutes, Δt:   2.77, CFL: 9.00e-01
i:  25000, t:   57660.3 s, ωt:   5.77 (0.92 periods), wall: 3.424 minutes, Δt:   2.72, CFL: 9.00e-01
i:  25100, t:   57952.0 s, ωt:   5.80 (0.92 periods), wall: 3.434 minutes, Δt:   2.87, CFL: 9.00e-01
i:  25200, t:   58246.9 s, ωt:   5.82 (0.93 periods), wall: 3.444 minutes, Δt:   3.26, CFL: 9.00e-01
i:  25300, t:   58579.0 s, ωt:   5.86 (0.93 periods), wall: 3.454 minutes, Δt:   3.34, CFL: 9.00e-01
i:  25400, t:   58869.4 s, ωt:   5.89 (0.94 periods), wall: 3.466 minutes, Δt:   3.23, CFL: 9.00e-01
i:  25500, t:   59224.1 s, ωt:   5.92 (0.94 periods), wall: 3.476 minutes, Δt:   2.86, CFL: 9.00e-01
i:  25600, t:   59574.0 s, ωt:   5.96 (0.95 periods), wall: 3.487 minutes, Δt:   3.89, CFL: 9.00e-01
i:  25700, t:   60020.3 s, ωt:   6.00 (0.96 periods), wall: 3.498 minutes, Δt:   4.67, CFL: 9.00e-01
i:  25800, t:   60472.5 s, ωt:   6.05 (0.96 periods), wall: 3.508 minutes, Δt:   4.02, CFL: 9.00e-01
i:  25900, t:   60878.8 s, ωt:   6.09 (0.97 periods), wall: 3.528 minutes, Δt:   3.71, CFL: 9.00e-01
i:  26000, t:   61340.5 s, ωt:   6.13 (0.98 periods), wall: 3.539 minutes, Δt:   6.11, CFL: 9.00e-01
i:  26100, t:   61950.8 s, ωt:   6.20 (0.99 periods), wall: 3.550 minutes, Δt:   6.76, CFL: 9.00e-01
i:  26200, t:   62622.2 s, ωt:   6.26 (1.00 periods), wall: 3.561 minutes, Δt:   6.48, CFL: 9.00e-01
i:  26300, t:   63283.6 s, ωt:   6.33 (1.01 periods), wall: 3.584 minutes, Δt:   7.26, CFL: 9.00e-01
i:  26400, t:   63968.7 s, ωt:   6.40 (1.02 periods), wall: 3.595 minutes, Δt:   6.92, CFL: 9.00e-01
i:  26500, t:   64638.9 s, ωt:   6.46 (1.03 periods), wall: 3.607 minutes, Δt:   6.13, CFL: 9.00e-01
i:  26600, t:   65229.9 s, ωt:   6.52 (1.04 periods), wall: 3.619 minutes, Δt:   5.11, CFL: 9.00e-01
i:  26700, t:   65711.0 s, ωt:   6.57 (1.05 periods), wall: 3.630 minutes, Δt:   4.75, CFL: 9.00e-01
i:  26800, t:   66197.3 s, ωt:   6.62 (1.05 periods), wall: 3.641 minutes, Δt:   4.54, CFL: 9.00e-01
i:  26900, t:   66646.2 s, ωt:   6.66 (1.06 periods), wall: 3.652 minutes, Δt:   4.55, CFL: 9.00e-01
i:  27000, t:   67034.0 s, ωt:   6.70 (1.07 periods), wall: 3.662 minutes, Δt:   3.64, CFL: 9.00e-01
i:  27100, t:   67395.2 s, ωt:   6.74 (1.07 periods), wall: 3.672 minutes, Δt:   3.67, CFL: 9.00e-01
i:  27200, t:   67729.5 s, ωt:   6.77 (1.08 periods), wall: 3.683 minutes, Δt:   3.32, CFL: 9.00e-01
i:  27300, t:   68043.8 s, ωt:   6.80 (1.08 periods), wall: 3.693 minutes, Δt:   2.88, CFL: 9.00e-01
i:  27400, t:   68331.0 s, ωt:   6.83 (1.09 periods), wall: 3.703 minutes, Δt:   3.12, CFL: 9.00e-01
i:  27500, t:   68610.7 s, ωt:   6.86 (1.09 periods), wall: 3.713 minutes, Δt:   3.09, CFL: 9.00e-01
i:  27600, t:   68889.4 s, ωt:   6.89 (1.10 periods), wall: 3.723 minutes, Δt:   2.75, CFL: 9.00e-01
i:  27700, t:   69137.9 s, ωt:   6.91 (1.10 periods), wall: 3.733 minutes, Δt:   2.14, CFL: 9.00e-01
i:  27800, t:   69389.6 s, ωt:   6.94 (1.10 periods), wall: 3.743 minutes, Δt:   2.02, CFL: 9.00e-01
i:  27900, t:   69597.0 s, ωt:   6.96 (1.11 periods), wall: 3.754 minutes, Δt:   2.62, CFL: 9.00e-01
i:  28000, t:   69847.8 s, ωt:   6.98 (1.11 periods), wall: 3.764 minutes, Δt:   2.41, CFL: 9.00e-01
i:  28100, t:   70050.2 s, ωt:   7.01 (1.11 periods), wall: 3.773 minutes, Δt:   2.06, CFL: 9.00e-01
i:  28200, t:   70266.8 s, ωt:   7.03 (1.12 periods), wall: 3.783 minutes, Δt:   2.18, CFL: 9.00e-01
i:  28300, t:   70494.6 s, ωt:   7.05 (1.12 periods), wall: 3.793 minutes, Δt:   2.26, CFL: 9.00e-01
i:  28400, t:   70716.1 s, ωt:   7.07 (1.13 periods), wall: 3.804 minutes, Δt:   2.25, CFL: 9.00e-01
i:  28500, t:   70941.4 s, ωt:   7.09 (1.13 periods), wall: 3.813 minutes, Δt:   1.99, CFL: 9.00e-01
i:  28600, t:   71158.8 s, ωt:   7.12 (1.13 periods), wall: 3.823 minutes, Δt:   2.03, CFL: 9.00e-01
i:  28700, t:   71386.6 s, ωt:   7.14 (1.14 periods), wall: 3.834 minutes, Δt:   2.38, CFL: 9.00e-01
i:  28800, t:   71607.5 s, ωt:   7.16 (1.14 periods), wall: 3.843 minutes, Δt:   1.95, CFL: 9.00e-01
i:  28900, t:   71802.1 s, ωt:   7.18 (1.14 periods), wall: 3.853 minutes, Δt:   1.80, CFL: 9.00e-01
i:  29000, t:   71998.6 s, ωt:   7.20 (1.15 periods), wall: 3.863 minutes, Δt:   2.24, CFL: 9.00e-01
i:  29100, t:   72206.3 s, ωt:   7.22 (1.15 periods), wall: 3.872 minutes, Δt:   2.24, CFL: 9.00e-01
i:  29200, t:   72422.8 s, ωt:   7.24 (1.15 periods), wall: 3.883 minutes, Δt:   1.90, CFL: 9.00e-01
i:  29300, t:   72630.1 s, ωt:   7.26 (1.16 periods), wall: 3.893 minutes, Δt:   2.11, CFL: 9.00e-01
i:  29400, t:   72815.8 s, ωt:   7.28 (1.16 periods), wall: 3.902 minutes, Δt:   1.63, CFL: 9.00e-01
i:  29500, t:   73010.5 s, ωt:   7.30 (1.16 periods), wall: 3.912 minutes, Δt:   2.18, CFL: 9.00e-01
i:  29600, t:   73203.0 s, ωt:   7.32 (1.17 periods), wall: 3.924 minutes, Δt:   1.81, CFL: 9.00e-01
i:  29700, t:   73378.3 s, ωt:   7.34 (1.17 periods), wall: 3.933 minutes, Δt:   1.73, CFL: 9.00e-01
i:  29800, t:   73564.2 s, ωt:   7.36 (1.17 periods), wall: 3.943 minutes, Δt:   1.86, CFL: 9.00e-01
i:  29900, t:   73758.7 s, ωt:   7.38 (1.17 periods), wall: 3.952 minutes, Δt:   1.82, CFL: 9.00e-01
i:  30000, t:   73945.5 s, ωt:   7.39 (1.18 periods), wall: 3.962 minutes, Δt:   1.88, CFL: 9.00e-01
i:  30100, t:   74138.8 s, ωt:   7.41 (1.18 periods), wall: 3.971 minutes, Δt:   1.98, CFL: 9.00e-01
i:  30200, t:   74328.1 s, ωt:   7.43 (1.18 periods), wall: 3.982 minutes, Δt:   1.81, CFL: 9.00e-01
i:  30300, t:   74506.2 s, ωt:   7.45 (1.19 periods), wall: 3.992 minutes, Δt:   1.76, CFL: 9.00e-01
i:  30400, t:   74683.5 s, ωt:   7.47 (1.19 periods), wall: 4.001 minutes, Δt:   1.82, CFL: 9.00e-01
i:  30500, t:   74868.0 s, ωt:   7.49 (1.19 periods), wall: 4.011 minutes, Δt:   2.06, CFL: 9.00e-01
i:  30600, t:   75051.5 s, ωt:   7.51 (1.19 periods), wall: 4.020 minutes, Δt:   1.78, CFL: 9.00e-01
i:  30700, t:   75233.2 s, ωt:   7.52 (1.20 periods), wall: 4.030 minutes, Δt:   1.84, CFL: 9.00e-01
i:  30800, t:   75408.6 s, ωt:   7.54 (1.20 periods), wall: 4.043 minutes, Δt:   1.78, CFL: 9.00e-01
i:  30900, t:   75589.8 s, ωt:   7.56 (1.20 periods), wall: 4.052 minutes, Δt:   1.72, CFL: 9.00e-01
i:  31000, t:   75773.7 s, ωt:   7.58 (1.21 periods), wall: 4.062 minutes, Δt:   1.91, CFL: 9.00e-01
i:  31100, t:   75944.5 s, ωt:   7.59 (1.21 periods), wall: 4.072 minutes, Δt:   1.81, CFL: 9.00e-01
i:  31200, t:   76125.8 s, ωt:   7.61 (1.21 periods), wall: 4.082 minutes, Δt:   1.87, CFL: 9.00e-01
i:  31300, t:   76305.6 s, ωt:   7.63 (1.21 periods), wall: 4.091 minutes, Δt:   2.03, CFL: 9.00e-01
i:  31400, t:   76484.9 s, ωt:   7.65 (1.22 periods), wall: 4.101 minutes, Δt:   1.75, CFL: 9.00e-01
i:  31500, t:   76654.9 s, ωt:   7.67 (1.22 periods), wall: 4.110 minutes, Δt:   1.77, CFL: 9.00e-01
i:  31600, t:   76825.8 s, ωt:   7.68 (1.22 periods), wall: 4.131 minutes, Δt:   1.79, CFL: 9.00e-01
i:  31700, t:   77003.9 s, ωt:   7.70 (1.23 periods), wall: 4.141 minutes, Δt:   1.77, CFL: 9.00e-01
i:  31800, t:   77173.8 s, ωt:   7.72 (1.23 periods), wall: 4.151 minutes, Δt:   1.82, CFL: 9.00e-01
i:  31900, t:   77331.4 s, ωt:   7.73 (1.23 periods), wall: 4.161 minutes, Δt:   1.65, CFL: 9.00e-01
i:  32000, t:   77481.5 s, ωt:   7.75 (1.23 periods), wall: 4.170 minutes, Δt:   1.75, CFL: 9.00e-01
i:  32100, t:   77659.1 s, ωt:   7.77 (1.24 periods), wall: 4.180 minutes, Δt:   1.76, CFL: 9.00e-01
i:  32200, t:   77827.9 s, ωt:   7.78 (1.24 periods), wall: 4.189 minutes, Δt:   1.57, CFL: 9.00e-01
i:  32300, t:   77989.4 s, ωt:   7.80 (1.24 periods), wall: 4.200 minutes, Δt:   1.75, CFL: 9.00e-01
i:  32400, t:   78154.3 s, ωt:   7.82 (1.24 periods), wall: 4.209 minutes, Δt:   1.81, CFL: 9.00e-01
i:  32500, t:   78322.6 s, ωt:   7.83 (1.25 periods), wall: 4.219 minutes, Δt:   1.51, CFL: 9.00e-01
i:  32600, t:   78482.8 s, ωt:   7.85 (1.25 periods), wall: 4.229 minutes, Δt:   1.68, CFL: 9.00e-01
i:  32700, t:   78648.0 s, ωt:   7.86 (1.25 periods), wall: 4.240 minutes, Δt:   1.67, CFL: 9.00e-01
i:  32800, t:   78807.0 s, ωt:   7.88 (1.25 periods), wall: 4.249 minutes, Δt:   1.50, CFL: 9.00e-01
i:  32900, t:   78978.4 s, ωt:   7.90 (1.26 periods), wall: 4.266 minutes, Δt:   1.79, CFL: 9.00e-01
i:  33000, t:   79148.0 s, ωt:   7.91 (1.26 periods), wall: 4.275 minutes, Δt:   1.80, CFL: 9.00e-01
i:  33100, t:   79317.4 s, ωt:   7.93 (1.26 periods), wall: 4.285 minutes, Δt:   1.62, CFL: 9.00e-01
i:  33200, t:   79476.4 s, ωt:   7.95 (1.26 periods), wall: 4.294 minutes, Δt:   1.38, CFL: 9.00e-01
i:  33300, t:   79636.6 s, ωt:   7.96 (1.27 periods), wall: 4.304 minutes, Δt:   1.60, CFL: 9.00e-01
i:  33400, t:   79815.0 s, ωt:   7.98 (1.27 periods), wall: 4.315 minutes, Δt:   1.93, CFL: 9.00e-01
i:  33500, t:   80004.9 s, ωt:   8.00 (1.27 periods), wall: 4.324 minutes, Δt:   1.69, CFL: 9.00e-01
i:  33600, t:   80165.2 s, ωt:   8.02 (1.28 periods), wall: 4.335 minutes, Δt:   1.92, CFL: 9.00e-01
i:  33700, t:   80353.4 s, ωt:   8.04 (1.28 periods), wall: 4.344 minutes, Δt:   1.84, CFL: 9.00e-01
i:  33800, t:   80535.0 s, ωt:   8.05 (1.28 periods), wall: 4.354 minutes, Δt:   1.78, CFL: 9.00e-01
i:  33900, t:   80716.9 s, ωt:   8.07 (1.28 periods), wall: 4.363 minutes, Δt:   1.97, CFL: 9.00e-01
i:  34000, t:   80899.3 s, ωt:   8.09 (1.29 periods), wall: 4.373 minutes, Δt:   2.05, CFL: 9.00e-01
i:  34100, t:   81079.1 s, ωt:   8.11 (1.29 periods), wall: 4.384 minutes, Δt:   2.01, CFL: 9.00e-01
i:  34200, t:   81267.8 s, ωt:   8.13 (1.29 periods), wall: 4.393 minutes, Δt:   1.51, CFL: 9.00e-01
i:  34300, t:   81437.0 s, ωt:   8.14 (1.30 periods), wall: 4.403 minutes, Δt:   1.90, CFL: 9.00e-01
i:  34400, t:   81617.1 s, ωt:   8.16 (1.30 periods), wall: 4.412 minutes, Δt:   1.84, CFL: 9.00e-01
i:  34500, t:   81799.0 s, ωt:   8.18 (1.30 periods), wall: 4.423 minutes, Δt:   1.91, CFL: 9.00e-01
i:  34600, t:   81979.2 s, ωt:   8.20 (1.30 periods), wall: 4.432 minutes, Δt:   1.60, CFL: 9.00e-01
i:  34700, t:   82149.9 s, ωt:   8.21 (1.31 periods), wall: 4.445 minutes, Δt:   1.96, CFL: 9.00e-01
i:  34800, t:   82340.7 s, ωt:   8.23 (1.31 periods), wall: 4.456 minutes, Δt:   1.92, CFL: 9.00e-01
i:  34900, t:   82524.7 s, ωt:   8.25 (1.31 periods), wall: 4.465 minutes, Δt:   1.87, CFL: 9.00e-01
i:  35000, t:   82722.0 s, ωt:   8.27 (1.32 periods), wall: 4.475 minutes, Δt:   1.91, CFL: 9.00e-01
i:  35100, t:   82906.7 s, ωt:   8.29 (1.32 periods), wall: 4.484 minutes, Δt:   1.69, CFL: 9.00e-01
i:  35200, t:   83094.5 s, ωt:   8.31 (1.32 periods), wall: 4.495 minutes, Δt:   2.00, CFL: 9.00e-01
i:  35300, t:   83280.2 s, ωt:   8.33 (1.33 periods), wall: 4.506 minutes, Δt:   1.64, CFL: 9.00e-01
i:  35400, t:   83466.4 s, ωt:   8.35 (1.33 periods), wall: 4.515 minutes, Δt:   1.90, CFL: 9.00e-01
i:  35500, t:   83646.5 s, ωt:   8.36 (1.33 periods), wall: 4.526 minutes, Δt:   2.04, CFL: 9.00e-01
i:  35600, t:   83847.6 s, ωt:   8.38 (1.33 periods), wall: 4.535 minutes, Δt:   1.89, CFL: 9.00e-01
i:  35700, t:   84053.2 s, ωt:   8.41 (1.34 periods), wall: 4.546 minutes, Δt:   1.80, CFL: 9.00e-01
i:  35800, t:   84248.3 s, ωt:   8.42 (1.34 periods), wall: 4.557 minutes, Δt:   1.92, CFL: 9.00e-01
i:  35900, t:   84434.4 s, ωt:   8.44 (1.34 periods), wall: 4.567 minutes, Δt:   1.80, CFL: 9.00e-01
i:  36000, t:   84622.5 s, ωt:   8.46 (1.35 periods), wall: 4.578 minutes, Δt:   1.89, CFL: 9.00e-01
i:  36100, t:   84827.2 s, ωt:   8.48 (1.35 periods), wall: 4.589 minutes, Δt:   2.25, CFL: 9.00e-01
i:  36200, t:   85036.9 s, ωt:   8.50 (1.35 periods), wall: 4.599 minutes, Δt:   2.10, CFL: 9.00e-01
i:  36300, t:   85256.7 s, ωt:   8.53 (1.36 periods), wall: 4.611 minutes, Δt:   2.38, CFL: 9.00e-01
i:  36400, t:   85482.6 s, ωt:   8.55 (1.36 periods), wall: 4.623 minutes, Δt:   2.29, CFL: 9.00e-01
i:  36500, t:   85715.9 s, ωt:   8.57 (1.36 periods), wall: 4.632 minutes, Δt:   2.62, CFL: 9.00e-01
i:  36600, t:   85918.9 s, ωt:   8.59 (1.37 periods), wall: 4.643 minutes, Δt:   1.64, CFL: 9.00e-01
i:  36700, t:   86103.3 s, ωt:   8.61 (1.37 periods), wall: 4.654 minutes, Δt:   2.15, CFL: 9.00e-01
i:  36800, t:   86317.6 s, ωt:   8.63 (1.37 periods), wall: 4.664 minutes, Δt:   2.78, CFL: 9.00e-01
i:  36900, t:   86566.3 s, ωt:   8.66 (1.38 periods), wall: 4.676 minutes, Δt:   2.42, CFL: 9.00e-01
i:  37000, t:   86809.8 s, ωt:   8.68 (1.38 periods), wall: 4.686 minutes, Δt:   2.24, CFL: 9.00e-01
i:  37100, t:   87010.2 s, ωt:   8.70 (1.38 periods), wall: 4.695 minutes, Δt:   2.18, CFL: 9.00e-01
i:  37200, t:   87255.4 s, ωt:   8.73 (1.39 periods), wall: 4.706 minutes, Δt:   2.68, CFL: 9.00e-01
i:  37300, t:   87497.5 s, ωt:   8.75 (1.39 periods), wall: 4.716 minutes, Δt:   2.63, CFL: 9.00e-01
i:  37400, t:   87747.5 s, ωt:   8.77 (1.40 periods), wall: 4.726 minutes, Δt:   2.17, CFL: 9.00e-01
i:  37500, t:   87969.9 s, ωt:   8.80 (1.40 periods), wall: 4.737 minutes, Δt:   2.48, CFL: 9.00e-01
i:  37600, t:   88218.3 s, ωt:   8.82 (1.40 periods), wall: 4.746 minutes, Δt:   2.72, CFL: 9.00e-01
i:  37700, t:   88458.3 s, ωt:   8.85 (1.41 periods), wall: 4.756 minutes, Δt:   1.72, CFL: 9.00e-01
i:  37800, t:   88704.5 s, ωt:   8.87 (1.41 periods), wall: 4.767 minutes, Δt:   2.93, CFL: 9.00e-01
i:  37900, t:   88993.5 s, ωt:   8.90 (1.42 periods), wall: 4.777 minutes, Δt:   2.98, CFL: 9.00e-01
i:  38000, t:   89284.9 s, ωt:   8.93 (1.42 periods), wall: 4.788 minutes, Δt:   3.25, CFL: 9.00e-01
i:  38100, t:   89613.4 s, ωt:   8.96 (1.43 periods), wall: 4.802 minutes, Δt:   2.83, CFL: 9.00e-01
i:  38200, t:   89944.3 s, ωt:   8.99 (1.43 periods), wall: 4.812 minutes, Δt:   3.55, CFL: 9.00e-01
i:  38300, t:   90249.5 s, ωt:   9.02 (1.44 periods), wall: 4.824 minutes, Δt:   2.06, CFL: 9.00e-01
i:  38400, t:   90537.2 s, ωt:   9.05 (1.44 periods), wall: 4.834 minutes, Δt:   3.07, CFL: 9.00e-01
i:  38500, t:   90899.3 s, ωt:   9.09 (1.45 periods), wall: 4.845 minutes, Δt:   4.14, CFL: 9.00e-01
i:  38600, t:   91301.1 s, ωt:   9.13 (1.45 periods), wall: 4.855 minutes, Δt:   5.02, CFL: 9.00e-01
i:  38700, t:   91767.0 s, ωt:   9.18 (1.46 periods), wall: 4.869 minutes, Δt:   4.65, CFL: 9.00e-01
i:  38800, t:   92229.2 s, ωt:   9.22 (1.47 periods), wall: 4.879 minutes, Δt:   5.25, CFL: 9.00e-01
i:  38900, t:   92744.8 s, ωt:   9.27 (1.48 periods), wall: 4.893 minutes, Δt:   6.04, CFL: 9.00e-01
i:  39000, t:   93302.6 s, ωt:   9.33 (1.48 periods), wall: 4.903 minutes, Δt:   5.52, CFL: 9.00e-01
i:  39100, t:   93975.8 s, ωt:   9.40 (1.50 periods), wall: 4.916 minutes, Δt:   6.05, CFL: 9.00e-01
i:  39200, t:   94613.2 s, ωt:   9.46 (1.51 periods), wall: 4.940 minutes, Δt:   5.85, CFL: 9.00e-01
i:  39300, t:   95202.1 s, ωt:   9.52 (1.52 periods), wall: 4.952 minutes, Δt:   6.80, CFL: 9.00e-01
i:  39400, t:   95862.3 s, ωt:   9.59 (1.53 periods), wall: 4.963 minutes, Δt:   6.11, CFL: 9.00e-01
i:  39500, t:   96478.0 s, ωt:   9.65 (1.54 periods), wall: 4.977 minutes, Δt:   5.64, CFL: 9.00e-01
i:  39600, t:   97036.7 s, ωt:   9.70 (1.54 periods), wall: 4.987 minutes, Δt:   5.60, CFL: 9.00e-01
i:  39700, t:   97565.5 s, ωt:   9.76 (1.55 periods), wall: 5.000 minutes, Δt:   5.41, CFL: 9.00e-01
i:  39800, t:   98036.3 s, ωt:   9.80 (1.56 periods), wall: 5.011 minutes, Δt:   4.79, CFL: 9.00e-01
i:  39900, t:   98473.9 s, ωt:   9.85 (1.57 periods), wall: 5.022 minutes, Δt:   4.05, CFL: 9.00e-01
i:  40000, t:   98877.1 s, ωt:   9.89 (1.57 periods), wall: 5.032 minutes, Δt:   4.03, CFL: 9.00e-01
i:  40100, t:   99228.8 s, ωt:   9.92 (1.58 periods), wall: 5.043 minutes, Δt:   2.64, CFL: 9.00e-01
i:  40200, t:   99516.6 s, ωt:   9.95 (1.58 periods), wall: 5.053 minutes, Δt:   3.13, CFL: 9.00e-01
i:  40300, t:   99774.2 s, ωt:   9.98 (1.59 periods), wall: 5.064 minutes, Δt:   2.62, CFL: 9.00e-01
i:  40400, t:  100034.2 s, ωt:  10.00 (1.59 periods), wall: 5.076 minutes, Δt:   2.65, CFL: 9.00e-01
i:  40500, t:  100294.2 s, ωt:  10.03 (1.60 periods), wall: 5.086 minutes, Δt:   2.52, CFL: 9.00e-01
i:  40600, t:  100541.7 s, ωt:  10.05 (1.60 periods), wall: 5.097 minutes, Δt:   2.47, CFL: 9.00e-01
i:  40700, t:  100771.1 s, ωt:  10.08 (1.60 periods), wall: 5.106 minutes, Δt:   2.40, CFL: 9.00e-01
i:  40800, t:  101019.9 s, ωt:  10.10 (1.61 periods), wall: 5.116 minutes, Δt:   2.19, CFL: 9.00e-01
i:  40900, t:  101248.4 s, ωt:  10.12 (1.61 periods), wall: 5.128 minutes, Δt:   2.15, CFL: 9.00e-01
i:  41000, t:  101475.5 s, ωt:  10.15 (1.62 periods), wall: 5.139 minutes, Δt:   2.34, CFL: 9.00e-01
i:  41100, t:  101692.8 s, ωt:  10.17 (1.62 periods), wall: 5.148 minutes, Δt:   2.17, CFL: 9.00e-01
i:  41200, t:  101925.8 s, ωt:  10.19 (1.62 periods), wall: 5.158 minutes, Δt:   2.41, CFL: 9.00e-01
i:  41300, t:  102166.7 s, ωt:  10.22 (1.63 periods), wall: 5.168 minutes, Δt:   2.39, CFL: 9.00e-01
i:  41400, t:  102385.8 s, ωt:  10.24 (1.63 periods), wall: 5.177 minutes, Δt:   2.32, CFL: 9.00e-01
i:  41500, t:  102602.0 s, ωt:  10.26 (1.63 periods), wall: 5.187 minutes, Δt:   2.14, CFL: 9.00e-01
i:  41600, t:  102805.9 s, ωt:  10.28 (1.64 periods), wall: 5.199 minutes, Δt:   1.70, CFL: 9.00e-01
i:  41700, t:  103007.2 s, ωt:  10.30 (1.64 periods), wall: 5.208 minutes, Δt:   1.98, CFL: 9.00e-01
i:  41800, t:  103194.1 s, ωt:  10.32 (1.64 periods), wall: 5.218 minutes, Δt:   1.95, CFL: 9.00e-01
i:  41900, t:  103399.1 s, ωt:  10.34 (1.65 periods), wall: 5.228 minutes, Δt:   1.87, CFL: 9.00e-01
i:  42000, t:  103598.5 s, ωt:  10.36 (1.65 periods), wall: 5.237 minutes, Δt:   1.90, CFL: 9.00e-01
i:  42100, t:  103783.7 s, ωt:  10.38 (1.65 periods), wall: 5.247 minutes, Δt:   2.05, CFL: 9.00e-01
i:  42200, t:  103990.9 s, ωt:  10.40 (1.66 periods), wall: 5.258 minutes, Δt:   1.97, CFL: 9.00e-01
i:  42300, t:  104179.3 s, ωt:  10.42 (1.66 periods), wall: 5.267 minutes, Δt:   2.07, CFL: 9.00e-01
i:  42400, t:  104367.3 s, ωt:  10.44 (1.66 periods), wall: 5.278 minutes, Δt:   1.92, CFL: 9.00e-01
i:  42500, t:  104548.4 s, ωt:  10.45 (1.66 periods), wall: 5.287 minutes, Δt:   1.66, CFL: 9.00e-01
i:  42600, t:  104733.3 s, ωt:  10.47 (1.67 periods), wall: 5.299 minutes, Δt:   1.85, CFL: 9.00e-01
i:  42700, t:  104921.0 s, ωt:  10.49 (1.67 periods), wall: 5.308 minutes, Δt:   1.87, CFL: 9.00e-01
i:  42800, t:  105102.1 s, ωt:  10.51 (1.67 periods), wall: 5.320 minutes, Δt:   1.73, CFL: 9.00e-01
i:  42900, t:  105289.5 s, ωt:  10.53 (1.68 periods), wall: 5.333 minutes, Δt:   1.60, CFL: 9.00e-01
i:  43000, t:  105458.1 s, ωt:  10.55 (1.68 periods), wall: 5.342 minutes, Δt:   1.85, CFL: 9.00e-01
i:  43100, t:  105653.6 s, ωt:  10.57 (1.68 periods), wall: 5.352 minutes, Δt:   1.96, CFL: 9.00e-01
i:  43200, t:  105839.3 s, ωt:  10.58 (1.68 periods), wall: 5.361 minutes, Δt:   1.84, CFL: 9.00e-01
i:  43300, t:  106012.6 s, ωt:  10.60 (1.69 periods), wall: 5.372 minutes, Δt:   1.72, CFL: 9.00e-01
i:  43400, t:  106185.8 s, ωt:  10.62 (1.69 periods), wall: 5.381 minutes, Δt:   1.76, CFL: 9.00e-01
i:  43500, t:  106358.5 s, ωt:  10.64 (1.69 periods), wall: 5.392 minutes, Δt:   1.70, CFL: 9.00e-01
i:  43600, t:  106532.6 s, ωt:  10.65 (1.70 periods), wall: 5.402 minutes, Δt:   1.69, CFL: 9.00e-01
i:  43700, t:  106699.3 s, ωt:  10.67 (1.70 periods), wall: 5.411 minutes, Δt:   1.88, CFL: 9.00e-01
i:  43800, t:  106864.5 s, ωt:  10.69 (1.70 periods), wall: 5.422 minutes, Δt:   1.67, CFL: 9.00e-01
i:  43900, t:  107020.7 s, ωt:  10.70 (1.70 periods), wall: 5.431 minutes, Δt:   1.81, CFL: 9.00e-01
i:  44000, t:  107189.4 s, ωt:  10.72 (1.71 periods), wall: 5.441 minutes, Δt:   1.54, CFL: 9.00e-01
i:  44100, t:  107351.0 s, ωt:  10.74 (1.71 periods), wall: 5.450 minutes, Δt:   1.78, CFL: 9.00e-01
i:  44200, t:  107523.2 s, ωt:  10.75 (1.71 periods), wall: 5.462 minutes, Δt:   1.71, CFL: 9.00e-01
i:  44300, t:  107680.2 s, ωt:  10.77 (1.71 periods), wall: 5.471 minutes, Δt:   1.68, CFL: 9.00e-01
i:  44400, t:  107840.4 s, ωt:  10.78 (1.72 periods), wall: 5.481 minutes, Δt:   1.75, CFL: 9.00e-01
i:  44500, t:  108009.9 s, ωt:  10.80 (1.72 periods), wall: 5.490 minutes, Δt:   1.77, CFL: 9.00e-01
i:  44600, t:  108181.8 s, ωt:  10.82 (1.72 periods), wall: 5.501 minutes, Δt:   1.35, CFL: 9.00e-01
i:  44700, t:  108332.8 s, ωt:  10.83 (1.72 periods), wall: 5.510 minutes, Δt:   1.69, CFL: 9.00e-01
i:  44800, t:  108503.4 s, ωt:  10.85 (1.73 periods), wall: 5.520 minutes, Δt:   1.64, CFL: 9.00e-01
i:  44900, t:  108670.1 s, ωt:  10.87 (1.73 periods), wall: 5.529 minutes, Δt:   1.69, CFL: 9.00e-01
i:  45000, t:  108844.6 s, ωt:  10.88 (1.73 periods), wall: 5.539 minutes, Δt:   1.71, CFL: 9.00e-01
i:  45100, t:  108999.0 s, ωt:  10.90 (1.73 periods), wall: 5.548 minutes, Δt:   1.64, CFL: 9.00e-01
i:  45200, t:  109161.0 s, ωt:  10.92 (1.74 periods), wall: 5.558 minutes, Δt:   1.59, CFL: 9.00e-01
i:  45300, t:  109327.4 s, ωt:  10.93 (1.74 periods), wall: 5.568 minutes, Δt:   1.45, CFL: 9.00e-01
i:  45400, t:  109483.0 s, ωt:  10.95 (1.74 periods), wall: 5.578 minutes, Δt:   1.52, CFL: 9.00e-01
i:  45500, t:  109633.3 s, ωt:  10.96 (1.74 periods), wall: 5.587 minutes, Δt:   1.71, CFL: 9.00e-01
i:  45600, t:  109783.7 s, ωt:  10.98 (1.75 periods), wall: 5.600 minutes, Δt:   1.51, CFL: 9.00e-01
i:  45700, t:  109950.1 s, ωt:  11.00 (1.75 periods), wall: 5.609 minutes, Δt:   1.45, CFL: 9.00e-01
i:  45800, t:  110107.2 s, ωt:  11.01 (1.75 periods), wall: 5.620 minutes, Δt:   1.60, CFL: 9.00e-01
i:  45900, t:  110275.7 s, ωt:  11.03 (1.76 periods), wall: 5.632 minutes, Δt:   1.75, CFL: 9.00e-01
i:  46000, t:  110428.7 s, ωt:  11.04 (1.76 periods), wall: 5.641 minutes, Δt:   1.54, CFL: 9.00e-01
i:  46100, t:  110579.9 s, ωt:  11.06 (1.76 periods), wall: 5.650 minutes, Δt:   1.62, CFL: 9.00e-01
i:  46200, t:  110746.9 s, ωt:  11.07 (1.76 periods), wall: 5.665 minutes, Δt:   1.74, CFL: 9.00e-01
i:  46300, t:  110917.2 s, ωt:  11.09 (1.77 periods), wall: 5.676 minutes, Δt:   1.57, CFL: 9.00e-01
i:  46400, t:  111067.6 s, ωt:  11.11 (1.77 periods), wall: 5.685 minutes, Δt:   1.68, CFL: 9.00e-01
i:  46500, t:  111235.1 s, ωt:  11.12 (1.77 periods), wall: 5.695 minutes, Δt:   1.70, CFL: 9.00e-01
i:  46600, t:  111395.9 s, ωt:  11.14 (1.77 periods), wall: 5.704 minutes, Δt:   1.54, CFL: 9.00e-01
i:  46700, t:  111557.9 s, ωt:  11.16 (1.78 periods), wall: 5.714 minutes, Δt:   1.63, CFL: 9.00e-01
i:  46800, t:  111722.9 s, ωt:  11.17 (1.78 periods), wall: 5.723 minutes, Δt:   1.70, CFL: 9.00e-01
i:  46900, t:  111889.3 s, ωt:  11.19 (1.78 periods), wall: 5.733 minutes, Δt:   1.43, CFL: 9.00e-01
i:  47000, t:  112049.5 s, ωt:  11.20 (1.78 periods), wall: 5.742 minutes, Δt:   1.68, CFL: 9.00e-01
i:  47100, t:  112223.7 s, ωt:  11.22 (1.79 periods), wall: 5.752 minutes, Δt:   1.49, CFL: 9.00e-01
i:  47200, t:  112387.0 s, ωt:  11.24 (1.79 periods), wall: 5.761 minutes, Δt:   1.46, CFL: 9.00e-01
i:  47300, t:  112550.7 s, ωt:  11.26 (1.79 periods), wall: 5.773 minutes, Δt:   1.62, CFL: 9.00e-01
i:  47400, t:  112716.3 s, ωt:  11.27 (1.79 periods), wall: 5.782 minutes, Δt:   1.28, CFL: 9.00e-01
i:  47500, t:  112850.2 s, ωt:  11.29 (1.80 periods), wall: 5.793 minutes, Δt:   1.69, CFL: 9.00e-01
i:  47600, t:  113031.0 s, ωt:  11.30 (1.80 periods), wall: 5.803 minutes, Δt:   1.71, CFL: 9.00e-01
i:  47700, t:  113204.5 s, ωt:  11.32 (1.80 periods), wall: 5.813 minutes, Δt:   1.84, CFL: 9.00e-01
i:  47800, t:  113372.7 s, ωt:  11.34 (1.80 periods), wall: 5.822 minutes, Δt:   1.83, CFL: 9.00e-01
i:  47900, t:  113548.7 s, ωt:  11.35 (1.81 periods), wall: 5.833 minutes, Δt:   1.76, CFL: 9.00e-01
i:  48000, t:  113731.3 s, ωt:  11.37 (1.81 periods), wall: 5.844 minutes, Δt:   1.62, CFL: 9.00e-01
i:  48100, t:  113912.0 s, ωt:  11.39 (1.81 periods), wall: 5.853 minutes, Δt:   2.05, CFL: 9.00e-01
i:  48200, t:  114089.2 s, ωt:  11.41 (1.82 periods), wall: 5.865 minutes, Δt:   2.09, CFL: 9.00e-01
i:  48300, t:  114268.1 s, ωt:  11.43 (1.82 periods), wall: 5.874 minutes, Δt:   1.94, CFL: 9.00e-01
i:  48400, t:  114448.8 s, ωt:  11.44 (1.82 periods), wall: 5.885 minutes, Δt:   1.68, CFL: 9.00e-01
i:  48500, t:  114617.0 s, ωt:  11.46 (1.82 periods), wall: 5.893 minutes, Δt:   1.81, CFL: 9.00e-01
i:  48600, t:  114804.8 s, ωt:  11.48 (1.83 periods), wall: 5.904 minutes, Δt:   1.65, CFL: 9.00e-01
i:  48700, t:  114988.0 s, ωt:  11.50 (1.83 periods), wall: 5.915 minutes, Δt:   1.88, CFL: 9.00e-01
i:  48800, t:  115165.2 s, ωt:  11.52 (1.83 periods), wall: 5.924 minutes, Δt:   2.03, CFL: 9.00e-01
i:  48900, t:  115359.2 s, ωt:  11.54 (1.84 periods), wall: 5.934 minutes, Δt:   1.81, CFL: 9.00e-01
i:  49000, t:  115554.3 s, ωt:  11.56 (1.84 periods), wall: 5.943 minutes, Δt:   1.79, CFL: 9.00e-01
i:  49100, t:  115738.3 s, ωt:  11.57 (1.84 periods), wall: 5.953 minutes, Δt:   2.21, CFL: 9.00e-01
i:  49200, t:  115937.1 s, ωt:  11.59 (1.85 periods), wall: 5.964 minutes, Δt:   1.87, CFL: 9.00e-01
i:  49300, t:  116100.8 s, ωt:  11.61 (1.85 periods), wall: 5.973 minutes, Δt:   2.09, CFL: 9.00e-01
i:  49400, t:  116296.0 s, ωt:  11.63 (1.85 periods), wall: 5.983 minutes, Δt:   2.01, CFL: 9.00e-01
i:  49500, t:  116496.7 s, ωt:  11.65 (1.85 periods), wall: 5.992 minutes, Δt:   1.83, CFL: 9.00e-01
i:  49600, t:  116704.5 s, ωt:  11.67 (1.86 periods), wall: 6.003 minutes, Δt:   2.05, CFL: 9.00e-01
i:  49700, t:  116925.6 s, ωt:  11.69 (1.86 periods), wall: 6.014 minutes, Δt:   2.27, CFL: 9.00e-01
i:  49800, t:  117138.8 s, ωt:  11.71 (1.86 periods), wall: 6.023 minutes, Δt:   2.36, CFL: 9.00e-01
i:  49900, t:  117341.0 s, ωt:  11.73 (1.87 periods), wall: 6.034 minutes, Δt:   2.15, CFL: 9.00e-01
i:  50000, t:  117534.4 s, ωt:  11.75 (1.87 periods), wall: 6.044 minutes, Δt:   2.41, CFL: 9.00e-01
i:  50100, t:  117755.6 s, ωt:  11.78 (1.87 periods), wall: 6.053 minutes, Δt:   2.49, CFL: 8.99e-01
i:  50200, t:  117990.0 s, ωt:  11.80 (1.88 periods), wall: 6.064 minutes, Δt:   2.45, CFL: 9.00e-01
i:  50300, t:  118211.7 s, ωt:  11.82 (1.88 periods), wall: 6.075 minutes, Δt:   2.35, CFL: 9.00e-01
i:  50400, t:  118451.5 s, ωt:  11.85 (1.89 periods), wall: 6.087 minutes, Δt:   2.46, CFL: 9.00e-01
i:  50500, t:  118693.5 s, ωt:  11.87 (1.89 periods), wall: 6.096 minutes, Δt:   2.67, CFL: 9.00e-01
i:  50600, t:  118959.1 s, ωt:  11.90 (1.89 periods), wall: 6.107 minutes, Δt:   2.60, CFL: 9.00e-01
i:  50700, t:  119202.0 s, ωt:  11.92 (1.90 periods), wall: 6.118 minutes, Δt:   2.60, CFL: 9.00e-01
i:  50800, t:  119468.1 s, ωt:  11.95 (1.90 periods), wall: 6.130 minutes, Δt:   2.73, CFL: 9.00e-01
i:  50900, t:  119739.6 s, ωt:  11.97 (1.91 periods), wall: 6.141 minutes, Δt:   2.49, CFL: 9.00e-01
i:  51000, t:  120007.8 s, ωt:  12.00 (1.91 periods), wall: 6.151 minutes, Δt:   2.91, CFL: 9.00e-01
i:  51100, t:  120308.3 s, ωt:  12.03 (1.91 periods), wall: 6.162 minutes, Δt:   2.68, CFL: 9.00e-01
i:  51200, t:  120593.1 s, ωt:  12.06 (1.92 periods), wall: 6.176 minutes, Δt:   2.63, CFL: 9.00e-01
i:  51300, t:  120864.5 s, ωt:  12.09 (1.92 periods), wall: 6.189 minutes, Δt:   2.56, CFL: 9.00e-01
i:  51400, t:  121120.5 s, ωt:  12.11 (1.93 periods), wall: 6.200 minutes, Δt:   2.94, CFL: 9.00e-01
i:  51500, t:  121459.5 s, ωt:  12.15 (1.93 periods), wall: 6.212 minutes, Δt:   3.74, CFL: 9.00e-01
i:  51600, t:  121808.2 s, ωt:  12.18 (1.94 periods), wall: 6.226 minutes, Δt:   3.52, CFL: 9.00e-01
i:  51700, t:  122147.5 s, ωt:  12.21 (1.94 periods), wall: 6.237 minutes, Δt:   3.23, CFL: 9.00e-01
i:  51800, t:  122491.0 s, ωt:  12.25 (1.95 periods), wall: 6.247 minutes, Δt:   3.70, CFL: 9.00e-01
i:  51900, t:  122890.0 s, ωt:  12.29 (1.96 periods), wall: 6.260 minutes, Δt:   4.10, CFL: 9.00e-01
i:  52000, t:  123288.4 s, ωt:  12.33 (1.96 periods), wall: 6.271 minutes, Δt:   4.29, CFL: 9.00e-01
i:  52100, t:  123684.4 s, ωt:  12.37 (1.97 periods), wall: 6.282 minutes, Δt:   3.87, CFL: 9.00e-01
i:  52200, t:  124125.1 s, ωt:  12.41 (1.98 periods), wall: 6.295 minutes, Δt:   4.78, CFL: 9.00e-01
i:  52300, t:  124610.7 s, ωt:  12.46 (1.98 periods), wall: 6.306 minutes, Δt:   4.17, CFL: 9.00e-01
i:  52400, t:  125131.1 s, ωt:  12.51 (1.99 periods), wall: 6.318 minutes, Δt:   5.50, CFL: 9.00e-01
i:  52500, t:  125707.6 s, ωt:  12.57 (2.00 periods), wall: 6.351 minutes, Δt:   5.05, CFL: 9.00e-01
i:  52600, t:  126292.0 s, ωt:  12.63 (2.01 periods), wall: 6.363 minutes, Δt:   6.17, CFL: 9.00e-01
i:  52700, t:  126914.3 s, ωt:  12.69 (2.02 periods), wall: 6.376 minutes, Δt:   6.36, CFL: 9.00e-01
i:  52800, t:  127554.9 s, ωt:  12.76 (2.03 periods), wall: 6.390 minutes, Δt:   6.78, CFL: 9.00e-01
i:  52900, t:  128177.0 s, ωt:  12.82 (2.04 periods), wall: 6.402 minutes, Δt:   6.25, CFL: 9.00e-01
i:  53000, t:  128761.3 s, ωt:  12.88 (2.05 periods), wall: 6.413 minutes, Δt:   5.44, CFL: 9.00e-01
i:  53100, t:  129261.7 s, ωt:  12.93 (2.06 periods), wall: 6.425 minutes, Δt:   4.50, CFL: 9.00e-01
i:  53200, t:  129711.0 s, ωt:  12.97 (2.06 periods), wall: 6.436 minutes, Δt:   4.53, CFL: 9.00e-01
i:  53300, t:  130130.7 s, ωt:  13.01 (2.07 periods), wall: 6.448 minutes, Δt:   3.73, CFL: 9.00e-01
i:  53400, t:  130484.5 s, ωt:  13.05 (2.08 periods), wall: 6.458 minutes, Δt:   3.62, CFL: 9.00e-01
i:  53500, t:  130817.8 s, ωt:  13.08 (2.08 periods), wall: 6.469 minutes, Δt:   3.32, CFL: 9.00e-01
i:  53600, t:  131150.7 s, ωt:  13.12 (2.09 periods), wall: 6.479 minutes, Δt:   3.18, CFL: 9.00e-01
i:  53700, t:  131470.5 s, ωt:  13.15 (2.09 periods), wall: 6.490 minutes, Δt:   2.92, CFL: 9.00e-01
i:  53800, t:  131746.2 s, ωt:  13.17 (2.10 periods), wall: 6.500 minutes, Δt:   2.83, CFL: 9.00e-01
i:  53900, t:  132015.6 s, ωt:  13.20 (2.10 periods), wall: 6.511 minutes, Δt:   2.37, CFL: 9.00e-01
i:  54000, t:  132270.7 s, ωt:  13.23 (2.11 periods), wall: 6.521 minutes, Δt:   2.63, CFL: 9.00e-01
i:  54100, t:  132513.9 s, ωt:  13.25 (2.11 periods), wall: 6.530 minutes, Δt:   2.53, CFL: 9.00e-01
i:  54200, t:  132766.4 s, ωt:  13.28 (2.11 periods), wall: 6.542 minutes, Δt:   2.80, CFL: 9.00e-01
i:  54300, t:  133016.3 s, ωt:  13.30 (2.12 periods), wall: 6.553 minutes, Δt:   2.46, CFL: 9.00e-01
i:  54400, t:  133245.5 s, ωt:  13.32 (2.12 periods), wall: 6.564 minutes, Δt:   2.36, CFL: 9.00e-01
i:  54500, t:  133483.5 s, ωt:  13.35 (2.12 periods), wall: 6.573 minutes, Δt:   2.25, CFL: 9.00e-01
i:  54600, t:  133696.3 s, ωt:  13.37 (2.13 periods), wall: 6.584 minutes, Δt:   2.08, CFL: 9.00e-01
i:  54700, t:  133916.5 s, ωt:  13.39 (2.13 periods), wall: 6.598 minutes, Δt:   2.54, CFL: 9.00e-01
i:  54800, t:  134146.0 s, ωt:  13.41 (2.13 periods), wall: 6.607 minutes, Δt:   2.44, CFL: 9.00e-01
i:  54900, t:  134366.5 s, ωt:  13.44 (2.14 periods), wall: 6.617 minutes, Δt:   2.09, CFL: 9.00e-01
i:  55000, t:  134589.8 s, ωt:  13.46 (2.14 periods), wall: 6.627 minutes, Δt:   2.28, CFL: 9.00e-01
i:  55100, t:  134803.7 s, ωt:  13.48 (2.15 periods), wall: 6.637 minutes, Δt:   1.95, CFL: 9.00e-01
i:  55200, t:  134999.7 s, ωt:  13.50 (2.15 periods), wall: 6.647 minutes, Δt:   1.96, CFL: 9.00e-01
i:  55300, t:  135198.8 s, ωt:  13.52 (2.15 periods), wall: 6.658 minutes, Δt:   1.75, CFL: 9.00e-01
i:  55400, t:  135383.8 s, ωt:  13.54 (2.15 periods), wall: 6.667 minutes, Δt:   1.70, CFL: 9.00e-01
i:  55500, t:  135570.4 s, ωt:  13.56 (2.16 periods), wall: 6.679 minutes, Δt:   1.98, CFL: 9.00e-01
i:  55600, t:  135763.9 s, ωt:  13.58 (2.16 periods), wall: 6.689 minutes, Δt:   2.07, CFL: 9.00e-01
i:  55700, t:  135957.9 s, ωt:  13.60 (2.16 periods), wall: 6.699 minutes, Δt:   2.12, CFL: 9.00e-01
i:  55800, t:  136156.3 s, ωt:  13.62 (2.17 periods), wall: 6.709 minutes, Δt:   1.95, CFL: 9.00e-01
i:  55900, t:  136341.0 s, ωt:  13.63 (2.17 periods), wall: 6.718 minutes, Δt:   1.76, CFL: 9.00e-01
i:  56000, t:  136539.3 s, ωt:  13.65 (2.17 periods), wall: 6.730 minutes, Δt:   2.09, CFL: 9.00e-01
i:  56100, t:  136745.5 s, ωt:  13.67 (2.18 periods), wall: 6.740 minutes, Δt:   1.90, CFL: 9.00e-01
i:  56200, t:  136929.3 s, ωt:  13.69 (2.18 periods), wall: 6.749 minutes, Δt:   2.15, CFL: 9.00e-01
i:  56300, t:  137129.2 s, ωt:  13.71 (2.18 periods), wall: 6.762 minutes, Δt:   1.74, CFL: 9.00e-01
i:  56400, t:  137314.2 s, ωt:  13.73 (2.19 periods), wall: 6.791 minutes, Δt:   1.60, CFL: 9.00e-01
i:  56500, t:  137487.1 s, ωt:  13.75 (2.19 periods), wall: 6.800 minutes, Δt:   1.77, CFL: 9.00e-01
i:  56600, t:  137673.6 s, ωt:  13.77 (2.19 periods), wall: 6.810 minutes, Δt:   1.86, CFL: 9.00e-01
i:  56700, t:  137850.5 s, ωt:  13.79 (2.19 periods), wall: 6.819 minutes, Δt:   1.95, CFL: 9.00e-01
i:  56800, t:  138027.8 s, ωt:  13.80 (2.20 periods), wall: 6.830 minutes, Δt:   1.70, CFL: 9.00e-01
i:  56900, t:  138205.6 s, ωt:  13.82 (2.20 periods), wall: 6.839 minutes, Δt:   1.72, CFL: 9.00e-01
i:  57000, t:  138382.2 s, ωt:  13.84 (2.20 periods), wall: 6.849 minutes, Δt:   1.76, CFL: 9.00e-01
i:  57100, t:  138556.5 s, ωt:  13.86 (2.21 periods), wall: 6.864 minutes, Δt:   1.76, CFL: 9.00e-01
i:  57200, t:  138736.1 s, ωt:  13.87 (2.21 periods), wall: 6.873 minutes, Δt:   1.83, CFL: 9.00e-01
i:  57300, t:  138917.0 s, ωt:  13.89 (2.21 periods), wall: 6.884 minutes, Δt:   1.70, CFL: 9.00e-01
i:  57400, t:  139095.7 s, ωt:  13.91 (2.21 periods), wall: 6.893 minutes, Δt:   1.42, CFL: 9.00e-01
i:  57500, t:  139250.9 s, ωt:  13.93 (2.22 periods), wall: 6.904 minutes, Δt:   1.59, CFL: 9.00e-01
i:  57600, t:  139419.8 s, ωt:  13.94 (2.22 periods), wall: 6.913 minutes, Δt:   1.77, CFL: 9.00e-01
i:  57700, t:  139583.8 s, ωt:  13.96 (2.22 periods), wall: 6.929 minutes, Δt:   1.68, CFL: 9.00e-01
i:  57800, t:  139749.9 s, ωt:  13.97 (2.22 periods), wall: 6.938 minutes, Δt:   1.73, CFL: 9.00e-01
i:  57900, t:  139905.2 s, ωt:  13.99 (2.23 periods), wall: 6.948 minutes, Δt:   1.62, CFL: 9.00e-01
i:  58000, t:  140063.6 s, ωt:  14.01 (2.23 periods), wall: 6.957 minutes, Δt:   1.71, CFL: 9.00e-01
i:  58100, t:  140235.3 s, ωt:  14.02 (2.23 periods), wall: 6.968 minutes, Δt:   1.52, CFL: 9.00e-01
i:  58200, t:  140401.4 s, ωt:  14.04 (2.23 periods), wall: 6.977 minutes, Δt:   1.63, CFL: 9.00e-01
i:  58300, t:  140563.7 s, ωt:  14.06 (2.24 periods), wall: 6.988 minutes, Δt:   1.77, CFL: 9.00e-01
i:  58400, t:  140740.5 s, ωt:  14.07 (2.24 periods), wall: 6.997 minutes, Δt:   1.92, CFL: 9.00e-01
i:  58500, t:  140916.0 s, ωt:  14.09 (2.24 periods), wall: 7.007 minutes, Δt:   1.82, CFL: 9.00e-01
i:  58600, t:  141085.2 s, ωt:  14.11 (2.25 periods), wall: 7.021 minutes, Δt:   1.74, CFL: 9.00e-01
i:  58700, t:  141249.7 s, ωt:  14.12 (2.25 periods), wall: 7.030 minutes, Δt:   1.52, CFL: 9.00e-01
i:  58800, t:  141420.1 s, ωt:  14.14 (2.25 periods), wall: 7.040 minutes, Δt:   1.70, CFL: 9.00e-01
i:  58900, t:  141579.1 s, ωt:  14.16 (2.25 periods), wall: 7.049 minutes, Δt:   1.72, CFL: 9.00e-01
i:  59000, t:  141727.1 s, ωt:  14.17 (2.26 periods), wall: 7.061 minutes, Δt:   1.64, CFL: 9.00e-01
i:  59100, t:  141906.3 s, ωt:  14.19 (2.26 periods), wall: 7.070 minutes, Δt:   1.74, CFL: 9.00e-01
i:  59200, t:  142081.5 s, ωt:  14.21 (2.26 periods), wall: 7.080 minutes, Δt:   1.61, CFL: 9.00e-01
i:  59300, t:  142252.6 s, ωt:  14.23 (2.26 periods), wall: 7.089 minutes, Δt:   1.63, CFL: 9.00e-01
i:  59400, t:  142409.1 s, ωt:  14.24 (2.27 periods), wall: 7.100 minutes, Δt:   1.33, CFL: 9.00e-01
i:  59500, t:  142562.2 s, ωt:  14.26 (2.27 periods), wall: 7.109 minutes, Δt:   1.39, CFL: 9.00e-01
i:  59600, t:  142720.0 s, ωt:  14.27 (2.27 periods), wall: 7.119 minutes, Δt:   1.68, CFL: 9.00e-01
i:  59700, t:  142905.7 s, ωt:  14.29 (2.27 periods), wall: 7.129 minutes, Δt:   1.98, CFL: 9.00e-01
i:  59800, t:  143081.5 s, ωt:  14.31 (2.28 periods), wall: 7.140 minutes, Δt:   1.84, CFL: 9.00e-01
i:  59900, t:  143272.9 s, ωt:  14.33 (2.28 periods), wall: 7.150 minutes, Δt:   1.83, CFL: 9.00e-01
i:  60000, t:  143465.0 s, ωt:  14.35 (2.28 periods), wall: 7.159 minutes, Δt:   1.95, CFL: 9.00e-01
i:  60100, t:  143647.7 s, ωt:  14.36 (2.29 periods), wall: 7.170 minutes, Δt:   1.88, CFL: 9.00e-01
i:  60200, t:  143832.1 s, ωt:  14.38 (2.29 periods), wall: 7.179 minutes, Δt:   1.83, CFL: 9.00e-01
i:  60300, t:  144008.3 s, ωt:  14.40 (2.29 periods), wall: 7.193 minutes, Δt:   1.72, CFL: 9.00e-01
i:  60400, t:  144200.7 s, ωt:  14.42 (2.30 periods), wall: 7.205 minutes, Δt:   1.70, CFL: 9.00e-01
i:  60500, t:  144383.4 s, ωt:  14.44 (2.30 periods), wall: 7.214 minutes, Δt:   1.77, CFL: 9.00e-01
i:  60600, t:  144568.8 s, ωt:  14.46 (2.30 periods), wall: 7.224 minutes, Δt:   1.92, CFL: 9.00e-01
i:  60700, t:  144745.5 s, ωt:  14.47 (2.30 periods), wall: 7.233 minutes, Δt:   2.03, CFL: 9.00e-01
i:  60800, t:  144943.9 s, ωt:  14.49 (2.31 periods), wall: 7.247 minutes, Δt:   1.77, CFL: 9.00e-01
i:  60900, t:  145114.2 s, ωt:  14.51 (2.31 periods), wall: 7.257 minutes, Δt:   1.48, CFL: 9.00e-01
i:  61000, t:  145287.6 s, ωt:  14.53 (2.31 periods), wall: 7.267 minutes, Δt:   1.78, CFL: 9.00e-01
i:  61100, t:  145472.4 s, ωt:  14.55 (2.32 periods), wall: 7.277 minutes, Δt:   1.81, CFL: 9.00e-01
i:  61200, t:  145658.4 s, ωt:  14.57 (2.32 periods), wall: 7.286 minutes, Δt:   1.91, CFL: 9.00e-01
i:  61300, t:  145850.0 s, ωt:  14.59 (2.32 periods), wall: 7.300 minutes, Δt:   1.92, CFL: 9.00e-01
i:  61400, t:  146050.8 s, ωt:  14.61 (2.32 periods), wall: 7.309 minutes, Δt:   2.08, CFL: 9.00e-01
i:  61500, t:  146246.4 s, ωt:  14.62 (2.33 periods), wall: 7.328 minutes, Δt:   2.04, CFL: 9.00e-01
i:  61600, t:  146444.4 s, ωt:  14.64 (2.33 periods), wall: 7.340 minutes, Δt:   1.97, CFL: 9.00e-01
i:  61700, t:  146648.0 s, ωt:  14.66 (2.33 periods), wall: 7.349 minutes, Δt:   2.02, CFL: 9.00e-01
i:  61800, t:  146819.9 s, ωt:  14.68 (2.34 periods), wall: 7.363 minutes, Δt:   1.76, CFL: 9.00e-01
i:  61900, t:  147015.9 s, ωt:  14.70 (2.34 periods), wall: 7.372 minutes, Δt:   1.90, CFL: 9.00e-01
i:  62000, t:  147218.5 s, ωt:  14.72 (2.34 periods), wall: 7.383 minutes, Δt:   2.14, CFL: 9.00e-01
i:  62100, t:  147417.2 s, ωt:  14.74 (2.35 periods), wall: 7.393 minutes, Δt:   2.19, CFL: 9.00e-01
i:  62200, t:  147626.7 s, ωt:  14.76 (2.35 periods), wall: 7.402 minutes, Δt:   2.08, CFL: 9.00e-01
i:  62300, t:  147843.0 s, ωt:  14.78 (2.35 periods), wall: 7.413 minutes, Δt:   1.93, CFL: 9.00e-01
i:  62400, t:  148060.1 s, ωt:  14.81 (2.36 periods), wall: 7.425 minutes, Δt:   2.35, CFL: 9.00e-01
i:  62500, t:  148280.4 s, ωt:  14.83 (2.36 periods), wall: 7.434 minutes, Δt:   1.96, CFL: 9.00e-01
i:  62600, t:  148498.6 s, ωt:  14.85 (2.36 periods), wall: 7.445 minutes, Δt:   2.38, CFL: 9.00e-01
i:  62700, t:  148711.0 s, ωt:  14.87 (2.37 periods), wall: 7.455 minutes, Δt:   2.46, CFL: 9.00e-01
i:  62800, t:  148949.2 s, ωt:  14.89 (2.37 periods), wall: 7.465 minutes, Δt:   2.06, CFL: 9.00e-01
i:  62900, t:  149167.2 s, ωt:  14.92 (2.37 periods), wall: 7.474 minutes, Δt:   2.46, CFL: 9.00e-01
i:  63000, t:  149388.8 s, ωt:  14.94 (2.38 periods), wall: 7.485 minutes, Δt:   2.15, CFL: 9.00e-01
i:  63100, t:  149622.5 s, ωt:  14.96 (2.38 periods), wall: 7.495 minutes, Δt:   2.28, CFL: 9.00e-01
i:  63200, t:  149881.7 s, ωt:  14.99 (2.39 periods), wall: 7.506 minutes, Δt:   2.74, CFL: 9.00e-01
i:  63300, t:  150150.1 s, ωt:  15.02 (2.39 periods), wall: 7.515 minutes, Δt:   2.57, CFL: 9.00e-01
i:  63400, t:  150407.5 s, ωt:  15.04 (2.39 periods), wall: 7.526 minutes, Δt:   2.43, CFL: 9.00e-01
i:  63500, t:  150656.8 s, ωt:  15.07 (2.40 periods), wall: 7.537 minutes, Δt:   3.06, CFL: 9.00e-01
i:  63600, t:  150923.2 s, ωt:  15.09 (2.40 periods), wall: 7.550 minutes, Δt:   2.95, CFL: 9.00e-01
i:  63700, t:  151192.7 s, ωt:  15.12 (2.41 periods), wall: 7.560 minutes, Δt:   2.76, CFL: 9.00e-01
i:  63800, t:  151447.9 s, ωt:  15.14 (2.41 periods), wall: 7.573 minutes, Δt:   2.44, CFL: 9.00e-01
i:  63900, t:  151709.1 s, ωt:  15.17 (2.41 periods), wall: 7.582 minutes, Δt:   3.36, CFL: 9.00e-01
i:  64000, t:  152034.8 s, ωt:  15.20 (2.42 periods), wall: 7.593 minutes, Δt:   2.81, CFL: 9.00e-01
i:  64100, t:  152325.3 s, ωt:  15.23 (2.42 periods), wall: 7.604 minutes, Δt:   3.70, CFL: 9.00e-01
i:  64200, t:  152642.8 s, ωt:  15.26 (2.43 periods), wall: 7.615 minutes, Δt:   3.26, CFL: 9.00e-01
i:  64300, t:  152953.7 s, ωt:  15.30 (2.43 periods), wall: 7.626 minutes, Δt:   3.98, CFL: 9.00e-01
i:  64400, t:  153322.7 s, ωt:  15.33 (2.44 periods), wall: 7.638 minutes, Δt:   3.04, CFL: 9.00e-01
i:  64500, t:  153652.8 s, ωt:  15.37 (2.45 periods), wall: 7.653 minutes, Δt:   3.56, CFL: 9.00e-01
i:  64600, t:  154053.0 s, ωt:  15.41 (2.45 periods), wall: 7.664 minutes, Δt:   4.24, CFL: 9.00e-01
i:  64700, t:  154435.1 s, ωt:  15.44 (2.46 periods), wall: 7.676 minutes, Δt:   4.35, CFL: 9.00e-01
i:  64800, t:  154867.7 s, ωt:  15.49 (2.46 periods), wall: 7.687 minutes, Δt:   3.76, CFL: 9.00e-01
i:  64900, t:  155261.5 s, ωt:  15.53 (2.47 periods), wall: 7.705 minutes, Δt:   4.18, CFL: 9.00e-01
i:  65000, t:  155775.0 s, ωt:  15.58 (2.48 periods), wall: 7.715 minutes, Δt:   6.68, CFL: 8.83e-01
i:  65100, t:  156415.7 s, ωt:  15.64 (2.49 periods), wall: 7.727 minutes, Δt:   6.10, CFL: 9.00e-01
i:  65200, t:  157148.7 s, ωt:  15.71 (2.50 periods), wall: 7.756 minutes, Δt:   8.77, CFL: 9.00e-01
i:  65300, t:  157885.5 s, ωt:  15.79 (2.51 periods), wall: 7.769 minutes, Δt:   7.90, CFL: 9.00e-01
i:  65400, t:  158583.6 s, ωt:  15.86 (2.52 periods), wall: 7.781 minutes, Δt:   5.64, CFL: 9.00e-01
i:  65500, t:  159130.1 s, ωt:  15.91 (2.53 periods), wall: 7.793 minutes, Δt:   4.43, CFL: 9.00e-01
i:  65600, t:  159577.7 s, ωt:  15.96 (2.54 periods), wall: 7.803 minutes, Δt:   4.43, CFL: 9.00e-01
i:  65700, t:  160112.1 s, ωt:  16.01 (2.55 periods), wall: 7.814 minutes, Δt:   5.40, CFL: 9.00e-01
i:  65800, t:  160579.4 s, ωt:  16.06 (2.56 periods), wall: 7.827 minutes, Δt:   4.68, CFL: 9.00e-01
i:  65900, t:  161029.9 s, ωt:  16.10 (2.56 periods), wall: 7.849 minutes, Δt:   4.21, CFL: 9.00e-01
i:  66000, t:  161404.4 s, ωt:  16.14 (2.57 periods), wall: 7.864 minutes, Δt:   3.64, CFL: 9.00e-01
i:  66100, t:  161716.7 s, ωt:  16.17 (2.57 periods), wall: 7.877 minutes, Δt:   3.17, CFL: 9.00e-01
i:  66200, t:  162026.7 s, ωt:  16.20 (2.58 periods), wall: 7.888 minutes, Δt:   3.08, CFL: 9.00e-01
i:  66300, t:  162347.1 s, ωt:  16.23 (2.58 periods), wall: 7.899 minutes, Δt:   3.10, CFL: 9.00e-01
i:  66400, t:  162644.1 s, ωt:  16.26 (2.59 periods), wall: 7.909 minutes, Δt:   2.83, CFL: 9.00e-01
i:  66500, t:  162915.6 s, ωt:  16.29 (2.59 periods), wall: 7.920 minutes, Δt:   2.85, CFL: 9.00e-01
i:  66600, t:  163189.5 s, ωt:  16.32 (2.60 periods), wall: 7.933 minutes, Δt:   2.83, CFL: 9.00e-01
i:  66700, t:  163438.9 s, ωt:  16.34 (2.60 periods), wall: 7.944 minutes, Δt:   2.47, CFL: 9.00e-01
i:  66800, t:  163694.4 s, ωt:  16.37 (2.61 periods), wall: 7.954 minutes, Δt:   2.17, CFL: 9.00e-01
i:  66900, t:  163942.8 s, ωt:  16.39 (2.61 periods), wall: 7.963 minutes, Δt:   2.42, CFL: 9.00e-01
i:  67000, t:  164179.0 s, ωt:  16.42 (2.61 periods), wall: 7.973 minutes, Δt:   2.56, CFL: 9.00e-01
i:  67100, t:  164428.2 s, ωt:  16.44 (2.62 periods), wall: 7.983 minutes, Δt:   2.50, CFL: 9.00e-01
i:  67200, t:  164654.9 s, ωt:  16.47 (2.62 periods), wall: 7.994 minutes, Δt:   2.05, CFL: 9.00e-01
i:  67300, t:  164872.8 s, ωt:  16.49 (2.62 periods), wall: 8.003 minutes, Δt:   2.17, CFL: 9.00e-01
i:  67400, t:  165098.5 s, ωt:  16.51 (2.63 periods), wall: 8.014 minutes, Δt:   2.33, CFL: 9.00e-01
i:  67500, t:  165330.3 s, ωt:  16.53 (2.63 periods), wall: 8.025 minutes, Δt:   2.12, CFL: 9.00e-01
i:  67600, t:  165534.1 s, ωt:  16.55 (2.63 periods), wall: 8.034 minutes, Δt:   2.25, CFL: 9.00e-01
i:  67700, t:  165728.6 s, ωt:  16.57 (2.64 periods), wall: 8.050 minutes, Δt:   1.84, CFL: 9.00e-01
i:  67800, t:  165928.4 s, ωt:  16.59 (2.64 periods), wall: 8.060 minutes, Δt:   2.03, CFL: 9.00e-01
i:  67900, t:  166117.4 s, ωt:  16.61 (2.64 periods), wall: 8.069 minutes, Δt:   1.75, CFL: 9.00e-01
i:  68000, t:  166313.3 s, ωt:  16.63 (2.65 periods), wall: 8.079 minutes, Δt:   2.27, CFL: 9.00e-01
i:  68100, t:  166495.4 s, ωt:  16.65 (2.65 periods), wall: 8.088 minutes, Δt:   1.88, CFL: 9.00e-01
i:  68200, t:  166673.1 s, ωt:  16.67 (2.65 periods), wall: 8.099 minutes, Δt:   2.04, CFL: 9.00e-01
i:  68300, t:  166866.4 s, ωt:  16.69 (2.66 periods), wall: 8.109 minutes, Δt:   1.92, CFL: 9.00e-01
i:  68400, t:  167032.2 s, ωt:  16.70 (2.66 periods), wall: 8.118 minutes, Δt:   1.72, CFL: 9.00e-01
i:  68500, t:  167202.2 s, ωt:  16.72 (2.66 periods), wall: 8.136 minutes, Δt:   1.99, CFL: 9.00e-01
i:  68600, t:  167374.8 s, ωt:  16.74 (2.66 periods), wall: 8.145 minutes, Δt:   1.64, CFL: 9.00e-01
i:  68700, t:  167552.2 s, ωt:  16.76 (2.67 periods), wall: 8.155 minutes, Δt:   1.78, CFL: 9.00e-01
i:  68800, t:  167737.1 s, ωt:  16.77 (2.67 periods), wall: 8.164 minutes, Δt:   1.96, CFL: 9.00e-01
i:  68900, t:  167923.9 s, ωt:  16.79 (2.67 periods), wall: 8.174 minutes, Δt:   1.84, CFL: 9.00e-01
i:  69000, t:  168097.4 s, ωt:  16.81 (2.68 periods), wall: 8.185 minutes, Δt:   1.54, CFL: 9.00e-01
i:  69100, t:  168268.5 s, ωt:  16.83 (2.68 periods), wall: 8.194 minutes, Δt:   1.71, CFL: 9.00e-01
i:  69200, t:  168449.3 s, ωt:  16.84 (2.68 periods), wall: 8.205 minutes, Δt:   1.73, CFL: 9.00e-01
i:  69300, t:  168615.4 s, ωt:  16.86 (2.68 periods), wall: 8.214 minutes, Δt:   1.79, CFL: 9.00e-01
i:  69400, t:  168792.5 s, ωt:  16.88 (2.69 periods), wall: 8.224 minutes, Δt:   1.77, CFL: 9.00e-01
i:  69500, t:  168969.0 s, ωt:  16.90 (2.69 periods), wall: 8.233 minutes, Δt:   1.79, CFL: 9.00e-01
i:  69600, t:  169151.2 s, ωt:  16.92 (2.69 periods), wall: 8.244 minutes, Δt:   1.88, CFL: 9.00e-01
i:  69700, t:  169312.1 s, ωt:  16.93 (2.69 periods), wall: 8.253 minutes, Δt:   1.55, CFL: 9.00e-01
i:  69800, t:  169477.1 s, ωt:  16.95 (2.70 periods), wall: 8.265 minutes, Δt:   1.65, CFL: 9.00e-01
i:  69900, t:  169644.8 s, ωt:  16.96 (2.70 periods), wall: 8.274 minutes, Δt:   1.59, CFL: 9.00e-01
i:  70000, t:  169805.3 s, ωt:  16.98 (2.70 periods), wall: 8.284 minutes, Δt:   1.49, CFL: 9.00e-01
i:  70100, t:  169981.4 s, ωt:  17.00 (2.71 periods), wall: 8.301 minutes, Δt:   1.95, CFL: 9.00e-01
i:  70200, t:  170164.5 s, ωt:  17.02 (2.71 periods), wall: 8.310 minutes, Δt:   1.78, CFL: 9.00e-01
i:  70300, t:  170334.6 s, ωt:  17.03 (2.71 periods), wall: 8.320 minutes, Δt:   1.86, CFL: 9.00e-01
i:  70400, t:  170504.8 s, ωt:  17.05 (2.71 periods), wall: 8.330 minutes, Δt:   1.70, CFL: 9.00e-01
i:  70500, t:  170665.9 s, ωt:  17.07 (2.72 periods), wall: 8.340 minutes, Δt:   1.86, CFL: 9.00e-01
i:  70600, t:  170836.1 s, ωt:  17.08 (2.72 periods), wall: 8.349 minutes, Δt:   1.79, CFL: 9.00e-01
i:  70700, t:  171004.5 s, ωt:  17.10 (2.72 periods), wall: 8.360 minutes, Δt:   1.47, CFL: 9.00e-01
i:  70800, t:  171164.4 s, ωt:  17.12 (2.72 periods), wall: 8.369 minutes, Δt:   1.41, CFL: 9.00e-01
i:  70900, t:  171316.5 s, ωt:  17.13 (2.73 periods), wall: 8.380 minutes, Δt:   1.60, CFL: 9.00e-01
i:  71000, t:  171470.9 s, ωt:  17.15 (2.73 periods), wall: 8.389 minutes, Δt:   1.54, CFL: 9.00e-01
i:  71100, t:  171637.7 s, ωt:  17.16 (2.73 periods), wall: 8.400 minutes, Δt:   1.71, CFL: 9.00e-01
i:  71200, t:  171799.6 s, ωt:  17.18 (2.73 periods), wall: 8.409 minutes, Δt:   1.63, CFL: 9.00e-01
i:  71300, t:  171954.2 s, ωt:  17.20 (2.74 periods), wall: 8.419 minutes, Δt:   1.49, CFL: 9.00e-01
i:  71400, t:  172114.1 s, ωt:  17.21 (2.74 periods), wall: 8.428 minutes, Δt:   1.59, CFL: 9.00e-01
i:  71500, t:  172278.7 s, ωt:  17.23 (2.74 periods), wall: 8.438 minutes, Δt:   1.70, CFL: 9.00e-01
i:  71600, t:  172435.6 s, ωt:  17.24 (2.74 periods), wall: 8.447 minutes, Δt:   1.46, CFL: 9.00e-01
i:  71700, t:  172597.5 s, ωt:  17.26 (2.75 periods), wall: 8.458 minutes, Δt:   1.73, CFL: 9.00e-01
i:  71800, t:  172767.8 s, ωt:  17.28 (2.75 periods), wall: 8.467 minutes, Δt:   1.48, CFL: 9.00e-01
i:  71900, t:  172929.3 s, ωt:  17.29 (2.75 periods), wall: 8.478 minutes, Δt:   1.46, CFL: 9.00e-01
i:  72000, t:  173091.4 s, ωt:  17.31 (2.75 periods), wall: 8.487 minutes, Δt:   1.79, CFL: 9.00e-01
i:  72100, t:  173256.1 s, ωt:  17.33 (2.76 periods), wall: 8.497 minutes, Δt:   1.66, CFL: 9.00e-01
i:  72200, t:  173425.5 s, ωt:  17.34 (2.76 periods), wall: 8.508 minutes, Δt:   1.75, CFL: 9.00e-01
i:  72300, t:  173601.5 s, ωt:  17.36 (2.76 periods), wall: 8.517 minutes, Δt:   1.86, CFL: 9.00e-01
i:  72400, t:  173756.2 s, ωt:  17.38 (2.77 periods), wall: 8.529 minutes, Δt:   1.64, CFL: 9.00e-01
i:  72500, t:  173918.9 s, ωt:  17.39 (2.77 periods), wall: 8.538 minutes, Δt:   1.81, CFL: 9.00e-01
i:  72600, t:  174095.2 s, ωt:  17.41 (2.77 periods), wall: 8.549 minutes, Δt:   1.69, CFL: 9.00e-01
i:  72700, t:  174266.1 s, ωt:  17.43 (2.77 periods), wall: 8.558 minutes, Δt:   1.73, CFL: 9.00e-01
i:  72800, t:  174440.7 s, ωt:  17.44 (2.78 periods), wall: 8.569 minutes, Δt:   1.62, CFL: 9.00e-01
i:  72900, t:  174597.3 s, ωt:  17.46 (2.78 periods), wall: 8.578 minutes, Δt:   1.43, CFL: 9.00e-01
i:  73000, t:  174755.6 s, ωt:  17.48 (2.78 periods), wall: 8.588 minutes, Δt:   1.63, CFL: 9.00e-01
i:  73100, t:  174925.2 s, ωt:  17.49 (2.78 periods), wall: 8.598 minutes, Δt:   1.88, CFL: 9.00e-01
i:  73200, t:  175088.3 s, ωt:  17.51 (2.79 periods), wall: 8.608 minutes, Δt:   1.46, CFL: 9.00e-01
i:  73300, t:  175256.6 s, ωt:  17.53 (2.79 periods), wall: 8.618 minutes, Δt:   1.47, CFL: 9.00e-01
i:  73400, t:  175420.6 s, ωt:  17.54 (2.79 periods), wall: 8.628 minutes, Δt:   1.58, CFL: 9.00e-01
i:  73500, t:  175573.6 s, ωt:  17.56 (2.79 periods), wall: 8.637 minutes, Δt:   1.49, CFL: 9.00e-01
i:  73600, t:  175723.5 s, ωt:  17.57 (2.80 periods), wall: 8.651 minutes, Δt:   1.49, CFL: 9.00e-01
i:  73700, t:  175891.4 s, ωt:  17.59 (2.80 periods), wall: 8.660 minutes, Δt:   1.90, CFL: 9.00e-01
i:  73800, t:  176070.9 s, ωt:  17.61 (2.80 periods), wall: 8.670 minutes, Δt:   2.00, CFL: 9.00e-01
i:  73900, t:  176242.2 s, ωt:  17.62 (2.80 periods), wall: 8.680 minutes, Δt:   1.76, CFL: 9.00e-01
i:  74000, t:  176414.1 s, ωt:  17.64 (2.81 periods), wall: 8.690 minutes, Δt:   1.82, CFL: 9.00e-01
i:  74100, t:  176601.5 s, ωt:  17.66 (2.81 periods), wall: 8.700 minutes, Δt:   2.03, CFL: 9.00e-01
i:  74200, t:  176796.0 s, ωt:  17.68 (2.81 periods), wall: 8.710 minutes, Δt:   1.51, CFL: 9.00e-01
i:  74300, t:  176972.3 s, ωt:  17.70 (2.82 periods), wall: 8.720 minutes, Δt:   1.87, CFL: 9.00e-01
i:  74400, t:  177148.8 s, ωt:  17.71 (2.82 periods), wall: 8.730 minutes, Δt:   1.68, CFL: 9.00e-01
i:  74500, t:  177330.7 s, ωt:  17.73 (2.82 periods), wall: 8.740 minutes, Δt:   1.87, CFL: 9.00e-01
i:  74600, t:  177518.9 s, ωt:  17.75 (2.83 periods), wall: 8.751 minutes, Δt:   1.71, CFL: 9.00e-01
i:  74700, t:  177693.9 s, ωt:  17.77 (2.83 periods), wall: 8.760 minutes, Δt:   1.98, CFL: 9.00e-01
i:  74800, t:  177872.4 s, ωt:  17.79 (2.83 periods), wall: 8.770 minutes, Δt:   1.96, CFL: 9.00e-01
i:  74900, t:  178056.1 s, ωt:  17.81 (2.83 periods), wall: 8.779 minutes, Δt:   1.56, CFL: 9.00e-01
i:  75000, t:  178235.4 s, ωt:  17.82 (2.84 periods), wall: 8.790 minutes, Δt:   1.91, CFL: 9.00e-01
i:  75100, t:  178423.2 s, ωt:  17.84 (2.84 periods), wall: 8.799 minutes, Δt:   2.12, CFL: 9.00e-01
i:  75200, t:  178603.8 s, ωt:  17.86 (2.84 periods), wall: 8.809 minutes, Δt:   1.79, CFL: 9.00e-01
i:  75300, t:  178796.1 s, ωt:  17.88 (2.85 periods), wall: 8.820 minutes, Δt:   1.98, CFL: 9.00e-01
i:  75400, t:  178990.4 s, ωt:  17.90 (2.85 periods), wall: 8.829 minutes, Δt:   1.84, CFL: 9.00e-01
i:  75500, t:  179203.5 s, ωt:  17.92 (2.85 periods), wall: 8.839 minutes, Δt:   2.05, CFL: 9.00e-01
i:  75600, t:  179415.8 s, ωt:  17.94 (2.86 periods), wall: 8.850 minutes, Δt:   1.84, CFL: 9.00e-01
i:  75700, t:  179618.9 s, ωt:  17.96 (2.86 periods), wall: 8.859 minutes, Δt:   1.96, CFL: 9.00e-01
i:  75800, t:  179820.2 s, ωt:  17.98 (2.86 periods), wall: 8.869 minutes, Δt:   2.54, CFL: 9.00e-01
i:  75900, t:  180044.1 s, ωt:  18.00 (2.87 periods), wall: 8.880 minutes, Δt:   2.00, CFL: 9.00e-01
i:  76000, t:  180256.1 s, ωt:  18.03 (2.87 periods), wall: 8.889 minutes, Δt:   2.16, CFL: 9.00e-01
i:  76100, t:  180467.6 s, ωt:  18.05 (2.87 periods), wall: 8.903 minutes, Δt:   2.04, CFL: 9.00e-01
i:  76200, t:  180646.5 s, ωt:  18.06 (2.88 periods), wall: 8.913 minutes, Δt:   1.81, CFL: 9.00e-01
i:  76300, t:  180863.2 s, ωt:  18.09 (2.88 periods), wall: 8.922 minutes, Δt:   2.32, CFL: 9.00e-01
i:  76400, t:  181091.8 s, ωt:  18.11 (2.88 periods), wall: 8.933 minutes, Δt:   2.23, CFL: 9.00e-01
i:  76500, t:  181312.9 s, ωt:  18.13 (2.89 periods), wall: 8.944 minutes, Δt:   2.41, CFL: 9.00e-01
i:  76600, t:  181520.4 s, ωt:  18.15 (2.89 periods), wall: 8.953 minutes, Δt:   2.38, CFL: 9.00e-01
i:  76700, t:  181759.0 s, ωt:  18.18 (2.89 periods), wall: 8.964 minutes, Δt:   2.56, CFL: 9.00e-01
i:  76800, t:  182020.6 s, ωt:  18.20 (2.90 periods), wall: 8.975 minutes, Δt:   2.61, CFL: 9.00e-01
i:  76900, t:  182267.8 s, ωt:  18.23 (2.90 periods), wall: 8.985 minutes, Δt:   2.80, CFL: 9.00e-01
i:  77000, t:  182557.8 s, ωt:  18.26 (2.91 periods), wall: 8.996 minutes, Δt:   2.97, CFL: 9.00e-01
i:  77100, t:  182834.3 s, ωt:  18.28 (2.91 periods), wall: 9.005 minutes, Δt:   2.58, CFL: 9.00e-01
i:  77200, t:  183089.8 s, ωt:  18.31 (2.91 periods), wall: 9.021 minutes, Δt:   2.98, CFL: 9.00e-01
i:  77300, t:  183390.0 s, ωt:  18.34 (2.92 periods), wall: 9.032 minutes, Δt:   3.07, CFL: 9.00e-01
i:  77400, t:  183659.6 s, ωt:  18.37 (2.92 periods), wall: 9.042 minutes, Δt:   2.60, CFL: 9.00e-01
i:  77500, t:  183933.7 s, ωt:  18.39 (2.93 periods), wall: 9.052 minutes, Δt:   3.01, CFL: 9.00e-01
i:  77600, t:  184216.4 s, ωt:  18.42 (2.93 periods), wall: 9.062 minutes, Δt:   2.42, CFL: 9.00e-01
i:  77700, t:  184465.1 s, ωt:  18.45 (2.94 periods), wall: 9.072 minutes, Δt:   2.95, CFL: 9.00e-01
i:  77800, t:  184753.7 s, ωt:  18.48 (2.94 periods), wall: 9.082 minutes, Δt:   2.89, CFL: 9.00e-01
i:  77900, t:  185114.4 s, ωt:  18.51 (2.95 periods), wall: 9.092 minutes, Δt:   4.02, CFL: 9.00e-01
i:  78000, t:  185535.9 s, ωt:  18.55 (2.95 periods), wall: 9.103 minutes, Δt:   4.14, CFL: 9.00e-01
i:  78100, t:  185991.7 s, ωt:  18.60 (2.96 periods), wall: 9.117 minutes, Δt:   3.92, CFL: 9.00e-01
i:  78200, t:  186418.4 s, ωt:  18.64 (2.97 periods), wall: 9.126 minutes, Δt:   6.01, CFL: 9.00e-01
i:  78300, t:  186969.4 s, ωt:  18.70 (2.98 periods), wall: 9.137 minutes, Δt:   6.86, CFL: 9.00e-01
i:  78400, t:  187678.0 s, ωt:  18.77 (2.99 periods), wall: 9.158 minutes, Δt:   8.15, CFL: 9.00e-01
i:  78500, t:  188376.2 s, ωt:  18.84 (3.00 periods), wall: 9.172 minutes, Δt:   6.78, CFL: 9.00e-01
i:  78600, t:  188920.4 s, ωt:  18.89 (3.01 periods), wall: 9.196 minutes, Δt:   5.64, CFL: 9.00e-01
i:  78700, t:  189510.2 s, ωt:  18.95 (3.02 periods), wall: 9.208 minutes, Δt:   6.19, CFL: 9.00e-01
i:  78800, t:  190118.3 s, ωt:  19.01 (3.03 periods), wall: 9.220 minutes, Δt:   5.85, CFL: 9.00e-01
i:  78900, t:  190748.5 s, ωt:  19.07 (3.04 periods), wall: 9.232 minutes, Δt:   6.40, CFL: 9.00e-01
i:  79000, t:  191243.2 s, ωt:  19.12 (3.04 periods), wall: 9.243 minutes, Δt:   4.67, CFL: 9.00e-01
i:  79100, t:  191733.0 s, ωt:  19.17 (3.05 periods), wall: 9.258 minutes, Δt:   4.81, CFL: 9.00e-01
i:  79200, t:  192179.2 s, ωt:  19.22 (3.06 periods), wall: 9.269 minutes, Δt:   4.45, CFL: 9.00e-01
i:  79300, t:  192588.9 s, ωt:  19.26 (3.07 periods), wall: 9.282 minutes, Δt:   4.47, CFL: 9.00e-01
i:  79400, t:  192984.9 s, ωt:  19.30 (3.07 periods), wall: 9.293 minutes, Δt:   3.23, CFL: 9.00e-01
i:  79500, t:  193325.5 s, ωt:  19.33 (3.08 periods), wall: 9.304 minutes, Δt:   3.61, CFL: 9.00e-01
i:  79600, t:  193639.8 s, ωt:  19.36 (3.08 periods), wall: 9.316 minutes, Δt:   3.40, CFL: 9.00e-01
i:  79700, t:  193990.1 s, ωt:  19.40 (3.09 periods), wall: 9.327 minutes, Δt:   3.54, CFL: 9.00e-01
i:  79800, t:  194275.1 s, ωt:  19.43 (3.09 periods), wall: 9.338 minutes, Δt:   3.10, CFL: 9.00e-01
i:  79900, t:  194559.1 s, ωt:  19.46 (3.10 periods), wall: 9.350 minutes, Δt:   2.49, CFL: 9.00e-01
i:  80000, t:  194817.8 s, ωt:  19.48 (3.10 periods), wall: 9.361 minutes, Δt:   2.49, CFL: 9.00e-01
i:  80100, t:  195095.9 s, ωt:  19.51 (3.11 periods), wall: 9.372 minutes, Δt:   2.53, CFL: 9.00e-01
i:  80200, t:  195345.5 s, ωt:  19.53 (3.11 periods), wall: 9.382 minutes, Δt:   2.19, CFL: 9.00e-01
i:  80300, t:  195582.2 s, ωt:  19.56 (3.11 periods), wall: 9.393 minutes, Δt:   2.42, CFL: 9.00e-01
i:  80400, t:  195826.3 s, ωt:  19.58 (3.12 periods), wall: 9.404 minutes, Δt:   2.49, CFL: 9.00e-01
i:  80500, t:  196055.3 s, ωt:  19.61 (3.12 periods), wall: 9.416 minutes, Δt:   2.38, CFL: 9.00e-01
i:  80600, t:  196255.7 s, ωt:  19.63 (3.12 periods), wall: 9.426 minutes, Δt:   2.44, CFL: 9.00e-01
i:  80700, t:  196491.3 s, ωt:  19.65 (3.13 periods), wall: 9.438 minutes, Δt:   2.33, CFL: 9.00e-01
i:  80800, t:  196724.3 s, ωt:  19.67 (3.13 periods), wall: 9.449 minutes, Δt:   2.50, CFL: 9.00e-01
i:  80900, t:  196934.4 s, ωt:  19.69 (3.13 periods), wall: 9.459 minutes, Δt:   1.74, CFL: 9.00e-01
i:  81000, t:  197152.1 s, ωt:  19.72 (3.14 periods), wall: 9.471 minutes, Δt:   2.38, CFL: 9.00e-01
i:  81100, t:  197367.1 s, ωt:  19.74 (3.14 periods), wall: 9.484 minutes, Δt:   2.24, CFL: 9.00e-01
i:  81200, t:  197576.2 s, ωt:  19.76 (3.14 periods), wall: 9.494 minutes, Δt:   2.01, CFL: 9.00e-01
i:  81300, t:  197774.6 s, ωt:  19.78 (3.15 periods), wall: 9.506 minutes, Δt:   1.70, CFL: 9.00e-01
i:  81400, t:  197970.5 s, ωt:  19.80 (3.15 periods), wall: 9.517 minutes, Δt:   1.96, CFL: 9.00e-01
i:  81500, t:  198159.9 s, ωt:  19.82 (3.15 periods), wall: 9.527 minutes, Δt:   2.33, CFL: 8.99e-01
i:  81600, t:  198363.6 s, ωt:  19.84 (3.16 periods), wall: 9.538 minutes, Δt:   1.76, CFL: 9.00e-01
i:  81700, t:  198532.2 s, ωt:  19.85 (3.16 periods), wall: 9.549 minutes, Δt:   2.02, CFL: 9.00e-01
i:  81800, t:  198729.9 s, ωt:  19.87 (3.16 periods), wall: 9.561 minutes, Δt:   1.91, CFL: 9.00e-01
i:  81900, t:  198911.8 s, ωt:  19.89 (3.17 periods), wall: 9.572 minutes, Δt:   1.93, CFL: 9.00e-01
i:  82000, t:  199102.6 s, ωt:  19.91 (3.17 periods), wall: 9.583 minutes, Δt:   2.08, CFL: 9.00e-01
i:  82100, t:  199297.1 s, ωt:  19.93 (3.17 periods), wall: 9.594 minutes, Δt:   1.59, CFL: 9.00e-01
i:  82200, t:  199482.6 s, ωt:  19.95 (3.17 periods), wall: 9.604 minutes, Δt:   1.85, CFL: 9.00e-01
i:  82300, t:  199677.4 s, ωt:  19.97 (3.18 periods), wall: 9.616 minutes, Δt:   2.07, CFL: 9.00e-01
i:  82400, t:  199874.0 s, ωt:  19.99 (3.18 periods), wall: 9.627 minutes, Δt:   1.72, CFL: 9.00e-01
i:  82500, t:  200054.5 s, ωt:  20.01 (3.18 periods), wall: 9.637 minutes, Δt:   1.83, CFL: 9.00e-01
i:  82600, t:  200238.5 s, ωt:  20.02 (3.19 periods), wall: 9.648 minutes, Δt:   1.87, CFL: 9.00e-01
i:  82700, t:  200424.9 s, ωt:  20.04 (3.19 periods), wall: 9.658 minutes, Δt:   1.85, CFL: 9.00e-01
i:  82800, t:  200602.8 s, ωt:  20.06 (3.19 periods), wall: 9.670 minutes, Δt:   1.94, CFL: 9.00e-01
i:  82900, t:  200774.1 s, ωt:  20.08 (3.20 periods), wall: 9.682 minutes, Δt:   1.53, CFL: 9.00e-01
i:  83000, t:  200955.2 s, ωt:  20.10 (3.20 periods), wall: 9.692 minutes, Δt:   1.93, CFL: 9.00e-01
i:  83100, t:  201134.0 s, ωt:  20.11 (3.20 periods), wall: 9.703 minutes, Δt:   1.63, CFL: 9.00e-01
i:  83200, t:  201299.3 s, ωt:  20.13 (3.20 periods), wall: 9.713 minutes, Δt:   1.46, CFL: 9.00e-01
i:  83300, t:  201458.9 s, ωt:  20.15 (3.21 periods), wall: 9.724 minutes, Δt:   1.63, CFL: 9.00e-01
i:  83400, t:  201626.1 s, ωt:  20.16 (3.21 periods), wall: 9.734 minutes, Δt:   1.69, CFL: 9.00e-01
i:  83500, t:  201793.7 s, ωt:  20.18 (3.21 periods), wall: 9.745 minutes, Δt:   1.65, CFL: 9.00e-01
i:  83600, t:  201962.2 s, ωt:  20.20 (3.21 periods), wall: 9.756 minutes, Δt:   1.85, CFL: 9.00e-01
i:  83700, t:  202128.7 s, ωt:  20.21 (3.22 periods), wall: 9.766 minutes, Δt:   1.54, CFL: 9.00e-01
i:  83800, t:  202297.8 s, ωt:  20.23 (3.22 periods), wall: 9.777 minutes, Δt:   1.69, CFL: 9.00e-01
i:  83900, t:  202473.1 s, ωt:  20.25 (3.22 periods), wall: 9.788 minutes, Δt:   1.62, CFL: 9.00e-01
i:  84000, t:  202642.1 s, ωt:  20.26 (3.23 periods), wall: 9.803 minutes, Δt:   1.35, CFL: 9.00e-01
i:  84100, t:  202789.2 s, ωt:  20.28 (3.23 periods), wall: 9.813 minutes, Δt:   1.83, CFL: 9.00e-01
i:  84200, t:  202955.7 s, ωt:  20.30 (3.23 periods), wall: 9.824 minutes, Δt:   1.83, CFL: 9.00e-01
i:  84300, t:  203143.3 s, ωt:  20.31 (3.23 periods), wall: 9.834 minutes, Δt:   1.88, CFL: 9.00e-01
i:  84400, t:  203317.3 s, ωt:  20.33 (3.24 periods), wall: 9.845 minutes, Δt:   1.64, CFL: 9.00e-01
i:  84500, t:  203490.2 s, ωt:  20.35 (3.24 periods), wall: 9.855 minutes, Δt:   1.55, CFL: 9.00e-01
i:  84600, t:  203657.1 s, ωt:  20.37 (3.24 periods), wall: 9.866 minutes, Δt:   1.59, CFL: 9.00e-01
i:  84700, t:  203825.0 s, ωt:  20.38 (3.24 periods), wall: 9.876 minutes, Δt:   1.79, CFL: 9.00e-01
i:  84800, t:  203986.6 s, ωt:  20.40 (3.25 periods), wall: 9.887 minutes, Δt:   1.57, CFL: 9.00e-01
i:  84900, t:  204142.2 s, ωt:  20.41 (3.25 periods), wall: 9.897 minutes, Δt:   1.73, CFL: 9.00e-01
i:  85000, t:  204312.6 s, ωt:  20.43 (3.25 periods), wall: 9.908 minutes, Δt:   1.73, CFL: 9.00e-01
i:  85100, t:  204482.3 s, ωt:  20.45 (3.25 periods), wall: 9.918 minutes, Δt:   1.84, CFL: 9.00e-01
i:  85200, t:  204663.0 s, ωt:  20.47 (3.26 periods), wall: 9.929 minutes, Δt:   1.21, CFL: 9.00e-01
i:  85300, t:  204810.7 s, ωt:  20.48 (3.26 periods), wall: 9.939 minutes, Δt:   1.80, CFL: 9.00e-01
i:  85400, t:  204974.1 s, ωt:  20.50 (3.26 periods), wall: 9.950 minutes, Δt:   1.48, CFL: 9.00e-01
i:  85500, t:  205128.4 s, ωt:  20.51 (3.26 periods), wall: 9.960 minutes, Δt:   1.63, CFL: 9.00e-01
i:  85600, t:  205283.5 s, ωt:  20.53 (3.27 periods), wall: 9.972 minutes, Δt:   1.67, CFL: 9.00e-01
i:  85700, t:  205446.3 s, ωt:  20.54 (3.27 periods), wall: 9.982 minutes, Δt:   1.79, CFL: 9.00e-01
i:  85800, t:  205617.9 s, ωt:  20.56 (3.27 periods), wall: 9.993 minutes, Δt:   1.83, CFL: 9.00e-01
i:  85900, t:  205787.4 s, ωt:  20.58 (3.28 periods), wall: 10.004 minutes, Δt:   1.63, CFL: 9.00e-01
i:  86000, t:  205969.6 s, ωt:  20.60 (3.28 periods), wall: 10.014 minutes, Δt:   1.77, CFL: 9.00e-01
i:  86100, t:  206131.0 s, ωt:  20.61 (3.28 periods), wall: 10.026 minutes, Δt:   1.66, CFL: 9.00e-01
i:  86200, t:  206284.1 s, ωt:  20.63 (3.28 periods), wall: 10.036 minutes, Δt:   1.77, CFL: 9.00e-01
i:  86300, t:  206454.1 s, ωt:  20.65 (3.29 periods), wall: 10.049 minutes, Δt:   1.69, CFL: 9.00e-01
i:  86400, t:  206613.3 s, ωt:  20.66 (3.29 periods), wall: 10.059 minutes, Δt:   1.72, CFL: 9.00e-01
i:  86500, t:  206791.7 s, ωt:  20.68 (3.29 periods), wall: 10.072 minutes, Δt:   1.86, CFL: 9.00e-01
i:  86600, t:  206960.9 s, ωt:  20.70 (3.29 periods), wall: 10.082 minutes, Δt:   1.80, CFL: 9.00e-01
i:  86700, t:  207130.9 s, ωt:  20.71 (3.30 periods), wall: 10.093 minutes, Δt:   1.97, CFL: 9.00e-01
i:  86800, t:  207317.3 s, ωt:  20.73 (3.30 periods), wall: 10.103 minutes, Δt:   1.44, CFL: 9.00e-01
i:  86900, t:  207484.6 s, ωt:  20.75 (3.30 periods), wall: 10.118 minutes, Δt:   1.42, CFL: 9.00e-01
i:  87000, t:  207654.8 s, ωt:  20.77 (3.30 periods), wall: 10.129 minutes, Δt:   1.35, CFL: 9.00e-01
i:  87100, t:  207820.5 s, ωt:  20.78 (3.31 periods), wall: 10.140 minutes, Δt:   1.66, CFL: 9.00e-01
i:  87200, t:  208002.3 s, ωt:  20.80 (3.31 periods), wall: 10.153 minutes, Δt:   1.88, CFL: 9.00e-01
i:  87300, t:  208181.4 s, ωt:  20.82 (3.31 periods), wall: 10.163 minutes, Δt:   1.82, CFL: 9.00e-01
i:  87400, t:  208375.4 s, ωt:  20.84 (3.32 periods), wall: 10.174 minutes, Δt:   1.92, CFL: 9.00e-01
i:  87500, t:  208547.2 s, ωt:  20.85 (3.32 periods), wall: 10.185 minutes, Δt:   1.47, CFL: 9.00e-01
i:  87600, t:  208711.4 s, ωt:  20.87 (3.32 periods), wall: 10.196 minutes, Δt:   1.66, CFL: 9.00e-01
i:  87700, t:  208880.0 s, ωt:  20.89 (3.32 periods), wall: 10.206 minutes, Δt:   1.61, CFL: 9.00e-01
i:  87800, t:  209076.5 s, ωt:  20.91 (3.33 periods), wall: 10.217 minutes, Δt:   1.85, CFL: 9.00e-01
i:  87900, t:  209280.1 s, ωt:  20.93 (3.33 periods), wall: 10.229 minutes, Δt:   1.92, CFL: 9.00e-01
i:  88000, t:  209476.7 s, ωt:  20.95 (3.33 periods), wall: 10.239 minutes, Δt:   1.92, CFL: 9.00e-01
i:  88100, t:  209675.4 s, ωt:  20.97 (3.34 periods), wall: 10.250 minutes, Δt:   1.92, CFL: 9.00e-01
i:  88200, t:  209879.9 s, ωt:  20.99 (3.34 periods), wall: 10.262 minutes, Δt:   2.14, CFL: 9.00e-01
i:  88300, t:  210077.8 s, ωt:  21.01 (3.34 periods), wall: 10.272 minutes, Δt:   1.96, CFL: 9.00e-01
i:  88400, t:  210279.9 s, ωt:  21.03 (3.35 periods), wall: 10.283 minutes, Δt:   2.03, CFL: 9.00e-01
i:  88500, t:  210493.1 s, ωt:  21.05 (3.35 periods), wall: 10.295 minutes, Δt:   2.24, CFL: 9.00e-01
i:  88600, t:  210704.2 s, ωt:  21.07 (3.35 periods), wall: 10.305 minutes, Δt:   2.22, CFL: 9.00e-01
i:  88700, t:  210923.8 s, ωt:  21.09 (3.36 periods), wall: 10.316 minutes, Δt:   1.79, CFL: 9.00e-01
i:  88800, t:  211129.7 s, ωt:  21.11 (3.36 periods), wall: 10.327 minutes, Δt:   2.34, CFL: 9.00e-01
i:  88900, t:  211369.2 s, ωt:  21.14 (3.36 periods), wall: 10.337 minutes, Δt:   2.32, CFL: 9.00e-01
i:  89000, t:  211595.5 s, ωt:  21.16 (3.37 periods), wall: 10.349 minutes, Δt:   2.25, CFL: 9.00e-01
i:  89100, t:  211822.9 s, ωt:  21.18 (3.37 periods), wall: 10.362 minutes, Δt:   2.36, CFL: 9.00e-01
i:  89200, t:  212020.4 s, ωt:  21.20 (3.37 periods), wall: 10.371 minutes, Δt:   2.02, CFL: 9.00e-01
i:  89300, t:  212241.3 s, ωt:  21.22 (3.38 periods), wall: 10.384 minutes, Δt:   2.29, CFL: 9.00e-01
i:  89400, t:  212469.0 s, ωt:  21.25 (3.38 periods), wall: 10.395 minutes, Δt:   2.40, CFL: 9.00e-01
i:  89500, t:  212694.0 s, ωt:  21.27 (3.39 periods), wall: 10.407 minutes, Δt:   2.25, CFL: 9.00e-01
i:  89600, t:  212932.8 s, ωt:  21.29 (3.39 periods), wall: 10.416 minutes, Δt:   2.37, CFL: 9.00e-01
i:  89700, t:  213179.2 s, ωt:  21.32 (3.39 periods), wall: 10.429 minutes, Δt:   2.38, CFL: 9.00e-01
i:  89800, t:  213436.3 s, ωt:  21.34 (3.40 periods), wall: 10.441 minutes, Δt:   2.10, CFL: 9.00e-01
i:  89900, t:  213668.8 s, ωt:  21.37 (3.40 periods), wall: 10.453 minutes, Δt:   2.18, CFL: 9.00e-01
i:  90000, t:  213900.2 s, ωt:  21.39 (3.40 periods), wall: 10.463 minutes, Δt:   2.57, CFL: 9.00e-01
i:  90100, t:  214154.7 s, ωt:  21.42 (3.41 periods), wall: 10.474 minutes, Δt:   3.15, CFL: 9.00e-01
i:  90200, t:  214442.9 s, ωt:  21.44 (3.41 periods), wall: 10.485 minutes, Δt:   3.12, CFL: 9.00e-01
i:  90300, t:  214768.3 s, ωt:  21.48 (3.42 periods), wall: 10.496 minutes, Δt:   3.08, CFL: 9.00e-01
i:  90400, t:  215067.9 s, ωt:  21.51 (3.42 periods), wall: 10.507 minutes, Δt:   3.07, CFL: 9.00e-01
i:  90500, t:  215380.1 s, ωt:  21.54 (3.43 periods), wall: 10.520 minutes, Δt:   2.65, CFL: 9.00e-01
i:  90600, t:  215658.6 s, ωt:  21.57 (3.43 periods), wall: 10.533 minutes, Δt:   2.65, CFL: 9.00e-01
i:  90700, t:  215923.9 s, ωt:  21.59 (3.44 periods), wall: 10.545 minutes, Δt:   2.86, CFL: 9.00e-01
i:  90800, t:  216229.4 s, ωt:  21.62 (3.44 periods), wall: 10.557 minutes, Δt:   3.18, CFL: 9.00e-01
i:  90900, t:  216605.0 s, ωt:  21.66 (3.45 periods), wall: 10.569 minutes, Δt:   3.01, CFL: 9.00e-01
i:  91000, t:  216940.5 s, ωt:  21.69 (3.45 periods), wall: 10.581 minutes, Δt:   3.13, CFL: 9.00e-01
i:  91100, t:  217322.1 s, ωt:  21.73 (3.46 periods), wall: 10.593 minutes, Δt:   4.25, CFL: 9.00e-01
i:  91200, t:  217716.7 s, ωt:  21.77 (3.47 periods), wall: 10.610 minutes, Δt:   4.03, CFL: 9.00e-01
i:  91300, t:  218163.5 s, ωt:  21.82 (3.47 periods), wall: 10.622 minutes, Δt:   4.15, CFL: 9.00e-01
i:  91400, t:  218574.9 s, ωt:  21.86 (3.48 periods), wall: 10.636 minutes, Δt:   5.45, CFL: 9.00e-01
i:  91500, t:  219159.3 s, ωt:  21.92 (3.49 periods), wall: 10.649 minutes, Δt:   6.67, CFL: 9.00e-01
i:  91600, t:  219842.1 s, ωt:  21.98 (3.50 periods), wall: 10.662 minutes, Δt:   7.67, CFL: 9.00e-01
i:  91700, t:  220467.6 s, ωt:  22.05 (3.51 periods), wall: 10.703 minutes, Δt:   6.48, CFL: 9.00e-01
i:  91800, t:  221063.3 s, ωt:  22.11 (3.52 periods), wall: 10.718 minutes, Δt:   6.39, CFL: 9.00e-01
i:  91900, t:  221649.7 s, ωt:  22.16 (3.53 periods), wall: 10.731 minutes, Δt:   5.34, CFL: 9.00e-01
i:  92000, t:  222216.2 s, ωt:  22.22 (3.54 periods), wall: 10.743 minutes, Δt:   5.65, CFL: 9.00e-01
i:  92100, t:  222737.6 s, ωt:  22.27 (3.54 periods), wall: 10.756 minutes, Δt:   4.57, CFL: 9.00e-01
i:  92200, t:  223164.8 s, ωt:  22.32 (3.55 periods), wall: 10.770 minutes, Δt:   3.88, CFL: 9.00e-01
i:  92300, t:  223537.5 s, ωt:  22.35 (3.56 periods), wall: 10.781 minutes, Δt:   3.92, CFL: 9.00e-01
i:  92400, t:  223921.9 s, ωt:  22.39 (3.56 periods), wall: 10.793 minutes, Δt:   3.73, CFL: 9.00e-01
i:  92500, t:  224278.1 s, ωt:  22.43 (3.57 periods), wall: 10.805 minutes, Δt:   3.32, CFL: 9.00e-01
i:  92600, t:  224616.1 s, ωt:  22.46 (3.57 periods), wall: 10.818 minutes, Δt:   3.48, CFL: 9.00e-01
i:  92700, t:  224937.1 s, ωt:  22.49 (3.58 periods), wall: 10.830 minutes, Δt:   3.55, CFL: 9.00e-01
i:  92800, t:  225264.4 s, ωt:  22.53 (3.59 periods), wall: 10.844 minutes, Δt:   3.01, CFL: 9.00e-01
i:  92900, t:  225560.2 s, ωt:  22.56 (3.59 periods), wall: 10.854 minutes, Δt:   2.82, CFL: 9.00e-01
i:  93000, t:  225823.6 s, ωt:  22.58 (3.59 periods), wall: 10.865 minutes, Δt:   2.44, CFL: 9.00e-01
i:  93100, t:  226080.0 s, ωt:  22.61 (3.60 periods), wall: 10.876 minutes, Δt:   2.93, CFL: 9.00e-01
i:  93200, t:  226337.0 s, ωt:  22.63 (3.60 periods), wall: 10.887 minutes, Δt:   2.12, CFL: 9.00e-01
i:  93300, t:  226568.9 s, ωt:  22.66 (3.61 periods), wall: 10.902 minutes, Δt:   1.92, CFL: 9.00e-01
i:  93400, t:  226784.8 s, ωt:  22.68 (3.61 periods), wall: 10.912 minutes, Δt:   2.61, CFL: 9.00e-01
i:  93500, t:  227026.3 s, ωt:  22.70 (3.61 periods), wall: 10.923 minutes, Δt:   2.34, CFL: 9.00e-01
i:  93600, t:  227253.0 s, ωt:  22.73 (3.62 periods), wall: 10.935 minutes, Δt:   2.53, CFL: 9.00e-01
i:  93700, t:  227486.4 s, ωt:  22.75 (3.62 periods), wall: 10.947 minutes, Δt:   2.27, CFL: 9.00e-01
i:  93800, t:  227715.2 s, ωt:  22.77 (3.62 periods), wall: 10.957 minutes, Δt:   2.47, CFL: 9.00e-01
i:  93900, t:  227942.7 s, ωt:  22.79 (3.63 periods), wall: 10.968 minutes, Δt:   2.27, CFL: 9.00e-01
i:  94000, t:  228161.3 s, ωt:  22.82 (3.63 periods), wall: 10.981 minutes, Δt:   2.24, CFL: 9.00e-01
i:  94100, t:  228361.7 s, ωt:  22.84 (3.63 periods), wall: 10.991 minutes, Δt:   2.03, CFL: 9.00e-01
i:  94200, t:  228570.7 s, ωt:  22.86 (3.64 periods), wall: 11.002 minutes, Δt:   1.57, CFL: 9.00e-01
i:  94300, t:  228753.3 s, ωt:  22.88 (3.64 periods), wall: 11.013 minutes, Δt:   1.93, CFL: 9.00e-01
i:  94400, t:  228954.2 s, ωt:  22.90 (3.64 periods), wall: 11.023 minutes, Δt:   2.01, CFL: 9.00e-01
i:  94500, t:  229157.4 s, ωt:  22.92 (3.65 periods), wall: 11.034 minutes, Δt:   1.91, CFL: 9.00e-01
i:  94600, t:  229350.5 s, ωt:  22.94 (3.65 periods), wall: 11.045 minutes, Δt:   2.14, CFL: 9.00e-01
i:  94700, t:  229546.4 s, ωt:  22.95 (3.65 periods), wall: 11.055 minutes, Δt:   1.93, CFL: 9.00e-01
i:  94800, t:  229735.0 s, ωt:  22.97 (3.66 periods), wall: 11.069 minutes, Δt:   1.77, CFL: 9.00e-01
i:  94900, t:  229926.6 s, ωt:  22.99 (3.66 periods), wall: 11.079 minutes, Δt:   1.82, CFL: 9.00e-01
i:  95000, t:  230103.2 s, ωt:  23.01 (3.66 periods), wall: 11.090 minutes, Δt:   1.98, CFL: 9.00e-01
i:  95100, t:  230280.5 s, ωt:  23.03 (3.67 periods), wall: 11.101 minutes, Δt:   1.88, CFL: 9.00e-01
i:  95200, t:  230440.0 s, ωt:  23.04 (3.67 periods), wall: 11.112 minutes, Δt:   1.97, CFL: 9.00e-01
i:  95300, t:  230614.6 s, ωt:  23.06 (3.67 periods), wall: 11.123 minutes, Δt:   2.00, CFL: 9.00e-01
i:  95400, t:  230796.5 s, ωt:  23.08 (3.67 periods), wall: 11.133 minutes, Δt:   1.56, CFL: 9.00e-01
i:  95500, t:  230955.9 s, ωt:  23.10 (3.68 periods), wall: 11.144 minutes, Δt:   1.75, CFL: 9.00e-01
i:  95600, t:  231125.7 s, ωt:  23.11 (3.68 periods), wall: 11.154 minutes, Δt:   1.70, CFL: 9.00e-01
i:  95700, t:  231283.2 s, ωt:  23.13 (3.68 periods), wall: 11.169 minutes, Δt:   1.77, CFL: 9.00e-01
i:  95800, t:  231468.6 s, ωt:  23.15 (3.68 periods), wall: 11.179 minutes, Δt:   1.88, CFL: 9.00e-01
i:  95900, t:  231647.5 s, ωt:  23.16 (3.69 periods), wall: 11.190 minutes, Δt:   1.81, CFL: 9.00e-01
i:  96000, t:  231831.3 s, ωt:  23.18 (3.69 periods), wall: 11.200 minutes, Δt:   1.89, CFL: 9.00e-01
i:  96100, t:  232004.0 s, ωt:  23.20 (3.69 periods), wall: 11.211 minutes, Δt:   1.72, CFL: 9.00e-01
i:  96200, t:  232169.7 s, ωt:  23.22 (3.70 periods), wall: 11.223 minutes, Δt:   1.66, CFL: 9.00e-01
i:  96300, t:  232342.6 s, ωt:  23.23 (3.70 periods), wall: 11.233 minutes, Δt:   1.72, CFL: 9.00e-01
i:  96400, t:  232515.6 s, ωt:  23.25 (3.70 periods), wall: 11.244 minutes, Δt:   1.45, CFL: 9.00e-01
i:  96500, t:  232678.5 s, ωt:  23.27 (3.70 periods), wall: 11.254 minutes, Δt:   1.51, CFL: 9.00e-01
i:  96600, t:  232830.2 s, ωt:  23.28 (3.71 periods), wall: 11.270 minutes, Δt:   1.75, CFL: 9.00e-01
i:  96700, t:  232998.8 s, ωt:  23.30 (3.71 periods), wall: 11.280 minutes, Δt:   1.71, CFL: 9.00e-01
i:  96800, t:  233162.9 s, ωt:  23.32 (3.71 periods), wall: 11.296 minutes, Δt:   1.66, CFL: 9.00e-01
i:  96900, t:  233337.6 s, ωt:  23.33 (3.71 periods), wall: 11.306 minutes, Δt:   1.70, CFL: 9.00e-01
i:  97000, t:  233499.7 s, ωt:  23.35 (3.72 periods), wall: 11.317 minutes, Δt:   1.63, CFL: 9.00e-01
i:  97100, t:  233650.8 s, ωt:  23.37 (3.72 periods), wall: 11.327 minutes, Δt:   1.48, CFL: 9.00e-01
i:  97200, t:  233816.4 s, ωt:  23.38 (3.72 periods), wall: 11.339 minutes, Δt:   1.30, CFL: 9.00e-01
i:  97300, t:  233978.3 s, ωt:  23.40 (3.72 periods), wall: 11.349 minutes, Δt:   1.46, CFL: 9.00e-01
i:  97400, t:  234140.0 s, ωt:  23.41 (3.73 periods), wall: 11.365 minutes, Δt:   1.86, CFL: 9.00e-01
i:  97500, t:  234299.8 s, ωt:  23.43 (3.73 periods), wall: 11.374 minutes, Δt:   1.65, CFL: 9.00e-01
i:  97600, t:  234457.0 s, ωt:  23.45 (3.73 periods), wall: 11.386 minutes, Δt:   1.73, CFL: 9.00e-01
i:  97700, t:  234625.5 s, ωt:  23.46 (3.73 periods), wall: 11.396 minutes, Δt:   1.68, CFL: 9.00e-01
i:  97800, t:  234777.9 s, ωt:  23.48 (3.74 periods), wall: 11.407 minutes, Δt:   1.69, CFL: 9.00e-01
i:  97900, t:  234924.3 s, ωt:  23.49 (3.74 periods), wall: 11.417 minutes, Δt:   1.47, CFL: 9.00e-01
i:  98000, t:  235093.8 s, ωt:  23.51 (3.74 periods), wall: 11.435 minutes, Δt:   1.70, CFL: 9.00e-01
i:  98100, t:  235254.7 s, ωt:  23.53 (3.74 periods), wall: 11.445 minutes, Δt:   1.48, CFL: 9.00e-01
i:  98200, t:  235406.3 s, ωt:  23.54 (3.75 periods), wall: 11.456 minutes, Δt:   1.45, CFL: 9.00e-01
i:  98300, t:  235564.3 s, ωt:  23.56 (3.75 periods), wall: 11.466 minutes, Δt:   1.49, CFL: 9.00e-01
i:  98400, t:  235732.1 s, ωt:  23.57 (3.75 periods), wall: 11.478 minutes, Δt:   1.70, CFL: 9.00e-01
i:  98500, t:  235892.2 s, ωt:  23.59 (3.75 periods), wall: 11.488 minutes, Δt:   1.66, CFL: 9.00e-01
i:  98600, t:  236044.0 s, ωt:  23.60 (3.76 periods), wall: 11.499 minutes, Δt:   1.56, CFL: 9.00e-01
i:  98700, t:  236212.4 s, ωt:  23.62 (3.76 periods), wall: 11.509 minutes, Δt:   1.52, CFL: 9.00e-01
i:  98800, t:  236382.6 s, ωt:  23.64 (3.76 periods), wall: 11.523 minutes, Δt:   1.32, CFL: 9.00e-01
i:  98900, t:  236530.6 s, ωt:  23.65 (3.76 periods), wall: 11.533 minutes, Δt:   1.52, CFL: 9.00e-01
i:  99000, t:  236704.2 s, ωt:  23.67 (3.77 periods), wall: 11.545 minutes, Δt:   1.72, CFL: 9.00e-01
i:  99100, t:  236879.1 s, ωt:  23.69 (3.77 periods), wall: 11.557 minutes, Δt:   1.46, CFL: 9.00e-01
i:  99200, t:  237043.7 s, ωt:  23.70 (3.77 periods), wall: 11.567 minutes, Δt:   1.66, CFL: 9.00e-01
i:  99300, t:  237212.8 s, ωt:  23.72 (3.78 periods), wall: 11.578 minutes, Δt:   1.76, CFL: 9.00e-01
i:  99400, t:  237377.3 s, ωt:  23.74 (3.78 periods), wall: 11.588 minutes, Δt:   1.79, CFL: 9.00e-01
i:  99500, t:  237526.9 s, ωt:  23.75 (3.78 periods), wall: 11.599 minutes, Δt:   1.26, CFL: 9.00e-01
i:  99600, t:  237672.7 s, ωt:  23.77 (3.78 periods), wall: 11.609 minutes, Δt:   1.57, CFL: 9.00e-01
i:  99700, t:  237848.9 s, ωt:  23.78 (3.79 periods), wall: 11.621 minutes, Δt:   1.79, CFL: 9.00e-01
i:  99800, t:  238024.9 s, ωt:  23.80 (3.79 periods), wall: 11.630 minutes, Δt:   1.68, CFL: 9.00e-01
i:  99900, t:  238196.5 s, ωt:  23.82 (3.79 periods), wall: 11.642 minutes, Δt:   1.88, CFL: 9.00e-01
i: 100000, t:  238390.5 s, ωt:  23.84 (3.79 periods), wall: 11.652 minutes, Δt:   1.83, CFL: 9.00e-01
i: 100100, t:  238564.6 s, ωt:  23.86 (3.80 periods), wall: 11.664 minutes, Δt:   1.77, CFL: 9.00e-01
i: 100200, t:  238731.8 s, ωt:  23.87 (3.80 periods), wall: 11.674 minutes, Δt:   1.35, CFL: 9.00e-01
i: 100300, t:  238895.5 s, ωt:  23.89 (3.80 periods), wall: 11.686 minutes, Δt:   1.63, CFL: 9.00e-01
i: 100400, t:  239078.9 s, ωt:  23.91 (3.81 periods), wall: 11.701 minutes, Δt:   1.81, CFL: 9.00e-01
i: 100500, t:  239264.8 s, ωt:  23.93 (3.81 periods), wall: 11.711 minutes, Δt:   1.86, CFL: 9.00e-01
i: 100600, t:  239452.5 s, ωt:  23.95 (3.81 periods), wall: 11.723 minutes, Δt:   1.78, CFL: 9.00e-01
i: 100700, t:  239645.8 s, ωt:  23.96 (3.81 periods), wall: 11.733 minutes, Δt:   1.86, CFL: 9.00e-01
i: 100800, t:  239815.1 s, ωt:  23.98 (3.82 periods), wall: 11.744 minutes, Δt:   1.37, CFL: 9.00e-01
i: 100900, t:  239977.5 s, ωt:  24.00 (3.82 periods), wall: 11.754 minutes, Δt:   1.43, CFL: 9.00e-01
i: 101000, t:  240149.1 s, ωt:  24.01 (3.82 periods), wall: 11.766 minutes, Δt:   1.48, CFL: 9.00e-01
i: 101100, t:  240302.8 s, ωt:  24.03 (3.82 periods), wall: 11.776 minutes, Δt:   1.92, CFL: 9.00e-01
i: 101200, t:  240474.9 s, ωt:  24.05 (3.83 periods), wall: 11.787 minutes, Δt:   1.97, CFL: 9.00e-01
i: 101300, t:  240657.4 s, ωt:  24.07 (3.83 periods), wall: 11.798 minutes, Δt:   1.65, CFL: 9.00e-01
i: 101400, t:  240842.7 s, ωt:  24.08 (3.83 periods), wall: 11.808 minutes, Δt:   1.99, CFL: 9.00e-01
i: 101500, t:  241031.0 s, ωt:  24.10 (3.84 periods), wall: 11.820 minutes, Δt:   1.50, CFL: 9.00e-01
i: 101600, t:  241182.1 s, ωt:  24.12 (3.84 periods), wall: 11.830 minutes, Δt:   1.75, CFL: 9.00e-01
i: 101700, t:  241354.0 s, ωt:  24.14 (3.84 periods), wall: 11.841 minutes, Δt:   1.91, CFL: 9.00e-01
i: 101800, t:  241538.1 s, ωt:  24.15 (3.84 periods), wall: 11.851 minutes, Δt:   2.11, CFL: 9.00e-01
i: 101900, t:  241751.9 s, ωt:  24.18 (3.85 periods), wall: 11.863 minutes, Δt:   1.83, CFL: 9.00e-01
i: 102000, t:  241955.4 s, ωt:  24.20 (3.85 periods), wall: 11.874 minutes, Δt:   2.10, CFL: 9.00e-01
i: 102100, t:  242149.9 s, ωt:  24.21 (3.85 periods), wall: 11.884 minutes, Δt:   2.15, CFL: 9.00e-01
i: 102200, t:  242336.4 s, ωt:  24.23 (3.86 periods), wall: 11.896 minutes, Δt:   1.83, CFL: 9.00e-01
i: 102300, t:  242525.2 s, ωt:  24.25 (3.86 periods), wall: 11.906 minutes, Δt:   1.76, CFL: 9.00e-01
i: 102400, t:  242725.0 s, ωt:  24.27 (3.86 periods), wall: 11.919 minutes, Δt:   1.87, CFL: 9.00e-01
i: 102500, t:  242927.2 s, ωt:  24.29 (3.87 periods), wall: 11.930 minutes, Δt:   1.65, CFL: 9.00e-01
i: 102600, t:  243129.5 s, ωt:  24.31 (3.87 periods), wall: 11.940 minutes, Δt:   2.07, CFL: 9.00e-01
i: 102700, t:  243347.0 s, ωt:  24.33 (3.87 periods), wall: 11.951 minutes, Δt:   1.89, CFL: 9.00e-01
i: 102800, t:  243532.4 s, ωt:  24.35 (3.88 periods), wall: 11.964 minutes, Δt:   1.91, CFL: 8.27e-01
i: 102900, t:  243749.8 s, ωt:  24.37 (3.88 periods), wall: 11.974 minutes, Δt:   2.13, CFL: 9.00e-01
i: 103000, t:  243972.2 s, ωt:  24.40 (3.88 periods), wall: 11.994 minutes, Δt:   2.26, CFL: 9.00e-01
i: 103100, t:  244210.5 s, ωt:  24.42 (3.89 periods), wall: 12.006 minutes, Δt:   2.19, CFL: 9.00e-01
i: 103200, t:  244420.2 s, ωt:  24.44 (3.89 periods), wall: 12.017 minutes, Δt:   2.09, CFL: 9.00e-01
i: 103300, t:  244654.0 s, ωt:  24.47 (3.89 periods), wall: 12.027 minutes, Δt:   2.71, CFL: 9.00e-01
i: 103400, t:  244929.6 s, ωt:  24.49 (3.90 periods), wall: 12.038 minutes, Δt:   2.10, CFL: 9.00e-01
i: 103500, t:  245156.7 s, ωt:  24.52 (3.90 periods), wall: 12.050 minutes, Δt:   2.12, CFL: 9.00e-01
i: 103600, t:  245399.8 s, ωt:  24.54 (3.91 periods), wall: 12.061 minutes, Δt:   2.35, CFL: 9.00e-01
i: 103700, t:  245647.1 s, ωt:  24.56 (3.91 periods), wall: 12.071 minutes, Δt:   2.78, CFL: 9.00e-01
i: 103800, t:  245943.5 s, ωt:  24.59 (3.91 periods), wall: 12.083 minutes, Δt:   2.44, CFL: 9.00e-01
i: 103900, t:  246231.1 s, ωt:  24.62 (3.92 periods), wall: 12.094 minutes, Δt:   2.50, CFL: 9.00e-01
i: 104000, t:  246499.5 s, ωt:  24.65 (3.92 periods), wall: 12.106 minutes, Δt:   2.74, CFL: 9.00e-01
i: 104100, t:  246798.7 s, ωt:  24.68 (3.93 periods), wall: 12.117 minutes, Δt:   2.23, CFL: 9.00e-01
i: 104200, t:  247072.2 s, ωt:  24.71 (3.93 periods), wall: 12.128 minutes, Δt:   2.40, CFL: 9.00e-01
i: 104300, t:  247324.8 s, ωt:  24.73 (3.94 periods), wall: 12.140 minutes, Δt:   2.99, CFL: 9.00e-01
i: 104400, t:  247653.3 s, ωt:  24.77 (3.94 periods), wall: 12.151 minutes, Δt:   3.18, CFL: 9.00e-01
i: 104500, t:  247986.4 s, ωt:  24.80 (3.95 periods), wall: 12.163 minutes, Δt:   3.54, CFL: 9.00e-01
i: 104600, t:  248382.5 s, ωt:  24.84 (3.95 periods), wall: 12.174 minutes, Δt:   4.46, CFL: 9.00e-01
i: 104700, t:  248797.1 s, ωt:  24.88 (3.96 periods), wall: 12.196 minutes, Δt:   4.44, CFL: 9.00e-01
i: 104800, t:  249214.4 s, ωt:  24.92 (3.97 periods), wall: 12.208 minutes, Δt:   5.05, CFL: 9.00e-01
i: 104900, t:  249691.6 s, ωt:  24.97 (3.97 periods), wall: 12.221 minutes, Δt:   5.39, CFL: 9.00e-01
i: 105000, t:  250276.4 s, ωt:  25.03 (3.98 periods), wall: 12.236 minutes, Δt:   7.31, CFL: 9.00e-01
i: 105100, t:  250968.2 s, ωt:  25.10 (3.99 periods), wall: 12.248 minutes, Δt:   5.78, CFL: 9.00e-01
i: 105200, t:  251665.2 s, ωt:  25.17 (4.01 periods), wall: 12.278 minutes, Δt:   8.02, CFL: 9.00e-01
i: 105300, t:  252334.3 s, ωt:  25.23 (4.02 periods), wall: 12.293 minutes, Δt:   6.88, CFL: 9.00e-01
i: 105400, t:  252992.7 s, ωt:  25.30 (4.03 periods), wall: 12.310 minutes, Δt:   6.93, CFL: 9.00e-01
i: 105500, t:  253532.3 s, ωt:  25.35 (4.04 periods), wall: 12.322 minutes, Δt:   5.80, CFL: 9.00e-01
i: 105600, t:  254076.4 s, ωt:  25.41 (4.04 periods), wall: 12.334 minutes, Δt:   5.40, CFL: 9.00e-01
i: 105700, t:  254592.9 s, ωt:  25.46 (4.05 periods), wall: 12.348 minutes, Δt:   5.61, CFL: 9.00e-01
i: 105800, t:  255117.5 s, ωt:  25.51 (4.06 periods), wall: 12.363 minutes, Δt:   4.61, CFL: 9.00e-01
i: 105900, t:  255501.7 s, ωt:  25.55 (4.07 periods), wall: 12.374 minutes, Δt:   4.03, CFL: 9.00e-01
i: 106000, t:  255882.5 s, ωt:  25.59 (4.07 periods), wall: 12.385 minutes, Δt:   2.84, CFL: 9.00e-01
i: 106100, t:  256215.2 s, ωt:  25.62 (4.08 periods), wall: 12.397 minutes, Δt:   3.76, CFL: 9.00e-01
i: 106200, t:  256522.6 s, ωt:  25.65 (4.08 periods), wall: 12.410 minutes, Δt:   3.24, CFL: 9.00e-01
i: 106300, t:  256838.1 s, ωt:  25.68 (4.09 periods), wall: 12.421 minutes, Δt:   3.19, CFL: 9.00e-01
i: 106400, t:  257136.9 s, ωt:  25.71 (4.09 periods), wall: 12.436 minutes, Δt:   2.88, CFL: 9.00e-01
i: 106500, t:  257419.6 s, ωt:  25.74 (4.10 periods), wall: 12.448 minutes, Δt:   2.65, CFL: 9.00e-01
i: 106600, t:  257677.3 s, ωt:  25.77 (4.10 periods), wall: 12.459 minutes, Δt:   2.57, CFL: 9.00e-01
i: 106700, t:  257940.9 s, ωt:  25.79 (4.11 periods), wall: 12.470 minutes, Δt:   2.85, CFL: 9.00e-01
i: 106800, t:  258202.2 s, ωt:  25.82 (4.11 periods), wall: 12.480 minutes, Δt:   1.99, CFL: 9.00e-01
i: 106900, t:  258442.5 s, ωt:  25.84 (4.11 periods), wall: 12.492 minutes, Δt:   2.05, CFL: 9.00e-01
i: 107000, t:  258686.1 s, ωt:  25.87 (4.12 periods), wall: 12.503 minutes, Δt:   2.58, CFL: 9.00e-01
i: 107100, t:  258924.0 s, ωt:  25.89 (4.12 periods), wall: 12.514 minutes, Δt:   2.31, CFL: 9.00e-01
i: 107200, t:  259152.4 s, ωt:  25.92 (4.12 periods), wall: 12.524 minutes, Δt:   1.94, CFL: 9.00e-01
i: 107300, t:  259366.6 s, ωt:  25.94 (4.13 periods), wall: 12.536 minutes, Δt:   2.08, CFL: 9.00e-01
i: 107400, t:  259590.5 s, ωt:  25.96 (4.13 periods), wall: 12.547 minutes, Δt:   1.98, CFL: 9.00e-01
i: 107500, t:  259801.8 s, ωt:  25.98 (4.13 periods), wall: 12.557 minutes, Δt:   2.00, CFL: 9.00e-01
i: 107600, t:  260007.6 s, ωt:  26.00 (4.14 periods), wall: 12.568 minutes, Δt:   1.97, CFL: 9.00e-01
i: 107700, t:  260222.6 s, ωt:  26.02 (4.14 periods), wall: 12.580 minutes, Δt:   1.95, CFL: 9.00e-01
i: 107800, t:  260412.6 s, ωt:  26.04 (4.14 periods), wall: 12.590 minutes, Δt:   2.08, CFL: 9.00e-01
i: 107900, t:  260618.1 s, ωt:  26.06 (4.15 periods), wall: 12.602 minutes, Δt:   1.94, CFL: 9.00e-01
i: 108000, t:  260826.6 s, ωt:  26.08 (4.15 periods), wall: 12.615 minutes, Δt:   2.12, CFL: 9.00e-01
i: 108100, t:  261041.3 s, ωt:  26.10 (4.15 periods), wall: 12.625 minutes, Δt:   2.19, CFL: 9.00e-01
i: 108200, t:  261238.6 s, ωt:  26.12 (4.16 periods), wall: 12.636 minutes, Δt:   2.12, CFL: 9.00e-01
i: 108300, t:  261449.9 s, ωt:  26.14 (4.16 periods), wall: 12.647 minutes, Δt:   1.99, CFL: 9.00e-01
i: 108400, t:  261643.3 s, ωt:  26.16 (4.16 periods), wall: 12.657 minutes, Δt:   1.82, CFL: 9.00e-01
i: 108500, t:  261833.0 s, ωt:  26.18 (4.17 periods), wall: 12.670 minutes, Δt:   1.80, CFL: 9.00e-01
i: 108600, t:  262021.6 s, ωt:  26.20 (4.17 periods), wall: 12.683 minutes, Δt:   1.81, CFL: 9.00e-01
i: 108700, t:  262221.0 s, ωt:  26.22 (4.17 periods), wall: 12.692 minutes, Δt:   1.98, CFL: 9.00e-01
i: 108800, t:  262410.5 s, ωt:  26.24 (4.18 periods), wall: 12.703 minutes, Δt:   1.76, CFL: 9.00e-01
i: 108900, t:  262589.6 s, ωt:  26.26 (4.18 periods), wall: 12.713 minutes, Δt:   1.77, CFL: 9.00e-01
i: 109000, t:  262763.5 s, ωt:  26.28 (4.18 periods), wall: 12.725 minutes, Δt:   1.73, CFL: 9.00e-01
i: 109100, t:  262943.6 s, ωt:  26.29 (4.18 periods), wall: 12.735 minutes, Δt:   1.65, CFL: 9.00e-01
i: 109200, t:  263113.7 s, ωt:  26.31 (4.19 periods), wall: 12.768 minutes, Δt:   1.83, CFL: 9.00e-01
i: 109300, t:  263284.3 s, ωt:  26.33 (4.19 periods), wall: 12.780 minutes, Δt:   1.80, CFL: 9.00e-01
i: 109400, t:  263468.3 s, ωt:  26.35 (4.19 periods), wall: 12.789 minutes, Δt:   1.49, CFL: 9.00e-01
i: 109500, t:  263630.4 s, ωt:  26.36 (4.20 periods), wall: 12.800 minutes, Δt:   1.90, CFL: 9.00e-01
i: 109600, t:  263818.5 s, ωt:  26.38 (4.20 periods), wall: 12.810 minutes, Δt:   1.82, CFL: 9.00e-01
i: 109700, t:  264005.2 s, ωt:  26.40 (4.20 periods), wall: 12.821 minutes, Δt:   1.76, CFL: 9.00e-01
i: 109800, t:  264183.0 s, ωt:  26.42 (4.20 periods), wall: 12.831 minutes, Δt:   1.99, CFL: 9.00e-01
i: 109900, t:  264357.3 s, ωt:  26.44 (4.21 periods), wall: 12.842 minutes, Δt:   1.50, CFL: 9.00e-01
i: 110000, t:  264515.7 s, ωt:  26.45 (4.21 periods), wall: 12.852 minutes, Δt:   1.49, CFL: 9.00e-01
i: 110100, t:  264669.7 s, ωt:  26.47 (4.21 periods), wall: 12.864 minutes, Δt:   1.55, CFL: 9.00e-01
i: 110200, t:  264835.9 s, ωt:  26.48 (4.21 periods), wall: 12.874 minutes, Δt:   1.62, CFL: 9.00e-01
i: 110300, t:  265000.6 s, ωt:  26.50 (4.22 periods), wall: 12.887 minutes, Δt:   1.81, CFL: 9.00e-01
i: 110400, t:  265168.2 s, ωt:  26.52 (4.22 periods), wall: 12.897 minutes, Δt:   1.64, CFL: 9.00e-01
i: 110500, t:  265327.8 s, ωt:  26.53 (4.22 periods), wall: 12.907 minutes, Δt:   1.84, CFL: 9.00e-01
i: 110600, t:  265501.1 s, ωt:  26.55 (4.23 periods), wall: 12.918 minutes, Δt:   1.74, CFL: 9.00e-01
i: 110700, t:  265674.7 s, ωt:  26.57 (4.23 periods), wall: 12.928 minutes, Δt:   1.64, CFL: 9.00e-01
i: 110800, t:  265850.5 s, ωt:  26.59 (4.23 periods), wall: 12.939 minutes, Δt:   1.93, CFL: 9.00e-01
i: 110900, t:  266026.3 s, ωt:  26.60 (4.23 periods), wall: 12.949 minutes, Δt:   1.55, CFL: 9.00e-01
i: 111000, t:  266194.2 s, ωt:  26.62 (4.24 periods), wall: 12.960 minutes, Δt:   1.71, CFL: 9.00e-01
i: 111100, t:  266359.6 s, ωt:  26.64 (4.24 periods), wall: 12.970 minutes, Δt:   1.63, CFL: 9.00e-01
i: 111200, t:  266515.5 s, ωt:  26.65 (4.24 periods), wall: 12.982 minutes, Δt:   1.45, CFL: 9.00e-01
i: 111300, t:  266675.6 s, ωt:  26.67 (4.24 periods), wall: 12.992 minutes, Δt:   1.88, CFL: 9.00e-01
i: 111400, t:  266850.9 s, ωt:  26.69 (4.25 periods), wall: 13.004 minutes, Δt:   1.68, CFL: 9.00e-01
i: 111500, t:  267022.2 s, ωt:  26.70 (4.25 periods), wall: 13.014 minutes, Δt:   1.79, CFL: 9.00e-01
i: 111600, t:  267195.0 s, ωt:  26.72 (4.25 periods), wall: 13.026 minutes, Δt:   1.59, CFL: 9.00e-01
i: 111700, t:  267365.0 s, ωt:  26.74 (4.26 periods), wall: 13.037 minutes, Δt:   1.69, CFL: 9.00e-01
i: 111800, t:  267531.7 s, ωt:  26.75 (4.26 periods), wall: 13.047 minutes, Δt:   1.56, CFL: 9.00e-01
i: 111900, t:  267686.1 s, ωt:  26.77 (4.26 periods), wall: 13.057 minutes, Δt:   1.57, CFL: 9.00e-01
i: 112000, t:  267831.6 s, ωt:  26.78 (4.26 periods), wall: 13.067 minutes, Δt:   1.73, CFL: 9.00e-01
i: 112100, t:  267993.7 s, ωt:  26.80 (4.27 periods), wall: 13.080 minutes, Δt:   1.65, CFL: 9.00e-01
i: 112200, t:  268159.2 s, ωt:  26.82 (4.27 periods), wall: 13.090 minutes, Δt:   1.78, CFL: 9.00e-01
i: 112300, t:  268322.6 s, ωt:  26.83 (4.27 periods), wall: 13.101 minutes, Δt:   1.81, CFL: 9.00e-01
i: 112400, t:  268501.1 s, ωt:  26.85 (4.27 periods), wall: 13.111 minutes, Δt:   1.91, CFL: 9.00e-01
i: 112500, t:  268677.4 s, ωt:  26.87 (4.28 periods), wall: 13.122 minutes, Δt:   1.81, CFL: 9.00e-01
i: 112600, t:  268849.3 s, ωt:  26.88 (4.28 periods), wall: 13.132 minutes, Δt:   1.64, CFL: 9.00e-01
i: 112700, t:  269026.2 s, ωt:  26.90 (4.28 periods), wall: 13.143 minutes, Δt:   1.53, CFL: 9.00e-01
i: 112800, t:  269185.3 s, ωt:  26.92 (4.28 periods), wall: 13.153 minutes, Δt:   1.69, CFL: 9.00e-01
i: 112900, t:  269346.7 s, ωt:  26.93 (4.29 periods), wall: 13.164 minutes, Δt:   1.71, CFL: 9.00e-01
i: 113000, t:  269513.8 s, ωt:  26.95 (4.29 periods), wall: 13.174 minutes, Δt:   1.65, CFL: 9.00e-01
i: 113100, t:  269685.0 s, ωt:  26.97 (4.29 periods), wall: 13.186 minutes, Δt:   1.74, CFL: 9.00e-01
i: 113200, t:  269866.5 s, ωt:  26.99 (4.30 periods), wall: 13.197 minutes, Δt:   1.93, CFL: 9.00e-01
i: 113300, t:  270056.4 s, ωt:  27.01 (4.30 periods), wall: 13.207 minutes, Δt:   1.77, CFL: 9.00e-01
i: 113400, t:  270236.9 s, ωt:  27.02 (4.30 periods), wall: 13.219 minutes, Δt:   1.60, CFL: 9.00e-01
i: 113500, t:  270412.4 s, ωt:  27.04 (4.30 periods), wall: 13.229 minutes, Δt:   1.53, CFL: 9.00e-01
i: 113600, t:  270574.1 s, ωt:  27.06 (4.31 periods), wall: 13.240 minutes, Δt:   1.58, CFL: 9.00e-01
i: 113700, t:  270751.4 s, ωt:  27.08 (4.31 periods), wall: 13.250 minutes, Δt:   1.65, CFL: 9.00e-01
i: 113800, t:  270925.0 s, ωt:  27.09 (4.31 periods), wall: 13.261 minutes, Δt:   1.49, CFL: 9.00e-01
i: 113900, t:  271096.2 s, ωt:  27.11 (4.31 periods), wall: 13.271 minutes, Δt:   1.62, CFL: 9.00e-01
i: 114000, t:  271274.9 s, ωt:  27.13 (4.32 periods), wall: 13.283 minutes, Δt:   1.91, CFL: 9.00e-01
i: 114100, t:  271464.9 s, ωt:  27.15 (4.32 periods), wall: 13.294 minutes, Δt:   2.08, CFL: 9.00e-01
i: 114200, t:  271668.9 s, ωt:  27.17 (4.32 periods), wall: 13.304 minutes, Δt:   1.90, CFL: 9.00e-01
i: 114300, t:  271856.3 s, ωt:  27.19 (4.33 periods), wall: 13.315 minutes, Δt:   2.16, CFL: 9.00e-01
i: 114400, t:  272064.1 s, ωt:  27.21 (4.33 periods), wall: 13.326 minutes, Δt:   1.99, CFL: 9.00e-01
i: 114500, t:  272264.0 s, ωt:  27.23 (4.33 periods), wall: 13.336 minutes, Δt:   1.86, CFL: 9.00e-01
i: 114600, t:  272446.4 s, ωt:  27.24 (4.34 periods), wall: 13.348 minutes, Δt:   1.93, CFL: 9.00e-01
i: 114700, t:  272629.8 s, ωt:  27.26 (4.34 periods), wall: 13.358 minutes, Δt:   2.00, CFL: 9.00e-01
i: 114800, t:  272822.3 s, ωt:  27.28 (4.34 periods), wall: 13.369 minutes, Δt:   1.89, CFL: 9.00e-01
i: 114900, t:  273022.0 s, ωt:  27.30 (4.35 periods), wall: 13.381 minutes, Δt:   2.20, CFL: 9.00e-01
i: 115000, t:  273204.9 s, ωt:  27.32 (4.35 periods), wall: 13.391 minutes, Δt:   1.98, CFL: 9.00e-01
i: 115100, t:  273412.6 s, ωt:  27.34 (4.35 periods), wall: 13.402 minutes, Δt:   2.11, CFL: 9.00e-01
i: 115200, t:  273635.2 s, ωt:  27.36 (4.36 periods), wall: 13.413 minutes, Δt:   2.37, CFL: 9.00e-01
i: 115300, t:  273831.4 s, ωt:  27.38 (4.36 periods), wall: 13.423 minutes, Δt:   2.21, CFL: 9.00e-01
i: 115400, t:  274044.3 s, ωt:  27.40 (4.36 periods), wall: 13.434 minutes, Δt:   1.81, CFL: 9.00e-01
i: 115500, t:  274254.3 s, ωt:  27.43 (4.36 periods), wall: 13.444 minutes, Δt:   1.74, CFL: 9.00e-01
i: 115600, t:  274467.5 s, ωt:  27.45 (4.37 periods), wall: 13.459 minutes, Δt:   2.18, CFL: 9.00e-01
i: 115700, t:  274683.7 s, ωt:  27.47 (4.37 periods), wall: 13.472 minutes, Δt:   2.04, CFL: 9.00e-01
i: 115800, t:  274907.0 s, ωt:  27.49 (4.38 periods), wall: 13.483 minutes, Δt:   2.19, CFL: 9.00e-01
i: 115900, t:  275136.4 s, ωt:  27.51 (4.38 periods), wall: 13.493 minutes, Δt:   2.12, CFL: 9.00e-01
i: 116000, t:  275356.0 s, ωt:  27.54 (4.38 periods), wall: 13.505 minutes, Δt:   2.84, CFL: 9.00e-01
i: 116100, t:  275620.6 s, ωt:  27.56 (4.39 periods), wall: 13.518 minutes, Δt:   2.59, CFL: 9.00e-01
i: 116200, t:  275883.7 s, ωt:  27.59 (4.39 periods), wall: 13.531 minutes, Δt:   2.64, CFL: 9.00e-01
i: 116300, t:  276132.3 s, ωt:  27.61 (4.39 periods), wall: 13.541 minutes, Δt:   2.09, CFL: 9.00e-01
i: 116400, t:  276376.3 s, ωt:  27.64 (4.40 periods), wall: 13.552 minutes, Δt:   2.71, CFL: 9.00e-01
i: 116500, t:  276652.4 s, ωt:  27.67 (4.40 periods), wall: 13.564 minutes, Δt:   2.98, CFL: 9.00e-01
i: 116600, t:  276953.5 s, ωt:  27.70 (4.41 periods), wall: 13.576 minutes, Δt:   2.87, CFL: 9.00e-01
i: 116700, t:  277252.1 s, ωt:  27.73 (4.41 periods), wall: 13.587 minutes, Δt:   3.52, CFL: 9.00e-01
i: 116800, t:  277573.7 s, ωt:  27.76 (4.42 periods), wall: 13.598 minutes, Δt:   3.34, CFL: 9.00e-01
i: 116900, t:  277891.2 s, ωt:  27.79 (4.42 periods), wall: 13.609 minutes, Δt:   3.10, CFL: 9.00e-01
i: 117000, t:  278201.5 s, ωt:  27.82 (4.43 periods), wall: 13.621 minutes, Δt:   3.19, CFL: 9.00e-01
i: 117100, t:  278526.0 s, ωt:  27.85 (4.43 periods), wall: 13.633 minutes, Δt:   2.98, CFL: 9.00e-01
i: 117200, t:  278793.6 s, ωt:  27.88 (4.44 periods), wall: 13.644 minutes, Δt:   3.05, CFL: 9.00e-01
i: 117300, t:  279097.1 s, ωt:  27.91 (4.44 periods), wall: 13.656 minutes, Δt:   3.43, CFL: 9.00e-01
i: 117400, t:  279427.8 s, ωt:  27.94 (4.45 periods), wall: 13.669 minutes, Δt:   3.80, CFL: 9.00e-01
i: 117500, t:  279820.8 s, ωt:  27.98 (4.45 periods), wall: 13.681 minutes, Δt:   3.59, CFL: 9.00e-01
i: 117600, t:  280259.8 s, ωt:  28.03 (4.46 periods), wall: 13.693 minutes, Δt:   4.77, CFL: 9.00e-01
i: 117700, t:  280752.7 s, ωt:  28.08 (4.47 periods), wall: 13.706 minutes, Δt:   5.06, CFL: 9.00e-01
i: 117800, t:  281239.4 s, ωt:  28.12 (4.48 periods), wall: 13.721 minutes, Δt:   4.44, CFL: 9.00e-01
i: 117900, t:  281796.6 s, ωt:  28.18 (4.48 periods), wall: 13.732 minutes, Δt:   6.88, CFL: 9.00e-01
i: 118000, t:  282458.2 s, ωt:  28.25 (4.50 periods), wall: 13.746 minutes, Δt:   6.42, CFL: 9.00e-01
i: 118100, t:  283143.4 s, ωt:  28.31 (4.51 periods), wall: 13.776 minutes, Δt:   7.00, CFL: 9.00e-01
i: 118200, t:  283808.4 s, ωt:  28.38 (4.52 periods), wall: 13.788 minutes, Δt:   6.87, CFL: 9.00e-01
i: 118300, t:  284438.9 s, ωt:  28.44 (4.53 periods), wall: 13.802 minutes, Δt:   5.69, CFL: 9.00e-01
i: 118400, t:  285029.8 s, ωt:  28.50 (4.54 periods), wall: 13.815 minutes, Δt:   5.10, CFL: 9.00e-01
i: 118500, t:  285557.7 s, ωt:  28.56 (4.54 periods), wall: 13.826 minutes, Δt:   5.11, CFL: 9.00e-01
i: 118600, t:  286063.4 s, ωt:  28.61 (4.55 periods), wall: 13.839 minutes, Δt:   4.74, CFL: 9.00e-01
i: 118700, t:  286526.0 s, ωt:  28.65 (4.56 periods), wall: 13.852 minutes, Δt:   4.27, CFL: 9.00e-01
i: 118800, t:  286944.1 s, ωt:  28.69 (4.57 periods), wall: 13.863 minutes, Δt:   3.81, CFL: 9.00e-01
i: 118900, t:  287327.0 s, ωt:  28.73 (4.57 periods), wall: 13.878 minutes, Δt:   3.58, CFL: 9.00e-01
i: 119000, t:  287695.5 s, ωt:  28.77 (4.58 periods), wall: 13.889 minutes, Δt:   3.42, CFL: 9.00e-01
i: 119100, t:  288004.3 s, ωt:  28.80 (4.58 periods), wall: 13.900 minutes, Δt:   3.34, CFL: 9.00e-01
i: 119200, t:  288305.5 s, ωt:  28.83 (4.59 periods), wall: 13.913 minutes, Δt:   2.87, CFL: 9.00e-01
i: 119300, t:  288581.0 s, ωt:  28.86 (4.59 periods), wall: 13.925 minutes, Δt:   2.99, CFL: 9.00e-01
i: 119400, t:  288871.7 s, ωt:  28.89 (4.60 periods), wall: 13.936 minutes, Δt:   2.96, CFL: 9.00e-01
i: 119500, t:  289138.8 s, ωt:  28.91 (4.60 periods), wall: 13.947 minutes, Δt:   2.56, CFL: 9.00e-01
i: 119600, t:  289369.7 s, ωt:  28.94 (4.61 periods), wall: 13.959 minutes, Δt:   1.82, CFL: 9.00e-01
i: 119700, t:  289581.3 s, ωt:  28.96 (4.61 periods), wall: 13.969 minutes, Δt:   2.38, CFL: 9.00e-01
i: 119800, t:  289823.1 s, ωt:  28.98 (4.61 periods), wall: 13.980 minutes, Δt:   2.43, CFL: 9.00e-01
i: 119900, t:  290057.5 s, ωt:  29.01 (4.62 periods), wall: 13.991 minutes, Δt:   2.51, CFL: 9.00e-01
i: 120000, t:  290290.4 s, ωt:  29.03 (4.62 periods), wall: 14.003 minutes, Δt:   2.42, CFL: 9.00e-01
i: 120100, t:  290519.5 s, ωt:  29.05 (4.62 periods), wall: 14.013 minutes, Δt:   1.94, CFL: 9.00e-01
i: 120200, t:  290717.1 s, ωt:  29.07 (4.63 periods), wall: 14.024 minutes, Δt:   2.03, CFL: 9.00e-01
i: 120300, t:  290921.0 s, ωt:  29.09 (4.63 periods), wall: 14.037 minutes, Δt:   1.83, CFL: 9.00e-01
i: 120400, t:  291130.6 s, ωt:  29.11 (4.63 periods), wall: 14.048 minutes, Δt:   2.22, CFL: 9.00e-01
i: 120500, t:  291344.9 s, ωt:  29.13 (4.64 periods), wall: 14.059 minutes, Δt:   2.17, CFL: 9.00e-01
i: 120600, t:  291557.5 s, ωt:  29.16 (4.64 periods), wall: 14.070 minutes, Δt:   2.09, CFL: 9.00e-01
i: 120700, t:  291746.9 s, ωt:  29.17 (4.64 periods), wall: 14.080 minutes, Δt:   1.89, CFL: 9.00e-01
i: 120800, t:  291948.8 s, ωt:  29.19 (4.65 periods), wall: 14.092 minutes, Δt:   1.83, CFL: 9.00e-01
i: 120900, t:  292128.0 s, ωt:  29.21 (4.65 periods), wall: 14.101 minutes, Δt:   2.03, CFL: 9.00e-01
i: 121000, t:  292324.7 s, ωt:  29.23 (4.65 periods), wall: 14.114 minutes, Δt:   2.00, CFL: 9.00e-01
i: 121100, t:  292520.3 s, ωt:  29.25 (4.66 periods), wall: 14.125 minutes, Δt:   1.80, CFL: 9.00e-01
i: 121200, t:  292696.9 s, ωt:  29.27 (4.66 periods), wall: 14.135 minutes, Δt:   1.70, CFL: 9.00e-01
i: 121300, t:  292885.4 s, ωt:  29.29 (4.66 periods), wall: 14.146 minutes, Δt:   2.12, CFL: 9.00e-01
i: 121400, t:  293083.8 s, ωt:  29.31 (4.66 periods), wall: 14.156 minutes, Δt:   1.64, CFL: 9.00e-01
i: 121500, t:  293267.2 s, ωt:  29.33 (4.67 periods), wall: 14.167 minutes, Δt:   1.82, CFL: 9.00e-01
i: 121600, t:  293453.6 s, ωt:  29.35 (4.67 periods), wall: 14.179 minutes, Δt:   2.00, CFL: 9.00e-01
i: 121700, t:  293634.0 s, ωt:  29.36 (4.67 periods), wall: 14.189 minutes, Δt:   1.78, CFL: 9.00e-01
i: 121800, t:  293803.9 s, ωt:  29.38 (4.68 periods), wall: 14.199 minutes, Δt:   1.73, CFL: 9.00e-01
i: 121900, t:  293985.0 s, ωt:  29.40 (4.68 periods), wall: 14.209 minutes, Δt:   1.78, CFL: 9.00e-01
i: 122000, t:  294144.1 s, ωt:  29.41 (4.68 periods), wall: 14.223 minutes, Δt:   1.87, CFL: 9.00e-01
i: 122100, t:  294323.5 s, ωt:  29.43 (4.68 periods), wall: 14.233 minutes, Δt:   1.71, CFL: 9.00e-01
i: 122200, t:  294487.9 s, ωt:  29.45 (4.69 periods), wall: 14.245 minutes, Δt:   1.65, CFL: 9.00e-01
i: 122300, t:  294661.6 s, ωt:  29.47 (4.69 periods), wall: 14.255 minutes, Δt:   1.72, CFL: 9.00e-01
i: 122400, t:  294841.4 s, ωt:  29.48 (4.69 periods), wall: 14.267 minutes, Δt:   1.81, CFL: 9.00e-01
i: 122500, t:  295021.5 s, ωt:  29.50 (4.70 periods), wall: 14.278 minutes, Δt:   1.77, CFL: 9.00e-01
i: 122600, t:  295187.3 s, ωt:  29.52 (4.70 periods), wall: 14.288 minutes, Δt:   1.69, CFL: 9.00e-01
i: 122700, t:  295353.2 s, ωt:  29.54 (4.70 periods), wall: 14.301 minutes, Δt:   1.78, CFL: 9.00e-01
i: 122800, t:  295524.8 s, ωt:  29.55 (4.70 periods), wall: 14.311 minutes, Δt:   1.77, CFL: 9.00e-01
i: 122900, t:  295685.3 s, ωt:  29.57 (4.71 periods), wall: 14.324 minutes, Δt:   1.65, CFL: 9.00e-01
i: 123000, t:  295855.2 s, ωt:  29.59 (4.71 periods), wall: 14.334 minutes, Δt:   1.61, CFL: 9.00e-01
i: 123100, t:  296008.1 s, ωt:  29.60 (4.71 periods), wall: 14.346 minutes, Δt:   1.51, CFL: 9.00e-01
i: 123200, t:  296173.8 s, ωt:  29.62 (4.71 periods), wall: 14.356 minutes, Δt:   1.40, CFL: 9.00e-01
i: 123300, t:  296333.7 s, ωt:  29.63 (4.72 periods), wall: 14.369 minutes, Δt:   1.66, CFL: 9.00e-01
i: 123400, t:  296504.2 s, ωt:  29.65 (4.72 periods), wall: 14.379 minutes, Δt:   1.51, CFL: 9.00e-01
i: 123500, t:  296667.0 s, ωt:  29.67 (4.72 periods), wall: 14.390 minutes, Δt:   1.73, CFL: 9.00e-01
i: 123600, t:  296834.7 s, ωt:  29.68 (4.72 periods), wall: 14.400 minutes, Δt:   1.75, CFL: 9.00e-01
i: 123700, t:  296999.5 s, ωt:  29.70 (4.73 periods), wall: 14.411 minutes, Δt:   1.59, CFL: 9.00e-01
i: 123800, t:  297167.1 s, ωt:  29.72 (4.73 periods), wall: 14.421 minutes, Δt:   1.59, CFL: 9.00e-01
i: 123900, t:  297320.7 s, ωt:  29.73 (4.73 periods), wall: 14.433 minutes, Δt:   1.50, CFL: 9.00e-01
i: 124000, t:  297468.8 s, ωt:  29.75 (4.73 periods), wall: 14.443 minutes, Δt:   1.66, CFL: 9.00e-01
i: 124100, t:  297631.1 s, ωt:  29.76 (4.74 periods), wall: 14.455 minutes, Δt:   1.39, CFL: 9.00e-01
i: 124200, t:  297782.3 s, ωt:  29.78 (4.74 periods), wall: 14.465 minutes, Δt:   1.32, CFL: 9.00e-01
i: 124300, t:  297936.4 s, ωt:  29.79 (4.74 periods), wall: 14.476 minutes, Δt:   1.66, CFL: 9.00e-01
i: 124400, t:  298071.5 s, ωt:  29.81 (4.74 periods), wall: 14.486 minutes, Δt:   1.36, CFL: 9.00e-01
i: 124500, t:  298226.4 s, ωt:  29.82 (4.75 periods), wall: 14.498 minutes, Δt:   1.69, CFL: 9.00e-01
i: 124600, t:  298387.9 s, ωt:  29.84 (4.75 periods), wall: 14.508 minutes, Δt:   1.71, CFL: 9.00e-01
i: 124700, t:  298559.8 s, ωt:  29.86 (4.75 periods), wall: 14.520 minutes, Δt:   1.46, CFL: 9.00e-01
i: 124800, t:  298711.0 s, ωt:  29.87 (4.75 periods), wall: 14.530 minutes, Δt:   1.64, CFL: 9.00e-01
i: 124900, t:  298869.5 s, ωt:  29.89 (4.76 periods), wall: 14.542 minutes, Δt:   1.79, CFL: 9.00e-01
i: 125000, t:  299049.8 s, ωt:  29.90 (4.76 periods), wall: 14.552 minutes, Δt:   1.81, CFL: 9.00e-01
i: 125100, t:  299220.0 s, ωt:  29.92 (4.76 periods), wall: 14.565 minutes, Δt:   1.63, CFL: 9.00e-01
i: 125200, t:  299373.5 s, ωt:  29.94 (4.76 periods), wall: 14.575 minutes, Δt:   1.32, CFL: 9.00e-01
i: 125300, t:  299524.6 s, ωt:  29.95 (4.77 periods), wall: 14.586 minutes, Δt:   1.82, CFL: 9.00e-01
i: 125400, t:  299693.1 s, ωt:  29.97 (4.77 periods), wall: 14.596 minutes, Δt:   1.67, CFL: 9.00e-01
i: 125500, t:  299855.9 s, ωt:  29.99 (4.77 periods), wall: 14.607 minutes, Δt:   1.55, CFL: 9.00e-01
i: 125600, t:  300013.0 s, ωt:  30.00 (4.77 periods), wall: 14.617 minutes, Δt:   1.66, CFL: 9.00e-01
i: 125700, t:  300174.0 s, ωt:  30.02 (4.78 periods), wall: 14.629 minutes, Δt:   1.73, CFL: 9.00e-01
i: 125800, t:  300343.2 s, ωt:  30.03 (4.78 periods), wall: 14.640 minutes, Δt:   1.67, CFL: 9.00e-01
i: 125900, t:  300516.7 s, ωt:  30.05 (4.78 periods), wall: 14.650 minutes, Δt:   1.66, CFL: 9.00e-01
i: 126000, t:  300686.7 s, ωt:  30.07 (4.79 periods), wall: 14.661 minutes, Δt:   1.86, CFL: 9.00e-01
i: 126100, t:  300865.0 s, ωt:  30.09 (4.79 periods), wall: 14.672 minutes, Δt:   1.83, CFL: 9.00e-01
i: 126200, t:  301051.4 s, ωt:  30.11 (4.79 periods), wall: 14.683 minutes, Δt:   1.64, CFL: 9.00e-01
i: 126300, t:  301218.7 s, ωt:  30.12 (4.79 periods), wall: 14.693 minutes, Δt:   1.50, CFL: 9.00e-01
i: 126400, t:  301381.9 s, ωt:  30.14 (4.80 periods), wall: 14.704 minutes, Δt:   1.99, CFL: 9.00e-01
i: 126500, t:  301570.2 s, ωt:  30.16 (4.80 periods), wall: 14.713 minutes, Δt:   1.71, CFL: 9.00e-01
i: 126600, t:  301748.1 s, ωt:  30.17 (4.80 periods), wall: 14.725 minutes, Δt:   1.88, CFL: 9.00e-01
i: 126700, t:  301919.5 s, ωt:  30.19 (4.81 periods), wall: 14.737 minutes, Δt:   1.77, CFL: 9.00e-01
i: 126800, t:  302090.8 s, ωt:  30.21 (4.81 periods), wall: 14.747 minutes, Δt:   1.71, CFL: 9.00e-01
i: 126900, t:  302278.0 s, ωt:  30.23 (4.81 periods), wall: 14.758 minutes, Δt:   1.64, CFL: 9.00e-01
i: 127000, t:  302447.5 s, ωt:  30.24 (4.81 periods), wall: 14.768 minutes, Δt:   1.45, CFL: 9.00e-01
i: 127100, t:  302619.9 s, ωt:  30.26 (4.82 periods), wall: 14.779 minutes, Δt:   1.65, CFL: 9.00e-01
i: 127200, t:  302781.7 s, ωt:  30.28 (4.82 periods), wall: 14.788 minutes, Δt:   1.68, CFL: 9.00e-01
i: 127300, t:  302933.0 s, ωt:  30.29 (4.82 periods), wall: 14.804 minutes, Δt:   1.74, CFL: 9.00e-01
i: 127400, t:  303102.6 s, ωt:  30.31 (4.82 periods), wall: 14.814 minutes, Δt:   1.75, CFL: 9.00e-01
i: 127500, t:  303275.7 s, ωt:  30.33 (4.83 periods), wall: 14.826 minutes, Δt:   2.07, CFL: 9.00e-01
i: 127600, t:  303462.2 s, ωt:  30.35 (4.83 periods), wall: 14.836 minutes, Δt:   2.14, CFL: 8.99e-01
i: 127700, t:  303655.5 s, ωt:  30.37 (4.83 periods), wall: 14.847 minutes, Δt:   1.74, CFL: 9.00e-01
i: 127800, t:  303839.6 s, ωt:  30.38 (4.84 periods), wall: 14.858 minutes, Δt:   2.15, CFL: 8.87e-01
i: 127900, t:  304033.5 s, ωt:  30.40 (4.84 periods), wall: 14.868 minutes, Δt:   2.01, CFL: 9.00e-01
i: 128000, t:  304231.6 s, ωt:  30.42 (4.84 periods), wall: 14.882 minutes, Δt:   2.08, CFL: 8.83e-01
i: 128100, t:  304432.3 s, ωt:  30.44 (4.85 periods), wall: 14.893 minutes, Δt:   1.78, CFL: 9.00e-01
i: 128200, t:  304614.4 s, ωt:  30.46 (4.85 periods), wall: 14.903 minutes, Δt:   2.00, CFL: 9.00e-01
i: 128300, t:  304810.4 s, ωt:  30.48 (4.85 periods), wall: 14.915 minutes, Δt:   2.10, CFL: 9.00e-01
i: 128400, t:  305013.3 s, ωt:  30.50 (4.85 periods), wall: 14.925 minutes, Δt:   1.58, CFL: 9.00e-01
i: 128500, t:  305212.4 s, ωt:  30.52 (4.86 periods), wall: 14.936 minutes, Δt:   2.18, CFL: 9.00e-01
i: 128600, t:  305420.5 s, ωt:  30.54 (4.86 periods), wall: 14.947 minutes, Δt:   2.43, CFL: 9.00e-01
i: 128700, t:  305630.1 s, ωt:  30.56 (4.86 periods), wall: 14.957 minutes, Δt:   2.25, CFL: 9.00e-01
i: 128800, t:  305832.9 s, ωt:  30.58 (4.87 periods), wall: 14.968 minutes, Δt:   1.79, CFL: 9.00e-01
i: 128900, t:  306025.4 s, ωt:  30.60 (4.87 periods), wall: 14.979 minutes, Δt:   2.35, CFL: 9.00e-01
i: 129000, t:  306249.4 s, ωt:  30.62 (4.87 periods), wall: 14.989 minutes, Δt:   2.23, CFL: 9.00e-01
i: 129100, t:  306492.1 s, ωt:  30.65 (4.88 periods), wall: 15.001 minutes, Δt:   2.14, CFL: 9.00e-01
i: 129200, t:  306715.3 s, ωt:  30.67 (4.88 periods), wall: 15.013 minutes, Δt:   2.40, CFL: 9.00e-01
i: 129300, t:  306952.0 s, ωt:  30.70 (4.89 periods), wall: 15.024 minutes, Δt:   2.62, CFL: 9.00e-01
i: 129400, t:  307165.2 s, ωt:  30.72 (4.89 periods), wall: 15.034 minutes, Δt:   2.13, CFL: 9.00e-01
i: 129500, t:  307381.2 s, ωt:  30.74 (4.89 periods), wall: 15.047 minutes, Δt:   1.97, CFL: 9.00e-01
i: 129600, t:  307603.5 s, ωt:  30.76 (4.90 periods), wall: 15.063 minutes, Δt:   2.79, CFL: 9.00e-01
i: 129700, t:  307822.5 s, ωt:  30.78 (4.90 periods), wall: 15.073 minutes, Δt:   2.33, CFL: 9.00e-01
i: 129800, t:  308050.2 s, ωt:  30.81 (4.90 periods), wall: 15.085 minutes, Δt:   2.04, CFL: 9.00e-01
i: 129900, t:  308283.1 s, ωt:  30.83 (4.91 periods), wall: 15.097 minutes, Δt:   2.36, CFL: 9.00e-01
i: 130000, t:  308539.5 s, ωt:  30.85 (4.91 periods), wall: 15.109 minutes, Δt:   2.63, CFL: 9.00e-01
i: 130100, t:  308803.7 s, ωt:  30.88 (4.91 periods), wall: 15.119 minutes, Δt:   2.95, CFL: 9.00e-01
i: 130200, t:  309094.6 s, ωt:  30.91 (4.92 periods), wall: 15.131 minutes, Δt:   3.00, CFL: 9.00e-01
i: 130300, t:  309372.5 s, ωt:  30.94 (4.92 periods), wall: 15.143 minutes, Δt:   2.95, CFL: 9.00e-01
i: 130400, t:  309663.5 s, ωt:  30.97 (4.93 periods), wall: 15.154 minutes, Δt:   2.67, CFL: 9.00e-01
i: 130500, t:  309963.4 s, ωt:  31.00 (4.93 periods), wall: 15.169 minutes, Δt:   3.60, CFL: 9.00e-01
i: 130600, t:  310285.2 s, ωt:  31.03 (4.94 periods), wall: 15.181 minutes, Δt:   3.36, CFL: 9.00e-01
i: 130700, t:  310638.3 s, ωt:  31.06 (4.94 periods), wall: 15.193 minutes, Δt:   4.26, CFL: 9.00e-01
i: 130800, t:  311008.3 s, ωt:  31.10 (4.95 periods), wall: 15.204 minutes, Δt:   3.25, CFL: 9.00e-01
i: 130900, t:  311401.8 s, ωt:  31.14 (4.96 periods), wall: 15.217 minutes, Δt:   3.63, CFL: 9.00e-01
i: 131000, t:  311768.0 s, ωt:  31.18 (4.96 periods), wall: 15.230 minutes, Δt:   3.65, CFL: 9.00e-01
i: 131100, t:  312162.8 s, ωt:  31.22 (4.97 periods), wall: 15.242 minutes, Δt:   5.03, CFL: 9.00e-01
i: 131200, t:  312649.1 s, ωt:  31.26 (4.98 periods), wall: 15.260 minutes, Δt:   5.29, CFL: 9.00e-01
i: 131300, t:  313186.5 s, ωt:  31.32 (4.98 periods), wall: 15.271 minutes, Δt:   5.76, CFL: 9.00e-01
i: 131400, t:  313695.7 s, ωt:  31.37 (4.99 periods), wall: 15.288 minutes, Δt:   5.03, CFL: 9.00e-01
i: 131500, t:  314210.8 s, ωt:  31.42 (5.00 periods), wall: 15.312 minutes, Δt:   6.42, CFL: 9.00e-01
i: 131600, t:  314825.6 s, ωt:  31.48 (5.01 periods), wall: 15.334 minutes, Δt:   6.56, CFL: 9.00e-01
i: 131700, t:  315421.7 s, ωt:  31.54 (5.02 periods), wall: 15.346 minutes, Δt:   6.52, CFL: 9.00e-01
i: 131800, t:  316009.9 s, ωt:  31.60 (5.03 periods), wall: 15.357 minutes, Δt:   5.73, CFL: 9.00e-01
i: 131900, t:  316585.1 s, ωt:  31.66 (5.04 periods), wall: 15.370 minutes, Δt:   5.23, CFL: 9.00e-01
i: 132000, t:  317127.1 s, ωt:  31.71 (5.05 periods), wall: 15.383 minutes, Δt:   5.18, CFL: 9.00e-01
i: 132100, t:  317629.3 s, ωt:  31.76 (5.06 periods), wall: 15.396 minutes, Δt:   5.04, CFL: 9.00e-01
i: 132200, t:  318099.0 s, ωt:  31.81 (5.06 periods), wall: 15.407 minutes, Δt:   3.95, CFL: 9.00e-01
i: 132300, t:  318500.9 s, ωt:  31.85 (5.07 periods), wall: 15.419 minutes, Δt:   3.94, CFL: 9.00e-01
i: 132400, t:  318870.3 s, ωt:  31.89 (5.07 periods), wall: 15.433 minutes, Δt:   3.78, CFL: 9.00e-01
i: 132500, t:  319213.0 s, ωt:  31.92 (5.08 periods), wall: 15.447 minutes, Δt:   2.65, CFL: 9.00e-01
i: 132600, t:  319509.2 s, ωt:  31.95 (5.09 periods), wall: 15.459 minutes, Δt:   3.20, CFL: 9.00e-01
i: 132700, t:  319804.7 s, ωt:  31.98 (5.09 periods), wall: 15.469 minutes, Δt:   2.83, CFL: 9.00e-01
i: 132800, t:  320078.5 s, ωt:  32.01 (5.09 periods), wall: 15.480 minutes, Δt:   2.75, CFL: 9.00e-01
i: 132900, t:  320349.1 s, ωt:  32.03 (5.10 periods), wall: 15.492 minutes, Δt:   2.48, CFL: 9.00e-01
i: 133000, t:  320612.2 s, ωt:  32.06 (5.10 periods), wall: 15.503 minutes, Δt:   2.51, CFL: 9.00e-01
i: 133100, t:  320860.8 s, ωt:  32.09 (5.11 periods), wall: 15.515 minutes, Δt:   2.38, CFL: 9.00e-01
i: 133200, t:  321123.4 s, ωt:  32.11 (5.11 periods), wall: 15.528 minutes, Δt:   2.31, CFL: 9.00e-01
i: 133300, t:  321370.4 s, ωt:  32.14 (5.11 periods), wall: 15.538 minutes, Δt:   2.56, CFL: 9.00e-01
i: 133400, t:  321621.9 s, ωt:  32.16 (5.12 periods), wall: 15.550 minutes, Δt:   2.42, CFL: 9.00e-01
i: 133500, t:  321846.2 s, ωt:  32.18 (5.12 periods), wall: 15.563 minutes, Δt:   2.42, CFL: 9.00e-01
i: 133600, t:  322072.7 s, ωt:  32.21 (5.13 periods), wall: 15.575 minutes, Δt:   2.38, CFL: 9.00e-01
i: 133700, t:  322293.9 s, ωt:  32.23 (5.13 periods), wall: 15.585 minutes, Δt:   2.37, CFL: 9.00e-01
i: 133800, t:  322527.9 s, ωt:  32.25 (5.13 periods), wall: 15.597 minutes, Δt:   2.48, CFL: 9.00e-01
i: 133900, t:  322747.2 s, ωt:  32.27 (5.14 periods), wall: 15.617 minutes, Δt:   1.95, CFL: 9.00e-01
i: 134000, t:  322960.4 s, ωt:  32.30 (5.14 periods), wall: 15.629 minutes, Δt:   2.21, CFL: 9.00e-01
i: 134100, t:  323170.6 s, ωt:  32.32 (5.14 periods), wall: 15.639 minutes, Δt:   2.08, CFL: 9.00e-01
i: 134200, t:  323363.6 s, ωt:  32.34 (5.15 periods), wall: 15.651 minutes, Δt:   2.15, CFL: 9.00e-01
i: 134300, t:  323547.0 s, ωt:  32.35 (5.15 periods), wall: 15.661 minutes, Δt:   2.19, CFL: 9.00e-01
i: 134400, t:  323751.7 s, ωt:  32.38 (5.15 periods), wall: 15.672 minutes, Δt:   1.98, CFL: 9.00e-01
i: 134500, t:  323943.2 s, ωt:  32.39 (5.16 periods), wall: 15.687 minutes, Δt:   1.87, CFL: 9.00e-01
i: 134600, t:  324146.2 s, ωt:  32.41 (5.16 periods), wall: 15.697 minutes, Δt:   2.20, CFL: 9.00e-01
i: 134700, t:  324355.1 s, ωt:  32.44 (5.16 periods), wall: 15.708 minutes, Δt:   2.20, CFL: 9.00e-01
i: 134800, t:  324559.7 s, ωt:  32.46 (5.17 periods), wall: 15.720 minutes, Δt:   1.95, CFL: 9.00e-01
i: 134900, t:  324751.2 s, ωt:  32.48 (5.17 periods), wall: 15.730 minutes, Δt:   1.95, CFL: 9.00e-01
i: 135000, t:  324935.4 s, ωt:  32.49 (5.17 periods), wall: 15.742 minutes, Δt:   1.80, CFL: 9.00e-01
i: 135100, t:  325114.7 s, ωt:  32.51 (5.17 periods), wall: 15.752 minutes, Δt:   1.81, CFL: 9.00e-01
i: 135200, t:  325302.8 s, ωt:  32.53 (5.18 periods), wall: 15.763 minutes, Δt:   1.83, CFL: 9.00e-01
i: 135300, t:  325478.0 s, ωt:  32.55 (5.18 periods), wall: 15.775 minutes, Δt:   1.98, CFL: 9.00e-01
i: 135400, t:  325659.9 s, ωt:  32.57 (5.18 periods), wall: 15.785 minutes, Δt:   1.64, CFL: 9.00e-01
i: 135500, t:  325826.3 s, ωt:  32.58 (5.19 periods), wall: 15.796 minutes, Δt:   1.53, CFL: 9.00e-01
i: 135600, t:  325992.8 s, ωt:  32.60 (5.19 periods), wall: 15.806 minutes, Δt:   1.81, CFL: 9.00e-01
i: 135700, t:  326178.6 s, ωt:  32.62 (5.19 periods), wall: 15.818 minutes, Δt:   1.65, CFL: 9.00e-01
i: 135800, t:  326349.3 s, ωt:  32.63 (5.19 periods), wall: 15.828 minutes, Δt:   1.59, CFL: 9.00e-01
i: 135900, t:  326517.9 s, ωt:  32.65 (5.20 periods), wall: 15.846 minutes, Δt:   1.70, CFL: 9.00e-01
i: 136000, t:  326693.5 s, ωt:  32.67 (5.20 periods), wall: 15.856 minutes, Δt:   1.67, CFL: 9.00e-01
i: 136100, t:  326869.6 s, ωt:  32.69 (5.20 periods), wall: 15.869 minutes, Δt:   1.75, CFL: 9.00e-01
i: 136200, t:  327056.2 s, ωt:  32.71 (5.21 periods), wall: 15.884 minutes, Δt:   1.83, CFL: 9.00e-01
i: 136300, t:  327213.1 s, ωt:  32.72 (5.21 periods), wall: 15.894 minutes, Δt:   1.63, CFL: 9.00e-01
i: 136400, t:  327373.0 s, ωt:  32.74 (5.21 periods), wall: 15.905 minutes, Δt:   1.76, CFL: 9.00e-01
i: 136500, t:  327536.0 s, ωt:  32.75 (5.21 periods), wall: 15.914 minutes, Δt:   1.63, CFL: 9.00e-01
i: 136600, t:  327704.1 s, ωt:  32.77 (5.22 periods), wall: 15.926 minutes, Δt:   1.62, CFL: 9.00e-01
i: 136700, t:  327871.5 s, ωt:  32.79 (5.22 periods), wall: 15.936 minutes, Δt:   1.58, CFL: 9.00e-01
i: 136800, t:  328045.1 s, ωt:  32.80 (5.22 periods), wall: 15.947 minutes, Δt:   1.55, CFL: 9.00e-01
i: 136900, t:  328220.6 s, ωt:  32.82 (5.22 periods), wall: 15.957 minutes, Δt:   1.81, CFL: 9.00e-01
i: 137000, t:  328391.9 s, ωt:  32.84 (5.23 periods), wall: 15.968 minutes, Δt:   1.69, CFL: 9.00e-01
i: 137100, t:  328577.5 s, ωt:  32.86 (5.23 periods), wall: 15.978 minutes, Δt:   1.77, CFL: 9.00e-01
i: 137200, t:  328749.9 s, ωt:  32.87 (5.23 periods), wall: 15.989 minutes, Δt:   1.61, CFL: 9.00e-01
i: 137300, t:  328916.2 s, ωt:  32.89 (5.23 periods), wall: 15.999 minutes, Δt:   1.51, CFL: 9.00e-01
i: 137400, t:  329077.6 s, ωt:  32.91 (5.24 periods), wall: 16.012 minutes, Δt:   1.62, CFL: 9.00e-01
i: 137500, t:  329237.8 s, ωt:  32.92 (5.24 periods), wall: 16.022 minutes, Δt:   1.69, CFL: 9.00e-01
i: 137600, t:  329396.6 s, ωt:  32.94 (5.24 periods), wall: 16.036 minutes, Δt:   1.36, CFL: 9.00e-01
i: 137700, t:  329562.2 s, ωt:  32.96 (5.25 periods), wall: 16.049 minutes, Δt:   1.79, CFL: 9.00e-01
i: 137800, t:  329743.0 s, ωt:  32.97 (5.25 periods), wall: 16.059 minutes, Δt:   1.80, CFL: 9.00e-01
i: 137900, t:  329905.2 s, ωt:  32.99 (5.25 periods), wall: 16.079 minutes, Δt:   1.54, CFL: 9.00e-01
i: 138000, t:  330072.7 s, ωt:  33.01 (5.25 periods), wall: 16.089 minutes, Δt:   1.67, CFL: 9.00e-01
i: 138100, t:  330231.2 s, ωt:  33.02 (5.26 periods), wall: 16.104 minutes, Δt:   1.76, CFL: 9.00e-01
i: 138200, t:  330394.8 s, ωt:  33.04 (5.26 periods), wall: 16.114 minutes, Δt:   1.52, CFL: 9.00e-01
i: 138300, t:  330565.3 s, ωt:  33.06 (5.26 periods), wall: 16.126 minutes, Δt:   1.82, CFL: 9.00e-01
i: 138400, t:  330738.3 s, ωt:  33.07 (5.26 periods), wall: 16.136 minutes, Δt:   1.60, CFL: 9.00e-01
i: 138500, t:  330912.7 s, ωt:  33.09 (5.27 periods), wall: 16.147 minutes, Δt:   1.62, CFL: 9.00e-01
i: 138600, t:  331093.7 s, ωt:  33.11 (5.27 periods), wall: 16.157 minutes, Δt:   1.72, CFL: 9.00e-01
i: 138700, t:  331269.0 s, ωt:  33.13 (5.27 periods), wall: 16.168 minutes, Δt:   1.82, CFL: 9.00e-01
i: 138800, t:  331443.3 s, ωt:  33.14 (5.28 periods), wall: 16.181 minutes, Δt:   1.78, CFL: 9.00e-01
i: 138900, t:  331601.3 s, ωt:  33.16 (5.28 periods), wall: 16.191 minutes, Δt:   1.90, CFL: 9.00e-01
i: 139000, t:  331765.1 s, ωt:  33.18 (5.28 periods), wall: 16.204 minutes, Δt:   1.88, CFL: 9.00e-01
i: 139100, t:  331955.0 s, ωt:  33.20 (5.28 periods), wall: 16.214 minutes, Δt:   1.53, CFL: 9.00e-01
i: 139200, t:  332121.3 s, ωt:  33.21 (5.29 periods), wall: 16.226 minutes, Δt:   1.80, CFL: 9.00e-01
i: 139300, t:  332295.6 s, ωt:  33.23 (5.29 periods), wall: 16.236 minutes, Δt:   1.88, CFL: 9.00e-01
i: 139400, t:  332476.5 s, ωt:  33.25 (5.29 periods), wall: 16.248 minutes, Δt:   1.90, CFL: 9.00e-01
i: 139500, t:  332642.4 s, ωt:  33.26 (5.29 periods), wall: 16.258 minutes, Δt:   1.45, CFL: 9.00e-01
i: 139600, t:  332809.2 s, ωt:  33.28 (5.30 periods), wall: 16.269 minutes, Δt:   1.77, CFL: 9.00e-01
i: 139700, t:  332966.6 s, ωt:  33.30 (5.30 periods), wall: 16.279 minutes, Δt:   1.83, CFL: 9.00e-01
i: 139800, t:  333150.4 s, ωt:  33.32 (5.30 periods), wall: 16.294 minutes, Δt:   1.62, CFL: 9.00e-01
i: 139900, t:  333329.7 s, ωt:  33.33 (5.31 periods), wall: 16.305 minutes, Δt:   1.92, CFL: 9.00e-01
i: 140000, t:  333507.4 s, ωt:  33.35 (5.31 periods), wall: 16.315 minutes, Δt:   1.77, CFL: 9.00e-01
i: 140100, t:  333679.4 s, ωt:  33.37 (5.31 periods), wall: 16.327 minutes, Δt:   1.73, CFL: 9.00e-01
i: 140200, t:  333854.0 s, ωt:  33.39 (5.31 periods), wall: 16.337 minutes, Δt:   1.71, CFL: 9.00e-01
i: 140300, t:  334030.6 s, ωt:  33.40 (5.32 periods), wall: 16.349 minutes, Δt:   1.99, CFL: 9.00e-01
i: 140400, t:  334231.7 s, ωt:  33.42 (5.32 periods), wall: 16.359 minutes, Δt:   1.97, CFL: 9.00e-01
i: 140500, t:  334404.4 s, ωt:  33.44 (5.32 periods), wall: 16.375 minutes, Δt:   1.82, CFL: 9.00e-01
i: 140600, t:  334585.7 s, ωt:  33.46 (5.33 periods), wall: 16.387 minutes, Δt:   2.02, CFL: 9.00e-01
i: 140700, t:  334789.1 s, ωt:  33.48 (5.33 periods), wall: 16.397 minutes, Δt:   2.18, CFL: 9.00e-01
i: 140800, t:  334992.4 s, ωt:  33.50 (5.33 periods), wall: 16.409 minutes, Δt:   2.14, CFL: 9.00e-01
i: 140900, t:  335187.1 s, ωt:  33.52 (5.33 periods), wall: 16.419 minutes, Δt:   1.88, CFL: 9.00e-01
i: 141000, t:  335369.4 s, ωt:  33.54 (5.34 periods), wall: 16.430 minutes, Δt:   1.46, CFL: 9.00e-01
i: 141100, t:  335559.6 s, ωt:  33.56 (5.34 periods), wall: 16.444 minutes, Δt:   2.16, CFL: 9.00e-01
i: 141200, t:  335751.8 s, ωt:  33.58 (5.34 periods), wall: 16.454 minutes, Δt:   1.79, CFL: 9.00e-01
i: 141300, t:  335963.1 s, ωt:  33.60 (5.35 periods), wall: 16.466 minutes, Δt:   2.22, CFL: 9.00e-01
i: 141400, t:  336177.5 s, ωt:  33.62 (5.35 periods), wall: 16.478 minutes, Δt:   2.14, CFL: 9.00e-01
i: 141500, t:  336389.7 s, ωt:  33.64 (5.35 periods), wall: 16.488 minutes, Δt:   2.01, CFL: 9.00e-01
i: 141600, t:  336598.4 s, ωt:  33.66 (5.36 periods), wall: 16.500 minutes, Δt:   2.11, CFL: 9.00e-01
i: 141700, t:  336804.3 s, ωt:  33.68 (5.36 periods), wall: 16.511 minutes, Δt:   1.96, CFL: 9.00e-01
i: 141800, t:  337024.4 s, ωt:  33.70 (5.36 periods), wall: 16.521 minutes, Δt:   2.35, CFL: 9.00e-01
i: 141900, t:  337245.8 s, ωt:  33.72 (5.37 periods), wall: 16.532 minutes, Δt:   2.44, CFL: 9.00e-01
i: 142000, t:  337470.8 s, ωt:  33.75 (5.37 periods), wall: 16.545 minutes, Δt:   2.29, CFL: 9.00e-01
i: 142100, t:  337714.6 s, ωt:  33.77 (5.37 periods), wall: 16.555 minutes, Δt:   2.39, CFL: 9.00e-01
i: 142200, t:  337930.1 s, ωt:  33.79 (5.38 periods), wall: 16.567 minutes, Δt:   1.86, CFL: 9.00e-01
i: 142300, t:  338150.4 s, ωt:  33.82 (5.38 periods), wall: 16.578 minutes, Δt:   2.74, CFL: 9.00e-01
i: 142400, t:  338402.0 s, ωt:  33.84 (5.39 periods), wall: 16.590 minutes, Δt:   2.37, CFL: 9.00e-01
i: 142500, t:  338651.7 s, ωt:  33.87 (5.39 periods), wall: 16.600 minutes, Δt:   2.46, CFL: 9.00e-01
i: 142600, t:  338925.1 s, ωt:  33.89 (5.39 periods), wall: 16.612 minutes, Δt:   2.96, CFL: 9.00e-01
i: 142700, t:  339206.3 s, ωt:  33.92 (5.40 periods), wall: 16.623 minutes, Δt:   2.85, CFL: 9.00e-01
i: 142800, t:  339477.3 s, ωt:  33.95 (5.40 periods), wall: 16.635 minutes, Δt:   2.16, CFL: 9.00e-01
i: 142900, t:  339728.2 s, ωt:  33.97 (5.41 periods), wall: 16.649 minutes, Δt:   2.47, CFL: 9.00e-01
i: 143000, t:  340028.9 s, ωt:  34.00 (5.41 periods), wall: 16.661 minutes, Δt:   2.84, CFL: 9.00e-01
i: 143100, t:  340315.6 s, ωt:  34.03 (5.42 periods), wall: 16.672 minutes, Δt:   2.63, CFL: 9.00e-01
i: 143200, t:  340599.4 s, ωt:  34.06 (5.42 periods), wall: 16.683 minutes, Δt:   3.41, CFL: 9.00e-01
i: 143300, t:  340891.8 s, ωt:  34.09 (5.43 periods), wall: 16.694 minutes, Δt:   2.99, CFL: 9.00e-01
i: 143400, t:  341229.8 s, ωt:  34.12 (5.43 periods), wall: 16.708 minutes, Δt:   3.61, CFL: 9.00e-01
i: 143500, t:  341561.3 s, ωt:  34.16 (5.44 periods), wall: 16.720 minutes, Δt:   3.10, CFL: 9.00e-01
i: 143600, t:  341891.6 s, ωt:  34.19 (5.44 periods), wall: 16.732 minutes, Δt:   3.17, CFL: 9.00e-01
i: 143700, t:  342170.2 s, ωt:  34.22 (5.45 periods), wall: 16.744 minutes, Δt:   2.90, CFL: 9.00e-01
i: 143800, t:  342508.4 s, ωt:  34.25 (5.45 periods), wall: 16.755 minutes, Δt:   2.86, CFL: 9.00e-01
i: 143900, t:  342863.4 s, ωt:  34.29 (5.46 periods), wall: 16.766 minutes, Δt:   3.94, CFL: 9.00e-01
i: 144000, t:  343243.3 s, ωt:  34.32 (5.46 periods), wall: 16.777 minutes, Δt:   3.96, CFL: 9.00e-01
i: 144100, t:  343660.8 s, ωt:  34.37 (5.47 periods), wall: 16.788 minutes, Δt:   4.28, CFL: 9.00e-01
i: 144200, t:  344201.4 s, ωt:  34.42 (5.48 periods), wall: 16.801 minutes, Δt:   6.10, CFL: 9.00e-01
i: 144300, t:  344864.8 s, ωt:  34.49 (5.49 periods), wall: 16.814 minutes, Δt:   5.72, CFL: 9.00e-01
i: 144400, t:  345486.2 s, ωt:  34.55 (5.50 periods), wall: 16.827 minutes, Δt:   6.14, CFL: 9.00e-01
i: 144500, t:  346158.4 s, ωt:  34.62 (5.51 periods), wall: 16.856 minutes, Δt:   7.99, CFL: 9.00e-01
i: 144600, t:  346831.7 s, ωt:  34.68 (5.52 periods), wall: 16.870 minutes, Δt:   6.97, CFL: 9.00e-01
i: 144700, t:  347460.1 s, ωt:  34.75 (5.53 periods), wall: 16.882 minutes, Δt:   6.35, CFL: 9.00e-01
i: 144800, t:  348066.1 s, ωt:  34.81 (5.54 periods), wall: 16.900 minutes, Δt:   5.89, CFL: 9.00e-01
i: 144900, t:  348572.7 s, ωt:  34.86 (5.55 periods), wall: 16.912 minutes, Δt:   4.23, CFL: 9.00e-01
i: 145000, t:  348999.3 s, ωt:  34.90 (5.55 periods), wall: 16.924 minutes, Δt:   4.15, CFL: 9.00e-01
i: 145100, t:  349411.0 s, ωt:  34.94 (5.56 periods), wall: 16.937 minutes, Δt:   4.00, CFL: 9.00e-01
i: 145200, t:  349772.9 s, ωt:  34.98 (5.57 periods), wall: 16.951 minutes, Δt:   3.88, CFL: 9.00e-01
i: 145300, t:  350084.2 s, ωt:  35.01 (5.57 periods), wall: 16.962 minutes, Δt:   3.35, CFL: 9.00e-01
i: 145400, t:  350415.1 s, ωt:  35.04 (5.58 periods), wall: 16.974 minutes, Δt:   2.77, CFL: 9.00e-01
i: 145500, t:  350730.2 s, ωt:  35.07 (5.58 periods), wall: 16.987 minutes, Δt:   2.50, CFL: 9.00e-01
i: 145600, t:  351009.2 s, ωt:  35.10 (5.59 periods), wall: 16.998 minutes, Δt:   2.79, CFL: 9.00e-01
i: 145700, t:  351318.9 s, ωt:  35.13 (5.59 periods), wall: 17.009 minutes, Δt:   2.99, CFL: 9.00e-01
i: 145800, t:  351590.6 s, ωt:  35.16 (5.60 periods), wall: 17.021 minutes, Δt:   2.66, CFL: 9.00e-01
i: 145900, t:  351855.6 s, ωt:  35.19 (5.60 periods), wall: 17.031 minutes, Δt:   2.72, CFL: 9.00e-01
i: 146000, t:  352108.8 s, ωt:  35.21 (5.60 periods), wall: 17.042 minutes, Δt:   2.22, CFL: 9.00e-01
i: 146100, t:  352342.1 s, ωt:  35.23 (5.61 periods), wall: 17.054 minutes, Δt:   2.39, CFL: 9.00e-01
i: 146200, t:  352578.4 s, ωt:  35.26 (5.61 periods), wall: 17.065 minutes, Δt:   2.32, CFL: 9.00e-01
i: 146300, t:  352816.1 s, ωt:  35.28 (5.62 periods), wall: 17.076 minutes, Δt:   2.49, CFL: 9.00e-01
i: 146400, t:  353064.8 s, ωt:  35.31 (5.62 periods), wall: 17.086 minutes, Δt:   2.31, CFL: 9.00e-01
i: 146500, t:  353294.3 s, ωt:  35.33 (5.62 periods), wall: 17.100 minutes, Δt:   2.18, CFL: 9.00e-01
i: 146600, t:  353508.1 s, ωt:  35.35 (5.63 periods), wall: 17.112 minutes, Δt:   2.17, CFL: 9.00e-01
i: 146700, t:  353724.2 s, ωt:  35.37 (5.63 periods), wall: 17.122 minutes, Δt:   2.13, CFL: 9.00e-01
i: 146800, t:  353939.2 s, ωt:  35.39 (5.63 periods), wall: 17.134 minutes, Δt:   2.12, CFL: 9.00e-01
i: 146900, t:  354138.8 s, ωt:  35.41 (5.64 periods), wall: 17.151 minutes, Δt:   1.89, CFL: 9.00e-01
i: 147000, t:  354341.7 s, ωt:  35.43 (5.64 periods), wall: 17.161 minutes, Δt:   2.12, CFL: 9.00e-01
i: 147100, t:  354538.9 s, ωt:  35.45 (5.64 periods), wall: 17.173 minutes, Δt:   2.01, CFL: 9.00e-01
i: 147200, t:  354725.7 s, ωt:  35.47 (5.65 periods), wall: 17.185 minutes, Δt:   1.66, CFL: 9.00e-01
i: 147300, t:  354918.2 s, ωt:  35.49 (5.65 periods), wall: 17.194 minutes, Δt:   2.08, CFL: 9.00e-01
i: 147400, t:  355108.1 s, ωt:  35.51 (5.65 periods), wall: 17.206 minutes, Δt:   1.79, CFL: 9.00e-01
i: 147500, t:  355293.8 s, ωt:  35.53 (5.65 periods), wall: 17.216 minutes, Δt:   1.87, CFL: 9.00e-01
i: 147600, t:  355482.6 s, ωt:  35.55 (5.66 periods), wall: 17.228 minutes, Δt:   1.91, CFL: 9.00e-01
i: 147700, t:  355658.7 s, ωt:  35.57 (5.66 periods), wall: 17.240 minutes, Δt:   1.76, CFL: 9.00e-01
i: 147800, t:  355837.5 s, ωt:  35.58 (5.66 periods), wall: 17.250 minutes, Δt:   1.83, CFL: 9.00e-01
i: 147900, t:  356013.1 s, ωt:  35.60 (5.67 periods), wall: 17.262 minutes, Δt:   1.84, CFL: 9.00e-01
i: 148000, t:  356190.4 s, ωt:  35.62 (5.67 periods), wall: 17.272 minutes, Δt:   1.57, CFL: 9.00e-01
i: 148100, t:  356367.7 s, ωt:  35.64 (5.67 periods), wall: 17.284 minutes, Δt:   1.63, CFL: 9.00e-01
i: 148200, t:  356545.7 s, ωt:  35.65 (5.67 periods), wall: 17.294 minutes, Δt:   1.76, CFL: 9.00e-01
i: 148300, t:  356725.4 s, ωt:  35.67 (5.68 periods), wall: 17.305 minutes, Δt:   1.81, CFL: 9.00e-01
i: 148400, t:  356888.5 s, ωt:  35.69 (5.68 periods), wall: 17.317 minutes, Δt:   1.82, CFL: 9.00e-01
i: 148500, t:  357068.1 s, ωt:  35.71 (5.68 periods), wall: 17.327 minutes, Δt:   1.87, CFL: 9.00e-01
i: 148600, t:  357238.0 s, ωt:  35.72 (5.69 periods), wall: 17.341 minutes, Δt:   1.80, CFL: 9.00e-01
i: 148700, t:  357416.6 s, ωt:  35.74 (5.69 periods), wall: 17.351 minutes, Δt:   1.64, CFL: 9.00e-01
i: 148800, t:  357579.2 s, ωt:  35.76 (5.69 periods), wall: 17.363 minutes, Δt:   1.73, CFL: 9.00e-01
i: 148900, t:  357758.7 s, ωt:  35.78 (5.69 periods), wall: 17.373 minutes, Δt:   1.60, CFL: 9.00e-01
i: 149000, t:  357925.9 s, ωt:  35.79 (5.70 periods), wall: 17.388 minutes, Δt:   1.66, CFL: 9.00e-01
i: 149100, t:  358100.4 s, ωt:  35.81 (5.70 periods), wall: 17.398 minutes, Δt:   1.74, CFL: 9.00e-01
i: 149200, t:  358268.7 s, ωt:  35.83 (5.70 periods), wall: 17.410 minutes, Δt:   1.62, CFL: 9.00e-01
i: 149300, t:  358425.4 s, ωt:  35.84 (5.70 periods), wall: 17.420 minutes, Δt:   1.60, CFL: 9.00e-01
i: 149400, t:  358593.4 s, ωt:  35.86 (5.71 periods), wall: 17.440 minutes, Δt:   1.61, CFL: 9.00e-01
i: 149500, t:  358757.6 s, ωt:  35.88 (5.71 periods), wall: 17.450 minutes, Δt:   1.45, CFL: 9.00e-01
i: 149600, t:  358918.5 s, ωt:  35.89 (5.71 periods), wall: 17.462 minutes, Δt:   1.51, CFL: 9.00e-01
i: 149700, t:  359079.8 s, ωt:  35.91 (5.71 periods), wall: 17.472 minutes, Δt:   1.75, CFL: 9.00e-01
i: 149800, t:  359244.6 s, ωt:  35.92 (5.72 periods), wall: 17.484 minutes, Δt:   1.52, CFL: 9.00e-01
i: 149900, t:  359406.5 s, ωt:  35.94 (5.72 periods), wall: 17.499 minutes, Δt:   1.68, CFL: 9.00e-01
i: 150000, t:  359581.3 s, ωt:  35.96 (5.72 periods), wall: 17.509 minutes, Δt:   1.69, CFL: 9.00e-01
i: 150100, t:  359750.2 s, ωt:  35.98 (5.73 periods), wall: 17.520 minutes, Δt:   1.72, CFL: 9.00e-01
i: 150200, t:  359912.9 s, ωt:  35.99 (5.73 periods), wall: 17.531 minutes, Δt:   1.66, CFL: 9.00e-01
i: 150300, t:  360085.8 s, ωt:  36.01 (5.73 periods), wall: 17.544 minutes, Δt:   1.78, CFL: 9.00e-01
i: 150400, t:  360250.4 s, ωt:  36.03 (5.73 periods), wall: 17.554 minutes, Δt:   1.72, CFL: 9.00e-01
i: 150500, t:  360407.0 s, ωt:  36.04 (5.74 periods), wall: 17.566 minutes, Δt:   1.74, CFL: 9.00e-01
i: 150600, t:  360566.4 s, ωt:  36.06 (5.74 periods), wall: 17.576 minutes, Δt:   1.67, CFL: 9.00e-01
i: 150700, t:  360714.4 s, ωt:  36.07 (5.74 periods), wall: 17.587 minutes, Δt:   1.21, CFL: 9.00e-01
i: 150800, t:  360855.9 s, ωt:  36.09 (5.74 periods), wall: 17.597 minutes, Δt:   1.42, CFL: 9.00e-01
i: 150900, t:  361010.0 s, ωt:  36.10 (5.75 periods), wall: 17.609 minutes, Δt:   1.22, CFL: 9.00e-01
i: 151000, t:  361158.5 s, ωt:  36.12 (5.75 periods), wall: 17.620 minutes, Δt:   1.34, CFL: 9.00e-01
i: 151100, t:  361316.5 s, ωt:  36.13 (5.75 periods), wall: 17.631 minutes, Δt:   1.72, CFL: 9.00e-01
i: 151200, t:  361469.3 s, ωt:  36.15 (5.75 periods), wall: 17.641 minutes, Δt:   1.52, CFL: 9.00e-01
i: 151300, t:  361624.2 s, ωt:  36.16 (5.76 periods), wall: 17.653 minutes, Δt:   1.65, CFL: 9.00e-01
i: 151400, t:  361795.6 s, ωt:  36.18 (5.76 periods), wall: 17.663 minutes, Δt:   1.72, CFL: 9.00e-01
i: 151500, t:  361945.5 s, ωt:  36.19 (5.76 periods), wall: 17.677 minutes, Δt:   1.56, CFL: 9.00e-01
i: 151600, t:  362095.9 s, ωt:  36.21 (5.76 periods), wall: 17.688 minutes, Δt:   1.42, CFL: 9.00e-01
i: 151700, t:  362261.9 s, ωt:  36.23 (5.77 periods), wall: 17.700 minutes, Δt:   1.67, CFL: 9.00e-01
i: 151800, t:  362433.2 s, ωt:  36.24 (5.77 periods), wall: 17.710 minutes, Δt:   1.36, CFL: 9.00e-01
i: 151900, t:  362591.3 s, ωt:  36.26 (5.77 periods), wall: 17.721 minutes, Δt:   1.67, CFL: 9.00e-01
i: 152000, t:  362751.8 s, ωt:  36.28 (5.77 periods), wall: 17.731 minutes, Δt:   1.65, CFL: 9.00e-01
i: 152100, t:  362914.7 s, ωt:  36.29 (5.78 periods), wall: 17.744 minutes, Δt:   1.64, CFL: 9.00e-01
i: 152200, t:  363073.9 s, ωt:  36.31 (5.78 periods), wall: 17.754 minutes, Δt:   1.63, CFL: 9.00e-01
i: 152300, t:  363240.0 s, ωt:  36.32 (5.78 periods), wall: 17.766 minutes, Δt:   1.73, CFL: 9.00e-01
i: 152400, t:  363402.5 s, ωt:  36.34 (5.78 periods), wall: 17.776 minutes, Δt:   1.62, CFL: 9.00e-01
i: 152500, t:  363558.4 s, ωt:  36.36 (5.79 periods), wall: 17.787 minutes, Δt:   1.72, CFL: 9.00e-01
i: 152600, t:  363727.9 s, ωt:  36.37 (5.79 periods), wall: 17.797 minutes, Δt:   1.62, CFL: 9.00e-01
i: 152700, t:  363906.6 s, ωt:  36.39 (5.79 periods), wall: 17.809 minutes, Δt:   1.73, CFL: 9.00e-01
i: 152800, t:  364093.0 s, ωt:  36.41 (5.79 periods), wall: 17.818 minutes, Δt:   1.91, CFL: 9.00e-01
i: 152900, t:  364269.9 s, ωt:  36.43 (5.80 periods), wall: 17.831 minutes, Δt:   1.56, CFL: 9.00e-01
i: 153000, t:  364430.1 s, ωt:  36.44 (5.80 periods), wall: 17.843 minutes, Δt:   1.60, CFL: 9.00e-01
i: 153100, t:  364586.1 s, ωt:  36.46 (5.80 periods), wall: 17.853 minutes, Δt:   1.83, CFL: 9.00e-01
i: 153200, t:  364755.0 s, ωt:  36.48 (5.81 periods), wall: 17.868 minutes, Δt:   1.54, CFL: 9.00e-01
i: 153300, t:  364914.6 s, ωt:  36.49 (5.81 periods), wall: 17.878 minutes, Δt:   1.51, CFL: 9.00e-01
i: 153400, t:  365085.0 s, ωt:  36.51 (5.81 periods), wall: 17.892 minutes, Δt:   1.81, CFL: 9.00e-01
i: 153500, t:  365259.4 s, ωt:  36.53 (5.81 periods), wall: 17.902 minutes, Δt:   1.85, CFL: 9.00e-01
i: 153600, t:  365438.8 s, ωt:  36.54 (5.82 periods), wall: 17.915 minutes, Δt:   1.72, CFL: 9.00e-01
i: 153700, t:  365617.8 s, ωt:  36.56 (5.82 periods), wall: 17.925 minutes, Δt:   1.93, CFL: 9.00e-01
i: 153800, t:  365781.7 s, ωt:  36.58 (5.82 periods), wall: 17.942 minutes, Δt:   1.77, CFL: 9.00e-01
i: 153900, t:  365964.1 s, ωt:  36.60 (5.82 periods), wall: 17.952 minutes, Δt:   1.84, CFL: 9.00e-01
i: 154000, t:  366132.4 s, ωt:  36.61 (5.83 periods), wall: 17.965 minutes, Δt:   1.48, CFL: 9.00e-01
i: 154100, t:  366313.3 s, ωt:  36.63 (5.83 periods), wall: 17.977 minutes, Δt:   1.90, CFL: 9.00e-01
i: 154200, t:  366498.9 s, ωt:  36.65 (5.83 periods), wall: 17.987 minutes, Δt:   1.54, CFL: 9.00e-01
i: 154300, t:  366676.7 s, ωt:  36.67 (5.84 periods), wall: 18.000 minutes, Δt:   2.06, CFL: 9.00e-01
i: 154400, t:  366861.1 s, ωt:  36.69 (5.84 periods), wall: 18.010 minutes, Δt:   2.08, CFL: 9.00e-01
i: 154500, t:  367053.9 s, ωt:  36.71 (5.84 periods), wall: 18.023 minutes, Δt:   1.77, CFL: 9.00e-01
i: 154600, t:  367233.9 s, ωt:  36.72 (5.84 periods), wall: 18.033 minutes, Δt:   2.04, CFL: 9.00e-01
i: 154700, t:  367442.3 s, ωt:  36.74 (5.85 periods), wall: 18.044 minutes, Δt:   2.21, CFL: 9.00e-01
i: 154800, t:  367657.8 s, ωt:  36.77 (5.85 periods), wall: 18.055 minutes, Δt:   2.52, CFL: 9.00e-01
i: 154900, t:  367880.5 s, ωt:  36.79 (5.86 periods), wall: 18.065 minutes, Δt:   2.18, CFL: 9.00e-01
i: 155000, t:  368104.7 s, ωt:  36.81 (5.86 periods), wall: 18.076 minutes, Δt:   2.36, CFL: 9.00e-01
i: 155100, t:  368338.7 s, ωt:  36.83 (5.86 periods), wall: 18.087 minutes, Δt:   2.42, CFL: 9.00e-01
i: 155200, t:  368536.7 s, ωt:  36.85 (5.87 periods), wall: 18.098 minutes, Δt:   2.00, CFL: 9.00e-01
i: 155300, t:  368759.7 s, ωt:  36.88 (5.87 periods), wall: 18.108 minutes, Δt:   2.13, CFL: 9.00e-01
i: 155400, t:  368971.5 s, ωt:  36.90 (5.87 periods), wall: 18.120 minutes, Δt:   2.04, CFL: 9.00e-01
i: 155500, t:  369180.0 s, ωt:  36.92 (5.88 periods), wall: 18.133 minutes, Δt:   1.89, CFL: 9.00e-01
i: 155600, t:  369379.6 s, ωt:  36.94 (5.88 periods), wall: 18.143 minutes, Δt:   2.08, CFL: 9.00e-01
i: 155700, t:  369600.8 s, ωt:  36.96 (5.88 periods), wall: 18.154 minutes, Δt:   2.41, CFL: 9.00e-01
i: 155800, t:  369840.0 s, ωt:  36.98 (5.89 periods), wall: 18.166 minutes, Δt:   2.66, CFL: 9.00e-01
i: 155900, t:  370089.9 s, ωt:  37.01 (5.89 periods), wall: 18.177 minutes, Δt:   2.81, CFL: 9.00e-01
i: 156000, t:  370318.5 s, ωt:  37.03 (5.89 periods), wall: 18.187 minutes, Δt:   2.45, CFL: 9.00e-01
i: 156100, t:  370589.0 s, ωt:  37.06 (5.90 periods), wall: 18.199 minutes, Δt:   2.36, CFL: 9.00e-01
i: 156200, t:  370830.0 s, ωt:  37.08 (5.90 periods), wall: 18.211 minutes, Δt:   2.77, CFL: 9.00e-01
i: 156300, t:  371118.4 s, ωt:  37.11 (5.91 periods), wall: 18.223 minutes, Δt:   2.68, CFL: 9.00e-01
i: 156400, t:  371391.5 s, ωt:  37.14 (5.91 periods), wall: 18.234 minutes, Δt:   2.99, CFL: 9.00e-01
i: 156500, t:  371681.9 s, ωt:  37.17 (5.92 periods), wall: 18.248 minutes, Δt:   2.99, CFL: 9.00e-01
i: 156600, t:  371993.4 s, ωt:  37.20 (5.92 periods), wall: 18.261 minutes, Δt:   3.08, CFL: 9.00e-01
i: 156700, t:  372272.4 s, ωt:  37.23 (5.92 periods), wall: 18.271 minutes, Δt:   3.11, CFL: 9.00e-01
i: 156800, t:  372564.2 s, ωt:  37.26 (5.93 periods), wall: 18.282 minutes, Δt:   2.97, CFL: 9.00e-01
i: 156900, t:  372889.8 s, ωt:  37.29 (5.93 periods), wall: 18.296 minutes, Δt:   2.88, CFL: 9.00e-01
i: 157000, t:  373206.5 s, ωt:  37.32 (5.94 periods), wall: 18.307 minutes, Δt:   3.11, CFL: 9.00e-01
i: 157100, t:  373548.2 s, ωt:  37.35 (5.95 periods), wall: 18.320 minutes, Δt:   3.23, CFL: 9.00e-01
i: 157200, t:  373922.6 s, ωt:  37.39 (5.95 periods), wall: 18.331 minutes, Δt:   3.72, CFL: 9.00e-01
i: 157300, t:  374318.7 s, ωt:  37.43 (5.96 periods), wall: 18.343 minutes, Δt:   4.02, CFL: 9.00e-01
i: 157400, t:  374724.2 s, ωt:  37.47 (5.96 periods), wall: 18.354 minutes, Δt:   5.17, CFL: 9.00e-01
i: 157500, t:  375169.5 s, ωt:  37.52 (5.97 periods), wall: 18.366 minutes, Δt:   4.67, CFL: 9.00e-01
i: 157600, t:  375664.3 s, ωt:  37.57 (5.98 periods), wall: 18.378 minutes, Δt:   5.46, CFL: 9.00e-01
i: 157700, t:  376264.3 s, ωt:  37.63 (5.99 periods), wall: 18.394 minutes, Δt:   7.11, CFL: 9.00e-01
i: 157800, t:  377004.8 s, ωt:  37.70 (6.00 periods), wall: 18.431 minutes, Δt:   7.93, CFL: 9.00e-01
i: 157900, t:  377767.4 s, ωt:  37.78 (6.01 periods), wall: 18.448 minutes, Δt:   7.06, CFL: 9.00e-01
i: 158000, t:  378493.8 s, ωt:  37.85 (6.02 periods), wall: 18.460 minutes, Δt:   7.64, CFL: 9.00e-01
i: 158100, t:  379161.2 s, ωt:  37.92 (6.03 periods), wall: 18.477 minutes, Δt:   5.91, CFL: 9.00e-01
i: 158200, t:  379797.7 s, ωt:  37.98 (6.04 periods), wall: 18.489 minutes, Δt:   6.52, CFL: 9.00e-01
i: 158300, t:  380363.3 s, ωt:  38.04 (6.05 periods), wall: 18.504 minutes, Δt:   5.29, CFL: 9.00e-01
i: 158400, t:  380851.5 s, ωt:  38.09 (6.06 periods), wall: 18.517 minutes, Δt:   4.57, CFL: 9.00e-01
i: 158500, t:  381244.5 s, ωt:  38.12 (6.07 periods), wall: 18.528 minutes, Δt:   3.82, CFL: 9.00e-01
i: 158600, t:  381614.8 s, ωt:  38.16 (6.07 periods), wall: 18.540 minutes, Δt:   3.27, CFL: 9.00e-01
i: 158700, t:  381949.6 s, ωt:  38.19 (6.08 periods), wall: 18.552 minutes, Δt:   3.21, CFL: 9.00e-01
i: 158800, t:  382242.2 s, ωt:  38.22 (6.08 periods), wall: 18.563 minutes, Δt:   3.08, CFL: 9.00e-01
i: 158900, t:  382531.3 s, ωt:  38.25 (6.09 periods), wall: 18.575 minutes, Δt:   3.08, CFL: 9.00e-01
i: 159000, t:  382835.6 s, ωt:  38.28 (6.09 periods), wall: 18.587 minutes, Δt:   3.01, CFL: 9.00e-01
i: 159100, t:  383133.4 s, ωt:  38.31 (6.10 periods), wall: 18.598 minutes, Δt:   3.00, CFL: 9.00e-01
i: 159200, t:  383400.6 s, ωt:  38.34 (6.10 periods), wall: 18.633 minutes, Δt:   2.92, CFL: 9.00e-01
i: 159300, t:  383640.4 s, ωt:  38.36 (6.11 periods), wall: 18.645 minutes, Δt:   2.66, CFL: 9.00e-01
i: 159400, t:  383901.6 s, ωt:  38.39 (6.11 periods), wall: 18.655 minutes, Δt:   2.61, CFL: 9.00e-01
i: 159500, t:  384143.5 s, ωt:  38.41 (6.11 periods), wall: 18.666 minutes, Δt:   2.12, CFL: 9.00e-01
i: 159600, t:  384384.3 s, ωt:  38.44 (6.12 periods), wall: 18.678 minutes, Δt:   2.88, CFL: 9.00e-01
i: 159700, t:  384627.0 s, ωt:  38.46 (6.12 periods), wall: 18.690 minutes, Δt:   1.74, CFL: 9.00e-01
i: 159800, t:  384851.8 s, ωt:  38.49 (6.13 periods), wall: 18.702 minutes, Δt:   2.27, CFL: 9.00e-01
i: 159900, t:  385079.2 s, ωt:  38.51 (6.13 periods), wall: 18.712 minutes, Δt:   2.15, CFL: 9.00e-01
i: 160000, t:  385291.1 s, ωt:  38.53 (6.13 periods), wall: 18.723 minutes, Δt:   2.14, CFL: 9.00e-01
i: 160100, t:  385498.9 s, ωt:  38.55 (6.14 periods), wall: 18.735 minutes, Δt:   2.50, CFL: 9.00e-01
i: 160200, t:  385731.5 s, ωt:  38.57 (6.14 periods), wall: 18.746 minutes, Δt:   2.22, CFL: 9.00e-01
i: 160300, t:  385941.7 s, ωt:  38.59 (6.14 periods), wall: 18.758 minutes, Δt:   2.20, CFL: 9.00e-01
i: 160400, t:  386149.0 s, ωt:  38.61 (6.15 periods), wall: 18.769 minutes, Δt:   2.00, CFL: 9.00e-01
i: 160500, t:  386353.5 s, ωt:  38.64 (6.15 periods), wall: 18.780 minutes, Δt:   2.03, CFL: 9.00e-01
i: 160600, t:  386547.0 s, ωt:  38.65 (6.15 periods), wall: 18.792 minutes, Δt:   2.11, CFL: 9.00e-01
i: 160700, t:  386742.6 s, ωt:  38.67 (6.16 periods), wall: 18.803 minutes, Δt:   1.77, CFL: 9.00e-01
i: 160800, t:  386923.6 s, ωt:  38.69 (6.16 periods), wall: 18.813 minutes, Δt:   1.91, CFL: 9.00e-01
i: 160900, t:  387118.1 s, ωt:  38.71 (6.16 periods), wall: 18.825 minutes, Δt:   2.08, CFL: 9.00e-01
i: 161000, t:  387315.6 s, ωt:  38.73 (6.16 periods), wall: 18.835 minutes, Δt:   1.82, CFL: 9.00e-01
i: 161100, t:  387496.3 s, ωt:  38.75 (6.17 periods), wall: 18.846 minutes, Δt:   2.03, CFL: 9.00e-01
i: 161200, t:  387676.6 s, ωt:  38.77 (6.17 periods), wall: 18.858 minutes, Δt:   1.96, CFL: 9.00e-01
i: 161300, t:  387861.6 s, ωt:  38.79 (6.17 periods), wall: 18.869 minutes, Δt:   1.79, CFL: 9.00e-01
i: 161400, t:  388042.2 s, ωt:  38.80 (6.18 periods), wall: 18.885 minutes, Δt:   1.82, CFL: 9.00e-01
i: 161500, t:  388215.6 s, ωt:  38.82 (6.18 periods), wall: 18.895 minutes, Δt:   1.74, CFL: 9.00e-01
i: 161600, t:  388392.6 s, ωt:  38.84 (6.18 periods), wall: 18.907 minutes, Δt:   1.92, CFL: 9.00e-01
i: 161700, t:  388569.8 s, ωt:  38.86 (6.18 periods), wall: 18.916 minutes, Δt:   1.71, CFL: 9.00e-01
i: 161800, t:  388750.6 s, ωt:  38.88 (6.19 periods), wall: 18.927 minutes, Δt:   2.00, CFL: 9.00e-01
i: 161900, t:  388934.7 s, ωt:  38.89 (6.19 periods), wall: 18.939 minutes, Δt:   1.93, CFL: 9.00e-01
i: 162000, t:  389114.7 s, ωt:  38.91 (6.19 periods), wall: 18.948 minutes, Δt:   2.04, CFL: 9.00e-01
i: 162100, t:  389288.5 s, ωt:  38.93 (6.20 periods), wall: 18.958 minutes, Δt:   1.64, CFL: 9.00e-01
i: 162200, t:  389470.1 s, ωt:  38.95 (6.20 periods), wall: 18.967 minutes, Δt:   1.80, CFL: 9.00e-01
i: 162300, t:  389630.8 s, ωt:  38.96 (6.20 periods), wall: 18.978 minutes, Δt:   1.75, CFL: 9.00e-01
i: 162400, t:  389814.8 s, ωt:  38.98 (6.20 periods), wall: 18.987 minutes, Δt:   1.78, CFL: 9.00e-01
i: 162500, t:  389995.1 s, ωt:  39.00 (6.21 periods), wall: 19.004 minutes, Δt:   1.63, CFL: 9.00e-01
i: 162600, t:  390145.8 s, ωt:  39.01 (6.21 periods), wall: 19.013 minutes, Δt:   1.76, CFL: 9.00e-01
i: 162700, t:  390323.5 s, ωt:  39.03 (6.21 periods), wall: 19.023 minutes, Δt:   1.59, CFL: 9.00e-01
i: 162800, t:  390505.5 s, ωt:  39.05 (6.22 periods), wall: 19.033 minutes, Δt:   1.81, CFL: 9.00e-01
i: 162900, t:  390682.0 s, ωt:  39.07 (6.22 periods), wall: 19.042 minutes, Δt:   1.80, CFL: 9.00e-01
i: 163000, t:  390840.1 s, ωt:  39.08 (6.22 periods), wall: 19.053 minutes, Δt:   1.84, CFL: 9.00e-01
i: 163100, t:  391018.5 s, ωt:  39.10 (6.22 periods), wall: 19.062 minutes, Δt:   1.80, CFL: 9.00e-01
i: 163200, t:  391189.2 s, ωt:  39.12 (6.23 periods), wall: 19.072 minutes, Δt:   1.85, CFL: 9.00e-01
i: 163300, t:  391357.8 s, ωt:  39.14 (6.23 periods), wall: 19.081 minutes, Δt:   1.60, CFL: 9.00e-01
i: 163400, t:  391520.5 s, ωt:  39.15 (6.23 periods), wall: 19.092 minutes, Δt:   1.78, CFL: 9.00e-01
i: 163500, t:  391700.3 s, ωt:  39.17 (6.23 periods), wall: 19.101 minutes, Δt:   1.95, CFL: 9.00e-01
i: 163600, t:  391867.8 s, ωt:  39.19 (6.24 periods), wall: 19.112 minutes, Δt:   1.43, CFL: 9.00e-01
i: 163700, t:  392016.8 s, ωt:  39.20 (6.24 periods), wall: 19.121 minutes, Δt:   1.27, CFL: 9.00e-01
i: 163800, t:  392134.2 s, ωt:  39.21 (6.24 periods), wall: 19.132 minutes, Δt:   1.46, CFL: 9.00e-01
i: 163900, t:  392291.2 s, ωt:  39.23 (6.24 periods), wall: 19.141 minutes, Δt:   1.79, CFL: 9.00e-01
i: 164000, t:  392457.4 s, ωt:  39.25 (6.25 periods), wall: 19.152 minutes, Δt:   1.82, CFL: 9.00e-01
i: 164100, t:  392619.7 s, ωt:  39.26 (6.25 periods), wall: 19.162 minutes, Δt:   1.26, CFL: 9.00e-01
i: 164200, t:  392757.5 s, ωt:  39.28 (6.25 periods), wall: 19.173 minutes, Δt:   1.73, CFL: 9.00e-01
i: 164300, t:  392927.6 s, ωt:  39.29 (6.25 periods), wall: 19.181 minutes, Δt:   1.60, CFL: 9.00e-01
i: 164400, t:  393089.3 s, ωt:  39.31 (6.26 periods), wall: 19.192 minutes, Δt:   1.54, CFL: 9.00e-01
i: 164500, t:  393263.9 s, ωt:  39.33 (6.26 periods), wall: 19.201 minutes, Δt:   1.83, CFL: 9.00e-01
i: 164600, t:  393438.4 s, ωt:  39.34 (6.26 periods), wall: 19.211 minutes, Δt:   1.43, CFL: 9.00e-01
i: 164700, t:  393600.4 s, ωt:  39.36 (6.26 periods), wall: 19.220 minutes, Δt:   1.84, CFL: 9.00e-01
i: 164800, t:  393775.7 s, ωt:  39.38 (6.27 periods), wall: 19.235 minutes, Δt:   1.59, CFL: 9.00e-01
i: 164900, t:  393943.1 s, ωt:  39.39 (6.27 periods), wall: 19.244 minutes, Δt:   1.72, CFL: 9.00e-01
i: 165000, t:  394120.9 s, ωt:  39.41 (6.27 periods), wall: 19.255 minutes, Δt:   2.05, CFL: 9.00e-01
i: 165100, t:  394299.3 s, ωt:  39.43 (6.28 periods), wall: 19.266 minutes, Δt:   1.36, CFL: 9.00e-01
i: 165200, t:  394470.0 s, ωt:  39.45 (6.28 periods), wall: 19.275 minutes, Δt:   1.71, CFL: 9.00e-01
i: 165300, t:  394645.7 s, ωt:  39.46 (6.28 periods), wall: 19.285 minutes, Δt:   1.62, CFL: 9.00e-01
i: 165400, t:  394814.0 s, ωt:  39.48 (6.28 periods), wall: 19.294 minutes, Δt:   1.57, CFL: 9.00e-01
i: 165500, t:  394989.2 s, ωt:  39.50 (6.29 periods), wall: 19.305 minutes, Δt:   1.96, CFL: 9.00e-01
i: 165600, t:  395161.6 s, ωt:  39.52 (6.29 periods), wall: 19.314 minutes, Δt:   1.73, CFL: 9.00e-01
i: 165700, t:  395338.8 s, ωt:  39.53 (6.29 periods), wall: 19.324 minutes, Δt:   1.49, CFL: 9.00e-01
i: 165800, t:  395497.2 s, ωt:  39.55 (6.29 periods), wall: 19.333 minutes, Δt:   2.00, CFL: 9.00e-01
i: 165900, t:  395690.6 s, ωt:  39.57 (6.30 periods), wall: 19.347 minutes, Δt:   1.74, CFL: 9.00e-01
i: 166000, t:  395878.6 s, ωt:  39.59 (6.30 periods), wall: 19.359 minutes, Δt:   1.81, CFL: 9.00e-01
i: 166100, t:  396079.1 s, ωt:  39.61 (6.30 periods), wall: 19.368 minutes, Δt:   2.02, CFL: 9.00e-01
i: 166200, t:  396257.1 s, ωt:  39.63 (6.31 periods), wall: 19.378 minutes, Δt:   1.88, CFL: 9.00e-01
i: 166300, t:  396445.5 s, ωt:  39.64 (6.31 periods), wall: 19.387 minutes, Δt:   1.75, CFL: 9.00e-01
i: 166400, t:  396612.8 s, ωt:  39.66 (6.31 periods), wall: 19.399 minutes, Δt:   1.85, CFL: 9.00e-01
i: 166500, t:  396797.5 s, ωt:  39.68 (6.32 periods), wall: 19.410 minutes, Δt:   2.02, CFL: 9.00e-01
i: 166600, t:  396981.1 s, ωt:  39.70 (6.32 periods), wall: 19.420 minutes, Δt:   1.83, CFL: 9.00e-01
i: 166700, t:  397179.8 s, ωt:  39.72 (6.32 periods), wall: 19.430 minutes, Δt:   1.93, CFL: 9.00e-01
i: 166800, t:  397360.6 s, ωt:  39.74 (6.32 periods), wall: 19.439 minutes, Δt:   1.71, CFL: 9.00e-01
i: 166900, t:  397560.0 s, ωt:  39.76 (6.33 periods), wall: 19.450 minutes, Δt:   1.78, CFL: 9.00e-01
i: 167000, t:  397739.7 s, ωt:  39.77 (6.33 periods), wall: 19.461 minutes, Δt:   1.80, CFL: 9.00e-01
i: 167100, t:  397940.3 s, ωt:  39.79 (6.33 periods), wall: 19.470 minutes, Δt:   1.80, CFL: 9.00e-01
i: 167200, t:  398136.4 s, ωt:  39.81 (6.34 periods), wall: 19.481 minutes, Δt:   2.17, CFL: 9.00e-01
i: 167300, t:  398336.7 s, ωt:  39.83 (6.34 periods), wall: 19.490 minutes, Δt:   2.07, CFL: 9.00e-01
i: 167400, t:  398537.5 s, ωt:  39.85 (6.34 periods), wall: 19.501 minutes, Δt:   1.79, CFL: 9.00e-01
i: 167500, t:  398747.0 s, ωt:  39.87 (6.35 periods), wall: 19.512 minutes, Δt:   1.89, CFL: 9.00e-01
i: 167600, t:  398958.0 s, ωt:  39.90 (6.35 periods), wall: 19.521 minutes, Δt:   2.05, CFL: 9.00e-01
i: 167700, t:  399174.2 s, ωt:  39.92 (6.35 periods), wall: 19.532 minutes, Δt:   2.25, CFL: 9.00e-01
i: 167800, t:  399396.8 s, ωt:  39.94 (6.36 periods), wall: 19.543 minutes, Δt:   2.42, CFL: 9.00e-01
i: 167900, t:  399619.8 s, ωt:  39.96 (6.36 periods), wall: 19.553 minutes, Δt:   2.22, CFL: 9.00e-01
i: 168000, t:  399845.0 s, ωt:  39.98 (6.36 periods), wall: 19.563 minutes, Δt:   2.17, CFL: 9.00e-01
i: 168100, t:  400078.1 s, ωt:  40.01 (6.37 periods), wall: 19.573 minutes, Δt:   2.32, CFL: 9.00e-01
i: 168200, t:  400290.9 s, ωt:  40.03 (6.37 periods), wall: 19.586 minutes, Δt:   2.16, CFL: 9.00e-01
i: 168300, t:  400485.1 s, ωt:  40.05 (6.37 periods), wall: 19.595 minutes, Δt:   2.36, CFL: 9.00e-01
i: 168400, t:  400714.4 s, ωt:  40.07 (6.38 periods), wall: 19.607 minutes, Δt:   1.82, CFL: 9.00e-01
i: 168500, t:  400927.0 s, ωt:  40.09 (6.38 periods), wall: 19.618 minutes, Δt:   2.42, CFL: 9.00e-01
i: 168600, t:  401143.8 s, ωt:  40.11 (6.38 periods), wall: 19.627 minutes, Δt:   2.03, CFL: 9.00e-01
i: 168700, t:  401365.4 s, ωt:  40.14 (6.39 periods), wall: 19.637 minutes, Δt:   2.13, CFL: 9.00e-01
i: 168800, t:  401598.4 s, ωt:  40.16 (6.39 periods), wall: 19.647 minutes, Δt:   2.58, CFL: 9.00e-01
i: 168900, t:  401846.3 s, ωt:  40.18 (6.40 periods), wall: 19.658 minutes, Δt:   2.69, CFL: 9.00e-01
i: 169000, t:  402090.2 s, ωt:  40.21 (6.40 periods), wall: 19.667 minutes, Δt:   2.57, CFL: 9.00e-01
i: 169100, t:  402339.1 s, ωt:  40.23 (6.40 periods), wall: 19.681 minutes, Δt:   2.37, CFL: 9.00e-01
i: 169200, t:  402579.2 s, ωt:  40.26 (6.41 periods), wall: 19.694 minutes, Δt:   2.43, CFL: 9.00e-01
i: 169300, t:  402841.3 s, ωt:  40.28 (6.41 periods), wall: 19.705 minutes, Δt:   2.66, CFL: 9.00e-01
i: 169400, t:  403118.4 s, ωt:  40.31 (6.42 periods), wall: 19.715 minutes, Δt:   3.31, CFL: 9.00e-01
i: 169500, t:  403413.3 s, ωt:  40.34 (6.42 periods), wall: 19.725 minutes, Δt:   2.94, CFL: 9.00e-01
i: 169600, t:  403707.9 s, ωt:  40.37 (6.43 periods), wall: 19.736 minutes, Δt:   2.37, CFL: 9.00e-01
i: 169700, t:  403959.4 s, ωt:  40.40 (6.43 periods), wall: 19.745 minutes, Δt:   2.93, CFL: 9.00e-01
i: 169800, t:  404290.4 s, ωt:  40.43 (6.43 periods), wall: 19.756 minutes, Δt:   3.76, CFL: 9.00e-01
i: 169900, t:  404655.7 s, ωt:  40.47 (6.44 periods), wall: 19.770 minutes, Δt:   3.61, CFL: 9.00e-01
i: 170000, t:  405023.3 s, ωt:  40.50 (6.45 periods), wall: 19.785 minutes, Δt:   4.30, CFL: 9.00e-01
i: 170100, t:  405459.4 s, ωt:  40.55 (6.45 periods), wall: 19.797 minutes, Δt:   4.75, CFL: 9.00e-01
i: 170200, t:  405897.8 s, ωt:  40.59 (6.46 periods), wall: 19.809 minutes, Δt:   4.60, CFL: 9.00e-01
i: 170300, t:  406400.3 s, ωt:  40.64 (6.47 periods), wall: 19.820 minutes, Δt:   4.76, CFL: 9.00e-01
i: 170400, t:  406969.7 s, ωt:  40.70 (6.48 periods), wall: 19.832 minutes, Δt:   5.28, CFL: 9.00e-01
i: 170500, t:  407565.2 s, ωt:  40.76 (6.49 periods), wall: 19.844 minutes, Δt:   5.69, CFL: 9.00e-01
i: 170600, t:  408233.3 s, ωt:  40.82 (6.50 periods), wall: 19.857 minutes, Δt:   6.80, CFL: 9.00e-01
i: 170700, t:  408930.9 s, ωt:  40.89 (6.51 periods), wall: 19.881 minutes, Δt:   6.06, CFL: 9.00e-01
i: 170800, t:  409569.9 s, ωt:  40.96 (6.52 periods), wall: 19.896 minutes, Δt:   6.69, CFL: 9.00e-01
i: 170900, t:  410180.3 s, ωt:  41.02 (6.53 periods), wall: 19.907 minutes, Δt:   6.47, CFL: 9.00e-01
i: 171000, t:  410808.7 s, ωt:  41.08 (6.54 periods), wall: 19.922 minutes, Δt:   5.58, CFL: 9.00e-01
i: 171100, t:  411401.5 s, ωt:  41.14 (6.55 periods), wall: 19.934 minutes, Δt:   6.19, CFL: 9.00e-01
i: 171200, t:  411896.7 s, ωt:  41.19 (6.56 periods), wall: 19.948 minutes, Δt:   4.23, CFL: 9.00e-01
i: 171300, t:  412356.6 s, ωt:  41.24 (6.56 periods), wall: 19.960 minutes, Δt:   4.45, CFL: 9.00e-01
i: 171400, t:  412746.9 s, ωt:  41.27 (6.57 periods), wall: 19.975 minutes, Δt:   3.70, CFL: 9.00e-01
i: 171500, t:  413086.1 s, ωt:  41.31 (6.57 periods), wall: 19.986 minutes, Δt:   3.32, CFL: 9.00e-01
i: 171600, t:  413408.5 s, ωt:  41.34 (6.58 periods), wall: 19.996 minutes, Δt:   3.16, CFL: 9.00e-01
i: 171700, t:  413708.3 s, ωt:  41.37 (6.58 periods), wall: 20.008 minutes, Δt:   2.67, CFL: 9.00e-01
i: 171800, t:  413991.9 s, ωt:  41.40 (6.59 periods), wall: 20.018 minutes, Δt:   3.01, CFL: 9.00e-01
i: 171900, t:  414295.5 s, ωt:  41.43 (6.59 periods), wall: 20.028 minutes, Δt:   2.81, CFL: 9.00e-01
i: 172000, t:  414559.1 s, ωt:  41.46 (6.60 periods), wall: 20.039 minutes, Δt:   2.67, CFL: 9.00e-01
i: 172100, t:  414807.5 s, ωt:  41.48 (6.60 periods), wall: 20.050 minutes, Δt:   2.51, CFL: 9.00e-01
i: 172200, t:  415054.8 s, ωt:  41.51 (6.61 periods), wall: 20.061 minutes, Δt:   2.52, CFL: 9.00e-01
i: 172300, t:  415276.0 s, ωt:  41.53 (6.61 periods), wall: 20.070 minutes, Δt:   2.54, CFL: 9.00e-01
i: 172400, t:  415513.5 s, ωt:  41.55 (6.61 periods), wall: 20.081 minutes, Δt:   2.39, CFL: 9.00e-01
i: 172500, t:  415735.4 s, ωt:  41.57 (6.62 periods), wall: 20.091 minutes, Δt:   2.32, CFL: 9.00e-01
i: 172600, t:  415975.6 s, ωt:  41.60 (6.62 periods), wall: 20.102 minutes, Δt:   2.16, CFL: 9.00e-01
i: 172700, t:  416184.9 s, ωt:  41.62 (6.62 periods), wall: 20.111 minutes, Δt:   2.08, CFL: 9.00e-01
i: 172800, t:  416383.2 s, ωt:  41.64 (6.63 periods), wall: 20.121 minutes, Δt:   2.22, CFL: 9.00e-01
i: 172900, t:  416587.3 s, ωt:  41.66 (6.63 periods), wall: 20.132 minutes, Δt:   2.11, CFL: 9.00e-01
i: 173000, t:  416808.5 s, ωt:  41.68 (6.63 periods), wall: 20.141 minutes, Δt:   2.22, CFL: 9.00e-01
i: 173100, t:  417009.1 s, ωt:  41.70 (6.64 periods), wall: 20.154 minutes, Δt:   2.06, CFL: 9.00e-01
i: 173200, t:  417219.0 s, ωt:  41.72 (6.64 periods), wall: 20.164 minutes, Δt:   2.21, CFL: 9.00e-01
i: 173300, t:  417424.5 s, ωt:  41.74 (6.64 periods), wall: 20.173 minutes, Δt:   2.05, CFL: 9.00e-01
i: 173400, t:  417624.4 s, ωt:  41.76 (6.65 periods), wall: 20.185 minutes, Δt:   2.03, CFL: 9.00e-01
i: 173500, t:  417810.9 s, ωt:  41.78 (6.65 periods), wall: 20.194 minutes, Δt:   1.80, CFL: 9.00e-01
i: 173600, t:  418008.0 s, ωt:  41.80 (6.65 periods), wall: 20.204 minutes, Δt:   1.98, CFL: 9.00e-01
i: 173700, t:  418193.1 s, ωt:  41.82 (6.66 periods), wall: 20.215 minutes, Δt:   2.02, CFL: 9.00e-01
i: 173800, t:  418386.0 s, ωt:  41.84 (6.66 periods), wall: 20.224 minutes, Δt:   2.01, CFL: 9.00e-01
i: 173900, t:  418571.2 s, ωt:  41.86 (6.66 periods), wall: 20.235 minutes, Δt:   1.83, CFL: 9.00e-01
i: 174000, t:  418756.5 s, ωt:  41.88 (6.66 periods), wall: 20.244 minutes, Δt:   1.83, CFL: 9.00e-01
i: 174100, t:  418947.2 s, ωt:  41.89 (6.67 periods), wall: 20.254 minutes, Δt:   1.86, CFL: 9.00e-01
i: 174200, t:  419121.3 s, ωt:  41.91 (6.67 periods), wall: 20.264 minutes, Δt:   1.86, CFL: 9.00e-01
i: 174300, t:  419309.3 s, ωt:  41.93 (6.67 periods), wall: 20.274 minutes, Δt:   1.77, CFL: 9.00e-01
i: 174400, t:  419490.1 s, ωt:  41.95 (6.68 periods), wall: 20.284 minutes, Δt:   1.86, CFL: 9.00e-01
i: 174500, t:  419661.6 s, ωt:  41.97 (6.68 periods), wall: 20.293 minutes, Δt:   1.31, CFL: 9.00e-01
i: 174600, t:  419822.6 s, ωt:  41.98 (6.68 periods), wall: 20.307 minutes, Δt:   1.82, CFL: 9.00e-01
i: 174700, t:  419988.2 s, ωt:  42.00 (6.68 periods), wall: 20.316 minutes, Δt:   1.71, CFL: 9.00e-01
i: 174800, t:  420161.1 s, ωt:  42.02 (6.69 periods), wall: 20.327 minutes, Δt:   1.45, CFL: 9.00e-01
i: 174900, t:  420337.0 s, ωt:  42.03 (6.69 periods), wall: 20.336 minutes, Δt:   1.94, CFL: 9.00e-01
i: 175000, t:  420500.6 s, ωt:  42.05 (6.69 periods), wall: 20.346 minutes, Δt:   1.65, CFL: 9.00e-01
i: 175100, t:  420651.1 s, ωt:  42.07 (6.69 periods), wall: 20.355 minutes, Δt:   1.56, CFL: 9.00e-01
i: 175200, t:  420814.5 s, ωt:  42.08 (6.70 periods), wall: 20.367 minutes, Δt:   1.93, CFL: 9.00e-01
i: 175300, t:  420988.6 s, ωt:  42.10 (6.70 periods), wall: 20.377 minutes, Δt:   1.67, CFL: 9.00e-01
i: 175400, t:  421165.4 s, ωt:  42.12 (6.70 periods), wall: 20.386 minutes, Δt:   1.86, CFL: 9.00e-01
i: 175500, t:  421345.4 s, ωt:  42.13 (6.71 periods), wall: 20.398 minutes, Δt:   1.68, CFL: 9.00e-01
i: 175600, t:  421510.2 s, ωt:  42.15 (6.71 periods), wall: 20.408 minutes, Δt:   1.39, CFL: 9.00e-01
i: 175700, t:  421669.1 s, ωt:  42.17 (6.71 periods), wall: 20.420 minutes, Δt:   1.48, CFL: 9.00e-01
i: 175800, t:  421833.8 s, ωt:  42.18 (6.71 periods), wall: 20.430 minutes, Δt:   1.55, CFL: 9.00e-01
i: 175900, t:  421999.9 s, ωt:  42.20 (6.72 periods), wall: 20.442 minutes, Δt:   1.89, CFL: 9.00e-01
i: 176000, t:  422171.7 s, ωt:  42.22 (6.72 periods), wall: 20.452 minutes, Δt:   1.62, CFL: 9.00e-01
i: 176100, t:  422341.2 s, ωt:  42.23 (6.72 periods), wall: 20.465 minutes, Δt:   1.68, CFL: 9.00e-01
i: 176200, t:  422519.1 s, ωt:  42.25 (6.72 periods), wall: 20.475 minutes, Δt:   1.98, CFL: 9.00e-01
i: 176300, t:  422694.5 s, ωt:  42.27 (6.73 periods), wall: 20.488 minutes, Δt:   1.66, CFL: 9.00e-01
i: 176400, t:  422849.9 s, ωt:  42.28 (6.73 periods), wall: 20.498 minutes, Δt:   1.43, CFL: 9.00e-01
i: 176500, t:  423002.6 s, ωt:  42.30 (6.73 periods), wall: 20.510 minutes, Δt:   1.92, CFL: 9.00e-01
i: 176600, t:  423159.8 s, ωt:  42.32 (6.73 periods), wall: 20.520 minutes, Δt:   1.46, CFL: 9.00e-01
i: 176700, t:  423318.3 s, ωt:  42.33 (6.74 periods), wall: 20.531 minutes, Δt:   1.87, CFL: 9.00e-01
i: 176800, t:  423491.9 s, ωt:  42.35 (6.74 periods), wall: 20.546 minutes, Δt:   1.42, CFL: 9.00e-01
i: 176900, t:  423651.4 s, ωt:  42.37 (6.74 periods), wall: 20.556 minutes, Δt:   1.50, CFL: 9.00e-01
i: 177000, t:  423816.0 s, ωt:  42.38 (6.75 periods), wall: 20.567 minutes, Δt:   1.58, CFL: 9.00e-01
i: 177100, t:  423971.7 s, ωt:  42.40 (6.75 periods), wall: 20.577 minutes, Δt:   1.31, CFL: 9.00e-01
i: 177200, t:  424125.1 s, ωt:  42.41 (6.75 periods), wall: 20.588 minutes, Δt:   1.45, CFL: 9.00e-01
i: 177300, t:  424274.5 s, ωt:  42.43 (6.75 periods), wall: 20.598 minutes, Δt:   1.51, CFL: 9.00e-01
i: 177400, t:  424438.3 s, ωt:  42.44 (6.76 periods), wall: 20.609 minutes, Δt:   1.33, CFL: 9.00e-01
i: 177500, t:  424581.9 s, ωt:  42.46 (6.76 periods), wall: 20.619 minutes, Δt:   1.61, CFL: 9.00e-01
i: 177600, t:  424748.5 s, ωt:  42.47 (6.76 periods), wall: 20.630 minutes, Δt:   1.58, CFL: 9.00e-01
i: 177700, t:  424896.6 s, ωt:  42.49 (6.76 periods), wall: 20.640 minutes, Δt:   1.54, CFL: 9.00e-01
i: 177800, t:  425051.7 s, ωt:  42.51 (6.76 periods), wall: 20.650 minutes, Δt:   1.63, CFL: 9.00e-01
i: 177900, t:  425217.7 s, ωt:  42.52 (6.77 periods), wall: 20.662 minutes, Δt:   1.48, CFL: 9.00e-01
i: 178000, t:  425376.0 s, ωt:  42.54 (6.77 periods), wall: 20.673 minutes, Δt:   1.57, CFL: 9.00e-01
i: 178100, t:  425532.8 s, ωt:  42.55 (6.77 periods), wall: 20.683 minutes, Δt:   1.35, CFL: 9.00e-01
i: 178200, t:  425696.7 s, ωt:  42.57 (6.78 periods), wall: 20.694 minutes, Δt:   1.71, CFL: 9.00e-01
i: 178300, t:  425862.6 s, ωt:  42.59 (6.78 periods), wall: 20.705 minutes, Δt:   1.89, CFL: 9.00e-01
i: 178400, t:  426023.4 s, ωt:  42.60 (6.78 periods), wall: 20.716 minutes, Δt:   1.62, CFL: 9.00e-01
i: 178500, t:  426206.8 s, ωt:  42.62 (6.78 periods), wall: 20.726 minutes, Δt:   1.67, CFL: 9.00e-01
i: 178600, t:  426376.0 s, ωt:  42.64 (6.79 periods), wall: 20.738 minutes, Δt:   1.81, CFL: 9.00e-01
i: 178700, t:  426553.0 s, ωt:  42.66 (6.79 periods), wall: 20.748 minutes, Δt:   1.81, CFL: 9.00e-01
i: 178800, t:  426740.4 s, ωt:  42.67 (6.79 periods), wall: 20.760 minutes, Δt:   1.57, CFL: 9.00e-01
i: 178900, t:  426898.6 s, ωt:  42.69 (6.79 periods), wall: 20.770 minutes, Δt:   1.71, CFL: 9.00e-01
i: 179000, t:  427064.6 s, ωt:  42.71 (6.80 periods), wall: 20.781 minutes, Δt:   1.82, CFL: 9.00e-01
i: 179100, t:  427230.1 s, ωt:  42.72 (6.80 periods), wall: 20.791 minutes, Δt:   1.70, CFL: 9.00e-01
i: 179200, t:  427408.6 s, ωt:  42.74 (6.80 periods), wall: 20.802 minutes, Δt:   1.75, CFL: 9.00e-01
i: 179300, t:  427573.9 s, ωt:  42.76 (6.81 periods), wall: 20.815 minutes, Δt:   1.43, CFL: 9.00e-01
i: 179400, t:  427734.5 s, ωt:  42.77 (6.81 periods), wall: 20.825 minutes, Δt:   1.54, CFL: 9.00e-01
i: 179500, t:  427895.0 s, ωt:  42.79 (6.81 periods), wall: 20.837 minutes, Δt:   1.34, CFL: 9.00e-01
i: 179600, t:  428044.9 s, ωt:  42.80 (6.81 periods), wall: 20.847 minutes, Δt:   1.44, CFL: 9.00e-01
i: 179700, t:  428209.4 s, ωt:  42.82 (6.82 periods), wall: 20.858 minutes, Δt:   1.99, CFL: 9.00e-01
i: 179800, t:  428378.3 s, ωt:  42.84 (6.82 periods), wall: 20.868 minutes, Δt:   1.84, CFL: 9.00e-01
i: 179900, t:  428549.7 s, ωt:  42.85 (6.82 periods), wall: 20.880 minutes, Δt:   1.78, CFL: 9.00e-01
i: 180000, t:  428734.6 s, ωt:  42.87 (6.82 periods), wall: 20.890 minutes, Δt:   1.84, CFL: 9.00e-01
i: 180100, t:  428919.8 s, ωt:  42.89 (6.83 periods), wall: 20.901 minutes, Δt:   1.93, CFL: 9.00e-01
i: 180200, t:  429089.3 s, ωt:  42.91 (6.83 periods), wall: 20.911 minutes, Δt:   1.74, CFL: 9.00e-01
i: 180300, t:  429274.5 s, ωt:  42.93 (6.83 periods), wall: 20.922 minutes, Δt:   1.68, CFL: 9.00e-01
i: 180400, t:  429459.6 s, ωt:  42.95 (6.84 periods), wall: 20.933 minutes, Δt:   1.97, CFL: 9.00e-01
i: 180500, t:  429656.8 s, ωt:  42.97 (6.84 periods), wall: 20.944 minutes, Δt:   1.92, CFL: 9.00e-01
i: 180600, t:  429849.5 s, ωt:  42.98 (6.84 periods), wall: 20.955 minutes, Δt:   1.75, CFL: 9.00e-01
i: 180700, t:  430039.3 s, ωt:  43.00 (6.84 periods), wall: 20.965 minutes, Δt:   2.02, CFL: 9.00e-01
i: 180800, t:  430236.7 s, ωt:  43.02 (6.85 periods), wall: 20.976 minutes, Δt:   2.05, CFL: 9.00e-01
i: 180900, t:  430421.2 s, ωt:  43.04 (6.85 periods), wall: 20.987 minutes, Δt:   1.50, CFL: 9.00e-01
i: 181000, t:  430605.8 s, ωt:  43.06 (6.85 periods), wall: 20.997 minutes, Δt:   1.94, CFL: 9.00e-01
i: 181100, t:  430803.7 s, ωt:  43.08 (6.86 periods), wall: 21.010 minutes, Δt:   2.26, CFL: 9.00e-01
i: 181200, t:  431010.5 s, ωt:  43.10 (6.86 periods), wall: 21.019 minutes, Δt:   2.07, CFL: 9.00e-01
i: 181300, t:  431224.5 s, ωt:  43.12 (6.86 periods), wall: 21.031 minutes, Δt:   2.13, CFL: 9.00e-01
i: 181400, t:  431416.7 s, ωt:  43.14 (6.87 periods), wall: 21.042 minutes, Δt:   2.04, CFL: 9.00e-01
i: 181500, t:  431622.4 s, ωt:  43.16 (6.87 periods), wall: 21.052 minutes, Δt:   2.18, CFL: 9.00e-01
i: 181600, t:  431816.1 s, ωt:  43.18 (6.87 periods), wall: 21.064 minutes, Δt:   1.60, CFL: 9.00e-01
i: 181700, t:  432018.8 s, ωt:  43.20 (6.88 periods), wall: 21.077 minutes, Δt:   2.34, CFL: 9.00e-01
i: 181800, t:  432249.4 s, ωt:  43.22 (6.88 periods), wall: 21.086 minutes, Δt:   2.57, CFL: 9.00e-01
i: 181900, t:  432478.9 s, ωt:  43.25 (6.88 periods), wall: 21.098 minutes, Δt:   2.19, CFL: 9.00e-01
i: 182000, t:  432715.1 s, ωt:  43.27 (6.89 periods), wall: 21.109 minutes, Δt:   2.85, CFL: 9.00e-01
i: 182100, t:  432959.5 s, ωt:  43.30 (6.89 periods), wall: 21.120 minutes, Δt:   2.52, CFL: 9.00e-01
i: 182200, t:  433204.8 s, ωt:  43.32 (6.89 periods), wall: 21.130 minutes, Δt:   2.69, CFL: 9.00e-01
i: 182300, t:  433478.4 s, ωt:  43.35 (6.90 periods), wall: 21.141 minutes, Δt:   2.60, CFL: 9.00e-01
i: 182400, t:  433748.4 s, ωt:  43.37 (6.90 periods), wall: 21.153 minutes, Δt:   2.70, CFL: 9.00e-01
i: 182500, t:  434021.2 s, ωt:  43.40 (6.91 periods), wall: 21.165 minutes, Δt:   2.85, CFL: 9.00e-01
i: 182600, t:  434315.4 s, ωt:  43.43 (6.91 periods), wall: 21.177 minutes, Δt:   2.55, CFL: 9.00e-01
i: 182700, t:  434617.3 s, ωt:  43.46 (6.92 periods), wall: 21.188 minutes, Δt:   3.02, CFL: 9.00e-01
i: 182800, t:  434888.9 s, ωt:  43.49 (6.92 periods), wall: 21.199 minutes, Δt:   2.86, CFL: 9.00e-01
i: 182900, t:  435182.4 s, ωt:  43.52 (6.93 periods), wall: 21.211 minutes, Δt:   3.45, CFL: 9.00e-01
i: 183000, t:  435466.0 s, ωt:  43.55 (6.93 periods), wall: 21.222 minutes, Δt:   2.94, CFL: 9.00e-01
i: 183100, t:  435777.1 s, ωt:  43.58 (6.94 periods), wall: 21.234 minutes, Δt:   3.12, CFL: 9.00e-01
i: 183200, t:  436099.0 s, ωt:  43.61 (6.94 periods), wall: 21.245 minutes, Δt:   3.56, CFL: 9.00e-01
i: 183300, t:  436470.9 s, ωt:  43.65 (6.95 periods), wall: 21.256 minutes, Δt:   3.68, CFL: 9.00e-01
i: 183400, t:  436860.9 s, ωt:  43.69 (6.95 periods), wall: 21.267 minutes, Δt:   4.54, CFL: 9.00e-01
i: 183500, t:  437295.5 s, ωt:  43.73 (6.96 periods), wall: 21.279 minutes, Δt:   4.50, CFL: 9.00e-01
i: 183600, t:  437702.2 s, ωt:  43.77 (6.97 periods), wall: 21.292 minutes, Δt:   5.71, CFL: 9.00e-01
i: 183700, t:  438258.0 s, ωt:  43.83 (6.98 periods), wall: 21.305 minutes, Δt:   6.08, CFL: 9.00e-01
i: 183800, t:  438761.3 s, ωt:  43.88 (6.98 periods), wall: 21.316 minutes, Δt:   5.49, CFL: 9.00e-01
i: 183900, t:  439366.1 s, ωt:  43.94 (6.99 periods), wall: 21.330 minutes, Δt:   7.41, CFL: 9.00e-01
i: 184000, t:  440089.7 s, ωt:  44.01 (7.00 periods), wall: 21.356 minutes, Δt:   7.57, CFL: 9.00e-01
i: 184100, t:  440794.2 s, ωt:  44.08 (7.02 periods), wall: 21.375 minutes, Δt:   6.60, CFL: 9.00e-01
i: 184200, t:  441393.8 s, ωt:  44.14 (7.02 periods), wall: 21.386 minutes, Δt:   5.67, CFL: 9.00e-01
i: 184300, t:  441876.4 s, ωt:  44.19 (7.03 periods), wall: 21.399 minutes, Δt:   5.32, CFL: 9.00e-01
i: 184400, t:  442410.3 s, ωt:  44.24 (7.04 periods), wall: 21.413 minutes, Δt:   5.50, CFL: 9.00e-01
i: 184500, t:  442933.0 s, ωt:  44.29 (7.05 periods), wall: 21.424 minutes, Δt:   5.15, CFL: 9.00e-01
i: 184600, t:  443378.7 s, ωt:  44.34 (7.06 periods), wall: 21.437 minutes, Δt:   4.29, CFL: 9.00e-01
i: 184700, t:  443765.6 s, ωt:  44.38 (7.06 periods), wall: 21.449 minutes, Δt:   3.73, CFL: 9.00e-01
i: 184800, t:  444153.2 s, ωt:  44.42 (7.07 periods), wall: 21.461 minutes, Δt:   3.82, CFL: 9.00e-01
i: 184900, t:  444506.1 s, ωt:  44.45 (7.07 periods), wall: 21.474 minutes, Δt:   3.84, CFL: 9.00e-01
i: 185000, t:  444856.1 s, ωt:  44.49 (7.08 periods), wall: 21.487 minutes, Δt:   2.97, CFL: 9.00e-01
i: 185100, t:  445161.1 s, ωt:  44.52 (7.08 periods), wall: 21.497 minutes, Δt:   2.99, CFL: 9.00e-01
i: 185200, t:  445452.8 s, ωt:  44.55 (7.09 periods), wall: 21.508 minutes, Δt:   2.73, CFL: 9.00e-01
i: 185300, t:  445730.5 s, ωt:  44.57 (7.09 periods), wall: 21.521 minutes, Δt:   3.15, CFL: 9.00e-01
i: 185400, t:  446014.9 s, ωt:  44.60 (7.10 periods), wall: 21.535 minutes, Δt:   3.00, CFL: 9.00e-01
i: 185500, t:  446289.9 s, ωt:  44.63 (7.10 periods), wall: 21.547 minutes, Δt:   2.60, CFL: 9.00e-01
i: 185600, t:  446561.0 s, ωt:  44.66 (7.11 periods), wall: 21.560 minutes, Δt:   2.46, CFL: 9.00e-01
i: 185700, t:  446787.8 s, ωt:  44.68 (7.11 periods), wall: 21.571 minutes, Δt:   2.33, CFL: 9.00e-01
i: 185800, t:  447030.6 s, ωt:  44.70 (7.11 periods), wall: 21.581 minutes, Δt:   2.51, CFL: 9.00e-01
i: 185900, t:  447275.4 s, ωt:  44.73 (7.12 periods), wall: 21.592 minutes, Δt:   2.23, CFL: 9.00e-01
i: 186000, t:  447498.9 s, ωt:  44.75 (7.12 periods), wall: 21.603 minutes, Δt:   2.08, CFL: 9.00e-01
i: 186100, t:  447718.4 s, ωt:  44.77 (7.13 periods), wall: 21.614 minutes, Δt:   2.22, CFL: 9.00e-01
i: 186200, t:  447942.0 s, ωt:  44.79 (7.13 periods), wall: 21.625 minutes, Δt:   2.07, CFL: 9.00e-01
i: 186300, t:  448148.6 s, ωt:  44.81 (7.13 periods), wall: 21.637 minutes, Δt:   2.08, CFL: 9.00e-01
i: 186400, t:  448363.3 s, ωt:  44.84 (7.14 periods), wall: 21.649 minutes, Δt:   2.14, CFL: 9.00e-01
i: 186500, t:  448565.8 s, ωt:  44.86 (7.14 periods), wall: 21.659 minutes, Δt:   2.20, CFL: 9.00e-01
i: 186600, t:  448762.7 s, ωt:  44.88 (7.14 periods), wall: 21.671 minutes, Δt:   1.94, CFL: 9.00e-01
i: 186700, t:  448970.0 s, ωt:  44.90 (7.15 periods), wall: 21.685 minutes, Δt:   2.06, CFL: 9.00e-01
i: 186800, t:  449170.7 s, ωt:  44.92 (7.15 periods), wall: 21.695 minutes, Δt:   2.23, CFL: 9.00e-01
i: 186900, t:  449392.8 s, ωt:  44.94 (7.15 periods), wall: 21.708 minutes, Δt:   2.21, CFL: 9.00e-01
i: 187000, t:  449587.5 s, ωt:  44.96 (7.16 periods), wall: 21.721 minutes, Δt:   1.92, CFL: 9.00e-01
i: 187100, t:  449781.2 s, ωt:  44.98 (7.16 periods), wall: 21.731 minutes, Δt:   2.17, CFL: 9.00e-01
i: 187200, t:  449972.2 s, ωt:  45.00 (7.16 periods), wall: 21.743 minutes, Δt:   2.09, CFL: 9.00e-01
i: 187300, t:  450166.7 s, ωt:  45.02 (7.16 periods), wall: 21.753 minutes, Δt:   1.82, CFL: 9.00e-01
i: 187400, t:  450356.1 s, ωt:  45.04 (7.17 periods), wall: 21.766 minutes, Δt:   1.85, CFL: 9.00e-01
i: 187500, t:  450539.6 s, ωt:  45.05 (7.17 periods), wall: 21.779 minutes, Δt:   2.06, CFL: 9.00e-01
i: 187600, t:  450726.9 s, ωt:  45.07 (7.17 periods), wall: 21.789 minutes, Δt:   1.85, CFL: 9.00e-01
i: 187700, t:  450927.3 s, ωt:  45.09 (7.18 periods), wall: 21.802 minutes, Δt:   1.85, CFL: 9.00e-01
i: 187800, t:  451119.4 s, ωt:  45.11 (7.18 periods), wall: 21.812 minutes, Δt:   1.89, CFL: 9.00e-01
i: 187900, t:  451302.2 s, ωt:  45.13 (7.18 periods), wall: 21.823 minutes, Δt:   1.86, CFL: 9.00e-01
i: 188000, t:  451484.2 s, ωt:  45.15 (7.19 periods), wall: 21.835 minutes, Δt:   1.75, CFL: 9.00e-01
i: 188100, t:  451670.4 s, ωt:  45.17 (7.19 periods), wall: 21.845 minutes, Δt:   1.74, CFL: 9.00e-01
i: 188200, t:  451850.1 s, ωt:  45.19 (7.19 periods), wall: 21.856 minutes, Δt:   2.03, CFL: 9.00e-01
i: 188300, t:  452045.6 s, ωt:  45.20 (7.19 periods), wall: 21.866 minutes, Δt:   1.85, CFL: 9.00e-01
i: 188400, t:  452225.2 s, ωt:  45.22 (7.20 periods), wall: 21.879 minutes, Δt:   1.82, CFL: 9.00e-01
i: 188500, t:  452391.3 s, ωt:  45.24 (7.20 periods), wall: 21.893 minutes, Δt:   1.76, CFL: 9.00e-01
i: 188600, t:  452565.2 s, ωt:  45.26 (7.20 periods), wall: 21.903 minutes, Δt:   1.96, CFL: 9.00e-01
i: 188700, t:  452742.0 s, ωt:  45.27 (7.21 periods), wall: 21.915 minutes, Δt:   1.86, CFL: 8.91e-01
i: 188800, t:  452915.6 s, ωt:  45.29 (7.21 periods), wall: 21.925 minutes, Δt:   1.67, CFL: 9.00e-01
i: 188900, t:  453079.2 s, ωt:  45.31 (7.21 periods), wall: 21.950 minutes, Δt:   1.76, CFL: 9.00e-01
i: 189000, t:  453264.6 s, ωt:  45.33 (7.21 periods), wall: 21.960 minutes, Δt:   1.69, CFL: 9.00e-01
i: 189100, t:  453428.6 s, ωt:  45.34 (7.22 periods), wall: 21.971 minutes, Δt:   1.57, CFL: 9.00e-01
i: 189200, t:  453609.5 s, ωt:  45.36 (7.22 periods), wall: 21.982 minutes, Δt:   1.83, CFL: 9.00e-01
i: 189300, t:  453786.8 s, ωt:  45.38 (7.22 periods), wall: 21.994 minutes, Δt:   1.83, CFL: 9.00e-01
i: 189400, t:  453954.9 s, ωt:  45.40 (7.22 periods), wall: 22.004 minutes, Δt:   1.68, CFL: 9.00e-01
i: 189500, t:  454130.3 s, ωt:  45.41 (7.23 periods), wall: 22.017 minutes, Δt:   1.90, CFL: 9.00e-01
i: 189600, t:  454304.2 s, ωt:  45.43 (7.23 periods), wall: 22.029 minutes, Δt:   1.84, CFL: 9.00e-01
i: 189700, t:  454480.6 s, ωt:  45.45 (7.23 periods), wall: 22.039 minutes, Δt:   1.70, CFL: 9.00e-01
i: 189800, t:  454656.3 s, ωt:  45.47 (7.24 periods), wall: 22.054 minutes, Δt:   1.71, CFL: 9.00e-01
i: 189900, t:  454831.8 s, ωt:  45.48 (7.24 periods), wall: 22.064 minutes, Δt:   1.63, CFL: 9.00e-01
i: 190000, t:  454992.3 s, ωt:  45.50 (7.24 periods), wall: 22.076 minutes, Δt:   1.59, CFL: 9.00e-01
i: 190100, t:  455150.8 s, ωt:  45.52 (7.24 periods), wall: 22.086 minutes, Δt:   1.51, CFL: 9.00e-01
i: 190200, t:  455314.6 s, ωt:  45.53 (7.25 periods), wall: 22.098 minutes, Δt:   1.84, CFL: 9.00e-01
i: 190300, t:  455496.2 s, ωt:  45.55 (7.25 periods), wall: 22.108 minutes, Δt:   1.73, CFL: 9.00e-01
i: 190400, t:  455676.3 s, ωt:  45.57 (7.25 periods), wall: 22.121 minutes, Δt:   1.85, CFL: 9.00e-01
i: 190500, t:  455850.1 s, ωt:  45.59 (7.26 periods), wall: 22.134 minutes, Δt:   1.92, CFL: 9.00e-01
i: 190600, t:  456025.6 s, ωt:  45.60 (7.26 periods), wall: 22.144 minutes, Δt:   1.54, CFL: 9.00e-01
i: 190700, t:  456176.3 s, ωt:  45.62 (7.26 periods), wall: 22.160 minutes, Δt:   1.70, CFL: 9.00e-01
i: 190800, t:  456341.6 s, ωt:  45.63 (7.26 periods), wall: 22.170 minutes, Δt:   1.58, CFL: 9.00e-01
i: 190900, t:  456515.7 s, ωt:  45.65 (7.27 periods), wall: 22.184 minutes, Δt:   1.88, CFL: 9.00e-01
i: 191000, t:  456689.9 s, ωt:  45.67 (7.27 periods), wall: 22.194 minutes, Δt:   1.70, CFL: 9.00e-01
i: 191100, t:  456848.8 s, ωt:  45.68 (7.27 periods), wall: 22.206 minutes, Δt:   1.61, CFL: 9.00e-01
i: 191200, t:  457028.0 s, ωt:  45.70 (7.27 periods), wall: 22.216 minutes, Δt:   1.91, CFL: 9.00e-01
i: 191300, t:  457204.4 s, ωt:  45.72 (7.28 periods), wall: 22.228 minutes, Δt:   1.90, CFL: 9.00e-01
i: 191400, t:  457377.6 s, ωt:  45.74 (7.28 periods), wall: 22.238 minutes, Δt:   1.92, CFL: 9.00e-01
i: 191500, t:  457551.6 s, ωt:  45.76 (7.28 periods), wall: 22.250 minutes, Δt:   1.86, CFL: 9.00e-01
i: 191600, t:  457719.3 s, ωt:  45.77 (7.28 periods), wall: 22.260 minutes, Δt:   1.79, CFL: 9.00e-01
i: 191700, t:  457902.3 s, ωt:  45.79 (7.29 periods), wall: 22.271 minutes, Δt:   1.92, CFL: 9.00e-01
i: 191800, t:  458095.3 s, ωt:  45.81 (7.29 periods), wall: 22.281 minutes, Δt:   1.63, CFL: 9.00e-01
i: 191900, t:  458253.6 s, ωt:  45.83 (7.29 periods), wall: 22.290 minutes, Δt:   1.80, CFL: 9.00e-01
i: 192000, t:  458423.1 s, ωt:  45.84 (7.30 periods), wall: 22.301 minutes, Δt:   1.59, CFL: 9.00e-01
i: 192100, t:  458592.1 s, ωt:  45.86 (7.30 periods), wall: 22.310 minutes, Δt:   1.38, CFL: 9.00e-01
i: 192200, t:  458755.5 s, ωt:  45.88 (7.30 periods), wall: 22.320 minutes, Δt:   1.70, CFL: 9.00e-01
i: 192300, t:  458921.6 s, ωt:  45.89 (7.30 periods), wall: 22.329 minutes, Δt:   1.71, CFL: 9.00e-01
i: 192400, t:  459092.8 s, ωt:  45.91 (7.31 periods), wall: 22.340 minutes, Δt:   1.66, CFL: 9.00e-01
i: 192500, t:  459279.5 s, ωt:  45.93 (7.31 periods), wall: 22.349 minutes, Δt:   1.92, CFL: 9.00e-01
i: 192600, t:  459482.3 s, ωt:  45.95 (7.31 periods), wall: 22.359 minutes, Δt:   1.67, CFL: 9.00e-01
i: 192700, t:  459648.6 s, ωt:  45.96 (7.32 periods), wall: 22.369 minutes, Δt:   1.72, CFL: 9.00e-01
i: 192800, t:  459834.2 s, ωt:  45.98 (7.32 periods), wall: 22.378 minutes, Δt:   1.68, CFL: 9.00e-01
i: 192900, t:  460000.7 s, ωt:  46.00 (7.32 periods), wall: 22.390 minutes, Δt:   2.05, CFL: 9.00e-01
i: 193000, t:  460206.4 s, ωt:  46.02 (7.32 periods), wall: 22.398 minutes, Δt:   2.05, CFL: 9.00e-01
i: 193100, t:  460387.4 s, ωt:  46.04 (7.33 periods), wall: 22.409 minutes, Δt:   2.05, CFL: 9.00e-01
i: 193200, t:  460584.3 s, ωt:  46.06 (7.33 periods), wall: 22.425 minutes, Δt:   1.72, CFL: 9.00e-01
i: 193300, t:  460777.5 s, ωt:  46.08 (7.33 periods), wall: 22.434 minutes, Δt:   1.98, CFL: 9.00e-01
i: 193400, t:  460978.2 s, ωt:  46.10 (7.34 periods), wall: 22.444 minutes, Δt:   2.04, CFL: 9.00e-01
i: 193500, t:  461183.4 s, ωt:  46.12 (7.34 periods), wall: 22.453 minutes, Δt:   2.01, CFL: 9.00e-01
i: 193600, t:  461392.1 s, ωt:  46.14 (7.34 periods), wall: 22.465 minutes, Δt:   2.16, CFL: 9.00e-01
i: 193700, t:  461600.3 s, ωt:  46.16 (7.35 periods), wall: 22.480 minutes, Δt:   2.15, CFL: 9.00e-01
i: 193800, t:  461797.8 s, ωt:  46.18 (7.35 periods), wall: 22.489 minutes, Δt:   2.25, CFL: 9.00e-01
i: 193900, t:  462019.3 s, ωt:  46.20 (7.35 periods), wall: 22.507 minutes, Δt:   2.03, CFL: 9.00e-01
i: 194000, t:  462206.0 s, ωt:  46.22 (7.36 periods), wall: 22.523 minutes, Δt:   1.74, CFL: 9.00e-01
i: 194100, t:  462423.8 s, ωt:  46.24 (7.36 periods), wall: 22.532 minutes, Δt:   2.12, CFL: 9.00e-01
i: 194200, t:  462630.8 s, ωt:  46.26 (7.36 periods), wall: 22.549 minutes, Δt:   2.45, CFL: 9.00e-01
i: 194300, t:  462860.6 s, ωt:  46.29 (7.37 periods), wall: 22.566 minutes, Δt:   2.46, CFL: 9.00e-01
i: 194400, t:  463099.1 s, ωt:  46.31 (7.37 periods), wall: 22.583 minutes, Δt:   2.01, CFL: 9.00e-01
i: 194500, t:  463301.6 s, ωt:  46.33 (7.37 periods), wall: 22.592 minutes, Δt:   2.39, CFL: 9.00e-01
i: 194600, t:  463544.9 s, ωt:  46.35 (7.38 periods), wall: 22.604 minutes, Δt:   2.04, CFL: 9.00e-01
i: 194700, t:  463776.8 s, ωt:  46.38 (7.38 periods), wall: 22.614 minutes, Δt:   2.64, CFL: 9.00e-01
i: 194800, t:  464010.5 s, ωt:  46.40 (7.38 periods), wall: 22.623 minutes, Δt:   2.49, CFL: 9.00e-01
i: 194900, t:  464230.8 s, ωt:  46.42 (7.39 periods), wall: 22.634 minutes, Δt:   2.47, CFL: 9.00e-01
i: 195000, t:  464478.7 s, ωt:  46.45 (7.39 periods), wall: 22.644 minutes, Δt:   2.39, CFL: 9.00e-01
i: 195100, t:  464713.8 s, ωt:  46.47 (7.40 periods), wall: 22.655 minutes, Δt:   2.57, CFL: 9.00e-01
i: 195200, t:  464944.7 s, ωt:  46.49 (7.40 periods), wall: 22.664 minutes, Δt:   2.38, CFL: 9.00e-01
i: 195300, t:  465174.4 s, ωt:  46.52 (7.40 periods), wall: 22.674 minutes, Δt:   2.56, CFL: 9.00e-01
i: 195400, t:  465443.9 s, ωt:  46.54 (7.41 periods), wall: 22.685 minutes, Δt:   2.99, CFL: 9.00e-01
i: 195500, t:  465725.5 s, ωt:  46.57 (7.41 periods), wall: 22.696 minutes, Δt:   2.85, CFL: 9.00e-01
i: 195600, t:  466023.3 s, ωt:  46.60 (7.42 periods), wall: 22.706 minutes, Δt:   2.64, CFL: 9.00e-01
i: 195700, t:  466277.6 s, ωt:  46.63 (7.42 periods), wall: 22.717 minutes, Δt:   3.40, CFL: 9.00e-01
i: 195800, t:  466571.7 s, ωt:  46.66 (7.43 periods), wall: 22.727 minutes, Δt:   2.82, CFL: 9.00e-01
i: 195900, t:  466874.4 s, ωt:  46.69 (7.43 periods), wall: 22.739 minutes, Δt:   2.95, CFL: 9.00e-01
i: 196000, t:  467180.4 s, ωt:  46.72 (7.44 periods), wall: 22.749 minutes, Δt:   3.26, CFL: 9.00e-01
i: 196100, t:  467517.6 s, ωt:  46.75 (7.44 periods), wall: 22.759 minutes, Δt:   3.59, CFL: 9.00e-01
i: 196200, t:  467853.8 s, ωt:  46.79 (7.45 periods), wall: 22.769 minutes, Δt:   3.02, CFL: 9.00e-01
i: 196300, t:  468235.2 s, ωt:  46.82 (7.45 periods), wall: 22.779 minutes, Δt:   4.98, CFL: 9.00e-01
i: 196400, t:  468706.7 s, ωt:  46.87 (7.46 periods), wall: 22.790 minutes, Δt:   5.26, CFL: 9.00e-01
i: 196500, t:  469218.7 s, ωt:  46.92 (7.47 periods), wall: 22.802 minutes, Δt:   4.81, CFL: 9.00e-01
i: 196600, t:  469749.0 s, ωt:  46.97 (7.48 periods), wall: 22.813 minutes, Δt:   5.51, CFL: 9.00e-01
i: 196700, t:  470446.6 s, ωt:  47.04 (7.49 periods), wall: 22.827 minutes, Δt:   7.79, CFL: 9.00e-01
i: 196800, t:  471130.4 s, ωt:  47.11 (7.50 periods), wall: 22.839 minutes, Δt:   6.13, CFL: 9.00e-01
i: 196900, t:  471762.3 s, ωt:  47.18 (7.51 periods), wall: 22.862 minutes, Δt:   7.05, CFL: 9.00e-01
i: 197000, t:  472409.1 s, ωt:  47.24 (7.52 periods), wall: 22.875 minutes, Δt:   6.24, CFL: 9.00e-01
i: 197100, t:  473003.5 s, ωt:  47.30 (7.53 periods), wall: 22.887 minutes, Δt:   6.31, CFL: 9.00e-01
i: 197200, t:  473572.4 s, ωt:  47.36 (7.54 periods), wall: 22.901 minutes, Δt:   5.30, CFL: 9.00e-01
i: 197300, t:  474075.7 s, ωt:  47.41 (7.55 periods), wall: 22.914 minutes, Δt:   4.64, CFL: 9.00e-01
i: 197400, t:  474523.9 s, ωt:  47.45 (7.55 periods), wall: 22.926 minutes, Δt:   4.42, CFL: 9.00e-01
i: 197500, t:  474948.6 s, ωt:  47.49 (7.56 periods), wall: 22.938 minutes, Δt:   4.39, CFL: 9.00e-01
i: 197600, t:  475322.9 s, ωt:  47.53 (7.56 periods), wall: 22.950 minutes, Δt:   3.51, CFL: 9.00e-01
i: 197700, t:  475687.9 s, ωt:  47.57 (7.57 periods), wall: 22.966 minutes, Δt:   3.72, CFL: 9.00e-01
i: 197800, t:  476013.3 s, ωt:  47.60 (7.58 periods), wall: 22.977 minutes, Δt:   2.99, CFL: 9.00e-01
i: 197900, t:  476301.4 s, ωt:  47.63 (7.58 periods), wall: 22.988 minutes, Δt:   2.93, CFL: 9.00e-01
i: 198000, t:  476582.3 s, ωt:  47.66 (7.59 periods), wall: 23.000 minutes, Δt:   2.53, CFL: 9.00e-01
i: 198100, t:  476837.4 s, ωt:  47.68 (7.59 periods), wall: 23.009 minutes, Δt:   2.66, CFL: 9.00e-01
i: 198200, t:  477120.7 s, ωt:  47.71 (7.59 periods), wall: 23.021 minutes, Δt:   2.53, CFL: 9.00e-01
i: 198300, t:  477373.0 s, ωt:  47.74 (7.60 periods), wall: 23.031 minutes, Δt:   2.25, CFL: 9.00e-01
i: 198400, t:  477624.4 s, ωt:  47.76 (7.60 periods), wall: 23.043 minutes, Δt:   2.57, CFL: 9.00e-01
i: 198500, t:  477884.4 s, ωt:  47.79 (7.61 periods), wall: 23.053 minutes, Δt:   2.45, CFL: 9.00e-01
i: 198600, t:  478123.9 s, ωt:  47.81 (7.61 periods), wall: 23.062 minutes, Δt:   2.22, CFL: 9.00e-01
i: 198700, t:  478344.6 s, ωt:  47.83 (7.61 periods), wall: 23.073 minutes, Δt:   2.40, CFL: 9.00e-01
i: 198800, t:  478577.1 s, ωt:  47.86 (7.62 periods), wall: 23.085 minutes, Δt:   2.11, CFL: 9.00e-01
i: 198900, t:  478785.3 s, ωt:  47.88 (7.62 periods), wall: 23.096 minutes, Δt:   2.33, CFL: 9.00e-01
i: 199000, t:  479015.9 s, ωt:  47.90 (7.62 periods), wall: 23.105 minutes, Δt:   2.24, CFL: 9.00e-01
i: 199100, t:  479241.5 s, ωt:  47.92 (7.63 periods), wall: 23.116 minutes, Δt:   2.10, CFL: 9.00e-01
i: 199200, t:  479459.9 s, ωt:  47.95 (7.63 periods), wall: 23.128 minutes, Δt:   2.03, CFL: 9.00e-01
i: 199300, t:  479660.2 s, ωt:  47.97 (7.63 periods), wall: 23.137 minutes, Δt:   2.26, CFL: 9.00e-01
i: 199400, t:  479868.5 s, ωt:  47.99 (7.64 periods), wall: 23.147 minutes, Δt:   2.18, CFL: 9.00e-01
i: 199500, t:  480069.1 s, ωt:  48.01 (7.64 periods), wall: 23.157 minutes, Δt:   2.23, CFL: 9.00e-01
i: 199600, t:  480275.8 s, ωt:  48.03 (7.64 periods), wall: 23.167 minutes, Δt:   1.97, CFL: 9.00e-01
i: 199700, t:  480464.7 s, ωt:  48.05 (7.65 periods), wall: 23.177 minutes, Δt:   2.22, CFL: 9.00e-01
i: 199800, t:  480658.5 s, ωt:  48.07 (7.65 periods), wall: 23.186 minutes, Δt:   1.95, CFL: 9.00e-01
i: 199900, t:  480864.7 s, ωt:  48.09 (7.65 periods), wall: 23.196 minutes, Δt:   1.89, CFL: 9.00e-01
i: 200000, t:  481039.0 s, ωt:  48.10 (7.66 periods), wall: 23.212 minutes, Δt:   1.60, CFL: 9.00e-01
i: 200100, t:  481226.9 s, ωt:  48.12 (7.66 periods), wall: 23.221 minutes, Δt:   1.87, CFL: 9.00e-01
i: 200200, t:  481417.6 s, ωt:  48.14 (7.66 periods), wall: 23.235 minutes, Δt:   1.83, CFL: 9.00e-01
i: 200300, t:  481612.0 s, ωt:  48.16 (7.67 periods), wall: 23.246 minutes, Δt:   1.96, CFL: 9.00e-01
i: 200400, t:  481802.1 s, ωt:  48.18 (7.67 periods), wall: 23.255 minutes, Δt:   1.95, CFL: 9.00e-01
i: 200500, t:  481971.1 s, ωt:  48.20 (7.67 periods), wall: 23.266 minutes, Δt:   1.98, CFL: 9.00e-01
i: 200600, t:  482160.6 s, ωt:  48.22 (7.67 periods), wall: 23.275 minutes, Δt:   1.85, CFL: 9.00e-01
i: 200700, t:  482346.4 s, ωt:  48.23 (7.68 periods), wall: 23.286 minutes, Δt:   1.93, CFL: 9.00e-01
i: 200800, t:  482531.6 s, ωt:  48.25 (7.68 periods), wall: 23.295 minutes, Δt:   1.81, CFL: 9.00e-01
i: 200900, t:  482708.0 s, ωt:  48.27 (7.68 periods), wall: 23.305 minutes, Δt:   1.65, CFL: 9.00e-01
i: 201000, t:  482867.2 s, ωt:  48.29 (7.69 periods), wall: 23.316 minutes, Δt:   1.56, CFL: 9.00e-01
i: 201100, t:  483016.9 s, ωt:  48.30 (7.69 periods), wall: 23.325 minutes, Δt:   1.82, CFL: 9.00e-01
i: 201200, t:  483192.6 s, ωt:  48.32 (7.69 periods), wall: 23.336 minutes, Δt:   1.82, CFL: 9.00e-01
i: 201300, t:  483368.8 s, ωt:  48.34 (7.69 periods), wall: 23.345 minutes, Δt:   1.46, CFL: 9.00e-01
i: 201400, t:  483540.0 s, ωt:  48.35 (7.70 periods), wall: 23.355 minutes, Δt:   1.66, CFL: 9.00e-01
i: 201500, t:  483715.5 s, ωt:  48.37 (7.70 periods), wall: 23.364 minutes, Δt:   1.73, CFL: 9.00e-01
i: 201600, t:  483880.4 s, ωt:  48.39 (7.70 periods), wall: 23.375 minutes, Δt:   1.62, CFL: 9.00e-01
i: 201700, t:  484058.7 s, ωt:  48.41 (7.70 periods), wall: 23.384 minutes, Δt:   1.69, CFL: 9.00e-01
i: 201800, t:  484215.1 s, ωt:  48.42 (7.71 periods), wall: 23.394 minutes, Δt:   1.47, CFL: 9.00e-01
i: 201900, t:  484368.8 s, ωt:  48.44 (7.71 periods), wall: 23.403 minutes, Δt:   1.74, CFL: 9.00e-01
i: 202000, t:  484543.4 s, ωt:  48.45 (7.71 periods), wall: 23.413 minutes, Δt:   1.83, CFL: 9.00e-01
i: 202100, t:  484714.1 s, ωt:  48.47 (7.71 periods), wall: 23.422 minutes, Δt:   1.56, CFL: 9.00e-01
i: 202200, t:  484883.7 s, ωt:  48.49 (7.72 periods), wall: 23.434 minutes, Δt:   1.52, CFL: 9.00e-01
i: 202300, t:  485030.0 s, ωt:  48.50 (7.72 periods), wall: 23.443 minutes, Δt:   1.64, CFL: 9.00e-01
i: 202400, t:  485192.9 s, ωt:  48.52 (7.72 periods), wall: 23.453 minutes, Δt:   1.67, CFL: 9.00e-01
i: 202500, t:  485365.5 s, ωt:  48.54 (7.72 periods), wall: 23.462 minutes, Δt:   1.78, CFL: 9.00e-01
i: 202600, t:  485536.0 s, ωt:  48.55 (7.73 periods), wall: 23.472 minutes, Δt:   1.61, CFL: 9.00e-01
i: 202700, t:  485691.7 s, ωt:  48.57 (7.73 periods), wall: 23.483 minutes, Δt:   1.46, CFL: 9.00e-01
i: 202800, t:  485860.2 s, ωt:  48.59 (7.73 periods), wall: 23.492 minutes, Δt:   1.85, CFL: 9.00e-01
i: 202900, t:  486019.7 s, ωt:  48.60 (7.74 periods), wall: 23.503 minutes, Δt:   1.63, CFL: 9.00e-01
i: 203000, t:  486172.6 s, ωt:  48.62 (7.74 periods), wall: 23.512 minutes, Δt:   1.25, CFL: 9.00e-01
i: 203100, t:  486324.8 s, ωt:  48.63 (7.74 periods), wall: 23.522 minutes, Δt:   1.54, CFL: 9.00e-01
i: 203200, t:  486470.6 s, ωt:  48.65 (7.74 periods), wall: 23.531 minutes, Δt:   1.54, CFL: 9.00e-01
i: 203300, t:  486624.9 s, ωt:  48.66 (7.74 periods), wall: 23.540 minutes, Δt:   1.75, CFL: 9.00e-01
i: 203400, t:  486795.2 s, ωt:  48.68 (7.75 periods), wall: 23.551 minutes, Δt:   1.59, CFL: 9.00e-01
i: 203500, t:  486950.2 s, ωt:  48.70 (7.75 periods), wall: 23.562 minutes, Δt:   1.58, CFL: 9.00e-01
i: 203600, t:  487116.8 s, ωt:  48.71 (7.75 periods), wall: 23.571 minutes, Δt:   1.56, CFL: 9.00e-01
i: 203700, t:  487269.6 s, ωt:  48.73 (7.76 periods), wall: 23.582 minutes, Δt:   1.58, CFL: 9.00e-01
i: 203800, t:  487420.7 s, ωt:  48.74 (7.76 periods), wall: 23.591 minutes, Δt:   1.43, CFL: 9.00e-01
i: 203900, t:  487576.9 s, ωt:  48.76 (7.76 periods), wall: 23.602 minutes, Δt:   1.65, CFL: 9.00e-01
i: 204000, t:  487748.5 s, ωt:  48.77 (7.76 periods), wall: 23.611 minutes, Δt:   1.85, CFL: 9.00e-01
i: 204100, t:  487926.8 s, ωt:  48.79 (7.77 periods), wall: 23.622 minutes, Δt:   1.57, CFL: 9.00e-01
i: 204200, t:  488092.5 s, ωt:  48.81 (7.77 periods), wall: 23.632 minutes, Δt:   1.82, CFL: 9.00e-01
i: 204300, t:  488253.1 s, ωt:  48.83 (7.77 periods), wall: 23.643 minutes, Δt:   1.54, CFL: 9.00e-01
i: 204400, t:  488410.2 s, ωt:  48.84 (7.77 periods), wall: 23.652 minutes, Δt:   1.57, CFL: 9.00e-01
i: 204500, t:  488582.7 s, ωt:  48.86 (7.78 periods), wall: 23.662 minutes, Δt:   1.74, CFL: 9.00e-01
i: 204600, t:  488759.4 s, ωt:  48.88 (7.78 periods), wall: 23.671 minutes, Δt:   1.77, CFL: 9.00e-01
i: 204700, t:  488907.0 s, ωt:  48.89 (7.78 periods), wall: 23.682 minutes, Δt:   1.48, CFL: 9.00e-01
i: 204800, t:  489074.8 s, ωt:  48.91 (7.78 periods), wall: 23.691 minutes, Δt:   1.96, CFL: 9.00e-01
i: 204900, t:  489257.0 s, ωt:  48.93 (7.79 periods), wall: 23.702 minutes, Δt:   1.71, CFL: 9.00e-01
i: 205000, t:  489426.5 s, ωt:  48.94 (7.79 periods), wall: 23.711 minutes, Δt:   1.84, CFL: 9.00e-01
i: 205100, t:  489608.5 s, ωt:  48.96 (7.79 periods), wall: 23.721 minutes, Δt:   1.93, CFL: 9.00e-01
i: 205200, t:  489776.0 s, ωt:  48.98 (7.80 periods), wall: 23.731 minutes, Δt:   1.67, CFL: 9.00e-01
i: 205300, t:  489939.5 s, ωt:  48.99 (7.80 periods), wall: 23.741 minutes, Δt:   1.71, CFL: 9.00e-01
i: 205400, t:  490119.6 s, ωt:  49.01 (7.80 periods), wall: 23.751 minutes, Δt:   1.78, CFL: 9.00e-01
i: 205500, t:  490296.9 s, ωt:  49.03 (7.80 periods), wall: 23.760 minutes, Δt:   1.66, CFL: 9.00e-01
i: 205600, t:  490482.9 s, ωt:  49.05 (7.81 periods), wall: 23.773 minutes, Δt:   1.82, CFL: 9.00e-01
i: 205700, t:  490659.1 s, ωt:  49.07 (7.81 periods), wall: 23.782 minutes, Δt:   1.44, CFL: 9.00e-01
i: 205800, t:  490809.7 s, ωt:  49.08 (7.81 periods), wall: 23.794 minutes, Δt:   1.48, CFL: 9.00e-01
i: 205900, t:  490967.5 s, ωt:  49.10 (7.81 periods), wall: 23.803 minutes, Δt:   1.55, CFL: 9.00e-01
i: 206000, t:  491126.3 s, ωt:  49.11 (7.82 periods), wall: 23.815 minutes, Δt:   1.73, CFL: 9.00e-01
i: 206100, t:  491310.7 s, ωt:  49.13 (7.82 periods), wall: 23.825 minutes, Δt:   1.72, CFL: 9.00e-01
i: 206200, t:  491493.4 s, ωt:  49.15 (7.82 periods), wall: 23.836 minutes, Δt:   2.05, CFL: 9.00e-01
i: 206300, t:  491670.9 s, ωt:  49.17 (7.83 periods), wall: 23.848 minutes, Δt:   1.92, CFL: 9.00e-01
i: 206400, t:  491854.2 s, ωt:  49.19 (7.83 periods), wall: 23.857 minutes, Δt:   1.87, CFL: 9.00e-01
i: 206500, t:  492041.8 s, ωt:  49.20 (7.83 periods), wall: 23.870 minutes, Δt:   1.84, CFL: 9.00e-01
i: 206600, t:  492217.1 s, ωt:  49.22 (7.83 periods), wall: 23.880 minutes, Δt:   1.84, CFL: 9.00e-01
i: 206700, t:  492402.3 s, ωt:  49.24 (7.84 periods), wall: 23.891 minutes, Δt:   1.73, CFL: 9.00e-01
i: 206800, t:  492592.7 s, ωt:  49.26 (7.84 periods), wall: 23.902 minutes, Δt:   1.70, CFL: 9.00e-01
i: 206900, t:  492774.7 s, ωt:  49.28 (7.84 periods), wall: 23.913 minutes, Δt:   1.86, CFL: 9.00e-01
i: 207000, t:  492962.2 s, ωt:  49.30 (7.85 periods), wall: 23.927 minutes, Δt:   2.06, CFL: 9.00e-01
i: 207100, t:  493151.3 s, ωt:  49.32 (7.85 periods), wall: 23.937 minutes, Δt:   2.36, CFL: 9.00e-01
i: 207200, t:  493359.9 s, ωt:  49.34 (7.85 periods), wall: 23.948 minutes, Δt:   2.03, CFL: 9.00e-01
i: 207300, t:  493567.9 s, ωt:  49.36 (7.86 periods), wall: 23.960 minutes, Δt:   1.89, CFL: 9.00e-01
i: 207400, t:  493775.8 s, ωt:  49.38 (7.86 periods), wall: 23.970 minutes, Δt:   2.24, CFL: 9.00e-01
i: 207500, t:  493990.0 s, ωt:  49.40 (7.86 periods), wall: 23.981 minutes, Δt:   1.64, CFL: 9.00e-01
i: 207600, t:  494181.8 s, ωt:  49.42 (7.87 periods), wall: 23.993 minutes, Δt:   2.31, CFL: 9.00e-01
i: 207700, t:  494412.2 s, ωt:  49.44 (7.87 periods), wall: 24.002 minutes, Δt:   2.34, CFL: 9.00e-01
i: 207800, t:  494629.3 s, ωt:  49.46 (7.87 periods), wall: 24.014 minutes, Δt:   1.91, CFL: 9.00e-01
i: 207900, t:  494853.3 s, ωt:  49.49 (7.88 periods), wall: 24.025 minutes, Δt:   2.73, CFL: 9.00e-01
i: 208000, t:  495082.4 s, ωt:  49.51 (7.88 periods), wall: 24.035 minutes, Δt:   2.37, CFL: 9.00e-01
i: 208100, t:  495304.8 s, ωt:  49.53 (7.88 periods), wall: 24.046 minutes, Δt:   2.31, CFL: 9.00e-01
i: 208200, t:  495555.8 s, ωt:  49.56 (7.89 periods), wall: 24.058 minutes, Δt:   2.19, CFL: 9.00e-01
i: 208300, t:  495779.6 s, ωt:  49.58 (7.89 periods), wall: 24.070 minutes, Δt:   2.64, CFL: 9.00e-01
i: 208400, t:  496043.8 s, ωt:  49.60 (7.89 periods), wall: 24.080 minutes, Δt:   2.68, CFL: 9.00e-01
i: 208500, t:  496270.0 s, ωt:  49.63 (7.90 periods), wall: 24.091 minutes, Δt:   1.93, CFL: 9.00e-01
i: 208600, t:  496496.9 s, ωt:  49.65 (7.90 periods), wall: 24.103 minutes, Δt:   2.46, CFL: 9.00e-01
i: 208700, t:  496733.4 s, ωt:  49.67 (7.91 periods), wall: 24.114 minutes, Δt:   2.76, CFL: 9.00e-01
i: 208800, t:  496989.1 s, ωt:  49.70 (7.91 periods), wall: 24.124 minutes, Δt:   2.71, CFL: 9.00e-01
i: 208900, t:  497271.7 s, ωt:  49.73 (7.91 periods), wall: 24.136 minutes, Δt:   2.82, CFL: 9.00e-01
i: 209000, t:  497562.8 s, ωt:  49.76 (7.92 periods), wall: 24.147 minutes, Δt:   2.62, CFL: 9.00e-01
i: 209100, t:  497847.4 s, ωt:  49.78 (7.92 periods), wall: 24.159 minutes, Δt:   3.22, CFL: 9.00e-01
i: 209200, t:  498183.3 s, ωt:  49.82 (7.93 periods), wall: 24.171 minutes, Δt:   3.08, CFL: 9.00e-01
i: 209300, t:  498549.2 s, ωt:  49.85 (7.93 periods), wall: 24.183 minutes, Δt:   3.79, CFL: 9.00e-01
i: 209400, t:  498901.1 s, ωt:  49.89 (7.94 periods), wall: 24.198 minutes, Δt:   3.91, CFL: 9.00e-01
i: 209500, t:  499328.4 s, ωt:  49.93 (7.95 periods), wall: 24.209 minutes, Δt:   3.56, CFL: 9.00e-01
i: 209600, t:  499704.5 s, ωt:  49.97 (7.95 periods), wall: 24.223 minutes, Δt:   3.99, CFL: 9.00e-01
i: 209700, t:  500089.3 s, ωt:  50.01 (7.96 periods), wall: 24.235 minutes, Δt:   4.61, CFL: 8.81e-01
i: 209800, t:  500549.3 s, ωt:  50.05 (7.97 periods), wall: 24.250 minutes, Δt:   5.04, CFL: 9.00e-01
i: 209900, t:  501008.0 s, ωt:  50.10 (7.97 periods), wall: 24.261 minutes, Δt:   5.13, CFL: 9.00e-01
i: 210000, t:  501530.7 s, ωt:  50.15 (7.98 periods), wall: 24.275 minutes, Δt:   6.48, CFL: 9.00e-01
i: 210100, t:  502210.1 s, ωt:  50.22 (7.99 periods), wall: 24.288 minutes, Δt:   5.19, CFL: 9.00e-01
  Activating project at `/cephfs/store/damtp/tll46/SRIM-2026/Stokes/3D`
[ Info: Oceananigans will use 4 threads
┌ Warning: CUDA runtime library `libcusparse.so.12` was loaded from a system path, `/usr/local/software/spack/2024.2/views/maths/cuda-12.6.3/gcc-11.4.0/leehydd5fuufm35ohlbwth2mqtadrq3f/lib64/libcusparse.so.12`.
│ This may cause errors.
│ 
│ If you're running under a profiler, this situation is expected. Otherwise,
│ ensure that your library path environment variable (e.g., `PATH` on Windows
│ or `LD_LIBRARY_PATH` on Linux) does not include CUDA library paths.
│ 
│ In any other case, please file an issue.
└ @ CUDACore ~/.julia/packages/CUDACore/NlVPI/src/initialization.jl:199
┌ Warning: CUDA runtime library `libnvJitLink.so.12` was loaded from a system path, `/usr/local/software/spack/2024.2/views/maths/cuda-12.6.3/gcc-11.4.0/leehydd5fuufm35ohlbwth2mqtadrq3f/lib64/libnvJitLink.so.12`.
│ This may cause errors.
│ 
│ If you're running under a profiler, this situation is expected. Otherwise,
│ ensure that your library path environment variable (e.g., `PATH` on Windows
│ or `LD_LIBRARY_PATH` on Linux) does not include CUDA library paths.
│ 
│ In any other case, please file an issue.
└ @ CUDACore ~/.julia/packages/CUDACore/NlVPI/src/initialization.jl:199
[ Info: Case P4_T5_sqrtRi5: Ri = 25 (√Ri = 5), N² = 2.5e-07 s⁻², δ_s = 0.1414 m, Re_s = 5657
[ Info: Domain 10.000 × 10.000 × 50.000 m = 71 × 71 × 354 δ_s (physical), + 70.7 δ_s sponge on top → grid top 424 δ_s, 8 periods
[ Info: Analysed/plotted section: 0 – 15.00 m = 106 δ_s (pycnocline at T = 5.0 m)
[ Info: Background: softplus (profile 4), T = 5.0 m = 35.4 δ_s — N²_bg/N∞² = 0.000 at z = δ_s, 1.000 at z = Lz, 1.000 at lid; Δb over domain = 1.37e-05 m s⁻²
[ Info: Bottom Δz = 0.0121 m = 0.085 δ_s (11.7 points across δ_s); 160 cells below z = 106 δ_s; 233 physical + 21 sponge cells (sponge Δz = 3.367 δ_s)
[ Info: Δx = 0.2083 m = 1.47 δ_s, Δy = 0.2083 m = 1.47 δ_s
[ Info: Pycnocline z = T = 5.0 m: Δz = 0.0727 m, transition width = 0.732 m → 10.1 cells across (band ±2.2 m)
[ Info: Initializing velocities from Ri=0 spin-up: outputs/spinup_T5/TidalBL3D_spinup_T5_fields.jld2
[ Info: Using snapshot 11/11 (t = 5.00 periods of the spin-up)
[ Info: Initializing simulation...
[ Info:     ... simulation initialization complete (19.002 seconds)
[ Info: Executing initial time step...
[ Info:     ... initial time step complete (5.145 seconds).
[ Info: Simulation is stopping after running for 24.086 minutes.
[ Info: Simulation time 5.818 days equals or exceeds stop time 5.818 days.
