i:      0, t:       0.0 s, ωt:   0.00 (0.00 periods), wall: 10.921 seconds, Δt:   1.20, CFL: 1.47e-01
i:    100, t:     305.1 s, ωt:   0.03 (0.00 periods), wall: 22.941 seconds, Δt:   5.48, CFL: 7.20e-01
i:    200, t:     817.9 s, ωt:   0.08 (0.01 periods), wall: 25.392 seconds, Δt:   4.79, CFL: 7.20e-01
i:    300, t:    1285.0 s, ωt:   0.13 (0.02 periods), wall: 27.867 seconds, Δt:   4.55, CFL: 7.20e-01
i:    400, t:    1757.1 s, ωt:   0.18 (0.03 periods), wall: 30.352 seconds, Δt:   4.90, CFL: 7.20e-01
i:    500, t:    2215.4 s, ωt:   0.22 (0.04 periods), wall: 32.880 seconds, Δt:   3.71, CFL: 7.20e-01
i:    600, t:    2582.1 s, ωt:   0.26 (0.04 periods), wall: 35.392 seconds, Δt:   3.68, CFL: 7.20e-01
i:    700, t:    2976.4 s, ωt:   0.30 (0.05 periods), wall: 37.936 seconds, Δt:   3.54, CFL: 7.20e-01
i:    800, t:    3342.7 s, ωt:   0.33 (0.05 periods), wall: 40.452 seconds, Δt:   3.45, CFL: 7.20e-01
i:    900, t:    3670.6 s, ωt:   0.37 (0.06 periods), wall: 42.963 seconds, Δt:   3.23, CFL: 7.20e-01
i:   1000, t:    3987.7 s, ωt:   0.40 (0.06 periods), wall: 45.497 seconds, Δt:   2.98, CFL: 7.20e-01
i:   1100, t:    4280.8 s, ωt:   0.43 (0.07 periods), wall: 48.018 seconds, Δt:   3.10, CFL: 7.20e-01
i:   1200, t:    4595.7 s, ωt:   0.46 (0.07 periods), wall: 50.553 seconds, Δt:   2.95, CFL: 7.20e-01
i:   1300, t:    4871.4 s, ωt:   0.49 (0.08 periods), wall: 53.068 seconds, Δt:   2.70, CFL: 7.20e-01
i:   1400, t:    5126.9 s, ωt:   0.51 (0.08 periods), wall: 55.622 seconds, Δt:   2.36, CFL: 7.20e-01
i:   1500, t:    5375.1 s, ωt:   0.54 (0.09 periods), wall: 58.132 seconds, Δt:   2.45, CFL: 7.20e-01
i:   1600, t:    5598.2 s, ωt:   0.56 (0.09 periods), wall: 1.011 minutes, Δt:   2.15, CFL: 7.20e-01
i:   1700, t:    5819.0 s, ωt:   0.58 (0.09 periods), wall: 1.053 minutes, Δt:   2.22, CFL: 7.20e-01
i:   1800, t:    6037.8 s, ωt:   0.60 (0.10 periods), wall: 1.095 minutes, Δt:   2.25, CFL: 7.20e-01
i:   1900, t:    6233.8 s, ωt:   0.62 (0.10 periods), wall: 1.137 minutes, Δt:   1.90, CFL: 7.20e-01
i:   2000, t:    6412.3 s, ωt:   0.64 (0.10 periods), wall: 1.179 minutes, Δt:   1.78, CFL: 7.20e-01
i:   2100, t:    6603.1 s, ωt:   0.66 (0.11 periods), wall: 1.221 minutes, Δt:   1.92, CFL: 7.20e-01
i:   2200, t:    6808.1 s, ωt:   0.68 (0.11 periods), wall: 1.263 minutes, Δt:   1.98, CFL: 7.20e-01
i:   2300, t:    7011.3 s, ωt:   0.70 (0.11 periods), wall: 1.305 minutes, Δt:   2.10, CFL: 7.20e-01
i:   2400, t:    7200.5 s, ωt:   0.72 (0.11 periods), wall: 1.347 minutes, Δt:   1.86, CFL: 7.20e-01
i:   2500, t:    7384.0 s, ωt:   0.74 (0.12 periods), wall: 1.389 minutes, Δt:   1.76, CFL: 7.20e-01
i:   2600, t:    7569.9 s, ωt:   0.76 (0.12 periods), wall: 1.431 minutes, Δt:   1.95, CFL: 7.20e-01
i:   2700, t:    7739.5 s, ωt:   0.77 (0.12 periods), wall: 1.473 minutes, Δt:   1.58, CFL: 7.20e-01
i:   2800, t:    7923.3 s, ωt:   0.79 (0.13 periods), wall: 1.515 minutes, Δt:   1.82, CFL: 7.20e-01
i:   2900, t:    8098.0 s, ωt:   0.81 (0.13 periods), wall: 1.557 minutes, Δt:   1.79, CFL: 7.20e-01
i:   3000, t:    8276.8 s, ωt:   0.83 (0.13 periods), wall: 1.599 minutes, Δt:   1.81, CFL: 7.20e-01
i:   3100, t:    8457.8 s, ωt:   0.85 (0.13 periods), wall: 1.641 minutes, Δt:   1.77, CFL: 7.20e-01
i:   3200, t:    8627.5 s, ωt:   0.86 (0.14 periods), wall: 1.683 minutes, Δt:   1.51, CFL: 7.20e-01
i:   3300, t:    8795.8 s, ωt:   0.88 (0.14 periods), wall: 1.725 minutes, Δt:   1.81, CFL: 7.20e-01
i:   3400, t:    8962.0 s, ωt:   0.90 (0.14 periods), wall: 1.767 minutes, Δt:   1.56, CFL: 7.20e-01
i:   3500, t:    9135.6 s, ωt:   0.91 (0.15 periods), wall: 1.809 minutes, Δt:   1.71, CFL: 7.20e-01
i:   3600, t:    9300.4 s, ωt:   0.93 (0.15 periods), wall: 1.851 minutes, Δt:   1.56, CFL: 7.20e-01
i:   3700, t:    9458.3 s, ωt:   0.95 (0.15 periods), wall: 1.893 minutes, Δt:   1.72, CFL: 7.20e-01
i:   3800, t:    9626.1 s, ωt:   0.96 (0.15 periods), wall: 1.935 minutes, Δt:   1.62, CFL: 7.20e-01
i:   3900, t:    9783.5 s, ωt:   0.98 (0.16 periods), wall: 1.977 minutes, Δt:   1.41, CFL: 7.20e-01
i:   4000, t:    9938.9 s, ωt:   0.99 (0.16 periods), wall: 2.019 minutes, Δt:   1.44, CFL: 7.20e-01
i:   4100, t:   10087.0 s, ωt:   1.01 (0.16 periods), wall: 2.061 minutes, Δt:   1.57, CFL: 7.20e-01
i:   4200, t:   10240.3 s, ωt:   1.02 (0.16 periods), wall: 2.103 minutes, Δt:   1.54, CFL: 7.20e-01
i:   4300, t:   10392.1 s, ωt:   1.04 (0.17 periods), wall: 2.145 minutes, Δt:   1.44, CFL: 7.20e-01
i:   4400, t:   10553.8 s, ωt:   1.06 (0.17 periods), wall: 2.187 minutes, Δt:   1.61, CFL: 7.20e-01
i:   4500, t:   10708.2 s, ωt:   1.07 (0.17 periods), wall: 2.229 minutes, Δt:   1.49, CFL: 7.20e-01
i:   4600, t:   10861.5 s, ωt:   1.09 (0.17 periods), wall: 2.271 minutes, Δt:   1.59, CFL: 7.20e-01
i:   4700, t:   11011.3 s, ωt:   1.10 (0.18 periods), wall: 2.313 minutes, Δt:   1.63, CFL: 7.20e-01
i:   4800, t:   11169.1 s, ωt:   1.12 (0.18 periods), wall: 2.355 minutes, Δt:   1.64, CFL: 7.20e-01
i:   4900, t:   11316.7 s, ωt:   1.13 (0.18 periods), wall: 2.397 minutes, Δt:   1.36, CFL: 7.20e-01
i:   5000, t:   11451.3 s, ωt:   1.15 (0.18 periods), wall: 2.438 minutes, Δt:   1.39, CFL: 7.20e-01
i:   5100, t:   11594.5 s, ωt:   1.16 (0.18 periods), wall: 2.480 minutes, Δt:   1.46, CFL: 7.20e-01
i:   5200, t:   11738.3 s, ωt:   1.17 (0.19 periods), wall: 2.523 minutes, Δt:   1.22, CFL: 7.20e-01
i:   5300, t:   11869.6 s, ωt:   1.19 (0.19 periods), wall: 2.565 minutes, Δt:   1.45, CFL: 7.20e-01
i:   5400, t:   12022.8 s, ωt:   1.20 (0.19 periods), wall: 2.606 minutes, Δt:   1.63, CFL: 7.20e-01
i:   5500, t:   12180.8 s, ωt:   1.22 (0.19 periods), wall: 2.648 minutes, Δt:   1.48, CFL: 7.20e-01
i:   5600, t:   12326.9 s, ωt:   1.23 (0.20 periods), wall: 2.690 minutes, Δt:   1.54, CFL: 7.20e-01
i:   5700, t:   12462.4 s, ωt:   1.25 (0.20 periods), wall: 2.733 minutes, Δt:   1.32, CFL: 7.20e-01
i:   5800, t:   12594.7 s, ωt:   1.26 (0.20 periods), wall: 2.774 minutes, Δt:   1.21, CFL: 7.20e-01
i:   5900, t:   12729.3 s, ωt:   1.27 (0.20 periods), wall: 2.816 minutes, Δt:   1.31, CFL: 7.20e-01
i:   6000, t:   12866.6 s, ωt:   1.29 (0.20 periods), wall: 2.858 minutes, Δt:   1.33, CFL: 7.20e-01
i:   6100, t:   13001.1 s, ωt:   1.30 (0.21 periods), wall: 2.900 minutes, Δt:   1.23, CFL: 7.20e-01
i:   6200, t:   13142.6 s, ωt:   1.31 (0.21 periods), wall: 2.942 minutes, Δt:   1.59, CFL: 7.20e-01
i:   6300, t:   13285.3 s, ωt:   1.33 (0.21 periods), wall: 2.984 minutes, Δt:   1.36, CFL: 7.20e-01
i:   6400, t:   13428.4 s, ωt:   1.34 (0.21 periods), wall: 3.026 minutes, Δt:   1.53, CFL: 7.20e-01
i:   6500, t:   13568.3 s, ωt:   1.36 (0.22 periods), wall: 3.068 minutes, Δt:   1.45, CFL: 7.20e-01
i:   6600, t:   13719.0 s, ωt:   1.37 (0.22 periods), wall: 3.110 minutes, Δt:   1.39, CFL: 7.20e-01
i:   6700, t:   13850.9 s, ωt:   1.39 (0.22 periods), wall: 3.153 minutes, Δt:   1.54, CFL: 7.20e-01
i:   6800, t:   13989.0 s, ωt:   1.40 (0.22 periods), wall: 3.194 minutes, Δt:   1.40, CFL: 7.20e-01
i:   6900, t:   14125.1 s, ωt:   1.41 (0.22 periods), wall: 3.236 minutes, Δt:   1.48, CFL: 7.20e-01
i:   7000, t:   14259.2 s, ωt:   1.43 (0.23 periods), wall: 3.278 minutes, Δt:   1.31, CFL: 7.20e-01
i:   7100, t:   14384.6 s, ωt:   1.44 (0.23 periods), wall: 3.320 minutes, Δt:   1.42, CFL: 7.20e-01
i:   7200, t:   14528.7 s, ωt:   1.45 (0.23 periods), wall: 3.363 minutes, Δt:   1.44, CFL: 7.20e-01
i:   7300, t:   14652.5 s, ωt:   1.47 (0.23 periods), wall: 3.404 minutes, Δt:   1.19, CFL: 7.20e-01
i:   7400, t:   14771.0 s, ωt:   1.48 (0.24 periods), wall: 3.446 minutes, Δt:   1.38, CFL: 7.20e-01
i:   7500, t:   14909.3 s, ωt:   1.49 (0.24 periods), wall: 3.488 minutes, Δt:   1.42, CFL: 7.20e-01
i:   7600, t:   15049.1 s, ωt:   1.50 (0.24 periods), wall: 3.530 minutes, Δt:   1.37, CFL: 7.20e-01
i:   7700, t:   15183.8 s, ωt:   1.52 (0.24 periods), wall: 3.572 minutes, Δt:   1.57, CFL: 7.20e-01
i:   7800, t:   15315.7 s, ωt:   1.53 (0.24 periods), wall: 3.614 minutes, Δt:   1.04, CFL: 7.20e-01
i:   7900, t:   15430.8 s, ωt:   1.54 (0.25 periods), wall: 3.656 minutes, Δt:   0.95, CFL: 7.20e-01
i:   8000, t:   15554.5 s, ωt:   1.56 (0.25 periods), wall: 3.698 minutes, Δt:   1.49, CFL: 7.20e-01
i:   8100, t:   15700.4 s, ωt:   1.57 (0.25 periods), wall: 3.740 minutes, Δt:   1.56, CFL: 7.20e-01
i:   8200, t:   15832.7 s, ωt:   1.58 (0.25 periods), wall: 3.782 minutes, Δt:   1.24, CFL: 7.20e-01
i:   8300, t:   15967.6 s, ωt:   1.60 (0.25 periods), wall: 3.824 minutes, Δt:   1.26, CFL: 7.20e-01
i:   8400, t:   16092.9 s, ωt:   1.61 (0.26 periods), wall: 3.866 minutes, Δt:   1.27, CFL: 7.20e-01
i:   8500, t:   16224.6 s, ωt:   1.62 (0.26 periods), wall: 3.908 minutes, Δt:   1.08, CFL: 7.20e-01
i:   8600, t:   16356.4 s, ωt:   1.64 (0.26 periods), wall: 3.950 minutes, Δt:   1.28, CFL: 7.20e-01
i:   8700, t:   16487.9 s, ωt:   1.65 (0.26 periods), wall: 3.992 minutes, Δt:   1.16, CFL: 7.20e-01
i:   8800, t:   16613.8 s, ωt:   1.66 (0.26 periods), wall: 4.034 minutes, Δt:   1.13, CFL: 7.20e-01
i:   8900, t:   16742.6 s, ωt:   1.67 (0.27 periods), wall: 4.075 minutes, Δt:   1.23, CFL: 7.20e-01
i:   9000, t:   16873.6 s, ωt:   1.69 (0.27 periods), wall: 4.117 minutes, Δt:   1.15, CFL: 7.20e-01
i:   9100, t:   17007.9 s, ωt:   1.70 (0.27 periods), wall: 4.160 minutes, Δt:   1.54, CFL: 7.20e-01
i:   9200, t:   17154.3 s, ωt:   1.72 (0.27 periods), wall: 4.202 minutes, Δt:   1.41, CFL: 7.20e-01
i:   9300, t:   17299.8 s, ωt:   1.73 (0.28 periods), wall: 4.244 minutes, Δt:   1.43, CFL: 7.20e-01
i:   9400, t:   17443.1 s, ωt:   1.74 (0.28 periods), wall: 4.285 minutes, Δt:   1.42, CFL: 7.20e-01
i:   9500, t:   17563.8 s, ωt:   1.76 (0.28 periods), wall: 4.327 minutes, Δt:   1.37, CFL: 7.20e-01
i:   9600, t:   17704.8 s, ωt:   1.77 (0.28 periods), wall: 4.369 minutes, Δt:   1.36, CFL: 7.20e-01
i:   9700, t:   17847.9 s, ωt:   1.78 (0.28 periods), wall: 4.411 minutes, Δt:   1.46, CFL: 7.20e-01
i:   9800, t:   17979.3 s, ωt:   1.80 (0.29 periods), wall: 4.453 minutes, Δt:   1.49, CFL: 7.20e-01
i:   9900, t:   18125.0 s, ωt:   1.81 (0.29 periods), wall: 4.495 minutes, Δt:   1.42, CFL: 7.20e-01
i:  10000, t:   18261.5 s, ωt:   1.83 (0.29 periods), wall: 4.537 minutes, Δt:   1.48, CFL: 7.20e-01
i:  10100, t:   18414.8 s, ωt:   1.84 (0.29 periods), wall: 4.579 minutes, Δt:   1.47, CFL: 7.20e-01
i:  10200, t:   18559.1 s, ωt:   1.86 (0.30 periods), wall: 4.621 minutes, Δt:   1.61, CFL: 7.20e-01
i:  10300, t:   18706.8 s, ωt:   1.87 (0.30 periods), wall: 4.663 minutes, Δt:   1.45, CFL: 7.20e-01
i:  10400, t:   18843.5 s, ωt:   1.88 (0.30 periods), wall: 4.704 minutes, Δt:   1.48, CFL: 7.20e-01
i:  10500, t:   18981.2 s, ωt:   1.90 (0.30 periods), wall: 4.746 minutes, Δt:   1.28, CFL: 7.20e-01
i:  10600, t:   19117.0 s, ωt:   1.91 (0.30 periods), wall: 4.788 minutes, Δt:   1.30, CFL: 7.20e-01
i:  10700, t:   19238.7 s, ωt:   1.92 (0.31 periods), wall: 4.830 minutes, Δt:   1.22, CFL: 7.20e-01
i:  10800, t:   19362.8 s, ωt:   1.94 (0.31 periods), wall: 4.872 minutes, Δt:   1.32, CFL: 7.20e-01
i:  10900, t:   19514.0 s, ωt:   1.95 (0.31 periods), wall: 4.914 minutes, Δt:   1.49, CFL: 7.20e-01
i:  11000, t:   19661.1 s, ωt:   1.97 (0.31 periods), wall: 4.956 minutes, Δt:   1.48, CFL: 7.20e-01
i:  11100, t:   19813.9 s, ωt:   1.98 (0.32 periods), wall: 4.998 minutes, Δt:   1.53, CFL: 7.20e-01
i:  11200, t:   19961.7 s, ωt:   2.00 (0.32 periods), wall: 5.040 minutes, Δt:   1.48, CFL: 7.20e-01
i:  11300, t:   20109.8 s, ωt:   2.01 (0.32 periods), wall: 5.082 minutes, Δt:   1.67, CFL: 7.20e-01
i:  11400, t:   20276.0 s, ωt:   2.03 (0.32 periods), wall: 5.124 minutes, Δt:   1.58, CFL: 7.20e-01
i:  11500, t:   20439.4 s, ωt:   2.04 (0.33 periods), wall: 5.166 minutes, Δt:   1.35, CFL: 7.20e-01
i:  11600, t:   20577.4 s, ωt:   2.06 (0.33 periods), wall: 5.208 minutes, Δt:   1.36, CFL: 7.20e-01
i:  11700, t:   20726.9 s, ωt:   2.07 (0.33 periods), wall: 5.250 minutes, Δt:   1.60, CFL: 7.20e-01
i:  11800, t:   20885.9 s, ωt:   2.09 (0.33 periods), wall: 5.292 minutes, Δt:   1.49, CFL: 7.20e-01
i:  11900, t:   21034.3 s, ωt:   2.10 (0.33 periods), wall: 5.334 minutes, Δt:   1.45, CFL: 7.20e-01
i:  12000, t:   21177.2 s, ωt:   2.12 (0.34 periods), wall: 5.376 minutes, Δt:   1.32, CFL: 7.20e-01
i:  12100, t:   21327.4 s, ωt:   2.13 (0.34 periods), wall: 5.419 minutes, Δt:   1.80, CFL: 7.20e-01
i:  12200, t:   21492.7 s, ωt:   2.15 (0.34 periods), wall: 5.461 minutes, Δt:   1.57, CFL: 7.20e-01
i:  12300, t:   21653.4 s, ωt:   2.17 (0.34 periods), wall: 5.503 minutes, Δt:   1.39, CFL: 7.20e-01
i:  12400, t:   21801.8 s, ωt:   2.18 (0.35 periods), wall: 5.545 minutes, Δt:   1.66, CFL: 7.20e-01
i:  12500, t:   21961.0 s, ωt:   2.20 (0.35 periods), wall: 5.587 minutes, Δt:   1.46, CFL: 7.20e-01
i:  12600, t:   22121.2 s, ωt:   2.21 (0.35 periods), wall: 5.629 minutes, Δt:   1.51, CFL: 7.20e-01
i:  12700, t:   22282.8 s, ωt:   2.23 (0.35 periods), wall: 5.671 minutes, Δt:   1.77, CFL: 7.20e-01
i:  12800, t:   22450.8 s, ωt:   2.25 (0.36 periods), wall: 5.713 minutes, Δt:   1.94, CFL: 7.20e-01
i:  12900, t:   22631.3 s, ωt:   2.26 (0.36 periods), wall: 5.755 minutes, Δt:   1.73, CFL: 7.20e-01
i:  13000, t:   22810.0 s, ωt:   2.28 (0.36 periods), wall: 5.797 minutes, Δt:   1.72, CFL: 7.20e-01
i:  13100, t:   23003.2 s, ωt:   2.30 (0.37 periods), wall: 5.839 minutes, Δt:   1.83, CFL: 7.20e-01
i:  13200, t:   23177.1 s, ωt:   2.32 (0.37 periods), wall: 5.881 minutes, Δt:   1.45, CFL: 7.20e-01
i:  13300, t:   23325.8 s, ωt:   2.33 (0.37 periods), wall: 5.923 minutes, Δt:   1.79, CFL: 7.20e-01
i:  13400, t:   23487.2 s, ωt:   2.35 (0.37 periods), wall: 5.965 minutes, Δt:   1.37, CFL: 7.20e-01
i:  13500, t:   23643.5 s, ωt:   2.36 (0.38 periods), wall: 6.007 minutes, Δt:   1.45, CFL: 7.20e-01
i:  13600, t:   23819.8 s, ωt:   2.38 (0.38 periods), wall: 6.049 minutes, Δt:   1.83, CFL: 7.20e-01
i:  13700, t:   24003.3 s, ωt:   2.40 (0.38 periods), wall: 6.091 minutes, Δt:   2.07, CFL: 7.20e-01
i:  13800, t:   24213.6 s, ωt:   2.42 (0.39 periods), wall: 6.133 minutes, Δt:   2.19, CFL: 7.20e-01
i:  13900, t:   24407.3 s, ωt:   2.44 (0.39 periods), wall: 6.175 minutes, Δt:   1.77, CFL: 7.20e-01
i:  14000, t:   24594.9 s, ωt:   2.46 (0.39 periods), wall: 6.217 minutes, Δt:   2.00, CFL: 7.20e-01
i:  14100, t:   24780.5 s, ωt:   2.48 (0.39 periods), wall: 6.259 minutes, Δt:   1.67, CFL: 7.20e-01
i:  14200, t:   24977.4 s, ωt:   2.50 (0.40 periods), wall: 6.301 minutes, Δt:   1.82, CFL: 7.20e-01
i:  14300, t:   25175.6 s, ωt:   2.52 (0.40 periods), wall: 6.343 minutes, Δt:   1.96, CFL: 7.20e-01
i:  14400, t:   25387.0 s, ωt:   2.54 (0.40 periods), wall: 6.385 minutes, Δt:   2.28, CFL: 7.20e-01
i:  14500, t:   25571.9 s, ωt:   2.56 (0.41 periods), wall: 6.427 minutes, Δt:   2.27, CFL: 7.20e-01
i:  14600, t:   25789.6 s, ωt:   2.58 (0.41 periods), wall: 6.469 minutes, Δt:   2.23, CFL: 7.20e-01
i:  14700, t:   26005.0 s, ωt:   2.60 (0.41 periods), wall: 6.511 minutes, Δt:   2.53, CFL: 7.20e-01
i:  14800, t:   26254.5 s, ωt:   2.63 (0.42 periods), wall: 6.553 minutes, Δt:   2.81, CFL: 7.20e-01
i:  14900, t:   26508.5 s, ωt:   2.65 (0.42 periods), wall: 6.595 minutes, Δt:   2.02, CFL: 7.20e-01
i:  15000, t:   26748.9 s, ωt:   2.67 (0.43 periods), wall: 6.637 minutes, Δt:   2.62, CFL: 7.20e-01
i:  15100, t:   27045.3 s, ωt:   2.70 (0.43 periods), wall: 6.679 minutes, Δt:   3.03, CFL: 7.20e-01
i:  15200, t:   27301.1 s, ωt:   2.73 (0.43 periods), wall: 6.721 minutes, Δt:   2.89, CFL: 7.20e-01
i:  15300, t:   27568.2 s, ωt:   2.76 (0.44 periods), wall: 6.763 minutes, Δt:   2.48, CFL: 7.20e-01
i:  15400, t:   27842.1 s, ωt:   2.78 (0.44 periods), wall: 6.805 minutes, Δt:   3.09, CFL: 7.20e-01
i:  15500, t:   28148.3 s, ωt:   2.81 (0.45 periods), wall: 6.847 minutes, Δt:   2.79, CFL: 7.20e-01
i:  15600, t:   28468.3 s, ωt:   2.85 (0.45 periods), wall: 6.889 minutes, Δt:   3.71, CFL: 7.20e-01
i:  15700, t:   28790.5 s, ωt:   2.88 (0.46 periods), wall: 6.932 minutes, Δt:   3.25, CFL: 7.20e-01
i:  15800, t:   29176.1 s, ωt:   2.92 (0.46 periods), wall: 6.974 minutes, Δt:   3.55, CFL: 7.20e-01
i:  15900, t:   29587.6 s, ωt:   2.96 (0.47 periods), wall: 7.016 minutes, Δt:   4.59, CFL: 7.20e-01
i:  16000, t:   30060.8 s, ωt:   3.01 (0.48 periods), wall: 7.058 minutes, Δt:   4.58, CFL: 7.20e-01
i:  16100, t:   30596.7 s, ωt:   3.06 (0.49 periods), wall: 7.101 minutes, Δt:   5.63, CFL: 7.20e-01
i:  16200, t:   31216.9 s, ωt:   3.12 (0.50 periods), wall: 7.143 minutes, Δt:   6.39, CFL: 7.20e-01
i:  16300, t:   31816.0 s, ωt:   3.18 (0.51 periods), wall: 7.211 minutes, Δt:   6.25, CFL: 7.20e-01
i:  16400, t:   32424.0 s, ωt:   3.24 (0.52 periods), wall: 7.253 minutes, Δt:   5.54, CFL: 7.20e-01
i:  16500, t:   32992.5 s, ωt:   3.30 (0.53 periods), wall: 7.295 minutes, Δt:   5.54, CFL: 7.20e-01
i:  16600, t:   33518.6 s, ωt:   3.35 (0.53 periods), wall: 7.337 minutes, Δt:   5.05, CFL: 7.20e-01
i:  16700, t:   34021.9 s, ωt:   3.40 (0.54 periods), wall: 7.380 minutes, Δt:   4.97, CFL: 7.20e-01
i:  16800, t:   34465.4 s, ωt:   3.45 (0.55 periods), wall: 7.422 minutes, Δt:   3.77, CFL: 7.20e-01
i:  16900, t:   34860.4 s, ωt:   3.49 (0.55 periods), wall: 7.464 minutes, Δt:   3.89, CFL: 7.20e-01
i:  17000, t:   35222.8 s, ωt:   3.52 (0.56 periods), wall: 7.506 minutes, Δt:   3.37, CFL: 7.20e-01
i:  17100, t:   35545.6 s, ωt:   3.55 (0.57 periods), wall: 7.548 minutes, Δt:   3.37, CFL: 7.20e-01
i:  17200, t:   35843.9 s, ωt:   3.58 (0.57 periods), wall: 7.590 minutes, Δt:   2.68, CFL: 7.20e-01
i:  17300, t:   36121.0 s, ωt:   3.61 (0.57 periods), wall: 7.632 minutes, Δt:   2.66, CFL: 7.20e-01
i:  17400, t:   36388.3 s, ωt:   3.64 (0.58 periods), wall: 7.674 minutes, Δt:   2.46, CFL: 7.20e-01
i:  17500, t:   36660.8 s, ωt:   3.67 (0.58 periods), wall: 7.716 minutes, Δt:   2.80, CFL: 7.20e-01
i:  17600, t:   36908.3 s, ωt:   3.69 (0.59 periods), wall: 7.759 minutes, Δt:   2.17, CFL: 7.20e-01
i:  17700, t:   37114.1 s, ωt:   3.71 (0.59 periods), wall: 7.800 minutes, Δt:   2.38, CFL: 7.20e-01
i:  17800, t:   37339.0 s, ωt:   3.73 (0.59 periods), wall: 7.842 minutes, Δt:   2.02, CFL: 7.20e-01
i:  17900, t:   37540.6 s, ωt:   3.75 (0.60 periods), wall: 7.884 minutes, Δt:   1.78, CFL: 7.20e-01
i:  18000, t:   37724.8 s, ωt:   3.77 (0.60 periods), wall: 7.927 minutes, Δt:   1.77, CFL: 7.20e-01
i:  18100, t:   37917.8 s, ωt:   3.79 (0.60 periods), wall: 7.968 minutes, Δt:   1.97, CFL: 7.20e-01
i:  18200, t:   38097.1 s, ωt:   3.81 (0.61 periods), wall: 8.011 minutes, Δt:   1.97, CFL: 7.20e-01
i:  18300, t:   38281.9 s, ωt:   3.83 (0.61 periods), wall: 8.052 minutes, Δt:   1.94, CFL: 7.20e-01
i:  18400, t:   38468.5 s, ωt:   3.85 (0.61 periods), wall: 8.095 minutes, Δt:   1.75, CFL: 7.20e-01
i:  18500, t:   38634.4 s, ωt:   3.86 (0.61 periods), wall: 8.136 minutes, Δt:   1.87, CFL: 7.20e-01
i:  18600, t:   38811.6 s, ωt:   3.88 (0.62 periods), wall: 8.179 minutes, Δt:   1.97, CFL: 7.20e-01
i:  18700, t:   38992.8 s, ωt:   3.90 (0.62 periods), wall: 8.221 minutes, Δt:   1.80, CFL: 7.20e-01
i:  18800, t:   39162.2 s, ωt:   3.92 (0.62 periods), wall: 8.263 minutes, Δt:   1.39, CFL: 7.20e-01
i:  18900, t:   39311.2 s, ωt:   3.93 (0.63 periods), wall: 8.305 minutes, Δt:   1.70, CFL: 7.20e-01
i:  19000, t:   39493.4 s, ωt:   3.95 (0.63 periods), wall: 8.347 minutes, Δt:   1.82, CFL: 7.20e-01
i:  19100, t:   39664.8 s, ωt:   3.97 (0.63 periods), wall: 8.389 minutes, Δt:   1.68, CFL: 7.20e-01
i:  19200, t:   39842.7 s, ωt:   3.98 (0.63 periods), wall: 8.430 minutes, Δt:   1.80, CFL: 7.20e-01
i:  19300, t:   40009.6 s, ωt:   4.00 (0.64 periods), wall: 8.473 minutes, Δt:   1.50, CFL: 7.20e-01
i:  19400, t:   40177.9 s, ωt:   4.02 (0.64 periods), wall: 8.514 minutes, Δt:   1.63, CFL: 7.20e-01
i:  19500, t:   40328.2 s, ωt:   4.03 (0.64 periods), wall: 8.557 minutes, Δt:   1.34, CFL: 7.20e-01
i:  19600, t:   40482.3 s, ωt:   4.05 (0.64 periods), wall: 8.599 minutes, Δt:   1.58, CFL: 7.20e-01
i:  19700, t:   40645.6 s, ωt:   4.06 (0.65 periods), wall: 8.641 minutes, Δt:   1.67, CFL: 7.20e-01
i:  19800, t:   40803.2 s, ωt:   4.08 (0.65 periods), wall: 8.683 minutes, Δt:   1.42, CFL: 7.20e-01
i:  19900, t:   40954.9 s, ωt:   4.10 (0.65 periods), wall: 8.725 minutes, Δt:   1.64, CFL: 7.20e-01
i:  20000, t:   41106.3 s, ωt:   4.11 (0.65 periods), wall: 8.767 minutes, Δt:   1.64, CFL: 7.20e-01
i:  20100, t:   41260.2 s, ωt:   4.13 (0.66 periods), wall: 8.809 minutes, Δt:   1.56, CFL: 7.20e-01
i:  20200, t:   41411.2 s, ωt:   4.14 (0.66 periods), wall: 8.851 minutes, Δt:   1.30, CFL: 7.20e-01
i:  20300, t:   41562.6 s, ωt:   4.16 (0.66 periods), wall: 8.893 minutes, Δt:   1.64, CFL: 7.20e-01
i:  20400, t:   41717.7 s, ωt:   4.17 (0.66 periods), wall: 8.934 minutes, Δt:   1.34, CFL: 7.20e-01
i:  20500, t:   41854.3 s, ωt:   4.19 (0.67 periods), wall: 8.976 minutes, Δt:   1.41, CFL: 7.20e-01
i:  20600, t:   41983.4 s, ωt:   4.20 (0.67 periods), wall: 9.018 minutes, Δt:   1.30, CFL: 7.20e-01
i:  20700, t:   42114.1 s, ωt:   4.21 (0.67 periods), wall: 9.060 minutes, Δt:   1.29, CFL: 7.20e-01
i:  20800, t:   42254.1 s, ωt:   4.23 (0.67 periods), wall: 9.102 minutes, Δt:   1.44, CFL: 7.20e-01
i:  20900, t:   42389.2 s, ωt:   4.24 (0.67 periods), wall: 9.144 minutes, Δt:   1.40, CFL: 7.20e-01
i:  21000, t:   42534.2 s, ωt:   4.25 (0.68 periods), wall: 9.186 minutes, Δt:   1.41, CFL: 7.20e-01
i:  21100, t:   42679.9 s, ωt:   4.27 (0.68 periods), wall: 9.228 minutes, Δt:   1.49, CFL: 7.20e-01
i:  21200, t:   42827.1 s, ωt:   4.28 (0.68 periods), wall: 9.270 minutes, Δt:   1.60, CFL: 7.20e-01
i:  21300, t:   42978.2 s, ωt:   4.30 (0.68 periods), wall: 9.312 minutes, Δt:   1.33, CFL: 7.20e-01
i:  21400, t:   43105.9 s, ωt:   4.31 (0.69 periods), wall: 9.354 minutes, Δt:   1.44, CFL: 7.20e-01
i:  21500, t:   43246.7 s, ωt:   4.32 (0.69 periods), wall: 9.396 minutes, Δt:   1.28, CFL: 7.20e-01
i:  21600, t:   43375.0 s, ωt:   4.34 (0.69 periods), wall: 9.438 minutes, Δt:   1.27, CFL: 7.20e-01
i:  21700, t:   43503.6 s, ωt:   4.35 (0.69 periods), wall: 9.480 minutes, Δt:   1.13, CFL: 7.20e-01
i:  21800, t:   43627.0 s, ωt:   4.36 (0.69 periods), wall: 9.522 minutes, Δt:   1.40, CFL: 7.20e-01
i:  21900, t:   43762.6 s, ωt:   4.38 (0.70 periods), wall: 9.564 minutes, Δt:   1.27, CFL: 7.20e-01
i:  22000, t:   43897.9 s, ωt:   4.39 (0.70 periods), wall: 9.606 minutes, Δt:   1.34, CFL: 7.20e-01
i:  22100, t:   44034.5 s, ωt:   4.40 (0.70 periods), wall: 9.648 minutes, Δt:   1.29, CFL: 7.20e-01
i:  22200, t:   44163.6 s, ωt:   4.42 (0.70 periods), wall: 9.690 minutes, Δt:   1.38, CFL: 7.18e-01
i:  22300, t:   44304.1 s, ωt:   4.43 (0.71 periods), wall: 9.732 minutes, Δt:   1.37, CFL: 7.20e-01
i:  22400, t:   44431.4 s, ωt:   4.44 (0.71 periods), wall: 9.774 minutes, Δt:   1.45, CFL: 7.20e-01
i:  22500, t:   44573.1 s, ωt:   4.46 (0.71 periods), wall: 9.816 minutes, Δt:   1.26, CFL: 7.20e-01
i:  22600, t:   44697.5 s, ωt:   4.47 (0.71 periods), wall: 9.858 minutes, Δt:   1.21, CFL: 7.20e-01
i:  22700, t:   44835.9 s, ωt:   4.48 (0.71 periods), wall: 9.900 minutes, Δt:   1.28, CFL: 7.20e-01
i:  22800, t:   44966.6 s, ωt:   4.50 (0.72 periods), wall: 9.942 minutes, Δt:   1.28, CFL: 7.20e-01
i:  22900, t:   45084.0 s, ωt:   4.51 (0.72 periods), wall: 9.984 minutes, Δt:   1.33, CFL: 7.20e-01
i:  23000, t:   45216.5 s, ωt:   4.52 (0.72 periods), wall: 10.025 minutes, Δt:   1.30, CFL: 7.20e-01
i:  23100, t:   45337.3 s, ωt:   4.53 (0.72 periods), wall: 10.067 minutes, Δt:   1.35, CFL: 7.20e-01
i:  23200, t:   45460.7 s, ωt:   4.55 (0.72 periods), wall: 10.109 minutes, Δt:   1.40, CFL: 7.20e-01
i:  23300, t:   45590.0 s, ωt:   4.56 (0.73 periods), wall: 10.152 minutes, Δt:   1.45, CFL: 7.20e-01
i:  23400, t:   45725.9 s, ωt:   4.57 (0.73 periods), wall: 10.193 minutes, Δt:   1.39, CFL: 7.20e-01
i:  23500, t:   45864.1 s, ωt:   4.59 (0.73 periods), wall: 10.235 minutes, Δt:   1.37, CFL: 7.20e-01
i:  23600, t:   45995.6 s, ωt:   4.60 (0.73 periods), wall: 10.277 minutes, Δt:   1.33, CFL: 7.20e-01
i:  23700, t:   46121.2 s, ωt:   4.61 (0.73 periods), wall: 10.319 minutes, Δt:   1.33, CFL: 7.20e-01
i:  23800, t:   46256.2 s, ωt:   4.63 (0.74 periods), wall: 10.361 minutes, Δt:   1.42, CFL: 7.20e-01
i:  23900, t:   46391.5 s, ωt:   4.64 (0.74 periods), wall: 10.403 minutes, Δt:   1.08, CFL: 7.20e-01
i:  24000, t:   46503.9 s, ωt:   4.65 (0.74 periods), wall: 10.445 minutes, Δt:   1.28, CFL: 7.20e-01
i:  24100, t:   46629.8 s, ωt:   4.66 (0.74 periods), wall: 10.487 minutes, Δt:   1.28, CFL: 7.20e-01
i:  24200, t:   46765.5 s, ωt:   4.68 (0.74 periods), wall: 10.529 minutes, Δt:   1.52, CFL: 7.20e-01
i:  24300, t:   46894.8 s, ωt:   4.69 (0.75 periods), wall: 10.571 minutes, Δt:   1.18, CFL: 7.20e-01
i:  24400, t:   47030.3 s, ωt:   4.70 (0.75 periods), wall: 10.613 minutes, Δt:   1.32, CFL: 7.20e-01
i:  24500, t:   47159.2 s, ωt:   4.72 (0.75 periods), wall: 10.655 minutes, Δt:   1.26, CFL: 7.20e-01
i:  24600, t:   47281.0 s, ωt:   4.73 (0.75 periods), wall: 10.697 minutes, Δt:   1.07, CFL: 7.20e-01
i:  24700, t:   47404.2 s, ωt:   4.74 (0.75 periods), wall: 10.739 minutes, Δt:   1.48, CFL: 7.20e-01
i:  24800, t:   47540.6 s, ωt:   4.75 (0.76 periods), wall: 10.781 minutes, Δt:   1.32, CFL: 7.20e-01
i:  24900, t:   47673.4 s, ωt:   4.77 (0.76 periods), wall: 10.823 minutes, Δt:   1.30, CFL: 7.20e-01
i:  25000, t:   47806.3 s, ωt:   4.78 (0.76 periods), wall: 10.865 minutes, Δt:   1.51, CFL: 7.20e-01
i:  25100, t:   47939.5 s, ωt:   4.79 (0.76 periods), wall: 10.907 minutes, Δt:   1.42, CFL: 7.20e-01
i:  25200, t:   48075.9 s, ωt:   4.81 (0.77 periods), wall: 10.949 minutes, Δt:   1.33, CFL: 7.20e-01
i:  25300, t:   48201.8 s, ωt:   4.82 (0.77 periods), wall: 10.991 minutes, Δt:   1.31, CFL: 7.20e-01
i:  25400, t:   48332.9 s, ωt:   4.83 (0.77 periods), wall: 11.032 minutes, Δt:   1.29, CFL: 7.20e-01
i:  25500, t:   48470.7 s, ωt:   4.85 (0.77 periods), wall: 11.074 minutes, Δt:   1.31, CFL: 7.20e-01
i:  25600, t:   48603.4 s, ωt:   4.86 (0.77 periods), wall: 11.116 minutes, Δt:   1.27, CFL: 7.20e-01
i:  25700, t:   48731.3 s, ωt:   4.87 (0.78 periods), wall: 11.158 minutes, Δt:   0.96, CFL: 7.20e-01
i:  25800, t:   48859.9 s, ωt:   4.89 (0.78 periods), wall: 11.200 minutes, Δt:   1.45, CFL: 7.20e-01
i:  25900, t:   48992.9 s, ωt:   4.90 (0.78 periods), wall: 11.242 minutes, Δt:   1.27, CFL: 7.20e-01
i:  26000, t:   49122.0 s, ωt:   4.91 (0.78 periods), wall: 11.284 minutes, Δt:   1.26, CFL: 7.20e-01
i:  26100, t:   49252.8 s, ωt:   4.93 (0.78 periods), wall: 11.326 minutes, Δt:   1.20, CFL: 7.20e-01
i:  26200, t:   49382.8 s, ωt:   4.94 (0.79 periods), wall: 11.368 minutes, Δt:   1.36, CFL: 7.20e-01
i:  26300, t:   49509.1 s, ωt:   4.95 (0.79 periods), wall: 11.410 minutes, Δt:   1.21, CFL: 7.20e-01
i:  26400, t:   49627.0 s, ωt:   4.96 (0.79 periods), wall: 11.452 minutes, Δt:   1.26, CFL: 7.20e-01
i:  26500, t:   49769.4 s, ωt:   4.98 (0.79 periods), wall: 11.494 minutes, Δt:   1.44, CFL: 7.20e-01
i:  26600, t:   49905.7 s, ωt:   4.99 (0.79 periods), wall: 11.536 minutes, Δt:   1.27, CFL: 7.20e-01
i:  26700, t:   50037.2 s, ωt:   5.00 (0.80 periods), wall: 11.578 minutes, Δt:   1.17, CFL: 7.20e-01
i:  26800, t:   50150.5 s, ωt:   5.02 (0.80 periods), wall: 11.620 minutes, Δt:   1.21, CFL: 7.20e-01
i:  26900, t:   50279.9 s, ωt:   5.03 (0.80 periods), wall: 11.662 minutes, Δt:   1.45, CFL: 7.20e-01
i:  27000, t:   50423.4 s, ωt:   5.04 (0.80 periods), wall: 11.704 minutes, Δt:   1.41, CFL: 7.20e-01
i:  27100, t:   50567.8 s, ωt:   5.06 (0.80 periods), wall: 11.746 minutes, Δt:   1.48, CFL: 7.20e-01
i:  27200, t:   50712.2 s, ωt:   5.07 (0.81 periods), wall: 11.788 minutes, Δt:   1.42, CFL: 7.20e-01
i:  27300, t:   50846.5 s, ωt:   5.08 (0.81 periods), wall: 11.830 minutes, Δt:   1.15, CFL: 7.20e-01
i:  27400, t:   50982.2 s, ωt:   5.10 (0.81 periods), wall: 11.872 minutes, Δt:   1.36, CFL: 7.20e-01
i:  27500, t:   51120.1 s, ωt:   5.11 (0.81 periods), wall: 11.914 minutes, Δt:   1.55, CFL: 7.20e-01
i:  27600, t:   51267.8 s, ωt:   5.13 (0.82 periods), wall: 11.956 minutes, Δt:   1.22, CFL: 7.20e-01
i:  27700, t:   51392.2 s, ωt:   5.14 (0.82 periods), wall: 11.998 minutes, Δt:   1.36, CFL: 7.20e-01
i:  27800, t:   51526.6 s, ωt:   5.15 (0.82 periods), wall: 12.040 minutes, Δt:   1.50, CFL: 7.20e-01
i:  27900, t:   51669.5 s, ωt:   5.17 (0.82 periods), wall: 12.082 minutes, Δt:   1.52, CFL: 7.20e-01
i:  28000, t:   51810.0 s, ωt:   5.18 (0.82 periods), wall: 12.123 minutes, Δt:   1.44, CFL: 7.20e-01
i:  28100, t:   51949.9 s, ωt:   5.19 (0.83 periods), wall: 12.165 minutes, Δt:   1.25, CFL: 7.20e-01
i:  28200, t:   52089.7 s, ωt:   5.21 (0.83 periods), wall: 12.207 minutes, Δt:   1.24, CFL: 7.20e-01
i:  28300, t:   52234.5 s, ωt:   5.22 (0.83 periods), wall: 12.249 minutes, Δt:   1.47, CFL: 7.20e-01
i:  28400, t:   52384.8 s, ωt:   5.24 (0.83 periods), wall: 12.291 minutes, Δt:   1.49, CFL: 7.20e-01
i:  28500, t:   52534.0 s, ωt:   5.25 (0.84 periods), wall: 12.333 minutes, Δt:   1.57, CFL: 7.20e-01
i:  28600, t:   52690.0 s, ωt:   5.27 (0.84 periods), wall: 12.375 minutes, Δt:   1.49, CFL: 7.20e-01
i:  28700, t:   52821.0 s, ωt:   5.28 (0.84 periods), wall: 12.417 minutes, Δt:   1.27, CFL: 7.20e-01
i:  28800, t:   52961.4 s, ωt:   5.30 (0.84 periods), wall: 12.459 minutes, Δt:   1.71, CFL: 7.20e-01
i:  28900, t:   53130.2 s, ωt:   5.31 (0.85 periods), wall: 12.501 minutes, Δt:   1.51, CFL: 7.20e-01
i:  29000, t:   53284.4 s, ωt:   5.33 (0.85 periods), wall: 12.543 minutes, Δt:   1.80, CFL: 7.20e-01
i:  29100, t:   53451.0 s, ωt:   5.35 (0.85 periods), wall: 12.585 minutes, Δt:   1.44, CFL: 7.20e-01
i:  29200, t:   53606.3 s, ωt:   5.36 (0.85 periods), wall: 12.627 minutes, Δt:   1.73, CFL: 7.20e-01
i:  29300, t:   53765.7 s, ωt:   5.38 (0.86 periods), wall: 12.669 minutes, Δt:   1.47, CFL: 7.20e-01
i:  29400, t:   53909.7 s, ωt:   5.39 (0.86 periods), wall: 12.712 minutes, Δt:   1.57, CFL: 7.20e-01
i:  29500, t:   54067.0 s, ωt:   5.41 (0.86 periods), wall: 12.754 minutes, Δt:   1.77, CFL: 7.20e-01
i:  29600, t:   54233.9 s, ωt:   5.42 (0.86 periods), wall: 12.796 minutes, Δt:   1.66, CFL: 7.20e-01
i:  29700, t:   54398.9 s, ωt:   5.44 (0.87 periods), wall: 12.838 minutes, Δt:   1.84, CFL: 7.20e-01
i:  29800, t:   54586.7 s, ωt:   5.46 (0.87 periods), wall: 12.880 minutes, Δt:   1.61, CFL: 7.20e-01
i:  29900, t:   54759.6 s, ωt:   5.48 (0.87 periods), wall: 12.922 minutes, Δt:   1.67, CFL: 7.20e-01
i:  30000, t:   54943.2 s, ωt:   5.49 (0.87 periods), wall: 12.964 minutes, Δt:   1.91, CFL: 7.20e-01
i:  30100, t:   55133.0 s, ωt:   5.51 (0.88 periods), wall: 13.006 minutes, Δt:   1.75, CFL: 7.20e-01
i:  30200, t:   55293.6 s, ωt:   5.53 (0.88 periods), wall: 13.048 minutes, Δt:   1.80, CFL: 7.20e-01
i:  30300, t:   55470.2 s, ωt:   5.55 (0.88 periods), wall: 13.090 minutes, Δt:   1.59, CFL: 7.20e-01
i:  30400, t:   55652.0 s, ωt:   5.57 (0.89 periods), wall: 13.132 minutes, Δt:   2.12, CFL: 7.20e-01
i:  30500, t:   55862.4 s, ωt:   5.59 (0.89 periods), wall: 13.174 minutes, Δt:   1.91, CFL: 7.20e-01
i:  30600, t:   56058.6 s, ωt:   5.61 (0.89 periods), wall: 13.216 minutes, Δt:   2.14, CFL: 7.20e-01
i:  30700, t:   56268.2 s, ωt:   5.63 (0.90 periods), wall: 13.258 minutes, Δt:   1.94, CFL: 7.20e-01
i:  30800, t:   56466.4 s, ωt:   5.65 (0.90 periods), wall: 13.299 minutes, Δt:   2.35, CFL: 7.20e-01
i:  30900, t:   56676.2 s, ωt:   5.67 (0.90 periods), wall: 13.342 minutes, Δt:   1.99, CFL: 7.20e-01
i:  31000, t:   56878.3 s, ωt:   5.69 (0.91 periods), wall: 13.384 minutes, Δt:   2.04, CFL: 7.20e-01
i:  31100, t:   57087.9 s, ωt:   5.71 (0.91 periods), wall: 13.426 minutes, Δt:   2.20, CFL: 7.20e-01
i:  31200, t:   57313.7 s, ωt:   5.73 (0.91 periods), wall: 13.468 minutes, Δt:   2.14, CFL: 7.20e-01
i:  31300, t:   57550.6 s, ωt:   5.76 (0.92 periods), wall: 13.510 minutes, Δt:   2.23, CFL: 7.20e-01
i:  31400, t:   57779.4 s, ωt:   5.78 (0.92 periods), wall: 13.552 minutes, Δt:   2.53, CFL: 7.20e-01
i:  31500, t:   58034.6 s, ωt:   5.80 (0.92 periods), wall: 13.594 minutes, Δt:   2.29, CFL: 7.20e-01
i:  31600, t:   58282.1 s, ωt:   5.83 (0.93 periods), wall: 13.636 minutes, Δt:   2.55, CFL: 7.20e-01
i:  31700, t:   58524.7 s, ωt:   5.85 (0.93 periods), wall: 13.678 minutes, Δt:   2.95, CFL: 7.20e-01
i:  31800, t:   58793.1 s, ωt:   5.88 (0.94 periods), wall: 13.720 minutes, Δt:   2.31, CFL: 7.20e-01
i:  31900, t:   59044.6 s, ωt:   5.90 (0.94 periods), wall: 13.762 minutes, Δt:   3.09, CFL: 7.20e-01
i:  32000, t:   59338.0 s, ωt:   5.93 (0.94 periods), wall: 13.804 minutes, Δt:   3.07, CFL: 7.20e-01
i:  32100, t:   59642.4 s, ωt:   5.96 (0.95 periods), wall: 13.846 minutes, Δt:   2.88, CFL: 7.20e-01
i:  32200, t:   59964.2 s, ωt:   6.00 (0.95 periods), wall: 13.888 minutes, Δt:   3.16, CFL: 7.20e-01
i:  32300, t:   60291.9 s, ωt:   6.03 (0.96 periods), wall: 13.930 minutes, Δt:   3.49, CFL: 7.20e-01
i:  32400, t:   60594.7 s, ωt:   6.06 (0.96 periods), wall: 13.972 minutes, Δt:   2.84, CFL: 7.20e-01
i:  32500, t:   60921.2 s, ωt:   6.09 (0.97 periods), wall: 14.014 minutes, Δt:   3.71, CFL: 7.20e-01
i:  32600, t:   61257.5 s, ωt:   6.13 (0.97 periods), wall: 14.056 minutes, Δt:   3.79, CFL: 7.20e-01
i:  32700, t:   61621.5 s, ωt:   6.16 (0.98 periods), wall: 14.098 minutes, Δt:   4.26, CFL: 7.20e-01
i:  32800, t:   62057.4 s, ωt:   6.21 (0.99 periods), wall: 14.140 minutes, Δt:   4.78, CFL: 7.20e-01
i:  32900, t:   62591.3 s, ωt:   6.26 (1.00 periods), wall: 14.182 minutes, Δt:   5.78, CFL: 7.20e-01
i:  33000, t:   63133.1 s, ωt:   6.31 (1.00 periods), wall: 14.247 minutes, Δt:   4.93, CFL: 7.20e-01
i:  33100, t:   63654.3 s, ωt:   6.37 (1.01 periods), wall: 14.289 minutes, Δt:   4.69, CFL: 7.20e-01
i:  33200, t:   64151.9 s, ωt:   6.42 (1.02 periods), wall: 14.331 minutes, Δt:   5.03, CFL: 7.20e-01
i:  33300, t:   64629.8 s, ωt:   6.46 (1.03 periods), wall: 14.373 minutes, Δt:   4.91, CFL: 7.20e-01
i:  33400, t:   65099.1 s, ωt:   6.51 (1.04 periods), wall: 14.416 minutes, Δt:   4.94, CFL: 7.20e-01
i:  33500, t:   65536.0 s, ωt:   6.55 (1.04 periods), wall: 14.458 minutes, Δt:   4.74, CFL: 7.20e-01
i:  33600, t:   65964.2 s, ωt:   6.60 (1.05 periods), wall: 14.500 minutes, Δt:   4.21, CFL: 7.20e-01
i:  33700, t:   66371.0 s, ωt:   6.64 (1.06 periods), wall: 14.542 minutes, Δt:   3.90, CFL: 7.20e-01
i:  33800, t:   66736.1 s, ωt:   6.67 (1.06 periods), wall: 14.584 minutes, Δt:   3.28, CFL: 7.20e-01
i:  33900, t:   67070.0 s, ωt:   6.71 (1.07 periods), wall: 14.626 minutes, Δt:   3.28, CFL: 7.20e-01
i:  34000, t:   67348.7 s, ωt:   6.73 (1.07 periods), wall: 14.668 minutes, Δt:   2.29, CFL: 7.20e-01
i:  34100, t:   67622.4 s, ωt:   6.76 (1.08 periods), wall: 14.710 minutes, Δt:   3.18, CFL: 7.20e-01
i:  34200, t:   67870.4 s, ωt:   6.79 (1.08 periods), wall: 14.752 minutes, Δt:   2.68, CFL: 7.20e-01
i:  34300, t:   68127.2 s, ωt:   6.81 (1.08 periods), wall: 14.795 minutes, Δt:   2.15, CFL: 7.20e-01
i:  34400, t:   68347.1 s, ωt:   6.83 (1.09 periods), wall: 14.837 minutes, Δt:   2.10, CFL: 7.20e-01
i:  34500, t:   68563.2 s, ωt:   6.86 (1.09 periods), wall: 14.879 minutes, Δt:   2.46, CFL: 7.20e-01
i:  34600, t:   68791.3 s, ωt:   6.88 (1.09 periods), wall: 14.921 minutes, Δt:   2.34, CFL: 7.20e-01
i:  34700, t:   69012.9 s, ωt:   6.90 (1.10 periods), wall: 14.963 minutes, Δt:   2.48, CFL: 7.20e-01
i:  34800, t:   69239.5 s, ωt:   6.92 (1.10 periods), wall: 15.005 minutes, Δt:   2.31, CFL: 7.20e-01
i:  34900, t:   69467.5 s, ωt:   6.95 (1.11 periods), wall: 15.047 minutes, Δt:   1.81, CFL: 7.20e-01
i:  35000, t:   69667.7 s, ωt:   6.97 (1.11 periods), wall: 15.089 minutes, Δt:   2.03, CFL: 7.20e-01
i:  35100, t:   69863.7 s, ωt:   6.99 (1.11 periods), wall: 15.131 minutes, Δt:   1.85, CFL: 7.20e-01
i:  35200, t:   70047.4 s, ωt:   7.00 (1.11 periods), wall: 15.173 minutes, Δt:   1.98, CFL: 7.20e-01
i:  35300, t:   70247.9 s, ωt:   7.02 (1.12 periods), wall: 15.215 minutes, Δt:   2.22, CFL: 7.20e-01
i:  35400, t:   70434.3 s, ωt:   7.04 (1.12 periods), wall: 15.256 minutes, Δt:   1.89, CFL: 7.20e-01
i:  35500, t:   70612.0 s, ωt:   7.06 (1.12 periods), wall: 15.298 minutes, Δt:   1.76, CFL: 7.20e-01
i:  35600, t:   70790.0 s, ωt:   7.08 (1.13 periods), wall: 15.341 minutes, Δt:   1.57, CFL: 7.20e-01
i:  35700, t:   70956.8 s, ωt:   7.10 (1.13 periods), wall: 15.383 minutes, Δt:   1.74, CFL: 7.20e-01
i:  35800, t:   71133.2 s, ωt:   7.11 (1.13 periods), wall: 15.424 minutes, Δt:   1.80, CFL: 7.20e-01
i:  35900, t:   71304.9 s, ωt:   7.13 (1.13 periods), wall: 15.466 minutes, Δt:   1.82, CFL: 7.20e-01
i:  36000, t:   71488.6 s, ωt:   7.15 (1.14 periods), wall: 15.508 minutes, Δt:   1.80, CFL: 7.20e-01
i:  36100, t:   71653.6 s, ωt:   7.17 (1.14 periods), wall: 15.550 minutes, Δt:   1.52, CFL: 7.20e-01
i:  36200, t:   71818.4 s, ωt:   7.18 (1.14 periods), wall: 15.592 minutes, Δt:   1.59, CFL: 7.20e-01
i:  36300, t:   71962.8 s, ωt:   7.20 (1.15 periods), wall: 15.634 minutes, Δt:   1.64, CFL: 7.20e-01
i:  36400, t:   72133.0 s, ωt:   7.21 (1.15 periods), wall: 15.676 minutes, Δt:   1.68, CFL: 7.20e-01
i:  36500, t:   72299.6 s, ωt:   7.23 (1.15 periods), wall: 15.718 minutes, Δt:   1.78, CFL: 7.20e-01
i:  36600, t:   72451.6 s, ωt:   7.25 (1.15 periods), wall: 15.760 minutes, Δt:   1.18, CFL: 7.20e-01
i:  36700, t:   72586.2 s, ωt:   7.26 (1.16 periods), wall: 15.802 minutes, Δt:   1.53, CFL: 7.20e-01
i:  36800, t:   72745.9 s, ωt:   7.27 (1.16 periods), wall: 15.844 minutes, Δt:   1.57, CFL: 7.20e-01
i:  36900, t:   72905.3 s, ωt:   7.29 (1.16 periods), wall: 15.886 minutes, Δt:   1.51, CFL: 7.20e-01
i:  37000, t:   73053.6 s, ωt:   7.31 (1.16 periods), wall: 15.927 minutes, Δt:   1.65, CFL: 7.20e-01
i:  37100, t:   73214.9 s, ωt:   7.32 (1.17 periods), wall: 15.969 minutes, Δt:   1.57, CFL: 7.20e-01
i:  37200, t:   73359.0 s, ωt:   7.34 (1.17 periods), wall: 16.011 minutes, Δt:   1.44, CFL: 7.20e-01
i:  37300, t:   73516.5 s, ωt:   7.35 (1.17 periods), wall: 16.053 minutes, Δt:   1.35, CFL: 7.20e-01
i:  37400, t:   73663.0 s, ωt:   7.37 (1.17 periods), wall: 16.095 minutes, Δt:   1.71, CFL: 7.20e-01
i:  37500, t:   73810.2 s, ωt:   7.38 (1.17 periods), wall: 16.137 minutes, Δt:   1.54, CFL: 7.20e-01
i:  37600, t:   73965.5 s, ωt:   7.40 (1.18 periods), wall: 16.179 minutes, Δt:   1.44, CFL: 7.20e-01
i:  37700, t:   74118.5 s, ωt:   7.41 (1.18 periods), wall: 16.221 minutes, Δt:   1.33, CFL: 7.20e-01
i:  37800, t:   74263.6 s, ωt:   7.43 (1.18 periods), wall: 16.263 minutes, Δt:   1.55, CFL: 7.20e-01
i:  37900, t:   74405.2 s, ωt:   7.44 (1.18 periods), wall: 16.305 minutes, Δt:   1.25, CFL: 7.20e-01
i:  38000, t:   74533.0 s, ωt:   7.45 (1.19 periods), wall: 16.347 minutes, Δt:   1.60, CFL: 7.20e-01
i:  38100, t:   74680.8 s, ωt:   7.47 (1.19 periods), wall: 16.389 minutes, Δt:   1.50, CFL: 7.20e-01
i:  38200, t:   74831.9 s, ωt:   7.48 (1.19 periods), wall: 16.431 minutes, Δt:   1.50, CFL: 7.20e-01
i:  38300, t:   74972.9 s, ωt:   7.50 (1.19 periods), wall: 16.473 minutes, Δt:   1.48, CFL: 7.20e-01
i:  38400, t:   75120.9 s, ωt:   7.51 (1.20 periods), wall: 16.515 minutes, Δt:   1.41, CFL: 7.20e-01
i:  38500, t:   75267.2 s, ωt:   7.53 (1.20 periods), wall: 16.557 minutes, Δt:   1.23, CFL: 7.20e-01
i:  38600, t:   75398.2 s, ωt:   7.54 (1.20 periods), wall: 16.599 minutes, Δt:   1.54, CFL: 7.20e-01
i:  38700, t:   75532.5 s, ωt:   7.55 (1.20 periods), wall: 16.641 minutes, Δt:   1.49, CFL: 7.20e-01
i:  38800, t:   75668.7 s, ωt:   7.57 (1.20 periods), wall: 16.683 minutes, Δt:   1.41, CFL: 7.20e-01
i:  38900, t:   75813.3 s, ωt:   7.58 (1.21 periods), wall: 16.725 minutes, Δt:   1.38, CFL: 7.20e-01
i:  39000, t:   75951.6 s, ωt:   7.60 (1.21 periods), wall: 16.767 minutes, Δt:   1.40, CFL: 7.20e-01
i:  39100, t:   76084.2 s, ωt:   7.61 (1.21 periods), wall: 16.809 minutes, Δt:   1.25, CFL: 7.20e-01
i:  39200, t:   76222.3 s, ωt:   7.62 (1.21 periods), wall: 16.851 minutes, Δt:   1.42, CFL: 7.20e-01
i:  39300, t:   76339.4 s, ωt:   7.63 (1.21 periods), wall: 16.893 minutes, Δt:   1.17, CFL: 7.20e-01
i:  39400, t:   76476.6 s, ωt:   7.65 (1.22 periods), wall: 16.935 minutes, Δt:   1.30, CFL: 7.20e-01
i:  39500, t:   76604.0 s, ωt:   7.66 (1.22 periods), wall: 16.977 minutes, Δt:   1.24, CFL: 7.20e-01
i:  39600, t:   76734.2 s, ωt:   7.67 (1.22 periods), wall: 17.019 minutes, Δt:   1.16, CFL: 7.20e-01
i:  39700, t:   76847.0 s, ωt:   7.68 (1.22 periods), wall: 17.061 minutes, Δt:   1.25, CFL: 7.20e-01
i:  39800, t:   76974.1 s, ωt:   7.70 (1.23 periods), wall: 17.103 minutes, Δt:   1.30, CFL: 7.20e-01
i:  39900, t:   77107.2 s, ωt:   7.71 (1.23 periods), wall: 17.145 minutes, Δt:   1.33, CFL: 7.20e-01
i:  40000, t:   77234.5 s, ωt:   7.72 (1.23 periods), wall: 17.186 minutes, Δt:   1.22, CFL: 7.20e-01
i:  40100, t:   77368.2 s, ωt:   7.74 (1.23 periods), wall: 17.229 minutes, Δt:   1.40, CFL: 7.20e-01
i:  40200, t:   77505.0 s, ωt:   7.75 (1.23 periods), wall: 17.271 minutes, Δt:   1.50, CFL: 7.20e-01
i:  40300, t:   77641.2 s, ωt:   7.76 (1.24 periods), wall: 17.313 minutes, Δt:   1.34, CFL: 7.20e-01
i:  40400, t:   77779.4 s, ωt:   7.78 (1.24 periods), wall: 17.355 minutes, Δt:   1.46, CFL: 7.20e-01
i:  40500, t:   77911.5 s, ωt:   7.79 (1.24 periods), wall: 17.396 minutes, Δt:   1.25, CFL: 7.20e-01
i:  40600, t:   78049.3 s, ωt:   7.80 (1.24 periods), wall: 17.439 minutes, Δt:   1.43, CFL: 7.20e-01
i:  40700, t:   78182.9 s, ωt:   7.82 (1.24 periods), wall: 17.481 minutes, Δt:   1.34, CFL: 7.20e-01
i:  40800, t:   78311.6 s, ωt:   7.83 (1.25 periods), wall: 17.523 minutes, Δt:   1.39, CFL: 7.20e-01
i:  40900, t:   78450.0 s, ωt:   7.84 (1.25 periods), wall: 17.564 minutes, Δt:   1.41, CFL: 7.20e-01
i:  41000, t:   78584.3 s, ωt:   7.86 (1.25 periods), wall: 17.606 minutes, Δt:   1.25, CFL: 7.20e-01
i:  41100, t:   78720.5 s, ωt:   7.87 (1.25 periods), wall: 17.648 minutes, Δt:   1.49, CFL: 7.20e-01
i:  41200, t:   78851.2 s, ωt:   7.89 (1.25 periods), wall: 17.690 minutes, Δt:   0.95, CFL: 7.20e-01
i:  41300, t:   78975.2 s, ωt:   7.90 (1.26 periods), wall: 17.732 minutes, Δt:   1.16, CFL: 7.20e-01
i:  41400, t:   79115.1 s, ωt:   7.91 (1.26 periods), wall: 17.774 minutes, Δt:   1.51, CFL: 7.20e-01
i:  41500, t:   79254.3 s, ωt:   7.93 (1.26 periods), wall: 17.816 minutes, Δt:   1.39, CFL: 7.20e-01
i:  41600, t:   79388.5 s, ωt:   7.94 (1.26 periods), wall: 17.858 minutes, Δt:   1.39, CFL: 7.20e-01
i:  41700, t:   79516.4 s, ωt:   7.95 (1.27 periods), wall: 17.900 minutes, Δt:   1.12, CFL: 7.20e-01
i:  41800, t:   79650.4 s, ωt:   7.97 (1.27 periods), wall: 17.943 minutes, Δt:   1.42, CFL: 7.20e-01
i:  41900, t:   79775.7 s, ωt:   7.98 (1.27 periods), wall: 17.984 minutes, Δt:   1.05, CFL: 7.20e-01
i:  42000, t:   79886.1 s, ωt:   7.99 (1.27 periods), wall: 18.026 minutes, Δt:   1.18, CFL: 7.20e-01
i:  42100, t:   80024.2 s, ωt:   8.00 (1.27 periods), wall: 18.068 minutes, Δt:   1.25, CFL: 7.20e-01
i:  42200, t:   80149.3 s, ωt:   8.01 (1.28 periods), wall: 18.110 minutes, Δt:   1.22, CFL: 7.20e-01
i:  42300, t:   80260.1 s, ωt:   8.03 (1.28 periods), wall: 18.152 minutes, Δt:   1.31, CFL: 7.20e-01
i:  42400, t:   80406.5 s, ωt:   8.04 (1.28 periods), wall: 18.194 minutes, Δt:   1.48, CFL: 7.20e-01
i:  42500, t:   80552.3 s, ωt:   8.06 (1.28 periods), wall: 18.236 minutes, Δt:   1.30, CFL: 7.20e-01
i:  42600, t:   80675.1 s, ωt:   8.07 (1.28 periods), wall: 18.278 minutes, Δt:   1.37, CFL: 7.20e-01
i:  42700, t:   80812.5 s, ωt:   8.08 (1.29 periods), wall: 18.320 minutes, Δt:   1.17, CFL: 7.20e-01
i:  42800, t:   80936.3 s, ωt:   8.09 (1.29 periods), wall: 18.362 minutes, Δt:   1.32, CFL: 7.20e-01
i:  42900, t:   81066.6 s, ωt:   8.11 (1.29 periods), wall: 18.404 minutes, Δt:   1.27, CFL: 7.20e-01
i:  43000, t:   81209.7 s, ωt:   8.12 (1.29 periods), wall: 18.446 minutes, Δt:   1.51, CFL: 7.20e-01
i:  43100, t:   81354.5 s, ωt:   8.14 (1.29 periods), wall: 18.488 minutes, Δt:   1.34, CFL: 7.20e-01
i:  43200, t:   81487.7 s, ωt:   8.15 (1.30 periods), wall: 18.530 minutes, Δt:   1.53, CFL: 7.20e-01
i:  43300, t:   81608.9 s, ωt:   8.16 (1.30 periods), wall: 18.572 minutes, Δt:   1.30, CFL: 7.20e-01
i:  43400, t:   81737.1 s, ωt:   8.17 (1.30 periods), wall: 18.614 minutes, Δt:   1.24, CFL: 7.20e-01
i:  43500, t:   81873.0 s, ωt:   8.19 (1.30 periods), wall: 18.656 minutes, Δt:   1.44, CFL: 7.20e-01
i:  43600, t:   82009.5 s, ωt:   8.20 (1.31 periods), wall: 18.698 minutes, Δt:   1.54, CFL: 7.20e-01
i:  43700, t:   82153.8 s, ωt:   8.22 (1.31 periods), wall: 18.739 minutes, Δt:   1.33, CFL: 7.20e-01
i:  43800, t:   82281.2 s, ωt:   8.23 (1.31 periods), wall: 18.781 minutes, Δt:   1.47, CFL: 7.20e-01
i:  43900, t:   82424.2 s, ωt:   8.24 (1.31 periods), wall: 18.823 minutes, Δt:   1.34, CFL: 7.20e-01
i:  44000, t:   82567.5 s, ωt:   8.26 (1.31 periods), wall: 18.865 minutes, Δt:   1.63, CFL: 7.20e-01
i:  44100, t:   82721.5 s, ωt:   8.27 (1.32 periods), wall: 18.907 minutes, Δt:   1.63, CFL: 7.20e-01
i:  44200, t:   82874.7 s, ωt:   8.29 (1.32 periods), wall: 18.949 minutes, Δt:   1.48, CFL: 7.20e-01
i:  44300, t:   83026.4 s, ωt:   8.30 (1.32 periods), wall: 18.992 minutes, Δt:   1.66, CFL: 7.20e-01
i:  44400, t:   83192.7 s, ωt:   8.32 (1.32 periods), wall: 19.034 minutes, Δt:   1.60, CFL: 7.20e-01
i:  44500, t:   83343.0 s, ωt:   8.33 (1.33 periods), wall: 19.076 minutes, Δt:   1.34, CFL: 7.20e-01
i:  44600, t:   83482.5 s, ωt:   8.35 (1.33 periods), wall: 19.118 minutes, Δt:   1.49, CFL: 7.20e-01
i:  44700, t:   83647.6 s, ωt:   8.36 (1.33 periods), wall: 19.160 minutes, Δt:   1.72, CFL: 7.20e-01
i:  44800, t:   83811.0 s, ωt:   8.38 (1.33 periods), wall: 19.203 minutes, Δt:   1.56, CFL: 7.20e-01
i:  44900, t:   83978.2 s, ωt:   8.40 (1.34 periods), wall: 19.245 minutes, Δt:   1.70, CFL: 7.20e-01
i:  45000, t:   84121.6 s, ωt:   8.41 (1.34 periods), wall: 19.287 minutes, Δt:   1.61, CFL: 7.20e-01
i:  45100, t:   84290.1 s, ωt:   8.43 (1.34 periods), wall: 19.329 minutes, Δt:   1.74, CFL: 7.20e-01
i:  45200, t:   84442.0 s, ωt:   8.44 (1.34 periods), wall: 19.371 minutes, Δt:   1.41, CFL: 7.20e-01
i:  45300, t:   84588.3 s, ωt:   8.46 (1.35 periods), wall: 19.413 minutes, Δt:   1.35, CFL: 7.20e-01
i:  45400, t:   84731.4 s, ωt:   8.47 (1.35 periods), wall: 19.455 minutes, Δt:   1.66, CFL: 7.20e-01
i:  45500, t:   84891.2 s, ωt:   8.49 (1.35 periods), wall: 19.498 minutes, Δt:   1.55, CFL: 7.20e-01
i:  45600, t:   85035.0 s, ωt:   8.50 (1.35 periods), wall: 19.540 minutes, Δt:   1.60, CFL: 7.20e-01
i:  45700, t:   85206.0 s, ωt:   8.52 (1.36 periods), wall: 19.582 minutes, Δt:   1.94, CFL: 7.20e-01
i:  45800, t:   85384.8 s, ωt:   8.54 (1.36 periods), wall: 19.624 minutes, Δt:   1.49, CFL: 7.20e-01
i:  45900, t:   85549.1 s, ωt:   8.55 (1.36 periods), wall: 19.666 minutes, Δt:   1.72, CFL: 7.20e-01
i:  46000, t:   85731.0 s, ωt:   8.57 (1.36 periods), wall: 19.708 minutes, Δt:   1.91, CFL: 7.20e-01
i:  46100, t:   85918.1 s, ωt:   8.59 (1.37 periods), wall: 19.750 minutes, Δt:   1.91, CFL: 7.20e-01
i:  46200, t:   86108.9 s, ωt:   8.61 (1.37 periods), wall: 19.792 minutes, Δt:   1.70, CFL: 7.20e-01
i:  46300, t:   86303.2 s, ωt:   8.63 (1.37 periods), wall: 19.834 minutes, Δt:   1.86, CFL: 7.20e-01
i:  46400, t:   86487.9 s, ωt:   8.65 (1.38 periods), wall: 19.876 minutes, Δt:   2.16, CFL: 7.20e-01
i:  46500, t:   86684.3 s, ωt:   8.67 (1.38 periods), wall: 19.918 minutes, Δt:   1.93, CFL: 7.20e-01
i:  46600, t:   86880.5 s, ωt:   8.69 (1.38 periods), wall: 19.960 minutes, Δt:   1.82, CFL: 7.20e-01
i:  46700, t:   87076.9 s, ωt:   8.71 (1.39 periods), wall: 20.002 minutes, Δt:   1.76, CFL: 7.20e-01
i:  46800, t:   87275.3 s, ωt:   8.73 (1.39 periods), wall: 20.044 minutes, Δt:   1.95, CFL: 7.20e-01
i:  46900, t:   87483.4 s, ωt:   8.75 (1.39 periods), wall: 20.086 minutes, Δt:   1.74, CFL: 7.20e-01
i:  47000, t:   87675.9 s, ωt:   8.77 (1.40 periods), wall: 20.128 minutes, Δt:   2.13, CFL: 7.20e-01
i:  47100, t:   87863.4 s, ωt:   8.79 (1.40 periods), wall: 20.170 minutes, Δt:   1.81, CFL: 7.20e-01
i:  47200, t:   88061.9 s, ωt:   8.81 (1.40 periods), wall: 20.212 minutes, Δt:   2.02, CFL: 7.20e-01
i:  47300, t:   88285.9 s, ωt:   8.83 (1.41 periods), wall: 20.254 minutes, Δt:   2.22, CFL: 7.20e-01
i:  47400, t:   88469.4 s, ωt:   8.85 (1.41 periods), wall: 20.296 minutes, Δt:   1.48, CFL: 7.20e-01
i:  47500, t:   88672.2 s, ωt:   8.87 (1.41 periods), wall: 20.338 minutes, Δt:   2.43, CFL: 7.20e-01
i:  47600, t:   88906.6 s, ωt:   8.89 (1.41 periods), wall: 20.380 minutes, Δt:   2.12, CFL: 7.20e-01
i:  47700, t:   89133.3 s, ωt:   8.91 (1.42 periods), wall: 20.422 minutes, Δt:   2.03, CFL: 7.20e-01
i:  47800, t:   89365.2 s, ωt:   8.94 (1.42 periods), wall: 20.464 minutes, Δt:   2.81, CFL: 7.20e-01
i:  47900, t:   89614.2 s, ωt:   8.96 (1.43 periods), wall: 20.506 minutes, Δt:   2.78, CFL: 7.20e-01
i:  48000, t:   89873.4 s, ωt:   8.99 (1.43 periods), wall: 20.549 minutes, Δt:   2.74, CFL: 7.20e-01
i:  48100, t:   90125.4 s, ωt:   9.01 (1.43 periods), wall: 20.590 minutes, Δt:   2.82, CFL: 7.20e-01
i:  48200, t:   90412.7 s, ωt:   9.04 (1.44 periods), wall: 20.632 minutes, Δt:   3.13, CFL: 7.20e-01
i:  48300, t:   90701.0 s, ωt:   9.07 (1.44 periods), wall: 20.674 minutes, Δt:   2.62, CFL: 7.20e-01
i:  48400, t:   91021.4 s, ωt:   9.10 (1.45 periods), wall: 20.717 minutes, Δt:   3.04, CFL: 7.20e-01
i:  48500, t:   91378.8 s, ωt:   9.14 (1.45 periods), wall: 20.759 minutes, Δt:   3.91, CFL: 7.20e-01
i:  48600, t:   91742.0 s, ωt:   9.17 (1.46 periods), wall: 20.801 minutes, Δt:   3.67, CFL: 7.20e-01
i:  48700, t:   92111.8 s, ωt:   9.21 (1.47 periods), wall: 20.843 minutes, Δt:   3.31, CFL: 7.20e-01
i:  48800, t:   92469.0 s, ωt:   9.25 (1.47 periods), wall: 20.886 minutes, Δt:   4.06, CFL: 7.20e-01
i:  48900, t:   92851.6 s, ωt:   9.29 (1.48 periods), wall: 20.928 minutes, Δt:   4.31, CFL: 7.20e-01
i:  49000, t:   93262.5 s, ωt:   9.33 (1.48 periods), wall: 20.970 minutes, Δt:   4.62, CFL: 7.20e-01
i:  49100, t:   93747.1 s, ωt:   9.37 (1.49 periods), wall: 21.012 minutes, Δt:   5.91, CFL: 7.20e-01
i:  49200, t:   94317.1 s, ωt:   9.43 (1.50 periods), wall: 21.076 minutes, Δt:   5.30, CFL: 7.20e-01
i:  49300, t:   94808.1 s, ωt:   9.48 (1.51 periods), wall: 21.120 minutes, Δt:   5.30, CFL: 7.20e-01
i:  49400, t:   95347.8 s, ωt:   9.53 (1.52 periods), wall: 21.162 minutes, Δt:   5.81, CFL: 7.20e-01
i:  49500, t:   95851.9 s, ωt:   9.59 (1.53 periods), wall: 21.204 minutes, Δt:   4.95, CFL: 7.20e-01
i:  49600, t:   96331.0 s, ωt:   9.63 (1.53 periods), wall: 21.246 minutes, Δt:   4.78, CFL: 7.20e-01
i:  49700, t:   96783.8 s, ωt:   9.68 (1.54 periods), wall: 21.289 minutes, Δt:   4.22, CFL: 7.20e-01
i:  49800, t:   97188.3 s, ωt:   9.72 (1.55 periods), wall: 21.331 minutes, Δt:   4.13, CFL: 7.20e-01
i:  49900, t:   97565.3 s, ωt:   9.76 (1.55 periods), wall: 21.373 minutes, Δt:   3.11, CFL: 7.20e-01
i:  50000, t:   97890.7 s, ωt:   9.79 (1.56 periods), wall: 21.415 minutes, Δt:   2.92, CFL: 7.20e-01
i:  50100, t:   98185.6 s, ωt:   9.82 (1.56 periods), wall: 21.457 minutes, Δt:   2.14, CFL: 7.20e-01
i:  50200, t:   98435.7 s, ωt:   9.84 (1.57 periods), wall: 21.500 minutes, Δt:   2.75, CFL: 7.20e-01
i:  50300, t:   98695.9 s, ωt:   9.87 (1.57 periods), wall: 21.542 minutes, Δt:   2.74, CFL: 7.20e-01
i:  50400, t:   98956.4 s, ωt:   9.90 (1.57 periods), wall: 21.584 minutes, Δt:   2.93, CFL: 7.20e-01
i:  50500, t:   99219.6 s, ωt:   9.92 (1.58 periods), wall: 21.626 minutes, Δt:   2.12, CFL: 7.20e-01
i:  50600, t:   99472.8 s, ωt:   9.95 (1.58 periods), wall: 21.668 minutes, Δt:   2.22, CFL: 7.20e-01
i:  50700, t:   99712.3 s, ωt:   9.97 (1.59 periods), wall: 21.710 minutes, Δt:   2.61, CFL: 7.20e-01
i:  50800, t:   99957.0 s, ωt:  10.00 (1.59 periods), wall: 21.752 minutes, Δt:   2.58, CFL: 7.20e-01
i:  50900, t:  100186.2 s, ωt:  10.02 (1.59 periods), wall: 21.794 minutes, Δt:   2.42, CFL: 7.20e-01
i:  51000, t:  100409.7 s, ωt:  10.04 (1.60 periods), wall: 21.836 minutes, Δt:   2.40, CFL: 7.20e-01
i:  51100, t:  100629.7 s, ωt:  10.06 (1.60 periods), wall: 21.878 minutes, Δt:   2.25, CFL: 7.20e-01
i:  51200, t:  100819.4 s, ωt:  10.08 (1.60 periods), wall: 21.920 minutes, Δt:   1.92, CFL: 7.20e-01
i:  51300, t:  101003.1 s, ωt:  10.10 (1.61 periods), wall: 21.962 minutes, Δt:   1.89, CFL: 7.20e-01
i:  51400, t:  101204.7 s, ωt:  10.12 (1.61 periods), wall: 22.005 minutes, Δt:   1.88, CFL: 7.20e-01
i:  51500, t:  101398.5 s, ωt:  10.14 (1.61 periods), wall: 22.047 minutes, Δt:   2.10, CFL: 7.20e-01
i:  51600, t:  101594.2 s, ωt:  10.16 (1.62 periods), wall: 22.089 minutes, Δt:   1.98, CFL: 7.20e-01
i:  51700, t:  101787.3 s, ωt:  10.18 (1.62 periods), wall: 22.130 minutes, Δt:   2.01, CFL: 7.20e-01
i:  51800, t:  101970.9 s, ωt:  10.20 (1.62 periods), wall: 22.172 minutes, Δt:   1.91, CFL: 7.20e-01
i:  51900, t:  102157.4 s, ωt:  10.22 (1.63 periods), wall: 22.214 minutes, Δt:   1.88, CFL: 7.20e-01
i:  52000, t:  102337.9 s, ωt:  10.23 (1.63 periods), wall: 22.256 minutes, Δt:   1.68, CFL: 7.20e-01
i:  52100, t:  102508.1 s, ωt:  10.25 (1.63 periods), wall: 22.299 minutes, Δt:   1.48, CFL: 7.20e-01
i:  52200, t:  102669.0 s, ωt:  10.27 (1.63 periods), wall: 22.340 minutes, Δt:   1.63, CFL: 7.20e-01
i:  52300, t:  102836.0 s, ωt:  10.28 (1.64 periods), wall: 22.382 minutes, Δt:   1.62, CFL: 7.20e-01
i:  52400, t:  102983.6 s, ωt:  10.30 (1.64 periods), wall: 22.424 minutes, Δt:   1.44, CFL: 7.20e-01
i:  52500, t:  103147.2 s, ωt:  10.31 (1.64 periods), wall: 22.466 minutes, Δt:   1.52, CFL: 7.20e-01
i:  52600, t:  103317.5 s, ωt:  10.33 (1.64 periods), wall: 22.508 minutes, Δt:   1.78, CFL: 7.20e-01
i:  52700, t:  103484.9 s, ωt:  10.35 (1.65 periods), wall: 22.550 minutes, Δt:   1.73, CFL: 7.20e-01
i:  52800, t:  103645.9 s, ωt:  10.36 (1.65 periods), wall: 22.592 minutes, Δt:   1.65, CFL: 7.20e-01
i:  52900, t:  103799.9 s, ωt:  10.38 (1.65 periods), wall: 22.634 minutes, Δt:   1.59, CFL: 7.20e-01
i:  53000, t:  103943.6 s, ωt:  10.39 (1.65 periods), wall: 22.676 minutes, Δt:   1.47, CFL: 7.20e-01
i:  53100, t:  104092.7 s, ωt:  10.41 (1.66 periods), wall: 22.718 minutes, Δt:   1.37, CFL: 7.20e-01
i:  53200, t:  104237.5 s, ωt:  10.42 (1.66 periods), wall: 22.760 minutes, Δt:   1.59, CFL: 7.20e-01
i:  53300, t:  104395.6 s, ωt:  10.44 (1.66 periods), wall: 22.803 minutes, Δt:   1.55, CFL: 7.20e-01
i:  53400, t:  104538.0 s, ωt:  10.45 (1.66 periods), wall: 22.844 minutes, Δt:   1.24, CFL: 7.20e-01
i:  53500, t:  104685.8 s, ωt:  10.47 (1.67 periods), wall: 22.887 minutes, Δt:   1.57, CFL: 7.20e-01
i:  53600, t:  104832.6 s, ωt:  10.48 (1.67 periods), wall: 22.929 minutes, Δt:   1.57, CFL: 7.20e-01
i:  53700, t:  104977.1 s, ωt:  10.50 (1.67 periods), wall: 22.971 minutes, Δt:   1.36, CFL: 7.20e-01
i:  53800, t:  105115.6 s, ωt:  10.51 (1.67 periods), wall: 23.012 minutes, Δt:   1.43, CFL: 7.20e-01
i:  53900, t:  105258.9 s, ωt:  10.53 (1.68 periods), wall: 23.055 minutes, Δt:   1.34, CFL: 7.20e-01
i:  54000, t:  105389.9 s, ωt:  10.54 (1.68 periods), wall: 23.096 minutes, Δt:   1.38, CFL: 7.20e-01
i:  54100, t:  105528.1 s, ωt:  10.55 (1.68 periods), wall: 23.138 minutes, Δt:   1.42, CFL: 7.20e-01
i:  54200, t:  105676.3 s, ωt:  10.57 (1.68 periods), wall: 23.180 minutes, Δt:   1.36, CFL: 7.20e-01
i:  54300, t:  105807.3 s, ωt:  10.58 (1.68 periods), wall: 23.222 minutes, Δt:   1.33, CFL: 7.20e-01
i:  54400, t:  105936.0 s, ωt:  10.59 (1.69 periods), wall: 23.264 minutes, Δt:   1.39, CFL: 7.20e-01
i:  54500, t:  106082.4 s, ωt:  10.61 (1.69 periods), wall: 23.306 minutes, Δt:   1.22, CFL: 7.20e-01
i:  54600, t:  106208.0 s, ωt:  10.62 (1.69 periods), wall: 23.348 minutes, Δt:   1.24, CFL: 7.20e-01
i:  54700, t:  106335.1 s, ωt:  10.63 (1.69 periods), wall: 23.390 minutes, Δt:   1.11, CFL: 7.20e-01
i:  54800, t:  106472.4 s, ωt:  10.65 (1.69 periods), wall: 23.432 minutes, Δt:   1.44, CFL: 7.20e-01
i:  54900, t:  106603.1 s, ωt:  10.66 (1.70 periods), wall: 23.474 minutes, Δt:   1.26, CFL: 7.20e-01
i:  55000, t:  106742.4 s, ωt:  10.67 (1.70 periods), wall: 23.516 minutes, Δt:   1.43, CFL: 7.20e-01
i:  55100, t:  106875.8 s, ωt:  10.69 (1.70 periods), wall: 23.558 minutes, Δt:   1.40, CFL: 7.20e-01
i:  55200, t:  107009.8 s, ωt:  10.70 (1.70 periods), wall: 23.600 minutes, Δt:   1.44, CFL: 7.20e-01
i:  55300, t:  107135.1 s, ωt:  10.71 (1.71 periods), wall: 23.642 minutes, Δt:   1.32, CFL: 7.20e-01
i:  55400, t:  107274.7 s, ωt:  10.73 (1.71 periods), wall: 23.684 minutes, Δt:   1.38, CFL: 7.20e-01
i:  55500, t:  107414.7 s, ωt:  10.74 (1.71 periods), wall: 23.726 minutes, Δt:   1.50, CFL: 7.20e-01
i:  55600, t:  107562.0 s, ωt:  10.76 (1.71 periods), wall: 23.768 minutes, Δt:   1.31, CFL: 7.20e-01
i:  55700, t:  107689.7 s, ωt:  10.77 (1.71 periods), wall: 23.810 minutes, Δt:   1.39, CFL: 7.20e-01
i:  55800, t:  107836.2 s, ωt:  10.78 (1.72 periods), wall: 23.852 minutes, Δt:   1.50, CFL: 7.20e-01
i:  55900, t:  107976.8 s, ωt:  10.80 (1.72 periods), wall: 23.894 minutes, Δt:   1.32, CFL: 7.20e-01
i:  56000, t:  108107.1 s, ωt:  10.81 (1.72 periods), wall: 23.936 minutes, Δt:   1.34, CFL: 7.20e-01
i:  56100, t:  108244.5 s, ωt:  10.82 (1.72 periods), wall: 23.978 minutes, Δt:   1.34, CFL: 7.20e-01
i:  56200, t:  108374.2 s, ωt:  10.84 (1.72 periods), wall: 24.020 minutes, Δt:   1.29, CFL: 7.20e-01
i:  56300, t:  108504.2 s, ωt:  10.85 (1.73 periods), wall: 24.062 minutes, Δt:   1.48, CFL: 7.20e-01
i:  56400, t:  108635.0 s, ωt:  10.86 (1.73 periods), wall: 24.104 minutes, Δt:   1.16, CFL: 7.20e-01
i:  56500, t:  108750.7 s, ωt:  10.88 (1.73 periods), wall: 24.146 minutes, Δt:   1.26, CFL: 7.20e-01
i:  56600, t:  108884.5 s, ωt:  10.89 (1.73 periods), wall: 24.188 minutes, Δt:   1.20, CFL: 7.20e-01
i:  56700, t:  109019.2 s, ωt:  10.90 (1.74 periods), wall: 24.230 minutes, Δt:   1.22, CFL: 7.20e-01
i:  56800, t:  109138.3 s, ωt:  10.91 (1.74 periods), wall: 24.272 minutes, Δt:   1.15, CFL: 7.20e-01
i:  56900, t:  109266.4 s, ωt:  10.93 (1.74 periods), wall: 24.314 minutes, Δt:   1.34, CFL: 7.20e-01
i:  57000, t:  109384.3 s, ωt:  10.94 (1.74 periods), wall: 24.356 minutes, Δt:   1.23, CFL: 7.20e-01
i:  57100, t:  109504.8 s, ωt:  10.95 (1.74 periods), wall: 24.398 minutes, Δt:   1.36, CFL: 7.20e-01
i:  57200, t:  109625.6 s, ωt:  10.96 (1.74 periods), wall: 24.440 minutes, Δt:   1.17, CFL: 7.20e-01
i:  57300, t:  109757.5 s, ωt:  10.98 (1.75 periods), wall: 24.482 minutes, Δt:   1.43, CFL: 7.20e-01
i:  57400, t:  109897.2 s, ωt:  10.99 (1.75 periods), wall: 24.524 minutes, Δt:   1.45, CFL: 7.20e-01
i:  57500, t:  110020.1 s, ωt:  11.00 (1.75 periods), wall: 24.566 minutes, Δt:   1.32, CFL: 7.20e-01
i:  57600, t:  110159.6 s, ωt:  11.02 (1.75 periods), wall: 24.608 minutes, Δt:   1.53, CFL: 7.20e-01
i:  57700, t:  110280.8 s, ωt:  11.03 (1.76 periods), wall: 24.650 minutes, Δt:   1.28, CFL: 7.20e-01
i:  57800, t:  110409.9 s, ωt:  11.04 (1.76 periods), wall: 24.692 minutes, Δt:   1.50, CFL: 7.20e-01
i:  57900, t:  110541.4 s, ωt:  11.05 (1.76 periods), wall: 24.734 minutes, Δt:   1.05, CFL: 7.20e-01
i:  58000, t:  110653.2 s, ωt:  11.07 (1.76 periods), wall: 24.776 minutes, Δt:   1.11, CFL: 7.20e-01
i:  58100, t:  110783.0 s, ωt:  11.08 (1.76 periods), wall: 24.818 minutes, Δt:   1.46, CFL: 7.20e-01
i:  58200, t:  110929.3 s, ωt:  11.09 (1.77 periods), wall: 24.860 minutes, Δt:   1.46, CFL: 7.20e-01
i:  58300, t:  111064.3 s, ωt:  11.11 (1.77 periods), wall: 24.902 minutes, Δt:   1.28, CFL: 7.20e-01
i:  58400, t:  111196.1 s, ωt:  11.12 (1.77 periods), wall: 24.944 minutes, Δt:   1.56, CFL: 7.20e-01
i:  58500, t:  111324.5 s, ωt:  11.13 (1.77 periods), wall: 24.986 minutes, Δt:   1.05, CFL: 7.20e-01
i:  58600, t:  111456.3 s, ωt:  11.15 (1.77 periods), wall: 25.028 minutes, Δt:   1.29, CFL: 7.20e-01
i:  58700, t:  111589.9 s, ωt:  11.16 (1.78 periods), wall: 25.070 minutes, Δt:   1.51, CFL: 7.20e-01
i:  58800, t:  111731.5 s, ωt:  11.17 (1.78 periods), wall: 25.112 minutes, Δt:   1.47, CFL: 7.20e-01
i:  58900, t:  111875.9 s, ωt:  11.19 (1.78 periods), wall: 25.154 minutes, Δt:   1.40, CFL: 7.20e-01
i:  59000, t:  112018.8 s, ωt:  11.20 (1.78 periods), wall: 25.196 minutes, Δt:   1.32, CFL: 7.20e-01
i:  59100, t:  112145.9 s, ωt:  11.21 (1.78 periods), wall: 25.238 minutes, Δt:   1.33, CFL: 7.20e-01
i:  59200, t:  112284.1 s, ωt:  11.23 (1.79 periods), wall: 25.280 minutes, Δt:   1.50, CFL: 7.20e-01
i:  59300, t:  112418.7 s, ωt:  11.24 (1.79 periods), wall: 25.322 minutes, Δt:   1.46, CFL: 7.20e-01
i:  59400, t:  112563.5 s, ωt:  11.26 (1.79 periods), wall: 25.364 minutes, Δt:   1.47, CFL: 7.20e-01
i:  59500, t:  112701.8 s, ωt:  11.27 (1.79 periods), wall: 25.406 minutes, Δt:   1.26, CFL: 7.20e-01
i:  59600, t:  112833.0 s, ωt:  11.28 (1.80 periods), wall: 25.448 minutes, Δt:   1.45, CFL: 7.20e-01
i:  59700, t:  112975.2 s, ωt:  11.30 (1.80 periods), wall: 25.490 minutes, Δt:   1.21, CFL: 7.20e-01
i:  59800, t:  113102.5 s, ωt:  11.31 (1.80 periods), wall: 25.532 minutes, Δt:   1.34, CFL: 7.20e-01
i:  59900, t:  113233.7 s, ωt:  11.32 (1.80 periods), wall: 25.574 minutes, Δt:   1.28, CFL: 7.20e-01
i:  60000, t:  113353.6 s, ωt:  11.34 (1.80 periods), wall: 25.616 minutes, Δt:   1.45, CFL: 7.20e-01
i:  60100, t:  113492.3 s, ωt:  11.35 (1.81 periods), wall: 25.658 minutes, Δt:   1.52, CFL: 7.20e-01
i:  60200, t:  113638.7 s, ωt:  11.36 (1.81 periods), wall: 25.700 minutes, Δt:   1.51, CFL: 7.20e-01
i:  60300, t:  113779.8 s, ωt:  11.38 (1.81 periods), wall: 25.743 minutes, Δt:   1.38, CFL: 7.20e-01
i:  60400, t:  113922.1 s, ωt:  11.39 (1.81 periods), wall: 25.785 minutes, Δt:   1.46, CFL: 7.20e-01
i:  60500, t:  114064.7 s, ωt:  11.41 (1.82 periods), wall: 25.827 minutes, Δt:   1.35, CFL: 7.20e-01
i:  60600, t:  114203.5 s, ωt:  11.42 (1.82 periods), wall: 25.869 minutes, Δt:   1.42, CFL: 7.20e-01
i:  60700, t:  114351.4 s, ωt:  11.44 (1.82 periods), wall: 25.910 minutes, Δt:   1.37, CFL: 7.20e-01
i:  60800, t:  114492.2 s, ωt:  11.45 (1.82 periods), wall: 25.954 minutes, Δt:   1.29, CFL: 7.20e-01
i:  60900, t:  114626.6 s, ωt:  11.46 (1.82 periods), wall: 25.995 minutes, Δt:   1.38, CFL: 7.20e-01
i:  61000, t:  114774.9 s, ωt:  11.48 (1.83 periods), wall: 26.038 minutes, Δt:   1.52, CFL: 7.20e-01
i:  61100, t:  114913.8 s, ωt:  11.49 (1.83 periods), wall: 26.080 minutes, Δt:   1.23, CFL: 7.20e-01
i:  61200, t:  115059.6 s, ωt:  11.51 (1.83 periods), wall: 26.122 minutes, Δt:   1.49, CFL: 7.20e-01
i:  61300, t:  115214.1 s, ωt:  11.52 (1.83 periods), wall: 26.163 minutes, Δt:   1.72, CFL: 7.20e-01
i:  61400, t:  115380.9 s, ωt:  11.54 (1.84 periods), wall: 26.205 minutes, Δt:   1.67, CFL: 7.20e-01
i:  61500, t:  115527.7 s, ωt:  11.55 (1.84 periods), wall: 26.247 minutes, Δt:   1.20, CFL: 7.20e-01
i:  61600, t:  115671.2 s, ωt:  11.57 (1.84 periods), wall: 26.289 minutes, Δt:   1.45, CFL: 7.20e-01
i:  61700, t:  115817.8 s, ωt:  11.58 (1.84 periods), wall: 26.331 minutes, Δt:   1.33, CFL: 7.20e-01
i:  61800, t:  115963.3 s, ωt:  11.60 (1.85 periods), wall: 26.373 minutes, Δt:   1.53, CFL: 7.20e-01
i:  61900, t:  116107.1 s, ωt:  11.61 (1.85 periods), wall: 26.415 minutes, Δt:   1.44, CFL: 7.20e-01
i:  62000, t:  116269.0 s, ωt:  11.63 (1.85 periods), wall: 26.457 minutes, Δt:   1.67, CFL: 7.20e-01
i:  62100, t:  116428.0 s, ωt:  11.64 (1.85 periods), wall: 26.499 minutes, Δt:   1.52, CFL: 7.20e-01
i:  62200, t:  116576.1 s, ωt:  11.66 (1.86 periods), wall: 26.541 minutes, Δt:   1.61, CFL: 7.20e-01
i:  62300, t:  116741.9 s, ωt:  11.67 (1.86 periods), wall: 26.583 minutes, Δt:   1.80, CFL: 7.20e-01
i:  62400, t:  116908.3 s, ωt:  11.69 (1.86 periods), wall: 26.625 minutes, Δt:   1.79, CFL: 7.20e-01
i:  62500, t:  117078.9 s, ωt:  11.71 (1.86 periods), wall: 26.667 minutes, Δt:   1.53, CFL: 7.20e-01
i:  62600, t:  117223.9 s, ωt:  11.72 (1.87 periods), wall: 26.709 minutes, Δt:   1.37, CFL: 7.20e-01
i:  62700, t:  117387.0 s, ωt:  11.74 (1.87 periods), wall: 26.751 minutes, Δt:   1.82, CFL: 7.20e-01
i:  62800, t:  117564.9 s, ωt:  11.76 (1.87 periods), wall: 26.793 minutes, Δt:   1.86, CFL: 7.20e-01
i:  62900, t:  117748.0 s, ωt:  11.77 (1.87 periods), wall: 26.835 minutes, Δt:   2.08, CFL: 7.20e-01
i:  63000, t:  117939.4 s, ωt:  11.79 (1.88 periods), wall: 26.877 minutes, Δt:   1.74, CFL: 7.20e-01
i:  63100, t:  118107.1 s, ωt:  11.81 (1.88 periods), wall: 26.919 minutes, Δt:   2.09, CFL: 7.20e-01
i:  63200, t:  118297.4 s, ωt:  11.83 (1.88 periods), wall: 26.961 minutes, Δt:   1.75, CFL: 7.20e-01
i:  63300, t:  118461.1 s, ωt:  11.85 (1.89 periods), wall: 27.003 minutes, Δt:   1.47, CFL: 7.20e-01
i:  63400, t:  118621.2 s, ωt:  11.86 (1.89 periods), wall: 27.045 minutes, Δt:   1.88, CFL: 7.20e-01
i:  63500, t:  118789.4 s, ωt:  11.88 (1.89 periods), wall: 27.087 minutes, Δt:   1.70, CFL: 7.20e-01
i:  63600, t:  118976.8 s, ωt:  11.90 (1.89 periods), wall: 27.129 minutes, Δt:   1.75, CFL: 7.20e-01
i:  63700, t:  119143.3 s, ωt:  11.91 (1.90 periods), wall: 27.171 minutes, Δt:   1.64, CFL: 7.20e-01
i:  63800, t:  119333.1 s, ωt:  11.93 (1.90 periods), wall: 27.213 minutes, Δt:   1.51, CFL: 7.20e-01
i:  63900, t:  119515.9 s, ωt:  11.95 (1.90 periods), wall: 27.255 minutes, Δt:   1.97, CFL: 7.20e-01
i:  64000, t:  119715.8 s, ωt:  11.97 (1.91 periods), wall: 27.297 minutes, Δt:   2.13, CFL: 7.20e-01
i:  64100, t:  119915.4 s, ωt:  11.99 (1.91 periods), wall: 27.339 minutes, Δt:   1.93, CFL: 7.20e-01
i:  64200, t:  120137.4 s, ωt:  12.01 (1.91 periods), wall: 27.381 minutes, Δt:   2.44, CFL: 7.20e-01
i:  64300, t:  120354.1 s, ωt:  12.04 (1.92 periods), wall: 27.423 minutes, Δt:   2.19, CFL: 7.20e-01
i:  64400, t:  120587.1 s, ωt:  12.06 (1.92 periods), wall: 27.465 minutes, Δt:   2.27, CFL: 7.20e-01
i:  64500, t:  120817.4 s, ωt:  12.08 (1.92 periods), wall: 27.507 minutes, Δt:   2.33, CFL: 7.20e-01
i:  64600, t:  121061.5 s, ωt:  12.11 (1.93 periods), wall: 27.550 minutes, Δt:   2.04, CFL: 7.20e-01
i:  64700, t:  121302.3 s, ωt:  12.13 (1.93 periods), wall: 27.592 minutes, Δt:   2.71, CFL: 7.20e-01
i:  64800, t:  121534.4 s, ωt:  12.15 (1.93 periods), wall: 27.634 minutes, Δt:   2.73, CFL: 7.20e-01
i:  64900, t:  121806.1 s, ωt:  12.18 (1.94 periods), wall: 27.676 minutes, Δt:   2.92, CFL: 7.20e-01
i:  65000, t:  122116.7 s, ωt:  12.21 (1.94 periods), wall: 27.718 minutes, Δt:   2.65, CFL: 7.20e-01
i:  65100, t:  122392.0 s, ωt:  12.24 (1.95 periods), wall: 27.760 minutes, Δt:   2.89, CFL: 7.20e-01
i:  65200, t:  122665.5 s, ωt:  12.27 (1.95 periods), wall: 27.802 minutes, Δt:   2.93, CFL: 7.20e-01
i:  65300, t:  122987.6 s, ωt:  12.30 (1.96 periods), wall: 27.844 minutes, Δt:   3.93, CFL: 7.20e-01
i:  65400, t:  123330.5 s, ωt:  12.33 (1.96 periods), wall: 27.886 minutes, Δt:   2.77, CFL: 7.20e-01
i:  65500, t:  123621.4 s, ωt:  12.36 (1.97 periods), wall: 27.929 minutes, Δt:   3.43, CFL: 7.20e-01
i:  65600, t:  123978.3 s, ωt:  12.40 (1.97 periods), wall: 27.971 minutes, Δt:   4.19, CFL: 7.20e-01
i:  65700, t:  124443.2 s, ωt:  12.44 (1.98 periods), wall: 28.013 minutes, Δt:   4.82, CFL: 7.20e-01
i:  65800, t:  124896.7 s, ωt:  12.49 (1.99 periods), wall: 28.055 minutes, Δt:   3.89, CFL: 7.20e-01
i:  65900, t:  125389.3 s, ωt:  12.54 (2.00 periods), wall: 28.098 minutes, Δt:   4.55, CFL: 7.20e-01
i:  66000, t:  125850.6 s, ωt:  12.59 (2.00 periods), wall: 28.163 minutes, Δt:   4.77, CFL: 7.20e-01
i:  66100, t:  126413.7 s, ωt:  12.64 (2.01 periods), wall: 28.205 minutes, Δt:   5.95, CFL: 7.20e-01
i:  66200, t:  126964.0 s, ωt:  12.70 (2.02 periods), wall: 28.247 minutes, Δt:   4.93, CFL: 7.20e-01
i:  66300, t:  127425.3 s, ωt:  12.74 (2.03 periods), wall: 28.289 minutes, Δt:   4.60, CFL: 7.20e-01
i:  66400, t:  127885.6 s, ωt:  12.79 (2.04 periods), wall: 28.332 minutes, Δt:   4.27, CFL: 7.20e-01
i:  66500, t:  128302.9 s, ωt:  12.83 (2.04 periods), wall: 28.374 minutes, Δt:   3.33, CFL: 7.20e-01
i:  66600, t:  128631.7 s, ωt:  12.86 (2.05 periods), wall: 28.416 minutes, Δt:   3.23, CFL: 7.20e-01
i:  66700, t:  129000.1 s, ωt:  12.90 (2.05 periods), wall: 28.458 minutes, Δt:   3.82, CFL: 7.20e-01
i:  66800, t:  129304.3 s, ωt:  12.93 (2.06 periods), wall: 28.501 minutes, Δt:   2.54, CFL: 7.20e-01
i:  66900, t:  129576.1 s, ωt:  12.96 (2.06 periods), wall: 28.543 minutes, Δt:   2.44, CFL: 7.20e-01
i:  67000, t:  129831.6 s, ωt:  12.98 (2.07 periods), wall: 28.585 minutes, Δt:   2.63, CFL: 7.20e-01
i:  67100, t:  130110.7 s, ωt:  13.01 (2.07 periods), wall: 28.627 minutes, Δt:   3.07, CFL: 7.20e-01
i:  67200, t:  130407.6 s, ωt:  13.04 (2.08 periods), wall: 28.669 minutes, Δt:   2.64, CFL: 7.20e-01
i:  67300, t:  130681.7 s, ωt:  13.07 (2.08 periods), wall: 28.711 minutes, Δt:   2.17, CFL: 7.20e-01
i:  67400, t:  130920.9 s, ωt:  13.09 (2.08 periods), wall: 28.753 minutes, Δt:   2.14, CFL: 7.20e-01
i:  67500, t:  131147.8 s, ωt:  13.11 (2.09 periods), wall: 28.795 minutes, Δt:   2.14, CFL: 7.20e-01
i:  67600, t:  131356.5 s, ωt:  13.14 (2.09 periods), wall: 28.837 minutes, Δt:   1.82, CFL: 7.20e-01
i:  67700, t:  131571.3 s, ωt:  13.16 (2.09 periods), wall: 28.879 minutes, Δt:   2.15, CFL: 7.20e-01
i:  67800, t:  131776.1 s, ωt:  13.18 (2.10 periods), wall: 28.921 minutes, Δt:   2.00, CFL: 7.20e-01
i:  67900, t:  131990.7 s, ωt:  13.20 (2.10 periods), wall: 28.963 minutes, Δt:   2.37, CFL: 7.20e-01
i:  68000, t:  132198.9 s, ωt:  13.22 (2.10 periods), wall: 29.005 minutes, Δt:   2.23, CFL: 7.20e-01
i:  68100, t:  132405.9 s, ωt:  13.24 (2.11 periods), wall: 29.047 minutes, Δt:   2.12, CFL: 7.20e-01
i:  68200, t:  132606.1 s, ωt:  13.26 (2.11 periods), wall: 29.089 minutes, Δt:   1.80, CFL: 7.20e-01
i:  68300, t:  132798.9 s, ωt:  13.28 (2.11 periods), wall: 29.131 minutes, Δt:   1.84, CFL: 7.20e-01
i:  68400, t:  133001.1 s, ωt:  13.30 (2.12 periods), wall: 29.173 minutes, Δt:   1.96, CFL: 7.20e-01
i:  68500, t:  133196.5 s, ωt:  13.32 (2.12 periods), wall: 29.215 minutes, Δt:   1.82, CFL: 7.20e-01
i:  68600, t:  133387.2 s, ωt:  13.34 (2.12 periods), wall: 29.257 minutes, Δt:   2.04, CFL: 7.20e-01
i:  68700, t:  133575.6 s, ωt:  13.36 (2.13 periods), wall: 29.299 minutes, Δt:   1.84, CFL: 7.20e-01
i:  68800, t:  133757.7 s, ωt:  13.38 (2.13 periods), wall: 29.341 minutes, Δt:   1.79, CFL: 7.20e-01
i:  68900, t:  133926.2 s, ωt:  13.39 (2.13 periods), wall: 29.383 minutes, Δt:   1.72, CFL: 7.20e-01
i:  69000, t:  134107.1 s, ωt:  13.41 (2.13 periods), wall: 29.425 minutes, Δt:   1.75, CFL: 7.20e-01
i:  69100, t:  134279.2 s, ωt:  13.43 (2.14 periods), wall: 29.466 minutes, Δt:   1.24, CFL: 7.20e-01
i:  69200, t:  134442.2 s, ωt:  13.44 (2.14 periods), wall: 29.508 minutes, Δt:   1.74, CFL: 7.20e-01
i:  69300, t:  134606.6 s, ωt:  13.46 (2.14 periods), wall: 29.551 minutes, Δt:   1.44, CFL: 7.20e-01
i:  69400, t:  134765.9 s, ωt:  13.48 (2.14 periods), wall: 29.593 minutes, Δt:   1.55, CFL: 7.20e-01
i:  69500, t:  134917.0 s, ωt:  13.49 (2.15 periods), wall: 29.635 minutes, Δt:   1.64, CFL: 7.20e-01
i:  69600, t:  135080.4 s, ωt:  13.51 (2.15 periods), wall: 29.677 minutes, Δt:   1.68, CFL: 7.20e-01
i:  69700, t:  135248.1 s, ωt:  13.52 (2.15 periods), wall: 29.719 minutes, Δt:   1.61, CFL: 7.20e-01
i:  69800, t:  135404.3 s, ωt:  13.54 (2.16 periods), wall: 29.761 minutes, Δt:   1.63, CFL: 7.20e-01
i:  69900, t:  135561.8 s, ωt:  13.56 (2.16 periods), wall: 29.803 minutes, Δt:   1.55, CFL: 7.20e-01
i:  70000, t:  135716.8 s, ωt:  13.57 (2.16 periods), wall: 29.845 minutes, Δt:   1.69, CFL: 7.20e-01
i:  70100, t:  135862.6 s, ωt:  13.59 (2.16 periods), wall: 29.888 minutes, Δt:   1.57, CFL: 7.20e-01
i:  70200, t:  136017.8 s, ωt:  13.60 (2.16 periods), wall: 29.929 minutes, Δt:   1.51, CFL: 7.20e-01
i:  70300, t:  136169.2 s, ωt:  13.62 (2.17 periods), wall: 29.971 minutes, Δt:   1.63, CFL: 7.20e-01
i:  70400, t:  136327.7 s, ωt:  13.63 (2.17 periods), wall: 30.013 minutes, Δt:   1.56, CFL: 7.20e-01
i:  70500, t:  136472.7 s, ωt:  13.65 (2.17 periods), wall: 30.056 minutes, Δt:   1.56, CFL: 7.20e-01
i:  70600, t:  136611.6 s, ωt:  13.66 (2.17 periods), wall: 30.097 minutes, Δt:   1.29, CFL: 7.20e-01
i:  70700, t:  136758.8 s, ωt:  13.68 (2.18 periods), wall: 30.140 minutes, Δt:   1.50, CFL: 7.20e-01
i:  70800, t:  136907.9 s, ωt:  13.69 (2.18 periods), wall: 30.182 minutes, Δt:   1.55, CFL: 7.20e-01
i:  70900, t:  137055.7 s, ωt:  13.71 (2.18 periods), wall: 30.224 minutes, Δt:   1.55, CFL: 7.20e-01
i:  71000, t:  137198.5 s, ωt:  13.72 (2.18 periods), wall: 30.266 minutes, Δt:   1.55, CFL: 7.20e-01
i:  71100, t:  137344.4 s, ωt:  13.73 (2.19 periods), wall: 30.308 minutes, Δt:   1.46, CFL: 7.20e-01
i:  71200, t:  137502.5 s, ωt:  13.75 (2.19 periods), wall: 30.350 minutes, Δt:   1.57, CFL: 7.20e-01
i:  71300, t:  137653.8 s, ωt:  13.77 (2.19 periods), wall: 30.392 minutes, Δt:   1.37, CFL: 7.20e-01
i:  71400, t:  137793.7 s, ωt:  13.78 (2.19 periods), wall: 30.434 minutes, Δt:   1.39, CFL: 7.20e-01
i:  71500, t:  137928.8 s, ωt:  13.79 (2.20 periods), wall: 30.476 minutes, Δt:   1.54, CFL: 7.20e-01
i:  71600, t:  138068.1 s, ωt:  13.81 (2.20 periods), wall: 30.517 minutes, Δt:   1.40, CFL: 7.20e-01
i:  71700, t:  138208.4 s, ωt:  13.82 (2.20 periods), wall: 30.559 minutes, Δt:   1.41, CFL: 7.20e-01
i:  71800, t:  138332.2 s, ωt:  13.83 (2.20 periods), wall: 30.601 minutes, Δt:   1.45, CFL: 7.20e-01
i:  71900, t:  138479.1 s, ωt:  13.85 (2.20 periods), wall: 30.643 minutes, Δt:   1.27, CFL: 7.20e-01
i:  72000, t:  138617.6 s, ωt:  13.86 (2.21 periods), wall: 30.685 minutes, Δt:   1.43, CFL: 7.20e-01
i:  72100, t:  138756.6 s, ωt:  13.88 (2.21 periods), wall: 30.727 minutes, Δt:   1.47, CFL: 7.20e-01
i:  72200, t:  138905.6 s, ωt:  13.89 (2.21 periods), wall: 30.770 minutes, Δt:   1.38, CFL: 7.20e-01
i:  72300, t:  139041.7 s, ωt:  13.90 (2.21 periods), wall: 30.811 minutes, Δt:   1.30, CFL: 7.20e-01
i:  72400, t:  139173.8 s, ωt:  13.92 (2.22 periods), wall: 30.853 minutes, Δt:   1.28, CFL: 7.20e-01
i:  72500, t:  139298.6 s, ωt:  13.93 (2.22 periods), wall: 30.895 minutes, Δt:   1.48, CFL: 7.20e-01
i:  72600, t:  139422.6 s, ωt:  13.94 (2.22 periods), wall: 30.937 minutes, Δt:   1.03, CFL: 7.20e-01
i:  72700, t:  139551.1 s, ωt:  13.96 (2.22 periods), wall: 30.980 minutes, Δt:   1.33, CFL: 7.20e-01
i:  72800, t:  139689.4 s, ωt:  13.97 (2.22 periods), wall: 31.021 minutes, Δt:   1.35, CFL: 7.20e-01
i:  72900, t:  139818.4 s, ωt:  13.98 (2.23 periods), wall: 31.064 minutes, Δt:   1.20, CFL: 7.20e-01
i:  73000, t:  139945.5 s, ωt:  13.99 (2.23 periods), wall: 31.106 minutes, Δt:   1.44, CFL: 7.20e-01
i:  73100, t:  140080.4 s, ωt:  14.01 (2.23 periods), wall: 31.147 minutes, Δt:   1.40, CFL: 7.20e-01
i:  73200, t:  140202.5 s, ωt:  14.02 (2.23 periods), wall: 31.190 minutes, Δt:   1.19, CFL: 7.20e-01
i:  73300, t:  140321.7 s, ωt:  14.03 (2.23 periods), wall: 31.232 minutes, Δt:   1.23, CFL: 7.20e-01
i:  73400, t:  140444.9 s, ωt:  14.04 (2.24 periods), wall: 31.274 minutes, Δt:   1.46, CFL: 7.20e-01
i:  73500, t:  140579.1 s, ωt:  14.06 (2.24 periods), wall: 31.316 minutes, Δt:   1.34, CFL: 7.20e-01
i:  73600, t:  140720.2 s, ωt:  14.07 (2.24 periods), wall: 31.358 minutes, Δt:   1.43, CFL: 7.20e-01
i:  73700, t:  140854.0 s, ωt:  14.09 (2.24 periods), wall: 31.400 minutes, Δt:   1.32, CFL: 7.20e-01
i:  73800, t:  140996.2 s, ωt:  14.10 (2.24 periods), wall: 31.441 minutes, Δt:   1.36, CFL: 7.20e-01
i:  73900, t:  141129.4 s, ωt:  14.11 (2.25 periods), wall: 31.483 minutes, Δt:   1.25, CFL: 7.20e-01
i:  74000, t:  141262.1 s, ωt:  14.13 (2.25 periods), wall: 31.525 minutes, Δt:   1.45, CFL: 7.20e-01
i:  74100, t:  141396.1 s, ωt:  14.14 (2.25 periods), wall: 31.567 minutes, Δt:   1.29, CFL: 7.20e-01
i:  74200, t:  141528.8 s, ωt:  14.15 (2.25 periods), wall: 31.609 minutes, Δt:   1.39, CFL: 7.20e-01
i:  74300, t:  141659.6 s, ωt:  14.17 (2.25 periods), wall: 31.651 minutes, Δt:   1.28, CFL: 7.20e-01
i:  74400, t:  141789.0 s, ωt:  14.18 (2.26 periods), wall: 31.693 minutes, Δt:   1.33, CFL: 7.20e-01
i:  74500, t:  141919.0 s, ωt:  14.19 (2.26 periods), wall: 31.735 minutes, Δt:   1.25, CFL: 7.20e-01
i:  74600, t:  142056.9 s, ωt:  14.21 (2.26 periods), wall: 31.777 minutes, Δt:   1.36, CFL: 7.20e-01
i:  74700, t:  142180.2 s, ωt:  14.22 (2.26 periods), wall: 31.819 minutes, Δt:   1.41, CFL: 7.20e-01
i:  74800, t:  142309.8 s, ωt:  14.23 (2.26 periods), wall: 31.861 minutes, Δt:   1.38, CFL: 7.20e-01
i:  74900, t:  142440.7 s, ωt:  14.24 (2.27 periods), wall: 31.903 minutes, Δt:   1.22, CFL: 7.20e-01
i:  75000, t:  142581.8 s, ωt:  14.26 (2.27 periods), wall: 31.946 minutes, Δt:   1.64, CFL: 7.20e-01
i:  75100, t:  142732.7 s, ωt:  14.27 (2.27 periods), wall: 31.987 minutes, Δt:   1.28, CFL: 7.20e-01
i:  75200, t:  142854.4 s, ωt:  14.29 (2.27 periods), wall: 32.029 minutes, Δt:   1.11, CFL: 7.20e-01
i:  75300, t:  142986.7 s, ωt:  14.30 (2.28 periods), wall: 32.072 minutes, Δt:   1.43, CFL: 7.20e-01
i:  75400, t:  143129.6 s, ωt:  14.31 (2.28 periods), wall: 32.114 minutes, Δt:   1.40, CFL: 7.20e-01
i:  75500, t:  143253.9 s, ωt:  14.33 (2.28 periods), wall: 32.155 minutes, Δt:   1.45, CFL: 7.20e-01
i:  75600, t:  143389.8 s, ωt:  14.34 (2.28 periods), wall: 32.198 minutes, Δt:   1.39, CFL: 7.20e-01
i:  75700, t:  143525.2 s, ωt:  14.35 (2.28 periods), wall: 32.240 minutes, Δt:   1.30, CFL: 7.20e-01
i:  75800, t:  143661.5 s, ωt:  14.37 (2.29 periods), wall: 32.282 minutes, Δt:   1.40, CFL: 7.20e-01
i:  75900, t:  143805.0 s, ωt:  14.38 (2.29 periods), wall: 32.324 minutes, Δt:   1.32, CFL: 7.20e-01
i:  76000, t:  143926.1 s, ωt:  14.39 (2.29 periods), wall: 32.366 minutes, Δt:   1.38, CFL: 7.20e-01
i:  76100, t:  144072.3 s, ωt:  14.41 (2.29 periods), wall: 32.408 minutes, Δt:   1.59, CFL: 7.20e-01
i:  76200, t:  144214.6 s, ωt:  14.42 (2.30 periods), wall: 32.450 minutes, Δt:   1.43, CFL: 7.20e-01
i:  76300, t:  144350.5 s, ωt:  14.44 (2.30 periods), wall: 32.492 minutes, Δt:   1.22, CFL: 7.20e-01
i:  76400, t:  144492.8 s, ωt:  14.45 (2.30 periods), wall: 32.534 minutes, Δt:   1.40, CFL: 7.20e-01
i:  76500, t:  144623.4 s, ωt:  14.46 (2.30 periods), wall: 32.577 minutes, Δt:   1.49, CFL: 7.20e-01
i:  76600, t:  144760.8 s, ωt:  14.48 (2.30 periods), wall: 32.619 minutes, Δt:   1.32, CFL: 7.20e-01
i:  76700, t:  144896.7 s, ωt:  14.49 (2.31 periods), wall: 32.661 minutes, Δt:   1.14, CFL: 7.20e-01
i:  76800, t:  145027.6 s, ωt:  14.50 (2.31 periods), wall: 32.703 minutes, Δt:   1.51, CFL: 7.20e-01
i:  76900, t:  145172.6 s, ωt:  14.52 (2.31 periods), wall: 32.745 minutes, Δt:   1.17, CFL: 7.20e-01
i:  77000, t:  145306.7 s, ωt:  14.53 (2.31 periods), wall: 32.787 minutes, Δt:   1.56, CFL: 7.20e-01
i:  77100, t:  145453.8 s, ωt:  14.55 (2.31 periods), wall: 32.829 minutes, Δt:   1.53, CFL: 7.20e-01
i:  77200, t:  145600.4 s, ωt:  14.56 (2.32 periods), wall: 32.872 minutes, Δt:   1.54, CFL: 7.20e-01
i:  77300, t:  145752.7 s, ωt:  14.58 (2.32 periods), wall: 32.914 minutes, Δt:   1.51, CFL: 7.20e-01
i:  77400, t:  145908.0 s, ωt:  14.59 (2.32 periods), wall: 32.956 minutes, Δt:   1.59, CFL: 7.20e-01
i:  77500, t:  146054.9 s, ωt:  14.61 (2.32 periods), wall: 32.998 minutes, Δt:   1.43, CFL: 7.20e-01
i:  77600, t:  146197.4 s, ωt:  14.62 (2.33 periods), wall: 33.040 minutes, Δt:   1.62, CFL: 7.20e-01
i:  77700, t:  146354.3 s, ωt:  14.64 (2.33 periods), wall: 33.082 minutes, Δt:   1.67, CFL: 7.20e-01
i:  77800, t:  146509.1 s, ωt:  14.65 (2.33 periods), wall: 33.125 minutes, Δt:   1.19, CFL: 7.20e-01
i:  77900, t:  146657.9 s, ωt:  14.67 (2.33 periods), wall: 33.167 minutes, Δt:   1.48, CFL: 7.20e-01
i:  78000, t:  146803.0 s, ωt:  14.68 (2.34 periods), wall: 33.209 minutes, Δt:   1.50, CFL: 7.20e-01
i:  78100, t:  146949.1 s, ωt:  14.69 (2.34 periods), wall: 33.250 minutes, Δt:   1.51, CFL: 7.20e-01
i:  78200, t:  147100.9 s, ωt:  14.71 (2.34 periods), wall: 33.293 minutes, Δt:   1.65, CFL: 7.20e-01
i:  78300, t:  147263.8 s, ωt:  14.73 (2.34 periods), wall: 33.334 minutes, Δt:   1.61, CFL: 7.20e-01
i:  78400, t:  147422.6 s, ωt:  14.74 (2.35 periods), wall: 33.376 minutes, Δt:   1.45, CFL: 7.20e-01
i:  78500, t:  147577.3 s, ωt:  14.76 (2.35 periods), wall: 33.418 minutes, Δt:   1.53, CFL: 7.20e-01
i:  78600, t:  147741.8 s, ωt:  14.77 (2.35 periods), wall: 33.460 minutes, Δt:   1.53, CFL: 7.20e-01
i:  78700, t:  147894.2 s, ωt:  14.79 (2.35 periods), wall: 33.502 minutes, Δt:   1.66, CFL: 7.20e-01
i:  78800, t:  148064.6 s, ωt:  14.81 (2.36 periods), wall: 33.544 minutes, Δt:   1.50, CFL: 7.20e-01
i:  78900, t:  148225.1 s, ωt:  14.82 (2.36 periods), wall: 33.586 minutes, Δt:   1.62, CFL: 7.20e-01
i:  79000, t:  148380.9 s, ωt:  14.84 (2.36 periods), wall: 33.628 minutes, Δt:   1.79, CFL: 7.20e-01
i:  79100, t:  148566.7 s, ωt:  14.86 (2.36 periods), wall: 33.670 minutes, Δt:   1.83, CFL: 7.20e-01
i:  79200, t:  148755.0 s, ωt:  14.88 (2.37 periods), wall: 33.712 minutes, Δt:   1.72, CFL: 7.20e-01
i:  79300, t:  148913.3 s, ωt:  14.89 (2.37 periods), wall: 33.754 minutes, Δt:   1.77, CFL: 7.20e-01
i:  79400, t:  149096.3 s, ωt:  14.91 (2.37 periods), wall: 33.796 minutes, Δt:   1.66, CFL: 7.20e-01
i:  79500, t:  149278.3 s, ωt:  14.93 (2.38 periods), wall: 33.839 minutes, Δt:   1.87, CFL: 7.20e-01
i:  79600, t:  149468.9 s, ωt:  14.95 (2.38 periods), wall: 33.881 minutes, Δt:   2.11, CFL: 7.20e-01
i:  79700, t:  149650.1 s, ωt:  14.97 (2.38 periods), wall: 33.922 minutes, Δt:   1.72, CFL: 7.20e-01
i:  79800, t:  149828.7 s, ωt:  14.98 (2.38 periods), wall: 33.964 minutes, Δt:   2.22, CFL: 7.20e-01
i:  79900, t:  150047.0 s, ωt:  15.00 (2.39 periods), wall: 34.006 minutes, Δt:   2.05, CFL: 7.20e-01
i:  80000, t:  150262.5 s, ωt:  15.03 (2.39 periods), wall: 34.049 minutes, Δt:   1.82, CFL: 7.20e-01
i:  80100, t:  150462.4 s, ωt:  15.05 (2.39 periods), wall: 34.091 minutes, Δt:   2.19, CFL: 7.20e-01
i:  80200, t:  150691.2 s, ωt:  15.07 (2.40 periods), wall: 34.132 minutes, Δt:   2.64, CFL: 7.20e-01
i:  80300, t:  150908.9 s, ωt:  15.09 (2.40 periods), wall: 34.175 minutes, Δt:   2.11, CFL: 7.20e-01
i:  80400, t:  151124.5 s, ωt:  15.11 (2.41 periods), wall: 34.217 minutes, Δt:   1.97, CFL: 7.20e-01
i:  80500, t:  151331.8 s, ωt:  15.13 (2.41 periods), wall: 34.259 minutes, Δt:   2.29, CFL: 7.20e-01
i:  80600, t:  151553.2 s, ωt:  15.16 (2.41 periods), wall: 34.301 minutes, Δt:   2.27, CFL: 7.20e-01
i:  80700, t:  151787.5 s, ωt:  15.18 (2.42 periods), wall: 34.343 minutes, Δt:   2.79, CFL: 7.20e-01
i:  80800, t:  152039.0 s, ωt:  15.20 (2.42 periods), wall: 34.385 minutes, Δt:   2.12, CFL: 7.20e-01
i:  80900, t:  152263.2 s, ωt:  15.23 (2.42 periods), wall: 34.427 minutes, Δt:   2.64, CFL: 7.20e-01
i:  81000, t:  152517.6 s, ωt:  15.25 (2.43 periods), wall: 34.469 minutes, Δt:   2.33, CFL: 7.20e-01
i:  81100, t:  152790.2 s, ωt:  15.28 (2.43 periods), wall: 34.511 minutes, Δt:   3.27, CFL: 7.20e-01
i:  81200, t:  153067.8 s, ωt:  15.31 (2.44 periods), wall: 34.553 minutes, Δt:   2.56, CFL: 7.20e-01
i:  81300, t:  153351.5 s, ωt:  15.34 (2.44 periods), wall: 34.596 minutes, Δt:   2.79, CFL: 7.20e-01
i:  81400, t:  153603.2 s, ωt:  15.36 (2.44 periods), wall: 34.638 minutes, Δt:   2.47, CFL: 7.20e-01
i:  81500, t:  153889.7 s, ωt:  15.39 (2.45 periods), wall: 34.680 minutes, Δt:   2.53, CFL: 7.20e-01
i:  81600, t:  154164.0 s, ωt:  15.42 (2.45 periods), wall: 34.722 minutes, Δt:   2.90, CFL: 7.20e-01
i:  81700, t:  154481.6 s, ωt:  15.45 (2.46 periods), wall: 34.764 minutes, Δt:   3.40, CFL: 7.20e-01
i:  81800, t:  154786.9 s, ωt:  15.48 (2.46 periods), wall: 34.806 minutes, Δt:   3.82, CFL: 7.16e-01
i:  81900, t:  155159.3 s, ωt:  15.52 (2.47 periods), wall: 34.848 minutes, Δt:   3.91, CFL: 7.20e-01
i:  82000, t:  155595.2 s, ωt:  15.56 (2.48 periods), wall: 34.890 minutes, Δt:   3.95, CFL: 7.20e-01
i:  82100, t:  156023.6 s, ωt:  15.60 (2.48 periods), wall: 34.932 minutes, Δt:   4.90, CFL: 7.20e-01
i:  82200, t:  156539.1 s, ωt:  15.65 (2.49 periods), wall: 34.974 minutes, Δt:   6.25, CFL: 7.20e-01
i:  82300, t:  157132.3 s, ωt:  15.71 (2.50 periods), wall: 35.037 minutes, Δt:   5.47, CFL: 7.20e-01
i:  82400, t:  157705.7 s, ωt:  15.77 (2.51 periods), wall: 35.079 minutes, Δt:   6.22, CFL: 7.20e-01
i:  82500, t:  158266.5 s, ωt:  15.83 (2.52 periods), wall: 35.122 minutes, Δt:   5.17, CFL: 7.20e-01
i:  82600, t:  158774.5 s, ωt:  15.88 (2.53 periods), wall: 35.164 minutes, Δt:   4.47, CFL: 7.20e-01
i:  82700, t:  159241.3 s, ωt:  15.92 (2.53 periods), wall: 35.206 minutes, Δt:   4.50, CFL: 7.20e-01
i:  82800, t:  159701.3 s, ωt:  15.97 (2.54 periods), wall: 35.248 minutes, Δt:   4.52, CFL: 7.20e-01
i:  82900, t:  160115.6 s, ωt:  16.01 (2.55 periods), wall: 35.290 minutes, Δt:   3.87, CFL: 7.20e-01
i:  83000, t:  160492.6 s, ωt:  16.05 (2.55 periods), wall: 35.333 minutes, Δt:   3.53, CFL: 7.20e-01
i:  83100, t:  160835.3 s, ωt:  16.08 (2.56 periods), wall: 35.375 minutes, Δt:   3.54, CFL: 7.20e-01
i:  83200, t:  161173.1 s, ωt:  16.12 (2.57 periods), wall: 35.417 minutes, Δt:   3.11, CFL: 7.20e-01
i:  83300, t:  161493.1 s, ωt:  16.15 (2.57 periods), wall: 35.460 minutes, Δt:   3.07, CFL: 7.20e-01
i:  83400, t:  161761.0 s, ωt:  16.18 (2.57 periods), wall: 35.502 minutes, Δt:   2.30, CFL: 7.20e-01
i:  83500, t:  162020.0 s, ωt:  16.20 (2.58 periods), wall: 35.544 minutes, Δt:   2.45, CFL: 7.20e-01
i:  83600, t:  162278.0 s, ωt:  16.23 (2.58 periods), wall: 35.586 minutes, Δt:   2.48, CFL: 7.20e-01
i:  83700, t:  162510.2 s, ωt:  16.25 (2.59 periods), wall: 35.628 minutes, Δt:   2.39, CFL: 7.20e-01
i:  83800, t:  162730.7 s, ωt:  16.27 (2.59 periods), wall: 35.670 minutes, Δt:   2.25, CFL: 7.20e-01
i:  83900, t:  162950.6 s, ωt:  16.30 (2.59 periods), wall: 35.712 minutes, Δt:   2.24, CFL: 7.20e-01
i:  84000, t:  163144.6 s, ωt:  16.31 (2.60 periods), wall: 35.754 minutes, Δt:   1.81, CFL: 7.20e-01
i:  84100, t:  163347.7 s, ωt:  16.33 (2.60 periods), wall: 35.796 minutes, Δt:   2.17, CFL: 7.20e-01
i:  84200, t:  163555.9 s, ωt:  16.36 (2.60 periods), wall: 35.838 minutes, Δt:   2.06, CFL: 7.20e-01
i:  84300, t:  163758.3 s, ωt:  16.38 (2.61 periods), wall: 35.881 minutes, Δt:   2.21, CFL: 7.20e-01
i:  84400, t:  163966.7 s, ωt:  16.40 (2.61 periods), wall: 35.922 minutes, Δt:   1.85, CFL: 7.20e-01
i:  84500, t:  164165.1 s, ωt:  16.42 (2.61 periods), wall: 35.964 minutes, Δt:   2.15, CFL: 7.20e-01
i:  84600, t:  164350.2 s, ωt:  16.44 (2.62 periods), wall: 36.006 minutes, Δt:   1.80, CFL: 7.20e-01
i:  84700, t:  164530.9 s, ωt:  16.45 (2.62 periods), wall: 36.048 minutes, Δt:   1.76, CFL: 7.20e-01
i:  84800, t:  164698.0 s, ωt:  16.47 (2.62 periods), wall: 36.091 minutes, Δt:   1.80, CFL: 7.20e-01
i:  84900, t:  164871.1 s, ωt:  16.49 (2.62 periods), wall: 36.132 minutes, Δt:   1.74, CFL: 7.20e-01
i:  85000, t:  165040.2 s, ωt:  16.50 (2.63 periods), wall: 36.174 minutes, Δt:   1.53, CFL: 7.20e-01
i:  85100, t:  165204.2 s, ωt:  16.52 (2.63 periods), wall: 36.216 minutes, Δt:   1.78, CFL: 7.20e-01
i:  85200, t:  165366.7 s, ωt:  16.54 (2.63 periods), wall: 36.258 minutes, Δt:   1.51, CFL: 7.20e-01
i:  85300, t:  165526.4 s, ωt:  16.55 (2.63 periods), wall: 36.300 minutes, Δt:   1.39, CFL: 7.20e-01
i:  85400, t:  165667.2 s, ωt:  16.57 (2.64 periods), wall: 36.342 minutes, Δt:   1.53, CFL: 7.20e-01
i:  85500, t:  165821.8 s, ωt:  16.58 (2.64 periods), wall: 36.384 minutes, Δt:   1.38, CFL: 7.20e-01
i:  85600, t:  165972.0 s, ωt:  16.60 (2.64 periods), wall: 36.427 minutes, Δt:   1.36, CFL: 7.20e-01
i:  85700, t:  166115.8 s, ωt:  16.61 (2.64 periods), wall: 36.468 minutes, Δt:   1.75, CFL: 7.20e-01
i:  85800, t:  166273.2 s, ωt:  16.63 (2.65 periods), wall: 36.510 minutes, Δt:   1.61, CFL: 7.20e-01
i:  85900, t:  166428.6 s, ωt:  16.64 (2.65 periods), wall: 36.552 minutes, Δt:   1.34, CFL: 7.20e-01
i:  86000, t:  166577.7 s, ωt:  16.66 (2.65 periods), wall: 36.594 minutes, Δt:   1.42, CFL: 7.20e-01
i:  86100, t:  166727.9 s, ωt:  16.67 (2.65 periods), wall: 36.636 minutes, Δt:   1.68, CFL: 7.20e-01
i:  86200, t:  166894.3 s, ωt:  16.69 (2.66 periods), wall: 36.678 minutes, Δt:   1.69, CFL: 7.20e-01
i:  86300, t:  167042.7 s, ωt:  16.70 (2.66 periods), wall: 36.720 minutes, Δt:   1.54, CFL: 7.20e-01
i:  86400, t:  167191.2 s, ωt:  16.72 (2.66 periods), wall: 36.763 minutes, Δt:   1.55, CFL: 7.20e-01
i:  86500, t:  167336.9 s, ωt:  16.73 (2.66 periods), wall: 36.805 minutes, Δt:   1.33, CFL: 7.20e-01
i:  86600, t:  167482.1 s, ωt:  16.75 (2.67 periods), wall: 36.846 minutes, Δt:   1.43, CFL: 7.20e-01
i:  86700, t:  167621.8 s, ωt:  16.76 (2.67 periods), wall: 36.888 minutes, Δt:   1.49, CFL: 7.20e-01
i:  86800, t:  167757.3 s, ωt:  16.78 (2.67 periods), wall: 36.930 minutes, Δt:   1.19, CFL: 7.20e-01
i:  86900, t:  167898.3 s, ωt:  16.79 (2.67 periods), wall: 36.972 minutes, Δt:   1.50, CFL: 7.20e-01
i:  87000, t:  168045.8 s, ωt:  16.80 (2.67 periods), wall: 37.014 minutes, Δt:   1.27, CFL: 7.20e-01
i:  87100, t:  168187.1 s, ωt:  16.82 (2.68 periods), wall: 37.056 minutes, Δt:   1.48, CFL: 7.20e-01
i:  87200, t:  168335.9 s, ωt:  16.83 (2.68 periods), wall: 37.098 minutes, Δt:   1.60, CFL: 7.20e-01
i:  87300, t:  168483.2 s, ωt:  16.85 (2.68 periods), wall: 37.140 minutes, Δt:   1.52, CFL: 7.20e-01
i:  87400, t:  168625.4 s, ωt:  16.86 (2.68 periods), wall: 37.182 minutes, Δt:   1.22, CFL: 7.20e-01
i:  87500, t:  168762.3 s, ωt:  16.88 (2.69 periods), wall: 37.224 minutes, Δt:   1.32, CFL: 7.20e-01
i:  87600, t:  168902.3 s, ωt:  16.89 (2.69 periods), wall: 37.266 minutes, Δt:   1.19, CFL: 7.20e-01
i:  87700, t:  169038.5 s, ωt:  16.90 (2.69 periods), wall: 37.308 minutes, Δt:   1.43, CFL: 7.20e-01
i:  87800, t:  169166.8 s, ωt:  16.92 (2.69 periods), wall: 37.350 minutes, Δt:   1.45, CFL: 7.20e-01
i:  87900, t:  169300.0 s, ωt:  16.93 (2.69 periods), wall: 37.392 minutes, Δt:   1.23, CFL: 7.20e-01
i:  88000, t:  169430.1 s, ωt:  16.94 (2.70 periods), wall: 37.435 minutes, Δt:   1.39, CFL: 7.20e-01
i:  88100, t:  169569.3 s, ωt:  16.96 (2.70 periods), wall: 37.476 minutes, Δt:   1.45, CFL: 7.20e-01
i:  88200, t:  169702.2 s, ωt:  16.97 (2.70 periods), wall: 37.518 minutes, Δt:   1.49, CFL: 7.20e-01
i:  88300, t:  169839.2 s, ωt:  16.98 (2.70 periods), wall: 37.560 minutes, Δt:   1.40, CFL: 7.20e-01
i:  88400, t:  169973.6 s, ωt:  17.00 (2.71 periods), wall: 37.602 minutes, Δt:   1.40, CFL: 7.20e-01
i:  88500, t:  170107.5 s, ωt:  17.01 (2.71 periods), wall: 37.644 minutes, Δt:   1.21, CFL: 7.20e-01
i:  88600, t:  170223.3 s, ωt:  17.02 (2.71 periods), wall: 37.686 minutes, Δt:   1.45, CFL: 7.20e-01
i:  88700, t:  170356.9 s, ωt:  17.04 (2.71 periods), wall: 37.728 minutes, Δt:   1.28, CFL: 7.20e-01
i:  88800, t:  170490.2 s, ωt:  17.05 (2.71 periods), wall: 37.770 minutes, Δt:   1.27, CFL: 7.20e-01
i:  88900, t:  170622.4 s, ωt:  17.06 (2.72 periods), wall: 37.812 minutes, Δt:   1.54, CFL: 7.20e-01
i:  89000, t:  170760.1 s, ωt:  17.08 (2.72 periods), wall: 37.854 minutes, Δt:   1.29, CFL: 7.20e-01
i:  89100, t:  170875.2 s, ωt:  17.09 (2.72 periods), wall: 37.896 minutes, Δt:   1.21, CFL: 7.20e-01
i:  89200, t:  170993.7 s, ωt:  17.10 (2.72 periods), wall: 37.938 minutes, Δt:   1.33, CFL: 7.20e-01
i:  89300, t:  171127.5 s, ωt:  17.11 (2.72 periods), wall: 37.980 minutes, Δt:   1.36, CFL: 7.20e-01
i:  89400, t:  171262.6 s, ωt:  17.13 (2.73 periods), wall: 38.022 minutes, Δt:   1.31, CFL: 7.20e-01
i:  89500, t:  171399.1 s, ωt:  17.14 (2.73 periods), wall: 38.064 minutes, Δt:   1.28, CFL: 7.20e-01
i:  89600, t:  171533.5 s, ωt:  17.15 (2.73 periods), wall: 38.106 minutes, Δt:   1.27, CFL: 7.20e-01
i:  89700, t:  171661.3 s, ωt:  17.17 (2.73 periods), wall: 38.148 minutes, Δt:   1.09, CFL: 7.20e-01
i:  89800, t:  171790.2 s, ωt:  17.18 (2.73 periods), wall: 38.189 minutes, Δt:   1.13, CFL: 7.20e-01
i:  89900, t:  171911.8 s, ωt:  17.19 (2.74 periods), wall: 38.232 minutes, Δt:   1.25, CFL: 7.20e-01
i:  90000, t:  172036.3 s, ωt:  17.20 (2.74 periods), wall: 38.273 minutes, Δt:   1.44, CFL: 7.20e-01
i:  90100, t:  172168.7 s, ωt:  17.22 (2.74 periods), wall: 38.316 minutes, Δt:   1.33, CFL: 7.20e-01
i:  90200, t:  172301.2 s, ωt:  17.23 (2.74 periods), wall: 38.358 minutes, Δt:   1.35, CFL: 7.20e-01
i:  90300, t:  172429.2 s, ωt:  17.24 (2.74 periods), wall: 38.400 minutes, Δt:   1.06, CFL: 7.20e-01
i:  90400, t:  172548.2 s, ωt:  17.25 (2.75 periods), wall: 38.442 minutes, Δt:   1.23, CFL: 7.20e-01
i:  90500, t:  172686.8 s, ωt:  17.27 (2.75 periods), wall: 38.484 minutes, Δt:   1.18, CFL: 7.20e-01
i:  90600, t:  172818.4 s, ωt:  17.28 (2.75 periods), wall: 38.526 minutes, Δt:   1.40, CFL: 7.20e-01
i:  90700, t:  172933.4 s, ωt:  17.29 (2.75 periods), wall: 38.568 minutes, Δt:   1.21, CFL: 7.20e-01
i:  90800, t:  173069.9 s, ωt:  17.31 (2.75 periods), wall: 38.610 minutes, Δt:   1.53, CFL: 7.20e-01
i:  90900, t:  173200.0 s, ωt:  17.32 (2.76 periods), wall: 38.652 minutes, Δt:   1.33, CFL: 7.20e-01
i:  91000, t:  173331.2 s, ωt:  17.33 (2.76 periods), wall: 38.694 minutes, Δt:   1.08, CFL: 7.20e-01
i:  91100, t:  173447.0 s, ωt:  17.34 (2.76 periods), wall: 38.736 minutes, Δt:   1.17, CFL: 7.20e-01
i:  91200, t:  173567.0 s, ωt:  17.36 (2.76 periods), wall: 38.777 minutes, Δt:   1.44, CFL: 7.20e-01
i:  91300, t:  173708.2 s, ωt:  17.37 (2.76 periods), wall: 38.819 minutes, Δt:   1.49, CFL: 7.20e-01
i:  91400, t:  173834.5 s, ωt:  17.38 (2.77 periods), wall: 38.861 minutes, Δt:   1.03, CFL: 7.20e-01
i:  91500, t:  173957.5 s, ωt:  17.40 (2.77 periods), wall: 38.903 minutes, Δt:   1.33, CFL: 7.20e-01
i:  91600, t:  174093.5 s, ωt:  17.41 (2.77 periods), wall: 38.945 minutes, Δt:   1.41, CFL: 7.20e-01
i:  91700, t:  174237.3 s, ωt:  17.42 (2.77 periods), wall: 38.987 minutes, Δt:   1.44, CFL: 7.20e-01
i:  91800, t:  174377.3 s, ωt:  17.44 (2.78 periods), wall: 39.029 minutes, Δt:   1.36, CFL: 7.20e-01
i:  91900, t:  174495.0 s, ωt:  17.45 (2.78 periods), wall: 39.071 minutes, Δt:   1.40, CFL: 7.20e-01
i:  92000, t:  174622.5 s, ωt:  17.46 (2.78 periods), wall: 39.114 minutes, Δt:   1.25, CFL: 7.20e-01
i:  92100, t:  174750.7 s, ωt:  17.48 (2.78 periods), wall: 39.156 minutes, Δt:   1.09, CFL: 7.20e-01
i:  92200, t:  174884.5 s, ωt:  17.49 (2.78 periods), wall: 39.198 minutes, Δt:   1.57, CFL: 7.20e-01
i:  92300, t:  175033.8 s, ωt:  17.50 (2.79 periods), wall: 39.241 minutes, Δt:   1.33, CFL: 7.20e-01
i:  92400, t:  175169.5 s, ωt:  17.52 (2.79 periods), wall: 39.283 minutes, Δt:   1.19, CFL: 7.20e-01
i:  92500, t:  175305.5 s, ωt:  17.53 (2.79 periods), wall: 39.325 minutes, Δt:   1.49, CFL: 7.20e-01
i:  92600, t:  175447.7 s, ωt:  17.54 (2.79 periods), wall: 39.367 minutes, Δt:   1.42, CFL: 7.20e-01
i:  92700, t:  175593.3 s, ωt:  17.56 (2.79 periods), wall: 39.408 minutes, Δt:   1.35, CFL: 7.20e-01
i:  92800, t:  175720.0 s, ωt:  17.57 (2.80 periods), wall: 39.451 minutes, Δt:   1.10, CFL: 7.20e-01
i:  92900, t:  175845.6 s, ωt:  17.58 (2.80 periods), wall: 39.493 minutes, Δt:   1.35, CFL: 7.20e-01
i:  93000, t:  175977.9 s, ωt:  17.60 (2.80 periods), wall: 39.535 minutes, Δt:   1.41, CFL: 7.20e-01
i:  93100, t:  176116.1 s, ωt:  17.61 (2.80 periods), wall: 39.577 minutes, Δt:   1.34, CFL: 7.20e-01
i:  93200, t:  176247.4 s, ωt:  17.62 (2.81 periods), wall: 39.619 minutes, Δt:   1.57, CFL: 7.20e-01
i:  93300, t:  176398.1 s, ωt:  17.64 (2.81 periods), wall: 39.661 minutes, Δt:   1.35, CFL: 7.20e-01
i:  93400, t:  176537.5 s, ωt:  17.65 (2.81 periods), wall: 39.703 minutes, Δt:   1.26, CFL: 7.20e-01
i:  93500, t:  176671.1 s, ωt:  17.67 (2.81 periods), wall: 39.745 minutes, Δt:   1.39, CFL: 7.20e-01
i:  93600, t:  176820.2 s, ωt:  17.68 (2.81 periods), wall: 39.787 minutes, Δt:   1.65, CFL: 7.20e-01
i:  93700, t:  176964.0 s, ωt:  17.70 (2.82 periods), wall: 39.829 minutes, Δt:   1.22, CFL: 7.20e-01
i:  93800, t:  177093.5 s, ωt:  17.71 (2.82 periods), wall: 39.871 minutes, Δt:   1.52, CFL: 7.20e-01
i:  93900, t:  177237.1 s, ωt:  17.72 (2.82 periods), wall: 39.913 minutes, Δt:   1.47, CFL: 7.20e-01
i:  94000, t:  177380.0 s, ωt:  17.74 (2.82 periods), wall: 39.955 minutes, Δt:   1.34, CFL: 7.20e-01
i:  94100, t:  177526.2 s, ωt:  17.75 (2.83 periods), wall: 39.997 minutes, Δt:   1.53, CFL: 7.20e-01
i:  94200, t:  177659.8 s, ωt:  17.77 (2.83 periods), wall: 40.039 minutes, Δt:   1.62, CFL: 7.20e-01
i:  94300, t:  177825.4 s, ωt:  17.78 (2.83 periods), wall: 40.081 minutes, Δt:   1.68, CFL: 7.20e-01
i:  94400, t:  177966.7 s, ωt:  17.80 (2.83 periods), wall: 40.123 minutes, Δt:   1.40, CFL: 7.20e-01
i:  94500, t:  178122.6 s, ωt:  17.81 (2.83 periods), wall: 40.165 minutes, Δt:   1.59, CFL: 7.20e-01
i:  94600, t:  178270.5 s, ωt:  17.83 (2.84 periods), wall: 40.207 minutes, Δt:   1.41, CFL: 7.20e-01
i:  94700, t:  178427.9 s, ωt:  17.84 (2.84 periods), wall: 40.249 minutes, Δt:   1.58, CFL: 7.20e-01
i:  94800, t:  178573.5 s, ωt:  17.86 (2.84 periods), wall: 40.291 minutes, Δt:   1.65, CFL: 7.20e-01
i:  94900, t:  178735.0 s, ωt:  17.87 (2.84 periods), wall: 40.333 minutes, Δt:   1.47, CFL: 7.20e-01
i:  95000, t:  178876.1 s, ωt:  17.89 (2.85 periods), wall: 40.376 minutes, Δt:   1.54, CFL: 7.20e-01
i:  95100, t:  179027.8 s, ωt:  17.90 (2.85 periods), wall: 40.417 minutes, Δt:   1.27, CFL: 7.20e-01
i:  95200, t:  179156.2 s, ωt:  17.92 (2.85 periods), wall: 40.460 minutes, Δt:   1.36, CFL: 7.20e-01
i:  95300, t:  179312.1 s, ωt:  17.93 (2.85 periods), wall: 40.501 minutes, Δt:   1.71, CFL: 7.20e-01
i:  95400, t:  179471.6 s, ωt:  17.95 (2.86 periods), wall: 40.544 minutes, Δt:   1.50, CFL: 7.20e-01
i:  95500, t:  179634.5 s, ωt:  17.96 (2.86 periods), wall: 40.586 minutes, Δt:   1.41, CFL: 7.20e-01
i:  95600, t:  179771.7 s, ωt:  17.98 (2.86 periods), wall: 40.628 minutes, Δt:   1.52, CFL: 7.20e-01
i:  95700, t:  179933.5 s, ωt:  17.99 (2.86 periods), wall: 40.670 minutes, Δt:   1.78, CFL: 7.20e-01
i:  95800, t:  180099.7 s, ωt:  18.01 (2.87 periods), wall: 40.712 minutes, Δt:   1.92, CFL: 7.06e-01
i:  95900, t:  180269.2 s, ωt:  18.03 (2.87 periods), wall: 40.754 minutes, Δt:   1.70, CFL: 7.20e-01
i:  96000, t:  180453.2 s, ωt:  18.05 (2.87 periods), wall: 40.796 minutes, Δt:   1.93, CFL: 7.20e-01
i:  96100, t:  180628.0 s, ωt:  18.06 (2.87 periods), wall: 40.837 minutes, Δt:   1.90, CFL: 7.20e-01
i:  96200, t:  180783.6 s, ωt:  18.08 (2.88 periods), wall: 40.880 minutes, Δt:   1.45, CFL: 7.20e-01
i:  96300, t:  180961.5 s, ωt:  18.10 (2.88 periods), wall: 40.922 minutes, Δt:   1.80, CFL: 7.20e-01
i:  96400, t:  181131.5 s, ωt:  18.11 (2.88 periods), wall: 40.964 minutes, Δt:   1.78, CFL: 7.20e-01
i:  96500, t:  181311.9 s, ωt:  18.13 (2.89 periods), wall: 41.006 minutes, Δt:   1.79, CFL: 7.20e-01
i:  96600, t:  181487.2 s, ωt:  18.15 (2.89 periods), wall: 41.047 minutes, Δt:   1.98, CFL: 7.20e-01
i:  96700, t:  181661.9 s, ωt:  18.17 (2.89 periods), wall: 41.090 minutes, Δt:   1.90, CFL: 7.20e-01
i:  96800, t:  181854.7 s, ωt:  18.19 (2.89 periods), wall: 41.132 minutes, Δt:   1.64, CFL: 7.20e-01
i:  96900, t:  182026.7 s, ωt:  18.20 (2.90 periods), wall: 41.174 minutes, Δt:   2.13, CFL: 7.20e-01
i:  97000, t:  182246.7 s, ωt:  18.22 (2.90 periods), wall: 41.216 minutes, Δt:   2.53, CFL: 7.20e-01
i:  97100, t:  182474.1 s, ωt:  18.25 (2.90 periods), wall: 41.258 minutes, Δt:   2.22, CFL: 7.20e-01
i:  97200, t:  182701.0 s, ωt:  18.27 (2.91 periods), wall: 41.300 minutes, Δt:   2.15, CFL: 7.20e-01
i:  97300, t:  182909.2 s, ωt:  18.29 (2.91 periods), wall: 41.342 minutes, Δt:   2.56, CFL: 7.20e-01
i:  97400, t:  183154.9 s, ωt:  18.32 (2.92 periods), wall: 41.384 minutes, Δt:   2.32, CFL: 7.20e-01
i:  97500, t:  183369.3 s, ωt:  18.34 (2.92 periods), wall: 41.427 minutes, Δt:   2.42, CFL: 7.20e-01
i:  97600, t:  183607.7 s, ωt:  18.36 (2.92 periods), wall: 41.469 minutes, Δt:   2.46, CFL: 7.20e-01
i:  97700, t:  183873.3 s, ωt:  18.39 (2.93 periods), wall: 41.511 minutes, Δt:   3.08, CFL: 7.20e-01
i:  97800, t:  184135.5 s, ωt:  18.41 (2.93 periods), wall: 41.553 minutes, Δt:   2.63, CFL: 7.20e-01
i:  97900, t:  184387.6 s, ωt:  18.44 (2.93 periods), wall: 41.595 minutes, Δt:   2.92, CFL: 7.20e-01
i:  98000, t:  184652.3 s, ωt:  18.47 (2.94 periods), wall: 41.637 minutes, Δt:   2.91, CFL: 7.20e-01
i:  98100, t:  184897.0 s, ωt:  18.49 (2.94 periods), wall: 41.679 minutes, Δt:   2.46, CFL: 7.20e-01
i:  98200, t:  185177.0 s, ωt:  18.52 (2.95 periods), wall: 41.721 minutes, Δt:   2.99, CFL: 7.20e-01
i:  98300, t:  185528.8 s, ωt:  18.55 (2.95 periods), wall: 41.763 minutes, Δt:   3.75, CFL: 7.20e-01
i:  98400, t:  185858.5 s, ωt:  18.59 (2.96 periods), wall: 41.805 minutes, Δt:   3.29, CFL: 7.20e-01
i:  98500, t:  186170.3 s, ωt:  18.62 (2.96 periods), wall: 41.847 minutes, Δt:   3.56, CFL: 7.20e-01
i:  98600, t:  186500.2 s, ωt:  18.65 (2.97 periods), wall: 41.890 minutes, Δt:   3.99, CFL: 7.20e-01
i:  98700, t:  186873.2 s, ωt:  18.69 (2.97 periods), wall: 41.932 minutes, Δt:   2.87, CFL: 7.20e-01
i:  98800, t:  187230.9 s, ωt:  18.72 (2.98 periods), wall: 41.974 minutes, Δt:   3.51, CFL: 7.20e-01
i:  98900, t:  187689.2 s, ωt:  18.77 (2.99 periods), wall: 42.016 minutes, Δt:   5.35, CFL: 7.20e-01
i:  99000, t:  188230.9 s, ωt:  18.82 (3.00 periods), wall: 42.058 minutes, Δt:   5.57, CFL: 7.20e-01
i:  99100, t:  188795.4 s, ωt:  18.88 (3.00 periods), wall: 42.122 minutes, Δt:   5.93, CFL: 7.20e-01
i:  99200, t:  189291.8 s, ωt:  18.93 (3.01 periods), wall: 42.165 minutes, Δt:   4.46, CFL: 6.82e-01
i:  99300, t:  189796.1 s, ωt:  18.98 (3.02 periods), wall: 42.207 minutes, Δt:   5.29, CFL: 7.20e-01
i:  99400, t:  190313.4 s, ωt:  19.03 (3.03 periods), wall: 42.249 minutes, Δt:   5.27, CFL: 7.20e-01
i:  99500, t:  190785.0 s, ωt:  19.08 (3.04 periods), wall: 42.292 minutes, Δt:   4.86, CFL: 7.20e-01
i:  99600, t:  191240.0 s, ωt:  19.12 (3.04 periods), wall: 42.334 minutes, Δt:   4.29, CFL: 7.20e-01
i:  99700, t:  191692.8 s, ωt:  19.17 (3.05 periods), wall: 42.376 minutes, Δt:   4.42, CFL: 7.20e-01
i:  99800, t:  192104.5 s, ωt:  19.21 (3.06 periods), wall: 42.418 minutes, Δt:   3.91, CFL: 7.20e-01
i:  99900, t:  192427.5 s, ωt:  19.24 (3.06 periods), wall: 42.460 minutes, Δt:   3.10, CFL: 7.20e-01
i: 100000, t:  192738.3 s, ωt:  19.27 (3.07 periods), wall: 42.502 minutes, Δt:   2.70, CFL: 7.20e-01
i: 100100, t:  193018.0 s, ωt:  19.30 (3.07 periods), wall: 42.545 minutes, Δt:   2.74, CFL: 7.20e-01
i: 100200, t:  193314.7 s, ωt:  19.33 (3.08 periods), wall: 42.587 minutes, Δt:   2.65, CFL: 7.20e-01
i: 100300, t:  193590.8 s, ωt:  19.36 (3.08 periods), wall: 42.629 minutes, Δt:   2.94, CFL: 7.20e-01
i: 100400, t:  193864.2 s, ωt:  19.39 (3.09 periods), wall: 42.671 minutes, Δt:   2.41, CFL: 7.20e-01
i: 100500, t:  194111.3 s, ωt:  19.41 (3.09 periods), wall: 42.713 minutes, Δt:   2.57, CFL: 7.20e-01
i: 100600, t:  194347.6 s, ωt:  19.43 (3.09 periods), wall: 42.754 minutes, Δt:   2.18, CFL: 7.20e-01
i: 100700, t:  194583.9 s, ωt:  19.46 (3.10 periods), wall: 42.797 minutes, Δt:   2.19, CFL: 7.20e-01
i: 100800, t:  194821.6 s, ωt:  19.48 (3.10 periods), wall: 42.839 minutes, Δt:   2.32, CFL: 7.20e-01
i: 100900, t:  195022.5 s, ωt:  19.50 (3.10 periods), wall: 42.881 minutes, Δt:   1.78, CFL: 7.20e-01
i: 101000, t:  195216.9 s, ωt:  19.52 (3.11 periods), wall: 42.923 minutes, Δt:   2.22, CFL: 7.20e-01
i: 101100, t:  195435.0 s, ωt:  19.54 (3.11 periods), wall: 42.965 minutes, Δt:   1.89, CFL: 7.20e-01
i: 101200, t:  195617.1 s, ωt:  19.56 (3.11 periods), wall: 43.007 minutes, Δt:   1.95, CFL: 7.20e-01
i: 101300, t:  195801.9 s, ωt:  19.58 (3.12 periods), wall: 43.049 minutes, Δt:   2.12, CFL: 7.20e-01
i: 101400, t:  196000.6 s, ωt:  19.60 (3.12 periods), wall: 43.090 minutes, Δt:   2.08, CFL: 7.20e-01
i: 101500, t:  196195.7 s, ωt:  19.62 (3.12 periods), wall: 43.133 minutes, Δt:   1.99, CFL: 7.20e-01
i: 101600, t:  196387.7 s, ωt:  19.64 (3.13 periods), wall: 43.175 minutes, Δt:   2.00, CFL: 7.20e-01
i: 101700, t:  196570.0 s, ωt:  19.66 (3.13 periods), wall: 43.217 minutes, Δt:   1.65, CFL: 7.20e-01
i: 101800, t:  196741.0 s, ωt:  19.67 (3.13 periods), wall: 43.259 minutes, Δt:   1.68, CFL: 7.20e-01
i: 101900, t:  196917.8 s, ωt:  19.69 (3.13 periods), wall: 43.301 minutes, Δt:   1.83, CFL: 7.20e-01
i: 102000, t:  197091.9 s, ωt:  19.71 (3.14 periods), wall: 43.343 minutes, Δt:   1.78, CFL: 7.20e-01
i: 102100, t:  197257.2 s, ωt:  19.73 (3.14 periods), wall: 43.385 minutes, Δt:   1.89, CFL: 7.20e-01
i: 102200, t:  197437.8 s, ωt:  19.74 (3.14 periods), wall: 43.427 minutes, Δt:   1.70, CFL: 7.20e-01
i: 102300, t:  197608.0 s, ωt:  19.76 (3.15 periods), wall: 43.469 minutes, Δt:   1.96, CFL: 7.20e-01
i: 102400, t:  197781.3 s, ωt:  19.78 (3.15 periods), wall: 43.511 minutes, Δt:   1.71, CFL: 7.20e-01
i: 102500, t:  197943.1 s, ωt:  19.79 (3.15 periods), wall: 43.553 minutes, Δt:   1.60, CFL: 7.20e-01
i: 102600, t:  198105.6 s, ωt:  19.81 (3.15 periods), wall: 43.595 minutes, Δt:   1.60, CFL: 7.20e-01
i: 102700, t:  198273.6 s, ωt:  19.83 (3.16 periods), wall: 43.637 minutes, Δt:   1.92, CFL: 7.20e-01
i: 102800, t:  198441.8 s, ωt:  19.84 (3.16 periods), wall: 43.679 minutes, Δt:   1.59, CFL: 7.20e-01
i: 102900, t:  198594.9 s, ωt:  19.86 (3.16 periods), wall: 43.721 minutes, Δt:   1.62, CFL: 7.20e-01
i: 103000, t:  198743.9 s, ωt:  19.87 (3.16 periods), wall: 43.763 minutes, Δt:   1.28, CFL: 7.20e-01
i: 103100, t:  198891.7 s, ωt:  19.89 (3.17 periods), wall: 43.805 minutes, Δt:   1.46, CFL: 7.20e-01
i: 103200, t:  199042.5 s, ωt:  19.90 (3.17 periods), wall: 43.847 minutes, Δt:   1.41, CFL: 7.20e-01
i: 103300, t:  199194.6 s, ωt:  19.92 (3.17 periods), wall: 43.889 minutes, Δt:   1.40, CFL: 7.20e-01
i: 103400, t:  199337.6 s, ωt:  19.93 (3.17 periods), wall: 43.931 minutes, Δt:   1.50, CFL: 7.20e-01
i: 103500, t:  199484.3 s, ωt:  19.95 (3.17 periods), wall: 43.973 minutes, Δt:   1.43, CFL: 7.20e-01
i: 103600, t:  199637.4 s, ωt:  19.96 (3.18 periods), wall: 44.015 minutes, Δt:   1.62, CFL: 7.20e-01
i: 103700, t:  199781.3 s, ωt:  19.98 (3.18 periods), wall: 44.057 minutes, Δt:   1.46, CFL: 7.20e-01
i: 103800, t:  199931.5 s, ωt:  19.99 (3.18 periods), wall: 44.099 minutes, Δt:   1.24, CFL: 7.20e-01
i: 103900, t:  200078.1 s, ωt:  20.01 (3.18 periods), wall: 44.141 minutes, Δt:   1.44, CFL: 7.20e-01
i: 104000, t:  200221.0 s, ωt:  20.02 (3.19 periods), wall: 44.183 minutes, Δt:   1.43, CFL: 7.20e-01
i: 104100, t:  200365.8 s, ωt:  20.04 (3.19 periods), wall: 44.225 minutes, Δt:   1.31, CFL: 7.20e-01
i: 104200, t:  200490.2 s, ωt:  20.05 (3.19 periods), wall: 44.267 minutes, Δt:   1.34, CFL: 7.20e-01
i: 104300, t:  200626.3 s, ωt:  20.06 (3.19 periods), wall: 44.309 minutes, Δt:   1.44, CFL: 7.20e-01
i: 104400, t:  200757.1 s, ωt:  20.08 (3.20 periods), wall: 44.351 minutes, Δt:   1.11, CFL: 7.20e-01
i: 104500, t:  200887.0 s, ωt:  20.09 (3.20 periods), wall: 44.393 minutes, Δt:   1.15, CFL: 7.20e-01
i: 104600, t:  201026.2 s, ωt:  20.10 (3.20 periods), wall: 44.435 minutes, Δt:   1.59, CFL: 7.20e-01
i: 104700, t:  201182.3 s, ωt:  20.12 (3.20 periods), wall: 44.478 minutes, Δt:   1.48, CFL: 7.20e-01
i: 104800, t:  201330.8 s, ωt:  20.13 (3.20 periods), wall: 44.520 minutes, Δt:   1.39, CFL: 7.20e-01
i: 104900, t:  201477.5 s, ωt:  20.15 (3.21 periods), wall: 44.562 minutes, Δt:   1.32, CFL: 7.20e-01
i: 105000, t:  201609.0 s, ωt:  20.16 (3.21 periods), wall: 44.604 minutes, Δt:   1.21, CFL: 7.20e-01
i: 105100, t:  201741.5 s, ωt:  20.17 (3.21 periods), wall: 44.646 minutes, Δt:   1.48, CFL: 7.20e-01
i: 105200, t:  201874.0 s, ωt:  20.19 (3.21 periods), wall: 44.688 minutes, Δt:   1.10, CFL: 7.20e-01
i: 105300, t:  201999.2 s, ωt:  20.20 (3.21 periods), wall: 44.730 minutes, Δt:   1.39, CFL: 7.20e-01
i: 105400, t:  202141.2 s, ωt:  20.21 (3.22 periods), wall: 44.772 minutes, Δt:   1.38, CFL: 7.20e-01
i: 105500, t:  202280.4 s, ωt:  20.23 (3.22 periods), wall: 44.814 minutes, Δt:   1.43, CFL: 7.20e-01
i: 105600, t:  202409.5 s, ωt:  20.24 (3.22 periods), wall: 44.857 minutes, Δt:   1.13, CFL: 7.20e-01
i: 105700, t:  202538.3 s, ωt:  20.25 (3.22 periods), wall: 44.898 minutes, Δt:   1.43, CFL: 7.20e-01
i: 105800, t:  202680.6 s, ωt:  20.27 (3.23 periods), wall: 44.940 minutes, Δt:   1.25, CFL: 7.20e-01
i: 105900, t:  202806.5 s, ωt:  20.28 (3.23 periods), wall: 44.982 minutes, Δt:   1.14, CFL: 7.20e-01
i: 106000, t:  202936.9 s, ωt:  20.29 (3.23 periods), wall: 45.024 minutes, Δt:   1.24, CFL: 7.20e-01
i: 106100, t:  203072.8 s, ωt:  20.31 (3.23 periods), wall: 45.066 minutes, Δt:   1.43, CFL: 7.20e-01
i: 106200, t:  203223.9 s, ωt:  20.32 (3.23 periods), wall: 45.108 minutes, Δt:   1.29, CFL: 7.20e-01
i: 106300, t:  203362.9 s, ωt:  20.34 (3.24 periods), wall: 45.150 minutes, Δt:   1.25, CFL: 7.20e-01
i: 106400, t:  203510.4 s, ωt:  20.35 (3.24 periods), wall: 45.192 minutes, Δt:   1.56, CFL: 7.20e-01
i: 106500, t:  203657.6 s, ωt:  20.37 (3.24 periods), wall: 45.234 minutes, Δt:   1.50, CFL: 7.20e-01
i: 106600, t:  203804.9 s, ωt:  20.38 (3.24 periods), wall: 45.276 minutes, Δt:   1.42, CFL: 7.20e-01
i: 106700, t:  203942.9 s, ωt:  20.39 (3.25 periods), wall: 45.318 minutes, Δt:   1.44, CFL: 7.20e-01
i: 106800, t:  204088.0 s, ωt:  20.41 (3.25 periods), wall: 45.360 minutes, Δt:   1.35, CFL: 7.20e-01
i: 106900, t:  204230.4 s, ωt:  20.42 (3.25 periods), wall: 45.402 minutes, Δt:   1.32, CFL: 7.20e-01
i: 107000, t:  204370.3 s, ωt:  20.44 (3.25 periods), wall: 45.444 minutes, Δt:   1.50, CFL: 7.20e-01
i: 107100, t:  204507.1 s, ωt:  20.45 (3.25 periods), wall: 45.486 minutes, Δt:   1.28, CFL: 7.20e-01
i: 107200, t:  204645.5 s, ωt:  20.46 (3.26 periods), wall: 45.528 minutes, Δt:   1.24, CFL: 7.20e-01
i: 107300, t:  204782.1 s, ωt:  20.48 (3.26 periods), wall: 45.570 minutes, Δt:   1.41, CFL: 7.20e-01
i: 107400, t:  204926.7 s, ωt:  20.49 (3.26 periods), wall: 45.612 minutes, Δt:   1.40, CFL: 7.20e-01
i: 107500, t:  205067.8 s, ωt:  20.51 (3.26 periods), wall: 45.654 minutes, Δt:   1.46, CFL: 7.20e-01
i: 107600, t:  205198.3 s, ωt:  20.52 (3.27 periods), wall: 45.696 minutes, Δt:   1.21, CFL: 7.20e-01
i: 107700, t:  205326.9 s, ωt:  20.53 (3.27 periods), wall: 45.738 minutes, Δt:   1.41, CFL: 7.20e-01
i: 107800, t:  205463.7 s, ωt:  20.55 (3.27 periods), wall: 45.780 minutes, Δt:   1.24, CFL: 7.20e-01
i: 107900, t:  205583.5 s, ωt:  20.56 (3.27 periods), wall: 45.821 minutes, Δt:   1.13, CFL: 7.20e-01
i: 108000, t:  205705.1 s, ωt:  20.57 (3.27 periods), wall: 45.863 minutes, Δt:   1.27, CFL: 7.20e-01
i: 108100, t:  205838.8 s, ωt:  20.58 (3.28 periods), wall: 45.905 minutes, Δt:   1.23, CFL: 7.20e-01
i: 108200, t:  205962.1 s, ωt:  20.60 (3.28 periods), wall: 45.947 minutes, Δt:   1.38, CFL: 7.20e-01
i: 108300, t:  206097.5 s, ωt:  20.61 (3.28 periods), wall: 45.990 minutes, Δt:   1.41, CFL: 7.20e-01
i: 108400, t:  206233.3 s, ωt:  20.62 (3.28 periods), wall: 46.032 minutes, Δt:   1.39, CFL: 7.20e-01
i: 108500, t:  206369.3 s, ωt:  20.64 (3.28 periods), wall: 46.073 minutes, Δt:   1.53, CFL: 7.20e-01
i: 108600, t:  206522.1 s, ωt:  20.65 (3.29 periods), wall: 46.116 minutes, Δt:   1.57, CFL: 7.20e-01
i: 108700, t:  206664.2 s, ωt:  20.67 (3.29 periods), wall: 46.157 minutes, Δt:   1.33, CFL: 7.20e-01
i: 108800, t:  206810.6 s, ωt:  20.68 (3.29 periods), wall: 46.200 minutes, Δt:   1.50, CFL: 7.20e-01
i: 108900, t:  206952.2 s, ωt:  20.70 (3.29 periods), wall: 46.242 minutes, Δt:   1.19, CFL: 7.20e-01
i: 109000, t:  207095.6 s, ωt:  20.71 (3.30 periods), wall: 46.284 minutes, Δt:   1.33, CFL: 7.20e-01
i: 109100, t:  207234.7 s, ωt:  20.72 (3.30 periods), wall: 46.325 minutes, Δt:   1.42, CFL: 7.20e-01
i: 109200, t:  207369.9 s, ωt:  20.74 (3.30 periods), wall: 46.368 minutes, Δt:   1.10, CFL: 7.20e-01
i: 109300, t:  207488.8 s, ωt:  20.75 (3.30 periods), wall: 46.409 minutes, Δt:   1.29, CFL: 7.20e-01
i: 109400, t:  207622.5 s, ωt:  20.76 (3.30 periods), wall: 46.451 minutes, Δt:   1.24, CFL: 7.20e-01
i: 109500, t:  207767.8 s, ωt:  20.78 (3.31 periods), wall: 46.494 minutes, Δt:   1.47, CFL: 7.20e-01
i: 109600, t:  207904.6 s, ωt:  20.79 (3.31 periods), wall: 46.535 minutes, Δt:   1.35, CFL: 7.20e-01
i: 109700, t:  208051.2 s, ωt:  20.81 (3.31 periods), wall: 46.577 minutes, Δt:   1.40, CFL: 7.20e-01
i: 109800, t:  208198.7 s, ωt:  20.82 (3.31 periods), wall: 46.619 minutes, Δt:   1.34, CFL: 7.20e-01
i: 109900, t:  208339.9 s, ωt:  20.83 (3.32 periods), wall: 46.662 minutes, Δt:   1.57, CFL: 7.20e-01
i: 110000, t:  208489.9 s, ωt:  20.85 (3.32 periods), wall: 46.704 minutes, Δt:   1.44, CFL: 7.20e-01
i: 110100, t:  208639.6 s, ωt:  20.86 (3.32 periods), wall: 46.746 minutes, Δt:   1.47, CFL: 7.20e-01
i: 110200, t:  208781.2 s, ωt:  20.88 (3.32 periods), wall: 46.788 minutes, Δt:   1.38, CFL: 7.20e-01
i: 110300, t:  208936.1 s, ωt:  20.89 (3.33 periods), wall: 46.830 minutes, Δt:   1.33, CFL: 7.20e-01
i: 110400, t:  209078.0 s, ωt:  20.91 (3.33 periods), wall: 46.872 minutes, Δt:   1.44, CFL: 7.20e-01
i: 110500, t:  209222.2 s, ωt:  20.92 (3.33 periods), wall: 46.914 minutes, Δt:   1.64, CFL: 7.20e-01
i: 110600, t:  209393.1 s, ωt:  20.94 (3.33 periods), wall: 46.956 minutes, Δt:   1.63, CFL: 7.20e-01
i: 110700, t:  209551.2 s, ωt:  20.96 (3.34 periods), wall: 46.998 minutes, Δt:   1.61, CFL: 7.20e-01
i: 110800, t:  209705.4 s, ωt:  20.97 (3.34 periods), wall: 47.040 minutes, Δt:   1.38, CFL: 7.20e-01
i: 110900, t:  209860.1 s, ωt:  20.99 (3.34 periods), wall: 47.082 minutes, Δt:   1.74, CFL: 7.20e-01
i: 111000, t:  210029.5 s, ωt:  21.00 (3.34 periods), wall: 47.124 minutes, Δt:   1.65, CFL: 7.20e-01
i: 111100, t:  210195.1 s, ωt:  21.02 (3.35 periods), wall: 47.167 minutes, Δt:   1.85, CFL: 7.20e-01
i: 111200, t:  210359.4 s, ωt:  21.04 (3.35 periods), wall: 47.209 minutes, Δt:   1.60, CFL: 7.20e-01
i: 111300, t:  210517.2 s, ωt:  21.05 (3.35 periods), wall: 47.251 minutes, Δt:   1.49, CFL: 7.20e-01
i: 111400, t:  210675.8 s, ωt:  21.07 (3.35 periods), wall: 47.293 minutes, Δt:   1.72, CFL: 7.20e-01
i: 111500, t:  210828.5 s, ωt:  21.08 (3.36 periods), wall: 47.335 minutes, Δt:   1.65, CFL: 7.20e-01
i: 111600, t:  211002.0 s, ωt:  21.10 (3.36 periods), wall: 47.377 minutes, Δt:   1.85, CFL: 7.20e-01
i: 111700, t:  211184.0 s, ωt:  21.12 (3.36 periods), wall: 47.419 minutes, Δt:   1.81, CFL: 7.20e-01
i: 111800, t:  211368.7 s, ωt:  21.14 (3.36 periods), wall: 47.460 minutes, Δt:   1.73, CFL: 7.20e-01
i: 111900, t:  211560.3 s, ωt:  21.16 (3.37 periods), wall: 47.503 minutes, Δt:   1.88, CFL: 7.20e-01
i: 112000, t:  211746.9 s, ωt:  21.17 (3.37 periods), wall: 47.545 minutes, Δt:   1.96, CFL: 7.20e-01
i: 112100, t:  211926.2 s, ωt:  21.19 (3.37 periods), wall: 47.587 minutes, Δt:   1.66, CFL: 7.20e-01
i: 112200, t:  212099.0 s, ωt:  21.21 (3.38 periods), wall: 47.629 minutes, Δt:   1.48, CFL: 7.20e-01
i: 112300, t:  212285.8 s, ωt:  21.23 (3.38 periods), wall: 47.671 minutes, Δt:   2.01, CFL: 7.20e-01
i: 112400, t:  212469.1 s, ωt:  21.25 (3.38 periods), wall: 47.713 minutes, Δt:   1.68, CFL: 7.20e-01
i: 112500, t:  212649.3 s, ωt:  21.26 (3.38 periods), wall: 47.755 minutes, Δt:   1.57, CFL: 7.20e-01
i: 112600, t:  212799.2 s, ωt:  21.28 (3.39 periods), wall: 47.797 minutes, Δt:   1.71, CFL: 7.20e-01
i: 112700, t:  212967.9 s, ωt:  21.30 (3.39 periods), wall: 47.839 minutes, Δt:   1.83, CFL: 7.20e-01
i: 112800, t:  213160.0 s, ωt:  21.32 (3.39 periods), wall: 47.881 minutes, Δt:   1.95, CFL: 7.20e-01
i: 112900, t:  213353.4 s, ωt:  21.34 (3.40 periods), wall: 47.923 minutes, Δt:   2.10, CFL: 7.20e-01
i: 113000, t:  213561.3 s, ωt:  21.36 (3.40 periods), wall: 47.965 minutes, Δt:   2.41, CFL: 7.20e-01
i: 113100, t:  213762.3 s, ωt:  21.38 (3.40 periods), wall: 48.007 minutes, Δt:   1.91, CFL: 7.20e-01
i: 113200, t:  213984.4 s, ωt:  21.40 (3.41 periods), wall: 48.049 minutes, Δt:   2.33, CFL: 7.20e-01
i: 113300, t:  214224.2 s, ωt:  21.42 (3.41 periods), wall: 48.091 minutes, Δt:   2.49, CFL: 7.20e-01
i: 113400, t:  214478.5 s, ωt:  21.45 (3.41 periods), wall: 48.133 minutes, Δt:   2.49, CFL: 7.20e-01
i: 113500, t:  214720.8 s, ωt:  21.47 (3.42 periods), wall: 48.175 minutes, Δt:   2.31, CFL: 7.20e-01
i: 113600, t:  214921.0 s, ωt:  21.49 (3.42 periods), wall: 48.217 minutes, Δt:   2.12, CFL: 7.20e-01
i: 113700, t:  215190.6 s, ωt:  21.52 (3.42 periods), wall: 48.259 minutes, Δt:   2.82, CFL: 7.20e-01
i: 113800, t:  215443.0 s, ωt:  21.54 (3.43 periods), wall: 48.301 minutes, Δt:   2.65, CFL: 7.20e-01
i: 113900, t:  215698.9 s, ωt:  21.57 (3.43 periods), wall: 48.344 minutes, Δt:   2.87, CFL: 7.20e-01
i: 114000, t:  215989.6 s, ωt:  21.60 (3.44 periods), wall: 48.386 minutes, Δt:   3.32, CFL: 7.20e-01
i: 114100, t:  216327.3 s, ωt:  21.63 (3.44 periods), wall: 48.428 minutes, Δt:   2.88, CFL: 7.20e-01
i: 114200, t:  216664.7 s, ωt:  21.67 (3.45 periods), wall: 48.471 minutes, Δt:   3.45, CFL: 7.20e-01
i: 114300, t:  217000.9 s, ωt:  21.70 (3.45 periods), wall: 48.513 minutes, Δt:   2.98, CFL: 7.20e-01
i: 114400, t:  217318.1 s, ωt:  21.73 (3.46 periods), wall: 48.555 minutes, Δt:   3.23, CFL: 7.20e-01
i: 114500, t:  217636.1 s, ωt:  21.76 (3.46 periods), wall: 48.597 minutes, Δt:   2.55, CFL: 7.20e-01
i: 114600, t:  217944.7 s, ωt:  21.79 (3.47 periods), wall: 48.639 minutes, Δt:   3.57, CFL: 7.20e-01
i: 114700, t:  218338.8 s, ωt:  21.83 (3.47 periods), wall: 48.682 minutes, Δt:   4.56, CFL: 7.20e-01
i: 114800, t:  218768.8 s, ωt:  21.88 (3.48 periods), wall: 48.724 minutes, Δt:   4.21, CFL: 6.28e-01
i: 114900, t:  219243.7 s, ωt:  21.92 (3.49 periods), wall: 48.766 minutes, Δt:   6.15, CFL: 7.20e-01
i: 115000, t:  219798.5 s, ωt:  21.98 (3.50 periods), wall: 48.809 minutes, Δt:   5.73, CFL: 7.20e-01
i: 115100, t:  220288.8 s, ωt:  22.03 (3.51 periods), wall: 48.872 minutes, Δt:   3.74, CFL: 7.20e-01
i: 115200, t:  220652.1 s, ωt:  22.07 (3.51 periods), wall: 48.914 minutes, Δt:   4.40, CFL: 7.20e-01
i: 115300, t:  221086.1 s, ωt:  22.11 (3.52 periods), wall: 48.956 minutes, Δt:   3.83, CFL: 7.20e-01
i: 115400, t:  221486.1 s, ωt:  22.15 (3.53 periods), wall: 48.999 minutes, Δt:   3.74, CFL: 7.20e-01
i: 115500, t:  221859.1 s, ωt:  22.19 (3.53 periods), wall: 49.040 minutes, Δt:   3.88, CFL: 7.20e-01
i: 115600, t:  222280.2 s, ωt:  22.23 (3.54 periods), wall: 49.082 minutes, Δt:   4.41, CFL: 7.20e-01
i: 115700, t:  222691.6 s, ωt:  22.27 (3.54 periods), wall: 49.124 minutes, Δt:   4.16, CFL: 7.20e-01
i: 115800, t:  223060.2 s, ωt:  22.31 (3.55 periods), wall: 49.167 minutes, Δt:   3.36, CFL: 7.20e-01
i: 115900, t:  223415.4 s, ωt:  22.34 (3.56 periods), wall: 49.209 minutes, Δt:   3.67, CFL: 7.20e-01
i: 116000, t:  223748.3 s, ωt:  22.37 (3.56 periods), wall: 49.251 minutes, Δt:   2.77, CFL: 7.20e-01
i: 116100, t:  224009.4 s, ωt:  22.40 (3.57 periods), wall: 49.292 minutes, Δt:   3.16, CFL: 7.20e-01
i: 116200, t:  224322.4 s, ωt:  22.43 (3.57 periods), wall: 49.335 minutes, Δt:   2.95, CFL: 7.20e-01
i: 116300, t:  224610.9 s, ωt:  22.46 (3.57 periods), wall: 49.376 minutes, Δt:   2.53, CFL: 7.20e-01
i: 116400, t:  224872.8 s, ωt:  22.49 (3.58 periods), wall: 49.418 minutes, Δt:   2.83, CFL: 7.20e-01
i: 116500, t:  225129.5 s, ωt:  22.51 (3.58 periods), wall: 49.460 minutes, Δt:   2.46, CFL: 7.20e-01
i: 116600, t:  225365.3 s, ωt:  22.54 (3.59 periods), wall: 49.502 minutes, Δt:   2.35, CFL: 7.20e-01
i: 116700, t:  225589.1 s, ωt:  22.56 (3.59 periods), wall: 49.544 minutes, Δt:   1.92, CFL: 7.20e-01
i: 116800, t:  225800.3 s, ωt:  22.58 (3.59 periods), wall: 49.586 minutes, Δt:   2.09, CFL: 7.20e-01
i: 116900, t:  226007.1 s, ωt:  22.60 (3.60 periods), wall: 49.628 minutes, Δt:   2.34, CFL: 7.20e-01
i: 117000, t:  226226.6 s, ωt:  22.62 (3.60 periods), wall: 49.670 minutes, Δt:   1.95, CFL: 7.20e-01
i: 117100, t:  226439.1 s, ωt:  22.64 (3.60 periods), wall: 49.712 minutes, Δt:   2.29, CFL: 7.20e-01
i: 117200, t:  226650.6 s, ωt:  22.67 (3.61 periods), wall: 49.754 minutes, Δt:   1.91, CFL: 7.20e-01
i: 117300, t:  226836.7 s, ωt:  22.68 (3.61 periods), wall: 49.796 minutes, Δt:   1.80, CFL: 7.20e-01
i: 117400, t:  227031.1 s, ωt:  22.70 (3.61 periods), wall: 49.838 minutes, Δt:   1.69, CFL: 7.20e-01
i: 117500, t:  227220.9 s, ωt:  22.72 (3.62 periods), wall: 49.880 minutes, Δt:   1.99, CFL: 7.20e-01
i: 117600, t:  227398.4 s, ωt:  22.74 (3.62 periods), wall: 49.922 minutes, Δt:   1.79, CFL: 7.20e-01
i: 117700, t:  227575.7 s, ωt:  22.76 (3.62 periods), wall: 49.964 minutes, Δt:   1.84, CFL: 7.20e-01
i: 117800, t:  227756.1 s, ωt:  22.78 (3.62 periods), wall: 50.006 minutes, Δt:   1.88, CFL: 7.20e-01
i: 117900, t:  227922.5 s, ωt:  22.79 (3.63 periods), wall: 50.048 minutes, Δt:   1.83, CFL: 7.20e-01
i: 118000, t:  228092.5 s, ωt:  22.81 (3.63 periods), wall: 50.090 minutes, Δt:   1.84, CFL: 7.20e-01
i: 118100, t:  228254.8 s, ωt:  22.83 (3.63 periods), wall: 50.132 minutes, Δt:   1.52, CFL: 7.20e-01
i: 118200, t:  228410.5 s, ωt:  22.84 (3.64 periods), wall: 50.174 minutes, Δt:   1.72, CFL: 7.20e-01
i: 118300, t:  228577.6 s, ωt:  22.86 (3.64 periods), wall: 50.216 minutes, Δt:   1.43, CFL: 7.20e-01
i: 118400, t:  228734.7 s, ωt:  22.87 (3.64 periods), wall: 50.257 minutes, Δt:   1.69, CFL: 7.20e-01
i: 118500, t:  228890.6 s, ωt:  22.89 (3.64 periods), wall: 50.299 minutes, Δt:   1.52, CFL: 7.20e-01
i: 118600, t:  229050.8 s, ωt:  22.91 (3.65 periods), wall: 50.341 minutes, Δt:   1.59, CFL: 7.20e-01
i: 118700, t:  229207.0 s, ωt:  22.92 (3.65 periods), wall: 50.383 minutes, Δt:   1.54, CFL: 7.20e-01
i: 118800, t:  229360.2 s, ωt:  22.94 (3.65 periods), wall: 50.425 minutes, Δt:   1.52, CFL: 7.20e-01
i: 118900, t:  229513.4 s, ωt:  22.95 (3.65 periods), wall: 50.467 minutes, Δt:   1.55, CFL: 7.20e-01
i: 119000, t:  229661.5 s, ωt:  22.97 (3.66 periods), wall: 50.509 minutes, Δt:   1.59, CFL: 7.20e-01
i: 119100, t:  229817.9 s, ωt:  22.98 (3.66 periods), wall: 50.551 minutes, Δt:   1.53, CFL: 7.20e-01
i: 119200, t:  229968.9 s, ωt:  23.00 (3.66 periods), wall: 50.593 minutes, Δt:   1.44, CFL: 7.20e-01
i: 119300, t:  230121.8 s, ωt:  23.01 (3.66 periods), wall: 50.635 minutes, Δt:   1.36, CFL: 7.20e-01
i: 119400, t:  230260.2 s, ωt:  23.03 (3.66 periods), wall: 50.677 minutes, Δt:   1.43, CFL: 7.20e-01
i: 119500, t:  230402.3 s, ωt:  23.04 (3.67 periods), wall: 50.719 minutes, Δt:   1.44, CFL: 7.20e-01
i: 119600, t:  230545.9 s, ωt:  23.05 (3.67 periods), wall: 50.761 minutes, Δt:   1.60, CFL: 7.20e-01
i: 119700, t:  230691.5 s, ωt:  23.07 (3.67 periods), wall: 50.803 minutes, Δt:   1.41, CFL: 7.20e-01
i: 119800, t:  230829.7 s, ωt:  23.08 (3.67 periods), wall: 50.845 minutes, Δt:   1.16, CFL: 7.20e-01
i: 119900, t:  230959.3 s, ωt:  23.10 (3.68 periods), wall: 50.887 minutes, Δt:   1.56, CFL: 7.20e-01
i: 120000, t:  231098.4 s, ωt:  23.11 (3.68 periods), wall: 50.929 minutes, Δt:   1.31, CFL: 7.20e-01
i: 120100, t:  231241.2 s, ωt:  23.12 (3.68 periods), wall: 50.971 minutes, Δt:   1.44, CFL: 7.20e-01
i: 120200, t:  231385.8 s, ωt:  23.14 (3.68 periods), wall: 51.013 minutes, Δt:   1.35, CFL: 7.20e-01
i: 120300, t:  231521.2 s, ωt:  23.15 (3.68 periods), wall: 51.054 minutes, Δt:   1.25, CFL: 7.20e-01
i: 120400, t:  231644.9 s, ωt:  23.16 (3.69 periods), wall: 51.097 minutes, Δt:   1.30, CFL: 7.20e-01
i: 120500, t:  231777.6 s, ωt:  23.18 (3.69 periods), wall: 51.139 minutes, Δt:   1.32, CFL: 7.20e-01
i: 120600, t:  231894.6 s, ωt:  23.19 (3.69 periods), wall: 51.181 minutes, Δt:   1.25, CFL: 7.20e-01
i: 120700, t:  232021.5 s, ωt:  23.20 (3.69 periods), wall: 51.223 minutes, Δt:   1.25, CFL: 7.20e-01
i: 120800, t:  232149.6 s, ωt:  23.21 (3.69 periods), wall: 51.264 minutes, Δt:   1.40, CFL: 7.20e-01
i: 120900, t:  232281.2 s, ωt:  23.23 (3.70 periods), wall: 51.307 minutes, Δt:   1.14, CFL: 7.20e-01
i: 121000, t:  232409.6 s, ωt:  23.24 (3.70 periods), wall: 51.348 minutes, Δt:   1.40, CFL: 7.20e-01
i: 121100, t:  232557.4 s, ωt:  23.26 (3.70 periods), wall: 51.390 minutes, Δt:   1.45, CFL: 7.20e-01
i: 121200, t:  232689.2 s, ωt:  23.27 (3.70 periods), wall: 51.432 minutes, Δt:   1.25, CFL: 7.20e-01
i: 121300, t:  232822.3 s, ωt:  23.28 (3.71 periods), wall: 51.474 minutes, Δt:   1.24, CFL: 7.20e-01
i: 121400, t:  232948.2 s, ωt:  23.29 (3.71 periods), wall: 51.516 minutes, Δt:   1.20, CFL: 7.20e-01
i: 121500, t:  233086.5 s, ωt:  23.31 (3.71 periods), wall: 51.558 minutes, Δt:   1.36, CFL: 7.20e-01
i: 121600, t:  233222.1 s, ωt:  23.32 (3.71 periods), wall: 51.600 minutes, Δt:   1.27, CFL: 7.20e-01
i: 121700, t:  233348.6 s, ωt:  23.33 (3.71 periods), wall: 51.642 minutes, Δt:   1.36, CFL: 7.20e-01
i: 121800, t:  233486.3 s, ωt:  23.35 (3.72 periods), wall: 51.684 minutes, Δt:   1.31, CFL: 7.20e-01
i: 121900, t:  233606.0 s, ωt:  23.36 (3.72 periods), wall: 51.726 minutes, Δt:   1.25, CFL: 7.20e-01
i: 122000, t:  233735.7 s, ωt:  23.37 (3.72 periods), wall: 51.768 minutes, Δt:   1.21, CFL: 7.20e-01
i: 122100, t:  233863.9 s, ωt:  23.39 (3.72 periods), wall: 51.809 minutes, Δt:   1.14, CFL: 7.20e-01
i: 122200, t:  233988.9 s, ωt:  23.40 (3.72 periods), wall: 51.851 minutes, Δt:   1.55, CFL: 7.20e-01
i: 122300, t:  234126.5 s, ωt:  23.41 (3.73 periods), wall: 51.893 minutes, Δt:   1.41, CFL: 7.20e-01
i: 122400, t:  234260.9 s, ωt:  23.43 (3.73 periods), wall: 51.935 minutes, Δt:   1.33, CFL: 7.20e-01
i: 122500, t:  234380.8 s, ωt:  23.44 (3.73 periods), wall: 51.977 minutes, Δt:   0.92, CFL: 7.20e-01
i: 122600, t:  234508.7 s, ωt:  23.45 (3.73 periods), wall: 52.019 minutes, Δt:   1.34, CFL: 7.20e-01
i: 122700, t:  234637.1 s, ωt:  23.46 (3.73 periods), wall: 52.061 minutes, Δt:   1.22, CFL: 7.20e-01
i: 122800, t:  234761.8 s, ωt:  23.48 (3.74 periods), wall: 52.103 minutes, Δt:   1.14, CFL: 7.20e-01
i: 122900, t:  234897.0 s, ωt:  23.49 (3.74 periods), wall: 52.145 minutes, Δt:   1.26, CFL: 7.20e-01
i: 123000, t:  235023.2 s, ωt:  23.50 (3.74 periods), wall: 52.187 minutes, Δt:   1.22, CFL: 7.20e-01
i: 123100, t:  235153.9 s, ωt:  23.52 (3.74 periods), wall: 52.229 minutes, Δt:   1.54, CFL: 7.20e-01
i: 123200, t:  235297.0 s, ωt:  23.53 (3.74 periods), wall: 52.270 minutes, Δt:   1.33, CFL: 7.20e-01
i: 123300, t:  235426.7 s, ωt:  23.54 (3.75 periods), wall: 52.312 minutes, Δt:   1.34, CFL: 7.20e-01
i: 123400, t:  235554.3 s, ωt:  23.56 (3.75 periods), wall: 52.355 minutes, Δt:   1.47, CFL: 7.20e-01
i: 123500, t:  235691.5 s, ωt:  23.57 (3.75 periods), wall: 52.398 minutes, Δt:   1.28, CFL: 7.20e-01
i: 123600, t:  235828.1 s, ωt:  23.58 (3.75 periods), wall: 52.439 minutes, Δt:   1.39, CFL: 7.20e-01
i: 123700, t:  235954.9 s, ωt:  23.60 (3.76 periods), wall: 52.481 minutes, Δt:   1.39, CFL: 7.20e-01
i: 123800, t:  236085.3 s, ωt:  23.61 (3.76 periods), wall: 52.523 minutes, Δt:   1.32, CFL: 7.20e-01
i: 123900, t:  236203.1 s, ωt:  23.62 (3.76 periods), wall: 52.565 minutes, Δt:   1.22, CFL: 7.20e-01
i: 124000, t:  236329.7 s, ωt:  23.63 (3.76 periods), wall: 52.607 minutes, Δt:   1.20, CFL: 7.20e-01
i: 124100, t:  236453.3 s, ωt:  23.65 (3.76 periods), wall: 52.649 minutes, Δt:   1.28, CFL: 7.20e-01
i: 124200, t:  236570.5 s, ωt:  23.66 (3.77 periods), wall: 52.691 minutes, Δt:   1.13, CFL: 7.20e-01
i: 124300, t:  236691.1 s, ωt:  23.67 (3.77 periods), wall: 52.733 minutes, Δt:   1.13, CFL: 7.20e-01
i: 124400, t:  236820.8 s, ωt:  23.68 (3.77 periods), wall: 52.775 minutes, Δt:   1.28, CFL: 7.20e-01
i: 124500, t:  236950.8 s, ωt:  23.70 (3.77 periods), wall: 52.816 minutes, Δt:   1.50, CFL: 7.20e-01
i: 124600, t:  237086.7 s, ωt:  23.71 (3.77 periods), wall: 52.858 minutes, Δt:   1.23, CFL: 7.20e-01
i: 124700, t:  237214.8 s, ωt:  23.72 (3.78 periods), wall: 52.900 minutes, Δt:   1.28, CFL: 7.20e-01
i: 124800, t:  237336.9 s, ωt:  23.73 (3.78 periods), wall: 52.942 minutes, Δt:   1.18, CFL: 7.20e-01
i: 124900, t:  237455.1 s, ωt:  23.75 (3.78 periods), wall: 52.984 minutes, Δt:   1.29, CFL: 7.20e-01
i: 125000, t:  237575.5 s, ωt:  23.76 (3.78 periods), wall: 53.026 minutes, Δt:   1.28, CFL: 7.20e-01
i: 125100, t:  237705.6 s, ωt:  23.77 (3.78 periods), wall: 53.068 minutes, Δt:   1.24, CFL: 7.20e-01
i: 125200, t:  237843.5 s, ωt:  23.78 (3.79 periods), wall: 53.110 minutes, Δt:   1.20, CFL: 7.20e-01
i: 125300, t:  237973.7 s, ωt:  23.80 (3.79 periods), wall: 53.152 minutes, Δt:   1.47, CFL: 7.20e-01
i: 125400, t:  238117.3 s, ωt:  23.81 (3.79 periods), wall: 53.194 minutes, Δt:   1.49, CFL: 7.20e-01
i: 125500, t:  238263.7 s, ωt:  23.83 (3.79 periods), wall: 53.236 minutes, Δt:   1.41, CFL: 7.20e-01
i: 125600, t:  238405.6 s, ωt:  23.84 (3.79 periods), wall: 53.277 minutes, Δt:   1.35, CFL: 7.20e-01
i: 125700, t:  238548.5 s, ωt:  23.85 (3.80 periods), wall: 53.320 minutes, Δt:   1.46, CFL: 7.20e-01
i: 125800, t:  238675.2 s, ωt:  23.87 (3.80 periods), wall: 53.361 minutes, Δt:   1.32, CFL: 7.20e-01
i: 125900, t:  238818.3 s, ωt:  23.88 (3.80 periods), wall: 53.403 minutes, Δt:   1.40, CFL: 7.20e-01
i: 126000, t:  238949.3 s, ωt:  23.89 (3.80 periods), wall: 53.445 minutes, Δt:   1.23, CFL: 7.20e-01
i: 126100, t:  239074.4 s, ωt:  23.91 (3.80 periods), wall: 53.487 minutes, Δt:   1.33, CFL: 7.20e-01
i: 126200, t:  239214.0 s, ωt:  23.92 (3.81 periods), wall: 53.529 minutes, Δt:   1.39, CFL: 7.20e-01
i: 126300, t:  239353.0 s, ωt:  23.94 (3.81 periods), wall: 53.571 minutes, Δt:   1.18, CFL: 7.20e-01
i: 126400, t:  239483.4 s, ωt:  23.95 (3.81 periods), wall: 53.613 minutes, Δt:   1.32, CFL: 7.20e-01
i: 126500, t:  239616.7 s, ωt:  23.96 (3.81 periods), wall: 53.655 minutes, Δt:   1.41, CFL: 7.20e-01
i: 126600, t:  239768.0 s, ωt:  23.98 (3.82 periods), wall: 53.697 minutes, Δt:   1.57, CFL: 7.20e-01
i: 126700, t:  239912.8 s, ωt:  23.99 (3.82 periods), wall: 53.739 minutes, Δt:   1.42, CFL: 7.20e-01
i: 126800, t:  240061.0 s, ωt:  24.01 (3.82 periods), wall: 53.781 minutes, Δt:   1.64, CFL: 7.20e-01
i: 126900, t:  240213.9 s, ωt:  24.02 (3.82 periods), wall: 53.822 minutes, Δt:   1.55, CFL: 7.20e-01
i: 127000, t:  240367.0 s, ωt:  24.04 (3.83 periods), wall: 53.865 minutes, Δt:   1.43, CFL: 7.20e-01
i: 127100, t:  240520.5 s, ωt:  24.05 (3.83 periods), wall: 53.906 minutes, Δt:   1.51, CFL: 7.20e-01
i: 127200, t:  240677.8 s, ωt:  24.07 (3.83 periods), wall: 53.948 minutes, Δt:   1.29, CFL: 7.20e-01
i: 127300, t:  240810.7 s, ωt:  24.08 (3.83 periods), wall: 53.990 minutes, Δt:   1.46, CFL: 7.20e-01
i: 127400, t:  240960.2 s, ωt:  24.10 (3.83 periods), wall: 54.032 minutes, Δt:   1.52, CFL: 7.20e-01
i: 127500, t:  241116.0 s, ωt:  24.11 (3.84 periods), wall: 54.074 minutes, Δt:   1.41, CFL: 7.20e-01
i: 127600, t:  241278.0 s, ωt:  24.13 (3.84 periods), wall: 54.116 minutes, Δt:   1.72, CFL: 7.20e-01
i: 127700, t:  241435.1 s, ωt:  24.14 (3.84 periods), wall: 54.158 minutes, Δt:   1.44, CFL: 7.20e-01
i: 127800, t:  241595.6 s, ωt:  24.16 (3.85 periods), wall: 54.200 minutes, Δt:   1.82, CFL: 7.20e-01
i: 127900, t:  241743.7 s, ωt:  24.17 (3.85 periods), wall: 54.242 minutes, Δt:   1.33, CFL: 7.20e-01
i: 128000, t:  241881.3 s, ωt:  24.19 (3.85 periods), wall: 54.284 minutes, Δt:   1.59, CFL: 7.20e-01
i: 128100, t:  242030.9 s, ωt:  24.20 (3.85 periods), wall: 54.326 minutes, Δt:   1.71, CFL: 7.20e-01
i: 128200, t:  242210.0 s, ωt:  24.22 (3.85 periods), wall: 54.368 minutes, Δt:   1.86, CFL: 7.20e-01
i: 128300, t:  242376.8 s, ωt:  24.24 (3.86 periods), wall: 54.410 minutes, Δt:   1.25, CFL: 7.20e-01
i: 128400, t:  242513.7 s, ωt:  24.25 (3.86 periods), wall: 54.452 minutes, Δt:   1.34, CFL: 7.20e-01
i: 128500, t:  242669.3 s, ωt:  24.27 (3.86 periods), wall: 54.494 minutes, Δt:   1.95, CFL: 7.20e-01
i: 128600, t:  242848.5 s, ωt:  24.28 (3.87 periods), wall: 54.536 minutes, Δt:   1.80, CFL: 7.20e-01
i: 128700, t:  243019.9 s, ωt:  24.30 (3.87 periods), wall: 54.578 minutes, Δt:   1.51, CFL: 7.20e-01
i: 128800, t:  243189.5 s, ωt:  24.32 (3.87 periods), wall: 54.620 minutes, Δt:   1.81, CFL: 7.20e-01
i: 128900, t:  243355.2 s, ωt:  24.34 (3.87 periods), wall: 54.662 minutes, Δt:   1.69, CFL: 7.20e-01
i: 129000, t:  243537.3 s, ωt:  24.35 (3.88 periods), wall: 54.704 minutes, Δt:   1.61, CFL: 7.20e-01
i: 129100, t:  243704.8 s, ωt:  24.37 (3.88 periods), wall: 54.746 minutes, Δt:   1.65, CFL: 7.20e-01
i: 129200, t:  243888.7 s, ωt:  24.39 (3.88 periods), wall: 54.788 minutes, Δt:   1.60, CFL: 7.20e-01
i: 129300, t:  244067.6 s, ωt:  24.41 (3.88 periods), wall: 54.829 minutes, Δt:   2.13, CFL: 7.20e-01
i: 129400, t:  244258.1 s, ωt:  24.43 (3.89 periods), wall: 54.871 minutes, Δt:   1.88, CFL: 7.20e-01
i: 129500, t:  244433.0 s, ωt:  24.44 (3.89 periods), wall: 54.913 minutes, Δt:   2.21, CFL: 7.20e-01
i: 129600, t:  244630.8 s, ωt:  24.46 (3.89 periods), wall: 54.955 minutes, Δt:   1.71, CFL: 7.20e-01
i: 129700, t:  244810.9 s, ωt:  24.48 (3.90 periods), wall: 54.997 minutes, Δt:   1.67, CFL: 7.20e-01
i: 129800, t:  244989.3 s, ωt:  24.50 (3.90 periods), wall: 55.039 minutes, Δt:   1.97, CFL: 7.20e-01
i: 129900, t:  245174.7 s, ωt:  24.52 (3.90 periods), wall: 55.081 minutes, Δt:   1.89, CFL: 7.20e-01
i: 130000, t:  245355.5 s, ωt:  24.54 (3.90 periods), wall: 55.123 minutes, Δt:   2.11, CFL: 7.20e-01
i: 130100, t:  245558.1 s, ωt:  24.56 (3.91 periods), wall: 55.165 minutes, Δt:   2.29, CFL: 7.20e-01
i: 130200, t:  245778.5 s, ωt:  24.58 (3.91 periods), wall: 55.207 minutes, Δt:   1.93, CFL: 7.20e-01
i: 130300, t:  245989.1 s, ωt:  24.60 (3.92 periods), wall: 55.249 minutes, Δt:   2.21, CFL: 7.20e-01
i: 130400, t:  246195.4 s, ωt:  24.62 (3.92 periods), wall: 55.291 minutes, Δt:   2.12, CFL: 7.20e-01
i: 130500, t:  246435.1 s, ωt:  24.64 (3.92 periods), wall: 55.333 minutes, Δt:   2.44, CFL: 7.20e-01
i: 130600, t:  246655.4 s, ωt:  24.67 (3.93 periods), wall: 55.375 minutes, Δt:   2.62, CFL: 7.20e-01
i: 130700, t:  246880.9 s, ωt:  24.69 (3.93 periods), wall: 55.417 minutes, Δt:   2.07, CFL: 7.20e-01
i: 130800, t:  247135.0 s, ωt:  24.71 (3.93 periods), wall: 55.459 minutes, Δt:   2.49, CFL: 7.20e-01
i: 130900, t:  247393.8 s, ωt:  24.74 (3.94 periods), wall: 55.501 minutes, Δt:   2.72, CFL: 7.20e-01
i: 131000, t:  247665.7 s, ωt:  24.77 (3.94 periods), wall: 55.543 minutes, Δt:   2.81, CFL: 7.20e-01
i: 131100, t:  247945.5 s, ωt:  24.79 (3.95 periods), wall: 55.585 minutes, Δt:   2.41, CFL: 7.20e-01
i: 131200, t:  248158.4 s, ωt:  24.82 (3.95 periods), wall: 55.627 minutes, Δt:   2.10, CFL: 7.20e-01
i: 131300, t:  248442.8 s, ωt:  24.84 (3.95 periods), wall: 55.669 minutes, Δt:   2.97, CFL: 7.20e-01
i: 131400, t:  248743.9 s, ωt:  24.87 (3.96 periods), wall: 55.711 minutes, Δt:   3.52, CFL: 7.20e-01
i: 131500, t:  249092.8 s, ωt:  24.91 (3.96 periods), wall: 55.753 minutes, Δt:   3.31, CFL: 7.20e-01
i: 131600, t:  249439.4 s, ωt:  24.94 (3.97 periods), wall: 55.795 minutes, Δt:   3.52, CFL: 7.20e-01
i: 131700, t:  249885.6 s, ωt:  24.99 (3.98 periods), wall: 55.837 minutes, Δt:   4.35, CFL: 7.20e-01
i: 131800, t:  250306.0 s, ωt:  25.03 (3.98 periods), wall: 55.879 minutes, Δt:   5.69, CFL: 7.20e-01
i: 131900, t:  250885.0 s, ωt:  25.09 (3.99 periods), wall: 55.922 minutes, Δt:   5.55, CFL: 7.20e-01
  Activating project at `~/SRIM-2026/Stokes/3D`
[ Info: Oceananigans will use 16 threads
[ Info: Case P4_T30_sqrtRi0: Ri = 0 (√Ri = 0), N² = 0 s⁻², δ_s = 0.1414 m, Re_s = 5657
[ Info: Domain 10.000 × 10.000 × 50.000 m = 71 × 71 × 354 δ_s (physical), + 70.7 δ_s sponge on top → grid top 424 δ_s, 4 periods (b is a passive scalar)
[ Info: Analysed/plotted section: 0 – 40.00 m = 283 δ_s (pycnocline at T = 30.0 m)
[ Info: Background: softplus (profile 4), T = 30.0 m = 212.1 δ_s — N²_bg/N∞² = 0.000 at z = δ_s, 1.000 at z = Lz, 1.000 at lid; Δb over domain = 3e-07 m s⁻²
[ Info: Bottom Δz = 0.0121 m = 0.085 δ_s (11.7 points across δ_s); 248 cells below z = 283 δ_s; 269 physical + 21 sponge cells (sponge Δz = 3.367 δ_s)
[ Info: Δx = 0.2083 m = 1.47 δ_s, Δy = 0.2083 m = 1.47 δ_s
[ Info: Pycnocline z = T = 30.0 m: Δz = 0.0727 m, transition width = 0.732 m → 10.1 cells across (band ±2.2 m)
[ Info: Initializing velocities from Ri=0 spin-up: output_spinup_T30/TidalBL3D_spinup_T30_fields.jld2
[ Info: Using snapshot 9/9 (t = 4.00 periods of the spin-up)
[ Info: Initializing simulation...
[ Info:     ... simulation initialization complete (10.899 seconds)
[ Info: Executing initial time step...
[ Info:     ... initial time step complete (2.448 seconds).
[ Info: Simulation is stopping after running for 55.836 minutes.
[ Info: Simulation time 2.909 days equals or exceeds stop time 2.909 days.

==============================================================================
==== 2026-08-11 02:35:26  Tidal3D.jl sqrtRi0
==== LIGHT_OUTPUT=1  N_PERIODS=8  PROFILE=4  SPINUP_FILE=outputs/spinup_T30/TidalBL3D_spinup_T30_fields.jld2  T_STRAT=30  T_SWEEP=30
==============================================================================
i:      0, t:       0.0 s, ωt:   0.00 (0.00 periods), wall: 19.132 seconds, Δt:   1.20, CFL: 2.13e-01
i:    100, t:     270.7 s, ωt:   0.03 (0.00 periods), wall: 37.434 seconds, Δt:   4.00, CFL: 9.00e-01
i:    200, t:     749.2 s, ωt:   0.07 (0.01 periods), wall: 38.131 seconds, Δt:   5.25, CFL: 9.00e-01
i:    300, t:    1279.2 s, ωt:   0.13 (0.02 periods), wall: 38.830 seconds, Δt:   5.93, CFL: 9.00e-01
i:    400, t:    1810.2 s, ωt:   0.18 (0.03 periods), wall: 39.445 seconds, Δt:   5.95, CFL: 9.00e-01
i:    500, t:    2320.1 s, ωt:   0.23 (0.04 periods), wall: 40.190 seconds, Δt:   4.93, CFL: 9.00e-01
i:    600, t:    2760.3 s, ωt:   0.28 (0.04 periods), wall: 40.807 seconds, Δt:   4.27, CFL: 9.00e-01
i:    700, t:    3182.7 s, ωt:   0.32 (0.05 periods), wall: 41.466 seconds, Δt:   4.24, CFL: 9.00e-01
i:    800, t:    3601.4 s, ωt:   0.36 (0.06 periods), wall: 42.149 seconds, Δt:   3.80, CFL: 9.00e-01
i:    900, t:    4001.1 s, ωt:   0.40 (0.06 periods), wall: 42.744 seconds, Δt:   4.02, CFL: 9.00e-01
i:   1000, t:    4392.1 s, ωt:   0.44 (0.07 periods), wall: 43.358 seconds, Δt:   4.43, CFL: 9.00e-01
i:   1100, t:    4788.7 s, ωt:   0.48 (0.08 periods), wall: 44.046 seconds, Δt:   3.56, CFL: 9.00e-01
i:   1200, t:    5125.8 s, ωt:   0.51 (0.08 periods), wall: 44.675 seconds, Δt:   3.16, CFL: 9.00e-01
i:   1300, t:    5433.4 s, ωt:   0.54 (0.09 periods), wall: 45.287 seconds, Δt:   2.90, CFL: 9.00e-01
i:   1400, t:    5734.0 s, ωt:   0.57 (0.09 periods), wall: 45.904 seconds, Δt:   2.57, CFL: 9.00e-01
i:   1500, t:    5996.1 s, ωt:   0.60 (0.10 periods), wall: 46.564 seconds, Δt:   2.91, CFL: 9.00e-01
i:   1600, t:    6268.8 s, ωt:   0.63 (0.10 periods), wall: 47.110 seconds, Δt:   2.59, CFL: 9.00e-01
i:   1700, t:    6548.0 s, ωt:   0.65 (0.10 periods), wall: 47.736 seconds, Δt:   2.74, CFL: 9.00e-01
i:   1800, t:    6803.2 s, ωt:   0.68 (0.11 periods), wall: 48.350 seconds, Δt:   2.77, CFL: 9.00e-01
i:   1900, t:    7063.2 s, ωt:   0.71 (0.11 periods), wall: 48.977 seconds, Δt:   2.29, CFL: 9.00e-01
i:   2000, t:    7301.0 s, ωt:   0.73 (0.12 periods), wall: 49.589 seconds, Δt:   2.50, CFL: 9.00e-01
i:   2100, t:    7546.9 s, ωt:   0.75 (0.12 periods), wall: 50.258 seconds, Δt:   2.26, CFL: 9.00e-01
i:   2200, t:    7794.8 s, ωt:   0.78 (0.12 periods), wall: 50.817 seconds, Δt:   2.70, CFL: 9.00e-01
i:   2300, t:    8030.4 s, ωt:   0.80 (0.13 periods), wall: 51.443 seconds, Δt:   1.99, CFL: 9.00e-01
i:   2400, t:    8249.7 s, ωt:   0.82 (0.13 periods), wall: 52.086 seconds, Δt:   2.46, CFL: 9.00e-01
i:   2500, t:    8475.6 s, ωt:   0.85 (0.13 periods), wall: 52.633 seconds, Δt:   2.18, CFL: 9.00e-01
i:   2600, t:    8674.9 s, ωt:   0.87 (0.14 periods), wall: 53.256 seconds, Δt:   2.19, CFL: 9.00e-01
i:   2700, t:    8885.1 s, ωt:   0.89 (0.14 periods), wall: 53.913 seconds, Δt:   2.14, CFL: 9.00e-01
i:   2800, t:    9099.7 s, ωt:   0.91 (0.14 periods), wall: 54.459 seconds, Δt:   2.17, CFL: 9.00e-01
i:   2900, t:    9291.0 s, ωt:   0.93 (0.15 periods), wall: 55.089 seconds, Δt:   2.16, CFL: 9.00e-01
i:   3000, t:    9491.7 s, ωt:   0.95 (0.15 periods), wall: 55.712 seconds, Δt:   1.86, CFL: 9.00e-01
i:   3100, t:    9677.9 s, ωt:   0.97 (0.15 periods), wall: 56.260 seconds, Δt:   1.88, CFL: 9.00e-01
i:   3200, t:    9871.3 s, ωt:   0.99 (0.16 periods), wall: 56.908 seconds, Δt:   1.86, CFL: 9.00e-01
i:   3300, t:   10067.7 s, ωt:   1.01 (0.16 periods), wall: 57.530 seconds, Δt:   2.08, CFL: 9.00e-01
i:   3400, t:   10260.2 s, ωt:   1.03 (0.16 periods), wall: 58.091 seconds, Δt:   2.07, CFL: 9.00e-01
i:   3500, t:   10460.5 s, ωt:   1.05 (0.17 periods), wall: 58.750 seconds, Δt:   2.05, CFL: 9.00e-01
i:   3600, t:   10648.2 s, ωt:   1.06 (0.17 periods), wall: 59.311 seconds, Δt:   2.07, CFL: 9.00e-01
i:   3700, t:   10816.4 s, ωt:   1.08 (0.17 periods), wall: 1.000 minutes, Δt:   1.68, CFL: 9.00e-01
i:   3800, t:   10999.2 s, ωt:   1.10 (0.18 periods), wall: 1.010 minutes, Δt:   1.90, CFL: 9.00e-01
i:   3900, t:   11179.3 s, ωt:   1.12 (0.18 periods), wall: 1.020 minutes, Δt:   1.83, CFL: 9.00e-01
i:   4000, t:   11363.3 s, ωt:   1.14 (0.18 periods), wall: 1.031 minutes, Δt:   1.80, CFL: 9.00e-01
i:   4100, t:   11541.1 s, ωt:   1.15 (0.18 periods), wall: 1.040 minutes, Δt:   1.98, CFL: 9.00e-01
i:   4200, t:   11721.2 s, ωt:   1.17 (0.19 periods), wall: 1.050 minutes, Δt:   1.54, CFL: 9.00e-01
i:   4300, t:   11902.0 s, ωt:   1.19 (0.19 periods), wall: 1.059 minutes, Δt:   1.91, CFL: 9.00e-01
i:   4400, t:   12075.9 s, ωt:   1.21 (0.19 periods), wall: 1.069 minutes, Δt:   1.75, CFL: 9.00e-01
i:   4500, t:   12253.9 s, ωt:   1.23 (0.20 periods), wall: 1.079 minutes, Δt:   1.76, CFL: 9.00e-01
i:   4600, t:   12427.0 s, ωt:   1.24 (0.20 periods), wall: 1.088 minutes, Δt:   1.76, CFL: 9.00e-01
i:   4700, t:   12595.2 s, ωt:   1.26 (0.20 periods), wall: 1.098 minutes, Δt:   1.72, CFL: 9.00e-01
i:   4800, t:   12772.7 s, ωt:   1.28 (0.20 periods), wall: 1.107 minutes, Δt:   1.60, CFL: 9.00e-01
i:   4900, t:   12948.0 s, ωt:   1.29 (0.21 periods), wall: 1.121 minutes, Δt:   1.64, CFL: 9.00e-01
i:   5000, t:   13115.4 s, ωt:   1.31 (0.21 periods), wall: 1.130 minutes, Δt:   1.78, CFL: 9.00e-01
i:   5100, t:   13286.9 s, ωt:   1.33 (0.21 periods), wall: 1.140 minutes, Δt:   1.59, CFL: 9.00e-01
i:   5200, t:   13453.7 s, ωt:   1.35 (0.21 periods), wall: 1.149 minutes, Δt:   1.80, CFL: 9.00e-01
i:   5300, t:   13630.8 s, ωt:   1.36 (0.22 periods), wall: 1.160 minutes, Δt:   1.75, CFL: 9.00e-01
i:   5400, t:   13795.9 s, ωt:   1.38 (0.22 periods), wall: 1.169 minutes, Δt:   1.82, CFL: 9.00e-01
i:   5500, t:   13973.2 s, ωt:   1.40 (0.22 periods), wall: 1.179 minutes, Δt:   1.71, CFL: 9.00e-01
i:   5600, t:   14140.8 s, ωt:   1.41 (0.23 periods), wall: 1.190 minutes, Δt:   1.72, CFL: 9.00e-01
i:   5700, t:   14317.2 s, ωt:   1.43 (0.23 periods), wall: 1.199 minutes, Δt:   1.89, CFL: 9.00e-01
i:   5800, t:   14494.9 s, ωt:   1.45 (0.23 periods), wall: 1.210 minutes, Δt:   1.71, CFL: 9.00e-01
i:   5900, t:   14657.2 s, ωt:   1.47 (0.23 periods), wall: 1.219 minutes, Δt:   1.77, CFL: 9.00e-01
i:   6000, t:   14822.9 s, ωt:   1.48 (0.24 periods), wall: 1.230 minutes, Δt:   1.76, CFL: 9.00e-01
i:   6100, t:   14989.8 s, ωt:   1.50 (0.24 periods), wall: 1.239 minutes, Δt:   1.36, CFL: 9.00e-01
i:   6200, t:   15159.7 s, ωt:   1.52 (0.24 periods), wall: 1.250 minutes, Δt:   1.56, CFL: 9.00e-01
i:   6300, t:   15324.3 s, ωt:   1.53 (0.24 periods), wall: 1.259 minutes, Δt:   1.73, CFL: 9.00e-01
i:   6400, t:   15499.7 s, ωt:   1.55 (0.25 periods), wall: 1.269 minutes, Δt:   1.63, CFL: 9.00e-01
i:   6500, t:   15670.4 s, ωt:   1.57 (0.25 periods), wall: 1.278 minutes, Δt:   1.83, CFL: 9.00e-01
i:   6600, t:   15833.8 s, ωt:   1.58 (0.25 periods), wall: 1.288 minutes, Δt:   1.62, CFL: 9.00e-01
i:   6700, t:   16011.2 s, ωt:   1.60 (0.25 periods), wall: 1.298 minutes, Δt:   1.75, CFL: 9.00e-01
i:   6800, t:   16184.0 s, ωt:   1.62 (0.26 periods), wall: 1.308 minutes, Δt:   1.74, CFL: 9.00e-01
i:   6900, t:   16350.5 s, ωt:   1.64 (0.26 periods), wall: 1.318 minutes, Δt:   1.42, CFL: 9.00e-01
i:   7000, t:   16507.2 s, ωt:   1.65 (0.26 periods), wall: 1.328 minutes, Δt:   1.60, CFL: 9.00e-01
i:   7100, t:   16680.8 s, ωt:   1.67 (0.27 periods), wall: 1.338 minutes, Δt:   1.63, CFL: 9.00e-01
i:   7200, t:   16850.1 s, ωt:   1.69 (0.27 periods), wall: 1.347 minutes, Δt:   1.59, CFL: 9.00e-01
i:   7300, t:   17016.1 s, ωt:   1.70 (0.27 periods), wall: 1.357 minutes, Δt:   1.79, CFL: 9.00e-01
i:   7400, t:   17188.3 s, ωt:   1.72 (0.27 periods), wall: 1.366 minutes, Δt:   1.50, CFL: 9.00e-01
i:   7500, t:   17369.4 s, ωt:   1.74 (0.28 periods), wall: 1.377 minutes, Δt:   1.79, CFL: 9.00e-01
i:   7600, t:   17550.2 s, ωt:   1.76 (0.28 periods), wall: 1.386 minutes, Δt:   1.74, CFL: 9.00e-01
i:   7700, t:   17709.1 s, ωt:   1.77 (0.28 periods), wall: 1.396 minutes, Δt:   1.75, CFL: 8.63e-01
i:   7800, t:   17881.7 s, ωt:   1.79 (0.28 periods), wall: 1.405 minutes, Δt:   1.49, CFL: 9.00e-01
i:   7900, t:   18043.8 s, ωt:   1.80 (0.29 periods), wall: 1.415 minutes, Δt:   1.65, CFL: 9.00e-01
i:   8000, t:   18217.4 s, ωt:   1.82 (0.29 periods), wall: 1.425 minutes, Δt:   1.93, CFL: 9.00e-01
i:   8100, t:   18396.1 s, ωt:   1.84 (0.29 periods), wall: 1.435 minutes, Δt:   1.89, CFL: 9.00e-01
i:   8200, t:   18571.0 s, ωt:   1.86 (0.30 periods), wall: 1.445 minutes, Δt:   1.59, CFL: 9.00e-01
i:   8300, t:   18729.0 s, ωt:   1.87 (0.30 periods), wall: 1.454 minutes, Δt:   1.77, CFL: 9.00e-01
i:   8400, t:   18913.2 s, ωt:   1.89 (0.30 periods), wall: 1.464 minutes, Δt:   1.76, CFL: 9.00e-01
i:   8500, t:   19102.8 s, ωt:   1.91 (0.30 periods), wall: 1.473 minutes, Δt:   1.78, CFL: 9.00e-01
i:   8600, t:   19261.6 s, ωt:   1.93 (0.31 periods), wall: 1.483 minutes, Δt:   1.47, CFL: 9.00e-01
i:   8700, t:   19417.2 s, ωt:   1.94 (0.31 periods), wall: 1.493 minutes, Δt:   1.60, CFL: 9.00e-01
i:   8800, t:   19572.8 s, ωt:   1.96 (0.31 periods), wall: 1.503 minutes, Δt:   1.91, CFL: 9.00e-01
i:   8900, t:   19761.6 s, ωt:   1.98 (0.31 periods), wall: 1.512 minutes, Δt:   1.95, CFL: 9.00e-01
i:   9000, t:   19956.4 s, ωt:   2.00 (0.32 periods), wall: 1.522 minutes, Δt:   2.06, CFL: 9.00e-01
i:   9100, t:   20141.7 s, ωt:   2.01 (0.32 periods), wall: 1.532 minutes, Δt:   2.12, CFL: 9.00e-01
i:   9200, t:   20331.1 s, ωt:   2.03 (0.32 periods), wall: 1.542 minutes, Δt:   1.85, CFL: 9.00e-01
i:   9300, t:   20506.4 s, ωt:   2.05 (0.33 periods), wall: 1.552 minutes, Δt:   1.76, CFL: 9.00e-01
i:   9400, t:   20686.3 s, ωt:   2.07 (0.33 periods), wall: 1.561 minutes, Δt:   1.90, CFL: 9.00e-01
i:   9500, t:   20884.3 s, ωt:   2.09 (0.33 periods), wall: 1.571 minutes, Δt:   2.07, CFL: 9.00e-01
i:   9600, t:   21076.9 s, ωt:   2.11 (0.34 periods), wall: 1.582 minutes, Δt:   1.63, CFL: 9.00e-01
i:   9700, t:   21257.2 s, ωt:   2.13 (0.34 periods), wall: 1.591 minutes, Δt:   2.23, CFL: 9.00e-01
i:   9800, t:   21469.8 s, ωt:   2.15 (0.34 periods), wall: 1.601 minutes, Δt:   2.19, CFL: 9.00e-01
i:   9900, t:   21683.4 s, ωt:   2.17 (0.35 periods), wall: 1.611 minutes, Δt:   2.15, CFL: 9.00e-01
i:  10000, t:   21867.9 s, ωt:   2.19 (0.35 periods), wall: 1.620 minutes, Δt:   1.98, CFL: 9.00e-01
i:  10100, t:   22059.4 s, ωt:   2.21 (0.35 periods), wall: 1.630 minutes, Δt:   2.02, CFL: 9.00e-01
i:  10200, t:   22243.1 s, ωt:   2.22 (0.35 periods), wall: 1.640 minutes, Δt:   1.62, CFL: 9.00e-01
i:  10300, t:   22430.2 s, ωt:   2.24 (0.36 periods), wall: 1.650 minutes, Δt:   1.84, CFL: 9.00e-01
i:  10400, t:   22637.3 s, ωt:   2.26 (0.36 periods), wall: 1.661 minutes, Δt:   2.01, CFL: 9.00e-01
i:  10500, t:   22842.3 s, ωt:   2.28 (0.36 periods), wall: 1.670 minutes, Δt:   1.97, CFL: 9.00e-01
i:  10600, t:   23060.7 s, ωt:   2.31 (0.37 periods), wall: 1.680 minutes, Δt:   2.30, CFL: 9.00e-01
i:  10700, t:   23289.5 s, ωt:   2.33 (0.37 periods), wall: 1.691 minutes, Δt:   2.45, CFL: 9.00e-01
i:  10800, t:   23520.8 s, ωt:   2.35 (0.37 periods), wall: 1.700 minutes, Δt:   2.26, CFL: 9.00e-01
i:  10900, t:   23771.2 s, ωt:   2.38 (0.38 periods), wall: 1.710 minutes, Δt:   2.47, CFL: 9.00e-01
i:  11000, t:   23961.6 s, ωt:   2.40 (0.38 periods), wall: 1.721 minutes, Δt:   1.81, CFL: 9.00e-01
i:  11100, t:   24148.4 s, ωt:   2.41 (0.38 periods), wall: 1.730 minutes, Δt:   2.14, CFL: 9.00e-01
i:  11200, t:   24390.5 s, ωt:   2.44 (0.39 periods), wall: 1.740 minutes, Δt:   2.86, CFL: 9.00e-01
i:  11300, t:   24627.7 s, ωt:   2.46 (0.39 periods), wall: 1.751 minutes, Δt:   2.32, CFL: 9.00e-01
i:  11400, t:   24841.6 s, ωt:   2.48 (0.40 periods), wall: 1.761 minutes, Δt:   2.33, CFL: 9.00e-01
i:  11500, t:   25074.5 s, ωt:   2.51 (0.40 periods), wall: 1.770 minutes, Δt:   2.29, CFL: 9.00e-01
i:  11600, t:   25306.9 s, ωt:   2.53 (0.40 periods), wall: 1.781 minutes, Δt:   2.44, CFL: 9.00e-01
i:  11700, t:   25566.3 s, ωt:   2.56 (0.41 periods), wall: 1.791 minutes, Δt:   2.82, CFL: 9.00e-01
i:  11800, t:   25853.5 s, ωt:   2.59 (0.41 periods), wall: 1.802 minutes, Δt:   2.69, CFL: 9.00e-01
i:  11900, t:   26089.8 s, ωt:   2.61 (0.42 periods), wall: 1.812 minutes, Δt:   2.28, CFL: 9.00e-01
i:  12000, t:   26351.8 s, ωt:   2.64 (0.42 periods), wall: 1.821 minutes, Δt:   2.85, CFL: 9.00e-01
i:  12100, t:   26637.2 s, ωt:   2.66 (0.42 periods), wall: 1.832 minutes, Δt:   3.19, CFL: 9.00e-01
i:  12200, t:   26979.8 s, ωt:   2.70 (0.43 periods), wall: 1.843 minutes, Δt:   3.33, CFL: 9.00e-01
i:  12300, t:   27306.0 s, ωt:   2.73 (0.43 periods), wall: 1.853 minutes, Δt:   3.94, CFL: 9.00e-01
i:  12400, t:   27666.0 s, ωt:   2.77 (0.44 periods), wall: 1.865 minutes, Δt:   3.66, CFL: 9.00e-01
i:  12500, t:   28052.9 s, ωt:   2.81 (0.45 periods), wall: 1.875 minutes, Δt:   3.26, CFL: 9.00e-01
i:  12600, t:   28368.7 s, ωt:   2.84 (0.45 periods), wall: 1.885 minutes, Δt:   3.57, CFL: 9.00e-01
i:  12700, t:   28731.5 s, ωt:   2.87 (0.46 periods), wall: 1.896 minutes, Δt:   4.59, CFL: 9.00e-01
i:  12800, t:   29192.8 s, ωt:   2.92 (0.46 periods), wall: 1.907 minutes, Δt:   5.63, CFL: 9.00e-01
i:  12900, t:   29682.1 s, ωt:   2.97 (0.47 periods), wall: 1.918 minutes, Δt:   4.71, CFL: 9.00e-01
i:  13000, t:   30256.6 s, ωt:   3.03 (0.48 periods), wall: 1.930 minutes, Δt:   6.22, CFL: 9.00e-01
i:  13100, t:   30900.7 s, ωt:   3.09 (0.49 periods), wall: 1.941 minutes, Δt:   7.28, CFL: 9.00e-01
i:  13200, t:   31576.6 s, ωt:   3.16 (0.50 periods), wall: 1.964 minutes, Δt:   5.84, CFL: 9.00e-01
i:  13300, t:   32221.7 s, ωt:   3.22 (0.51 periods), wall: 1.976 minutes, Δt:   7.25, CFL: 9.00e-01
i:  13400, t:   32903.7 s, ωt:   3.29 (0.52 periods), wall: 1.987 minutes, Δt:   6.17, CFL: 9.00e-01
i:  13500, t:   33487.3 s, ωt:   3.35 (0.53 periods), wall: 2.000 minutes, Δt:   5.59, CFL: 9.00e-01
i:  13600, t:   34070.9 s, ωt:   3.41 (0.54 periods), wall: 2.011 minutes, Δt:   5.80, CFL: 9.00e-01
i:  13700, t:   34601.4 s, ωt:   3.46 (0.55 periods), wall: 2.022 minutes, Δt:   4.89, CFL: 9.00e-01
i:  13800, t:   35096.2 s, ωt:   3.51 (0.56 periods), wall: 2.032 minutes, Δt:   5.05, CFL: 9.00e-01
i:  13900, t:   35532.3 s, ωt:   3.55 (0.57 periods), wall: 2.045 minutes, Δt:   4.38, CFL: 9.00e-01
i:  14000, t:   35923.5 s, ωt:   3.59 (0.57 periods), wall: 2.055 minutes, Δt:   3.40, CFL: 9.00e-01
i:  14100, t:   36272.5 s, ωt:   3.63 (0.58 periods), wall: 2.065 minutes, Δt:   2.84, CFL: 9.00e-01
i:  14200, t:   36591.8 s, ωt:   3.66 (0.58 periods), wall: 2.075 minutes, Δt:   2.84, CFL: 9.00e-01
i:  14300, t:   36914.3 s, ωt:   3.69 (0.59 periods), wall: 2.085 minutes, Δt:   2.96, CFL: 9.00e-01
i:  14400, t:   37216.5 s, ωt:   3.72 (0.59 periods), wall: 2.096 minutes, Δt:   2.70, CFL: 9.00e-01
i:  14500, t:   37499.4 s, ωt:   3.75 (0.60 periods), wall: 2.106 minutes, Δt:   2.92, CFL: 9.00e-01
i:  14600, t:   37750.7 s, ωt:   3.78 (0.60 periods), wall: 2.116 minutes, Δt:   2.55, CFL: 9.00e-01
i:  14700, t:   37997.7 s, ωt:   3.80 (0.60 periods), wall: 2.125 minutes, Δt:   2.28, CFL: 9.00e-01
i:  14800, t:   38222.6 s, ωt:   3.82 (0.61 periods), wall: 2.136 minutes, Δt:   2.48, CFL: 9.00e-01
i:  14900, t:   38456.7 s, ωt:   3.85 (0.61 periods), wall: 2.146 minutes, Δt:   2.32, CFL: 9.00e-01
i:  15000, t:   38675.4 s, ωt:   3.87 (0.62 periods), wall: 2.156 minutes, Δt:   1.75, CFL: 9.00e-01
i:  15100, t:   38899.5 s, ωt:   3.89 (0.62 periods), wall: 2.165 minutes, Δt:   2.28, CFL: 9.00e-01
i:  15200, t:   39129.9 s, ωt:   3.91 (0.62 periods), wall: 2.176 minutes, Δt:   2.13, CFL: 9.00e-01
i:  15300, t:   39349.7 s, ωt:   3.93 (0.63 periods), wall: 2.186 minutes, Δt:   2.36, CFL: 9.00e-01
i:  15400, t:   39567.5 s, ωt:   3.96 (0.63 periods), wall: 2.195 minutes, Δt:   1.74, CFL: 9.00e-01
i:  15500, t:   39791.2 s, ωt:   3.98 (0.63 periods), wall: 2.205 minutes, Δt:   2.15, CFL: 9.00e-01
i:  15600, t:   40010.8 s, ωt:   4.00 (0.64 periods), wall: 2.215 minutes, Δt:   2.07, CFL: 9.00e-01
i:  15700, t:   40212.4 s, ωt:   4.02 (0.64 periods), wall: 2.225 minutes, Δt:   1.97, CFL: 9.00e-01
i:  15800, t:   40422.2 s, ωt:   4.04 (0.64 periods), wall: 2.235 minutes, Δt:   2.30, CFL: 9.00e-01
i:  15900, t:   40623.2 s, ωt:   4.06 (0.65 periods), wall: 2.246 minutes, Δt:   1.47, CFL: 9.00e-01
i:  16000, t:   40782.7 s, ωt:   4.08 (0.65 periods), wall: 2.255 minutes, Δt:   2.16, CFL: 9.00e-01
i:  16100, t:   40984.4 s, ωt:   4.10 (0.65 periods), wall: 2.265 minutes, Δt:   1.58, CFL: 9.00e-01
i:  16200, t:   41143.2 s, ωt:   4.11 (0.65 periods), wall: 2.274 minutes, Δt:   1.85, CFL: 9.00e-01
i:  16300, t:   41318.5 s, ωt:   4.13 (0.66 periods), wall: 2.284 minutes, Δt:   2.08, CFL: 9.00e-01
i:  16400, t:   41517.4 s, ωt:   4.15 (0.66 periods), wall: 2.295 minutes, Δt:   1.92, CFL: 9.00e-01
i:  16500, t:   41721.1 s, ωt:   4.17 (0.66 periods), wall: 2.304 minutes, Δt:   1.93, CFL: 9.00e-01
i:  16600, t:   41912.5 s, ωt:   4.19 (0.67 periods), wall: 2.314 minutes, Δt:   1.93, CFL: 9.00e-01
i:  16700, t:   42093.4 s, ωt:   4.21 (0.67 periods), wall: 2.324 minutes, Δt:   1.67, CFL: 9.00e-01
i:  16800, t:   42272.5 s, ωt:   4.23 (0.67 periods), wall: 2.334 minutes, Δt:   2.00, CFL: 9.00e-01
i:  16900, t:   42467.1 s, ωt:   4.25 (0.68 periods), wall: 2.344 minutes, Δt:   1.86, CFL: 9.00e-01
i:  17000, t:   42647.4 s, ωt:   4.26 (0.68 periods), wall: 2.353 minutes, Δt:   1.86, CFL: 9.00e-01
i:  17100, t:   42825.5 s, ωt:   4.28 (0.68 periods), wall: 2.364 minutes, Δt:   1.97, CFL: 9.00e-01
i:  17200, t:   42993.1 s, ωt:   4.30 (0.68 periods), wall: 2.374 minutes, Δt:   1.72, CFL: 9.00e-01
i:  17300, t:   43175.0 s, ωt:   4.32 (0.69 periods), wall: 2.384 minutes, Δt:   1.69, CFL: 9.00e-01
i:  17400, t:   43337.8 s, ωt:   4.33 (0.69 periods), wall: 2.393 minutes, Δt:   1.84, CFL: 9.00e-01
i:  17500, t:   43521.0 s, ωt:   4.35 (0.69 periods), wall: 2.403 minutes, Δt:   1.77, CFL: 9.00e-01
i:  17600, t:   43691.6 s, ωt:   4.37 (0.70 periods), wall: 2.413 minutes, Δt:   1.79, CFL: 9.00e-01
i:  17700, t:   43868.3 s, ωt:   4.39 (0.70 periods), wall: 2.423 minutes, Δt:   1.71, CFL: 9.00e-01
i:  17800, t:   44043.3 s, ωt:   4.40 (0.70 periods), wall: 2.433 minutes, Δt:   1.85, CFL: 9.00e-01
i:  17900, t:   44211.6 s, ωt:   4.42 (0.70 periods), wall: 2.443 minutes, Δt:   1.60, CFL: 9.00e-01
i:  18000, t:   44381.6 s, ωt:   4.44 (0.71 periods), wall: 2.453 minutes, Δt:   1.75, CFL: 9.00e-01
i:  18100, t:   44539.5 s, ωt:   4.45 (0.71 periods), wall: 2.462 minutes, Δt:   1.49, CFL: 9.00e-01
i:  18200, t:   44696.2 s, ωt:   4.47 (0.71 periods), wall: 2.472 minutes, Δt:   1.59, CFL: 9.00e-01
i:  18300, t:   44869.6 s, ωt:   4.49 (0.71 periods), wall: 2.482 minutes, Δt:   1.84, CFL: 9.00e-01
i:  18400, t:   45049.6 s, ωt:   4.50 (0.72 periods), wall: 2.492 minutes, Δt:   1.82, CFL: 9.00e-01
i:  18500, t:   45209.7 s, ωt:   4.52 (0.72 periods), wall: 2.502 minutes, Δt:   1.60, CFL: 9.00e-01
i:  18600, t:   45364.3 s, ωt:   4.54 (0.72 periods), wall: 2.512 minutes, Δt:   1.76, CFL: 9.00e-01
i:  18700, t:   45530.6 s, ωt:   4.55 (0.72 periods), wall: 2.521 minutes, Δt:   1.61, CFL: 9.00e-01
i:  18800, t:   45696.6 s, ωt:   4.57 (0.73 periods), wall: 2.532 minutes, Δt:   1.59, CFL: 9.00e-01
i:  18900, t:   45862.3 s, ωt:   4.59 (0.73 periods), wall: 2.541 minutes, Δt:   1.73, CFL: 9.00e-01
i:  19000, t:   46005.9 s, ωt:   4.60 (0.73 periods), wall: 2.551 minutes, Δt:   1.53, CFL: 8.57e-01
i:  19100, t:   46177.1 s, ωt:   4.62 (0.73 periods), wall: 2.560 minutes, Δt:   1.75, CFL: 9.00e-01
i:  19200, t:   46344.2 s, ωt:   4.63 (0.74 periods), wall: 2.571 minutes, Δt:   1.68, CFL: 9.00e-01
i:  19300, t:   46510.8 s, ωt:   4.65 (0.74 periods), wall: 2.581 minutes, Δt:   1.79, CFL: 9.00e-01
i:  19400, t:   46676.7 s, ωt:   4.67 (0.74 periods), wall: 2.590 minutes, Δt:   1.82, CFL: 9.00e-01
i:  19500, t:   46841.9 s, ωt:   4.68 (0.75 periods), wall: 2.600 minutes, Δt:   1.87, CFL: 9.00e-01
i:  19600, t:   47004.6 s, ωt:   4.70 (0.75 periods), wall: 2.609 minutes, Δt:   1.52, CFL: 9.00e-01
i:  19700, t:   47169.5 s, ωt:   4.72 (0.75 periods), wall: 2.619 minutes, Δt:   1.74, CFL: 9.00e-01
i:  19800, t:   47334.9 s, ωt:   4.73 (0.75 periods), wall: 2.629 minutes, Δt:   1.42, CFL: 9.00e-01
i:  19900, t:   47483.1 s, ωt:   4.75 (0.76 periods), wall: 2.639 minutes, Δt:   1.71, CFL: 9.00e-01
i:  20000, t:   47636.7 s, ωt:   4.76 (0.76 periods), wall: 2.648 minutes, Δt:   1.67, CFL: 9.00e-01
i:  20100, t:   47802.2 s, ωt:   4.78 (0.76 periods), wall: 2.658 minutes, Δt:   1.48, CFL: 9.00e-01
i:  20200, t:   47965.5 s, ωt:   4.80 (0.76 periods), wall: 2.667 minutes, Δt:   1.47, CFL: 9.00e-01
i:  20300, t:   48111.4 s, ωt:   4.81 (0.77 periods), wall: 2.678 minutes, Δt:   1.36, CFL: 9.00e-01
i:  20400, t:   48260.9 s, ωt:   4.83 (0.77 periods), wall: 2.687 minutes, Δt:   1.57, CFL: 9.00e-01
i:  20500, t:   48428.1 s, ωt:   4.84 (0.77 periods), wall: 2.697 minutes, Δt:   1.41, CFL: 9.00e-01
i:  20600, t:   48584.4 s, ωt:   4.86 (0.77 periods), wall: 2.706 minutes, Δt:   1.66, CFL: 9.00e-01
i:  20700, t:   48743.7 s, ωt:   4.87 (0.78 periods), wall: 2.719 minutes, Δt:   1.49, CFL: 9.00e-01
i:  20800, t:   48898.7 s, ωt:   4.89 (0.78 periods), wall: 2.728 minutes, Δt:   1.62, CFL: 9.00e-01
i:  20900, t:   49063.5 s, ωt:   4.91 (0.78 periods), wall: 2.814 minutes, Δt:   1.57, CFL: 9.00e-01
i:  21000, t:   49246.1 s, ωt:   4.92 (0.78 periods), wall: 2.823 minutes, Δt:   1.71, CFL: 9.00e-01
i:  21100, t:   49409.5 s, ωt:   4.94 (0.79 periods), wall: 2.833 minutes, Δt:   1.69, CFL: 9.00e-01
i:  21200, t:   49565.8 s, ωt:   4.96 (0.79 periods), wall: 2.842 minutes, Δt:   1.70, CFL: 9.00e-01
i:  21300, t:   49711.3 s, ωt:   4.97 (0.79 periods), wall: 2.853 minutes, Δt:   1.28, CFL: 9.00e-01
i:  21400, t:   49831.9 s, ωt:   4.98 (0.79 periods), wall: 2.862 minutes, Δt:   1.55, CFL: 9.00e-01
i:  21500, t:   49990.9 s, ωt:   5.00 (0.80 periods), wall: 2.873 minutes, Δt:   1.70, CFL: 9.00e-01
i:  21600, t:   50160.5 s, ωt:   5.02 (0.80 periods), wall: 2.882 minutes, Δt:   1.89, CFL: 9.00e-01
i:  21700, t:   50330.9 s, ωt:   5.03 (0.80 periods), wall: 2.892 minutes, Δt:   1.56, CFL: 9.00e-01
i:  21800, t:   50502.6 s, ωt:   5.05 (0.80 periods), wall: 2.902 minutes, Δt:   1.77, CFL: 9.00e-01
i:  21900, t:   50664.6 s, ωt:   5.07 (0.81 periods), wall: 2.912 minutes, Δt:   1.49, CFL: 9.00e-01
i:  22000, t:   50822.1 s, ωt:   5.08 (0.81 periods), wall: 2.922 minutes, Δt:   1.72, CFL: 9.00e-01
i:  22100, t:   50991.6 s, ωt:   5.10 (0.81 periods), wall: 2.932 minutes, Δt:   1.69, CFL: 9.00e-01
i:  22200, t:   51170.9 s, ωt:   5.12 (0.81 periods), wall: 2.941 minutes, Δt:   1.90, CFL: 9.00e-01
i:  22300, t:   51343.9 s, ωt:   5.13 (0.82 periods), wall: 2.952 minutes, Δt:   1.76, CFL: 9.00e-01
i:  22400, t:   51519.1 s, ωt:   5.15 (0.82 periods), wall: 2.961 minutes, Δt:   2.00, CFL: 9.00e-01
i:  22500, t:   51707.1 s, ωt:   5.17 (0.82 periods), wall: 2.971 minutes, Δt:   1.69, CFL: 9.00e-01
i:  22600, t:   51892.9 s, ωt:   5.19 (0.83 periods), wall: 2.982 minutes, Δt:   1.84, CFL: 9.00e-01
i:  22700, t:   52075.8 s, ωt:   5.21 (0.83 periods), wall: 2.991 minutes, Δt:   1.67, CFL: 9.00e-01
i:  22800, t:   52258.4 s, ωt:   5.23 (0.83 periods), wall: 3.002 minutes, Δt:   1.97, CFL: 9.00e-01
i:  22900, t:   52445.3 s, ωt:   5.24 (0.83 periods), wall: 3.011 minutes, Δt:   1.60, CFL: 9.00e-01
i:  23000, t:   52633.4 s, ωt:   5.26 (0.84 periods), wall: 3.021 minutes, Δt:   2.03, CFL: 9.00e-01
i:  23100, t:   52815.8 s, ωt:   5.28 (0.84 periods), wall: 3.032 minutes, Δt:   1.68, CFL: 9.00e-01
i:  23200, t:   52972.9 s, ωt:   5.30 (0.84 periods), wall: 3.041 minutes, Δt:   1.64, CFL: 9.00e-01
i:  23300, t:   53159.9 s, ωt:   5.32 (0.85 periods), wall: 3.051 minutes, Δt:   1.96, CFL: 9.00e-01
i:  23400, t:   53341.3 s, ωt:   5.33 (0.85 periods), wall: 3.060 minutes, Δt:   2.15, CFL: 9.00e-01
i:  23500, t:   53545.0 s, ωt:   5.35 (0.85 periods), wall: 3.070 minutes, Δt:   1.91, CFL: 9.00e-01
i:  23600, t:   53721.2 s, ωt:   5.37 (0.85 periods), wall: 3.080 minutes, Δt:   1.46, CFL: 9.00e-01
i:  23700, t:   53899.8 s, ωt:   5.39 (0.86 periods), wall: 3.094 minutes, Δt:   2.12, CFL: 9.00e-01
i:  23800, t:   54122.8 s, ωt:   5.41 (0.86 periods), wall: 3.104 minutes, Δt:   2.02, CFL: 9.00e-01
i:  23900, t:   54315.7 s, ωt:   5.43 (0.86 periods), wall: 3.114 minutes, Δt:   2.26, CFL: 9.00e-01
i:  24000, t:   54537.6 s, ωt:   5.45 (0.87 periods), wall: 3.124 minutes, Δt:   1.89, CFL: 9.00e-01
i:  24100, t:   54726.5 s, ωt:   5.47 (0.87 periods), wall: 3.135 minutes, Δt:   1.84, CFL: 9.00e-01
i:  24200, t:   54951.3 s, ωt:   5.50 (0.87 periods), wall: 3.144 minutes, Δt:   2.09, CFL: 9.00e-01
i:  24300, t:   55158.9 s, ωt:   5.52 (0.88 periods), wall: 3.154 minutes, Δt:   2.40, CFL: 9.00e-01
i:  24400, t:   55368.9 s, ωt:   5.54 (0.88 periods), wall: 3.165 minutes, Δt:   1.83, CFL: 9.00e-01
i:  24500, t:   55586.5 s, ωt:   5.56 (0.88 periods), wall: 3.174 minutes, Δt:   2.67, CFL: 9.00e-01
i:  24600, t:   55818.2 s, ωt:   5.58 (0.89 periods), wall: 3.184 minutes, Δt:   2.58, CFL: 9.00e-01
i:  24700, t:   56053.1 s, ωt:   5.61 (0.89 periods), wall: 3.194 minutes, Δt:   1.99, CFL: 9.00e-01
i:  24800, t:   56270.7 s, ωt:   5.63 (0.90 periods), wall: 3.205 minutes, Δt:   2.79, CFL: 9.00e-01
i:  24900, t:   56544.0 s, ωt:   5.65 (0.90 periods), wall: 3.214 minutes, Δt:   2.69, CFL: 9.00e-01
i:  25000, t:   56796.9 s, ωt:   5.68 (0.90 periods), wall: 3.224 minutes, Δt:   2.75, CFL: 9.00e-01
i:  25100, t:   57047.9 s, ωt:   5.70 (0.91 periods), wall: 3.235 minutes, Δt:   2.01, CFL: 9.00e-01
i:  25200, t:   57291.3 s, ωt:   5.73 (0.91 periods), wall: 3.245 minutes, Δt:   3.08, CFL: 9.00e-01
i:  25300, t:   57602.2 s, ωt:   5.76 (0.92 periods), wall: 3.255 minutes, Δt:   2.94, CFL: 9.00e-01
i:  25400, t:   57882.6 s, ωt:   5.79 (0.92 periods), wall: 3.265 minutes, Δt:   2.80, CFL: 9.00e-01
i:  25500, t:   58181.8 s, ωt:   5.82 (0.93 periods), wall: 3.275 minutes, Δt:   3.18, CFL: 9.00e-01
i:  25600, t:   58476.6 s, ωt:   5.85 (0.93 periods), wall: 3.286 minutes, Δt:   3.48, CFL: 9.00e-01
i:  25700, t:   58789.4 s, ωt:   5.88 (0.94 periods), wall: 3.296 minutes, Δt:   3.77, CFL: 9.00e-01
i:  25800, t:   59155.4 s, ωt:   5.92 (0.94 periods), wall: 3.306 minutes, Δt:   3.75, CFL: 9.00e-01
i:  25900, t:   59497.5 s, ωt:   5.95 (0.95 periods), wall: 3.317 minutes, Δt:   3.32, CFL: 9.00e-01
i:  26000, t:   59874.8 s, ωt:   5.99 (0.95 periods), wall: 3.327 minutes, Δt:   3.70, CFL: 9.00e-01
i:  26100, t:   60275.9 s, ωt:   6.03 (0.96 periods), wall: 3.338 minutes, Δt:   4.50, CFL: 9.00e-01
i:  26200, t:   60725.7 s, ωt:   6.07 (0.97 periods), wall: 3.874 minutes, Δt:   4.57, CFL: 9.00e-01
i:  26300, t:   61213.4 s, ωt:   6.12 (0.97 periods), wall: 3.895 minutes, Δt:   5.91, CFL: 9.00e-01
i:  26400, t:   61864.2 s, ωt:   6.19 (0.98 periods), wall: 3.907 minutes, Δt:   7.44, CFL: 9.00e-01
i:  26500, t:   62539.2 s, ωt:   6.25 (1.00 periods), wall: 3.920 minutes, Δt:   7.41, CFL: 9.00e-01
i:  26600, t:   63203.0 s, ωt:   6.32 (1.01 periods), wall: 3.948 minutes, Δt:   6.24, CFL: 9.00e-01
i:  26700, t:   63861.0 s, ωt:   6.39 (1.02 periods), wall: 3.961 minutes, Δt:   5.70, CFL: 9.00e-01
i:  26800, t:   64452.3 s, ωt:   6.45 (1.03 periods), wall: 3.972 minutes, Δt:   5.30, CFL: 9.00e-01
i:  26900, t:   64989.2 s, ωt:   6.50 (1.03 periods), wall: 3.982 minutes, Δt:   4.88, CFL: 9.00e-01
i:  27000, t:   65460.0 s, ωt:   6.55 (1.04 periods), wall: 3.995 minutes, Δt:   4.93, CFL: 9.00e-01
i:  27100, t:   65880.4 s, ωt:   6.59 (1.05 periods), wall: 4.005 minutes, Δt:   3.39, CFL: 9.00e-01
i:  27200, t:   66253.9 s, ωt:   6.63 (1.05 periods), wall: 4.015 minutes, Δt:   4.02, CFL: 9.00e-01
i:  27300, t:   66650.3 s, ωt:   6.67 (1.06 periods), wall: 4.027 minutes, Δt:   4.12, CFL: 9.00e-01
i:  27400, t:   67010.7 s, ωt:   6.70 (1.07 periods), wall: 4.037 minutes, Δt:   2.78, CFL: 9.00e-01
i:  27500, t:   67358.3 s, ωt:   6.74 (1.07 periods), wall: 4.047 minutes, Δt:   3.87, CFL: 9.00e-01
i:  27600, t:   67723.8 s, ωt:   6.77 (1.08 periods), wall: 4.058 minutes, Δt:   3.59, CFL: 9.00e-01
i:  27700, t:   68037.9 s, ωt:   6.80 (1.08 periods), wall: 4.068 minutes, Δt:   3.55, CFL: 9.00e-01
i:  27800, t:   68348.2 s, ωt:   6.83 (1.09 periods), wall: 4.079 minutes, Δt:   2.77, CFL: 9.00e-01
i:  27900, t:   68619.9 s, ωt:   6.86 (1.09 periods), wall: 4.089 minutes, Δt:   2.81, CFL: 9.00e-01
i:  28000, t:   68896.8 s, ωt:   6.89 (1.10 periods), wall: 4.099 minutes, Δt:   2.97, CFL: 9.00e-01
i:  28100, t:   69184.9 s, ωt:   6.92 (1.10 periods), wall: 4.109 minutes, Δt:   2.83, CFL: 9.00e-01
i:  28200, t:   69434.2 s, ωt:   6.94 (1.11 periods), wall: 4.119 minutes, Δt:   2.43, CFL: 9.00e-01
i:  28300, t:   69686.7 s, ωt:   6.97 (1.11 periods), wall: 4.129 minutes, Δt:   2.70, CFL: 9.00e-01
i:  28400, t:   69934.0 s, ωt:   6.99 (1.11 periods), wall: 4.139 minutes, Δt:   2.36, CFL: 9.00e-01
i:  28500, t:   70181.6 s, ωt:   7.02 (1.12 periods), wall: 4.149 minutes, Δt:   2.39, CFL: 9.00e-01
i:  28600, t:   70422.3 s, ωt:   7.04 (1.12 periods), wall: 4.160 minutes, Δt:   2.59, CFL: 9.00e-01
i:  28700, t:   70656.1 s, ωt:   7.07 (1.12 periods), wall: 4.169 minutes, Δt:   2.45, CFL: 9.00e-01
i:  28800, t:   70885.8 s, ωt:   7.09 (1.13 periods), wall: 4.183 minutes, Δt:   2.43, CFL: 9.00e-01
i:  28900, t:   71082.3 s, ωt:   7.11 (1.13 periods), wall: 4.203 minutes, Δt:   2.27, CFL: 9.00e-01
i:  29000, t:   71294.2 s, ωt:   7.13 (1.13 periods), wall: 4.212 minutes, Δt:   2.32, CFL: 9.00e-01
i:  29100, t:   71525.7 s, ωt:   7.15 (1.14 periods), wall: 4.222 minutes, Δt:   2.25, CFL: 9.00e-01
i:  29200, t:   71750.1 s, ωt:   7.18 (1.14 periods), wall: 4.234 minutes, Δt:   2.10, CFL: 9.00e-01
i:  29300, t:   71963.3 s, ωt:   7.20 (1.15 periods), wall: 4.244 minutes, Δt:   1.88, CFL: 9.00e-01
i:  29400, t:   72185.2 s, ωt:   7.22 (1.15 periods), wall: 4.253 minutes, Δt:   2.07, CFL: 9.00e-01
i:  29500, t:   72390.2 s, ωt:   7.24 (1.15 periods), wall: 4.264 minutes, Δt:   1.92, CFL: 9.00e-01
i:  29600, t:   72601.4 s, ωt:   7.26 (1.16 periods), wall: 4.274 minutes, Δt:   1.90, CFL: 9.00e-01
i:  29700, t:   72796.7 s, ωt:   7.28 (1.16 periods), wall: 4.283 minutes, Δt:   1.91, CFL: 9.00e-01
i:  29800, t:   72994.7 s, ωt:   7.30 (1.16 periods), wall: 4.294 minutes, Δt:   1.92, CFL: 9.00e-01
i:  29900, t:   73177.2 s, ωt:   7.32 (1.16 periods), wall: 4.304 minutes, Δt:   1.88, CFL: 9.00e-01
i:  30000, t:   73377.2 s, ωt:   7.34 (1.17 periods), wall: 4.315 minutes, Δt:   1.93, CFL: 9.00e-01
i:  30100, t:   73567.2 s, ωt:   7.36 (1.17 periods), wall: 4.325 minutes, Δt:   1.87, CFL: 9.00e-01
i:  30200, t:   73750.4 s, ωt:   7.38 (1.17 periods), wall: 4.334 minutes, Δt:   2.01, CFL: 9.00e-01
i:  30300, t:   73942.0 s, ωt:   7.39 (1.18 periods), wall: 4.345 minutes, Δt:   1.65, CFL: 9.00e-01
i:  30400, t:   74116.8 s, ωt:   7.41 (1.18 periods), wall: 4.354 minutes, Δt:   1.93, CFL: 9.00e-01
i:  30500, t:   74299.3 s, ωt:   7.43 (1.18 periods), wall: 4.364 minutes, Δt:   1.73, CFL: 9.00e-01
i:  30600, t:   74463.9 s, ωt:   7.45 (1.19 periods), wall: 4.375 minutes, Δt:   1.64, CFL: 9.00e-01
i:  30700, t:   74623.1 s, ωt:   7.46 (1.19 periods), wall: 4.384 minutes, Δt:   1.56, CFL: 9.00e-01
i:  30800, t:   74807.3 s, ωt:   7.48 (1.19 periods), wall: 4.395 minutes, Δt:   2.05, CFL: 9.00e-01
i:  30900, t:   74977.5 s, ωt:   7.50 (1.19 periods), wall: 4.404 minutes, Δt:   1.84, CFL: 9.00e-01
i:  31000, t:   75144.5 s, ωt:   7.51 (1.20 periods), wall: 4.415 minutes, Δt:   1.76, CFL: 9.00e-01
i:  31100, t:   75320.7 s, ωt:   7.53 (1.20 periods), wall: 4.424 minutes, Δt:   1.81, CFL: 9.00e-01
i:  31200, t:   75499.2 s, ωt:   7.55 (1.20 periods), wall: 4.436 minutes, Δt:   1.70, CFL: 9.00e-01
i:  31300, t:   75665.3 s, ωt:   7.57 (1.20 periods), wall: 4.445 minutes, Δt:   1.82, CFL: 9.00e-01
i:  31400, t:   75837.5 s, ωt:   7.58 (1.21 periods), wall: 4.456 minutes, Δt:   1.78, CFL: 9.00e-01
i:  31500, t:   76014.2 s, ωt:   7.60 (1.21 periods), wall: 4.465 minutes, Δt:   1.76, CFL: 9.00e-01
i:  31600, t:   76183.5 s, ωt:   7.62 (1.21 periods), wall: 4.476 minutes, Δt:   1.61, CFL: 9.00e-01
i:  31700, t:   76349.9 s, ωt:   7.63 (1.22 periods), wall: 4.486 minutes, Δt:   1.87, CFL: 9.00e-01
i:  31800, t:   76530.6 s, ωt:   7.65 (1.22 periods), wall: 4.496 minutes, Δt:   1.93, CFL: 9.00e-01
i:  31900, t:   76714.6 s, ωt:   7.67 (1.22 periods), wall: 4.514 minutes, Δt:   1.88, CFL: 9.00e-01
i:  32000, t:   76898.6 s, ωt:   7.69 (1.22 periods), wall: 4.523 minutes, Δt:   1.90, CFL: 9.00e-01
i:  32100, t:   77076.9 s, ωt:   7.71 (1.23 periods), wall: 4.537 minutes, Δt:   1.50, CFL: 9.00e-01
i:  32200, t:   77231.6 s, ωt:   7.72 (1.23 periods), wall: 4.546 minutes, Δt:   1.65, CFL: 9.00e-01
i:  32300, t:   77398.5 s, ωt:   7.74 (1.23 periods), wall: 4.557 minutes, Δt:   1.46, CFL: 9.00e-01
i:  32400, t:   77557.9 s, ωt:   7.76 (1.23 periods), wall: 4.566 minutes, Δt:   1.43, CFL: 9.00e-01
i:  32500, t:   77711.8 s, ωt:   7.77 (1.24 periods), wall: 4.576 minutes, Δt:   1.82, CFL: 9.00e-01
i:  32600, t:   77881.0 s, ωt:   7.79 (1.24 periods), wall: 4.585 minutes, Δt:   1.77, CFL: 9.00e-01
i:  32700, t:   78062.5 s, ωt:   7.81 (1.24 periods), wall: 4.596 minutes, Δt:   1.56, CFL: 9.00e-01
i:  32800, t:   78223.2 s, ωt:   7.82 (1.24 periods), wall: 4.605 minutes, Δt:   1.69, CFL: 9.00e-01
i:  32900, t:   78390.3 s, ωt:   7.84 (1.25 periods), wall: 4.617 minutes, Δt:   1.63, CFL: 9.00e-01
i:  33000, t:   78556.6 s, ωt:   7.86 (1.25 periods), wall: 4.627 minutes, Δt:   1.76, CFL: 9.00e-01
i:  33100, t:   78709.3 s, ωt:   7.87 (1.25 periods), wall: 4.637 minutes, Δt:   1.67, CFL: 9.00e-01
i:  33200, t:   78882.0 s, ωt:   7.89 (1.26 periods), wall: 4.647 minutes, Δt:   1.67, CFL: 9.00e-01
i:  33300, t:   79041.2 s, ωt:   7.90 (1.26 periods), wall: 4.656 minutes, Δt:   1.33, CFL: 9.00e-01
i:  33400, t:   79211.4 s, ωt:   7.92 (1.26 periods), wall: 4.667 minutes, Δt:   1.44, CFL: 9.00e-01
i:  33500, t:   79370.4 s, ωt:   7.94 (1.26 periods), wall: 4.676 minutes, Δt:   1.70, CFL: 9.00e-01
i:  33600, t:   79531.8 s, ωt:   7.95 (1.27 periods), wall: 4.687 minutes, Δt:   1.97, CFL: 9.00e-01
i:  33700, t:   79698.2 s, ωt:   7.97 (1.27 periods), wall: 4.696 minutes, Δt:   1.85, CFL: 9.00e-01
i:  33800, t:   79871.8 s, ωt:   7.99 (1.27 periods), wall: 4.710 minutes, Δt:   1.62, CFL: 9.00e-01
i:  33900, t:   80030.8 s, ωt:   8.00 (1.27 periods), wall: 4.719 minutes, Δt:   1.57, CFL: 9.00e-01
i:  34000, t:   80186.9 s, ωt:   8.02 (1.28 periods), wall: 4.729 minutes, Δt:   1.85, CFL: 9.00e-01
i:  34100, t:   80372.3 s, ωt:   8.04 (1.28 periods), wall: 4.739 minutes, Δt:   1.82, CFL: 9.00e-01
i:  34200, t:   80540.5 s, ωt:   8.05 (1.28 periods), wall: 4.749 minutes, Δt:   1.73, CFL: 9.00e-01
i:  34300, t:   80723.4 s, ωt:   8.07 (1.28 periods), wall: 4.758 minutes, Δt:   1.86, CFL: 9.00e-01
i:  34400, t:   80911.0 s, ωt:   8.09 (1.29 periods), wall: 4.770 minutes, Δt:   1.89, CFL: 9.00e-01
i:  34500, t:   81096.6 s, ωt:   8.11 (1.29 periods), wall: 4.780 minutes, Δt:   1.79, CFL: 9.00e-01
i:  34600, t:   81283.1 s, ωt:   8.13 (1.29 periods), wall: 4.789 minutes, Δt:   1.85, CFL: 9.00e-01
i:  34700, t:   81457.6 s, ωt:   8.15 (1.30 periods), wall: 4.801 minutes, Δt:   1.63, CFL: 9.00e-01
i:  34800, t:   81626.5 s, ωt:   8.16 (1.30 periods), wall: 4.810 minutes, Δt:   1.52, CFL: 9.00e-01
i:  34900, t:   81797.9 s, ωt:   8.18 (1.30 periods), wall: 4.820 minutes, Δt:   1.86, CFL: 9.00e-01
i:  35000, t:   81986.3 s, ωt:   8.20 (1.30 periods), wall: 4.830 minutes, Δt:   1.85, CFL: 9.00e-01
i:  35100, t:   82170.8 s, ωt:   8.22 (1.31 periods), wall: 4.840 minutes, Δt:   2.04, CFL: 9.00e-01
i:  35200, t:   82355.9 s, ωt:   8.24 (1.31 periods), wall: 4.852 minutes, Δt:   1.94, CFL: 9.00e-01
i:  35300, t:   82549.2 s, ωt:   8.25 (1.31 periods), wall: 4.861 minutes, Δt:   1.71, CFL: 9.00e-01
i:  35400, t:   82745.6 s, ωt:   8.27 (1.32 periods), wall: 4.872 minutes, Δt:   2.10, CFL: 9.00e-01
i:  35500, t:   82926.6 s, ωt:   8.29 (1.32 periods), wall: 4.882 minutes, Δt:   1.76, CFL: 9.00e-01
i:  35600, t:   83117.9 s, ωt:   8.31 (1.32 periods), wall: 4.892 minutes, Δt:   1.73, CFL: 9.00e-01
i:  35700, t:   83307.6 s, ωt:   8.33 (1.33 periods), wall: 4.904 minutes, Δt:   2.10, CFL: 9.00e-01
i:  35800, t:   83505.2 s, ωt:   8.35 (1.33 periods), wall: 4.913 minutes, Δt:   1.81, CFL: 9.00e-01
i:  35900, t:   83703.8 s, ωt:   8.37 (1.33 periods), wall: 4.923 minutes, Δt:   1.93, CFL: 9.00e-01
i:  36000, t:   83896.9 s, ωt:   8.39 (1.34 periods), wall: 4.934 minutes, Δt:   1.95, CFL: 9.00e-01
i:  36100, t:   84102.2 s, ωt:   8.41 (1.34 periods), wall: 4.943 minutes, Δt:   1.83, CFL: 9.00e-01
i:  36200, t:   84294.3 s, ωt:   8.43 (1.34 periods), wall: 4.955 minutes, Δt:   1.78, CFL: 9.00e-01
i:  36300, t:   84507.9 s, ωt:   8.45 (1.34 periods), wall: 4.964 minutes, Δt:   2.20, CFL: 9.00e-01
i:  36400, t:   84718.0 s, ωt:   8.47 (1.35 periods), wall: 4.974 minutes, Δt:   1.99, CFL: 9.00e-01
i:  36500, t:   84899.7 s, ωt:   8.49 (1.35 periods), wall: 4.984 minutes, Δt:   2.17, CFL: 9.00e-01
i:  36600, t:   85110.1 s, ωt:   8.51 (1.35 periods), wall: 4.994 minutes, Δt:   2.10, CFL: 9.00e-01
i:  36700, t:   85307.3 s, ωt:   8.53 (1.36 periods), wall: 5.004 minutes, Δt:   2.00, CFL: 9.00e-01
i:  36800, t:   85517.5 s, ωt:   8.55 (1.36 periods), wall: 5.014 minutes, Δt:   2.32, CFL: 9.00e-01
i:  36900, t:   85732.2 s, ωt:   8.57 (1.36 periods), wall: 5.023 minutes, Δt:   2.04, CFL: 9.00e-01
i:  37000, t:   85945.5 s, ωt:   8.59 (1.37 periods), wall: 5.034 minutes, Δt:   2.18, CFL: 9.00e-01
i:  37100, t:   86177.2 s, ωt:   8.62 (1.37 periods), wall: 5.044 minutes, Δt:   2.39, CFL: 9.00e-01
i:  37200, t:   86416.4 s, ωt:   8.64 (1.38 periods), wall: 5.054 minutes, Δt:   2.46, CFL: 9.00e-01
i:  37300, t:   86640.1 s, ωt:   8.66 (1.38 periods), wall: 5.063 minutes, Δt:   2.17, CFL: 9.00e-01
i:  37400, t:   86873.8 s, ωt:   8.69 (1.38 periods), wall: 5.074 minutes, Δt:   2.20, CFL: 9.00e-01
i:  37500, t:   87110.8 s, ωt:   8.71 (1.39 periods), wall: 5.084 minutes, Δt:   2.61, CFL: 9.00e-01
i:  37600, t:   87349.4 s, ωt:   8.73 (1.39 periods), wall: 5.095 minutes, Δt:   2.71, CFL: 9.00e-01
i:  37700, t:   87624.4 s, ωt:   8.76 (1.39 periods), wall: 5.104 minutes, Δt:   2.84, CFL: 9.00e-01
i:  37800, t:   87872.4 s, ωt:   8.79 (1.40 periods), wall: 5.114 minutes, Δt:   2.44, CFL: 9.00e-01
i:  37900, t:   88154.7 s, ωt:   8.82 (1.40 periods), wall: 5.124 minutes, Δt:   3.19, CFL: 9.00e-01
i:  38000, t:   88444.8 s, ωt:   8.84 (1.41 periods), wall: 5.135 minutes, Δt:   2.97, CFL: 9.00e-01
i:  38100, t:   88755.9 s, ωt:   8.88 (1.41 periods), wall: 5.145 minutes, Δt:   3.60, CFL: 9.00e-01
i:  38200, t:   89068.9 s, ωt:   8.91 (1.42 periods), wall: 5.155 minutes, Δt:   3.21, CFL: 9.00e-01
i:  38300, t:   89394.4 s, ωt:   8.94 (1.42 periods), wall: 5.166 minutes, Δt:   3.36, CFL: 9.00e-01
i:  38400, t:   89729.2 s, ωt:   8.97 (1.43 periods), wall: 5.176 minutes, Δt:   3.62, CFL: 9.00e-01
i:  38500, t:   90054.6 s, ωt:   9.01 (1.43 periods), wall: 5.186 minutes, Δt:   2.63, CFL: 9.00e-01
i:  38600, t:   90373.5 s, ωt:   9.04 (1.44 periods), wall: 5.196 minutes, Δt:   3.58, CFL: 9.00e-01
i:  38700, t:   90656.9 s, ωt:   9.07 (1.44 periods), wall: 5.206 minutes, Δt:   3.24, CFL: 9.00e-01
i:  38800, t:   90972.3 s, ωt:   9.10 (1.45 periods), wall: 5.217 minutes, Δt:   3.00, CFL: 9.00e-01
i:  38900, t:   91310.9 s, ωt:   9.13 (1.45 periods), wall: 5.227 minutes, Δt:   3.68, CFL: 9.00e-01
i:  39000, t:   91714.4 s, ωt:   9.17 (1.46 periods), wall: 5.237 minutes, Δt:   4.61, CFL: 9.00e-01
i:  39100, t:   92144.1 s, ωt:   9.21 (1.47 periods), wall: 5.249 minutes, Δt:   3.77, CFL: 9.00e-01
i:  39200, t:   92574.0 s, ωt:   9.26 (1.47 periods), wall: 5.259 minutes, Δt:   5.41, CFL: 8.37e-01
i:  39300, t:   93056.4 s, ωt:   9.31 (1.48 periods), wall: 5.270 minutes, Δt:   6.40, CFL: 9.00e-01
i:  39400, t:   93723.6 s, ωt:   9.37 (1.49 periods), wall: 5.283 minutes, Δt:   6.89, CFL: 9.00e-01
i:  39500, t:   94379.7 s, ωt:   9.44 (1.50 periods), wall: 5.315 minutes, Δt:   6.71, CFL: 9.00e-01
i:  39600, t:   95077.3 s, ωt:   9.51 (1.51 periods), wall: 5.327 minutes, Δt:   7.05, CFL: 9.00e-01
i:  39700, t:   95733.9 s, ωt:   9.57 (1.52 periods), wall: 5.339 minutes, Δt:   6.26, CFL: 9.00e-01
i:  39800, t:   96291.9 s, ωt:   9.63 (1.53 periods), wall: 5.351 minutes, Δt:   5.02, CFL: 9.00e-01
i:  39900, t:   96846.8 s, ωt:   9.68 (1.54 periods), wall: 5.364 minutes, Δt:   6.06, CFL: 9.00e-01
i:  40000, t:   97384.7 s, ωt:   9.74 (1.55 periods), wall: 5.374 minutes, Δt:   5.35, CFL: 9.00e-01
i:  40100, t:   97830.9 s, ωt:   9.78 (1.56 periods), wall: 5.386 minutes, Δt:   4.12, CFL: 9.00e-01
i:  40200, t:   98235.2 s, ωt:   9.82 (1.56 periods), wall: 5.397 minutes, Δt:   3.28, CFL: 9.00e-01
i:  40300, t:   98570.0 s, ωt:   9.86 (1.57 periods), wall: 5.407 minutes, Δt:   3.35, CFL: 9.00e-01
i:  40400, t:   98883.5 s, ωt:   9.89 (1.57 periods), wall: 5.417 minutes, Δt:   3.30, CFL: 9.00e-01
i:  40500, t:   99188.1 s, ωt:   9.92 (1.58 periods), wall: 5.428 minutes, Δt:   3.01, CFL: 9.00e-01
i:  40600, t:   99481.8 s, ωt:   9.95 (1.58 periods), wall: 5.438 minutes, Δt:   2.83, CFL: 9.00e-01
i:  40700, t:   99760.4 s, ωt:   9.98 (1.59 periods), wall: 5.449 minutes, Δt:   2.70, CFL: 9.00e-01
i:  40800, t:  100051.9 s, ωt:  10.01 (1.59 periods), wall: 5.460 minutes, Δt:   2.94, CFL: 9.00e-01
i:  40900, t:  100309.6 s, ωt:  10.03 (1.60 periods), wall: 5.474 minutes, Δt:   2.07, CFL: 9.00e-01
i:  41000, t:  100540.3 s, ωt:  10.05 (1.60 periods), wall: 5.484 minutes, Δt:   2.17, CFL: 9.00e-01
i:  41100, t:  100779.9 s, ωt:  10.08 (1.60 periods), wall: 5.494 minutes, Δt:   2.38, CFL: 9.00e-01
i:  41200, t:  101010.1 s, ωt:  10.10 (1.61 periods), wall: 5.504 minutes, Δt:   2.12, CFL: 9.00e-01
i:  41300, t:  101242.6 s, ωt:  10.12 (1.61 periods), wall: 5.514 minutes, Δt:   2.25, CFL: 9.00e-01
i:  41400, t:  101478.2 s, ωt:  10.15 (1.62 periods), wall: 5.525 minutes, Δt:   2.52, CFL: 9.00e-01
i:  41500, t:  101725.8 s, ωt:  10.17 (1.62 periods), wall: 5.534 minutes, Δt:   2.10, CFL: 9.00e-01
i:  41600, t:  101936.3 s, ωt:  10.19 (1.62 periods), wall: 5.544 minutes, Δt:   2.41, CFL: 9.00e-01
i:  41700, t:  102163.3 s, ωt:  10.22 (1.63 periods), wall: 5.555 minutes, Δt:   2.20, CFL: 9.00e-01
i:  41800, t:  102385.1 s, ωt:  10.24 (1.63 periods), wall: 5.564 minutes, Δt:   2.44, CFL: 9.00e-01
i:  41900, t:  102603.9 s, ωt:  10.26 (1.63 periods), wall: 5.574 minutes, Δt:   1.98, CFL: 9.00e-01
i:  42000, t:  102812.7 s, ωt:  10.28 (1.64 periods), wall: 5.585 minutes, Δt:   2.13, CFL: 9.00e-01
i:  42100, t:  103019.6 s, ωt:  10.30 (1.64 periods), wall: 5.594 minutes, Δt:   2.05, CFL: 9.00e-01
i:  42200, t:  103219.8 s, ωt:  10.32 (1.64 periods), wall: 5.605 minutes, Δt:   2.06, CFL: 9.00e-01
i:  42300, t:  103422.4 s, ωt:  10.34 (1.65 periods), wall: 5.616 minutes, Δt:   1.93, CFL: 9.00e-01
i:  42400, t:  103608.9 s, ωt:  10.36 (1.65 periods), wall: 5.626 minutes, Δt:   2.02, CFL: 9.00e-01
i:  42500, t:  103809.6 s, ωt:  10.38 (1.65 periods), wall: 5.637 minutes, Δt:   2.15, CFL: 9.00e-01
i:  42600, t:  104004.2 s, ωt:  10.40 (1.66 periods), wall: 5.647 minutes, Δt:   1.87, CFL: 9.00e-01
i:  42700, t:  104194.8 s, ωt:  10.42 (1.66 periods), wall: 5.656 minutes, Δt:   2.07, CFL: 9.00e-01
i:  42800, t:  104374.8 s, ωt:  10.44 (1.66 periods), wall: 5.666 minutes, Δt:   1.85, CFL: 9.00e-01
i:  42900, t:  104561.5 s, ωt:  10.46 (1.66 periods), wall: 5.676 minutes, Δt:   1.99, CFL: 8.95e-01
i:  43000, t:  104748.4 s, ωt:  10.47 (1.67 periods), wall: 5.686 minutes, Δt:   1.74, CFL: 9.00e-01
i:  43100, t:  104924.0 s, ωt:  10.49 (1.67 periods), wall: 5.695 minutes, Δt:   1.87, CFL: 9.00e-01
i:  43200, t:  105101.3 s, ωt:  10.51 (1.67 periods), wall: 5.706 minutes, Δt:   1.69, CFL: 9.00e-01
i:  43300, t:  105274.6 s, ωt:  10.53 (1.68 periods), wall: 5.716 minutes, Δt:   1.77, CFL: 9.00e-01
i:  43400, t:  105456.4 s, ωt:  10.55 (1.68 periods), wall: 5.725 minutes, Δt:   1.71, CFL: 9.00e-01
i:  43500, t:  105637.6 s, ωt:  10.56 (1.68 periods), wall: 5.736 minutes, Δt:   1.82, CFL: 9.00e-01
i:  43600, t:  105814.3 s, ωt:  10.58 (1.68 periods), wall: 5.745 minutes, Δt:   1.76, CFL: 9.00e-01
i:  43700, t:  105995.7 s, ωt:  10.60 (1.69 periods), wall: 5.756 minutes, Δt:   1.60, CFL: 9.00e-01
i:  43800, t:  106167.8 s, ωt:  10.62 (1.69 periods), wall: 5.765 minutes, Δt:   1.74, CFL: 9.00e-01
i:  43900, t:  106344.6 s, ωt:  10.63 (1.69 periods), wall: 5.776 minutes, Δt:   1.46, CFL: 9.00e-01
i:  44000, t:  106503.2 s, ωt:  10.65 (1.70 periods), wall: 5.789 minutes, Δt:   1.75, CFL: 9.00e-01
i:  44100, t:  106675.5 s, ωt:  10.67 (1.70 periods), wall: 5.798 minutes, Δt:   1.68, CFL: 9.00e-01
i:  44200, t:  106845.5 s, ωt:  10.68 (1.70 periods), wall: 5.809 minutes, Δt:   1.57, CFL: 9.00e-01
i:  44300, t:  106996.4 s, ωt:  10.70 (1.70 periods), wall: 5.818 minutes, Δt:   1.60, CFL: 9.00e-01
i:  44400, t:  107156.4 s, ωt:  10.72 (1.71 periods), wall: 5.829 minutes, Δt:   1.58, CFL: 9.00e-01
i:  44500, t:  107329.2 s, ωt:  10.73 (1.71 periods), wall: 5.838 minutes, Δt:   1.65, CFL: 9.00e-01
i:  44600, t:  107483.8 s, ωt:  10.75 (1.71 periods), wall: 5.849 minutes, Δt:   1.87, CFL: 9.00e-01
i:  44700, t:  107659.1 s, ωt:  10.77 (1.71 periods), wall: 5.858 minutes, Δt:   1.89, CFL: 9.00e-01
i:  44800, t:  107821.2 s, ωt:  10.78 (1.72 periods), wall: 5.868 minutes, Δt:   1.67, CFL: 9.00e-01
i:  44900, t:  108000.0 s, ωt:  10.80 (1.72 periods), wall: 5.877 minutes, Δt:   1.67, CFL: 9.00e-01
i:  45000, t:  108163.6 s, ωt:  10.82 (1.72 periods), wall: 5.888 minutes, Δt:   1.88, CFL: 9.00e-01
i:  45100, t:  108337.2 s, ωt:  10.83 (1.72 periods), wall: 5.897 minutes, Δt:   1.30, CFL: 9.00e-01
i:  45200, t:  108469.3 s, ωt:  10.85 (1.73 periods), wall: 5.907 minutes, Δt:   1.86, CFL: 9.00e-01
i:  45300, t:  108633.3 s, ωt:  10.86 (1.73 periods), wall: 5.917 minutes, Δt:   1.53, CFL: 9.00e-01
i:  45400, t:  108787.2 s, ωt:  10.88 (1.73 periods), wall: 5.927 minutes, Δt:   1.67, CFL: 9.00e-01
i:  45500, t:  108940.3 s, ωt:  10.89 (1.73 periods), wall: 5.936 minutes, Δt:   1.55, CFL: 9.00e-01
i:  45600, t:  109091.5 s, ωt:  10.91 (1.74 periods), wall: 5.947 minutes, Δt:   1.51, CFL: 9.00e-01
i:  45700, t:  109254.4 s, ωt:  10.93 (1.74 periods), wall: 5.956 minutes, Δt:   1.59, CFL: 9.00e-01
i:  45800, t:  109411.5 s, ωt:  10.94 (1.74 periods), wall: 5.966 minutes, Δt:   1.59, CFL: 9.00e-01
i:  45900, t:  109575.2 s, ωt:  10.96 (1.74 periods), wall: 5.975 minutes, Δt:   1.30, CFL: 9.00e-01
i:  46000, t:  109725.5 s, ωt:  10.97 (1.75 periods), wall: 5.986 minutes, Δt:   1.40, CFL: 9.00e-01
i:  46100, t:  109882.4 s, ωt:  10.99 (1.75 periods), wall: 5.995 minutes, Δt:   1.54, CFL: 9.00e-01
i:  46200, t:  110048.4 s, ωt:  11.00 (1.75 periods), wall: 6.005 minutes, Δt:   1.73, CFL: 9.00e-01
i:  46300, t:  110203.8 s, ωt:  11.02 (1.75 periods), wall: 6.014 minutes, Δt:   1.60, CFL: 9.00e-01
i:  46400, t:  110359.8 s, ωt:  11.04 (1.76 periods), wall: 6.025 minutes, Δt:   1.77, CFL: 9.00e-01
i:  46500, t:  110522.7 s, ωt:  11.05 (1.76 periods), wall: 6.034 minutes, Δt:   1.48, CFL: 9.00e-01
i:  46600, t:  110663.8 s, ωt:  11.07 (1.76 periods), wall: 6.044 minutes, Δt:   1.55, CFL: 8.69e-01
i:  46700, t:  110819.0 s, ωt:  11.08 (1.76 periods), wall: 6.053 minutes, Δt:   1.50, CFL: 9.00e-01
i:  46800, t:  110974.0 s, ωt:  11.10 (1.77 periods), wall: 6.065 minutes, Δt:   1.88, CFL: 9.00e-01
i:  46900, t:  111144.6 s, ωt:  11.11 (1.77 periods), wall: 6.074 minutes, Δt:   1.64, CFL: 9.00e-01
i:  47000, t:  111315.1 s, ωt:  11.13 (1.77 periods), wall: 6.085 minutes, Δt:   1.54, CFL: 9.00e-01
i:  47100, t:  111463.8 s, ωt:  11.15 (1.77 periods), wall: 6.094 minutes, Δt:   1.65, CFL: 9.00e-01
i:  47200, t:  111616.0 s, ωt:  11.16 (1.78 periods), wall: 6.106 minutes, Δt:   1.68, CFL: 9.00e-01
i:  47300, t:  111764.4 s, ωt:  11.18 (1.78 periods), wall: 6.115 minutes, Δt:   1.62, CFL: 9.00e-01
i:  47400, t:  111921.5 s, ωt:  11.19 (1.78 periods), wall: 6.128 minutes, Δt:   1.47, CFL: 9.00e-01
i:  47500, t:  112086.3 s, ωt:  11.21 (1.78 periods), wall: 6.137 minutes, Δt:   1.70, CFL: 9.00e-01
i:  47600, t:  112250.8 s, ωt:  11.23 (1.79 periods), wall: 6.147 minutes, Δt:   1.60, CFL: 9.00e-01
i:  47700, t:  112426.6 s, ωt:  11.24 (1.79 periods), wall: 6.156 minutes, Δt:   1.69, CFL: 9.00e-01
i:  47800, t:  112582.3 s, ωt:  11.26 (1.79 periods), wall: 6.167 minutes, Δt:   1.68, CFL: 9.00e-01
i:  47900, t:  112749.1 s, ωt:  11.27 (1.79 periods), wall: 6.177 minutes, Δt:   1.44, CFL: 9.00e-01
i:  48000, t:  112909.9 s, ωt:  11.29 (1.80 periods), wall: 6.190 minutes, Δt:   1.64, CFL: 9.00e-01
i:  48100, t:  113070.4 s, ωt:  11.31 (1.80 periods), wall: 6.199 minutes, Δt:   1.70, CFL: 9.00e-01
i:  48200, t:  113233.3 s, ωt:  11.32 (1.80 periods), wall: 6.210 minutes, Δt:   1.71, CFL: 9.00e-01
i:  48300, t:  113398.4 s, ωt:  11.34 (1.80 periods), wall: 6.219 minutes, Δt:   1.72, CFL: 9.00e-01
i:  48400, t:  113574.5 s, ωt:  11.36 (1.81 periods), wall: 6.229 minutes, Δt:   1.93, CFL: 9.00e-01
i:  48500, t:  113737.2 s, ωt:  11.37 (1.81 periods), wall: 6.240 minutes, Δt:   1.37, CFL: 9.00e-01
i:  48600, t:  113879.7 s, ωt:  11.39 (1.81 periods), wall: 6.249 minutes, Δt:   1.57, CFL: 9.00e-01
i:  48700, t:  114043.4 s, ωt:  11.40 (1.82 periods), wall: 6.259 minutes, Δt:   1.79, CFL: 9.00e-01
i:  48800, t:  114224.9 s, ωt:  11.42 (1.82 periods), wall: 6.269 minutes, Δt:   1.78, CFL: 9.00e-01
i:  48900, t:  114399.4 s, ωt:  11.44 (1.82 periods), wall: 6.282 minutes, Δt:   1.65, CFL: 9.00e-01
i:  49000, t:  114592.2 s, ωt:  11.46 (1.82 periods), wall: 6.291 minutes, Δt:   1.65, CFL: 9.00e-01
i:  49100, t:  114770.0 s, ωt:  11.48 (1.83 periods), wall: 6.302 minutes, Δt:   1.70, CFL: 9.00e-01
i:  49200, t:  114939.9 s, ωt:  11.49 (1.83 periods), wall: 6.311 minutes, Δt:   1.79, CFL: 9.00e-01
i:  49300, t:  115119.0 s, ωt:  11.51 (1.83 periods), wall: 6.322 minutes, Δt:   1.87, CFL: 9.00e-01
i:  49400, t:  115300.1 s, ωt:  11.53 (1.84 periods), wall: 6.332 minutes, Δt:   1.94, CFL: 9.00e-01
i:  49500, t:  115482.5 s, ωt:  11.55 (1.84 periods), wall: 6.341 minutes, Δt:   1.87, CFL: 9.00e-01
i:  49600, t:  115674.4 s, ωt:  11.57 (1.84 periods), wall: 6.352 minutes, Δt:   1.89, CFL: 9.00e-01
i:  49700, t:  115864.0 s, ωt:  11.59 (1.84 periods), wall: 6.361 minutes, Δt:   1.83, CFL: 9.00e-01
i:  49800, t:  116050.4 s, ωt:  11.61 (1.85 periods), wall: 6.371 minutes, Δt:   1.59, CFL: 9.00e-01
i:  49900, t:  116238.9 s, ωt:  11.62 (1.85 periods), wall: 6.380 minutes, Δt:   1.61, CFL: 9.00e-01
i:  50000, t:  116433.2 s, ωt:  11.64 (1.85 periods), wall: 6.390 minutes, Δt:   2.21, CFL: 9.00e-01
i:  50100, t:  116648.6 s, ωt:  11.66 (1.86 periods), wall: 6.401 minutes, Δt:   2.17, CFL: 9.00e-01
i:  50200, t:  116869.2 s, ωt:  11.69 (1.86 periods), wall: 6.412 minutes, Δt:   2.01, CFL: 9.00e-01
i:  50300, t:  117072.9 s, ωt:  11.71 (1.86 periods), wall: 6.421 minutes, Δt:   2.05, CFL: 9.00e-01
i:  50400, t:  117275.0 s, ωt:  11.73 (1.87 periods), wall: 6.432 minutes, Δt:   2.41, CFL: 9.00e-01
i:  50500, t:  117482.8 s, ωt:  11.75 (1.87 periods), wall: 6.441 minutes, Δt:   2.09, CFL: 9.00e-01
i:  50600, t:  117671.4 s, ωt:  11.77 (1.87 periods), wall: 6.451 minutes, Δt:   1.78, CFL: 9.00e-01
i:  50700, t:  117868.1 s, ωt:  11.79 (1.88 periods), wall: 6.462 minutes, Δt:   1.85, CFL: 9.00e-01
i:  50800, t:  118061.8 s, ωt:  11.81 (1.88 periods), wall: 6.471 minutes, Δt:   2.01, CFL: 9.00e-01
i:  50900, t:  118282.7 s, ωt:  11.83 (1.88 periods), wall: 6.482 minutes, Δt:   2.30, CFL: 9.00e-01
i:  51000, t:  118497.4 s, ωt:  11.85 (1.89 periods), wall: 6.492 minutes, Δt:   2.19, CFL: 9.00e-01
i:  51100, t:  118716.9 s, ωt:  11.87 (1.89 periods), wall: 6.501 minutes, Δt:   2.04, CFL: 9.00e-01
i:  51200, t:  118957.9 s, ωt:  11.90 (1.89 periods), wall: 6.512 minutes, Δt:   2.53, CFL: 9.00e-01
i:  51300, t:  119200.4 s, ωt:  11.92 (1.90 periods), wall: 6.522 minutes, Δt:   2.76, CFL: 9.00e-01
i:  51400, t:  119468.2 s, ωt:  11.95 (1.90 periods), wall: 6.533 minutes, Δt:   2.66, CFL: 9.00e-01
i:  51500, t:  119706.2 s, ωt:  11.97 (1.91 periods), wall: 6.543 minutes, Δt:   2.23, CFL: 9.00e-01
i:  51600, t:  119978.6 s, ωt:  12.00 (1.91 periods), wall: 6.552 minutes, Δt:   3.06, CFL: 9.00e-01
i:  51700, t:  120262.6 s, ωt:  12.03 (1.91 periods), wall: 6.563 minutes, Δt:   2.12, CFL: 9.00e-01
i:  51800, t:  120512.7 s, ωt:  12.05 (1.92 periods), wall: 6.574 minutes, Δt:   2.94, CFL: 9.00e-01
i:  51900, t:  120805.3 s, ωt:  12.08 (1.92 periods), wall: 6.584 minutes, Δt:   3.15, CFL: 9.00e-01
i:  52000, t:  121135.9 s, ωt:  12.11 (1.93 periods), wall: 6.594 minutes, Δt:   3.44, CFL: 9.00e-01
i:  52100, t:  121464.4 s, ωt:  12.15 (1.93 periods), wall: 6.604 minutes, Δt:   3.01, CFL: 9.00e-01
i:  52200, t:  121770.5 s, ωt:  12.18 (1.94 periods), wall: 6.615 minutes, Δt:   2.81, CFL: 9.00e-01
i:  52300, t:  122080.7 s, ωt:  12.21 (1.94 periods), wall: 6.625 minutes, Δt:   3.66, CFL: 9.00e-01
i:  52400, t:  122466.1 s, ωt:  12.25 (1.95 periods), wall: 6.635 minutes, Δt:   4.38, CFL: 9.00e-01
i:  52500, t:  122836.3 s, ωt:  12.28 (1.96 periods), wall: 6.645 minutes, Δt:   4.24, CFL: 9.00e-01
i:  52600, t:  123210.1 s, ωt:  12.32 (1.96 periods), wall: 6.657 minutes, Δt:   3.13, CFL: 9.00e-01
i:  52700, t:  123556.3 s, ωt:  12.36 (1.97 periods), wall: 6.667 minutes, Δt:   4.20, CFL: 9.00e-01
i:  52800, t:  123976.1 s, ωt:  12.40 (1.97 periods), wall: 6.678 minutes, Δt:   4.94, CFL: 9.00e-01
i:  52900, t:  124424.9 s, ωt:  12.44 (1.98 periods), wall: 6.690 minutes, Δt:   4.10, CFL: 9.00e-01
i:  53000, t:  124979.4 s, ωt:  12.50 (1.99 periods), wall: 6.700 minutes, Δt:   7.30, CFL: 9.00e-01
i:  53100, t:  125617.3 s, ωt:  12.56 (2.00 periods), wall: 6.712 minutes, Δt:   5.56, CFL: 9.00e-01
i:  53200, t:  126227.9 s, ωt:  12.62 (2.01 periods), wall: 6.747 minutes, Δt:   5.89, CFL: 9.00e-01
i:  53300, t:  126878.2 s, ωt:  12.69 (2.02 periods), wall: 6.760 minutes, Δt:   7.03, CFL: 9.00e-01
i:  53400, t:  127509.6 s, ωt:  12.75 (2.03 periods), wall: 6.772 minutes, Δt:   6.30, CFL: 9.00e-01
i:  53500, t:  128097.1 s, ωt:  12.81 (2.04 periods), wall: 6.783 minutes, Δt:   6.10, CFL: 9.00e-01
i:  53600, t:  128677.7 s, ωt:  12.87 (2.05 periods), wall: 6.795 minutes, Δt:   5.27, CFL: 9.00e-01
i:  53700, t:  129146.5 s, ωt:  12.91 (2.06 periods), wall: 6.807 minutes, Δt:   4.47, CFL: 9.00e-01
i:  53800, t:  129530.1 s, ωt:  12.95 (2.06 periods), wall: 6.818 minutes, Δt:   3.90, CFL: 9.00e-01
i:  53900, t:  129903.9 s, ωt:  12.99 (2.07 periods), wall: 6.828 minutes, Δt:   3.99, CFL: 9.00e-01
i:  54000, t:  130274.9 s, ωt:  13.03 (2.07 periods), wall: 6.838 minutes, Δt:   3.53, CFL: 9.00e-01
i:  54100, t:  130671.9 s, ωt:  13.07 (2.08 periods), wall: 6.848 minutes, Δt:   3.84, CFL: 9.00e-01
i:  54200, t:  131011.6 s, ωt:  13.10 (2.09 periods), wall: 6.860 minutes, Δt:   3.53, CFL: 9.00e-01
i:  54300, t:  131321.6 s, ωt:  13.13 (2.09 periods), wall: 6.870 minutes, Δt:   2.78, CFL: 9.00e-01
i:  54400, t:  131614.5 s, ωt:  13.16 (2.09 periods), wall: 6.879 minutes, Δt:   2.56, CFL: 9.00e-01
i:  54500, t:  131885.8 s, ωt:  13.19 (2.10 periods), wall: 6.889 minutes, Δt:   2.62, CFL: 9.00e-01
i:  54600, t:  132164.0 s, ωt:  13.22 (2.10 periods), wall: 6.899 minutes, Δt:   2.56, CFL: 9.00e-01
i:  54700, t:  132422.9 s, ωt:  13.24 (2.11 periods), wall: 6.911 minutes, Δt:   2.85, CFL: 9.00e-01
i:  54800, t:  132686.4 s, ωt:  13.27 (2.11 periods), wall: 6.921 minutes, Δt:   2.60, CFL: 9.00e-01
i:  54900, t:  132936.0 s, ωt:  13.29 (2.12 periods), wall: 6.931 minutes, Δt:   2.62, CFL: 9.00e-01
i:  55000, t:  133166.6 s, ωt:  13.32 (2.12 periods), wall: 6.940 minutes, Δt:   2.28, CFL: 9.00e-01
i:  55100, t:  133398.3 s, ωt:  13.34 (2.12 periods), wall: 6.950 minutes, Δt:   2.17, CFL: 9.00e-01
i:  55200, t:  133598.9 s, ωt:  13.36 (2.13 periods), wall: 6.961 minutes, Δt:   2.10, CFL: 8.98e-01
i:  55300, t:  133822.3 s, ωt:  13.38 (2.13 periods), wall: 6.970 minutes, Δt:   2.37, CFL: 9.00e-01
i:  55400, t:  134043.1 s, ωt:  13.40 (2.13 periods), wall: 6.980 minutes, Δt:   2.21, CFL: 9.00e-01
i:  55500, t:  134269.7 s, ωt:  13.43 (2.14 periods), wall: 6.990 minutes, Δt:   2.42, CFL: 9.00e-01
i:  55600, t:  134495.4 s, ωt:  13.45 (2.14 periods), wall: 7.001 minutes, Δt:   2.17, CFL: 9.00e-01
i:  55700, t:  134707.9 s, ωt:  13.47 (2.14 periods), wall: 7.010 minutes, Δt:   2.24, CFL: 9.00e-01
i:  55800, t:  134911.2 s, ωt:  13.49 (2.15 periods), wall: 7.020 minutes, Δt:   2.29, CFL: 9.00e-01
i:  55900, t:  135108.1 s, ωt:  13.51 (2.15 periods), wall: 7.030 minutes, Δt:   1.96, CFL: 9.00e-01
i:  56000, t:  135313.6 s, ωt:  13.53 (2.15 periods), wall: 7.040 minutes, Δt:   2.05, CFL: 9.00e-01
i:  56100, t:  135509.0 s, ωt:  13.55 (2.16 periods), wall: 7.050 minutes, Δt:   2.04, CFL: 9.00e-01
i:  56200, t:  135704.2 s, ωt:  13.57 (2.16 periods), wall: 7.059 minutes, Δt:   1.88, CFL: 9.00e-01
i:  56300, t:  135898.1 s, ωt:  13.59 (2.16 periods), wall: 7.069 minutes, Δt:   2.07, CFL: 9.00e-01
i:  56400, t:  136093.0 s, ωt:  13.61 (2.17 periods), wall: 7.079 minutes, Δt:   1.90, CFL: 9.00e-01
i:  56500, t:  136276.0 s, ωt:  13.63 (2.17 periods), wall: 7.088 minutes, Δt:   1.58, CFL: 9.00e-01
i:  56600, t:  136454.8 s, ωt:  13.65 (2.17 periods), wall: 7.099 minutes, Δt:   1.74, CFL: 9.00e-01
i:  56700, t:  136645.2 s, ωt:  13.66 (2.17 periods), wall: 7.108 minutes, Δt:   1.74, CFL: 9.00e-01
i:  56800, t:  136839.4 s, ωt:  13.68 (2.18 periods), wall: 7.119 minutes, Δt:   1.89, CFL: 9.00e-01
i:  56900, t:  137033.7 s, ωt:  13.70 (2.18 periods), wall: 7.129 minutes, Δt:   1.95, CFL: 9.00e-01
i:  57000, t:  137195.2 s, ωt:  13.72 (2.18 periods), wall: 7.138 minutes, Δt:   1.79, CFL: 9.00e-01
i:  57100, t:  137367.7 s, ωt:  13.74 (2.19 periods), wall: 7.148 minutes, Δt:   1.59, CFL: 9.00e-01
i:  57200, t:  137529.8 s, ωt:  13.75 (2.19 periods), wall: 7.158 minutes, Δt:   1.70, CFL: 9.00e-01
i:  57300, t:  137710.3 s, ωt:  13.77 (2.19 periods), wall: 7.168 minutes, Δt:   1.81, CFL: 9.00e-01
i:  57400, t:  137887.2 s, ωt:  13.79 (2.19 periods), wall: 7.177 minutes, Δt:   1.79, CFL: 9.00e-01
i:  57500, t:  138064.3 s, ωt:  13.81 (2.20 periods), wall: 7.188 minutes, Δt:   1.61, CFL: 9.00e-01
i:  57600, t:  138235.1 s, ωt:  13.82 (2.20 periods), wall: 7.198 minutes, Δt:   1.61, CFL: 9.00e-01
i:  57700, t:  138401.9 s, ωt:  13.84 (2.20 periods), wall: 7.207 minutes, Δt:   1.82, CFL: 9.00e-01
i:  57800, t:  138571.2 s, ωt:  13.86 (2.21 periods), wall: 7.219 minutes, Δt:   1.91, CFL: 9.00e-01
i:  57900, t:  138747.2 s, ωt:  13.87 (2.21 periods), wall: 7.228 minutes, Δt:   1.85, CFL: 9.00e-01
i:  58000, t:  138919.9 s, ωt:  13.89 (2.21 periods), wall: 7.238 minutes, Δt:   1.67, CFL: 9.00e-01
i:  58100, t:  139066.1 s, ωt:  13.91 (2.21 periods), wall: 7.248 minutes, Δt:   1.66, CFL: 9.00e-01
i:  58200, t:  139234.0 s, ωt:  13.92 (2.22 periods), wall: 7.258 minutes, Δt:   1.59, CFL: 9.00e-01
i:  58300, t:  139396.2 s, ωt:  13.94 (2.22 periods), wall: 7.267 minutes, Δt:   1.71, CFL: 9.00e-01
i:  58400, t:  139563.2 s, ωt:  13.96 (2.22 periods), wall: 7.277 minutes, Δt:   1.59, CFL: 9.00e-01
i:  58500, t:  139733.9 s, ωt:  13.97 (2.22 periods), wall: 7.287 minutes, Δt:   1.78, CFL: 9.00e-01
i:  58600, t:  139903.7 s, ωt:  13.99 (2.23 periods), wall: 7.297 minutes, Δt:   1.77, CFL: 9.00e-01
i:  58700, t:  140073.1 s, ωt:  14.01 (2.23 periods), wall: 7.306 minutes, Δt:   1.80, CFL: 9.00e-01
i:  58800, t:  140250.2 s, ωt:  14.03 (2.23 periods), wall: 7.317 minutes, Δt:   1.57, CFL: 9.00e-01
i:  58900, t:  140425.1 s, ωt:  14.04 (2.23 periods), wall: 7.326 minutes, Δt:   1.88, CFL: 9.00e-01
i:  59000, t:  140589.5 s, ωt:  14.06 (2.24 periods), wall: 7.336 minutes, Δt:   1.48, CFL: 9.00e-01
i:  59100, t:  140757.9 s, ωt:  14.08 (2.24 periods), wall: 7.348 minutes, Δt:   1.72, CFL: 9.00e-01
i:  59200, t:  140933.1 s, ωt:  14.09 (2.24 periods), wall: 7.358 minutes, Δt:   1.93, CFL: 9.00e-01
i:  59300, t:  141098.6 s, ωt:  14.11 (2.25 periods), wall: 7.371 minutes, Δt:   1.64, CFL: 9.00e-01
i:  59400, t:  141263.4 s, ωt:  14.13 (2.25 periods), wall: 7.381 minutes, Δt:   1.62, CFL: 9.00e-01
i:  59500, t:  141429.1 s, ωt:  14.14 (2.25 periods), wall: 7.394 minutes, Δt:   1.57, CFL: 9.00e-01
i:  59600, t:  141588.7 s, ωt:  14.16 (2.25 periods), wall: 7.404 minutes, Δt:   1.76, CFL: 9.00e-01
i:  59700, t:  141749.4 s, ωt:  14.17 (2.26 periods), wall: 7.417 minutes, Δt:   1.74, CFL: 9.00e-01
i:  59800, t:  141914.9 s, ωt:  14.19 (2.26 periods), wall: 7.428 minutes, Δt:   1.55, CFL: 9.00e-01
i:  59900, t:  142071.2 s, ωt:  14.21 (2.26 periods), wall: 7.439 minutes, Δt:   1.69, CFL: 9.00e-01
i:  60000, t:  142250.0 s, ωt:  14.22 (2.26 periods), wall: 7.449 minutes, Δt:   1.57, CFL: 9.00e-01
i:  60100, t:  142404.6 s, ωt:  14.24 (2.27 periods), wall: 7.461 minutes, Δt:   1.69, CFL: 9.00e-01
i:  60200, t:  142583.6 s, ωt:  14.26 (2.27 periods), wall: 7.471 minutes, Δt:   1.89, CFL: 9.00e-01
i:  60300, t:  142739.9 s, ωt:  14.27 (2.27 periods), wall: 7.482 minutes, Δt:   1.75, CFL: 8.74e-01
i:  60400, t:  142910.6 s, ωt:  14.29 (2.27 periods), wall: 7.492 minutes, Δt:   1.73, CFL: 9.00e-01
i:  60500, t:  143094.3 s, ωt:  14.31 (2.28 periods), wall: 7.503 minutes, Δt:   1.78, CFL: 9.00e-01
i:  60600, t:  143270.8 s, ωt:  14.33 (2.28 periods), wall: 7.514 minutes, Δt:   1.67, CFL: 9.00e-01
i:  60700, t:  143447.1 s, ωt:  14.34 (2.28 periods), wall: 7.524 minutes, Δt:   1.83, CFL: 9.00e-01
i:  60800, t:  143629.5 s, ωt:  14.36 (2.29 periods), wall: 7.537 minutes, Δt:   1.96, CFL: 9.00e-01
i:  60900, t:  143803.4 s, ωt:  14.38 (2.29 periods), wall: 7.547 minutes, Δt:   1.76, CFL: 9.00e-01
i:  61000, t:  143983.0 s, ωt:  14.40 (2.29 periods), wall: 7.560 minutes, Δt:   1.94, CFL: 9.00e-01
i:  61100, t:  144168.0 s, ωt:  14.42 (2.29 periods), wall: 7.570 minutes, Δt:   1.71, CFL: 9.00e-01
i:  61200, t:  144325.3 s, ωt:  14.43 (2.30 periods), wall: 7.581 minutes, Δt:   1.77, CFL: 9.00e-01
i:  61300, t:  144495.2 s, ωt:  14.45 (2.30 periods), wall: 7.591 minutes, Δt:   1.90, CFL: 9.00e-01
i:  61400, t:  144676.8 s, ωt:  14.47 (2.30 periods), wall: 7.603 minutes, Δt:   1.72, CFL: 9.00e-01
i:  61500, t:  144852.5 s, ωt:  14.49 (2.31 periods), wall: 7.615 minutes, Δt:   1.75, CFL: 9.00e-01
i:  61600, t:  145031.5 s, ωt:  14.50 (2.31 periods), wall: 7.625 minutes, Δt:   2.17, CFL: 9.00e-01
i:  61700, t:  145225.2 s, ωt:  14.52 (2.31 periods), wall: 7.636 minutes, Δt:   1.79, CFL: 9.00e-01
i:  61800, t:  145397.4 s, ωt:  14.54 (2.31 periods), wall: 7.646 minutes, Δt:   1.67, CFL: 9.00e-01
i:  61900, t:  145577.4 s, ωt:  14.56 (2.32 periods), wall: 7.657 minutes, Δt:   1.99, CFL: 9.00e-01
i:  62000, t:  145765.8 s, ωt:  14.58 (2.32 periods), wall: 7.668 minutes, Δt:   1.81, CFL: 9.00e-01
i:  62100, t:  145957.3 s, ωt:  14.60 (2.32 periods), wall: 7.679 minutes, Δt:   2.02, CFL: 9.00e-01
i:  62200, t:  146146.8 s, ωt:  14.61 (2.33 periods), wall: 7.691 minutes, Δt:   1.63, CFL: 9.00e-01
i:  62300, t:  146341.7 s, ωt:  14.63 (2.33 periods), wall: 7.701 minutes, Δt:   2.08, CFL: 9.00e-01
i:  62400, t:  146538.7 s, ωt:  14.65 (2.33 periods), wall: 7.712 minutes, Δt:   2.14, CFL: 9.00e-01
i:  62500, t:  146721.0 s, ωt:  14.67 (2.34 periods), wall: 7.723 minutes, Δt:   2.00, CFL: 9.00e-01
i:  62600, t:  146930.0 s, ωt:  14.69 (2.34 periods), wall: 7.733 minutes, Δt:   2.05, CFL: 9.00e-01
i:  62700, t:  147128.9 s, ωt:  14.71 (2.34 periods), wall: 7.745 minutes, Δt:   2.14, CFL: 9.00e-01
i:  62800, t:  147327.0 s, ωt:  14.73 (2.34 periods), wall: 7.754 minutes, Δt:   1.69, CFL: 9.00e-01
i:  62900, t:  147547.8 s, ωt:  14.75 (2.35 periods), wall: 7.766 minutes, Δt:   2.24, CFL: 9.00e-01
i:  63000, t:  147752.2 s, ωt:  14.78 (2.35 periods), wall: 7.777 minutes, Δt:   2.29, CFL: 9.00e-01
i:  63100, t:  147980.7 s, ωt:  14.80 (2.36 periods), wall: 7.788 minutes, Δt:   2.29, CFL: 9.00e-01
i:  63200, t:  148201.7 s, ωt:  14.82 (2.36 periods), wall: 7.798 minutes, Δt:   1.82, CFL: 9.00e-01
i:  63300, t:  148417.4 s, ωt:  14.84 (2.36 periods), wall: 7.809 minutes, Δt:   2.22, CFL: 9.00e-01
i:  63400, t:  148629.5 s, ωt:  14.86 (2.37 periods), wall: 7.824 minutes, Δt:   2.07, CFL: 9.00e-01
i:  63500, t:  148850.9 s, ωt:  14.89 (2.37 periods), wall: 7.834 minutes, Δt:   2.53, CFL: 9.00e-01
i:  63600, t:  149081.0 s, ωt:  14.91 (2.37 periods), wall: 7.845 minutes, Δt:   1.96, CFL: 9.00e-01
i:  63700, t:  149274.7 s, ωt:  14.93 (2.38 periods), wall: 7.856 minutes, Δt:   2.23, CFL: 9.00e-01
i:  63800, t:  149534.9 s, ωt:  14.95 (2.38 periods), wall: 7.866 minutes, Δt:   2.53, CFL: 9.00e-01
i:  63900, t:  149793.7 s, ωt:  14.98 (2.38 periods), wall: 7.878 minutes, Δt:   2.67, CFL: 9.00e-01
i:  64000, t:  150057.8 s, ωt:  15.01 (2.39 periods), wall: 7.889 minutes, Δt:   1.98, CFL: 9.00e-01
i:  64100, t:  150288.3 s, ωt:  15.03 (2.39 periods), wall: 7.900 minutes, Δt:   2.80, CFL: 9.00e-01
i:  64200, t:  150548.9 s, ωt:  15.05 (2.40 periods), wall: 7.912 minutes, Δt:   2.82, CFL: 9.00e-01
i:  64300, t:  150812.2 s, ωt:  15.08 (2.40 periods), wall: 7.931 minutes, Δt:   2.35, CFL: 9.00e-01
i:  64400, t:  151040.3 s, ωt:  15.10 (2.40 periods), wall: 7.941 minutes, Δt:   2.57, CFL: 9.00e-01
i:  64500, t:  151270.4 s, ωt:  15.13 (2.41 periods), wall: 7.953 minutes, Δt:   2.76, CFL: 9.00e-01
i:  64600, t:  151503.6 s, ωt:  15.15 (2.41 periods), wall: 7.966 minutes, Δt:   2.66, CFL: 9.00e-01
i:  64700, t:  151793.6 s, ωt:  15.18 (2.42 periods), wall: 7.977 minutes, Δt:   3.00, CFL: 9.00e-01
i:  64800, t:  152073.5 s, ωt:  15.21 (2.42 periods), wall: 7.988 minutes, Δt:   2.55, CFL: 9.00e-01
i:  64900, t:  152354.1 s, ωt:  15.24 (2.42 periods), wall: 7.998 minutes, Δt:   2.72, CFL: 9.00e-01
i:  65000, t:  152653.3 s, ωt:  15.27 (2.43 periods), wall: 8.009 minutes, Δt:   3.86, CFL: 9.00e-01
i:  65100, t:  153034.6 s, ωt:  15.30 (2.44 periods), wall: 8.023 minutes, Δt:   3.30, CFL: 9.00e-01
i:  65200, t:  153355.7 s, ωt:  15.34 (2.44 periods), wall: 8.034 minutes, Δt:   3.76, CFL: 9.00e-01
i:  65300, t:  153672.3 s, ωt:  15.37 (2.45 periods), wall: 8.046 minutes, Δt:   3.94, CFL: 9.00e-01
i:  65400, t:  154069.1 s, ωt:  15.41 (2.45 periods), wall: 8.058 minutes, Δt:   3.38, CFL: 9.00e-01
i:  65500, t:  154517.8 s, ωt:  15.45 (2.46 periods), wall: 8.068 minutes, Δt:   4.89, CFL: 8.35e-01
i:  65600, t:  154979.9 s, ωt:  15.50 (2.47 periods), wall: 8.081 minutes, Δt:   4.43, CFL: 9.00e-01
i:  65700, t:  155466.9 s, ωt:  15.55 (2.47 periods), wall: 8.092 minutes, Δt:   5.97, CFL: 9.00e-01
i:  65800, t:  155991.6 s, ωt:  15.60 (2.48 periods), wall: 8.105 minutes, Δt:   5.36, CFL: 9.00e-01
i:  65900, t:  156658.5 s, ωt:  15.67 (2.49 periods), wall: 8.117 minutes, Δt:   6.12, CFL: 9.00e-01
i:  66000, t:  157300.7 s, ωt:  15.73 (2.50 periods), wall: 8.141 minutes, Δt:   7.34, CFL: 9.00e-01
i:  66100, t:  157996.7 s, ωt:  15.80 (2.51 periods), wall: 8.155 minutes, Δt:   6.25, CFL: 9.00e-01
i:  66200, t:  158615.4 s, ωt:  15.86 (2.52 periods), wall: 8.167 minutes, Δt:   6.18, CFL: 9.00e-01
i:  66300, t:  159181.4 s, ωt:  15.92 (2.53 periods), wall: 8.179 minutes, Δt:   5.41, CFL: 9.00e-01
i:  66400, t:  159733.7 s, ωt:  15.97 (2.54 periods), wall: 8.192 minutes, Δt:   5.11, CFL: 9.00e-01
i:  66500, t:  160242.9 s, ωt:  16.02 (2.55 periods), wall: 8.206 minutes, Δt:   5.33, CFL: 9.00e-01
i:  66600, t:  160727.9 s, ωt:  16.07 (2.56 periods), wall: 8.217 minutes, Δt:   4.73, CFL: 9.00e-01
i:  66700, t:  161139.8 s, ωt:  16.11 (2.56 periods), wall: 8.228 minutes, Δt:   4.35, CFL: 9.00e-01
i:  66800, t:  161525.9 s, ωt:  16.15 (2.57 periods), wall: 8.245 minutes, Δt:   3.51, CFL: 9.00e-01
i:  66900, t:  161860.3 s, ωt:  16.19 (2.58 periods), wall: 8.256 minutes, Δt:   3.48, CFL: 9.00e-01
i:  67000, t:  162160.5 s, ωt:  16.22 (2.58 periods), wall: 8.267 minutes, Δt:   2.77, CFL: 9.00e-01
i:  67100, t:  162452.3 s, ωt:  16.25 (2.59 periods), wall: 8.278 minutes, Δt:   2.58, CFL: 9.00e-01
i:  67200, t:  162708.7 s, ωt:  16.27 (2.59 periods), wall: 8.288 minutes, Δt:   2.76, CFL: 9.00e-01
i:  67300, t:  162972.9 s, ωt:  16.30 (2.59 periods), wall: 8.300 minutes, Δt:   2.79, CFL: 9.00e-01
i:  67400, t:  163228.7 s, ωt:  16.32 (2.60 periods), wall: 8.311 minutes, Δt:   2.47, CFL: 9.00e-01
i:  67500, t:  163477.1 s, ωt:  16.35 (2.60 periods), wall: 8.322 minutes, Δt:   2.55, CFL: 9.00e-01
i:  67600, t:  163698.9 s, ωt:  16.37 (2.61 periods), wall: 8.333 minutes, Δt:   2.13, CFL: 9.00e-01
i:  67700, t:  163950.5 s, ωt:  16.40 (2.61 periods), wall: 8.343 minutes, Δt:   1.97, CFL: 9.00e-01
i:  67800, t:  164166.8 s, ωt:  16.42 (2.61 periods), wall: 8.355 minutes, Δt:   2.12, CFL: 9.00e-01
i:  67900, t:  164385.2 s, ωt:  16.44 (2.62 periods), wall: 8.367 minutes, Δt:   1.98, CFL: 9.00e-01
i:  68000, t:  164584.5 s, ωt:  16.46 (2.62 periods), wall: 8.377 minutes, Δt:   2.05, CFL: 9.00e-01
i:  68100, t:  164795.5 s, ωt:  16.48 (2.62 periods), wall: 8.388 minutes, Δt:   1.83, CFL: 9.00e-01
i:  68200, t:  164992.3 s, ωt:  16.50 (2.63 periods), wall: 8.399 minutes, Δt:   2.41, CFL: 9.00e-01
i:  68300, t:  165208.6 s, ωt:  16.52 (2.63 periods), wall: 8.409 minutes, Δt:   2.32, CFL: 9.00e-01
i:  68400, t:  165420.8 s, ωt:  16.54 (2.63 periods), wall: 8.420 minutes, Δt:   2.03, CFL: 9.00e-01
i:  68500, t:  165631.3 s, ωt:  16.56 (2.64 periods), wall: 8.432 minutes, Δt:   1.96, CFL: 9.00e-01
i:  68600, t:  165844.0 s, ωt:  16.58 (2.64 periods), wall: 8.442 minutes, Δt:   2.38, CFL: 9.00e-01
i:  68700, t:  166054.1 s, ωt:  16.61 (2.64 periods), wall: 8.453 minutes, Δt:   1.82, CFL: 9.00e-01
i:  68800, t:  166227.1 s, ωt:  16.62 (2.65 periods), wall: 8.465 minutes, Δt:   1.79, CFL: 9.00e-01
i:  68900, t:  166413.0 s, ωt:  16.64 (2.65 periods), wall: 8.475 minutes, Δt:   2.05, CFL: 9.00e-01
i:  69000, t:  166607.6 s, ωt:  16.66 (2.65 periods), wall: 8.486 minutes, Δt:   1.96, CFL: 9.00e-01
i:  69100, t:  166802.2 s, ωt:  16.68 (2.65 periods), wall: 8.496 minutes, Δt:   1.92, CFL: 9.00e-01
i:  69200, t:  166999.4 s, ωt:  16.70 (2.66 periods), wall: 8.507 minutes, Δt:   1.96, CFL: 9.00e-01
i:  69300, t:  167183.8 s, ωt:  16.72 (2.66 periods), wall: 8.519 minutes, Δt:   1.72, CFL: 9.00e-01
i:  69400, t:  167367.1 s, ωt:  16.74 (2.66 periods), wall: 8.529 minutes, Δt:   1.77, CFL: 9.00e-01
i:  69500, t:  167543.2 s, ωt:  16.75 (2.67 periods), wall: 8.540 minutes, Δt:   1.90, CFL: 9.00e-01
i:  69600, t:  167726.2 s, ωt:  16.77 (2.67 periods), wall: 8.550 minutes, Δt:   1.76, CFL: 9.00e-01
i:  69700, t:  167899.6 s, ωt:  16.79 (2.67 periods), wall: 8.562 minutes, Δt:   1.85, CFL: 9.00e-01
i:  69800, t:  168087.9 s, ωt:  16.81 (2.68 periods), wall: 8.573 minutes, Δt:   1.83, CFL: 9.00e-01
i:  69900, t:  168265.1 s, ωt:  16.83 (2.68 periods), wall: 8.583 minutes, Δt:   1.92, CFL: 9.00e-01
i:  70000, t:  168440.0 s, ωt:  16.84 (2.68 periods), wall: 8.595 minutes, Δt:   1.81, CFL: 9.00e-01
i:  70100, t:  168611.9 s, ωt:  16.86 (2.68 periods), wall: 8.605 minutes, Δt:   1.64, CFL: 9.00e-01
i:  70200, t:  168785.3 s, ωt:  16.88 (2.69 periods), wall: 8.616 minutes, Δt:   1.65, CFL: 9.00e-01
i:  70300, t:  168948.3 s, ωt:  16.89 (2.69 periods), wall: 8.626 minutes, Δt:   1.60, CFL: 9.00e-01
i:  70400, t:  169110.1 s, ωt:  16.91 (2.69 periods), wall: 8.637 minutes, Δt:   1.54, CFL: 9.00e-01
i:  70500, t:  169260.3 s, ωt:  16.93 (2.69 periods), wall: 8.647 minutes, Δt:   1.62, CFL: 9.00e-01
i:  70600, t:  169409.5 s, ωt:  16.94 (2.70 periods), wall: 8.659 minutes, Δt:   1.84, CFL: 9.00e-01
i:  70700, t:  169574.8 s, ωt:  16.96 (2.70 periods), wall: 8.669 minutes, Δt:   1.61, CFL: 9.00e-01
i:  70800, t:  169742.6 s, ωt:  16.97 (2.70 periods), wall: 8.680 minutes, Δt:   1.67, CFL: 9.00e-01
i:  70900, t:  169924.3 s, ωt:  16.99 (2.70 periods), wall: 8.690 minutes, Δt:   1.87, CFL: 9.00e-01
i:  71000, t:  170094.9 s, ωt:  17.01 (2.71 periods), wall: 8.701 minutes, Δt:   1.73, CFL: 9.00e-01
i:  71100, t:  170261.6 s, ωt:  17.03 (2.71 periods), wall: 8.711 minutes, Δt:   1.52, CFL: 9.00e-01
i:  71200, t:  170424.9 s, ωt:  17.04 (2.71 periods), wall: 8.723 minutes, Δt:   1.79, CFL: 9.00e-01
i:  71300, t:  170593.6 s, ωt:  17.06 (2.72 periods), wall: 8.735 minutes, Δt:   1.79, CFL: 9.00e-01
i:  71400, t:  170757.8 s, ωt:  17.08 (2.72 periods), wall: 8.744 minutes, Δt:   1.72, CFL: 9.00e-01
i:  71500, t:  170917.8 s, ωt:  17.09 (2.72 periods), wall: 8.756 minutes, Δt:   1.92, CFL: 9.00e-01
i:  71600, t:  171091.5 s, ωt:  17.11 (2.72 periods), wall: 8.766 minutes, Δt:   1.89, CFL: 9.00e-01
i:  71700, t:  171260.4 s, ωt:  17.13 (2.73 periods), wall: 8.777 minutes, Δt:   1.63, CFL: 9.00e-01
i:  71800, t:  171428.6 s, ωt:  17.14 (2.73 periods), wall: 8.787 minutes, Δt:   1.63, CFL: 9.00e-01
i:  71900, t:  171582.4 s, ωt:  17.16 (2.73 periods), wall: 8.799 minutes, Δt:   1.67, CFL: 9.00e-01
i:  72000, t:  171749.6 s, ωt:  17.17 (2.73 periods), wall: 8.809 minutes, Δt:   1.65, CFL: 9.00e-01
i:  72100, t:  171931.7 s, ωt:  17.19 (2.74 periods), wall: 8.820 minutes, Δt:   1.58, CFL: 9.00e-01
i:  72200, t:  172106.5 s, ωt:  17.21 (2.74 periods), wall: 8.830 minutes, Δt:   1.74, CFL: 9.00e-01
i:  72300, t:  172273.1 s, ωt:  17.23 (2.74 periods), wall: 8.841 minutes, Δt:   1.56, CFL: 9.00e-01
i:  72400, t:  172417.7 s, ωt:  17.24 (2.74 periods), wall: 8.851 minutes, Δt:   1.40, CFL: 9.00e-01
i:  72500, t:  172572.4 s, ωt:  17.26 (2.75 periods), wall: 8.862 minutes, Δt:   1.67, CFL: 9.00e-01
i:  72600, t:  172739.1 s, ωt:  17.27 (2.75 periods), wall: 8.872 minutes, Δt:   1.58, CFL: 9.00e-01
i:  72700, t:  172912.0 s, ωt:  17.29 (2.75 periods), wall: 8.884 minutes, Δt:   1.81, CFL: 9.00e-01
i:  72800, t:  173092.3 s, ωt:  17.31 (2.75 periods), wall: 8.894 minutes, Δt:   1.82, CFL: 9.00e-01
i:  72900, t:  173250.8 s, ωt:  17.33 (2.76 periods), wall: 8.905 minutes, Δt:   1.78, CFL: 9.00e-01
i:  73000, t:  173420.8 s, ωt:  17.34 (2.76 periods), wall: 8.917 minutes, Δt:   1.69, CFL: 9.00e-01
i:  73100, t:  173584.5 s, ωt:  17.36 (2.76 periods), wall: 8.926 minutes, Δt:   1.79, CFL: 9.00e-01
i:  73200, t:  173750.3 s, ωt:  17.38 (2.77 periods), wall: 8.941 minutes, Δt:   1.60, CFL: 9.00e-01
i:  73300, t:  173901.0 s, ωt:  17.39 (2.77 periods), wall: 8.951 minutes, Δt:   1.51, CFL: 9.00e-01
i:  73400, t:  174050.6 s, ωt:  17.41 (2.77 periods), wall: 8.963 minutes, Δt:   1.23, CFL: 9.00e-01
i:  73500, t:  174196.4 s, ωt:  17.42 (2.77 periods), wall: 8.973 minutes, Δt:   1.83, CFL: 9.00e-01
i:  73600, t:  174366.5 s, ωt:  17.44 (2.78 periods), wall: 8.987 minutes, Δt:   1.47, CFL: 9.00e-01
i:  73700, t:  174518.8 s, ωt:  17.45 (2.78 periods), wall: 8.997 minutes, Δt:   1.86, CFL: 9.00e-01
i:  73800, t:  174678.1 s, ωt:  17.47 (2.78 periods), wall: 9.009 minutes, Δt:   1.62, CFL: 9.00e-01
i:  73900, t:  174837.8 s, ωt:  17.48 (2.78 periods), wall: 9.018 minutes, Δt:   1.79, CFL: 9.00e-01
i:  74000, t:  175010.6 s, ωt:  17.50 (2.79 periods), wall: 9.030 minutes, Δt:   1.83, CFL: 9.00e-01
i:  74100, t:  175189.8 s, ωt:  17.52 (2.79 periods), wall: 9.040 minutes, Δt:   1.70, CFL: 9.00e-01
i:  74200, t:  175354.0 s, ωt:  17.54 (2.79 periods), wall: 9.051 minutes, Δt:   1.65, CFL: 9.00e-01
i:  74300, t:  175523.0 s, ωt:  17.55 (2.79 periods), wall: 9.061 minutes, Δt:   1.88, CFL: 9.00e-01
i:  74400, t:  175696.5 s, ωt:  17.57 (2.80 periods), wall: 9.072 minutes, Δt:   1.75, CFL: 9.00e-01
i:  74500, t:  175885.5 s, ωt:  17.59 (2.80 periods), wall: 9.083 minutes, Δt:   2.15, CFL: 9.00e-01
i:  74600, t:  176077.3 s, ωt:  17.61 (2.80 periods), wall: 9.094 minutes, Δt:   1.73, CFL: 9.00e-01
i:  74700, t:  176262.8 s, ωt:  17.63 (2.81 periods), wall: 9.105 minutes, Δt:   1.81, CFL: 9.00e-01
i:  74800, t:  176433.5 s, ωt:  17.64 (2.81 periods), wall: 9.115 minutes, Δt:   1.71, CFL: 9.00e-01
i:  74900, t:  176623.9 s, ωt:  17.66 (2.81 periods), wall: 9.126 minutes, Δt:   1.79, CFL: 9.00e-01
i:  75000, t:  176806.8 s, ωt:  17.68 (2.81 periods), wall: 9.136 minutes, Δt:   1.67, CFL: 9.00e-01
i:  75100, t:  176994.9 s, ωt:  17.70 (2.82 periods), wall: 9.148 minutes, Δt:   1.67, CFL: 9.00e-01
i:  75200, t:  177164.8 s, ωt:  17.72 (2.82 periods), wall: 9.158 minutes, Δt:   1.78, CFL: 9.00e-01
i:  75300, t:  177358.7 s, ωt:  17.74 (2.82 periods), wall: 9.169 minutes, Δt:   2.00, CFL: 9.00e-01
i:  75400, t:  177551.7 s, ωt:  17.76 (2.83 periods), wall: 9.181 minutes, Δt:   2.22, CFL: 9.00e-01
i:  75500, t:  177744.8 s, ωt:  17.77 (2.83 periods), wall: 9.191 minutes, Δt:   1.91, CFL: 9.00e-01
i:  75600, t:  177931.1 s, ωt:  17.79 (2.83 periods), wall: 9.202 minutes, Δt:   1.96, CFL: 9.00e-01
i:  75700, t:  178116.7 s, ωt:  17.81 (2.83 periods), wall: 9.212 minutes, Δt:   1.99, CFL: 9.00e-01
i:  75800, t:  178288.1 s, ωt:  17.83 (2.84 periods), wall: 9.224 minutes, Δt:   2.00, CFL: 9.00e-01
i:  75900, t:  178466.6 s, ωt:  17.85 (2.84 periods), wall: 9.235 minutes, Δt:   1.95, CFL: 9.00e-01
i:  76000, t:  178651.7 s, ωt:  17.87 (2.84 periods), wall: 9.245 minutes, Δt:   2.06, CFL: 9.00e-01
i:  76100, t:  178825.4 s, ωt:  17.88 (2.85 periods), wall: 9.256 minutes, Δt:   1.78, CFL: 9.00e-01
i:  76200, t:  179001.7 s, ωt:  17.90 (2.85 periods), wall: 9.266 minutes, Δt:   2.12, CFL: 9.00e-01
i:  76300, t:  179203.0 s, ωt:  17.92 (2.85 periods), wall: 9.277 minutes, Δt:   2.21, CFL: 9.00e-01
i:  76400, t:  179432.0 s, ωt:  17.94 (2.86 periods), wall: 9.288 minutes, Δt:   2.44, CFL: 9.00e-01
i:  76500, t:  179639.3 s, ωt:  17.96 (2.86 periods), wall: 9.298 minutes, Δt:   2.10, CFL: 9.00e-01
i:  76600, t:  179834.8 s, ωt:  17.98 (2.86 periods), wall: 9.310 minutes, Δt:   2.25, CFL: 9.00e-01
i:  76700, t:  180041.6 s, ωt:  18.00 (2.87 periods), wall: 9.321 minutes, Δt:   1.69, CFL: 9.00e-01
i:  76800, t:  180225.6 s, ωt:  18.02 (2.87 periods), wall: 9.331 minutes, Δt:   1.87, CFL: 9.00e-01
i:  76900, t:  180408.9 s, ωt:  18.04 (2.87 periods), wall: 9.342 minutes, Δt:   2.44, CFL: 9.00e-01
i:  77000, t:  180610.8 s, ωt:  18.06 (2.87 periods), wall: 9.352 minutes, Δt:   2.20, CFL: 8.96e-01
i:  77100, t:  180820.4 s, ωt:  18.08 (2.88 periods), wall: 9.364 minutes, Δt:   2.42, CFL: 9.00e-01
i:  77200, t:  181044.4 s, ωt:  18.10 (2.88 periods), wall: 9.375 minutes, Δt:   2.18, CFL: 9.00e-01
i:  77300, t:  181225.1 s, ωt:  18.12 (2.88 periods), wall: 9.385 minutes, Δt:   1.96, CFL: 9.00e-01
i:  77400, t:  181480.9 s, ωt:  18.15 (2.89 periods), wall: 9.396 minutes, Δt:   2.33, CFL: 9.00e-01
i:  77500, t:  181725.7 s, ωt:  18.17 (2.89 periods), wall: 9.407 minutes, Δt:   2.61, CFL: 9.00e-01
i:  77600, t:  181994.7 s, ωt:  18.20 (2.90 periods), wall: 9.418 minutes, Δt:   2.67, CFL: 9.00e-01
i:  77700, t:  182250.9 s, ωt:  18.23 (2.90 periods), wall: 9.430 minutes, Δt:   2.15, CFL: 9.00e-01
i:  77800, t:  182490.5 s, ωt:  18.25 (2.90 periods), wall: 9.440 minutes, Δt:   2.38, CFL: 9.00e-01
i:  77900, t:  182761.7 s, ωt:  18.28 (2.91 periods), wall: 9.450 minutes, Δt:   2.72, CFL: 9.00e-01
i:  78000, t:  183009.1 s, ωt:  18.30 (2.91 periods), wall: 9.462 minutes, Δt:   2.60, CFL: 9.00e-01
i:  78100, t:  183286.1 s, ωt:  18.33 (2.92 periods), wall: 9.473 minutes, Δt:   3.30, CFL: 9.00e-01
i:  78200, t:  183596.6 s, ωt:  18.36 (2.92 periods), wall: 9.484 minutes, Δt:   3.23, CFL: 9.00e-01
i:  78300, t:  183886.0 s, ωt:  18.39 (2.93 periods), wall: 9.495 minutes, Δt:   3.26, CFL: 9.00e-01
i:  78400, t:  184215.4 s, ωt:  18.42 (2.93 periods), wall: 9.507 minutes, Δt:   3.50, CFL: 9.00e-01
i:  78500, t:  184570.5 s, ωt:  18.46 (2.94 periods), wall: 9.518 minutes, Δt:   3.38, CFL: 9.00e-01
i:  78600, t:  184870.9 s, ωt:  18.49 (2.94 periods), wall: 9.529 minutes, Δt:   2.54, CFL: 9.00e-01
i:  78700, t:  185208.7 s, ωt:  18.52 (2.95 periods), wall: 9.541 minutes, Δt:   4.17, CFL: 9.00e-01
i:  78800, t:  185607.8 s, ωt:  18.56 (2.95 periods), wall: 9.552 minutes, Δt:   3.70, CFL: 9.00e-01
i:  78900, t:  186008.3 s, ωt:  18.60 (2.96 periods), wall: 9.565 minutes, Δt:   4.64, CFL: 9.00e-01
i:  79000, t:  186485.2 s, ωt:  18.65 (2.97 periods), wall: 9.577 minutes, Δt:   4.59, CFL: 9.00e-01
i:  79100, t:  186949.9 s, ωt:  18.69 (2.98 periods), wall: 9.589 minutes, Δt:   4.99, CFL: 9.00e-01
i:  79200, t:  187515.0 s, ωt:  18.75 (2.98 periods), wall: 9.600 minutes, Δt:   5.60, CFL: 9.00e-01
i:  79300, t:  188172.9 s, ωt:  18.82 (2.99 periods), wall: 9.614 minutes, Δt:   7.70, CFL: 9.00e-01
i:  79400, t:  188898.5 s, ωt:  18.89 (3.01 periods), wall: 9.642 minutes, Δt:   6.54, CFL: 9.00e-01
i:  79500, t:  189527.7 s, ωt:  18.95 (3.02 periods), wall: 9.656 minutes, Δt:   5.76, CFL: 9.00e-01
i:  79600, t:  190105.0 s, ωt:  19.01 (3.03 periods), wall: 9.669 minutes, Δt:   5.67, CFL: 9.00e-01
i:  79700, t:  190644.2 s, ωt:  19.06 (3.03 periods), wall: 9.680 minutes, Δt:   5.02, CFL: 9.00e-01
i:  79800, t:  191153.6 s, ωt:  19.12 (3.04 periods), wall: 9.693 minutes, Δt:   4.82, CFL: 9.00e-01
i:  79900, t:  191647.1 s, ωt:  19.16 (3.05 periods), wall: 9.705 minutes, Δt:   4.76, CFL: 9.00e-01
i:  80000, t:  192076.9 s, ωt:  19.21 (3.06 periods), wall: 9.717 minutes, Δt:   4.44, CFL: 9.00e-01
i:  80100, t:  192462.8 s, ωt:  19.25 (3.06 periods), wall: 9.729 minutes, Δt:   3.80, CFL: 9.00e-01
i:  80200, t:  192853.3 s, ωt:  19.29 (3.07 periods), wall: 9.740 minutes, Δt:   3.67, CFL: 9.00e-01
i:  80300, t:  193174.1 s, ωt:  19.32 (3.07 periods), wall: 9.752 minutes, Δt:   3.64, CFL: 9.00e-01
i:  80400, t:  193505.0 s, ωt:  19.35 (3.08 periods), wall: 9.763 minutes, Δt:   2.98, CFL: 9.00e-01
i:  80500, t:  193831.9 s, ωt:  19.38 (3.08 periods), wall: 9.774 minutes, Δt:   2.75, CFL: 9.00e-01
i:  80600, t:  194132.9 s, ωt:  19.41 (3.09 periods), wall: 9.785 minutes, Δt:   3.28, CFL: 9.00e-01
i:  80700, t:  194401.5 s, ωt:  19.44 (3.09 periods), wall: 9.796 minutes, Δt:   2.47, CFL: 9.00e-01
i:  80800, t:  194638.6 s, ωt:  19.46 (3.10 periods), wall: 9.808 minutes, Δt:   2.51, CFL: 9.00e-01
i:  80900, t:  194918.3 s, ωt:  19.49 (3.10 periods), wall: 9.820 minutes, Δt:   2.43, CFL: 9.00e-01
i:  81000, t:  195179.2 s, ωt:  19.52 (3.11 periods), wall: 9.833 minutes, Δt:   2.88, CFL: 9.00e-01
i:  81100, t:  195439.3 s, ωt:  19.54 (3.11 periods), wall: 9.844 minutes, Δt:   2.30, CFL: 9.00e-01
i:  81200, t:  195684.9 s, ωt:  19.57 (3.11 periods), wall: 9.854 minutes, Δt:   2.55, CFL: 9.00e-01
i:  81300, t:  195925.9 s, ωt:  19.59 (3.12 periods), wall: 9.865 minutes, Δt:   2.36, CFL: 9.00e-01
i:  81400, t:  196158.9 s, ωt:  19.62 (3.12 periods), wall: 9.876 minutes, Δt:   1.92, CFL: 9.00e-01
i:  81500, t:  196368.7 s, ωt:  19.64 (3.13 periods), wall: 9.890 minutes, Δt:   2.09, CFL: 9.00e-01
i:  81600, t:  196620.4 s, ωt:  19.66 (3.13 periods), wall: 9.899 minutes, Δt:   2.42, CFL: 9.00e-01
i:  81700, t:  196857.6 s, ωt:  19.69 (3.13 periods), wall: 9.913 minutes, Δt:   2.03, CFL: 9.00e-01
i:  81800, t:  197060.8 s, ωt:  19.71 (3.14 periods), wall: 9.925 minutes, Δt:   2.17, CFL: 9.00e-01
i:  81900, t:  197281.1 s, ωt:  19.73 (3.14 periods), wall: 9.935 minutes, Δt:   2.20, CFL: 9.00e-01
i:  82000, t:  197482.0 s, ωt:  19.75 (3.14 periods), wall: 9.947 minutes, Δt:   2.04, CFL: 9.00e-01
i:  82100, t:  197691.6 s, ωt:  19.77 (3.15 periods), wall: 9.958 minutes, Δt:   2.26, CFL: 9.00e-01
i:  82200, t:  197895.8 s, ωt:  19.79 (3.15 periods), wall: 9.968 minutes, Δt:   1.88, CFL: 9.00e-01
i:  82300, t:  198107.0 s, ωt:  19.81 (3.15 periods), wall: 9.980 minutes, Δt:   1.89, CFL: 9.00e-01
i:  82400, t:  198301.6 s, ωt:  19.83 (3.16 periods), wall: 9.991 minutes, Δt:   2.04, CFL: 9.00e-01
i:  82500, t:  198506.2 s, ωt:  19.85 (3.16 periods), wall: 10.001 minutes, Δt:   1.69, CFL: 9.00e-01
i:  82600, t:  198695.7 s, ωt:  19.87 (3.16 periods), wall: 10.012 minutes, Δt:   1.95, CFL: 9.00e-01
i:  82700, t:  198891.5 s, ωt:  19.89 (3.17 periods), wall: 10.023 minutes, Δt:   1.95, CFL: 9.00e-01
i:  82800, t:  199091.6 s, ωt:  19.91 (3.17 periods), wall: 10.033 minutes, Δt:   2.01, CFL: 9.00e-01
i:  82900, t:  199281.5 s, ωt:  19.93 (3.17 periods), wall: 10.045 minutes, Δt:   1.93, CFL: 9.00e-01
i:  83000, t:  199463.3 s, ωt:  19.95 (3.17 periods), wall: 10.055 minutes, Δt:   1.72, CFL: 9.00e-01
i:  83100, t:  199638.4 s, ωt:  19.96 (3.18 periods), wall: 10.066 minutes, Δt:   1.86, CFL: 9.00e-01
i:  83200, t:  199814.3 s, ωt:  19.98 (3.18 periods), wall: 10.077 minutes, Δt:   1.77, CFL: 9.00e-01
i:  83300, t:  200004.5 s, ωt:  20.00 (3.18 periods), wall: 10.087 minutes, Δt:   1.66, CFL: 9.00e-01
i:  83400, t:  200174.5 s, ωt:  20.02 (3.19 periods), wall: 10.098 minutes, Δt:   1.71, CFL: 9.00e-01
i:  83500, t:  200350.0 s, ωt:  20.03 (3.19 periods), wall: 10.108 minutes, Δt:   1.78, CFL: 9.00e-01
i:  83600, t:  200527.6 s, ωt:  20.05 (3.19 periods), wall: 10.119 minutes, Δt:   1.74, CFL: 9.00e-01
i:  83700, t:  200693.1 s, ωt:  20.07 (3.19 periods), wall: 10.129 minutes, Δt:   1.91, CFL: 9.00e-01
i:  83800, t:  200868.7 s, ωt:  20.09 (3.20 periods), wall: 10.140 minutes, Δt:   1.78, CFL: 9.00e-01
i:  83900, t:  201038.9 s, ωt:  20.10 (3.20 periods), wall: 10.150 minutes, Δt:   1.74, CFL: 9.00e-01
i:  84000, t:  201212.7 s, ωt:  20.12 (3.20 periods), wall: 10.161 minutes, Δt:   1.53, CFL: 9.00e-01
i:  84100, t:  201379.3 s, ωt:  20.14 (3.21 periods), wall: 10.172 minutes, Δt:   1.70, CFL: 9.00e-01
i:  84200, t:  201555.8 s, ωt:  20.16 (3.21 periods), wall: 10.182 minutes, Δt:   1.83, CFL: 9.00e-01
i:  84300, t:  201732.7 s, ωt:  20.17 (3.21 periods), wall: 10.193 minutes, Δt:   1.56, CFL: 9.00e-01
i:  84400, t:  201901.5 s, ωt:  20.19 (3.21 periods), wall: 10.203 minutes, Δt:   1.66, CFL: 9.00e-01
i:  84500, t:  202056.0 s, ωt:  20.21 (3.22 periods), wall: 10.214 minutes, Δt:   1.79, CFL: 9.00e-01
i:  84600, t:  202227.2 s, ωt:  20.22 (3.22 periods), wall: 10.224 minutes, Δt:   1.75, CFL: 9.00e-01
i:  84700, t:  202404.0 s, ωt:  20.24 (3.22 periods), wall: 10.236 minutes, Δt:   1.67, CFL: 9.00e-01
i:  84800, t:  202573.9 s, ωt:  20.26 (3.22 periods), wall: 10.245 minutes, Δt:   1.49, CFL: 9.00e-01
i:  84900, t:  202736.1 s, ωt:  20.27 (3.23 periods), wall: 10.256 minutes, Δt:   1.53, CFL: 9.00e-01
i:  85000, t:  202902.8 s, ωt:  20.29 (3.23 periods), wall: 10.266 minutes, Δt:   1.61, CFL: 9.00e-01
i:  85100, t:  203077.3 s, ωt:  20.31 (3.23 periods), wall: 10.278 minutes, Δt:   1.61, CFL: 9.00e-01
i:  85200, t:  203243.6 s, ωt:  20.32 (3.23 periods), wall: 10.288 minutes, Δt:   1.67, CFL: 9.00e-01
i:  85300, t:  203404.8 s, ωt:  20.34 (3.24 periods), wall: 10.299 minutes, Δt:   1.86, CFL: 9.00e-01
i:  85400, t:  203585.6 s, ωt:  20.36 (3.24 periods), wall: 10.311 minutes, Δt:   1.77, CFL: 9.00e-01
i:  85500, t:  203754.8 s, ωt:  20.38 (3.24 periods), wall: 10.320 minutes, Δt:   1.66, CFL: 9.00e-01
i:  85600, t:  203917.1 s, ωt:  20.39 (3.25 periods), wall: 10.332 minutes, Δt:   1.70, CFL: 9.00e-01
i:  85700, t:  204081.9 s, ωt:  20.41 (3.25 periods), wall: 10.342 minutes, Δt:   1.45, CFL: 9.00e-01
i:  85800, t:  204239.5 s, ωt:  20.42 (3.25 periods), wall: 10.354 minutes, Δt:   1.73, CFL: 8.51e-01
i:  85900, t:  204415.2 s, ωt:  20.44 (3.25 periods), wall: 10.364 minutes, Δt:   1.43, CFL: 9.00e-01
i:  86000, t:  204586.4 s, ωt:  20.46 (3.26 periods), wall: 10.375 minutes, Δt:   1.60, CFL: 9.00e-01
i:  86100, t:  204758.6 s, ωt:  20.48 (3.26 periods), wall: 10.385 minutes, Δt:   1.48, CFL: 9.00e-01
i:  86200, t:  204917.8 s, ωt:  20.49 (3.26 periods), wall: 10.396 minutes, Δt:   1.65, CFL: 9.00e-01
i:  86300, t:  205096.7 s, ωt:  20.51 (3.26 periods), wall: 10.406 minutes, Δt:   1.92, CFL: 9.00e-01
i:  86400, t:  205265.8 s, ωt:  20.53 (3.27 periods), wall: 10.418 minutes, Δt:   1.63, CFL: 9.00e-01
i:  86500, t:  205434.7 s, ωt:  20.54 (3.27 periods), wall: 10.427 minutes, Δt:   1.74, CFL: 9.00e-01
i:  86600, t:  205611.7 s, ωt:  20.56 (3.27 periods), wall: 10.439 minutes, Δt:   1.89, CFL: 9.00e-01
i:  86700, t:  205780.4 s, ωt:  20.58 (3.28 periods), wall: 10.450 minutes, Δt:   1.44, CFL: 9.00e-01
i:  86800, t:  205943.0 s, ωt:  20.59 (3.28 periods), wall: 10.460 minutes, Δt:   1.58, CFL: 9.00e-01
i:  86900, t:  206112.2 s, ωt:  20.61 (3.28 periods), wall: 10.471 minutes, Δt:   1.66, CFL: 9.00e-01
i:  87000, t:  206296.1 s, ωt:  20.63 (3.28 periods), wall: 10.481 minutes, Δt:   1.71, CFL: 9.00e-01
i:  87100, t:  206463.9 s, ωt:  20.65 (3.29 periods), wall: 10.493 minutes, Δt:   1.53, CFL: 9.00e-01
i:  87200, t:  206628.6 s, ωt:  20.66 (3.29 periods), wall: 10.503 minutes, Δt:   1.82, CFL: 9.00e-01
i:  87300, t:  206808.1 s, ωt:  20.68 (3.29 periods), wall: 10.513 minutes, Δt:   1.56, CFL: 9.00e-01
i:  87400, t:  206978.3 s, ωt:  20.70 (3.29 periods), wall: 10.523 minutes, Δt:   1.73, CFL: 9.00e-01
i:  87500, t:  207141.9 s, ωt:  20.71 (3.30 periods), wall: 10.536 minutes, Δt:   1.54, CFL: 9.00e-01
i:  87600, t:  207314.4 s, ωt:  20.73 (3.30 periods), wall: 10.545 minutes, Δt:   1.70, CFL: 9.00e-01
i:  87700, t:  207463.9 s, ωt:  20.75 (3.30 periods), wall: 10.557 minutes, Δt:   1.41, CFL: 9.00e-01
i:  87800, t:  207616.5 s, ωt:  20.76 (3.30 periods), wall: 10.567 minutes, Δt:   1.87, CFL: 9.00e-01
i:  87900, t:  207795.9 s, ωt:  20.78 (3.31 periods), wall: 10.578 minutes, Δt:   1.62, CFL: 9.00e-01
i:  88000, t:  207965.5 s, ωt:  20.80 (3.31 periods), wall: 10.587 minutes, Δt:   1.84, CFL: 9.00e-01
i:  88100, t:  208153.6 s, ωt:  20.82 (3.31 periods), wall: 10.599 minutes, Δt:   2.04, CFL: 9.00e-01
i:  88200, t:  208334.5 s, ωt:  20.83 (3.32 periods), wall: 10.610 minutes, Δt:   1.75, CFL: 9.00e-01
i:  88300, t:  208518.4 s, ωt:  20.85 (3.32 periods), wall: 10.619 minutes, Δt:   2.09, CFL: 9.00e-01
i:  88400, t:  208692.2 s, ωt:  20.87 (3.32 periods), wall: 10.631 minutes, Δt:   1.55, CFL: 9.00e-01
i:  88500, t:  208858.1 s, ωt:  20.89 (3.32 periods), wall: 10.640 minutes, Δt:   2.01, CFL: 9.00e-01
i:  88600, t:  209045.2 s, ωt:  20.90 (3.33 periods), wall: 10.652 minutes, Δt:   1.73, CFL: 9.00e-01
i:  88700, t:  209232.0 s, ωt:  20.92 (3.33 periods), wall: 10.663 minutes, Δt:   2.01, CFL: 9.00e-01
i:  88800, t:  209437.3 s, ωt:  20.94 (3.33 periods), wall: 10.673 minutes, Δt:   2.05, CFL: 9.00e-01
i:  88900, t:  209626.9 s, ωt:  20.96 (3.34 periods), wall: 10.684 minutes, Δt:   1.99, CFL: 9.00e-01
i:  89000, t:  209826.6 s, ωt:  20.98 (3.34 periods), wall: 10.695 minutes, Δt:   1.88, CFL: 9.00e-01
i:  89100, t:  210018.0 s, ωt:  21.00 (3.34 periods), wall: 10.706 minutes, Δt:   2.10, CFL: 9.00e-01
i:  89200, t:  210191.0 s, ωt:  21.02 (3.35 periods), wall: 10.717 minutes, Δt:   1.52, CFL: 9.00e-01
i:  89300, t:  210377.4 s, ωt:  21.04 (3.35 periods), wall: 10.727 minutes, Δt:   2.07, CFL: 9.00e-01
i:  89400, t:  210558.7 s, ωt:  21.06 (3.35 periods), wall: 10.739 minutes, Δt:   1.89, CFL: 9.00e-01
i:  89500, t:  210774.5 s, ωt:  21.08 (3.35 periods), wall: 10.749 minutes, Δt:   2.38, CFL: 9.00e-01
i:  89600, t:  211010.1 s, ωt:  21.10 (3.36 periods), wall: 10.760 minutes, Δt:   2.19, CFL: 9.00e-01
i:  89700, t:  211237.2 s, ωt:  21.12 (3.36 periods), wall: 10.771 minutes, Δt:   2.30, CFL: 9.00e-01
i:  89800, t:  211435.7 s, ωt:  21.14 (3.37 periods), wall: 10.782 minutes, Δt:   2.11, CFL: 9.00e-01
i:  89900, t:  211645.8 s, ωt:  21.16 (3.37 periods), wall: 10.792 minutes, Δt:   2.22, CFL: 9.00e-01
i:  90000, t:  211873.7 s, ωt:  21.19 (3.37 periods), wall: 10.803 minutes, Δt:   2.44, CFL: 9.00e-01
i:  90100, t:  212101.1 s, ωt:  21.21 (3.38 periods), wall: 10.814 minutes, Δt:   2.02, CFL: 9.00e-01
i:  90200, t:  212308.7 s, ωt:  21.23 (3.38 periods), wall: 10.824 minutes, Δt:   2.12, CFL: 9.00e-01
i:  90300, t:  212553.5 s, ωt:  21.26 (3.38 periods), wall: 10.835 minutes, Δt:   2.42, CFL: 9.00e-01
i:  90400, t:  212798.0 s, ωt:  21.28 (3.39 periods), wall: 10.846 minutes, Δt:   2.11, CFL: 9.00e-01
i:  90500, t:  213015.0 s, ωt:  21.30 (3.39 periods), wall: 10.860 minutes, Δt:   2.39, CFL: 9.00e-01
i:  90600, t:  213248.3 s, ωt:  21.32 (3.39 periods), wall: 10.870 minutes, Δt:   2.88, CFL: 9.00e-01
i:  90700, t:  213508.3 s, ωt:  21.35 (3.40 periods), wall: 10.882 minutes, Δt:   2.88, CFL: 9.00e-01
i:  90800, t:  213786.4 s, ωt:  21.38 (3.40 periods), wall: 10.893 minutes, Δt:   2.60, CFL: 9.00e-01
i:  90900, t:  214048.8 s, ωt:  21.40 (3.41 periods), wall: 10.904 minutes, Δt:   2.98, CFL: 9.00e-01
i:  91000, t:  214323.8 s, ωt:  21.43 (3.41 periods), wall: 10.915 minutes, Δt:   2.49, CFL: 9.00e-01
i:  91100, t:  214589.1 s, ωt:  21.46 (3.42 periods), wall: 10.926 minutes, Δt:   2.15, CFL: 9.00e-01
i:  91200, t:  214867.4 s, ωt:  21.49 (3.42 periods), wall: 10.936 minutes, Δt:   2.41, CFL: 9.00e-01
i:  91300, t:  215114.8 s, ωt:  21.51 (3.42 periods), wall: 10.947 minutes, Δt:   2.84, CFL: 9.00e-01
i:  91400, t:  215430.6 s, ωt:  21.54 (3.43 periods), wall: 10.958 minutes, Δt:   2.64, CFL: 9.00e-01
i:  91500, t:  215720.6 s, ωt:  21.57 (3.43 periods), wall: 10.970 minutes, Δt:   3.37, CFL: 9.00e-01
i:  91600, t:  216073.7 s, ωt:  21.61 (3.44 periods), wall: 10.981 minutes, Δt:   4.13, CFL: 9.00e-01
i:  91700, t:  216409.7 s, ωt:  21.64 (3.44 periods), wall: 10.993 minutes, Δt:   3.29, CFL: 9.00e-01
i:  91800, t:  216738.9 s, ωt:  21.67 (3.45 periods), wall: 11.004 minutes, Δt:   3.41, CFL: 9.00e-01
i:  91900, t:  217060.2 s, ωt:  21.71 (3.45 periods), wall: 11.015 minutes, Δt:   3.18, CFL: 9.00e-01
i:  92000, t:  217423.6 s, ωt:  21.74 (3.46 periods), wall: 11.027 minutes, Δt:   5.03, CFL: 9.00e-01
i:  92100, t:  217899.8 s, ωt:  21.79 (3.47 periods), wall: 11.038 minutes, Δt:   4.17, CFL: 9.00e-01
i:  92200, t:  218324.3 s, ωt:  21.83 (3.47 periods), wall: 11.050 minutes, Δt:   4.57, CFL: 9.00e-01
i:  92300, t:  218867.7 s, ωt:  21.89 (3.48 periods), wall: 11.062 minutes, Δt:   6.31, CFL: 9.00e-01
i:  92400, t:  219567.1 s, ωt:  21.96 (3.49 periods), wall: 11.075 minutes, Δt:   6.91, CFL: 9.00e-01
i:  92500, t:  220220.6 s, ωt:  22.02 (3.50 periods), wall: 11.104 minutes, Δt:   6.39, CFL: 9.00e-01
i:  92600, t:  220880.4 s, ωt:  22.09 (3.52 periods), wall: 11.121 minutes, Δt:   6.93, CFL: 9.00e-01
i:  92700, t:  221504.8 s, ωt:  22.15 (3.53 periods), wall: 11.134 minutes, Δt:   5.37, CFL: 9.00e-01
i:  92800, t:  222034.8 s, ωt:  22.20 (3.53 periods), wall: 11.145 minutes, Δt:   4.90, CFL: 9.00e-01
i:  92900, t:  222521.2 s, ωt:  22.25 (3.54 periods), wall: 11.157 minutes, Δt:   4.93, CFL: 9.00e-01
i:  93000, t:  222969.0 s, ωt:  22.30 (3.55 periods), wall: 11.168 minutes, Δt:   3.42, CFL: 9.00e-01
i:  93100, t:  223350.9 s, ωt:  22.34 (3.55 periods), wall: 11.180 minutes, Δt:   4.10, CFL: 9.00e-01
i:  93200, t:  223761.1 s, ωt:  22.38 (3.56 periods), wall: 11.192 minutes, Δt:   4.21, CFL: 9.00e-01
i:  93300, t:  224149.3 s, ωt:  22.41 (3.57 periods), wall: 11.204 minutes, Δt:   3.66, CFL: 9.00e-01
i:  93400, t:  224520.1 s, ωt:  22.45 (3.57 periods), wall: 11.216 minutes, Δt:   3.65, CFL: 9.00e-01
i:  93500, t:  224822.6 s, ωt:  22.48 (3.58 periods), wall: 11.227 minutes, Δt:   3.05, CFL: 9.00e-01
i:  93600, t:  225095.4 s, ωt:  22.51 (3.58 periods), wall: 11.238 minutes, Δt:   2.45, CFL: 9.00e-01
i:  93700, t:  225375.0 s, ωt:  22.54 (3.59 periods), wall: 11.250 minutes, Δt:   2.91, CFL: 9.00e-01
i:  93800, t:  225624.4 s, ωt:  22.56 (3.59 periods), wall: 11.262 minutes, Δt:   2.33, CFL: 9.00e-01
i:  93900, t:  225861.8 s, ωt:  22.59 (3.59 periods), wall: 11.272 minutes, Δt:   2.49, CFL: 9.00e-01
i:  94000, t:  226097.4 s, ωt:  22.61 (3.60 periods), wall: 11.284 minutes, Δt:   2.35, CFL: 9.00e-01
i:  94100, t:  226339.1 s, ωt:  22.63 (3.60 periods), wall: 11.295 minutes, Δt:   2.16, CFL: 9.00e-01
i:  94200, t:  226583.1 s, ωt:  22.66 (3.61 periods), wall: 11.308 minutes, Δt:   2.69, CFL: 9.00e-01
i:  94300, t:  226823.0 s, ωt:  22.68 (3.61 periods), wall: 11.317 minutes, Δt:   2.17, CFL: 9.00e-01
i:  94400, t:  227063.4 s, ωt:  22.71 (3.61 periods), wall: 11.329 minutes, Δt:   2.44, CFL: 9.00e-01
i:  94500, t:  227302.8 s, ωt:  22.73 (3.62 periods), wall: 11.340 minutes, Δt:   2.30, CFL: 9.00e-01
i:  94600, t:  227528.0 s, ωt:  22.75 (3.62 periods), wall: 11.351 minutes, Δt:   2.26, CFL: 9.00e-01
i:  94700, t:  227742.1 s, ωt:  22.77 (3.62 periods), wall: 11.361 minutes, Δt:   1.90, CFL: 9.00e-01
i:  94800, t:  227955.1 s, ωt:  22.80 (3.63 periods), wall: 11.373 minutes, Δt:   2.27, CFL: 9.00e-01
i:  94900, t:  228160.6 s, ωt:  22.82 (3.63 periods), wall: 11.384 minutes, Δt:   2.02, CFL: 9.00e-01
i:  95000, t:  228371.5 s, ωt:  22.84 (3.63 periods), wall: 11.394 minutes, Δt:   1.78, CFL: 9.00e-01
i:  95100, t:  228558.3 s, ωt:  22.86 (3.64 periods), wall: 11.406 minutes, Δt:   1.95, CFL: 9.00e-01
i:  95200, t:  228754.9 s, ωt:  22.88 (3.64 periods), wall: 11.417 minutes, Δt:   2.28, CFL: 9.00e-01
i:  95300, t:  228961.8 s, ωt:  22.90 (3.64 periods), wall: 11.427 minutes, Δt:   1.97, CFL: 9.00e-01
i:  95400, t:  229167.7 s, ωt:  22.92 (3.65 periods), wall: 11.438 minutes, Δt:   1.90, CFL: 9.00e-01
i:  95500, t:  229358.3 s, ωt:  22.94 (3.65 periods), wall: 11.450 minutes, Δt:   2.12, CFL: 9.00e-01
i:  95600, t:  229550.2 s, ωt:  22.96 (3.65 periods), wall: 11.460 minutes, Δt:   1.99, CFL: 8.88e-01
i:  95700, t:  229731.5 s, ωt:  22.97 (3.66 periods), wall: 11.471 minutes, Δt:   1.87, CFL: 9.00e-01
i:  95800, t:  229927.3 s, ωt:  22.99 (3.66 periods), wall: 11.480 minutes, Δt:   1.99, CFL: 9.00e-01
i:  95900, t:  230125.4 s, ωt:  23.01 (3.66 periods), wall: 11.492 minutes, Δt:   2.17, CFL: 9.00e-01
i:  96000, t:  230309.5 s, ωt:  23.03 (3.67 periods), wall: 11.503 minutes, Δt:   1.47, CFL: 9.00e-01
i:  96100, t:  230497.6 s, ωt:  23.05 (3.67 periods), wall: 11.513 minutes, Δt:   1.99, CFL: 9.00e-01
i:  96200, t:  230694.8 s, ωt:  23.07 (3.67 periods), wall: 11.525 minutes, Δt:   1.73, CFL: 9.00e-01
i:  96300, t:  230876.4 s, ωt:  23.09 (3.67 periods), wall: 11.535 minutes, Δt:   1.96, CFL: 9.00e-01
i:  96400, t:  231058.7 s, ωt:  23.11 (3.68 periods), wall: 11.547 minutes, Δt:   1.85, CFL: 9.00e-01
i:  96500, t:  231230.2 s, ωt:  23.12 (3.68 periods), wall: 11.559 minutes, Δt:   1.56, CFL: 9.00e-01
i:  96600, t:  231401.6 s, ωt:  23.14 (3.68 periods), wall: 11.569 minutes, Δt:   1.74, CFL: 9.00e-01
i:  96700, t:  231561.0 s, ωt:  23.16 (3.69 periods), wall: 11.580 minutes, Δt:   1.97, CFL: 9.00e-01
i:  96800, t:  231742.0 s, ωt:  23.17 (3.69 periods), wall: 11.590 minutes, Δt:   1.83, CFL: 9.00e-01
i:  96900, t:  231922.8 s, ωt:  23.19 (3.69 periods), wall: 11.602 minutes, Δt:   1.78, CFL: 9.00e-01
i:  97000, t:  232102.8 s, ωt:  23.21 (3.69 periods), wall: 11.612 minutes, Δt:   1.82, CFL: 9.00e-01
i:  97100, t:  232277.3 s, ωt:  23.23 (3.70 periods), wall: 11.623 minutes, Δt:   1.39, CFL: 9.00e-01
i:  97200, t:  232436.3 s, ωt:  23.24 (3.70 periods), wall: 11.633 minutes, Δt:   1.55, CFL: 9.00e-01
i:  97300, t:  232588.4 s, ωt:  23.26 (3.70 periods), wall: 11.645 minutes, Δt:   1.67, CFL: 9.00e-01
i:  97400, t:  232753.9 s, ωt:  23.28 (3.70 periods), wall: 11.655 minutes, Δt:   1.49, CFL: 9.00e-01
i:  97500, t:  232919.9 s, ωt:  23.29 (3.71 periods), wall: 11.666 minutes, Δt:   1.81, CFL: 9.00e-01
i:  97600, t:  233093.4 s, ωt:  23.31 (3.71 periods), wall: 11.676 minutes, Δt:   1.93, CFL: 9.00e-01
i:  97700, t:  233260.1 s, ωt:  23.33 (3.71 periods), wall: 11.688 minutes, Δt:   1.62, CFL: 9.00e-01
i:  97800, t:  233423.8 s, ωt:  23.34 (3.72 periods), wall: 11.700 minutes, Δt:   1.44, CFL: 9.00e-01
i:  97900, t:  233582.2 s, ωt:  23.36 (3.72 periods), wall: 11.710 minutes, Δt:   1.71, CFL: 9.00e-01
i:  98000, t:  233747.6 s, ωt:  23.37 (3.72 periods), wall: 11.721 minutes, Δt:   1.63, CFL: 9.00e-01
i:  98100, t:  233918.2 s, ωt:  23.39 (3.72 periods), wall: 11.731 minutes, Δt:   1.69, CFL: 9.00e-01
i:  98200, t:  234076.3 s, ωt:  23.41 (3.73 periods), wall: 11.742 minutes, Δt:   1.76, CFL: 9.00e-01
i:  98300, t:  234251.7 s, ωt:  23.43 (3.73 periods), wall: 11.752 minutes, Δt:   1.76, CFL: 9.00e-01
i:  98400, t:  234415.4 s, ωt:  23.44 (3.73 periods), wall: 11.765 minutes, Δt:   1.48, CFL: 9.00e-01
i:  98500, t:  234568.8 s, ωt:  23.46 (3.73 periods), wall: 11.775 minutes, Δt:   1.42, CFL: 9.00e-01
i:  98600, t:  234721.5 s, ωt:  23.47 (3.74 periods), wall: 11.786 minutes, Δt:   1.66, CFL: 9.00e-01
i:  98700, t:  234897.3 s, ωt:  23.49 (3.74 periods), wall: 11.796 minutes, Δt:   1.59, CFL: 9.00e-01
i:  98800, t:  235066.1 s, ωt:  23.51 (3.74 periods), wall: 11.807 minutes, Δt:   1.63, CFL: 9.00e-01
i:  98900, t:  235234.3 s, ωt:  23.52 (3.74 periods), wall: 11.817 minutes, Δt:   1.76, CFL: 9.00e-01
i:  99000, t:  235397.6 s, ωt:  23.54 (3.75 periods), wall: 11.828 minutes, Δt:   1.77, CFL: 9.00e-01
i:  99100, t:  235561.8 s, ωt:  23.56 (3.75 periods), wall: 11.838 minutes, Δt:   1.52, CFL: 9.00e-01
i:  99200, t:  235720.6 s, ωt:  23.57 (3.75 periods), wall: 11.849 minutes, Δt:   1.52, CFL: 9.00e-01
i:  99300, t:  235871.4 s, ωt:  23.59 (3.75 periods), wall: 11.859 minutes, Δt:   1.46, CFL: 9.00e-01
i:  99400, t:  236004.7 s, ωt:  23.60 (3.76 periods), wall: 11.870 minutes, Δt:   1.53, CFL: 9.00e-01
i:  99500, t:  236165.9 s, ωt:  23.62 (3.76 periods), wall: 11.880 minutes, Δt:   1.49, CFL: 9.00e-01
i:  99600, t:  236329.2 s, ωt:  23.63 (3.76 periods), wall: 11.891 minutes, Δt:   1.72, CFL: 9.00e-01
i:  99700, t:  236492.8 s, ωt:  23.65 (3.76 periods), wall: 11.901 minutes, Δt:   1.64, CFL: 9.00e-01
i:  99800, t:  236665.3 s, ωt:  23.67 (3.77 periods), wall: 11.913 minutes, Δt:   1.58, CFL: 9.00e-01
i:  99900, t:  236832.9 s, ωt:  23.68 (3.77 periods), wall: 11.923 minutes, Δt:   1.68, CFL: 9.00e-01
i: 100000, t:  236973.6 s, ωt:  23.70 (3.77 periods), wall: 11.935 minutes, Δt:   1.69, CFL: 9.00e-01
i: 100100, t:  237150.1 s, ωt:  23.72 (3.77 periods), wall: 11.945 minutes, Δt:   1.83, CFL: 9.00e-01
i: 100200, t:  237330.7 s, ωt:  23.73 (3.78 periods), wall: 11.956 minutes, Δt:   1.66, CFL: 9.00e-01
i: 100300, t:  237507.8 s, ωt:  23.75 (3.78 periods), wall: 11.967 minutes, Δt:   1.56, CFL: 9.00e-01
i: 100400, t:  237678.4 s, ωt:  23.77 (3.78 periods), wall: 11.977 minutes, Δt:   1.74, CFL: 9.00e-01
i: 100500, t:  237854.0 s, ωt:  23.79 (3.79 periods), wall: 11.989 minutes, Δt:   1.51, CFL: 9.00e-01
i: 100600, t:  238015.2 s, ωt:  23.80 (3.79 periods), wall: 11.998 minutes, Δt:   1.81, CFL: 8.84e-01
i: 100700, t:  238190.0 s, ωt:  23.82 (3.79 periods), wall: 12.009 minutes, Δt:   1.71, CFL: 9.00e-01
i: 100800, t:  238363.1 s, ωt:  23.84 (3.79 periods), wall: 12.019 minutes, Δt:   1.74, CFL: 9.00e-01
i: 100900, t:  238540.9 s, ωt:  23.85 (3.80 periods), wall: 12.030 minutes, Δt:   1.75, CFL: 9.00e-01
i: 101000, t:  238719.5 s, ωt:  23.87 (3.80 periods), wall: 12.040 minutes, Δt:   1.71, CFL: 9.00e-01
i: 101100, t:  238891.4 s, ωt:  23.89 (3.80 periods), wall: 12.052 minutes, Δt:   1.54, CFL: 9.00e-01
i: 101200, t:  239064.3 s, ωt:  23.91 (3.80 periods), wall: 12.062 minutes, Δt:   1.74, CFL: 9.00e-01
i: 101300, t:  239231.7 s, ωt:  23.92 (3.81 periods), wall: 12.073 minutes, Δt:   1.92, CFL: 9.00e-01
i: 101400, t:  239413.0 s, ωt:  23.94 (3.81 periods), wall: 12.084 minutes, Δt:   1.50, CFL: 9.00e-01
i: 101500, t:  239583.6 s, ωt:  23.96 (3.81 periods), wall: 12.094 minutes, Δt:   1.66, CFL: 9.00e-01
i: 101600, t:  239753.5 s, ωt:  23.98 (3.82 periods), wall: 12.106 minutes, Δt:   1.63, CFL: 9.00e-01
i: 101700, t:  239923.5 s, ωt:  23.99 (3.82 periods), wall: 12.116 minutes, Δt:   1.78, CFL: 9.00e-01
i: 101800, t:  240096.5 s, ωt:  24.01 (3.82 periods), wall: 12.127 minutes, Δt:   1.74, CFL: 9.00e-01
i: 101900, t:  240281.7 s, ωt:  24.03 (3.82 periods), wall: 12.138 minutes, Δt:   1.94, CFL: 9.00e-01
i: 102000, t:  240475.4 s, ωt:  24.05 (3.83 periods), wall: 12.148 minutes, Δt:   1.71, CFL: 9.00e-01
i: 102100, t:  240648.0 s, ωt:  24.06 (3.83 periods), wall: 12.159 minutes, Δt:   2.15, CFL: 9.00e-01
i: 102200, t:  240845.3 s, ωt:  24.08 (3.83 periods), wall: 12.169 minutes, Δt:   1.79, CFL: 9.00e-01
i: 102300, t:  241022.8 s, ωt:  24.10 (3.84 periods), wall: 12.181 minutes, Δt:   1.92, CFL: 9.00e-01
i: 102400, t:  241207.4 s, ωt:  24.12 (3.84 periods), wall: 12.191 minutes, Δt:   1.43, CFL: 9.00e-01
i: 102500, t:  241373.2 s, ωt:  24.14 (3.84 periods), wall: 12.202 minutes, Δt:   1.83, CFL: 9.00e-01
i: 102600, t:  241555.4 s, ωt:  24.16 (3.84 periods), wall: 12.212 minutes, Δt:   1.86, CFL: 9.00e-01
i: 102700, t:  241743.8 s, ωt:  24.17 (3.85 periods), wall: 12.224 minutes, Δt:   2.06, CFL: 9.00e-01
i: 102800, t:  241941.4 s, ωt:  24.19 (3.85 periods), wall: 12.235 minutes, Δt:   2.02, CFL: 9.00e-01
i: 102900, t:  242140.5 s, ωt:  24.21 (3.85 periods), wall: 12.245 minutes, Δt:   2.03, CFL: 9.00e-01
i: 103000, t:  242316.2 s, ωt:  24.23 (3.86 periods), wall: 12.256 minutes, Δt:   1.57, CFL: 9.00e-01
i: 103100, t:  242502.3 s, ωt:  24.25 (3.86 periods), wall: 12.266 minutes, Δt:   2.14, CFL: 9.00e-01
i: 103200, t:  242694.7 s, ωt:  24.27 (3.86 periods), wall: 12.278 minutes, Δt:   1.89, CFL: 9.00e-01
i: 103300, t:  242881.7 s, ωt:  24.29 (3.87 periods), wall: 12.289 minutes, Δt:   2.11, CFL: 9.00e-01
i: 103400, t:  243098.9 s, ωt:  24.31 (3.87 periods), wall: 12.299 minutes, Δt:   2.10, CFL: 9.00e-01
i: 103500, t:  243311.2 s, ωt:  24.33 (3.87 periods), wall: 12.310 minutes, Δt:   2.26, CFL: 9.00e-01
i: 103600, t:  243506.8 s, ωt:  24.35 (3.88 periods), wall: 12.322 minutes, Δt:   2.22, CFL: 9.00e-01
i: 103700, t:  243745.8 s, ωt:  24.37 (3.88 periods), wall: 12.332 minutes, Δt:   2.00, CFL: 9.00e-01
i: 103800, t:  243955.7 s, ωt:  24.40 (3.88 periods), wall: 12.343 minutes, Δt:   2.25, CFL: 9.00e-01
i: 103900, t:  244177.2 s, ωt:  24.42 (3.89 periods), wall: 12.354 minutes, Δt:   2.18, CFL: 9.00e-01
i: 104000, t:  244406.3 s, ωt:  24.44 (3.89 periods), wall: 12.364 minutes, Δt:   2.46, CFL: 9.00e-01
i: 104100, t:  244639.5 s, ωt:  24.46 (3.89 periods), wall: 12.375 minutes, Δt:   2.44, CFL: 9.00e-01
i: 104200, t:  244894.6 s, ωt:  24.49 (3.90 periods), wall: 12.387 minutes, Δt:   2.92, CFL: 9.00e-01
i: 104300, t:  245176.0 s, ωt:  24.52 (3.90 periods), wall: 12.398 minutes, Δt:   2.52, CFL: 9.00e-01
i: 104400, t:  245429.1 s, ωt:  24.54 (3.91 periods), wall: 12.409 minutes, Δt:   3.15, CFL: 9.00e-01
i: 104500, t:  245719.5 s, ωt:  24.57 (3.91 periods), wall: 12.421 minutes, Δt:   2.64, CFL: 9.00e-01
i: 104600, t:  245976.9 s, ωt:  24.60 (3.91 periods), wall: 12.431 minutes, Δt:   2.70, CFL: 9.00e-01
i: 104700, t:  246237.8 s, ωt:  24.62 (3.92 periods), wall: 12.442 minutes, Δt:   2.63, CFL: 9.00e-01
i: 104800, t:  246542.1 s, ωt:  24.65 (3.92 periods), wall: 12.454 minutes, Δt:   3.06, CFL: 9.00e-01
i: 104900, t:  246869.3 s, ωt:  24.69 (3.93 periods), wall: 12.465 minutes, Δt:   3.50, CFL: 9.00e-01
i: 105000, t:  247190.1 s, ωt:  24.72 (3.93 periods), wall: 12.476 minutes, Δt:   3.92, CFL: 9.00e-01
i: 105100, t:  247587.0 s, ωt:  24.76 (3.94 periods), wall: 12.490 minutes, Δt:   4.18, CFL: 9.00e-01
i: 105200, t:  248002.0 s, ωt:  24.80 (3.95 periods), wall: 12.501 minutes, Δt:   3.86, CFL: 9.00e-01
i: 105300, t:  248418.4 s, ωt:  24.84 (3.95 periods), wall: 12.513 minutes, Δt:   4.74, CFL: 9.00e-01
i: 105400, t:  248838.4 s, ωt:  24.88 (3.96 periods), wall: 12.525 minutes, Δt:   3.82, CFL: 9.00e-01
i: 105500, t:  249270.7 s, ωt:  24.93 (3.97 periods), wall: 12.537 minutes, Δt:   4.43, CFL: 9.00e-01
i: 105600, t:  249642.4 s, ωt:  24.96 (3.97 periods), wall: 12.548 minutes, Δt:   3.88, CFL: 9.00e-01
i: 105700, t:  250155.3 s, ωt:  25.02 (3.98 periods), wall: 12.561 minutes, Δt:   5.70, CFL: 9.00e-01
i: 105800, t:  250720.3 s, ωt:  25.07 (3.99 periods), wall: 12.574 minutes, Δt:   6.84, CFL: 9.00e-01
i: 105900, t:  251405.4 s, ωt:  25.14 (4.00 periods), wall: 12.599 minutes, Δt:   7.33, CFL: 9.00e-01
i: 106000, t:  252002.4 s, ωt:  25.20 (4.01 periods), wall: 12.614 minutes, Δt:   5.97, CFL: 9.00e-01
i: 106100, t:  252600.6 s, ωt:  25.26 (4.02 periods), wall: 12.628 minutes, Δt:   6.08, CFL: 9.00e-01
i: 106200, t:  253160.5 s, ωt:  25.32 (4.03 periods), wall: 12.640 minutes, Δt:   4.93, CFL: 9.00e-01
i: 106300, t:  253717.5 s, ωt:  25.37 (4.04 periods), wall: 12.653 minutes, Δt:   4.98, CFL: 9.00e-01
i: 106400, t:  254207.4 s, ωt:  25.42 (4.05 periods), wall: 12.667 minutes, Δt:   4.59, CFL: 9.00e-01
i: 106500, t:  254605.0 s, ωt:  25.46 (4.05 periods), wall: 12.678 minutes, Δt:   3.40, CFL: 9.00e-01
i: 106600, t:  254977.1 s, ωt:  25.50 (4.06 periods), wall: 12.690 minutes, Δt:   3.86, CFL: 9.00e-01
i: 106700, t:  255369.2 s, ωt:  25.54 (4.06 periods), wall: 12.702 minutes, Δt:   3.48, CFL: 9.00e-01
i: 106800, t:  255679.7 s, ωt:  25.57 (4.07 periods), wall: 12.713 minutes, Δt:   3.58, CFL: 9.00e-01
i: 106900, t:  256024.1 s, ωt:  25.60 (4.07 periods), wall: 12.726 minutes, Δt:   3.34, CFL: 9.00e-01
i: 107000, t:  256381.5 s, ωt:  25.64 (4.08 periods), wall: 12.740 minutes, Δt:   3.57, CFL: 9.00e-01
i: 107100, t:  256722.7 s, ωt:  25.67 (4.09 periods), wall: 12.751 minutes, Δt:   3.55, CFL: 9.00e-01
i: 107200, t:  257026.5 s, ωt:  25.70 (4.09 periods), wall: 12.764 minutes, Δt:   2.98, CFL: 9.00e-01
i: 107300, t:  257311.2 s, ωt:  25.73 (4.10 periods), wall: 12.775 minutes, Δt:   2.96, CFL: 9.00e-01
i: 107400, t:  257598.0 s, ωt:  25.76 (4.10 periods), wall: 12.785 minutes, Δt:   2.94, CFL: 9.00e-01
i: 107500, t:  257852.6 s, ωt:  25.79 (4.10 periods), wall: 12.797 minutes, Δt:   2.81, CFL: 9.00e-01
i: 107600, t:  258113.9 s, ωt:  25.81 (4.11 periods), wall: 12.813 minutes, Δt:   2.71, CFL: 9.00e-01
i: 107700, t:  258361.8 s, ωt:  25.84 (4.11 periods), wall: 12.825 minutes, Δt:   2.24, CFL: 9.00e-01
i: 107800, t:  258586.8 s, ωt:  25.86 (4.12 periods), wall: 12.836 minutes, Δt:   2.67, CFL: 9.00e-01
i: 107900, t:  258841.2 s, ωt:  25.88 (4.12 periods), wall: 12.846 minutes, Δt:   2.22, CFL: 9.00e-01
i: 108000, t:  259079.7 s, ωt:  25.91 (4.12 periods), wall: 12.857 minutes, Δt:   2.50, CFL: 9.00e-01
i: 108100, t:  259302.6 s, ωt:  25.93 (4.13 periods), wall: 12.868 minutes, Δt:   1.96, CFL: 9.00e-01
i: 108200, t:  259533.0 s, ωt:  25.95 (4.13 periods), wall: 12.880 minutes, Δt:   2.13, CFL: 9.00e-01
i: 108300, t:  259767.0 s, ωt:  25.98 (4.13 periods), wall: 12.890 minutes, Δt:   2.33, CFL: 9.00e-01
i: 108400, t:  259991.5 s, ωt:  26.00 (4.14 periods), wall: 12.902 minutes, Δt:   2.07, CFL: 9.00e-01
i: 108500, t:  260205.9 s, ωt:  26.02 (4.14 periods), wall: 12.913 minutes, Δt:   2.31, CFL: 9.00e-01
i: 108600, t:  260405.3 s, ωt:  26.04 (4.14 periods), wall: 12.923 minutes, Δt:   1.97, CFL: 9.00e-01
i: 108700, t:  260600.5 s, ωt:  26.06 (4.15 periods), wall: 12.934 minutes, Δt:   1.97, CFL: 9.00e-01
i: 108800, t:  260797.7 s, ωt:  26.08 (4.15 periods), wall: 12.946 minutes, Δt:   2.22, CFL: 9.00e-01
i: 108900, t:  261002.4 s, ωt:  26.10 (4.15 periods), wall: 12.956 minutes, Δt:   1.94, CFL: 9.00e-01
i: 109000, t:  261203.4 s, ωt:  26.12 (4.16 periods), wall: 12.967 minutes, Δt:   1.82, CFL: 9.00e-01
i: 109100, t:  261389.9 s, ωt:  26.14 (4.16 periods), wall: 12.978 minutes, Δt:   1.89, CFL: 9.00e-01
i: 109200, t:  261583.1 s, ωt:  26.16 (4.16 periods), wall: 12.988 minutes, Δt:   1.78, CFL: 9.00e-01
i: 109300, t:  261778.3 s, ωt:  26.18 (4.17 periods), wall: 12.999 minutes, Δt:   1.92, CFL: 9.00e-01
i: 109400, t:  261981.5 s, ωt:  26.20 (4.17 periods), wall: 13.009 minutes, Δt:   2.23, CFL: 9.00e-01
i: 109500, t:  262182.4 s, ωt:  26.22 (4.17 periods), wall: 13.020 minutes, Δt:   1.85, CFL: 9.00e-01
i: 109600, t:  262374.5 s, ωt:  26.24 (4.18 periods), wall: 13.034 minutes, Δt:   1.87, CFL: 9.00e-01
i: 109700, t:  262563.0 s, ωt:  26.26 (4.18 periods), wall: 13.044 minutes, Δt:   2.09, CFL: 9.00e-01
i: 109800, t:  262760.6 s, ωt:  26.28 (4.18 periods), wall: 13.055 minutes, Δt:   2.05, CFL: 9.00e-01
i: 109900, t:  262948.3 s, ωt:  26.29 (4.18 periods), wall: 13.065 minutes, Δt:   1.38, CFL: 9.00e-01
i: 110000, t:  263124.4 s, ωt:  26.31 (4.19 periods), wall: 13.076 minutes, Δt:   1.44, CFL: 9.00e-01
i: 110100, t:  263280.4 s, ωt:  26.33 (4.19 periods), wall: 13.088 minutes, Δt:   1.78, CFL: 9.00e-01
i: 110200, t:  263456.1 s, ωt:  26.35 (4.19 periods), wall: 13.098 minutes, Δt:   1.77, CFL: 9.00e-01
i: 110300, t:  263633.3 s, ωt:  26.36 (4.20 periods), wall: 13.110 minutes, Δt:   1.84, CFL: 9.00e-01
i: 110400, t:  263812.5 s, ωt:  26.38 (4.20 periods), wall: 13.120 minutes, Δt:   1.82, CFL: 9.00e-01
i: 110500, t:  263998.4 s, ωt:  26.40 (4.20 periods), wall: 13.131 minutes, Δt:   1.75, CFL: 9.00e-01
i: 110600, t:  264179.1 s, ωt:  26.42 (4.20 periods), wall: 13.141 minutes, Δt:   1.85, CFL: 9.00e-01
i: 110700, t:  264357.7 s, ωt:  26.44 (4.21 periods), wall: 13.153 minutes, Δt:   1.74, CFL: 9.00e-01
i: 110800, t:  264522.1 s, ωt:  26.45 (4.21 periods), wall: 13.163 minutes, Δt:   1.55, CFL: 9.00e-01
i: 110900, t:  264690.8 s, ωt:  26.47 (4.21 periods), wall: 13.174 minutes, Δt:   1.91, CFL: 9.00e-01
i: 111000, t:  264869.2 s, ωt:  26.49 (4.22 periods), wall: 13.186 minutes, Δt:   1.59, CFL: 9.00e-01
i: 111100, t:  265035.6 s, ωt:  26.50 (4.22 periods), wall: 13.196 minutes, Δt:   1.87, CFL: 9.00e-01
i: 111200, t:  265202.8 s, ωt:  26.52 (4.22 periods), wall: 13.208 minutes, Δt:   1.74, CFL: 9.00e-01
i: 111300, t:  265378.3 s, ωt:  26.54 (4.22 periods), wall: 13.218 minutes, Δt:   1.61, CFL: 9.00e-01
i: 111400, t:  265557.5 s, ωt:  26.56 (4.23 periods), wall: 13.229 minutes, Δt:   1.80, CFL: 9.00e-01
i: 111500, t:  265746.8 s, ωt:  26.57 (4.23 periods), wall: 13.239 minutes, Δt:   1.90, CFL: 9.00e-01
i: 111600, t:  265909.4 s, ωt:  26.59 (4.23 periods), wall: 13.251 minutes, Δt:   1.73, CFL: 9.00e-01
i: 111700, t:  266085.1 s, ωt:  26.61 (4.23 periods), wall: 13.261 minutes, Δt:   1.81, CFL: 9.00e-01
i: 111800, t:  266243.9 s, ωt:  26.62 (4.24 periods), wall: 13.272 minutes, Δt:   1.77, CFL: 9.00e-01
i: 111900, t:  266400.9 s, ωt:  26.64 (4.24 periods), wall: 13.281 minutes, Δt:   1.81, CFL: 9.00e-01
i: 112000, t:  266582.9 s, ωt:  26.66 (4.24 periods), wall: 13.293 minutes, Δt:   1.73, CFL: 9.00e-01
i: 112100, t:  266751.8 s, ωt:  26.68 (4.25 periods), wall: 13.305 minutes, Δt:   1.61, CFL: 9.00e-01
i: 112200, t:  266917.4 s, ωt:  26.69 (4.25 periods), wall: 13.315 minutes, Δt:   1.78, CFL: 9.00e-01
i: 112300, t:  267089.4 s, ωt:  26.71 (4.25 periods), wall: 13.326 minutes, Δt:   1.55, CFL: 9.00e-01
i: 112400, t:  267240.9 s, ωt:  26.72 (4.25 periods), wall: 13.336 minutes, Δt:   1.67, CFL: 9.00e-01
i: 112500, t:  267393.5 s, ωt:  26.74 (4.26 periods), wall: 13.347 minutes, Δt:   1.52, CFL: 9.00e-01
i: 112600, t:  267559.9 s, ωt:  26.76 (4.26 periods), wall: 13.357 minutes, Δt:   1.60, CFL: 9.00e-01
i: 112700, t:  267734.5 s, ωt:  26.77 (4.26 periods), wall: 13.369 minutes, Δt:   1.66, CFL: 9.00e-01
i: 112800, t:  267906.0 s, ωt:  26.79 (4.26 periods), wall: 13.379 minutes, Δt:   1.35, CFL: 9.00e-01
i: 112900, t:  268061.8 s, ωt:  26.81 (4.27 periods), wall: 13.390 minutes, Δt:   1.67, CFL: 9.00e-01
i: 113000, t:  268231.2 s, ωt:  26.82 (4.27 periods), wall: 13.400 minutes, Δt:   1.76, CFL: 9.00e-01
i: 113100, t:  268392.9 s, ωt:  26.84 (4.27 periods), wall: 13.411 minutes, Δt:   1.90, CFL: 9.00e-01
i: 113200, t:  268556.5 s, ωt:  26.86 (4.27 periods), wall: 13.421 minutes, Δt:   1.51, CFL: 9.00e-01
i: 113300, t:  268718.4 s, ωt:  26.87 (4.28 periods), wall: 13.433 minutes, Δt:   1.75, CFL: 9.00e-01
i: 113400, t:  268886.9 s, ωt:  26.89 (4.28 periods), wall: 13.443 minutes, Δt:   1.76, CFL: 9.00e-01
i: 113500, t:  269051.5 s, ωt:  26.91 (4.28 periods), wall: 13.456 minutes, Δt:   1.87, CFL: 9.00e-01
i: 113600, t:  269219.3 s, ωt:  26.92 (4.28 periods), wall: 13.466 minutes, Δt:   1.82, CFL: 9.00e-01
i: 113700, t:  269390.6 s, ωt:  26.94 (4.29 periods), wall: 13.477 minutes, Δt:   1.72, CFL: 9.00e-01
i: 113800, t:  269567.5 s, ωt:  26.96 (4.29 periods), wall: 13.488 minutes, Δt:   1.95, CFL: 9.00e-01
i: 113900, t:  269727.0 s, ωt:  26.97 (4.29 periods), wall: 13.498 minutes, Δt:   1.60, CFL: 9.00e-01
i: 114000, t:  269907.4 s, ωt:  26.99 (4.30 periods), wall: 13.509 minutes, Δt:   1.83, CFL: 9.00e-01
i: 114100, t:  270087.3 s, ωt:  27.01 (4.30 periods), wall: 13.519 minutes, Δt:   1.72, CFL: 9.00e-01
i: 114200, t:  270260.5 s, ωt:  27.03 (4.30 periods), wall: 13.531 minutes, Δt:   1.69, CFL: 9.00e-01
i: 114300, t:  270429.7 s, ωt:  27.04 (4.30 periods), wall: 13.540 minutes, Δt:   1.53, CFL: 9.00e-01
i: 114400, t:  270604.0 s, ωt:  27.06 (4.31 periods), wall: 13.553 minutes, Δt:   1.75, CFL: 9.00e-01
i: 114500, t:  270775.6 s, ωt:  27.08 (4.31 periods), wall: 13.563 minutes, Δt:   1.79, CFL: 9.00e-01
i: 114600, t:  270948.6 s, ωt:  27.09 (4.31 periods), wall: 13.576 minutes, Δt:   1.78, CFL: 9.00e-01
i: 114700, t:  271119.4 s, ωt:  27.11 (4.31 periods), wall: 13.586 minutes, Δt:   1.67, CFL: 9.00e-01
i: 114800, t:  271307.2 s, ωt:  27.13 (4.32 periods), wall: 13.598 minutes, Δt:   2.01, CFL: 9.00e-01
i: 114900, t:  271494.4 s, ωt:  27.15 (4.32 periods), wall: 13.611 minutes, Δt:   1.66, CFL: 9.00e-01
i: 115000, t:  271675.6 s, ωt:  27.17 (4.32 periods), wall: 13.621 minutes, Δt:   1.70, CFL: 9.00e-01
i: 115100, t:  271829.0 s, ωt:  27.18 (4.33 periods), wall: 13.632 minutes, Δt:   1.49, CFL: 9.00e-01
i: 115200, t:  272007.1 s, ωt:  27.20 (4.33 periods), wall: 13.642 minutes, Δt:   2.23, CFL: 9.00e-01
i: 115300, t:  272195.8 s, ωt:  27.22 (4.33 periods), wall: 13.653 minutes, Δt:   1.83, CFL: 9.00e-01
i: 115400, t:  272387.5 s, ωt:  27.24 (4.34 periods), wall: 13.664 minutes, Δt:   1.98, CFL: 9.00e-01
i: 115500, t:  272587.6 s, ωt:  27.26 (4.34 periods), wall: 13.674 minutes, Δt:   1.76, CFL: 9.00e-01
i: 115600, t:  272783.8 s, ωt:  27.28 (4.34 periods), wall: 13.686 minutes, Δt:   2.03, CFL: 9.00e-01
i: 115700, t:  272981.7 s, ωt:  27.30 (4.34 periods), wall: 13.696 minutes, Δt:   1.89, CFL: 9.00e-01
i: 115800, t:  273159.3 s, ωt:  27.32 (4.35 periods), wall: 13.707 minutes, Δt:   1.52, CFL: 9.00e-01
i: 115900, t:  273337.1 s, ωt:  27.33 (4.35 periods), wall: 13.719 minutes, Δt:   2.19, CFL: 9.00e-01
i: 116000, t:  273550.3 s, ωt:  27.36 (4.35 periods), wall: 13.729 minutes, Δt:   1.94, CFL: 9.00e-01
i: 116100, t:  273772.6 s, ωt:  27.38 (4.36 periods), wall: 13.740 minutes, Δt:   1.74, CFL: 9.00e-01
i: 116200, t:  273950.7 s, ωt:  27.40 (4.36 periods), wall: 13.751 minutes, Δt:   2.07, CFL: 9.00e-01
i: 116300, t:  274141.8 s, ωt:  27.41 (4.36 periods), wall: 13.761 minutes, Δt:   2.03, CFL: 9.00e-01
i: 116400, t:  274358.2 s, ωt:  27.44 (4.37 periods), wall: 13.773 minutes, Δt:   2.15, CFL: 9.00e-01
i: 116500, t:  274577.4 s, ωt:  27.46 (4.37 periods), wall: 13.784 minutes, Δt:   2.50, CFL: 9.00e-01
i: 116600, t:  274816.8 s, ωt:  27.48 (4.37 periods), wall: 13.794 minutes, Δt:   1.98, CFL: 9.00e-01
i: 116700, t:  275033.7 s, ωt:  27.50 (4.38 periods), wall: 13.806 minutes, Δt:   2.23, CFL: 9.00e-01
i: 116800, t:  275263.1 s, ωt:  27.53 (4.38 periods), wall: 13.818 minutes, Δt:   2.69, CFL: 9.00e-01
i: 116900, t:  275516.3 s, ωt:  27.55 (4.38 periods), wall: 13.828 minutes, Δt:   2.04, CFL: 9.00e-01
i: 117000, t:  275741.7 s, ωt:  27.57 (4.39 periods), wall: 13.839 minutes, Δt:   2.28, CFL: 9.00e-01
i: 117100, t:  275972.9 s, ωt:  27.60 (4.39 periods), wall: 13.850 minutes, Δt:   2.76, CFL: 9.00e-01
i: 117200, t:  276230.2 s, ωt:  27.62 (4.40 periods), wall: 13.863 minutes, Δt:   2.16, CFL: 9.00e-01
i: 117300, t:  276473.1 s, ωt:  27.65 (4.40 periods), wall: 13.874 minutes, Δt:   2.50, CFL: 9.00e-01
i: 117400, t:  276741.4 s, ωt:  27.67 (4.40 periods), wall: 13.884 minutes, Δt:   3.01, CFL: 9.00e-01
i: 117500, t:  277033.5 s, ωt:  27.70 (4.41 periods), wall: 13.895 minutes, Δt:   2.83, CFL: 9.00e-01
i: 117600, t:  277308.4 s, ωt:  27.73 (4.41 periods), wall: 13.907 minutes, Δt:   2.84, CFL: 9.00e-01
i: 117700, t:  277578.7 s, ωt:  27.76 (4.42 periods), wall: 13.918 minutes, Δt:   3.19, CFL: 9.00e-01
i: 117800, t:  277893.5 s, ωt:  27.79 (4.42 periods), wall: 13.929 minutes, Δt:   2.62, CFL: 9.00e-01
i: 117900, t:  278167.2 s, ωt:  27.82 (4.43 periods), wall: 13.941 minutes, Δt:   3.05, CFL: 9.00e-01
i: 118000, t:  278423.0 s, ωt:  27.84 (4.43 periods), wall: 13.953 minutes, Δt:   2.55, CFL: 9.00e-01
i: 118100, t:  278751.9 s, ωt:  27.88 (4.44 periods), wall: 13.964 minutes, Δt:   3.25, CFL: 9.00e-01
i: 118200, t:  279043.9 s, ωt:  27.90 (4.44 periods), wall: 13.975 minutes, Δt:   2.48, CFL: 9.00e-01
i: 118300, t:  279349.8 s, ωt:  27.93 (4.45 periods), wall: 13.987 minutes, Δt:   3.16, CFL: 9.00e-01
i: 118400, t:  279679.2 s, ωt:  27.97 (4.45 periods), wall: 13.998 minutes, Δt:   3.72, CFL: 9.00e-01
i: 118500, t:  280071.5 s, ωt:  28.01 (4.46 periods), wall: 14.009 minutes, Δt:   3.76, CFL: 9.00e-01
i: 118600, t:  280487.3 s, ωt:  28.05 (4.46 periods), wall: 14.020 minutes, Δt:   4.33, CFL: 9.00e-01
i: 118700, t:  280840.2 s, ωt:  28.08 (4.47 periods), wall: 14.031 minutes, Δt:   3.61, CFL: 9.00e-01
i: 118800, t:  281204.7 s, ωt:  28.12 (4.48 periods), wall: 14.044 minutes, Δt:   4.08, CFL: 9.00e-01
i: 118900, t:  281689.6 s, ωt:  28.17 (4.48 periods), wall: 14.055 minutes, Δt:   5.50, CFL: 9.00e-01
i: 119000, t:  282219.5 s, ωt:  28.22 (4.49 periods), wall: 14.067 minutes, Δt:   6.92, CFL: 9.00e-01
i: 119100, t:  282886.2 s, ωt:  28.29 (4.50 periods), wall: 14.093 minutes, Δt:   7.39, CFL: 9.00e-01
i: 119200, t:  283516.4 s, ωt:  28.35 (4.51 periods), wall: 14.105 minutes, Δt:   5.93, CFL: 9.00e-01
i: 119300, t:  284124.7 s, ωt:  28.41 (4.52 periods), wall: 14.118 minutes, Δt:   6.57, CFL: 9.00e-01
i: 119400, t:  284714.4 s, ωt:  28.47 (4.53 periods), wall: 14.130 minutes, Δt:   5.74, CFL: 9.00e-01
i: 119500, t:  285267.1 s, ωt:  28.53 (4.54 periods), wall: 14.143 minutes, Δt:   5.58, CFL: 9.00e-01
i: 119600, t:  285738.5 s, ωt:  28.57 (4.55 periods), wall: 14.154 minutes, Δt:   4.80, CFL: 9.00e-01
i: 119700, t:  286189.9 s, ωt:  28.62 (4.55 periods), wall: 14.165 minutes, Δt:   4.53, CFL: 9.00e-01
i: 119800, t:  286627.6 s, ωt:  28.66 (4.56 periods), wall: 14.181 minutes, Δt:   4.24, CFL: 9.00e-01
i: 119900, t:  287011.5 s, ωt:  28.70 (4.57 periods), wall: 14.193 minutes, Δt:   3.39, CFL: 9.00e-01
i: 120000, t:  287335.3 s, ωt:  28.73 (4.57 periods), wall: 14.204 minutes, Δt:   3.04, CFL: 9.00e-01
i: 120100, t:  287656.8 s, ωt:  28.77 (4.58 periods), wall: 14.215 minutes, Δt:   3.29, CFL: 9.00e-01
i: 120200, t:  287986.5 s, ωt:  28.80 (4.58 periods), wall: 14.227 minutes, Δt:   3.05, CFL: 9.00e-01
i: 120300, t:  288261.8 s, ωt:  28.83 (4.59 periods), wall: 14.238 minutes, Δt:   2.72, CFL: 9.00e-01
i: 120400, t:  288544.5 s, ωt:  28.85 (4.59 periods), wall: 14.249 minutes, Δt:   2.77, CFL: 9.00e-01
i: 120500, t:  288801.3 s, ωt:  28.88 (4.60 periods), wall: 14.261 minutes, Δt:   2.46, CFL: 9.00e-01
i: 120600, t:  289063.7 s, ωt:  28.91 (4.60 periods), wall: 14.272 minutes, Δt:   2.35, CFL: 9.00e-01
i: 120700, t:  289313.2 s, ωt:  28.93 (4.60 periods), wall: 14.282 minutes, Δt:   2.59, CFL: 9.00e-01
i: 120800, t:  289555.9 s, ωt:  28.96 (4.61 periods), wall: 14.293 minutes, Δt:   2.05, CFL: 9.00e-01
i: 120900, t:  289762.2 s, ωt:  28.98 (4.61 periods), wall: 14.305 minutes, Δt:   1.92, CFL: 9.00e-01
i: 121000, t:  289969.0 s, ωt:  29.00 (4.62 periods), wall: 14.315 minutes, Δt:   2.27, CFL: 9.00e-01
i: 121100, t:  290200.3 s, ωt:  29.02 (4.62 periods), wall: 14.326 minutes, Δt:   2.26, CFL: 9.00e-01
i: 121200, t:  290441.8 s, ωt:  29.04 (4.62 periods), wall: 14.337 minutes, Δt:   2.01, CFL: 9.00e-01
i: 121300, t:  290644.5 s, ωt:  29.06 (4.63 periods), wall: 14.349 minutes, Δt:   2.03, CFL: 9.00e-01
i: 121400, t:  290854.1 s, ωt:  29.09 (4.63 periods), wall: 14.359 minutes, Δt:   1.63, CFL: 9.00e-01
i: 121500, t:  291056.3 s, ωt:  29.11 (4.63 periods), wall: 14.370 minutes, Δt:   1.87, CFL: 9.00e-01
i: 121600, t:  291265.5 s, ωt:  29.13 (4.64 periods), wall: 14.382 minutes, Δt:   1.94, CFL: 9.00e-01
i: 121700, t:  291489.2 s, ωt:  29.15 (4.64 periods), wall: 14.391 minutes, Δt:   2.18, CFL: 9.00e-01
i: 121800, t:  291693.5 s, ωt:  29.17 (4.64 periods), wall: 14.402 minutes, Δt:   2.00, CFL: 9.00e-01
i: 121900, t:  291900.2 s, ωt:  29.19 (4.65 periods), wall: 14.413 minutes, Δt:   2.14, CFL: 9.00e-01
i: 122000, t:  292098.3 s, ωt:  29.21 (4.65 periods), wall: 14.423 minutes, Δt:   2.32, CFL: 9.00e-01
i: 122100, t:  292292.0 s, ωt:  29.23 (4.65 periods), wall: 14.435 minutes, Δt:   1.99, CFL: 9.00e-01
i: 122200, t:  292482.3 s, ωt:  29.25 (4.66 periods), wall: 14.444 minutes, Δt:   2.06, CFL: 9.00e-01
i: 122300, t:  292671.9 s, ωt:  29.27 (4.66 periods), wall: 14.456 minutes, Δt:   2.12, CFL: 9.00e-01
i: 122400, t:  292867.9 s, ωt:  29.29 (4.66 periods), wall: 14.466 minutes, Δt:   1.74, CFL: 9.00e-01
i: 122500, t:  293051.8 s, ωt:  29.31 (4.66 periods), wall: 14.476 minutes, Δt:   1.73, CFL: 9.00e-01
i: 122600, t:  293228.5 s, ωt:  29.32 (4.67 periods), wall: 14.487 minutes, Δt:   1.84, CFL: 9.00e-01
i: 122700, t:  293421.8 s, ωt:  29.34 (4.67 periods), wall: 14.497 minutes, Δt:   1.80, CFL: 9.00e-01
i: 122800, t:  293603.7 s, ωt:  29.36 (4.67 periods), wall: 14.508 minutes, Δt:   1.91, CFL: 9.00e-01
i: 122900, t:  293790.6 s, ωt:  29.38 (4.68 periods), wall: 14.520 minutes, Δt:   1.88, CFL: 9.00e-01
i: 123000, t:  293969.4 s, ωt:  29.40 (4.68 periods), wall: 14.530 minutes, Δt:   1.77, CFL: 9.00e-01
i: 123100, t:  294143.1 s, ωt:  29.41 (4.68 periods), wall: 14.541 minutes, Δt:   1.89, CFL: 9.00e-01
i: 123200, t:  294317.9 s, ωt:  29.43 (4.68 periods), wall: 14.551 minutes, Δt:   1.73, CFL: 9.00e-01
i: 123300, t:  294487.6 s, ωt:  29.45 (4.69 periods), wall: 14.562 minutes, Δt:   1.66, CFL: 9.00e-01
i: 123400, t:  294657.5 s, ωt:  29.47 (4.69 periods), wall: 14.572 minutes, Δt:   1.73, CFL: 9.00e-01
i: 123500, t:  294835.9 s, ωt:  29.48 (4.69 periods), wall: 14.583 minutes, Δt:   1.88, CFL: 9.00e-01
i: 123600, t:  295014.0 s, ωt:  29.50 (4.70 periods), wall: 14.594 minutes, Δt:   1.58, CFL: 9.00e-01
i: 123700, t:  295189.9 s, ωt:  29.52 (4.70 periods), wall: 14.604 minutes, Δt:   1.85, CFL: 9.00e-01
i: 123800, t:  295359.4 s, ωt:  29.54 (4.70 periods), wall: 14.616 minutes, Δt:   1.66, CFL: 9.00e-01
i: 123900, t:  295543.5 s, ωt:  29.55 (4.70 periods), wall: 14.625 minutes, Δt:   1.76, CFL: 9.00e-01
i: 124000, t:  295718.5 s, ωt:  29.57 (4.71 periods), wall: 14.636 minutes, Δt:   1.66, CFL: 9.00e-01
i: 124100, t:  295882.5 s, ωt:  29.59 (4.71 periods), wall: 14.646 minutes, Δt:   1.66, CFL: 9.00e-01
i: 124200, t:  296045.8 s, ωt:  29.60 (4.71 periods), wall: 14.657 minutes, Δt:   1.39, CFL: 9.00e-01
i: 124300, t:  296212.9 s, ωt:  29.62 (4.71 periods), wall: 14.667 minutes, Δt:   1.79, CFL: 9.00e-01
i: 124400, t:  296394.9 s, ωt:  29.64 (4.72 periods), wall: 14.678 minutes, Δt:   1.69, CFL: 9.00e-01
i: 124500, t:  296562.3 s, ωt:  29.66 (4.72 periods), wall: 14.688 minutes, Δt:   1.54, CFL: 9.00e-01
i: 124600, t:  296719.4 s, ωt:  29.67 (4.72 periods), wall: 14.700 minutes, Δt:   1.86, CFL: 9.00e-01
i: 124700, t:  296887.2 s, ωt:  29.69 (4.73 periods), wall: 14.711 minutes, Δt:   1.54, CFL: 9.00e-01
i: 124800, t:  297044.9 s, ωt:  29.70 (4.73 periods), wall: 14.721 minutes, Δt:   1.63, CFL: 9.00e-01
i: 124900, t:  297212.5 s, ωt:  29.72 (4.73 periods), wall: 14.732 minutes, Δt:   1.72, CFL: 9.00e-01
i: 125000, t:  297380.0 s, ωt:  29.74 (4.73 periods), wall: 14.742 minutes, Δt:   1.66, CFL: 9.00e-01
i: 125100, t:  297544.7 s, ωt:  29.75 (4.74 periods), wall: 14.753 minutes, Δt:   1.79, CFL: 9.00e-01
i: 125200, t:  297702.5 s, ωt:  29.77 (4.74 periods), wall: 14.763 minutes, Δt:   1.58, CFL: 9.00e-01
i: 125300, t:  297869.1 s, ωt:  29.79 (4.74 periods), wall: 14.774 minutes, Δt:   1.37, CFL: 9.00e-01
i: 125400, t:  298034.7 s, ωt:  29.80 (4.74 periods), wall: 14.784 minutes, Δt:   1.77, CFL: 9.00e-01
i: 125500, t:  298209.5 s, ωt:  29.82 (4.75 periods), wall: 14.795 minutes, Δt:   1.68, CFL: 9.00e-01
i: 125600, t:  298376.3 s, ωt:  29.84 (4.75 periods), wall: 14.805 minutes, Δt:   1.61, CFL: 9.00e-01
i: 125700, t:  298527.0 s, ωt:  29.85 (4.75 periods), wall: 14.816 minutes, Δt:   1.28, CFL: 9.00e-01
i: 125800, t:  298682.8 s, ωt:  29.87 (4.75 periods), wall: 14.826 minutes, Δt:   1.71, CFL: 9.00e-01
i: 125900, t:  298848.5 s, ωt:  29.88 (4.76 periods), wall: 14.837 minutes, Δt:   1.62, CFL: 9.00e-01
i: 126000, t:  299009.4 s, ωt:  29.90 (4.76 periods), wall: 14.847 minutes, Δt:   1.45, CFL: 9.00e-01
i: 126100, t:  299179.9 s, ωt:  29.92 (4.76 periods), wall: 14.858 minutes, Δt:   1.57, CFL: 9.00e-01
i: 126200, t:  299339.1 s, ωt:  29.93 (4.76 periods), wall: 14.868 minutes, Δt:   1.40, CFL: 9.00e-01
i: 126300, t:  299494.3 s, ωt:  29.95 (4.77 periods), wall: 14.879 minutes, Δt:   1.51, CFL: 9.00e-01
i: 126400, t:  299651.3 s, ωt:  29.97 (4.77 periods), wall: 14.889 minutes, Δt:   1.68, CFL: 9.00e-01
i: 126500, t:  299813.6 s, ωt:  29.98 (4.77 periods), wall: 14.901 minutes, Δt:   1.85, CFL: 9.00e-01
i: 126600, t:  299988.1 s, ωt:  30.00 (4.77 periods), wall: 14.911 minutes, Δt:   1.64, CFL: 9.00e-01
i: 126700, t:  300153.1 s, ωt:  30.02 (4.78 periods), wall: 14.922 minutes, Δt:   1.68, CFL: 9.00e-01
i: 126800, t:  300318.6 s, ωt:  30.03 (4.78 periods), wall: 14.932 minutes, Δt:   1.83, CFL: 9.00e-01
i: 126900, t:  300478.5 s, ωt:  30.05 (4.78 periods), wall: 14.943 minutes, Δt:   1.52, CFL: 9.00e-01
i: 127000, t:  300637.4 s, ωt:  30.06 (4.78 periods), wall: 14.953 minutes, Δt:   1.52, CFL: 9.00e-01
i: 127100, t:  300805.2 s, ωt:  30.08 (4.79 periods), wall: 14.964 minutes, Δt:   1.76, CFL: 9.00e-01
i: 127200, t:  300981.4 s, ωt:  30.10 (4.79 periods), wall: 14.975 minutes, Δt:   2.02, CFL: 9.00e-01
i: 127300, t:  301151.8 s, ωt:  30.12 (4.79 periods), wall: 14.985 minutes, Δt:   1.50, CFL: 9.00e-01
i: 127400, t:  301315.2 s, ωt:  30.13 (4.80 periods), wall: 14.996 minutes, Δt:   1.77, CFL: 9.00e-01
i: 127500, t:  301470.1 s, ωt:  30.15 (4.80 periods), wall: 15.006 minutes, Δt:   1.41, CFL: 9.00e-01
i: 127600, t:  301636.6 s, ωt:  30.16 (4.80 periods), wall: 15.020 minutes, Δt:   1.89, CFL: 9.00e-01
i: 127700, t:  301807.4 s, ωt:  30.18 (4.80 periods), wall: 15.030 minutes, Δt:   1.60, CFL: 9.00e-01
i: 127800, t:  301978.0 s, ωt:  30.20 (4.81 periods), wall: 15.042 minutes, Δt:   1.69, CFL: 9.00e-01
i: 127900, t:  302158.6 s, ωt:  30.22 (4.81 periods), wall: 15.052 minutes, Δt:   1.60, CFL: 9.00e-01
i: 128000, t:  302326.9 s, ωt:  30.23 (4.81 periods), wall: 15.063 minutes, Δt:   1.32, CFL: 9.00e-01
i: 128100, t:  302478.8 s, ωt:  30.25 (4.81 periods), wall: 15.073 minutes, Δt:   1.60, CFL: 9.00e-01
i: 128200, t:  302667.7 s, ωt:  30.27 (4.82 periods), wall: 15.084 minutes, Δt:   1.95, CFL: 9.00e-01
i: 128300, t:  302837.5 s, ωt:  30.28 (4.82 periods), wall: 15.094 minutes, Δt:   1.86, CFL: 9.00e-01
i: 128400, t:  303006.6 s, ωt:  30.30 (4.82 periods), wall: 15.106 minutes, Δt:   1.39, CFL: 9.00e-01
i: 128500, t:  303181.3 s, ωt:  30.32 (4.83 periods), wall: 15.117 minutes, Δt:   1.69, CFL: 9.00e-01
i: 128600, t:  303354.2 s, ωt:  30.34 (4.83 periods), wall: 15.127 minutes, Δt:   1.80, CFL: 9.00e-01
i: 128700, t:  303521.0 s, ωt:  30.35 (4.83 periods), wall: 15.138 minutes, Δt:   2.07, CFL: 9.00e-01
i: 128800, t:  303710.3 s, ωt:  30.37 (4.83 periods), wall: 15.148 minutes, Δt:   1.88, CFL: 9.00e-01
i: 128900, t:  303895.4 s, ωt:  30.39 (4.84 periods), wall: 15.160 minutes, Δt:   1.58, CFL: 9.00e-01
i: 129000, t:  304091.9 s, ωt:  30.41 (4.84 periods), wall: 15.170 minutes, Δt:   1.96, CFL: 9.00e-01
i: 129100, t:  304297.1 s, ωt:  30.43 (4.84 periods), wall: 15.181 minutes, Δt:   2.29, CFL: 9.00e-01
i: 129200, t:  304516.4 s, ωt:  30.45 (4.85 periods), wall: 15.192 minutes, Δt:   1.96, CFL: 9.00e-01
i: 129300, t:  304716.4 s, ωt:  30.47 (4.85 periods), wall: 15.202 minutes, Δt:   2.04, CFL: 9.00e-01
i: 129400, t:  304904.5 s, ωt:  30.49 (4.85 periods), wall: 15.214 minutes, Δt:   1.69, CFL: 9.00e-01
i: 129500, t:  305107.4 s, ωt:  30.51 (4.86 periods), wall: 15.225 minutes, Δt:   2.28, CFL: 9.00e-01
i: 129600, t:  305329.3 s, ωt:  30.53 (4.86 periods), wall: 15.235 minutes, Δt:   2.21, CFL: 9.00e-01
i: 129700, t:  305535.2 s, ωt:  30.55 (4.86 periods), wall: 15.247 minutes, Δt:   2.11, CFL: 9.00e-01
i: 129800, t:  305732.2 s, ωt:  30.57 (4.87 periods), wall: 15.258 minutes, Δt:   2.15, CFL: 9.00e-01
i: 129900, t:  305934.8 s, ωt:  30.59 (4.87 periods), wall: 15.268 minutes, Δt:   2.28, CFL: 9.00e-01
i: 130000, t:  306151.6 s, ωt:  30.62 (4.87 periods), wall: 15.279 minutes, Δt:   2.08, CFL: 9.00e-01
i: 130100, t:  306363.5 s, ωt:  30.64 (4.88 periods), wall: 15.291 minutes, Δt:   1.86, CFL: 9.00e-01
i: 130200, t:  306563.7 s, ωt:  30.66 (4.88 periods), wall: 15.300 minutes, Δt:   2.50, CFL: 9.00e-01
i: 130300, t:  306781.9 s, ωt:  30.68 (4.88 periods), wall: 15.313 minutes, Δt:   2.61, CFL: 9.00e-01
i: 130400, t:  307007.0 s, ωt:  30.70 (4.89 periods), wall: 15.324 minutes, Δt:   2.28, CFL: 9.00e-01
i: 130500, t:  307244.8 s, ωt:  30.72 (4.89 periods), wall: 15.334 minutes, Δt:   2.10, CFL: 9.00e-01
i: 130600, t:  307485.0 s, ωt:  30.75 (4.89 periods), wall: 15.345 minutes, Δt:   2.58, CFL: 9.00e-01
i: 130700, t:  307735.8 s, ωt:  30.77 (4.90 periods), wall: 15.356 minutes, Δt:   2.90, CFL: 9.00e-01
i: 130800, t:  307999.1 s, ωt:  30.80 (4.90 periods), wall: 15.367 minutes, Δt:   2.25, CFL: 9.00e-01
i: 130900, t:  308244.7 s, ωt:  30.82 (4.91 periods), wall: 15.379 minutes, Δt:   2.53, CFL: 9.00e-01
i: 131000, t:  308506.8 s, ωt:  30.85 (4.91 periods), wall: 15.390 minutes, Δt:   2.53, CFL: 9.00e-01
i: 131100, t:  308767.2 s, ωt:  30.88 (4.91 periods), wall: 15.399 minutes, Δt:   2.76, CFL: 9.00e-01
i: 131200, t:  309051.0 s, ωt:  30.91 (4.92 periods), wall: 15.411 minutes, Δt:   2.76, CFL: 9.00e-01
i: 131300, t:  309354.8 s, ωt:  30.94 (4.92 periods), wall: 15.422 minutes, Δt:   3.11, CFL: 9.00e-01
i: 131400, t:  309686.4 s, ωt:  30.97 (4.93 periods), wall: 15.433 minutes, Δt:   2.69, CFL: 9.00e-01
i: 131500, t:  309998.1 s, ωt:  31.00 (4.93 periods), wall: 15.445 minutes, Δt:   3.45, CFL: 9.00e-01
i: 131600, t:  310324.5 s, ωt:  31.03 (4.94 periods), wall: 15.457 minutes, Δt:   3.00, CFL: 9.00e-01
i: 131700, t:  310638.0 s, ωt:  31.06 (4.94 periods), wall: 15.468 minutes, Δt:   3.48, CFL: 9.00e-01
i: 131800, t:  311012.4 s, ωt:  31.10 (4.95 periods), wall: 15.479 minutes, Δt:   3.78, CFL: 9.00e-01
i: 131900, t:  311366.1 s, ωt:  31.14 (4.96 periods), wall: 15.493 minutes, Δt:   3.39, CFL: 9.00e-01
i: 132000, t:  311745.4 s, ωt:  31.17 (4.96 periods), wall: 15.504 minutes, Δt:   4.30, CFL: 9.00e-01
i: 132100, t:  312124.9 s, ωt:  31.21 (4.97 periods), wall: 15.515 minutes, Δt:   5.07, CFL: 9.00e-01
i: 132200, t:  312584.4 s, ωt:  31.26 (4.97 periods), wall: 15.527 minutes, Δt:   4.80, CFL: 9.00e-01
i: 132300, t:  313074.6 s, ωt:  31.31 (4.98 periods), wall: 15.541 minutes, Δt:   5.22, CFL: 8.08e-01
i: 132400, t:  313707.1 s, ωt:  31.37 (4.99 periods), wall: 15.554 minutes, Δt:   7.36, CFL: 9.00e-01
i: 132500, t:  314325.4 s, ωt:  31.43 (5.00 periods), wall: 15.579 minutes, Δt:   5.50, CFL: 8.64e-01
i: 132600, t:  314967.7 s, ωt:  31.50 (5.01 periods), wall: 15.596 minutes, Δt:   6.99, CFL: 9.00e-01
i: 132700, t:  315624.9 s, ωt:  31.56 (5.02 periods), wall: 15.609 minutes, Δt:   6.37, CFL: 9.00e-01
i: 132800, t:  316180.7 s, ωt:  31.62 (5.03 periods), wall: 15.621 minutes, Δt:   4.67, CFL: 9.00e-01
i: 132900, t:  316691.9 s, ωt:  31.67 (5.04 periods), wall: 15.634 minutes, Δt:   4.89, CFL: 9.00e-01
i: 133000, t:  317204.0 s, ωt:  31.72 (5.05 periods), wall: 15.646 minutes, Δt:   4.41, CFL: 9.00e-01
i: 133100, t:  317622.7 s, ωt:  31.76 (5.06 periods), wall: 15.659 minutes, Δt:   4.01, CFL: 9.00e-01
i: 133200, t:  317982.9 s, ωt:  31.80 (5.06 periods), wall: 15.671 minutes, Δt:   3.93, CFL: 9.00e-01
i: 133300, t:  318349.0 s, ωt:  31.83 (5.07 periods), wall: 15.683 minutes, Δt:   3.25, CFL: 9.00e-01
i: 133400, t:  318689.8 s, ωt:  31.87 (5.07 periods), wall: 15.694 minutes, Δt:   3.36, CFL: 9.00e-01
i: 133500, t:  319030.0 s, ωt:  31.90 (5.08 periods), wall: 15.706 minutes, Δt:   3.39, CFL: 9.00e-01
i: 133600, t:  319370.6 s, ωt:  31.94 (5.08 periods), wall: 15.718 minutes, Δt:   3.44, CFL: 9.00e-01
i: 133700, t:  319689.4 s, ωt:  31.97 (5.09 periods), wall: 15.729 minutes, Δt:   2.93, CFL: 9.00e-01
i: 133800, t:  319959.7 s, ωt:  32.00 (5.09 periods), wall: 15.742 minutes, Δt:   2.78, CFL: 9.00e-01
i: 133900, t:  320245.4 s, ωt:  32.02 (5.10 periods), wall: 15.754 minutes, Δt:   2.78, CFL: 9.00e-01
i: 134000, t:  320528.9 s, ωt:  32.05 (5.10 periods), wall: 15.765 minutes, Δt:   2.96, CFL: 9.00e-01
i: 134100, t:  320800.4 s, ωt:  32.08 (5.11 periods), wall: 15.777 minutes, Δt:   2.49, CFL: 9.00e-01
i: 134200, t:  321044.4 s, ωt:  32.10 (5.11 periods), wall: 15.787 minutes, Δt:   2.52, CFL: 9.00e-01
i: 134300, t:  321291.8 s, ωt:  32.13 (5.11 periods), wall: 15.799 minutes, Δt:   2.49, CFL: 9.00e-01
i: 134400, t:  321520.8 s, ωt:  32.15 (5.12 periods), wall: 15.811 minutes, Δt:   2.21, CFL: 9.00e-01
i: 134500, t:  321746.5 s, ωt:  32.17 (5.12 periods), wall: 15.822 minutes, Δt:   2.21, CFL: 9.00e-01
i: 134600, t:  321976.7 s, ωt:  32.20 (5.12 periods), wall: 15.832 minutes, Δt:   2.26, CFL: 9.00e-01
i: 134700, t:  322209.7 s, ωt:  32.22 (5.13 periods), wall: 15.846 minutes, Δt:   1.95, CFL: 9.00e-01
i: 134800, t:  322423.2 s, ωt:  32.24 (5.13 periods), wall: 15.859 minutes, Δt:   1.97, CFL: 9.00e-01
i: 134900, t:  322637.2 s, ωt:  32.26 (5.13 periods), wall: 15.869 minutes, Δt:   2.06, CFL: 9.00e-01
i: 135000, t:  322827.7 s, ωt:  32.28 (5.14 periods), wall: 15.880 minutes, Δt:   1.91, CFL: 9.00e-01
i: 135100, t:  323033.1 s, ωt:  32.30 (5.14 periods), wall: 15.893 minutes, Δt:   2.18, CFL: 9.00e-01
i: 135200, t:  323236.6 s, ωt:  32.32 (5.14 periods), wall: 15.903 minutes, Δt:   2.22, CFL: 9.00e-01
i: 135300, t:  323448.9 s, ωt:  32.34 (5.15 periods), wall: 15.915 minutes, Δt:   2.34, CFL: 9.00e-01
i: 135400, t:  323665.4 s, ωt:  32.37 (5.15 periods), wall: 15.927 minutes, Δt:   1.99, CFL: 9.00e-01
i: 135500, t:  323844.2 s, ωt:  32.38 (5.15 periods), wall: 15.937 minutes, Δt:   1.92, CFL: 9.00e-01
i: 135600, t:  324029.8 s, ωt:  32.40 (5.16 periods), wall: 15.948 minutes, Δt:   1.69, CFL: 9.00e-01
i: 135700, t:  324199.0 s, ωt:  32.42 (5.16 periods), wall: 15.958 minutes, Δt:   1.78, CFL: 9.00e-01
i: 135800, t:  324395.6 s, ωt:  32.44 (5.16 periods), wall: 15.970 minutes, Δt:   1.97, CFL: 9.00e-01
i: 135900, t:  324582.8 s, ωt:  32.46 (5.17 periods), wall: 15.982 minutes, Δt:   1.97, CFL: 9.00e-01
i: 136000, t:  324771.5 s, ωt:  32.48 (5.17 periods), wall: 15.992 minutes, Δt:   2.09, CFL: 9.00e-01
i: 136100, t:  324969.1 s, ωt:  32.50 (5.17 periods), wall: 16.004 minutes, Δt:   2.02, CFL: 9.00e-01
i: 136200, t:  325168.9 s, ωt:  32.52 (5.18 periods), wall: 16.015 minutes, Δt:   1.92, CFL: 9.00e-01
i: 136300, t:  325345.0 s, ωt:  32.53 (5.18 periods), wall: 16.025 minutes, Δt:   1.56, CFL: 9.00e-01
i: 136400, t:  325524.1 s, ωt:  32.55 (5.18 periods), wall: 16.037 minutes, Δt:   1.63, CFL: 9.00e-01
i: 136500, t:  325712.7 s, ωt:  32.57 (5.18 periods), wall: 16.046 minutes, Δt:   1.66, CFL: 9.00e-01
i: 136600, t:  325865.9 s, ωt:  32.59 (5.19 periods), wall: 16.058 minutes, Δt:   2.00, CFL: 9.00e-01
i: 136700, t:  326050.8 s, ωt:  32.61 (5.19 periods), wall: 16.068 minutes, Δt:   1.72, CFL: 9.00e-01
i: 136800, t:  326207.0 s, ωt:  32.62 (5.19 periods), wall: 16.079 minutes, Δt:   1.89, CFL: 9.00e-01
i: 136900, t:  326384.4 s, ωt:  32.64 (5.19 periods), wall: 16.089 minutes, Δt:   1.78, CFL: 9.00e-01
i: 137000, t:  326562.6 s, ωt:  32.66 (5.20 periods), wall: 16.101 minutes, Δt:   1.83, CFL: 9.00e-01
i: 137100, t:  326730.2 s, ωt:  32.67 (5.20 periods), wall: 16.112 minutes, Δt:   1.81, CFL: 9.00e-01
i: 137200, t:  326909.6 s, ωt:  32.69 (5.20 periods), wall: 16.122 minutes, Δt:   1.65, CFL: 9.00e-01
i: 137300, t:  327073.5 s, ωt:  32.71 (5.21 periods), wall: 16.133 minutes, Δt:   1.74, CFL: 9.00e-01
i: 137400, t:  327253.5 s, ωt:  32.73 (5.21 periods), wall: 16.143 minutes, Δt:   1.74, CFL: 9.00e-01
i: 137500, t:  327427.4 s, ωt:  32.74 (5.21 periods), wall: 16.154 minutes, Δt:   1.89, CFL: 9.00e-01
i: 137600, t:  327602.2 s, ωt:  32.76 (5.21 periods), wall: 16.165 minutes, Δt:   1.83, CFL: 9.00e-01
i: 137700, t:  327760.7 s, ωt:  32.78 (5.22 periods), wall: 16.176 minutes, Δt:   1.74, CFL: 9.00e-01
i: 137800, t:  327928.4 s, ωt:  32.79 (5.22 periods), wall: 16.186 minutes, Δt:   1.38, CFL: 9.00e-01
i: 137900, t:  328086.3 s, ωt:  32.81 (5.22 periods), wall: 16.197 minutes, Δt:   1.69, CFL: 9.00e-01
i: 138000, t:  328257.4 s, ωt:  32.83 (5.22 periods), wall: 16.207 minutes, Δt:   1.85, CFL: 9.00e-01
i: 138100, t:  328437.7 s, ωt:  32.84 (5.23 periods), wall: 16.219 minutes, Δt:   1.84, CFL: 9.00e-01
i: 138200, t:  328601.2 s, ωt:  32.86 (5.23 periods), wall: 16.229 minutes, Δt:   1.40, CFL: 9.00e-01
i: 138300, t:  328774.5 s, ωt:  32.88 (5.23 periods), wall: 16.240 minutes, Δt:   1.62, CFL: 9.00e-01
i: 138400, t:  328940.6 s, ωt:  32.89 (5.24 periods), wall: 16.252 minutes, Δt:   1.63, CFL: 9.00e-01
i: 138500, t:  329120.7 s, ωt:  32.91 (5.24 periods), wall: 16.262 minutes, Δt:   1.67, CFL: 9.00e-01
i: 138600, t:  329295.8 s, ωt:  32.93 (5.24 periods), wall: 16.273 minutes, Δt:   1.80, CFL: 9.00e-01
i: 138700, t:  329459.4 s, ωt:  32.95 (5.24 periods), wall: 16.283 minutes, Δt:   1.59, CFL: 9.00e-01
i: 138800, t:  329636.1 s, ωt:  32.96 (5.25 periods), wall: 16.296 minutes, Δt:   1.85, CFL: 9.00e-01
i: 138900, t:  329806.0 s, ωt:  32.98 (5.25 periods), wall: 16.306 minutes, Δt:   1.77, CFL: 9.00e-01
i: 139000, t:  329972.0 s, ωt:  33.00 (5.25 periods), wall: 16.317 minutes, Δt:   1.49, CFL: 9.00e-01
i: 139100, t:  330125.2 s, ωt:  33.01 (5.25 periods), wall: 16.327 minutes, Δt:   1.62, CFL: 9.00e-01
i: 139200, t:  330281.3 s, ωt:  33.03 (5.26 periods), wall: 16.339 minutes, Δt:   1.70, CFL: 9.00e-01
i: 139300, t:  330453.4 s, ωt:  33.05 (5.26 periods), wall: 16.349 minutes, Δt:   1.78, CFL: 9.00e-01
i: 139400, t:  330626.9 s, ωt:  33.06 (5.26 periods), wall: 16.360 minutes, Δt:   1.64, CFL: 9.00e-01
i: 139500, t:  330777.2 s, ωt:  33.08 (5.26 periods), wall: 16.370 minutes, Δt:   1.48, CFL: 9.00e-01
i: 139600, t:  330950.7 s, ωt:  33.10 (5.27 periods), wall: 16.382 minutes, Δt:   1.82, CFL: 9.00e-01
i: 139700, t:  331107.1 s, ωt:  33.11 (5.27 periods), wall: 16.392 minutes, Δt:   1.61, CFL: 9.00e-01
i: 139800, t:  331282.0 s, ωt:  33.13 (5.27 periods), wall: 16.404 minutes, Δt:   1.57, CFL: 9.00e-01
i: 139900, t:  331453.8 s, ωt:  33.15 (5.28 periods), wall: 16.415 minutes, Δt:   1.84, CFL: 9.00e-01
i: 140000, t:  331631.5 s, ωt:  33.16 (5.28 periods), wall: 16.425 minutes, Δt:   1.62, CFL: 9.00e-01
i: 140100, t:  331791.3 s, ωt:  33.18 (5.28 periods), wall: 16.436 minutes, Δt:   1.51, CFL: 9.00e-01
i: 140200, t:  331956.9 s, ωt:  33.20 (5.28 periods), wall: 16.446 minutes, Δt:   1.74, CFL: 9.00e-01
i: 140300, t:  332121.8 s, ωt:  33.21 (5.29 periods), wall: 16.457 minutes, Δt:   1.52, CFL: 9.00e-01
i: 140400, t:  332274.2 s, ωt:  33.23 (5.29 periods), wall: 16.467 minutes, Δt:   1.44, CFL: 9.00e-01
i: 140500, t:  332439.2 s, ωt:  33.24 (5.29 periods), wall: 16.482 minutes, Δt:   1.87, CFL: 9.00e-01
i: 140600, t:  332606.1 s, ωt:  33.26 (5.29 periods), wall: 16.492 minutes, Δt:   1.45, CFL: 9.00e-01
i: 140700, t:  332766.7 s, ωt:  33.28 (5.30 periods), wall: 16.504 minutes, Δt:   1.96, CFL: 9.00e-01
i: 140800, t:  332946.7 s, ωt:  33.29 (5.30 periods), wall: 16.514 minutes, Δt:   1.58, CFL: 9.00e-01
i: 140900, t:  333119.8 s, ωt:  33.31 (5.30 periods), wall: 16.525 minutes, Δt:   1.62, CFL: 9.00e-01
i: 141000, t:  333280.2 s, ωt:  33.33 (5.30 periods), wall: 16.535 minutes, Δt:   1.69, CFL: 9.00e-01
i: 141100, t:  333456.8 s, ωt:  33.35 (5.31 periods), wall: 16.546 minutes, Δt:   1.70, CFL: 9.00e-01
i: 141200, t:  333638.9 s, ωt:  33.36 (5.31 periods), wall: 16.558 minutes, Δt:   1.77, CFL: 9.00e-01
i: 141300, t:  333822.6 s, ωt:  33.38 (5.31 periods), wall: 16.568 minutes, Δt:   1.76, CFL: 9.00e-01
i: 141400, t:  334005.1 s, ωt:  33.40 (5.32 periods), wall: 16.579 minutes, Δt:   1.56, CFL: 9.00e-01
i: 141500, t:  334182.4 s, ωt:  33.42 (5.32 periods), wall: 16.590 minutes, Δt:   1.71, CFL: 9.00e-01
i: 141600, t:  334362.2 s, ωt:  33.44 (5.32 periods), wall: 16.601 minutes, Δt:   1.67, CFL: 9.00e-01
i: 141700, t:  334543.1 s, ωt:  33.45 (5.32 periods), wall: 16.610 minutes, Δt:   1.80, CFL: 9.00e-01
i: 141800, t:  334728.3 s, ωt:  33.47 (5.33 periods), wall: 16.622 minutes, Δt:   1.97, CFL: 9.00e-01
i: 141900, t:  334904.7 s, ωt:  33.49 (5.33 periods), wall: 16.634 minutes, Δt:   2.07, CFL: 9.00e-01
i: 142000, t:  335104.5 s, ωt:  33.51 (5.33 periods), wall: 16.645 minutes, Δt:   1.90, CFL: 9.00e-01
i: 142100, t:  335292.5 s, ωt:  33.53 (5.34 periods), wall: 16.657 minutes, Δt:   1.91, CFL: 9.00e-01
i: 142200, t:  335494.5 s, ωt:  33.55 (5.34 periods), wall: 16.667 minutes, Δt:   2.30, CFL: 9.00e-01
i: 142300, t:  335707.2 s, ωt:  33.57 (5.34 periods), wall: 16.678 minutes, Δt:   2.30, CFL: 9.00e-01
i: 142400, t:  335936.0 s, ωt:  33.59 (5.35 periods), wall: 16.690 minutes, Δt:   2.17, CFL: 9.00e-01
i: 142500, t:  336162.2 s, ωt:  33.62 (5.35 periods), wall: 16.701 minutes, Δt:   2.42, CFL: 9.00e-01
i: 142600, t:  336368.8 s, ωt:  33.64 (5.35 periods), wall: 16.711 minutes, Δt:   2.02, CFL: 9.00e-01
i: 142700, t:  336593.9 s, ωt:  33.66 (5.36 periods), wall: 16.723 minutes, Δt:   2.30, CFL: 9.00e-01
i: 142800, t:  336784.4 s, ωt:  33.68 (5.36 periods), wall: 16.735 minutes, Δt:   1.86, CFL: 9.00e-01
i: 142900, t:  336997.2 s, ωt:  33.70 (5.36 periods), wall: 16.745 minutes, Δt:   2.38, CFL: 9.00e-01
i: 143000, t:  337211.3 s, ωt:  33.72 (5.37 periods), wall: 16.756 minutes, Δt:   2.10, CFL: 9.00e-01
i: 143100, t:  337420.6 s, ωt:  33.74 (5.37 periods), wall: 16.767 minutes, Δt:   2.30, CFL: 9.00e-01
i: 143200, t:  337654.4 s, ωt:  33.77 (5.37 periods), wall: 16.777 minutes, Δt:   2.20, CFL: 9.00e-01
i: 143300, t:  337870.6 s, ωt:  33.79 (5.38 periods), wall: 16.789 minutes, Δt:   2.42, CFL: 9.00e-01
i: 143400, t:  338108.2 s, ωt:  33.81 (5.38 periods), wall: 16.800 minutes, Δt:   2.42, CFL: 9.00e-01
i: 143500, t:  338345.4 s, ωt:  33.83 (5.38 periods), wall: 16.810 minutes, Δt:   2.25, CFL: 9.00e-01
i: 143600, t:  338575.2 s, ωt:  33.86 (5.39 periods), wall: 16.824 minutes, Δt:   2.21, CFL: 9.00e-01
i: 143700, t:  338834.9 s, ωt:  33.88 (5.39 periods), wall: 16.837 minutes, Δt:   3.00, CFL: 9.00e-01
i: 143800, t:  339136.5 s, ωt:  33.91 (5.40 periods), wall: 16.848 minutes, Δt:   2.57, CFL: 9.00e-01
i: 143900, t:  339410.6 s, ωt:  33.94 (5.40 periods), wall: 16.860 minutes, Δt:   2.60, CFL: 9.00e-01
i: 144000, t:  339649.6 s, ωt:  33.96 (5.41 periods), wall: 16.876 minutes, Δt:   2.68, CFL: 9.00e-01
i: 144100, t:  339931.6 s, ωt:  33.99 (5.41 periods), wall: 16.890 minutes, Δt:   2.52, CFL: 9.00e-01
i: 144200, t:  340191.2 s, ωt:  34.02 (5.41 periods), wall: 16.900 minutes, Δt:   2.52, CFL: 9.00e-01
i: 144300, t:  340465.0 s, ωt:  34.05 (5.42 periods), wall: 16.912 minutes, Δt:   2.95, CFL: 9.00e-01
i: 144400, t:  340756.0 s, ωt:  34.08 (5.42 periods), wall: 16.923 minutes, Δt:   2.52, CFL: 9.00e-01
i: 144500, t:  341064.1 s, ωt:  34.11 (5.43 periods), wall: 16.935 minutes, Δt:   3.82, CFL: 9.00e-01
i: 144600, t:  341375.6 s, ωt:  34.14 (5.43 periods), wall: 16.946 minutes, Δt:   2.78, CFL: 9.00e-01
i: 144700, t:  341689.1 s, ωt:  34.17 (5.44 periods), wall: 16.958 minutes, Δt:   3.51, CFL: 9.00e-01
i: 144800, t:  342068.9 s, ωt:  34.21 (5.44 periods), wall: 16.969 minutes, Δt:   3.62, CFL: 9.00e-01
i: 144900, t:  342465.1 s, ωt:  34.25 (5.45 periods), wall: 16.982 minutes, Δt:   3.68, CFL: 9.00e-01
i: 145000, t:  342883.3 s, ωt:  34.29 (5.46 periods), wall: 16.993 minutes, Δt:   4.24, CFL: 9.00e-01
i: 145100, t:  343317.7 s, ωt:  34.33 (5.46 periods), wall: 17.005 minutes, Δt:   4.51, CFL: 9.00e-01
i: 145200, t:  343834.0 s, ωt:  34.38 (5.47 periods), wall: 17.018 minutes, Δt:   6.34, CFL: 9.00e-01
i: 145300, t:  344428.2 s, ωt:  34.44 (5.48 periods), wall: 17.031 minutes, Δt:   6.28, CFL: 9.00e-01
i: 145400, t:  345080.1 s, ωt:  34.51 (5.49 periods), wall: 17.043 minutes, Δt:   6.93, CFL: 9.00e-01
i: 145500, t:  345713.5 s, ωt:  34.57 (5.50 periods), wall: 17.070 minutes, Δt:   7.38, CFL: 9.00e-01
i: 145600, t:  346430.4 s, ωt:  34.64 (5.51 periods), wall: 17.082 minutes, Δt:   6.52, CFL: 9.00e-01
i: 145700, t:  347069.7 s, ωt:  34.71 (5.52 periods), wall: 17.094 minutes, Δt:   6.24, CFL: 9.00e-01
i: 145800, t:  347659.7 s, ωt:  34.77 (5.53 periods), wall: 17.108 minutes, Δt:   6.34, CFL: 9.00e-01
i: 145900, t:  348254.9 s, ωt:  34.83 (5.54 periods), wall: 17.121 minutes, Δt:   5.77, CFL: 9.00e-01
i: 146000, t:  348778.7 s, ωt:  34.88 (5.55 periods), wall: 17.133 minutes, Δt:   4.83, CFL: 9.00e-01
i: 146100, t:  349231.1 s, ωt:  34.92 (5.56 periods), wall: 17.144 minutes, Δt:   4.25, CFL: 9.00e-01
i: 146200, t:  349641.8 s, ωt:  34.96 (5.56 periods), wall: 17.155 minutes, Δt:   3.69, CFL: 9.00e-01
i: 146300, t:  350033.4 s, ωt:  35.00 (5.57 periods), wall: 17.168 minutes, Δt:   3.75, CFL: 9.00e-01
i: 146400, t:  350378.2 s, ωt:  35.04 (5.58 periods), wall: 17.179 minutes, Δt:   3.12, CFL: 9.00e-01
i: 146500, t:  350663.4 s, ωt:  35.07 (5.58 periods), wall: 17.190 minutes, Δt:   2.71, CFL: 9.00e-01
i: 146600, t:  350946.0 s, ωt:  35.09 (5.59 periods), wall: 17.202 minutes, Δt:   3.30, CFL: 9.00e-01
i: 146700, t:  351232.8 s, ωt:  35.12 (5.59 periods), wall: 17.214 minutes, Δt:   2.70, CFL: 9.00e-01
i: 146800, t:  351529.9 s, ωt:  35.15 (5.59 periods), wall: 17.224 minutes, Δt:   2.90, CFL: 9.00e-01
i: 146900, t:  351772.8 s, ωt:  35.18 (5.60 periods), wall: 17.235 minutes, Δt:   2.60, CFL: 8.81e-01
i: 147000, t:  352034.2 s, ωt:  35.20 (5.60 periods), wall: 17.247 minutes, Δt:   2.50, CFL: 9.00e-01
i: 147100, t:  352285.0 s, ωt:  35.23 (5.61 periods), wall: 17.258 minutes, Δt:   2.89, CFL: 9.00e-01
i: 147200, t:  352535.7 s, ωt:  35.25 (5.61 periods), wall: 17.270 minutes, Δt:   2.43, CFL: 9.00e-01
i: 147300, t:  352773.6 s, ωt:  35.28 (5.61 periods), wall: 17.279 minutes, Δt:   2.61, CFL: 9.00e-01
i: 147400, t:  353012.1 s, ωt:  35.30 (5.62 periods), wall: 17.290 minutes, Δt:   2.40, CFL: 9.00e-01
i: 147500, t:  353232.6 s, ωt:  35.32 (5.62 periods), wall: 17.302 minutes, Δt:   2.17, CFL: 9.00e-01
i: 147600, t:  353448.5 s, ωt:  35.34 (5.63 periods), wall: 17.313 minutes, Δt:   2.26, CFL: 9.00e-01
i: 147700, t:  353662.2 s, ωt:  35.37 (5.63 periods), wall: 17.323 minutes, Δt:   2.00, CFL: 9.00e-01
i: 147800, t:  353874.7 s, ωt:  35.39 (5.63 periods), wall: 17.334 minutes, Δt:   1.67, CFL: 9.00e-01
i: 147900, t:  354066.0 s, ωt:  35.41 (5.64 periods), wall: 17.345 minutes, Δt:   2.33, CFL: 9.00e-01
i: 148000, t:  354276.7 s, ωt:  35.43 (5.64 periods), wall: 17.355 minutes, Δt:   2.15, CFL: 9.00e-01
i: 148100, t:  354498.7 s, ωt:  35.45 (5.64 periods), wall: 17.367 minutes, Δt:   2.21, CFL: 9.00e-01
i: 148200, t:  354701.1 s, ωt:  35.47 (5.65 periods), wall: 17.378 minutes, Δt:   2.02, CFL: 9.00e-01
i: 148300, t:  354891.7 s, ωt:  35.49 (5.65 periods), wall: 17.388 minutes, Δt:   1.77, CFL: 9.00e-01
i: 148400, t:  355087.5 s, ωt:  35.51 (5.65 periods), wall: 17.400 minutes, Δt:   2.19, CFL: 9.00e-01
i: 148500, t:  355285.9 s, ωt:  35.53 (5.65 periods), wall: 17.410 minutes, Δt:   2.03, CFL: 9.00e-01
i: 148600, t:  355479.4 s, ωt:  35.55 (5.66 periods), wall: 17.421 minutes, Δt:   1.91, CFL: 9.00e-01
i: 148700, t:  355670.5 s, ωt:  35.57 (5.66 periods), wall: 17.432 minutes, Δt:   1.87, CFL: 9.00e-01
i: 148800, t:  355850.5 s, ωt:  35.59 (5.66 periods), wall: 17.442 minutes, Δt:   1.98, CFL: 9.00e-01
i: 148900, t:  356042.1 s, ωt:  35.60 (5.67 periods), wall: 17.455 minutes, Δt:   1.83, CFL: 9.00e-01
i: 149000, t:  356235.3 s, ωt:  35.62 (5.67 periods), wall: 17.465 minutes, Δt:   1.95, CFL: 9.00e-01
i: 149100, t:  356425.8 s, ωt:  35.64 (5.67 periods), wall: 17.477 minutes, Δt:   1.60, CFL: 9.00e-01
i: 149200, t:  356599.1 s, ωt:  35.66 (5.68 periods), wall: 17.489 minutes, Δt:   1.82, CFL: 9.00e-01
i: 149300, t:  356771.6 s, ωt:  35.68 (5.68 periods), wall: 17.499 minutes, Δt:   1.79, CFL: 9.00e-01
i: 149400, t:  356938.5 s, ωt:  35.69 (5.68 periods), wall: 17.510 minutes, Δt:   1.65, CFL: 9.00e-01
i: 149500, t:  357101.3 s, ωt:  35.71 (5.68 periods), wall: 17.520 minutes, Δt:   1.80, CFL: 9.00e-01
i: 149600, t:  357285.8 s, ωt:  35.73 (5.69 periods), wall: 17.532 minutes, Δt:   1.77, CFL: 9.00e-01
i: 149700, t:  357459.1 s, ωt:  35.75 (5.69 periods), wall: 17.541 minutes, Δt:   1.55, CFL: 9.00e-01
i: 149800, t:  357619.3 s, ωt:  35.76 (5.69 periods), wall: 17.553 minutes, Δt:   1.70, CFL: 9.00e-01
i: 149900, t:  357788.2 s, ωt:  35.78 (5.69 periods), wall: 17.563 minutes, Δt:   1.79, CFL: 9.00e-01
i: 150000, t:  357955.3 s, ωt:  35.80 (5.70 periods), wall: 17.574 minutes, Δt:   1.67, CFL: 9.00e-01
i: 150100, t:  358118.2 s, ωt:  35.81 (5.70 periods), wall: 17.584 minutes, Δt:   1.56, CFL: 9.00e-01
i: 150200, t:  358281.8 s, ωt:  35.83 (5.70 periods), wall: 17.595 minutes, Δt:   1.38, CFL: 9.00e-01
i: 150300, t:  358444.7 s, ωt:  35.84 (5.70 periods), wall: 17.605 minutes, Δt:   1.99, CFL: 9.00e-01
i: 150400, t:  358625.5 s, ωt:  35.86 (5.71 periods), wall: 17.617 minutes, Δt:   1.80, CFL: 9.00e-01
i: 150500, t:  358793.4 s, ωt:  35.88 (5.71 periods), wall: 17.629 minutes, Δt:   1.83, CFL: 9.00e-01
i: 150600, t:  358965.9 s, ωt:  35.90 (5.71 periods), wall: 17.638 minutes, Δt:   1.79, CFL: 9.00e-01
i: 150700, t:  359109.9 s, ωt:  35.91 (5.72 periods), wall: 17.650 minutes, Δt:   1.43, CFL: 9.00e-01
i: 150800, t:  359264.8 s, ωt:  35.93 (5.72 periods), wall: 17.660 minutes, Δt:   1.69, CFL: 9.00e-01
i: 150900, t:  359432.6 s, ωt:  35.94 (5.72 periods), wall: 17.672 minutes, Δt:   1.55, CFL: 9.00e-01
i: 151000, t:  359600.2 s, ωt:  35.96 (5.72 periods), wall: 17.682 minutes, Δt:   1.65, CFL: 9.00e-01
i: 151100, t:  359749.2 s, ωt:  35.97 (5.73 periods), wall: 17.694 minutes, Δt:   1.39, CFL: 9.00e-01
i: 151200, t:  359918.0 s, ωt:  35.99 (5.73 periods), wall: 17.704 minutes, Δt:   1.49, CFL: 9.00e-01
i: 151300, t:  360072.7 s, ωt:  36.01 (5.73 periods), wall: 17.715 minutes, Δt:   1.53, CFL: 9.00e-01
i: 151400, t:  360236.1 s, ωt:  36.02 (5.73 periods), wall: 17.726 minutes, Δt:   1.61, CFL: 9.00e-01
i: 151500, t:  360410.6 s, ωt:  36.04 (5.74 periods), wall: 17.737 minutes, Δt:   1.69, CFL: 9.00e-01
i: 151600, t:  360582.8 s, ωt:  36.06 (5.74 periods), wall: 17.747 minutes, Δt:   1.44, CFL: 9.00e-01
i: 151700, t:  360743.3 s, ωt:  36.07 (5.74 periods), wall: 17.759 minutes, Δt:   1.63, CFL: 9.00e-01
i: 151800, t:  360892.7 s, ωt:  36.09 (5.74 periods), wall: 17.769 minutes, Δt:   1.62, CFL: 9.00e-01
i: 151900, t:  361051.7 s, ωt:  36.11 (5.75 periods), wall: 17.780 minutes, Δt:   1.55, CFL: 9.00e-01
i: 152000, t:  361224.4 s, ωt:  36.12 (5.75 periods), wall: 17.790 minutes, Δt:   1.93, CFL: 9.00e-01
i: 152100, t:  361396.2 s, ωt:  36.14 (5.75 periods), wall: 17.801 minutes, Δt:   1.57, CFL: 9.00e-01
i: 152200, t:  361575.6 s, ωt:  36.16 (5.75 periods), wall: 17.811 minutes, Δt:   1.76, CFL: 9.00e-01
i: 152300, t:  361756.2 s, ωt:  36.18 (5.76 periods), wall: 17.823 minutes, Δt:   1.76, CFL: 9.00e-01
i: 152400, t:  361918.2 s, ωt:  36.19 (5.76 periods), wall: 17.834 minutes, Δt:   1.61, CFL: 9.00e-01
i: 152500, t:  362086.5 s, ωt:  36.21 (5.76 periods), wall: 17.844 minutes, Δt:   1.89, CFL: 9.00e-01
i: 152600, t:  362259.6 s, ωt:  36.23 (5.77 periods), wall: 17.856 minutes, Δt:   1.75, CFL: 9.00e-01
i: 152700, t:  362431.9 s, ωt:  36.24 (5.77 periods), wall: 17.866 minutes, Δt:   1.69, CFL: 9.00e-01
i: 152800, t:  362596.5 s, ωt:  36.26 (5.77 periods), wall: 17.877 minutes, Δt:   1.73, CFL: 9.00e-01
i: 152900, t:  362762.0 s, ωt:  36.28 (5.77 periods), wall: 17.887 minutes, Δt:   1.74, CFL: 9.00e-01
i: 153000, t:  362920.9 s, ωt:  36.29 (5.78 periods), wall: 17.899 minutes, Δt:   1.55, CFL: 9.00e-01
i: 153100, t:  363076.7 s, ωt:  36.31 (5.78 periods), wall: 17.908 minutes, Δt:   1.44, CFL: 9.00e-01
i: 153200, t:  363236.3 s, ωt:  36.32 (5.78 periods), wall: 17.920 minutes, Δt:   1.87, CFL: 9.00e-01
i: 153300, t:  363411.4 s, ωt:  36.34 (5.78 periods), wall: 17.930 minutes, Δt:   1.70, CFL: 9.00e-01
i: 153400, t:  363587.2 s, ωt:  36.36 (5.79 periods), wall: 17.942 minutes, Δt:   1.75, CFL: 9.00e-01
i: 153500, t:  363769.1 s, ωt:  36.38 (5.79 periods), wall: 17.952 minutes, Δt:   2.04, CFL: 9.00e-01
i: 153600, t:  363948.5 s, ωt:  36.39 (5.79 periods), wall: 17.964 minutes, Δt:   1.87, CFL: 9.00e-01
i: 153700, t:  364127.3 s, ωt:  36.41 (5.80 periods), wall: 17.975 minutes, Δt:   1.78, CFL: 9.00e-01
i: 153800, t:  364298.8 s, ωt:  36.43 (5.80 periods), wall: 17.986 minutes, Δt:   1.85, CFL: 9.00e-01
i: 153900, t:  364464.6 s, ωt:  36.45 (5.80 periods), wall: 17.997 minutes, Δt:   1.97, CFL: 9.00e-01
i: 154000, t:  364651.4 s, ωt:  36.47 (5.80 periods), wall: 18.007 minutes, Δt:   1.67, CFL: 9.00e-01
i: 154100, t:  364831.3 s, ωt:  36.48 (5.81 periods), wall: 18.018 minutes, Δt:   1.67, CFL: 9.00e-01
i: 154200, t:  365004.2 s, ωt:  36.50 (5.81 periods), wall: 18.028 minutes, Δt:   1.62, CFL: 9.00e-01
i: 154300, t:  365170.0 s, ωt:  36.52 (5.81 periods), wall: 18.039 minutes, Δt:   2.00, CFL: 9.00e-01
i: 154400, t:  365360.3 s, ωt:  36.54 (5.81 periods), wall: 18.049 minutes, Δt:   2.27, CFL: 9.00e-01
i: 154500, t:  365539.2 s, ωt:  36.55 (5.82 periods), wall: 18.061 minutes, Δt:   1.75, CFL: 9.00e-01
i: 154600, t:  365707.3 s, ωt:  36.57 (5.82 periods), wall: 18.072 minutes, Δt:   1.51, CFL: 9.00e-01
i: 154700, t:  365857.2 s, ωt:  36.59 (5.82 periods), wall: 18.082 minutes, Δt:   1.73, CFL: 9.00e-01
i: 154800, t:  366033.4 s, ωt:  36.60 (5.83 periods), wall: 18.094 minutes, Δt:   1.81, CFL: 9.00e-01
i: 154900, t:  366211.0 s, ωt:  36.62 (5.83 periods), wall: 18.103 minutes, Δt:   1.83, CFL: 9.00e-01
i: 155000, t:  366385.2 s, ωt:  36.64 (5.83 periods), wall: 18.116 minutes, Δt:   1.58, CFL: 9.00e-01
i: 155100, t:  366574.5 s, ωt:  36.66 (5.83 periods), wall: 18.126 minutes, Δt:   1.77, CFL: 9.00e-01
i: 155200, t:  366753.3 s, ωt:  36.68 (5.84 periods), wall: 18.138 minutes, Δt:   1.84, CFL: 9.00e-01
i: 155300, t:  366935.2 s, ωt:  36.69 (5.84 periods), wall: 18.148 minutes, Δt:   1.99, CFL: 9.00e-01
i: 155400, t:  367127.5 s, ωt:  36.71 (5.84 periods), wall: 18.161 minutes, Δt:   1.71, CFL: 9.00e-01
i: 155500, t:  367305.3 s, ωt:  36.73 (5.85 periods), wall: 18.172 minutes, Δt:   2.13, CFL: 9.00e-01
i: 155600, t:  367511.1 s, ωt:  36.75 (5.85 periods), wall: 18.182 minutes, Δt:   1.98, CFL: 9.00e-01
i: 155700, t:  367683.4 s, ωt:  36.77 (5.85 periods), wall: 18.193 minutes, Δt:   1.81, CFL: 9.00e-01
i: 155800, t:  367860.7 s, ωt:  36.79 (5.85 periods), wall: 18.203 minutes, Δt:   1.56, CFL: 9.00e-01
i: 155900, t:  368027.5 s, ωt:  36.80 (5.86 periods), wall: 18.214 minutes, Δt:   1.79, CFL: 9.00e-01
i: 156000, t:  368225.7 s, ωt:  36.82 (5.86 periods), wall: 18.225 minutes, Δt:   2.03, CFL: 9.00e-01
i: 156100, t:  368425.0 s, ωt:  36.84 (5.86 periods), wall: 18.235 minutes, Δt:   2.01, CFL: 9.00e-01
i: 156200, t:  368624.3 s, ωt:  36.86 (5.87 periods), wall: 18.247 minutes, Δt:   2.10, CFL: 9.00e-01
i: 156300, t:  368831.2 s, ωt:  36.88 (5.87 periods), wall: 18.258 minutes, Δt:   2.33, CFL: 9.00e-01
i: 156400, t:  369056.3 s, ωt:  36.91 (5.87 periods), wall: 18.268 minutes, Δt:   1.81, CFL: 9.00e-01
i: 156500, t:  369264.8 s, ωt:  36.93 (5.88 periods), wall: 18.279 minutes, Δt:   2.16, CFL: 9.00e-01
i: 156600, t:  369479.6 s, ωt:  36.95 (5.88 periods), wall: 18.292 minutes, Δt:   2.48, CFL: 9.00e-01
i: 156700, t:  369718.6 s, ωt:  36.97 (5.88 periods), wall: 18.301 minutes, Δt:   2.47, CFL: 9.00e-01
i: 156800, t:  369936.2 s, ωt:  36.99 (5.89 periods), wall: 18.313 minutes, Δt:   2.34, CFL: 9.00e-01
i: 156900, t:  370152.2 s, ωt:  37.02 (5.89 periods), wall: 18.325 minutes, Δt:   2.23, CFL: 9.00e-01
i: 157000, t:  370398.9 s, ωt:  37.04 (5.90 periods), wall: 18.336 minutes, Δt:   2.57, CFL: 9.00e-01
i: 157100, t:  370652.7 s, ωt:  37.07 (5.90 periods), wall: 18.345 minutes, Δt:   2.54, CFL: 9.00e-01
i: 157200, t:  370906.9 s, ωt:  37.09 (5.90 periods), wall: 18.358 minutes, Δt:   2.60, CFL: 9.00e-01
i: 157300, t:  371172.0 s, ωt:  37.12 (5.91 periods), wall: 18.369 minutes, Δt:   2.46, CFL: 9.00e-01
i: 157400, t:  371416.7 s, ωt:  37.14 (5.91 periods), wall: 18.381 minutes, Δt:   2.60, CFL: 9.00e-01
i: 157500, t:  371696.1 s, ωt:  37.17 (5.92 periods), wall: 18.392 minutes, Δt:   2.60, CFL: 9.00e-01
i: 157600, t:  371964.6 s, ωt:  37.20 (5.92 periods), wall: 18.402 minutes, Δt:   2.64, CFL: 9.00e-01
i: 157700, t:  372251.6 s, ωt:  37.23 (5.92 periods), wall: 18.413 minutes, Δt:   2.86, CFL: 9.00e-01
i: 157800, t:  372556.4 s, ωt:  37.26 (5.93 periods), wall: 18.428 minutes, Δt:   3.59, CFL: 9.00e-01
i: 157900, t:  372914.9 s, ωt:  37.29 (5.94 periods), wall: 18.445 minutes, Δt:   3.70, CFL: 9.00e-01
i: 158000, t:  373270.4 s, ωt:  37.33 (5.94 periods), wall: 18.457 minutes, Δt:   2.99, CFL: 9.00e-01
i: 158100, t:  373617.2 s, ωt:  37.36 (5.95 periods), wall: 18.471 minutes, Δt:   4.70, CFL: 9.00e-01
i: 158200, t:  374053.5 s, ωt:  37.41 (5.95 periods), wall: 18.482 minutes, Δt:   4.17, CFL: 9.00e-01
i: 158300, t:  374463.8 s, ωt:  37.45 (5.96 periods), wall: 18.493 minutes, Δt:   4.62, CFL: 9.00e-01
i: 158400, t:  374886.0 s, ωt:  37.49 (5.97 periods), wall: 18.509 minutes, Δt:   4.27, CFL: 9.00e-01
i: 158500, t:  375337.3 s, ωt:  37.53 (5.97 periods), wall: 18.522 minutes, Δt:   5.71, CFL: 9.00e-01
i: 158600, t:  375936.0 s, ωt:  37.59 (5.98 periods), wall: 18.535 minutes, Δt:   7.10, CFL: 9.00e-01
i: 158700, t:  376677.0 s, ωt:  37.67 (5.99 periods), wall: 18.548 minutes, Δt:   6.70, CFL: 9.00e-01
i: 158800, t:  377417.3 s, ωt:  37.74 (6.01 periods), wall: 18.576 minutes, Δt:   7.90, CFL: 9.00e-01
i: 158900, t:  378168.9 s, ωt:  37.82 (6.02 periods), wall: 18.588 minutes, Δt:   7.25, CFL: 9.00e-01
i: 159000, t:  378876.1 s, ωt:  37.89 (6.03 periods), wall: 18.601 minutes, Δt:   6.57, CFL: 9.00e-01
i: 159100, t:  379504.4 s, ωt:  37.95 (6.04 periods), wall: 18.616 minutes, Δt:   6.96, CFL: 9.00e-01
i: 159200, t:  380105.4 s, ωt:  38.01 (6.05 periods), wall: 18.631 minutes, Δt:   5.53, CFL: 9.00e-01
i: 159300, t:  380651.3 s, ωt:  38.07 (6.06 periods), wall: 18.643 minutes, Δt:   4.46, CFL: 9.00e-01
i: 159400, t:  381097.4 s, ωt:  38.11 (6.07 periods), wall: 18.656 minutes, Δt:   4.63, CFL: 9.00e-01
i: 159500, t:  381471.8 s, ωt:  38.15 (6.07 periods), wall: 18.668 minutes, Δt:   3.42, CFL: 9.00e-01
i: 159600, t:  381837.0 s, ωt:  38.18 (6.08 periods), wall: 18.678 minutes, Δt:   3.34, CFL: 9.00e-01
i: 159700, t:  382156.1 s, ωt:  38.22 (6.08 periods), wall: 18.689 minutes, Δt:   2.75, CFL: 9.00e-01
i: 159800, t:  382463.1 s, ωt:  38.25 (6.09 periods), wall: 18.700 minutes, Δt:   2.78, CFL: 9.00e-01
i: 159900, t:  382767.7 s, ωt:  38.28 (6.09 periods), wall: 18.712 minutes, Δt:   3.04, CFL: 9.00e-01
i: 160000, t:  383036.8 s, ωt:  38.30 (6.10 periods), wall: 18.724 minutes, Δt:   2.67, CFL: 9.00e-01
i: 160100, t:  383285.1 s, ωt:  38.33 (6.10 periods), wall: 18.735 minutes, Δt:   2.29, CFL: 9.00e-01
i: 160200, t:  383522.9 s, ωt:  38.35 (6.10 periods), wall: 18.745 minutes, Δt:   2.12, CFL: 9.00e-01
i: 160300, t:  383747.0 s, ωt:  38.37 (6.11 periods), wall: 18.756 minutes, Δt:   2.35, CFL: 9.00e-01
i: 160400, t:  383975.7 s, ωt:  38.40 (6.11 periods), wall: 18.768 minutes, Δt:   2.25, CFL: 9.00e-01
i: 160500, t:  384214.7 s, ωt:  38.42 (6.11 periods), wall: 18.777 minutes, Δt:   2.43, CFL: 9.00e-01
i: 160600, t:  384447.6 s, ωt:  38.44 (6.12 periods), wall: 18.789 minutes, Δt:   2.40, CFL: 9.00e-01
i: 160700, t:  384676.3 s, ωt:  38.47 (6.12 periods), wall: 18.800 minutes, Δt:   2.15, CFL: 9.00e-01
i: 160800, t:  384920.0 s, ωt:  38.49 (6.13 periods), wall: 18.811 minutes, Δt:   2.51, CFL: 9.00e-01
i: 160900, t:  385134.7 s, ωt:  38.51 (6.13 periods), wall: 18.821 minutes, Δt:   2.36, CFL: 9.00e-01
i: 161000, t:  385340.6 s, ωt:  38.53 (6.13 periods), wall: 18.832 minutes, Δt:   2.08, CFL: 9.00e-01
i: 161100, t:  385568.0 s, ωt:  38.56 (6.14 periods), wall: 18.846 minutes, Δt:   2.02, CFL: 9.00e-01
i: 161200, t:  385778.9 s, ωt:  38.58 (6.14 periods), wall: 18.856 minutes, Δt:   2.33, CFL: 8.88e-01
i: 161300, t:  386002.7 s, ωt:  38.60 (6.14 periods), wall: 18.867 minutes, Δt:   2.10, CFL: 9.00e-01
i: 161400, t:  386216.4 s, ωt:  38.62 (6.15 periods), wall: 18.878 minutes, Δt:   2.17, CFL: 9.00e-01
i: 161500, t:  386417.8 s, ωt:  38.64 (6.15 periods), wall: 18.890 minutes, Δt:   2.04, CFL: 9.00e-01
i: 161600, t:  386618.5 s, ωt:  38.66 (6.15 periods), wall: 18.900 minutes, Δt:   2.24, CFL: 9.00e-01
i: 161700, t:  386826.4 s, ωt:  38.68 (6.16 periods), wall: 18.912 minutes, Δt:   2.00, CFL: 9.00e-01
i: 161800, t:  387033.4 s, ωt:  38.70 (6.16 periods), wall: 18.922 minutes, Δt:   2.00, CFL: 9.00e-01
i: 161900, t:  387218.2 s, ωt:  38.72 (6.16 periods), wall: 18.934 minutes, Δt:   1.78, CFL: 9.00e-01
i: 162000, t:  387400.9 s, ωt:  38.74 (6.17 periods), wall: 18.945 minutes, Δt:   1.77, CFL: 9.00e-01
i: 162100, t:  387587.3 s, ωt:  38.76 (6.17 periods), wall: 18.955 minutes, Δt:   1.85, CFL: 9.00e-01
i: 162200, t:  387776.9 s, ωt:  38.78 (6.17 periods), wall: 18.967 minutes, Δt:   1.68, CFL: 9.00e-01
i: 162300, t:  387966.6 s, ωt:  38.80 (6.17 periods), wall: 18.977 minutes, Δt:   1.87, CFL: 9.00e-01
i: 162400, t:  388145.8 s, ωt:  38.81 (6.18 periods), wall: 18.988 minutes, Δt:   1.76, CFL: 9.00e-01
i: 162500, t:  388317.1 s, ωt:  38.83 (6.18 periods), wall: 19.001 minutes, Δt:   1.86, CFL: 9.00e-01
i: 162600, t:  388512.2 s, ωt:  38.85 (6.18 periods), wall: 19.010 minutes, Δt:   1.79, CFL: 9.00e-01
i: 162700, t:  388687.5 s, ωt:  38.87 (6.19 periods), wall: 19.022 minutes, Δt:   1.79, CFL: 9.00e-01
i: 162800, t:  388865.2 s, ωt:  38.89 (6.19 periods), wall: 19.032 minutes, Δt:   1.82, CFL: 9.00e-01
i: 162900, t:  389041.7 s, ωt:  38.90 (6.19 periods), wall: 19.043 minutes, Δt:   1.78, CFL: 9.00e-01
i: 163000, t:  389225.4 s, ωt:  38.92 (6.19 periods), wall: 19.053 minutes, Δt:   1.66, CFL: 9.00e-01
i: 163100, t:  389402.8 s, ωt:  38.94 (6.20 periods), wall: 19.065 minutes, Δt:   1.77, CFL: 9.00e-01
i: 163200, t:  389574.8 s, ωt:  38.96 (6.20 periods), wall: 19.076 minutes, Δt:   1.86, CFL: 9.00e-01
i: 163300, t:  389741.4 s, ωt:  38.97 (6.20 periods), wall: 19.086 minutes, Δt:   1.62, CFL: 9.00e-01
i: 163400, t:  389898.6 s, ωt:  38.99 (6.21 periods), wall: 19.097 minutes, Δt:   1.72, CFL: 9.00e-01
i: 163500, t:  390068.9 s, ωt:  39.01 (6.21 periods), wall: 19.107 minutes, Δt:   1.61, CFL: 9.00e-01
i: 163600, t:  390230.2 s, ωt:  39.02 (6.21 periods), wall: 19.118 minutes, Δt:   1.15, CFL: 9.00e-01
i: 163700, t:  390371.0 s, ωt:  39.04 (6.21 periods), wall: 19.128 minutes, Δt:   1.74, CFL: 9.00e-01
i: 163800, t:  390537.8 s, ωt:  39.05 (6.22 periods), wall: 19.139 minutes, Δt:   1.64, CFL: 9.00e-01
i: 163900, t:  390705.5 s, ωt:  39.07 (6.22 periods), wall: 19.149 minutes, Δt:   1.52, CFL: 9.00e-01
i: 164000, t:  390863.2 s, ωt:  39.09 (6.22 periods), wall: 19.161 minutes, Δt:   1.37, CFL: 9.00e-01
i: 164100, t:  391013.6 s, ωt:  39.10 (6.22 periods), wall: 19.171 minutes, Δt:   1.68, CFL: 9.00e-01
i: 164200, t:  391161.4 s, ωt:  39.12 (6.23 periods), wall: 19.182 minutes, Δt:   1.48, CFL: 9.00e-01
i: 164300, t:  391327.3 s, ωt:  39.13 (6.23 periods), wall: 19.192 minutes, Δt:   1.77, CFL: 9.00e-01
i: 164400, t:  391485.5 s, ωt:  39.15 (6.23 periods), wall: 19.203 minutes, Δt:   1.68, CFL: 9.00e-01
i: 164500, t:  391654.1 s, ωt:  39.17 (6.23 periods), wall: 19.213 minutes, Δt:   1.83, CFL: 9.00e-01
i: 164600, t:  391809.2 s, ωt:  39.18 (6.24 periods), wall: 19.224 minutes, Δt:   1.63, CFL: 9.00e-01
i: 164700, t:  391976.3 s, ωt:  39.20 (6.24 periods), wall: 19.234 minutes, Δt:   1.53, CFL: 9.00e-01
i: 164800, t:  392128.7 s, ωt:  39.21 (6.24 periods), wall: 19.246 minutes, Δt:   1.64, CFL: 9.00e-01
i: 164900, t:  392292.8 s, ωt:  39.23 (6.24 periods), wall: 19.256 minutes, Δt:   1.48, CFL: 9.00e-01
i: 165000, t:  392447.1 s, ωt:  39.24 (6.25 periods), wall: 19.267 minutes, Δt:   1.79, CFL: 9.00e-01
i: 165100, t:  392621.1 s, ωt:  39.26 (6.25 periods), wall: 19.277 minutes, Δt:   1.65, CFL: 9.00e-01
i: 165200, t:  392786.8 s, ωt:  39.28 (6.25 periods), wall: 19.288 minutes, Δt:   1.78, CFL: 9.00e-01
i: 165300, t:  392966.0 s, ωt:  39.30 (6.25 periods), wall: 19.298 minutes, Δt:   1.86, CFL: 9.00e-01
i: 165400, t:  393132.4 s, ωt:  39.31 (6.26 periods), wall: 19.309 minutes, Δt:   1.77, CFL: 9.00e-01
i: 165500, t:  393316.3 s, ωt:  39.33 (6.26 periods), wall: 19.319 minutes, Δt:   1.91, CFL: 9.00e-01
i: 165600, t:  393495.5 s, ωt:  39.35 (6.26 periods), wall: 19.330 minutes, Δt:   1.82, CFL: 9.00e-01
i: 165700, t:  393671.1 s, ωt:  39.37 (6.27 periods), wall: 19.342 minutes, Δt:   1.74, CFL: 9.00e-01
i: 165800, t:  393850.0 s, ωt:  39.39 (6.27 periods), wall: 19.352 minutes, Δt:   1.71, CFL: 9.00e-01
i: 165900, t:  394024.3 s, ωt:  39.40 (6.27 periods), wall: 19.363 minutes, Δt:   1.74, CFL: 9.00e-01
i: 166000, t:  394203.0 s, ωt:  39.42 (6.27 periods), wall: 19.373 minutes, Δt:   1.80, CFL: 9.00e-01
i: 166100, t:  394373.6 s, ωt:  39.44 (6.28 periods), wall: 19.384 minutes, Δt:   1.84, CFL: 9.00e-01
i: 166200, t:  394545.9 s, ωt:  39.45 (6.28 periods), wall: 19.395 minutes, Δt:   1.36, CFL: 9.00e-01
i: 166300, t:  394701.6 s, ωt:  39.47 (6.28 periods), wall: 19.406 minutes, Δt:   1.60, CFL: 9.00e-01
i: 166400, t:  394856.2 s, ωt:  39.49 (6.28 periods), wall: 19.416 minutes, Δt:   1.62, CFL: 9.00e-01
i: 166500, t:  395034.5 s, ωt:  39.50 (6.29 periods), wall: 19.427 minutes, Δt:   1.82, CFL: 9.00e-01
i: 166600, t:  395213.9 s, ωt:  39.52 (6.29 periods), wall: 19.438 minutes, Δt:   1.63, CFL: 9.00e-01
i: 166700, t:  395379.8 s, ωt:  39.54 (6.29 periods), wall: 19.448 minutes, Δt:   1.64, CFL: 9.00e-01
i: 166800, t:  395541.3 s, ωt:  39.55 (6.30 periods), wall: 19.460 minutes, Δt:   1.57, CFL: 9.00e-01
i: 166900, t:  395700.7 s, ωt:  39.57 (6.30 periods), wall: 19.470 minutes, Δt:   1.82, CFL: 9.00e-01
i: 167000, t:  395877.9 s, ωt:  39.59 (6.30 periods), wall: 19.482 minutes, Δt:   1.71, CFL: 9.00e-01
i: 167100, t:  396044.0 s, ωt:  39.60 (6.30 periods), wall: 19.492 minutes, Δt:   1.78, CFL: 9.00e-01
i: 167200, t:  396226.8 s, ωt:  39.62 (6.31 periods), wall: 19.503 minutes, Δt:   1.68, CFL: 9.00e-01
i: 167300, t:  396407.9 s, ωt:  39.64 (6.31 periods), wall: 19.513 minutes, Δt:   1.66, CFL: 9.00e-01
i: 167400, t:  396596.7 s, ωt:  39.66 (6.31 periods), wall: 19.524 minutes, Δt:   1.77, CFL: 9.00e-01
i: 167500, t:  396763.1 s, ωt:  39.68 (6.31 periods), wall: 19.534 minutes, Δt:   1.58, CFL: 9.00e-01
i: 167600, t:  396947.5 s, ωt:  39.69 (6.32 periods), wall: 19.546 minutes, Δt:   1.75, CFL: 9.00e-01
i: 167700, t:  397128.5 s, ωt:  39.71 (6.32 periods), wall: 19.557 minutes, Δt:   2.09, CFL: 9.00e-01
i: 167800, t:  397297.1 s, ωt:  39.73 (6.32 periods), wall: 19.567 minutes, Δt:   1.61, CFL: 9.00e-01
i: 167900, t:  397490.8 s, ωt:  39.75 (6.33 periods), wall: 19.578 minutes, Δt:   1.71, CFL: 9.00e-01
i: 168000, t:  397671.6 s, ωt:  39.77 (6.33 periods), wall: 19.588 minutes, Δt:   1.92, CFL: 9.00e-01
i: 168100, t:  397871.3 s, ωt:  39.79 (6.33 periods), wall: 19.599 minutes, Δt:   2.11, CFL: 9.00e-01
i: 168200, t:  398056.2 s, ωt:  39.81 (6.34 periods), wall: 19.611 minutes, Δt:   2.06, CFL: 9.00e-01
i: 168300, t:  398248.1 s, ωt:  39.82 (6.34 periods), wall: 19.621 minutes, Δt:   1.86, CFL: 9.00e-01
i: 168400, t:  398446.3 s, ωt:  39.84 (6.34 periods), wall: 19.632 minutes, Δt:   2.24, CFL: 9.00e-01
i: 168500, t:  398650.9 s, ωt:  39.87 (6.34 periods), wall: 19.642 minutes, Δt:   2.34, CFL: 9.00e-01
i: 168600, t:  398856.4 s, ωt:  39.89 (6.35 periods), wall: 19.653 minutes, Δt:   2.19, CFL: 9.00e-01
i: 168700, t:  399069.1 s, ωt:  39.91 (6.35 periods), wall: 19.665 minutes, Δt:   2.14, CFL: 9.00e-01
i: 168800, t:  399280.5 s, ωt:  39.93 (6.35 periods), wall: 19.675 minutes, Δt:   2.03, CFL: 9.00e-01
i: 168900, t:  399505.0 s, ωt:  39.95 (6.36 periods), wall: 19.686 minutes, Δt:   2.05, CFL: 9.00e-01
i: 169000, t:  399722.9 s, ωt:  39.97 (6.36 periods), wall: 19.697 minutes, Δt:   2.31, CFL: 9.00e-01
i: 169100, t:  399924.7 s, ωt:  39.99 (6.37 periods), wall: 19.707 minutes, Δt:   2.37, CFL: 9.00e-01
i: 169200, t:  400158.1 s, ωt:  40.02 (6.37 periods), wall: 19.718 minutes, Δt:   2.39, CFL: 9.00e-01
i: 169300, t:  400378.0 s, ωt:  40.04 (6.37 periods), wall: 19.729 minutes, Δt:   2.24, CFL: 9.00e-01
i: 169400, t:  400605.9 s, ωt:  40.06 (6.38 periods), wall: 19.741 minutes, Δt:   2.48, CFL: 9.00e-01
i: 169500, t:  400829.2 s, ωt:  40.08 (6.38 periods), wall: 19.751 minutes, Δt:   2.33, CFL: 9.00e-01
i: 169600, t:  401065.3 s, ωt:  40.11 (6.38 periods), wall: 19.762 minutes, Δt:   2.47, CFL: 9.00e-01
i: 169700, t:  401303.1 s, ωt:  40.13 (6.39 periods), wall: 19.774 minutes, Δt:   2.50, CFL: 9.00e-01
i: 169800, t:  401551.4 s, ωt:  40.16 (6.39 periods), wall: 19.786 minutes, Δt:   2.56, CFL: 9.00e-01
i: 169900, t:  401806.2 s, ωt:  40.18 (6.39 periods), wall: 19.796 minutes, Δt:   2.52, CFL: 9.00e-01
i: 170000, t:  402088.3 s, ωt:  40.21 (6.40 periods), wall: 19.808 minutes, Δt:   2.85, CFL: 9.00e-01
i: 170100, t:  402362.3 s, ωt:  40.24 (6.40 periods), wall: 19.819 minutes, Δt:   3.11, CFL: 9.00e-01
i: 170200, t:  402639.6 s, ωt:  40.26 (6.41 periods), wall: 19.830 minutes, Δt:   2.50, CFL: 9.00e-01
i: 170300, t:  402917.6 s, ωt:  40.29 (6.41 periods), wall: 19.841 minutes, Δt:   2.57, CFL: 9.00e-01
i: 170400, t:  403202.3 s, ωt:  40.32 (6.42 periods), wall: 19.853 minutes, Δt:   3.70, CFL: 9.00e-01
i: 170500, t:  403538.1 s, ωt:  40.35 (6.42 periods), wall: 19.864 minutes, Δt:   3.24, CFL: 9.00e-01
i: 170600, t:  403808.2 s, ωt:  40.38 (6.43 periods), wall: 19.875 minutes, Δt:   3.17, CFL: 9.00e-01
i: 170700, t:  404105.6 s, ωt:  40.41 (6.43 periods), wall: 19.886 minutes, Δt:   3.05, CFL: 9.00e-01
i: 170800, t:  404409.1 s, ωt:  40.44 (6.44 periods), wall: 19.898 minutes, Δt:   2.60, CFL: 9.00e-01
i: 170900, t:  404715.6 s, ωt:  40.47 (6.44 periods), wall: 19.909 minutes, Δt:   3.57, CFL: 9.00e-01
i: 171000, t:  405084.4 s, ωt:  40.51 (6.45 periods), wall: 19.921 minutes, Δt:   3.38, CFL: 9.00e-01
i: 171100, t:  405412.8 s, ωt:  40.54 (6.45 periods), wall: 19.932 minutes, Δt:   2.67, CFL: 9.00e-01
i: 171200, t:  405738.8 s, ωt:  40.57 (6.46 periods), wall: 19.943 minutes, Δt:   3.43, CFL: 9.00e-01
i: 171300, t:  406122.0 s, ωt:  40.61 (6.46 periods), wall: 19.954 minutes, Δt:   3.45, CFL: 9.00e-01
i: 171400, t:  406533.9 s, ωt:  40.65 (6.47 periods), wall: 19.967 minutes, Δt:   4.27, CFL: 9.00e-01
i: 171500, t:  407091.0 s, ωt:  40.71 (6.48 periods), wall: 19.979 minutes, Δt:   6.09, CFL: 9.00e-01
i: 171600, t:  407715.0 s, ωt:  40.77 (6.49 periods), wall: 19.992 minutes, Δt:   6.60, CFL: 9.00e-01
i: 171700, t:  408298.3 s, ωt:  40.83 (6.50 periods), wall: 20.005 minutes, Δt:   6.46, CFL: 9.00e-01
i: 171800, t:  408977.0 s, ωt:  40.90 (6.51 periods), wall: 20.039 minutes, Δt:   7.20, CFL: 9.00e-01
i: 171900, t:  409630.0 s, ωt:  40.96 (6.52 periods), wall: 20.056 minutes, Δt:   5.56, CFL: 9.00e-01
i: 172000, t:  410244.3 s, ωt:  41.02 (6.53 periods), wall: 20.069 minutes, Δt:   5.94, CFL: 9.00e-01
i: 172100, t:  410817.6 s, ωt:  41.08 (6.54 periods), wall: 20.082 minutes, Δt:   5.64, CFL: 9.00e-01
i: 172200, t:  411349.5 s, ωt:  41.13 (6.55 periods), wall: 20.096 minutes, Δt:   4.87, CFL: 9.00e-01
i: 172300, t:  411811.0 s, ωt:  41.18 (6.55 periods), wall: 20.108 minutes, Δt:   5.41, CFL: 9.00e-01
i: 172400, t:  412289.8 s, ωt:  41.23 (6.56 periods), wall: 20.122 minutes, Δt:   4.27, CFL: 9.00e-01
i: 172500, t:  412616.6 s, ωt:  41.26 (6.57 periods), wall: 20.134 minutes, Δt:   3.28, CFL: 9.00e-01
i: 172600, t:  412974.0 s, ωt:  41.30 (6.57 periods), wall: 20.145 minutes, Δt:   3.26, CFL: 9.00e-01
i: 172700, t:  413281.3 s, ωt:  41.33 (6.58 periods), wall: 20.157 minutes, Δt:   3.26, CFL: 9.00e-01
i: 172800, t:  413599.4 s, ωt:  41.36 (6.58 periods), wall: 20.169 minutes, Δt:   3.15, CFL: 9.00e-01
i: 172900, t:  413901.2 s, ωt:  41.39 (6.59 periods), wall: 20.182 minutes, Δt:   3.08, CFL: 9.00e-01
i: 173000, t:  414188.2 s, ωt:  41.42 (6.59 periods), wall: 20.194 minutes, Δt:   2.96, CFL: 9.00e-01
i: 173100, t:  414460.5 s, ωt:  41.45 (6.60 periods), wall: 20.206 minutes, Δt:   2.73, CFL: 9.00e-01
i: 173200, t:  414730.3 s, ωt:  41.47 (6.60 periods), wall: 20.226 minutes, Δt:   2.68, CFL: 9.00e-01
i: 173300, t:  414983.0 s, ωt:  41.50 (6.60 periods), wall: 20.236 minutes, Δt:   2.44, CFL: 9.00e-01
i: 173400, t:  415222.1 s, ωt:  41.52 (6.61 periods), wall: 20.249 minutes, Δt:   2.35, CFL: 9.00e-01
i: 173500, t:  415470.0 s, ωt:  41.55 (6.61 periods), wall: 20.260 minutes, Δt:   2.32, CFL: 9.00e-01
i: 173600, t:  415693.2 s, ωt:  41.57 (6.62 periods), wall: 20.272 minutes, Δt:   2.49, CFL: 9.00e-01
i: 173700, t:  415918.9 s, ωt:  41.59 (6.62 periods), wall: 20.282 minutes, Δt:   2.21, CFL: 9.00e-01
i: 173800, t:  416134.5 s, ωt:  41.61 (6.62 periods), wall: 20.293 minutes, Δt:   2.20, CFL: 9.00e-01
i: 173900, t:  416360.6 s, ωt:  41.64 (6.63 periods), wall: 20.305 minutes, Δt:   2.08, CFL: 9.00e-01
i: 174000, t:  416573.3 s, ωt:  41.66 (6.63 periods), wall: 20.315 minutes, Δt:   2.31, CFL: 9.00e-01
i: 174100, t:  416784.1 s, ωt:  41.68 (6.63 periods), wall: 20.327 minutes, Δt:   2.09, CFL: 9.00e-01
i: 174200, t:  416980.3 s, ωt:  41.70 (6.64 periods), wall: 20.338 minutes, Δt:   2.00, CFL: 9.00e-01
i: 174300, t:  417190.2 s, ωt:  41.72 (6.64 periods), wall: 20.348 minutes, Δt:   2.04, CFL: 9.00e-01
i: 174400, t:  417408.3 s, ωt:  41.74 (6.64 periods), wall: 20.360 minutes, Δt:   2.15, CFL: 9.00e-01
i: 174500, t:  417628.6 s, ωt:  41.76 (6.65 periods), wall: 20.372 minutes, Δt:   2.15, CFL: 9.00e-01
i: 174600, t:  417822.5 s, ωt:  41.78 (6.65 periods), wall: 20.381 minutes, Δt:   2.08, CFL: 9.00e-01
i: 174700, t:  418021.1 s, ωt:  41.80 (6.65 periods), wall: 20.395 minutes, Δt:   1.87, CFL: 9.00e-01
i: 174800, t:  418214.3 s, ωt:  41.82 (6.66 periods), wall: 20.409 minutes, Δt:   1.77, CFL: 9.00e-01
i: 174900, t:  418395.3 s, ωt:  41.84 (6.66 periods), wall: 20.418 minutes, Δt:   1.73, CFL: 9.00e-01
i: 175000, t:  418587.2 s, ωt:  41.86 (6.66 periods), wall: 20.430 minutes, Δt:   1.69, CFL: 9.00e-01
i: 175100, t:  418771.7 s, ωt:  41.88 (6.66 periods), wall: 20.440 minutes, Δt:   1.95, CFL: 9.00e-01
i: 175200, t:  418947.7 s, ωt:  41.89 (6.67 periods), wall: 20.452 minutes, Δt:   1.85, CFL: 9.00e-01
i: 175300, t:  419129.7 s, ωt:  41.91 (6.67 periods), wall: 20.464 minutes, Δt:   1.77, CFL: 9.00e-01
i: 175400, t:  419317.1 s, ωt:  41.93 (6.67 periods), wall: 20.473 minutes, Δt:   1.75, CFL: 9.00e-01
i: 175500, t:  419487.9 s, ωt:  41.95 (6.68 periods), wall: 20.485 minutes, Δt:   2.17, CFL: 9.00e-01
i: 175600, t:  419671.5 s, ωt:  41.97 (6.68 periods), wall: 20.495 minutes, Δt:   1.77, CFL: 9.00e-01
i: 175700, t:  419847.8 s, ωt:  41.98 (6.68 periods), wall: 20.506 minutes, Δt:   2.04, CFL: 9.00e-01
i: 175800, t:  420039.8 s, ωt:  42.00 (6.69 periods), wall: 20.519 minutes, Δt:   1.89, CFL: 9.00e-01
i: 175900, t:  420205.8 s, ωt:  42.02 (6.69 periods), wall: 20.529 minutes, Δt:   1.72, CFL: 9.00e-01
i: 176000, t:  420377.3 s, ωt:  42.04 (6.69 periods), wall: 20.540 minutes, Δt:   1.72, CFL: 9.00e-01
i: 176100, t:  420544.2 s, ωt:  42.05 (6.69 periods), wall: 20.550 minutes, Δt:   1.53, CFL: 9.00e-01
i: 176200, t:  420715.2 s, ωt:  42.07 (6.70 periods), wall: 20.564 minutes, Δt:   1.87, CFL: 9.00e-01
i: 176300, t:  420883.8 s, ωt:  42.09 (6.70 periods), wall: 20.574 minutes, Δt:   1.68, CFL: 9.00e-01
i: 176400, t:  421049.5 s, ωt:  42.10 (6.70 periods), wall: 20.586 minutes, Δt:   1.70, CFL: 9.00e-01
i: 176500, t:  421210.2 s, ωt:  42.12 (6.70 periods), wall: 20.596 minutes, Δt:   1.64, CFL: 9.00e-01
i: 176600, t:  421355.6 s, ωt:  42.14 (6.71 periods), wall: 20.607 minutes, Δt:   1.58, CFL: 9.00e-01
i: 176700, t:  421512.3 s, ωt:  42.15 (6.71 periods), wall: 20.617 minutes, Δt:   1.58, CFL: 9.00e-01
i: 176800, t:  421671.0 s, ωt:  42.17 (6.71 periods), wall: 20.629 minutes, Δt:   1.59, CFL: 9.00e-01
i: 176900, t:  421829.8 s, ωt:  42.18 (6.71 periods), wall: 20.639 minutes, Δt:   1.48, CFL: 9.00e-01
i: 177000, t:  421971.0 s, ωt:  42.20 (6.72 periods), wall: 20.651 minutes, Δt:   1.54, CFL: 9.00e-01
i: 177100, t:  422128.2 s, ωt:  42.21 (6.72 periods), wall: 20.661 minutes, Δt:   1.46, CFL: 9.00e-01
i: 177200, t:  422275.4 s, ωt:  42.23 (6.72 periods), wall: 20.673 minutes, Δt:   1.47, CFL: 9.00e-01
i: 177300, t:  422435.8 s, ωt:  42.24 (6.72 periods), wall: 20.683 minutes, Δt:   1.48, CFL: 9.00e-01
i: 177400, t:  422594.7 s, ωt:  42.26 (6.73 periods), wall: 20.695 minutes, Δt:   1.66, CFL: 9.00e-01
i: 177500, t:  422762.0 s, ωt:  42.28 (6.73 periods), wall: 20.705 minutes, Δt:   1.80, CFL: 9.00e-01
i: 177600, t:  422925.7 s, ωt:  42.29 (6.73 periods), wall: 20.718 minutes, Δt:   1.67, CFL: 9.00e-01
i: 177700, t:  423096.1 s, ωt:  42.31 (6.73 periods), wall: 20.727 minutes, Δt:   1.60, CFL: 9.00e-01
i: 177800, t:  423251.9 s, ωt:  42.33 (6.74 periods), wall: 20.738 minutes, Δt:   1.47, CFL: 9.00e-01
i: 177900, t:  423411.4 s, ωt:  42.34 (6.74 periods), wall: 20.748 minutes, Δt:   1.53, CFL: 9.00e-01
i: 178000, t:  423557.4 s, ωt:  42.36 (6.74 periods), wall: 20.760 minutes, Δt:   1.28, CFL: 9.00e-01
i: 178100, t:  423709.9 s, ωt:  42.37 (6.74 periods), wall: 20.770 minutes, Δt:   1.62, CFL: 9.00e-01
i: 178200, t:  423868.5 s, ωt:  42.39 (6.75 periods), wall: 20.781 minutes, Δt:   1.55, CFL: 9.00e-01
i: 178300, t:  424020.3 s, ωt:  42.40 (6.75 periods), wall: 20.791 minutes, Δt:   1.55, CFL: 9.00e-01
i: 178400, t:  424176.3 s, ωt:  42.42 (6.75 periods), wall: 20.804 minutes, Δt:   1.49, CFL: 9.00e-01
i: 178500, t:  424335.9 s, ωt:  42.43 (6.75 periods), wall: 20.814 minutes, Δt:   1.48, CFL: 9.00e-01
i: 178600, t:  424494.7 s, ωt:  42.45 (6.76 periods), wall: 20.826 minutes, Δt:   1.50, CFL: 9.00e-01
i: 178700, t:  424652.7 s, ωt:  42.47 (6.76 periods), wall: 20.836 minutes, Δt:   1.88, CFL: 9.00e-01
i: 178800, t:  424814.7 s, ωt:  42.48 (6.76 periods), wall: 20.847 minutes, Δt:   1.69, CFL: 9.00e-01
i: 178900, t:  424978.2 s, ωt:  42.50 (6.76 periods), wall: 20.857 minutes, Δt:   1.81, CFL: 9.00e-01
i: 179000, t:  425148.5 s, ωt:  42.51 (6.77 periods), wall: 20.868 minutes, Δt:   1.73, CFL: 9.00e-01
i: 179100, t:  425311.4 s, ωt:  42.53 (6.77 periods), wall: 20.878 minutes, Δt:   1.60, CFL: 9.00e-01
i: 179200, t:  425464.7 s, ωt:  42.55 (6.77 periods), wall: 20.890 minutes, Δt:   1.34, CFL: 9.00e-01
i: 179300, t:  425610.1 s, ωt:  42.56 (6.77 periods), wall: 20.900 minutes, Δt:   1.64, CFL: 9.00e-01
i: 179400, t:  425772.1 s, ωt:  42.58 (6.78 periods), wall: 20.912 minutes, Δt:   1.41, CFL: 9.00e-01
i: 179500, t:  425940.5 s, ωt:  42.59 (6.78 periods), wall: 20.921 minutes, Δt:   1.64, CFL: 9.00e-01
i: 179600, t:  426101.0 s, ωt:  42.61 (6.78 periods), wall: 20.934 minutes, Δt:   1.64, CFL: 9.00e-01
i: 179700, t:  426269.6 s, ωt:  42.63 (6.78 periods), wall: 20.944 minutes, Δt:   1.56, CFL: 9.00e-01
i: 179800, t:  426445.5 s, ωt:  42.64 (6.79 periods), wall: 20.956 minutes, Δt:   1.85, CFL: 9.00e-01
i: 179900, t:  426619.1 s, ωt:  42.66 (6.79 periods), wall: 20.966 minutes, Δt:   1.72, CFL: 9.00e-01
i: 180000, t:  426803.6 s, ωt:  42.68 (6.79 periods), wall: 20.978 minutes, Δt:   1.78, CFL: 9.00e-01
i: 180100, t:  426975.2 s, ωt:  42.70 (6.80 periods), wall: 20.989 minutes, Δt:   1.80, CFL: 9.00e-01
i: 180200, t:  427144.9 s, ωt:  42.71 (6.80 periods), wall: 20.999 minutes, Δt:   1.72, CFL: 9.00e-01
i: 180300, t:  427303.9 s, ωt:  42.73 (6.80 periods), wall: 21.011 minutes, Δt:   1.57, CFL: 9.00e-01
i: 180400, t:  427471.7 s, ωt:  42.75 (6.80 periods), wall: 21.021 minutes, Δt:   1.43, CFL: 9.00e-01
i: 180500, t:  427614.6 s, ωt:  42.76 (6.81 periods), wall: 21.033 minutes, Δt:   1.76, CFL: 9.00e-01
i: 180600, t:  427786.5 s, ωt:  42.78 (6.81 periods), wall: 21.043 minutes, Δt:   1.59, CFL: 9.00e-01
i: 180700, t:  427962.2 s, ωt:  42.80 (6.81 periods), wall: 21.054 minutes, Δt:   1.81, CFL: 9.00e-01
i: 180800, t:  428154.5 s, ωt:  42.82 (6.81 periods), wall: 21.064 minutes, Δt:   1.83, CFL: 9.00e-01
i: 180900, t:  428344.9 s, ωt:  42.83 (6.82 periods), wall: 21.077 minutes, Δt:   1.94, CFL: 9.00e-01
i: 181000, t:  428537.6 s, ωt:  42.85 (6.82 periods), wall: 21.090 minutes, Δt:   1.91, CFL: 9.00e-01
i: 181100, t:  428717.9 s, ωt:  42.87 (6.82 periods), wall: 21.100 minutes, Δt:   1.59, CFL: 9.00e-01
i: 181200, t:  428881.0 s, ωt:  42.89 (6.83 periods), wall: 21.113 minutes, Δt:   1.28, CFL: 9.00e-01
i: 181300, t:  429036.7 s, ωt:  42.90 (6.83 periods), wall: 21.122 minutes, Δt:   1.63, CFL: 9.00e-01
i: 181400, t:  429218.8 s, ωt:  42.92 (6.83 periods), wall: 21.134 minutes, Δt:   1.94, CFL: 9.00e-01
i: 181500, t:  429407.9 s, ωt:  42.94 (6.83 periods), wall: 21.144 minutes, Δt:   1.83, CFL: 9.00e-01
i: 181600, t:  429593.8 s, ωt:  42.96 (6.84 periods), wall: 21.156 minutes, Δt:   2.02, CFL: 9.00e-01
i: 181700, t:  429789.4 s, ωt:  42.98 (6.84 periods), wall: 21.169 minutes, Δt:   1.58, CFL: 9.00e-01
i: 181800, t:  429976.8 s, ωt:  43.00 (6.84 periods), wall: 21.179 minutes, Δt:   1.93, CFL: 9.00e-01
i: 181900, t:  430163.7 s, ωt:  43.02 (6.85 periods), wall: 21.191 minutes, Δt:   1.96, CFL: 9.00e-01
i: 182000, t:  430365.9 s, ωt:  43.04 (6.85 periods), wall: 21.201 minutes, Δt:   2.03, CFL: 9.00e-01
i: 182100, t:  430562.8 s, ωt:  43.06 (6.85 periods), wall: 21.214 minutes, Δt:   2.03, CFL: 9.00e-01
i: 182200, t:  430766.5 s, ωt:  43.08 (6.86 periods), wall: 21.227 minutes, Δt:   1.69, CFL: 9.00e-01
i: 182300, t:  430967.6 s, ωt:  43.10 (6.86 periods), wall: 21.236 minutes, Δt:   1.93, CFL: 9.00e-01
i: 182400, t:  431151.6 s, ωt:  43.12 (6.86 periods), wall: 21.249 minutes, Δt:   1.96, CFL: 9.00e-01
i: 182500, t:  431362.3 s, ωt:  43.14 (6.87 periods), wall: 21.261 minutes, Δt:   2.02, CFL: 9.00e-01
i: 182600, t:  431571.3 s, ωt:  43.16 (6.87 periods), wall: 21.270 minutes, Δt:   2.26, CFL: 9.00e-01
i: 182700, t:  431795.2 s, ωt:  43.18 (6.87 periods), wall: 21.283 minutes, Δt:   1.84, CFL: 9.00e-01
i: 182800, t:  432005.1 s, ωt:  43.20 (6.88 periods), wall: 21.294 minutes, Δt:   2.46, CFL: 9.00e-01
i: 182900, t:  432241.4 s, ωt:  43.22 (6.88 periods), wall: 21.304 minutes, Δt:   2.46, CFL: 9.00e-01
i: 183000, t:  432478.8 s, ωt:  43.25 (6.88 periods), wall: 21.315 minutes, Δt:   2.26, CFL: 9.00e-01
i: 183100, t:  432741.8 s, ωt:  43.27 (6.89 periods), wall: 21.327 minutes, Δt:   2.77, CFL: 9.00e-01
i: 183200, t:  432986.7 s, ωt:  43.30 (6.89 periods), wall: 21.338 minutes, Δt:   2.11, CFL: 9.00e-01
i: 183300, t:  433205.4 s, ωt:  43.32 (6.89 periods), wall: 21.348 minutes, Δt:   2.26, CFL: 9.00e-01
i: 183400, t:  433452.4 s, ωt:  43.35 (6.90 periods), wall: 21.360 minutes, Δt:   2.14, CFL: 9.00e-01
i: 183500, t:  433688.7 s, ωt:  43.37 (6.90 periods), wall: 21.371 minutes, Δt:   1.82, CFL: 9.00e-01
i: 183600, t:  433917.1 s, ωt:  43.39 (6.91 periods), wall: 21.383 minutes, Δt:   1.97, CFL: 9.00e-01
i: 183700, t:  434139.4 s, ωt:  43.41 (6.91 periods), wall: 21.393 minutes, Δt:   2.75, CFL: 8.96e-01
i: 183800, t:  434421.3 s, ωt:  43.44 (6.91 periods), wall: 21.404 minutes, Δt:   2.63, CFL: 9.00e-01
i: 183900, t:  434679.0 s, ωt:  43.47 (6.92 periods), wall: 21.416 minutes, Δt:   2.26, CFL: 9.00e-01
i: 184000, t:  434946.9 s, ωt:  43.49 (6.92 periods), wall: 21.428 minutes, Δt:   2.81, CFL: 9.00e-01
i: 184100, t:  435226.6 s, ωt:  43.52 (6.93 periods), wall: 21.440 minutes, Δt:   2.77, CFL: 9.00e-01
i: 184200, t:  435520.3 s, ωt:  43.55 (6.93 periods), wall: 21.452 minutes, Δt:   3.25, CFL: 9.00e-01
i: 184300, t:  435835.9 s, ωt:  43.58 (6.94 periods), wall: 21.464 minutes, Δt:   2.59, CFL: 9.00e-01
i: 184400, t:  436140.8 s, ωt:  43.61 (6.94 periods), wall: 21.476 minutes, Δt:   3.13, CFL: 9.00e-01
i: 184500, t:  436503.7 s, ωt:  43.65 (6.95 periods), wall: 21.489 minutes, Δt:   3.49, CFL: 9.00e-01
i: 184600, t:  436852.8 s, ωt:  43.69 (6.95 periods), wall: 21.500 minutes, Δt:   4.38, CFL: 9.00e-01
i: 184700, t:  437270.4 s, ωt:  43.73 (6.96 periods), wall: 21.512 minutes, Δt:   4.54, CFL: 9.00e-01
i: 184800, t:  437710.0 s, ωt:  43.77 (6.97 periods), wall: 21.526 minutes, Δt:   3.73, CFL: 9.00e-01
i: 184900, t:  438130.8 s, ωt:  43.81 (6.97 periods), wall: 21.538 minutes, Δt:   6.07, CFL: 8.70e-01
i: 185000, t:  438659.7 s, ωt:  43.87 (6.98 periods), wall: 21.552 minutes, Δt:   6.58, CFL: 9.00e-01
i: 185100, t:  439299.1 s, ωt:  43.93 (6.99 periods), wall: 21.569 minutes, Δt:   5.81, CFL: 8.72e-01
i: 185200, t:  439945.9 s, ωt:  43.99 (7.00 periods), wall: 21.600 minutes, Δt:   7.48, CFL: 9.00e-01
i: 185300, t:  440688.1 s, ωt:  44.07 (7.01 periods), wall: 21.614 minutes, Δt:   7.17, CFL: 9.00e-01
i: 185400, t:  441370.2 s, ωt:  44.14 (7.02 periods), wall: 21.629 minutes, Δt:   6.60, CFL: 9.00e-01
i: 185500, t:  441970.2 s, ωt:  44.20 (7.03 periods), wall: 21.644 minutes, Δt:   6.29, CFL: 9.00e-01
i: 185600, t:  442550.7 s, ωt:  44.26 (7.04 periods), wall: 21.660 minutes, Δt:   5.58, CFL: 9.00e-01
i: 185700, t:  443052.6 s, ωt:  44.31 (7.05 periods), wall: 21.675 minutes, Δt:   4.99, CFL: 9.00e-01
i: 185800, t:  443523.7 s, ωt:  44.35 (7.06 periods), wall: 21.686 minutes, Δt:   4.43, CFL: 9.00e-01
i: 185900, t:  443950.3 s, ωt:  44.40 (7.07 periods), wall: 21.701 minutes, Δt:   3.91, CFL: 9.00e-01
i: 186000, t:  444348.3 s, ωt:  44.43 (7.07 periods), wall: 21.713 minutes, Δt:   3.88, CFL: 9.00e-01
i: 186100, t:  444717.6 s, ωt:  44.47 (7.08 periods), wall: 21.726 minutes, Δt:   3.54, CFL: 9.00e-01
i: 186200, t:  445040.5 s, ωt:  44.50 (7.08 periods), wall: 21.738 minutes, Δt:   3.12, CFL: 9.00e-01
i: 186300, t:  445351.2 s, ωt:  44.54 (7.09 periods), wall: 21.750 minutes, Δt:   2.87, CFL: 9.00e-01
i: 186400, t:  445638.1 s, ωt:  44.56 (7.09 periods), wall: 21.763 minutes, Δt:   2.86, CFL: 9.00e-01
i: 186500, t:  445910.1 s, ωt:  44.59 (7.10 periods), wall: 21.775 minutes, Δt:   2.69, CFL: 9.00e-01
i: 186600, t:  446186.9 s, ωt:  44.62 (7.10 periods), wall: 21.787 minutes, Δt:   2.65, CFL: 9.00e-01
i: 186700, t:  446447.9 s, ωt:  44.64 (7.11 periods), wall: 21.799 minutes, Δt:   2.59, CFL: 9.00e-01
i: 186800, t:  446697.9 s, ωt:  44.67 (7.11 periods), wall: 21.809 minutes, Δt:   2.51, CFL: 9.00e-01
i: 186900, t:  446935.3 s, ωt:  44.69 (7.11 periods), wall: 21.821 minutes, Δt:   2.44, CFL: 9.00e-01
i: 187000, t:  447171.1 s, ωt:  44.72 (7.12 periods), wall: 21.833 minutes, Δt:   2.33, CFL: 9.00e-01
i: 187100, t:  447407.8 s, ωt:  44.74 (7.12 periods), wall: 21.848 minutes, Δt:   2.40, CFL: 9.00e-01
i: 187200, t:  447645.4 s, ωt:  44.76 (7.12 periods), wall: 21.858 minutes, Δt:   2.43, CFL: 9.00e-01
i: 187300, t:  447876.6 s, ωt:  44.79 (7.13 periods), wall: 21.873 minutes, Δt:   2.31, CFL: 9.00e-01
i: 187400, t:  448110.1 s, ωt:  44.81 (7.13 periods), wall: 21.883 minutes, Δt:   2.17, CFL: 9.00e-01
i: 187500, t:  448333.9 s, ωt:  44.83 (7.14 periods), wall: 21.895 minutes, Δt:   1.92, CFL: 9.00e-01
i: 187600, t:  448544.5 s, ωt:  44.85 (7.14 periods), wall: 21.905 minutes, Δt:   2.24, CFL: 9.00e-01
i: 187700, t:  448768.2 s, ωt:  44.88 (7.14 periods), wall: 21.918 minutes, Δt:   2.34, CFL: 9.00e-01
i: 187800, t:  448980.3 s, ωt:  44.90 (7.15 periods), wall: 21.931 minutes, Δt:   1.81, CFL: 9.00e-01
i: 187900, t:  449182.8 s, ωt:  44.92 (7.15 periods), wall: 21.941 minutes, Δt:   2.32, CFL: 9.00e-01
i: 188000, t:  449375.7 s, ωt:  44.94 (7.15 periods), wall: 21.953 minutes, Δt:   1.97, CFL: 9.00e-01
i: 188100, t:  449548.0 s, ωt:  44.95 (7.15 periods), wall: 21.963 minutes, Δt:   1.80, CFL: 9.00e-01
i: 188200, t:  449738.3 s, ωt:  44.97 (7.16 periods), wall: 21.976 minutes, Δt:   1.78, CFL: 9.00e-01
i: 188300, t:  449931.7 s, ωt:  44.99 (7.16 periods), wall: 21.989 minutes, Δt:   1.88, CFL: 9.00e-01
i: 188400, t:  450121.4 s, ωt:  45.01 (7.16 periods), wall: 21.999 minutes, Δt:   1.88, CFL: 9.00e-01
i: 188500, t:  450294.6 s, ωt:  45.03 (7.17 periods), wall: 22.011 minutes, Δt:   1.94, CFL: 9.00e-01
i: 188600, t:  450483.1 s, ωt:  45.05 (7.17 periods), wall: 22.021 minutes, Δt:   2.03, CFL: 9.00e-01
i: 188700, t:  450676.2 s, ωt:  45.07 (7.17 periods), wall: 22.033 minutes, Δt:   1.76, CFL: 9.00e-01
i: 188800, t:  450867.6 s, ωt:  45.09 (7.18 periods), wall: 22.044 minutes, Δt:   1.67, CFL: 9.00e-01
i: 188900, t:  451050.8 s, ωt:  45.11 (7.18 periods), wall: 22.054 minutes, Δt:   1.95, CFL: 9.00e-01
i: 189000, t:  451241.2 s, ωt:  45.12 (7.18 periods), wall: 22.066 minutes, Δt:   1.94, CFL: 9.00e-01
i: 189100, t:  451422.8 s, ωt:  45.14 (7.18 periods), wall: 22.076 minutes, Δt:   1.78, CFL: 9.00e-01
i: 189200, t:  451593.7 s, ωt:  45.16 (7.19 periods), wall: 22.088 minutes, Δt:   1.80, CFL: 9.00e-01
i: 189300, t:  451775.8 s, ωt:  45.18 (7.19 periods), wall: 22.101 minutes, Δt:   1.93, CFL: 9.00e-01
i: 189400, t:  451965.9 s, ωt:  45.20 (7.19 periods), wall: 22.111 minutes, Δt:   1.88, CFL: 9.00e-01
i: 189500, t:  452146.6 s, ωt:  45.21 (7.20 periods), wall: 22.123 minutes, Δt:   1.74, CFL: 9.00e-01
i: 189600, t:  452329.1 s, ωt:  45.23 (7.20 periods), wall: 22.132 minutes, Δt:   1.67, CFL: 9.00e-01
i: 189700, t:  452499.0 s, ωt:  45.25 (7.20 periods), wall: 22.144 minutes, Δt:   1.54, CFL: 9.00e-01
i: 189800, t:  452656.7 s, ωt:  45.27 (7.20 periods), wall: 22.154 minutes, Δt:   1.93, CFL: 9.00e-01
i: 189900, t:  452837.7 s, ωt:  45.28 (7.21 periods), wall: 22.166 minutes, Δt:   1.34, CFL: 9.00e-01
i: 190000, t:  452997.0 s, ωt:  45.30 (7.21 periods), wall: 22.176 minutes, Δt:   1.64, CFL: 9.00e-01
i: 190100, t:  453164.1 s, ωt:  45.32 (7.21 periods), wall: 22.188 minutes, Δt:   1.64, CFL: 9.00e-01
i: 190200, t:  453322.9 s, ωt:  45.33 (7.21 periods), wall: 22.198 minutes, Δt:   1.73, CFL: 9.00e-01
i: 190300, t:  453493.0 s, ωt:  45.35 (7.22 periods), wall: 22.210 minutes, Δt:   1.49, CFL: 9.00e-01
i: 190400, t:  453666.0 s, ωt:  45.37 (7.22 periods), wall: 22.222 minutes, Δt:   1.78, CFL: 9.00e-01
i: 190500, t:  453830.2 s, ωt:  45.38 (7.22 periods), wall: 22.231 minutes, Δt:   1.49, CFL: 9.00e-01
i: 190600, t:  453978.3 s, ωt:  45.40 (7.23 periods), wall: 22.242 minutes, Δt:   1.79, CFL: 9.00e-01
i: 190700, t:  454148.4 s, ωt:  45.41 (7.23 periods), wall: 22.252 minutes, Δt:   1.60, CFL: 9.00e-01
i: 190800, t:  454326.7 s, ωt:  45.43 (7.23 periods), wall: 22.263 minutes, Δt:   1.73, CFL: 9.00e-01
i: 190900, t:  454492.4 s, ωt:  45.45 (7.23 periods), wall: 22.274 minutes, Δt:   1.60, CFL: 9.00e-01
i: 191000, t:  454663.1 s, ωt:  45.47 (7.24 periods), wall: 22.285 minutes, Δt:   1.69, CFL: 9.00e-01
i: 191100, t:  454824.8 s, ωt:  45.48 (7.24 periods), wall: 22.295 minutes, Δt:   1.62, CFL: 9.00e-01
i: 191200, t:  454995.7 s, ωt:  45.50 (7.24 periods), wall: 22.306 minutes, Δt:   1.76, CFL: 9.00e-01
i: 191300, t:  455165.3 s, ωt:  45.52 (7.24 periods), wall: 22.316 minutes, Δt:   1.83, CFL: 9.00e-01
i: 191400, t:  455335.7 s, ωt:  45.53 (7.25 periods), wall: 22.327 minutes, Δt:   1.62, CFL: 9.00e-01
i: 191500, t:  455509.8 s, ωt:  45.55 (7.25 periods), wall: 22.337 minutes, Δt:   1.59, CFL: 9.00e-01
i: 191600, t:  455685.0 s, ωt:  45.57 (7.25 periods), wall: 22.350 minutes, Δt:   1.68, CFL: 9.00e-01
i: 191700, t:  455860.3 s, ωt:  45.59 (7.26 periods), wall: 22.362 minutes, Δt:   1.53, CFL: 9.00e-01
i: 191800, t:  456030.7 s, ωt:  45.60 (7.26 periods), wall: 22.373 minutes, Δt:   1.86, CFL: 9.00e-01
i: 191900, t:  456197.3 s, ωt:  45.62 (7.26 periods), wall: 22.384 minutes, Δt:   1.85, CFL: 9.00e-01
i: 192000, t:  456370.0 s, ωt:  45.64 (7.26 periods), wall: 22.394 minutes, Δt:   1.93, CFL: 9.00e-01
i: 192100, t:  456528.8 s, ωt:  45.65 (7.27 periods), wall: 22.406 minutes, Δt:   1.77, CFL: 8.84e-01
i: 192200, t:  456680.1 s, ωt:  45.67 (7.27 periods), wall: 22.416 minutes, Δt:   1.65, CFL: 9.00e-01
i: 192300, t:  456845.1 s, ωt:  45.68 (7.27 periods), wall: 22.427 minutes, Δt:   1.72, CFL: 9.00e-01
i: 192400, t:  457023.8 s, ωt:  45.70 (7.27 periods), wall: 22.437 minutes, Δt:   1.57, CFL: 9.00e-01
i: 192500, t:  457209.5 s, ωt:  45.72 (7.28 periods), wall: 22.448 minutes, Δt:   1.72, CFL: 9.00e-01
i: 192600, t:  457377.8 s, ωt:  45.74 (7.28 periods), wall: 22.458 minutes, Δt:   1.78, CFL: 9.00e-01
i: 192700, t:  457563.9 s, ωt:  45.76 (7.28 periods), wall: 22.469 minutes, Δt:   1.87, CFL: 9.00e-01
i: 192800, t:  457746.0 s, ωt:  45.77 (7.29 periods), wall: 22.480 minutes, Δt:   1.83, CFL: 9.00e-01
i: 192900, t:  457921.7 s, ωt:  45.79 (7.29 periods), wall: 22.491 minutes, Δt:   1.70, CFL: 9.00e-01
i: 193000, t:  458087.5 s, ωt:  45.81 (7.29 periods), wall: 22.502 minutes, Δt:   1.52, CFL: 9.00e-01
i: 193100, t:  458239.7 s, ωt:  45.82 (7.29 periods), wall: 22.512 minutes, Δt:   1.67, CFL: 9.00e-01
i: 193200, t:  458409.7 s, ωt:  45.84 (7.30 periods), wall: 22.523 minutes, Δt:   1.48, CFL: 9.00e-01
i: 193300, t:  458579.2 s, ωt:  45.86 (7.30 periods), wall: 22.533 minutes, Δt:   1.86, CFL: 9.00e-01
i: 193400, t:  458757.5 s, ωt:  45.88 (7.30 periods), wall: 22.545 minutes, Δt:   1.40, CFL: 9.00e-01
i: 193500, t:  458930.5 s, ωt:  45.89 (7.30 periods), wall: 22.555 minutes, Δt:   1.69, CFL: 9.00e-01
i: 193600, t:  459111.3 s, ωt:  45.91 (7.31 periods), wall: 22.567 minutes, Δt:   1.52, CFL: 9.00e-01
i: 193700, t:  459260.8 s, ωt:  45.93 (7.31 periods), wall: 22.576 minutes, Δt:   1.47, CFL: 9.00e-01
i: 193800, t:  459420.3 s, ωt:  45.94 (7.31 periods), wall: 22.588 minutes, Δt:   1.59, CFL: 9.00e-01
i: 193900, t:  459582.5 s, ωt:  45.96 (7.31 periods), wall: 22.598 minutes, Δt:   1.72, CFL: 9.00e-01
i: 194000, t:  459765.4 s, ωt:  45.98 (7.32 periods), wall: 22.609 minutes, Δt:   2.14, CFL: 9.00e-01
i: 194100, t:  459969.9 s, ωt:  46.00 (7.32 periods), wall: 22.620 minutes, Δt:   1.88, CFL: 9.00e-01
i: 194200, t:  460144.4 s, ωt:  46.01 (7.32 periods), wall: 22.630 minutes, Δt:   1.96, CFL: 9.00e-01
i: 194300, t:  460337.0 s, ωt:  46.03 (7.33 periods), wall: 22.642 minutes, Δt:   1.56, CFL: 9.00e-01
i: 194400, t:  460516.3 s, ωt:  46.05 (7.33 periods), wall: 22.651 minutes, Δt:   1.94, CFL: 9.00e-01
i: 194500, t:  460701.4 s, ωt:  46.07 (7.33 periods), wall: 22.663 minutes, Δt:   1.92, CFL: 9.00e-01
i: 194600, t:  460891.4 s, ωt:  46.09 (7.34 periods), wall: 22.674 minutes, Δt:   2.07, CFL: 9.00e-01
i: 194700, t:  461095.9 s, ωt:  46.11 (7.34 periods), wall: 22.684 minutes, Δt:   1.90, CFL: 9.00e-01
i: 194800, t:  461282.3 s, ωt:  46.13 (7.34 periods), wall: 22.696 minutes, Δt:   2.11, CFL: 9.00e-01
i: 194900, t:  461482.5 s, ωt:  46.15 (7.34 periods), wall: 22.706 minutes, Δt:   1.97, CFL: 9.00e-01
i: 195000, t:  461684.3 s, ωt:  46.17 (7.35 periods), wall: 22.718 minutes, Δt:   2.30, CFL: 9.00e-01
i: 195100, t:  461886.6 s, ωt:  46.19 (7.35 periods), wall: 22.730 minutes, Δt:   1.85, CFL: 9.00e-01
i: 195200, t:  462073.8 s, ωt:  46.21 (7.35 periods), wall: 22.740 minutes, Δt:   1.76, CFL: 9.00e-01
i: 195300, t:  462274.3 s, ωt:  46.23 (7.36 periods), wall: 22.751 minutes, Δt:   2.09, CFL: 9.00e-01
i: 195400, t:  462483.5 s, ωt:  46.25 (7.36 periods), wall: 22.763 minutes, Δt:   2.13, CFL: 9.00e-01
i: 195500, t:  462683.1 s, ωt:  46.27 (7.36 periods), wall: 22.773 minutes, Δt:   2.18, CFL: 9.00e-01
i: 195600, t:  462905.8 s, ωt:  46.29 (7.37 periods), wall: 22.784 minutes, Δt:   2.27, CFL: 9.00e-01
i: 195700, t:  463130.3 s, ωt:  46.31 (7.37 periods), wall: 22.796 minutes, Δt:   2.21, CFL: 9.00e-01
i: 195800, t:  463380.6 s, ωt:  46.34 (7.37 periods), wall: 22.806 minutes, Δt:   2.21, CFL: 9.00e-01
i: 195900, t:  463594.6 s, ωt:  46.36 (7.38 periods), wall: 22.817 minutes, Δt:   2.28, CFL: 9.00e-01
i: 196000, t:  463820.4 s, ωt:  46.38 (7.38 periods), wall: 22.829 minutes, Δt:   2.18, CFL: 9.00e-01
i: 196100, t:  464039.8 s, ωt:  46.40 (7.39 periods), wall: 22.841 minutes, Δt:   2.47, CFL: 9.00e-01
i: 196200, t:  464265.2 s, ωt:  46.43 (7.39 periods), wall: 22.852 minutes, Δt:   2.27, CFL: 9.00e-01
i: 196300, t:  464486.4 s, ωt:  46.45 (7.39 periods), wall: 22.865 minutes, Δt:   1.94, CFL: 9.00e-01
i: 196400, t:  464690.7 s, ωt:  46.47 (7.40 periods), wall: 22.876 minutes, Δt:   1.84, CFL: 9.00e-01
i: 196500, t:  464909.7 s, ωt:  46.49 (7.40 periods), wall: 22.886 minutes, Δt:   2.55, CFL: 9.00e-01
i: 196600, t:  465187.4 s, ωt:  46.52 (7.40 periods), wall: 22.899 minutes, Δt:   2.51, CFL: 9.00e-01
i: 196700, t:  465448.5 s, ωt:  46.54 (7.41 periods), wall: 22.910 minutes, Δt:   2.61, CFL: 9.00e-01
i: 196800, t:  465719.6 s, ωt:  46.57 (7.41 periods), wall: 22.921 minutes, Δt:   2.74, CFL: 9.00e-01
i: 196900, t:  465988.5 s, ωt:  46.60 (7.42 periods), wall: 22.932 minutes, Δt:   2.85, CFL: 9.00e-01
i: 197000, t:  466246.4 s, ωt:  46.62 (7.42 periods), wall: 22.944 minutes, Δt:   2.30, CFL: 9.00e-01
i: 197100, t:  466509.5 s, ωt:  46.65 (7.42 periods), wall: 22.954 minutes, Δt:   3.21, CFL: 9.00e-01
i: 197200, t:  466832.1 s, ωt:  46.68 (7.43 periods), wall: 22.965 minutes, Δt:   3.66, CFL: 9.00e-01
i: 197300, t:  467171.7 s, ωt:  46.72 (7.44 periods), wall: 22.978 minutes, Δt:   3.17, CFL: 9.00e-01
i: 197400, t:  467486.5 s, ωt:  46.75 (7.44 periods), wall: 22.989 minutes, Δt:   2.84, CFL: 9.00e-01
i: 197500, t:  467798.2 s, ωt:  46.78 (7.45 periods), wall: 23.000 minutes, Δt:   3.57, CFL: 9.00e-01
i: 197600, t:  468159.9 s, ωt:  46.82 (7.45 periods), wall: 23.013 minutes, Δt:   3.42, CFL: 9.00e-01
i: 197700, t:  468579.7 s, ωt:  46.86 (7.46 periods), wall: 23.024 minutes, Δt:   5.65, CFL: 9.00e-01
i: 197800, t:  469085.8 s, ωt:  46.91 (7.47 periods), wall: 23.037 minutes, Δt:   5.13, CFL: 9.00e-01
i: 197900, t:  469576.7 s, ωt:  46.96 (7.47 periods), wall: 23.048 minutes, Δt:   5.64, CFL: 9.00e-01
i: 198000, t:  470188.7 s, ωt:  47.02 (7.48 periods), wall: 23.061 minutes, Δt:   7.31, CFL: 9.00e-01
i: 198100, t:  470895.6 s, ωt:  47.09 (7.49 periods), wall: 23.076 minutes, Δt:   6.93, CFL: 9.00e-01
i: 198200, t:  471567.4 s, ωt:  47.16 (7.51 periods), wall: 23.107 minutes, Δt:   6.52, CFL: 9.00e-01
i: 198300, t:  472225.4 s, ωt:  47.22 (7.52 periods), wall: 23.120 minutes, Δt:   5.76, CFL: 9.00e-01
i: 198400, t:  472792.2 s, ωt:  47.28 (7.52 periods), wall: 23.131 minutes, Δt:   5.51, CFL: 9.00e-01
i: 198500, t:  473334.1 s, ωt:  47.33 (7.53 periods), wall: 23.146 minutes, Δt:   5.77, CFL: 9.00e-01
i: 198600, t:  473873.2 s, ωt:  47.39 (7.54 periods), wall: 23.159 minutes, Δt:   5.24, CFL: 9.00e-01
i: 198700, t:  474363.4 s, ωt:  47.44 (7.55 periods), wall: 23.171 minutes, Δt:   4.68, CFL: 9.00e-01
i: 198800, t:  474818.9 s, ωt:  47.48 (7.56 periods), wall: 23.184 minutes, Δt:   4.19, CFL: 9.00e-01
i: 198900, t:  475244.5 s, ωt:  47.52 (7.56 periods), wall: 23.196 minutes, Δt:   3.32, CFL: 9.00e-01
i: 199000, t:  475612.7 s, ωt:  47.56 (7.57 periods), wall: 23.207 minutes, Δt:   3.39, CFL: 9.00e-01
i: 199100, t:  475965.3 s, ωt:  47.60 (7.58 periods), wall: 23.220 minutes, Δt:   2.91, CFL: 9.00e-01
i: 199200, t:  476293.4 s, ωt:  47.63 (7.58 periods), wall: 23.233 minutes, Δt:   3.23, CFL: 9.00e-01
i: 199300, t:  476610.4 s, ωt:  47.66 (7.59 periods), wall: 23.245 minutes, Δt:   2.91, CFL: 9.00e-01
i: 199400, t:  476899.0 s, ωt:  47.69 (7.59 periods), wall: 23.256 minutes, Δt:   2.84, CFL: 9.00e-01
i: 199500, t:  477177.8 s, ωt:  47.72 (7.59 periods), wall: 23.266 minutes, Δt:   2.81, CFL: 9.00e-01
i: 199600, t:  477434.7 s, ωt:  47.74 (7.60 periods), wall: 23.278 minutes, Δt:   2.42, CFL: 9.00e-01
i: 199700, t:  477682.0 s, ωt:  47.77 (7.60 periods), wall: 23.290 minutes, Δt:   2.34, CFL: 9.00e-01
i: 199800, t:  477933.6 s, ωt:  47.79 (7.61 periods), wall: 23.302 minutes, Δt:   2.39, CFL: 9.00e-01
i: 199900, t:  478166.7 s, ωt:  47.82 (7.61 periods), wall: 23.313 minutes, Δt:   2.38, CFL: 9.00e-01
i: 200000, t:  478393.4 s, ωt:  47.84 (7.61 periods), wall: 23.323 minutes, Δt:   2.43, CFL: 9.00e-01
i: 200100, t:  478611.4 s, ωt:  47.86 (7.62 periods), wall: 23.335 minutes, Δt:   2.13, CFL: 9.00e-01
i: 200200, t:  478832.8 s, ωt:  47.88 (7.62 periods), wall: 23.347 minutes, Δt:   2.41, CFL: 9.00e-01
i: 200300, t:  479065.4 s, ωt:  47.91 (7.62 periods), wall: 23.357 minutes, Δt:   2.54, CFL: 9.00e-01
i: 200400, t:  479293.2 s, ωt:  47.93 (7.63 periods), wall: 23.369 minutes, Δt:   2.24, CFL: 9.00e-01
i: 200500, t:  479521.9 s, ωt:  47.95 (7.63 periods), wall: 23.381 minutes, Δt:   2.32, CFL: 9.00e-01
i: 200600, t:  479731.7 s, ωt:  47.97 (7.64 periods), wall: 23.392 minutes, Δt:   2.07, CFL: 9.00e-01
i: 200700, t:  479941.1 s, ωt:  47.99 (7.64 periods), wall: 23.403 minutes, Δt:   2.18, CFL: 9.00e-01
i: 200800, t:  480154.7 s, ωt:  48.02 (7.64 periods), wall: 23.414 minutes, Δt:   2.47, CFL: 9.00e-01
i: 200900, t:  480349.5 s, ωt:  48.03 (7.64 periods), wall: 23.424 minutes, Δt:   2.10, CFL: 9.00e-01
i: 201000, t:  480539.5 s, ωt:  48.05 (7.65 periods), wall: 23.435 minutes, Δt:   1.71, CFL: 9.00e-01
i: 201100, t:  480741.5 s, ωt:  48.07 (7.65 periods), wall: 23.447 minutes, Δt:   1.92, CFL: 9.00e-01
i: 201200, t:  480941.4 s, ωt:  48.09 (7.65 periods), wall: 23.456 minutes, Δt:   1.83, CFL: 9.00e-01
i: 201300, t:  481136.8 s, ωt:  48.11 (7.66 periods), wall: 23.468 minutes, Δt:   1.87, CFL: 9.00e-01
i: 201400, t:  481329.8 s, ωt:  48.13 (7.66 periods), wall: 23.480 minutes, Δt:   2.03, CFL: 9.00e-01
i: 201500, t:  481523.3 s, ωt:  48.15 (7.66 periods), wall: 23.490 minutes, Δt:   2.05, CFL: 9.00e-01
i: 201600, t:  481715.9 s, ωt:  48.17 (7.67 periods), wall: 23.502 minutes, Δt:   1.95, CFL: 9.00e-01
i: 201700, t:  481903.0 s, ωt:  48.19 (7.67 periods), wall: 23.512 minutes, Δt:   2.01, CFL: 9.00e-01
i: 201800, t:  482081.8 s, ωt:  48.21 (7.67 periods), wall: 23.524 minutes, Δt:   1.91, CFL: 9.00e-01
i: 201900, t:  482267.1 s, ωt:  48.23 (7.68 periods), wall: 23.536 minutes, Δt:   1.88, CFL: 9.00e-01
i: 202000, t:  482447.1 s, ωt:  48.24 (7.68 periods), wall: 23.546 minutes, Δt:   1.74, CFL: 9.00e-01
i: 202100, t:  482623.1 s, ωt:  48.26 (7.68 periods), wall: 23.557 minutes, Δt:   1.74, CFL: 9.00e-01
i: 202200, t:  482797.1 s, ωt:  48.28 (7.68 periods), wall: 23.567 minutes, Δt:   1.79, CFL: 9.00e-01
i: 202300, t:  482984.1 s, ωt:  48.30 (7.69 periods), wall: 23.580 minutes, Δt:   1.88, CFL: 9.00e-01
i: 202400, t:  483166.5 s, ωt:  48.32 (7.69 periods), wall: 23.589 minutes, Δt:   1.59, CFL: 9.00e-01
i: 202500, t:  483334.6 s, ωt:  48.33 (7.69 periods), wall: 23.601 minutes, Δt:   1.78, CFL: 9.00e-01
i: 202600, t:  483507.0 s, ωt:  48.35 (7.70 periods), wall: 23.614 minutes, Δt:   1.55, CFL: 9.00e-01
i: 202700, t:  483674.2 s, ωt:  48.37 (7.70 periods), wall: 23.623 minutes, Δt:   1.87, CFL: 9.00e-01
i: 202800, t:  483840.5 s, ωt:  48.38 (7.70 periods), wall: 23.635 minutes, Δt:   1.40, CFL: 9.00e-01
i: 202900, t:  484007.9 s, ωt:  48.40 (7.70 periods), wall: 23.645 minutes, Δt:   1.93, CFL: 9.00e-01
i: 203000, t:  484185.6 s, ωt:  48.42 (7.71 periods), wall: 23.656 minutes, Δt:   1.42, CFL: 9.00e-01
i: 203100, t:  484343.3 s, ωt:  48.43 (7.71 periods), wall: 23.666 minutes, Δt:   1.64, CFL: 9.00e-01
i: 203200, t:  484500.8 s, ωt:  48.45 (7.71 periods), wall: 23.677 minutes, Δt:   1.92, CFL: 9.00e-01
i: 203300, t:  484667.3 s, ωt:  48.47 (7.71 periods), wall: 23.687 minutes, Δt:   1.85, CFL: 9.00e-01
i: 203400, t:  484843.3 s, ωt:  48.48 (7.72 periods), wall: 23.699 minutes, Δt:   1.65, CFL: 9.00e-01
i: 203500, t:  485002.9 s, ωt:  48.50 (7.72 periods), wall: 23.709 minutes, Δt:   1.87, CFL: 9.00e-01
i: 203600, t:  485160.1 s, ωt:  48.52 (7.72 periods), wall: 23.726 minutes, Δt:   1.59, CFL: 9.00e-01
i: 203700, t:  485326.8 s, ωt:  48.53 (7.72 periods), wall: 23.736 minutes, Δt:   1.61, CFL: 9.00e-01
i: 203800, t:  485497.5 s, ωt:  48.55 (7.73 periods), wall: 23.748 minutes, Δt:   1.77, CFL: 9.00e-01
i: 203900, t:  485679.2 s, ωt:  48.57 (7.73 periods), wall: 23.758 minutes, Δt:   1.85, CFL: 9.00e-01
i: 204000, t:  485856.8 s, ωt:  48.59 (7.73 periods), wall: 23.769 minutes, Δt:   1.84, CFL: 9.00e-01
i: 204100, t:  486026.3 s, ωt:  48.60 (7.74 periods), wall: 23.782 minutes, Δt:   1.72, CFL: 9.00e-01
i: 204200, t:  486180.2 s, ωt:  48.62 (7.74 periods), wall: 23.792 minutes, Δt:   1.68, CFL: 9.00e-01
i: 204300, t:  486349.7 s, ωt:  48.63 (7.74 periods), wall: 23.804 minutes, Δt:   1.57, CFL: 9.00e-01
i: 204400, t:  486504.4 s, ωt:  48.65 (7.74 periods), wall: 23.813 minutes, Δt:   1.53, CFL: 9.00e-01
i: 204500, t:  486664.8 s, ωt:  48.67 (7.75 periods), wall: 23.826 minutes, Δt:   1.76, CFL: 9.00e-01
i: 204600, t:  486838.4 s, ωt:  48.68 (7.75 periods), wall: 23.836 minutes, Δt:   1.59, CFL: 9.00e-01
i: 204700, t:  486988.3 s, ωt:  48.70 (7.75 periods), wall: 23.848 minutes, Δt:   1.65, CFL: 9.00e-01
i: 204800, t:  487146.0 s, ωt:  48.71 (7.75 periods), wall: 23.857 minutes, Δt:   1.75, CFL: 9.00e-01
i: 204900, t:  487288.2 s, ωt:  48.73 (7.76 periods), wall: 23.869 minutes, Δt:   1.41, CFL: 9.00e-01
i: 205000, t:  487429.6 s, ωt:  48.74 (7.76 periods), wall: 23.879 minutes, Δt:   1.47, CFL: 9.00e-01
i: 205100, t:  487585.8 s, ωt:  48.76 (7.76 periods), wall: 23.891 minutes, Δt:   1.68, CFL: 9.00e-01
i: 205200, t:  487751.7 s, ωt:  48.78 (7.76 periods), wall: 23.900 minutes, Δt:   1.66, CFL: 9.00e-01
i: 205300, t:  487897.7 s, ωt:  48.79 (7.77 periods), wall: 23.912 minutes, Δt:   1.60, CFL: 9.00e-01
i: 205400, t:  488057.3 s, ωt:  48.81 (7.77 periods), wall: 23.922 minutes, Δt:   1.77, CFL: 9.00e-01
i: 205500, t:  488220.2 s, ωt:  48.82 (7.77 periods), wall: 23.934 minutes, Δt:   1.71, CFL: 9.00e-01
i: 205600, t:  488375.4 s, ωt:  48.84 (7.77 periods), wall: 23.944 minutes, Δt:   1.56, CFL: 9.00e-01
i: 205700, t:  488538.4 s, ωt:  48.85 (7.78 periods), wall: 23.955 minutes, Δt:   1.60, CFL: 9.00e-01
i: 205800, t:  488699.4 s, ωt:  48.87 (7.78 periods), wall: 23.965 minutes, Δt:   1.70, CFL: 9.00e-01
i: 205900, t:  488859.6 s, ωt:  48.89 (7.78 periods), wall: 23.977 minutes, Δt:   1.48, CFL: 9.00e-01
i: 206000, t:  489018.3 s, ωt:  48.90 (7.78 periods), wall: 23.987 minutes, Δt:   1.59, CFL: 9.00e-01
i: 206100, t:  489171.7 s, ωt:  48.92 (7.79 periods), wall: 23.999 minutes, Δt:   1.72, CFL: 9.00e-01
i: 206200, t:  489341.6 s, ωt:  48.93 (7.79 periods), wall: 24.009 minutes, Δt:   1.79, CFL: 9.00e-01
i: 206300, t:  489515.2 s, ωt:  48.95 (7.79 periods), wall: 24.022 minutes, Δt:   1.77, CFL: 9.00e-01
i: 206400, t:  489700.9 s, ωt:  48.97 (7.79 periods), wall: 24.032 minutes, Δt:   1.72, CFL: 9.00e-01
i: 206500, t:  489869.3 s, ωt:  48.99 (7.80 periods), wall: 24.045 minutes, Δt:   1.76, CFL: 9.00e-01
i: 206600, t:  490052.4 s, ωt:  49.01 (7.80 periods), wall: 24.055 minutes, Δt:   1.58, CFL: 9.00e-01
i: 206700, t:  490204.8 s, ωt:  49.02 (7.80 periods), wall: 24.066 minutes, Δt:   1.82, CFL: 9.00e-01
i: 206800, t:  490380.2 s, ωt:  49.04 (7.80 periods), wall: 24.076 minutes, Δt:   1.73, CFL: 9.00e-01
i: 206900, t:  490525.3 s, ωt:  49.05 (7.81 periods), wall: 24.087 minutes, Δt:   1.45, CFL: 9.00e-01
i: 207000, t:  490687.5 s, ωt:  49.07 (7.81 periods), wall: 24.098 minutes, Δt:   1.68, CFL: 9.00e-01
i: 207100, t:  490863.0 s, ωt:  49.09 (7.81 periods), wall: 24.109 minutes, Δt:   1.57, CFL: 9.00e-01
i: 207200, t:  491039.6 s, ωt:  49.10 (7.82 periods), wall: 24.121 minutes, Δt:   1.75, CFL: 9.00e-01
i: 207300, t:  491211.8 s, ωt:  49.12 (7.82 periods), wall: 24.131 minutes, Δt:   1.77, CFL: 9.00e-01
i: 207400, t:  491385.9 s, ωt:  49.14 (7.82 periods), wall: 24.143 minutes, Δt:   1.87, CFL: 9.00e-01
i: 207500, t:  491569.7 s, ωt:  49.16 (7.82 periods), wall: 24.152 minutes, Δt:   1.56, CFL: 9.00e-01
i: 207600, t:  491732.3 s, ωt:  49.17 (7.83 periods), wall: 24.164 minutes, Δt:   1.86, CFL: 9.00e-01
i: 207700, t:  491906.2 s, ωt:  49.19 (7.83 periods), wall: 24.174 minutes, Δt:   1.81, CFL: 9.00e-01
i: 207800, t:  492071.6 s, ωt:  49.21 (7.83 periods), wall: 24.185 minutes, Δt:   1.83, CFL: 9.00e-01
i: 207900, t:  492241.5 s, ωt:  49.22 (7.83 periods), wall: 24.195 minutes, Δt:   1.84, CFL: 9.00e-01
i: 208000, t:  492428.9 s, ωt:  49.24 (7.84 periods), wall: 24.207 minutes, Δt:   2.19, CFL: 9.00e-01
i: 208100, t:  492634.4 s, ωt:  49.26 (7.84 periods), wall: 24.219 minutes, Δt:   2.04, CFL: 9.00e-01
i: 208200, t:  492836.2 s, ωt:  49.28 (7.84 periods), wall: 24.229 minutes, Δt:   2.03, CFL: 9.00e-01
i: 208300, t:  493023.9 s, ωt:  49.30 (7.85 periods), wall: 24.240 minutes, Δt:   1.46, CFL: 9.00e-01
i: 208400, t:  493203.4 s, ωt:  49.32 (7.85 periods), wall: 24.250 minutes, Δt:   2.01, CFL: 9.00e-01
i: 208500, t:  493391.5 s, ωt:  49.34 (7.85 periods), wall: 24.261 minutes, Δt:   1.75, CFL: 9.00e-01
i: 208600, t:  493595.2 s, ωt:  49.36 (7.86 periods), wall: 24.273 minutes, Δt:   2.39, CFL: 9.00e-01
i: 208700, t:  493800.1 s, ωt:  49.38 (7.86 periods), wall: 24.283 minutes, Δt:   1.66, CFL: 9.00e-01
i: 208800, t:  493979.6 s, ωt:  49.40 (7.86 periods), wall: 24.294 minutes, Δt:   2.02, CFL: 9.00e-01
i: 208900, t:  494193.0 s, ωt:  49.42 (7.87 periods), wall: 24.307 minutes, Δt:   2.25, CFL: 9.00e-01
i: 209000, t:  494411.2 s, ωt:  49.44 (7.87 periods), wall: 24.316 minutes, Δt:   2.05, CFL: 9.00e-01
i: 209100, t:  494606.9 s, ωt:  49.46 (7.87 periods), wall: 24.329 minutes, Δt:   1.99, CFL: 9.00e-01
i: 209200, t:  494818.8 s, ωt:  49.48 (7.88 periods), wall: 24.341 minutes, Δt:   2.19, CFL: 9.00e-01
i: 209300, t:  495019.4 s, ωt:  49.50 (7.88 periods), wall: 24.351 minutes, Δt:   2.11, CFL: 9.00e-01
i: 209400, t:  495234.9 s, ωt:  49.52 (7.88 periods), wall: 24.366 minutes, Δt:   2.01, CFL: 9.00e-01
i: 209500, t:  495445.2 s, ωt:  49.54 (7.89 periods), wall: 24.378 minutes, Δt:   1.95, CFL: 9.00e-01
i: 209600, t:  495679.2 s, ωt:  49.57 (7.89 periods), wall: 24.388 minutes, Δt:   2.50, CFL: 9.00e-01
i: 209700, t:  495902.8 s, ωt:  49.59 (7.89 periods), wall: 24.400 minutes, Δt:   2.06, CFL: 9.00e-01
i: 209800, t:  496134.1 s, ωt:  49.61 (7.90 periods), wall: 24.412 minutes, Δt:   1.86, CFL: 9.00e-01
i: 209900, t:  496358.3 s, ωt:  49.64 (7.90 periods), wall: 24.422 minutes, Δt:   2.19, CFL: 9.00e-01
i: 210000, t:  496591.2 s, ωt:  49.66 (7.90 periods), wall: 24.433 minutes, Δt:   2.26, CFL: 9.00e-01
i: 210100, t:  496832.4 s, ωt:  49.68 (7.91 periods), wall: 24.444 minutes, Δt:   2.24, CFL: 9.00e-01
i: 210200, t:  497100.0 s, ωt:  49.71 (7.91 periods), wall: 24.455 minutes, Δt:   2.68, CFL: 9.00e-01
i: 210300, t:  497377.9 s, ωt:  49.74 (7.92 periods), wall: 24.467 minutes, Δt:   3.16, CFL: 9.00e-01
i: 210400, t:  497642.1 s, ωt:  49.76 (7.92 periods), wall: 24.478 minutes, Δt:   2.36, CFL: 9.00e-01
i: 210500, t:  497940.9 s, ωt:  49.79 (7.92 periods), wall: 24.488 minutes, Δt:   3.09, CFL: 9.00e-01
i: 210600, t:  498242.4 s, ωt:  49.82 (7.93 periods), wall: 24.499 minutes, Δt:   3.40, CFL: 9.00e-01
i: 210700, t:  498550.1 s, ωt:  49.86 (7.93 periods), wall: 24.511 minutes, Δt:   3.76, CFL: 9.00e-01
i: 210800, t:  498880.3 s, ωt:  49.89 (7.94 periods), wall: 24.524 minutes, Δt:   3.64, CFL: 9.00e-01
i: 210900, t:  499211.8 s, ωt:  49.92 (7.95 periods), wall: 24.540 minutes, Δt:   3.40, CFL: 9.00e-01
i: 211000, t:  499577.2 s, ωt:  49.96 (7.95 periods), wall: 24.552 minutes, Δt:   3.76, CFL: 9.00e-01
i: 211100, t:  499973.2 s, ωt:  50.00 (7.96 periods), wall: 24.564 minutes, Δt:   4.82, CFL: 9.00e-01
i: 211200, t:  500400.8 s, ωt:  50.04 (7.96 periods), wall: 24.575 minutes, Δt:   4.53, CFL: 9.00e-01
i: 211300, t:  500879.5 s, ωt:  50.09 (7.97 periods), wall: 24.591 minutes, Δt:   5.68, CFL: 9.00e-01
i: 211400, t:  501421.3 s, ωt:  50.14 (7.98 periods), wall: 24.604 minutes, Δt:   6.60, CFL: 9.00e-01
i: 211500, t:  502079.9 s, ωt:  50.21 (7.99 periods), wall: 24.617 minutes, Δt:   7.03, CFL: 9.00e-01
  Activating project at `/cephfs/store/damtp/tll46/SRIM-2026/Stokes/3D`
[ Info: Oceananigans will use 4 threads
┌ Warning: CUDA runtime library `libcusparse.so.12` was loaded from a system path, `/usr/local/software/spack/2024.2/views/maths/cuda-12.6.3/gcc-11.4.0/leehydd5fuufm35ohlbwth2mqtadrq3f/lib64/libcusparse.so.12`.
│ This may cause errors.
│ 
│ If you're running under a profiler, this situation is expected. Otherwise,
│ ensure that your library path environment variable (e.g., `PATH` on Windows
│ or `LD_LIBRARY_PATH` on Linux) does not include CUDA library paths.
│ 
│ In any other case, please file an issue.
└ @ CUDACore ~/.julia/packages/CUDACore/NlVPI/src/initialization.jl:199
┌ Warning: CUDA runtime library `libnvJitLink.so.12` was loaded from a system path, `/usr/local/software/spack/2024.2/views/maths/cuda-12.6.3/gcc-11.4.0/leehydd5fuufm35ohlbwth2mqtadrq3f/lib64/libnvJitLink.so.12`.
│ This may cause errors.
│ 
│ If you're running under a profiler, this situation is expected. Otherwise,
│ ensure that your library path environment variable (e.g., `PATH` on Windows
│ or `LD_LIBRARY_PATH` on Linux) does not include CUDA library paths.
│ 
│ In any other case, please file an issue.
└ @ CUDACore ~/.julia/packages/CUDACore/NlVPI/src/initialization.jl:199
[ Info: Case P4_T30_sqrtRi0: Ri = 0 (√Ri = 0), N² = 0 s⁻², δ_s = 0.1414 m, Re_s = 5657
[ Info: Domain 10.000 × 10.000 × 50.000 m = 71 × 71 × 354 δ_s (physical), + 70.7 δ_s sponge on top → grid top 424 δ_s, 8 periods (b is a passive scalar)
[ Info: Analysed/plotted section: 0 – 40.00 m = 283 δ_s (pycnocline at T = 30.0 m)
[ Info: Background: softplus (profile 4), T = 30.0 m = 212.1 δ_s — N²_bg/N∞² = 0.000 at z = δ_s, 1.000 at z = Lz, 1.000 at lid; Δb over domain = 3e-07 m s⁻²
[ Info: Bottom Δz = 0.0121 m = 0.085 δ_s (11.7 points across δ_s); 248 cells below z = 283 δ_s; 269 physical + 21 sponge cells (sponge Δz = 3.367 δ_s)
[ Info: Δx = 0.2083 m = 1.47 δ_s, Δy = 0.2083 m = 1.47 δ_s
[ Info: Pycnocline z = T = 30.0 m: Δz = 0.0727 m, transition width = 0.732 m → 10.1 cells across (band ±2.2 m)
[ Info: Initializing velocities from Ri=0 spin-up: outputs/spinup_T30/TidalBL3D_spinup_T30_fields.jld2
[ Info: Using snapshot 11/11 (t = 5.00 periods of the spin-up)
[ Info: Initializing simulation...
[ Info:     ... simulation initialization complete (19.678 seconds)
[ Info: Executing initial time step...
[ Info:     ... initial time step complete (4.909 seconds).
[ Info: Simulation is stopping after running for 24.424 minutes.
[ Info: Simulation time 5.818 days equals or exceeds stop time 5.818 days.
