i:      0, t:       0.0 s, ωt:   0.00 (0.00 periods), wall: 11.102 seconds, Δt:   1.20, CFL: 1.47e-01
i:    100, t:     305.1 s, ωt:   0.03 (0.00 periods), wall: 22.063 seconds, Δt:   5.48, CFL: 7.20e-01
i:    200, t:     817.9 s, ωt:   0.08 (0.01 periods), wall: 24.551 seconds, Δt:   4.79, CFL: 7.20e-01
i:    300, t:    1285.0 s, ωt:   0.13 (0.02 periods), wall: 27.061 seconds, Δt:   4.55, CFL: 7.20e-01
i:    400, t:    1757.1 s, ωt:   0.18 (0.03 periods), wall: 29.597 seconds, Δt:   4.90, CFL: 7.20e-01
i:    500, t:    2215.4 s, ωt:   0.22 (0.04 periods), wall: 32.160 seconds, Δt:   3.71, CFL: 7.20e-01
i:    600, t:    2582.1 s, ωt:   0.26 (0.04 periods), wall: 34.725 seconds, Δt:   3.68, CFL: 7.20e-01
i:    700, t:    2976.4 s, ωt:   0.30 (0.05 periods), wall: 37.290 seconds, Δt:   3.54, CFL: 7.20e-01
i:    800, t:    3342.7 s, ωt:   0.33 (0.05 periods), wall: 39.850 seconds, Δt:   3.45, CFL: 7.20e-01
i:    900, t:    3670.6 s, ωt:   0.37 (0.06 periods), wall: 42.413 seconds, Δt:   3.23, CFL: 7.20e-01
i:   1000, t:    3987.7 s, ωt:   0.40 (0.06 periods), wall: 44.973 seconds, Δt:   2.98, CFL: 7.20e-01
i:   1100, t:    4280.8 s, ωt:   0.43 (0.07 periods), wall: 47.530 seconds, Δt:   3.10, CFL: 7.20e-01
i:   1200, t:    4595.7 s, ωt:   0.46 (0.07 periods), wall: 50.087 seconds, Δt:   2.95, CFL: 7.20e-01
i:   1300, t:    4871.4 s, ωt:   0.49 (0.08 periods), wall: 52.647 seconds, Δt:   2.70, CFL: 7.20e-01
i:   1400, t:    5126.9 s, ωt:   0.51 (0.08 periods), wall: 55.215 seconds, Δt:   2.36, CFL: 7.20e-01
i:   1500, t:    5375.1 s, ωt:   0.54 (0.09 periods), wall: 57.774 seconds, Δt:   2.45, CFL: 7.20e-01
i:   1600, t:    5598.2 s, ωt:   0.56 (0.09 periods), wall: 1.006 minutes, Δt:   2.15, CFL: 7.20e-01
i:   1700, t:    5819.0 s, ωt:   0.58 (0.09 periods), wall: 1.048 minutes, Δt:   2.22, CFL: 7.20e-01
i:   1800, t:    6037.8 s, ωt:   0.60 (0.10 periods), wall: 1.091 minutes, Δt:   2.25, CFL: 7.20e-01
i:   1900, t:    6233.8 s, ωt:   0.62 (0.10 periods), wall: 1.134 minutes, Δt:   1.90, CFL: 7.20e-01
i:   2000, t:    6412.3 s, ωt:   0.64 (0.10 periods), wall: 1.176 minutes, Δt:   1.78, CFL: 7.20e-01
i:   2100, t:    6603.1 s, ωt:   0.66 (0.11 periods), wall: 1.219 minutes, Δt:   1.92, CFL: 7.20e-01
i:   2200, t:    6808.1 s, ωt:   0.68 (0.11 periods), wall: 1.262 minutes, Δt:   1.98, CFL: 7.20e-01
i:   2300, t:    7011.3 s, ωt:   0.70 (0.11 periods), wall: 1.304 minutes, Δt:   2.10, CFL: 7.20e-01
i:   2400, t:    7200.5 s, ωt:   0.72 (0.11 periods), wall: 1.347 minutes, Δt:   1.86, CFL: 7.20e-01
i:   2500, t:    7384.0 s, ωt:   0.74 (0.12 periods), wall: 1.390 minutes, Δt:   1.76, CFL: 7.20e-01
i:   2600, t:    7569.9 s, ωt:   0.76 (0.12 periods), wall: 1.432 minutes, Δt:   1.95, CFL: 7.20e-01
i:   2700, t:    7739.5 s, ωt:   0.77 (0.12 periods), wall: 1.475 minutes, Δt:   1.58, CFL: 7.20e-01
i:   2800, t:    7923.3 s, ωt:   0.79 (0.13 periods), wall: 1.518 minutes, Δt:   1.82, CFL: 7.20e-01
i:   2900, t:    8098.0 s, ωt:   0.81 (0.13 periods), wall: 1.560 minutes, Δt:   1.79, CFL: 7.20e-01
i:   3000, t:    8276.8 s, ωt:   0.83 (0.13 periods), wall: 1.603 minutes, Δt:   1.81, CFL: 7.20e-01
i:   3100, t:    8457.8 s, ωt:   0.85 (0.13 periods), wall: 1.646 minutes, Δt:   1.77, CFL: 7.20e-01
i:   3200, t:    8627.6 s, ωt:   0.86 (0.14 periods), wall: 1.688 minutes, Δt:   1.51, CFL: 7.20e-01
i:   3300, t:    8795.8 s, ωt:   0.88 (0.14 periods), wall: 1.731 minutes, Δt:   1.81, CFL: 7.20e-01
i:   3400, t:    8961.8 s, ωt:   0.90 (0.14 periods), wall: 1.774 minutes, Δt:   1.57, CFL: 7.20e-01
i:   3500, t:    9135.8 s, ωt:   0.91 (0.15 periods), wall: 1.816 minutes, Δt:   1.70, CFL: 7.20e-01
i:   3600, t:    9300.0 s, ωt:   0.93 (0.15 periods), wall: 1.859 minutes, Δt:   1.57, CFL: 7.20e-01
i:   3700, t:    9457.9 s, ωt:   0.95 (0.15 periods), wall: 1.902 minutes, Δt:   1.69, CFL: 7.20e-01
i:   3800, t:    9628.1 s, ωt:   0.96 (0.15 periods), wall: 1.944 minutes, Δt:   1.55, CFL: 7.20e-01
i:   3900, t:    9784.2 s, ωt:   0.98 (0.16 periods), wall: 1.987 minutes, Δt:   1.43, CFL: 7.20e-01
i:   4000, t:    9946.9 s, ωt:   0.99 (0.16 periods), wall: 2.030 minutes, Δt:   1.54, CFL: 7.20e-01
i:   4100, t:   10107.9 s, ωt:   1.01 (0.16 periods), wall: 2.072 minutes, Δt:   1.33, CFL: 7.20e-01
i:   4200, t:   10253.9 s, ωt:   1.03 (0.16 periods), wall: 2.115 minutes, Δt:   1.47, CFL: 7.20e-01
i:   4300, t:   10411.2 s, ωt:   1.04 (0.17 periods), wall: 2.158 minutes, Δt:   1.63, CFL: 7.20e-01
i:   4400, t:   10568.2 s, ωt:   1.06 (0.17 periods), wall: 2.200 minutes, Δt:   1.34, CFL: 7.20e-01
i:   4500, t:   10717.6 s, ωt:   1.07 (0.17 periods), wall: 2.243 minutes, Δt:   1.36, CFL: 7.20e-01
i:   4600, t:   10868.0 s, ωt:   1.09 (0.17 periods), wall: 2.286 minutes, Δt:   1.71, CFL: 7.20e-01
i:   4700, t:   11028.1 s, ωt:   1.10 (0.18 periods), wall: 2.328 minutes, Δt:   1.41, CFL: 7.20e-01
i:   4800, t:   11169.1 s, ωt:   1.12 (0.18 periods), wall: 2.371 minutes, Δt:   1.24, CFL: 7.20e-01
i:   4900, t:   11302.3 s, ωt:   1.13 (0.18 periods), wall: 2.414 minutes, Δt:   1.30, CFL: 7.20e-01
i:   5000, t:   11444.2 s, ωt:   1.14 (0.18 periods), wall: 2.456 minutes, Δt:   1.46, CFL: 7.20e-01
i:   5100, t:   11592.2 s, ωt:   1.16 (0.18 periods), wall: 2.499 minutes, Δt:   1.24, CFL: 7.20e-01
i:   5200, t:   11734.9 s, ωt:   1.17 (0.19 periods), wall: 2.542 minutes, Δt:   1.54, CFL: 7.20e-01
i:   5300, t:   11876.6 s, ωt:   1.19 (0.19 periods), wall: 2.584 minutes, Δt:   1.27, CFL: 7.20e-01
i:   5400, t:   12009.3 s, ωt:   1.20 (0.19 periods), wall: 2.627 minutes, Δt:   1.52, CFL: 7.20e-01
i:   5500, t:   12155.9 s, ωt:   1.22 (0.19 periods), wall: 2.670 minutes, Δt:   1.46, CFL: 7.20e-01
i:   5600, t:   12296.9 s, ωt:   1.23 (0.20 periods), wall: 2.712 minutes, Δt:   1.51, CFL: 7.20e-01
i:   5700, t:   12425.9 s, ωt:   1.24 (0.20 periods), wall: 2.755 minutes, Δt:   1.29, CFL: 7.20e-01
i:   5800, t:   12562.6 s, ωt:   1.26 (0.20 periods), wall: 2.798 minutes, Δt:   1.34, CFL: 7.20e-01
i:   5900, t:   12702.5 s, ωt:   1.27 (0.20 periods), wall: 2.840 minutes, Δt:   1.39, CFL: 7.20e-01
i:   6000, t:   12849.0 s, ωt:   1.28 (0.20 periods), wall: 2.883 minutes, Δt:   1.41, CFL: 7.20e-01
i:   6100, t:   12986.6 s, ωt:   1.30 (0.21 periods), wall: 2.926 minutes, Δt:   1.46, CFL: 7.20e-01
i:   6200, t:   13125.0 s, ωt:   1.31 (0.21 periods), wall: 2.968 minutes, Δt:   1.28, CFL: 7.20e-01
i:   6300, t:   13261.7 s, ωt:   1.33 (0.21 periods), wall: 3.011 minutes, Δt:   1.33, CFL: 7.20e-01
i:   6400, t:   13396.3 s, ωt:   1.34 (0.21 periods), wall: 3.054 minutes, Δt:   1.42, CFL: 7.20e-01
i:   6500, t:   13529.6 s, ωt:   1.35 (0.22 periods), wall: 3.096 minutes, Δt:   1.43, CFL: 7.20e-01
i:   6600, t:   13659.9 s, ωt:   1.37 (0.22 periods), wall: 3.139 minutes, Δt:   1.30, CFL: 7.20e-01
i:   6700, t:   13790.5 s, ωt:   1.38 (0.22 periods), wall: 3.181 minutes, Δt:   1.31, CFL: 7.20e-01
i:   6800, t:   13927.7 s, ωt:   1.39 (0.22 periods), wall: 3.224 minutes, Δt:   1.37, CFL: 7.20e-01
i:   6900, t:   14060.9 s, ωt:   1.41 (0.22 periods), wall: 3.267 minutes, Δt:   1.47, CFL: 7.20e-01
i:   7000, t:   14207.4 s, ωt:   1.42 (0.23 periods), wall: 3.309 minutes, Δt:   1.39, CFL: 7.20e-01
i:   7100, t:   14344.6 s, ωt:   1.43 (0.23 periods), wall: 3.352 minutes, Δt:   1.14, CFL: 7.20e-01
i:   7200, t:   14465.3 s, ωt:   1.45 (0.23 periods), wall: 3.395 minutes, Δt:   1.38, CFL: 7.20e-01
i:   7300, t:   14601.2 s, ωt:   1.46 (0.23 periods), wall: 3.437 minutes, Δt:   1.45, CFL: 7.20e-01
i:   7400, t:   14741.4 s, ωt:   1.47 (0.23 periods), wall: 3.480 minutes, Δt:   1.24, CFL: 7.20e-01
i:   7500, t:   14875.2 s, ωt:   1.49 (0.24 periods), wall: 3.523 minutes, Δt:   1.44, CFL: 7.20e-01
i:   7600, t:   15018.5 s, ωt:   1.50 (0.24 periods), wall: 3.565 minutes, Δt:   1.43, CFL: 7.20e-01
i:   7700, t:   15152.4 s, ωt:   1.52 (0.24 periods), wall: 3.608 minutes, Δt:   1.32, CFL: 7.20e-01
i:   7800, t:   15280.4 s, ωt:   1.53 (0.24 periods), wall: 3.650 minutes, Δt:   1.36, CFL: 7.20e-01
i:   7900, t:   15408.9 s, ωt:   1.54 (0.25 periods), wall: 3.693 minutes, Δt:   1.48, CFL: 7.20e-01
i:   8000, t:   15544.3 s, ωt:   1.55 (0.25 periods), wall: 3.736 minutes, Δt:   1.44, CFL: 7.20e-01
i:   8100, t:   15683.3 s, ωt:   1.57 (0.25 periods), wall: 3.778 minutes, Δt:   1.16, CFL: 7.20e-01
i:   8200, t:   15816.4 s, ωt:   1.58 (0.25 periods), wall: 3.821 minutes, Δt:   1.41, CFL: 7.20e-01
i:   8300, t:   15946.6 s, ωt:   1.59 (0.25 periods), wall: 3.864 minutes, Δt:   1.27, CFL: 7.20e-01
i:   8400, t:   16077.7 s, ωt:   1.61 (0.26 periods), wall: 3.906 minutes, Δt:   1.19, CFL: 7.20e-01
i:   8500, t:   16198.7 s, ωt:   1.62 (0.26 periods), wall: 3.949 minutes, Δt:   1.17, CFL: 7.20e-01
i:   8600, t:   16325.9 s, ωt:   1.63 (0.26 periods), wall: 3.992 minutes, Δt:   1.32, CFL: 7.20e-01
i:   8700, t:   16467.4 s, ωt:   1.65 (0.26 periods), wall: 4.034 minutes, Δt:   1.48, CFL: 7.20e-01
i:   8800, t:   16604.9 s, ωt:   1.66 (0.26 periods), wall: 4.077 minutes, Δt:   1.32, CFL: 7.20e-01
i:   8900, t:   16744.7 s, ωt:   1.67 (0.27 periods), wall: 4.120 minutes, Δt:   1.37, CFL: 7.20e-01
i:   9000, t:   16882.1 s, ωt:   1.69 (0.27 periods), wall: 4.162 minutes, Δt:   1.40, CFL: 7.20e-01
i:   9100, t:   17028.5 s, ωt:   1.70 (0.27 periods), wall: 4.205 minutes, Δt:   1.28, CFL: 7.20e-01
i:   9200, t:   17162.1 s, ωt:   1.72 (0.27 periods), wall: 4.247 minutes, Δt:   1.30, CFL: 7.20e-01
i:   9300, t:   17297.3 s, ωt:   1.73 (0.28 periods), wall: 4.290 minutes, Δt:   1.44, CFL: 7.20e-01
i:   9400, t:   17436.1 s, ωt:   1.74 (0.28 periods), wall: 4.333 minutes, Δt:   1.36, CFL: 7.20e-01
i:   9500, t:   17576.4 s, ωt:   1.76 (0.28 periods), wall: 4.375 minutes, Δt:   1.37, CFL: 7.20e-01
i:   9600, t:   17717.1 s, ωt:   1.77 (0.28 periods), wall: 4.418 minutes, Δt:   1.12, CFL: 7.20e-01
i:   9700, t:   17848.5 s, ωt:   1.78 (0.28 periods), wall: 4.461 minutes, Δt:   1.19, CFL: 7.20e-01
i:   9800, t:   17976.3 s, ωt:   1.80 (0.29 periods), wall: 4.503 minutes, Δt:   1.24, CFL: 7.20e-01
i:   9900, t:   18115.5 s, ωt:   1.81 (0.29 periods), wall: 4.546 minutes, Δt:   1.61, CFL: 7.20e-01
i:  10000, t:   18265.9 s, ωt:   1.83 (0.29 periods), wall: 4.589 minutes, Δt:   1.22, CFL: 7.20e-01
i:  10100, t:   18376.1 s, ωt:   1.84 (0.29 periods), wall: 4.631 minutes, Δt:   0.97, CFL: 7.20e-01
i:  10200, t:   18511.2 s, ωt:   1.85 (0.29 periods), wall: 4.674 minutes, Δt:   1.47, CFL: 7.20e-01
i:  10300, t:   18643.2 s, ωt:   1.86 (0.30 periods), wall: 4.717 minutes, Δt:   1.33, CFL: 7.20e-01
i:  10400, t:   18781.5 s, ωt:   1.88 (0.30 periods), wall: 4.759 minutes, Δt:   1.54, CFL: 7.20e-01
i:  10500, t:   18928.6 s, ωt:   1.89 (0.30 periods), wall: 4.802 minutes, Δt:   1.47, CFL: 7.20e-01
i:  10600, t:   19067.7 s, ωt:   1.91 (0.30 periods), wall: 4.845 minutes, Δt:   1.27, CFL: 7.20e-01
i:  10700, t:   19202.7 s, ωt:   1.92 (0.31 periods), wall: 4.887 minutes, Δt:   1.36, CFL: 7.20e-01
i:  10800, t:   19343.2 s, ωt:   1.93 (0.31 periods), wall: 4.930 minutes, Δt:   1.57, CFL: 7.20e-01
i:  10900, t:   19487.3 s, ωt:   1.95 (0.31 periods), wall: 4.973 minutes, Δt:   1.34, CFL: 7.20e-01
i:  11000, t:   19624.6 s, ωt:   1.96 (0.31 periods), wall: 5.015 minutes, Δt:   1.57, CFL: 7.20e-01
i:  11100, t:   19771.2 s, ωt:   1.98 (0.31 periods), wall: 5.058 minutes, Δt:   1.55, CFL: 7.20e-01
i:  11200, t:   19917.1 s, ωt:   1.99 (0.32 periods), wall: 5.101 minutes, Δt:   1.47, CFL: 7.20e-01
i:  11300, t:   20056.5 s, ωt:   2.01 (0.32 periods), wall: 5.143 minutes, Δt:   1.28, CFL: 7.20e-01
i:  11400, t:   20209.0 s, ωt:   2.02 (0.32 periods), wall: 5.186 minutes, Δt:   1.40, CFL: 7.20e-01
i:  11500, t:   20345.7 s, ωt:   2.03 (0.32 periods), wall: 5.228 minutes, Δt:   1.61, CFL: 7.20e-01
i:  11600, t:   20488.1 s, ωt:   2.05 (0.33 periods), wall: 5.271 minutes, Δt:   1.48, CFL: 7.20e-01
i:  11700, t:   20620.8 s, ωt:   2.06 (0.33 periods), wall: 5.314 minutes, Δt:   1.35, CFL: 7.20e-01
i:  11800, t:   20766.9 s, ωt:   2.08 (0.33 periods), wall: 5.356 minutes, Δt:   1.51, CFL: 7.20e-01
i:  11900, t:   20915.7 s, ωt:   2.09 (0.33 periods), wall: 5.399 minutes, Δt:   1.40, CFL: 7.20e-01
i:  12000, t:   21043.0 s, ωt:   2.10 (0.33 periods), wall: 5.442 minutes, Δt:   1.21, CFL: 7.20e-01
i:  12100, t:   21175.1 s, ωt:   2.12 (0.34 periods), wall: 5.484 minutes, Δt:   1.40, CFL: 7.20e-01
i:  12200, t:   21317.3 s, ωt:   2.13 (0.34 periods), wall: 5.527 minutes, Δt:   1.26, CFL: 7.20e-01
i:  12300, t:   21464.1 s, ωt:   2.15 (0.34 periods), wall: 5.570 minutes, Δt:   1.39, CFL: 7.20e-01
i:  12400, t:   21624.2 s, ωt:   2.16 (0.34 periods), wall: 5.612 minutes, Δt:   1.66, CFL: 7.20e-01
i:  12500, t:   21780.8 s, ωt:   2.18 (0.35 periods), wall: 5.655 minutes, Δt:   1.41, CFL: 7.20e-01
i:  12600, t:   21927.2 s, ωt:   2.19 (0.35 periods), wall: 5.698 minutes, Δt:   1.41, CFL: 7.20e-01
i:  12700, t:   22068.4 s, ωt:   2.21 (0.35 periods), wall: 5.740 minutes, Δt:   1.53, CFL: 7.20e-01
i:  12800, t:   22210.0 s, ωt:   2.22 (0.35 periods), wall: 5.783 minutes, Δt:   1.62, CFL: 6.91e-01
i:  12900, t:   22374.4 s, ωt:   2.24 (0.36 periods), wall: 5.826 minutes, Δt:   1.29, CFL: 7.20e-01
i:  13000, t:   22524.7 s, ωt:   2.25 (0.36 periods), wall: 5.868 minutes, Δt:   1.85, CFL: 7.20e-01
i:  13100, t:   22695.9 s, ωt:   2.27 (0.36 periods), wall: 5.911 minutes, Δt:   1.63, CFL: 7.20e-01
i:  13200, t:   22865.4 s, ωt:   2.29 (0.36 periods), wall: 5.954 minutes, Δt:   1.88, CFL: 7.20e-01
i:  13300, t:   23045.9 s, ωt:   2.30 (0.37 periods), wall: 5.997 minutes, Δt:   1.56, CFL: 7.20e-01
i:  13400, t:   23225.4 s, ωt:   2.32 (0.37 periods), wall: 6.040 minutes, Δt:   1.95, CFL: 7.20e-01
i:  13500, t:   23399.8 s, ωt:   2.34 (0.37 periods), wall: 6.083 minutes, Δt:   1.74, CFL: 7.20e-01
i:  13600, t:   23561.9 s, ωt:   2.36 (0.38 periods), wall: 6.126 minutes, Δt:   1.62, CFL: 7.20e-01
i:  13700, t:   23719.5 s, ωt:   2.37 (0.38 periods), wall: 6.168 minutes, Δt:   1.81, CFL: 7.20e-01
i:  13800, t:   23906.0 s, ωt:   2.39 (0.38 periods), wall: 6.211 minutes, Δt:   1.82, CFL: 7.20e-01
i:  13900, t:   24071.0 s, ωt:   2.41 (0.38 periods), wall: 6.253 minutes, Δt:   1.70, CFL: 7.20e-01
i:  14000, t:   24254.8 s, ωt:   2.43 (0.39 periods), wall: 6.296 minutes, Δt:   2.00, CFL: 7.20e-01
i:  14100, t:   24415.3 s, ωt:   2.44 (0.39 periods), wall: 6.339 minutes, Δt:   1.36, CFL: 7.20e-01
i:  14200, t:   24572.8 s, ωt:   2.46 (0.39 periods), wall: 6.382 minutes, Δt:   1.52, CFL: 7.20e-01
i:  14300, t:   24726.7 s, ωt:   2.47 (0.39 periods), wall: 6.424 minutes, Δt:   1.58, CFL: 7.20e-01
i:  14400, t:   24919.5 s, ωt:   2.49 (0.40 periods), wall: 6.467 minutes, Δt:   2.06, CFL: 7.20e-01
i:  14500, t:   25134.9 s, ωt:   2.51 (0.40 periods), wall: 6.510 minutes, Δt:   2.13, CFL: 7.20e-01
i:  14600, t:   25347.3 s, ωt:   2.53 (0.40 periods), wall: 6.552 minutes, Δt:   2.16, CFL: 7.20e-01
i:  14700, t:   25553.1 s, ωt:   2.56 (0.41 periods), wall: 6.595 minutes, Δt:   1.77, CFL: 7.20e-01
i:  14800, t:   25738.0 s, ωt:   2.57 (0.41 periods), wall: 6.637 minutes, Δt:   2.11, CFL: 7.20e-01
i:  14900, t:   25939.1 s, ωt:   2.59 (0.41 periods), wall: 6.680 minutes, Δt:   2.20, CFL: 7.20e-01
i:  15000, t:   26166.0 s, ωt:   2.62 (0.42 periods), wall: 6.723 minutes, Δt:   2.35, CFL: 7.20e-01
i:  15100, t:   26404.0 s, ωt:   2.64 (0.42 periods), wall: 6.765 minutes, Δt:   2.53, CFL: 7.20e-01
i:  15200, t:   26672.3 s, ωt:   2.67 (0.42 periods), wall: 6.808 minutes, Δt:   2.61, CFL: 7.20e-01
i:  15300, t:   26900.2 s, ωt:   2.69 (0.43 periods), wall: 6.851 minutes, Δt:   2.40, CFL: 7.20e-01
i:  15400, t:   27119.5 s, ωt:   2.71 (0.43 periods), wall: 6.893 minutes, Δt:   2.77, CFL: 7.20e-01
i:  15500, t:   27375.7 s, ωt:   2.74 (0.44 periods), wall: 6.936 minutes, Δt:   2.40, CFL: 7.20e-01
i:  15600, t:   27634.4 s, ωt:   2.76 (0.44 periods), wall: 6.979 minutes, Δt:   2.51, CFL: 7.20e-01
i:  15700, t:   27907.3 s, ωt:   2.79 (0.44 periods), wall: 7.021 minutes, Δt:   3.02, CFL: 7.20e-01
i:  15800, t:   28192.1 s, ωt:   2.82 (0.45 periods), wall: 7.064 minutes, Δt:   2.44, CFL: 7.20e-01
i:  15900, t:   28464.7 s, ωt:   2.85 (0.45 periods), wall: 7.107 minutes, Δt:   3.54, CFL: 7.20e-01
i:  16000, t:   28759.5 s, ωt:   2.88 (0.46 periods), wall: 7.149 minutes, Δt:   2.73, CFL: 7.20e-01
i:  16100, t:   29061.9 s, ωt:   2.91 (0.46 periods), wall: 7.192 minutes, Δt:   3.66, CFL: 7.20e-01
i:  16200, t:   29363.7 s, ωt:   2.94 (0.47 periods), wall: 7.235 minutes, Δt:   3.25, CFL: 7.20e-01
i:  16300, t:   29741.7 s, ωt:   2.97 (0.47 periods), wall: 7.277 minutes, Δt:   4.14, CFL: 7.20e-01
i:  16400, t:   30152.4 s, ωt:   3.02 (0.48 periods), wall: 7.320 minutes, Δt:   3.99, CFL: 7.20e-01
i:  16500, t:   30661.4 s, ωt:   3.07 (0.49 periods), wall: 7.363 minutes, Δt:   5.50, CFL: 7.20e-01
i:  16600, t:   31164.0 s, ωt:   3.12 (0.50 periods), wall: 7.406 minutes, Δt:   5.58, CFL: 7.20e-01
i:  16700, t:   31646.9 s, ωt:   3.16 (0.50 periods), wall: 7.451 minutes, Δt:   5.07, CFL: 7.20e-01
i:  16800, t:   32150.0 s, ωt:   3.21 (0.51 periods), wall: 7.494 minutes, Δt:   4.80, CFL: 7.20e-01
i:  16900, t:   32666.6 s, ωt:   3.27 (0.52 periods), wall: 7.537 minutes, Δt:   4.41, CFL: 7.20e-01
i:  17000, t:   33084.0 s, ωt:   3.31 (0.53 periods), wall: 7.580 minutes, Δt:   4.44, CFL: 7.20e-01
i:  17100, t:   33469.1 s, ωt:   3.35 (0.53 periods), wall: 7.622 minutes, Δt:   4.31, CFL: 7.20e-01
i:  17200, t:   33898.8 s, ωt:   3.39 (0.54 periods), wall: 7.665 minutes, Δt:   3.99, CFL: 7.20e-01
i:  17300, t:   34289.8 s, ωt:   3.43 (0.55 periods), wall: 7.708 minutes, Δt:   3.59, CFL: 7.20e-01
i:  17400, t:   34619.5 s, ωt:   3.46 (0.55 periods), wall: 7.750 minutes, Δt:   2.99, CFL: 7.20e-01
i:  17500, t:   34945.7 s, ωt:   3.49 (0.56 periods), wall: 7.793 minutes, Δt:   3.33, CFL: 7.20e-01
i:  17600, t:   35253.6 s, ωt:   3.53 (0.56 periods), wall: 7.836 minutes, Δt:   2.95, CFL: 7.20e-01
i:  17700, t:   35574.9 s, ωt:   3.56 (0.57 periods), wall: 7.878 minutes, Δt:   3.34, CFL: 7.20e-01
i:  17800, t:   35880.8 s, ωt:   3.59 (0.57 periods), wall: 7.921 minutes, Δt:   3.10, CFL: 7.20e-01
i:  17900, t:   36161.0 s, ωt:   3.62 (0.58 periods), wall: 7.964 minutes, Δt:   2.86, CFL: 7.20e-01
i:  18000, t:   36438.5 s, ωt:   3.64 (0.58 periods), wall: 8.007 minutes, Δt:   2.57, CFL: 7.20e-01
i:  18100, t:   36685.3 s, ωt:   3.67 (0.58 periods), wall: 8.049 minutes, Δt:   2.51, CFL: 7.20e-01
i:  18200, t:   36930.7 s, ωt:   3.69 (0.59 periods), wall: 8.092 minutes, Δt:   2.45, CFL: 7.20e-01
i:  18300, t:   37162.7 s, ωt:   3.72 (0.59 periods), wall: 8.135 minutes, Δt:   2.16, CFL: 7.20e-01
i:  18400, t:   37371.6 s, ωt:   3.74 (0.59 periods), wall: 8.177 minutes, Δt:   2.11, CFL: 7.20e-01
i:  18500, t:   37583.6 s, ωt:   3.76 (0.60 periods), wall: 8.220 minutes, Δt:   2.10, CFL: 7.20e-01
i:  18600, t:   37789.8 s, ωt:   3.78 (0.60 periods), wall: 8.263 minutes, Δt:   1.70, CFL: 7.20e-01
i:  18700, t:   37991.2 s, ωt:   3.80 (0.60 periods), wall: 8.305 minutes, Δt:   2.06, CFL: 7.20e-01
i:  18800, t:   38201.5 s, ωt:   3.82 (0.61 periods), wall: 8.348 minutes, Δt:   2.05, CFL: 7.20e-01
i:  18900, t:   38389.5 s, ωt:   3.84 (0.61 periods), wall: 8.391 minutes, Δt:   1.87, CFL: 7.20e-01
i:  19000, t:   38580.6 s, ωt:   3.86 (0.61 periods), wall: 8.433 minutes, Δt:   1.76, CFL: 7.20e-01
i:  19100, t:   38759.9 s, ωt:   3.88 (0.62 periods), wall: 8.476 minutes, Δt:   1.70, CFL: 7.20e-01
i:  19200, t:   38917.9 s, ωt:   3.89 (0.62 periods), wall: 8.518 minutes, Δt:   1.70, CFL: 7.20e-01
i:  19300, t:   39089.3 s, ωt:   3.91 (0.62 periods), wall: 8.561 minutes, Δt:   1.82, CFL: 7.20e-01
i:  19400, t:   39267.2 s, ωt:   3.93 (0.62 periods), wall: 8.604 minutes, Δt:   1.50, CFL: 7.20e-01
i:  19500, t:   39443.2 s, ωt:   3.94 (0.63 periods), wall: 8.646 minutes, Δt:   1.95, CFL: 7.20e-01
i:  19600, t:   39628.3 s, ωt:   3.96 (0.63 periods), wall: 8.689 minutes, Δt:   1.79, CFL: 7.20e-01
i:  19700, t:   39810.9 s, ωt:   3.98 (0.63 periods), wall: 8.732 minutes, Δt:   1.64, CFL: 7.20e-01
i:  19800, t:   39984.0 s, ωt:   4.00 (0.64 periods), wall: 8.774 minutes, Δt:   1.82, CFL: 7.20e-01
i:  19900, t:   40162.5 s, ωt:   4.02 (0.64 periods), wall: 8.817 minutes, Δt:   1.49, CFL: 7.20e-01
i:  20000, t:   40327.2 s, ωt:   4.03 (0.64 periods), wall: 8.860 minutes, Δt:   1.66, CFL: 7.20e-01
i:  20100, t:   40485.4 s, ωt:   4.05 (0.64 periods), wall: 8.902 minutes, Δt:   1.65, CFL: 7.20e-01
i:  20200, t:   40633.1 s, ωt:   4.06 (0.65 periods), wall: 8.945 minutes, Δt:   1.68, CFL: 7.20e-01
i:  20300, t:   40806.2 s, ωt:   4.08 (0.65 periods), wall: 8.987 minutes, Δt:   1.83, CFL: 7.20e-01
i:  20400, t:   40972.8 s, ωt:   4.10 (0.65 periods), wall: 9.030 minutes, Δt:   1.43, CFL: 7.20e-01
i:  20500, t:   41124.1 s, ωt:   4.11 (0.65 periods), wall: 9.073 minutes, Δt:   1.63, CFL: 7.20e-01
i:  20600, t:   41267.4 s, ωt:   4.13 (0.66 periods), wall: 9.115 minutes, Δt:   1.35, CFL: 7.20e-01
i:  20700, t:   41419.3 s, ωt:   4.14 (0.66 periods), wall: 9.158 minutes, Δt:   1.56, CFL: 7.20e-01
i:  20800, t:   41567.8 s, ωt:   4.16 (0.66 periods), wall: 9.201 minutes, Δt:   1.25, CFL: 7.20e-01
i:  20900, t:   41712.8 s, ωt:   4.17 (0.66 periods), wall: 9.243 minutes, Δt:   1.50, CFL: 7.20e-01
i:  21000, t:   41858.8 s, ωt:   4.19 (0.67 periods), wall: 9.286 minutes, Δt:   1.52, CFL: 7.20e-01
i:  21100, t:   42016.6 s, ωt:   4.20 (0.67 periods), wall: 9.329 minutes, Δt:   1.64, CFL: 7.20e-01
i:  21200, t:   42146.6 s, ωt:   4.21 (0.67 periods), wall: 9.371 minutes, Δt:   1.43, CFL: 7.20e-01
i:  21300, t:   42293.6 s, ωt:   4.23 (0.67 periods), wall: 9.414 minutes, Δt:   1.49, CFL: 7.20e-01
i:  21400, t:   42440.7 s, ωt:   4.24 (0.68 periods), wall: 9.457 minutes, Δt:   1.47, CFL: 7.20e-01
i:  21500, t:   42573.3 s, ωt:   4.26 (0.68 periods), wall: 9.499 minutes, Δt:   1.40, CFL: 7.20e-01
i:  21600, t:   42720.5 s, ωt:   4.27 (0.68 periods), wall: 9.542 minutes, Δt:   1.51, CFL: 7.20e-01
i:  21700, t:   42869.4 s, ωt:   4.29 (0.68 periods), wall: 9.584 minutes, Δt:   1.53, CFL: 7.20e-01
i:  21800, t:   43002.2 s, ωt:   4.30 (0.68 periods), wall: 9.627 minutes, Δt:   1.27, CFL: 7.20e-01
i:  21900, t:   43145.5 s, ωt:   4.31 (0.69 periods), wall: 9.670 minutes, Δt:   1.48, CFL: 7.20e-01
i:  22000, t:   43288.0 s, ωt:   4.33 (0.69 periods), wall: 9.712 minutes, Δt:   1.27, CFL: 7.20e-01
i:  22100, t:   43417.7 s, ωt:   4.34 (0.69 periods), wall: 9.755 minutes, Δt:   1.26, CFL: 7.20e-01
i:  22200, t:   43541.6 s, ωt:   4.35 (0.69 periods), wall: 9.798 minutes, Δt:   1.11, CFL: 7.20e-01
i:  22300, t:   43675.8 s, ωt:   4.37 (0.70 periods), wall: 9.840 minutes, Δt:   1.52, CFL: 7.20e-01
i:  22400, t:   43825.2 s, ωt:   4.38 (0.70 periods), wall: 9.883 minutes, Δt:   1.50, CFL: 7.20e-01
i:  22500, t:   43970.0 s, ωt:   4.40 (0.70 periods), wall: 9.926 minutes, Δt:   1.61, CFL: 7.20e-01
i:  22600, t:   44113.0 s, ωt:   4.41 (0.70 periods), wall: 9.968 minutes, Δt:   1.52, CFL: 7.20e-01
i:  22700, t:   44252.3 s, ωt:   4.43 (0.70 periods), wall: 10.011 minutes, Δt:   1.30, CFL: 7.20e-01
i:  22800, t:   44381.3 s, ωt:   4.44 (0.71 periods), wall: 10.054 minutes, Δt:   1.21, CFL: 7.20e-01
i:  22900, t:   44515.6 s, ωt:   4.45 (0.71 periods), wall: 10.096 minutes, Δt:   1.27, CFL: 7.20e-01
i:  23000, t:   44646.8 s, ωt:   4.46 (0.71 periods), wall: 10.139 minutes, Δt:   1.26, CFL: 7.20e-01
i:  23100, t:   44782.1 s, ωt:   4.48 (0.71 periods), wall: 10.181 minutes, Δt:   1.39, CFL: 7.20e-01
i:  23200, t:   44920.9 s, ωt:   4.49 (0.71 periods), wall: 10.224 minutes, Δt:   1.42, CFL: 7.20e-01
i:  23300, t:   45058.3 s, ωt:   4.51 (0.72 periods), wall: 10.267 minutes, Δt:   1.39, CFL: 7.20e-01
i:  23400, t:   45197.5 s, ωt:   4.52 (0.72 periods), wall: 10.309 minutes, Δt:   1.33, CFL: 7.20e-01
i:  23500, t:   45336.0 s, ωt:   4.53 (0.72 periods), wall: 10.352 minutes, Δt:   1.33, CFL: 7.20e-01
i:  23600, t:   45466.6 s, ωt:   4.55 (0.72 periods), wall: 10.394 minutes, Δt:   1.45, CFL: 7.20e-01
i:  23700, t:   45606.7 s, ωt:   4.56 (0.73 periods), wall: 10.437 minutes, Δt:   1.38, CFL: 7.20e-01
i:  23800, t:   45727.4 s, ωt:   4.57 (0.73 periods), wall: 10.480 minutes, Δt:   1.41, CFL: 7.20e-01
i:  23900, t:   45868.7 s, ωt:   4.59 (0.73 periods), wall: 10.523 minutes, Δt:   1.35, CFL: 7.20e-01
i:  24000, t:   46003.1 s, ωt:   4.60 (0.73 periods), wall: 10.565 minutes, Δt:   1.42, CFL: 7.20e-01
i:  24100, t:   46127.1 s, ωt:   4.61 (0.73 periods), wall: 10.608 minutes, Δt:   1.30, CFL: 7.20e-01
i:  24200, t:   46263.3 s, ωt:   4.63 (0.74 periods), wall: 10.650 minutes, Δt:   1.31, CFL: 7.20e-01
i:  24300, t:   46379.1 s, ωt:   4.64 (0.74 periods), wall: 10.693 minutes, Δt:   1.03, CFL: 7.20e-01
i:  24400, t:   46496.8 s, ωt:   4.65 (0.74 periods), wall: 10.736 minutes, Δt:   1.27, CFL: 7.20e-01
i:  24500, t:   46617.6 s, ωt:   4.66 (0.74 periods), wall: 10.778 minutes, Δt:   1.21, CFL: 7.20e-01
i:  24600, t:   46747.3 s, ωt:   4.67 (0.74 periods), wall: 10.821 minutes, Δt:   1.13, CFL: 7.20e-01
i:  24700, t:   46870.6 s, ωt:   4.69 (0.75 periods), wall: 10.864 minutes, Δt:   1.41, CFL: 7.20e-01
i:  24800, t:   47000.9 s, ωt:   4.70 (0.75 periods), wall: 10.906 minutes, Δt:   1.22, CFL: 7.20e-01
i:  24900, t:   47129.3 s, ωt:   4.71 (0.75 periods), wall: 10.949 minutes, Δt:   1.30, CFL: 7.20e-01
i:  25000, t:   47247.4 s, ωt:   4.72 (0.75 periods), wall: 10.992 minutes, Δt:   1.17, CFL: 7.20e-01
i:  25100, t:   47363.2 s, ωt:   4.74 (0.75 periods), wall: 11.034 minutes, Δt:   1.29, CFL: 7.20e-01
i:  25200, t:   47484.0 s, ωt:   4.75 (0.76 periods), wall: 11.077 minutes, Δt:   1.32, CFL: 7.20e-01
i:  25300, t:   47615.7 s, ωt:   4.76 (0.76 periods), wall: 11.119 minutes, Δt:   1.20, CFL: 7.20e-01
i:  25400, t:   47742.1 s, ωt:   4.77 (0.76 periods), wall: 11.162 minutes, Δt:   1.44, CFL: 7.20e-01
i:  25500, t:   47868.0 s, ωt:   4.79 (0.76 periods), wall: 11.204 minutes, Δt:   1.30, CFL: 7.20e-01
i:  25600, t:   47994.6 s, ωt:   4.80 (0.76 periods), wall: 11.247 minutes, Δt:   1.15, CFL: 7.20e-01
i:  25700, t:   48130.6 s, ωt:   4.81 (0.77 periods), wall: 11.290 minutes, Δt:   1.35, CFL: 7.20e-01
i:  25800, t:   48265.5 s, ωt:   4.83 (0.77 periods), wall: 11.332 minutes, Δt:   1.28, CFL: 7.20e-01
i:  25900, t:   48391.9 s, ωt:   4.84 (0.77 periods), wall: 11.375 minutes, Δt:   1.39, CFL: 7.20e-01
i:  26000, t:   48527.4 s, ωt:   4.85 (0.77 periods), wall: 11.417 minutes, Δt:   1.42, CFL: 7.20e-01
i:  26100, t:   48662.2 s, ωt:   4.87 (0.77 periods), wall: 11.460 minutes, Δt:   1.34, CFL: 7.20e-01
i:  26200, t:   48793.3 s, ωt:   4.88 (0.78 periods), wall: 11.502 minutes, Δt:   1.27, CFL: 7.20e-01
i:  26300, t:   48926.5 s, ωt:   4.89 (0.78 periods), wall: 11.545 minutes, Δt:   1.27, CFL: 7.20e-01
i:  26400, t:   49051.7 s, ωt:   4.91 (0.78 periods), wall: 11.587 minutes, Δt:   1.07, CFL: 7.20e-01
i:  26500, t:   49160.3 s, ωt:   4.92 (0.78 periods), wall: 11.630 minutes, Δt:   1.33, CFL: 7.17e-01
i:  26600, t:   49290.5 s, ωt:   4.93 (0.78 periods), wall: 11.673 minutes, Δt:   1.36, CFL: 7.20e-01
i:  26700, t:   49420.8 s, ωt:   4.94 (0.79 periods), wall: 11.715 minutes, Δt:   1.29, CFL: 7.20e-01
i:  26800, t:   49550.1 s, ωt:   4.96 (0.79 periods), wall: 11.758 minutes, Δt:   1.25, CFL: 7.20e-01
i:  26900, t:   49694.2 s, ωt:   4.97 (0.79 periods), wall: 11.800 minutes, Δt:   1.26, CFL: 7.20e-01
i:  27000, t:   49830.5 s, ωt:   4.98 (0.79 periods), wall: 11.843 minutes, Δt:   1.41, CFL: 7.20e-01
i:  27100, t:   49951.3 s, ωt:   5.00 (0.79 periods), wall: 11.886 minutes, Δt:   1.35, CFL: 7.20e-01
i:  27200, t:   50084.2 s, ωt:   5.01 (0.80 periods), wall: 11.928 minutes, Δt:   1.41, CFL: 7.20e-01
i:  27300, t:   50225.0 s, ωt:   5.02 (0.80 periods), wall: 11.971 minutes, Δt:   1.20, CFL: 7.20e-01
i:  27400, t:   50351.5 s, ωt:   5.04 (0.80 periods), wall: 12.013 minutes, Δt:   1.63, CFL: 7.20e-01
i:  27500, t:   50493.2 s, ωt:   5.05 (0.80 periods), wall: 12.056 minutes, Δt:   1.46, CFL: 7.20e-01
i:  27600, t:   50643.5 s, ωt:   5.06 (0.81 periods), wall: 12.099 minutes, Δt:   1.26, CFL: 7.20e-01
i:  27700, t:   50787.9 s, ωt:   5.08 (0.81 periods), wall: 12.141 minutes, Δt:   1.57, CFL: 7.20e-01
i:  27800, t:   50930.5 s, ωt:   5.09 (0.81 periods), wall: 12.184 minutes, Δt:   1.32, CFL: 7.20e-01
i:  27900, t:   51067.8 s, ωt:   5.11 (0.81 periods), wall: 12.226 minutes, Δt:   1.53, CFL: 7.20e-01
i:  28000, t:   51208.0 s, ωt:   5.12 (0.81 periods), wall: 12.269 minutes, Δt:   1.54, CFL: 7.20e-01
i:  28100, t:   51353.4 s, ωt:   5.14 (0.82 periods), wall: 12.312 minutes, Δt:   1.27, CFL: 7.20e-01
i:  28200, t:   51502.0 s, ωt:   5.15 (0.82 periods), wall: 12.354 minutes, Δt:   1.70, CFL: 7.20e-01
i:  28300, t:   51648.5 s, ωt:   5.16 (0.82 periods), wall: 12.397 minutes, Δt:   1.50, CFL: 7.20e-01
i:  28400, t:   51794.0 s, ωt:   5.18 (0.82 periods), wall: 12.440 minutes, Δt:   1.55, CFL: 7.20e-01
i:  28500, t:   51956.0 s, ωt:   5.20 (0.83 periods), wall: 12.482 minutes, Δt:   1.43, CFL: 7.20e-01
i:  28600, t:   52110.5 s, ωt:   5.21 (0.83 periods), wall: 12.525 minutes, Δt:   1.70, CFL: 7.20e-01
i:  28700, t:   52268.7 s, ωt:   5.23 (0.83 periods), wall: 12.568 minutes, Δt:   1.51, CFL: 7.20e-01
i:  28800, t:   52406.9 s, ωt:   5.24 (0.83 periods), wall: 12.610 minutes, Δt:   1.44, CFL: 7.20e-01
i:  28900, t:   52560.4 s, ωt:   5.26 (0.84 periods), wall: 12.653 minutes, Δt:   1.52, CFL: 7.20e-01
i:  29000, t:   52692.4 s, ωt:   5.27 (0.84 periods), wall: 12.695 minutes, Δt:   1.07, CFL: 7.20e-01
i:  29100, t:   52828.3 s, ωt:   5.28 (0.84 periods), wall: 12.738 minutes, Δt:   1.24, CFL: 7.20e-01
i:  29200, t:   52953.4 s, ωt:   5.30 (0.84 periods), wall: 12.781 minutes, Δt:   1.69, CFL: 7.20e-01
i:  29300, t:   53097.4 s, ωt:   5.31 (0.85 periods), wall: 12.823 minutes, Δt:   1.53, CFL: 7.20e-01
i:  29400, t:   53238.7 s, ωt:   5.32 (0.85 periods), wall: 12.866 minutes, Δt:   1.42, CFL: 7.20e-01
i:  29500, t:   53394.1 s, ωt:   5.34 (0.85 periods), wall: 12.909 minutes, Δt:   1.44, CFL: 7.20e-01
i:  29600, t:   53557.5 s, ωt:   5.36 (0.85 periods), wall: 12.951 minutes, Δt:   1.69, CFL: 7.20e-01
i:  29700, t:   53720.9 s, ωt:   5.37 (0.85 periods), wall: 12.994 minutes, Δt:   1.74, CFL: 7.20e-01
i:  29800, t:   53890.5 s, ωt:   5.39 (0.86 periods), wall: 13.037 minutes, Δt:   1.74, CFL: 7.20e-01
i:  29900, t:   54052.4 s, ωt:   5.41 (0.86 periods), wall: 13.080 minutes, Δt:   1.88, CFL: 7.20e-01
i:  30000, t:   54203.8 s, ωt:   5.42 (0.86 periods), wall: 13.123 minutes, Δt:   1.93, CFL: 7.20e-01
i:  30100, t:   54389.9 s, ωt:   5.44 (0.87 periods), wall: 13.166 minutes, Δt:   1.46, CFL: 7.20e-01
i:  30200, t:   54542.0 s, ωt:   5.45 (0.87 periods), wall: 13.208 minutes, Δt:   1.59, CFL: 7.20e-01
i:  30300, t:   54707.0 s, ωt:   5.47 (0.87 periods), wall: 13.251 minutes, Δt:   1.64, CFL: 7.20e-01
i:  30400, t:   54869.4 s, ωt:   5.49 (0.87 periods), wall: 13.294 minutes, Δt:   1.71, CFL: 7.20e-01
i:  30500, t:   55052.7 s, ωt:   5.51 (0.88 periods), wall: 13.336 minutes, Δt:   1.76, CFL: 7.20e-01
i:  30600, t:   55210.9 s, ωt:   5.52 (0.88 periods), wall: 13.379 minutes, Δt:   1.42, CFL: 7.20e-01
i:  30700, t:   55370.0 s, ωt:   5.54 (0.88 periods), wall: 13.422 minutes, Δt:   1.97, CFL: 7.20e-01
i:  30800, t:   55558.7 s, ωt:   5.56 (0.88 periods), wall: 13.464 minutes, Δt:   1.97, CFL: 7.20e-01
i:  30900, t:   55759.5 s, ωt:   5.58 (0.89 periods), wall: 13.507 minutes, Δt:   1.94, CFL: 7.20e-01
i:  31000, t:   55931.7 s, ωt:   5.59 (0.89 periods), wall: 13.550 minutes, Δt:   1.91, CFL: 7.20e-01
i:  31100, t:   56108.4 s, ωt:   5.61 (0.89 periods), wall: 13.592 minutes, Δt:   1.21, CFL: 7.20e-01
i:  31200, t:   56246.0 s, ωt:   5.62 (0.90 periods), wall: 13.635 minutes, Δt:   1.81, CFL: 7.20e-01
i:  31300, t:   56441.2 s, ωt:   5.64 (0.90 periods), wall: 13.678 minutes, Δt:   2.04, CFL: 7.20e-01
i:  31400, t:   56650.4 s, ωt:   5.67 (0.90 periods), wall: 13.720 minutes, Δt:   1.99, CFL: 7.20e-01
i:  31500, t:   56862.8 s, ωt:   5.69 (0.90 periods), wall: 13.763 minutes, Δt:   2.42, CFL: 7.20e-01
i:  31600, t:   57055.4 s, ωt:   5.71 (0.91 periods), wall: 13.806 minutes, Δt:   1.89, CFL: 7.20e-01
i:  31700, t:   57296.3 s, ωt:   5.73 (0.91 periods), wall: 13.848 minutes, Δt:   2.44, CFL: 7.20e-01
i:  31800, t:   57558.2 s, ωt:   5.76 (0.92 periods), wall: 13.891 minutes, Δt:   2.31, CFL: 7.20e-01
i:  31900, t:   57802.8 s, ωt:   5.78 (0.92 periods), wall: 13.934 minutes, Δt:   2.46, CFL: 7.20e-01
i:  32000, t:   58047.5 s, ωt:   5.80 (0.92 periods), wall: 13.976 minutes, Δt:   2.89, CFL: 7.20e-01
i:  32100, t:   58317.2 s, ωt:   5.83 (0.93 periods), wall: 14.019 minutes, Δt:   2.90, CFL: 7.20e-01
i:  32200, t:   58587.5 s, ωt:   5.86 (0.93 periods), wall: 14.062 minutes, Δt:   2.61, CFL: 7.20e-01
i:  32300, t:   58859.1 s, ωt:   5.89 (0.94 periods), wall: 14.105 minutes, Δt:   2.38, CFL: 7.20e-01
i:  32400, t:   59134.8 s, ωt:   5.91 (0.94 periods), wall: 14.147 minutes, Δt:   2.40, CFL: 7.20e-01
i:  32500, t:   59367.8 s, ωt:   5.94 (0.94 periods), wall: 14.190 minutes, Δt:   2.61, CFL: 7.20e-01
i:  32600, t:   59636.9 s, ωt:   5.96 (0.95 periods), wall: 14.233 minutes, Δt:   3.13, CFL: 7.20e-01
i:  32700, t:   59959.9 s, ωt:   6.00 (0.95 periods), wall: 14.275 minutes, Δt:   3.05, CFL: 7.20e-01
i:  32800, t:   60260.9 s, ωt:   6.03 (0.96 periods), wall: 14.318 minutes, Δt:   2.80, CFL: 7.20e-01
i:  32900, t:   60552.7 s, ωt:   6.06 (0.96 periods), wall: 14.361 minutes, Δt:   2.90, CFL: 7.20e-01
i:  33000, t:   60866.5 s, ωt:   6.09 (0.97 periods), wall: 14.403 minutes, Δt:   2.85, CFL: 7.20e-01
i:  33100, t:   61174.0 s, ωt:   6.12 (0.97 periods), wall: 14.446 minutes, Δt:   3.33, CFL: 7.20e-01
i:  33200, t:   61585.7 s, ωt:   6.16 (0.98 periods), wall: 14.489 minutes, Δt:   5.74, CFL: 7.20e-01
i:  33300, t:   62095.6 s, ωt:   6.21 (0.99 periods), wall: 14.531 minutes, Δt:   5.49, CFL: 7.20e-01
i:  33400, t:   62614.1 s, ωt:   6.26 (1.00 periods), wall: 14.574 minutes, Δt:   4.67, CFL: 7.20e-01
i:  33500, t:   63142.3 s, ωt:   6.31 (1.00 periods), wall: 14.620 minutes, Δt:   5.26, CFL: 7.20e-01
i:  33600, t:   63683.0 s, ωt:   6.37 (1.01 periods), wall: 14.663 minutes, Δt:   5.74, CFL: 7.20e-01
i:  33700, t:   64233.7 s, ωt:   6.42 (1.02 periods), wall: 14.705 minutes, Δt:   5.08, CFL: 7.20e-01
i:  33800, t:   64769.4 s, ωt:   6.48 (1.03 periods), wall: 14.748 minutes, Δt:   5.16, CFL: 7.20e-01
i:  33900, t:   65259.6 s, ωt:   6.53 (1.04 periods), wall: 14.791 minutes, Δt:   4.51, CFL: 7.20e-01
i:  34000, t:   65677.8 s, ωt:   6.57 (1.05 periods), wall: 14.833 minutes, Δt:   3.76, CFL: 7.20e-01
i:  34100, t:   66041.1 s, ωt:   6.60 (1.05 periods), wall: 14.876 minutes, Δt:   3.78, CFL: 7.20e-01
i:  34200, t:   66413.9 s, ωt:   6.64 (1.06 periods), wall: 14.919 minutes, Δt:   3.16, CFL: 7.20e-01
i:  34300, t:   66744.6 s, ωt:   6.67 (1.06 periods), wall: 14.961 minutes, Δt:   2.99, CFL: 7.20e-01
i:  34400, t:   67076.3 s, ωt:   6.71 (1.07 periods), wall: 15.004 minutes, Δt:   3.24, CFL: 7.20e-01
i:  34500, t:   67390.0 s, ωt:   6.74 (1.07 periods), wall: 15.047 minutes, Δt:   2.82, CFL: 7.20e-01
i:  34600, t:   67684.1 s, ωt:   6.77 (1.08 periods), wall: 15.090 minutes, Δt:   2.88, CFL: 7.20e-01
i:  34700, t:   67938.3 s, ωt:   6.79 (1.08 periods), wall: 15.132 minutes, Δt:   2.67, CFL: 7.20e-01
i:  34800, t:   68188.7 s, ωt:   6.82 (1.09 periods), wall: 15.175 minutes, Δt:   2.62, CFL: 7.20e-01
i:  34900, t:   68438.4 s, ωt:   6.84 (1.09 periods), wall: 15.217 minutes, Δt:   2.27, CFL: 7.20e-01
i:  35000, t:   68640.4 s, ωt:   6.86 (1.09 periods), wall: 15.260 minutes, Δt:   1.99, CFL: 7.20e-01
i:  35100, t:   68849.6 s, ωt:   6.88 (1.10 periods), wall: 15.303 minutes, Δt:   1.77, CFL: 7.20e-01
i:  35200, t:   69063.7 s, ωt:   6.91 (1.10 periods), wall: 15.345 minutes, Δt:   2.38, CFL: 7.20e-01
i:  35300, t:   69278.5 s, ωt:   6.93 (1.10 periods), wall: 15.388 minutes, Δt:   2.03, CFL: 7.20e-01
i:  35400, t:   69476.9 s, ωt:   6.95 (1.11 periods), wall: 15.431 minutes, Δt:   1.72, CFL: 7.20e-01
i:  35500, t:   69668.5 s, ωt:   6.97 (1.11 periods), wall: 15.473 minutes, Δt:   2.20, CFL: 7.20e-01
i:  35600, t:   69864.6 s, ωt:   6.99 (1.11 periods), wall: 15.516 minutes, Δt:   2.05, CFL: 7.20e-01
i:  35700, t:   70057.0 s, ωt:   7.01 (1.11 periods), wall: 15.559 minutes, Δt:   1.91, CFL: 7.20e-01
i:  35800, t:   70248.1 s, ωt:   7.02 (1.12 periods), wall: 15.601 minutes, Δt:   1.96, CFL: 7.20e-01
i:  35900, t:   70439.9 s, ωt:   7.04 (1.12 periods), wall: 15.644 minutes, Δt:   1.89, CFL: 7.20e-01
i:  36000, t:   70624.4 s, ωt:   7.06 (1.12 periods), wall: 15.687 minutes, Δt:   1.84, CFL: 7.20e-01
i:  36100, t:   70805.8 s, ωt:   7.08 (1.13 periods), wall: 15.729 minutes, Δt:   1.66, CFL: 7.20e-01
i:  36200, t:   70985.3 s, ωt:   7.10 (1.13 periods), wall: 15.772 minutes, Δt:   1.58, CFL: 7.20e-01
i:  36300, t:   71143.9 s, ωt:   7.11 (1.13 periods), wall: 15.815 minutes, Δt:   1.90, CFL: 7.20e-01
i:  36400, t:   71309.9 s, ωt:   7.13 (1.13 periods), wall: 15.857 minutes, Δt:   1.74, CFL: 7.20e-01
i:  36500, t:   71486.3 s, ωt:   7.15 (1.14 periods), wall: 15.900 minutes, Δt:   1.63, CFL: 7.20e-01
i:  36600, t:   71658.4 s, ωt:   7.17 (1.14 periods), wall: 15.943 minutes, Δt:   1.57, CFL: 7.20e-01
i:  36700, t:   71829.5 s, ωt:   7.18 (1.14 periods), wall: 15.985 minutes, Δt:   1.70, CFL: 7.20e-01
i:  36800, t:   71976.0 s, ωt:   7.20 (1.15 periods), wall: 16.028 minutes, Δt:   1.39, CFL: 7.20e-01
i:  36900, t:   72126.7 s, ωt:   7.21 (1.15 periods), wall: 16.071 minutes, Δt:   1.57, CFL: 7.20e-01
i:  37000, t:   72291.0 s, ωt:   7.23 (1.15 periods), wall: 16.113 minutes, Δt:   1.65, CFL: 7.20e-01
i:  37100, t:   72456.1 s, ωt:   7.25 (1.15 periods), wall: 16.156 minutes, Δt:   1.71, CFL: 7.20e-01
i:  37200, t:   72607.8 s, ωt:   7.26 (1.16 periods), wall: 16.199 minutes, Δt:   1.63, CFL: 7.20e-01
i:  37300, t:   72767.1 s, ωt:   7.28 (1.16 periods), wall: 16.242 minutes, Δt:   1.29, CFL: 7.20e-01
i:  37400, t:   72907.4 s, ωt:   7.29 (1.16 periods), wall: 16.284 minutes, Δt:   1.44, CFL: 7.20e-01
i:  37500, t:   73046.0 s, ωt:   7.30 (1.16 periods), wall: 16.327 minutes, Δt:   1.41, CFL: 7.20e-01
i:  37600, t:   73198.6 s, ωt:   7.32 (1.16 periods), wall: 16.369 minutes, Δt:   1.54, CFL: 7.20e-01
i:  37700, t:   73345.5 s, ωt:   7.33 (1.17 periods), wall: 16.412 minutes, Δt:   1.57, CFL: 7.20e-01
i:  37800, t:   73506.2 s, ωt:   7.35 (1.17 periods), wall: 16.455 minutes, Δt:   1.50, CFL: 7.20e-01
i:  37900, t:   73650.8 s, ωt:   7.37 (1.17 periods), wall: 16.497 minutes, Δt:   1.51, CFL: 7.20e-01
i:  38000, t:   73799.8 s, ωt:   7.38 (1.17 periods), wall: 16.540 minutes, Δt:   1.48, CFL: 7.20e-01
i:  38100, t:   73931.0 s, ωt:   7.39 (1.18 periods), wall: 16.583 minutes, Δt:   1.28, CFL: 7.20e-01
i:  38200, t:   74071.1 s, ωt:   7.41 (1.18 periods), wall: 16.625 minutes, Δt:   1.31, CFL: 7.20e-01
i:  38300, t:   74210.7 s, ωt:   7.42 (1.18 periods), wall: 16.668 minutes, Δt:   1.53, CFL: 7.20e-01
i:  38400, t:   74351.5 s, ωt:   7.44 (1.18 periods), wall: 16.711 minutes, Δt:   1.35, CFL: 7.20e-01
i:  38500, t:   74490.0 s, ωt:   7.45 (1.19 periods), wall: 16.753 minutes, Δt:   1.42, CFL: 7.20e-01
i:  38600, t:   74623.8 s, ωt:   7.46 (1.19 periods), wall: 16.796 minutes, Δt:   1.46, CFL: 7.20e-01
i:  38700, t:   74771.4 s, ωt:   7.48 (1.19 periods), wall: 16.839 minutes, Δt:   1.50, CFL: 7.20e-01
i:  38800, t:   74899.9 s, ωt:   7.49 (1.19 periods), wall: 16.881 minutes, Δt:   1.37, CFL: 7.18e-01
i:  38900, t:   75042.0 s, ωt:   7.50 (1.19 periods), wall: 16.924 minutes, Δt:   1.22, CFL: 7.20e-01
i:  39000, t:   75187.5 s, ωt:   7.52 (1.20 periods), wall: 16.967 minutes, Δt:   1.42, CFL: 7.20e-01
i:  39100, t:   75317.0 s, ωt:   7.53 (1.20 periods), wall: 17.009 minutes, Δt:   1.24, CFL: 7.20e-01
i:  39200, t:   75438.8 s, ωt:   7.54 (1.20 periods), wall: 17.052 minutes, Δt:   1.22, CFL: 7.20e-01
i:  39300, t:   75567.4 s, ωt:   7.56 (1.20 periods), wall: 17.095 minutes, Δt:   1.48, CFL: 7.20e-01
i:  39400, t:   75696.1 s, ωt:   7.57 (1.20 periods), wall: 17.137 minutes, Δt:   1.32, CFL: 7.20e-01
i:  39500, t:   75816.9 s, ωt:   7.58 (1.21 periods), wall: 17.180 minutes, Δt:   1.51, CFL: 7.20e-01
i:  39600, t:   75938.7 s, ωt:   7.59 (1.21 periods), wall: 17.222 minutes, Δt:   1.15, CFL: 7.20e-01
i:  39700, t:   76076.6 s, ωt:   7.61 (1.21 periods), wall: 17.265 minutes, Δt:   1.47, CFL: 7.20e-01
i:  39800, t:   76222.7 s, ωt:   7.62 (1.21 periods), wall: 17.308 minutes, Δt:   1.42, CFL: 7.20e-01
i:  39900, t:   76363.1 s, ωt:   7.64 (1.22 periods), wall: 17.350 minutes, Δt:   1.41, CFL: 7.20e-01
i:  40000, t:   76501.9 s, ωt:   7.65 (1.22 periods), wall: 17.393 minutes, Δt:   1.32, CFL: 7.20e-01
i:  40100, t:   76634.2 s, ωt:   7.66 (1.22 periods), wall: 17.436 minutes, Δt:   1.21, CFL: 7.20e-01
i:  40200, t:   76762.1 s, ωt:   7.68 (1.22 periods), wall: 17.478 minutes, Δt:   1.24, CFL: 7.20e-01
i:  40300, t:   76887.9 s, ωt:   7.69 (1.22 periods), wall: 17.521 minutes, Δt:   1.21, CFL: 7.20e-01
i:  40400, t:   77020.9 s, ωt:   7.70 (1.23 periods), wall: 17.564 minutes, Δt:   1.48, CFL: 7.20e-01
i:  40500, t:   77163.2 s, ωt:   7.72 (1.23 periods), wall: 17.606 minutes, Δt:   1.28, CFL: 7.20e-01
i:  40600, t:   77293.5 s, ωt:   7.73 (1.23 periods), wall: 17.649 minutes, Δt:   1.42, CFL: 7.20e-01
i:  40700, t:   77435.3 s, ωt:   7.74 (1.23 periods), wall: 17.692 minutes, Δt:   1.52, CFL: 7.20e-01
i:  40800, t:   77566.1 s, ωt:   7.76 (1.23 periods), wall: 17.734 minutes, Δt:   1.33, CFL: 7.20e-01
i:  40900, t:   77700.2 s, ωt:   7.77 (1.24 periods), wall: 17.777 minutes, Δt:   1.24, CFL: 7.20e-01
i:  41000, t:   77834.0 s, ωt:   7.78 (1.24 periods), wall: 17.819 minutes, Δt:   1.30, CFL: 7.20e-01
i:  41100, t:   77972.5 s, ωt:   7.80 (1.24 periods), wall: 17.862 minutes, Δt:   1.31, CFL: 7.20e-01
i:  41200, t:   78105.3 s, ωt:   7.81 (1.24 periods), wall: 17.905 minutes, Δt:   1.29, CFL: 7.20e-01
i:  41300, t:   78238.6 s, ωt:   7.82 (1.25 periods), wall: 17.947 minutes, Δt:   1.17, CFL: 7.20e-01
i:  41400, t:   78368.3 s, ωt:   7.84 (1.25 periods), wall: 17.990 minutes, Δt:   1.32, CFL: 7.20e-01
i:  41500, t:   78493.1 s, ωt:   7.85 (1.25 periods), wall: 18.033 minutes, Δt:   1.31, CFL: 7.20e-01
i:  41600, t:   78623.9 s, ωt:   7.86 (1.25 periods), wall: 18.075 minutes, Δt:   1.35, CFL: 7.20e-01
i:  41700, t:   78760.3 s, ωt:   7.88 (1.25 periods), wall: 18.118 minutes, Δt:   1.44, CFL: 7.20e-01
i:  41800, t:   78894.7 s, ωt:   7.89 (1.26 periods), wall: 18.161 minutes, Δt:   1.46, CFL: 7.20e-01
i:  41900, t:   79032.8 s, ωt:   7.90 (1.26 periods), wall: 18.203 minutes, Δt:   1.37, CFL: 7.20e-01
i:  42000, t:   79168.1 s, ωt:   7.92 (1.26 periods), wall: 18.246 minutes, Δt:   1.37, CFL: 7.20e-01
i:  42100, t:   79300.0 s, ωt:   7.93 (1.26 periods), wall: 18.288 minutes, Δt:   1.37, CFL: 7.20e-01
i:  42200, t:   79417.6 s, ωt:   7.94 (1.26 periods), wall: 18.331 minutes, Δt:   1.10, CFL: 7.20e-01
i:  42300, t:   79547.3 s, ωt:   7.95 (1.27 periods), wall: 18.374 minutes, Δt:   1.44, CFL: 7.20e-01
i:  42400, t:   79690.8 s, ωt:   7.97 (1.27 periods), wall: 18.416 minutes, Δt:   1.33, CFL: 7.20e-01
i:  42500, t:   79827.8 s, ωt:   7.98 (1.27 periods), wall: 18.459 minutes, Δt:   1.22, CFL: 7.20e-01
i:  42600, t:   79959.4 s, ωt:   8.00 (1.27 periods), wall: 18.501 minutes, Δt:   1.37, CFL: 7.20e-01
i:  42700, t:   80100.9 s, ωt:   8.01 (1.27 periods), wall: 18.544 minutes, Δt:   1.56, CFL: 7.20e-01
i:  42800, t:   80247.3 s, ωt:   8.02 (1.28 periods), wall: 18.587 minutes, Δt:   1.30, CFL: 7.20e-01
i:  42900, t:   80383.6 s, ωt:   8.04 (1.28 periods), wall: 18.629 minutes, Δt:   1.33, CFL: 7.20e-01
i:  43000, t:   80511.8 s, ωt:   8.05 (1.28 periods), wall: 18.672 minutes, Δt:   1.44, CFL: 7.20e-01
i:  43100, t:   80657.1 s, ωt:   8.07 (1.28 periods), wall: 18.714 minutes, Δt:   1.42, CFL: 7.20e-01
i:  43200, t:   80797.6 s, ωt:   8.08 (1.29 periods), wall: 18.757 minutes, Δt:   1.35, CFL: 7.20e-01
i:  43300, t:   80925.2 s, ωt:   8.09 (1.29 periods), wall: 18.800 minutes, Δt:   1.33, CFL: 7.20e-01
i:  43400, t:   81057.3 s, ωt:   8.11 (1.29 periods), wall: 18.842 minutes, Δt:   1.39, CFL: 7.20e-01
i:  43500, t:   81192.9 s, ωt:   8.12 (1.29 periods), wall: 18.885 minutes, Δt:   1.40, CFL: 7.20e-01
i:  43600, t:   81333.5 s, ωt:   8.13 (1.29 periods), wall: 18.928 minutes, Δt:   1.42, CFL: 7.20e-01
i:  43700, t:   81476.9 s, ωt:   8.15 (1.30 periods), wall: 18.970 minutes, Δt:   1.31, CFL: 7.20e-01
i:  43800, t:   81631.1 s, ωt:   8.16 (1.30 periods), wall: 19.013 minutes, Δt:   1.55, CFL: 7.20e-01
i:  43900, t:   81773.7 s, ωt:   8.18 (1.30 periods), wall: 19.056 minutes, Δt:   1.59, CFL: 7.20e-01
i:  44000, t:   81932.5 s, ωt:   8.19 (1.30 periods), wall: 19.098 minutes, Δt:   1.56, CFL: 7.20e-01
i:  44100, t:   82083.9 s, ωt:   8.21 (1.31 periods), wall: 19.141 minutes, Δt:   1.42, CFL: 7.20e-01
i:  44200, t:   82227.9 s, ωt:   8.22 (1.31 periods), wall: 19.183 minutes, Δt:   1.32, CFL: 7.20e-01
i:  44300, t:   82375.8 s, ωt:   8.24 (1.31 periods), wall: 19.226 minutes, Δt:   1.50, CFL: 7.20e-01
i:  44400, t:   82541.7 s, ωt:   8.25 (1.31 periods), wall: 19.269 minutes, Δt:   1.59, CFL: 7.20e-01
i:  44500, t:   82683.4 s, ωt:   8.27 (1.32 periods), wall: 19.311 minutes, Δt:   1.56, CFL: 7.20e-01
i:  44600, t:   82828.9 s, ωt:   8.28 (1.32 periods), wall: 19.354 minutes, Δt:   1.30, CFL: 7.20e-01
i:  44700, t:   82980.9 s, ωt:   8.30 (1.32 periods), wall: 19.397 minutes, Δt:   1.44, CFL: 7.20e-01
i:  44800, t:   83123.2 s, ωt:   8.31 (1.32 periods), wall: 19.439 minutes, Δt:   1.44, CFL: 7.20e-01
i:  44900, t:   83262.9 s, ωt:   8.33 (1.33 periods), wall: 19.482 minutes, Δt:   1.36, CFL: 7.20e-01
i:  45000, t:   83400.9 s, ωt:   8.34 (1.33 periods), wall: 19.525 minutes, Δt:   1.41, CFL: 7.20e-01
i:  45100, t:   83538.2 s, ωt:   8.35 (1.33 periods), wall: 19.567 minutes, Δt:   1.49, CFL: 7.20e-01
i:  45200, t:   83680.0 s, ωt:   8.37 (1.33 periods), wall: 19.610 minutes, Δt:   1.54, CFL: 7.20e-01
i:  45300, t:   83841.1 s, ωt:   8.38 (1.33 periods), wall: 19.653 minutes, Δt:   1.75, CFL: 7.20e-01
i:  45400, t:   84010.4 s, ωt:   8.40 (1.34 periods), wall: 19.695 minutes, Δt:   1.58, CFL: 7.20e-01
i:  45500, t:   84179.5 s, ωt:   8.42 (1.34 periods), wall: 19.738 minutes, Δt:   1.70, CFL: 7.20e-01
i:  45600, t:   84349.6 s, ωt:   8.43 (1.34 periods), wall: 19.782 minutes, Δt:   1.52, CFL: 7.20e-01
i:  45700, t:   84510.3 s, ωt:   8.45 (1.35 periods), wall: 19.824 minutes, Δt:   1.51, CFL: 7.20e-01
i:  45800, t:   84667.8 s, ωt:   8.47 (1.35 periods), wall: 19.867 minutes, Δt:   1.92, CFL: 7.20e-01
i:  45900, t:   84835.5 s, ωt:   8.48 (1.35 periods), wall: 19.910 minutes, Δt:   1.20, CFL: 7.20e-01
i:  46000, t:   84957.5 s, ωt:   8.50 (1.35 periods), wall: 19.952 minutes, Δt:   1.55, CFL: 6.90e-01
i:  46100, t:   85107.7 s, ωt:   8.51 (1.35 periods), wall: 19.995 minutes, Δt:   1.62, CFL: 7.20e-01
i:  46200, t:   85271.8 s, ωt:   8.53 (1.36 periods), wall: 20.038 minutes, Δt:   1.51, CFL: 7.20e-01
i:  46300, t:   85421.6 s, ωt:   8.54 (1.36 periods), wall: 20.080 minutes, Δt:   1.72, CFL: 7.20e-01
i:  46400, t:   85591.8 s, ωt:   8.56 (1.36 periods), wall: 20.123 minutes, Δt:   1.62, CFL: 7.20e-01
i:  46500, t:   85752.5 s, ωt:   8.58 (1.36 periods), wall: 20.166 minutes, Δt:   1.91, CFL: 7.20e-01
i:  46600, t:   85918.3 s, ωt:   8.59 (1.37 periods), wall: 20.209 minutes, Δt:   1.56, CFL: 7.20e-01
i:  46700, t:   86096.1 s, ωt:   8.61 (1.37 periods), wall: 20.251 minutes, Δt:   1.84, CFL: 7.20e-01
i:  46800, t:   86281.5 s, ωt:   8.63 (1.37 periods), wall: 20.294 minutes, Δt:   2.08, CFL: 7.20e-01
i:  46900, t:   86474.4 s, ωt:   8.65 (1.38 periods), wall: 20.336 minutes, Δt:   2.01, CFL: 7.20e-01
i:  47000, t:   86686.6 s, ωt:   8.67 (1.38 periods), wall: 20.379 minutes, Δt:   2.07, CFL: 7.20e-01
i:  47100, t:   86861.5 s, ωt:   8.69 (1.38 periods), wall: 20.422 minutes, Δt:   1.88, CFL: 7.20e-01
i:  47200, t:   87048.3 s, ωt:   8.70 (1.39 periods), wall: 20.464 minutes, Δt:   1.81, CFL: 7.20e-01
i:  47300, t:   87248.3 s, ωt:   8.72 (1.39 periods), wall: 20.507 minutes, Δt:   1.92, CFL: 7.20e-01
i:  47400, t:   87438.1 s, ωt:   8.74 (1.39 periods), wall: 20.550 minutes, Δt:   2.21, CFL: 7.20e-01
i:  47500, t:   87652.6 s, ωt:   8.77 (1.40 periods), wall: 20.592 minutes, Δt:   2.18, CFL: 7.20e-01
i:  47600, t:   87880.4 s, ωt:   8.79 (1.40 periods), wall: 20.635 minutes, Δt:   1.97, CFL: 7.20e-01
i:  47700, t:   88109.5 s, ωt:   8.81 (1.40 periods), wall: 20.678 minutes, Δt:   2.33, CFL: 7.20e-01
i:  47800, t:   88349.4 s, ωt:   8.83 (1.41 periods), wall: 20.720 minutes, Δt:   2.44, CFL: 7.20e-01
i:  47900, t:   88584.8 s, ωt:   8.86 (1.41 periods), wall: 20.763 minutes, Δt:   1.93, CFL: 7.20e-01
i:  48000, t:   88778.9 s, ωt:   8.88 (1.41 periods), wall: 20.806 minutes, Δt:   2.23, CFL: 7.20e-01
i:  48100, t:   88997.7 s, ωt:   8.90 (1.42 periods), wall: 20.848 minutes, Δt:   2.33, CFL: 7.20e-01
i:  48200, t:   89243.9 s, ωt:   8.92 (1.42 periods), wall: 20.891 minutes, Δt:   2.49, CFL: 7.20e-01
i:  48300, t:   89496.9 s, ωt:   8.95 (1.42 periods), wall: 20.934 minutes, Δt:   2.63, CFL: 7.20e-01
i:  48400, t:   89764.9 s, ωt:   8.98 (1.43 periods), wall: 20.976 minutes, Δt:   2.54, CFL: 7.20e-01
i:  48500, t:   90025.2 s, ωt:   9.00 (1.43 periods), wall: 21.019 minutes, Δt:   2.83, CFL: 7.20e-01
i:  48600, t:   90254.5 s, ωt:   9.03 (1.44 periods), wall: 21.062 minutes, Δt:   2.08, CFL: 7.20e-01
i:  48700, t:   90495.8 s, ωt:   9.05 (1.44 periods), wall: 21.104 minutes, Δt:   2.48, CFL: 7.20e-01
i:  48800, t:   90792.0 s, ωt:   9.08 (1.44 periods), wall: 21.147 minutes, Δt:   2.95, CFL: 7.20e-01
i:  48900, t:   91052.7 s, ωt:   9.11 (1.45 periods), wall: 21.190 minutes, Δt:   2.78, CFL: 7.20e-01
i:  49000, t:   91359.8 s, ωt:   9.14 (1.45 periods), wall: 21.232 minutes, Δt:   3.34, CFL: 7.20e-01
i:  49100, t:   91672.7 s, ωt:   9.17 (1.46 periods), wall: 21.275 minutes, Δt:   3.17, CFL: 7.20e-01
i:  49200, t:   92003.9 s, ωt:   9.20 (1.46 periods), wall: 21.318 minutes, Δt:   3.13, CFL: 7.20e-01
i:  49300, t:   92351.3 s, ωt:   9.24 (1.47 periods), wall: 21.361 minutes, Δt:   4.46, CFL: 7.20e-01
i:  49400, t:   92750.8 s, ωt:   9.28 (1.48 periods), wall: 21.403 minutes, Δt:   4.02, CFL: 7.20e-01
i:  49500, t:   93183.6 s, ωt:   9.32 (1.48 periods), wall: 21.446 minutes, Δt:   4.67, CFL: 7.14e-01
i:  49600, t:   93653.4 s, ωt:   9.37 (1.49 periods), wall: 21.489 minutes, Δt:   5.79, CFL: 7.20e-01
i:  49700, t:   94185.4 s, ωt:   9.42 (1.50 periods), wall: 21.531 minutes, Δt:   4.50, CFL: 7.20e-01
i:  49800, t:   94671.5 s, ωt:   9.47 (1.51 periods), wall: 21.577 minutes, Δt:   5.31, CFL: 7.20e-01
i:  49900, t:   95190.3 s, ωt:   9.52 (1.52 periods), wall: 21.620 minutes, Δt:   5.08, CFL: 7.20e-01
i:  50000, t:   95700.2 s, ωt:   9.57 (1.52 periods), wall: 21.663 minutes, Δt:   5.38, CFL: 7.20e-01
i:  50100, t:   96206.4 s, ωt:   9.62 (1.53 periods), wall: 21.706 minutes, Δt:   4.80, CFL: 7.20e-01
i:  50200, t:   96654.2 s, ωt:   9.67 (1.54 periods), wall: 21.748 minutes, Δt:   3.81, CFL: 7.20e-01
i:  50300, t:   97061.8 s, ωt:   9.71 (1.54 periods), wall: 21.791 minutes, Δt:   4.09, CFL: 7.20e-01
i:  50400, t:   97404.3 s, ωt:   9.74 (1.55 periods), wall: 21.834 minutes, Δt:   3.08, CFL: 7.20e-01
i:  50500, t:   97767.2 s, ωt:   9.78 (1.56 periods), wall: 21.877 minutes, Δt:   3.69, CFL: 7.20e-01
i:  50600, t:   98104.5 s, ωt:   9.81 (1.56 periods), wall: 21.920 minutes, Δt:   2.99, CFL: 7.20e-01
i:  50700, t:   98434.7 s, ωt:   9.84 (1.57 periods), wall: 21.962 minutes, Δt:   3.26, CFL: 7.20e-01
i:  50800, t:   98722.1 s, ωt:   9.87 (1.57 periods), wall: 22.005 minutes, Δt:   2.82, CFL: 7.20e-01
i:  50900, t:   98989.2 s, ωt:   9.90 (1.58 periods), wall: 22.048 minutes, Δt:   2.75, CFL: 7.20e-01
i:  51000, t:   99239.7 s, ωt:   9.92 (1.58 periods), wall: 22.090 minutes, Δt:   2.53, CFL: 7.20e-01
i:  51100, t:   99481.7 s, ωt:   9.95 (1.58 periods), wall: 22.133 minutes, Δt:   2.45, CFL: 7.20e-01
i:  51200, t:   99687.2 s, ωt:   9.97 (1.59 periods), wall: 22.176 minutes, Δt:   2.07, CFL: 7.20e-01
i:  51300, t:   99902.6 s, ωt:   9.99 (1.59 periods), wall: 22.218 minutes, Δt:   2.16, CFL: 7.20e-01
i:  51400, t:  100117.2 s, ωt:  10.01 (1.59 periods), wall: 22.261 minutes, Δt:   2.35, CFL: 7.20e-01
i:  51500, t:  100333.6 s, ωt:  10.03 (1.60 periods), wall: 22.304 minutes, Δt:   2.21, CFL: 7.20e-01
i:  51600, t:  100539.0 s, ωt:  10.05 (1.60 periods), wall: 22.346 minutes, Δt:   2.16, CFL: 7.20e-01
i:  51700, t:  100735.0 s, ωt:  10.07 (1.60 periods), wall: 22.389 minutes, Δt:   1.69, CFL: 7.20e-01
i:  51800, t:  100914.6 s, ωt:  10.09 (1.61 periods), wall: 22.432 minutes, Δt:   2.21, CFL: 7.20e-01
i:  51900, t:  101104.1 s, ωt:  10.11 (1.61 periods), wall: 22.474 minutes, Δt:   1.92, CFL: 7.20e-01
i:  52000, t:  101282.8 s, ωt:  10.13 (1.61 periods), wall: 22.517 minutes, Δt:   2.01, CFL: 7.20e-01
i:  52100, t:  101471.6 s, ωt:  10.15 (1.61 periods), wall: 22.560 minutes, Δt:   1.63, CFL: 7.20e-01
i:  52200, t:  101655.2 s, ωt:  10.17 (1.62 periods), wall: 22.602 minutes, Δt:   1.88, CFL: 7.20e-01
i:  52300, t:  101837.0 s, ωt:  10.18 (1.62 periods), wall: 22.645 minutes, Δt:   1.77, CFL: 7.20e-01
i:  52400, t:  102021.7 s, ωt:  10.20 (1.62 periods), wall: 22.687 minutes, Δt:   1.87, CFL: 7.20e-01
i:  52500, t:  102213.4 s, ωt:  10.22 (1.63 periods), wall: 22.730 minutes, Δt:   1.78, CFL: 7.20e-01
i:  52600, t:  102390.4 s, ωt:  10.24 (1.63 periods), wall: 22.773 minutes, Δt:   1.56, CFL: 7.20e-01
i:  52700, t:  102550.4 s, ωt:  10.26 (1.63 periods), wall: 22.816 minutes, Δt:   1.80, CFL: 7.20e-01
i:  52800, t:  102705.2 s, ωt:  10.27 (1.63 periods), wall: 22.858 minutes, Δt:   1.59, CFL: 7.20e-01
i:  52900, t:  102858.3 s, ωt:  10.29 (1.64 periods), wall: 22.901 minutes, Δt:   1.50, CFL: 7.20e-01
i:  53000, t:  103025.9 s, ωt:  10.30 (1.64 periods), wall: 22.943 minutes, Δt:   1.62, CFL: 7.20e-01
i:  53100, t:  103172.4 s, ωt:  10.32 (1.64 periods), wall: 22.986 minutes, Δt:   1.59, CFL: 7.20e-01
i:  53200, t:  103333.3 s, ωt:  10.33 (1.64 periods), wall: 23.029 minutes, Δt:   1.61, CFL: 7.20e-01
i:  53300, t:  103491.2 s, ωt:  10.35 (1.65 periods), wall: 23.071 minutes, Δt:   1.63, CFL: 7.20e-01
i:  53400, t:  103651.0 s, ωt:  10.37 (1.65 periods), wall: 23.114 minutes, Δt:   1.40, CFL: 7.20e-01
i:  53500, t:  103801.9 s, ωt:  10.38 (1.65 periods), wall: 23.157 minutes, Δt:   1.65, CFL: 7.20e-01
i:  53600, t:  103956.0 s, ωt:  10.40 (1.65 periods), wall: 23.199 minutes, Δt:   1.80, CFL: 7.20e-01
i:  53700, t:  104125.1 s, ωt:  10.41 (1.66 periods), wall: 23.242 minutes, Δt:   1.55, CFL: 7.20e-01
i:  53800, t:  104268.7 s, ωt:  10.43 (1.66 periods), wall: 23.285 minutes, Δt:   1.30, CFL: 7.20e-01
i:  53900, t:  104411.3 s, ωt:  10.44 (1.66 periods), wall: 23.327 minutes, Δt:   1.41, CFL: 7.20e-01
i:  54000, t:  104543.2 s, ωt:  10.45 (1.66 periods), wall: 23.370 minutes, Δt:   1.42, CFL: 7.20e-01
i:  54100, t:  104675.4 s, ωt:  10.47 (1.67 periods), wall: 23.413 minutes, Δt:   1.56, CFL: 7.20e-01
i:  54200, t:  104814.9 s, ωt:  10.48 (1.67 periods), wall: 23.455 minutes, Δt:   1.45, CFL: 7.20e-01
i:  54300, t:  104960.3 s, ωt:  10.50 (1.67 periods), wall: 23.498 minutes, Δt:   1.16, CFL: 7.20e-01
i:  54400, t:  105098.3 s, ωt:  10.51 (1.67 periods), wall: 23.540 minutes, Δt:   1.39, CFL: 7.20e-01
i:  54500, t:  105238.3 s, ωt:  10.52 (1.67 periods), wall: 23.583 minutes, Δt:   1.53, CFL: 7.20e-01
i:  54600, t:  105384.5 s, ωt:  10.54 (1.68 periods), wall: 23.626 minutes, Δt:   1.42, CFL: 7.20e-01
i:  54700, t:  105529.7 s, ωt:  10.55 (1.68 periods), wall: 23.668 minutes, Δt:   1.29, CFL: 7.20e-01
i:  54800, t:  105665.3 s, ωt:  10.57 (1.68 periods), wall: 23.711 minutes, Δt:   1.30, CFL: 7.20e-01
i:  54900, t:  105793.5 s, ωt:  10.58 (1.68 periods), wall: 23.754 minutes, Δt:   1.19, CFL: 7.20e-01
i:  55000, t:  105936.1 s, ωt:  10.59 (1.69 periods), wall: 23.796 minutes, Δt:   1.50, CFL: 7.20e-01
i:  55100, t:  106072.9 s, ωt:  10.61 (1.69 periods), wall: 23.839 minutes, Δt:   1.32, CFL: 7.20e-01
i:  55200, t:  106197.9 s, ωt:  10.62 (1.69 periods), wall: 23.881 minutes, Δt:   1.01, CFL: 7.20e-01
i:  55300, t:  106332.5 s, ωt:  10.63 (1.69 periods), wall: 23.924 minutes, Δt:   1.29, CFL: 7.20e-01
i:  55400, t:  106470.4 s, ωt:  10.65 (1.69 periods), wall: 23.967 minutes, Δt:   1.39, CFL: 7.20e-01
i:  55500, t:  106606.4 s, ωt:  10.66 (1.70 periods), wall: 24.009 minutes, Δt:   0.98, CFL: 7.20e-01
i:  55600, t:  106726.0 s, ωt:  10.67 (1.70 periods), wall: 24.052 minutes, Δt:   1.29, CFL: 7.20e-01
i:  55700, t:  106862.0 s, ωt:  10.69 (1.70 periods), wall: 24.094 minutes, Δt:   1.19, CFL: 7.20e-01
i:  55800, t:  106984.2 s, ωt:  10.70 (1.70 periods), wall: 24.137 minutes, Δt:   1.30, CFL: 7.20e-01
i:  55900, t:  107115.8 s, ωt:  10.71 (1.70 periods), wall: 24.180 minutes, Δt:   1.23, CFL: 7.20e-01
i:  56000, t:  107231.3 s, ωt:  10.72 (1.71 periods), wall: 24.222 minutes, Δt:   1.22, CFL: 7.20e-01
i:  56100, t:  107361.3 s, ωt:  10.74 (1.71 periods), wall: 24.265 minutes, Δt:   1.24, CFL: 7.20e-01
i:  56200, t:  107489.3 s, ωt:  10.75 (1.71 periods), wall: 24.308 minutes, Δt:   1.22, CFL: 7.20e-01
i:  56300, t:  107620.6 s, ωt:  10.76 (1.71 periods), wall: 24.350 minutes, Δt:   1.50, CFL: 7.20e-01
i:  56400, t:  107763.7 s, ωt:  10.78 (1.72 periods), wall: 24.393 minutes, Δt:   1.21, CFL: 7.20e-01
i:  56500, t:  107895.6 s, ωt:  10.79 (1.72 periods), wall: 24.436 minutes, Δt:   1.33, CFL: 7.20e-01
i:  56600, t:  108026.3 s, ωt:  10.80 (1.72 periods), wall: 24.478 minutes, Δt:   1.24, CFL: 7.20e-01
i:  56700, t:  108160.2 s, ωt:  10.82 (1.72 periods), wall: 24.521 minutes, Δt:   1.36, CFL: 7.20e-01
i:  56800, t:  108297.6 s, ωt:  10.83 (1.72 periods), wall: 24.564 minutes, Δt:   1.35, CFL: 7.20e-01
i:  56900, t:  108423.7 s, ωt:  10.84 (1.73 periods), wall: 24.606 minutes, Δt:   1.35, CFL: 7.20e-01
i:  57000, t:  108558.6 s, ωt:  10.86 (1.73 periods), wall: 24.649 minutes, Δt:   1.51, CFL: 7.20e-01
i:  57100, t:  108679.2 s, ωt:  10.87 (1.73 periods), wall: 24.691 minutes, Δt:   1.18, CFL: 7.20e-01
i:  57200, t:  108806.2 s, ωt:  10.88 (1.73 periods), wall: 24.734 minutes, Δt:   1.45, CFL: 7.20e-01
i:  57300, t:  108932.5 s, ωt:  10.89 (1.73 periods), wall: 24.777 minutes, Δt:   1.24, CFL: 7.20e-01
i:  57400, t:  109074.9 s, ωt:  10.91 (1.74 periods), wall: 24.819 minutes, Δt:   1.48, CFL: 7.20e-01
i:  57500, t:  109212.7 s, ωt:  10.92 (1.74 periods), wall: 24.862 minutes, Δt:   1.26, CFL: 7.20e-01
i:  57600, t:  109340.1 s, ωt:  10.93 (1.74 periods), wall: 24.905 minutes, Δt:   1.25, CFL: 7.20e-01
i:  57700, t:  109466.9 s, ωt:  10.95 (1.74 periods), wall: 24.947 minutes, Δt:   1.35, CFL: 7.20e-01
i:  57800, t:  109604.8 s, ωt:  10.96 (1.74 periods), wall: 24.990 minutes, Δt:   1.32, CFL: 7.20e-01
i:  57900, t:  109742.8 s, ωt:  10.97 (1.75 periods), wall: 25.033 minutes, Δt:   1.27, CFL: 7.20e-01
i:  58000, t:  109871.4 s, ωt:  10.99 (1.75 periods), wall: 25.075 minutes, Δt:   1.31, CFL: 7.20e-01
i:  58100, t:  110006.1 s, ωt:  11.00 (1.75 periods), wall: 25.118 minutes, Δt:   1.35, CFL: 7.20e-01
i:  58200, t:  110136.9 s, ωt:  11.01 (1.75 periods), wall: 25.160 minutes, Δt:   1.26, CFL: 7.20e-01
i:  58300, t:  110269.6 s, ωt:  11.03 (1.75 periods), wall: 25.203 minutes, Δt:   1.27, CFL: 7.20e-01
i:  58400, t:  110406.6 s, ωt:  11.04 (1.76 periods), wall: 25.246 minutes, Δt:   1.28, CFL: 7.20e-01
i:  58500, t:  110536.0 s, ωt:  11.05 (1.76 periods), wall: 25.288 minutes, Δt:   1.29, CFL: 7.20e-01
i:  58600, t:  110656.9 s, ωt:  11.07 (1.76 periods), wall: 25.331 minutes, Δt:   1.10, CFL: 7.20e-01
i:  58700, t:  110787.0 s, ωt:  11.08 (1.76 periods), wall: 25.374 minutes, Δt:   1.31, CFL: 7.20e-01
i:  58800, t:  110916.4 s, ωt:  11.09 (1.77 periods), wall: 25.416 minutes, Δt:   1.17, CFL: 7.20e-01
i:  58900, t:  111048.7 s, ωt:  11.10 (1.77 periods), wall: 25.459 minutes, Δt:   1.32, CFL: 7.20e-01
i:  59000, t:  111188.9 s, ωt:  11.12 (1.77 periods), wall: 25.502 minutes, Δt:   1.46, CFL: 7.20e-01
i:  59100, t:  111333.5 s, ωt:  11.13 (1.77 periods), wall: 25.544 minutes, Δt:   1.40, CFL: 7.20e-01
i:  59200, t:  111467.7 s, ωt:  11.15 (1.77 periods), wall: 25.587 minutes, Δt:   1.25, CFL: 7.20e-01
i:  59300, t:  111590.7 s, ωt:  11.16 (1.78 periods), wall: 25.629 minutes, Δt:   1.31, CFL: 7.20e-01
i:  59400, t:  111712.7 s, ωt:  11.17 (1.78 periods), wall: 25.672 minutes, Δt:   1.24, CFL: 7.20e-01
i:  59500, t:  111840.7 s, ωt:  11.18 (1.78 periods), wall: 25.715 minutes, Δt:   1.59, CFL: 7.20e-01
i:  59600, t:  111979.6 s, ωt:  11.20 (1.78 periods), wall: 25.757 minutes, Δt:   1.05, CFL: 7.20e-01
i:  59700, t:  112100.9 s, ωt:  11.21 (1.78 periods), wall: 25.800 minutes, Δt:   1.23, CFL: 7.20e-01
i:  59800, t:  112223.6 s, ωt:  11.22 (1.79 periods), wall: 25.843 minutes, Δt:   1.23, CFL: 7.20e-01
i:  59900, t:  112356.8 s, ωt:  11.24 (1.79 periods), wall: 25.885 minutes, Δt:   1.41, CFL: 7.20e-01
i:  60000, t:  112493.2 s, ωt:  11.25 (1.79 periods), wall: 25.928 minutes, Δt:   1.22, CFL: 7.20e-01
i:  60100, t:  112621.2 s, ωt:  11.26 (1.79 periods), wall: 25.971 minutes, Δt:   1.03, CFL: 7.20e-01
i:  60200, t:  112744.7 s, ωt:  11.27 (1.79 periods), wall: 26.013 minutes, Δt:   1.30, CFL: 7.20e-01
i:  60300, t:  112872.8 s, ωt:  11.29 (1.80 periods), wall: 26.056 minutes, Δt:   1.16, CFL: 7.20e-01
i:  60400, t:  113000.4 s, ωt:  11.30 (1.80 periods), wall: 26.099 minutes, Δt:   1.53, CFL: 7.20e-01
i:  60500, t:  113136.9 s, ωt:  11.31 (1.80 periods), wall: 26.141 minutes, Δt:   1.30, CFL: 7.20e-01
i:  60600, t:  113264.8 s, ωt:  11.33 (1.80 periods), wall: 26.184 minutes, Δt:   1.26, CFL: 7.20e-01
i:  60700, t:  113401.5 s, ωt:  11.34 (1.80 periods), wall: 26.227 minutes, Δt:   1.31, CFL: 7.20e-01
i:  60800, t:  113533.9 s, ωt:  11.35 (1.81 periods), wall: 26.269 minutes, Δt:   1.06, CFL: 7.20e-01
i:  60900, t:  113671.0 s, ωt:  11.37 (1.81 periods), wall: 26.312 minutes, Δt:   1.34, CFL: 7.20e-01
i:  61000, t:  113807.5 s, ωt:  11.38 (1.81 periods), wall: 26.355 minutes, Δt:   1.26, CFL: 7.20e-01
i:  61100, t:  113942.8 s, ωt:  11.39 (1.81 periods), wall: 26.397 minutes, Δt:   1.58, CFL: 7.20e-01
i:  61200, t:  114081.6 s, ωt:  11.41 (1.82 periods), wall: 26.440 minutes, Δt:   1.32, CFL: 7.20e-01
i:  61300, t:  114215.5 s, ωt:  11.42 (1.82 periods), wall: 26.482 minutes, Δt:   1.51, CFL: 7.20e-01
i:  61400, t:  114368.7 s, ωt:  11.44 (1.82 periods), wall: 26.525 minutes, Δt:   1.60, CFL: 7.20e-01
i:  61500, t:  114512.3 s, ωt:  11.45 (1.82 periods), wall: 26.568 minutes, Δt:   1.24, CFL: 7.20e-01
i:  61600, t:  114632.3 s, ωt:  11.46 (1.82 periods), wall: 26.612 minutes, Δt:   1.29, CFL: 7.20e-01
i:  61700, t:  114771.9 s, ωt:  11.48 (1.83 periods), wall: 26.654 minutes, Δt:   1.32, CFL: 7.20e-01
i:  61800, t:  114922.8 s, ωt:  11.49 (1.83 periods), wall: 26.697 minutes, Δt:   1.46, CFL: 7.20e-01
i:  61900, t:  115073.3 s, ωt:  11.51 (1.83 periods), wall: 26.739 minutes, Δt:   1.59, CFL: 7.20e-01
i:  62000, t:  115221.2 s, ωt:  11.52 (1.83 periods), wall: 26.782 minutes, Δt:   1.30, CFL: 7.20e-01
i:  62100, t:  115366.8 s, ωt:  11.54 (1.84 periods), wall: 26.825 minutes, Δt:   1.42, CFL: 7.20e-01
i:  62200, t:  115521.6 s, ωt:  11.55 (1.84 periods), wall: 26.867 minutes, Δt:   1.62, CFL: 7.20e-01
i:  62300, t:  115687.9 s, ωt:  11.57 (1.84 periods), wall: 26.910 minutes, Δt:   1.50, CFL: 7.20e-01
i:  62400, t:  115843.9 s, ωt:  11.58 (1.84 periods), wall: 26.952 minutes, Δt:   1.64, CFL: 7.20e-01
i:  62500, t:  116005.2 s, ωt:  11.60 (1.85 periods), wall: 26.995 minutes, Δt:   1.54, CFL: 7.20e-01
i:  62600, t:  116173.9 s, ωt:  11.62 (1.85 periods), wall: 27.038 minutes, Δt:   1.58, CFL: 7.20e-01
i:  62700, t:  116341.8 s, ωt:  11.63 (1.85 periods), wall: 27.081 minutes, Δt:   1.70, CFL: 7.20e-01
i:  62800, t:  116505.4 s, ωt:  11.65 (1.85 periods), wall: 27.123 minutes, Δt:   1.59, CFL: 7.20e-01
i:  62900, t:  116676.1 s, ωt:  11.67 (1.86 periods), wall: 27.166 minutes, Δt:   1.61, CFL: 7.20e-01
i:  63000, t:  116849.6 s, ωt:  11.68 (1.86 periods), wall: 27.209 minutes, Δt:   1.96, CFL: 7.20e-01
i:  63100, t:  117008.0 s, ωt:  11.70 (1.86 periods), wall: 27.251 minutes, Δt:   1.31, CFL: 7.20e-01
i:  63200, t:  117149.9 s, ωt:  11.71 (1.86 periods), wall: 27.294 minutes, Δt:   1.63, CFL: 7.20e-01
i:  63300, t:  117326.7 s, ωt:  11.73 (1.87 periods), wall: 27.337 minutes, Δt:   1.66, CFL: 7.20e-01
i:  63400, t:  117493.1 s, ωt:  11.75 (1.87 periods), wall: 27.379 minutes, Δt:   1.56, CFL: 7.20e-01
i:  63500, t:  117645.2 s, ωt:  11.76 (1.87 periods), wall: 27.422 minutes, Δt:   1.69, CFL: 7.20e-01
i:  63600, t:  117811.2 s, ωt:  11.78 (1.88 periods), wall: 27.465 minutes, Δt:   1.51, CFL: 7.20e-01
i:  63700, t:  117977.5 s, ωt:  11.80 (1.88 periods), wall: 27.507 minutes, Δt:   1.45, CFL: 7.20e-01
i:  63800, t:  118132.3 s, ωt:  11.81 (1.88 periods), wall: 27.550 minutes, Δt:   1.34, CFL: 7.20e-01
i:  63900, t:  118292.2 s, ωt:  11.83 (1.88 periods), wall: 27.593 minutes, Δt:   1.82, CFL: 7.20e-01
i:  64000, t:  118482.9 s, ωt:  11.85 (1.89 periods), wall: 27.635 minutes, Δt:   2.04, CFL: 7.20e-01
i:  64100, t:  118677.4 s, ωt:  11.87 (1.89 periods), wall: 27.678 minutes, Δt:   2.00, CFL: 7.20e-01
i:  64200, t:  118868.6 s, ωt:  11.89 (1.89 periods), wall: 27.720 minutes, Δt:   1.97, CFL: 7.20e-01
i:  64300, t:  119060.9 s, ωt:  11.91 (1.89 periods), wall: 27.763 minutes, Δt:   1.67, CFL: 7.20e-01
i:  64400, t:  119219.1 s, ωt:  11.92 (1.90 periods), wall: 27.806 minutes, Δt:   1.79, CFL: 7.20e-01
i:  64500, t:  119424.8 s, ωt:  11.94 (1.90 periods), wall: 27.848 minutes, Δt:   2.27, CFL: 7.20e-01
i:  64600, t:  119644.0 s, ωt:  11.96 (1.90 periods), wall: 27.891 minutes, Δt:   2.24, CFL: 7.20e-01
i:  64700, t:  119862.7 s, ωt:  11.99 (1.91 periods), wall: 27.934 minutes, Δt:   2.27, CFL: 7.20e-01
i:  64800, t:  120085.0 s, ωt:  12.01 (1.91 periods), wall: 27.976 minutes, Δt:   2.36, CFL: 7.20e-01
i:  64900, t:  120303.3 s, ωt:  12.03 (1.91 periods), wall: 28.019 minutes, Δt:   2.25, CFL: 7.20e-01
i:  65000, t:  120533.3 s, ωt:  12.05 (1.92 periods), wall: 28.062 minutes, Δt:   2.42, CFL: 7.20e-01
i:  65100, t:  120774.7 s, ωt:  12.08 (1.92 periods), wall: 28.104 minutes, Δt:   2.23, CFL: 7.20e-01
i:  65200, t:  121025.3 s, ωt:  12.10 (1.93 periods), wall: 28.147 minutes, Δt:   2.51, CFL: 7.20e-01
i:  65300, t:  121283.5 s, ωt:  12.13 (1.93 periods), wall: 28.190 minutes, Δt:   2.57, CFL: 7.20e-01
i:  65400, t:  121551.5 s, ωt:  12.16 (1.93 periods), wall: 28.232 minutes, Δt:   2.50, CFL: 7.20e-01
i:  65500, t:  121816.4 s, ωt:  12.18 (1.94 periods), wall: 28.275 minutes, Δt:   2.70, CFL: 7.20e-01
i:  65600, t:  122071.7 s, ωt:  12.21 (1.94 periods), wall: 28.318 minutes, Δt:   2.75, CFL: 7.20e-01
i:  65700, t:  122310.2 s, ωt:  12.23 (1.95 periods), wall: 28.361 minutes, Δt:   2.58, CFL: 7.20e-01
i:  65800, t:  122564.9 s, ωt:  12.26 (1.95 periods), wall: 28.403 minutes, Δt:   2.92, CFL: 7.20e-01
i:  65900, t:  122880.4 s, ωt:  12.29 (1.96 periods), wall: 28.446 minutes, Δt:   3.67, CFL: 7.20e-01
i:  66000, t:  123226.0 s, ωt:  12.32 (1.96 periods), wall: 28.489 minutes, Δt:   3.01, CFL: 7.20e-01
i:  66100, t:  123562.5 s, ωt:  12.36 (1.97 periods), wall: 28.531 minutes, Δt:   4.45, CFL: 7.20e-01
i:  66200, t:  124029.3 s, ωt:  12.40 (1.97 periods), wall: 28.574 minutes, Δt:   4.18, CFL: 7.20e-01
i:  66300, t:  124519.6 s, ωt:  12.45 (1.98 periods), wall: 28.617 minutes, Δt:   4.53, CFL: 7.20e-01
i:  66400, t:  125013.9 s, ωt:  12.50 (1.99 periods), wall: 28.660 minutes, Δt:   5.85, CFL: 7.20e-01
i:  66500, t:  125555.1 s, ωt:  12.56 (2.00 periods), wall: 28.702 minutes, Δt:   5.92, CFL: 7.20e-01
i:  66600, t:  126055.0 s, ωt:  12.61 (2.01 periods), wall: 28.748 minutes, Δt:   5.36, CFL: 7.20e-01
i:  66700, t:  126584.7 s, ωt:  12.66 (2.01 periods), wall: 28.791 minutes, Δt:   5.96, CFL: 7.20e-01
i:  66800, t:  127130.2 s, ωt:  12.71 (2.02 periods), wall: 28.834 minutes, Δt:   4.98, CFL: 7.20e-01
i:  66900, t:  127623.7 s, ωt:  12.76 (2.03 periods), wall: 28.877 minutes, Δt:   4.89, CFL: 7.20e-01
i:  67000, t:  128100.8 s, ωt:  12.81 (2.04 periods), wall: 28.919 minutes, Δt:   4.83, CFL: 7.20e-01
i:  67100, t:  128545.0 s, ωt:  12.85 (2.05 periods), wall: 28.962 minutes, Δt:   4.02, CFL: 7.20e-01
i:  67200, t:  128957.7 s, ωt:  12.90 (2.05 periods), wall: 29.005 minutes, Δt:   3.61, CFL: 7.20e-01
i:  67300, t:  129325.2 s, ωt:  12.93 (2.06 periods), wall: 29.048 minutes, Δt:   3.24, CFL: 7.20e-01
i:  67400, t:  129662.8 s, ωt:  12.97 (2.06 periods), wall: 29.090 minutes, Δt:   3.45, CFL: 7.20e-01
i:  67500, t:  129990.5 s, ωt:  13.00 (2.07 periods), wall: 29.133 minutes, Δt:   3.22, CFL: 7.20e-01
i:  67600, t:  130303.6 s, ωt:  13.03 (2.07 periods), wall: 29.176 minutes, Δt:   3.13, CFL: 7.20e-01
i:  67700, t:  130604.3 s, ωt:  13.06 (2.08 periods), wall: 29.219 minutes, Δt:   2.69, CFL: 7.20e-01
i:  67800, t:  130850.9 s, ωt:  13.09 (2.08 periods), wall: 29.261 minutes, Δt:   2.42, CFL: 7.20e-01
i:  67900, t:  131082.7 s, ωt:  13.11 (2.09 periods), wall: 29.304 minutes, Δt:   2.47, CFL: 7.20e-01
i:  68000, t:  131316.6 s, ωt:  13.13 (2.09 periods), wall: 29.347 minutes, Δt:   1.92, CFL: 7.20e-01
i:  68100, t:  131534.2 s, ωt:  13.15 (2.09 periods), wall: 29.389 minutes, Δt:   2.09, CFL: 7.20e-01
i:  68200, t:  131748.1 s, ωt:  13.17 (2.10 periods), wall: 29.432 minutes, Δt:   2.14, CFL: 7.20e-01
i:  68300, t:  131966.8 s, ωt:  13.20 (2.10 periods), wall: 29.475 minutes, Δt:   1.75, CFL: 7.20e-01
i:  68400, t:  132146.4 s, ωt:  13.21 (2.10 periods), wall: 29.517 minutes, Δt:   2.03, CFL: 7.20e-01
i:  68500, t:  132338.3 s, ωt:  13.23 (2.11 periods), wall: 29.560 minutes, Δt:   1.82, CFL: 7.20e-01
i:  68600, t:  132529.3 s, ωt:  13.25 (2.11 periods), wall: 29.603 minutes, Δt:   1.74, CFL: 7.20e-01
i:  68700, t:  132719.9 s, ωt:  13.27 (2.11 periods), wall: 29.645 minutes, Δt:   2.03, CFL: 7.20e-01
i:  68800, t:  132924.5 s, ωt:  13.29 (2.12 periods), wall: 29.688 minutes, Δt:   1.77, CFL: 7.20e-01
i:  68900, t:  133112.6 s, ωt:  13.31 (2.12 periods), wall: 29.731 minutes, Δt:   1.84, CFL: 7.20e-01
i:  69000, t:  133292.8 s, ωt:  13.33 (2.12 periods), wall: 29.773 minutes, Δt:   1.70, CFL: 7.20e-01
i:  69100, t:  133467.8 s, ωt:  13.35 (2.12 periods), wall: 29.816 minutes, Δt:   1.85, CFL: 7.20e-01
i:  69200, t:  133646.5 s, ωt:  13.36 (2.13 periods), wall: 29.859 minutes, Δt:   2.03, CFL: 7.20e-01
i:  69300, t:  133827.7 s, ωt:  13.38 (2.13 periods), wall: 29.901 minutes, Δt:   1.67, CFL: 7.20e-01
i:  69400, t:  133993.9 s, ωt:  13.40 (2.13 periods), wall: 29.944 minutes, Δt:   1.77, CFL: 7.20e-01
i:  69500, t:  134165.4 s, ωt:  13.42 (2.14 periods), wall: 29.987 minutes, Δt:   1.63, CFL: 7.20e-01
i:  69600, t:  134337.6 s, ωt:  13.43 (2.14 periods), wall: 30.029 minutes, Δt:   1.70, CFL: 7.20e-01
i:  69700, t:  134507.9 s, ωt:  13.45 (2.14 periods), wall: 30.072 minutes, Δt:   1.74, CFL: 7.20e-01
i:  69800, t:  134668.4 s, ωt:  13.47 (2.14 periods), wall: 30.115 minutes, Δt:   1.49, CFL: 7.20e-01
i:  69900, t:  134810.3 s, ωt:  13.48 (2.15 periods), wall: 30.157 minutes, Δt:   1.58, CFL: 7.20e-01
i:  70000, t:  134968.4 s, ωt:  13.50 (2.15 periods), wall: 30.200 minutes, Δt:   1.61, CFL: 7.20e-01
i:  70100, t:  135125.8 s, ωt:  13.51 (2.15 periods), wall: 30.242 minutes, Δt:   1.46, CFL: 7.20e-01
i:  70200, t:  135281.5 s, ωt:  13.53 (2.15 periods), wall: 30.285 minutes, Δt:   1.57, CFL: 7.20e-01
i:  70300, t:  135445.7 s, ωt:  13.54 (2.16 periods), wall: 30.328 minutes, Δt:   1.60, CFL: 7.20e-01
i:  70400, t:  135597.4 s, ωt:  13.56 (2.16 periods), wall: 30.370 minutes, Δt:   1.52, CFL: 7.20e-01
i:  70500, t:  135760.7 s, ωt:  13.58 (2.16 periods), wall: 30.413 minutes, Δt:   1.58, CFL: 7.20e-01
i:  70600, t:  135922.0 s, ωt:  13.59 (2.16 periods), wall: 30.456 minutes, Δt:   1.55, CFL: 7.20e-01
i:  70700, t:  136081.9 s, ωt:  13.61 (2.17 periods), wall: 30.498 minutes, Δt:   1.49, CFL: 7.20e-01
i:  70800, t:  136236.8 s, ωt:  13.62 (2.17 periods), wall: 30.541 minutes, Δt:   1.50, CFL: 7.20e-01
i:  70900, t:  136383.4 s, ωt:  13.64 (2.17 periods), wall: 30.584 minutes, Δt:   1.43, CFL: 7.20e-01
i:  71000, t:  136549.7 s, ωt:  13.65 (2.17 periods), wall: 30.626 minutes, Δt:   1.37, CFL: 7.20e-01
i:  71100, t:  136694.4 s, ωt:  13.67 (2.18 periods), wall: 30.669 minutes, Δt:   1.51, CFL: 7.20e-01
i:  71200, t:  136841.3 s, ωt:  13.68 (2.18 periods), wall: 30.711 minutes, Δt:   1.25, CFL: 7.20e-01
i:  71300, t:  136973.4 s, ωt:  13.70 (2.18 periods), wall: 30.754 minutes, Δt:   1.11, CFL: 7.20e-01
i:  71400, t:  137106.2 s, ωt:  13.71 (2.18 periods), wall: 30.797 minutes, Δt:   1.55, CFL: 7.20e-01
i:  71500, t:  137249.3 s, ωt:  13.72 (2.18 periods), wall: 30.839 minutes, Δt:   1.52, CFL: 7.20e-01
i:  71600, t:  137393.3 s, ωt:  13.74 (2.19 periods), wall: 30.882 minutes, Δt:   1.16, CFL: 7.20e-01
i:  71700, t:  137518.7 s, ωt:  13.75 (2.19 periods), wall: 30.925 minutes, Δt:   1.25, CFL: 7.20e-01
i:  71800, t:  137649.2 s, ωt:  13.76 (2.19 periods), wall: 30.967 minutes, Δt:   1.30, CFL: 7.20e-01
i:  71900, t:  137784.2 s, ωt:  13.78 (2.19 periods), wall: 31.010 minutes, Δt:   1.38, CFL: 7.20e-01
i:  72000, t:  137923.1 s, ωt:  13.79 (2.20 periods), wall: 31.053 minutes, Δt:   1.32, CFL: 7.20e-01
i:  72100, t:  138063.0 s, ωt:  13.81 (2.20 periods), wall: 31.095 minutes, Δt:   1.35, CFL: 7.20e-01
i:  72200, t:  138202.8 s, ωt:  13.82 (2.20 periods), wall: 31.138 minutes, Δt:   1.25, CFL: 7.20e-01
i:  72300, t:  138328.7 s, ωt:  13.83 (2.20 periods), wall: 31.181 minutes, Δt:   1.24, CFL: 7.20e-01
i:  72400, t:  138471.2 s, ωt:  13.85 (2.20 periods), wall: 31.223 minutes, Δt:   1.41, CFL: 7.20e-01
i:  72500, t:  138610.6 s, ωt:  13.86 (2.21 periods), wall: 31.266 minutes, Δt:   1.49, CFL: 7.20e-01
i:  72600, t:  138748.6 s, ωt:  13.87 (2.21 periods), wall: 31.309 minutes, Δt:   1.37, CFL: 7.20e-01
i:  72700, t:  138886.1 s, ωt:  13.89 (2.21 periods), wall: 31.351 minutes, Δt:   1.65, CFL: 7.20e-01
i:  72800, t:  139036.2 s, ωt:  13.90 (2.21 periods), wall: 31.394 minutes, Δt:   1.54, CFL: 7.20e-01
i:  72900, t:  139174.9 s, ωt:  13.92 (2.22 periods), wall: 31.436 minutes, Δt:   1.34, CFL: 7.20e-01
i:  73000, t:  139301.0 s, ωt:  13.93 (2.22 periods), wall: 31.479 minutes, Δt:   1.19, CFL: 7.20e-01
i:  73100, t:  139434.2 s, ωt:  13.94 (2.22 periods), wall: 31.522 minutes, Δt:   1.37, CFL: 7.20e-01
i:  73200, t:  139571.2 s, ωt:  13.96 (2.22 periods), wall: 31.564 minutes, Δt:   1.44, CFL: 7.20e-01
i:  73300, t:  139707.7 s, ωt:  13.97 (2.22 periods), wall: 31.607 minutes, Δt:   1.51, CFL: 7.20e-01
i:  73400, t:  139839.6 s, ωt:  13.98 (2.23 periods), wall: 31.650 minutes, Δt:   1.20, CFL: 7.20e-01
i:  73500, t:  139972.1 s, ωt:  14.00 (2.23 periods), wall: 31.692 minutes, Δt:   1.30, CFL: 7.20e-01
i:  73600, t:  140106.2 s, ωt:  14.01 (2.23 periods), wall: 31.735 minutes, Δt:   1.45, CFL: 7.20e-01
i:  73700, t:  140234.8 s, ωt:  14.02 (2.23 periods), wall: 31.778 minutes, Δt:   1.26, CFL: 7.20e-01
i:  73800, t:  140355.4 s, ωt:  14.04 (2.23 periods), wall: 31.820 minutes, Δt:   1.19, CFL: 7.20e-01
i:  73900, t:  140475.3 s, ωt:  14.05 (2.24 periods), wall: 31.863 minutes, Δt:   1.16, CFL: 7.20e-01
i:  74000, t:  140588.5 s, ωt:  14.06 (2.24 periods), wall: 31.905 minutes, Δt:   1.36, CFL: 7.20e-01
i:  74100, t:  140713.8 s, ωt:  14.07 (2.24 periods), wall: 31.948 minutes, Δt:   1.33, CFL: 7.20e-01
i:  74200, t:  140838.5 s, ωt:  14.08 (2.24 periods), wall: 31.991 minutes, Δt:   1.48, CFL: 7.20e-01
i:  74300, t:  140977.6 s, ωt:  14.10 (2.24 periods), wall: 32.033 minutes, Δt:   1.24, CFL: 7.20e-01
i:  74400, t:  141110.1 s, ωt:  14.11 (2.25 periods), wall: 32.076 minutes, Δt:   1.30, CFL: 7.20e-01
i:  74500, t:  141243.9 s, ωt:  14.12 (2.25 periods), wall: 32.119 minutes, Δt:   1.24, CFL: 7.20e-01
i:  74600, t:  141380.6 s, ωt:  14.14 (2.25 periods), wall: 32.161 minutes, Δt:   1.46, CFL: 7.20e-01
i:  74700, t:  141525.5 s, ωt:  14.15 (2.25 periods), wall: 32.204 minutes, Δt:   1.46, CFL: 7.20e-01
i:  74800, t:  141660.7 s, ωt:  14.17 (2.25 periods), wall: 32.247 minutes, Δt:   1.44, CFL: 7.20e-01
i:  74900, t:  141801.9 s, ωt:  14.18 (2.26 periods), wall: 32.289 minutes, Δt:   1.34, CFL: 7.20e-01
i:  75000, t:  141939.4 s, ωt:  14.19 (2.26 periods), wall: 32.332 minutes, Δt:   1.39, CFL: 7.20e-01
i:  75100, t:  142081.8 s, ωt:  14.21 (2.26 periods), wall: 32.375 minutes, Δt:   1.37, CFL: 7.20e-01
i:  75200, t:  142214.6 s, ωt:  14.22 (2.26 periods), wall: 32.417 minutes, Δt:   1.48, CFL: 7.20e-01
i:  75300, t:  142362.4 s, ωt:  14.24 (2.27 periods), wall: 32.460 minutes, Δt:   1.49, CFL: 7.20e-01
i:  75400, t:  142492.9 s, ωt:  14.25 (2.27 periods), wall: 32.503 minutes, Δt:   1.37, CFL: 7.20e-01
i:  75500, t:  142614.1 s, ωt:  14.26 (2.27 periods), wall: 32.545 minutes, Δt:   1.15, CFL: 7.20e-01
i:  75600, t:  142737.3 s, ωt:  14.27 (2.27 periods), wall: 32.588 minutes, Δt:   1.26, CFL: 7.20e-01
i:  75700, t:  142870.8 s, ωt:  14.29 (2.27 periods), wall: 32.631 minutes, Δt:   1.45, CFL: 7.20e-01
i:  75800, t:  143010.5 s, ωt:  14.30 (2.28 periods), wall: 32.673 minutes, Δt:   1.52, CFL: 7.20e-01
i:  75900, t:  143164.1 s, ωt:  14.32 (2.28 periods), wall: 32.716 minutes, Δt:   1.41, CFL: 7.20e-01
i:  76000, t:  143303.5 s, ωt:  14.33 (2.28 periods), wall: 32.759 minutes, Δt:   1.40, CFL: 7.20e-01
i:  76100, t:  143434.2 s, ωt:  14.34 (2.28 periods), wall: 32.801 minutes, Δt:   1.37, CFL: 7.20e-01
i:  76200, t:  143573.9 s, ωt:  14.36 (2.29 periods), wall: 32.844 minutes, Δt:   1.52, CFL: 7.20e-01
i:  76300, t:  143721.4 s, ωt:  14.37 (2.29 periods), wall: 32.887 minutes, Δt:   1.65, CFL: 7.20e-01
i:  76400, t:  143855.1 s, ωt:  14.39 (2.29 periods), wall: 32.929 minutes, Δt:   1.37, CFL: 7.20e-01
i:  76500, t:  143982.5 s, ωt:  14.40 (2.29 periods), wall: 32.972 minutes, Δt:   1.29, CFL: 7.20e-01
i:  76600, t:  144114.2 s, ωt:  14.41 (2.29 periods), wall: 33.014 minutes, Δt:   1.24, CFL: 7.20e-01
i:  76700, t:  144253.6 s, ωt:  14.43 (2.30 periods), wall: 33.057 minutes, Δt:   1.35, CFL: 7.20e-01
i:  76800, t:  144387.5 s, ωt:  14.44 (2.30 periods), wall: 33.100 minutes, Δt:   1.31, CFL: 7.20e-01
i:  76900, t:  144524.4 s, ωt:  14.45 (2.30 periods), wall: 33.143 minutes, Δt:   1.38, CFL: 7.20e-01
i:  77000, t:  144663.7 s, ωt:  14.47 (2.30 periods), wall: 33.185 minutes, Δt:   1.09, CFL: 7.20e-01
i:  77100, t:  144788.4 s, ωt:  14.48 (2.30 periods), wall: 33.228 minutes, Δt:   1.18, CFL: 7.20e-01
i:  77200, t:  144928.2 s, ωt:  14.49 (2.31 periods), wall: 33.270 minutes, Δt:   1.63, CFL: 7.20e-01
i:  77300, t:  145075.1 s, ωt:  14.51 (2.31 periods), wall: 33.313 minutes, Δt:   1.48, CFL: 7.20e-01
i:  77400, t:  145214.4 s, ωt:  14.52 (2.31 periods), wall: 33.356 minutes, Δt:   1.45, CFL: 7.20e-01
i:  77500, t:  145356.4 s, ωt:  14.54 (2.31 periods), wall: 33.398 minutes, Δt:   1.54, CFL: 7.20e-01
i:  77600, t:  145505.2 s, ωt:  14.55 (2.32 periods), wall: 33.441 minutes, Δt:   1.40, CFL: 7.20e-01
i:  77700, t:  145636.3 s, ωt:  14.56 (2.32 periods), wall: 33.484 minutes, Δt:   1.55, CFL: 7.04e-01
i:  77800, t:  145781.9 s, ωt:  14.58 (2.32 periods), wall: 33.527 minutes, Δt:   1.35, CFL: 7.20e-01
i:  77900, t:  145929.3 s, ωt:  14.59 (2.32 periods), wall: 33.571 minutes, Δt:   1.28, CFL: 7.20e-01
i:  78000, t:  146081.3 s, ωt:  14.61 (2.32 periods), wall: 33.613 minutes, Δt:   1.39, CFL: 7.20e-01
i:  78100, t:  146228.8 s, ωt:  14.62 (2.33 periods), wall: 33.656 minutes, Δt:   1.48, CFL: 7.20e-01
i:  78200, t:  146378.4 s, ωt:  14.64 (2.33 periods), wall: 33.699 minutes, Δt:   1.40, CFL: 7.20e-01
i:  78300, t:  146536.9 s, ωt:  14.65 (2.33 periods), wall: 33.741 minutes, Δt:   1.67, CFL: 7.20e-01
i:  78400, t:  146709.6 s, ωt:  14.67 (2.33 periods), wall: 33.784 minutes, Δt:   1.74, CFL: 7.20e-01
i:  78500, t:  146874.6 s, ωt:  14.69 (2.34 periods), wall: 33.827 minutes, Δt:   1.72, CFL: 7.20e-01
i:  78600, t:  147043.9 s, ωt:  14.70 (2.34 periods), wall: 33.869 minutes, Δt:   1.66, CFL: 7.20e-01
i:  78700, t:  147206.8 s, ωt:  14.72 (2.34 periods), wall: 33.912 minutes, Δt:   1.73, CFL: 7.20e-01
i:  78800, t:  147355.0 s, ωt:  14.74 (2.35 periods), wall: 33.955 minutes, Δt:   1.44, CFL: 7.20e-01
i:  78900, t:  147515.5 s, ωt:  14.75 (2.35 periods), wall: 33.997 minutes, Δt:   1.59, CFL: 7.20e-01
i:  79000, t:  147684.9 s, ωt:  14.77 (2.35 periods), wall: 34.040 minutes, Δt:   1.61, CFL: 7.20e-01
i:  79100, t:  147843.0 s, ωt:  14.78 (2.35 periods), wall: 34.083 minutes, Δt:   1.49, CFL: 7.20e-01
i:  79200, t:  147999.5 s, ωt:  14.80 (2.36 periods), wall: 34.125 minutes, Δt:   1.62, CFL: 7.20e-01
i:  79300, t:  148163.1 s, ωt:  14.82 (2.36 periods), wall: 34.168 minutes, Δt:   1.46, CFL: 7.20e-01
i:  79400, t:  148318.0 s, ωt:  14.83 (2.36 periods), wall: 34.210 minutes, Δt:   2.01, CFL: 7.20e-01
i:  79500, t:  148505.7 s, ωt:  14.85 (2.36 periods), wall: 34.253 minutes, Δt:   1.66, CFL: 7.20e-01
i:  79600, t:  148672.4 s, ωt:  14.87 (2.37 periods), wall: 34.296 minutes, Δt:   1.55, CFL: 7.20e-01
i:  79700, t:  148843.1 s, ωt:  14.88 (2.37 periods), wall: 34.338 minutes, Δt:   1.89, CFL: 7.20e-01
i:  79800, t:  149027.0 s, ωt:  14.90 (2.37 periods), wall: 34.381 minutes, Δt:   1.92, CFL: 7.20e-01
i:  79900, t:  149216.2 s, ωt:  14.92 (2.37 periods), wall: 34.424 minutes, Δt:   1.58, CFL: 7.20e-01
i:  80000, t:  149395.8 s, ωt:  14.94 (2.38 periods), wall: 34.467 minutes, Δt:   1.66, CFL: 7.20e-01
i:  80100, t:  149560.9 s, ωt:  14.96 (2.38 periods), wall: 34.509 minutes, Δt:   1.85, CFL: 7.20e-01
i:  80200, t:  149754.1 s, ωt:  14.98 (2.38 periods), wall: 34.552 minutes, Δt:   1.82, CFL: 7.20e-01
i:  80300, t:  149930.6 s, ωt:  14.99 (2.39 periods), wall: 34.595 minutes, Δt:   2.29, CFL: 7.20e-01
i:  80400, t:  150155.0 s, ωt:  15.02 (2.39 periods), wall: 34.637 minutes, Δt:   1.97, CFL: 7.20e-01
i:  80500, t:  150351.5 s, ωt:  15.04 (2.39 periods), wall: 34.680 minutes, Δt:   1.98, CFL: 7.20e-01
i:  80600, t:  150533.4 s, ωt:  15.05 (2.40 periods), wall: 34.723 minutes, Δt:   2.11, CFL: 7.20e-01
i:  80700, t:  150754.7 s, ωt:  15.08 (2.40 periods), wall: 34.765 minutes, Δt:   2.01, CFL: 7.20e-01
i:  80800, t:  150963.8 s, ωt:  15.10 (2.40 periods), wall: 34.808 minutes, Δt:   1.91, CFL: 7.20e-01
i:  80900, t:  151186.2 s, ωt:  15.12 (2.41 periods), wall: 34.851 minutes, Δt:   2.11, CFL: 7.20e-01
i:  81000, t:  151407.8 s, ωt:  15.14 (2.41 periods), wall: 34.893 minutes, Δt:   2.33, CFL: 7.20e-01
i:  81100, t:  151634.8 s, ωt:  15.16 (2.41 periods), wall: 34.936 minutes, Δt:   2.25, CFL: 7.20e-01
i:  81200, t:  151876.5 s, ωt:  15.19 (2.42 periods), wall: 34.979 minutes, Δt:   2.26, CFL: 7.20e-01
i:  81300, t:  152113.2 s, ωt:  15.21 (2.42 periods), wall: 35.022 minutes, Δt:   1.97, CFL: 7.20e-01
i:  81400, t:  152341.2 s, ωt:  15.23 (2.42 periods), wall: 35.064 minutes, Δt:   2.14, CFL: 7.20e-01
i:  81500, t:  152564.3 s, ωt:  15.26 (2.43 periods), wall: 35.107 minutes, Δt:   1.96, CFL: 7.20e-01
i:  81600, t:  152783.3 s, ωt:  15.28 (2.43 periods), wall: 35.149 minutes, Δt:   2.48, CFL: 7.20e-01
i:  81700, t:  153055.0 s, ωt:  15.31 (2.44 periods), wall: 35.192 minutes, Δt:   2.82, CFL: 7.20e-01
i:  81800, t:  153300.2 s, ωt:  15.33 (2.44 periods), wall: 35.235 minutes, Δt:   3.05, CFL: 7.20e-01
i:  81900, t:  153542.1 s, ωt:  15.35 (2.44 periods), wall: 35.277 minutes, Δt:   2.11, CFL: 7.20e-01
i:  82000, t:  153791.5 s, ωt:  15.38 (2.45 periods), wall: 35.320 minutes, Δt:   2.95, CFL: 7.20e-01
i:  82100, t:  154101.5 s, ωt:  15.41 (2.45 periods), wall: 35.363 minutes, Δt:   3.03, CFL: 7.20e-01
i:  82200, t:  154398.8 s, ωt:  15.44 (2.46 periods), wall: 35.406 minutes, Δt:   3.45, CFL: 7.20e-01
i:  82300, t:  154709.4 s, ωt:  15.47 (2.46 periods), wall: 35.448 minutes, Δt:   3.18, CFL: 7.20e-01
i:  82400, t:  155009.2 s, ωt:  15.50 (2.47 periods), wall: 35.491 minutes, Δt:   3.52, CFL: 7.20e-01
i:  82500, t:  155395.5 s, ωt:  15.54 (2.47 periods), wall: 35.533 minutes, Δt:   4.05, CFL: 7.20e-01
i:  82600, t:  155747.9 s, ωt:  15.57 (2.48 periods), wall: 35.576 minutes, Δt:   3.07, CFL: 7.20e-01
i:  82700, t:  156147.1 s, ωt:  15.61 (2.49 periods), wall: 35.619 minutes, Δt:   5.26, CFL: 7.20e-01
i:  82800, t:  156671.8 s, ωt:  15.67 (2.49 periods), wall: 35.662 minutes, Δt:   4.87, CFL: 7.20e-01
i:  82900, t:  157224.9 s, ωt:  15.72 (2.50 periods), wall: 35.707 minutes, Δt:   6.13, CFL: 7.20e-01
i:  83000, t:  157810.6 s, ωt:  15.78 (2.51 periods), wall: 35.750 minutes, Δt:   6.15, CFL: 7.20e-01
i:  83100, t:  158327.4 s, ωt:  15.83 (2.52 periods), wall: 35.793 minutes, Δt:   4.96, CFL: 7.20e-01
i:  83200, t:  158834.0 s, ωt:  15.88 (2.53 periods), wall: 35.836 minutes, Δt:   5.38, CFL: 7.20e-01
i:  83300, t:  159291.1 s, ωt:  15.93 (2.54 periods), wall: 35.878 minutes, Δt:   4.08, CFL: 7.20e-01
i:  83400, t:  159708.0 s, ωt:  15.97 (2.54 periods), wall: 35.921 minutes, Δt:   3.55, CFL: 7.20e-01
i:  83500, t:  160075.7 s, ωt:  16.01 (2.55 periods), wall: 35.964 minutes, Δt:   3.90, CFL: 7.20e-01
i:  83600, t:  160450.1 s, ωt:  16.05 (2.55 periods), wall: 36.006 minutes, Δt:   3.54, CFL: 7.20e-01
i:  83700, t:  160774.7 s, ωt:  16.08 (2.56 periods), wall: 36.049 minutes, Δt:   3.49, CFL: 7.20e-01
i:  83800, t:  161088.8 s, ωt:  16.11 (2.56 periods), wall: 36.092 minutes, Δt:   2.95, CFL: 7.20e-01
i:  83900, t:  161364.7 s, ωt:  16.14 (2.57 periods), wall: 36.135 minutes, Δt:   2.54, CFL: 7.20e-01
i:  84000, t:  161619.1 s, ωt:  16.16 (2.57 periods), wall: 36.177 minutes, Δt:   2.69, CFL: 7.20e-01
i:  84100, t:  161899.1 s, ωt:  16.19 (2.58 periods), wall: 36.220 minutes, Δt:   2.61, CFL: 7.20e-01
i:  84200, t:  162135.1 s, ωt:  16.21 (2.58 periods), wall: 36.263 minutes, Δt:   2.09, CFL: 7.20e-01
i:  84300, t:  162367.5 s, ωt:  16.24 (2.58 periods), wall: 36.305 minutes, Δt:   2.27, CFL: 7.20e-01
i:  84400, t:  162586.0 s, ωt:  16.26 (2.59 periods), wall: 36.348 minutes, Δt:   2.16, CFL: 7.20e-01
i:  84500, t:  162801.0 s, ωt:  16.28 (2.59 periods), wall: 36.391 minutes, Δt:   2.23, CFL: 7.20e-01
i:  84600, t:  163022.2 s, ωt:  16.30 (2.59 periods), wall: 36.433 minutes, Δt:   2.20, CFL: 7.20e-01
i:  84700, t:  163235.6 s, ωt:  16.32 (2.60 periods), wall: 36.476 minutes, Δt:   2.16, CFL: 7.20e-01
i:  84800, t:  163432.5 s, ωt:  16.34 (2.60 periods), wall: 36.519 minutes, Δt:   1.97, CFL: 7.20e-01
i:  84900, t:  163630.8 s, ωt:  16.36 (2.60 periods), wall: 36.561 minutes, Δt:   1.91, CFL: 7.20e-01
i:  85000, t:  163830.6 s, ωt:  16.38 (2.61 periods), wall: 36.604 minutes, Δt:   2.06, CFL: 7.20e-01
i:  85100, t:  164030.8 s, ωt:  16.40 (2.61 periods), wall: 36.647 minutes, Δt:   1.83, CFL: 7.20e-01
i:  85200, t:  164227.6 s, ωt:  16.42 (2.61 periods), wall: 36.689 minutes, Δt:   1.83, CFL: 7.20e-01
i:  85300, t:  164408.1 s, ωt:  16.44 (2.62 periods), wall: 36.732 minutes, Δt:   1.87, CFL: 7.20e-01
i:  85400, t:  164598.4 s, ωt:  16.46 (2.62 periods), wall: 36.774 minutes, Δt:   1.98, CFL: 7.20e-01
i:  85500, t:  164790.2 s, ωt:  16.48 (2.62 periods), wall: 36.817 minutes, Δt:   1.85, CFL: 7.20e-01
i:  85600, t:  164959.7 s, ωt:  16.50 (2.63 periods), wall: 36.860 minutes, Δt:   1.72, CFL: 7.20e-01
i:  85700, t:  165132.8 s, ωt:  16.51 (2.63 periods), wall: 36.903 minutes, Δt:   2.01, CFL: 7.20e-01
i:  85800, t:  165300.6 s, ωt:  16.53 (2.63 periods), wall: 36.945 minutes, Δt:   1.46, CFL: 7.20e-01
i:  85900, t:  165462.7 s, ωt:  16.55 (2.63 periods), wall: 36.988 minutes, Δt:   1.60, CFL: 7.20e-01
i:  86000, t:  165628.4 s, ωt:  16.56 (2.64 periods), wall: 37.031 minutes, Δt:   1.76, CFL: 7.20e-01
i:  86100, t:  165786.5 s, ωt:  16.58 (2.64 periods), wall: 37.073 minutes, Δt:   1.49, CFL: 7.20e-01
i:  86200, t:  165948.6 s, ωt:  16.59 (2.64 periods), wall: 37.116 minutes, Δt:   1.54, CFL: 7.20e-01
i:  86300, t:  166111.4 s, ωt:  16.61 (2.64 periods), wall: 37.158 minutes, Δt:   1.80, CFL: 7.20e-01
i:  86400, t:  166267.9 s, ωt:  16.63 (2.65 periods), wall: 37.201 minutes, Δt:   1.59, CFL: 7.20e-01
i:  86500, t:  166422.8 s, ωt:  16.64 (2.65 periods), wall: 37.244 minutes, Δt:   1.71, CFL: 7.20e-01
i:  86600, t:  166577.5 s, ωt:  16.66 (2.65 periods), wall: 37.287 minutes, Δt:   1.58, CFL: 7.20e-01
i:  86700, t:  166732.7 s, ωt:  16.67 (2.65 periods), wall: 37.329 minutes, Δt:   1.44, CFL: 7.20e-01
i:  86800, t:  166882.7 s, ωt:  16.69 (2.66 periods), wall: 37.372 minutes, Δt:   1.57, CFL: 7.20e-01
i:  86900, t:  167040.0 s, ωt:  16.70 (2.66 periods), wall: 37.415 minutes, Δt:   1.20, CFL: 7.20e-01
i:  87000, t:  167174.9 s, ωt:  16.72 (2.66 periods), wall: 37.457 minutes, Δt:   1.53, CFL: 7.20e-01
i:  87100, t:  167308.1 s, ωt:  16.73 (2.66 periods), wall: 37.500 minutes, Δt:   1.46, CFL: 7.20e-01
i:  87200, t:  167458.2 s, ωt:  16.75 (2.67 periods), wall: 37.543 minutes, Δt:   1.21, CFL: 7.20e-01
i:  87300, t:  167602.0 s, ωt:  16.76 (2.67 periods), wall: 37.585 minutes, Δt:   1.56, CFL: 7.20e-01
i:  87400, t:  167748.0 s, ωt:  16.77 (2.67 periods), wall: 37.628 minutes, Δt:   1.49, CFL: 7.20e-01
i:  87500, t:  167897.2 s, ωt:  16.79 (2.67 periods), wall: 37.670 minutes, Δt:   1.48, CFL: 7.20e-01
i:  87600, t:  168035.2 s, ωt:  16.80 (2.67 periods), wall: 37.713 minutes, Δt:   1.45, CFL: 7.20e-01
i:  87700, t:  168177.6 s, ωt:  16.82 (2.68 periods), wall: 37.756 minutes, Δt:   1.34, CFL: 7.20e-01
i:  87800, t:  168324.3 s, ωt:  16.83 (2.68 periods), wall: 37.798 minutes, Δt:   1.53, CFL: 7.20e-01
i:  87900, t:  168476.9 s, ωt:  16.85 (2.68 periods), wall: 37.841 minutes, Δt:   1.54, CFL: 7.20e-01
i:  88000, t:  168619.1 s, ωt:  16.86 (2.68 periods), wall: 37.884 minutes, Δt:   1.35, CFL: 7.20e-01
i:  88100, t:  168760.1 s, ωt:  16.88 (2.69 periods), wall: 37.926 minutes, Δt:   1.37, CFL: 7.20e-01
i:  88200, t:  168903.6 s, ωt:  16.89 (2.69 periods), wall: 37.969 minutes, Δt:   1.21, CFL: 7.20e-01
i:  88300, t:  169026.3 s, ωt:  16.90 (2.69 periods), wall: 38.012 minutes, Δt:   1.25, CFL: 7.20e-01
i:  88400, t:  169165.3 s, ωt:  16.92 (2.69 periods), wall: 38.054 minutes, Δt:   1.57, CFL: 7.20e-01
i:  88500, t:  169316.9 s, ωt:  16.93 (2.69 periods), wall: 38.097 minutes, Δt:   1.45, CFL: 7.20e-01
i:  88600, t:  169449.9 s, ωt:  16.94 (2.70 periods), wall: 38.139 minutes, Δt:   1.43, CFL: 7.20e-01
i:  88700, t:  169582.7 s, ωt:  16.96 (2.70 periods), wall: 38.182 minutes, Δt:   1.17, CFL: 7.20e-01
i:  88800, t:  169715.3 s, ωt:  16.97 (2.70 periods), wall: 38.225 minutes, Δt:   1.32, CFL: 7.20e-01
i:  88900, t:  169853.2 s, ωt:  16.99 (2.70 periods), wall: 38.267 minutes, Δt:   1.29, CFL: 7.20e-01
i:  89000, t:  169990.6 s, ωt:  17.00 (2.71 periods), wall: 38.310 minutes, Δt:   1.36, CFL: 7.20e-01
i:  89100, t:  170124.5 s, ωt:  17.01 (2.71 periods), wall: 38.353 minutes, Δt:   1.13, CFL: 7.20e-01
i:  89200, t:  170238.7 s, ωt:  17.02 (2.71 periods), wall: 38.395 minutes, Δt:   1.28, CFL: 7.20e-01
i:  89300, t:  170372.4 s, ωt:  17.04 (2.71 periods), wall: 38.438 minutes, Δt:   1.47, CFL: 7.20e-01
i:  89400, t:  170493.0 s, ωt:  17.05 (2.71 periods), wall: 38.481 minutes, Δt:   1.44, CFL: 7.20e-01
i:  89500, t:  170631.2 s, ωt:  17.06 (2.72 periods), wall: 38.523 minutes, Δt:   1.21, CFL: 7.20e-01
i:  89600, t:  170747.3 s, ωt:  17.07 (2.72 periods), wall: 38.566 minutes, Δt:   1.12, CFL: 7.20e-01
i:  89700, t:  170876.7 s, ωt:  17.09 (2.72 periods), wall: 38.609 minutes, Δt:   1.39, CFL: 7.20e-01
i:  89800, t:  171015.1 s, ωt:  17.10 (2.72 periods), wall: 38.651 minutes, Δt:   1.23, CFL: 7.20e-01
i:  89900, t:  171147.3 s, ωt:  17.11 (2.72 periods), wall: 38.694 minutes, Δt:   1.23, CFL: 7.20e-01
i:  90000, t:  171281.9 s, ωt:  17.13 (2.73 periods), wall: 38.736 minutes, Δt:   1.23, CFL: 7.20e-01
i:  90100, t:  171412.6 s, ωt:  17.14 (2.73 periods), wall: 38.779 minutes, Δt:   1.30, CFL: 7.20e-01
i:  90200, t:  171545.9 s, ωt:  17.15 (2.73 periods), wall: 38.822 minutes, Δt:   1.33, CFL: 7.20e-01
i:  90300, t:  171677.0 s, ωt:  17.17 (2.73 periods), wall: 38.864 minutes, Δt:   1.51, CFL: 7.20e-01
i:  90400, t:  171814.6 s, ωt:  17.18 (2.73 periods), wall: 38.907 minutes, Δt:   1.39, CFL: 7.20e-01
i:  90500, t:  171939.1 s, ωt:  17.19 (2.74 periods), wall: 38.950 minutes, Δt:   1.13, CFL: 7.20e-01
i:  90600, t:  172068.8 s, ωt:  17.21 (2.74 periods), wall: 38.992 minutes, Δt:   1.32, CFL: 7.20e-01
i:  90700, t:  172200.7 s, ωt:  17.22 (2.74 periods), wall: 39.035 minutes, Δt:   1.44, CFL: 7.20e-01
i:  90800, t:  172333.6 s, ωt:  17.23 (2.74 periods), wall: 39.078 minutes, Δt:   1.33, CFL: 7.20e-01
i:  90900, t:  172467.9 s, ωt:  17.25 (2.74 periods), wall: 39.120 minutes, Δt:   1.25, CFL: 7.20e-01
i:  91000, t:  172592.3 s, ωt:  17.26 (2.75 periods), wall: 39.163 minutes, Δt:   1.38, CFL: 7.20e-01
i:  91100, t:  172729.7 s, ωt:  17.27 (2.75 periods), wall: 39.206 minutes, Δt:   1.44, CFL: 7.20e-01
i:  91200, t:  172856.2 s, ωt:  17.29 (2.75 periods), wall: 39.248 minutes, Δt:   1.36, CFL: 7.20e-01
i:  91300, t:  172983.4 s, ωt:  17.30 (2.75 periods), wall: 39.291 minutes, Δt:   1.10, CFL: 7.20e-01
i:  91400, t:  173095.9 s, ωt:  17.31 (2.75 periods), wall: 39.334 minutes, Δt:   1.37, CFL: 7.20e-01
i:  91500, t:  173213.6 s, ωt:  17.32 (2.76 periods), wall: 39.376 minutes, Δt:   1.27, CFL: 7.20e-01
i:  91600, t:  173349.0 s, ωt:  17.33 (2.76 periods), wall: 39.419 minutes, Δt:   1.24, CFL: 7.20e-01
i:  91700, t:  173487.2 s, ωt:  17.35 (2.76 periods), wall: 39.462 minutes, Δt:   1.38, CFL: 7.20e-01
i:  91800, t:  173628.7 s, ωt:  17.36 (2.76 periods), wall: 39.504 minutes, Δt:   1.30, CFL: 7.20e-01
i:  91900, t:  173754.3 s, ωt:  17.38 (2.77 periods), wall: 39.547 minutes, Δt:   1.18, CFL: 7.20e-01
i:  92000, t:  173885.6 s, ωt:  17.39 (2.77 periods), wall: 39.590 minutes, Δt:   1.45, CFL: 7.20e-01
i:  92100, t:  174028.8 s, ωt:  17.40 (2.77 periods), wall: 39.632 minutes, Δt:   1.40, CFL: 7.20e-01
i:  92200, t:  174162.4 s, ωt:  17.42 (2.77 periods), wall: 39.675 minutes, Δt:   1.49, CFL: 7.20e-01
i:  92300, t:  174299.5 s, ωt:  17.43 (2.77 periods), wall: 39.718 minutes, Δt:   1.36, CFL: 7.20e-01
i:  92400, t:  174434.1 s, ωt:  17.44 (2.78 periods), wall: 39.760 minutes, Δt:   1.21, CFL: 7.20e-01
i:  92500, t:  174567.5 s, ωt:  17.46 (2.78 periods), wall: 39.803 minutes, Δt:   1.28, CFL: 7.20e-01
i:  92600, t:  174713.6 s, ωt:  17.47 (2.78 periods), wall: 39.846 minutes, Δt:   1.55, CFL: 7.20e-01
i:  92700, t:  174856.7 s, ωt:  17.49 (2.78 periods), wall: 39.888 minutes, Δt:   1.36, CFL: 7.20e-01
i:  92800, t:  174998.0 s, ωt:  17.50 (2.79 periods), wall: 39.931 minutes, Δt:   1.47, CFL: 7.20e-01
i:  92900, t:  175132.3 s, ωt:  17.51 (2.79 periods), wall: 39.974 minutes, Δt:   1.26, CFL: 7.20e-01
i:  93000, t:  175261.4 s, ωt:  17.53 (2.79 periods), wall: 40.016 minutes, Δt:   1.13, CFL: 7.20e-01
i:  93100, t:  175380.1 s, ωt:  17.54 (2.79 periods), wall: 40.059 minutes, Δt:   1.23, CFL: 7.20e-01
i:  93200, t:  175498.7 s, ωt:  17.55 (2.79 periods), wall: 40.101 minutes, Δt:   1.35, CFL: 7.20e-01
i:  93300, t:  175631.3 s, ωt:  17.56 (2.80 periods), wall: 40.144 minutes, Δt:   1.25, CFL: 7.20e-01
i:  93400, t:  175765.2 s, ωt:  17.58 (2.80 periods), wall: 40.187 minutes, Δt:   1.51, CFL: 7.20e-01
i:  93500, t:  175907.0 s, ωt:  17.59 (2.80 periods), wall: 40.230 minutes, Δt:   1.32, CFL: 7.20e-01
i:  93600, t:  176058.4 s, ωt:  17.61 (2.80 periods), wall: 40.273 minutes, Δt:   1.39, CFL: 7.20e-01
i:  93700, t:  176206.2 s, ωt:  17.62 (2.80 periods), wall: 40.316 minutes, Δt:   1.27, CFL: 7.20e-01
i:  93800, t:  176336.0 s, ωt:  17.63 (2.81 periods), wall: 40.359 minutes, Δt:   1.47, CFL: 7.20e-01
i:  93900, t:  176471.0 s, ωt:  17.65 (2.81 periods), wall: 40.401 minutes, Δt:   1.48, CFL: 7.20e-01
i:  94000, t:  176616.2 s, ωt:  17.66 (2.81 periods), wall: 40.444 minutes, Δt:   1.52, CFL: 7.20e-01
i:  94100, t:  176753.9 s, ωt:  17.68 (2.81 periods), wall: 40.487 minutes, Δt:   1.33, CFL: 7.20e-01
i:  94200, t:  176900.0 s, ωt:  17.69 (2.82 periods), wall: 40.529 minutes, Δt:   1.57, CFL: 7.20e-01
i:  94300, t:  177036.6 s, ωt:  17.70 (2.82 periods), wall: 40.572 minutes, Δt:   1.35, CFL: 7.20e-01
i:  94400, t:  177169.6 s, ωt:  17.72 (2.82 periods), wall: 40.614 minutes, Δt:   1.47, CFL: 7.20e-01
i:  94500, t:  177319.2 s, ωt:  17.73 (2.82 periods), wall: 40.657 minutes, Δt:   1.34, CFL: 7.20e-01
i:  94600, t:  177459.3 s, ωt:  17.75 (2.82 periods), wall: 40.700 minutes, Δt:   1.24, CFL: 7.20e-01
i:  94700, t:  177594.5 s, ωt:  17.76 (2.83 periods), wall: 40.742 minutes, Δt:   1.57, CFL: 7.20e-01
i:  94800, t:  177743.4 s, ωt:  17.77 (2.83 periods), wall: 40.785 minutes, Δt:   1.52, CFL: 7.20e-01
i:  94900, t:  177884.8 s, ωt:  17.79 (2.83 periods), wall: 40.828 minutes, Δt:   1.59, CFL: 7.20e-01
i:  95000, t:  178029.2 s, ωt:  17.80 (2.83 periods), wall: 40.870 minutes, Δt:   1.45, CFL: 7.20e-01
i:  95100, t:  178182.7 s, ωt:  17.82 (2.84 periods), wall: 40.913 minutes, Δt:   1.45, CFL: 7.20e-01
i:  95200, t:  178325.6 s, ωt:  17.83 (2.84 periods), wall: 40.956 minutes, Δt:   1.10, CFL: 7.20e-01
i:  95300, t:  178458.3 s, ωt:  17.85 (2.84 periods), wall: 40.998 minutes, Δt:   1.41, CFL: 7.20e-01
i:  95400, t:  178613.1 s, ωt:  17.86 (2.84 periods), wall: 41.041 minutes, Δt:   1.79, CFL: 7.20e-01
i:  95500, t:  178779.2 s, ωt:  17.88 (2.85 periods), wall: 41.084 minutes, Δt:   1.51, CFL: 7.20e-01
i:  95600, t:  178934.0 s, ωt:  17.89 (2.85 periods), wall: 41.126 minutes, Δt:   1.72, CFL: 7.20e-01
i:  95700, t:  179108.3 s, ωt:  17.91 (2.85 periods), wall: 41.169 minutes, Δt:   1.82, CFL: 7.20e-01
i:  95800, t:  179262.0 s, ωt:  17.93 (2.85 periods), wall: 41.212 minutes, Δt:   1.47, CFL: 7.20e-01
i:  95900, t:  179431.4 s, ωt:  17.94 (2.86 periods), wall: 41.254 minutes, Δt:   1.44, CFL: 7.20e-01
i:  96000, t:  179601.6 s, ωt:  17.96 (2.86 periods), wall: 41.297 minutes, Δt:   1.51, CFL: 7.20e-01
i:  96100, t:  179761.2 s, ωt:  17.98 (2.86 periods), wall: 41.340 minutes, Δt:   1.87, CFL: 7.20e-01
i:  96200, t:  179929.4 s, ωt:  17.99 (2.86 periods), wall: 41.382 minutes, Δt:   1.86, CFL: 7.20e-01
i:  96300, t:  180110.2 s, ωt:  18.01 (2.87 periods), wall: 41.425 minutes, Δt:   1.61, CFL: 7.20e-01
i:  96400, t:  180271.5 s, ωt:  18.03 (2.87 periods), wall: 41.468 minutes, Δt:   1.71, CFL: 7.20e-01
i:  96500, t:  180455.6 s, ωt:  18.05 (2.87 periods), wall: 41.510 minutes, Δt:   1.74, CFL: 7.20e-01
i:  96600, t:  180635.1 s, ωt:  18.06 (2.87 periods), wall: 41.553 minutes, Δt:   1.76, CFL: 7.20e-01
i:  96700, t:  180812.7 s, ωt:  18.08 (2.88 periods), wall: 41.596 minutes, Δt:   1.64, CFL: 7.20e-01
i:  96800, t:  180975.1 s, ωt:  18.10 (2.88 periods), wall: 41.638 minutes, Δt:   1.33, CFL: 7.20e-01
i:  96900, t:  181126.5 s, ωt:  18.11 (2.88 periods), wall: 41.681 minutes, Δt:   1.92, CFL: 7.20e-01
i:  97000, t:  181312.7 s, ωt:  18.13 (2.89 periods), wall: 41.724 minutes, Δt:   2.03, CFL: 7.20e-01
i:  97100, t:  181493.4 s, ωt:  18.15 (2.89 periods), wall: 41.766 minutes, Δt:   1.77, CFL: 7.20e-01
i:  97200, t:  181678.1 s, ωt:  18.17 (2.89 periods), wall: 41.809 minutes, Δt:   1.95, CFL: 7.20e-01
i:  97300, t:  181870.8 s, ωt:  18.19 (2.89 periods), wall: 41.852 minutes, Δt:   2.24, CFL: 7.20e-01
i:  97400, t:  182069.1 s, ωt:  18.21 (2.90 periods), wall: 41.894 minutes, Δt:   1.86, CFL: 7.20e-01
i:  97500, t:  182256.5 s, ωt:  18.23 (2.90 periods), wall: 41.937 minutes, Δt:   2.13, CFL: 7.20e-01
i:  97600, t:  182448.4 s, ωt:  18.24 (2.90 periods), wall: 41.980 minutes, Δt:   1.77, CFL: 7.20e-01
i:  97700, t:  182623.8 s, ωt:  18.26 (2.91 periods), wall: 42.022 minutes, Δt:   2.13, CFL: 7.20e-01
i:  97800, t:  182868.3 s, ωt:  18.29 (2.91 periods), wall: 42.065 minutes, Δt:   2.47, CFL: 7.20e-01
i:  97900, t:  183099.2 s, ωt:  18.31 (2.91 periods), wall: 42.108 minutes, Δt:   2.20, CFL: 7.20e-01
i:  98000, t:  183301.7 s, ωt:  18.33 (2.92 periods), wall: 42.150 minutes, Δt:   1.61, CFL: 7.20e-01
i:  98100, t:  183488.1 s, ωt:  18.35 (2.92 periods), wall: 42.193 minutes, Δt:   1.72, CFL: 7.20e-01
i:  98200, t:  183665.6 s, ωt:  18.37 (2.92 periods), wall: 42.236 minutes, Δt:   1.83, CFL: 7.20e-01
i:  98300, t:  183880.0 s, ωt:  18.39 (2.93 periods), wall: 42.278 minutes, Δt:   2.39, CFL: 7.20e-01
i:  98400, t:  184087.8 s, ωt:  18.41 (2.93 periods), wall: 42.321 minutes, Δt:   2.19, CFL: 7.20e-01
i:  98500, t:  184329.2 s, ωt:  18.43 (2.93 periods), wall: 42.363 minutes, Δt:   2.30, CFL: 7.20e-01
i:  98600, t:  184569.0 s, ωt:  18.46 (2.94 periods), wall: 42.406 minutes, Δt:   2.75, CFL: 7.20e-01
i:  98700, t:  184814.1 s, ωt:  18.48 (2.94 periods), wall: 42.449 minutes, Δt:   2.65, CFL: 7.20e-01
i:  98800, t:  185093.3 s, ωt:  18.51 (2.95 periods), wall: 42.492 minutes, Δt:   2.54, CFL: 7.20e-01
i:  98900, t:  185380.6 s, ωt:  18.54 (2.95 periods), wall: 42.534 minutes, Δt:   2.81, CFL: 7.20e-01
i:  99000, t:  185664.4 s, ωt:  18.57 (2.95 periods), wall: 42.577 minutes, Δt:   3.00, CFL: 7.20e-01
i:  99100, t:  185952.4 s, ωt:  18.60 (2.96 periods), wall: 42.620 minutes, Δt:   3.05, CFL: 7.20e-01
i:  99200, t:  186251.5 s, ωt:  18.63 (2.96 periods), wall: 42.662 minutes, Δt:   3.32, CFL: 7.20e-01
i:  99300, t:  186523.7 s, ωt:  18.65 (2.97 periods), wall: 42.705 minutes, Δt:   2.73, CFL: 7.20e-01
i:  99400, t:  186840.0 s, ωt:  18.68 (2.97 periods), wall: 42.748 minutes, Δt:   3.40, CFL: 7.20e-01
i:  99500, t:  187268.7 s, ωt:  18.73 (2.98 periods), wall: 42.791 minutes, Δt:   4.80, CFL: 7.20e-01
i:  99600, t:  187719.1 s, ωt:  18.77 (2.99 periods), wall: 42.833 minutes, Δt:   4.99, CFL: 7.20e-01
i:  99700, t:  188206.4 s, ωt:  18.82 (3.00 periods), wall: 42.876 minutes, Δt:   4.55, CFL: 7.20e-01
i:  99800, t:  188704.0 s, ωt:  18.87 (3.00 periods), wall: 42.922 minutes, Δt:   5.46, CFL: 7.20e-01
i:  99900, t:  189256.4 s, ωt:  18.93 (3.01 periods), wall: 42.965 minutes, Δt:   5.32, CFL: 7.20e-01
i: 100000, t:  189818.0 s, ωt:  18.98 (3.02 periods), wall: 43.008 minutes, Δt:   4.31, CFL: 7.20e-01
i: 100100, t:  190297.8 s, ωt:  19.03 (3.03 periods), wall: 43.050 minutes, Δt:   5.47, CFL: 7.20e-01
i: 100200, t:  190822.2 s, ωt:  19.08 (3.04 periods), wall: 43.093 minutes, Δt:   5.11, CFL: 7.20e-01
i: 100300, t:  191272.8 s, ωt:  19.13 (3.04 periods), wall: 43.136 minutes, Δt:   4.25, CFL: 7.20e-01
i: 100400, t:  191659.6 s, ωt:  19.17 (3.05 periods), wall: 43.179 minutes, Δt:   3.85, CFL: 7.20e-01
i: 100500, t:  192016.7 s, ωt:  19.20 (3.06 periods), wall: 43.221 minutes, Δt:   3.54, CFL: 7.20e-01
i: 100600, t:  192352.8 s, ωt:  19.24 (3.06 periods), wall: 43.264 minutes, Δt:   2.92, CFL: 7.20e-01
i: 100700, t:  192695.6 s, ωt:  19.27 (3.07 periods), wall: 43.307 minutes, Δt:   3.23, CFL: 7.20e-01
i: 100800, t:  193017.6 s, ωt:  19.30 (3.07 periods), wall: 43.349 minutes, Δt:   3.19, CFL: 7.20e-01
i: 100900, t:  193301.6 s, ωt:  19.33 (3.08 periods), wall: 43.392 minutes, Δt:   2.43, CFL: 7.20e-01
i: 101000, t:  193564.3 s, ωt:  19.36 (3.08 periods), wall: 43.435 minutes, Δt:   2.88, CFL: 7.20e-01
i: 101100, t:  193825.7 s, ωt:  19.38 (3.08 periods), wall: 43.478 minutes, Δt:   2.36, CFL: 7.20e-01
i: 101200, t:  194079.1 s, ωt:  19.41 (3.09 periods), wall: 43.520 minutes, Δt:   2.83, CFL: 7.20e-01
i: 101300, t:  194321.5 s, ωt:  19.43 (3.09 periods), wall: 43.563 minutes, Δt:   2.37, CFL: 7.20e-01
i: 101400, t:  194531.7 s, ωt:  19.45 (3.10 periods), wall: 43.606 minutes, Δt:   2.25, CFL: 7.20e-01
i: 101500, t:  194754.3 s, ωt:  19.48 (3.10 periods), wall: 43.648 minutes, Δt:   2.00, CFL: 7.20e-01
i: 101600, t:  194957.2 s, ωt:  19.50 (3.10 periods), wall: 43.691 minutes, Δt:   2.25, CFL: 7.20e-01
i: 101700, t:  195178.1 s, ωt:  19.52 (3.11 periods), wall: 43.733 minutes, Δt:   2.21, CFL: 7.20e-01
i: 101800, t:  195387.5 s, ωt:  19.54 (3.11 periods), wall: 43.776 minutes, Δt:   1.65, CFL: 7.20e-01
i: 101900, t:  195582.0 s, ωt:  19.56 (3.11 periods), wall: 43.819 minutes, Δt:   1.82, CFL: 7.20e-01
i: 102000, t:  195775.1 s, ωt:  19.58 (3.12 periods), wall: 43.862 minutes, Δt:   1.97, CFL: 7.20e-01
i: 102100, t:  195955.4 s, ωt:  19.60 (3.12 periods), wall: 43.904 minutes, Δt:   1.92, CFL: 7.20e-01
i: 102200, t:  196138.0 s, ωt:  19.61 (3.12 periods), wall: 43.947 minutes, Δt:   1.70, CFL: 7.20e-01
i: 102300, t:  196305.2 s, ωt:  19.63 (3.12 periods), wall: 43.989 minutes, Δt:   1.77, CFL: 7.20e-01
i: 102400, t:  196474.3 s, ωt:  19.65 (3.13 periods), wall: 44.032 minutes, Δt:   1.61, CFL: 7.20e-01
i: 102500, t:  196648.7 s, ωt:  19.66 (3.13 periods), wall: 44.075 minutes, Δt:   1.69, CFL: 7.20e-01
i: 102600, t:  196825.0 s, ωt:  19.68 (3.13 periods), wall: 44.117 minutes, Δt:   1.64, CFL: 7.20e-01
i: 102700, t:  196990.1 s, ωt:  19.70 (3.14 periods), wall: 44.160 minutes, Δt:   1.63, CFL: 7.20e-01
i: 102800, t:  197158.3 s, ωt:  19.72 (3.14 periods), wall: 44.202 minutes, Δt:   1.83, CFL: 7.20e-01
i: 102900, t:  197317.9 s, ωt:  19.73 (3.14 periods), wall: 44.245 minutes, Δt:   1.58, CFL: 7.20e-01
i: 103000, t:  197494.7 s, ωt:  19.75 (3.14 periods), wall: 44.288 minutes, Δt:   1.70, CFL: 7.20e-01
i: 103100, t:  197671.6 s, ωt:  19.77 (3.15 periods), wall: 44.331 minutes, Δt:   1.67, CFL: 7.20e-01
i: 103200, t:  197831.6 s, ωt:  19.78 (3.15 periods), wall: 44.373 minutes, Δt:   1.62, CFL: 7.20e-01
i: 103300, t:  197999.6 s, ωt:  19.80 (3.15 periods), wall: 44.416 minutes, Δt:   1.65, CFL: 7.20e-01
i: 103400, t:  198162.7 s, ωt:  19.82 (3.15 periods), wall: 44.459 minutes, Δt:   1.57, CFL: 7.20e-01
i: 103500, t:  198329.1 s, ωt:  19.83 (3.16 periods), wall: 44.501 minutes, Δt:   1.61, CFL: 7.20e-01
i: 103600, t:  198493.7 s, ωt:  19.85 (3.16 periods), wall: 44.544 minutes, Δt:   1.66, CFL: 7.20e-01
i: 103700, t:  198658.0 s, ωt:  19.87 (3.16 periods), wall: 44.587 minutes, Δt:   1.61, CFL: 7.20e-01
i: 103800, t:  198818.3 s, ωt:  19.88 (3.16 periods), wall: 44.629 minutes, Δt:   1.32, CFL: 7.20e-01
i: 103900, t:  198957.4 s, ωt:  19.90 (3.17 periods), wall: 44.672 minutes, Δt:   1.51, CFL: 7.20e-01
i: 104000, t:  199118.1 s, ωt:  19.91 (3.17 periods), wall: 44.715 minutes, Δt:   1.67, CFL: 7.20e-01
i: 104100, t:  199277.2 s, ωt:  19.93 (3.17 periods), wall: 44.757 minutes, Δt:   1.50, CFL: 7.20e-01
i: 104200, t:  199423.3 s, ωt:  19.94 (3.17 periods), wall: 44.800 minutes, Δt:   1.46, CFL: 7.20e-01
i: 104300, t:  199581.3 s, ωt:  19.96 (3.18 periods), wall: 44.843 minutes, Δt:   1.72, CFL: 7.20e-01
i: 104400, t:  199735.4 s, ωt:  19.97 (3.18 periods), wall: 44.885 minutes, Δt:   1.62, CFL: 7.16e-01
i: 104500, t:  199892.9 s, ωt:  19.99 (3.18 periods), wall: 44.928 minutes, Δt:   1.44, CFL: 7.20e-01
i: 104600, t:  200043.4 s, ωt:  20.00 (3.18 periods), wall: 44.971 minutes, Δt:   1.49, CFL: 7.20e-01
i: 104700, t:  200200.2 s, ωt:  20.02 (3.19 periods), wall: 45.013 minutes, Δt:   1.59, CFL: 7.20e-01
i: 104800, t:  200345.9 s, ωt:  20.03 (3.19 periods), wall: 45.056 minutes, Δt:   1.22, CFL: 7.20e-01
i: 104900, t:  200481.9 s, ωt:  20.05 (3.19 periods), wall: 45.099 minutes, Δt:   1.61, CFL: 7.20e-01
i: 105000, t:  200631.6 s, ωt:  20.06 (3.19 periods), wall: 45.141 minutes, Δt:   1.40, CFL: 7.20e-01
i: 105100, t:  200773.7 s, ωt:  20.08 (3.20 periods), wall: 45.184 minutes, Δt:   1.29, CFL: 7.20e-01
i: 105200, t:  200911.4 s, ωt:  20.09 (3.20 periods), wall: 45.227 minutes, Δt:   1.50, CFL: 7.20e-01
i: 105300, t:  201057.2 s, ωt:  20.11 (3.20 periods), wall: 45.269 minutes, Δt:   1.48, CFL: 7.20e-01
i: 105400, t:  201196.6 s, ωt:  20.12 (3.20 periods), wall: 45.312 minutes, Δt:   1.27, CFL: 7.20e-01
i: 105500, t:  201334.2 s, ωt:  20.13 (3.20 periods), wall: 45.354 minutes, Δt:   1.45, CFL: 7.20e-01
i: 105600, t:  201475.1 s, ωt:  20.15 (3.21 periods), wall: 45.397 minutes, Δt:   1.19, CFL: 7.20e-01
i: 105700, t:  201609.1 s, ωt:  20.16 (3.21 periods), wall: 45.440 minutes, Δt:   1.41, CFL: 7.20e-01
i: 105800, t:  201744.4 s, ωt:  20.17 (3.21 periods), wall: 45.483 minutes, Δt:   1.30, CFL: 7.20e-01
i: 105900, t:  201882.4 s, ωt:  20.19 (3.21 periods), wall: 45.525 minutes, Δt:   1.41, CFL: 7.20e-01
i: 106000, t:  202023.2 s, ωt:  20.20 (3.22 periods), wall: 45.568 minutes, Δt:   1.46, CFL: 7.20e-01
i: 106100, t:  202164.6 s, ωt:  20.22 (3.22 periods), wall: 45.611 minutes, Δt:   1.38, CFL: 7.20e-01
i: 106200, t:  202311.4 s, ωt:  20.23 (3.22 periods), wall: 45.653 minutes, Δt:   1.55, CFL: 7.20e-01
i: 106300, t:  202453.6 s, ωt:  20.25 (3.22 periods), wall: 45.696 minutes, Δt:   1.30, CFL: 7.20e-01
i: 106400, t:  202589.8 s, ωt:  20.26 (3.22 periods), wall: 45.739 minutes, Δt:   1.31, CFL: 7.20e-01
i: 106500, t:  202724.9 s, ωt:  20.27 (3.23 periods), wall: 45.781 minutes, Δt:   1.14, CFL: 7.20e-01
i: 106600, t:  202839.0 s, ωt:  20.28 (3.23 periods), wall: 45.824 minutes, Δt:   1.27, CFL: 7.20e-01
i: 106700, t:  202967.6 s, ωt:  20.30 (3.23 periods), wall: 45.867 minutes, Δt:   1.32, CFL: 7.20e-01
i: 106800, t:  203106.9 s, ωt:  20.31 (3.23 periods), wall: 45.909 minutes, Δt:   1.41, CFL: 7.20e-01
i: 106900, t:  203250.9 s, ωt:  20.33 (3.23 periods), wall: 45.952 minutes, Δt:   1.21, CFL: 7.20e-01
i: 107000, t:  203384.4 s, ωt:  20.34 (3.24 periods), wall: 45.995 minutes, Δt:   1.40, CFL: 7.20e-01
i: 107100, t:  203526.8 s, ωt:  20.35 (3.24 periods), wall: 46.037 minutes, Δt:   1.36, CFL: 7.20e-01
i: 107200, t:  203652.4 s, ωt:  20.37 (3.24 periods), wall: 46.080 minutes, Δt:   1.28, CFL: 7.20e-01
i: 107300, t:  203781.5 s, ωt:  20.38 (3.24 periods), wall: 46.123 minutes, Δt:   1.25, CFL: 7.20e-01
i: 107400, t:  203905.4 s, ωt:  20.39 (3.25 periods), wall: 46.165 minutes, Δt:   1.03, CFL: 7.20e-01
i: 107500, t:  204028.6 s, ωt:  20.40 (3.25 periods), wall: 46.208 minutes, Δt:   1.22, CFL: 7.20e-01
i: 107600, t:  204163.5 s, ωt:  20.42 (3.25 periods), wall: 46.250 minutes, Δt:   1.41, CFL: 7.20e-01
i: 107700, t:  204298.7 s, ωt:  20.43 (3.25 periods), wall: 46.293 minutes, Δt:   1.16, CFL: 7.20e-01
i: 107800, t:  204421.9 s, ωt:  20.44 (3.25 periods), wall: 46.336 minutes, Δt:   1.24, CFL: 7.20e-01
i: 107900, t:  204552.0 s, ωt:  20.46 (3.26 periods), wall: 46.378 minutes, Δt:   1.32, CFL: 7.20e-01
i: 108000, t:  204682.3 s, ωt:  20.47 (3.26 periods), wall: 46.421 minutes, Δt:   1.37, CFL: 7.20e-01
i: 108100, t:  204817.7 s, ωt:  20.48 (3.26 periods), wall: 46.464 minutes, Δt:   1.37, CFL: 7.20e-01
i: 108200, t:  204942.4 s, ωt:  20.49 (3.26 periods), wall: 46.506 minutes, Δt:   1.21, CFL: 7.20e-01
i: 108300, t:  205074.3 s, ωt:  20.51 (3.26 periods), wall: 46.549 minutes, Δt:   1.37, CFL: 7.20e-01
i: 108400, t:  205205.7 s, ωt:  20.52 (3.27 periods), wall: 46.592 minutes, Δt:   1.31, CFL: 7.20e-01
i: 108500, t:  205333.9 s, ωt:  20.53 (3.27 periods), wall: 46.634 minutes, Δt:   1.16, CFL: 7.20e-01
i: 108600, t:  205464.2 s, ωt:  20.55 (3.27 periods), wall: 46.677 minutes, Δt:   1.43, CFL: 7.20e-01
i: 108700, t:  205610.2 s, ωt:  20.56 (3.27 periods), wall: 46.720 minutes, Δt:   1.44, CFL: 7.20e-01
i: 108800, t:  205750.9 s, ωt:  20.58 (3.27 periods), wall: 46.762 minutes, Δt:   1.22, CFL: 7.20e-01
i: 108900, t:  205894.3 s, ωt:  20.59 (3.28 periods), wall: 46.805 minutes, Δt:   1.55, CFL: 7.20e-01
i: 109000, t:  206035.5 s, ωt:  20.60 (3.28 periods), wall: 46.847 minutes, Δt:   1.45, CFL: 7.20e-01
i: 109100, t:  206176.3 s, ωt:  20.62 (3.28 periods), wall: 46.890 minutes, Δt:   1.41, CFL: 7.20e-01
i: 109200, t:  206315.3 s, ωt:  20.63 (3.28 periods), wall: 46.933 minutes, Δt:   1.33, CFL: 7.20e-01
i: 109300, t:  206457.5 s, ωt:  20.65 (3.29 periods), wall: 46.977 minutes, Δt:   1.35, CFL: 7.20e-01
i: 109400, t:  206599.1 s, ωt:  20.66 (3.29 periods), wall: 47.020 minutes, Δt:   1.41, CFL: 7.20e-01
i: 109500, t:  206748.5 s, ωt:  20.67 (3.29 periods), wall: 47.062 minutes, Δt:   1.46, CFL: 7.20e-01
i: 109600, t:  206890.3 s, ωt:  20.69 (3.29 periods), wall: 47.105 minutes, Δt:   1.42, CFL: 7.20e-01
i: 109700, t:  207048.3 s, ωt:  20.70 (3.30 periods), wall: 47.148 minutes, Δt:   1.53, CFL: 7.20e-01
i: 109800, t:  207197.5 s, ωt:  20.72 (3.30 periods), wall: 47.190 minutes, Δt:   1.34, CFL: 7.20e-01
i: 109900, t:  207340.8 s, ωt:  20.73 (3.30 periods), wall: 47.233 minutes, Δt:   1.50, CFL: 7.20e-01
i: 110000, t:  207468.2 s, ωt:  20.75 (3.30 periods), wall: 47.275 minutes, Δt:   1.37, CFL: 7.20e-01
i: 110100, t:  207611.7 s, ωt:  20.76 (3.30 periods), wall: 47.318 minutes, Δt:   1.64, CFL: 7.20e-01
i: 110200, t:  207743.8 s, ωt:  20.77 (3.31 periods), wall: 47.361 minutes, Δt:   1.42, CFL: 7.20e-01
i: 110300, t:  207897.1 s, ωt:  20.79 (3.31 periods), wall: 47.403 minutes, Δt:   1.45, CFL: 7.20e-01
i: 110400, t:  208030.6 s, ωt:  20.80 (3.31 periods), wall: 47.446 minutes, Δt:   1.37, CFL: 7.20e-01
i: 110500, t:  208182.5 s, ωt:  20.82 (3.31 periods), wall: 47.489 minutes, Δt:   1.58, CFL: 7.20e-01
i: 110600, t:  208331.6 s, ωt:  20.83 (3.32 periods), wall: 47.531 minutes, Δt:   1.31, CFL: 7.20e-01
i: 110700, t:  208471.1 s, ωt:  20.85 (3.32 periods), wall: 47.574 minutes, Δt:   1.34, CFL: 7.20e-01
i: 110800, t:  208610.9 s, ωt:  20.86 (3.32 periods), wall: 47.617 minutes, Δt:   1.46, CFL: 7.20e-01
i: 110900, t:  208764.9 s, ωt:  20.88 (3.32 periods), wall: 47.659 minutes, Δt:   1.53, CFL: 7.20e-01
i: 111000, t:  208925.7 s, ωt:  20.89 (3.33 periods), wall: 47.702 minutes, Δt:   1.62, CFL: 7.20e-01
i: 111100, t:  209086.0 s, ωt:  20.91 (3.33 periods), wall: 47.745 minutes, Δt:   1.64, CFL: 7.20e-01
i: 111200, t:  209238.6 s, ωt:  20.92 (3.33 periods), wall: 47.788 minutes, Δt:   1.14, CFL: 7.20e-01
i: 111300, t:  209372.6 s, ωt:  20.94 (3.33 periods), wall: 47.830 minutes, Δt:   1.47, CFL: 7.20e-01
i: 111400, t:  209520.9 s, ωt:  20.95 (3.33 periods), wall: 47.873 minutes, Δt:   1.72, CFL: 7.20e-01
i: 111500, t:  209662.9 s, ωt:  20.97 (3.34 periods), wall: 47.916 minutes, Δt:   1.23, CFL: 7.20e-01
i: 111600, t:  209813.4 s, ωt:  20.98 (3.34 periods), wall: 47.958 minutes, Δt:   1.75, CFL: 7.20e-01
i: 111700, t:  209981.9 s, ωt:  21.00 (3.34 periods), wall: 48.001 minutes, Δt:   1.73, CFL: 7.20e-01
i: 111800, t:  210145.7 s, ωt:  21.01 (3.34 periods), wall: 48.044 minutes, Δt:   1.59, CFL: 7.20e-01
i: 111900, t:  210309.1 s, ωt:  21.03 (3.35 periods), wall: 48.086 minutes, Δt:   1.54, CFL: 7.20e-01
i: 112000, t:  210488.6 s, ωt:  21.05 (3.35 periods), wall: 48.129 minutes, Δt:   2.00, CFL: 7.20e-01
i: 112100, t:  210639.5 s, ωt:  21.06 (3.35 periods), wall: 48.172 minutes, Δt:   1.42, CFL: 7.20e-01
i: 112200, t:  210778.8 s, ωt:  21.08 (3.35 periods), wall: 48.214 minutes, Δt:   1.29, CFL: 7.20e-01
i: 112300, t:  210920.6 s, ωt:  21.09 (3.36 periods), wall: 48.257 minutes, Δt:   1.64, CFL: 7.20e-01
i: 112400, t:  211094.1 s, ωt:  21.11 (3.36 periods), wall: 48.300 minutes, Δt:   1.66, CFL: 7.20e-01
i: 112500, t:  211255.7 s, ωt:  21.13 (3.36 periods), wall: 48.342 minutes, Δt:   1.58, CFL: 7.20e-01
i: 112600, t:  211426.0 s, ωt:  21.14 (3.36 periods), wall: 48.385 minutes, Δt:   1.70, CFL: 7.20e-01
i: 112700, t:  211602.0 s, ωt:  21.16 (3.37 periods), wall: 48.428 minutes, Δt:   1.88, CFL: 7.20e-01
i: 112800, t:  211777.1 s, ωt:  21.18 (3.37 periods), wall: 48.471 minutes, Δt:   1.74, CFL: 7.20e-01
i: 112900, t:  211951.0 s, ωt:  21.20 (3.37 periods), wall: 48.513 minutes, Δt:   1.69, CFL: 7.20e-01
i: 113000, t:  212132.3 s, ωt:  21.21 (3.38 periods), wall: 48.556 minutes, Δt:   1.79, CFL: 7.20e-01
i: 113100, t:  212300.1 s, ωt:  21.23 (3.38 periods), wall: 48.598 minutes, Δt:   1.89, CFL: 7.20e-01
i: 113200, t:  212477.5 s, ωt:  21.25 (3.38 periods), wall: 48.641 minutes, Δt:   1.87, CFL: 7.20e-01
i: 113300, t:  212678.0 s, ωt:  21.27 (3.38 periods), wall: 48.684 minutes, Δt:   2.19, CFL: 7.20e-01
i: 113400, t:  212885.0 s, ωt:  21.29 (3.39 periods), wall: 48.727 minutes, Δt:   2.01, CFL: 7.20e-01
i: 113500, t:  213080.1 s, ωt:  21.31 (3.39 periods), wall: 48.769 minutes, Δt:   2.01, CFL: 7.20e-01
i: 113600, t:  213288.1 s, ωt:  21.33 (3.39 periods), wall: 48.812 minutes, Δt:   2.29, CFL: 7.20e-01
i: 113700, t:  213505.2 s, ωt:  21.35 (3.40 periods), wall: 48.854 minutes, Δt:   2.27, CFL: 7.20e-01
i: 113800, t:  213705.6 s, ωt:  21.37 (3.40 periods), wall: 48.897 minutes, Δt:   1.83, CFL: 7.20e-01
i: 113900, t:  213926.8 s, ωt:  21.39 (3.40 periods), wall: 48.940 minutes, Δt:   2.09, CFL: 7.20e-01
i: 114000, t:  214136.2 s, ωt:  21.41 (3.41 periods), wall: 48.982 minutes, Δt:   1.86, CFL: 7.20e-01
i: 114100, t:  214344.0 s, ωt:  21.43 (3.41 periods), wall: 49.025 minutes, Δt:   2.34, CFL: 7.20e-01
i: 114200, t:  214589.6 s, ωt:  21.46 (3.42 periods), wall: 49.068 minutes, Δt:   2.53, CFL: 7.20e-01
i: 114300, t:  214850.0 s, ωt:  21.49 (3.42 periods), wall: 49.110 minutes, Δt:   2.52, CFL: 7.20e-01
i: 114400, t:  215089.4 s, ωt:  21.51 (3.42 periods), wall: 49.153 minutes, Δt:   2.27, CFL: 7.20e-01
i: 114500, t:  215318.9 s, ωt:  21.53 (3.43 periods), wall: 49.196 minutes, Δt:   2.76, CFL: 7.20e-01
i: 114600, t:  215564.9 s, ωt:  21.56 (3.43 periods), wall: 49.238 minutes, Δt:   2.14, CFL: 7.20e-01
i: 114700, t:  215781.3 s, ωt:  21.58 (3.43 periods), wall: 49.281 minutes, Δt:   2.18, CFL: 7.20e-01
i: 114800, t:  216017.8 s, ωt:  21.60 (3.44 periods), wall: 49.324 minutes, Δt:   2.12, CFL: 7.20e-01
i: 114900, t:  216279.0 s, ωt:  21.63 (3.44 periods), wall: 49.367 minutes, Δt:   2.93, CFL: 7.20e-01
i: 115000, t:  216578.3 s, ωt:  21.66 (3.45 periods), wall: 49.409 minutes, Δt:   3.09, CFL: 7.20e-01
i: 115100, t:  216910.4 s, ωt:  21.69 (3.45 periods), wall: 49.452 minutes, Δt:   3.47, CFL: 7.20e-01
i: 115200, t:  217272.5 s, ωt:  21.73 (3.46 periods), wall: 49.495 minutes, Δt:   3.65, CFL: 7.20e-01
i: 115300, t:  217618.8 s, ωt:  21.76 (3.46 periods), wall: 49.537 minutes, Δt:   2.92, CFL: 7.20e-01
i: 115400, t:  217992.2 s, ωt:  21.80 (3.47 periods), wall: 49.580 minutes, Δt:   4.62, CFL: 7.20e-01
i: 115500, t:  218466.2 s, ωt:  21.85 (3.48 periods), wall: 49.623 minutes, Δt:   5.01, CFL: 7.20e-01
i: 115600, t:  219012.2 s, ωt:  21.90 (3.49 periods), wall: 49.666 minutes, Δt:   6.53, CFL: 7.20e-01
i: 115700, t:  219587.6 s, ωt:  21.96 (3.49 periods), wall: 49.708 minutes, Δt:   6.13, CFL: 7.20e-01
i: 115800, t:  220156.8 s, ωt:  22.02 (3.50 periods), wall: 49.754 minutes, Δt:   5.46, CFL: 7.20e-01
i: 115900, t:  220750.4 s, ωt:  22.08 (3.51 periods), wall: 49.797 minutes, Δt:   5.71, CFL: 7.20e-01
i: 116000, t:  221304.5 s, ωt:  22.13 (3.52 periods), wall: 49.840 minutes, Δt:   5.45, CFL: 7.20e-01
i: 116100, t:  221851.1 s, ωt:  22.19 (3.53 periods), wall: 49.883 minutes, Δt:   5.28, CFL: 7.20e-01
i: 116200, t:  222345.6 s, ωt:  22.23 (3.54 periods), wall: 49.926 minutes, Δt:   4.65, CFL: 7.20e-01
i: 116300, t:  222786.5 s, ωt:  22.28 (3.55 periods), wall: 49.968 minutes, Δt:   4.79, CFL: 7.20e-01
i: 116400, t:  223217.3 s, ωt:  22.32 (3.55 periods), wall: 50.011 minutes, Δt:   3.96, CFL: 7.20e-01
i: 116500, t:  223581.2 s, ωt:  22.36 (3.56 periods), wall: 50.054 minutes, Δt:   3.30, CFL: 7.20e-01
i: 116600, t:  223923.4 s, ωt:  22.39 (3.56 periods), wall: 50.097 minutes, Δt:   3.05, CFL: 7.20e-01
i: 116700, t:  224220.9 s, ωt:  22.42 (3.57 periods), wall: 50.139 minutes, Δt:   2.88, CFL: 7.20e-01
i: 116800, t:  224523.1 s, ωt:  22.45 (3.57 periods), wall: 50.182 minutes, Δt:   2.65, CFL: 7.20e-01
i: 116900, t:  224783.8 s, ωt:  22.48 (3.58 periods), wall: 50.225 minutes, Δt:   2.48, CFL: 7.20e-01
i: 117000, t:  225048.8 s, ωt:  22.50 (3.58 periods), wall: 50.267 minutes, Δt:   2.46, CFL: 7.20e-01
i: 117100, t:  225269.5 s, ωt:  22.53 (3.59 periods), wall: 50.310 minutes, Δt:   1.89, CFL: 7.20e-01
i: 117200, t:  225492.7 s, ωt:  22.55 (3.59 periods), wall: 50.353 minutes, Δt:   2.40, CFL: 7.20e-01
i: 117300, t:  225714.9 s, ωt:  22.57 (3.59 periods), wall: 50.395 minutes, Δt:   2.05, CFL: 7.20e-01
i: 117400, t:  225931.9 s, ωt:  22.59 (3.60 periods), wall: 50.438 minutes, Δt:   2.19, CFL: 7.20e-01
i: 117500, t:  226142.2 s, ωt:  22.61 (3.60 periods), wall: 50.481 minutes, Δt:   2.31, CFL: 7.20e-01
i: 117600, t:  226333.3 s, ωt:  22.63 (3.60 periods), wall: 50.523 minutes, Δt:   1.76, CFL: 7.20e-01
i: 117700, t:  226527.2 s, ωt:  22.65 (3.61 periods), wall: 50.566 minutes, Δt:   2.05, CFL: 7.20e-01
i: 117800, t:  226733.0 s, ωt:  22.67 (3.61 periods), wall: 50.609 minutes, Δt:   1.89, CFL: 7.20e-01
i: 117900, t:  226924.6 s, ωt:  22.69 (3.61 periods), wall: 50.651 minutes, Δt:   1.88, CFL: 7.20e-01
i: 118000, t:  227104.9 s, ωt:  22.71 (3.61 periods), wall: 50.694 minutes, Δt:   1.69, CFL: 7.20e-01
i: 118100, t:  227278.8 s, ωt:  22.73 (3.62 periods), wall: 50.736 minutes, Δt:   1.84, CFL: 7.20e-01
i: 118200, t:  227452.8 s, ωt:  22.75 (3.62 periods), wall: 50.779 minutes, Δt:   1.60, CFL: 7.20e-01
i: 118300, t:  227614.7 s, ωt:  22.76 (3.62 periods), wall: 50.822 minutes, Δt:   1.76, CFL: 7.20e-01
i: 118400, t:  227790.0 s, ωt:  22.78 (3.63 periods), wall: 50.864 minutes, Δt:   1.84, CFL: 7.20e-01
i: 118500, t:  227973.6 s, ωt:  22.80 (3.63 periods), wall: 50.907 minutes, Δt:   1.59, CFL: 7.20e-01
i: 118600, t:  228148.9 s, ωt:  22.81 (3.63 periods), wall: 50.950 minutes, Δt:   1.73, CFL: 7.20e-01
i: 118700, t:  228311.5 s, ωt:  22.83 (3.63 periods), wall: 50.992 minutes, Δt:   1.77, CFL: 7.20e-01
i: 118800, t:  228472.9 s, ωt:  22.85 (3.64 periods), wall: 51.035 minutes, Δt:   1.46, CFL: 7.20e-01
i: 118900, t:  228614.7 s, ωt:  22.86 (3.64 periods), wall: 51.077 minutes, Δt:   1.56, CFL: 7.20e-01
i: 119000, t:  228770.9 s, ωt:  22.88 (3.64 periods), wall: 51.120 minutes, Δt:   1.65, CFL: 7.20e-01
i: 119100, t:  228931.0 s, ωt:  22.89 (3.64 periods), wall: 51.163 minutes, Δt:   1.52, CFL: 7.20e-01
i: 119200, t:  229084.3 s, ωt:  22.91 (3.65 periods), wall: 51.205 minutes, Δt:   1.41, CFL: 7.20e-01
i: 119300, t:  229228.2 s, ωt:  22.92 (3.65 periods), wall: 51.248 minutes, Δt:   1.61, CFL: 7.20e-01
i: 119400, t:  229380.0 s, ωt:  22.94 (3.65 periods), wall: 51.291 minutes, Δt:   1.45, CFL: 7.20e-01
i: 119500, t:  229530.6 s, ωt:  22.95 (3.65 periods), wall: 51.333 minutes, Δt:   1.76, CFL: 7.20e-01
i: 119600, t:  229686.3 s, ωt:  22.97 (3.66 periods), wall: 51.376 minutes, Δt:   1.56, CFL: 7.20e-01
i: 119700, t:  229842.8 s, ωt:  22.98 (3.66 periods), wall: 51.419 minutes, Δt:   1.46, CFL: 7.20e-01
i: 119800, t:  229991.0 s, ωt:  23.00 (3.66 periods), wall: 51.461 minutes, Δt:   1.38, CFL: 7.20e-01
i: 119900, t:  230138.1 s, ωt:  23.01 (3.66 periods), wall: 51.504 minutes, Δt:   1.52, CFL: 7.20e-01
i: 120000, t:  230287.3 s, ωt:  23.03 (3.67 periods), wall: 51.547 minutes, Δt:   1.46, CFL: 7.20e-01
i: 120100, t:  230436.2 s, ωt:  23.04 (3.67 periods), wall: 51.589 minutes, Δt:   1.33, CFL: 7.20e-01
i: 120200, t:  230582.0 s, ωt:  23.06 (3.67 periods), wall: 51.632 minutes, Δt:   1.68, CFL: 7.20e-01
i: 120300, t:  230721.0 s, ωt:  23.07 (3.67 periods), wall: 51.674 minutes, Δt:   1.38, CFL: 7.20e-01
i: 120400, t:  230851.5 s, ωt:  23.09 (3.67 periods), wall: 51.717 minutes, Δt:   1.31, CFL: 7.20e-01
i: 120500, t:  230995.0 s, ωt:  23.10 (3.68 periods), wall: 51.760 minutes, Δt:   1.30, CFL: 7.20e-01
i: 120600, t:  231134.3 s, ωt:  23.11 (3.68 periods), wall: 51.802 minutes, Δt:   1.43, CFL: 7.20e-01
i: 120700, t:  231270.2 s, ωt:  23.13 (3.68 periods), wall: 51.845 minutes, Δt:   1.47, CFL: 7.20e-01
i: 120800, t:  231405.1 s, ωt:  23.14 (3.68 periods), wall: 51.888 minutes, Δt:   1.17, CFL: 7.20e-01
i: 120900, t:  231535.4 s, ωt:  23.15 (3.69 periods), wall: 51.930 minutes, Δt:   1.47, CFL: 7.20e-01
i: 121000, t:  231664.3 s, ωt:  23.17 (3.69 periods), wall: 51.973 minutes, Δt:   1.23, CFL: 7.20e-01
i: 121100, t:  231794.7 s, ωt:  23.18 (3.69 periods), wall: 52.015 minutes, Δt:   1.21, CFL: 7.20e-01
i: 121200, t:  231924.3 s, ωt:  23.19 (3.69 periods), wall: 52.060 minutes, Δt:   1.41, CFL: 7.20e-01
i: 121300, t:  232062.0 s, ωt:  23.21 (3.69 periods), wall: 52.102 minutes, Δt:   1.28, CFL: 7.20e-01
i: 121400, t:  232199.8 s, ωt:  23.22 (3.70 periods), wall: 52.145 minutes, Δt:   1.38, CFL: 7.20e-01
i: 121500, t:  232331.5 s, ωt:  23.23 (3.70 periods), wall: 52.188 minutes, Δt:   1.28, CFL: 7.20e-01
i: 121600, t:  232453.3 s, ωt:  23.25 (3.70 periods), wall: 52.230 minutes, Δt:   1.09, CFL: 7.20e-01
i: 121700, t:  232590.0 s, ωt:  23.26 (3.70 periods), wall: 52.273 minutes, Δt:   1.56, CFL: 7.20e-01
i: 121800, t:  232723.7 s, ωt:  23.27 (3.70 periods), wall: 52.316 minutes, Δt:   1.27, CFL: 7.20e-01
i: 121900, t:  232856.1 s, ωt:  23.29 (3.71 periods), wall: 52.358 minutes, Δt:   1.31, CFL: 7.20e-01
i: 122000, t:  232983.7 s, ωt:  23.30 (3.71 periods), wall: 52.401 minutes, Δt:   1.34, CFL: 7.20e-01
i: 122100, t:  233116.5 s, ωt:  23.31 (3.71 periods), wall: 52.444 minutes, Δt:   1.27, CFL: 7.20e-01
i: 122200, t:  233254.3 s, ωt:  23.33 (3.71 periods), wall: 52.486 minutes, Δt:   1.45, CFL: 7.20e-01
i: 122300, t:  233391.7 s, ωt:  23.34 (3.71 periods), wall: 52.529 minutes, Δt:   1.30, CFL: 7.20e-01
i: 122400, t:  233515.6 s, ωt:  23.35 (3.72 periods), wall: 52.572 minutes, Δt:   1.31, CFL: 7.20e-01
i: 122500, t:  233664.2 s, ωt:  23.37 (3.72 periods), wall: 52.614 minutes, Δt:   1.58, CFL: 7.20e-01
i: 122600, t:  233790.4 s, ωt:  23.38 (3.72 periods), wall: 52.657 minutes, Δt:   1.06, CFL: 7.20e-01
i: 122700, t:  233910.6 s, ωt:  23.39 (3.72 periods), wall: 52.700 minutes, Δt:   1.43, CFL: 7.20e-01
i: 122800, t:  234042.2 s, ωt:  23.40 (3.72 periods), wall: 52.742 minutes, Δt:   0.95, CFL: 7.20e-01
i: 122900, t:  234153.9 s, ωt:  23.42 (3.73 periods), wall: 52.785 minutes, Δt:   1.29, CFL: 7.20e-01
i: 123000, t:  234283.2 s, ωt:  23.43 (3.73 periods), wall: 52.827 minutes, Δt:   1.30, CFL: 7.20e-01
i: 123100, t:  234401.8 s, ωt:  23.44 (3.73 periods), wall: 52.870 minutes, Δt:   1.07, CFL: 7.20e-01
i: 123200, t:  234517.8 s, ωt:  23.45 (3.73 periods), wall: 52.913 minutes, Δt:   1.28, CFL: 7.20e-01
i: 123300, t:  234646.7 s, ωt:  23.46 (3.73 periods), wall: 52.955 minutes, Δt:   1.27, CFL: 7.20e-01
i: 123400, t:  234775.2 s, ωt:  23.48 (3.74 periods), wall: 52.998 minutes, Δt:   1.32, CFL: 7.20e-01
i: 123500, t:  234903.2 s, ωt:  23.49 (3.74 periods), wall: 53.041 minutes, Δt:   1.24, CFL: 7.20e-01
i: 123600, t:  235033.3 s, ωt:  23.50 (3.74 periods), wall: 53.083 minutes, Δt:   1.55, CFL: 7.20e-01
i: 123700, t:  235176.6 s, ωt:  23.52 (3.74 periods), wall: 53.126 minutes, Δt:   1.41, CFL: 7.20e-01
i: 123800, t:  235293.8 s, ωt:  23.53 (3.74 periods), wall: 53.169 minutes, Δt:   1.18, CFL: 7.20e-01
i: 123900, t:  235411.8 s, ωt:  23.54 (3.75 periods), wall: 53.211 minutes, Δt:   1.29, CFL: 7.20e-01
i: 124000, t:  235541.1 s, ωt:  23.55 (3.75 periods), wall: 53.254 minutes, Δt:   1.35, CFL: 7.20e-01
i: 124100, t:  235676.2 s, ωt:  23.57 (3.75 periods), wall: 53.297 minutes, Δt:   1.31, CFL: 7.20e-01
i: 124200, t:  235799.6 s, ωt:  23.58 (3.75 periods), wall: 53.340 minutes, Δt:   1.34, CFL: 7.20e-01
i: 124300, t:  235936.3 s, ωt:  23.59 (3.76 periods), wall: 53.382 minutes, Δt:   1.37, CFL: 7.20e-01
i: 124400, t:  236073.4 s, ωt:  23.61 (3.76 periods), wall: 53.425 minutes, Δt:   1.45, CFL: 7.20e-01
i: 124500, t:  236206.0 s, ωt:  23.62 (3.76 periods), wall: 53.467 minutes, Δt:   1.23, CFL: 7.20e-01
i: 124600, t:  236315.0 s, ωt:  23.63 (3.76 periods), wall: 53.510 minutes, Δt:   1.27, CFL: 7.20e-01
i: 124700, t:  236442.4 s, ωt:  23.64 (3.76 periods), wall: 53.553 minutes, Δt:   1.10, CFL: 7.20e-01
i: 124800, t:  236564.3 s, ωt:  23.66 (3.77 periods), wall: 53.596 minutes, Δt:   1.36, CFL: 7.20e-01
i: 124900, t:  236705.8 s, ωt:  23.67 (3.77 periods), wall: 53.638 minutes, Δt:   1.43, CFL: 7.20e-01
i: 125000, t:  236837.2 s, ωt:  23.68 (3.77 periods), wall: 53.681 minutes, Δt:   1.40, CFL: 7.20e-01
i: 125100, t:  236963.3 s, ωt:  23.70 (3.77 periods), wall: 53.724 minutes, Δt:   1.23, CFL: 7.20e-01
i: 125200, t:  237089.6 s, ωt:  23.71 (3.77 periods), wall: 53.766 minutes, Δt:   1.23, CFL: 7.20e-01
i: 125300, t:  237208.2 s, ωt:  23.72 (3.78 periods), wall: 53.809 minutes, Δt:   1.43, CFL: 7.20e-01
i: 125400, t:  237312.8 s, ωt:  23.73 (3.78 periods), wall: 53.851 minutes, Δt:   0.93, CFL: 7.20e-01
i: 125500, t:  237420.2 s, ωt:  23.74 (3.78 periods), wall: 53.894 minutes, Δt:   1.18, CFL: 7.20e-01
i: 125600, t:  237551.8 s, ωt:  23.76 (3.78 periods), wall: 53.937 minutes, Δt:   1.38, CFL: 7.20e-01
i: 125700, t:  237687.9 s, ωt:  23.77 (3.78 periods), wall: 53.979 minutes, Δt:   1.24, CFL: 7.20e-01
i: 125800, t:  237805.6 s, ωt:  23.78 (3.78 periods), wall: 54.022 minutes, Δt:   1.07, CFL: 7.20e-01
i: 125900, t:  237941.2 s, ωt:  23.79 (3.79 periods), wall: 54.065 minutes, Δt:   1.56, CFL: 7.20e-01
i: 126000, t:  238071.2 s, ωt:  23.81 (3.79 periods), wall: 54.107 minutes, Δt:   1.31, CFL: 7.20e-01
i: 126100, t:  238206.6 s, ωt:  23.82 (3.79 periods), wall: 54.150 minutes, Δt:   1.47, CFL: 7.20e-01
i: 126200, t:  238354.6 s, ωt:  23.84 (3.79 periods), wall: 54.192 minutes, Δt:   1.58, CFL: 7.20e-01
i: 126300, t:  238501.9 s, ωt:  23.85 (3.80 periods), wall: 54.235 minutes, Δt:   1.44, CFL: 7.20e-01
i: 126400, t:  238643.9 s, ωt:  23.86 (3.80 periods), wall: 54.278 minutes, Δt:   1.29, CFL: 7.20e-01
i: 126500, t:  238784.0 s, ωt:  23.88 (3.80 periods), wall: 54.321 minutes, Δt:   1.26, CFL: 7.20e-01
i: 126600, t:  238910.7 s, ωt:  23.89 (3.80 periods), wall: 54.363 minutes, Δt:   1.17, CFL: 7.20e-01
i: 126700, t:  239051.3 s, ωt:  23.91 (3.80 periods), wall: 54.406 minutes, Δt:   1.50, CFL: 7.20e-01
i: 126800, t:  239188.3 s, ωt:  23.92 (3.81 periods), wall: 54.448 minutes, Δt:   1.37, CFL: 7.20e-01
i: 126900, t:  239330.9 s, ωt:  23.93 (3.81 periods), wall: 54.491 minutes, Δt:   1.37, CFL: 7.20e-01
i: 127000, t:  239464.1 s, ωt:  23.95 (3.81 periods), wall: 54.534 minutes, Δt:   1.09, CFL: 7.20e-01
i: 127100, t:  239588.1 s, ωt:  23.96 (3.81 periods), wall: 54.576 minutes, Δt:   1.46, CFL: 7.20e-01
i: 127200, t:  239730.4 s, ωt:  23.97 (3.82 periods), wall: 54.619 minutes, Δt:   1.50, CFL: 7.20e-01
i: 127300, t:  239881.9 s, ωt:  23.99 (3.82 periods), wall: 54.662 minutes, Δt:   1.47, CFL: 7.20e-01
i: 127400, t:  240026.1 s, ωt:  24.00 (3.82 periods), wall: 54.705 minutes, Δt:   1.37, CFL: 7.20e-01
i: 127500, t:  240161.7 s, ωt:  24.02 (3.82 periods), wall: 54.747 minutes, Δt:   1.46, CFL: 7.20e-01
i: 127600, t:  240322.0 s, ωt:  24.03 (3.82 periods), wall: 54.790 minutes, Δt:   1.53, CFL: 7.20e-01
i: 127700, t:  240470.4 s, ωt:  24.05 (3.83 periods), wall: 54.833 minutes, Δt:   1.23, CFL: 7.20e-01
i: 127800, t:  240610.1 s, ωt:  24.06 (3.83 periods), wall: 54.875 minutes, Δt:   1.40, CFL: 7.20e-01
i: 127900, t:  240764.8 s, ωt:  24.08 (3.83 periods), wall: 54.918 minutes, Δt:   1.56, CFL: 7.20e-01
i: 128000, t:  240917.8 s, ωt:  24.09 (3.83 periods), wall: 54.961 minutes, Δt:   1.22, CFL: 7.20e-01
i: 128100, t:  241046.5 s, ωt:  24.10 (3.84 periods), wall: 55.003 minutes, Δt:   1.49, CFL: 7.20e-01
i: 128200, t:  241206.9 s, ωt:  24.12 (3.84 periods), wall: 55.046 minutes, Δt:   1.45, CFL: 7.20e-01
i: 128300, t:  241345.3 s, ωt:  24.13 (3.84 periods), wall: 55.089 minutes, Δt:   1.32, CFL: 7.20e-01
i: 128400, t:  241499.0 s, ωt:  24.15 (3.84 periods), wall: 55.131 minutes, Δt:   1.80, CFL: 7.20e-01
i: 128500, t:  241661.8 s, ωt:  24.17 (3.85 periods), wall: 55.174 minutes, Δt:   1.63, CFL: 7.20e-01
i: 128600, t:  241816.0 s, ωt:  24.18 (3.85 periods), wall: 55.217 minutes, Δt:   1.69, CFL: 7.20e-01
i: 128700, t:  241985.0 s, ωt:  24.20 (3.85 periods), wall: 55.259 minutes, Δt:   1.69, CFL: 7.20e-01
i: 128800, t:  242140.2 s, ωt:  24.21 (3.85 periods), wall: 55.302 minutes, Δt:   1.50, CFL: 7.20e-01
i: 128900, t:  242305.2 s, ωt:  24.23 (3.86 periods), wall: 55.345 minutes, Δt:   1.72, CFL: 7.20e-01
i: 129000, t:  242464.3 s, ωt:  24.25 (3.86 periods), wall: 55.387 minutes, Δt:   1.50, CFL: 7.20e-01
i: 129100, t:  242624.6 s, ωt:  24.26 (3.86 periods), wall: 55.430 minutes, Δt:   1.66, CFL: 7.20e-01
i: 129200, t:  242796.6 s, ωt:  24.28 (3.86 periods), wall: 55.472 minutes, Δt:   1.80, CFL: 7.20e-01
i: 129300, t:  242974.5 s, ωt:  24.30 (3.87 periods), wall: 55.515 minutes, Δt:   1.69, CFL: 7.20e-01
i: 129400, t:  243152.4 s, ωt:  24.32 (3.87 periods), wall: 55.558 minutes, Δt:   1.56, CFL: 7.20e-01
i: 129500, t:  243332.3 s, ωt:  24.33 (3.87 periods), wall: 55.600 minutes, Δt:   1.92, CFL: 7.20e-01
i: 129600, t:  243487.0 s, ωt:  24.35 (3.88 periods), wall: 55.643 minutes, Δt:   1.49, CFL: 7.20e-01
i: 129700, t:  243666.4 s, ωt:  24.37 (3.88 periods), wall: 55.686 minutes, Δt:   1.73, CFL: 7.20e-01
i: 129800, t:  243836.0 s, ωt:  24.38 (3.88 periods), wall: 55.728 minutes, Δt:   1.82, CFL: 7.20e-01
i: 129900, t:  244032.7 s, ωt:  24.40 (3.88 periods), wall: 55.771 minutes, Δt:   1.85, CFL: 7.20e-01
i: 130000, t:  244219.4 s, ωt:  24.42 (3.89 periods), wall: 55.814 minutes, Δt:   1.93, CFL: 7.20e-01
i: 130100, t:  244421.8 s, ωt:  24.44 (3.89 periods), wall: 55.857 minutes, Δt:   2.02, CFL: 7.20e-01
i: 130200, t:  244598.0 s, ωt:  24.46 (3.89 periods), wall: 55.899 minutes, Δt:   1.60, CFL: 7.20e-01
i: 130300, t:  244800.4 s, ωt:  24.48 (3.90 periods), wall: 55.942 minutes, Δt:   2.36, CFL: 7.20e-01
i: 130400, t:  245031.7 s, ωt:  24.50 (3.90 periods), wall: 55.985 minutes, Δt:   2.05, CFL: 7.20e-01
i: 130500, t:  245251.7 s, ωt:  24.53 (3.90 periods), wall: 56.027 minutes, Δt:   2.41, CFL: 7.20e-01
i: 130600, t:  245468.3 s, ωt:  24.55 (3.91 periods), wall: 56.070 minutes, Δt:   2.22, CFL: 7.20e-01
i: 130700, t:  245681.4 s, ωt:  24.57 (3.91 periods), wall: 56.114 minutes, Δt:   1.78, CFL: 7.20e-01
i: 130800, t:  245885.7 s, ωt:  24.59 (3.91 periods), wall: 56.157 minutes, Δt:   1.86, CFL: 7.20e-01
i: 130900, t:  246107.0 s, ωt:  24.61 (3.92 periods), wall: 56.199 minutes, Δt:   2.46, CFL: 7.20e-01
i: 131000, t:  246338.3 s, ωt:  24.63 (3.92 periods), wall: 56.242 minutes, Δt:   1.82, CFL: 7.20e-01
i: 131100, t:  246550.5 s, ωt:  24.66 (3.92 periods), wall: 56.285 minutes, Δt:   2.30, CFL: 7.20e-01
i: 131200, t:  246787.3 s, ωt:  24.68 (3.93 periods), wall: 56.327 minutes, Δt:   3.06, CFL: 7.20e-01
i: 131300, t:  247069.6 s, ωt:  24.71 (3.93 periods), wall: 56.370 minutes, Δt:   2.69, CFL: 7.20e-01
i: 131400, t:  247323.0 s, ωt:  24.73 (3.94 periods), wall: 56.413 minutes, Δt:   2.38, CFL: 7.20e-01
i: 131500, t:  247599.6 s, ωt:  24.76 (3.94 periods), wall: 56.456 minutes, Δt:   3.04, CFL: 7.20e-01
i: 131600, t:  247881.1 s, ωt:  24.79 (3.95 periods), wall: 56.499 minutes, Δt:   2.33, CFL: 7.20e-01
i: 131700, t:  248111.4 s, ωt:  24.81 (3.95 periods), wall: 56.541 minutes, Δt:   2.93, CFL: 7.20e-01
i: 131800, t:  248427.7 s, ωt:  24.84 (3.95 periods), wall: 56.584 minutes, Δt:   4.11, CFL: 7.20e-01
i: 131900, t:  248771.5 s, ωt:  24.88 (3.96 periods), wall: 56.627 minutes, Δt:   4.34, CFL: 7.20e-01
i: 132000, t:  249126.1 s, ωt:  24.91 (3.96 periods), wall: 56.669 minutes, Δt:   3.21, CFL: 7.20e-01
i: 132100, t:  249504.9 s, ωt:  24.95 (3.97 periods), wall: 56.712 minutes, Δt:   4.43, CFL: 7.20e-01
i: 132200, t:  249911.7 s, ωt:  24.99 (3.98 periods), wall: 56.755 minutes, Δt:   4.20, CFL: 7.20e-01
i: 132300, t:  250359.0 s, ωt:  25.04 (3.98 periods), wall: 56.798 minutes, Δt:   5.11, CFL: 7.20e-01
i: 132400, t:  250870.8 s, ωt:  25.09 (3.99 periods), wall: 56.840 minutes, Δt:   5.85, CFL: 7.20e-01
  Activating project at `~/SRIM-2026/Stokes/3D`
[ Info: Oceananigans will use 16 threads
[ Info: Case P4_T30_sqrtRi2: Ri = 4 (√Ri = 2), N² = 4e-08 s⁻², δ_s = 0.1414 m, Re_s = 5657
[ Info: Domain 10.000 × 10.000 × 50.000 m = 71 × 71 × 354 δ_s (physical), + 70.7 δ_s sponge on top → grid top 424 δ_s, 4 periods
[ Info: Analysed/plotted section: 0 – 40.00 m = 283 δ_s (pycnocline at T = 30.0 m)
[ Info: Background: softplus (profile 4), T = 30.0 m = 212.1 δ_s — N²_bg/N∞² = 0.000 at z = δ_s, 1.000 at z = Lz, 1.000 at lid; Δb over domain = 1.2e-06 m s⁻²
[ Info: Bottom Δz = 0.0121 m = 0.085 δ_s (11.7 points across δ_s); 248 cells below z = 283 δ_s; 269 physical + 21 sponge cells (sponge Δz = 3.367 δ_s)
[ Info: Δx = 0.2083 m = 1.47 δ_s, Δy = 0.2083 m = 1.47 δ_s
[ Info: Pycnocline z = T = 30.0 m: Δz = 0.0727 m, transition width = 0.732 m → 10.1 cells across (band ±2.2 m)
[ Info: Initializing velocities from Ri=0 spin-up: output_spinup_T30/TidalBL3D_spinup_T30_fields.jld2
[ Info: Using snapshot 9/9 (t = 4.00 periods of the spin-up)
[ Info: Initializing simulation...
[ Info:     ... simulation initialization complete (9.950 seconds)
[ Info: Executing initial time step...
[ Info:     ... initial time step complete (2.435 seconds).
[ Info: Simulation is stopping after running for 56.756 minutes.
[ Info: Simulation time 2.909 days equals or exceeds stop time 2.909 days.

==============================================================================
==== 2026-08-11 03:59:38  Tidal3D.jl sqrtRi2
==== LIGHT_OUTPUT=1  N_PERIODS=8  PROFILE=4  SPINUP_FILE=outputs/spinup_T30/TidalBL3D_spinup_T30_fields.jld2  T_STRAT=30  T_SWEEP=30
==============================================================================
i:      0, t:       0.0 s, ωt:   0.00 (0.00 periods), wall: 20.193 seconds, Δt:   1.20, CFL: 2.13e-01
i:    100, t:     270.7 s, ωt:   0.03 (0.00 periods), wall: 39.366 seconds, Δt:   4.00, CFL: 9.00e-01
i:    200, t:     749.2 s, ωt:   0.07 (0.01 periods), wall: 40.168 seconds, Δt:   5.25, CFL: 9.00e-01
i:    300, t:    1279.2 s, ωt:   0.13 (0.02 periods), wall: 40.934 seconds, Δt:   5.93, CFL: 9.00e-01
i:    400, t:    1810.2 s, ωt:   0.18 (0.03 periods), wall: 41.638 seconds, Δt:   5.95, CFL: 9.00e-01
i:    500, t:    2320.1 s, ωt:   0.23 (0.04 periods), wall: 42.448 seconds, Δt:   4.93, CFL: 9.00e-01
i:    600, t:    2760.3 s, ωt:   0.28 (0.04 periods), wall: 43.146 seconds, Δt:   4.27, CFL: 9.00e-01
i:    700, t:    3182.7 s, ωt:   0.32 (0.05 periods), wall: 43.939 seconds, Δt:   4.24, CFL: 9.00e-01
i:    800, t:    3601.4 s, ωt:   0.36 (0.06 periods), wall: 44.670 seconds, Δt:   3.80, CFL: 9.00e-01
i:    900, t:    4001.1 s, ωt:   0.40 (0.06 periods), wall: 45.416 seconds, Δt:   4.02, CFL: 9.00e-01
i:   1000, t:    4392.1 s, ωt:   0.44 (0.07 periods), wall: 46.138 seconds, Δt:   4.43, CFL: 9.00e-01
i:   1100, t:    4788.7 s, ωt:   0.48 (0.08 periods), wall: 47.360 seconds, Δt:   3.56, CFL: 9.00e-01
i:   1200, t:    5125.8 s, ωt:   0.51 (0.08 periods), wall: 48.151 seconds, Δt:   3.16, CFL: 9.00e-01
i:   1300, t:    5433.4 s, ωt:   0.54 (0.09 periods), wall: 48.880 seconds, Δt:   2.90, CFL: 9.00e-01
i:   1400, t:    5734.0 s, ωt:   0.57 (0.09 periods), wall: 49.654 seconds, Δt:   2.57, CFL: 9.00e-01
i:   1500, t:    5996.1 s, ωt:   0.60 (0.10 periods), wall: 50.354 seconds, Δt:   2.91, CFL: 9.00e-01
i:   1600, t:    6268.8 s, ωt:   0.63 (0.10 periods), wall: 51.014 seconds, Δt:   2.59, CFL: 9.00e-01
i:   1700, t:    6548.0 s, ωt:   0.65 (0.10 periods), wall: 51.740 seconds, Δt:   2.74, CFL: 9.00e-01
i:   1800, t:    6803.2 s, ωt:   0.68 (0.11 periods), wall: 52.472 seconds, Δt:   2.77, CFL: 9.00e-01
i:   1900, t:    7063.2 s, ωt:   0.71 (0.11 periods), wall: 53.239 seconds, Δt:   2.29, CFL: 9.00e-01
i:   2000, t:    7301.0 s, ωt:   0.73 (0.12 periods), wall: 53.974 seconds, Δt:   2.50, CFL: 9.00e-01
i:   2100, t:    7546.9 s, ωt:   0.75 (0.12 periods), wall: 54.712 seconds, Δt:   2.26, CFL: 9.00e-01
i:   2200, t:    7794.8 s, ωt:   0.78 (0.12 periods), wall: 55.380 seconds, Δt:   2.70, CFL: 9.00e-01
i:   2300, t:    8030.4 s, ωt:   0.80 (0.13 periods), wall: 56.116 seconds, Δt:   1.99, CFL: 9.00e-01
i:   2400, t:    8249.7 s, ωt:   0.82 (0.13 periods), wall: 56.862 seconds, Δt:   2.46, CFL: 9.00e-01
i:   2500, t:    8475.7 s, ωt:   0.85 (0.13 periods), wall: 57.522 seconds, Δt:   2.17, CFL: 9.00e-01
i:   2600, t:    8674.4 s, ωt:   0.87 (0.14 periods), wall: 58.300 seconds, Δt:   2.20, CFL: 9.00e-01
i:   2700, t:    8885.1 s, ωt:   0.89 (0.14 periods), wall: 59.031 seconds, Δt:   2.14, CFL: 9.00e-01
i:   2800, t:    9098.7 s, ωt:   0.91 (0.14 periods), wall: 59.678 seconds, Δt:   2.18, CFL: 9.00e-01
i:   2900, t:    9290.2 s, ωt:   0.93 (0.15 periods), wall: 1.007 minutes, Δt:   2.06, CFL: 9.00e-01
i:   3000, t:    9472.2 s, ωt:   0.95 (0.15 periods), wall: 1.019 minutes, Δt:   1.78, CFL: 9.00e-01
i:   3100, t:    9658.8 s, ωt:   0.97 (0.15 periods), wall: 1.030 minutes, Δt:   2.00, CFL: 9.00e-01
i:   3200, t:    9845.7 s, ωt:   0.98 (0.16 periods), wall: 1.042 minutes, Δt:   2.18, CFL: 9.00e-01
i:   3300, t:   10037.9 s, ωt:   1.00 (0.16 periods), wall: 1.053 minutes, Δt:   1.83, CFL: 9.00e-01
i:   3400, t:   10219.1 s, ωt:   1.02 (0.16 periods), wall: 1.066 minutes, Δt:   1.81, CFL: 9.00e-01
i:   3500, t:   10406.3 s, ωt:   1.04 (0.17 periods), wall: 1.078 minutes, Δt:   2.17, CFL: 9.00e-01
i:   3600, t:   10611.4 s, ωt:   1.06 (0.17 periods), wall: 1.089 minutes, Δt:   1.96, CFL: 9.00e-01
i:   3700, t:   10803.2 s, ωt:   1.08 (0.17 periods), wall: 1.101 minutes, Δt:   1.80, CFL: 9.00e-01
i:   3800, t:   10995.6 s, ωt:   1.10 (0.17 periods), wall: 1.112 minutes, Δt:   1.88, CFL: 9.00e-01
i:   3900, t:   11177.4 s, ωt:   1.12 (0.18 periods), wall: 1.125 minutes, Δt:   1.82, CFL: 9.00e-01
i:   4000, t:   11357.7 s, ωt:   1.14 (0.18 periods), wall: 1.138 minutes, Δt:   2.00, CFL: 9.00e-01
i:   4100, t:   11553.1 s, ωt:   1.16 (0.18 periods), wall: 1.149 minutes, Δt:   1.91, CFL: 9.00e-01
i:   4200, t:   11724.1 s, ωt:   1.17 (0.19 periods), wall: 1.161 minutes, Δt:   1.75, CFL: 9.00e-01
i:   4300, t:   11897.2 s, ωt:   1.19 (0.19 periods), wall: 1.172 minutes, Δt:   1.87, CFL: 9.00e-01
i:   4400, t:   12079.6 s, ωt:   1.21 (0.19 periods), wall: 1.184 minutes, Δt:   1.55, CFL: 9.00e-01
i:   4500, t:   12234.5 s, ωt:   1.22 (0.19 periods), wall: 1.194 minutes, Δt:   1.85, CFL: 9.00e-01
i:   4600, t:   12418.9 s, ωt:   1.24 (0.20 periods), wall: 1.207 minutes, Δt:   1.89, CFL: 9.00e-01
i:   4700, t:   12601.4 s, ωt:   1.26 (0.20 periods), wall: 1.219 minutes, Δt:   1.85, CFL: 9.00e-01
i:   4800, t:   12772.9 s, ωt:   1.28 (0.20 periods), wall: 1.230 minutes, Δt:   1.62, CFL: 9.00e-01
i:   4900, t:   12948.1 s, ωt:   1.29 (0.21 periods), wall: 1.242 minutes, Δt:   1.80, CFL: 9.00e-01
i:   5000, t:   13129.1 s, ωt:   1.31 (0.21 periods), wall: 1.253 minutes, Δt:   1.68, CFL: 9.00e-01
i:   5100, t:   13295.8 s, ωt:   1.33 (0.21 periods), wall: 1.265 minutes, Δt:   1.77, CFL: 9.00e-01
i:   5200, t:   13483.0 s, ωt:   1.35 (0.21 periods), wall: 1.276 minutes, Δt:   1.63, CFL: 9.00e-01
i:   5300, t:   13659.0 s, ωt:   1.37 (0.22 periods), wall: 1.288 minutes, Δt:   1.53, CFL: 9.00e-01
i:   5400, t:   13822.2 s, ωt:   1.38 (0.22 periods), wall: 1.299 minutes, Δt:   1.90, CFL: 9.00e-01
i:   5500, t:   14001.5 s, ωt:   1.40 (0.22 periods), wall: 1.311 minutes, Δt:   1.60, CFL: 9.00e-01
i:   5600, t:   14162.4 s, ωt:   1.42 (0.23 periods), wall: 1.323 minutes, Δt:   1.77, CFL: 9.00e-01
i:   5700, t:   14332.5 s, ωt:   1.43 (0.23 periods), wall: 1.334 minutes, Δt:   1.84, CFL: 9.00e-01
i:   5800, t:   14516.7 s, ωt:   1.45 (0.23 periods), wall: 1.346 minutes, Δt:   1.84, CFL: 9.00e-01
i:   5900, t:   14697.6 s, ωt:   1.47 (0.23 periods), wall: 1.356 minutes, Δt:   1.87, CFL: 9.00e-01
i:   6000, t:   14879.5 s, ωt:   1.49 (0.24 periods), wall: 1.369 minutes, Δt:   1.60, CFL: 9.00e-01
i:   6100, t:   15037.0 s, ωt:   1.50 (0.24 periods), wall: 1.380 minutes, Δt:   1.66, CFL: 9.00e-01
i:   6200, t:   15190.7 s, ωt:   1.52 (0.24 periods), wall: 1.392 minutes, Δt:   1.55, CFL: 9.00e-01
i:   6300, t:   15356.3 s, ωt:   1.54 (0.24 periods), wall: 1.403 minutes, Δt:   1.56, CFL: 9.00e-01
i:   6400, t:   15516.9 s, ωt:   1.55 (0.25 periods), wall: 1.415 minutes, Δt:   1.66, CFL: 9.00e-01
i:   6500, t:   15681.4 s, ωt:   1.57 (0.25 periods), wall: 1.426 minutes, Δt:   1.40, CFL: 9.00e-01
i:   6600, t:   15824.7 s, ωt:   1.58 (0.25 periods), wall: 1.438 minutes, Δt:   1.80, CFL: 9.00e-01
i:   6700, t:   16001.5 s, ωt:   1.60 (0.25 periods), wall: 1.449 minutes, Δt:   1.71, CFL: 9.00e-01
i:   6800, t:   16164.6 s, ωt:   1.62 (0.26 periods), wall: 1.461 minutes, Δt:   1.45, CFL: 9.00e-01
i:   6900, t:   16328.6 s, ωt:   1.63 (0.26 periods), wall: 1.472 minutes, Δt:   1.49, CFL: 9.00e-01
i:   7000, t:   16485.1 s, ωt:   1.65 (0.26 periods), wall: 1.485 minutes, Δt:   1.51, CFL: 9.00e-01
i:   7100, t:   16650.4 s, ωt:   1.67 (0.27 periods), wall: 1.496 minutes, Δt:   1.74, CFL: 9.00e-01
i:   7200, t:   16816.1 s, ωt:   1.68 (0.27 periods), wall: 1.512 minutes, Δt:   1.44, CFL: 9.00e-01
i:   7300, t:   16967.8 s, ωt:   1.70 (0.27 periods), wall: 1.526 minutes, Δt:   1.63, CFL: 9.00e-01
i:   7400, t:   17133.3 s, ωt:   1.71 (0.27 periods), wall: 1.536 minutes, Δt:   1.78, CFL: 9.00e-01
i:   7500, t:   17307.1 s, ωt:   1.73 (0.28 periods), wall: 1.548 minutes, Δt:   1.75, CFL: 9.00e-01
i:   7600, t:   17476.4 s, ωt:   1.75 (0.28 periods), wall: 1.559 minutes, Δt:   1.89, CFL: 9.00e-01
i:   7700, t:   17656.4 s, ωt:   1.77 (0.28 periods), wall: 1.572 minutes, Δt:   1.68, CFL: 9.00e-01
i:   7800, t:   17828.1 s, ωt:   1.78 (0.28 periods), wall: 1.582 minutes, Δt:   1.55, CFL: 9.00e-01
i:   7900, t:   17990.3 s, ωt:   1.80 (0.29 periods), wall: 1.594 minutes, Δt:   1.83, CFL: 9.00e-01
i:   8000, t:   18173.0 s, ωt:   1.82 (0.29 periods), wall: 1.605 minutes, Δt:   1.71, CFL: 9.00e-01
i:   8100, t:   18344.8 s, ωt:   1.83 (0.29 periods), wall: 1.617 minutes, Δt:   1.57, CFL: 9.00e-01
i:   8200, t:   18482.9 s, ωt:   1.85 (0.29 periods), wall: 1.628 minutes, Δt:   1.70, CFL: 9.00e-01
i:   8300, t:   18657.5 s, ωt:   1.87 (0.30 periods), wall: 1.640 minutes, Δt:   1.89, CFL: 9.00e-01
i:   8400, t:   18836.9 s, ωt:   1.88 (0.30 periods), wall: 1.651 minutes, Δt:   1.84, CFL: 9.00e-01
i:   8500, t:   19020.7 s, ωt:   1.90 (0.30 periods), wall: 1.663 minutes, Δt:   2.00, CFL: 9.00e-01
i:   8600, t:   19208.2 s, ωt:   1.92 (0.31 periods), wall: 1.675 minutes, Δt:   1.83, CFL: 9.00e-01
i:   8700, t:   19399.0 s, ωt:   1.94 (0.31 periods), wall: 1.686 minutes, Δt:   1.68, CFL: 9.00e-01
i:   8800, t:   19572.4 s, ωt:   1.96 (0.31 periods), wall: 1.698 minutes, Δt:   1.85, CFL: 9.00e-01
i:   8900, t:   19759.4 s, ωt:   1.98 (0.31 periods), wall: 1.709 minutes, Δt:   1.80, CFL: 9.00e-01
i:   9000, t:   19936.9 s, ωt:   1.99 (0.32 periods), wall: 1.722 minutes, Δt:   1.93, CFL: 9.00e-01
i:   9100, t:   20113.5 s, ωt:   2.01 (0.32 periods), wall: 1.734 minutes, Δt:   1.88, CFL: 9.00e-01
i:   9200, t:   20263.5 s, ωt:   2.03 (0.32 periods), wall: 1.745 minutes, Δt:   1.51, CFL: 9.00e-01
i:   9300, t:   20449.7 s, ωt:   2.04 (0.33 periods), wall: 1.757 minutes, Δt:   1.66, CFL: 9.00e-01
i:   9400, t:   20609.2 s, ωt:   2.06 (0.33 periods), wall: 1.768 minutes, Δt:   2.04, CFL: 9.00e-01
i:   9500, t:   20800.3 s, ωt:   2.08 (0.33 periods), wall: 1.784 minutes, Δt:   1.91, CFL: 9.00e-01
i:   9600, t:   20990.6 s, ωt:   2.10 (0.33 periods), wall: 1.795 minutes, Δt:   2.03, CFL: 9.00e-01
i:   9700, t:   21185.9 s, ωt:   2.12 (0.34 periods), wall: 1.806 minutes, Δt:   2.06, CFL: 9.00e-01
i:   9800, t:   21369.9 s, ωt:   2.14 (0.34 periods), wall: 1.820 minutes, Δt:   1.42, CFL: 9.00e-01
i:   9900, t:   21548.7 s, ωt:   2.15 (0.34 periods), wall: 1.831 minutes, Δt:   1.98, CFL: 9.00e-01
i:  10000, t:   21739.7 s, ωt:   2.17 (0.35 periods), wall: 1.844 minutes, Δt:   1.81, CFL: 9.00e-01
i:  10100, t:   21937.4 s, ωt:   2.19 (0.35 periods), wall: 1.855 minutes, Δt:   2.43, CFL: 9.00e-01
i:  10200, t:   22130.9 s, ωt:   2.21 (0.35 periods), wall: 1.867 minutes, Δt:   1.86, CFL: 9.00e-01
i:  10300, t:   22331.9 s, ωt:   2.23 (0.36 periods), wall: 1.880 minutes, Δt:   1.87, CFL: 9.00e-01
i:  10400, t:   22544.9 s, ωt:   2.25 (0.36 periods), wall: 1.891 minutes, Δt:   2.02, CFL: 9.00e-01
i:  10500, t:   22734.7 s, ωt:   2.27 (0.36 periods), wall: 1.903 minutes, Δt:   1.72, CFL: 9.00e-01
i:  10600, t:   22935.9 s, ωt:   2.29 (0.37 periods), wall: 1.915 minutes, Δt:   2.05, CFL: 9.00e-01
i:  10700, t:   23146.2 s, ωt:   2.31 (0.37 periods), wall: 1.926 minutes, Δt:   2.23, CFL: 9.00e-01
i:  10800, t:   23367.8 s, ωt:   2.34 (0.37 periods), wall: 1.939 minutes, Δt:   2.15, CFL: 9.00e-01
i:  10900, t:   23561.6 s, ωt:   2.36 (0.37 periods), wall: 1.950 minutes, Δt:   1.83, CFL: 9.00e-01
i:  11000, t:   23790.1 s, ωt:   2.38 (0.38 periods), wall: 1.962 minutes, Δt:   2.49, CFL: 9.00e-01
i:  11100, t:   24027.8 s, ωt:   2.40 (0.38 periods), wall: 1.974 minutes, Δt:   1.98, CFL: 9.00e-01
i:  11200, t:   24253.4 s, ωt:   2.43 (0.39 periods), wall: 1.986 minutes, Δt:   2.25, CFL: 9.00e-01
i:  11300, t:   24479.5 s, ωt:   2.45 (0.39 periods), wall: 1.997 minutes, Δt:   2.10, CFL: 9.00e-01
i:  11400, t:   24710.9 s, ωt:   2.47 (0.39 periods), wall: 2.011 minutes, Δt:   2.24, CFL: 9.00e-01
i:  11500, t:   24958.9 s, ωt:   2.50 (0.40 periods), wall: 2.024 minutes, Δt:   2.52, CFL: 9.00e-01
i:  11600, t:   25216.5 s, ωt:   2.52 (0.40 periods), wall: 2.036 minutes, Δt:   2.48, CFL: 9.00e-01
i:  11700, t:   25502.0 s, ωt:   2.55 (0.41 periods), wall: 2.048 minutes, Δt:   3.19, CFL: 9.00e-01
i:  11800, t:   25774.8 s, ωt:   2.58 (0.41 periods), wall: 2.060 minutes, Δt:   2.22, CFL: 9.00e-01
i:  11900, t:   26000.0 s, ωt:   2.60 (0.41 periods), wall: 2.071 minutes, Δt:   2.56, CFL: 9.00e-01
i:  12000, t:   26306.9 s, ωt:   2.63 (0.42 periods), wall: 2.084 minutes, Δt:   2.81, CFL: 9.00e-01
i:  12100, t:   26587.2 s, ωt:   2.66 (0.42 periods), wall: 2.095 minutes, Δt:   2.85, CFL: 9.00e-01
i:  12200, t:   26879.9 s, ωt:   2.69 (0.43 periods), wall: 2.107 minutes, Δt:   3.29, CFL: 9.00e-01
i:  12300, t:   27208.6 s, ωt:   2.72 (0.43 periods), wall: 2.120 minutes, Δt:   3.55, CFL: 9.00e-01
i:  12400, t:   27585.4 s, ωt:   2.76 (0.44 periods), wall: 2.132 minutes, Δt:   3.08, CFL: 9.00e-01
i:  12500, t:   27938.3 s, ωt:   2.79 (0.44 periods), wall: 2.144 minutes, Δt:   4.16, CFL: 9.00e-01
i:  12600, t:   28293.2 s, ωt:   2.83 (0.45 periods), wall: 2.158 minutes, Δt:   3.26, CFL: 9.00e-01
i:  12700, t:   28714.5 s, ωt:   2.87 (0.46 periods), wall: 2.170 minutes, Δt:   4.69, CFL: 9.00e-01
i:  12800, t:   29201.8 s, ωt:   2.92 (0.46 periods), wall: 2.184 minutes, Δt:   4.60, CFL: 9.00e-01
i:  12900, t:   29666.5 s, ωt:   2.97 (0.47 periods), wall: 2.197 minutes, Δt:   5.57, CFL: 9.00e-01
i:  13000, t:   30270.6 s, ωt:   3.03 (0.48 periods), wall: 2.210 minutes, Δt:   7.18, CFL: 9.00e-01
i:  13100, t:   30885.1 s, ωt:   3.09 (0.49 periods), wall: 2.224 minutes, Δt:   6.55, CFL: 9.00e-01
i:  13200, t:   31573.5 s, ωt:   3.16 (0.50 periods), wall: 2.253 minutes, Δt:   7.23, CFL: 9.00e-01
i:  13300, t:   32251.8 s, ωt:   3.23 (0.51 periods), wall: 2.274 minutes, Δt:   6.37, CFL: 9.00e-01
i:  13400, t:   32915.2 s, ωt:   3.29 (0.52 periods), wall: 2.287 minutes, Δt:   5.74, CFL: 9.00e-01
i:  13500, t:   33466.2 s, ωt:   3.35 (0.53 periods), wall: 2.300 minutes, Δt:   5.95, CFL: 9.00e-01
i:  13600, t:   34034.8 s, ωt:   3.40 (0.54 periods), wall: 2.315 minutes, Δt:   5.35, CFL: 9.00e-01
i:  13700, t:   34545.7 s, ωt:   3.45 (0.55 periods), wall: 2.327 minutes, Δt:   5.13, CFL: 9.00e-01
i:  13800, t:   35003.3 s, ωt:   3.50 (0.56 periods), wall: 2.339 minutes, Δt:   3.55, CFL: 9.00e-01
i:  13900, t:   35354.4 s, ωt:   3.54 (0.56 periods), wall: 2.351 minutes, Δt:   3.70, CFL: 9.00e-01
i:  14000, t:   35698.2 s, ωt:   3.57 (0.57 periods), wall: 2.364 minutes, Δt:   3.94, CFL: 9.00e-01
i:  14100, t:   36080.1 s, ωt:   3.61 (0.57 periods), wall: 2.377 minutes, Δt:   3.17, CFL: 9.00e-01
i:  14200, t:   36397.2 s, ωt:   3.64 (0.58 periods), wall: 2.392 minutes, Δt:   3.18, CFL: 9.00e-01
i:  14300, t:   36703.6 s, ωt:   3.67 (0.58 periods), wall: 2.404 minutes, Δt:   3.01, CFL: 9.00e-01
i:  14400, t:   36984.1 s, ωt:   3.70 (0.59 periods), wall: 2.416 minutes, Δt:   2.61, CFL: 9.00e-01
i:  14500, t:   37260.8 s, ωt:   3.73 (0.59 periods), wall: 2.428 minutes, Δt:   2.68, CFL: 9.00e-01
i:  14600, t:   37526.0 s, ωt:   3.75 (0.60 periods), wall: 2.441 minutes, Δt:   2.85, CFL: 9.00e-01
i:  14700, t:   37796.0 s, ωt:   3.78 (0.60 periods), wall: 2.452 minutes, Δt:   2.67, CFL: 9.00e-01
i:  14800, t:   38019.5 s, ωt:   3.80 (0.61 periods), wall: 2.466 minutes, Δt:   2.45, CFL: 9.00e-01
i:  14900, t:   38264.4 s, ωt:   3.83 (0.61 periods), wall: 2.477 minutes, Δt:   2.57, CFL: 9.00e-01
i:  15000, t:   38500.9 s, ωt:   3.85 (0.61 periods), wall: 2.494 minutes, Δt:   2.70, CFL: 9.00e-01
i:  15100, t:   38740.1 s, ωt:   3.87 (0.62 periods), wall: 2.507 minutes, Δt:   1.99, CFL: 9.00e-01
i:  15200, t:   38946.8 s, ωt:   3.89 (0.62 periods), wall: 2.518 minutes, Δt:   1.95, CFL: 9.00e-01
i:  15300, t:   39167.5 s, ωt:   3.92 (0.62 periods), wall: 2.531 minutes, Δt:   2.40, CFL: 9.00e-01
i:  15400, t:   39385.6 s, ωt:   3.94 (0.63 periods), wall: 2.544 minutes, Δt:   2.21, CFL: 9.00e-01
i:  15500, t:   39590.0 s, ωt:   3.96 (0.63 periods), wall: 2.556 minutes, Δt:   2.01, CFL: 9.00e-01
i:  15600, t:   39800.4 s, ωt:   3.98 (0.63 periods), wall: 2.567 minutes, Δt:   1.97, CFL: 9.00e-01
i:  15700, t:   40003.1 s, ωt:   4.00 (0.64 periods), wall: 2.579 minutes, Δt:   2.04, CFL: 9.00e-01
i:  15800, t:   40208.7 s, ωt:   4.02 (0.64 periods), wall: 2.590 minutes, Δt:   2.21, CFL: 9.00e-01
i:  15900, t:   40416.6 s, ωt:   4.04 (0.64 periods), wall: 2.604 minutes, Δt:   2.00, CFL: 9.00e-01
i:  16000, t:   40613.9 s, ωt:   4.06 (0.65 periods), wall: 2.616 minutes, Δt:   2.03, CFL: 9.00e-01
i:  16100, t:   40813.0 s, ωt:   4.08 (0.65 periods), wall: 2.627 minutes, Δt:   1.94, CFL: 9.00e-01
i:  16200, t:   40997.4 s, ωt:   4.10 (0.65 periods), wall: 2.640 minutes, Δt:   1.89, CFL: 9.00e-01
i:  16300, t:   41180.9 s, ωt:   4.12 (0.66 periods), wall: 2.652 minutes, Δt:   2.07, CFL: 9.00e-01
i:  16400, t:   41366.6 s, ωt:   4.14 (0.66 periods), wall: 2.663 minutes, Δt:   2.05, CFL: 9.00e-01
i:  16500, t:   41551.9 s, ωt:   4.16 (0.66 periods), wall: 2.675 minutes, Δt:   1.64, CFL: 9.00e-01
i:  16600, t:   41735.5 s, ωt:   4.17 (0.66 periods), wall: 2.686 minutes, Δt:   1.99, CFL: 9.00e-01
i:  16700, t:   41917.5 s, ωt:   4.19 (0.67 periods), wall: 2.698 minutes, Δt:   1.91, CFL: 9.00e-01
i:  16800, t:   42109.4 s, ωt:   4.21 (0.67 periods), wall: 2.711 minutes, Δt:   1.80, CFL: 9.00e-01
i:  16900, t:   42292.5 s, ωt:   4.23 (0.67 periods), wall: 2.722 minutes, Δt:   1.75, CFL: 9.00e-01
i:  17000, t:   42454.9 s, ωt:   4.25 (0.68 periods), wall: 2.736 minutes, Δt:   1.77, CFL: 9.00e-01
i:  17100, t:   42621.6 s, ωt:   4.26 (0.68 periods), wall: 2.747 minutes, Δt:   1.65, CFL: 9.00e-01
i:  17200, t:   42790.8 s, ωt:   4.28 (0.68 periods), wall: 2.760 minutes, Δt:   1.95, CFL: 9.00e-01
i:  17300, t:   42964.2 s, ωt:   4.30 (0.68 periods), wall: 2.771 minutes, Δt:   1.81, CFL: 9.00e-01
i:  17400, t:   43138.8 s, ωt:   4.31 (0.69 periods), wall: 2.784 minutes, Δt:   1.79, CFL: 9.00e-01
i:  17500, t:   43315.0 s, ωt:   4.33 (0.69 periods), wall: 2.794 minutes, Δt:   1.52, CFL: 9.00e-01
i:  17600, t:   43487.0 s, ωt:   4.35 (0.69 periods), wall: 2.807 minutes, Δt:   1.82, CFL: 9.00e-01
i:  17700, t:   43659.3 s, ωt:   4.37 (0.69 periods), wall: 2.818 minutes, Δt:   1.66, CFL: 9.00e-01
i:  17800, t:   43835.7 s, ωt:   4.38 (0.70 periods), wall: 2.830 minutes, Δt:   1.78, CFL: 9.00e-01
i:  17900, t:   43997.9 s, ωt:   4.40 (0.70 periods), wall: 2.842 minutes, Δt:   1.68, CFL: 9.00e-01
i:  18000, t:   44175.4 s, ωt:   4.42 (0.70 periods), wall: 2.853 minutes, Δt:   1.46, CFL: 9.00e-01
i:  18100, t:   44338.6 s, ωt:   4.43 (0.71 periods), wall: 2.867 minutes, Δt:   1.55, CFL: 9.00e-01
i:  18200, t:   44508.9 s, ωt:   4.45 (0.71 periods), wall: 2.878 minutes, Δt:   1.50, CFL: 9.00e-01
i:  18300, t:   44666.8 s, ωt:   4.47 (0.71 periods), wall: 2.892 minutes, Δt:   1.60, CFL: 9.00e-01
i:  18400, t:   44816.4 s, ωt:   4.48 (0.71 periods), wall: 2.903 minutes, Δt:   1.64, CFL: 9.00e-01
i:  18500, t:   44982.2 s, ωt:   4.50 (0.72 periods), wall: 2.915 minutes, Δt:   1.50, CFL: 9.00e-01
i:  18600, t:   45152.8 s, ωt:   4.52 (0.72 periods), wall: 2.926 minutes, Δt:   1.68, CFL: 9.00e-01
i:  18700, t:   45315.5 s, ωt:   4.53 (0.72 periods), wall: 2.943 minutes, Δt:   1.62, CFL: 9.00e-01
i:  18800, t:   45483.4 s, ωt:   4.55 (0.72 periods), wall: 2.954 minutes, Δt:   1.78, CFL: 9.00e-01
i:  18900, t:   45648.8 s, ωt:   4.56 (0.73 periods), wall: 2.967 minutes, Δt:   1.66, CFL: 9.00e-01
i:  19000, t:   45805.9 s, ωt:   4.58 (0.73 periods), wall: 2.977 minutes, Δt:   1.54, CFL: 9.00e-01
i:  19100, t:   45954.8 s, ωt:   4.60 (0.73 periods), wall: 2.990 minutes, Δt:   1.43, CFL: 9.00e-01
i:  19200, t:   46111.7 s, ωt:   4.61 (0.73 periods), wall: 3.000 minutes, Δt:   1.71, CFL: 9.00e-01
i:  19300, t:   46290.3 s, ωt:   4.63 (0.74 periods), wall: 3.014 minutes, Δt:   1.61, CFL: 9.00e-01
i:  19400, t:   46457.4 s, ωt:   4.65 (0.74 periods), wall: 3.025 minutes, Δt:   1.44, CFL: 9.00e-01
i:  19500, t:   46613.6 s, ωt:   4.66 (0.74 periods), wall: 3.037 minutes, Δt:   1.80, CFL: 9.00e-01
i:  19600, t:   46765.9 s, ωt:   4.68 (0.74 periods), wall: 3.048 minutes, Δt:   1.42, CFL: 9.00e-01
i:  19700, t:   46911.7 s, ωt:   4.69 (0.75 periods), wall: 3.060 minutes, Δt:   1.36, CFL: 9.00e-01
i:  19800, t:   47051.3 s, ωt:   4.71 (0.75 periods), wall: 3.071 minutes, Δt:   1.60, CFL: 9.00e-01
i:  19900, t:   47214.6 s, ωt:   4.72 (0.75 periods), wall: 3.085 minutes, Δt:   1.79, CFL: 9.00e-01
i:  20000, t:   47376.9 s, ωt:   4.74 (0.75 periods), wall: 3.096 minutes, Δt:   1.63, CFL: 9.00e-01
i:  20100, t:   47527.7 s, ωt:   4.75 (0.76 periods), wall: 3.108 minutes, Δt:   1.44, CFL: 9.00e-01
i:  20200, t:   47681.2 s, ωt:   4.77 (0.76 periods), wall: 3.119 minutes, Δt:   1.64, CFL: 9.00e-01
i:  20300, t:   47843.2 s, ωt:   4.78 (0.76 periods), wall: 3.132 minutes, Δt:   1.64, CFL: 9.00e-01
i:  20400, t:   47995.8 s, ωt:   4.80 (0.76 periods), wall: 3.143 minutes, Δt:   1.31, CFL: 9.00e-01
i:  20500, t:   48134.7 s, ωt:   4.81 (0.77 periods), wall: 3.155 minutes, Δt:   1.56, CFL: 9.00e-01
i:  20600, t:   48291.8 s, ωt:   4.83 (0.77 periods), wall: 3.166 minutes, Δt:   1.53, CFL: 9.00e-01
i:  20700, t:   48452.1 s, ωt:   4.85 (0.77 periods), wall: 3.179 minutes, Δt:   1.66, CFL: 9.00e-01
i:  20800, t:   48602.7 s, ωt:   4.86 (0.77 periods), wall: 3.189 minutes, Δt:   1.75, CFL: 9.00e-01
i:  20900, t:   48761.5 s, ωt:   4.88 (0.78 periods), wall: 3.203 minutes, Δt:   1.90, CFL: 9.00e-01
i:  21000, t:   48926.2 s, ωt:   4.89 (0.78 periods), wall: 3.214 minutes, Δt:   1.40, CFL: 9.00e-01
i:  21100, t:   49075.4 s, ωt:   4.91 (0.78 periods), wall: 3.227 minutes, Δt:   1.44, CFL: 9.00e-01
i:  21200, t:   49229.8 s, ωt:   4.92 (0.78 periods), wall: 3.238 minutes, Δt:   1.64, CFL: 9.00e-01
i:  21300, t:   49399.9 s, ωt:   4.94 (0.79 periods), wall: 3.250 minutes, Δt:   1.81, CFL: 9.00e-01
i:  21400, t:   49583.2 s, ωt:   4.96 (0.79 periods), wall: 3.261 minutes, Δt:   1.53, CFL: 9.00e-01
i:  21500, t:   49737.7 s, ωt:   4.97 (0.79 periods), wall: 3.274 minutes, Δt:   1.60, CFL: 9.00e-01
i:  21600, t:   49919.9 s, ωt:   4.99 (0.79 periods), wall: 3.285 minutes, Δt:   1.74, CFL: 9.00e-01
i:  21700, t:   50094.6 s, ωt:   5.01 (0.80 periods), wall: 3.298 minutes, Δt:   1.85, CFL: 9.00e-01
i:  21800, t:   50283.0 s, ωt:   5.03 (0.80 periods), wall: 3.311 minutes, Δt:   2.00, CFL: 9.00e-01
i:  21900, t:   50472.7 s, ωt:   5.05 (0.80 periods), wall: 3.322 minutes, Δt:   1.82, CFL: 9.00e-01
i:  22000, t:   50658.1 s, ωt:   5.07 (0.81 periods), wall: 3.334 minutes, Δt:   1.64, CFL: 9.00e-01
i:  22100, t:   50843.0 s, ωt:   5.08 (0.81 periods), wall: 3.345 minutes, Δt:   1.89, CFL: 9.00e-01
i:  22200, t:   51013.6 s, ωt:   5.10 (0.81 periods), wall: 3.358 minutes, Δt:   1.35, CFL: 9.00e-01
i:  22300, t:   51174.2 s, ωt:   5.12 (0.81 periods), wall: 3.369 minutes, Δt:   1.96, CFL: 9.00e-01
i:  22400, t:   51350.8 s, ωt:   5.14 (0.82 periods), wall: 3.381 minutes, Δt:   1.65, CFL: 9.00e-01
i:  22500, t:   51531.4 s, ωt:   5.15 (0.82 periods), wall: 3.394 minutes, Δt:   1.71, CFL: 9.00e-01
i:  22600, t:   51703.2 s, ωt:   5.17 (0.82 periods), wall: 3.405 minutes, Δt:   1.88, CFL: 9.00e-01
i:  22700, t:   51875.8 s, ωt:   5.19 (0.83 periods), wall: 3.417 minutes, Δt:   2.08, CFL: 9.00e-01
i:  22800, t:   52057.7 s, ωt:   5.21 (0.83 periods), wall: 3.428 minutes, Δt:   1.89, CFL: 9.00e-01
i:  22900, t:   52235.2 s, ωt:   5.22 (0.83 periods), wall: 3.441 minutes, Δt:   1.82, CFL: 9.00e-01
i:  23000, t:   52421.6 s, ωt:   5.24 (0.83 periods), wall: 3.452 minutes, Δt:   2.03, CFL: 9.00e-01
i:  23100, t:   52619.1 s, ωt:   5.26 (0.84 periods), wall: 3.463 minutes, Δt:   2.06, CFL: 9.00e-01
i:  23200, t:   52807.6 s, ωt:   5.28 (0.84 periods), wall: 3.476 minutes, Δt:   1.99, CFL: 9.00e-01
i:  23300, t:   52998.8 s, ωt:   5.30 (0.84 periods), wall: 3.487 minutes, Δt:   2.14, CFL: 9.00e-01
i:  23400, t:   53214.5 s, ωt:   5.32 (0.85 periods), wall: 3.500 minutes, Δt:   1.61, CFL: 9.00e-01
i:  23500, t:   53371.4 s, ωt:   5.34 (0.85 periods), wall: 3.511 minutes, Δt:   1.89, CFL: 9.00e-01
i:  23600, t:   53552.8 s, ωt:   5.36 (0.85 periods), wall: 3.524 minutes, Δt:   1.73, CFL: 9.00e-01
i:  23700, t:   53737.3 s, ωt:   5.37 (0.86 periods), wall: 3.536 minutes, Δt:   2.12, CFL: 9.00e-01
i:  23800, t:   53943.6 s, ωt:   5.39 (0.86 periods), wall: 3.547 minutes, Δt:   1.86, CFL: 9.00e-01
i:  23900, t:   54126.8 s, ωt:   5.41 (0.86 periods), wall: 3.558 minutes, Δt:   2.09, CFL: 9.00e-01
i:  24000, t:   54340.7 s, ωt:   5.43 (0.86 periods), wall: 3.569 minutes, Δt:   2.03, CFL: 9.00e-01
i:  24100, t:   54535.7 s, ωt:   5.45 (0.87 periods), wall: 3.582 minutes, Δt:   1.44, CFL: 9.00e-01
i:  24200, t:   54720.7 s, ωt:   5.47 (0.87 periods), wall: 3.596 minutes, Δt:   2.08, CFL: 9.00e-01
i:  24300, t:   54941.3 s, ωt:   5.49 (0.87 periods), wall: 3.607 minutes, Δt:   2.39, CFL: 9.00e-01
i:  24400, t:   55143.4 s, ωt:   5.51 (0.88 periods), wall: 3.622 minutes, Δt:   2.14, CFL: 9.00e-01
i:  24500, t:   55380.5 s, ωt:   5.54 (0.88 periods), wall: 3.634 minutes, Δt:   2.52, CFL: 9.00e-01
i:  24600, t:   55620.9 s, ωt:   5.56 (0.89 periods), wall: 3.646 minutes, Δt:   2.51, CFL: 9.00e-01
i:  24700, t:   55863.6 s, ωt:   5.59 (0.89 periods), wall: 3.657 minutes, Δt:   2.46, CFL: 9.00e-01
i:  24800, t:   56074.4 s, ωt:   5.61 (0.89 periods), wall: 3.672 minutes, Δt:   2.09, CFL: 9.00e-01
i:  24900, t:   56281.5 s, ωt:   5.63 (0.90 periods), wall: 3.685 minutes, Δt:   2.23, CFL: 9.00e-01
i:  25000, t:   56531.1 s, ωt:   5.65 (0.90 periods), wall: 3.696 minutes, Δt:   2.75, CFL: 9.00e-01
i:  25100, t:   56812.4 s, ωt:   5.68 (0.90 periods), wall: 3.708 minutes, Δt:   2.47, CFL: 9.00e-01
i:  25200, t:   57101.9 s, ωt:   5.71 (0.91 periods), wall: 3.720 minutes, Δt:   2.72, CFL: 9.00e-01
i:  25300, t:   57378.1 s, ωt:   5.74 (0.91 periods), wall: 3.733 minutes, Δt:   2.58, CFL: 9.00e-01
i:  25400, t:   57633.8 s, ωt:   5.76 (0.92 periods), wall: 3.745 minutes, Δt:   2.86, CFL: 9.00e-01
i:  25500, t:   57910.1 s, ωt:   5.79 (0.92 periods), wall: 3.759 minutes, Δt:   2.66, CFL: 9.00e-01
i:  25600, t:   58211.0 s, ωt:   5.82 (0.93 periods), wall: 3.772 minutes, Δt:   3.07, CFL: 9.00e-01
i:  25700, t:   58563.3 s, ωt:   5.86 (0.93 periods), wall: 3.784 minutes, Δt:   3.80, CFL: 9.00e-01
i:  25800, t:   58887.4 s, ωt:   5.89 (0.94 periods), wall: 3.796 minutes, Δt:   2.96, CFL: 9.00e-01
i:  25900, t:   59223.8 s, ωt:   5.92 (0.94 periods), wall: 3.808 minutes, Δt:   2.97, CFL: 9.00e-01
i:  26000, t:   59575.8 s, ωt:   5.96 (0.95 periods), wall: 3.821 minutes, Δt:   3.80, CFL: 9.00e-01
i:  26100, t:   59936.8 s, ωt:   5.99 (0.95 periods), wall: 3.833 minutes, Δt:   2.65, CFL: 9.00e-01
i:  26200, t:   60293.9 s, ωt:   6.03 (0.96 periods), wall: 3.847 minutes, Δt:   4.83, CFL: 9.00e-01
i:  26300, t:   60759.1 s, ωt:   6.08 (0.97 periods), wall: 3.861 minutes, Δt:   4.90, CFL: 9.00e-01
i:  26400, t:   61224.0 s, ωt:   6.12 (0.97 periods), wall: 3.874 minutes, Δt:   5.36, CFL: 8.35e-01
i:  26500, t:   61735.0 s, ωt:   6.17 (0.98 periods), wall: 3.888 minutes, Δt:   4.81, CFL: 9.00e-01
i:  26600, t:   62295.1 s, ωt:   6.23 (0.99 periods), wall: 3.901 minutes, Δt:   6.72, CFL: 9.00e-01
i:  26700, t:   62922.5 s, ωt:   6.29 (1.00 periods), wall: 3.928 minutes, Δt:   6.58, CFL: 9.00e-01
i:  26800, t:   63543.9 s, ωt:   6.35 (1.01 periods), wall: 3.941 minutes, Δt:   6.21, CFL: 9.00e-01
i:  26900, t:   64145.5 s, ωt:   6.41 (1.02 periods), wall: 3.955 minutes, Δt:   6.29, CFL: 9.00e-01
i:  27000, t:   64746.8 s, ωt:   6.47 (1.03 periods), wall: 3.972 minutes, Δt:   6.21, CFL: 9.00e-01
i:  27100, t:   65308.1 s, ωt:   6.53 (1.04 periods), wall: 3.985 minutes, Δt:   4.25, CFL: 9.00e-01
i:  27200, t:   65717.5 s, ωt:   6.57 (1.05 periods), wall: 4.001 minutes, Δt:   4.55, CFL: 9.00e-01
i:  27300, t:   66206.1 s, ωt:   6.62 (1.05 periods), wall: 4.013 minutes, Δt:   4.16, CFL: 9.00e-01
i:  27400, t:   66614.0 s, ωt:   6.66 (1.06 periods), wall: 4.027 minutes, Δt:   4.05, CFL: 9.00e-01
i:  27500, t:   66996.6 s, ωt:   6.70 (1.07 periods), wall: 4.040 minutes, Δt:   3.94, CFL: 9.00e-01
i:  27600, t:   67346.5 s, ωt:   6.73 (1.07 periods), wall: 4.055 minutes, Δt:   3.32, CFL: 9.00e-01
i:  27700, t:   67674.8 s, ωt:   6.77 (1.08 periods), wall: 4.067 minutes, Δt:   3.36, CFL: 9.00e-01
i:  27800, t:   67993.3 s, ωt:   6.80 (1.08 periods), wall: 4.079 minutes, Δt:   3.10, CFL: 9.00e-01
i:  27900, t:   68301.2 s, ωt:   6.83 (1.09 periods), wall: 4.091 minutes, Δt:   3.01, CFL: 9.00e-01
i:  28000, t:   68597.7 s, ωt:   6.86 (1.09 periods), wall: 4.106 minutes, Δt:   3.03, CFL: 9.00e-01
i:  28100, t:   68882.9 s, ωt:   6.89 (1.10 periods), wall: 4.118 minutes, Δt:   2.77, CFL: 9.00e-01
i:  28200, t:   69141.6 s, ωt:   6.91 (1.10 periods), wall: 4.130 minutes, Δt:   2.68, CFL: 9.00e-01
i:  28300, t:   69409.2 s, ωt:   6.94 (1.10 periods), wall: 4.141 minutes, Δt:   2.58, CFL: 9.00e-01
i:  28400, t:   69661.3 s, ωt:   6.97 (1.11 periods), wall: 4.154 minutes, Δt:   2.38, CFL: 9.00e-01
i:  28500, t:   69892.0 s, ωt:   6.99 (1.11 periods), wall: 4.166 minutes, Δt:   1.64, CFL: 9.00e-01
i:  28600, t:   70119.5 s, ωt:   7.01 (1.12 periods), wall: 4.180 minutes, Δt:   2.25, CFL: 9.00e-01
i:  28700, t:   70346.1 s, ωt:   7.03 (1.12 periods), wall: 4.190 minutes, Δt:   2.10, CFL: 9.00e-01
i:  28800, t:   70561.9 s, ωt:   7.06 (1.12 periods), wall: 4.202 minutes, Δt:   2.25, CFL: 9.00e-01
i:  28900, t:   70787.0 s, ωt:   7.08 (1.13 periods), wall: 4.215 minutes, Δt:   2.53, CFL: 9.00e-01
i:  29000, t:   71025.0 s, ωt:   7.10 (1.13 periods), wall: 4.227 minutes, Δt:   2.35, CFL: 9.00e-01
i:  29100, t:   71255.9 s, ωt:   7.13 (1.13 periods), wall: 4.238 minutes, Δt:   2.36, CFL: 9.00e-01
i:  29200, t:   71464.2 s, ωt:   7.15 (1.14 periods), wall: 4.252 minutes, Δt:   2.01, CFL: 9.00e-01
i:  29300, t:   71672.8 s, ωt:   7.17 (1.14 periods), wall: 4.264 minutes, Δt:   2.05, CFL: 9.00e-01
i:  29400, t:   71879.7 s, ωt:   7.19 (1.14 periods), wall: 4.275 minutes, Δt:   1.88, CFL: 9.00e-01
i:  29500, t:   72084.3 s, ωt:   7.21 (1.15 periods), wall: 4.287 minutes, Δt:   2.22, CFL: 9.00e-01
i:  29600, t:   72284.6 s, ωt:   7.23 (1.15 periods), wall: 4.299 minutes, Δt:   2.07, CFL: 9.00e-01
i:  29700, t:   72497.0 s, ωt:   7.25 (1.15 periods), wall: 4.310 minutes, Δt:   2.22, CFL: 9.00e-01
i:  29800, t:   72682.3 s, ωt:   7.27 (1.16 periods), wall: 4.321 minutes, Δt:   1.76, CFL: 9.00e-01
i:  29900, t:   72877.6 s, ωt:   7.29 (1.16 periods), wall: 4.332 minutes, Δt:   2.25, CFL: 9.00e-01
i:  30000, t:   73079.4 s, ωt:   7.31 (1.16 periods), wall: 4.344 minutes, Δt:   1.79, CFL: 9.00e-01
i:  30100, t:   73278.0 s, ωt:   7.33 (1.17 periods), wall: 4.356 minutes, Δt:   1.80, CFL: 9.00e-01
i:  30200, t:   73466.1 s, ωt:   7.35 (1.17 periods), wall: 4.367 minutes, Δt:   1.83, CFL: 9.00e-01
i:  30300, t:   73657.2 s, ωt:   7.37 (1.17 periods), wall: 4.380 minutes, Δt:   2.01, CFL: 9.00e-01
i:  30400, t:   73846.2 s, ωt:   7.38 (1.18 periods), wall: 4.392 minutes, Δt:   2.02, CFL: 9.00e-01
i:  30500, t:   74034.4 s, ωt:   7.40 (1.18 periods), wall: 4.403 minutes, Δt:   2.05, CFL: 9.00e-01
i:  30600, t:   74220.3 s, ωt:   7.42 (1.18 periods), wall: 4.416 minutes, Δt:   1.90, CFL: 9.00e-01
i:  30700, t:   74402.7 s, ωt:   7.44 (1.18 periods), wall: 4.427 minutes, Δt:   1.94, CFL: 9.00e-01
i:  30800, t:   74580.5 s, ωt:   7.46 (1.19 periods), wall: 4.440 minutes, Δt:   1.64, CFL: 9.00e-01
i:  30900, t:   74759.3 s, ωt:   7.48 (1.19 periods), wall: 4.451 minutes, Δt:   1.91, CFL: 9.00e-01
i:  31000, t:   74926.2 s, ωt:   7.49 (1.19 periods), wall: 4.464 minutes, Δt:   1.48, CFL: 9.00e-01
i:  31100, t:   75092.9 s, ωt:   7.51 (1.20 periods), wall: 4.477 minutes, Δt:   1.87, CFL: 9.00e-01
i:  31200, t:   75276.1 s, ωt:   7.53 (1.20 periods), wall: 4.488 minutes, Δt:   1.85, CFL: 9.00e-01
i:  31300, t:   75465.6 s, ωt:   7.55 (1.20 periods), wall: 4.500 minutes, Δt:   1.86, CFL: 9.00e-01
i:  31400, t:   75637.6 s, ωt:   7.56 (1.20 periods), wall: 4.510 minutes, Δt:   1.59, CFL: 9.00e-01
i:  31500, t:   75803.7 s, ωt:   7.58 (1.21 periods), wall: 4.522 minutes, Δt:   1.86, CFL: 9.00e-01
i:  31600, t:   75973.5 s, ωt:   7.60 (1.21 periods), wall: 4.533 minutes, Δt:   1.73, CFL: 9.00e-01
i:  31700, t:   76153.3 s, ωt:   7.62 (1.21 periods), wall: 4.545 minutes, Δt:   1.82, CFL: 9.00e-01
i:  31800, t:   76325.1 s, ωt:   7.63 (1.21 periods), wall: 4.556 minutes, Δt:   1.83, CFL: 9.00e-01
i:  31900, t:   76508.1 s, ωt:   7.65 (1.22 periods), wall: 4.568 minutes, Δt:   1.71, CFL: 9.00e-01
i:  32000, t:   76680.7 s, ωt:   7.67 (1.22 periods), wall: 4.581 minutes, Δt:   1.73, CFL: 9.00e-01
i:  32100, t:   76858.1 s, ωt:   7.69 (1.22 periods), wall: 4.592 minutes, Δt:   1.74, CFL: 9.00e-01
i:  32200, t:   77040.6 s, ωt:   7.70 (1.23 periods), wall: 4.604 minutes, Δt:   1.73, CFL: 9.00e-01
i:  32300, t:   77208.9 s, ωt:   7.72 (1.23 periods), wall: 4.614 minutes, Δt:   1.35, CFL: 9.00e-01
i:  32400, t:   77369.4 s, ωt:   7.74 (1.23 periods), wall: 4.628 minutes, Δt:   1.69, CFL: 9.00e-01
i:  32500, t:   77541.9 s, ωt:   7.75 (1.23 periods), wall: 4.639 minutes, Δt:   1.75, CFL: 9.00e-01
i:  32600, t:   77710.0 s, ωt:   7.77 (1.24 periods), wall: 4.651 minutes, Δt:   1.71, CFL: 9.00e-01
i:  32700, t:   77875.9 s, ωt:   7.79 (1.24 periods), wall: 4.661 minutes, Δt:   1.71, CFL: 9.00e-01
i:  32800, t:   78048.6 s, ωt:   7.80 (1.24 periods), wall: 4.673 minutes, Δt:   1.67, CFL: 9.00e-01
i:  32900, t:   78214.0 s, ωt:   7.82 (1.24 periods), wall: 4.684 minutes, Δt:   1.78, CFL: 9.00e-01
i:  33000, t:   78389.2 s, ωt:   7.84 (1.25 periods), wall: 4.697 minutes, Δt:   1.73, CFL: 9.00e-01
i:  33100, t:   78557.1 s, ωt:   7.86 (1.25 periods), wall: 4.711 minutes, Δt:   1.50, CFL: 9.00e-01
i:  33200, t:   78723.2 s, ωt:   7.87 (1.25 periods), wall: 4.722 minutes, Δt:   1.76, CFL: 9.00e-01
i:  33300, t:   78894.8 s, ωt:   7.89 (1.26 periods), wall: 4.734 minutes, Δt:   1.62, CFL: 9.00e-01
i:  33400, t:   79066.6 s, ωt:   7.91 (1.26 periods), wall: 4.745 minutes, Δt:   1.76, CFL: 9.00e-01
i:  33500, t:   79240.2 s, ωt:   7.92 (1.26 periods), wall: 4.758 minutes, Δt:   1.77, CFL: 9.00e-01
i:  33600, t:   79405.3 s, ωt:   7.94 (1.26 periods), wall: 4.768 minutes, Δt:   1.57, CFL: 9.00e-01
i:  33700, t:   79575.3 s, ωt:   7.96 (1.27 periods), wall: 4.781 minutes, Δt:   1.82, CFL: 9.00e-01
i:  33800, t:   79734.3 s, ωt:   7.97 (1.27 periods), wall: 4.791 minutes, Δt:   1.61, CFL: 9.00e-01
i:  33900, t:   79892.5 s, ωt:   7.99 (1.27 periods), wall: 4.804 minutes, Δt:   1.76, CFL: 9.00e-01
i:  34000, t:   80065.6 s, ωt:   8.01 (1.27 periods), wall: 4.815 minutes, Δt:   1.76, CFL: 9.00e-01
i:  34100, t:   80223.4 s, ωt:   8.02 (1.28 periods), wall: 4.827 minutes, Δt:   1.56, CFL: 9.00e-01
i:  34200, t:   80392.6 s, ωt:   8.04 (1.28 periods), wall: 4.838 minutes, Δt:   1.76, CFL: 9.00e-01
i:  34300, t:   80565.2 s, ωt:   8.06 (1.28 periods), wall: 4.850 minutes, Δt:   1.63, CFL: 9.00e-01
i:  34400, t:   80733.8 s, ωt:   8.07 (1.28 periods), wall: 4.861 minutes, Δt:   1.65, CFL: 9.00e-01
i:  34500, t:   80893.0 s, ωt:   8.09 (1.29 periods), wall: 4.873 minutes, Δt:   1.72, CFL: 9.00e-01
i:  34600, t:   81066.3 s, ωt:   8.11 (1.29 periods), wall: 4.886 minutes, Δt:   1.79, CFL: 9.00e-01
i:  34700, t:   81244.5 s, ωt:   8.12 (1.29 periods), wall: 4.897 minutes, Δt:   1.64, CFL: 9.00e-01
i:  34800, t:   81416.1 s, ωt:   8.14 (1.30 periods), wall: 4.909 minutes, Δt:   1.93, CFL: 9.00e-01
i:  34900, t:   81588.5 s, ωt:   8.16 (1.30 periods), wall: 4.920 minutes, Δt:   1.68, CFL: 9.00e-01
i:  35000, t:   81765.3 s, ωt:   8.18 (1.30 periods), wall: 4.933 minutes, Δt:   1.80, CFL: 9.00e-01
i:  35100, t:   81941.2 s, ωt:   8.19 (1.30 periods), wall: 4.944 minutes, Δt:   1.92, CFL: 9.00e-01
i:  35200, t:   82114.2 s, ωt:   8.21 (1.31 periods), wall: 4.956 minutes, Δt:   1.59, CFL: 9.00e-01
i:  35300, t:   82283.0 s, ωt:   8.23 (1.31 periods), wall: 4.967 minutes, Δt:   1.73, CFL: 9.00e-01
i:  35400, t:   82463.4 s, ωt:   8.25 (1.31 periods), wall: 4.979 minutes, Δt:   1.91, CFL: 9.00e-01
i:  35500, t:   82649.8 s, ωt:   8.26 (1.32 periods), wall: 4.991 minutes, Δt:   1.90, CFL: 9.00e-01
i:  35600, t:   82813.9 s, ωt:   8.28 (1.32 periods), wall: 5.002 minutes, Δt:   1.49, CFL: 9.00e-01
i:  35700, t:   82972.3 s, ωt:   8.30 (1.32 periods), wall: 5.014 minutes, Δt:   1.70, CFL: 9.00e-01
i:  35800, t:   83150.4 s, ωt:   8.32 (1.32 periods), wall: 5.025 minutes, Δt:   1.96, CFL: 9.00e-01
i:  35900, t:   83355.0 s, ωt:   8.34 (1.33 periods), wall: 5.039 minutes, Δt:   1.97, CFL: 9.00e-01
i:  36000, t:   83541.6 s, ωt:   8.35 (1.33 periods), wall: 5.050 minutes, Δt:   2.15, CFL: 9.00e-01
i:  36100, t:   83726.9 s, ωt:   8.37 (1.33 periods), wall: 5.062 minutes, Δt:   1.76, CFL: 9.00e-01
i:  36200, t:   83908.6 s, ωt:   8.39 (1.34 periods), wall: 5.076 minutes, Δt:   1.66, CFL: 9.00e-01
i:  36300, t:   84092.6 s, ωt:   8.41 (1.34 periods), wall: 5.087 minutes, Δt:   2.01, CFL: 9.00e-01
i:  36400, t:   84295.0 s, ωt:   8.43 (1.34 periods), wall: 5.099 minutes, Δt:   2.12, CFL: 9.00e-01
i:  36500, t:   84482.1 s, ωt:   8.45 (1.34 periods), wall: 5.110 minutes, Δt:   1.93, CFL: 9.00e-01
i:  36600, t:   84679.2 s, ωt:   8.47 (1.35 periods), wall: 5.122 minutes, Δt:   2.03, CFL: 9.00e-01
i:  36700, t:   84866.5 s, ωt:   8.49 (1.35 periods), wall: 5.135 minutes, Δt:   1.94, CFL: 9.00e-01
i:  36800, t:   85051.0 s, ωt:   8.51 (1.35 periods), wall: 5.146 minutes, Δt:   2.03, CFL: 9.00e-01
i:  36900, t:   85236.1 s, ωt:   8.52 (1.36 periods), wall: 5.159 minutes, Δt:   1.81, CFL: 9.00e-01
i:  37000, t:   85453.6 s, ωt:   8.55 (1.36 periods), wall: 5.171 minutes, Δt:   2.20, CFL: 9.00e-01
i:  37100, t:   85632.2 s, ωt:   8.56 (1.36 periods), wall: 5.182 minutes, Δt:   1.72, CFL: 9.00e-01
i:  37200, t:   85847.9 s, ωt:   8.58 (1.37 periods), wall: 5.195 minutes, Δt:   2.14, CFL: 9.00e-01
i:  37300, t:   86077.1 s, ωt:   8.61 (1.37 periods), wall: 5.206 minutes, Δt:   2.46, CFL: 9.00e-01
i:  37400, t:   86304.3 s, ωt:   8.63 (1.37 periods), wall: 5.218 minutes, Δt:   2.51, CFL: 9.00e-01
i:  37500, t:   86525.5 s, ωt:   8.65 (1.38 periods), wall: 5.231 minutes, Δt:   1.95, CFL: 9.00e-01
i:  37600, t:   86713.6 s, ωt:   8.67 (1.38 periods), wall: 5.243 minutes, Δt:   1.71, CFL: 9.00e-01
i:  37700, t:   86945.6 s, ωt:   8.69 (1.38 periods), wall: 5.254 minutes, Δt:   2.07, CFL: 9.00e-01
i:  37800, t:   87171.2 s, ωt:   8.72 (1.39 periods), wall: 5.266 minutes, Δt:   2.07, CFL: 9.00e-01
i:  37900, t:   87408.1 s, ωt:   8.74 (1.39 periods), wall: 5.282 minutes, Δt:   2.11, CFL: 9.00e-01
i:  38000, t:   87644.3 s, ωt:   8.76 (1.39 periods), wall: 5.293 minutes, Δt:   2.00, CFL: 9.00e-01
i:  38100, t:   87849.8 s, ωt:   8.78 (1.40 periods), wall: 5.305 minutes, Δt:   1.75, CFL: 9.00e-01
i:  38200, t:   88079.8 s, ωt:   8.81 (1.40 periods), wall: 5.318 minutes, Δt:   2.77, CFL: 9.00e-01
i:  38300, t:   88333.3 s, ωt:   8.83 (1.41 periods), wall: 5.330 minutes, Δt:   2.79, CFL: 9.00e-01
i:  38400, t:   88600.7 s, ωt:   8.86 (1.41 periods), wall: 5.343 minutes, Δt:   2.58, CFL: 9.00e-01
i:  38500, t:   88901.1 s, ωt:   8.89 (1.41 periods), wall: 5.354 minutes, Δt:   2.86, CFL: 9.00e-01
i:  38600, t:   89209.0 s, ωt:   8.92 (1.42 periods), wall: 5.366 minutes, Δt:   3.06, CFL: 9.00e-01
i:  38700, t:   89492.5 s, ωt:   8.95 (1.42 periods), wall: 5.378 minutes, Δt:   3.09, CFL: 9.00e-01
i:  38800, t:   89817.7 s, ωt:   8.98 (1.43 periods), wall: 5.390 minutes, Δt:   3.34, CFL: 9.00e-01
i:  38900, t:   90121.2 s, ωt:   9.01 (1.43 periods), wall: 5.402 minutes, Δt:   2.86, CFL: 9.00e-01
i:  39000, t:   90404.7 s, ωt:   9.04 (1.44 periods), wall: 5.417 minutes, Δt:   3.12, CFL: 9.00e-01
i:  39100, t:   90717.7 s, ωt:   9.07 (1.44 periods), wall: 5.430 minutes, Δt:   3.17, CFL: 9.00e-01
i:  39200, t:   91063.1 s, ωt:   9.11 (1.45 periods), wall: 5.442 minutes, Δt:   3.57, CFL: 9.00e-01
i:  39300, t:   91412.3 s, ωt:   9.14 (1.45 periods), wall: 5.455 minutes, Δt:   4.09, CFL: 9.00e-01
i:  39400, t:   91803.3 s, ωt:   9.18 (1.46 periods), wall: 5.469 minutes, Δt:   3.74, CFL: 9.00e-01
i:  39500, t:   92224.9 s, ωt:   9.22 (1.47 periods), wall: 5.484 minutes, Δt:   3.23, CFL: 9.00e-01
i:  39600, t:   92682.6 s, ωt:   9.27 (1.48 periods), wall: 5.497 minutes, Δt:   5.59, CFL: 9.00e-01
i:  39700, t:   93277.8 s, ωt:   9.33 (1.48 periods), wall: 5.510 minutes, Δt:   5.82, CFL: 9.00e-01
i:  39800, t:   93948.5 s, ωt:   9.39 (1.50 periods), wall: 5.526 minutes, Δt:   7.54, CFL: 9.00e-01
i:  39900, t:   94616.7 s, ωt:   9.46 (1.51 periods), wall: 5.553 minutes, Δt:   6.94, CFL: 9.00e-01
i:  40000, t:   95279.7 s, ωt:   9.53 (1.52 periods), wall: 5.577 minutes, Δt:   7.13, CFL: 9.00e-01
i:  40100, t:   95963.7 s, ωt:   9.60 (1.53 periods), wall: 5.591 minutes, Δt:   6.14, CFL: 9.00e-01
i:  40200, t:   96593.7 s, ωt:   9.66 (1.54 periods), wall: 5.604 minutes, Δt:   6.33, CFL: 9.00e-01
i:  40300, t:   97178.5 s, ωt:   9.72 (1.55 periods), wall: 5.617 minutes, Δt:   5.25, CFL: 9.00e-01
i:  40400, t:   97657.6 s, ωt:   9.77 (1.55 periods), wall: 5.630 minutes, Δt:   4.72, CFL: 9.00e-01
i:  40500, t:   98070.5 s, ωt:   9.81 (1.56 periods), wall: 5.645 minutes, Δt:   3.91, CFL: 9.00e-01
i:  40600, t:   98455.6 s, ωt:   9.85 (1.57 periods), wall: 5.657 minutes, Δt:   3.48, CFL: 9.00e-01
i:  40700, t:   98778.6 s, ωt:   9.88 (1.57 periods), wall: 5.670 minutes, Δt:   2.62, CFL: 9.00e-01
i:  40800, t:   99117.2 s, ωt:   9.91 (1.58 periods), wall: 5.683 minutes, Δt:   3.36, CFL: 9.00e-01
i:  40900, t:   99438.5 s, ωt:   9.94 (1.58 periods), wall: 5.696 minutes, Δt:   3.02, CFL: 9.00e-01
i:  41000, t:   99728.9 s, ωt:   9.97 (1.59 periods), wall: 5.708 minutes, Δt:   2.71, CFL: 9.00e-01
i:  41100, t:  100004.4 s, ωt:  10.00 (1.59 periods), wall: 5.720 minutes, Δt:   2.61, CFL: 9.00e-01
i:  41200, t:  100277.3 s, ωt:  10.03 (1.60 periods), wall: 5.733 minutes, Δt:   2.55, CFL: 9.00e-01
i:  41300, t:  100540.4 s, ωt:  10.05 (1.60 periods), wall: 5.745 minutes, Δt:   2.59, CFL: 9.00e-01
i:  41400, t:  100787.4 s, ωt:  10.08 (1.60 periods), wall: 5.756 minutes, Δt:   2.28, CFL: 9.00e-01
i:  41500, t:  101021.0 s, ωt:  10.10 (1.61 periods), wall: 5.768 minutes, Δt:   2.24, CFL: 9.00e-01
i:  41600, t:  101263.0 s, ωt:  10.13 (1.61 periods), wall: 5.781 minutes, Δt:   2.39, CFL: 9.00e-01
i:  41700, t:  101496.2 s, ωt:  10.15 (1.62 periods), wall: 5.793 minutes, Δt:   2.17, CFL: 9.00e-01
i:  41800, t:  101721.8 s, ωt:  10.17 (1.62 periods), wall: 5.804 minutes, Δt:   2.23, CFL: 9.00e-01
i:  41900, t:  101942.4 s, ωt:  10.19 (1.62 periods), wall: 5.816 minutes, Δt:   2.04, CFL: 9.00e-01
i:  42000, t:  102155.7 s, ωt:  10.22 (1.63 periods), wall: 5.828 minutes, Δt:   2.24, CFL: 9.00e-01
i:  42100, t:  102369.5 s, ωt:  10.24 (1.63 periods), wall: 5.839 minutes, Δt:   1.96, CFL: 9.00e-01
i:  42200, t:  102569.8 s, ωt:  10.26 (1.63 periods), wall: 5.853 minutes, Δt:   2.13, CFL: 9.00e-01
i:  42300, t:  102777.8 s, ωt:  10.28 (1.64 periods), wall: 5.866 minutes, Δt:   2.21, CFL: 9.00e-01
i:  42400, t:  102966.2 s, ωt:  10.30 (1.64 periods), wall: 5.877 minutes, Δt:   2.05, CFL: 9.00e-01
i:  42500, t:  103159.5 s, ωt:  10.32 (1.64 periods), wall: 5.890 minutes, Δt:   1.88, CFL: 9.00e-01
i:  42600, t:  103334.7 s, ωt:  10.33 (1.64 periods), wall: 5.901 minutes, Δt:   1.65, CFL: 9.00e-01
i:  42700, t:  103523.6 s, ωt:  10.35 (1.65 periods), wall: 5.913 minutes, Δt:   1.99, CFL: 9.00e-01
i:  42800, t:  103715.6 s, ωt:  10.37 (1.65 periods), wall: 5.925 minutes, Δt:   1.77, CFL: 9.00e-01
i:  42900, t:  103908.9 s, ωt:  10.39 (1.65 periods), wall: 5.936 minutes, Δt:   1.85, CFL: 9.00e-01
i:  43000, t:  104085.6 s, ωt:  10.41 (1.66 periods), wall: 5.948 minutes, Δt:   2.04, CFL: 9.00e-01
i:  43100, t:  104283.4 s, ωt:  10.43 (1.66 periods), wall: 5.959 minutes, Δt:   1.87, CFL: 9.00e-01
i:  43200, t:  104464.7 s, ωt:  10.45 (1.66 periods), wall: 5.971 minutes, Δt:   2.16, CFL: 9.00e-01
i:  43300, t:  104660.6 s, ωt:  10.47 (1.67 periods), wall: 5.984 minutes, Δt:   1.95, CFL: 9.00e-01
i:  43400, t:  104851.6 s, ωt:  10.49 (1.67 periods), wall: 5.995 minutes, Δt:   1.62, CFL: 9.00e-01
i:  43500, t:  105027.0 s, ωt:  10.50 (1.67 periods), wall: 6.007 minutes, Δt:   1.85, CFL: 9.00e-01
i:  43600, t:  105211.4 s, ωt:  10.52 (1.67 periods), wall: 6.018 minutes, Δt:   2.04, CFL: 9.00e-01
i:  43700, t:  105391.5 s, ωt:  10.54 (1.68 periods), wall: 6.031 minutes, Δt:   1.77, CFL: 9.00e-01
i:  43800, t:  105566.6 s, ωt:  10.56 (1.68 periods), wall: 6.043 minutes, Δt:   1.67, CFL: 9.00e-01
i:  43900, t:  105744.8 s, ωt:  10.57 (1.68 periods), wall: 6.054 minutes, Δt:   1.85, CFL: 9.00e-01
i:  44000, t:  105934.9 s, ωt:  10.59 (1.69 periods), wall: 6.067 minutes, Δt:   1.71, CFL: 9.00e-01
i:  44100, t:  106107.9 s, ωt:  10.61 (1.69 periods), wall: 6.078 minutes, Δt:   1.65, CFL: 9.00e-01
i:  44200, t:  106276.8 s, ωt:  10.63 (1.69 periods), wall: 6.090 minutes, Δt:   1.75, CFL: 9.00e-01
i:  44300, t:  106452.9 s, ωt:  10.65 (1.69 periods), wall: 6.101 minutes, Δt:   1.80, CFL: 9.00e-01
i:  44400, t:  106625.0 s, ωt:  10.66 (1.70 periods), wall: 6.113 minutes, Δt:   1.52, CFL: 9.00e-01
i:  44500, t:  106787.7 s, ωt:  10.68 (1.70 periods), wall: 6.124 minutes, Δt:   1.80, CFL: 9.00e-01
i:  44600, t:  106952.3 s, ωt:  10.70 (1.70 periods), wall: 6.136 minutes, Δt:   1.82, CFL: 9.00e-01
i:  44700, t:  107117.5 s, ωt:  10.71 (1.70 periods), wall: 6.147 minutes, Δt:   1.58, CFL: 9.00e-01
i:  44800, t:  107273.5 s, ωt:  10.73 (1.71 periods), wall: 6.160 minutes, Δt:   1.74, CFL: 9.00e-01
i:  44900, t:  107433.9 s, ωt:  10.74 (1.71 periods), wall: 6.171 minutes, Δt:   1.81, CFL: 9.00e-01
i:  45000, t:  107593.3 s, ωt:  10.76 (1.71 periods), wall: 6.185 minutes, Δt:   1.51, CFL: 9.00e-01
i:  45100, t:  107744.6 s, ωt:  10.77 (1.71 periods), wall: 6.195 minutes, Δt:   1.39, CFL: 9.00e-01
i:  45200, t:  107906.5 s, ωt:  10.79 (1.72 periods), wall: 6.208 minutes, Δt:   2.00, CFL: 9.00e-01
i:  45300, t:  108074.0 s, ωt:  10.81 (1.72 periods), wall: 6.221 minutes, Δt:   1.89, CFL: 9.00e-01
i:  45400, t:  108241.1 s, ωt:  10.82 (1.72 periods), wall: 6.232 minutes, Δt:   1.40, CFL: 9.00e-01
i:  45500, t:  108411.3 s, ωt:  10.84 (1.73 periods), wall: 6.245 minutes, Δt:   1.82, CFL: 9.00e-01
i:  45600, t:  108585.4 s, ωt:  10.86 (1.73 periods), wall: 6.256 minutes, Δt:   1.65, CFL: 9.00e-01
i:  45700, t:  108755.2 s, ωt:  10.88 (1.73 periods), wall: 6.269 minutes, Δt:   1.74, CFL: 9.00e-01
i:  45800, t:  108922.1 s, ωt:  10.89 (1.73 periods), wall: 6.280 minutes, Δt:   1.68, CFL: 9.00e-01
i:  45900, t:  109082.6 s, ωt:  10.91 (1.74 periods), wall: 6.292 minutes, Δt:   1.60, CFL: 9.00e-01
i:  46000, t:  109236.2 s, ωt:  10.92 (1.74 periods), wall: 6.303 minutes, Δt:   1.59, CFL: 9.00e-01
i:  46100, t:  109388.2 s, ωt:  10.94 (1.74 periods), wall: 6.315 minutes, Δt:   1.46, CFL: 9.00e-01
i:  46200, t:  109537.0 s, ωt:  10.95 (1.74 periods), wall: 6.325 minutes, Δt:   1.54, CFL: 9.00e-01
i:  46300, t:  109700.6 s, ωt:  10.97 (1.75 periods), wall: 6.338 minutes, Δt:   1.77, CFL: 9.00e-01
i:  46400, t:  109865.7 s, ωt:  10.99 (1.75 periods), wall: 6.348 minutes, Δt:   1.76, CFL: 9.00e-01
i:  46500, t:  110029.0 s, ωt:  11.00 (1.75 periods), wall: 6.362 minutes, Δt:   1.77, CFL: 9.00e-01
i:  46600, t:  110190.8 s, ωt:  11.02 (1.75 periods), wall: 6.373 minutes, Δt:   1.78, CFL: 9.00e-01
i:  46700, t:  110357.1 s, ωt:  11.04 (1.76 periods), wall: 6.390 minutes, Δt:   1.28, CFL: 9.00e-01
i:  46800, t:  110497.7 s, ωt:  11.05 (1.76 periods), wall: 6.401 minutes, Δt:   1.51, CFL: 9.00e-01
i:  46900, t:  110662.6 s, ωt:  11.07 (1.76 periods), wall: 6.414 minutes, Δt:   1.72, CFL: 9.00e-01
i:  47000, t:  110822.5 s, ωt:  11.08 (1.76 periods), wall: 6.425 minutes, Δt:   1.48, CFL: 9.00e-01
i:  47100, t:  110983.3 s, ωt:  11.10 (1.77 periods), wall: 6.437 minutes, Δt:   1.84, CFL: 9.00e-01
i:  47200, t:  111148.9 s, ωt:  11.11 (1.77 periods), wall: 6.448 minutes, Δt:   1.55, CFL: 9.00e-01
i:  47300, t:  111315.7 s, ωt:  11.13 (1.77 periods), wall: 6.461 minutes, Δt:   1.71, CFL: 9.00e-01
i:  47400, t:  111488.5 s, ωt:  11.15 (1.77 periods), wall: 6.472 minutes, Δt:   1.74, CFL: 9.00e-01
i:  47500, t:  111650.2 s, ωt:  11.17 (1.78 periods), wall: 6.484 minutes, Δt:   1.85, CFL: 9.00e-01
i:  47600, t:  111823.9 s, ωt:  11.18 (1.78 periods), wall: 6.495 minutes, Δt:   1.26, CFL: 9.00e-01
i:  47700, t:  111966.7 s, ωt:  11.20 (1.78 periods), wall: 6.508 minutes, Δt:   1.79, CFL: 9.00e-01
i:  47800, t:  112135.9 s, ωt:  11.21 (1.78 periods), wall: 6.518 minutes, Δt:   1.79, CFL: 9.00e-01
i:  47900, t:  112309.8 s, ωt:  11.23 (1.79 periods), wall: 6.530 minutes, Δt:   1.64, CFL: 9.00e-01
i:  48000, t:  112481.7 s, ωt:  11.25 (1.79 periods), wall: 6.544 minutes, Δt:   1.82, CFL: 9.00e-01
i:  48100, t:  112652.2 s, ωt:  11.27 (1.79 periods), wall: 6.555 minutes, Δt:   1.79, CFL: 9.00e-01
i:  48200, t:  112827.5 s, ωt:  11.28 (1.80 periods), wall: 6.567 minutes, Δt:   1.64, CFL: 9.00e-01
i:  48300, t:  113000.1 s, ωt:  11.30 (1.80 periods), wall: 6.578 minutes, Δt:   1.85, CFL: 9.00e-01
i:  48400, t:  113181.5 s, ωt:  11.32 (1.80 periods), wall: 6.589 minutes, Δt:   1.96, CFL: 9.00e-01
i:  48500, t:  113356.9 s, ωt:  11.34 (1.80 periods), wall: 6.600 minutes, Δt:   1.95, CFL: 9.00e-01
i:  48600, t:  113523.7 s, ωt:  11.35 (1.81 periods), wall: 6.612 minutes, Δt:   1.47, CFL: 9.00e-01
i:  48700, t:  113693.4 s, ωt:  11.37 (1.81 periods), wall: 6.623 minutes, Δt:   1.59, CFL: 9.00e-01
i:  48800, t:  113855.8 s, ωt:  11.39 (1.81 periods), wall: 6.637 minutes, Δt:   1.72, CFL: 9.00e-01
i:  48900, t:  114028.4 s, ωt:  11.40 (1.81 periods), wall: 6.648 minutes, Δt:   1.89, CFL: 9.00e-01
i:  49000, t:  114198.8 s, ωt:  11.42 (1.82 periods), wall: 6.660 minutes, Δt:   1.90, CFL: 9.00e-01
i:  49100, t:  114393.1 s, ωt:  11.44 (1.82 periods), wall: 6.672 minutes, Δt:   1.94, CFL: 9.00e-01
i:  49200, t:  114569.1 s, ωt:  11.46 (1.82 periods), wall: 6.683 minutes, Δt:   1.94, CFL: 9.00e-01
i:  49300, t:  114745.9 s, ωt:  11.47 (1.83 periods), wall: 6.696 minutes, Δt:   1.65, CFL: 9.00e-01
i:  49400, t:  114924.0 s, ωt:  11.49 (1.83 periods), wall: 6.707 minutes, Δt:   1.84, CFL: 9.00e-01
i:  49500, t:  115100.3 s, ωt:  11.51 (1.83 periods), wall: 6.719 minutes, Δt:   1.81, CFL: 9.00e-01
i:  49600, t:  115288.6 s, ωt:  11.53 (1.83 periods), wall: 6.729 minutes, Δt:   1.61, CFL: 9.00e-01
i:  49700, t:  115457.4 s, ωt:  11.55 (1.84 periods), wall: 6.742 minutes, Δt:   2.06, CFL: 9.00e-01
i:  49800, t:  115639.4 s, ωt:  11.56 (1.84 periods), wall: 6.754 minutes, Δt:   1.88, CFL: 9.00e-01
i:  49900, t:  115824.1 s, ωt:  11.58 (1.84 periods), wall: 6.765 minutes, Δt:   1.75, CFL: 9.00e-01
i:  50000, t:  116020.1 s, ωt:  11.60 (1.85 periods), wall: 6.777 minutes, Δt:   2.20, CFL: 9.00e-01
i:  50100, t:  116227.6 s, ωt:  11.62 (1.85 periods), wall: 6.788 minutes, Δt:   1.95, CFL: 9.00e-01
i:  50200, t:  116420.7 s, ωt:  11.64 (1.85 periods), wall: 6.800 minutes, Δt:   1.87, CFL: 9.00e-01
i:  50300, t:  116610.5 s, ωt:  11.66 (1.86 periods), wall: 6.815 minutes, Δt:   2.09, CFL: 9.00e-01
i:  50400, t:  116807.8 s, ωt:  11.68 (1.86 periods), wall: 6.826 minutes, Δt:   1.93, CFL: 9.00e-01
i:  50500, t:  116993.5 s, ωt:  11.70 (1.86 periods), wall: 6.841 minutes, Δt:   2.19, CFL: 9.00e-01
i:  50600, t:  117185.1 s, ωt:  11.72 (1.87 periods), wall: 6.854 minutes, Δt:   1.79, CFL: 9.00e-01
i:  50700, t:  117381.1 s, ωt:  11.74 (1.87 periods), wall: 6.864 minutes, Δt:   1.66, CFL: 9.00e-01
i:  50800, t:  117568.0 s, ωt:  11.76 (1.87 periods), wall: 6.877 minutes, Δt:   2.13, CFL: 9.00e-01
i:  50900, t:  117789.5 s, ωt:  11.78 (1.87 periods), wall: 6.888 minutes, Δt:   2.55, CFL: 9.00e-01
i:  51000, t:  118038.9 s, ωt:  11.80 (1.88 periods), wall: 6.901 minutes, Δt:   2.52, CFL: 9.00e-01
i:  51100, t:  118278.9 s, ωt:  11.83 (1.88 periods), wall: 6.913 minutes, Δt:   2.14, CFL: 9.00e-01
i:  51200, t:  118516.4 s, ωt:  11.85 (1.89 periods), wall: 6.925 minutes, Δt:   2.12, CFL: 9.00e-01
i:  51300, t:  118722.6 s, ωt:  11.87 (1.89 periods), wall: 6.936 minutes, Δt:   2.63, CFL: 9.00e-01
i:  51400, t:  118959.0 s, ωt:  11.90 (1.89 periods), wall: 6.950 minutes, Δt:   2.22, CFL: 9.00e-01
i:  51500, t:  119195.1 s, ωt:  11.92 (1.90 periods), wall: 6.963 minutes, Δt:   2.87, CFL: 9.00e-01
i:  51600, t:  119468.3 s, ωt:  11.95 (1.90 periods), wall: 6.975 minutes, Δt:   2.44, CFL: 9.00e-01
i:  51700, t:  119693.0 s, ωt:  11.97 (1.90 periods), wall: 6.986 minutes, Δt:   2.47, CFL: 9.00e-01
i:  51800, t:  119960.1 s, ωt:  12.00 (1.91 periods), wall: 6.997 minutes, Δt:   2.20, CFL: 9.00e-01
i:  51900, t:  120235.3 s, ωt:  12.02 (1.91 periods), wall: 7.010 minutes, Δt:   3.46, CFL: 9.00e-01
i:  52000, t:  120518.1 s, ωt:  12.05 (1.92 periods), wall: 7.025 minutes, Δt:   2.41, CFL: 9.00e-01
i:  52100, t:  120777.0 s, ωt:  12.08 (1.92 periods), wall: 7.037 minutes, Δt:   2.82, CFL: 9.00e-01
i:  52200, t:  121083.5 s, ωt:  12.11 (1.93 periods), wall: 7.050 minutes, Δt:   3.13, CFL: 9.00e-01
i:  52300, t:  121406.5 s, ωt:  12.14 (1.93 periods), wall: 7.062 minutes, Δt:   3.70, CFL: 9.00e-01
i:  52400, t:  121752.8 s, ωt:  12.18 (1.94 periods), wall: 7.075 minutes, Δt:   2.89, CFL: 9.00e-01
i:  52500, t:  122120.6 s, ωt:  12.21 (1.94 periods), wall: 7.087 minutes, Δt:   3.55, CFL: 9.00e-01
i:  52600, t:  122435.6 s, ωt:  12.24 (1.95 periods), wall: 7.101 minutes, Δt:   3.11, CFL: 9.00e-01
i:  52700, t:  122787.4 s, ωt:  12.28 (1.95 periods), wall: 7.118 minutes, Δt:   3.42, CFL: 9.00e-01
i:  52800, t:  123154.4 s, ωt:  12.32 (1.96 periods), wall: 7.133 minutes, Δt:   4.05, CFL: 9.00e-01
i:  52900, t:  123630.1 s, ωt:  12.36 (1.97 periods), wall: 7.146 minutes, Δt:   5.64, CFL: 9.00e-01
i:  53000, t:  124134.5 s, ωt:  12.41 (1.98 periods), wall: 7.162 minutes, Δt:   5.69, CFL: 9.00e-01
i:  53100, t:  124752.6 s, ωt:  12.48 (1.99 periods), wall: 7.176 minutes, Δt:   6.71, CFL: 9.00e-01
i:  53200, t:  125326.1 s, ωt:  12.53 (1.99 periods), wall: 7.188 minutes, Δt:   5.57, CFL: 9.00e-01
i:  53300, t:  125839.2 s, ωt:  12.58 (2.00 periods), wall: 7.225 minutes, Δt:   4.41, CFL: 9.00e-01
i:  53400, t:  126362.0 s, ωt:  12.64 (2.01 periods), wall: 7.241 minutes, Δt:   5.08, CFL: 9.00e-01
i:  53500, t:  126842.0 s, ωt:  12.68 (2.02 periods), wall: 7.254 minutes, Δt:   6.13, CFL: 9.00e-01
i:  53600, t:  127386.9 s, ωt:  12.74 (2.03 periods), wall: 7.268 minutes, Δt:   5.10, CFL: 9.00e-01
i:  53700, t:  127881.9 s, ωt:  12.79 (2.04 periods), wall: 7.283 minutes, Δt:   4.54, CFL: 9.00e-01
i:  53800, t:  128300.1 s, ωt:  12.83 (2.04 periods), wall: 7.295 minutes, Δt:   3.49, CFL: 9.00e-01
i:  53900, t:  128672.9 s, ωt:  12.87 (2.05 periods), wall: 7.307 minutes, Δt:   4.56, CFL: 9.00e-01
i:  54000, t:  129082.2 s, ωt:  12.91 (2.05 periods), wall: 7.320 minutes, Δt:   3.86, CFL: 9.00e-01
i:  54100, t:  129451.9 s, ωt:  12.95 (2.06 periods), wall: 7.334 minutes, Δt:   4.23, CFL: 9.00e-01
i:  54200, t:  129816.0 s, ωt:  12.98 (2.07 periods), wall: 7.348 minutes, Δt:   3.47, CFL: 9.00e-01
i:  54300, t:  130166.5 s, ωt:  13.02 (2.07 periods), wall: 7.360 minutes, Δt:   3.42, CFL: 9.00e-01
i:  54400, t:  130476.9 s, ωt:  13.05 (2.08 periods), wall: 7.373 minutes, Δt:   3.42, CFL: 9.00e-01
i:  54500, t:  130808.0 s, ωt:  13.08 (2.08 periods), wall: 7.384 minutes, Δt:   3.03, CFL: 9.00e-01
i:  54600, t:  131093.6 s, ωt:  13.11 (2.09 periods), wall: 7.397 minutes, Δt:   2.88, CFL: 9.00e-01
i:  54700, t:  131389.3 s, ωt:  13.14 (2.09 periods), wall: 7.410 minutes, Δt:   3.10, CFL: 9.00e-01
i:  54800, t:  131685.1 s, ωt:  13.17 (2.10 periods), wall: 7.422 minutes, Δt:   3.00, CFL: 9.00e-01
i:  54900, t:  131984.2 s, ωt:  13.20 (2.10 periods), wall: 7.434 minutes, Δt:   2.84, CFL: 9.00e-01
i:  55000, t:  132258.5 s, ωt:  13.23 (2.10 periods), wall: 7.445 minutes, Δt:   2.74, CFL: 9.00e-01
i:  55100, t:  132526.9 s, ωt:  13.25 (2.11 periods), wall: 7.457 minutes, Δt:   2.58, CFL: 9.00e-01
i:  55200, t:  132773.6 s, ωt:  13.28 (2.11 periods), wall: 7.469 minutes, Δt:   2.26, CFL: 9.00e-01
i:  55300, t:  133022.5 s, ωt:  13.30 (2.12 periods), wall: 7.485 minutes, Δt:   2.43, CFL: 9.00e-01
i:  55400, t:  133269.3 s, ωt:  13.33 (2.12 periods), wall: 7.497 minutes, Δt:   2.48, CFL: 9.00e-01
i:  55500, t:  133503.2 s, ωt:  13.35 (2.12 periods), wall: 7.508 minutes, Δt:   2.03, CFL: 9.00e-01
i:  55600, t:  133718.1 s, ωt:  13.37 (2.13 periods), wall: 7.520 minutes, Δt:   2.31, CFL: 9.00e-01
i:  55700, t:  133946.1 s, ωt:  13.39 (2.13 periods), wall: 7.533 minutes, Δt:   2.40, CFL: 9.00e-01
i:  55800, t:  134181.4 s, ωt:  13.42 (2.14 periods), wall: 7.545 minutes, Δt:   2.44, CFL: 9.00e-01
i:  55900, t:  134413.9 s, ωt:  13.44 (2.14 periods), wall: 7.556 minutes, Δt:   2.33, CFL: 9.00e-01
i:  56000, t:  134627.1 s, ωt:  13.46 (2.14 periods), wall: 7.568 minutes, Δt:   2.22, CFL: 9.00e-01
i:  56100, t:  134834.5 s, ωt:  13.48 (2.15 periods), wall: 7.581 minutes, Δt:   1.88, CFL: 9.00e-01
i:  56200, t:  135024.9 s, ωt:  13.50 (2.15 periods), wall: 7.592 minutes, Δt:   2.09, CFL: 9.00e-01
i:  56300, t:  135231.2 s, ωt:  13.52 (2.15 periods), wall: 7.604 minutes, Δt:   1.94, CFL: 9.00e-01
i:  56400, t:  135424.9 s, ωt:  13.54 (2.16 periods), wall: 7.617 minutes, Δt:   2.03, CFL: 9.00e-01
i:  56500, t:  135632.6 s, ωt:  13.56 (2.16 periods), wall: 7.628 minutes, Δt:   1.91, CFL: 9.00e-01
i:  56600, t:  135823.6 s, ωt:  13.58 (2.16 periods), wall: 7.641 minutes, Δt:   1.85, CFL: 9.00e-01
i:  56700, t:  136015.0 s, ωt:  13.60 (2.16 periods), wall: 7.652 minutes, Δt:   1.60, CFL: 9.00e-01
i:  56800, t:  136202.8 s, ωt:  13.62 (2.17 periods), wall: 7.664 minutes, Δt:   1.83, CFL: 9.00e-01
i:  56900, t:  136384.9 s, ωt:  13.64 (2.17 periods), wall: 7.678 minutes, Δt:   1.90, CFL: 9.00e-01
i:  57000, t:  136574.6 s, ωt:  13.66 (2.17 periods), wall: 7.689 minutes, Δt:   1.85, CFL: 9.00e-01
i:  57100, t:  136762.7 s, ωt:  13.68 (2.18 periods), wall: 7.702 minutes, Δt:   1.60, CFL: 9.00e-01
i:  57200, t:  136938.5 s, ωt:  13.69 (2.18 periods), wall: 7.713 minutes, Δt:   1.78, CFL: 9.00e-01
i:  57300, t:  137113.9 s, ωt:  13.71 (2.18 periods), wall: 7.727 minutes, Δt:   1.66, CFL: 9.00e-01
i:  57400, t:  137289.5 s, ωt:  13.73 (2.19 periods), wall: 7.739 minutes, Δt:   1.81, CFL: 9.00e-01
i:  57500, t:  137463.6 s, ωt:  13.75 (2.19 periods), wall: 7.750 minutes, Δt:   1.85, CFL: 9.00e-01
i:  57600, t:  137651.9 s, ωt:  13.77 (2.19 periods), wall: 7.763 minutes, Δt:   1.60, CFL: 9.00e-01
i:  57700, t:  137829.4 s, ωt:  13.78 (2.19 periods), wall: 7.774 minutes, Δt:   1.66, CFL: 9.00e-01
i:  57800, t:  138012.3 s, ωt:  13.80 (2.20 periods), wall: 7.789 minutes, Δt:   1.67, CFL: 9.00e-01
i:  57900, t:  138186.8 s, ωt:  13.82 (2.20 periods), wall: 7.800 minutes, Δt:   1.50, CFL: 9.00e-01
i:  58000, t:  138354.0 s, ωt:  13.84 (2.20 periods), wall: 7.812 minutes, Δt:   1.66, CFL: 9.00e-01
i:  58100, t:  138519.2 s, ωt:  13.85 (2.20 periods), wall: 7.823 minutes, Δt:   1.74, CFL: 9.00e-01
i:  58200, t:  138696.5 s, ωt:  13.87 (2.21 periods), wall: 7.835 minutes, Δt:   1.67, CFL: 9.00e-01
i:  58300, t:  138881.1 s, ωt:  13.89 (2.21 periods), wall: 7.848 minutes, Δt:   1.71, CFL: 9.00e-01
i:  58400, t:  139063.9 s, ωt:  13.91 (2.21 periods), wall: 7.859 minutes, Δt:   1.78, CFL: 9.00e-01
i:  58500, t:  139229.5 s, ωt:  13.92 (2.22 periods), wall: 7.871 minutes, Δt:   1.79, CFL: 9.00e-01
i:  58600, t:  139408.6 s, ωt:  13.94 (2.22 periods), wall: 7.882 minutes, Δt:   1.81, CFL: 9.00e-01
i:  58700, t:  139576.9 s, ωt:  13.96 (2.22 periods), wall: 7.895 minutes, Δt:   1.66, CFL: 9.00e-01
i:  58800, t:  139745.2 s, ωt:  13.97 (2.22 periods), wall: 7.906 minutes, Δt:   1.69, CFL: 9.00e-01
i:  58900, t:  139921.8 s, ωt:  13.99 (2.23 periods), wall: 7.919 minutes, Δt:   1.55, CFL: 9.00e-01
i:  59000, t:  140092.3 s, ωt:  14.01 (2.23 periods), wall: 7.930 minutes, Δt:   1.67, CFL: 9.00e-01
i:  59100, t:  140264.3 s, ωt:  14.03 (2.23 periods), wall: 7.942 minutes, Δt:   1.84, CFL: 9.00e-01
i:  59200, t:  140432.6 s, ωt:  14.04 (2.24 periods), wall: 7.955 minutes, Δt:   1.54, CFL: 9.00e-01
i:  59300, t:  140588.9 s, ωt:  14.06 (2.24 periods), wall: 7.966 minutes, Δt:   1.87, CFL: 9.00e-01
i:  59400, t:  140746.6 s, ωt:  14.07 (2.24 periods), wall: 7.978 minutes, Δt:   1.59, CFL: 9.00e-01
i:  59500, t:  140902.0 s, ωt:  14.09 (2.24 periods), wall: 7.989 minutes, Δt:   1.58, CFL: 9.00e-01
i:  59600, t:  141054.8 s, ωt:  14.11 (2.24 periods), wall: 8.000 minutes, Δt:   1.28, CFL: 9.00e-01
i:  59700, t:  141205.0 s, ωt:  14.12 (2.25 periods), wall: 8.012 minutes, Δt:   1.45, CFL: 9.00e-01
i:  59800, t:  141361.7 s, ωt:  14.14 (2.25 periods), wall: 8.023 minutes, Δt:   1.72, CFL: 9.00e-01
i:  59900, t:  141530.8 s, ωt:  14.15 (2.25 periods), wall: 8.036 minutes, Δt:   1.71, CFL: 9.00e-01
i:  60000, t:  141689.1 s, ωt:  14.17 (2.26 periods), wall: 8.048 minutes, Δt:   1.53, CFL: 9.00e-01
i:  60100, t:  141865.5 s, ωt:  14.19 (2.26 periods), wall: 8.059 minutes, Δt:   1.54, CFL: 9.00e-01
i:  60200, t:  142031.1 s, ωt:  14.20 (2.26 periods), wall: 8.072 minutes, Δt:   1.56, CFL: 9.00e-01
i:  60300, t:  142194.0 s, ωt:  14.22 (2.26 periods), wall: 8.083 minutes, Δt:   1.79, CFL: 9.00e-01
i:  60400, t:  142369.9 s, ωt:  14.24 (2.27 periods), wall: 8.095 minutes, Δt:   1.64, CFL: 9.00e-01
i:  60500, t:  142537.9 s, ωt:  14.25 (2.27 periods), wall: 8.106 minutes, Δt:   1.85, CFL: 9.00e-01
i:  60600, t:  142701.3 s, ωt:  14.27 (2.27 periods), wall: 8.120 minutes, Δt:   1.52, CFL: 9.00e-01
i:  60700, t:  142863.6 s, ωt:  14.29 (2.27 periods), wall: 8.131 minutes, Δt:   1.66, CFL: 9.00e-01
i:  60800, t:  143038.2 s, ωt:  14.30 (2.28 periods), wall: 8.143 minutes, Δt:   1.61, CFL: 9.00e-01
i:  60900, t:  143209.5 s, ωt:  14.32 (2.28 periods), wall: 8.154 minutes, Δt:   1.66, CFL: 9.00e-01
i:  61000, t:  143381.7 s, ωt:  14.34 (2.28 periods), wall: 8.166 minutes, Δt:   1.59, CFL: 9.00e-01
i:  61100, t:  143541.9 s, ωt:  14.35 (2.28 periods), wall: 8.177 minutes, Δt:   1.76, CFL: 9.00e-01
i:  61200, t:  143717.1 s, ωt:  14.37 (2.29 periods), wall: 8.189 minutes, Δt:   1.69, CFL: 9.00e-01
i:  61300, t:  143879.8 s, ωt:  14.39 (2.29 periods), wall: 8.199 minutes, Δt:   1.78, CFL: 9.00e-01
i:  61400, t:  144054.3 s, ωt:  14.41 (2.29 periods), wall: 8.211 minutes, Δt:   1.89, CFL: 9.00e-01
i:  61500, t:  144237.0 s, ωt:  14.42 (2.30 periods), wall: 8.223 minutes, Δt:   1.64, CFL: 9.00e-01
i:  61600, t:  144401.8 s, ωt:  14.44 (2.30 periods), wall: 8.235 minutes, Δt:   1.79, CFL: 9.00e-01
i:  61700, t:  144583.4 s, ωt:  14.46 (2.30 periods), wall: 8.248 minutes, Δt:   2.03, CFL: 9.00e-01
i:  61800, t:  144783.0 s, ωt:  14.48 (2.30 periods), wall: 8.258 minutes, Δt:   1.61, CFL: 9.00e-01
i:  61900, t:  144950.7 s, ωt:  14.50 (2.31 periods), wall: 8.272 minutes, Δt:   1.96, CFL: 9.00e-01
i:  62000, t:  145137.9 s, ωt:  14.51 (2.31 periods), wall: 8.283 minutes, Δt:   2.00, CFL: 9.00e-01
i:  62100, t:  145319.4 s, ωt:  14.53 (2.31 periods), wall: 8.295 minutes, Δt:   1.54, CFL: 9.00e-01
i:  62200, t:  145488.0 s, ωt:  14.55 (2.32 periods), wall: 8.309 minutes, Δt:   1.55, CFL: 9.00e-01
i:  62300, t:  145651.9 s, ωt:  14.57 (2.32 periods), wall: 8.320 minutes, Δt:   1.58, CFL: 9.00e-01
i:  62400, t:  145836.1 s, ωt:  14.58 (2.32 periods), wall: 8.333 minutes, Δt:   1.98, CFL: 9.00e-01
i:  62500, t:  146031.9 s, ωt:  14.60 (2.32 periods), wall: 8.344 minutes, Δt:   1.94, CFL: 9.00e-01
i:  62600, t:  146212.1 s, ωt:  14.62 (2.33 periods), wall: 8.357 minutes, Δt:   1.92, CFL: 9.00e-01
i:  62700, t:  146417.0 s, ωt:  14.64 (2.33 periods), wall: 8.371 minutes, Δt:   2.11, CFL: 9.00e-01
i:  62800, t:  146620.7 s, ωt:  14.66 (2.33 periods), wall: 8.382 minutes, Δt:   1.67, CFL: 9.00e-01
i:  62900, t:  146802.9 s, ωt:  14.68 (2.34 periods), wall: 8.394 minutes, Δt:   1.86, CFL: 9.00e-01
i:  63000, t:  146987.5 s, ωt:  14.70 (2.34 periods), wall: 8.405 minutes, Δt:   2.16, CFL: 9.00e-01
i:  63100, t:  147192.5 s, ωt:  14.72 (2.34 periods), wall: 8.417 minutes, Δt:   1.71, CFL: 9.00e-01
i:  63200, t:  147367.7 s, ωt:  14.74 (2.35 periods), wall: 8.429 minutes, Δt:   1.84, CFL: 9.00e-01
i:  63300, t:  147553.3 s, ωt:  14.76 (2.35 periods), wall: 8.440 minutes, Δt:   2.07, CFL: 9.00e-01
i:  63400, t:  147768.3 s, ωt:  14.78 (2.35 periods), wall: 8.452 minutes, Δt:   2.07, CFL: 9.00e-01
i:  63500, t:  147992.7 s, ωt:  14.80 (2.36 periods), wall: 8.466 minutes, Δt:   2.06, CFL: 9.00e-01
i:  63600, t:  148198.8 s, ωt:  14.82 (2.36 periods), wall: 8.476 minutes, Δt:   1.70, CFL: 9.00e-01
i:  63700, t:  148401.0 s, ωt:  14.84 (2.36 periods), wall: 8.490 minutes, Δt:   2.12, CFL: 9.00e-01
i:  63800, t:  148619.9 s, ωt:  14.86 (2.37 periods), wall: 8.502 minutes, Δt:   2.36, CFL: 9.00e-01
i:  63900, t:  148827.7 s, ωt:  14.88 (2.37 periods), wall: 8.513 minutes, Δt:   2.55, CFL: 9.00e-01
i:  64000, t:  149064.0 s, ωt:  14.91 (2.37 periods), wall: 8.527 minutes, Δt:   1.89, CFL: 9.00e-01
i:  64100, t:  149284.3 s, ωt:  14.93 (2.38 periods), wall: 8.540 minutes, Δt:   2.20, CFL: 9.00e-01
i:  64200, t:  149507.7 s, ωt:  14.95 (2.38 periods), wall: 8.551 minutes, Δt:   2.65, CFL: 9.00e-01
i:  64300, t:  149759.1 s, ωt:  14.98 (2.38 periods), wall: 8.563 minutes, Δt:   2.54, CFL: 9.00e-01
i:  64400, t:  149985.1 s, ωt:  15.00 (2.39 periods), wall: 8.576 minutes, Δt:   2.34, CFL: 9.00e-01
i:  64500, t:  150208.7 s, ωt:  15.02 (2.39 periods), wall: 8.589 minutes, Δt:   1.90, CFL: 9.00e-01
i:  64600, t:  150423.6 s, ωt:  15.04 (2.39 periods), wall: 8.600 minutes, Δt:   2.39, CFL: 9.00e-01
i:  64700, t:  150681.6 s, ωt:  15.07 (2.40 periods), wall: 8.612 minutes, Δt:   3.04, CFL: 9.00e-01
i:  64800, t:  150946.4 s, ωt:  15.09 (2.40 periods), wall: 8.624 minutes, Δt:   2.33, CFL: 9.00e-01
i:  64900, t:  151191.9 s, ωt:  15.12 (2.41 periods), wall: 8.636 minutes, Δt:   2.70, CFL: 9.00e-01
i:  65000, t:  151434.9 s, ωt:  15.14 (2.41 periods), wall: 8.648 minutes, Δt:   2.79, CFL: 9.00e-01
i:  65100, t:  151704.2 s, ωt:  15.17 (2.41 periods), wall: 8.659 minutes, Δt:   2.54, CFL: 9.00e-01
i:  65200, t:  151972.3 s, ωt:  15.20 (2.42 periods), wall: 8.671 minutes, Δt:   2.59, CFL: 9.00e-01
i:  65300, t:  152259.3 s, ωt:  15.23 (2.42 periods), wall: 8.683 minutes, Δt:   3.40, CFL: 9.00e-01
i:  65400, t:  152596.3 s, ωt:  15.26 (2.43 periods), wall: 8.696 minutes, Δt:   3.77, CFL: 9.00e-01
i:  65500, t:  152927.0 s, ωt:  15.29 (2.43 periods), wall: 8.708 minutes, Δt:   2.90, CFL: 9.00e-01
i:  65600, t:  153235.5 s, ωt:  15.32 (2.44 periods), wall: 8.720 minutes, Δt:   2.81, CFL: 9.00e-01
i:  65700, t:  153488.3 s, ωt:  15.35 (2.44 periods), wall: 8.734 minutes, Δt:   2.67, CFL: 9.00e-01
i:  65800, t:  153778.8 s, ωt:  15.38 (2.45 periods), wall: 8.746 minutes, Δt:   3.60, CFL: 9.00e-01
i:  65900, t:  154168.7 s, ωt:  15.42 (2.45 periods), wall: 8.759 minutes, Δt:   4.10, CFL: 9.00e-01
i:  66000, t:  154547.5 s, ωt:  15.45 (2.46 periods), wall: 8.771 minutes, Δt:   3.78, CFL: 9.00e-01
i:  66100, t:  154917.6 s, ωt:  15.49 (2.47 periods), wall: 8.785 minutes, Δt:   4.39, CFL: 9.00e-01
i:  66200, t:  155353.4 s, ωt:  15.54 (2.47 periods), wall: 8.797 minutes, Δt:   4.59, CFL: 9.00e-01
i:  66300, t:  155819.1 s, ωt:  15.58 (2.48 periods), wall: 8.810 minutes, Δt:   5.43, CFL: 9.00e-01
i:  66400, t:  156372.0 s, ωt:  15.64 (2.49 periods), wall: 8.825 minutes, Δt:   5.10, CFL: 9.00e-01
i:  66500, t:  156966.6 s, ωt:  15.70 (2.50 periods), wall: 8.839 minutes, Δt:   6.02, CFL: 9.00e-01
i:  66600, t:  157671.1 s, ωt:  15.77 (2.51 periods), wall: 8.872 minutes, Δt:   6.47, CFL: 9.00e-01
i:  66700, t:  158336.3 s, ωt:  15.83 (2.52 periods), wall: 8.886 minutes, Δt:   6.33, CFL: 9.00e-01
i:  66800, t:  158923.1 s, ωt:  15.89 (2.53 periods), wall: 8.901 minutes, Δt:   6.03, CFL: 9.00e-01
i:  66900, t:  159477.8 s, ωt:  15.95 (2.54 periods), wall: 8.919 minutes, Δt:   5.33, CFL: 9.00e-01
i:  67000, t:  159991.2 s, ωt:  16.00 (2.55 periods), wall: 8.933 minutes, Δt:   5.06, CFL: 9.00e-01
i:  67100, t:  160449.3 s, ωt:  16.04 (2.55 periods), wall: 8.946 minutes, Δt:   4.10, CFL: 9.00e-01
i:  67200, t:  160893.4 s, ωt:  16.09 (2.56 periods), wall: 8.959 minutes, Δt:   4.27, CFL: 9.00e-01
i:  67300, t:  161283.8 s, ωt:  16.13 (2.57 periods), wall: 8.973 minutes, Δt:   3.94, CFL: 9.00e-01
i:  67400, t:  161684.9 s, ωt:  16.17 (2.57 periods), wall: 8.985 minutes, Δt:   3.74, CFL: 9.00e-01
i:  67500, t:  161997.8 s, ωt:  16.20 (2.58 periods), wall: 8.997 minutes, Δt:   2.93, CFL: 9.00e-01
i:  67600, t:  162306.5 s, ωt:  16.23 (2.58 periods), wall: 9.009 minutes, Δt:   3.28, CFL: 9.00e-01
i:  67700, t:  162589.6 s, ωt:  16.26 (2.59 periods), wall: 9.022 minutes, Δt:   3.10, CFL: 9.00e-01
i:  67800, t:  162857.1 s, ωt:  16.29 (2.59 periods), wall: 9.035 minutes, Δt:   2.64, CFL: 9.00e-01
i:  67900, t:  163136.2 s, ωt:  16.31 (2.60 periods), wall: 9.047 minutes, Δt:   2.52, CFL: 9.00e-01
i:  68000, t:  163385.0 s, ωt:  16.34 (2.60 periods), wall: 9.060 minutes, Δt:   2.48, CFL: 9.00e-01
i:  68100, t:  163626.1 s, ωt:  16.36 (2.60 periods), wall: 9.071 minutes, Δt:   2.55, CFL: 9.00e-01
i:  68200, t:  163870.0 s, ωt:  16.39 (2.61 periods), wall: 9.086 minutes, Δt:   2.57, CFL: 9.00e-01
i:  68300, t:  164108.9 s, ωt:  16.41 (2.61 periods), wall: 9.098 minutes, Δt:   2.17, CFL: 9.00e-01
i:  68400, t:  164331.2 s, ωt:  16.43 (2.62 periods), wall: 9.111 minutes, Δt:   2.09, CFL: 9.00e-01
i:  68500, t:  164550.2 s, ωt:  16.46 (2.62 periods), wall: 9.122 minutes, Δt:   2.09, CFL: 9.00e-01
i:  68600, t:  164773.5 s, ωt:  16.48 (2.62 periods), wall: 9.134 minutes, Δt:   2.30, CFL: 9.00e-01
i:  68700, t:  164980.0 s, ωt:  16.50 (2.63 periods), wall: 9.146 minutes, Δt:   1.62, CFL: 9.00e-01
i:  68800, t:  165173.3 s, ωt:  16.52 (2.63 periods), wall: 9.157 minutes, Δt:   1.90, CFL: 9.00e-01
i:  68900, t:  165380.3 s, ωt:  16.54 (2.63 periods), wall: 9.169 minutes, Δt:   2.11, CFL: 9.00e-01
i:  69000, t:  165592.0 s, ωt:  16.56 (2.64 periods), wall: 9.182 minutes, Δt:   2.30, CFL: 9.00e-01
i:  69100, t:  165801.0 s, ωt:  16.58 (2.64 periods), wall: 9.193 minutes, Δt:   2.00, CFL: 9.00e-01
i:  69200, t:  166002.3 s, ωt:  16.60 (2.64 periods), wall: 9.205 minutes, Δt:   2.32, CFL: 9.00e-01
i:  69300, t:  166217.3 s, ωt:  16.62 (2.65 periods), wall: 9.217 minutes, Δt:   2.09, CFL: 9.00e-01
i:  69400, t:  166418.7 s, ωt:  16.64 (2.65 periods), wall: 9.227 minutes, Δt:   1.74, CFL: 9.00e-01
i:  69500, t:  166607.4 s, ωt:  16.66 (2.65 periods), wall: 9.239 minutes, Δt:   1.81, CFL: 9.00e-01
i:  69600, t:  166811.4 s, ωt:  16.68 (2.65 periods), wall: 9.250 minutes, Δt:   2.04, CFL: 9.00e-01
i:  69700, t:  166989.8 s, ωt:  16.70 (2.66 periods), wall: 9.262 minutes, Δt:   1.65, CFL: 9.00e-01
i:  69800, t:  167159.9 s, ωt:  16.72 (2.66 periods), wall: 9.275 minutes, Δt:   1.92, CFL: 9.00e-01
i:  69900, t:  167340.8 s, ωt:  16.73 (2.66 periods), wall: 9.285 minutes, Δt:   1.92, CFL: 9.00e-01
i:  70000, t:  167521.3 s, ωt:  16.75 (2.67 periods), wall: 9.298 minutes, Δt:   1.67, CFL: 9.00e-01
i:  70100, t:  167698.4 s, ωt:  16.77 (2.67 periods), wall: 9.309 minutes, Δt:   1.86, CFL: 9.00e-01
i:  70200, t:  167884.1 s, ωt:  16.79 (2.67 periods), wall: 9.321 minutes, Δt:   2.09, CFL: 9.00e-01
i:  70300, t:  168058.0 s, ωt:  16.81 (2.67 periods), wall: 9.332 minutes, Δt:   1.53, CFL: 9.00e-01
i:  70400, t:  168215.5 s, ωt:  16.82 (2.68 periods), wall: 9.347 minutes, Δt:   1.70, CFL: 9.00e-01
i:  70500, t:  168379.4 s, ωt:  16.84 (2.68 periods), wall: 9.358 minutes, Δt:   1.43, CFL: 9.00e-01
i:  70600, t:  168546.0 s, ωt:  16.85 (2.68 periods), wall: 9.370 minutes, Δt:   1.68, CFL: 9.00e-01
i:  70700, t:  168725.9 s, ωt:  16.87 (2.69 periods), wall: 9.384 minutes, Δt:   1.84, CFL: 9.00e-01
i:  70800, t:  168902.1 s, ωt:  16.89 (2.69 periods), wall: 9.394 minutes, Δt:   1.72, CFL: 9.00e-01
i:  70900, t:  169074.7 s, ωt:  16.91 (2.69 periods), wall: 9.407 minutes, Δt:   1.54, CFL: 9.00e-01
i:  71000, t:  169243.4 s, ωt:  16.92 (2.69 periods), wall: 9.417 minutes, Δt:   1.74, CFL: 9.00e-01
i:  71100, t:  169405.9 s, ωt:  16.94 (2.70 periods), wall: 9.430 minutes, Δt:   1.59, CFL: 9.00e-01
i:  71200, t:  169589.2 s, ωt:  16.96 (2.70 periods), wall: 9.441 minutes, Δt:   1.76, CFL: 9.00e-01
i:  71300, t:  169764.7 s, ωt:  16.98 (2.70 periods), wall: 9.454 minutes, Δt:   1.74, CFL: 9.00e-01
i:  71400, t:  169916.6 s, ωt:  16.99 (2.70 periods), wall: 9.465 minutes, Δt:   1.62, CFL: 9.00e-01
i:  71500, t:  170079.7 s, ωt:  17.01 (2.71 periods), wall: 9.482 minutes, Δt:   1.38, CFL: 9.00e-01
i:  71600, t:  170245.6 s, ωt:  17.02 (2.71 periods), wall: 9.493 minutes, Δt:   1.80, CFL: 9.00e-01
i:  71700, t:  170396.0 s, ωt:  17.04 (2.71 periods), wall: 9.505 minutes, Δt:   1.30, CFL: 9.00e-01
i:  71800, t:  170563.8 s, ωt:  17.06 (2.71 periods), wall: 9.516 minutes, Δt:   1.57, CFL: 9.00e-01
i:  71900, t:  170727.1 s, ωt:  17.07 (2.72 periods), wall: 9.529 minutes, Δt:   1.73, CFL: 9.00e-01
i:  72000, t:  170898.8 s, ωt:  17.09 (2.72 periods), wall: 9.540 minutes, Δt:   1.77, CFL: 9.00e-01
i:  72100, t:  171064.7 s, ωt:  17.11 (2.72 periods), wall: 9.553 minutes, Δt:   1.72, CFL: 9.00e-01
i:  72200, t:  171231.3 s, ωt:  17.12 (2.73 periods), wall: 9.565 minutes, Δt:   1.65, CFL: 9.00e-01
i:  72300, t:  171394.6 s, ωt:  17.14 (2.73 periods), wall: 9.576 minutes, Δt:   1.75, CFL: 9.00e-01
i:  72400, t:  171563.1 s, ωt:  17.16 (2.73 periods), wall: 9.588 minutes, Δt:   1.62, CFL: 9.00e-01
i:  72500, t:  171731.5 s, ωt:  17.17 (2.73 periods), wall: 9.599 minutes, Δt:   1.63, CFL: 9.00e-01
i:  72600, t:  171897.0 s, ωt:  17.19 (2.74 periods), wall: 9.611 minutes, Δt:   1.90, CFL: 9.00e-01
i:  72700, t:  172068.5 s, ωt:  17.21 (2.74 periods), wall: 9.622 minutes, Δt:   1.52, CFL: 9.00e-01
i:  72800, t:  172240.0 s, ωt:  17.22 (2.74 periods), wall: 9.634 minutes, Δt:   1.64, CFL: 9.00e-01
i:  72900, t:  172401.1 s, ωt:  17.24 (2.74 periods), wall: 9.645 minutes, Δt:   1.67, CFL: 9.00e-01
i:  73000, t:  172574.5 s, ωt:  17.26 (2.75 periods), wall: 9.660 minutes, Δt:   1.64, CFL: 9.00e-01
i:  73100, t:  172737.4 s, ωt:  17.27 (2.75 periods), wall: 9.670 minutes, Δt:   1.59, CFL: 9.00e-01
i:  73200, t:  172877.8 s, ωt:  17.29 (2.75 periods), wall: 9.683 minutes, Δt:   1.40, CFL: 9.00e-01
i:  73300, t:  173014.6 s, ωt:  17.30 (2.75 periods), wall: 9.694 minutes, Δt:   1.38, CFL: 9.00e-01
i:  73400, t:  173159.9 s, ωt:  17.32 (2.76 periods), wall: 9.706 minutes, Δt:   1.49, CFL: 9.00e-01
i:  73500, t:  173315.4 s, ωt:  17.33 (2.76 periods), wall: 9.717 minutes, Δt:   1.75, CFL: 9.00e-01
i:  73600, t:  173485.0 s, ωt:  17.35 (2.76 periods), wall: 9.729 minutes, Δt:   1.84, CFL: 9.00e-01
i:  73700, t:  173655.7 s, ωt:  17.37 (2.76 periods), wall: 9.740 minutes, Δt:   1.41, CFL: 9.00e-01
i:  73800, t:  173801.6 s, ωt:  17.38 (2.77 periods), wall: 9.752 minutes, Δt:   1.64, CFL: 9.00e-01
i:  73900, t:  173965.6 s, ωt:  17.40 (2.77 periods), wall: 9.763 minutes, Δt:   1.55, CFL: 9.00e-01
i:  74000, t:  174108.5 s, ωt:  17.41 (2.77 periods), wall: 9.775 minutes, Δt:   1.64, CFL: 9.00e-01
i:  74100, t:  174271.4 s, ωt:  17.43 (2.77 periods), wall: 9.786 minutes, Δt:   1.76, CFL: 9.00e-01
i:  74200, t:  174441.6 s, ωt:  17.44 (2.78 periods), wall: 9.798 minutes, Δt:   1.42, CFL: 9.00e-01
i:  74300, t:  174595.0 s, ωt:  17.46 (2.78 periods), wall: 9.809 minutes, Δt:   1.74, CFL: 9.00e-01
i:  74400, t:  174763.3 s, ωt:  17.48 (2.78 periods), wall: 9.821 minutes, Δt:   1.91, CFL: 9.00e-01
i:  74500, t:  174938.1 s, ωt:  17.49 (2.78 periods), wall: 9.832 minutes, Δt:   1.73, CFL: 9.00e-01
i:  74600, t:  175102.9 s, ωt:  17.51 (2.79 periods), wall: 9.845 minutes, Δt:   1.58, CFL: 9.00e-01
i:  74700, t:  175276.3 s, ωt:  17.53 (2.79 periods), wall: 9.856 minutes, Δt:   1.83, CFL: 9.00e-01
i:  74800, t:  175438.4 s, ωt:  17.54 (2.79 periods), wall: 9.867 minutes, Δt:   1.60, CFL: 9.00e-01
i:  74900, t:  175596.2 s, ωt:  17.56 (2.79 periods), wall: 9.878 minutes, Δt:   1.57, CFL: 9.00e-01
i:  75000, t:  175758.5 s, ωt:  17.58 (2.80 periods), wall: 9.890 minutes, Δt:   1.57, CFL: 9.00e-01
i:  75100, t:  175934.9 s, ωt:  17.59 (2.80 periods), wall: 9.902 minutes, Δt:   2.05, CFL: 9.00e-01
i:  75200, t:  176097.7 s, ωt:  17.61 (2.80 periods), wall: 9.913 minutes, Δt:   1.62, CFL: 9.00e-01
i:  75300, t:  176261.3 s, ωt:  17.63 (2.81 periods), wall: 9.925 minutes, Δt:   1.56, CFL: 9.00e-01
i:  75400, t:  176423.4 s, ωt:  17.64 (2.81 periods), wall: 9.936 minutes, Δt:   1.77, CFL: 9.00e-01
i:  75500, t:  176580.7 s, ωt:  17.66 (2.81 periods), wall: 9.949 minutes, Δt:   1.80, CFL: 9.00e-01
i:  75600, t:  176763.2 s, ωt:  17.68 (2.81 periods), wall: 9.959 minutes, Δt:   1.74, CFL: 9.00e-01
i:  75700, t:  176930.9 s, ωt:  17.69 (2.82 periods), wall: 9.972 minutes, Δt:   1.78, CFL: 9.00e-01
i:  75800, t:  177113.0 s, ωt:  17.71 (2.82 periods), wall: 9.982 minutes, Δt:   1.74, CFL: 9.00e-01
i:  75900, t:  177272.8 s, ωt:  17.73 (2.82 periods), wall: 9.997 minutes, Δt:   1.42, CFL: 9.00e-01
i:  76000, t:  177450.4 s, ωt:  17.75 (2.82 periods), wall: 10.008 minutes, Δt:   1.90, CFL: 9.00e-01
i:  76100, t:  177631.3 s, ωt:  17.76 (2.83 periods), wall: 10.019 minutes, Δt:   1.89, CFL: 9.00e-01
i:  76200, t:  177819.7 s, ωt:  17.78 (2.83 periods), wall: 10.034 minutes, Δt:   1.94, CFL: 9.00e-01
i:  76300, t:  178000.5 s, ωt:  17.80 (2.83 periods), wall: 10.044 minutes, Δt:   1.58, CFL: 9.00e-01
i:  76400, t:  178187.6 s, ωt:  17.82 (2.84 periods), wall: 10.057 minutes, Δt:   1.90, CFL: 9.00e-01
i:  76500, t:  178371.2 s, ωt:  17.84 (2.84 periods), wall: 10.067 minutes, Δt:   1.93, CFL: 9.00e-01
i:  76600, t:  178556.5 s, ωt:  17.86 (2.84 periods), wall: 10.080 minutes, Δt:   1.76, CFL: 9.00e-01
i:  76700, t:  178725.7 s, ωt:  17.87 (2.84 periods), wall: 10.090 minutes, Δt:   1.71, CFL: 9.00e-01
i:  76800, t:  178925.6 s, ωt:  17.89 (2.85 periods), wall: 10.103 minutes, Δt:   1.96, CFL: 9.00e-01
i:  76900, t:  179131.2 s, ωt:  17.91 (2.85 periods), wall: 10.115 minutes, Δt:   1.88, CFL: 9.00e-01
i:  77000, t:  179323.8 s, ωt:  17.93 (2.85 periods), wall: 10.126 minutes, Δt:   1.79, CFL: 9.00e-01
i:  77100, t:  179507.2 s, ωt:  17.95 (2.86 periods), wall: 10.139 minutes, Δt:   1.85, CFL: 9.00e-01
i:  77200, t:  179695.3 s, ωt:  17.97 (2.86 periods), wall: 10.150 minutes, Δt:   2.18, CFL: 9.00e-01
i:  77300, t:  179908.2 s, ωt:  17.99 (2.86 periods), wall: 10.163 minutes, Δt:   1.91, CFL: 9.00e-01
i:  77400, t:  180109.8 s, ωt:  18.01 (2.87 periods), wall: 10.175 minutes, Δt:   2.49, CFL: 9.00e-01
i:  77500, t:  180316.7 s, ωt:  18.03 (2.87 periods), wall: 10.185 minutes, Δt:   1.83, CFL: 9.00e-01
i:  77600, t:  180526.3 s, ωt:  18.05 (2.87 periods), wall: 10.198 minutes, Δt:   2.12, CFL: 9.00e-01
i:  77700, t:  180728.6 s, ωt:  18.07 (2.88 periods), wall: 10.210 minutes, Δt:   2.25, CFL: 9.00e-01
i:  77800, t:  180931.2 s, ωt:  18.09 (2.88 periods), wall: 10.221 minutes, Δt:   1.61, CFL: 9.00e-01
i:  77900, t:  181141.5 s, ωt:  18.11 (2.88 periods), wall: 10.234 minutes, Δt:   2.11, CFL: 9.00e-01
i:  78000, t:  181354.4 s, ωt:  18.14 (2.89 periods), wall: 10.247 minutes, Δt:   2.28, CFL: 9.00e-01
i:  78100, t:  181584.1 s, ωt:  18.16 (2.89 periods), wall: 10.258 minutes, Δt:   2.20, CFL: 9.00e-01
i:  78200, t:  181829.4 s, ωt:  18.18 (2.89 periods), wall: 10.270 minutes, Δt:   2.39, CFL: 9.00e-01
i:  78300, t:  182097.1 s, ωt:  18.21 (2.90 periods), wall: 10.282 minutes, Δt:   2.77, CFL: 9.00e-01
i:  78400, t:  182373.2 s, ωt:  18.24 (2.90 periods), wall: 10.294 minutes, Δt:   2.81, CFL: 9.00e-01
i:  78500, t:  182633.1 s, ωt:  18.26 (2.91 periods), wall: 10.306 minutes, Δt:   2.60, CFL: 9.00e-01
i:  78600, t:  182898.7 s, ωt:  18.29 (2.91 periods), wall: 10.318 minutes, Δt:   2.99, CFL: 9.00e-01
i:  78700, t:  183176.7 s, ωt:  18.32 (2.92 periods), wall: 10.331 minutes, Δt:   2.65, CFL: 9.00e-01
i:  78800, t:  183444.4 s, ωt:  18.34 (2.92 periods), wall: 10.342 minutes, Δt:   2.48, CFL: 9.00e-01
i:  78900, t:  183726.0 s, ωt:  18.37 (2.92 periods), wall: 10.358 minutes, Δt:   2.94, CFL: 9.00e-01
i:  79000, t:  184042.9 s, ωt:  18.40 (2.93 periods), wall: 10.370 minutes, Δt:   3.46, CFL: 9.00e-01
i:  79100, t:  184389.5 s, ωt:  18.44 (2.93 periods), wall: 10.383 minutes, Δt:   3.74, CFL: 9.00e-01
i:  79200, t:  184773.7 s, ωt:  18.48 (2.94 periods), wall: 10.397 minutes, Δt:   4.54, CFL: 9.00e-01
i:  79300, t:  185167.0 s, ωt:  18.52 (2.95 periods), wall: 10.410 minutes, Δt:   4.15, CFL: 9.00e-01
i:  79400, t:  185579.6 s, ωt:  18.56 (2.95 periods), wall: 10.422 minutes, Δt:   3.40, CFL: 9.00e-01
i:  79500, t:  185991.1 s, ωt:  18.60 (2.96 periods), wall: 10.436 minutes, Δt:   5.22, CFL: 9.00e-01
i:  79600, t:  186452.1 s, ωt:  18.65 (2.97 periods), wall: 10.448 minutes, Δt:   4.97, CFL: 9.00e-01
i:  79700, t:  186924.8 s, ωt:  18.69 (2.98 periods), wall: 10.461 minutes, Δt:   4.55, CFL: 9.00e-01
i:  79800, t:  187452.6 s, ωt:  18.75 (2.98 periods), wall: 10.475 minutes, Δt:   5.97, CFL: 9.00e-01
i:  79900, t:  188047.1 s, ωt:  18.80 (2.99 periods), wall: 10.488 minutes, Δt:   5.59, CFL: 9.00e-01
i:  80000, t:  188549.4 s, ωt:  18.85 (3.00 periods), wall: 10.528 minutes, Δt:   3.94, CFL: 9.00e-01
i:  80100, t:  189094.1 s, ωt:  18.91 (3.01 periods), wall: 10.540 minutes, Δt:   6.13, CFL: 9.00e-01
i:  80200, t:  189614.4 s, ωt:  18.96 (3.02 periods), wall: 10.559 minutes, Δt:   5.07, CFL: 9.00e-01
i:  80300, t:  190220.1 s, ωt:  19.02 (3.03 periods), wall: 10.573 minutes, Δt:   6.16, CFL: 9.00e-01
i:  80400, t:  190766.9 s, ωt:  19.08 (3.04 periods), wall: 10.610 minutes, Δt:   5.82, CFL: 9.00e-01
i:  80500, t:  191339.6 s, ωt:  19.13 (3.05 periods), wall: 10.623 minutes, Δt:   5.70, CFL: 9.00e-01
i:  80600, t:  191809.0 s, ωt:  19.18 (3.05 periods), wall: 10.636 minutes, Δt:   4.58, CFL: 9.00e-01
i:  80700, t:  192222.4 s, ωt:  19.22 (3.06 periods), wall: 10.647 minutes, Δt:   3.42, CFL: 9.00e-01
i:  80800, t:  192536.8 s, ωt:  19.25 (3.06 periods), wall: 10.659 minutes, Δt:   3.63, CFL: 9.00e-01
i:  80900, t:  192908.5 s, ωt:  19.29 (3.07 periods), wall: 10.677 minutes, Δt:   3.70, CFL: 9.00e-01
i:  81000, t:  193265.5 s, ωt:  19.33 (3.08 periods), wall: 10.688 minutes, Δt:   3.55, CFL: 9.00e-01
i:  81100, t:  193623.5 s, ωt:  19.36 (3.08 periods), wall: 10.700 minutes, Δt:   3.30, CFL: 9.00e-01
i:  81200, t:  193923.2 s, ωt:  19.39 (3.09 periods), wall: 10.712 minutes, Δt:   2.82, CFL: 9.00e-01
i:  81300, t:  194213.0 s, ωt:  19.42 (3.09 periods), wall: 10.724 minutes, Δt:   3.02, CFL: 9.00e-01
i:  81400, t:  194495.6 s, ωt:  19.45 (3.10 periods), wall: 10.736 minutes, Δt:   2.57, CFL: 9.00e-01
i:  81500, t:  194759.3 s, ωt:  19.48 (3.10 periods), wall: 10.746 minutes, Δt:   2.69, CFL: 9.00e-01
i:  81600, t:  195014.7 s, ωt:  19.50 (3.10 periods), wall: 10.758 minutes, Δt:   2.43, CFL: 9.00e-01
i:  81700, t:  195259.3 s, ωt:  19.53 (3.11 periods), wall: 10.770 minutes, Δt:   2.73, CFL: 9.00e-01
i:  81800, t:  195504.2 s, ωt:  19.55 (3.11 periods), wall: 10.783 minutes, Δt:   3.03, CFL: 9.00e-01
i:  81900, t:  195767.2 s, ωt:  19.58 (3.12 periods), wall: 10.795 minutes, Δt:   2.66, CFL: 9.00e-01
i:  82000, t:  196014.5 s, ωt:  19.60 (3.12 periods), wall: 10.805 minutes, Δt:   2.37, CFL: 9.00e-01
i:  82100, t:  196231.5 s, ωt:  19.62 (3.12 periods), wall: 10.818 minutes, Δt:   2.00, CFL: 9.00e-01
i:  82200, t:  196463.7 s, ωt:  19.65 (3.13 periods), wall: 10.830 minutes, Δt:   2.27, CFL: 9.00e-01
i:  82300, t:  196697.8 s, ωt:  19.67 (3.13 periods), wall: 10.842 minutes, Δt:   2.47, CFL: 9.00e-01
i:  82400, t:  196918.1 s, ωt:  19.69 (3.13 periods), wall: 10.852 minutes, Δt:   2.06, CFL: 9.00e-01
i:  82500, t:  197139.9 s, ωt:  19.71 (3.14 periods), wall: 10.863 minutes, Δt:   2.17, CFL: 9.00e-01
i:  82600, t:  197344.7 s, ωt:  19.73 (3.14 periods), wall: 10.875 minutes, Δt:   2.03, CFL: 9.00e-01
i:  82700, t:  197558.9 s, ωt:  19.76 (3.14 periods), wall: 10.885 minutes, Δt:   2.06, CFL: 9.00e-01
i:  82800, t:  197758.9 s, ωt:  19.78 (3.15 periods), wall: 10.897 minutes, Δt:   1.91, CFL: 9.00e-01
i:  82900, t:  197951.5 s, ωt:  19.80 (3.15 periods), wall: 10.909 minutes, Δt:   1.88, CFL: 9.00e-01
i:  83000, t:  198131.8 s, ωt:  19.81 (3.15 periods), wall: 10.919 minutes, Δt:   2.06, CFL: 9.00e-01
i:  83100, t:  198312.9 s, ωt:  19.83 (3.16 periods), wall: 10.947 minutes, Δt:   2.06, CFL: 9.00e-01
i:  83200, t:  198509.2 s, ωt:  19.85 (3.16 periods), wall: 10.957 minutes, Δt:   1.82, CFL: 9.00e-01
i:  83300, t:  198690.5 s, ωt:  19.87 (3.16 periods), wall: 10.970 minutes, Δt:   1.55, CFL: 9.00e-01
i:  83400, t:  198875.0 s, ωt:  19.89 (3.17 periods), wall: 10.983 minutes, Δt:   2.01, CFL: 9.00e-01
i:  83500, t:  199063.9 s, ωt:  19.91 (3.17 periods), wall: 10.993 minutes, Δt:   1.99, CFL: 9.00e-01
i:  83600, t:  199261.7 s, ωt:  19.93 (3.17 periods), wall: 11.005 minutes, Δt:   1.84, CFL: 9.00e-01
i:  83700, t:  199441.2 s, ωt:  19.94 (3.17 periods), wall: 11.015 minutes, Δt:   2.07, CFL: 9.00e-01
i:  83800, t:  199622.8 s, ωt:  19.96 (3.18 periods), wall: 11.027 minutes, Δt:   1.53, CFL: 9.00e-01
i:  83900, t:  199813.0 s, ωt:  19.98 (3.18 periods), wall: 11.040 minutes, Δt:   1.99, CFL: 9.00e-01
i:  84000, t:  200001.5 s, ωt:  20.00 (3.18 periods), wall: 11.050 minutes, Δt:   1.86, CFL: 9.00e-01
i:  84100, t:  200180.9 s, ωt:  20.02 (3.19 periods), wall: 11.064 minutes, Δt:   1.83, CFL: 9.00e-01
i:  84200, t:  200359.3 s, ωt:  20.04 (3.19 periods), wall: 11.074 minutes, Δt:   1.86, CFL: 9.00e-01
i:  84300, t:  200540.8 s, ωt:  20.05 (3.19 periods), wall: 11.091 minutes, Δt:   1.80, CFL: 9.00e-01
i:  84400, t:  200721.4 s, ωt:  20.07 (3.19 periods), wall: 11.101 minutes, Δt:   1.99, CFL: 9.00e-01
i:  84500, t:  200911.8 s, ωt:  20.09 (3.20 periods), wall: 11.112 minutes, Δt:   1.90, CFL: 9.00e-01
i:  84600, t:  201089.6 s, ωt:  20.11 (3.20 periods), wall: 11.123 minutes, Δt:   1.81, CFL: 9.00e-01
i:  84700, t:  201270.9 s, ωt:  20.13 (3.20 periods), wall: 11.134 minutes, Δt:   1.63, CFL: 9.00e-01
i:  84800, t:  201450.1 s, ωt:  20.15 (3.21 periods), wall: 11.145 minutes, Δt:   1.77, CFL: 9.00e-01
i:  84900, t:  201604.0 s, ωt:  20.16 (3.21 periods), wall: 11.155 minutes, Δt:   1.57, CFL: 9.00e-01
i:  85000, t:  201769.4 s, ωt:  20.18 (3.21 periods), wall: 11.168 minutes, Δt:   1.61, CFL: 9.00e-01
i:  85100, t:  201936.9 s, ωt:  20.19 (3.21 periods), wall: 11.178 minutes, Δt:   1.58, CFL: 9.00e-01
i:  85200, t:  202107.6 s, ωt:  20.21 (3.22 periods), wall: 11.190 minutes, Δt:   1.72, CFL: 9.00e-01
i:  85300, t:  202282.9 s, ωt:  20.23 (3.22 periods), wall: 11.200 minutes, Δt:   1.53, CFL: 9.00e-01
i:  85400, t:  202456.7 s, ωt:  20.25 (3.22 periods), wall: 11.211 minutes, Δt:   1.76, CFL: 9.00e-01
i:  85500, t:  202630.2 s, ωt:  20.26 (3.22 periods), wall: 11.222 minutes, Δt:   1.56, CFL: 9.00e-01
i:  85600, t:  202775.0 s, ωt:  20.28 (3.23 periods), wall: 11.233 minutes, Δt:   1.60, CFL: 9.00e-01
i:  85700, t:  202934.6 s, ωt:  20.29 (3.23 periods), wall: 11.243 minutes, Δt:   1.45, CFL: 9.00e-01
i:  85800, t:  203103.2 s, ωt:  20.31 (3.23 periods), wall: 11.255 minutes, Δt:   1.58, CFL: 9.00e-01
i:  85900, t:  203274.3 s, ωt:  20.33 (3.24 periods), wall: 11.267 minutes, Δt:   1.54, CFL: 9.00e-01
i:  86000, t:  203437.8 s, ωt:  20.34 (3.24 periods), wall: 11.277 minutes, Δt:   1.47, CFL: 9.00e-01
i:  86100, t:  203578.9 s, ωt:  20.36 (3.24 periods), wall: 11.289 minutes, Δt:   1.31, CFL: 9.00e-01
i:  86200, t:  203739.3 s, ωt:  20.37 (3.24 periods), wall: 11.300 minutes, Δt:   1.85, CFL: 9.00e-01
i:  86300, t:  203919.1 s, ωt:  20.39 (3.25 periods), wall: 11.312 minutes, Δt:   1.65, CFL: 9.00e-01
i:  86400, t:  204090.9 s, ωt:  20.41 (3.25 periods), wall: 11.322 minutes, Δt:   1.65, CFL: 9.00e-01
i:  86500, t:  204255.9 s, ωt:  20.43 (3.25 periods), wall: 11.334 minutes, Δt:   1.78, CFL: 9.00e-01
i:  86600, t:  204432.4 s, ωt:  20.44 (3.25 periods), wall: 11.344 minutes, Δt:   1.82, CFL: 9.00e-01
i:  86700, t:  204598.1 s, ωt:  20.46 (3.26 periods), wall: 11.355 minutes, Δt:   1.47, CFL: 9.00e-01
i:  86800, t:  204762.6 s, ωt:  20.48 (3.26 periods), wall: 11.366 minutes, Δt:   1.72, CFL: 9.00e-01
i:  86900, t:  204939.8 s, ωt:  20.49 (3.26 periods), wall: 11.377 minutes, Δt:   1.68, CFL: 9.00e-01
i:  87000, t:  205108.4 s, ωt:  20.51 (3.26 periods), wall: 11.387 minutes, Δt:   1.74, CFL: 9.00e-01
i:  87100, t:  205285.9 s, ωt:  20.53 (3.27 periods), wall: 11.399 minutes, Δt:   1.59, CFL: 9.00e-01
i:  87200, t:  205452.6 s, ωt:  20.55 (3.27 periods), wall: 11.409 minutes, Δt:   1.64, CFL: 9.00e-01
i:  87300, t:  205620.0 s, ωt:  20.56 (3.27 periods), wall: 11.421 minutes, Δt:   1.84, CFL: 9.00e-01
i:  87400, t:  205803.5 s, ωt:  20.58 (3.28 periods), wall: 11.432 minutes, Δt:   1.81, CFL: 9.00e-01
i:  87500, t:  205975.4 s, ωt:  20.60 (3.28 periods), wall: 11.443 minutes, Δt:   1.82, CFL: 9.00e-01
i:  87600, t:  206149.3 s, ωt:  20.61 (3.28 periods), wall: 11.454 minutes, Δt:   1.90, CFL: 9.00e-01
i:  87700, t:  206326.8 s, ωt:  20.63 (3.28 periods), wall: 11.464 minutes, Δt:   2.01, CFL: 9.00e-01
i:  87800, t:  206509.8 s, ωt:  20.65 (3.29 periods), wall: 11.476 minutes, Δt:   1.79, CFL: 9.00e-01
i:  87900, t:  206675.5 s, ωt:  20.67 (3.29 periods), wall: 11.486 minutes, Δt:   1.67, CFL: 9.00e-01
i:  88000, t:  206849.9 s, ωt:  20.68 (3.29 periods), wall: 11.497 minutes, Δt:   1.70, CFL: 9.00e-01
i:  88100, t:  207021.2 s, ωt:  20.70 (3.29 periods), wall: 11.508 minutes, Δt:   1.81, CFL: 9.00e-01
i:  88200, t:  207209.0 s, ωt:  20.72 (3.30 periods), wall: 11.519 minutes, Δt:   1.84, CFL: 9.00e-01
i:  88300, t:  207369.5 s, ωt:  20.74 (3.30 periods), wall: 11.532 minutes, Δt:   1.63, CFL: 9.00e-01
i:  88400, t:  207546.9 s, ωt:  20.75 (3.30 periods), wall: 11.542 minutes, Δt:   1.70, CFL: 9.00e-01
i:  88500, t:  207720.3 s, ωt:  20.77 (3.31 periods), wall: 11.555 minutes, Δt:   1.86, CFL: 9.00e-01
i:  88600, t:  207885.8 s, ωt:  20.79 (3.31 periods), wall: 11.565 minutes, Δt:   1.63, CFL: 9.00e-01
i:  88700, t:  208058.4 s, ωt:  20.81 (3.31 periods), wall: 11.578 minutes, Δt:   1.67, CFL: 9.00e-01
i:  88800, t:  208229.5 s, ωt:  20.82 (3.31 periods), wall: 11.588 minutes, Δt:   1.65, CFL: 9.00e-01
i:  88900, t:  208392.4 s, ωt:  20.84 (3.32 periods), wall: 11.600 minutes, Δt:   1.64, CFL: 9.00e-01
i:  89000, t:  208567.7 s, ωt:  20.86 (3.32 periods), wall: 11.610 minutes, Δt:   1.77, CFL: 9.00e-01
i:  89100, t:  208743.7 s, ωt:  20.87 (3.32 periods), wall: 11.622 minutes, Δt:   1.81, CFL: 9.00e-01
i:  89200, t:  208923.6 s, ωt:  20.89 (3.33 periods), wall: 11.635 minutes, Δt:   1.75, CFL: 9.00e-01
i:  89300, t:  209108.3 s, ωt:  20.91 (3.33 periods), wall: 11.645 minutes, Δt:   1.94, CFL: 9.00e-01
i:  89400, t:  209289.6 s, ωt:  20.93 (3.33 periods), wall: 11.656 minutes, Δt:   1.76, CFL: 9.00e-01
i:  89500, t:  209470.8 s, ωt:  20.95 (3.33 periods), wall: 11.666 minutes, Δt:   1.71, CFL: 9.00e-01
i:  89600, t:  209655.2 s, ωt:  20.97 (3.34 periods), wall: 11.678 minutes, Δt:   1.76, CFL: 9.00e-01
i:  89700, t:  209827.0 s, ωt:  20.98 (3.34 periods), wall: 11.688 minutes, Δt:   1.63, CFL: 9.00e-01
i:  89800, t:  210017.4 s, ωt:  21.00 (3.34 periods), wall: 11.700 minutes, Δt:   2.10, CFL: 9.00e-01
i:  89900, t:  210226.3 s, ωt:  21.02 (3.35 periods), wall: 11.715 minutes, Δt:   2.11, CFL: 9.00e-01
i:  90000, t:  210429.7 s, ωt:  21.04 (3.35 periods), wall: 11.725 minutes, Δt:   1.78, CFL: 9.00e-01
i:  90100, t:  210628.8 s, ωt:  21.06 (3.35 periods), wall: 11.737 minutes, Δt:   2.19, CFL: 9.00e-01
i:  90200, t:  210842.9 s, ωt:  21.08 (3.36 periods), wall: 11.749 minutes, Δt:   2.32, CFL: 9.00e-01
i:  90300, t:  211061.4 s, ωt:  21.11 (3.36 periods), wall: 11.759 minutes, Δt:   2.32, CFL: 9.00e-01
i:  90400, t:  211265.8 s, ωt:  21.13 (3.36 periods), wall: 11.771 minutes, Δt:   2.09, CFL: 9.00e-01
i:  90500, t:  211485.7 s, ωt:  21.15 (3.37 periods), wall: 11.782 minutes, Δt:   2.33, CFL: 9.00e-01
i:  90600, t:  211717.6 s, ωt:  21.17 (3.37 periods), wall: 11.792 minutes, Δt:   2.16, CFL: 9.00e-01
i:  90700, t:  211940.9 s, ωt:  21.19 (3.37 periods), wall: 11.803 minutes, Δt:   2.20, CFL: 9.00e-01
i:  90800, t:  212163.1 s, ωt:  21.22 (3.38 periods), wall: 11.815 minutes, Δt:   2.30, CFL: 9.00e-01
i:  90900, t:  212378.2 s, ωt:  21.24 (3.38 periods), wall: 11.827 minutes, Δt:   2.36, CFL: 9.00e-01
i:  91000, t:  212610.8 s, ωt:  21.26 (3.38 periods), wall: 11.837 minutes, Δt:   2.34, CFL: 9.00e-01
i:  91100, t:  212825.9 s, ωt:  21.28 (3.39 periods), wall: 11.849 minutes, Δt:   2.76, CFL: 9.00e-01
i:  91200, t:  213075.2 s, ωt:  21.31 (3.39 periods), wall: 11.861 minutes, Δt:   2.69, CFL: 9.00e-01
i:  91300, t:  213333.6 s, ωt:  21.33 (3.40 periods), wall: 11.872 minutes, Δt:   2.75, CFL: 9.00e-01
i:  91400, t:  213597.1 s, ωt:  21.36 (3.40 periods), wall: 11.882 minutes, Δt:   2.76, CFL: 9.00e-01
i:  91500, t:  213861.2 s, ωt:  21.39 (3.40 periods), wall: 11.894 minutes, Δt:   2.83, CFL: 9.00e-01
i:  91600, t:  214119.6 s, ωt:  21.41 (3.41 periods), wall: 11.908 minutes, Δt:   2.73, CFL: 9.00e-01
i:  91700, t:  214381.5 s, ωt:  21.44 (3.41 periods), wall: 11.919 minutes, Δt:   2.89, CFL: 9.00e-01
i:  91800, t:  214691.5 s, ωt:  21.47 (3.42 periods), wall: 11.931 minutes, Δt:   2.63, CFL: 9.00e-01
i:  91900, t:  214989.7 s, ωt:  21.50 (3.42 periods), wall: 11.944 minutes, Δt:   2.86, CFL: 9.00e-01
i:  92000, t:  215264.4 s, ωt:  21.53 (3.43 periods), wall: 11.956 minutes, Δt:   2.01, CFL: 9.00e-01
i:  92100, t:  215535.5 s, ωt:  21.55 (3.43 periods), wall: 11.967 minutes, Δt:   3.55, CFL: 9.00e-01
i:  92200, t:  215836.8 s, ωt:  21.58 (3.44 periods), wall: 11.979 minutes, Δt:   2.34, CFL: 9.00e-01
i:  92300, t:  216144.7 s, ωt:  21.61 (3.44 periods), wall: 11.990 minutes, Δt:   3.38, CFL: 9.00e-01
i:  92400, t:  216503.3 s, ωt:  21.65 (3.45 periods), wall: 12.001 minutes, Δt:   3.37, CFL: 9.00e-01
i:  92500, t:  216854.6 s, ωt:  21.69 (3.45 periods), wall: 12.014 minutes, Δt:   3.17, CFL: 9.00e-01
i:  92600, t:  217218.7 s, ωt:  21.72 (3.46 periods), wall: 12.025 minutes, Δt:   4.30, CFL: 9.00e-01
i:  92700, t:  217623.1 s, ωt:  21.76 (3.46 periods), wall: 12.037 minutes, Δt:   4.16, CFL: 9.00e-01
i:  92800, t:  218084.9 s, ωt:  21.81 (3.47 periods), wall: 12.051 minutes, Δt:   4.92, CFL: 9.00e-01
i:  92900, t:  218595.1 s, ωt:  21.86 (3.48 periods), wall: 12.063 minutes, Δt:   4.66, CFL: 9.00e-01
i:  93000, t:  218988.5 s, ωt:  21.90 (3.49 periods), wall: 12.075 minutes, Δt:   4.98, CFL: 9.00e-01
i:  93100, t:  219495.1 s, ωt:  21.95 (3.49 periods), wall: 12.087 minutes, Δt:   5.63, CFL: 9.00e-01
i:  93200, t:  220089.6 s, ωt:  22.01 (3.50 periods), wall: 12.118 minutes, Δt:   5.58, CFL: 9.00e-01
i:  93300, t:  220741.5 s, ωt:  22.07 (3.51 periods), wall: 12.133 minutes, Δt:   7.12, CFL: 9.00e-01
i:  93400, t:  221418.7 s, ωt:  22.14 (3.52 periods), wall: 12.146 minutes, Δt:   5.34, CFL: 9.00e-01
i:  93500, t:  221899.6 s, ωt:  22.19 (3.53 periods), wall: 12.160 minutes, Δt:   5.08, CFL: 9.00e-01
i:  93600, t:  222434.8 s, ωt:  22.24 (3.54 periods), wall: 12.173 minutes, Δt:   5.45, CFL: 9.00e-01
i:  93700, t:  222938.7 s, ωt:  22.29 (3.55 periods), wall: 12.185 minutes, Δt:   4.63, CFL: 9.00e-01
i:  93800, t:  223321.1 s, ωt:  22.33 (3.55 periods), wall: 12.197 minutes, Δt:   4.09, CFL: 9.00e-01
i:  93900, t:  223718.7 s, ωt:  22.37 (3.56 periods), wall: 12.211 minutes, Δt:   3.83, CFL: 9.00e-01
i:  94000, t:  224118.7 s, ωt:  22.41 (3.57 periods), wall: 12.222 minutes, Δt:   4.18, CFL: 9.00e-01
i:  94100, t:  224518.5 s, ωt:  22.45 (3.57 periods), wall: 12.233 minutes, Δt:   3.67, CFL: 9.00e-01
i:  94200, t:  224846.3 s, ωt:  22.48 (3.58 periods), wall: 12.246 minutes, Δt:   3.28, CFL: 9.00e-01
i:  94300, t:  225153.7 s, ωt:  22.52 (3.58 periods), wall: 12.259 minutes, Δt:   3.00, CFL: 9.00e-01
i:  94400, t:  225446.7 s, ωt:  22.54 (3.59 periods), wall: 12.272 minutes, Δt:   3.15, CFL: 9.00e-01
i:  94500, t:  225732.5 s, ωt:  22.57 (3.59 periods), wall: 12.289 minutes, Δt:   2.87, CFL: 9.00e-01
i:  94600, t:  226024.3 s, ωt:  22.60 (3.60 periods), wall: 12.308 minutes, Δt:   2.66, CFL: 9.00e-01
i:  94700, t:  226276.7 s, ωt:  22.63 (3.60 periods), wall: 12.320 minutes, Δt:   2.62, CFL: 9.00e-01
i:  94800, t:  226531.8 s, ωt:  22.65 (3.61 periods), wall: 12.333 minutes, Δt:   2.56, CFL: 9.00e-01
i:  94900, t:  226771.6 s, ωt:  22.68 (3.61 periods), wall: 12.343 minutes, Δt:   2.47, CFL: 9.00e-01
i:  95000, t:  227020.8 s, ωt:  22.70 (3.61 periods), wall: 12.355 minutes, Δt:   2.47, CFL: 9.00e-01
i:  95100, t:  227264.0 s, ωt:  22.73 (3.62 periods), wall: 12.367 minutes, Δt:   2.36, CFL: 9.00e-01
i:  95200, t:  227493.7 s, ωt:  22.75 (3.62 periods), wall: 12.379 minutes, Δt:   2.19, CFL: 9.00e-01
i:  95300, t:  227710.6 s, ωt:  22.77 (3.62 periods), wall: 12.389 minutes, Δt:   1.94, CFL: 9.00e-01
i:  95400, t:  227936.0 s, ωt:  22.79 (3.63 periods), wall: 12.402 minutes, Δt:   2.25, CFL: 9.00e-01
i:  95500, t:  228154.8 s, ωt:  22.82 (3.63 periods), wall: 12.413 minutes, Δt:   2.37, CFL: 9.00e-01
i:  95600, t:  228377.6 s, ωt:  22.84 (3.63 periods), wall: 12.423 minutes, Δt:   2.02, CFL: 9.00e-01
i:  95700, t:  228585.5 s, ωt:  22.86 (3.64 periods), wall: 12.436 minutes, Δt:   1.91, CFL: 9.00e-01
i:  95800, t:  228785.1 s, ωt:  22.88 (3.64 periods), wall: 12.447 minutes, Δt:   2.16, CFL: 9.00e-01
i:  95900, t:  228996.0 s, ωt:  22.90 (3.64 periods), wall: 12.458 minutes, Δt:   1.72, CFL: 9.00e-01
i:  96000, t:  229178.8 s, ωt:  22.92 (3.65 periods), wall: 12.470 minutes, Δt:   2.04, CFL: 9.00e-01
i:  96100, t:  229360.7 s, ωt:  22.94 (3.65 periods), wall: 12.482 minutes, Δt:   2.00, CFL: 9.00e-01
i:  96200, t:  229551.3 s, ωt:  22.96 (3.65 periods), wall: 12.492 minutes, Δt:   1.68, CFL: 9.00e-01
i:  96300, t:  229733.4 s, ωt:  22.97 (3.66 periods), wall: 12.506 minutes, Δt:   1.93, CFL: 9.00e-01
i:  96400, t:  229918.4 s, ωt:  22.99 (3.66 periods), wall: 12.516 minutes, Δt:   1.20, CFL: 9.00e-01
i:  96500, t:  230086.7 s, ωt:  23.01 (3.66 periods), wall: 12.528 minutes, Δt:   1.82, CFL: 9.00e-01
i:  96600, t:  230268.5 s, ωt:  23.03 (3.66 periods), wall: 12.538 minutes, Δt:   1.89, CFL: 9.00e-01
i:  96700, t:  230465.6 s, ωt:  23.05 (3.67 periods), wall: 12.550 minutes, Δt:   1.71, CFL: 9.00e-01
i:  96800, t:  230647.5 s, ωt:  23.06 (3.67 periods), wall: 12.562 minutes, Δt:   1.99, CFL: 9.00e-01
i:  96900, t:  230836.3 s, ωt:  23.08 (3.67 periods), wall: 12.572 minutes, Δt:   1.81, CFL: 9.00e-01
i:  97000, t:  231017.2 s, ωt:  23.10 (3.68 periods), wall: 12.584 minutes, Δt:   1.79, CFL: 9.00e-01
i:  97100, t:  231184.6 s, ωt:  23.12 (3.68 periods), wall: 12.594 minutes, Δt:   1.44, CFL: 9.00e-01
i:  97200, t:  231364.2 s, ωt:  23.14 (3.68 periods), wall: 12.609 minutes, Δt:   1.49, CFL: 9.00e-01
i:  97300, t:  231535.4 s, ωt:  23.15 (3.69 periods), wall: 12.619 minutes, Δt:   1.67, CFL: 9.00e-01
i:  97400, t:  231711.1 s, ωt:  23.17 (3.69 periods), wall: 12.630 minutes, Δt:   1.90, CFL: 9.00e-01
i:  97500, t:  231881.8 s, ωt:  23.19 (3.69 periods), wall: 12.642 minutes, Δt:   1.67, CFL: 9.00e-01
i:  97600, t:  232057.9 s, ωt:  23.21 (3.69 periods), wall: 12.653 minutes, Δt:   1.66, CFL: 9.00e-01
i:  97700, t:  232226.5 s, ωt:  23.22 (3.70 periods), wall: 12.664 minutes, Δt:   1.60, CFL: 9.00e-01
i:  97800, t:  232391.2 s, ωt:  23.24 (3.70 periods), wall: 12.674 minutes, Δt:   1.99, CFL: 9.00e-01
i:  97900, t:  232565.0 s, ωt:  23.26 (3.70 periods), wall: 12.687 minutes, Δt:   1.85, CFL: 9.00e-01
i:  98000, t:  232729.8 s, ωt:  23.27 (3.70 periods), wall: 12.697 minutes, Δt:   1.76, CFL: 9.00e-01
i:  98100, t:  232900.1 s, ωt:  23.29 (3.71 periods), wall: 12.709 minutes, Δt:   1.74, CFL: 9.00e-01
i:  98200, t:  233060.5 s, ωt:  23.31 (3.71 periods), wall: 12.720 minutes, Δt:   1.56, CFL: 9.00e-01
i:  98300, t:  233221.6 s, ωt:  23.32 (3.71 periods), wall: 12.733 minutes, Δt:   1.69, CFL: 9.00e-01
i:  98400, t:  233393.4 s, ωt:  23.34 (3.71 periods), wall: 12.743 minutes, Δt:   1.69, CFL: 9.00e-01
i:  98500, t:  233546.6 s, ωt:  23.35 (3.72 periods), wall: 12.754 minutes, Δt:   1.58, CFL: 9.00e-01
i:  98600, t:  233698.5 s, ωt:  23.37 (3.72 periods), wall: 12.764 minutes, Δt:   1.60, CFL: 9.00e-01
i:  98700, t:  233864.9 s, ωt:  23.39 (3.72 periods), wall: 12.777 minutes, Δt:   1.83, CFL: 9.00e-01
i:  98800, t:  234043.3 s, ωt:  23.40 (3.72 periods), wall: 12.787 minutes, Δt:   1.72, CFL: 9.00e-01
i:  98900, t:  234210.7 s, ωt:  23.42 (3.73 periods), wall: 12.799 minutes, Δt:   1.40, CFL: 9.00e-01
i:  99000, t:  234364.4 s, ωt:  23.44 (3.73 periods), wall: 12.811 minutes, Δt:   1.60, CFL: 9.00e-01
i:  99100, t:  234526.2 s, ωt:  23.45 (3.73 periods), wall: 12.821 minutes, Δt:   1.64, CFL: 9.00e-01
i:  99200, t:  234690.9 s, ωt:  23.47 (3.74 periods), wall: 12.836 minutes, Δt:   1.59, CFL: 9.00e-01
i:  99300, t:  234850.9 s, ωt:  23.49 (3.74 periods), wall: 12.846 minutes, Δt:   1.56, CFL: 9.00e-01
i:  99400, t:  234999.3 s, ωt:  23.50 (3.74 periods), wall: 12.858 minutes, Δt:   1.28, CFL: 9.00e-01
i:  99500, t:  235162.5 s, ωt:  23.52 (3.74 periods), wall: 12.868 minutes, Δt:   1.70, CFL: 9.00e-01
i:  99600, t:  235334.9 s, ωt:  23.53 (3.75 periods), wall: 12.879 minutes, Δt:   1.64, CFL: 9.00e-01
i:  99700, t:  235509.5 s, ωt:  23.55 (3.75 periods), wall: 12.890 minutes, Δt:   1.67, CFL: 9.00e-01
i:  99800, t:  235662.7 s, ωt:  23.57 (3.75 periods), wall: 12.901 minutes, Δt:   1.41, CFL: 9.00e-01
i:  99900, t:  235812.4 s, ωt:  23.58 (3.75 periods), wall: 12.911 minutes, Δt:   1.77, CFL: 9.00e-01
i: 100000, t:  235963.5 s, ωt:  23.60 (3.76 periods), wall: 12.923 minutes, Δt:   1.65, CFL: 9.00e-01
i: 100100, t:  236117.1 s, ωt:  23.61 (3.76 periods), wall: 12.933 minutes, Δt:   1.49, CFL: 9.00e-01
i: 100200, t:  236278.5 s, ωt:  23.63 (3.76 periods), wall: 12.944 minutes, Δt:   1.73, CFL: 9.00e-01
i: 100300, t:  236447.6 s, ωt:  23.64 (3.76 periods), wall: 12.955 minutes, Δt:   1.75, CFL: 9.00e-01
i: 100400, t:  236621.0 s, ωt:  23.66 (3.77 periods), wall: 12.966 minutes, Δt:   1.72, CFL: 9.00e-01
i: 100500, t:  236794.1 s, ωt:  23.68 (3.77 periods), wall: 12.976 minutes, Δt:   1.74, CFL: 9.00e-01
i: 100600, t:  236961.3 s, ωt:  23.70 (3.77 periods), wall: 12.988 minutes, Δt:   1.77, CFL: 9.00e-01
i: 100700, t:  237125.5 s, ωt:  23.71 (3.77 periods), wall: 12.998 minutes, Δt:   1.75, CFL: 9.00e-01
i: 100800, t:  237278.5 s, ωt:  23.73 (3.78 periods), wall: 13.010 minutes, Δt:   1.75, CFL: 9.00e-01
i: 100900, t:  237429.3 s, ωt:  23.74 (3.78 periods), wall: 13.020 minutes, Δt:   1.56, CFL: 9.00e-01
i: 101000, t:  237600.9 s, ωt:  23.76 (3.78 periods), wall: 13.034 minutes, Δt:   1.71, CFL: 9.00e-01
i: 101100, t:  237760.3 s, ωt:  23.78 (3.78 periods), wall: 13.044 minutes, Δt:   1.54, CFL: 9.00e-01
i: 101200, t:  237930.7 s, ωt:  23.79 (3.79 periods), wall: 13.056 minutes, Δt:   1.60, CFL: 9.00e-01
i: 101300, t:  238106.8 s, ωt:  23.81 (3.79 periods), wall: 13.066 minutes, Δt:   2.04, CFL: 9.00e-01
i: 101400, t:  238252.7 s, ωt:  23.83 (3.79 periods), wall: 13.077 minutes, Δt:   1.22, CFL: 9.00e-01
i: 101500, t:  238407.3 s, ωt:  23.84 (3.79 periods), wall: 13.087 minutes, Δt:   1.91, CFL: 9.00e-01
i: 101600, t:  238581.8 s, ωt:  23.86 (3.80 periods), wall: 13.100 minutes, Δt:   1.64, CFL: 9.00e-01
i: 101700, t:  238761.0 s, ωt:  23.88 (3.80 periods), wall: 13.110 minutes, Δt:   1.98, CFL: 9.00e-01
i: 101800, t:  238944.7 s, ωt:  23.89 (3.80 periods), wall: 13.121 minutes, Δt:   1.87, CFL: 9.00e-01
i: 101900, t:  239128.1 s, ωt:  23.91 (3.81 periods), wall: 13.133 minutes, Δt:   2.07, CFL: 9.00e-01
i: 102000, t:  239316.6 s, ωt:  23.93 (3.81 periods), wall: 13.143 minutes, Δt:   1.57, CFL: 9.00e-01
i: 102100, t:  239492.3 s, ωt:  23.95 (3.81 periods), wall: 13.154 minutes, Δt:   1.74, CFL: 9.00e-01
i: 102200, t:  239678.7 s, ωt:  23.97 (3.81 periods), wall: 13.165 minutes, Δt:   2.08, CFL: 9.00e-01
i: 102300, t:  239880.5 s, ωt:  23.99 (3.82 periods), wall: 13.176 minutes, Δt:   1.97, CFL: 9.00e-01
i: 102400, t:  240038.4 s, ωt:  24.00 (3.82 periods), wall: 13.188 minutes, Δt:   1.48, CFL: 9.00e-01
i: 102500, t:  240203.9 s, ωt:  24.02 (3.82 periods), wall: 13.198 minutes, Δt:   1.96, CFL: 9.00e-01
i: 102600, t:  240392.9 s, ωt:  24.04 (3.83 periods), wall: 13.210 minutes, Δt:   1.83, CFL: 9.00e-01
i: 102700, t:  240558.3 s, ωt:  24.06 (3.83 periods), wall: 13.220 minutes, Δt:   1.83, CFL: 9.00e-01
i: 102800, t:  240727.0 s, ωt:  24.07 (3.83 periods), wall: 13.231 minutes, Δt:   1.89, CFL: 9.00e-01
i: 102900, t:  240902.9 s, ωt:  24.09 (3.83 periods), wall: 13.242 minutes, Δt:   1.81, CFL: 9.00e-01
i: 103000, t:  241078.8 s, ωt:  24.11 (3.84 periods), wall: 13.253 minutes, Δt:   1.73, CFL: 9.00e-01
i: 103100, t:  241267.6 s, ωt:  24.13 (3.84 periods), wall: 13.263 minutes, Δt:   1.95, CFL: 9.00e-01
i: 103200, t:  241464.0 s, ωt:  24.15 (3.84 periods), wall: 13.275 minutes, Δt:   1.88, CFL: 9.00e-01
i: 103300, t:  241665.0 s, ωt:  24.17 (3.85 periods), wall: 13.286 minutes, Δt:   1.92, CFL: 9.00e-01
i: 103400, t:  241865.4 s, ωt:  24.19 (3.85 periods), wall: 13.296 minutes, Δt:   1.97, CFL: 9.00e-01
i: 103500, t:  242077.3 s, ωt:  24.21 (3.85 periods), wall: 13.308 minutes, Δt:   1.93, CFL: 9.00e-01
i: 103600, t:  242297.5 s, ωt:  24.23 (3.86 periods), wall: 13.319 minutes, Δt:   2.21, CFL: 9.00e-01
i: 103700, t:  242511.8 s, ωt:  24.25 (3.86 periods), wall: 13.329 minutes, Δt:   2.26, CFL: 9.00e-01
i: 103800, t:  242724.9 s, ωt:  24.27 (3.86 periods), wall: 13.346 minutes, Δt:   1.96, CFL: 9.00e-01
i: 103900, t:  242945.7 s, ωt:  24.29 (3.87 periods), wall: 13.357 minutes, Δt:   2.19, CFL: 9.00e-01
i: 104000, t:  243171.7 s, ωt:  24.32 (3.87 periods), wall: 13.370 minutes, Δt:   2.40, CFL: 9.00e-01
i: 104100, t:  243383.0 s, ωt:  24.34 (3.87 periods), wall: 13.380 minutes, Δt:   1.98, CFL: 9.00e-01
i: 104200, t:  243584.5 s, ωt:  24.36 (3.88 periods), wall: 13.391 minutes, Δt:   1.81, CFL: 9.00e-01
i: 104300, t:  243799.7 s, ωt:  24.38 (3.88 periods), wall: 13.403 minutes, Δt:   1.99, CFL: 9.00e-01
i: 104400, t:  244012.2 s, ωt:  24.40 (3.88 periods), wall: 13.413 minutes, Δt:   2.03, CFL: 9.00e-01
i: 104500, t:  244250.0 s, ωt:  24.43 (3.89 periods), wall: 13.426 minutes, Δt:   2.80, CFL: 9.00e-01
i: 104600, t:  244508.8 s, ωt:  24.45 (3.89 periods), wall: 13.438 minutes, Δt:   2.74, CFL: 9.00e-01
i: 104700, t:  244777.5 s, ωt:  24.48 (3.90 periods), wall: 13.450 minutes, Δt:   2.45, CFL: 9.00e-01
i: 104800, t:  245026.7 s, ωt:  24.50 (3.90 periods), wall: 13.460 minutes, Δt:   2.42, CFL: 9.00e-01
i: 104900, t:  245273.2 s, ωt:  24.53 (3.90 periods), wall: 13.472 minutes, Δt:   3.07, CFL: 9.00e-01
i: 105000, t:  245551.7 s, ωt:  24.56 (3.91 periods), wall: 13.484 minutes, Δt:   3.01, CFL: 9.00e-01
i: 105100, t:  245849.0 s, ωt:  24.58 (3.91 periods), wall: 13.495 minutes, Δt:   2.60, CFL: 9.00e-01
i: 105200, t:  246137.5 s, ωt:  24.61 (3.92 periods), wall: 13.507 minutes, Δt:   3.11, CFL: 9.00e-01
i: 105300, t:  246448.9 s, ωt:  24.64 (3.92 periods), wall: 13.519 minutes, Δt:   3.07, CFL: 9.00e-01
i: 105400, t:  246742.9 s, ωt:  24.67 (3.93 periods), wall: 13.531 minutes, Δt:   3.43, CFL: 9.00e-01
i: 105500, t:  247068.7 s, ωt:  24.71 (3.93 periods), wall: 13.545 minutes, Δt:   3.42, CFL: 9.00e-01
i: 105600, t:  247415.0 s, ωt:  24.74 (3.94 periods), wall: 13.557 minutes, Δt:   3.39, CFL: 9.00e-01
i: 105700, t:  247734.5 s, ωt:  24.77 (3.94 periods), wall: 13.568 minutes, Δt:   3.41, CFL: 9.00e-01
i: 105800, t:  248100.2 s, ωt:  24.81 (3.95 periods), wall: 13.580 minutes, Δt:   4.46, CFL: 9.00e-01
i: 105900, t:  248516.6 s, ωt:  24.85 (3.96 periods), wall: 13.593 minutes, Δt:   4.64, CFL: 9.00e-01
i: 106000, t:  248956.8 s, ωt:  24.90 (3.96 periods), wall: 13.606 minutes, Δt:   3.83, CFL: 9.00e-01
i: 106100, t:  249390.1 s, ωt:  24.94 (3.97 periods), wall: 13.617 minutes, Δt:   4.30, CFL: 9.00e-01
i: 106200, t:  249800.3 s, ωt:  24.98 (3.98 periods), wall: 13.630 minutes, Δt:   5.66, CFL: 9.00e-01
i: 106300, t:  250322.5 s, ωt:  25.03 (3.98 periods), wall: 13.642 minutes, Δt:   4.98, CFL: 9.00e-01
i: 106400, t:  250897.8 s, ωt:  25.09 (3.99 periods), wall: 13.656 minutes, Δt:   5.91, CFL: 9.00e-01
i: 106500, t:  251520.8 s, ωt:  25.15 (4.00 periods), wall: 13.688 minutes, Δt:   4.72, CFL: 9.00e-01
i: 106600, t:  252108.7 s, ωt:  25.21 (4.01 periods), wall: 13.702 minutes, Δt:   5.74, CFL: 9.00e-01
i: 106700, t:  252721.5 s, ωt:  25.27 (4.02 periods), wall: 13.716 minutes, Δt:   5.25, CFL: 9.00e-01
i: 106800, t:  253217.0 s, ωt:  25.32 (4.03 periods), wall: 13.730 minutes, Δt:   4.74, CFL: 9.00e-01
i: 106900, t:  253724.9 s, ωt:  25.37 (4.04 periods), wall: 13.742 minutes, Δt:   5.02, CFL: 9.00e-01
i: 107000, t:  254223.1 s, ωt:  25.42 (4.05 periods), wall: 13.757 minutes, Δt:   4.97, CFL: 9.00e-01
i: 107100, t:  254692.2 s, ωt:  25.47 (4.05 periods), wall: 13.769 minutes, Δt:   4.24, CFL: 9.00e-01
i: 107200, t:  255110.1 s, ωt:  25.51 (4.06 periods), wall: 13.783 minutes, Δt:   4.35, CFL: 9.00e-01
i: 107300, t:  255506.8 s, ωt:  25.55 (4.07 periods), wall: 13.794 minutes, Δt:   3.80, CFL: 9.00e-01
i: 107400, t:  255859.8 s, ωt:  25.59 (4.07 periods), wall: 13.806 minutes, Δt:   3.76, CFL: 9.00e-01
i: 107500, t:  256199.6 s, ωt:  25.62 (4.08 periods), wall: 13.818 minutes, Δt:   3.63, CFL: 9.00e-01
i: 107600, t:  256504.3 s, ωt:  25.65 (4.08 periods), wall: 13.831 minutes, Δt:   3.09, CFL: 9.00e-01
i: 107700, t:  256830.1 s, ωt:  25.68 (4.09 periods), wall: 13.843 minutes, Δt:   3.10, CFL: 9.00e-01
i: 107800, t:  257139.4 s, ωt:  25.71 (4.09 periods), wall: 13.856 minutes, Δt:   3.24, CFL: 9.00e-01
i: 107900, t:  257450.3 s, ωt:  25.75 (4.10 periods), wall: 13.867 minutes, Δt:   2.64, CFL: 9.00e-01
i: 108000, t:  257710.0 s, ωt:  25.77 (4.10 periods), wall: 13.879 minutes, Δt:   2.58, CFL: 9.00e-01
i: 108100, t:  257951.9 s, ωt:  25.80 (4.11 periods), wall: 13.892 minutes, Δt:   2.60, CFL: 9.00e-01
i: 108200, t:  258218.5 s, ωt:  25.82 (4.11 periods), wall: 13.903 minutes, Δt:   2.80, CFL: 9.00e-01
i: 108300, t:  258478.1 s, ωt:  25.85 (4.11 periods), wall: 13.915 minutes, Δt:   2.83, CFL: 9.00e-01
i: 108400, t:  258743.2 s, ωt:  25.87 (4.12 periods), wall: 13.927 minutes, Δt:   2.34, CFL: 9.00e-01
i: 108500, t:  258993.6 s, ωt:  25.90 (4.12 periods), wall: 13.939 minutes, Δt:   2.22, CFL: 9.00e-01
i: 108600, t:  259225.2 s, ωt:  25.92 (4.13 periods), wall: 13.952 minutes, Δt:   2.28, CFL: 9.00e-01
i: 108700, t:  259453.3 s, ωt:  25.95 (4.13 periods), wall: 13.963 minutes, Δt:   2.01, CFL: 9.00e-01
i: 108800, t:  259680.0 s, ωt:  25.97 (4.13 periods), wall: 13.976 minutes, Δt:   1.88, CFL: 9.00e-01
i: 108900, t:  259898.4 s, ωt:  25.99 (4.14 periods), wall: 13.989 minutes, Δt:   2.13, CFL: 9.00e-01
i: 109000, t:  260123.9 s, ωt:  26.01 (4.14 periods), wall: 14.000 minutes, Δt:   2.09, CFL: 9.00e-01
i: 109100, t:  260325.2 s, ωt:  26.03 (4.14 periods), wall: 14.013 minutes, Δt:   2.15, CFL: 9.00e-01
i: 109200, t:  260529.6 s, ωt:  26.05 (4.15 periods), wall: 14.025 minutes, Δt:   2.11, CFL: 9.00e-01
i: 109300, t:  260731.9 s, ωt:  26.07 (4.15 periods), wall: 14.036 minutes, Δt:   2.21, CFL: 9.00e-01
i: 109400, t:  260948.5 s, ωt:  26.09 (4.15 periods), wall: 14.047 minutes, Δt:   2.17, CFL: 9.00e-01
i: 109500, t:  261164.5 s, ωt:  26.12 (4.16 periods), wall: 14.062 minutes, Δt:   2.08, CFL: 9.00e-01
i: 109600, t:  261359.7 s, ωt:  26.14 (4.16 periods), wall: 14.072 minutes, Δt:   1.99, CFL: 9.00e-01
i: 109700, t:  261549.6 s, ωt:  26.15 (4.16 periods), wall: 14.085 minutes, Δt:   2.08, CFL: 9.00e-01
i: 109800, t:  261751.7 s, ωt:  26.18 (4.17 periods), wall: 14.097 minutes, Δt:   1.81, CFL: 9.00e-01
i: 109900, t:  261935.3 s, ωt:  26.19 (4.17 periods), wall: 14.107 minutes, Δt:   1.81, CFL: 9.00e-01
i: 110000, t:  262105.3 s, ωt:  26.21 (4.17 periods), wall: 14.119 minutes, Δt:   2.10, CFL: 9.00e-01
i: 110100, t:  262299.2 s, ωt:  26.23 (4.17 periods), wall: 14.130 minutes, Δt:   2.03, CFL: 9.00e-01
i: 110200, t:  262493.5 s, ωt:  26.25 (4.18 periods), wall: 14.142 minutes, Δt:   1.81, CFL: 9.00e-01
i: 110300, t:  262692.8 s, ωt:  26.27 (4.18 periods), wall: 14.154 minutes, Δt:   1.82, CFL: 9.00e-01
i: 110400, t:  262881.1 s, ωt:  26.29 (4.18 periods), wall: 14.165 minutes, Δt:   1.84, CFL: 9.00e-01
i: 110500, t:  263059.8 s, ωt:  26.31 (4.19 periods), wall: 14.181 minutes, Δt:   1.58, CFL: 9.00e-01
i: 110600, t:  263224.7 s, ωt:  26.32 (4.19 periods), wall: 14.192 minutes, Δt:   1.63, CFL: 9.00e-01
i: 110700, t:  263391.7 s, ωt:  26.34 (4.19 periods), wall: 14.205 minutes, Δt:   1.76, CFL: 9.00e-01
i: 110800, t:  263560.1 s, ωt:  26.36 (4.19 periods), wall: 14.215 minutes, Δt:   1.94, CFL: 9.00e-01
i: 110900, t:  263741.5 s, ωt:  26.37 (4.20 periods), wall: 14.227 minutes, Δt:   1.85, CFL: 9.00e-01
i: 111000, t:  263923.5 s, ωt:  26.39 (4.20 periods), wall: 14.240 minutes, Δt:   1.86, CFL: 9.00e-01
i: 111100, t:  264090.2 s, ωt:  26.41 (4.20 periods), wall: 14.251 minutes, Δt:   1.83, CFL: 9.00e-01
i: 111200, t:  264271.0 s, ωt:  26.43 (4.21 periods), wall: 14.264 minutes, Δt:   1.61, CFL: 9.00e-01
i: 111300, t:  264446.2 s, ωt:  26.44 (4.21 periods), wall: 14.274 minutes, Δt:   1.78, CFL: 9.00e-01
i: 111400, t:  264614.7 s, ωt:  26.46 (4.21 periods), wall: 14.287 minutes, Δt:   1.76, CFL: 9.00e-01
i: 111500, t:  264784.7 s, ωt:  26.48 (4.21 periods), wall: 14.298 minutes, Δt:   1.48, CFL: 9.00e-01
i: 111600, t:  264955.6 s, ωt:  26.50 (4.22 periods), wall: 14.311 minutes, Δt:   1.88, CFL: 9.00e-01
i: 111700, t:  265128.7 s, ωt:  26.51 (4.22 periods), wall: 14.321 minutes, Δt:   1.66, CFL: 9.00e-01
i: 111800, t:  265287.6 s, ωt:  26.53 (4.22 periods), wall: 14.334 minutes, Δt:   1.85, CFL: 9.00e-01
i: 111900, t:  265448.7 s, ωt:  26.54 (4.22 periods), wall: 14.345 minutes, Δt:   1.43, CFL: 9.00e-01
i: 112000, t:  265618.5 s, ωt:  26.56 (4.23 periods), wall: 14.358 minutes, Δt:   1.80, CFL: 9.00e-01
i: 112100, t:  265783.4 s, ωt:  26.58 (4.23 periods), wall: 14.370 minutes, Δt:   1.62, CFL: 9.00e-01
i: 112200, t:  265955.8 s, ωt:  26.60 (4.23 periods), wall: 14.381 minutes, Δt:   1.64, CFL: 9.00e-01
i: 112300, t:  266112.6 s, ωt:  26.61 (4.24 periods), wall: 14.394 minutes, Δt:   1.64, CFL: 9.00e-01
i: 112400, t:  266275.2 s, ωt:  26.63 (4.24 periods), wall: 14.405 minutes, Δt:   1.66, CFL: 9.00e-01
i: 112500, t:  266444.3 s, ωt:  26.64 (4.24 periods), wall: 14.418 minutes, Δt:   1.70, CFL: 9.00e-01
i: 112600, t:  266615.4 s, ωt:  26.66 (4.24 periods), wall: 14.428 minutes, Δt:   1.77, CFL: 9.00e-01
i: 112700, t:  266786.7 s, ωt:  26.68 (4.25 periods), wall: 14.441 minutes, Δt:   1.80, CFL: 9.00e-01
i: 112800, t:  266960.0 s, ωt:  26.70 (4.25 periods), wall: 14.452 minutes, Δt:   1.60, CFL: 9.00e-01
i: 112900, t:  267121.8 s, ωt:  26.71 (4.25 periods), wall: 14.464 minutes, Δt:   1.73, CFL: 9.00e-01
i: 113000, t:  267289.7 s, ωt:  26.73 (4.25 periods), wall: 14.475 minutes, Δt:   1.58, CFL: 9.00e-01
i: 113100, t:  267458.5 s, ωt:  26.75 (4.26 periods), wall: 14.489 minutes, Δt:   1.54, CFL: 9.00e-01
i: 113200, t:  267618.5 s, ωt:  26.76 (4.26 periods), wall: 14.500 minutes, Δt:   1.73, CFL: 9.00e-01
i: 113300, t:  267796.6 s, ωt:  26.78 (4.26 periods), wall: 14.512 minutes, Δt:   1.71, CFL: 9.00e-01
i: 113400, t:  267962.7 s, ωt:  26.80 (4.26 periods), wall: 14.523 minutes, Δt:   1.72, CFL: 9.00e-01
i: 113500, t:  268132.7 s, ωt:  26.81 (4.27 periods), wall: 14.537 minutes, Δt:   1.70, CFL: 9.00e-01
i: 113600, t:  268303.5 s, ωt:  26.83 (4.27 periods), wall: 14.551 minutes, Δt:   1.73, CFL: 9.00e-01
i: 113700, t:  268471.6 s, ωt:  26.85 (4.27 periods), wall: 14.561 minutes, Δt:   1.60, CFL: 9.00e-01
i: 113800, t:  268630.3 s, ωt:  26.86 (4.28 periods), wall: 14.574 minutes, Δt:   1.74, CFL: 9.00e-01
i: 113900, t:  268795.3 s, ωt:  26.88 (4.28 periods), wall: 14.584 minutes, Δt:   1.69, CFL: 9.00e-01
i: 114000, t:  268976.2 s, ωt:  26.90 (4.28 periods), wall: 14.597 minutes, Δt:   1.76, CFL: 9.00e-01
i: 114100, t:  269138.7 s, ωt:  26.91 (4.28 periods), wall: 14.608 minutes, Δt:   1.81, CFL: 9.00e-01
i: 114200, t:  269322.7 s, ωt:  26.93 (4.29 periods), wall: 14.623 minutes, Δt:   1.75, CFL: 9.00e-01
i: 114300, t:  269477.7 s, ωt:  26.95 (4.29 periods), wall: 14.634 minutes, Δt:   1.56, CFL: 9.00e-01
i: 114400, t:  269651.0 s, ωt:  26.97 (4.29 periods), wall: 14.646 minutes, Δt:   1.87, CFL: 9.00e-01
i: 114500, t:  269833.9 s, ωt:  26.98 (4.29 periods), wall: 14.657 minutes, Δt:   1.76, CFL: 9.00e-01
i: 114600, t:  269995.9 s, ωt:  27.00 (4.30 periods), wall: 14.670 minutes, Δt:   1.81, CFL: 9.00e-01
i: 114700, t:  270161.0 s, ωt:  27.02 (4.30 periods), wall: 14.681 minutes, Δt:   1.50, CFL: 9.00e-01
i: 114800, t:  270323.2 s, ωt:  27.03 (4.30 periods), wall: 14.693 minutes, Δt:   1.60, CFL: 9.00e-01
i: 114900, t:  270486.4 s, ωt:  27.05 (4.30 periods), wall: 14.704 minutes, Δt:   1.73, CFL: 9.00e-01
i: 115000, t:  270663.8 s, ωt:  27.07 (4.31 periods), wall: 14.716 minutes, Δt:   1.94, CFL: 9.00e-01
i: 115100, t:  270827.6 s, ωt:  27.08 (4.31 periods), wall: 14.728 minutes, Δt:   1.90, CFL: 9.00e-01
i: 115200, t:  271020.3 s, ωt:  27.10 (4.31 periods), wall: 14.739 minutes, Δt:   1.71, CFL: 9.00e-01
i: 115300, t:  271190.9 s, ωt:  27.12 (4.32 periods), wall: 14.752 minutes, Δt:   1.89, CFL: 9.00e-01
i: 115400, t:  271381.7 s, ωt:  27.14 (4.32 periods), wall: 14.763 minutes, Δt:   2.08, CFL: 9.00e-01
i: 115500, t:  271565.9 s, ωt:  27.16 (4.32 periods), wall: 14.777 minutes, Δt:   1.51, CFL: 9.00e-01
i: 115600, t:  271747.4 s, ωt:  27.17 (4.32 periods), wall: 14.787 minutes, Δt:   1.95, CFL: 9.00e-01
i: 115700, t:  271938.4 s, ωt:  27.19 (4.33 periods), wall: 14.800 minutes, Δt:   1.75, CFL: 9.00e-01
i: 115800, t:  272104.2 s, ωt:  27.21 (4.33 periods), wall: 14.813 minutes, Δt:   1.63, CFL: 9.00e-01
i: 115900, t:  272283.2 s, ωt:  27.23 (4.33 periods), wall: 14.823 minutes, Δt:   1.88, CFL: 9.00e-01
i: 116000, t:  272480.6 s, ωt:  27.25 (4.34 periods), wall: 14.836 minutes, Δt:   2.28, CFL: 9.00e-01
i: 116100, t:  272681.9 s, ωt:  27.27 (4.34 periods), wall: 14.847 minutes, Δt:   1.68, CFL: 9.00e-01
i: 116200, t:  272863.3 s, ωt:  27.29 (4.34 periods), wall: 14.859 minutes, Δt:   2.12, CFL: 9.00e-01
i: 116300, t:  273067.5 s, ωt:  27.31 (4.35 periods), wall: 15.110 minutes, Δt:   1.93, CFL: 9.00e-01
i: 116400, t:  273279.1 s, ωt:  27.33 (4.35 periods), wall: 15.121 minutes, Δt:   1.98, CFL: 9.00e-01
i: 116500, t:  273480.8 s, ωt:  27.35 (4.35 periods), wall: 15.133 minutes, Δt:   1.86, CFL: 9.00e-01
i: 116600, t:  273682.2 s, ωt:  27.37 (4.36 periods), wall: 15.145 minutes, Δt:   2.40, CFL: 9.00e-01
i: 116700, t:  273889.2 s, ωt:  27.39 (4.36 periods), wall: 15.156 minutes, Δt:   2.31, CFL: 9.00e-01
i: 116800, t:  274106.4 s, ωt:  27.41 (4.36 periods), wall: 15.169 minutes, Δt:   2.39, CFL: 9.00e-01
i: 116900, t:  274316.7 s, ωt:  27.43 (4.37 periods), wall: 15.181 minutes, Δt:   2.02, CFL: 9.00e-01
i: 117000, t:  274547.9 s, ωt:  27.45 (4.37 periods), wall: 15.192 minutes, Δt:   2.20, CFL: 9.00e-01
i: 117100, t:  274734.2 s, ωt:  27.47 (4.37 periods), wall: 15.205 minutes, Δt:   1.93, CFL: 9.00e-01
i: 117200, t:  274941.8 s, ωt:  27.49 (4.38 periods), wall: 15.217 minutes, Δt:   2.56, CFL: 9.00e-01
i: 117300, t:  275179.7 s, ωt:  27.52 (4.38 periods), wall: 15.228 minutes, Δt:   2.29, CFL: 9.00e-01
i: 117400, t:  275397.2 s, ωt:  27.54 (4.38 periods), wall: 15.240 minutes, Δt:   2.08, CFL: 9.00e-01
i: 117500, t:  275628.5 s, ωt:  27.56 (4.39 periods), wall: 15.252 minutes, Δt:   2.15, CFL: 9.00e-01
i: 117600, t:  275872.8 s, ωt:  27.59 (4.39 periods), wall: 15.264 minutes, Δt:   2.54, CFL: 9.00e-01
i: 117700, t:  276139.9 s, ωt:  27.61 (4.39 periods), wall: 15.275 minutes, Δt:   2.81, CFL: 9.00e-01
i: 117800, t:  276417.9 s, ωt:  27.64 (4.40 periods), wall: 15.288 minutes, Δt:   2.63, CFL: 9.00e-01
i: 117900, t:  276687.5 s, ωt:  27.67 (4.40 periods), wall: 15.300 minutes, Δt:   2.62, CFL: 9.00e-01
i: 118000, t:  276961.4 s, ωt:  27.70 (4.41 periods), wall: 15.313 minutes, Δt:   2.52, CFL: 9.00e-01
i: 118100, t:  277241.0 s, ωt:  27.72 (4.41 periods), wall: 15.326 minutes, Δt:   3.15, CFL: 9.00e-01
i: 118200, t:  277537.1 s, ωt:  27.75 (4.42 periods), wall: 15.339 minutes, Δt:   2.79, CFL: 9.00e-01
i: 118300, t:  277817.9 s, ωt:  27.78 (4.42 periods), wall: 15.351 minutes, Δt:   3.47, CFL: 9.00e-01
i: 118400, t:  278130.8 s, ωt:  27.81 (4.43 periods), wall: 15.363 minutes, Δt:   3.17, CFL: 9.00e-01
i: 118500, t:  278453.8 s, ωt:  27.85 (4.43 periods), wall: 16.402 minutes, Δt:   3.25, CFL: 9.00e-01
i: 118600, t:  278756.1 s, ωt:  27.88 (4.44 periods), wall: 16.414 minutes, Δt:   3.28, CFL: 9.00e-01
i: 118700, t:  279064.5 s, ωt:  27.91 (4.44 periods), wall: 16.426 minutes, Δt:   3.14, CFL: 9.00e-01
i: 118800, t:  279403.2 s, ωt:  27.94 (4.45 periods), wall: 16.477 minutes, Δt:   3.26, CFL: 9.00e-01
i: 118900, t:  279749.1 s, ωt:  27.97 (4.45 periods), wall: 16.489 minutes, Δt:   2.94, CFL: 9.00e-01
i: 119000, t:  280061.7 s, ωt:  28.01 (4.46 periods), wall: 16.501 minutes, Δt:   3.05, CFL: 9.00e-01
i: 119100, t:  280441.6 s, ωt:  28.04 (4.46 periods), wall: 16.512 minutes, Δt:   3.84, CFL: 9.00e-01
i: 119200, t:  280822.5 s, ωt:  28.08 (4.47 periods), wall: 16.525 minutes, Δt:   4.69, CFL: 9.00e-01
i: 119300, t:  281296.0 s, ωt:  28.13 (4.48 periods), wall: 16.540 minutes, Δt:   5.24, CFL: 9.00e-01
i: 119400, t:  281754.4 s, ωt:  28.18 (4.48 periods), wall: 16.557 minutes, Δt:   4.70, CFL: 8.03e-01
i: 119500, t:  282306.2 s, ωt:  28.23 (4.49 periods), wall: 16.572 minutes, Δt:   5.58, CFL: 9.00e-01
i: 119600, t:  282849.4 s, ωt:  28.28 (4.50 periods), wall: 16.604 minutes, Δt:   5.85, CFL: 9.00e-01
i: 119700, t:  283398.9 s, ωt:  28.34 (4.51 periods), wall: 16.618 minutes, Δt:   4.44, CFL: 9.00e-01
i: 119800, t:  283958.9 s, ωt:  28.40 (4.52 periods), wall: 16.631 minutes, Δt:   6.22, CFL: 9.00e-01
i: 119900, t:  284543.1 s, ωt:  28.45 (4.53 periods), wall: 16.646 minutes, Δt:   6.27, CFL: 9.00e-01
i: 120000, t:  285129.1 s, ωt:  28.51 (4.54 periods), wall: 16.660 minutes, Δt:   4.68, CFL: 9.00e-01
i: 120100, t:  285633.2 s, ωt:  28.56 (4.55 periods), wall: 16.679 minutes, Δt:   4.73, CFL: 9.00e-01
i: 120200, t:  286142.6 s, ωt:  28.61 (4.55 periods), wall: 16.692 minutes, Δt:   5.16, CFL: 9.00e-01
i: 120300, t:  286623.9 s, ωt:  28.66 (4.56 periods), wall: 16.705 minutes, Δt:   4.51, CFL: 9.00e-01
i: 120400, t:  287040.4 s, ωt:  28.70 (4.57 periods), wall: 16.718 minutes, Δt:   4.16, CFL: 9.00e-01
i: 120500, t:  287421.1 s, ωt:  28.74 (4.57 periods), wall: 16.730 minutes, Δt:   3.20, CFL: 9.00e-01
i: 120600, t:  287773.7 s, ωt:  28.78 (4.58 periods), wall: 16.744 minutes, Δt:   3.32, CFL: 9.00e-01
i: 120700, t:  288112.1 s, ωt:  28.81 (4.59 periods), wall: 16.756 minutes, Δt:   3.36, CFL: 9.00e-01
i: 120800, t:  288421.5 s, ωt:  28.84 (4.59 periods), wall: 16.771 minutes, Δt:   2.65, CFL: 9.00e-01
i: 120900, t:  288712.4 s, ωt:  28.87 (4.59 periods), wall: 16.781 minutes, Δt:   3.24, CFL: 9.00e-01
i: 121000, t:  289003.5 s, ωt:  28.90 (4.60 periods), wall: 16.794 minutes, Δt:   2.72, CFL: 9.00e-01
i: 121100, t:  289281.8 s, ωt:  28.93 (4.60 periods), wall: 16.806 minutes, Δt:   2.58, CFL: 9.00e-01
i: 121200, t:  289553.4 s, ωt:  28.96 (4.61 periods), wall: 16.819 minutes, Δt:   2.40, CFL: 9.00e-01
i: 121300, t:  289780.1 s, ωt:  28.98 (4.61 periods), wall: 16.831 minutes, Δt:   2.58, CFL: 9.00e-01
i: 121400, t:  290012.7 s, ωt:  29.00 (4.62 periods), wall: 16.843 minutes, Δt:   2.45, CFL: 9.00e-01
i: 121500, t:  290249.5 s, ωt:  29.02 (4.62 periods), wall: 16.854 minutes, Δt:   2.36, CFL: 9.00e-01
i: 121600, t:  290472.5 s, ωt:  29.05 (4.62 periods), wall: 16.866 minutes, Δt:   1.91, CFL: 9.00e-01
i: 121700, t:  290698.4 s, ωt:  29.07 (4.63 periods), wall: 16.878 minutes, Δt:   2.23, CFL: 9.00e-01
i: 121800, t:  290926.0 s, ωt:  29.09 (4.63 periods), wall: 16.891 minutes, Δt:   2.22, CFL: 9.00e-01
i: 121900, t:  291140.8 s, ωt:  29.11 (4.63 periods), wall: 16.902 minutes, Δt:   2.11, CFL: 9.00e-01
i: 122000, t:  291345.3 s, ωt:  29.13 (4.64 periods), wall: 16.914 minutes, Δt:   2.21, CFL: 9.00e-01
i: 122100, t:  291546.2 s, ωt:  29.15 (4.64 periods), wall: 16.930 minutes, Δt:   2.03, CFL: 9.00e-01
i: 122200, t:  291746.9 s, ωt:  29.17 (4.64 periods), wall: 16.941 minutes, Δt:   2.11, CFL: 9.00e-01
i: 122300, t:  291951.2 s, ωt:  29.20 (4.65 periods), wall: 16.957 minutes, Δt:   2.09, CFL: 9.00e-01
i: 122400, t:  292154.1 s, ωt:  29.22 (4.65 periods), wall: 16.968 minutes, Δt:   2.06, CFL: 9.00e-01
i: 122500, t:  292354.7 s, ωt:  29.24 (4.65 periods), wall: 16.980 minutes, Δt:   2.04, CFL: 9.00e-01
i: 122600, t:  292544.6 s, ωt:  29.25 (4.66 periods), wall: 16.993 minutes, Δt:   2.10, CFL: 9.00e-01
i: 122700, t:  292749.4 s, ωt:  29.27 (4.66 periods), wall: 17.004 minutes, Δt:   1.79, CFL: 9.00e-01
i: 122800, t:  292942.1 s, ωt:  29.29 (4.66 periods), wall: 17.017 minutes, Δt:   2.03, CFL: 9.00e-01
i: 122900, t:  293139.1 s, ωt:  29.31 (4.67 periods), wall: 17.029 minutes, Δt:   2.11, CFL: 9.00e-01
i: 123000, t:  293317.3 s, ωt:  29.33 (4.67 periods), wall: 17.040 minutes, Δt:   2.01, CFL: 9.00e-01
i: 123100, t:  293500.9 s, ωt:  29.35 (4.67 periods), wall: 17.051 minutes, Δt:   1.85, CFL: 9.00e-01
i: 123200, t:  293666.5 s, ωt:  29.37 (4.67 periods), wall: 17.062 minutes, Δt:   1.53, CFL: 9.00e-01
i: 123300, t:  293830.7 s, ωt:  29.38 (4.68 periods), wall: 17.075 minutes, Δt:   1.73, CFL: 9.00e-01
i: 123400, t:  294011.8 s, ωt:  29.40 (4.68 periods), wall: 17.086 minutes, Δt:   2.02, CFL: 9.00e-01
i: 123500, t:  294188.4 s, ωt:  29.42 (4.68 periods), wall: 17.098 minutes, Δt:   1.87, CFL: 9.00e-01
i: 123600, t:  294369.2 s, ωt:  29.44 (4.69 periods), wall: 17.112 minutes, Δt:   1.84, CFL: 9.00e-01
i: 123700, t:  294544.8 s, ωt:  29.45 (4.69 periods), wall: 17.123 minutes, Δt:   1.61, CFL: 9.00e-01
i: 123800, t:  294711.4 s, ωt:  29.47 (4.69 periods), wall: 17.136 minutes, Δt:   1.88, CFL: 9.00e-01
i: 123900, t:  294896.3 s, ωt:  29.49 (4.69 periods), wall: 17.147 minutes, Δt:   1.63, CFL: 9.00e-01
i: 124000, t:  295068.2 s, ωt:  29.51 (4.70 periods), wall: 17.159 minutes, Δt:   1.84, CFL: 9.00e-01
i: 124100, t:  295244.4 s, ωt:  29.52 (4.70 periods), wall: 17.170 minutes, Δt:   1.73, CFL: 9.00e-01
i: 124200, t:  295415.9 s, ωt:  29.54 (4.70 periods), wall: 17.183 minutes, Δt:   1.70, CFL: 9.00e-01
i: 124300, t:  295585.9 s, ωt:  29.56 (4.70 periods), wall: 17.194 minutes, Δt:   1.63, CFL: 9.00e-01
i: 124400, t:  295763.1 s, ωt:  29.58 (4.71 periods), wall: 17.206 minutes, Δt:   2.07, CFL: 9.00e-01
i: 124500, t:  295948.9 s, ωt:  29.59 (4.71 periods), wall: 17.218 minutes, Δt:   1.80, CFL: 9.00e-01
i: 124600, t:  296107.3 s, ωt:  29.61 (4.71 periods), wall: 17.229 minutes, Δt:   1.77, CFL: 9.00e-01
i: 124700, t:  296270.2 s, ωt:  29.63 (4.72 periods), wall: 17.242 minutes, Δt:   1.71, CFL: 9.00e-01
i: 124800, t:  296434.2 s, ωt:  29.64 (4.72 periods), wall: 17.253 minutes, Δt:   1.74, CFL: 9.00e-01
i: 124900, t:  296599.3 s, ωt:  29.66 (4.72 periods), wall: 17.265 minutes, Δt:   1.37, CFL: 9.00e-01
i: 125000, t:  296735.4 s, ωt:  29.67 (4.72 periods), wall: 17.275 minutes, Δt:   1.51, CFL: 9.00e-01
i: 125100, t:  296895.6 s, ωt:  29.69 (4.73 periods), wall: 17.288 minutes, Δt:   1.52, CFL: 9.00e-01
i: 125200, t:  297036.8 s, ωt:  29.70 (4.73 periods), wall: 17.299 minutes, Δt:   1.48, CFL: 9.00e-01
i: 125300, t:  297194.5 s, ωt:  29.72 (4.73 periods), wall: 17.310 minutes, Δt:   1.76, CFL: 9.00e-01
i: 125400, t:  297368.3 s, ωt:  29.74 (4.73 periods), wall: 17.327 minutes, Δt:   1.74, CFL: 9.00e-01
i: 125500, t:  297534.4 s, ωt:  29.75 (4.74 periods), wall: 17.342 minutes, Δt:   1.49, CFL: 9.00e-01
i: 125600, t:  297675.6 s, ωt:  29.77 (4.74 periods), wall: 17.353 minutes, Δt:   1.33, CFL: 9.00e-01
i: 125700, t:  297831.6 s, ωt:  29.78 (4.74 periods), wall: 17.365 minutes, Δt:   1.73, CFL: 9.00e-01
i: 125800, t:  297995.6 s, ωt:  29.80 (4.74 periods), wall: 17.376 minutes, Δt:   1.58, CFL: 9.00e-01
i: 125900, t:  298167.1 s, ωt:  29.82 (4.75 periods), wall: 17.388 minutes, Δt:   1.73, CFL: 9.00e-01
i: 126000, t:  298334.8 s, ωt:  29.83 (4.75 periods), wall: 17.399 minutes, Δt:   1.71, CFL: 9.00e-01
i: 126100, t:  298495.3 s, ωt:  29.85 (4.75 periods), wall: 17.412 minutes, Δt:   1.65, CFL: 9.00e-01
i: 126200, t:  298657.5 s, ωt:  29.87 (4.75 periods), wall: 17.422 minutes, Δt:   1.65, CFL: 9.00e-01
i: 126300, t:  298814.2 s, ωt:  29.88 (4.76 periods), wall: 17.435 minutes, Δt:   1.59, CFL: 9.00e-01
i: 126400, t:  298976.1 s, ωt:  29.90 (4.76 periods), wall: 17.446 minutes, Δt:   1.66, CFL: 9.00e-01
i: 126500, t:  299148.6 s, ωt:  29.91 (4.76 periods), wall: 17.459 minutes, Δt:   1.53, CFL: 9.00e-01
i: 126600, t:  299316.6 s, ωt:  29.93 (4.76 periods), wall: 17.470 minutes, Δt:   1.98, CFL: 9.00e-01
i: 126700, t:  299489.0 s, ωt:  29.95 (4.77 periods), wall: 17.482 minutes, Δt:   1.65, CFL: 9.00e-01
i: 126800, t:  299654.9 s, ωt:  29.97 (4.77 periods), wall: 17.493 minutes, Δt:   1.65, CFL: 9.00e-01
i: 126900, t:  299836.3 s, ωt:  29.98 (4.77 periods), wall: 17.507 minutes, Δt:   1.52, CFL: 9.00e-01
i: 127000, t:  300005.2 s, ωt:  30.00 (4.77 periods), wall: 17.518 minutes, Δt:   1.90, CFL: 9.00e-01
i: 127100, t:  300167.1 s, ωt:  30.02 (4.78 periods), wall: 17.530 minutes, Δt:   1.93, CFL: 9.00e-01
i: 127200, t:  300339.6 s, ωt:  30.03 (4.78 periods), wall: 17.543 minutes, Δt:   1.70, CFL: 9.00e-01
i: 127300, t:  300493.4 s, ωt:  30.05 (4.78 periods), wall: 17.553 minutes, Δt:   1.75, CFL: 9.00e-01
i: 127400, t:  300665.0 s, ωt:  30.07 (4.79 periods), wall: 17.566 minutes, Δt:   1.69, CFL: 9.00e-01
i: 127500, t:  300825.0 s, ωt:  30.08 (4.79 periods), wall: 17.577 minutes, Δt:   1.62, CFL: 9.00e-01
i: 127600, t:  300992.0 s, ωt:  30.10 (4.79 periods), wall: 17.589 minutes, Δt:   1.81, CFL: 9.00e-01
i: 127700, t:  301160.6 s, ωt:  30.12 (4.79 periods), wall: 17.600 minutes, Δt:   1.31, CFL: 9.00e-01
i: 127800, t:  301315.9 s, ωt:  30.13 (4.80 periods), wall: 17.615 minutes, Δt:   1.55, CFL: 9.00e-01
i: 127900, t:  301480.3 s, ωt:  30.15 (4.80 periods), wall: 17.625 minutes, Δt:   1.81, CFL: 9.00e-01
i: 128000, t:  301649.9 s, ωt:  30.16 (4.80 periods), wall: 17.641 minutes, Δt:   1.68, CFL: 9.00e-01
i: 128100, t:  301816.1 s, ωt:  30.18 (4.80 periods), wall: 17.651 minutes, Δt:   1.61, CFL: 9.00e-01
i: 128200, t:  301990.1 s, ωt:  30.20 (4.81 periods), wall: 17.665 minutes, Δt:   1.71, CFL: 9.00e-01
i: 128300, t:  302153.6 s, ωt:  30.22 (4.81 periods), wall: 17.676 minutes, Δt:   1.68, CFL: 9.00e-01
i: 128400, t:  302333.4 s, ωt:  30.23 (4.81 periods), wall: 17.688 minutes, Δt:   1.74, CFL: 9.00e-01
i: 128500, t:  302501.7 s, ωt:  30.25 (4.81 periods), wall: 17.699 minutes, Δt:   1.83, CFL: 9.00e-01
i: 128600, t:  302684.7 s, ωt:  30.27 (4.82 periods), wall: 17.711 minutes, Δt:   1.56, CFL: 9.00e-01
i: 128700, t:  302849.5 s, ωt:  30.28 (4.82 periods), wall: 17.722 minutes, Δt:   1.59, CFL: 9.00e-01
i: 128800, t:  303038.3 s, ωt:  30.30 (4.82 periods), wall: 17.735 minutes, Δt:   1.99, CFL: 9.00e-01
i: 128900, t:  303218.9 s, ωt:  30.32 (4.83 periods), wall: 17.748 minutes, Δt:   1.79, CFL: 9.00e-01
i: 129000, t:  303393.7 s, ωt:  30.34 (4.83 periods), wall: 17.759 minutes, Δt:   1.82, CFL: 9.00e-01
i: 129100, t:  303575.1 s, ωt:  30.36 (4.83 periods), wall: 17.772 minutes, Δt:   1.89, CFL: 9.00e-01
i: 129200, t:  303754.8 s, ωt:  30.38 (4.83 periods), wall: 17.783 minutes, Δt:   2.08, CFL: 9.00e-01
i: 129300, t:  303945.7 s, ωt:  30.39 (4.84 periods), wall: 17.796 minutes, Δt:   2.05, CFL: 9.00e-01
i: 129400, t:  304135.4 s, ωt:  30.41 (4.84 periods), wall: 17.809 minutes, Δt:   1.92, CFL: 9.00e-01
i: 129500, t:  304321.2 s, ωt:  30.43 (4.84 periods), wall: 17.820 minutes, Δt:   1.59, CFL: 9.00e-01
i: 129600, t:  304503.4 s, ωt:  30.45 (4.85 periods), wall: 17.834 minutes, Δt:   1.68, CFL: 9.00e-01
i: 129700, t:  304701.6 s, ωt:  30.47 (4.85 periods), wall: 17.845 minutes, Δt:   2.00, CFL: 9.00e-01
i: 129800, t:  304902.9 s, ωt:  30.49 (4.85 periods), wall: 17.858 minutes, Δt:   2.11, CFL: 9.00e-01
i: 129900, t:  305097.7 s, ωt:  30.51 (4.86 periods), wall: 17.872 minutes, Δt:   2.02, CFL: 9.00e-01
i: 130000, t:  305279.8 s, ωt:  30.53 (4.86 periods), wall: 17.883 minutes, Δt:   2.49, CFL: 9.00e-01
i: 130100, t:  305501.8 s, ωt:  30.55 (4.86 periods), wall: 17.896 minutes, Δt:   2.15, CFL: 9.00e-01
i: 130200, t:  305718.2 s, ωt:  30.57 (4.87 periods), wall: 17.908 minutes, Δt:   1.60, CFL: 9.00e-01
i: 130300, t:  305882.2 s, ωt:  30.59 (4.87 periods), wall: 17.919 minutes, Δt:   1.72, CFL: 9.00e-01
i: 130400, t:  306087.7 s, ωt:  30.61 (4.87 periods), wall: 17.932 minutes, Δt:   2.51, CFL: 9.00e-01
i: 130500, t:  306303.7 s, ωt:  30.63 (4.87 periods), wall: 17.943 minutes, Δt:   2.45, CFL: 9.00e-01
i: 130600, t:  306552.9 s, ωt:  30.66 (4.88 periods), wall: 17.955 minutes, Δt:   2.49, CFL: 9.00e-01
i: 130700, t:  306792.5 s, ωt:  30.68 (4.88 periods), wall: 17.967 minutes, Δt:   2.40, CFL: 9.00e-01
i: 130800, t:  307044.4 s, ωt:  30.70 (4.89 periods), wall: 17.980 minutes, Δt:   2.68, CFL: 9.00e-01
i: 130900, t:  307285.6 s, ωt:  30.73 (4.89 periods), wall: 17.992 minutes, Δt:   2.61, CFL: 9.00e-01
i: 131000, t:  307561.0 s, ωt:  30.76 (4.89 periods), wall: 18.003 minutes, Δt:   2.78, CFL: 9.00e-01
i: 131100, t:  307804.6 s, ωt:  30.78 (4.90 periods), wall: 18.016 minutes, Δt:   2.46, CFL: 9.00e-01
i: 131200, t:  308075.4 s, ωt:  30.81 (4.90 periods), wall: 18.028 minutes, Δt:   2.74, CFL: 9.00e-01
i: 131300, t:  308335.9 s, ωt:  30.83 (4.91 periods), wall: 18.042 minutes, Δt:   2.63, CFL: 9.00e-01
i: 131400, t:  308643.2 s, ωt:  30.86 (4.91 periods), wall: 18.054 minutes, Δt:   2.89, CFL: 9.00e-01
i: 131500, t:  308907.0 s, ωt:  30.89 (4.92 periods), wall: 18.069 minutes, Δt:   3.06, CFL: 9.00e-01
i: 131600, t:  309202.5 s, ωt:  30.92 (4.92 periods), wall: 18.081 minutes, Δt:   2.89, CFL: 9.00e-01
i: 131700, t:  309499.8 s, ωt:  30.95 (4.93 periods), wall: 18.093 minutes, Δt:   3.21, CFL: 9.00e-01
i: 131800, t:  309817.7 s, ωt:  30.98 (4.93 periods), wall: 18.105 minutes, Δt:   3.33, CFL: 9.00e-01
i: 131900, t:  310128.3 s, ωt:  31.01 (4.94 periods), wall: 18.117 minutes, Δt:   3.16, CFL: 9.00e-01
i: 132000, t:  310462.4 s, ωt:  31.05 (4.94 periods), wall: 18.129 minutes, Δt:   3.81, CFL: 9.00e-01
i: 132100, t:  310774.8 s, ωt:  31.08 (4.95 periods), wall: 18.141 minutes, Δt:   3.07, CFL: 9.00e-01
i: 132200, t:  311117.5 s, ωt:  31.11 (4.95 periods), wall: 18.153 minutes, Δt:   3.17, CFL: 9.00e-01
i: 132300, t:  311502.5 s, ωt:  31.15 (4.96 periods), wall: 18.165 minutes, Δt:   3.92, CFL: 9.00e-01
i: 132400, t:  311929.8 s, ωt:  31.19 (4.96 periods), wall: 18.178 minutes, Δt:   4.39, CFL: 9.00e-01
i: 132500, t:  312379.9 s, ωt:  31.24 (4.97 periods), wall: 18.192 minutes, Δt:   5.26, CFL: 9.00e-01
i: 132600, t:  312892.7 s, ωt:  31.29 (4.98 periods), wall: 18.205 minutes, Δt:   5.71, CFL: 9.00e-01
i: 132700, t:  313568.0 s, ωt:  31.36 (4.99 periods), wall: 18.220 minutes, Δt:   5.36, CFL: 9.00e-01
i: 132800, t:  314185.7 s, ωt:  31.42 (5.00 periods), wall: 18.248 minutes, Δt:   6.34, CFL: 8.09e-01
i: 132900, t:  314839.3 s, ωt:  31.48 (5.01 periods), wall: 18.267 minutes, Δt:   5.48, CFL: 9.00e-01
i: 133000, t:  315456.2 s, ωt:  31.55 (5.02 periods), wall: 18.283 minutes, Δt:   6.74, CFL: 9.00e-01
i: 133100, t:  316068.7 s, ωt:  31.61 (5.03 periods), wall: 18.295 minutes, Δt:   5.90, CFL: 9.00e-01
i: 133200, t:  316666.3 s, ωt:  31.67 (5.04 periods), wall: 18.307 minutes, Δt:   5.93, CFL: 9.00e-01
i: 133300, t:  317152.8 s, ωt:  31.72 (5.05 periods), wall: 18.323 minutes, Δt:   4.53, CFL: 9.00e-01
i: 133400, t:  317582.3 s, ωt:  31.76 (5.05 periods), wall: 18.335 minutes, Δt:   4.71, CFL: 9.00e-01
i: 133500, t:  318029.3 s, ωt:  31.80 (5.06 periods), wall: 18.348 minutes, Δt:   3.60, CFL: 9.00e-01
i: 133600, t:  318435.6 s, ωt:  31.84 (5.07 periods), wall: 18.360 minutes, Δt:   3.28, CFL: 9.00e-01
i: 133700, t:  318763.3 s, ωt:  31.88 (5.07 periods), wall: 18.373 minutes, Δt:   3.73, CFL: 9.00e-01
i: 133800, t:  319089.1 s, ωt:  31.91 (5.08 periods), wall: 18.388 minutes, Δt:   2.64, CFL: 9.00e-01
i: 133900, t:  319407.8 s, ωt:  31.94 (5.08 periods), wall: 18.400 minutes, Δt:   3.24, CFL: 9.00e-01
i: 134000, t:  319706.4 s, ωt:  31.97 (5.09 periods), wall: 18.413 minutes, Δt:   3.24, CFL: 9.00e-01
i: 134100, t:  319993.0 s, ωt:  32.00 (5.09 periods), wall: 18.426 minutes, Δt:   2.56, CFL: 9.00e-01
i: 134200, t:  320255.4 s, ωt:  32.03 (5.10 periods), wall: 18.438 minutes, Δt:   2.65, CFL: 9.00e-01
i: 134300, t:  320536.0 s, ωt:  32.05 (5.10 periods), wall: 18.450 minutes, Δt:   2.41, CFL: 9.00e-01
i: 134400, t:  320785.8 s, ωt:  32.08 (5.11 periods), wall: 18.464 minutes, Δt:   2.61, CFL: 9.00e-01
i: 134500, t:  321039.6 s, ωt:  32.10 (5.11 periods), wall: 18.475 minutes, Δt:   2.29, CFL: 9.00e-01
i: 134600, t:  321283.9 s, ωt:  32.13 (5.11 periods), wall: 18.489 minutes, Δt:   2.12, CFL: 9.00e-01
i: 134700, t:  321525.9 s, ωt:  32.15 (5.12 periods), wall: 18.501 minutes, Δt:   2.42, CFL: 9.00e-01
i: 134800, t:  321763.1 s, ωt:  32.18 (5.12 periods), wall: 18.513 minutes, Δt:   2.43, CFL: 9.00e-01
i: 134900, t:  321989.4 s, ωt:  32.20 (5.12 periods), wall: 18.524 minutes, Δt:   2.08, CFL: 9.00e-01
i: 135000, t:  322229.0 s, ωt:  32.22 (5.13 periods), wall: 18.537 minutes, Δt:   2.52, CFL: 9.00e-01
i: 135100, t:  322444.0 s, ωt:  32.24 (5.13 periods), wall: 18.549 minutes, Δt:   2.21, CFL: 9.00e-01
i: 135200, t:  322666.8 s, ωt:  32.27 (5.14 periods), wall: 18.561 minutes, Δt:   2.36, CFL: 9.00e-01
i: 135300, t:  322870.2 s, ωt:  32.29 (5.14 periods), wall: 18.572 minutes, Δt:   2.23, CFL: 9.00e-01
i: 135400, t:  323080.7 s, ωt:  32.31 (5.14 periods), wall: 18.584 minutes, Δt:   2.21, CFL: 9.00e-01
i: 135500, t:  323294.1 s, ωt:  32.33 (5.15 periods), wall: 18.597 minutes, Δt:   2.05, CFL: 9.00e-01
i: 135600, t:  323496.7 s, ωt:  32.35 (5.15 periods), wall: 18.607 minutes, Δt:   2.24, CFL: 9.00e-01
i: 135700, t:  323714.9 s, ωt:  32.37 (5.15 periods), wall: 18.620 minutes, Δt:   2.15, CFL: 9.00e-01
i: 135800, t:  323917.3 s, ωt:  32.39 (5.16 periods), wall: 18.632 minutes, Δt:   2.14, CFL: 9.00e-01
i: 135900, t:  324121.2 s, ωt:  32.41 (5.16 periods), wall: 18.643 minutes, Δt:   1.99, CFL: 9.00e-01
i: 136000, t:  324320.2 s, ωt:  32.43 (5.16 periods), wall: 18.656 minutes, Δt:   2.01, CFL: 9.00e-01
i: 136100, t:  324510.8 s, ωt:  32.45 (5.16 periods), wall: 18.666 minutes, Δt:   1.79, CFL: 9.00e-01
i: 136200, t:  324703.9 s, ωt:  32.47 (5.17 periods), wall: 18.679 minutes, Δt:   1.98, CFL: 9.00e-01
i: 136300, t:  324882.6 s, ωt:  32.49 (5.17 periods), wall: 18.692 minutes, Δt:   1.98, CFL: 9.00e-01
i: 136400, t:  325068.6 s, ωt:  32.51 (5.17 periods), wall: 18.703 minutes, Δt:   1.86, CFL: 9.00e-01
i: 136500, t:  325251.7 s, ωt:  32.53 (5.18 periods), wall: 18.715 minutes, Δt:   1.73, CFL: 9.00e-01
i: 136600, t:  325423.3 s, ωt:  32.54 (5.18 periods), wall: 18.726 minutes, Δt:   1.81, CFL: 9.00e-01
i: 136700, t:  325592.2 s, ωt:  32.56 (5.18 periods), wall: 18.739 minutes, Δt:   1.68, CFL: 9.00e-01
i: 136800, t:  325766.8 s, ωt:  32.58 (5.18 periods), wall: 18.750 minutes, Δt:   1.73, CFL: 9.00e-01
i: 136900, t:  325941.9 s, ωt:  32.59 (5.19 periods), wall: 18.763 minutes, Δt:   1.44, CFL: 9.00e-01
i: 137000, t:  326105.3 s, ωt:  32.61 (5.19 periods), wall: 18.775 minutes, Δt:   2.09, CFL: 9.00e-01
i: 137100, t:  326283.7 s, ωt:  32.63 (5.19 periods), wall: 18.786 minutes, Δt:   1.56, CFL: 9.00e-01
i: 137200, t:  326453.9 s, ωt:  32.65 (5.20 periods), wall: 18.803 minutes, Δt:   1.67, CFL: 9.00e-01
i: 137300, t:  326625.3 s, ωt:  32.66 (5.20 periods), wall: 18.814 minutes, Δt:   1.70, CFL: 9.00e-01
i: 137400, t:  326783.6 s, ωt:  32.68 (5.20 periods), wall: 18.831 minutes, Δt:   1.87, CFL: 8.42e-01
i: 137500, t:  326961.7 s, ωt:  32.70 (5.20 periods), wall: 18.842 minutes, Δt:   2.00, CFL: 9.00e-01
i: 137600, t:  327135.4 s, ωt:  32.71 (5.21 periods), wall: 18.854 minutes, Δt:   1.82, CFL: 9.00e-01
i: 137700, t:  327306.4 s, ωt:  32.73 (5.21 periods), wall: 18.865 minutes, Δt:   1.71, CFL: 9.00e-01
i: 137800, t:  327480.5 s, ωt:  32.75 (5.21 periods), wall: 18.879 minutes, Δt:   1.65, CFL: 9.00e-01
i: 137900, t:  327656.1 s, ωt:  32.77 (5.21 periods), wall: 18.890 minutes, Δt:   1.56, CFL: 9.00e-01
i: 138000, t:  327811.3 s, ωt:  32.78 (5.22 periods), wall: 18.902 minutes, Δt:   1.50, CFL: 9.00e-01
i: 138100, t:  327968.6 s, ωt:  32.80 (5.22 periods), wall: 18.913 minutes, Δt:   1.75, CFL: 9.00e-01
i: 138200, t:  328145.1 s, ωt:  32.81 (5.22 periods), wall: 18.926 minutes, Δt:   1.47, CFL: 9.00e-01
i: 138300, t:  328309.4 s, ωt:  32.83 (5.23 periods), wall: 18.939 minutes, Δt:   1.65, CFL: 9.00e-01
i: 138400, t:  328482.5 s, ωt:  32.85 (5.23 periods), wall: 18.949 minutes, Δt:   1.54, CFL: 9.00e-01
i: 138500, t:  328646.1 s, ωt:  32.86 (5.23 periods), wall: 18.963 minutes, Δt:   1.77, CFL: 9.00e-01
i: 138600, t:  328827.5 s, ωt:  32.88 (5.23 periods), wall: 18.974 minutes, Δt:   1.52, CFL: 9.00e-01
i: 138700, t:  328980.0 s, ωt:  32.90 (5.24 periods), wall: 18.986 minutes, Δt:   1.57, CFL: 9.00e-01
i: 138800, t:  329142.6 s, ωt:  32.91 (5.24 periods), wall: 18.997 minutes, Δt:   1.61, CFL: 9.00e-01
i: 138900, t:  329311.2 s, ωt:  32.93 (5.24 periods), wall: 19.009 minutes, Δt:   1.73, CFL: 9.00e-01
i: 139000, t:  329476.2 s, ωt:  32.95 (5.24 periods), wall: 19.020 minutes, Δt:   1.69, CFL: 9.00e-01
i: 139100, t:  329643.4 s, ωt:  32.96 (5.25 periods), wall: 19.033 minutes, Δt:   1.65, CFL: 9.00e-01
i: 139200, t:  329805.7 s, ωt:  32.98 (5.25 periods), wall: 19.043 minutes, Δt:   1.66, CFL: 9.00e-01
i: 139300, t:  329978.8 s, ωt:  33.00 (5.25 periods), wall: 19.056 minutes, Δt:   1.74, CFL: 9.00e-01
i: 139400, t:  330150.9 s, ωt:  33.02 (5.25 periods), wall: 19.067 minutes, Δt:   1.42, CFL: 9.00e-01
i: 139500, t:  330309.0 s, ωt:  33.03 (5.26 periods), wall: 19.079 minutes, Δt:   1.86, CFL: 9.00e-01
i: 139600, t:  330489.0 s, ωt:  33.05 (5.26 periods), wall: 19.090 minutes, Δt:   1.60, CFL: 9.00e-01
i: 139700, t:  330662.0 s, ωt:  33.07 (5.26 periods), wall: 19.104 minutes, Δt:   1.63, CFL: 9.00e-01
i: 139800, t:  330839.7 s, ωt:  33.08 (5.27 periods), wall: 19.117 minutes, Δt:   1.56, CFL: 9.00e-01
i: 139900, t:  331004.2 s, ωt:  33.10 (5.27 periods), wall: 19.128 minutes, Δt:   1.61, CFL: 9.00e-01
i: 140000, t:  331177.4 s, ωt:  33.12 (5.27 periods), wall: 19.142 minutes, Δt:   1.60, CFL: 9.00e-01
i: 140100, t:  331341.7 s, ωt:  33.13 (5.27 periods), wall: 19.153 minutes, Δt:   1.82, CFL: 9.00e-01
i: 140200, t:  331518.1 s, ωt:  33.15 (5.28 periods), wall: 19.167 minutes, Δt:   1.75, CFL: 9.00e-01
i: 140300, t:  331698.4 s, ωt:  33.17 (5.28 periods), wall: 19.178 minutes, Δt:   1.83, CFL: 9.00e-01
i: 140400, t:  331852.3 s, ωt:  33.19 (5.28 periods), wall: 19.191 minutes, Δt:   1.68, CFL: 9.00e-01
i: 140500, t:  332033.8 s, ωt:  33.20 (5.28 periods), wall: 19.202 minutes, Δt:   1.66, CFL: 9.00e-01
i: 140600, t:  332224.8 s, ωt:  33.22 (5.29 periods), wall: 19.215 minutes, Δt:   1.81, CFL: 9.00e-01
i: 140700, t:  332401.3 s, ωt:  33.24 (5.29 periods), wall: 19.228 minutes, Δt:   1.77, CFL: 9.00e-01
i: 140800, t:  332576.8 s, ωt:  33.26 (5.29 periods), wall: 19.239 minutes, Δt:   1.61, CFL: 9.00e-01
i: 140900, t:  332748.8 s, ωt:  33.27 (5.30 periods), wall: 19.251 minutes, Δt:   1.83, CFL: 9.00e-01
i: 141000, t:  332919.3 s, ωt:  33.29 (5.30 periods), wall: 19.262 minutes, Δt:   1.51, CFL: 9.00e-01
i: 141100, t:  333080.4 s, ωt:  33.31 (5.30 periods), wall: 19.275 minutes, Δt:   1.57, CFL: 9.00e-01
i: 141200, t:  333256.5 s, ωt:  33.33 (5.30 periods), wall: 19.286 minutes, Δt:   1.68, CFL: 9.00e-01
i: 141300, t:  333426.0 s, ωt:  33.34 (5.31 periods), wall: 19.298 minutes, Δt:   1.99, CFL: 9.00e-01
i: 141400, t:  333606.8 s, ωt:  33.36 (5.31 periods), wall: 19.309 minutes, Δt:   1.54, CFL: 9.00e-01
i: 141500, t:  333783.9 s, ωt:  33.38 (5.31 periods), wall: 19.322 minutes, Δt:   1.95, CFL: 9.00e-01
i: 141600, t:  333956.7 s, ωt:  33.40 (5.32 periods), wall: 19.335 minutes, Δt:   1.94, CFL: 9.00e-01
i: 141700, t:  334144.1 s, ωt:  33.41 (5.32 periods), wall: 19.346 minutes, Δt:   2.01, CFL: 9.00e-01
i: 141800, t:  334324.2 s, ωt:  33.43 (5.32 periods), wall: 19.360 minutes, Δt:   1.50, CFL: 9.00e-01
i: 141900, t:  334509.0 s, ωt:  33.45 (5.32 periods), wall: 19.371 minutes, Δt:   1.76, CFL: 9.00e-01
i: 142000, t:  334684.9 s, ωt:  33.47 (5.33 periods), wall: 19.384 minutes, Δt:   1.96, CFL: 9.00e-01
i: 142100, t:  334851.1 s, ωt:  33.49 (5.33 periods), wall: 19.395 minutes, Δt:   2.12, CFL: 8.93e-01
i: 142200, t:  335029.4 s, ωt:  33.50 (5.33 periods), wall: 19.407 minutes, Δt:   2.06, CFL: 9.00e-01
i: 142300, t:  335221.6 s, ωt:  33.52 (5.34 periods), wall: 19.422 minutes, Δt:   2.20, CFL: 9.00e-01
i: 142400, t:  335429.4 s, ωt:  33.54 (5.34 periods), wall: 19.432 minutes, Δt:   1.93, CFL: 9.00e-01
i: 142500, t:  335615.6 s, ωt:  33.56 (5.34 periods), wall: 19.445 minutes, Δt:   1.87, CFL: 9.00e-01
i: 142600, t:  335811.4 s, ωt:  33.58 (5.34 periods), wall: 19.456 minutes, Δt:   2.01, CFL: 9.00e-01
i: 142700, t:  336016.0 s, ωt:  33.60 (5.35 periods), wall: 19.468 minutes, Δt:   2.15, CFL: 9.00e-01
i: 142800, t:  336237.5 s, ωt:  33.62 (5.35 periods), wall: 19.480 minutes, Δt:   1.97, CFL: 9.00e-01
i: 142900, t:  336447.5 s, ωt:  33.64 (5.35 periods), wall: 19.491 minutes, Δt:   1.96, CFL: 9.00e-01
i: 143000, t:  336639.6 s, ωt:  33.66 (5.36 periods), wall: 19.503 minutes, Δt:   1.96, CFL: 9.00e-01
i: 143100, t:  336837.1 s, ωt:  33.68 (5.36 periods), wall: 19.516 minutes, Δt:   2.01, CFL: 9.00e-01
i: 143200, t:  337053.8 s, ωt:  33.71 (5.36 periods), wall: 19.526 minutes, Δt:   2.02, CFL: 9.00e-01
i: 143300, t:  337236.1 s, ωt:  33.72 (5.37 periods), wall: 19.539 minutes, Δt:   2.02, CFL: 9.00e-01
i: 143400, t:  337425.8 s, ωt:  33.74 (5.37 periods), wall: 19.553 minutes, Δt:   2.03, CFL: 9.00e-01
i: 143500, t:  337612.7 s, ωt:  33.76 (5.37 periods), wall: 19.564 minutes, Δt:   2.13, CFL: 9.00e-01
i: 143600, t:  337846.0 s, ωt:  33.78 (5.38 periods), wall: 19.576 minutes, Δt:   2.34, CFL: 9.00e-01
i: 143700, t:  338039.3 s, ωt:  33.80 (5.38 periods), wall: 19.588 minutes, Δt:   2.17, CFL: 9.00e-01
i: 143800, t:  338249.0 s, ωt:  33.82 (5.38 periods), wall: 19.599 minutes, Δt:   2.39, CFL: 9.00e-01
i: 143900, t:  338499.5 s, ωt:  33.85 (5.39 periods), wall: 19.611 minutes, Δt:   2.65, CFL: 9.00e-01
i: 144000, t:  338759.4 s, ωt:  33.88 (5.39 periods), wall: 19.624 minutes, Δt:   2.71, CFL: 9.00e-01
i: 144100, t:  339020.0 s, ωt:  33.90 (5.40 periods), wall: 19.638 minutes, Δt:   2.29, CFL: 9.00e-01
i: 144200, t:  339283.5 s, ωt:  33.93 (5.40 periods), wall: 19.649 minutes, Δt:   2.86, CFL: 9.00e-01
i: 144300, t:  339552.6 s, ωt:  33.96 (5.40 periods), wall: 19.661 minutes, Δt:   2.66, CFL: 9.00e-01
i: 144400, t:  339818.7 s, ωt:  33.98 (5.41 periods), wall: 19.673 minutes, Δt:   3.04, CFL: 9.00e-01
i: 144500, t:  340116.6 s, ωt:  34.01 (5.41 periods), wall: 19.686 minutes, Δt:   3.33, CFL: 9.00e-01
i: 144600, t:  340454.9 s, ωt:  34.05 (5.42 periods), wall: 19.698 minutes, Δt:   3.47, CFL: 9.00e-01
i: 144700, t:  340769.6 s, ωt:  34.08 (5.42 periods), wall: 19.710 minutes, Δt:   3.20, CFL: 9.00e-01
i: 144800, t:  341078.1 s, ωt:  34.11 (5.43 periods), wall: 19.723 minutes, Δt:   3.19, CFL: 9.00e-01
i: 144900, t:  341384.6 s, ωt:  34.14 (5.43 periods), wall: 19.739 minutes, Δt:   3.75, CFL: 9.00e-01
i: 145000, t:  341739.0 s, ωt:  34.17 (5.44 periods), wall: 19.752 minutes, Δt:   3.15, CFL: 9.00e-01
i: 145100, t:  342095.8 s, ωt:  34.21 (5.44 periods), wall: 19.766 minutes, Δt:   3.43, CFL: 9.00e-01
i: 145200, t:  342442.6 s, ωt:  34.24 (5.45 periods), wall: 19.781 minutes, Δt:   3.32, CFL: 9.00e-01
i: 145300, t:  342815.5 s, ωt:  34.28 (5.46 periods), wall: 19.795 minutes, Δt:   4.18, CFL: 9.00e-01
i: 145400, t:  343218.4 s, ωt:  34.32 (5.46 periods), wall: 19.809 minutes, Δt:   3.21, CFL: 9.00e-01
i: 145500, t:  343624.8 s, ωt:  34.36 (5.47 periods), wall: 19.821 minutes, Δt:   4.27, CFL: 9.00e-01
i: 145600, t:  344064.9 s, ωt:  34.41 (5.48 periods), wall: 19.836 minutes, Δt:   5.85, CFL: 9.00e-01
i: 145700, t:  344609.9 s, ωt:  34.46 (5.48 periods), wall: 19.851 minutes, Δt:   5.76, CFL: 9.00e-01
i: 145800, t:  345267.5 s, ωt:  34.53 (5.50 periods), wall: 19.873 minutes, Δt:   6.52, CFL: 9.00e-01
i: 145900, t:  346002.6 s, ωt:  34.60 (5.51 periods), wall: 19.908 minutes, Δt:   8.03, CFL: 9.00e-01
i: 146000, t:  346759.4 s, ωt:  34.68 (5.52 periods), wall: 19.927 minutes, Δt:   6.74, CFL: 9.00e-01
i: 146100, t:  347412.8 s, ωt:  34.74 (5.53 periods), wall: 19.947 minutes, Δt:   6.09, CFL: 9.00e-01
i: 146200, t:  348014.7 s, ωt:  34.80 (5.54 periods), wall: 19.970 minutes, Δt:   5.95, CFL: 9.00e-01
i: 146300, t:  348530.1 s, ωt:  34.85 (5.55 periods), wall: 19.986 minutes, Δt:   4.98, CFL: 9.00e-01
i: 146400, t:  349015.8 s, ωt:  34.90 (5.55 periods), wall: 19.999 minutes, Δt:   4.54, CFL: 9.00e-01
i: 146500, t:  349466.0 s, ωt:  34.95 (5.56 periods), wall: 20.017 minutes, Δt:   4.36, CFL: 9.00e-01
i: 146600, t:  349880.8 s, ωt:  34.99 (5.57 periods), wall: 20.030 minutes, Δt:   3.72, CFL: 9.00e-01
i: 146700, t:  350232.5 s, ωt:  35.02 (5.57 periods), wall: 20.042 minutes, Δt:   2.96, CFL: 9.00e-01
i: 146800, t:  350554.5 s, ωt:  35.06 (5.58 periods), wall: 20.057 minutes, Δt:   3.07, CFL: 9.00e-01
i: 146900, t:  350865.8 s, ωt:  35.09 (5.58 periods), wall: 20.071 minutes, Δt:   3.21, CFL: 9.00e-01
i: 147000, t:  351141.2 s, ωt:  35.11 (5.59 periods), wall: 20.083 minutes, Δt:   2.89, CFL: 9.00e-01
i: 147100, t:  351406.3 s, ωt:  35.14 (5.59 periods), wall: 20.096 minutes, Δt:   2.75, CFL: 9.00e-01
i: 147200, t:  351668.7 s, ωt:  35.17 (5.60 periods), wall: 20.109 minutes, Δt:   2.79, CFL: 9.00e-01
i: 147300, t:  351927.9 s, ωt:  35.19 (5.60 periods), wall: 20.123 minutes, Δt:   2.65, CFL: 9.00e-01
i: 147400, t:  352172.5 s, ωt:  35.22 (5.60 periods), wall: 20.134 minutes, Δt:   2.42, CFL: 9.00e-01
i: 147500, t:  352409.4 s, ωt:  35.24 (5.61 periods), wall: 20.149 minutes, Δt:   2.36, CFL: 9.00e-01
i: 147600, t:  352661.2 s, ωt:  35.27 (5.61 periods), wall: 20.163 minutes, Δt:   2.52, CFL: 9.00e-01
i: 147700, t:  352881.6 s, ωt:  35.29 (5.62 periods), wall: 20.176 minutes, Δt:   2.19, CFL: 9.00e-01
i: 147800, t:  353105.4 s, ωt:  35.31 (5.62 periods), wall: 20.187 minutes, Δt:   2.12, CFL: 9.00e-01
i: 147900, t:  353323.7 s, ωt:  35.33 (5.62 periods), wall: 20.199 minutes, Δt:   2.48, CFL: 9.00e-01
i: 148000, t:  353540.2 s, ωt:  35.35 (5.63 periods), wall: 20.212 minutes, Δt:   2.04, CFL: 9.00e-01
i: 148100, t:  353768.3 s, ωt:  35.38 (5.63 periods), wall: 20.224 minutes, Δt:   2.28, CFL: 9.00e-01
i: 148200, t:  353997.8 s, ωt:  35.40 (5.63 periods), wall: 20.234 minutes, Δt:   2.22, CFL: 9.00e-01
i: 148300, t:  354201.2 s, ωt:  35.42 (5.64 periods), wall: 20.248 minutes, Δt:   1.94, CFL: 9.00e-01
i: 148400, t:  354408.2 s, ωt:  35.44 (5.64 periods), wall: 20.260 minutes, Δt:   1.94, CFL: 9.00e-01
i: 148500, t:  354612.3 s, ωt:  35.46 (5.64 periods), wall: 20.271 minutes, Δt:   1.93, CFL: 9.00e-01
i: 148600, t:  354795.4 s, ωt:  35.48 (5.65 periods), wall: 20.285 minutes, Δt:   1.61, CFL: 9.00e-01
i: 148700, t:  354978.4 s, ωt:  35.50 (5.65 periods), wall: 20.296 minutes, Δt:   2.34, CFL: 9.00e-01
i: 148800, t:  355181.2 s, ωt:  35.52 (5.65 periods), wall: 20.309 minutes, Δt:   2.06, CFL: 9.00e-01
i: 148900, t:  355381.8 s, ωt:  35.54 (5.66 periods), wall: 20.321 minutes, Δt:   2.35, CFL: 9.00e-01
i: 149000, t:  355597.2 s, ωt:  35.56 (5.66 periods), wall: 20.332 minutes, Δt:   2.13, CFL: 9.00e-01
i: 149100, t:  355797.8 s, ωt:  35.58 (5.66 periods), wall: 20.344 minutes, Δt:   1.71, CFL: 9.00e-01
i: 149200, t:  355973.2 s, ωt:  35.60 (5.67 periods), wall: 20.357 minutes, Δt:   1.84, CFL: 9.00e-01
i: 149300, t:  356143.0 s, ωt:  35.61 (5.67 periods), wall: 20.368 minutes, Δt:   1.81, CFL: 9.00e-01
i: 149400, t:  356334.1 s, ωt:  35.63 (5.67 periods), wall: 20.382 minutes, Δt:   1.87, CFL: 9.00e-01
i: 149500, t:  356516.2 s, ωt:  35.65 (5.67 periods), wall: 20.393 minutes, Δt:   1.85, CFL: 9.00e-01
i: 149600, t:  356699.7 s, ωt:  35.67 (5.68 periods), wall: 20.406 minutes, Δt:   1.75, CFL: 9.00e-01
i: 149700, t:  356871.8 s, ωt:  35.69 (5.68 periods), wall: 20.417 minutes, Δt:   1.94, CFL: 9.00e-01
i: 149800, t:  357046.5 s, ωt:  35.70 (5.68 periods), wall: 20.429 minutes, Δt:   1.81, CFL: 9.00e-01
i: 149900, t:  357220.1 s, ωt:  35.72 (5.69 periods), wall: 20.441 minutes, Δt:   1.89, CFL: 9.00e-01
i: 150000, t:  357406.3 s, ωt:  35.74 (5.69 periods), wall: 20.452 minutes, Δt:   1.91, CFL: 9.00e-01
i: 150100, t:  357584.6 s, ωt:  35.76 (5.69 periods), wall: 20.465 minutes, Δt:   1.71, CFL: 9.00e-01
i: 150200, t:  357762.0 s, ωt:  35.78 (5.69 periods), wall: 20.476 minutes, Δt:   1.59, CFL: 9.00e-01
i: 150300, t:  357930.7 s, ωt:  35.79 (5.70 periods), wall: 20.489 minutes, Δt:   1.81, CFL: 9.00e-01
i: 150400, t:  358104.0 s, ωt:  35.81 (5.70 periods), wall: 20.500 minutes, Δt:   1.68, CFL: 9.00e-01
i: 150500, t:  358281.6 s, ωt:  35.83 (5.70 periods), wall: 20.516 minutes, Δt:   1.62, CFL: 9.00e-01
i: 150600, t:  358461.2 s, ωt:  35.85 (5.71 periods), wall: 20.528 minutes, Δt:   1.85, CFL: 9.00e-01
i: 150700, t:  358638.5 s, ωt:  35.86 (5.71 periods), wall: 20.539 minutes, Δt:   1.79, CFL: 9.00e-01
i: 150800, t:  358804.6 s, ωt:  35.88 (5.71 periods), wall: 20.552 minutes, Δt:   1.77, CFL: 9.00e-01
i: 150900, t:  358984.3 s, ωt:  35.90 (5.71 periods), wall: 20.563 minutes, Δt:   1.60, CFL: 9.00e-01
i: 151000, t:  359136.3 s, ωt:  35.91 (5.72 periods), wall: 20.576 minutes, Δt:   1.47, CFL: 9.00e-01
i: 151100, t:  359291.6 s, ωt:  35.93 (5.72 periods), wall: 20.587 minutes, Δt:   1.62, CFL: 9.00e-01
i: 151200, t:  359461.4 s, ωt:  35.95 (5.72 periods), wall: 20.599 minutes, Δt:   1.68, CFL: 9.00e-01
i: 151300, t:  359635.5 s, ωt:  35.96 (5.72 periods), wall: 20.610 minutes, Δt:   1.76, CFL: 9.00e-01
i: 151400, t:  359805.2 s, ωt:  35.98 (5.73 periods), wall: 20.623 minutes, Δt:   1.84, CFL: 9.00e-01
i: 151500, t:  359970.7 s, ωt:  36.00 (5.73 periods), wall: 20.634 minutes, Δt:   1.71, CFL: 9.00e-01
i: 151600, t:  360150.6 s, ωt:  36.02 (5.73 periods), wall: 20.646 minutes, Δt:   1.69, CFL: 9.00e-01
i: 151700, t:  360301.3 s, ωt:  36.03 (5.73 periods), wall: 20.657 minutes, Δt:   1.41, CFL: 9.00e-01
i: 151800, t:  360448.9 s, ωt:  36.04 (5.74 periods), wall: 20.670 minutes, Δt:   1.68, CFL: 9.00e-01
i: 151900, t:  360619.2 s, ωt:  36.06 (5.74 periods), wall: 20.681 minutes, Δt:   1.80, CFL: 9.00e-01
i: 152000, t:  360792.9 s, ωt:  36.08 (5.74 periods), wall: 20.693 minutes, Δt:   1.66, CFL: 9.00e-01
i: 152100, t:  360955.9 s, ωt:  36.10 (5.74 periods), wall: 20.704 minutes, Δt:   1.63, CFL: 9.00e-01
i: 152200, t:  361121.5 s, ωt:  36.11 (5.75 periods), wall: 20.718 minutes, Δt:   1.59, CFL: 9.00e-01
i: 152300, t:  361277.0 s, ωt:  36.13 (5.75 periods), wall: 20.729 minutes, Δt:   1.71, CFL: 9.00e-01
i: 152400, t:  361445.4 s, ωt:  36.14 (5.75 periods), wall: 20.741 minutes, Δt:   1.37, CFL: 9.00e-01
i: 152500, t:  361593.6 s, ωt:  36.16 (5.75 periods), wall: 20.752 minutes, Δt:   1.74, CFL: 9.00e-01
i: 152600, t:  361765.2 s, ωt:  36.18 (5.76 periods), wall: 20.764 minutes, Δt:   1.38, CFL: 9.00e-01
i: 152700, t:  361911.5 s, ωt:  36.19 (5.76 periods), wall: 20.775 minutes, Δt:   1.40, CFL: 9.00e-01
i: 152800, t:  362074.1 s, ωt:  36.21 (5.76 periods), wall: 20.789 minutes, Δt:   1.79, CFL: 9.00e-01
i: 152900, t:  362240.8 s, ωt:  36.22 (5.77 periods), wall: 20.802 minutes, Δt:   1.72, CFL: 9.00e-01
i: 153000, t:  362395.3 s, ωt:  36.24 (5.77 periods), wall: 20.813 minutes, Δt:   1.45, CFL: 9.00e-01
i: 153100, t:  362545.7 s, ωt:  36.25 (5.77 periods), wall: 20.825 minutes, Δt:   1.48, CFL: 9.00e-01
i: 153200, t:  362714.1 s, ωt:  36.27 (5.77 periods), wall: 20.836 minutes, Δt:   1.60, CFL: 9.00e-01
i: 153300, t:  362882.6 s, ωt:  36.29 (5.78 periods), wall: 20.848 minutes, Δt:   1.81, CFL: 9.00e-01
i: 153400, t:  363052.2 s, ωt:  36.31 (5.78 periods), wall: 20.859 minutes, Δt:   1.54, CFL: 9.00e-01
i: 153500, t:  363220.6 s, ωt:  36.32 (5.78 periods), wall: 20.872 minutes, Δt:   1.69, CFL: 9.00e-01
i: 153600, t:  363390.3 s, ωt:  36.34 (5.78 periods), wall: 20.882 minutes, Δt:   1.75, CFL: 9.00e-01
i: 153700, t:  363551.9 s, ωt:  36.36 (5.79 periods), wall: 20.895 minutes, Δt:   1.68, CFL: 9.00e-01
i: 153800, t:  363723.6 s, ωt:  36.37 (5.79 periods), wall: 20.906 minutes, Δt:   1.53, CFL: 9.00e-01
i: 153900, t:  363874.6 s, ωt:  36.39 (5.79 periods), wall: 20.918 minutes, Δt:   1.58, CFL: 9.00e-01
i: 154000, t:  364041.0 s, ωt:  36.40 (5.79 periods), wall: 20.929 minutes, Δt:   1.67, CFL: 9.00e-01
i: 154100, t:  364216.4 s, ωt:  36.42 (5.80 periods), wall: 20.942 minutes, Δt:   1.95, CFL: 9.00e-01
i: 154200, t:  364388.8 s, ωt:  36.44 (5.80 periods), wall: 20.953 minutes, Δt:   1.73, CFL: 9.00e-01
i: 154300, t:  364560.8 s, ωt:  36.46 (5.80 periods), wall: 20.966 minutes, Δt:   1.99, CFL: 9.00e-01
i: 154400, t:  364733.3 s, ωt:  36.47 (5.80 periods), wall: 20.977 minutes, Δt:   1.83, CFL: 9.00e-01
i: 154500, t:  364899.4 s, ωt:  36.49 (5.81 periods), wall: 20.989 minutes, Δt:   1.54, CFL: 9.00e-01
i: 154600, t:  365074.0 s, ωt:  36.51 (5.81 periods), wall: 21.002 minutes, Δt:   1.89, CFL: 9.00e-01
i: 154700, t:  365264.9 s, ωt:  36.53 (5.81 periods), wall: 21.013 minutes, Δt:   1.80, CFL: 9.00e-01
i: 154800, t:  365417.7 s, ωt:  36.54 (5.82 periods), wall: 21.028 minutes, Δt:   1.26, CFL: 9.00e-01
i: 154900, t:  365592.0 s, ωt:  36.56 (5.82 periods), wall: 21.039 minutes, Δt:   1.82, CFL: 9.00e-01
i: 155000, t:  365766.7 s, ωt:  36.58 (5.82 periods), wall: 21.051 minutes, Δt:   1.84, CFL: 9.00e-01
i: 155100, t:  365934.9 s, ωt:  36.59 (5.82 periods), wall: 21.062 minutes, Δt:   1.83, CFL: 9.00e-01
i: 155200, t:  366124.3 s, ωt:  36.61 (5.83 periods), wall: 21.075 minutes, Δt:   1.71, CFL: 9.00e-01
i: 155300, t:  366289.2 s, ωt:  36.63 (5.83 periods), wall: 21.085 minutes, Δt:   1.80, CFL: 9.00e-01
i: 155400, t:  366492.6 s, ωt:  36.65 (5.83 periods), wall: 21.100 minutes, Δt:   1.93, CFL: 9.00e-01
i: 155500, t:  366688.5 s, ωt:  36.67 (5.84 periods), wall: 21.112 minutes, Δt:   1.73, CFL: 9.00e-01
i: 155600, t:  366871.3 s, ωt:  36.69 (5.84 periods), wall: 21.123 minutes, Δt:   1.88, CFL: 9.00e-01
i: 155700, t:  367038.1 s, ωt:  36.70 (5.84 periods), wall: 21.136 minutes, Δt:   1.88, CFL: 9.00e-01
i: 155800, t:  367228.5 s, ωt:  36.72 (5.84 periods), wall: 21.147 minutes, Δt:   1.72, CFL: 9.00e-01
i: 155900, t:  367411.4 s, ωt:  36.74 (5.85 periods), wall: 21.159 minutes, Δt:   1.94, CFL: 9.00e-01
i: 156000, t:  367613.1 s, ωt:  36.76 (5.85 periods), wall: 21.173 minutes, Δt:   2.13, CFL: 9.00e-01
i: 156100, t:  367816.1 s, ωt:  36.78 (5.85 periods), wall: 21.184 minutes, Δt:   2.14, CFL: 9.00e-01
i: 156200, t:  368018.2 s, ωt:  36.80 (5.86 periods), wall: 21.197 minutes, Δt:   1.81, CFL: 9.00e-01
i: 156300, t:  368197.9 s, ωt:  36.82 (5.86 periods), wall: 21.209 minutes, Δt:   1.71, CFL: 9.00e-01
i: 156400, t:  368390.4 s, ωt:  36.84 (5.86 periods), wall: 21.220 minutes, Δt:   1.66, CFL: 9.00e-01
i: 156500, t:  368583.3 s, ωt:  36.86 (5.87 periods), wall: 21.233 minutes, Δt:   2.02, CFL: 9.00e-01
i: 156600, t:  368784.1 s, ωt:  36.88 (5.87 periods), wall: 21.244 minutes, Δt:   2.15, CFL: 9.00e-01
i: 156700, t:  368975.2 s, ωt:  36.90 (5.87 periods), wall: 21.259 minutes, Δt:   2.08, CFL: 9.00e-01
i: 156800, t:  369194.8 s, ωt:  36.92 (5.88 periods), wall: 21.271 minutes, Δt:   2.12, CFL: 9.00e-01
i: 156900, t:  369382.4 s, ωt:  36.94 (5.88 periods), wall: 21.282 minutes, Δt:   1.55, CFL: 9.00e-01
i: 157000, t:  369563.9 s, ωt:  36.96 (5.88 periods), wall: 21.295 minutes, Δt:   2.07, CFL: 9.00e-01
i: 157100, t:  369772.3 s, ωt:  36.98 (5.89 periods), wall: 21.309 minutes, Δt:   2.38, CFL: 9.00e-01
i: 157200, t:  370010.7 s, ωt:  37.00 (5.89 periods), wall: 21.320 minutes, Δt:   2.34, CFL: 9.00e-01
i: 157300, t:  370254.5 s, ωt:  37.03 (5.89 periods), wall: 21.334 minutes, Δt:   2.73, CFL: 9.00e-01
i: 157400, t:  370497.3 s, ωt:  37.05 (5.90 periods), wall: 21.347 minutes, Δt:   2.00, CFL: 9.00e-01
i: 157500, t:  370729.2 s, ωt:  37.07 (5.90 periods), wall: 21.361 minutes, Δt:   2.55, CFL: 8.82e-01
i: 157600, t:  370983.3 s, ωt:  37.10 (5.90 periods), wall: 21.371 minutes, Δt:   2.07, CFL: 9.00e-01
i: 157700, t:  371206.1 s, ωt:  37.12 (5.91 periods), wall: 21.384 minutes, Δt:   2.13, CFL: 9.00e-01
i: 157800, t:  371462.4 s, ωt:  37.15 (5.91 periods), wall: 21.397 minutes, Δt:   2.30, CFL: 9.00e-01
i: 157900, t:  371715.5 s, ωt:  37.17 (5.92 periods), wall: 21.411 minutes, Δt:   2.70, CFL: 9.00e-01
i: 158000, t:  372006.8 s, ωt:  37.20 (5.92 periods), wall: 21.426 minutes, Δt:   2.94, CFL: 9.00e-01
i: 158100, t:  372322.2 s, ωt:  37.23 (5.93 periods), wall: 21.439 minutes, Δt:   2.96, CFL: 9.00e-01
i: 158200, t:  372608.9 s, ωt:  37.26 (5.93 periods), wall: 21.454 minutes, Δt:   2.26, CFL: 9.00e-01
i: 158300, t:  372898.1 s, ωt:  37.29 (5.93 periods), wall: 21.464 minutes, Δt:   3.45, CFL: 9.00e-01
i: 158400, t:  373224.3 s, ωt:  37.32 (5.94 periods), wall: 21.479 minutes, Δt:   3.40, CFL: 9.00e-01
i: 158500, t:  373532.7 s, ωt:  37.35 (5.94 periods), wall: 21.491 minutes, Δt:   2.59, CFL: 9.00e-01
i: 158600, t:  373853.3 s, ωt:  37.39 (5.95 periods), wall: 21.506 minutes, Δt:   4.07, CFL: 9.00e-01
i: 158700, t:  374262.6 s, ωt:  37.43 (5.96 periods), wall: 21.519 minutes, Δt:   4.52, CFL: 9.00e-01
i: 158800, t:  374689.3 s, ωt:  37.47 (5.96 periods), wall: 21.533 minutes, Δt:   3.31, CFL: 9.00e-01
i: 158900, t:  375097.9 s, ωt:  37.51 (5.97 periods), wall: 21.545 minutes, Δt:   5.07, CFL: 9.00e-01
i: 159000, t:  375578.6 s, ωt:  37.56 (5.98 periods), wall: 21.561 minutes, Δt:   4.72, CFL: 9.00e-01
i: 159100, t:  376111.7 s, ωt:  37.61 (5.99 periods), wall: 21.581 minutes, Δt:   7.12, CFL: 9.00e-01
i: 159200, t:  376817.1 s, ωt:  37.68 (6.00 periods), wall: 21.598 minutes, Δt:   7.17, CFL: 9.00e-01
i: 159300, t:  377421.3 s, ωt:  37.74 (6.01 periods), wall: 21.652 minutes, Δt:   6.37, CFL: 9.00e-01
i: 159400, t:  378031.5 s, ωt:  37.80 (6.02 periods), wall: 21.666 minutes, Δt:   7.33, CFL: 9.00e-01
i: 159500, t:  378681.5 s, ωt:  37.87 (6.03 periods), wall: 21.681 minutes, Δt:   5.78, CFL: 9.00e-01
i: 159600, t:  379183.8 s, ωt:  37.92 (6.03 periods), wall: 21.698 minutes, Δt:   5.21, CFL: 9.00e-01
i: 159700, t:  379736.5 s, ωt:  37.97 (6.04 periods), wall: 21.729 minutes, Δt:   5.32, CFL: 9.00e-01
i: 159800, t:  380210.9 s, ωt:  38.02 (6.05 periods), wall: 21.747 minutes, Δt:   4.31, CFL: 9.00e-01
i: 159900, t:  380639.9 s, ωt:  38.06 (6.06 periods), wall: 21.762 minutes, Δt:   4.45, CFL: 9.00e-01
i: 160000, t:  381071.1 s, ωt:  38.11 (6.06 periods), wall: 21.776 minutes, Δt:   3.93, CFL: 9.00e-01
i: 160100, t:  381454.8 s, ωt:  38.15 (6.07 periods), wall: 21.798 minutes, Δt:   3.70, CFL: 9.00e-01
i: 160200, t:  381822.0 s, ωt:  38.18 (6.08 periods), wall: 21.811 minutes, Δt:   3.89, CFL: 9.00e-01
i: 160300, t:  382140.3 s, ωt:  38.21 (6.08 periods), wall: 21.826 minutes, Δt:   2.71, CFL: 9.00e-01
i: 160400, t:  382400.0 s, ωt:  38.24 (6.09 periods), wall: 21.841 minutes, Δt:   3.20, CFL: 9.00e-01
i: 160500, t:  382707.3 s, ωt:  38.27 (6.09 periods), wall: 21.856 minutes, Δt:   3.39, CFL: 9.00e-01
i: 160600, t:  383009.5 s, ωt:  38.30 (6.10 periods), wall: 21.869 minutes, Δt:   2.62, CFL: 9.00e-01
i: 160700, t:  383291.5 s, ωt:  38.33 (6.10 periods), wall: 21.883 minutes, Δt:   2.89, CFL: 9.00e-01
i: 160800, t:  383558.2 s, ωt:  38.36 (6.10 periods), wall: 21.894 minutes, Δt:   2.47, CFL: 9.00e-01
i: 160900, t:  383818.9 s, ωt:  38.38 (6.11 periods), wall: 21.907 minutes, Δt:   2.35, CFL: 9.00e-01
i: 161000, t:  384064.6 s, ωt:  38.41 (6.11 periods), wall: 21.920 minutes, Δt:   2.58, CFL: 9.00e-01
i: 161100, t:  384309.1 s, ωt:  38.43 (6.12 periods), wall: 21.934 minutes, Δt:   2.12, CFL: 9.00e-01
i: 161200, t:  384541.5 s, ωt:  38.45 (6.12 periods), wall: 21.952 minutes, Δt:   2.12, CFL: 9.00e-01
i: 161300, t:  384787.8 s, ωt:  38.48 (6.12 periods), wall: 21.963 minutes, Δt:   2.37, CFL: 9.00e-01
i: 161400, t:  385030.3 s, ωt:  38.50 (6.13 periods), wall: 21.979 minutes, Δt:   2.50, CFL: 9.00e-01
i: 161500, t:  385264.5 s, ωt:  38.53 (6.13 periods), wall: 21.996 minutes, Δt:   2.27, CFL: 9.00e-01
i: 161600, t:  385479.2 s, ωt:  38.55 (6.14 periods), wall: 22.011 minutes, Δt:   1.86, CFL: 9.00e-01
i: 161700, t:  385694.8 s, ωt:  38.57 (6.14 periods), wall: 22.022 minutes, Δt:   2.26, CFL: 9.00e-01
i: 161800, t:  385898.5 s, ωt:  38.59 (6.14 periods), wall: 22.036 minutes, Δt:   2.15, CFL: 9.00e-01
i: 161900, t:  386129.2 s, ωt:  38.61 (6.15 periods), wall: 22.051 minutes, Δt:   2.20, CFL: 9.00e-01
i: 162000, t:  386333.3 s, ωt:  38.63 (6.15 periods), wall: 22.062 minutes, Δt:   2.07, CFL: 9.00e-01
i: 162100, t:  386548.0 s, ωt:  38.65 (6.15 periods), wall: 22.080 minutes, Δt:   1.96, CFL: 9.00e-01
i: 162200, t:  386765.4 s, ωt:  38.68 (6.16 periods), wall: 22.096 minutes, Δt:   2.13, CFL: 9.00e-01
i: 162300, t:  386957.7 s, ωt:  38.70 (6.16 periods), wall: 22.107 minutes, Δt:   1.99, CFL: 9.00e-01
i: 162400, t:  387139.7 s, ωt:  38.71 (6.16 periods), wall: 22.120 minutes, Δt:   1.67, CFL: 9.00e-01
i: 162500, t:  387322.9 s, ωt:  38.73 (6.16 periods), wall: 22.131 minutes, Δt:   1.92, CFL: 9.00e-01
i: 162600, t:  387526.2 s, ωt:  38.75 (6.17 periods), wall: 22.156 minutes, Δt:   1.86, CFL: 9.00e-01
i: 162700, t:  387717.0 s, ωt:  38.77 (6.17 periods), wall: 22.171 minutes, Δt:   1.65, CFL: 9.00e-01
i: 162800, t:  387908.7 s, ωt:  38.79 (6.17 periods), wall: 22.182 minutes, Δt:   1.74, CFL: 9.00e-01
i: 162900, t:  388094.1 s, ωt:  38.81 (6.18 periods), wall: 22.198 minutes, Δt:   1.70, CFL: 9.00e-01
i: 163000, t:  388280.6 s, ωt:  38.83 (6.18 periods), wall: 22.209 minutes, Δt:   1.84, CFL: 9.00e-01
i: 163100, t:  388453.6 s, ωt:  38.85 (6.18 periods), wall: 22.223 minutes, Δt:   1.84, CFL: 9.00e-01
i: 163200, t:  388631.9 s, ωt:  38.86 (6.19 periods), wall: 22.235 minutes, Δt:   1.99, CFL: 9.00e-01
i: 163300, t:  388816.3 s, ωt:  38.88 (6.19 periods), wall: 22.246 minutes, Δt:   1.93, CFL: 9.00e-01
i: 163400, t:  389006.0 s, ωt:  38.90 (6.19 periods), wall: 22.258 minutes, Δt:   1.64, CFL: 9.00e-01
i: 163500, t:  389179.4 s, ωt:  38.92 (6.19 periods), wall: 22.269 minutes, Δt:   1.71, CFL: 9.00e-01
i: 163600, t:  389361.0 s, ωt:  38.94 (6.20 periods), wall: 22.283 minutes, Δt:   1.77, CFL: 9.00e-01
i: 163700, t:  389531.8 s, ωt:  38.95 (6.20 periods), wall: 22.293 minutes, Δt:   1.51, CFL: 9.00e-01
i: 163800, t:  389700.7 s, ωt:  38.97 (6.20 periods), wall: 22.307 minutes, Δt:   1.68, CFL: 9.00e-01
i: 163900, t:  389866.5 s, ωt:  38.99 (6.20 periods), wall: 22.318 minutes, Δt:   1.79, CFL: 9.00e-01
i: 164000, t:  390032.6 s, ωt:  39.00 (6.21 periods), wall: 22.331 minutes, Δt:   1.77, CFL: 9.00e-01
i: 164100, t:  390215.4 s, ωt:  39.02 (6.21 periods), wall: 22.344 minutes, Δt:   1.78, CFL: 9.00e-01
i: 164200, t:  390369.9 s, ωt:  39.04 (6.21 periods), wall: 22.355 minutes, Δt:   1.77, CFL: 9.00e-01
i: 164300, t:  390521.1 s, ωt:  39.05 (6.22 periods), wall: 22.368 minutes, Δt:   1.69, CFL: 9.00e-01
i: 164400, t:  390687.0 s, ωt:  39.07 (6.22 periods), wall: 22.378 minutes, Δt:   1.47, CFL: 9.00e-01
i: 164500, t:  390852.1 s, ωt:  39.09 (6.22 periods), wall: 22.391 minutes, Δt:   1.74, CFL: 9.00e-01
i: 164600, t:  391020.0 s, ωt:  39.10 (6.22 periods), wall: 22.402 minutes, Δt:   1.92, CFL: 9.00e-01
i: 164700, t:  391187.3 s, ωt:  39.12 (6.23 periods), wall: 22.414 minutes, Δt:   1.34, CFL: 9.00e-01
i: 164800, t:  391335.9 s, ωt:  39.13 (6.23 periods), wall: 22.425 minutes, Δt:   1.53, CFL: 9.00e-01
i: 164900, t:  391491.6 s, ωt:  39.15 (6.23 periods), wall: 22.439 minutes, Δt:   1.79, CFL: 9.00e-01
i: 165000, t:  391668.9 s, ωt:  39.17 (6.23 periods), wall: 22.450 minutes, Δt:   1.63, CFL: 9.00e-01
i: 165100, t:  391843.3 s, ωt:  39.18 (6.24 periods), wall: 22.462 minutes, Δt:   1.79, CFL: 9.00e-01
i: 165200, t:  392003.1 s, ωt:  39.20 (6.24 periods), wall: 22.472 minutes, Δt:   1.74, CFL: 9.00e-01
i: 165300, t:  392167.6 s, ωt:  39.22 (6.24 periods), wall: 22.484 minutes, Δt:   1.52, CFL: 9.00e-01
i: 165400, t:  392325.5 s, ωt:  39.23 (6.24 periods), wall: 22.495 minutes, Δt:   1.65, CFL: 9.00e-01
i: 165500, t:  392493.4 s, ωt:  39.25 (6.25 periods), wall: 22.508 minutes, Δt:   1.36, CFL: 9.00e-01
i: 165600, t:  392632.0 s, ωt:  39.26 (6.25 periods), wall: 22.519 minutes, Δt:   1.50, CFL: 9.00e-01
i: 165700, t:  392799.3 s, ωt:  39.28 (6.25 periods), wall: 22.533 minutes, Δt:   1.41, CFL: 9.00e-01
i: 165800, t:  392945.1 s, ωt:  39.29 (6.25 periods), wall: 22.543 minutes, Δt:   1.56, CFL: 9.00e-01
i: 165900, t:  393103.4 s, ωt:  39.31 (6.26 periods), wall: 22.557 minutes, Δt:   1.88, CFL: 9.00e-01
i: 166000, t:  393266.4 s, ωt:  39.33 (6.26 periods), wall: 22.568 minutes, Δt:   1.71, CFL: 9.00e-01
i: 166100, t:  393447.8 s, ωt:  39.34 (6.26 periods), wall: 22.581 minutes, Δt:   1.90, CFL: 9.00e-01
i: 166200, t:  393626.9 s, ωt:  39.36 (6.26 periods), wall: 22.592 minutes, Δt:   1.74, CFL: 9.00e-01
i: 166300, t:  393804.3 s, ωt:  39.38 (6.27 periods), wall: 22.607 minutes, Δt:   1.83, CFL: 9.00e-01
i: 166400, t:  393971.9 s, ωt:  39.40 (6.27 periods), wall: 22.619 minutes, Δt:   1.55, CFL: 9.00e-01
i: 166500, t:  394142.3 s, ωt:  39.41 (6.27 periods), wall: 22.630 minutes, Δt:   1.93, CFL: 9.00e-01
i: 166600, t:  394316.2 s, ωt:  39.43 (6.28 periods), wall: 22.643 minutes, Δt:   1.58, CFL: 9.00e-01
i: 166700, t:  394483.5 s, ωt:  39.45 (6.28 periods), wall: 22.654 minutes, Δt:   1.66, CFL: 9.00e-01
i: 166800, t:  394657.1 s, ωt:  39.47 (6.28 periods), wall: 22.669 minutes, Δt:   1.71, CFL: 9.00e-01
i: 166900, t:  394817.0 s, ωt:  39.48 (6.28 periods), wall: 22.680 minutes, Δt:   1.63, CFL: 9.00e-01
i: 167000, t:  394980.6 s, ωt:  39.50 (6.29 periods), wall: 22.693 minutes, Δt:   1.82, CFL: 9.00e-01
i: 167100, t:  395136.0 s, ωt:  39.51 (6.29 periods), wall: 22.704 minutes, Δt:   1.85, CFL: 9.00e-01
i: 167200, t:  395320.3 s, ωt:  39.53 (6.29 periods), wall: 22.716 minutes, Δt:   2.03, CFL: 9.00e-01
i: 167300, t:  395507.7 s, ωt:  39.55 (6.29 periods), wall: 22.727 minutes, Δt:   1.77, CFL: 9.00e-01
i: 167400, t:  395693.1 s, ωt:  39.57 (6.30 periods), wall: 22.740 minutes, Δt:   1.86, CFL: 9.00e-01
i: 167500, t:  395864.9 s, ωt:  39.59 (6.30 periods), wall: 22.753 minutes, Δt:   1.68, CFL: 9.00e-01
i: 167600, t:  396050.4 s, ωt:  39.61 (6.30 periods), wall: 22.763 minutes, Δt:   1.82, CFL: 9.00e-01
i: 167700, t:  396228.3 s, ωt:  39.62 (6.31 periods), wall: 22.776 minutes, Δt:   2.12, CFL: 9.00e-01
i: 167800, t:  396397.6 s, ωt:  39.64 (6.31 periods), wall: 22.787 minutes, Δt:   1.73, CFL: 9.00e-01
i: 167900, t:  396578.7 s, ωt:  39.66 (6.31 periods), wall: 22.799 minutes, Δt:   1.86, CFL: 9.00e-01
i: 168000, t:  396766.6 s, ωt:  39.68 (6.31 periods), wall: 22.810 minutes, Δt:   1.93, CFL: 9.00e-01
i: 168100, t:  396959.3 s, ωt:  39.70 (6.32 periods), wall: 22.823 minutes, Δt:   2.08, CFL: 9.00e-01
i: 168200, t:  397147.7 s, ωt:  39.71 (6.32 periods), wall: 22.836 minutes, Δt:   1.93, CFL: 9.00e-01
i: 168300, t:  397341.5 s, ωt:  39.73 (6.32 periods), wall: 22.847 minutes, Δt:   1.73, CFL: 9.00e-01
i: 168400, t:  397535.7 s, ωt:  39.75 (6.33 periods), wall: 22.860 minutes, Δt:   2.14, CFL: 9.00e-01
i: 168500, t:  397736.8 s, ωt:  39.77 (6.33 periods), wall: 22.872 minutes, Δt:   1.83, CFL: 9.00e-01
i: 168600, t:  397936.5 s, ωt:  39.79 (6.33 periods), wall: 22.883 minutes, Δt:   1.87, CFL: 9.00e-01
i: 168700, t:  398125.7 s, ωt:  39.81 (6.34 periods), wall: 22.897 minutes, Δt:   2.15, CFL: 9.00e-01
i: 168800, t:  398322.1 s, ωt:  39.83 (6.34 periods), wall: 22.907 minutes, Δt:   2.13, CFL: 9.00e-01
i: 168900, t:  398521.9 s, ωt:  39.85 (6.34 periods), wall: 22.920 minutes, Δt:   2.18, CFL: 9.00e-01
i: 169000, t:  398735.3 s, ωt:  39.87 (6.35 periods), wall: 22.932 minutes, Δt:   2.06, CFL: 9.00e-01
i: 169100, t:  398938.2 s, ωt:  39.89 (6.35 periods), wall: 22.943 minutes, Δt:   2.25, CFL: 9.00e-01
i: 169200, t:  399158.1 s, ωt:  39.92 (6.35 periods), wall: 22.962 minutes, Δt:   2.16, CFL: 9.00e-01
i: 169300, t:  399370.5 s, ωt:  39.94 (6.36 periods), wall: 22.974 minutes, Δt:   1.94, CFL: 9.00e-01
i: 169400, t:  399572.7 s, ωt:  39.96 (6.36 periods), wall: 22.985 minutes, Δt:   1.84, CFL: 9.00e-01
i: 169500, t:  399785.2 s, ωt:  39.98 (6.36 periods), wall: 22.997 minutes, Δt:   2.33, CFL: 9.00e-01
i: 169600, t:  400000.0 s, ωt:  40.00 (6.37 periods), wall: 23.009 minutes, Δt:   2.29, CFL: 9.00e-01
i: 169700, t:  400224.6 s, ωt:  40.02 (6.37 periods), wall: 23.020 minutes, Δt:   2.31, CFL: 9.00e-01
i: 169800, t:  400455.2 s, ωt:  40.05 (6.37 periods), wall: 23.033 minutes, Δt:   2.43, CFL: 9.00e-01
i: 169900, t:  400695.8 s, ωt:  40.07 (6.38 periods), wall: 23.046 minutes, Δt:   2.12, CFL: 9.00e-01
i: 170000, t:  400908.9 s, ωt:  40.09 (6.38 periods), wall: 23.060 minutes, Δt:   2.35, CFL: 9.00e-01
i: 170100, t:  401138.8 s, ωt:  40.11 (6.38 periods), wall: 23.071 minutes, Δt:   2.19, CFL: 9.00e-01
i: 170200, t:  401371.7 s, ωt:  40.14 (6.39 periods), wall: 23.083 minutes, Δt:   2.55, CFL: 9.00e-01
i: 170300, t:  401620.6 s, ωt:  40.16 (6.39 periods), wall: 23.097 minutes, Δt:   2.59, CFL: 9.00e-01
i: 170400, t:  401873.0 s, ωt:  40.19 (6.40 periods), wall: 23.109 minutes, Δt:   2.77, CFL: 9.00e-01
i: 170500, t:  402113.7 s, ωt:  40.21 (6.40 periods), wall: 23.119 minutes, Δt:   2.06, CFL: 9.00e-01
i: 170600, t:  402364.7 s, ωt:  40.24 (6.40 periods), wall: 23.132 minutes, Δt:   2.59, CFL: 9.00e-01
i: 170700, t:  402635.8 s, ωt:  40.26 (6.41 periods), wall: 23.146 minutes, Δt:   2.68, CFL: 9.00e-01
i: 170800, t:  402934.0 s, ωt:  40.29 (6.41 periods), wall: 23.159 minutes, Δt:   3.25, CFL: 9.00e-01
i: 170900, t:  403234.0 s, ωt:  40.32 (6.42 periods), wall: 23.172 minutes, Δt:   2.75, CFL: 9.00e-01
i: 171000, t:  403532.1 s, ωt:  40.35 (6.42 periods), wall: 23.184 minutes, Δt:   3.09, CFL: 9.00e-01
i: 171100, t:  403820.3 s, ωt:  40.38 (6.43 periods), wall: 23.196 minutes, Δt:   3.06, CFL: 9.00e-01
i: 171200, t:  404177.5 s, ωt:  40.42 (6.43 periods), wall: 23.210 minutes, Δt:   3.39, CFL: 9.00e-01
i: 171300, t:  404485.5 s, ωt:  40.45 (6.44 periods), wall: 23.223 minutes, Δt:   3.17, CFL: 9.00e-01
i: 171400, t:  404826.9 s, ωt:  40.48 (6.44 periods), wall: 23.236 minutes, Δt:   3.74, CFL: 9.00e-01
i: 171500, t:  405184.9 s, ωt:  40.52 (6.45 periods), wall: 23.248 minutes, Δt:   3.35, CFL: 9.00e-01
i: 171600, t:  405542.2 s, ωt:  40.55 (6.45 periods), wall: 23.260 minutes, Δt:   3.31, CFL: 9.00e-01
i: 171700, t:  405937.8 s, ωt:  40.59 (6.46 periods), wall: 23.275 minutes, Δt:   4.00, CFL: 9.00e-01
i: 171800, t:  406389.9 s, ωt:  40.64 (6.47 periods), wall: 23.287 minutes, Δt:   4.02, CFL: 9.00e-01
i: 171900, t:  406868.6 s, ωt:  40.69 (6.48 periods), wall: 23.302 minutes, Δt:   5.41, CFL: 9.00e-01
i: 172000, t:  407429.8 s, ωt:  40.74 (6.48 periods), wall: 23.314 minutes, Δt:   6.24, CFL: 8.49e-01
i: 172100, t:  408057.9 s, ωt:  40.81 (6.49 periods), wall: 23.328 minutes, Δt:   4.74, CFL: 9.00e-01
i: 172200, t:  408616.3 s, ωt:  40.86 (6.50 periods), wall: 23.359 minutes, Δt:   4.64, CFL: 9.00e-01
i: 172300, t:  409185.1 s, ωt:  40.92 (6.51 periods), wall: 23.378 minutes, Δt:   5.21, CFL: 9.00e-01
i: 172400, t:  409722.5 s, ωt:  40.97 (6.52 periods), wall: 23.394 minutes, Δt:   4.90, CFL: 9.00e-01
i: 172500, t:  410245.3 s, ωt:  41.02 (6.53 periods), wall: 23.406 minutes, Δt:   5.51, CFL: 9.00e-01
i: 172600, t:  410674.8 s, ωt:  41.07 (6.54 periods), wall: 23.423 minutes, Δt:   3.75, CFL: 9.00e-01
i: 172700, t:  411095.9 s, ωt:  41.11 (6.54 periods), wall: 23.435 minutes, Δt:   4.67, CFL: 9.00e-01
i: 172800, t:  411537.0 s, ωt:  41.15 (6.55 periods), wall: 23.449 minutes, Δt:   4.72, CFL: 9.00e-01
i: 172900, t:  411989.4 s, ωt:  41.20 (6.56 periods), wall: 23.467 minutes, Δt:   4.58, CFL: 9.00e-01
i: 173000, t:  412443.8 s, ωt:  41.24 (6.56 periods), wall: 23.482 minutes, Δt:   4.52, CFL: 9.00e-01
i: 173100, t:  412808.2 s, ωt:  41.28 (6.57 periods), wall: 23.507 minutes, Δt:   2.77, CFL: 9.00e-01
i: 173200, t:  413141.9 s, ωt:  41.31 (6.58 periods), wall: 23.519 minutes, Δt:   3.37, CFL: 9.00e-01
i: 173300, t:  413457.9 s, ωt:  41.35 (6.58 periods), wall: 23.533 minutes, Δt:   2.84, CFL: 9.00e-01
i: 173400, t:  413740.4 s, ωt:  41.37 (6.58 periods), wall: 23.544 minutes, Δt:   3.21, CFL: 9.00e-01
i: 173500, t:  414040.2 s, ωt:  41.40 (6.59 periods), wall: 23.557 minutes, Δt:   3.15, CFL: 9.00e-01
i: 173600, t:  414304.9 s, ωt:  41.43 (6.59 periods), wall: 23.569 minutes, Δt:   2.74, CFL: 9.00e-01
i: 173700, t:  414599.6 s, ωt:  41.46 (6.60 periods), wall: 23.582 minutes, Δt:   2.81, CFL: 9.00e-01
i: 173800, t:  414871.8 s, ωt:  41.49 (6.60 periods), wall: 23.594 minutes, Δt:   2.90, CFL: 9.00e-01
i: 173900, t:  415117.2 s, ωt:  41.51 (6.61 periods), wall: 23.609 minutes, Δt:   2.11, CFL: 9.00e-01
i: 174000, t:  415343.9 s, ωt:  41.53 (6.61 periods), wall: 23.623 minutes, Δt:   1.82, CFL: 9.00e-01
i: 174100, t:  415567.5 s, ωt:  41.56 (6.61 periods), wall: 23.634 minutes, Δt:   2.17, CFL: 9.00e-01
i: 174200, t:  415796.2 s, ωt:  41.58 (6.62 periods), wall: 23.647 minutes, Δt:   2.33, CFL: 9.00e-01
i: 174300, t:  416030.6 s, ωt:  41.60 (6.62 periods), wall: 23.660 minutes, Δt:   2.06, CFL: 9.00e-01
i: 174400, t:  416255.3 s, ωt:  41.63 (6.62 periods), wall: 23.671 minutes, Δt:   2.13, CFL: 9.00e-01
i: 174500, t:  416473.4 s, ωt:  41.65 (6.63 periods), wall: 23.684 minutes, Δt:   2.18, CFL: 9.00e-01
i: 174600, t:  416684.7 s, ωt:  41.67 (6.63 periods), wall: 23.697 minutes, Δt:   1.78, CFL: 9.00e-01
i: 174700, t:  416869.3 s, ωt:  41.69 (6.63 periods), wall: 23.708 minutes, Δt:   2.08, CFL: 9.00e-01
i: 174800, t:  417069.2 s, ωt:  41.71 (6.64 periods), wall: 23.721 minutes, Δt:   2.08, CFL: 9.00e-01
i: 174900, t:  417283.4 s, ωt:  41.73 (6.64 periods), wall: 23.734 minutes, Δt:   2.03, CFL: 9.00e-01
i: 175000, t:  417485.2 s, ωt:  41.75 (6.64 periods), wall: 23.745 minutes, Δt:   1.95, CFL: 9.00e-01
i: 175100, t:  417683.6 s, ωt:  41.77 (6.65 periods), wall: 23.757 minutes, Δt:   1.94, CFL: 9.00e-01
i: 175200, t:  417868.4 s, ωt:  41.79 (6.65 periods), wall: 23.770 minutes, Δt:   1.94, CFL: 9.00e-01
i: 175300, t:  418055.0 s, ωt:  41.81 (6.65 periods), wall: 23.781 minutes, Δt:   1.86, CFL: 9.00e-01
i: 175400, t:  418242.3 s, ωt:  41.82 (6.66 periods), wall: 23.794 minutes, Δt:   1.70, CFL: 9.00e-01
i: 175500, t:  418408.2 s, ωt:  41.84 (6.66 periods), wall: 23.805 minutes, Δt:   1.62, CFL: 9.00e-01
i: 175600, t:  418582.5 s, ωt:  41.86 (6.66 periods), wall: 23.818 minutes, Δt:   1.94, CFL: 9.00e-01
i: 175700, t:  418772.8 s, ωt:  41.88 (6.66 periods), wall: 23.829 minutes, Δt:   2.07, CFL: 9.00e-01
i: 175800, t:  418970.2 s, ωt:  41.90 (6.67 periods), wall: 23.841 minutes, Δt:   1.91, CFL: 9.00e-01
i: 175900, t:  419145.7 s, ωt:  41.91 (6.67 periods), wall: 23.855 minutes, Δt:   1.58, CFL: 9.00e-01
i: 176000, t:  419318.6 s, ωt:  41.93 (6.67 periods), wall: 23.866 minutes, Δt:   1.86, CFL: 9.00e-01
i: 176100, t:  419506.8 s, ωt:  41.95 (6.68 periods), wall: 23.878 minutes, Δt:   1.94, CFL: 9.00e-01
i: 176200, t:  419686.4 s, ωt:  41.97 (6.68 periods), wall: 23.889 minutes, Δt:   1.66, CFL: 9.00e-01
i: 176300, t:  419867.9 s, ωt:  41.99 (6.68 periods), wall: 23.904 minutes, Δt:   1.78, CFL: 9.00e-01
i: 176400, t:  420028.9 s, ωt:  42.00 (6.68 periods), wall: 23.914 minutes, Δt:   1.55, CFL: 9.00e-01
i: 176500, t:  420202.4 s, ωt:  42.02 (6.69 periods), wall: 23.927 minutes, Δt:   1.60, CFL: 9.00e-01
i: 176600, t:  420368.8 s, ωt:  42.04 (6.69 periods), wall: 23.941 minutes, Δt:   1.83, CFL: 9.00e-01
i: 176700, t:  420542.6 s, ωt:  42.05 (6.69 periods), wall: 23.952 minutes, Δt:   1.73, CFL: 9.00e-01
i: 176800, t:  420714.7 s, ωt:  42.07 (6.70 periods), wall: 23.964 minutes, Δt:   1.65, CFL: 9.00e-01
i: 176900, t:  420878.9 s, ωt:  42.09 (6.70 periods), wall: 23.975 minutes, Δt:   1.79, CFL: 9.00e-01
i: 177000, t:  421045.8 s, ωt:  42.10 (6.70 periods), wall: 23.989 minutes, Δt:   1.75, CFL: 9.00e-01
i: 177100, t:  421216.1 s, ωt:  42.12 (6.70 periods), wall: 24.000 minutes, Δt:   1.77, CFL: 9.00e-01
i: 177200, t:  421378.2 s, ωt:  42.14 (6.71 periods), wall: 24.013 minutes, Δt:   1.73, CFL: 9.00e-01
i: 177300, t:  421563.2 s, ωt:  42.16 (6.71 periods), wall: 24.024 minutes, Δt:   1.86, CFL: 9.00e-01
i: 177400, t:  421736.3 s, ωt:  42.17 (6.71 periods), wall: 24.036 minutes, Δt:   1.76, CFL: 9.00e-01
i: 177500, t:  421913.1 s, ωt:  42.19 (6.71 periods), wall: 24.047 minutes, Δt:   1.70, CFL: 9.00e-01
i: 177600, t:  422070.3 s, ωt:  42.21 (6.72 periods), wall: 24.060 minutes, Δt:   1.57, CFL: 9.00e-01
i: 177700, t:  422234.8 s, ωt:  42.22 (6.72 periods), wall: 24.073 minutes, Δt:   1.57, CFL: 9.00e-01
i: 177800, t:  422416.8 s, ωt:  42.24 (6.72 periods), wall: 24.084 minutes, Δt:   1.80, CFL: 9.00e-01
i: 177900, t:  422588.4 s, ωt:  42.26 (6.73 periods), wall: 24.096 minutes, Δt:   1.84, CFL: 9.00e-01
i: 178000, t:  422763.0 s, ωt:  42.28 (6.73 periods), wall: 24.107 minutes, Δt:   1.40, CFL: 9.00e-01
i: 178100, t:  422925.7 s, ωt:  42.29 (6.73 periods), wall: 24.120 minutes, Δt:   1.80, CFL: 9.00e-01
i: 178200, t:  423088.4 s, ωt:  42.31 (6.73 periods), wall: 24.130 minutes, Δt:   1.64, CFL: 9.00e-01
i: 178300, t:  423254.8 s, ωt:  42.33 (6.74 periods), wall: 24.144 minutes, Δt:   1.41, CFL: 9.00e-01
i: 178400, t:  423411.0 s, ωt:  42.34 (6.74 periods), wall: 24.155 minutes, Δt:   1.52, CFL: 9.00e-01
i: 178500, t:  423577.3 s, ωt:  42.36 (6.74 periods), wall: 24.167 minutes, Δt:   1.52, CFL: 9.00e-01
i: 178600, t:  423727.4 s, ωt:  42.37 (6.74 periods), wall: 24.178 minutes, Δt:   1.74, CFL: 9.00e-01
i: 178700, t:  423886.6 s, ωt:  42.39 (6.75 periods), wall: 24.190 minutes, Δt:   1.71, CFL: 9.00e-01
i: 178800, t:  424051.3 s, ωt:  42.41 (6.75 periods), wall: 24.201 minutes, Δt:   1.54, CFL: 9.00e-01
i: 178900, t:  424214.1 s, ωt:  42.42 (6.75 periods), wall: 24.214 minutes, Δt:   1.74, CFL: 9.00e-01
i: 179000, t:  424382.0 s, ωt:  42.44 (6.75 periods), wall: 24.225 minutes, Δt:   1.57, CFL: 9.00e-01
i: 179100, t:  424544.9 s, ωt:  42.45 (6.76 periods), wall: 24.238 minutes, Δt:   1.72, CFL: 9.00e-01
i: 179200, t:  424711.9 s, ωt:  42.47 (6.76 periods), wall: 24.248 minutes, Δt:   1.57, CFL: 9.00e-01
i: 179300, t:  424872.4 s, ωt:  42.49 (6.76 periods), wall: 24.262 minutes, Δt:   1.61, CFL: 9.00e-01
i: 179400, t:  425043.8 s, ωt:  42.50 (6.76 periods), wall: 24.273 minutes, Δt:   1.90, CFL: 9.00e-01
i: 179500, t:  425209.4 s, ωt:  42.52 (6.77 periods), wall: 24.286 minutes, Δt:   1.53, CFL: 9.00e-01
i: 179600, t:  425382.5 s, ωt:  42.54 (6.77 periods), wall: 24.298 minutes, Δt:   1.67, CFL: 9.00e-01
i: 179700, t:  425548.6 s, ωt:  42.55 (6.77 periods), wall: 24.309 minutes, Δt:   1.47, CFL: 9.00e-01
i: 179800, t:  425716.4 s, ωt:  42.57 (6.78 periods), wall: 24.322 minutes, Δt:   1.76, CFL: 9.00e-01
i: 179900, t:  425873.8 s, ωt:  42.59 (6.78 periods), wall: 24.333 minutes, Δt:   1.47, CFL: 9.00e-01
i: 180000, t:  426026.1 s, ωt:  42.60 (6.78 periods), wall: 24.346 minutes, Δt:   1.69, CFL: 9.00e-01
i: 180100, t:  426191.4 s, ωt:  42.62 (6.78 periods), wall: 24.356 minutes, Δt:   1.57, CFL: 9.00e-01
i: 180200, t:  426360.8 s, ωt:  42.64 (6.79 periods), wall: 24.370 minutes, Δt:   1.60, CFL: 9.00e-01
i: 180300, t:  426529.1 s, ωt:  42.65 (6.79 periods), wall: 24.381 minutes, Δt:   1.94, CFL: 9.00e-01
i: 180400, t:  426704.3 s, ωt:  42.67 (6.79 periods), wall: 24.394 minutes, Δt:   1.43, CFL: 9.00e-01
i: 180500, t:  426853.9 s, ωt:  42.69 (6.79 periods), wall: 24.405 minutes, Δt:   1.48, CFL: 9.00e-01
i: 180600, t:  427013.2 s, ωt:  42.70 (6.80 periods), wall: 24.417 minutes, Δt:   1.47, CFL: 9.00e-01
i: 180700, t:  427175.2 s, ωt:  42.72 (6.80 periods), wall: 24.428 minutes, Δt:   1.74, CFL: 9.00e-01
i: 180800, t:  427339.2 s, ωt:  42.73 (6.80 periods), wall: 24.442 minutes, Δt:   1.76, CFL: 9.00e-01
i: 180900, t:  427520.5 s, ωt:  42.75 (6.80 periods), wall: 24.453 minutes, Δt:   1.63, CFL: 9.00e-01
i: 181000, t:  427695.8 s, ωt:  42.77 (6.81 periods), wall: 24.465 minutes, Δt:   1.89, CFL: 9.00e-01
i: 181100, t:  427874.7 s, ωt:  42.79 (6.81 periods), wall: 24.476 minutes, Δt:   1.62, CFL: 9.00e-01
i: 181200, t:  428037.5 s, ωt:  42.80 (6.81 periods), wall: 24.489 minutes, Δt:   1.68, CFL: 9.00e-01
i: 181300, t:  428216.3 s, ωt:  42.82 (6.82 periods), wall: 24.502 minutes, Δt:   1.77, CFL: 9.00e-01
i: 181400, t:  428404.5 s, ωt:  42.84 (6.82 periods), wall: 24.513 minutes, Δt:   1.88, CFL: 9.00e-01
i: 181500, t:  428594.5 s, ωt:  42.86 (6.82 periods), wall: 24.526 minutes, Δt:   1.95, CFL: 9.00e-01
i: 181600, t:  428780.4 s, ωt:  42.88 (6.82 periods), wall: 24.537 minutes, Δt:   1.89, CFL: 9.00e-01
i: 181700, t:  428970.1 s, ωt:  42.90 (6.83 periods), wall: 24.551 minutes, Δt:   1.99, CFL: 9.00e-01
i: 181800, t:  429163.6 s, ωt:  42.92 (6.83 periods), wall: 24.564 minutes, Δt:   1.84, CFL: 9.00e-01
i: 181900, t:  429352.0 s, ωt:  42.94 (6.83 periods), wall: 24.575 minutes, Δt:   1.41, CFL: 9.00e-01
i: 182000, t:  429503.3 s, ωt:  42.95 (6.84 periods), wall: 24.588 minutes, Δt:   1.65, CFL: 9.00e-01
i: 182100, t:  429689.5 s, ωt:  42.97 (6.84 periods), wall: 24.599 minutes, Δt:   2.14, CFL: 9.00e-01
i: 182200, t:  429878.6 s, ωt:  42.99 (6.84 periods), wall: 24.612 minutes, Δt:   1.74, CFL: 9.00e-01
i: 182300, t:  430072.8 s, ωt:  43.01 (6.84 periods), wall: 24.623 minutes, Δt:   1.81, CFL: 9.00e-01
i: 182400, t:  430245.6 s, ωt:  43.02 (6.85 periods), wall: 24.637 minutes, Δt:   1.96, CFL: 9.00e-01
i: 182500, t:  430437.6 s, ωt:  43.04 (6.85 periods), wall: 24.650 minutes, Δt:   2.22, CFL: 9.00e-01
i: 182600, t:  430628.5 s, ωt:  43.06 (6.85 periods), wall: 24.661 minutes, Δt:   1.56, CFL: 9.00e-01
i: 182700, t:  430824.8 s, ωt:  43.08 (6.86 periods), wall: 24.674 minutes, Δt:   2.31, CFL: 9.00e-01
i: 182800, t:  431035.6 s, ωt:  43.10 (6.86 periods), wall: 24.688 minutes, Δt:   1.78, CFL: 9.00e-01
i: 182900, t:  431229.9 s, ωt:  43.12 (6.86 periods), wall: 24.699 minutes, Δt:   1.99, CFL: 9.00e-01
i: 183000, t:  431444.9 s, ωt:  43.14 (6.87 periods), wall: 24.711 minutes, Δt:   2.05, CFL: 9.00e-01
i: 183100, t:  431656.7 s, ωt:  43.17 (6.87 periods), wall: 24.724 minutes, Δt:   1.82, CFL: 9.00e-01
i: 183200, t:  431856.5 s, ωt:  43.19 (6.87 periods), wall: 24.735 minutes, Δt:   1.99, CFL: 9.00e-01
i: 183300, t:  432080.4 s, ωt:  43.21 (6.88 periods), wall: 24.747 minutes, Δt:   2.35, CFL: 9.00e-01
i: 183400, t:  432292.3 s, ωt:  43.23 (6.88 periods), wall: 24.760 minutes, Δt:   1.97, CFL: 9.00e-01
i: 183500, t:  432504.9 s, ωt:  43.25 (6.88 periods), wall: 24.770 minutes, Δt:   1.87, CFL: 9.00e-01
i: 183600, t:  432730.0 s, ωt:  43.27 (6.89 periods), wall: 24.783 minutes, Δt:   2.40, CFL: 9.00e-01
i: 183700, t:  432973.0 s, ωt:  43.30 (6.89 periods), wall: 24.797 minutes, Δt:   2.68, CFL: 9.00e-01
i: 183800, t:  433216.3 s, ωt:  43.32 (6.89 periods), wall: 24.808 minutes, Δt:   2.32, CFL: 9.00e-01
i: 183900, t:  433446.1 s, ωt:  43.34 (6.90 periods), wall: 24.822 minutes, Δt:   2.47, CFL: 9.00e-01
i: 184000, t:  433697.9 s, ωt:  43.37 (6.90 periods), wall: 24.834 minutes, Δt:   2.70, CFL: 9.00e-01
i: 184100, t:  433943.4 s, ωt:  43.39 (6.91 periods), wall: 24.848 minutes, Δt:   2.99, CFL: 9.00e-01
i: 184200, t:  434199.6 s, ωt:  43.42 (6.91 periods), wall: 24.860 minutes, Δt:   2.58, CFL: 9.00e-01
i: 184300, t:  434482.3 s, ωt:  43.45 (6.92 periods), wall: 24.871 minutes, Δt:   2.81, CFL: 9.00e-01
i: 184400, t:  434779.1 s, ωt:  43.48 (6.92 periods), wall: 24.883 minutes, Δt:   3.20, CFL: 9.00e-01
i: 184500, t:  435102.6 s, ωt:  43.51 (6.92 periods), wall: 24.895 minutes, Δt:   3.23, CFL: 9.00e-01
i: 184600, t:  435395.3 s, ωt:  43.54 (6.93 periods), wall: 24.908 minutes, Δt:   2.76, CFL: 9.00e-01
i: 184700, t:  435694.5 s, ωt:  43.57 (6.93 periods), wall: 24.921 minutes, Δt:   3.04, CFL: 9.00e-01
i: 184800, t:  436008.6 s, ωt:  43.60 (6.94 periods), wall: 24.933 minutes, Δt:   3.40, CFL: 9.00e-01
i: 184900, t:  436359.6 s, ωt:  43.64 (6.94 periods), wall: 24.946 minutes, Δt:   4.05, CFL: 9.00e-01
i: 185000, t:  436714.4 s, ωt:  43.67 (6.95 periods), wall: 24.962 minutes, Δt:   2.96, CFL: 9.00e-01
i: 185100, t:  437069.9 s, ωt:  43.71 (6.96 periods), wall: 24.976 minutes, Δt:   3.42, CFL: 9.00e-01
i: 185200, t:  437430.5 s, ωt:  43.74 (6.96 periods), wall: 24.989 minutes, Δt:   3.70, CFL: 9.00e-01
i: 185300, t:  437811.2 s, ωt:  43.78 (6.97 periods), wall: 25.002 minutes, Δt:   3.38, CFL: 9.00e-01
i: 185400, t:  438242.4 s, ωt:  43.82 (6.97 periods), wall: 25.016 minutes, Δt:   5.04, CFL: 9.00e-01
i: 185500, t:  438789.8 s, ωt:  43.88 (6.98 periods), wall: 25.032 minutes, Δt:   5.25, CFL: 9.00e-01
i: 185600, t:  439407.4 s, ωt:  43.94 (6.99 periods), wall: 25.046 minutes, Δt:   6.79, CFL: 9.00e-01
i: 185700, t:  440077.2 s, ωt:  44.01 (7.00 periods), wall: 25.081 minutes, Δt:   6.52, CFL: 9.00e-01
i: 185800, t:  440734.0 s, ωt:  44.07 (7.01 periods), wall: 25.098 minutes, Δt:   6.89, CFL: 9.00e-01
i: 185900, t:  441412.0 s, ωt:  44.14 (7.03 periods), wall: 25.116 minutes, Δt:   6.36, CFL: 9.00e-01
i: 186000, t:  442011.3 s, ωt:  44.20 (7.03 periods), wall: 25.128 minutes, Δt:   5.89, CFL: 9.00e-01
i: 186100, t:  442571.2 s, ωt:  44.26 (7.04 periods), wall: 25.143 minutes, Δt:   5.24, CFL: 9.00e-01
i: 186200, t:  443088.9 s, ωt:  44.31 (7.05 periods), wall: 25.157 minutes, Δt:   4.45, CFL: 9.00e-01
i: 186300, t:  443539.1 s, ωt:  44.35 (7.06 periods), wall: 25.169 minutes, Δt:   4.63, CFL: 9.00e-01
i: 186400, t:  443960.2 s, ωt:  44.40 (7.07 periods), wall: 25.184 minutes, Δt:   4.51, CFL: 9.00e-01
i: 186500, t:  444376.2 s, ωt:  44.44 (7.07 periods), wall: 25.196 minutes, Δt:   3.58, CFL: 9.00e-01
i: 186600, t:  444723.3 s, ωt:  44.47 (7.08 periods), wall: 25.209 minutes, Δt:   3.60, CFL: 9.00e-01
i: 186700, t:  445057.8 s, ωt:  44.51 (7.08 periods), wall: 25.221 minutes, Δt:   3.22, CFL: 9.00e-01
i: 186800, t:  445379.0 s, ωt:  44.54 (7.09 periods), wall: 25.235 minutes, Δt:   3.02, CFL: 9.00e-01
i: 186900, t:  445672.5 s, ωt:  44.57 (7.09 periods), wall: 25.247 minutes, Δt:   2.70, CFL: 9.00e-01
i: 187000, t:  445937.9 s, ωt:  44.59 (7.10 periods), wall: 25.260 minutes, Δt:   2.81, CFL: 9.00e-01
i: 187100, t:  446205.8 s, ωt:  44.62 (7.10 periods), wall: 25.273 minutes, Δt:   3.08, CFL: 9.00e-01
i: 187200, t:  446476.3 s, ωt:  44.65 (7.11 periods), wall: 25.285 minutes, Δt:   2.40, CFL: 9.00e-01
i: 187300, t:  446721.5 s, ωt:  44.67 (7.11 periods), wall: 25.296 minutes, Δt:   2.61, CFL: 9.00e-01
i: 187400, t:  446972.4 s, ωt:  44.70 (7.11 periods), wall: 25.311 minutes, Δt:   2.00, CFL: 9.00e-01
i: 187500, t:  447203.6 s, ωt:  44.72 (7.12 periods), wall: 25.324 minutes, Δt:   2.34, CFL: 9.00e-01
i: 187600, t:  447451.7 s, ωt:  44.75 (7.12 periods), wall: 25.336 minutes, Δt:   2.11, CFL: 9.00e-01
i: 187700, t:  447675.9 s, ωt:  44.77 (7.12 periods), wall: 25.347 minutes, Δt:   2.35, CFL: 9.00e-01
i: 187800, t:  447901.8 s, ωt:  44.79 (7.13 periods), wall: 25.359 minutes, Δt:   2.17, CFL: 9.00e-01
i: 187900, t:  448129.9 s, ωt:  44.81 (7.13 periods), wall: 25.373 minutes, Δt:   2.13, CFL: 9.00e-01
i: 188000, t:  448353.1 s, ωt:  44.84 (7.14 periods), wall: 25.385 minutes, Δt:   2.14, CFL: 9.00e-01
i: 188100, t:  448567.3 s, ωt:  44.86 (7.14 periods), wall: 25.396 minutes, Δt:   2.39, CFL: 9.00e-01
i: 188200, t:  448786.5 s, ωt:  44.88 (7.14 periods), wall: 25.409 minutes, Δt:   2.07, CFL: 9.00e-01
i: 188300, t:  448997.3 s, ωt:  44.90 (7.15 periods), wall: 25.421 minutes, Δt:   2.24, CFL: 9.00e-01
i: 188400, t:  449206.2 s, ωt:  44.92 (7.15 periods), wall: 25.432 minutes, Δt:   2.00, CFL: 9.00e-01
i: 188500, t:  449392.7 s, ωt:  44.94 (7.15 periods), wall: 25.445 minutes, Δt:   1.76, CFL: 9.00e-01
i: 188600, t:  449580.9 s, ωt:  44.96 (7.16 periods), wall: 25.457 minutes, Δt:   2.24, CFL: 9.00e-01
i: 188700, t:  449793.1 s, ωt:  44.98 (7.16 periods), wall: 25.467 minutes, Δt:   1.93, CFL: 9.00e-01
i: 188800, t:  449985.8 s, ωt:  45.00 (7.16 periods), wall: 25.480 minutes, Δt:   1.97, CFL: 9.00e-01
i: 188900, t:  450181.5 s, ωt:  45.02 (7.16 periods), wall: 25.491 minutes, Δt:   1.86, CFL: 9.00e-01
i: 189000, t:  450377.6 s, ωt:  45.04 (7.17 periods), wall: 25.503 minutes, Δt:   1.96, CFL: 9.00e-01
i: 189100, t:  450556.5 s, ωt:  45.06 (7.17 periods), wall: 25.515 minutes, Δt:   1.83, CFL: 9.00e-01
i: 189200, t:  450731.0 s, ωt:  45.07 (7.17 periods), wall: 25.526 minutes, Δt:   1.87, CFL: 9.00e-01
i: 189300, t:  450916.8 s, ωt:  45.09 (7.18 periods), wall: 25.538 minutes, Δt:   1.75, CFL: 9.00e-01
i: 189400, t:  451105.4 s, ωt:  45.11 (7.18 periods), wall: 25.550 minutes, Δt:   1.89, CFL: 9.00e-01
i: 189500, t:  451295.4 s, ωt:  45.13 (7.18 periods), wall: 25.564 minutes, Δt:   1.99, CFL: 9.00e-01
i: 189600, t:  451477.2 s, ωt:  45.15 (7.19 periods), wall: 25.576 minutes, Δt:   1.76, CFL: 9.00e-01
i: 189700, t:  451660.6 s, ωt:  45.17 (7.19 periods), wall: 25.587 minutes, Δt:   1.82, CFL: 9.00e-01
i: 189800, t:  451852.5 s, ωt:  45.19 (7.19 periods), wall: 25.600 minutes, Δt:   1.87, CFL: 9.00e-01
i: 189900, t:  452042.3 s, ωt:  45.20 (7.19 periods), wall: 25.611 minutes, Δt:   1.96, CFL: 9.00e-01
i: 190000, t:  452221.1 s, ωt:  45.22 (7.20 periods), wall: 25.624 minutes, Δt:   1.79, CFL: 9.00e-01
i: 190100, t:  452386.1 s, ωt:  45.24 (7.20 periods), wall: 25.635 minutes, Δt:   1.74, CFL: 9.00e-01
i: 190200, t:  452563.0 s, ωt:  45.26 (7.20 periods), wall: 25.647 minutes, Δt:   1.59, CFL: 9.00e-01
i: 190300, t:  452738.0 s, ωt:  45.27 (7.21 periods), wall: 25.659 minutes, Δt:   1.80, CFL: 9.00e-01
i: 190400, t:  452927.0 s, ωt:  45.29 (7.21 periods), wall: 25.670 minutes, Δt:   1.87, CFL: 9.00e-01
i: 190500, t:  453114.1 s, ωt:  45.31 (7.21 periods), wall: 25.682 minutes, Δt:   1.88, CFL: 9.00e-01
i: 190600, t:  453294.6 s, ωt:  45.33 (7.21 periods), wall: 25.693 minutes, Δt:   1.90, CFL: 9.00e-01
i: 190700, t:  453466.0 s, ωt:  45.35 (7.22 periods), wall: 25.705 minutes, Δt:   1.57, CFL: 9.00e-01
i: 190800, t:  453643.5 s, ωt:  45.36 (7.22 periods), wall: 25.716 minutes, Δt:   2.01, CFL: 9.00e-01
i: 190900, t:  453813.5 s, ωt:  45.38 (7.22 periods), wall: 25.729 minutes, Δt:   1.62, CFL: 9.00e-01
i: 191000, t:  453988.8 s, ωt:  45.40 (7.23 periods), wall: 25.742 minutes, Δt:   1.57, CFL: 9.00e-01
i: 191100, t:  454164.3 s, ωt:  45.42 (7.23 periods), wall: 25.752 minutes, Δt:   1.85, CFL: 9.00e-01
i: 191200, t:  454343.3 s, ωt:  45.43 (7.23 periods), wall: 25.764 minutes, Δt:   1.75, CFL: 9.00e-01
i: 191300, t:  454515.5 s, ωt:  45.45 (7.23 periods), wall: 25.775 minutes, Δt:   1.71, CFL: 9.00e-01
i: 191400, t:  454676.6 s, ωt:  45.47 (7.24 periods), wall: 25.787 minutes, Δt:   1.60, CFL: 9.00e-01
i: 191500, t:  454837.3 s, ωt:  45.48 (7.24 periods), wall: 25.798 minutes, Δt:   1.41, CFL: 9.00e-01
i: 191600, t:  454995.9 s, ωt:  45.50 (7.24 periods), wall: 25.811 minutes, Δt:   1.59, CFL: 9.00e-01
i: 191700, t:  455164.9 s, ωt:  45.52 (7.24 periods), wall: 25.822 minutes, Δt:   1.49, CFL: 9.00e-01
i: 191800, t:  455326.3 s, ωt:  45.53 (7.25 periods), wall: 25.834 minutes, Δt:   1.70, CFL: 9.00e-01
i: 191900, t:  455489.7 s, ωt:  45.55 (7.25 periods), wall: 25.845 minutes, Δt:   1.72, CFL: 9.00e-01
i: 192000, t:  455664.0 s, ωt:  45.57 (7.25 periods), wall: 25.860 minutes, Δt:   1.85, CFL: 9.00e-01
i: 192100, t:  455839.3 s, ωt:  45.58 (7.25 periods), wall: 25.870 minutes, Δt:   1.65, CFL: 9.00e-01
i: 192200, t:  456013.3 s, ωt:  45.60 (7.26 periods), wall: 25.882 minutes, Δt:   1.87, CFL: 9.00e-01
i: 192300, t:  456169.2 s, ωt:  45.62 (7.26 periods), wall: 25.894 minutes, Δt:   1.44, CFL: 9.00e-01
i: 192400, t:  456345.2 s, ωt:  45.63 (7.26 periods), wall: 25.905 minutes, Δt:   1.71, CFL: 9.00e-01
i: 192500, t:  456508.6 s, ωt:  45.65 (7.27 periods), wall: 25.918 minutes, Δt:   1.69, CFL: 9.00e-01
i: 192600, t:  456689.7 s, ωt:  45.67 (7.27 periods), wall: 25.929 minutes, Δt:   1.79, CFL: 9.00e-01
i: 192700, t:  456853.7 s, ωt:  45.69 (7.27 periods), wall: 25.941 minutes, Δt:   1.67, CFL: 9.00e-01
i: 192800, t:  457028.2 s, ωt:  45.70 (7.27 periods), wall: 25.952 minutes, Δt:   1.70, CFL: 9.00e-01
i: 192900, t:  457181.0 s, ωt:  45.72 (7.28 periods), wall: 25.965 minutes, Δt:   1.60, CFL: 9.00e-01
i: 193000, t:  457354.7 s, ωt:  45.74 (7.28 periods), wall: 25.976 minutes, Δt:   1.77, CFL: 9.00e-01
i: 193100, t:  457524.5 s, ωt:  45.75 (7.28 periods), wall: 25.988 minutes, Δt:   1.59, CFL: 9.00e-01
i: 193200, t:  457685.7 s, ωt:  45.77 (7.28 periods), wall: 25.999 minutes, Δt:   1.48, CFL: 9.00e-01
i: 193300, t:  457857.0 s, ωt:  45.79 (7.29 periods), wall: 26.013 minutes, Δt:   1.57, CFL: 9.00e-01
i: 193400, t:  458028.9 s, ωt:  45.80 (7.29 periods), wall: 26.024 minutes, Δt:   1.46, CFL: 9.00e-01
i: 193500, t:  458180.4 s, ωt:  45.82 (7.29 periods), wall: 26.037 minutes, Δt:   1.66, CFL: 9.00e-01
i: 193600, t:  458363.8 s, ωt:  45.84 (7.30 periods), wall: 26.050 minutes, Δt:   2.03, CFL: 9.00e-01
i: 193700, t:  458563.4 s, ωt:  45.86 (7.30 periods), wall: 26.060 minutes, Δt:   1.87, CFL: 9.00e-01
i: 193800, t:  458750.7 s, ωt:  45.88 (7.30 periods), wall: 26.073 minutes, Δt:   1.99, CFL: 9.00e-01
i: 193900, t:  458939.3 s, ωt:  45.89 (7.30 periods), wall: 26.083 minutes, Δt:   1.30, CFL: 9.00e-01
i: 194000, t:  459103.2 s, ωt:  45.91 (7.31 periods), wall: 26.096 minutes, Δt:   1.77, CFL: 9.00e-01
i: 194100, t:  459268.2 s, ωt:  45.93 (7.31 periods), wall: 26.106 minutes, Δt:   1.84, CFL: 9.00e-01
i: 194200, t:  459445.1 s, ωt:  45.94 (7.31 periods), wall: 26.119 minutes, Δt:   1.79, CFL: 9.00e-01
i: 194300, t:  459616.9 s, ωt:  45.96 (7.32 periods), wall: 26.131 minutes, Δt:   1.75, CFL: 9.00e-01
i: 194400, t:  459789.8 s, ωt:  45.98 (7.32 periods), wall: 26.142 minutes, Δt:   1.80, CFL: 9.00e-01
i: 194500, t:  459965.5 s, ωt:  46.00 (7.32 periods), wall: 26.155 minutes, Δt:   1.84, CFL: 9.00e-01
i: 194600, t:  460144.7 s, ωt:  46.01 (7.32 periods), wall: 26.165 minutes, Δt:   1.89, CFL: 9.00e-01
i: 194700, t:  460334.4 s, ωt:  46.03 (7.33 periods), wall: 26.179 minutes, Δt:   1.96, CFL: 9.00e-01
i: 194800, t:  460533.2 s, ωt:  46.05 (7.33 periods), wall: 26.189 minutes, Δt:   2.16, CFL: 9.00e-01
i: 194900, t:  460730.9 s, ωt:  46.07 (7.33 periods), wall: 26.202 minutes, Δt:   2.04, CFL: 9.00e-01
i: 195000, t:  460908.0 s, ωt:  46.09 (7.34 periods), wall: 26.215 minutes, Δt:   1.79, CFL: 9.00e-01
i: 195100, t:  461089.4 s, ωt:  46.11 (7.34 periods), wall: 26.226 minutes, Δt:   2.17, CFL: 9.00e-01
i: 195200, t:  461300.8 s, ωt:  46.13 (7.34 periods), wall: 26.239 minutes, Δt:   2.20, CFL: 9.00e-01
i: 195300, t:  461495.2 s, ωt:  46.15 (7.34 periods), wall: 26.250 minutes, Δt:   1.97, CFL: 9.00e-01
i: 195400, t:  461686.1 s, ωt:  46.17 (7.35 periods), wall: 26.263 minutes, Δt:   1.95, CFL: 9.00e-01
i: 195500, t:  461885.9 s, ωt:  46.19 (7.35 periods), wall: 26.275 minutes, Δt:   1.78, CFL: 9.00e-01
i: 195600, t:  462081.6 s, ωt:  46.21 (7.35 periods), wall: 26.286 minutes, Δt:   2.14, CFL: 9.00e-01
i: 195700, t:  462286.8 s, ωt:  46.23 (7.36 periods), wall: 26.299 minutes, Δt:   2.22, CFL: 9.00e-01
i: 195800, t:  462483.8 s, ωt:  46.25 (7.36 periods), wall: 26.311 minutes, Δt:   2.11, CFL: 9.00e-01
i: 195900, t:  462686.7 s, ωt:  46.27 (7.36 periods), wall: 26.322 minutes, Δt:   2.18, CFL: 9.00e-01
i: 196000, t:  462892.7 s, ωt:  46.29 (7.37 periods), wall: 26.333 minutes, Δt:   2.13, CFL: 9.00e-01
i: 196100, t:  463127.0 s, ωt:  46.31 (7.37 periods), wall: 26.346 minutes, Δt:   2.36, CFL: 9.00e-01
i: 196200, t:  463357.0 s, ωt:  46.34 (7.37 periods), wall: 26.357 minutes, Δt:   2.46, CFL: 9.00e-01
i: 196300, t:  463558.9 s, ωt:  46.36 (7.38 periods), wall: 26.371 minutes, Δt:   1.73, CFL: 9.00e-01
i: 196400, t:  463762.3 s, ωt:  46.38 (7.38 periods), wall: 26.383 minutes, Δt:   2.17, CFL: 9.00e-01
i: 196500, t:  463982.2 s, ωt:  46.40 (7.38 periods), wall: 26.394 minutes, Δt:   2.07, CFL: 9.00e-01
i: 196600, t:  464211.8 s, ωt:  46.42 (7.39 periods), wall: 26.407 minutes, Δt:   2.04, CFL: 9.00e-01
i: 196700, t:  464439.9 s, ωt:  46.44 (7.39 periods), wall: 26.420 minutes, Δt:   2.49, CFL: 9.00e-01
i: 196800, t:  464685.5 s, ωt:  46.47 (7.40 periods), wall: 26.432 minutes, Δt:   3.04, CFL: 9.00e-01
i: 196900, t:  464947.1 s, ωt:  46.49 (7.40 periods), wall: 26.443 minutes, Δt:   2.60, CFL: 9.00e-01
i: 197000, t:  465171.6 s, ωt:  46.52 (7.40 periods), wall: 26.455 minutes, Δt:   2.17, CFL: 9.00e-01
i: 197100, t:  465390.1 s, ωt:  46.54 (7.41 periods), wall: 26.468 minutes, Δt:   2.72, CFL: 9.00e-01
i: 197200, t:  465656.1 s, ωt:  46.57 (7.41 periods), wall: 26.481 minutes, Δt:   2.67, CFL: 9.00e-01
i: 197300, t:  465920.7 s, ωt:  46.59 (7.42 periods), wall: 26.496 minutes, Δt:   2.70, CFL: 9.00e-01
i: 197400, t:  466194.7 s, ωt:  46.62 (7.42 periods), wall: 26.506 minutes, Δt:   2.78, CFL: 9.00e-01
i: 197500, t:  466509.7 s, ωt:  46.65 (7.42 periods), wall: 26.519 minutes, Δt:   3.36, CFL: 9.00e-01
i: 197600, t:  466827.3 s, ωt:  46.68 (7.43 periods), wall: 26.532 minutes, Δt:   3.27, CFL: 9.00e-01
i: 197700, t:  467123.4 s, ωt:  46.71 (7.43 periods), wall: 26.545 minutes, Δt:   2.69, CFL: 9.00e-01
i: 197800, t:  467438.9 s, ωt:  46.74 (7.44 periods), wall: 26.560 minutes, Δt:   3.26, CFL: 9.00e-01
i: 197900, t:  467817.4 s, ωt:  46.78 (7.45 periods), wall: 26.574 minutes, Δt:   4.40, CFL: 9.00e-01
i: 198000, t:  468257.9 s, ωt:  46.83 (7.45 periods), wall: 26.586 minutes, Δt:   4.94, CFL: 9.00e-01
i: 198100, t:  468724.2 s, ωt:  46.87 (7.46 periods), wall: 26.599 minutes, Δt:   4.85, CFL: 9.00e-01
i: 198200, t:  469143.7 s, ωt:  46.91 (7.47 periods), wall: 26.613 minutes, Δt:   4.87, CFL: 9.00e-01
i: 198300, t:  469661.3 s, ωt:  46.97 (7.47 periods), wall: 26.625 minutes, Δt:   5.28, CFL: 9.00e-01
i: 198400, t:  470112.2 s, ωt:  47.01 (7.48 periods), wall: 26.640 minutes, Δt:   5.84, CFL: 8.01e-01
i: 198500, t:  470754.1 s, ωt:  47.08 (7.49 periods), wall: 26.654 minutes, Δt:   6.73, CFL: 9.00e-01
i: 198600, t:  471465.7 s, ωt:  47.15 (7.50 periods), wall: 26.687 minutes, Δt:   7.08, CFL: 9.00e-01
i: 198700, t:  472196.4 s, ωt:  47.22 (7.52 periods), wall: 26.703 minutes, Δt:   7.28, CFL: 9.00e-01
i: 198800, t:  472859.6 s, ωt:  47.29 (7.53 periods), wall: 26.718 minutes, Δt:   6.67, CFL: 9.00e-01
i: 198900, t:  473508.5 s, ωt:  47.35 (7.54 periods), wall: 26.732 minutes, Δt:   6.40, CFL: 9.00e-01
i: 199000, t:  474110.8 s, ωt:  47.41 (7.55 periods), wall: 26.746 minutes, Δt:   5.46, CFL: 9.00e-01
i: 199100, t:  474628.8 s, ωt:  47.46 (7.55 periods), wall: 26.758 minutes, Δt:   4.96, CFL: 9.00e-01
i: 199200, t:  475092.7 s, ωt:  47.51 (7.56 periods), wall: 26.772 minutes, Δt:   3.87, CFL: 9.00e-01
i: 199300, t:  475476.8 s, ωt:  47.55 (7.57 periods), wall: 26.784 minutes, Δt:   3.89, CFL: 9.00e-01
i: 199400, t:  475833.5 s, ωt:  47.58 (7.57 periods), wall: 26.797 minutes, Δt:   3.30, CFL: 8.47e-01
i: 199500, t:  476180.0 s, ωt:  47.62 (7.58 periods), wall: 26.811 minutes, Δt:   3.34, CFL: 9.00e-01
i: 199600, t:  476486.2 s, ωt:  47.65 (7.58 periods), wall: 26.824 minutes, Δt:   3.48, CFL: 9.00e-01
i: 199700, t:  476805.7 s, ωt:  47.68 (7.59 periods), wall: 26.837 minutes, Δt:   2.93, CFL: 9.00e-01
i: 199800, t:  477074.2 s, ωt:  47.71 (7.59 periods), wall: 26.849 minutes, Δt:   2.93, CFL: 8.72e-01
i: 199900, t:  477362.8 s, ωt:  47.74 (7.60 periods), wall: 26.863 minutes, Δt:   2.98, CFL: 9.00e-01
i: 200000, t:  477625.3 s, ωt:  47.76 (7.60 periods), wall: 26.875 minutes, Δt:   2.55, CFL: 9.00e-01
i: 200100, t:  477871.4 s, ωt:  47.79 (7.61 periods), wall: 26.888 minutes, Δt:   2.31, CFL: 9.00e-01
i: 200200, t:  478113.2 s, ωt:  47.81 (7.61 periods), wall: 26.898 minutes, Δt:   2.50, CFL: 9.00e-01
i: 200300, t:  478342.6 s, ωt:  47.83 (7.61 periods), wall: 26.914 minutes, Δt:   2.42, CFL: 9.00e-01
i: 200400, t:  478590.0 s, ωt:  47.86 (7.62 periods), wall: 26.927 minutes, Δt:   2.24, CFL: 9.00e-01
i: 200500, t:  478828.5 s, ωt:  47.88 (7.62 periods), wall: 26.939 minutes, Δt:   2.51, CFL: 9.00e-01
i: 200600, t:  479027.6 s, ωt:  47.90 (7.62 periods), wall: 26.949 minutes, Δt:   2.05, CFL: 9.00e-01
i: 200700, t:  479260.5 s, ωt:  47.93 (7.63 periods), wall: 26.962 minutes, Δt:   2.50, CFL: 9.00e-01
i: 200800, t:  479486.8 s, ωt:  47.95 (7.63 periods), wall: 26.975 minutes, Δt:   2.18, CFL: 9.00e-01
i: 200900, t:  479703.6 s, ωt:  47.97 (7.63 periods), wall: 26.986 minutes, Δt:   2.46, CFL: 9.00e-01
i: 201000, t:  479911.8 s, ωt:  47.99 (7.64 periods), wall: 26.999 minutes, Δt:   2.24, CFL: 9.00e-01
i: 201100, t:  480120.5 s, ωt:  48.01 (7.64 periods), wall: 27.013 minutes, Δt:   2.00, CFL: 9.00e-01
i: 201200, t:  480310.2 s, ωt:  48.03 (7.64 periods), wall: 27.024 minutes, Δt:   1.77, CFL: 9.00e-01
i: 201300, t:  480503.2 s, ωt:  48.05 (7.65 periods), wall: 27.036 minutes, Δt:   1.90, CFL: 9.00e-01
i: 201400, t:  480686.6 s, ωt:  48.07 (7.65 periods), wall: 27.049 minutes, Δt:   1.79, CFL: 9.00e-01
i: 201500, t:  480860.1 s, ωt:  48.09 (7.65 periods), wall: 27.060 minutes, Δt:   2.19, CFL: 9.00e-01
i: 201600, t:  481035.3 s, ωt:  48.10 (7.66 periods), wall: 27.072 minutes, Δt:   1.96, CFL: 9.00e-01
i: 201700, t:  481218.3 s, ωt:  48.12 (7.66 periods), wall: 27.083 minutes, Δt:   1.95, CFL: 9.00e-01
i: 201800, t:  481399.7 s, ωt:  48.14 (7.66 periods), wall: 27.097 minutes, Δt:   1.56, CFL: 9.00e-01
i: 201900, t:  481562.3 s, ωt:  48.16 (7.66 periods), wall: 27.107 minutes, Δt:   1.60, CFL: 9.00e-01
i: 202000, t:  481731.4 s, ωt:  48.17 (7.67 periods), wall: 27.121 minutes, Δt:   1.76, CFL: 9.00e-01
i: 202100, t:  481926.4 s, ωt:  48.19 (7.67 periods), wall: 27.134 minutes, Δt:   1.92, CFL: 9.00e-01
i: 202200, t:  482106.0 s, ωt:  48.21 (7.67 periods), wall: 27.145 minutes, Δt:   1.64, CFL: 9.00e-01
i: 202300, t:  482279.8 s, ωt:  48.23 (7.68 periods), wall: 27.158 minutes, Δt:   1.48, CFL: 9.00e-01
i: 202400, t:  482447.2 s, ωt:  48.24 (7.68 periods), wall: 27.169 minutes, Δt:   1.54, CFL: 9.00e-01
i: 202500, t:  482616.4 s, ωt:  48.26 (7.68 periods), wall: 27.182 minutes, Δt:   1.88, CFL: 9.00e-01
i: 202600, t:  482787.6 s, ωt:  48.28 (7.68 periods), wall: 27.193 minutes, Δt:   1.96, CFL: 9.00e-01
i: 202700, t:  482954.2 s, ωt:  48.30 (7.69 periods), wall: 27.206 minutes, Δt:   1.93, CFL: 9.00e-01
i: 202800, t:  483132.0 s, ωt:  48.31 (7.69 periods), wall: 27.217 minutes, Δt:   1.63, CFL: 9.00e-01
i: 202900, t:  483292.9 s, ωt:  48.33 (7.69 periods), wall: 27.229 minutes, Δt:   1.36, CFL: 9.00e-01
i: 203000, t:  483451.3 s, ωt:  48.35 (7.69 periods), wall: 27.240 minutes, Δt:   1.60, CFL: 9.00e-01
i: 203100, t:  483619.0 s, ωt:  48.36 (7.70 periods), wall: 27.254 minutes, Δt:   1.68, CFL: 9.00e-01
i: 203200, t:  483785.1 s, ωt:  48.38 (7.70 periods), wall: 27.264 minutes, Δt:   1.70, CFL: 9.00e-01
i: 203300, t:  483931.1 s, ωt:  48.39 (7.70 periods), wall: 27.277 minutes, Δt:   1.86, CFL: 9.00e-01
i: 203400, t:  484104.9 s, ωt:  48.41 (7.70 periods), wall: 27.288 minutes, Δt:   1.52, CFL: 9.00e-01
i: 203500, t:  484287.7 s, ωt:  48.43 (7.71 periods), wall: 27.300 minutes, Δt:   1.64, CFL: 9.00e-01
i: 203600, t:  484447.3 s, ωt:  48.44 (7.71 periods), wall: 27.314 minutes, Δt:   1.56, CFL: 9.00e-01
i: 203700, t:  484611.3 s, ωt:  48.46 (7.71 periods), wall: 27.325 minutes, Δt:   1.70, CFL: 9.00e-01
i: 203800, t:  484783.1 s, ωt:  48.48 (7.72 periods), wall: 27.339 minutes, Δt:   1.47, CFL: 9.00e-01
i: 203900, t:  484943.3 s, ωt:  48.49 (7.72 periods), wall: 27.350 minutes, Δt:   1.66, CFL: 9.00e-01
i: 204000, t:  485112.2 s, ωt:  48.51 (7.72 periods), wall: 27.366 minutes, Δt:   1.85, CFL: 9.00e-01
i: 204100, t:  485273.9 s, ωt:  48.53 (7.72 periods), wall: 27.377 minutes, Δt:   1.60, CFL: 9.00e-01
i: 204200, t:  485430.8 s, ωt:  48.54 (7.73 periods), wall: 27.389 minutes, Δt:   1.80, CFL: 9.00e-01
i: 204300, t:  485609.8 s, ωt:  48.56 (7.73 periods), wall: 27.400 minutes, Δt:   1.76, CFL: 9.00e-01
i: 204400, t:  485775.5 s, ωt:  48.58 (7.73 periods), wall: 27.413 minutes, Δt:   1.69, CFL: 9.00e-01
i: 204500, t:  485937.9 s, ωt:  48.59 (7.73 periods), wall: 27.424 minutes, Δt:   1.58, CFL: 9.00e-01
i: 204600, t:  486089.0 s, ωt:  48.61 (7.74 periods), wall: 27.436 minutes, Δt:   1.47, CFL: 9.00e-01
i: 204700, t:  486238.6 s, ωt:  48.62 (7.74 periods), wall: 27.447 minutes, Δt:   1.51, CFL: 9.00e-01
i: 204800, t:  486392.2 s, ωt:  48.64 (7.74 periods), wall: 27.459 minutes, Δt:   1.69, CFL: 9.00e-01
i: 204900, t:  486557.5 s, ωt:  48.66 (7.74 periods), wall: 27.470 minutes, Δt:   1.42, CFL: 9.00e-01
i: 205000, t:  486703.5 s, ωt:  48.67 (7.75 periods), wall: 27.482 minutes, Δt:   1.91, CFL: 9.00e-01
i: 205100, t:  486881.1 s, ωt:  48.69 (7.75 periods), wall: 27.493 minutes, Δt:   1.60, CFL: 9.00e-01
i: 205200, t:  487044.9 s, ωt:  48.70 (7.75 periods), wall: 27.505 minutes, Δt:   1.69, CFL: 9.00e-01
i: 205300, t:  487217.7 s, ωt:  48.72 (7.75 periods), wall: 27.516 minutes, Δt:   1.78, CFL: 9.00e-01
i: 205400, t:  487375.2 s, ωt:  48.74 (7.76 periods), wall: 27.528 minutes, Δt:   1.52, CFL: 9.00e-01
i: 205500, t:  487533.5 s, ωt:  48.75 (7.76 periods), wall: 27.539 minutes, Δt:   1.73, CFL: 9.00e-01
i: 205600, t:  487700.3 s, ωt:  48.77 (7.76 periods), wall: 27.552 minutes, Δt:   1.69, CFL: 9.00e-01
i: 205700, t:  487873.7 s, ωt:  48.79 (7.76 periods), wall: 27.562 minutes, Δt:   1.95, CFL: 9.00e-01
i: 205800, t:  488048.6 s, ωt:  48.80 (7.77 periods), wall: 27.575 minutes, Δt:   1.78, CFL: 9.00e-01
i: 205900, t:  488223.2 s, ωt:  48.82 (7.77 periods), wall: 27.588 minutes, Δt:   1.81, CFL: 9.00e-01
i: 206000, t:  488397.0 s, ωt:  48.84 (7.77 periods), wall: 27.599 minutes, Δt:   1.80, CFL: 9.00e-01
i: 206100, t:  488564.3 s, ωt:  48.86 (7.78 periods), wall: 27.611 minutes, Δt:   1.54, CFL: 9.00e-01
i: 206200, t:  488730.1 s, ωt:  48.87 (7.78 periods), wall: 27.622 minutes, Δt:   1.63, CFL: 9.00e-01
i: 206300, t:  488887.8 s, ωt:  48.89 (7.78 periods), wall: 27.634 minutes, Δt:   1.61, CFL: 9.00e-01
i: 206400, t:  489063.9 s, ωt:  48.91 (7.78 periods), wall: 27.645 minutes, Δt:   1.85, CFL: 9.00e-01
i: 206500, t:  489245.9 s, ωt:  48.92 (7.79 periods), wall: 27.658 minutes, Δt:   1.73, CFL: 9.00e-01
i: 206600, t:  489417.4 s, ωt:  48.94 (7.79 periods), wall: 27.669 minutes, Δt:   1.83, CFL: 9.00e-01
i: 206700, t:  489588.5 s, ωt:  48.96 (7.79 periods), wall: 27.681 minutes, Δt:   1.63, CFL: 9.00e-01
i: 206800, t:  489754.5 s, ωt:  48.98 (7.79 periods), wall: 27.692 minutes, Δt:   1.94, CFL: 9.00e-01
i: 206900, t:  489934.0 s, ωt:  48.99 (7.80 periods), wall: 27.704 minutes, Δt:   1.52, CFL: 9.00e-01
i: 207000, t:  490096.3 s, ωt:  49.01 (7.80 periods), wall: 27.730 minutes, Δt:   1.72, CFL: 9.00e-01
i: 207100, t:  490256.3 s, ωt:  49.03 (7.80 periods), wall: 27.740 minutes, Δt:   1.37, CFL: 9.00e-01
i: 207200, t:  490417.2 s, ωt:  49.04 (7.81 periods), wall: 27.752 minutes, Δt:   1.82, CFL: 9.00e-01
i: 207300, t:  490568.1 s, ωt:  49.06 (7.81 periods), wall: 27.763 minutes, Δt:   1.89, CFL: 9.00e-01
i: 207400, t:  490752.8 s, ωt:  49.08 (7.81 periods), wall: 27.776 minutes, Δt:   2.01, CFL: 9.00e-01
i: 207500, t:  490935.5 s, ωt:  49.09 (7.81 periods), wall: 27.786 minutes, Δt:   1.85, CFL: 9.00e-01
i: 207600, t:  491109.4 s, ωt:  49.11 (7.82 periods), wall: 27.799 minutes, Δt:   1.77, CFL: 9.00e-01
i: 207700, t:  491271.2 s, ωt:  49.13 (7.82 periods), wall: 27.810 minutes, Δt:   1.82, CFL: 9.00e-01
i: 207800, t:  491440.7 s, ωt:  49.14 (7.82 periods), wall: 27.823 minutes, Δt:   1.73, CFL: 9.00e-01
i: 207900, t:  491618.7 s, ωt:  49.16 (7.82 periods), wall: 27.834 minutes, Δt:   1.70, CFL: 9.00e-01
i: 208000, t:  491787.3 s, ωt:  49.18 (7.83 periods), wall: 27.847 minutes, Δt:   1.65, CFL: 9.00e-01
i: 208100, t:  491972.5 s, ωt:  49.20 (7.83 periods), wall: 27.858 minutes, Δt:   2.02, CFL: 9.00e-01
i: 208200, t:  492161.4 s, ωt:  49.22 (7.83 periods), wall: 27.872 minutes, Δt:   1.81, CFL: 9.00e-01
i: 208300, t:  492332.2 s, ωt:  49.23 (7.84 periods), wall: 27.884 minutes, Δt:   1.66, CFL: 9.00e-01
i: 208400, t:  492501.3 s, ωt:  49.25 (7.84 periods), wall: 27.895 minutes, Δt:   2.19, CFL: 9.00e-01
i: 208500, t:  492698.1 s, ωt:  49.27 (7.84 periods), wall: 27.907 minutes, Δt:   1.77, CFL: 9.00e-01
i: 208600, t:  492885.9 s, ωt:  49.29 (7.84 periods), wall: 27.918 minutes, Δt:   1.77, CFL: 9.00e-01
i: 208700, t:  493086.0 s, ωt:  49.31 (7.85 periods), wall: 27.930 minutes, Δt:   2.17, CFL: 9.00e-01
i: 208800, t:  493276.1 s, ωt:  49.33 (7.85 periods), wall: 27.943 minutes, Δt:   1.88, CFL: 9.00e-01
i: 208900, t:  493469.2 s, ωt:  49.35 (7.85 periods), wall: 27.954 minutes, Δt:   1.92, CFL: 8.93e-01
i: 209000, t:  493678.3 s, ωt:  49.37 (7.86 periods), wall: 27.966 minutes, Δt:   2.05, CFL: 9.00e-01
i: 209100, t:  493881.5 s, ωt:  49.39 (7.86 periods), wall: 27.979 minutes, Δt:   2.22, CFL: 9.00e-01
i: 209200, t:  494096.9 s, ωt:  49.41 (7.86 periods), wall: 27.990 minutes, Δt:   2.20, CFL: 9.00e-01
i: 209300, t:  494299.1 s, ωt:  49.43 (7.87 periods), wall: 28.003 minutes, Δt:   2.07, CFL: 9.00e-01
i: 209400, t:  494508.0 s, ωt:  49.45 (7.87 periods), wall: 28.019 minutes, Δt:   1.82, CFL: 9.00e-01
i: 209500, t:  494704.1 s, ωt:  49.47 (7.87 periods), wall: 28.030 minutes, Δt:   2.45, CFL: 9.00e-01
i: 209600, t:  494925.1 s, ωt:  49.49 (7.88 periods), wall: 28.045 minutes, Δt:   1.96, CFL: 9.00e-01
i: 209700, t:  495139.7 s, ωt:  49.51 (7.88 periods), wall: 28.058 minutes, Δt:   2.12, CFL: 9.00e-01
i: 209800, t:  495348.8 s, ωt:  49.53 (7.88 periods), wall: 28.068 minutes, Δt:   2.35, CFL: 9.00e-01
i: 209900, t:  495572.2 s, ωt:  49.56 (7.89 periods), wall: 28.082 minutes, Δt:   2.40, CFL: 9.00e-01
i: 210000, t:  495782.9 s, ωt:  49.58 (7.89 periods), wall: 28.096 minutes, Δt:   2.33, CFL: 9.00e-01
i: 210100, t:  496011.1 s, ωt:  49.60 (7.89 periods), wall: 28.107 minutes, Δt:   2.39, CFL: 9.00e-01
i: 210200, t:  496243.6 s, ωt:  49.62 (7.90 periods), wall: 28.121 minutes, Δt:   2.70, CFL: 9.00e-01
i: 210300, t:  496474.4 s, ωt:  49.65 (7.90 periods), wall: 28.136 minutes, Δt:   2.48, CFL: 9.00e-01
i: 210400, t:  496732.2 s, ωt:  49.67 (7.91 periods), wall: 28.149 minutes, Δt:   2.34, CFL: 9.00e-01
i: 210500, t:  496949.8 s, ωt:  49.69 (7.91 periods), wall: 28.160 minutes, Δt:   2.35, CFL: 9.00e-01
i: 210600, t:  497195.4 s, ωt:  49.72 (7.91 periods), wall: 28.174 minutes, Δt:   2.98, CFL: 9.00e-01
i: 210700, t:  497463.7 s, ωt:  49.75 (7.92 periods), wall: 28.187 minutes, Δt:   2.48, CFL: 9.00e-01
i: 210800, t:  497732.5 s, ωt:  49.77 (7.92 periods), wall: 28.202 minutes, Δt:   2.45, CFL: 9.00e-01
i: 210900, t:  497992.9 s, ωt:  49.80 (7.93 periods), wall: 28.217 minutes, Δt:   2.80, CFL: 9.00e-01
i: 211000, t:  498280.5 s, ωt:  49.83 (7.93 periods), wall: 28.232 minutes, Δt:   3.37, CFL: 9.00e-01
i: 211100, t:  498597.6 s, ωt:  49.86 (7.94 periods), wall: 28.246 minutes, Δt:   3.41, CFL: 9.00e-01
i: 211200, t:  498921.7 s, ωt:  49.89 (7.94 periods), wall: 28.260 minutes, Δt:   3.70, CFL: 9.00e-01
i: 211300, t:  499289.2 s, ωt:  49.93 (7.95 periods), wall: 28.276 minutes, Δt:   3.80, CFL: 9.00e-01
i: 211400, t:  499647.5 s, ωt:  49.96 (7.95 periods), wall: 28.290 minutes, Δt:   3.21, CFL: 9.00e-01
i: 211500, t:  500013.8 s, ωt:  50.00 (7.96 periods), wall: 28.304 minutes, Δt:   3.50, CFL: 9.00e-01
i: 211600, t:  500428.8 s, ωt:  50.04 (7.96 periods), wall: 28.318 minutes, Δt:   3.73, CFL: 9.00e-01
i: 211700, t:  500894.4 s, ωt:  50.09 (7.97 periods), wall: 28.336 minutes, Δt:   4.00, CFL: 9.00e-01
i: 211800, t:  501360.0 s, ωt:  50.14 (7.98 periods), wall: 28.349 minutes, Δt:   5.15, CFL: 9.00e-01
i: 211900, t:  502015.8 s, ωt:  50.20 (7.99 periods), wall: 28.367 minutes, Δt:   7.84, CFL: 9.00e-01
  Activating project at `/cephfs/store/damtp/tll46/SRIM-2026/Stokes/3D`
[ Info: Oceananigans will use 4 threads
┌ Warning: CUDA runtime library `libcusparse.so.12` was loaded from a system path, `/usr/local/software/spack/2024.2/views/maths/cuda-12.6.3/gcc-11.4.0/leehydd5fuufm35ohlbwth2mqtadrq3f/lib64/libcusparse.so.12`.
│ This may cause errors.
│ 
│ If you're running under a profiler, this situation is expected. Otherwise,
│ ensure that your library path environment variable (e.g., `PATH` on Windows
│ or `LD_LIBRARY_PATH` on Linux) does not include CUDA library paths.
│ 
│ In any other case, please file an issue.
└ @ CUDACore ~/.julia/packages/CUDACore/NlVPI/src/initialization.jl:199
┌ Warning: CUDA runtime library `libnvJitLink.so.12` was loaded from a system path, `/usr/local/software/spack/2024.2/views/maths/cuda-12.6.3/gcc-11.4.0/leehydd5fuufm35ohlbwth2mqtadrq3f/lib64/libnvJitLink.so.12`.
│ This may cause errors.
│ 
│ If you're running under a profiler, this situation is expected. Otherwise,
│ ensure that your library path environment variable (e.g., `PATH` on Windows
│ or `LD_LIBRARY_PATH` on Linux) does not include CUDA library paths.
│ 
│ In any other case, please file an issue.
└ @ CUDACore ~/.julia/packages/CUDACore/NlVPI/src/initialization.jl:199
[ Info: Case P4_T30_sqrtRi2: Ri = 4 (√Ri = 2), N² = 4e-08 s⁻², δ_s = 0.1414 m, Re_s = 5657
[ Info: Domain 10.000 × 10.000 × 50.000 m = 71 × 71 × 354 δ_s (physical), + 70.7 δ_s sponge on top → grid top 424 δ_s, 8 periods
[ Info: Analysed/plotted section: 0 – 40.00 m = 283 δ_s (pycnocline at T = 30.0 m)
[ Info: Background: softplus (profile 4), T = 30.0 m = 212.1 δ_s — N²_bg/N∞² = 0.000 at z = δ_s, 1.000 at z = Lz, 1.000 at lid; Δb over domain = 1.2e-06 m s⁻²
[ Info: Bottom Δz = 0.0121 m = 0.085 δ_s (11.7 points across δ_s); 248 cells below z = 283 δ_s; 269 physical + 21 sponge cells (sponge Δz = 3.367 δ_s)
[ Info: Δx = 0.2083 m = 1.47 δ_s, Δy = 0.2083 m = 1.47 δ_s
[ Info: Pycnocline z = T = 30.0 m: Δz = 0.0727 m, transition width = 0.732 m → 10.1 cells across (band ±2.2 m)
[ Info: Initializing velocities from Ri=0 spin-up: outputs/spinup_T30/TidalBL3D_spinup_T30_fields.jld2
[ Info: Using snapshot 11/11 (t = 5.00 periods of the spin-up)
[ Info: Initializing simulation...
[ Info:     ... simulation initialization complete (20.777 seconds)
[ Info: Executing initial time step...
[ Info:     ... initial time step complete (5.196 seconds).
[ Info: Simulation is stopping after running for 28.170 minutes.
[ Info: Simulation time 5.818 days equals or exceeds stop time 5.818 days.
