
==============================================================================
==== 2026-08-19 02:49:50  Tidal3D.jl sqrtRi1
==== FIELDS3D=0  LIGHT_OUTPUT=1  MOMENTS=1  N_PERIODS=8  PROFILE=4  SPINUP_FILE=outputs/spinup_100x100x300_drag/TidalBL3D_spinup_100x100x300_drag_fields.jld2  T_STRAT=5
==============================================================================
i:      0, t:       0.0 s, ωt:   0.00 (0.00 periods), wall: 37.170 seconds, Δt:   1.20, CFL: 8.33e-02
i:    100, t:     311.5 s, ωt:   0.03 (0.00 periods), wall: 1.488 minutes, Δt:   7.43, CFL: 3.30e-01
i:    200, t:    1564.6 s, ωt:   0.16 (0.02 periods), wall: 1.521 minutes, Δt:  12.19, CFL: 9.00e-01
i:    300, t:    2556.7 s, ωt:   0.26 (0.04 periods), wall: 1.553 minutes, Δt:   8.41, CFL: 9.00e-01
i:    400, t:    3294.6 s, ωt:   0.33 (0.05 periods), wall: 1.584 minutes, Δt:   6.75, CFL: 9.00e-01
i:    500, t:    3911.8 s, ωt:   0.39 (0.06 periods), wall: 1.613 minutes, Δt:   5.77, CFL: 9.00e-01
i:    600, t:    4450.1 s, ωt:   0.45 (0.07 periods), wall: 1.643 minutes, Δt:   5.14, CFL: 9.00e-01
i:    700, t:    4937.6 s, ωt:   0.49 (0.08 periods), wall: 1.672 minutes, Δt:   4.67, CFL: 9.00e-01
i:    800, t:    5384.3 s, ωt:   0.54 (0.09 periods), wall: 1.703 minutes, Δt:   4.32, CFL: 9.00e-01
i:    900, t:    5802.8 s, ωt:   0.58 (0.09 periods), wall: 1.731 minutes, Δt:   4.05, CFL: 9.00e-01
i:   1000, t:    6195.4 s, ωt:   0.62 (0.10 periods), wall: 1.759 minutes, Δt:   3.83, CFL: 9.00e-01
i:   1100, t:    6562.6 s, ωt:   0.66 (0.10 periods), wall: 1.788 minutes, Δt:   3.65, CFL: 9.00e-01
i:   1200, t:    6918.5 s, ωt:   0.69 (0.11 periods), wall: 1.818 minutes, Δt:   3.49, CFL: 9.00e-01
i:   1300, t:    7259.4 s, ωt:   0.73 (0.12 periods), wall: 1.847 minutes, Δt:   3.36, CFL: 9.00e-01
i:   1400, t:    7588.7 s, ωt:   0.76 (0.12 periods), wall: 1.876 minutes, Δt:   3.24, CFL: 9.00e-01
i:   1500, t:    7907.6 s, ωt:   0.79 (0.13 periods), wall: 1.904 minutes, Δt:   3.14, CFL: 9.00e-01
i:   1600, t:    8217.1 s, ωt:   0.82 (0.13 periods), wall: 1.932 minutes, Δt:   3.05, CFL: 9.00e-01
i:   1700, t:    8518.0 s, ωt:   0.85 (0.14 periods), wall: 1.961 minutes, Δt:   2.97, CFL: 9.00e-01
i:   1800, t:    8811.0 s, ωt:   0.88 (0.14 periods), wall: 1.989 minutes, Δt:   2.90, CFL: 9.00e-01
i:   1900, t:    9097.7 s, ωt:   0.91 (0.14 periods), wall: 2.016 minutes, Δt:   2.83, CFL: 9.00e-01
i:   2000, t:    9377.1 s, ωt:   0.94 (0.15 periods), wall: 2.045 minutes, Δt:   2.77, CFL: 9.00e-01
i:   2100, t:    9647.2 s, ωt:   0.96 (0.15 periods), wall: 2.073 minutes, Δt:   2.72, CFL: 9.00e-01
i:   2200, t:    9916.6 s, ωt:   0.99 (0.16 periods), wall: 2.102 minutes, Δt:   2.67, CFL: 9.00e-01
i:   2300, t:   10179.9 s, ωt:   1.02 (0.16 periods), wall: 2.130 minutes, Δt:   2.63, CFL: 9.00e-01
i:   2400, t:   10440.0 s, ωt:   1.04 (0.17 periods), wall: 2.159 minutes, Δt:   2.59, CFL: 9.00e-01
i:   2500, t:   10696.8 s, ωt:   1.07 (0.17 periods), wall: 2.188 minutes, Δt:   2.55, CFL: 9.00e-01
i:   2600, t:   10950.4 s, ωt:   1.10 (0.17 periods), wall: 2.215 minutes, Δt:   2.52, CFL: 9.00e-01
i:   2700, t:   11200.7 s, ωt:   1.12 (0.18 periods), wall: 2.243 minutes, Δt:   2.49, CFL: 9.00e-01
i:   2800, t:   11448.0 s, ωt:   1.14 (0.18 periods), wall: 2.272 minutes, Δt:   2.46, CFL: 9.00e-01
i:   2900, t:   11692.2 s, ωt:   1.17 (0.19 periods), wall: 2.300 minutes, Δt:   2.43, CFL: 9.00e-01
i:   3000, t:   11934.5 s, ωt:   1.19 (0.19 periods), wall: 2.327 minutes, Δt:   2.41, CFL: 9.00e-01
i:   3100, t:   12173.3 s, ωt:   1.22 (0.19 periods), wall: 2.355 minutes, Δt:   2.39, CFL: 9.00e-01
i:   3200, t:   12409.0 s, ωt:   1.24 (0.20 periods), wall: 2.384 minutes, Δt:   2.37, CFL: 9.00e-01
i:   3300, t:   12641.7 s, ωt:   1.26 (0.20 periods), wall: 2.412 minutes, Δt:   2.35, CFL: 9.00e-01
i:   3400, t:   12876.0 s, ωt:   1.29 (0.20 periods), wall: 2.439 minutes, Δt:   2.33, CFL: 9.00e-01
i:   3500, t:   13108.5 s, ωt:   1.31 (0.21 periods), wall: 2.468 minutes, Δt:   2.32, CFL: 9.00e-01
i:   3600, t:   13337.9 s, ωt:   1.33 (0.21 periods), wall: 2.496 minutes, Δt:   2.30, CFL: 9.00e-01
i:   3700, t:   13566.1 s, ωt:   1.36 (0.22 periods), wall: 2.536 minutes, Δt:   2.29, CFL: 9.00e-01
i:   3800, t:   13794.2 s, ωt:   1.38 (0.22 periods), wall: 2.563 minutes, Δt:   2.27, CFL: 9.00e-01
i:   3900, t:   14017.7 s, ωt:   1.40 (0.22 periods), wall: 2.591 minutes, Δt:   1.85, CFL: 9.00e-01
i:   4000, t:   14167.0 s, ωt:   1.42 (0.23 periods), wall: 2.620 minutes, Δt:   1.28, CFL: 9.00e-01
i:   4100, t:   14277.8 s, ωt:   1.43 (0.23 periods), wall: 2.647 minutes, Δt:   0.92, CFL: 9.00e-01
i:   4200, t:   14357.0 s, ωt:   1.44 (0.23 periods), wall: 2.674 minutes, Δt:   0.86, CFL: 9.00e-01
i:   4300, t:   14437.5 s, ωt:   1.44 (0.23 periods), wall: 2.701 minutes, Δt:   0.77, CFL: 9.00e-01
i:   4400, t:   14512.4 s, ωt:   1.45 (0.23 periods), wall: 2.729 minutes, Δt:   0.77, CFL: 9.00e-01
i:   4500, t:   14585.1 s, ωt:   1.46 (0.23 periods), wall: 2.756 minutes, Δt:   0.66, CFL: 9.00e-01
i:   4600, t:   14650.8 s, ωt:   1.47 (0.23 periods), wall: 2.783 minutes, Δt:   0.67, CFL: 9.00e-01
i:   4700, t:   14725.8 s, ωt:   1.47 (0.23 periods), wall: 2.810 minutes, Δt:   0.75, CFL: 9.00e-01
i:   4800, t:   14792.9 s, ωt:   1.48 (0.24 periods), wall: 2.839 minutes, Δt:   0.78, CFL: 9.00e-01
i:   4900, t:   14863.3 s, ωt:   1.49 (0.24 periods), wall: 2.866 minutes, Δt:   0.66, CFL: 9.00e-01
i:   5000, t:   14933.4 s, ωt:   1.49 (0.24 periods), wall: 2.893 minutes, Δt:   0.76, CFL: 9.00e-01
i:   5100, t:   15003.4 s, ωt:   1.50 (0.24 periods), wall: 2.920 minutes, Δt:   0.77, CFL: 9.00e-01
i:   5200, t:   15074.3 s, ωt:   1.51 (0.24 periods), wall: 2.947 minutes, Δt:   0.65, CFL: 9.00e-01
i:   5300, t:   15142.6 s, ωt:   1.51 (0.24 periods), wall: 2.975 minutes, Δt:   0.64, CFL: 9.00e-01
i:   5400, t:   15205.8 s, ωt:   1.52 (0.24 periods), wall: 3.002 minutes, Δt:   0.71, CFL: 9.00e-01
i:   5500, t:   15269.1 s, ωt:   1.53 (0.24 periods), wall: 3.030 minutes, Δt:   0.49, CFL: 9.00e-01
i:   5600, t:   15328.6 s, ωt:   1.53 (0.24 periods), wall: 3.057 minutes, Δt:   0.65, CFL: 9.00e-01
i:   5700, t:   15393.8 s, ωt:   1.54 (0.24 periods), wall: 3.084 minutes, Δt:   0.65, CFL: 9.00e-01
i:   5800, t:   15459.9 s, ωt:   1.55 (0.25 periods), wall: 3.112 minutes, Δt:   0.63, CFL: 9.00e-01
i:   5900, t:   15526.8 s, ωt:   1.55 (0.25 periods), wall: 3.139 minutes, Δt:   0.68, CFL: 9.00e-01
i:   6000, t:   15592.5 s, ωt:   1.56 (0.25 periods), wall: 3.166 minutes, Δt:   0.50, CFL: 9.00e-01
i:   6100, t:   15657.2 s, ωt:   1.57 (0.25 periods), wall: 3.193 minutes, Δt:   0.64, CFL: 9.00e-01
i:   6200, t:   15722.9 s, ωt:   1.57 (0.25 periods), wall: 3.222 minutes, Δt:   0.64, CFL: 9.00e-01
i:   6300, t:   15791.4 s, ωt:   1.58 (0.25 periods), wall: 3.249 minutes, Δt:   0.66, CFL: 9.00e-01
i:   6400, t:   15862.7 s, ωt:   1.59 (0.25 periods), wall: 3.276 minutes, Δt:   0.69, CFL: 9.00e-01
i:   6500, t:   15925.9 s, ωt:   1.59 (0.25 periods), wall: 3.303 minutes, Δt:   0.68, CFL: 9.00e-01
i:   6600, t:   15994.4 s, ωt:   1.60 (0.25 periods), wall: 3.331 minutes, Δt:   0.78, CFL: 9.00e-01
i:   6700, t:   16062.5 s, ωt:   1.61 (0.26 periods), wall: 3.359 minutes, Δt:   0.76, CFL: 9.00e-01
i:   6800, t:   16140.1 s, ωt:   1.61 (0.26 periods), wall: 3.386 minutes, Δt:   0.87, CFL: 9.00e-01
i:   6900, t:   16220.0 s, ωt:   1.62 (0.26 periods), wall: 3.413 minutes, Δt:   0.74, CFL: 9.00e-01
i:   7000, t:   16301.5 s, ωt:   1.63 (0.26 periods), wall: 3.440 minutes, Δt:   0.88, CFL: 9.00e-01
i:   7100, t:   16385.0 s, ωt:   1.64 (0.26 periods), wall: 3.469 minutes, Δt:   0.84, CFL: 9.00e-01
i:   7200, t:   16468.3 s, ωt:   1.65 (0.26 periods), wall: 3.496 minutes, Δt:   0.78, CFL: 9.00e-01
i:   7300, t:   16553.2 s, ωt:   1.66 (0.26 periods), wall: 3.523 minutes, Δt:   0.86, CFL: 9.00e-01
i:   7400, t:   16639.0 s, ωt:   1.66 (0.26 periods), wall: 3.550 minutes, Δt:   0.88, CFL: 9.00e-01
i:   7500, t:   16721.5 s, ωt:   1.67 (0.27 periods), wall: 3.578 minutes, Δt:   0.94, CFL: 9.00e-01
i:   7600, t:   16804.9 s, ωt:   1.68 (0.27 periods), wall: 3.605 minutes, Δt:   0.89, CFL: 9.00e-01
i:   7700, t:   16886.2 s, ωt:   1.69 (0.27 periods), wall: 3.632 minutes, Δt:   0.72, CFL: 9.00e-01
i:   7800, t:   16967.2 s, ωt:   1.70 (0.27 periods), wall: 3.662 minutes, Δt:   0.89, CFL: 9.00e-01
i:   7900, t:   17059.0 s, ωt:   1.71 (0.27 periods), wall: 3.689 minutes, Δt:   0.78, CFL: 9.00e-01
i:   8000, t:   17142.4 s, ωt:   1.71 (0.27 periods), wall: 3.716 minutes, Δt:   0.93, CFL: 9.00e-01
i:   8100, t:   17232.3 s, ωt:   1.72 (0.27 periods), wall: 3.743 minutes, Δt:   0.92, CFL: 9.00e-01
i:   8200, t:   17319.7 s, ωt:   1.73 (0.28 periods), wall: 3.772 minutes, Δt:   0.85, CFL: 9.00e-01
i:   8300, t:   17407.6 s, ωt:   1.74 (0.28 periods), wall: 3.799 minutes, Δt:   0.81, CFL: 9.00e-01
i:   8400, t:   17491.8 s, ωt:   1.75 (0.28 periods), wall: 3.826 minutes, Δt:   0.90, CFL: 9.00e-01
i:   8500, t:   17579.4 s, ωt:   1.76 (0.28 periods), wall: 3.853 minutes, Δt:   0.95, CFL: 9.00e-01
i:   8600, t:   17667.4 s, ωt:   1.77 (0.28 periods), wall: 3.882 minutes, Δt:   0.98, CFL: 9.00e-01
i:   8700, t:   17755.6 s, ωt:   1.78 (0.28 periods), wall: 3.909 minutes, Δt:   0.92, CFL: 9.00e-01
i:   8800, t:   17846.2 s, ωt:   1.78 (0.28 periods), wall: 3.936 minutes, Δt:   0.79, CFL: 9.00e-01
i:   8900, t:   17922.1 s, ωt:   1.79 (0.29 periods), wall: 3.964 minutes, Δt:   0.80, CFL: 9.00e-01
i:   9000, t:   18009.7 s, ωt:   1.80 (0.29 periods), wall: 3.991 minutes, Δt:   0.75, CFL: 9.00e-01
i:   9100, t:   18098.7 s, ωt:   1.81 (0.29 periods), wall: 4.018 minutes, Δt:   0.87, CFL: 9.00e-01
i:   9200, t:   18189.2 s, ωt:   1.82 (0.29 periods), wall: 4.046 minutes, Δt:   0.97, CFL: 9.00e-01
i:   9300, t:   18274.7 s, ωt:   1.83 (0.29 periods), wall: 4.074 minutes, Δt:   0.79, CFL: 9.00e-01
i:   9400, t:   18356.5 s, ωt:   1.84 (0.29 periods), wall: 4.101 minutes, Δt:   0.84, CFL: 9.00e-01
i:   9500, t:   18451.5 s, ωt:   1.85 (0.29 periods), wall: 4.128 minutes, Δt:   0.84, CFL: 9.00e-01
i:   9600, t:   18539.9 s, ωt:   1.85 (0.30 periods), wall: 4.157 minutes, Δt:   0.91, CFL: 9.00e-01
i:   9700, t:   18634.0 s, ωt:   1.86 (0.30 periods), wall: 4.184 minutes, Δt:   0.81, CFL: 9.00e-01
i:   9800, t:   18717.2 s, ωt:   1.87 (0.30 periods), wall: 4.211 minutes, Δt:   0.90, CFL: 9.00e-01
i:   9900, t:   18805.6 s, ωt:   1.88 (0.30 periods), wall: 4.238 minutes, Δt:   1.06, CFL: 9.00e-01
i:  10000, t:   18900.1 s, ωt:   1.89 (0.30 periods), wall: 4.267 minutes, Δt:   0.85, CFL: 9.00e-01
i:  10100, t:   18994.4 s, ωt:   1.90 (0.30 periods), wall: 4.294 minutes, Δt:   0.96, CFL: 9.00e-01
i:  10200, t:   19089.3 s, ωt:   1.91 (0.30 periods), wall: 4.321 minutes, Δt:   0.94, CFL: 9.00e-01
i:  10300, t:   19184.0 s, ωt:   1.92 (0.31 periods), wall: 4.349 minutes, Δt:   0.93, CFL: 9.00e-01
i:  10400, t:   19270.3 s, ωt:   1.93 (0.31 periods), wall: 4.376 minutes, Δt:   0.80, CFL: 9.00e-01
i:  10500, t:   19360.1 s, ωt:   1.94 (0.31 periods), wall: 4.403 minutes, Δt:   0.95, CFL: 9.00e-01
i:  10600, t:   19454.2 s, ωt:   1.95 (0.31 periods), wall: 4.430 minutes, Δt:   0.96, CFL: 9.00e-01
i:  10700, t:   19551.3 s, ωt:   1.96 (0.31 periods), wall: 4.459 minutes, Δt:   0.94, CFL: 9.00e-01
i:  10800, t:   19642.8 s, ωt:   1.96 (0.31 periods), wall: 4.486 minutes, Δt:   1.04, CFL: 9.00e-01
i:  10900, t:   19746.9 s, ωt:   1.97 (0.31 periods), wall: 4.513 minutes, Δt:   1.06, CFL: 9.00e-01
i:  11000, t:   19836.4 s, ωt:   1.98 (0.32 periods), wall: 4.541 minutes, Δt:   0.88, CFL: 9.00e-01
i:  11100, t:   19931.3 s, ωt:   1.99 (0.32 periods), wall: 4.568 minutes, Δt:   0.99, CFL: 9.00e-01
i:  11200, t:   20035.8 s, ωt:   2.00 (0.32 periods), wall: 4.595 minutes, Δt:   0.99, CFL: 9.00e-01
i:  11300, t:   20127.2 s, ωt:   2.01 (0.32 periods), wall: 4.624 minutes, Δt:   1.04, CFL: 9.00e-01
i:  11400, t:   20227.2 s, ωt:   2.02 (0.32 periods), wall: 4.651 minutes, Δt:   1.08, CFL: 9.00e-01
i:  11500, t:   20330.5 s, ωt:   2.03 (0.32 periods), wall: 4.678 minutes, Δt:   1.01, CFL: 9.00e-01
i:  11600, t:   20430.4 s, ωt:   2.04 (0.33 periods), wall: 4.706 minutes, Δt:   1.03, CFL: 9.00e-01
i:  11700, t:   20537.3 s, ωt:   2.05 (0.33 periods), wall: 4.733 minutes, Δt:   1.05, CFL: 9.00e-01
i:  11800, t:   20643.6 s, ωt:   2.06 (0.33 periods), wall: 4.760 minutes, Δt:   1.16, CFL: 9.00e-01
i:  11900, t:   20738.2 s, ωt:   2.07 (0.33 periods), wall: 4.789 minutes, Δt:   1.03, CFL: 9.00e-01
i:  12000, t:   20841.6 s, ωt:   2.08 (0.33 periods), wall: 4.816 minutes, Δt:   1.07, CFL: 9.00e-01
i:  12100, t:   20944.0 s, ωt:   2.09 (0.33 periods), wall: 4.843 minutes, Δt:   0.99, CFL: 9.00e-01
i:  12200, t:   21046.4 s, ωt:   2.10 (0.33 periods), wall: 4.870 minutes, Δt:   1.08, CFL: 9.00e-01
i:  12300, t:   21157.6 s, ωt:   2.12 (0.34 periods), wall: 4.899 minutes, Δt:   1.09, CFL: 9.00e-01
i:  12400, t:   21264.6 s, ωt:   2.13 (0.34 periods), wall: 4.926 minutes, Δt:   1.05, CFL: 9.00e-01
i:  12500, t:   21366.6 s, ωt:   2.14 (0.34 periods), wall: 4.954 minutes, Δt:   0.90, CFL: 9.00e-01
i:  12600, t:   21465.0 s, ωt:   2.15 (0.34 periods), wall: 4.981 minutes, Δt:   1.07, CFL: 9.00e-01
i:  12700, t:   21564.5 s, ωt:   2.16 (0.34 periods), wall: 5.009 minutes, Δt:   1.00, CFL: 9.00e-01
i:  12800, t:   21664.5 s, ωt:   2.17 (0.34 periods), wall: 5.036 minutes, Δt:   1.02, CFL: 9.00e-01
i:  12900, t:   21774.1 s, ωt:   2.18 (0.35 periods), wall: 5.064 minutes, Δt:   1.05, CFL: 9.00e-01
i:  13000, t:   21886.6 s, ωt:   2.19 (0.35 periods), wall: 5.091 minutes, Δt:   1.09, CFL: 9.00e-01
i:  13100, t:   21998.6 s, ωt:   2.20 (0.35 periods), wall: 5.119 minutes, Δt:   0.94, CFL: 9.00e-01
i:  13200, t:   22110.0 s, ωt:   2.21 (0.35 periods), wall: 5.147 minutes, Δt:   1.16, CFL: 9.00e-01
i:  13300, t:   22229.7 s, ωt:   2.22 (0.35 periods), wall: 5.174 minutes, Δt:   1.18, CFL: 9.00e-01
i:  13400, t:   22337.9 s, ωt:   2.23 (0.36 periods), wall: 5.204 minutes, Δt:   0.93, CFL: 9.00e-01
i:  13500, t:   22438.8 s, ωt:   2.24 (0.36 periods), wall: 5.231 minutes, Δt:   1.15, CFL: 9.00e-01
i:  13600, t:   22543.5 s, ωt:   2.25 (0.36 periods), wall: 5.258 minutes, Δt:   1.10, CFL: 9.00e-01
i:  13700, t:   22654.7 s, ωt:   2.27 (0.36 periods), wall: 5.286 minutes, Δt:   1.12, CFL: 9.00e-01
i:  13800, t:   22770.4 s, ωt:   2.28 (0.36 periods), wall: 5.313 minutes, Δt:   1.18, CFL: 9.00e-01
i:  13900, t:   22885.4 s, ωt:   2.29 (0.36 periods), wall: 5.341 minutes, Δt:   1.25, CFL: 9.00e-01
i:  14000, t:   23003.3 s, ωt:   2.30 (0.37 periods), wall: 5.369 minutes, Δt:   1.19, CFL: 9.00e-01
i:  14100, t:   23125.7 s, ωt:   2.31 (0.37 periods), wall: 5.396 minutes, Δt:   1.12, CFL: 9.00e-01
i:  14200, t:   23245.1 s, ωt:   2.32 (0.37 periods), wall: 5.423 minutes, Δt:   1.15, CFL: 9.00e-01
i:  14300, t:   23373.8 s, ωt:   2.34 (0.37 periods), wall: 5.452 minutes, Δt:   1.31, CFL: 9.00e-01
i:  14400, t:   23498.2 s, ωt:   2.35 (0.37 periods), wall: 5.479 minutes, Δt:   1.29, CFL: 9.00e-01
i:  14500, t:   23614.5 s, ωt:   2.36 (0.38 periods), wall: 5.509 minutes, Δt:   1.19, CFL: 9.00e-01
i:  14600, t:   23741.8 s, ωt:   2.37 (0.38 periods), wall: 5.536 minutes, Δt:   1.26, CFL: 9.00e-01
i:  14700, t:   23871.0 s, ωt:   2.39 (0.38 periods), wall: 5.563 minutes, Δt:   1.38, CFL: 9.00e-01
i:  14800, t:   24007.4 s, ωt:   2.40 (0.38 periods), wall: 5.592 minutes, Δt:   1.30, CFL: 9.00e-01
i:  14900, t:   24147.2 s, ωt:   2.41 (0.38 periods), wall: 5.619 minutes, Δt:   1.45, CFL: 9.00e-01
i:  15000, t:   24283.9 s, ωt:   2.43 (0.39 periods), wall: 5.647 minutes, Δt:   1.22, CFL: 9.00e-01
i:  15100, t:   24417.1 s, ωt:   2.44 (0.39 periods), wall: 5.674 minutes, Δt:   1.32, CFL: 9.00e-01
i:  15200, t:   24558.6 s, ωt:   2.46 (0.39 periods), wall: 5.703 minutes, Δt:   1.42, CFL: 9.00e-01
i:  15300, t:   24692.8 s, ωt:   2.47 (0.39 periods), wall: 5.730 minutes, Δt:   1.35, CFL: 9.00e-01
i:  15400, t:   24838.7 s, ωt:   2.48 (0.40 periods), wall: 5.758 minutes, Δt:   1.39, CFL: 9.00e-01
i:  15500, t:   24975.9 s, ωt:   2.50 (0.40 periods), wall: 5.786 minutes, Δt:   1.31, CFL: 9.00e-01
i:  15600, t:   25118.4 s, ωt:   2.51 (0.40 periods), wall: 5.813 minutes, Δt:   1.44, CFL: 9.00e-01
i:  15700, t:   25270.4 s, ωt:   2.53 (0.40 periods), wall: 5.844 minutes, Δt:   1.43, CFL: 9.00e-01
i:  15800, t:   25419.9 s, ωt:   2.54 (0.40 periods), wall: 5.871 minutes, Δt:   1.56, CFL: 9.00e-01
i:  15900, t:   25566.4 s, ωt:   2.56 (0.41 periods), wall: 5.900 minutes, Δt:   1.42, CFL: 9.00e-01
i:  16000, t:   25714.9 s, ωt:   2.57 (0.41 periods), wall: 5.927 minutes, Δt:   1.39, CFL: 9.00e-01
i:  16100, t:   25863.6 s, ωt:   2.59 (0.41 periods), wall: 5.955 minutes, Δt:   1.39, CFL: 9.00e-01
i:  16200, t:   26023.5 s, ωt:   2.60 (0.41 periods), wall: 5.982 minutes, Δt:   1.76, CFL: 9.00e-01
i:  16300, t:   26195.1 s, ωt:   2.62 (0.42 periods), wall: 6.012 minutes, Δt:   1.72, CFL: 9.00e-01
i:  16400, t:   26363.6 s, ωt:   2.64 (0.42 periods), wall: 6.039 minutes, Δt:   1.76, CFL: 9.00e-01
i:  16500, t:   26538.9 s, ωt:   2.65 (0.42 periods), wall: 6.067 minutes, Δt:   1.73, CFL: 9.00e-01
i:  16600, t:   26708.9 s, ωt:   2.67 (0.43 periods), wall: 6.096 minutes, Δt:   1.83, CFL: 9.00e-01
i:  16700, t:   26904.4 s, ωt:   2.69 (0.43 periods), wall: 6.123 minutes, Δt:   1.86, CFL: 9.00e-01
i:  16800, t:   27096.3 s, ωt:   2.71 (0.43 periods), wall: 6.153 minutes, Δt:   2.01, CFL: 9.00e-01
i:  16900, t:   27265.4 s, ωt:   2.73 (0.43 periods), wall: 6.180 minutes, Δt:   2.07, CFL: 9.00e-01
i:  17000, t:   27468.1 s, ωt:   2.75 (0.44 periods), wall: 6.209 minutes, Δt:   1.94, CFL: 9.00e-01
i:  17100, t:   27680.6 s, ωt:   2.77 (0.44 periods), wall: 6.238 minutes, Δt:   2.02, CFL: 9.00e-01
i:  17200, t:   27898.1 s, ωt:   2.79 (0.44 periods), wall: 6.265 minutes, Δt:   2.43, CFL: 9.00e-01
i:  17300, t:   28126.9 s, ωt:   2.81 (0.45 periods), wall: 6.293 minutes, Δt:   2.06, CFL: 9.00e-01
i:  17400, t:   28344.3 s, ωt:   2.83 (0.45 periods), wall: 6.322 minutes, Δt:   2.62, CFL: 9.00e-01
i:  17500, t:   28606.4 s, ωt:   2.86 (0.46 periods), wall: 6.351 minutes, Δt:   2.52, CFL: 9.00e-01
i:  17600, t:   28846.5 s, ωt:   2.88 (0.46 periods), wall: 6.378 minutes, Δt:   2.56, CFL: 9.00e-01
i:  17700, t:   29126.0 s, ωt:   2.91 (0.46 periods), wall: 6.407 minutes, Δt:   2.98, CFL: 9.00e-01
i:  17800, t:   29410.7 s, ωt:   2.94 (0.47 periods), wall: 6.436 minutes, Δt:   3.34, CFL: 9.00e-01
i:  17900, t:   29765.1 s, ωt:   2.98 (0.47 periods), wall: 6.465 minutes, Δt:   3.00, CFL: 9.00e-01
i:  18000, t:   30102.9 s, ωt:   3.01 (0.48 periods), wall: 6.493 minutes, Δt:   3.62, CFL: 9.00e-01
i:  18100, t:   30485.3 s, ωt:   3.05 (0.49 periods), wall: 6.524 minutes, Δt:   3.89, CFL: 9.00e-01
i:  18200, t:   30889.1 s, ωt:   3.09 (0.49 periods), wall: 6.553 minutes, Δt:   3.94, CFL: 9.00e-01
i:  18300, t:   31275.9 s, ωt:   3.13 (0.50 periods), wall: 6.582 minutes, Δt:   3.92, CFL: 9.00e-01
i:  18400, t:   31624.9 s, ωt:   3.16 (0.50 periods), wall: 6.641 minutes, Δt:   2.87, CFL: 9.00e-01
i:  18500, t:   31897.4 s, ωt:   3.19 (0.51 periods), wall: 6.670 minutes, Δt:   2.77, CFL: 9.00e-01
i:  18600, t:   32192.3 s, ωt:   3.22 (0.51 periods), wall: 6.699 minutes, Δt:   3.40, CFL: 9.00e-01
i:  18700, t:   32525.6 s, ωt:   3.25 (0.52 periods), wall: 6.728 minutes, Δt:   3.45, CFL: 9.00e-01
i:  18800, t:   32858.8 s, ωt:   3.29 (0.52 periods), wall: 6.757 minutes, Δt:   2.94, CFL: 9.00e-01
i:  18900, t:   33148.8 s, ωt:   3.31 (0.53 periods), wall: 6.786 minutes, Δt:   2.39, CFL: 9.00e-01
i:  19000, t:   33393.9 s, ωt:   3.34 (0.53 periods), wall: 6.814 minutes, Δt:   2.37, CFL: 9.00e-01
i:  19100, t:   33650.8 s, ωt:   3.37 (0.54 periods), wall: 6.844 minutes, Δt:   2.52, CFL: 9.00e-01
i:  19200, t:   33902.4 s, ωt:   3.39 (0.54 periods), wall: 6.871 minutes, Δt:   2.42, CFL: 9.00e-01
i:  19300, t:   34099.9 s, ωt:   3.41 (0.54 periods), wall: 6.899 minutes, Δt:   2.12, CFL: 9.00e-01
i:  19400, t:   34301.8 s, ωt:   3.43 (0.55 periods), wall: 6.928 minutes, Δt:   2.14, CFL: 9.00e-01
i:  19500, t:   34491.4 s, ωt:   3.45 (0.55 periods), wall: 6.955 minutes, Δt:   1.82, CFL: 9.00e-01
i:  19600, t:   34675.5 s, ωt:   3.47 (0.55 periods), wall: 6.984 minutes, Δt:   1.68, CFL: 9.00e-01
i:  19700, t:   34862.6 s, ωt:   3.49 (0.55 periods), wall: 7.011 minutes, Δt:   1.85, CFL: 9.00e-01
i:  19800, t:   35035.6 s, ωt:   3.50 (0.56 periods), wall: 7.040 minutes, Δt:   1.79, CFL: 9.00e-01
i:  19900, t:   35215.8 s, ωt:   3.52 (0.56 periods), wall: 7.069 minutes, Δt:   1.78, CFL: 9.00e-01
i:  20000, t:   35380.0 s, ωt:   3.54 (0.56 periods), wall: 7.096 minutes, Δt:   1.69, CFL: 9.00e-01
i:  20100, t:   35548.6 s, ωt:   3.55 (0.57 periods), wall: 7.124 minutes, Δt:   1.55, CFL: 9.00e-01
i:  20200, t:   35708.5 s, ωt:   3.57 (0.57 periods), wall: 7.151 minutes, Δt:   1.58, CFL: 9.00e-01
i:  20300, t:   35870.6 s, ωt:   3.59 (0.57 periods), wall: 7.180 minutes, Δt:   1.52, CFL: 9.00e-01
i:  20400, t:   36012.6 s, ωt:   3.60 (0.57 periods), wall: 7.207 minutes, Δt:   1.49, CFL: 9.00e-01
i:  20500, t:   36168.8 s, ωt:   3.62 (0.58 periods), wall: 7.236 minutes, Δt:   1.53, CFL: 9.00e-01
i:  20600, t:   36308.8 s, ωt:   3.63 (0.58 periods), wall: 7.263 minutes, Δt:   1.65, CFL: 9.00e-01
i:  20700, t:   36458.3 s, ωt:   3.65 (0.58 periods), wall: 7.292 minutes, Δt:   1.21, CFL: 9.00e-01
i:  20800, t:   36605.6 s, ωt:   3.66 (0.58 periods), wall: 7.319 minutes, Δt:   1.56, CFL: 9.00e-01
i:  20900, t:   36750.4 s, ωt:   3.68 (0.58 periods), wall: 7.346 minutes, Δt:   1.38, CFL: 9.00e-01
i:  21000, t:   36887.1 s, ωt:   3.69 (0.59 periods), wall: 7.375 minutes, Δt:   1.27, CFL: 9.00e-01
i:  21100, t:   37026.7 s, ωt:   3.70 (0.59 periods), wall: 7.402 minutes, Δt:   1.34, CFL: 9.00e-01
i:  21200, t:   37164.7 s, ωt:   3.72 (0.59 periods), wall: 7.431 minutes, Δt:   1.31, CFL: 9.00e-01
i:  21300, t:   37293.4 s, ωt:   3.73 (0.59 periods), wall: 7.458 minutes, Δt:   1.15, CFL: 9.00e-01
i:  21400, t:   37415.4 s, ωt:   3.74 (0.60 periods), wall: 7.487 minutes, Δt:   1.31, CFL: 9.00e-01
i:  21500, t:   37549.6 s, ωt:   3.75 (0.60 periods), wall: 7.514 minutes, Δt:   1.20, CFL: 9.00e-01
i:  21600, t:   37674.4 s, ωt:   3.77 (0.60 periods), wall: 7.541 minutes, Δt:   1.12, CFL: 9.00e-01
i:  21700, t:   37786.6 s, ωt:   3.78 (0.60 periods), wall: 7.569 minutes, Δt:   1.17, CFL: 9.00e-01
i:  21800, t:   37899.3 s, ωt:   3.79 (0.60 periods), wall: 7.597 minutes, Δt:   1.24, CFL: 9.00e-01
i:  21900, t:   38020.7 s, ωt:   3.80 (0.61 periods), wall: 7.626 minutes, Δt:   1.14, CFL: 9.00e-01
i:  22000, t:   38141.9 s, ωt:   3.81 (0.61 periods), wall: 7.653 minutes, Δt:   1.21, CFL: 9.00e-01
i:  22100, t:   38255.6 s, ωt:   3.83 (0.61 periods), wall: 7.680 minutes, Δt:   1.02, CFL: 9.00e-01
i:  22200, t:   38370.5 s, ωt:   3.84 (0.61 periods), wall: 7.709 minutes, Δt:   1.20, CFL: 9.00e-01
i:  22300, t:   38485.9 s, ωt:   3.85 (0.61 periods), wall: 7.736 minutes, Δt:   1.23, CFL: 9.00e-01
i:  22400, t:   38604.1 s, ωt:   3.86 (0.61 periods), wall: 7.763 minutes, Δt:   1.10, CFL: 9.00e-01
i:  22500, t:   38717.4 s, ωt:   3.87 (0.62 periods), wall: 7.791 minutes, Δt:   1.13, CFL: 9.00e-01
i:  22600, t:   38832.7 s, ωt:   3.88 (0.62 periods), wall: 7.819 minutes, Δt:   1.15, CFL: 9.00e-01
i:  22700, t:   38937.9 s, ωt:   3.89 (0.62 periods), wall: 7.846 minutes, Δt:   1.17, CFL: 9.00e-01
i:  22800, t:   39047.5 s, ωt:   3.90 (0.62 periods), wall: 7.875 minutes, Δt:   1.02, CFL: 9.00e-01
i:  22900, t:   39159.6 s, ωt:   3.92 (0.62 periods), wall: 7.902 minutes, Δt:   1.10, CFL: 9.00e-01
i:  23000, t:   39267.7 s, ωt:   3.93 (0.62 periods), wall: 7.929 minutes, Δt:   1.07, CFL: 9.00e-01
i:  23100, t:   39375.4 s, ωt:   3.94 (0.63 periods), wall: 7.958 minutes, Δt:   0.97, CFL: 9.00e-01
i:  23200, t:   39476.4 s, ωt:   3.95 (0.63 periods), wall: 7.986 minutes, Δt:   1.10, CFL: 9.00e-01
i:  23300, t:   39584.1 s, ωt:   3.96 (0.63 periods), wall: 8.013 minutes, Δt:   1.05, CFL: 9.00e-01
i:  23400, t:   39692.3 s, ωt:   3.97 (0.63 periods), wall: 8.041 minutes, Δt:   1.07, CFL: 9.00e-01
i:  23500, t:   39791.7 s, ωt:   3.98 (0.63 periods), wall: 8.068 minutes, Δt:   1.01, CFL: 9.00e-01
i:  23600, t:   39894.1 s, ωt:   3.99 (0.63 periods), wall: 8.095 minutes, Δt:   1.08, CFL: 9.00e-01
i:  23700, t:   39991.8 s, ωt:   4.00 (0.64 periods), wall: 8.124 minutes, Δt:   0.96, CFL: 9.00e-01
i:  23800, t:   40097.0 s, ωt:   4.01 (0.64 periods), wall: 8.151 minutes, Δt:   1.05, CFL: 9.00e-01
i:  23900, t:   40198.1 s, ωt:   4.02 (0.64 periods), wall: 8.178 minutes, Δt:   1.00, CFL: 9.00e-01
i:  24000, t:   40298.3 s, ωt:   4.03 (0.64 periods), wall: 8.207 minutes, Δt:   0.99, CFL: 9.00e-01
i:  24100, t:   40396.8 s, ωt:   4.04 (0.64 periods), wall: 8.234 minutes, Δt:   0.96, CFL: 9.00e-01
i:  24200, t:   40499.0 s, ωt:   4.05 (0.64 periods), wall: 8.261 minutes, Δt:   1.10, CFL: 9.00e-01
i:  24300, t:   40601.8 s, ωt:   4.06 (0.65 periods), wall: 8.290 minutes, Δt:   1.02, CFL: 9.00e-01
i:  24400, t:   40704.3 s, ωt:   4.07 (0.65 periods), wall: 8.317 minutes, Δt:   1.02, CFL: 9.00e-01
i:  24500, t:   40802.7 s, ωt:   4.08 (0.65 periods), wall: 8.344 minutes, Δt:   0.92, CFL: 9.00e-01
i:  24600, t:   40892.6 s, ωt:   4.09 (0.65 periods), wall: 8.372 minutes, Δt:   0.80, CFL: 9.00e-01
i:  24700, t:   40984.9 s, ωt:   4.10 (0.65 periods), wall: 8.400 minutes, Δt:   1.05, CFL: 9.00e-01
i:  24800, t:   41081.9 s, ωt:   4.11 (0.65 periods), wall: 8.427 minutes, Δt:   0.97, CFL: 9.00e-01
i:  24900, t:   41180.6 s, ωt:   4.12 (0.66 periods), wall: 8.455 minutes, Δt:   0.91, CFL: 9.00e-01
i:  25000, t:   41269.1 s, ωt:   4.13 (0.66 periods), wall: 8.482 minutes, Δt:   0.90, CFL: 9.00e-01
i:  25100, t:   41364.3 s, ωt:   4.14 (0.66 periods), wall: 8.509 minutes, Δt:   0.95, CFL: 9.00e-01
i:  25200, t:   41458.4 s, ωt:   4.15 (0.66 periods), wall: 8.536 minutes, Δt:   0.84, CFL: 9.00e-01
i:  25300, t:   41552.2 s, ωt:   4.16 (0.66 periods), wall: 8.565 minutes, Δt:   0.88, CFL: 9.00e-01
i:  25400, t:   41643.4 s, ωt:   4.16 (0.66 periods), wall: 8.592 minutes, Δt:   0.94, CFL: 9.00e-01
i:  25500, t:   41740.4 s, ωt:   4.17 (0.66 periods), wall: 8.619 minutes, Δt:   0.92, CFL: 9.00e-01
i:  25600, t:   41829.6 s, ωt:   4.18 (0.67 periods), wall: 8.648 minutes, Δt:   0.98, CFL: 9.00e-01
i:  25700, t:   41924.2 s, ωt:   4.19 (0.67 periods), wall: 8.675 minutes, Δt:   0.78, CFL: 9.00e-01
i:  25800, t:   42009.6 s, ωt:   4.20 (0.67 periods), wall: 8.702 minutes, Δt:   0.81, CFL: 9.00e-01
i:  25900, t:   42089.5 s, ωt:   4.21 (0.67 periods), wall: 8.729 minutes, Δt:   0.92, CFL: 9.00e-01
i:  26000, t:   42183.6 s, ωt:   4.22 (0.67 periods), wall: 8.758 minutes, Δt:   0.91, CFL: 9.00e-01
i:  26100, t:   42277.9 s, ωt:   4.23 (0.67 periods), wall: 8.785 minutes, Δt:   0.96, CFL: 9.00e-01
i:  26200, t:   42369.3 s, ωt:   4.24 (0.67 periods), wall: 8.812 minutes, Δt:   0.97, CFL: 9.00e-01
i:  26300, t:   42451.0 s, ωt:   4.25 (0.68 periods), wall: 8.841 minutes, Δt:   0.74, CFL: 9.00e-01
i:  26400, t:   42536.6 s, ωt:   4.25 (0.68 periods), wall: 8.868 minutes, Δt:   0.91, CFL: 9.00e-01
i:  26500, t:   42624.3 s, ωt:   4.26 (0.68 periods), wall: 8.895 minutes, Δt:   0.77, CFL: 9.00e-01
i:  26600, t:   42710.5 s, ωt:   4.27 (0.68 periods), wall: 8.922 minutes, Δt:   0.84, CFL: 9.00e-01
i:  26700, t:   42794.4 s, ωt:   4.28 (0.68 periods), wall: 8.952 minutes, Δt:   0.92, CFL: 9.00e-01
i:  26800, t:   42882.3 s, ωt:   4.29 (0.68 periods), wall: 8.979 minutes, Δt:   0.87, CFL: 9.00e-01
i:  26900, t:   42965.6 s, ωt:   4.30 (0.68 periods), wall: 9.006 minutes, Δt:   0.91, CFL: 9.00e-01
i:  27000, t:   43056.9 s, ωt:   4.31 (0.69 periods), wall: 9.035 minutes, Δt:   0.95, CFL: 9.00e-01
i:  27100, t:   43147.7 s, ωt:   4.31 (0.69 periods), wall: 9.062 minutes, Δt:   0.94, CFL: 9.00e-01
i:  27200, t:   43232.6 s, ωt:   4.32 (0.69 periods), wall: 9.089 minutes, Δt:   0.90, CFL: 9.00e-01
i:  27300, t:   43322.6 s, ωt:   4.33 (0.69 periods), wall: 9.116 minutes, Δt:   0.86, CFL: 9.00e-01
i:  27400, t:   43402.8 s, ωt:   4.34 (0.69 periods), wall: 9.146 minutes, Δt:   0.68, CFL: 9.00e-01
i:  27500, t:   43478.3 s, ωt:   4.35 (0.69 periods), wall: 9.173 minutes, Δt:   0.85, CFL: 9.00e-01
i:  27600, t:   43557.2 s, ωt:   4.36 (0.69 periods), wall: 9.200 minutes, Δt:   0.79, CFL: 9.00e-01
i:  27700, t:   43638.6 s, ωt:   4.36 (0.69 periods), wall: 9.227 minutes, Δt:   0.70, CFL: 9.00e-01
i:  27800, t:   43715.4 s, ωt:   4.37 (0.70 periods), wall: 9.256 minutes, Δt:   0.85, CFL: 9.00e-01
i:  27900, t:   43803.0 s, ωt:   4.38 (0.70 periods), wall: 9.283 minutes, Δt:   0.85, CFL: 9.00e-01
i:  28000, t:   43887.6 s, ωt:   4.39 (0.70 periods), wall: 9.310 minutes, Δt:   0.87, CFL: 9.00e-01
i:  28100, t:   43971.4 s, ωt:   4.40 (0.70 periods), wall: 9.337 minutes, Δt:   0.78, CFL: 9.00e-01
i:  28200, t:   44052.5 s, ωt:   4.41 (0.70 periods), wall: 9.366 minutes, Δt:   0.86, CFL: 9.00e-01
i:  28300, t:   44131.5 s, ωt:   4.41 (0.70 periods), wall: 9.393 minutes, Δt:   0.84, CFL: 9.00e-01
i:  28400, t:   44213.4 s, ωt:   4.42 (0.70 periods), wall: 9.420 minutes, Δt:   0.80, CFL: 9.00e-01
i:  28500, t:   44295.4 s, ωt:   4.43 (0.70 periods), wall: 9.447 minutes, Δt:   0.82, CFL: 9.00e-01
i:  28600, t:   44378.7 s, ωt:   4.44 (0.71 periods), wall: 9.476 minutes, Δt:   0.91, CFL: 9.00e-01
i:  28700, t:   44463.6 s, ωt:   4.45 (0.71 periods), wall: 9.503 minutes, Δt:   0.75, CFL: 9.00e-01
i:  28800, t:   44544.7 s, ωt:   4.45 (0.71 periods), wall: 9.530 minutes, Δt:   0.89, CFL: 9.00e-01
i:  28900, t:   44630.9 s, ωt:   4.46 (0.71 periods), wall: 9.559 minutes, Δt:   0.85, CFL: 9.00e-01
i:  29000, t:   44710.7 s, ωt:   4.47 (0.71 periods), wall: 9.586 minutes, Δt:   0.84, CFL: 9.00e-01
i:  29100, t:   44796.2 s, ωt:   4.48 (0.71 periods), wall: 9.613 minutes, Δt:   0.90, CFL: 9.00e-01
i:  29200, t:   44877.7 s, ωt:   4.49 (0.71 periods), wall: 9.640 minutes, Δt:   0.91, CFL: 9.00e-01
i:  29300, t:   44960.2 s, ωt:   4.50 (0.72 periods), wall: 9.669 minutes, Δt:   0.82, CFL: 9.00e-01
i:  29400, t:   45041.6 s, ωt:   4.50 (0.72 periods), wall: 9.696 minutes, Δt:   0.84, CFL: 9.00e-01
i:  29500, t:   45126.0 s, ωt:   4.51 (0.72 periods), wall: 9.723 minutes, Δt:   0.78, CFL: 9.00e-01
i:  29600, t:   45207.1 s, ωt:   4.52 (0.72 periods), wall: 9.750 minutes, Δt:   0.79, CFL: 9.00e-01
i:  29700, t:   45288.8 s, ωt:   4.53 (0.72 periods), wall: 9.779 minutes, Δt:   0.88, CFL: 9.00e-01
i:  29800, t:   45369.1 s, ωt:   4.54 (0.72 periods), wall: 9.806 minutes, Δt:   0.87, CFL: 9.00e-01
i:  29900, t:   45458.7 s, ωt:   4.55 (0.72 periods), wall: 9.833 minutes, Δt:   0.89, CFL: 9.00e-01
i:  30000, t:   45539.2 s, ωt:   4.55 (0.72 periods), wall: 9.860 minutes, Δt:   0.71, CFL: 9.00e-01
i:  30100, t:   45621.4 s, ωt:   4.56 (0.73 periods), wall: 9.889 minutes, Δt:   0.91, CFL: 9.00e-01
i:  30200, t:   45703.2 s, ωt:   4.57 (0.73 periods), wall: 9.916 minutes, Δt:   0.80, CFL: 9.00e-01
i:  30300, t:   45786.1 s, ωt:   4.58 (0.73 periods), wall: 9.943 minutes, Δt:   0.88, CFL: 9.00e-01
i:  30400, t:   45870.4 s, ωt:   4.59 (0.73 periods), wall: 9.972 minutes, Δt:   0.81, CFL: 9.00e-01
i:  30500, t:   45956.3 s, ωt:   4.60 (0.73 periods), wall: 9.999 minutes, Δt:   0.88, CFL: 9.00e-01
i:  30600, t:   46033.1 s, ωt:   4.60 (0.73 periods), wall: 10.026 minutes, Δt:   0.80, CFL: 9.00e-01
i:  30700, t:   46113.2 s, ωt:   4.61 (0.73 periods), wall: 10.053 minutes, Δt:   0.89, CFL: 9.00e-01
i:  30800, t:   46202.7 s, ωt:   4.62 (0.74 periods), wall: 10.082 minutes, Δt:   0.90, CFL: 9.00e-01
i:  30900, t:   46286.9 s, ωt:   4.63 (0.74 periods), wall: 10.109 minutes, Δt:   0.92, CFL: 9.00e-01
i:  31000, t:   46366.2 s, ωt:   4.64 (0.74 periods), wall: 10.136 minutes, Δt:   0.81, CFL: 9.00e-01
i:  31100, t:   46447.1 s, ωt:   4.64 (0.74 periods), wall: 10.163 minutes, Δt:   0.81, CFL: 9.00e-01
i:  31200, t:   46523.9 s, ωt:   4.65 (0.74 periods), wall: 10.191 minutes, Δt:   0.84, CFL: 9.00e-01
i:  31300, t:   46607.3 s, ωt:   4.66 (0.74 periods), wall: 10.218 minutes, Δt:   0.80, CFL: 9.00e-01
i:  31400, t:   46688.5 s, ωt:   4.67 (0.74 periods), wall: 10.245 minutes, Δt:   0.98, CFL: 9.00e-01
i:  31500, t:   46778.9 s, ωt:   4.68 (0.74 periods), wall: 10.272 minutes, Δt:   0.94, CFL: 9.00e-01
i:  31600, t:   46867.6 s, ωt:   4.69 (0.75 periods), wall: 10.301 minutes, Δt:   0.85, CFL: 9.00e-01
i:  31700, t:   46950.8 s, ωt:   4.70 (0.75 periods), wall: 10.328 minutes, Δt:   0.86, CFL: 9.00e-01
i:  31800, t:   47036.7 s, ωt:   4.70 (0.75 periods), wall: 10.355 minutes, Δt:   0.73, CFL: 9.00e-01
i:  31900, t:   47120.0 s, ωt:   4.71 (0.75 periods), wall: 10.382 minutes, Δt:   0.87, CFL: 9.00e-01
i:  32000, t:   47201.5 s, ωt:   4.72 (0.75 periods), wall: 10.411 minutes, Δt:   0.81, CFL: 9.00e-01
i:  32100, t:   47283.0 s, ωt:   4.73 (0.75 periods), wall: 10.438 minutes, Δt:   0.80, CFL: 9.00e-01
i:  32200, t:   47361.1 s, ωt:   4.74 (0.75 periods), wall: 10.465 minutes, Δt:   0.87, CFL: 9.00e-01
i:  32300, t:   47442.5 s, ωt:   4.74 (0.76 periods), wall: 10.494 minutes, Δt:   0.87, CFL: 9.00e-01
i:  32400, t:   47523.8 s, ωt:   4.75 (0.76 periods), wall: 10.522 minutes, Δt:   0.86, CFL: 9.00e-01
i:  32500, t:   47609.4 s, ωt:   4.76 (0.76 periods), wall: 10.549 minutes, Δt:   0.89, CFL: 9.00e-01
i:  32600, t:   47695.5 s, ωt:   4.77 (0.76 periods), wall: 10.576 minutes, Δt:   0.79, CFL: 9.00e-01
i:  32700, t:   47778.9 s, ωt:   4.78 (0.76 periods), wall: 10.605 minutes, Δt:   0.86, CFL: 9.00e-01
i:  32800, t:   47860.2 s, ωt:   4.79 (0.76 periods), wall: 10.632 minutes, Δt:   0.88, CFL: 9.00e-01
i:  32900, t:   47949.7 s, ωt:   4.79 (0.76 periods), wall: 10.659 minutes, Δt:   0.88, CFL: 9.00e-01
i:  33000, t:   48038.1 s, ωt:   4.80 (0.76 periods), wall: 10.686 minutes, Δt:   0.74, CFL: 9.00e-01
i:  33100, t:   48121.8 s, ωt:   4.81 (0.77 periods), wall: 10.715 minutes, Δt:   0.94, CFL: 9.00e-01
i:  33200, t:   48214.5 s, ωt:   4.82 (0.77 periods), wall: 10.742 minutes, Δt:   0.90, CFL: 9.00e-01
i:  33300, t:   48294.7 s, ωt:   4.83 (0.77 periods), wall: 10.770 minutes, Δt:   0.91, CFL: 9.00e-01
i:  33400, t:   48379.4 s, ωt:   4.84 (0.77 periods), wall: 10.796 minutes, Δt:   0.88, CFL: 9.00e-01
i:  33500, t:   48465.1 s, ωt:   4.85 (0.77 periods), wall: 10.825 minutes, Δt:   0.79, CFL: 9.00e-01
i:  33600, t:   48551.4 s, ωt:   4.86 (0.77 periods), wall: 10.852 minutes, Δt:   0.75, CFL: 9.00e-01
i:  33700, t:   48631.5 s, ωt:   4.86 (0.77 periods), wall: 10.879 minutes, Δt:   0.93, CFL: 9.00e-01
i:  33800, t:   48721.9 s, ωt:   4.87 (0.78 periods), wall: 10.907 minutes, Δt:   0.96, CFL: 9.00e-01
i:  33900, t:   48805.7 s, ωt:   4.88 (0.78 periods), wall: 10.934 minutes, Δt:   0.79, CFL: 9.00e-01
i:  34000, t:   48891.1 s, ωt:   4.89 (0.78 periods), wall: 10.962 minutes, Δt:   0.75, CFL: 9.00e-01
i:  34100, t:   48973.2 s, ωt:   4.90 (0.78 periods), wall: 10.989 minutes, Δt:   0.88, CFL: 9.00e-01
i:  34200, t:   49059.8 s, ωt:   4.91 (0.78 periods), wall: 11.017 minutes, Δt:   0.81, CFL: 9.00e-01
i:  34300, t:   49149.5 s, ωt:   4.91 (0.78 periods), wall: 11.044 minutes, Δt:   0.97, CFL: 9.00e-01
i:  34400, t:   49237.4 s, ωt:   4.92 (0.78 periods), wall: 11.072 minutes, Δt:   0.73, CFL: 9.00e-01
i:  34500, t:   49320.0 s, ωt:   4.93 (0.78 periods), wall: 11.099 minutes, Δt:   0.87, CFL: 9.00e-01
i:  34600, t:   49403.1 s, ωt:   4.94 (0.79 periods), wall: 11.127 minutes, Δt:   0.80, CFL: 9.00e-01
i:  34700, t:   49491.7 s, ωt:   4.95 (0.79 periods), wall: 11.154 minutes, Δt:   0.88, CFL: 9.00e-01
i:  34800, t:   49574.7 s, ωt:   4.96 (0.79 periods), wall: 11.181 minutes, Δt:   0.87, CFL: 9.00e-01
i:  34900, t:   49656.1 s, ωt:   4.97 (0.79 periods), wall: 11.210 minutes, Δt:   0.81, CFL: 9.00e-01
i:  35000, t:   49745.1 s, ωt:   4.97 (0.79 periods), wall: 11.237 minutes, Δt:   0.96, CFL: 9.00e-01
i:  35100, t:   49832.4 s, ωt:   4.98 (0.79 periods), wall: 11.264 minutes, Δt:   0.85, CFL: 9.00e-01
i:  35200, t:   49920.7 s, ωt:   4.99 (0.79 periods), wall: 11.291 minutes, Δt:   0.93, CFL: 9.00e-01
i:  35300, t:   50001.9 s, ωt:   5.00 (0.80 periods), wall: 11.320 minutes, Δt:   0.75, CFL: 9.00e-01
i:  35400, t:   50085.1 s, ωt:   5.01 (0.80 periods), wall: 11.347 minutes, Δt:   0.79, CFL: 9.00e-01
i:  35500, t:   50170.0 s, ωt:   5.02 (0.80 periods), wall: 11.374 minutes, Δt:   0.80, CFL: 9.00e-01
i:  35600, t:   50256.8 s, ωt:   5.03 (0.80 periods), wall: 11.401 minutes, Δt:   0.87, CFL: 9.00e-01
i:  35700, t:   50338.8 s, ωt:   5.03 (0.80 periods), wall: 11.429 minutes, Δt:   0.92, CFL: 9.00e-01
i:  35800, t:   50423.6 s, ωt:   5.04 (0.80 periods), wall: 11.456 minutes, Δt:   0.86, CFL: 9.00e-01
i:  35900, t:   50507.7 s, ωt:   5.05 (0.80 periods), wall: 11.483 minutes, Δt:   0.81, CFL: 9.00e-01
i:  36000, t:   50592.3 s, ωt:   5.06 (0.81 periods), wall: 11.512 minutes, Δt:   0.85, CFL: 9.00e-01
i:  36100, t:   50677.8 s, ωt:   5.07 (0.81 periods), wall: 11.539 minutes, Δt:   0.85, CFL: 9.00e-01
i:  36200, t:   50768.6 s, ωt:   5.08 (0.81 periods), wall: 11.566 minutes, Δt:   0.92, CFL: 9.00e-01
i:  36300, t:   50860.6 s, ωt:   5.09 (0.81 periods), wall: 11.593 minutes, Δt:   0.97, CFL: 9.00e-01
i:  36400, t:   50949.5 s, ωt:   5.09 (0.81 periods), wall: 11.622 minutes, Δt:   0.83, CFL: 9.00e-01
i:  36500, t:   51033.5 s, ωt:   5.10 (0.81 periods), wall: 11.649 minutes, Δt:   0.92, CFL: 9.00e-01
i:  36600, t:   51129.6 s, ωt:   5.11 (0.81 periods), wall: 11.676 minutes, Δt:   0.97, CFL: 9.00e-01
i:  36700, t:   51213.5 s, ωt:   5.12 (0.82 periods), wall: 11.704 minutes, Δt:   0.96, CFL: 9.00e-01
i:  36800, t:   51308.1 s, ωt:   5.13 (0.82 periods), wall: 11.731 minutes, Δt:   0.86, CFL: 9.00e-01
i:  36900, t:   51395.2 s, ωt:   5.14 (0.82 periods), wall: 11.758 minutes, Δt:   0.90, CFL: 9.00e-01
i:  37000, t:   51479.6 s, ωt:   5.15 (0.82 periods), wall: 11.785 minutes, Δt:   0.85, CFL: 9.00e-01
i:  37100, t:   51575.8 s, ωt:   5.16 (0.82 periods), wall: 11.814 minutes, Δt:   1.02, CFL: 9.00e-01
i:  37200, t:   51673.3 s, ωt:   5.17 (0.82 periods), wall: 11.841 minutes, Δt:   0.95, CFL: 9.00e-01
i:  37300, t:   51768.9 s, ωt:   5.18 (0.82 periods), wall: 11.868 minutes, Δt:   0.97, CFL: 9.00e-01
i:  37400, t:   51863.7 s, ωt:   5.19 (0.83 periods), wall: 11.897 minutes, Δt:   0.85, CFL: 9.00e-01
i:  37500, t:   51959.6 s, ωt:   5.20 (0.83 periods), wall: 11.924 minutes, Δt:   1.02, CFL: 9.00e-01
i:  37600, t:   52057.8 s, ωt:   5.21 (0.83 periods), wall: 11.951 minutes, Δt:   1.01, CFL: 9.00e-01
i:  37700, t:   52156.9 s, ωt:   5.22 (0.83 periods), wall: 11.980 minutes, Δt:   0.98, CFL: 9.00e-01
i:  37800, t:   52250.7 s, ωt:   5.23 (0.83 periods), wall: 12.007 minutes, Δt:   0.85, CFL: 9.00e-01
i:  37900, t:   52338.0 s, ωt:   5.23 (0.83 periods), wall: 12.034 minutes, Δt:   0.87, CFL: 9.00e-01
i:  38000, t:   52436.5 s, ωt:   5.24 (0.83 periods), wall: 12.061 minutes, Δt:   0.93, CFL: 9.00e-01
i:  38100, t:   52539.3 s, ωt:   5.25 (0.84 periods), wall: 12.089 minutes, Δt:   0.96, CFL: 9.00e-01
i:  38200, t:   52637.4 s, ωt:   5.26 (0.84 periods), wall: 12.116 minutes, Δt:   0.97, CFL: 9.00e-01
i:  38300, t:   52739.9 s, ωt:   5.27 (0.84 periods), wall: 12.144 minutes, Δt:   1.07, CFL: 9.00e-01
i:  38400, t:   52840.7 s, ωt:   5.28 (0.84 periods), wall: 12.172 minutes, Δt:   1.20, CFL: 9.00e-01
i:  38500, t:   52943.6 s, ωt:   5.29 (0.84 periods), wall: 12.199 minutes, Δt:   0.97, CFL: 9.00e-01
i:  38600, t:   53045.2 s, ωt:   5.30 (0.84 periods), wall: 12.227 minutes, Δt:   1.06, CFL: 9.00e-01
i:  38700, t:   53149.1 s, ωt:   5.31 (0.85 periods), wall: 12.255 minutes, Δt:   0.99, CFL: 9.00e-01
i:  38800, t:   53251.6 s, ωt:   5.33 (0.85 periods), wall: 12.282 minutes, Δt:   0.96, CFL: 9.00e-01
i:  38900, t:   53363.1 s, ωt:   5.34 (0.85 periods), wall: 12.309 minutes, Δt:   1.10, CFL: 9.00e-01
i:  39000, t:   53472.1 s, ωt:   5.35 (0.85 periods), wall: 12.337 minutes, Δt:   1.09, CFL: 9.00e-01
i:  39100, t:   53573.2 s, ωt:   5.36 (0.85 periods), wall: 12.365 minutes, Δt:   1.00, CFL: 9.00e-01
i:  39200, t:   53666.5 s, ωt:   5.37 (0.85 periods), wall: 12.392 minutes, Δt:   1.06, CFL: 9.00e-01
i:  39300, t:   53769.2 s, ωt:   5.38 (0.86 periods), wall: 12.420 minutes, Δt:   1.03, CFL: 9.00e-01
i:  39400, t:   53878.8 s, ωt:   5.39 (0.86 periods), wall: 12.447 minutes, Δt:   1.11, CFL: 9.00e-01
i:  39500, t:   53987.1 s, ωt:   5.40 (0.86 periods), wall: 12.474 minutes, Δt:   1.16, CFL: 9.00e-01
i:  39600, t:   54097.2 s, ωt:   5.41 (0.86 periods), wall: 12.503 minutes, Δt:   1.24, CFL: 9.00e-01
i:  39700, t:   54207.6 s, ωt:   5.42 (0.86 periods), wall: 12.530 minutes, Δt:   0.98, CFL: 9.00e-01
i:  39800, t:   54310.8 s, ωt:   5.43 (0.86 periods), wall: 12.557 minutes, Δt:   0.93, CFL: 9.00e-01
i:  39900, t:   54424.1 s, ωt:   5.44 (0.87 periods), wall: 12.586 minutes, Δt:   1.04, CFL: 9.00e-01
i:  40000, t:   54529.2 s, ωt:   5.45 (0.87 periods), wall: 12.613 minutes, Δt:   1.15, CFL: 9.00e-01
i:  40100, t:   54639.7 s, ωt:   5.46 (0.87 periods), wall: 12.640 minutes, Δt:   1.24, CFL: 9.00e-01
i:  40200, t:   54762.5 s, ωt:   5.48 (0.87 periods), wall: 12.668 minutes, Δt:   1.31, CFL: 9.00e-01
i:  40300, t:   54887.7 s, ωt:   5.49 (0.87 periods), wall: 12.696 minutes, Δt:   1.10, CFL: 9.00e-01
i:  40400, t:   55004.3 s, ωt:   5.50 (0.88 periods), wall: 12.724 minutes, Δt:   1.23, CFL: 9.00e-01
i:  40500, t:   55127.5 s, ωt:   5.51 (0.88 periods), wall: 12.751 minutes, Δt:   1.21, CFL: 9.00e-01
i:  40600, t:   55250.6 s, ωt:   5.53 (0.88 periods), wall: 12.778 minutes, Δt:   1.36, CFL: 9.00e-01
i:  40700, t:   55375.3 s, ωt:   5.54 (0.88 periods), wall: 12.806 minutes, Δt:   1.37, CFL: 9.00e-01
i:  40800, t:   55501.1 s, ωt:   5.55 (0.88 periods), wall: 12.834 minutes, Δt:   1.25, CFL: 9.00e-01
i:  40900, t:   55621.9 s, ωt:   5.56 (0.89 periods), wall: 12.862 minutes, Δt:   1.16, CFL: 9.00e-01
i:  41000, t:   55759.6 s, ωt:   5.58 (0.89 periods), wall: 12.889 minutes, Δt:   1.22, CFL: 9.00e-01
i:  41100, t:   55887.1 s, ωt:   5.59 (0.89 periods), wall: 12.916 minutes, Δt:   1.42, CFL: 9.00e-01
i:  41200, t:   56013.3 s, ωt:   5.60 (0.89 periods), wall: 12.944 minutes, Δt:   1.48, CFL: 9.00e-01
i:  41300, t:   56145.8 s, ωt:   5.61 (0.89 periods), wall: 12.972 minutes, Δt:   1.11, CFL: 9.00e-01
i:  41400, t:   56275.8 s, ωt:   5.63 (0.90 periods), wall: 13.000 minutes, Δt:   1.28, CFL: 9.00e-01
i:  41500, t:   56413.5 s, ωt:   5.64 (0.90 periods), wall: 13.027 minutes, Δt:   1.42, CFL: 9.00e-01
i:  41600, t:   56556.4 s, ωt:   5.66 (0.90 periods), wall: 13.056 minutes, Δt:   1.35, CFL: 9.00e-01
i:  41700, t:   56697.8 s, ωt:   5.67 (0.90 periods), wall: 13.083 minutes, Δt:   1.43, CFL: 9.00e-01
i:  41800, t:   56846.0 s, ωt:   5.68 (0.90 periods), wall: 13.110 minutes, Δt:   1.65, CFL: 9.00e-01
i:  41900, t:   56994.3 s, ωt:   5.70 (0.91 periods), wall: 13.138 minutes, Δt:   1.34, CFL: 9.00e-01
i:  42000, t:   57139.2 s, ωt:   5.71 (0.91 periods), wall: 13.165 minutes, Δt:   1.55, CFL: 9.00e-01
i:  42100, t:   57297.4 s, ωt:   5.73 (0.91 periods), wall: 13.194 minutes, Δt:   1.51, CFL: 9.00e-01
i:  42200, t:   57455.7 s, ωt:   5.75 (0.91 periods), wall: 13.221 minutes, Δt:   1.52, CFL: 9.00e-01
i:  42300, t:   57603.4 s, ωt:   5.76 (0.92 periods), wall: 13.249 minutes, Δt:   1.59, CFL: 9.00e-01
i:  42400, t:   57765.0 s, ωt:   5.78 (0.92 periods), wall: 13.276 minutes, Δt:   1.43, CFL: 9.00e-01
i:  42500, t:   57916.9 s, ωt:   5.79 (0.92 periods), wall: 13.305 minutes, Δt:   1.64, CFL: 9.00e-01
i:  42600, t:   58090.2 s, ωt:   5.81 (0.92 periods), wall: 13.332 minutes, Δt:   1.81, CFL: 9.00e-01
i:  42700, t:   58269.0 s, ωt:   5.83 (0.93 periods), wall: 13.360 minutes, Δt:   1.82, CFL: 9.00e-01
i:  42800, t:   58449.9 s, ωt:   5.84 (0.93 periods), wall: 13.389 minutes, Δt:   2.10, CFL: 9.00e-01
i:  42900, t:   58655.6 s, ωt:   5.87 (0.93 periods), wall: 13.416 minutes, Δt:   2.00, CFL: 9.00e-01
i:  43000, t:   58876.6 s, ωt:   5.89 (0.94 periods), wall: 13.444 minutes, Δt:   2.26, CFL: 9.00e-01
i:  43100, t:   59094.7 s, ωt:   5.91 (0.94 periods), wall: 13.473 minutes, Δt:   2.39, CFL: 9.00e-01
i:  43200, t:   59331.9 s, ωt:   5.93 (0.94 periods), wall: 13.500 minutes, Δt:   2.45, CFL: 9.00e-01
i:  43300, t:   59565.1 s, ωt:   5.96 (0.95 periods), wall: 13.530 minutes, Δt:   2.06, CFL: 9.00e-01
i:  43400, t:   59770.4 s, ωt:   5.98 (0.95 periods), wall: 13.558 minutes, Δt:   1.89, CFL: 9.00e-01
i:  43500, t:   59976.5 s, ωt:   6.00 (0.95 periods), wall: 13.585 minutes, Δt:   2.11, CFL: 9.00e-01
i:  43600, t:   60186.2 s, ωt:   6.02 (0.96 periods), wall: 13.614 minutes, Δt:   2.14, CFL: 9.00e-01
i:  43700, t:   60417.8 s, ωt:   6.04 (0.96 periods), wall: 13.643 minutes, Δt:   2.53, CFL: 9.00e-01
i:  43800, t:   60653.5 s, ωt:   6.07 (0.97 periods), wall: 13.671 minutes, Δt:   1.93, CFL: 9.00e-01
i:  43900, t:   60876.4 s, ωt:   6.09 (0.97 periods), wall: 13.698 minutes, Δt:   2.34, CFL: 9.00e-01
i:  44000, t:   61129.3 s, ωt:   6.11 (0.97 periods), wall: 13.728 minutes, Δt:   2.69, CFL: 9.00e-01
i:  44100, t:   61407.7 s, ωt:   6.14 (0.98 periods), wall: 13.757 minutes, Δt:   2.97, CFL: 9.00e-01
i:  44200, t:   61728.1 s, ωt:   6.17 (0.98 periods), wall: 13.785 minutes, Δt:   3.27, CFL: 9.00e-01
i:  44300, t:   62057.6 s, ωt:   6.21 (0.99 periods), wall: 13.814 minutes, Δt:   2.75, CFL: 9.00e-01
i:  44400, t:   62373.7 s, ωt:   6.24 (0.99 periods), wall: 13.842 minutes, Δt:   2.66, CFL: 9.00e-01
i:  44500, t:   62640.7 s, ωt:   6.26 (1.00 periods), wall: 13.871 minutes, Δt:   2.56, CFL: 9.00e-01
i:  44600, t:   62944.8 s, ωt:   6.29 (1.00 periods), wall: 13.935 minutes, Δt:   3.37, CFL: 9.00e-01
i:  44700, t:   63236.9 s, ωt:   6.32 (1.01 periods), wall: 13.966 minutes, Δt:   2.84, CFL: 9.00e-01
i:  44800, t:   63495.5 s, ωt:   6.35 (1.01 periods), wall: 14.001 minutes, Δt:   2.40, CFL: 9.00e-01
i:  44900, t:   63774.2 s, ωt:   6.38 (1.01 periods), wall: 14.028 minutes, Δt:   3.20, CFL: 9.00e-01
i:  45000, t:   64068.4 s, ωt:   6.41 (1.02 periods), wall: 14.056 minutes, Δt:   3.05, CFL: 9.00e-01
i:  45100, t:   64343.2 s, ωt:   6.43 (1.02 periods), wall: 14.085 minutes, Δt:   2.60, CFL: 9.00e-01
i:  45200, t:   64617.2 s, ωt:   6.46 (1.03 periods), wall: 14.114 minutes, Δt:   2.64, CFL: 9.00e-01
i:  45300, t:   64873.6 s, ωt:   6.49 (1.03 periods), wall: 14.143 minutes, Δt:   2.83, CFL: 9.00e-01
i:  45400, t:   65133.2 s, ωt:   6.51 (1.04 periods), wall: 14.172 minutes, Δt:   2.78, CFL: 9.00e-01
i:  45500, t:   65400.3 s, ωt:   6.54 (1.04 periods), wall: 14.201 minutes, Δt:   2.36, CFL: 9.00e-01
i:  45600, t:   65611.4 s, ωt:   6.56 (1.04 periods), wall: 14.228 minutes, Δt:   2.13, CFL: 9.00e-01
i:  45700, t:   65846.9 s, ωt:   6.58 (1.05 periods), wall: 14.256 minutes, Δt:   2.49, CFL: 9.00e-01
i:  45800, t:   66083.8 s, ωt:   6.61 (1.05 periods), wall: 14.285 minutes, Δt:   2.08, CFL: 9.00e-01
i:  45900, t:   66297.0 s, ωt:   6.63 (1.06 periods), wall: 14.314 minutes, Δt:   1.79, CFL: 9.00e-01
i:  46000, t:   66486.6 s, ωt:   6.65 (1.06 periods), wall: 14.341 minutes, Δt:   2.01, CFL: 9.00e-01
i:  46100, t:   66686.9 s, ωt:   6.67 (1.06 periods), wall: 14.373 minutes, Δt:   1.98, CFL: 9.00e-01
i:  46200, t:   66884.9 s, ωt:   6.69 (1.06 periods), wall: 14.400 minutes, Δt:   2.00, CFL: 9.00e-01
i:  46300, t:   67072.2 s, ωt:   6.71 (1.07 periods), wall: 14.429 minutes, Δt:   1.66, CFL: 9.00e-01
i:  46400, t:   67231.8 s, ωt:   6.72 (1.07 periods), wall: 14.457 minutes, Δt:   1.73, CFL: 9.00e-01
i:  46500, t:   67393.4 s, ωt:   6.74 (1.07 periods), wall: 14.484 minutes, Δt:   1.58, CFL: 9.00e-01
i:  46600, t:   67563.0 s, ωt:   6.76 (1.08 periods), wall: 14.513 minutes, Δt:   1.58, CFL: 9.00e-01
i:  46700, t:   67720.4 s, ωt:   6.77 (1.08 periods), wall: 14.540 minutes, Δt:   1.43, CFL: 9.00e-01
i:  46800, t:   67873.5 s, ωt:   6.79 (1.08 periods), wall: 14.570 minutes, Δt:   1.63, CFL: 9.00e-01
i:  46900, t:   68028.7 s, ωt:   6.80 (1.08 periods), wall: 14.597 minutes, Δt:   1.67, CFL: 9.00e-01
i:  47000, t:   68186.1 s, ωt:   6.82 (1.09 periods), wall: 14.626 minutes, Δt:   1.44, CFL: 9.00e-01
i:  47100, t:   68324.4 s, ωt:   6.83 (1.09 periods), wall: 14.653 minutes, Δt:   1.38, CFL: 9.00e-01
i:  47200, t:   68472.7 s, ωt:   6.85 (1.09 periods), wall: 14.680 minutes, Δt:   1.36, CFL: 9.00e-01
i:  47300, t:   68598.7 s, ωt:   6.86 (1.09 periods), wall: 14.708 minutes, Δt:   1.28, CFL: 9.00e-01
i:  47400, t:   68737.7 s, ωt:   6.87 (1.09 periods), wall: 14.736 minutes, Δt:   1.38, CFL: 9.00e-01
i:  47500, t:   68876.7 s, ωt:   6.89 (1.10 periods), wall: 14.764 minutes, Δt:   1.19, CFL: 9.00e-01
i:  47600, t:   69002.6 s, ωt:   6.90 (1.10 periods), wall: 14.791 minutes, Δt:   1.32, CFL: 9.00e-01
i:  47700, t:   69139.0 s, ωt:   6.91 (1.10 periods), wall: 14.820 minutes, Δt:   1.29, CFL: 9.00e-01
i:  47800, t:   69268.5 s, ωt:   6.93 (1.10 periods), wall: 14.847 minutes, Δt:   1.41, CFL: 9.00e-01
i:  47900, t:   69405.5 s, ωt:   6.94 (1.10 periods), wall: 14.874 minutes, Δt:   1.14, CFL: 9.00e-01
i:  48000, t:   69529.8 s, ωt:   6.95 (1.11 periods), wall: 14.903 minutes, Δt:   1.47, CFL: 9.00e-01
i:  48100, t:   69660.7 s, ωt:   6.97 (1.11 periods), wall: 14.930 minutes, Δt:   1.13, CFL: 9.00e-01
i:  48200, t:   69786.0 s, ωt:   6.98 (1.11 periods), wall: 14.960 minutes, Δt:   1.16, CFL: 9.00e-01
i:  48300, t:   69904.6 s, ωt:   6.99 (1.11 periods), wall: 14.987 minutes, Δt:   1.25, CFL: 9.00e-01
i:  48400, t:   70032.7 s, ωt:   7.00 (1.11 periods), wall: 15.014 minutes, Δt:   1.22, CFL: 9.00e-01
i:  48500, t:   70147.0 s, ωt:   7.01 (1.12 periods), wall: 15.043 minutes, Δt:   1.12, CFL: 9.00e-01
i:  48600, t:   70262.5 s, ωt:   7.03 (1.12 periods), wall: 15.070 minutes, Δt:   1.13, CFL: 9.00e-01
i:  48700, t:   70381.7 s, ωt:   7.04 (1.12 periods), wall: 15.102 minutes, Δt:   1.19, CFL: 9.00e-01
i:  48800, t:   70498.5 s, ωt:   7.05 (1.12 periods), wall: 15.129 minutes, Δt:   1.23, CFL: 9.00e-01
i:  48900, t:   70614.5 s, ωt:   7.06 (1.12 periods), wall: 15.156 minutes, Δt:   1.08, CFL: 9.00e-01
i:  49000, t:   70725.0 s, ωt:   7.07 (1.13 periods), wall: 15.185 minutes, Δt:   1.17, CFL: 9.00e-01
i:  49100, t:   70841.3 s, ωt:   7.08 (1.13 periods), wall: 15.212 minutes, Δt:   1.14, CFL: 9.00e-01
i:  49200, t:   70944.7 s, ωt:   7.09 (1.13 periods), wall: 15.239 minutes, Δt:   1.03, CFL: 9.00e-01
i:  49300, t:   71051.2 s, ωt:   7.11 (1.13 periods), wall: 15.268 minutes, Δt:   1.12, CFL: 9.00e-01
i:  49400, t:   71152.7 s, ωt:   7.12 (1.13 periods), wall: 15.295 minutes, Δt:   1.02, CFL: 9.00e-01
i:  49500, t:   71260.6 s, ωt:   7.13 (1.13 periods), wall: 15.323 minutes, Δt:   1.10, CFL: 9.00e-01
i:  49600, t:   71360.8 s, ωt:   7.14 (1.14 periods), wall: 15.352 minutes, Δt:   1.05, CFL: 9.00e-01
i:  49700, t:   71464.1 s, ωt:   7.15 (1.14 periods), wall: 15.379 minutes, Δt:   1.04, CFL: 9.00e-01
i:  49800, t:   71565.6 s, ωt:   7.16 (1.14 periods), wall: 15.406 minutes, Δt:   1.01, CFL: 9.00e-01
i:  49900, t:   71671.3 s, ωt:   7.17 (1.14 periods), wall: 15.437 minutes, Δt:   1.15, CFL: 9.00e-01
i:  50000, t:   71771.5 s, ωt:   7.18 (1.14 periods), wall: 15.464 minutes, Δt:   1.03, CFL: 9.00e-01
i:  50100, t:   71869.5 s, ωt:   7.19 (1.14 periods), wall: 15.491 minutes, Δt:   0.95, CFL: 9.00e-01
i:  50200, t:   71964.9 s, ωt:   7.20 (1.15 periods), wall: 15.520 minutes, Δt:   0.91, CFL: 9.00e-01
i:  50300, t:   72064.7 s, ωt:   7.21 (1.15 periods), wall: 15.547 minutes, Δt:   1.08, CFL: 9.00e-01
i:  50400, t:   72161.5 s, ωt:   7.22 (1.15 periods), wall: 15.574 minutes, Δt:   0.89, CFL: 9.00e-01
i:  50500, t:   72259.9 s, ωt:   7.23 (1.15 periods), wall: 15.603 minutes, Δt:   1.03, CFL: 9.00e-01
i:  50600, t:   72360.1 s, ωt:   7.24 (1.15 periods), wall: 15.631 minutes, Δt:   0.89, CFL: 9.00e-01
i:  50700, t:   72456.2 s, ωt:   7.25 (1.15 periods), wall: 15.658 minutes, Δt:   1.02, CFL: 9.00e-01
i:  50800, t:   72556.9 s, ωt:   7.26 (1.15 periods), wall: 15.685 minutes, Δt:   1.08, CFL: 9.00e-01
i:  50900, t:   72653.6 s, ωt:   7.27 (1.16 periods), wall: 15.714 minutes, Δt:   1.03, CFL: 9.00e-01
i:  51000, t:   72749.8 s, ωt:   7.27 (1.16 periods), wall: 15.741 minutes, Δt:   0.94, CFL: 9.00e-01
i:  51100, t:   72844.6 s, ωt:   7.28 (1.16 periods), wall: 15.768 minutes, Δt:   0.86, CFL: 9.00e-01
i:  51200, t:   72936.3 s, ωt:   7.29 (1.16 periods), wall: 15.796 minutes, Δt:   0.93, CFL: 9.00e-01
i:  51300, t:   73029.2 s, ωt:   7.30 (1.16 periods), wall: 15.823 minutes, Δt:   0.91, CFL: 9.00e-01
i:  51400, t:   73121.6 s, ωt:   7.31 (1.16 periods), wall: 15.850 minutes, Δt:   1.03, CFL: 9.00e-01
i:  51500, t:   73218.6 s, ωt:   7.32 (1.17 periods), wall: 15.879 minutes, Δt:   1.06, CFL: 9.00e-01
i:  51600, t:   73317.6 s, ωt:   7.33 (1.17 periods), wall: 15.906 minutes, Δt:   0.88, CFL: 9.00e-01
i:  51700, t:   73407.0 s, ωt:   7.34 (1.17 periods), wall: 15.933 minutes, Δt:   0.94, CFL: 9.00e-01
i:  51800, t:   73501.4 s, ωt:   7.35 (1.17 periods), wall: 15.960 minutes, Δt:   1.03, CFL: 9.00e-01
i:  51900, t:   73595.0 s, ωt:   7.36 (1.17 periods), wall: 15.990 minutes, Δt:   0.93, CFL: 9.00e-01
i:  52000, t:   73687.0 s, ωt:   7.37 (1.17 periods), wall: 16.017 minutes, Δt:   1.00, CFL: 9.00e-01
i:  52100, t:   73782.0 s, ωt:   7.38 (1.17 periods), wall: 16.044 minutes, Δt:   1.00, CFL: 9.00e-01
i:  52200, t:   73874.7 s, ωt:   7.39 (1.18 periods), wall: 16.073 minutes, Δt:   0.95, CFL: 9.00e-01
i:  52300, t:   73973.3 s, ωt:   7.40 (1.18 periods), wall: 16.100 minutes, Δt:   0.86, CFL: 9.00e-01
i:  52400, t:   74067.2 s, ωt:   7.41 (1.18 periods), wall: 16.127 minutes, Δt:   0.93, CFL: 9.00e-01
i:  52500, t:   74162.4 s, ωt:   7.42 (1.18 periods), wall: 16.157 minutes, Δt:   1.05, CFL: 9.00e-01
i:  52600, t:   74258.8 s, ωt:   7.43 (1.18 periods), wall: 16.184 minutes, Δt:   0.87, CFL: 9.00e-01
i:  52700, t:   74345.1 s, ωt:   7.43 (1.18 periods), wall: 16.212 minutes, Δt:   0.88, CFL: 9.00e-01
i:  52800, t:   74431.2 s, ωt:   7.44 (1.18 periods), wall: 16.239 minutes, Δt:   0.90, CFL: 9.00e-01
i:  52900, t:   74518.7 s, ωt:   7.45 (1.19 periods), wall: 16.267 minutes, Δt:   0.90, CFL: 9.00e-01
i:  53000, t:   74612.0 s, ωt:   7.46 (1.19 periods), wall: 16.294 minutes, Δt:   0.95, CFL: 9.00e-01
i:  53100, t:   74705.4 s, ωt:   7.47 (1.19 periods), wall: 16.322 minutes, Δt:   0.95, CFL: 9.00e-01
i:  53200, t:   74797.3 s, ωt:   7.48 (1.19 periods), wall: 16.351 minutes, Δt:   0.93, CFL: 9.00e-01
i:  53300, t:   74887.3 s, ωt:   7.49 (1.19 periods), wall: 16.378 minutes, Δt:   0.96, CFL: 9.00e-01
i:  53400, t:   74977.0 s, ωt:   7.50 (1.19 periods), wall: 16.405 minutes, Δt:   0.94, CFL: 9.00e-01
i:  53500, t:   75068.4 s, ωt:   7.51 (1.19 periods), wall: 16.432 minutes, Δt:   0.91, CFL: 9.00e-01
i:  53600, t:   75160.2 s, ωt:   7.52 (1.20 periods), wall: 16.461 minutes, Δt:   0.88, CFL: 9.00e-01
i:  53700, t:   75249.4 s, ωt:   7.52 (1.20 periods), wall: 16.488 minutes, Δt:   0.92, CFL: 9.00e-01
i:  53800, t:   75337.5 s, ωt:   7.53 (1.20 periods), wall: 16.515 minutes, Δt:   0.89, CFL: 9.00e-01
i:  53900, t:   75422.3 s, ωt:   7.54 (1.20 periods), wall: 16.544 minutes, Δt:   0.93, CFL: 9.00e-01
i:  54000, t:   75511.4 s, ωt:   7.55 (1.20 periods), wall: 16.571 minutes, Δt:   0.91, CFL: 9.00e-01
i:  54100, t:   75603.5 s, ωt:   7.56 (1.20 periods), wall: 16.598 minutes, Δt:   0.92, CFL: 9.00e-01
i:  54200, t:   75690.1 s, ωt:   7.57 (1.20 periods), wall: 16.625 minutes, Δt:   0.87, CFL: 9.00e-01
i:  54300, t:   75776.2 s, ωt:   7.58 (1.21 periods), wall: 16.655 minutes, Δt:   0.90, CFL: 9.00e-01
i:  54400, t:   75869.7 s, ωt:   7.59 (1.21 periods), wall: 16.682 minutes, Δt:   0.94, CFL: 9.00e-01
i:  54500, t:   75953.1 s, ωt:   7.60 (1.21 periods), wall: 16.709 minutes, Δt:   0.86, CFL: 9.00e-01
i:  54600, t:   76045.7 s, ωt:   7.60 (1.21 periods), wall: 16.738 minutes, Δt:   0.95, CFL: 9.00e-01
i:  54700, t:   76141.5 s, ωt:   7.61 (1.21 periods), wall: 16.765 minutes, Δt:   0.98, CFL: 9.00e-01
i:  54800, t:   76236.1 s, ωt:   7.62 (1.21 periods), wall: 16.792 minutes, Δt:   0.92, CFL: 9.00e-01
i:  54900, t:   76325.3 s, ωt:   7.63 (1.21 periods), wall: 16.819 minutes, Δt:   0.85, CFL: 9.00e-01
i:  55000, t:   76415.2 s, ωt:   7.64 (1.22 periods), wall: 16.848 minutes, Δt:   0.95, CFL: 9.00e-01
i:  55100, t:   76499.6 s, ωt:   7.65 (1.22 periods), wall: 16.875 minutes, Δt:   0.91, CFL: 9.00e-01
i:  55200, t:   76588.9 s, ωt:   7.66 (1.22 periods), wall: 16.902 minutes, Δt:   0.82, CFL: 9.00e-01
i:  55300, t:   76676.1 s, ωt:   7.67 (1.22 periods), wall: 16.931 minutes, Δt:   0.88, CFL: 9.00e-01
i:  55400, t:   76771.7 s, ωt:   7.68 (1.22 periods), wall: 16.958 minutes, Δt:   1.02, CFL: 9.00e-01
i:  55500, t:   76861.9 s, ωt:   7.69 (1.22 periods), wall: 16.985 minutes, Δt:   0.87, CFL: 9.00e-01
i:  55600, t:   76952.8 s, ωt:   7.70 (1.22 periods), wall: 17.012 minutes, Δt:   0.89, CFL: 9.00e-01
i:  55700, t:   77043.2 s, ωt:   7.70 (1.23 periods), wall: 17.041 minutes, Δt:   0.94, CFL: 9.00e-01
i:  55800, t:   77133.3 s, ωt:   7.71 (1.23 periods), wall: 17.068 minutes, Δt:   0.96, CFL: 9.00e-01
i:  55900, t:   77223.5 s, ωt:   7.72 (1.23 periods), wall: 17.095 minutes, Δt:   0.80, CFL: 9.00e-01
i:  56000, t:   77307.9 s, ωt:   7.73 (1.23 periods), wall: 17.124 minutes, Δt:   0.83, CFL: 9.00e-01
i:  56100, t:   77393.7 s, ωt:   7.74 (1.23 periods), wall: 17.151 minutes, Δt:   0.86, CFL: 9.00e-01
i:  56200, t:   77482.4 s, ωt:   7.75 (1.23 periods), wall: 17.178 minutes, Δt:   0.88, CFL: 9.00e-01
i:  56300, t:   77572.7 s, ωt:   7.76 (1.23 periods), wall: 17.205 minutes, Δt:   0.91, CFL: 9.00e-01
i:  56400, t:   77663.3 s, ωt:   7.77 (1.24 periods), wall: 17.234 minutes, Δt:   0.93, CFL: 9.00e-01
i:  56500, t:   77746.3 s, ωt:   7.77 (1.24 periods), wall: 17.261 minutes, Δt:   0.82, CFL: 9.00e-01
i:  56600, t:   77832.9 s, ωt:   7.78 (1.24 periods), wall: 17.288 minutes, Δt:   0.88, CFL: 9.00e-01
i:  56700, t:   77917.1 s, ωt:   7.79 (1.24 periods), wall: 17.318 minutes, Δt:   0.82, CFL: 9.00e-01
i:  56800, t:   78001.5 s, ωt:   7.80 (1.24 periods), wall: 17.345 minutes, Δt:   0.83, CFL: 9.00e-01
i:  56900, t:   78091.1 s, ωt:   7.81 (1.24 periods), wall: 17.372 minutes, Δt:   0.86, CFL: 9.00e-01
i:  57000, t:   78176.6 s, ωt:   7.82 (1.24 periods), wall: 17.399 minutes, Δt:   0.92, CFL: 9.00e-01
i:  57100, t:   78264.9 s, ωt:   7.83 (1.25 periods), wall: 17.428 minutes, Δt:   0.90, CFL: 9.00e-01
i:  57200, t:   78350.7 s, ωt:   7.84 (1.25 periods), wall: 17.455 minutes, Δt:   0.84, CFL: 9.00e-01
i:  57300, t:   78440.5 s, ωt:   7.84 (1.25 periods), wall: 17.482 minutes, Δt:   0.89, CFL: 9.00e-01
i:  57400, t:   78529.2 s, ωt:   7.85 (1.25 periods), wall: 17.509 minutes, Δt:   0.95, CFL: 9.00e-01
i:  57500, t:   78614.1 s, ωt:   7.86 (1.25 periods), wall: 17.538 minutes, Δt:   0.88, CFL: 9.00e-01
i:  57600, t:   78698.5 s, ωt:   7.87 (1.25 periods), wall: 17.565 minutes, Δt:   0.77, CFL: 9.00e-01
i:  57700, t:   78783.4 s, ωt:   7.88 (1.25 periods), wall: 17.592 minutes, Δt:   1.00, CFL: 9.00e-01
i:  57800, t:   78869.2 s, ωt:   7.89 (1.26 periods), wall: 17.621 minutes, Δt:   0.84, CFL: 9.00e-01
i:  57900, t:   78955.1 s, ωt:   7.90 (1.26 periods), wall: 17.648 minutes, Δt:   0.77, CFL: 9.00e-01
i:  58000, t:   79036.6 s, ωt:   7.90 (1.26 periods), wall: 17.675 minutes, Δt:   0.88, CFL: 9.00e-01
i:  58100, t:   79119.0 s, ωt:   7.91 (1.26 periods), wall: 17.703 minutes, Δt:   0.76, CFL: 9.00e-01
i:  58200, t:   79201.9 s, ωt:   7.92 (1.26 periods), wall: 17.731 minutes, Δt:   0.93, CFL: 9.00e-01
i:  58300, t:   79288.2 s, ωt:   7.93 (1.26 periods), wall: 17.758 minutes, Δt:   0.84, CFL: 9.00e-01
i:  58400, t:   79373.5 s, ωt:   7.94 (1.26 periods), wall: 17.785 minutes, Δt:   0.84, CFL: 9.00e-01
i:  58500, t:   79461.1 s, ωt:   7.95 (1.26 periods), wall: 17.812 minutes, Δt:   0.87, CFL: 9.00e-01
i:  58600, t:   79549.2 s, ωt:   7.95 (1.27 periods), wall: 17.841 minutes, Δt:   0.92, CFL: 9.00e-01
i:  58700, t:   79639.8 s, ωt:   7.96 (1.27 periods), wall: 17.868 minutes, Δt:   0.85, CFL: 9.00e-01
i:  58800, t:   79730.4 s, ωt:   7.97 (1.27 periods), wall: 17.895 minutes, Δt:   0.86, CFL: 9.00e-01
i:  58900, t:   79817.0 s, ωt:   7.98 (1.27 periods), wall: 17.925 minutes, Δt:   0.92, CFL: 9.00e-01
i:  59000, t:   79901.8 s, ωt:   7.99 (1.27 periods), wall: 17.952 minutes, Δt:   0.86, CFL: 9.00e-01
i:  59100, t:   79993.9 s, ωt:   8.00 (1.27 periods), wall: 17.979 minutes, Δt:   0.80, CFL: 9.00e-01
i:  59200, t:   80085.3 s, ωt:   8.01 (1.27 periods), wall: 18.006 minutes, Δt:   0.86, CFL: 9.00e-01
i:  59300, t:   80167.3 s, ωt:   8.02 (1.28 periods), wall: 18.035 minutes, Δt:   0.83, CFL: 9.00e-01
i:  59400, t:   80259.5 s, ωt:   8.03 (1.28 periods), wall: 18.062 minutes, Δt:   0.93, CFL: 9.00e-01
i:  59500, t:   80352.1 s, ωt:   8.04 (1.28 periods), wall: 18.089 minutes, Δt:   0.95, CFL: 9.00e-01
i:  59600, t:   80442.6 s, ωt:   8.04 (1.28 periods), wall: 18.139 minutes, Δt:   0.81, CFL: 9.00e-01
i:  59700, t:   80529.9 s, ωt:   8.05 (1.28 periods), wall: 18.166 minutes, Δt:   0.81, CFL: 9.00e-01
i:  59800, t:   80614.9 s, ωt:   8.06 (1.28 periods), wall: 18.193 minutes, Δt:   0.91, CFL: 9.00e-01
i:  59900, t:   80701.3 s, ωt:   8.07 (1.28 periods), wall: 18.220 minutes, Δt:   0.88, CFL: 9.00e-01
i:  60000, t:   80792.8 s, ωt:   8.08 (1.29 periods), wall: 18.249 minutes, Δt:   0.86, CFL: 9.00e-01
i:  60100, t:   80882.0 s, ωt:   8.09 (1.29 periods), wall: 18.276 minutes, Δt:   0.87, CFL: 9.00e-01
i:  60200, t:   80974.0 s, ωt:   8.10 (1.29 periods), wall: 18.303 minutes, Δt:   0.98, CFL: 9.00e-01
i:  60300, t:   81066.1 s, ωt:   8.11 (1.29 periods), wall: 18.333 minutes, Δt:   0.81, CFL: 9.00e-01
i:  60400, t:   81159.3 s, ωt:   8.12 (1.29 periods), wall: 18.360 minutes, Δt:   0.94, CFL: 9.00e-01
i:  60500, t:   81250.3 s, ωt:   8.13 (1.29 periods), wall: 18.387 minutes, Δt:   0.93, CFL: 9.00e-01
i:  60600, t:   81341.8 s, ωt:   8.13 (1.29 periods), wall: 18.414 minutes, Δt:   0.87, CFL: 9.00e-01
i:  60700, t:   81432.7 s, ωt:   8.14 (1.30 periods), wall: 18.443 minutes, Δt:   0.75, CFL: 9.00e-01
i:  60800, t:   81523.7 s, ωt:   8.15 (1.30 periods), wall: 18.470 minutes, Δt:   0.95, CFL: 9.00e-01
i:  60900, t:   81618.2 s, ωt:   8.16 (1.30 periods), wall: 18.497 minutes, Δt:   0.84, CFL: 9.00e-01
i:  61000, t:   81697.4 s, ωt:   8.17 (1.30 periods), wall: 18.527 minutes, Δt:   0.82, CFL: 9.00e-01
i:  61100, t:   81787.8 s, ωt:   8.18 (1.30 periods), wall: 18.554 minutes, Δt:   0.98, CFL: 9.00e-01
i:  61200, t:   81879.6 s, ωt:   8.19 (1.30 periods), wall: 18.581 minutes, Δt:   0.92, CFL: 9.00e-01
i:  61300, t:   81961.5 s, ωt:   8.20 (1.30 periods), wall: 18.608 minutes, Δt:   0.81, CFL: 9.00e-01
i:  61400, t:   82050.3 s, ωt:   8.21 (1.31 periods), wall: 18.637 minutes, Δt:   0.91, CFL: 9.00e-01
i:  61500, t:   82148.2 s, ωt:   8.21 (1.31 periods), wall: 18.664 minutes, Δt:   0.95, CFL: 9.00e-01
i:  61600, t:   82245.8 s, ωt:   8.22 (1.31 periods), wall: 18.691 minutes, Δt:   1.03, CFL: 9.00e-01
i:  61700, t:   82344.7 s, ωt:   8.23 (1.31 periods), wall: 18.722 minutes, Δt:   1.08, CFL: 9.00e-01
i:  61800, t:   82441.9 s, ωt:   8.24 (1.31 periods), wall: 18.749 minutes, Δt:   0.98, CFL: 9.00e-01
i:  61900, t:   82536.9 s, ωt:   8.25 (1.31 periods), wall: 18.777 minutes, Δt:   0.97, CFL: 9.00e-01
i:  62000, t:   82634.7 s, ωt:   8.26 (1.32 periods), wall: 18.805 minutes, Δt:   0.97, CFL: 9.00e-01
i:  62100, t:   82734.3 s, ωt:   8.27 (1.32 periods), wall: 18.833 minutes, Δt:   0.99, CFL: 9.00e-01
i:  62200, t:   82832.7 s, ωt:   8.28 (1.32 periods), wall: 18.860 minutes, Δt:   0.96, CFL: 9.00e-01
i:  62300, t:   82929.4 s, ωt:   8.29 (1.32 periods), wall: 18.887 minutes, Δt:   0.97, CFL: 9.00e-01
i:  62400, t:   83033.0 s, ωt:   8.30 (1.32 periods), wall: 18.916 minutes, Δt:   1.06, CFL: 9.00e-01
i:  62500, t:   83135.5 s, ωt:   8.31 (1.32 periods), wall: 18.943 minutes, Δt:   0.89, CFL: 9.00e-01
i:  62600, t:   83233.8 s, ωt:   8.32 (1.32 periods), wall: 18.970 minutes, Δt:   0.98, CFL: 9.00e-01
i:  62700, t:   83326.1 s, ωt:   8.33 (1.33 periods), wall: 18.999 minutes, Δt:   0.87, CFL: 9.00e-01
i:  62800, t:   83422.3 s, ωt:   8.34 (1.33 periods), wall: 19.026 minutes, Δt:   0.99, CFL: 9.00e-01
i:  62900, t:   83519.1 s, ωt:   8.35 (1.33 periods), wall: 19.053 minutes, Δt:   1.07, CFL: 9.00e-01
i:  63000, t:   83623.1 s, ωt:   8.36 (1.33 periods), wall: 19.082 minutes, Δt:   1.12, CFL: 9.00e-01
i:  63100, t:   83722.1 s, ωt:   8.37 (1.33 periods), wall: 19.109 minutes, Δt:   0.83, CFL: 9.00e-01
i:  63200, t:   83818.5 s, ωt:   8.38 (1.33 periods), wall: 19.136 minutes, Δt:   0.96, CFL: 9.00e-01
i:  63300, t:   83911.2 s, ωt:   8.39 (1.34 periods), wall: 19.165 minutes, Δt:   0.99, CFL: 9.00e-01
i:  63400, t:   84020.3 s, ωt:   8.40 (1.34 periods), wall: 19.192 minutes, Δt:   1.14, CFL: 9.00e-01
i:  63500, t:   84120.2 s, ωt:   8.41 (1.34 periods), wall: 19.219 minutes, Δt:   0.99, CFL: 9.00e-01
i:  63600, t:   84222.8 s, ωt:   8.42 (1.34 periods), wall: 19.247 minutes, Δt:   1.14, CFL: 9.00e-01
i:  63700, t:   84324.4 s, ωt:   8.43 (1.34 periods), wall: 19.275 minutes, Δt:   0.93, CFL: 9.00e-01
i:  63800, t:   84431.0 s, ωt:   8.44 (1.34 periods), wall: 19.302 minutes, Δt:   1.08, CFL: 9.00e-01
i:  63900, t:   84542.6 s, ωt:   8.45 (1.35 periods), wall: 19.333 minutes, Δt:   0.95, CFL: 9.00e-01
i:  64000, t:   84642.9 s, ωt:   8.46 (1.35 periods), wall: 19.360 minutes, Δt:   0.96, CFL: 9.00e-01
i:  64100, t:   84743.2 s, ωt:   8.47 (1.35 periods), wall: 19.387 minutes, Δt:   0.87, CFL: 9.00e-01
i:  64200, t:   84841.6 s, ωt:   8.48 (1.35 periods), wall: 19.416 minutes, Δt:   1.15, CFL: 9.00e-01
i:  64300, t:   84943.2 s, ωt:   8.49 (1.35 periods), wall: 19.443 minutes, Δt:   1.01, CFL: 9.00e-01
i:  64400, t:   85049.8 s, ωt:   8.50 (1.35 periods), wall: 19.470 minutes, Δt:   1.04, CFL: 9.00e-01
i:  64500, t:   85148.9 s, ωt:   8.51 (1.36 periods), wall: 19.499 minutes, Δt:   1.00, CFL: 9.00e-01
i:  64600, t:   85251.5 s, ωt:   8.53 (1.36 periods), wall: 19.526 minutes, Δt:   1.08, CFL: 9.00e-01
i:  64700, t:   85353.1 s, ωt:   8.54 (1.36 periods), wall: 19.553 minutes, Δt:   0.93, CFL: 9.00e-01
i:  64800, t:   85453.5 s, ωt:   8.55 (1.36 periods), wall: 19.582 minutes, Δt:   1.11, CFL: 9.00e-01
i:  64900, t:   85568.2 s, ωt:   8.56 (1.36 periods), wall: 19.609 minutes, Δt:   1.22, CFL: 9.00e-01
i:  65000, t:   85684.1 s, ωt:   8.57 (1.36 periods), wall: 19.636 minutes, Δt:   1.18, CFL: 9.00e-01
i:  65100, t:   85804.4 s, ωt:   8.58 (1.37 periods), wall: 19.665 minutes, Δt:   1.27, CFL: 9.00e-01
i:  65200, t:   85933.7 s, ωt:   8.59 (1.37 periods), wall: 19.692 minutes, Δt:   1.11, CFL: 9.00e-01
i:  65300, t:   86049.2 s, ωt:   8.60 (1.37 periods), wall: 19.719 minutes, Δt:   1.16, CFL: 9.00e-01
i:  65400, t:   86160.4 s, ωt:   8.62 (1.37 periods), wall: 19.748 minutes, Δt:   1.19, CFL: 9.00e-01
i:  65500, t:   86277.3 s, ωt:   8.63 (1.37 periods), wall: 19.775 minutes, Δt:   1.34, CFL: 9.00e-01
i:  65600, t:   86406.2 s, ωt:   8.64 (1.38 periods), wall: 19.803 minutes, Δt:   1.28, CFL: 9.00e-01
i:  65700, t:   86534.4 s, ωt:   8.65 (1.38 periods), wall: 19.830 minutes, Δt:   1.33, CFL: 9.00e-01
i:  65800, t:   86671.2 s, ωt:   8.67 (1.38 periods), wall: 19.857 minutes, Δt:   1.43, CFL: 9.00e-01
i:  65900, t:   86809.0 s, ωt:   8.68 (1.38 periods), wall: 19.886 minutes, Δt:   1.33, CFL: 9.00e-01
i:  66000, t:   86937.3 s, ωt:   8.69 (1.38 periods), wall: 19.913 minutes, Δt:   1.15, CFL: 9.00e-01
i:  66100, t:   87053.6 s, ωt:   8.71 (1.39 periods), wall: 19.942 minutes, Δt:   1.13, CFL: 9.00e-01
i:  66200, t:   87181.9 s, ωt:   8.72 (1.39 periods), wall: 19.969 minutes, Δt:   1.46, CFL: 9.00e-01
i:  66300, t:   87306.5 s, ωt:   8.73 (1.39 periods), wall: 19.996 minutes, Δt:   1.15, CFL: 9.00e-01
i:  66400, t:   87429.8 s, ωt:   8.74 (1.39 periods), wall: 20.033 minutes, Δt:   1.16, CFL: 9.00e-01
i:  66500, t:   87558.0 s, ωt:   8.76 (1.39 periods), wall: 20.060 minutes, Δt:   1.28, CFL: 9.00e-01
i:  66600, t:   87691.5 s, ωt:   8.77 (1.40 periods), wall: 20.089 minutes, Δt:   1.45, CFL: 9.00e-01
i:  66700, t:   87839.8 s, ωt:   8.78 (1.40 periods), wall: 20.116 minutes, Δt:   1.51, CFL: 9.00e-01
i:  66800, t:   87964.6 s, ωt:   8.80 (1.40 periods), wall: 20.145 minutes, Δt:   1.22, CFL: 9.00e-01
i:  66900, t:   88107.6 s, ωt:   8.81 (1.40 periods), wall: 20.172 minutes, Δt:   1.29, CFL: 9.00e-01
i:  67000, t:   88246.8 s, ωt:   8.82 (1.40 periods), wall: 20.199 minutes, Δt:   1.60, CFL: 9.00e-01
i:  67100, t:   88411.8 s, ωt:   8.84 (1.41 periods), wall: 20.227 minutes, Δt:   1.46, CFL: 9.00e-01
i:  67200, t:   88568.2 s, ωt:   8.86 (1.41 periods), wall: 20.255 minutes, Δt:   1.57, CFL: 9.00e-01
i:  67300, t:   88717.8 s, ωt:   8.87 (1.41 periods), wall: 20.284 minutes, Δt:   1.73, CFL: 9.00e-01
i:  67400, t:   88894.6 s, ωt:   8.89 (1.41 periods), wall: 20.311 minutes, Δt:   1.58, CFL: 9.00e-01
i:  67500, t:   89064.2 s, ωt:   8.91 (1.42 periods), wall: 20.340 minutes, Δt:   1.40, CFL: 9.00e-01
i:  67600, t:   89221.2 s, ωt:   8.92 (1.42 periods), wall: 20.367 minutes, Δt:   1.80, CFL: 9.00e-01
i:  67700, t:   89397.7 s, ωt:   8.94 (1.42 periods), wall: 20.395 minutes, Δt:   1.82, CFL: 9.00e-01
i:  67800, t:   89574.6 s, ωt:   8.96 (1.43 periods), wall: 20.424 minutes, Δt:   1.57, CFL: 9.00e-01
i:  67900, t:   89741.9 s, ωt:   8.97 (1.43 periods), wall: 20.452 minutes, Δt:   1.78, CFL: 9.00e-01
i:  68000, t:   89922.1 s, ωt:   8.99 (1.43 periods), wall: 20.481 minutes, Δt:   1.92, CFL: 9.00e-01
i:  68100, t:   90110.6 s, ωt:   9.01 (1.43 periods), wall: 20.508 minutes, Δt:   2.06, CFL: 9.00e-01
i:  68200, t:   90309.4 s, ωt:   9.03 (1.44 periods), wall: 20.537 minutes, Δt:   2.02, CFL: 9.00e-01
i:  68300, t:   90495.8 s, ωt:   9.05 (1.44 periods), wall: 20.566 minutes, Δt:   2.18, CFL: 9.00e-01
i:  68400, t:   90694.3 s, ωt:   9.07 (1.44 periods), wall: 20.593 minutes, Δt:   1.98, CFL: 9.00e-01
i:  68500, t:   90915.5 s, ωt:   9.09 (1.45 periods), wall: 20.624 minutes, Δt:   2.06, CFL: 9.00e-01
i:  68600, t:   91112.5 s, ωt:   9.11 (1.45 periods), wall: 20.653 minutes, Δt:   2.17, CFL: 9.00e-01
i:  68700, t:   91311.2 s, ωt:   9.13 (1.45 periods), wall: 20.680 minutes, Δt:   2.21, CFL: 9.00e-01
i:  68800, t:   91509.0 s, ωt:   9.15 (1.46 periods), wall: 20.710 minutes, Δt:   1.94, CFL: 9.00e-01
i:  68900, t:   91730.6 s, ωt:   9.17 (1.46 periods), wall: 20.737 minutes, Δt:   2.47, CFL: 9.00e-01
i:  69000, t:   91958.6 s, ωt:   9.20 (1.46 periods), wall: 20.769 minutes, Δt:   2.33, CFL: 9.00e-01
i:  69100, t:   92233.3 s, ωt:   9.22 (1.47 periods), wall: 20.799 minutes, Δt:   3.05, CFL: 9.00e-01
i:  69200, t:   92511.3 s, ωt:   9.25 (1.47 periods), wall: 20.828 minutes, Δt:   2.88, CFL: 9.00e-01
i:  69300, t:   92804.5 s, ωt:   9.28 (1.48 periods), wall: 20.857 minutes, Δt:   3.30, CFL: 9.00e-01
i:  69400, t:   93140.3 s, ωt:   9.31 (1.48 periods), wall: 20.887 minutes, Δt:   3.36, CFL: 9.00e-01
i:  69500, t:   93489.2 s, ωt:   9.35 (1.49 periods), wall: 20.916 minutes, Δt:   3.52, CFL: 9.00e-01
i:  69600, t:   93798.8 s, ωt:   9.38 (1.49 periods), wall: 20.947 minutes, Δt:   3.22, CFL: 9.00e-01
i:  69700, t:   94114.0 s, ωt:   9.41 (1.50 periods), wall: 20.976 minutes, Δt:   3.45, CFL: 9.00e-01
i:  69800, t:   94440.7 s, ωt:   9.44 (1.50 periods), wall: 21.037 minutes, Δt:   3.06, CFL: 9.00e-01
i:  69900, t:   94747.4 s, ωt:   9.47 (1.51 periods), wall: 21.066 minutes, Δt:   3.63, CFL: 9.00e-01
i:  70000, t:   95101.7 s, ωt:   9.51 (1.51 periods), wall: 21.095 minutes, Δt:   3.87, CFL: 9.00e-01
i:  70100, t:   95422.3 s, ωt:   9.54 (1.52 periods), wall: 21.124 minutes, Δt:   2.87, CFL: 9.00e-01
i:  70200, t:   95716.3 s, ωt:   9.57 (1.52 periods), wall: 21.153 minutes, Δt:   2.83, CFL: 9.00e-01
i:  70300, t:   95990.1 s, ωt:   9.60 (1.53 periods), wall: 21.182 minutes, Δt:   2.49, CFL: 9.00e-01
i:  70400, t:   96233.1 s, ωt:   9.62 (1.53 periods), wall: 21.211 minutes, Δt:   2.72, CFL: 9.00e-01
i:  70500, t:   96469.8 s, ωt:   9.65 (1.54 periods), wall: 21.239 minutes, Δt:   2.64, CFL: 9.00e-01
i:  70600, t:   96721.4 s, ωt:   9.67 (1.54 periods), wall: 21.266 minutes, Δt:   2.48, CFL: 9.00e-01
i:  70700, t:   96946.3 s, ωt:   9.69 (1.54 periods), wall: 21.295 minutes, Δt:   2.28, CFL: 9.00e-01
i:  70800, t:   97152.7 s, ωt:   9.72 (1.55 periods), wall: 21.325 minutes, Δt:   2.20, CFL: 9.00e-01
i:  70900, t:   97367.8 s, ωt:   9.74 (1.55 periods), wall: 21.352 minutes, Δt:   2.05, CFL: 9.00e-01
i:  71000, t:   97560.0 s, ωt:   9.76 (1.55 periods), wall: 21.381 minutes, Δt:   1.88, CFL: 9.00e-01
i:  71100, t:   97732.4 s, ωt:   9.77 (1.56 periods), wall: 21.409 minutes, Δt:   1.57, CFL: 9.00e-01
i:  71200, t:   97898.2 s, ωt:   9.79 (1.56 periods), wall: 21.436 minutes, Δt:   1.73, CFL: 9.00e-01
i:  71300, t:   98075.8 s, ωt:   9.81 (1.56 periods), wall: 21.465 minutes, Δt:   1.66, CFL: 9.00e-01
i:  71400, t:   98245.8 s, ωt:   9.82 (1.56 periods), wall: 21.492 minutes, Δt:   1.77, CFL: 9.00e-01
i:  71500, t:   98407.4 s, ωt:   9.84 (1.57 periods), wall: 21.521 minutes, Δt:   1.62, CFL: 9.00e-01
i:  71600, t:   98566.3 s, ωt:   9.86 (1.57 periods), wall: 21.548 minutes, Δt:   1.62, CFL: 9.00e-01
i:  71700, t:   98722.0 s, ωt:   9.87 (1.57 periods), wall: 21.577 minutes, Δt:   1.54, CFL: 9.00e-01
i:  71800, t:   98865.5 s, ωt:   9.89 (1.57 periods), wall: 21.604 minutes, Δt:   1.57, CFL: 9.00e-01
i:  71900, t:   99017.5 s, ωt:   9.90 (1.58 periods), wall: 21.634 minutes, Δt:   1.60, CFL: 9.00e-01
i:  72000, t:   99175.6 s, ωt:   9.92 (1.58 periods), wall: 21.661 minutes, Δt:   1.60, CFL: 9.00e-01
i:  72100, t:   99328.6 s, ωt:   9.93 (1.58 periods), wall: 21.689 minutes, Δt:   1.38, CFL: 9.00e-01
i:  72200, t:   99465.7 s, ωt:   9.95 (1.58 periods), wall: 21.716 minutes, Δt:   1.57, CFL: 9.00e-01
i:  72300, t:   99611.1 s, ωt:   9.96 (1.59 periods), wall: 21.745 minutes, Δt:   1.42, CFL: 9.00e-01
i:  72400, t:   99744.4 s, ωt:   9.97 (1.59 periods), wall: 21.773 minutes, Δt:   1.47, CFL: 9.00e-01
i:  72500, t:   99890.4 s, ωt:   9.99 (1.59 periods), wall: 21.800 minutes, Δt:   1.41, CFL: 9.00e-01
i:  72600, t:  100012.7 s, ωt:  10.00 (1.59 periods), wall: 21.832 minutes, Δt:   1.17, CFL: 9.00e-01
i:  72700, t:  100133.3 s, ωt:  10.01 (1.59 periods), wall: 21.859 minutes, Δt:   1.35, CFL: 9.00e-01
i:  72800, t:  100264.6 s, ωt:  10.03 (1.60 periods), wall: 21.890 minutes, Δt:   1.30, CFL: 9.00e-01
i:  72900, t:  100394.1 s, ωt:  10.04 (1.60 periods), wall: 21.918 minutes, Δt:   1.31, CFL: 9.00e-01
i:  73000, t:  100519.7 s, ωt:  10.05 (1.60 periods), wall: 21.945 minutes, Δt:   1.15, CFL: 9.00e-01
i:  73100, t:  100636.6 s, ωt:  10.06 (1.60 periods), wall: 21.974 minutes, Δt:   1.18, CFL: 9.00e-01
i:  73200, t:  100760.6 s, ωt:  10.08 (1.60 periods), wall: 22.001 minutes, Δt:   1.14, CFL: 9.00e-01
i:  73300, t:  100872.4 s, ωt:  10.09 (1.61 periods), wall: 22.030 minutes, Δt:   1.04, CFL: 9.00e-01
i:  73400, t:  100988.5 s, ωt:  10.10 (1.61 periods), wall: 22.057 minutes, Δt:   1.20, CFL: 9.00e-01
i:  73500, t:  101101.9 s, ωt:  10.11 (1.61 periods), wall: 22.084 minutes, Δt:   1.20, CFL: 9.00e-01
i:  73600, t:  101215.4 s, ωt:  10.12 (1.61 periods), wall: 22.113 minutes, Δt:   1.20, CFL: 9.00e-01
i:  73700, t:  101330.8 s, ωt:  10.13 (1.61 periods), wall: 22.140 minutes, Δt:   1.15, CFL: 9.00e-01
i:  73800, t:  101450.9 s, ωt:  10.15 (1.61 periods), wall: 22.167 minutes, Δt:   1.22, CFL: 9.00e-01
i:  73900, t:  101569.4 s, ωt:  10.16 (1.62 periods), wall: 22.197 minutes, Δt:   1.15, CFL: 9.00e-01
i:  74000, t:  101680.3 s, ωt:  10.17 (1.62 periods), wall: 22.224 minutes, Δt:   1.06, CFL: 9.00e-01
i:  74100, t:  101791.9 s, ωt:  10.18 (1.62 periods), wall: 22.253 minutes, Δt:   1.10, CFL: 9.00e-01
i:  74200, t:  101903.0 s, ωt:  10.19 (1.62 periods), wall: 22.280 minutes, Δt:   1.18, CFL: 9.00e-01
i:  74300, t:  102016.7 s, ωt:  10.20 (1.62 periods), wall: 22.307 minutes, Δt:   1.16, CFL: 9.00e-01
i:  74400, t:  102125.5 s, ωt:  10.21 (1.63 periods), wall: 22.336 minutes, Δt:   1.02, CFL: 9.00e-01
i:  74500, t:  102225.9 s, ωt:  10.22 (1.63 periods), wall: 22.363 minutes, Δt:   0.89, CFL: 9.00e-01
i:  74600, t:  102322.5 s, ωt:  10.23 (1.63 periods), wall: 22.390 minutes, Δt:   1.00, CFL: 9.00e-01
i:  74700, t:  102422.7 s, ωt:  10.24 (1.63 periods), wall: 22.419 minutes, Δt:   1.03, CFL: 9.00e-01
i:  74800, t:  102520.7 s, ωt:  10.25 (1.63 periods), wall: 22.446 minutes, Δt:   0.99, CFL: 9.00e-01
i:  74900, t:  102625.4 s, ωt:  10.26 (1.63 periods), wall: 22.473 minutes, Δt:   1.07, CFL: 9.00e-01
i:  75000, t:  102724.0 s, ωt:  10.27 (1.63 periods), wall: 22.500 minutes, Δt:   0.95, CFL: 9.00e-01
i:  75100, t:  102820.8 s, ωt:  10.28 (1.64 periods), wall: 22.529 minutes, Δt:   0.98, CFL: 9.00e-01
i:  75200, t:  102924.6 s, ωt:  10.29 (1.64 periods), wall: 22.556 minutes, Δt:   0.94, CFL: 9.00e-01
i:  75300, t:  103016.5 s, ωt:  10.30 (1.64 periods), wall: 22.583 minutes, Δt:   0.86, CFL: 9.00e-01
i:  75400, t:  103119.5 s, ωt:  10.31 (1.64 periods), wall: 22.612 minutes, Δt:   1.03, CFL: 9.00e-01
i:  75500, t:  103221.5 s, ωt:  10.32 (1.64 periods), wall: 22.639 minutes, Δt:   1.05, CFL: 9.00e-01
i:  75600, t:  103314.2 s, ωt:  10.33 (1.64 periods), wall: 22.666 minutes, Δt:   0.85, CFL: 9.00e-01
i:  75700, t:  103412.4 s, ωt:  10.34 (1.65 periods), wall: 22.695 minutes, Δt:   1.03, CFL: 9.00e-01
i:  75800, t:  103511.6 s, ωt:  10.35 (1.65 periods), wall: 22.722 minutes, Δt:   0.96, CFL: 9.00e-01
i:  75900, t:  103608.2 s, ωt:  10.36 (1.65 periods), wall: 22.749 minutes, Δt:   1.00, CFL: 9.00e-01
i:  76000, t:  103707.8 s, ωt:  10.37 (1.65 periods), wall: 22.778 minutes, Δt:   1.08, CFL: 9.00e-01
i:  76100, t:  103802.9 s, ωt:  10.38 (1.65 periods), wall: 22.805 minutes, Δt:   0.95, CFL: 9.00e-01
i:  76200, t:  103897.7 s, ωt:  10.39 (1.65 periods), wall: 22.832 minutes, Δt:   0.90, CFL: 9.00e-01
i:  76300, t:  103992.6 s, ωt:  10.40 (1.66 periods), wall: 22.863 minutes, Δt:   0.96, CFL: 9.00e-01
i:  76400, t:  104091.7 s, ωt:  10.41 (1.66 periods), wall: 22.890 minutes, Δt:   0.98, CFL: 9.00e-01
i:  76500, t:  104187.0 s, ωt:  10.42 (1.66 periods), wall: 22.917 minutes, Δt:   0.93, CFL: 9.00e-01
i:  76600, t:  104280.7 s, ωt:  10.43 (1.66 periods), wall: 22.944 minutes, Δt:   0.99, CFL: 9.00e-01
i:  76700, t:  104380.4 s, ωt:  10.44 (1.66 periods), wall: 22.973 minutes, Δt:   0.97, CFL: 9.00e-01
i:  76800, t:  104476.9 s, ωt:  10.45 (1.66 periods), wall: 23.000 minutes, Δt:   1.00, CFL: 9.00e-01
i:  76900, t:  104573.2 s, ωt:  10.46 (1.66 periods), wall: 23.027 minutes, Δt:   0.90, CFL: 9.00e-01
i:  77000, t:  104666.5 s, ωt:  10.47 (1.67 periods), wall: 23.056 minutes, Δt:   0.81, CFL: 9.00e-01
i:  77100, t:  104751.5 s, ωt:  10.48 (1.67 periods), wall: 23.083 minutes, Δt:   0.98, CFL: 9.00e-01
i:  77200, t:  104846.2 s, ωt:  10.48 (1.67 periods), wall: 23.110 minutes, Δt:   0.93, CFL: 9.00e-01
i:  77300, t:  104935.8 s, ωt:  10.49 (1.67 periods), wall: 23.139 minutes, Δt:   0.93, CFL: 9.00e-01
i:  77400, t:  105030.0 s, ωt:  10.50 (1.67 periods), wall: 23.166 minutes, Δt:   0.94, CFL: 9.00e-01
i:  77500, t:  105121.9 s, ωt:  10.51 (1.67 periods), wall: 23.193 minutes, Δt:   0.88, CFL: 9.00e-01
i:  77600, t:  105209.6 s, ωt:  10.52 (1.67 periods), wall: 23.220 minutes, Δt:   0.89, CFL: 9.00e-01
i:  77700, t:  105299.8 s, ωt:  10.53 (1.68 periods), wall: 23.249 minutes, Δt:   0.94, CFL: 9.00e-01
i:  77800, t:  105385.2 s, ωt:  10.54 (1.68 periods), wall: 23.277 minutes, Δt:   0.85, CFL: 9.00e-01
i:  77900, t:  105466.6 s, ωt:  10.55 (1.68 periods), wall: 23.304 minutes, Δt:   1.00, CFL: 9.00e-01
i:  78000, t:  105562.5 s, ωt:  10.56 (1.68 periods), wall: 23.332 minutes, Δt:   0.96, CFL: 9.00e-01
i:  78100, t:  105643.1 s, ωt:  10.56 (1.68 periods), wall: 23.359 minutes, Δt:   0.76, CFL: 9.00e-01
i:  78200, t:  105729.8 s, ωt:  10.57 (1.68 periods), wall: 23.386 minutes, Δt:   0.91, CFL: 9.00e-01
i:  78300, t:  105821.2 s, ωt:  10.58 (1.68 periods), wall: 23.413 minutes, Δt:   0.94, CFL: 9.00e-01
i:  78400, t:  105910.9 s, ωt:  10.59 (1.69 periods), wall: 23.443 minutes, Δt:   0.81, CFL: 9.00e-01
i:  78500, t:  105995.5 s, ωt:  10.60 (1.69 periods), wall: 23.470 minutes, Δt:   0.90, CFL: 9.00e-01
i:  78600, t:  106080.4 s, ωt:  10.61 (1.69 periods), wall: 23.496 minutes, Δt:   0.88, CFL: 9.00e-01
i:  78700, t:  106169.7 s, ωt:  10.62 (1.69 periods), wall: 23.524 minutes, Δt:   0.81, CFL: 9.00e-01
i:  78800, t:  106254.4 s, ωt:  10.63 (1.69 periods), wall: 23.552 minutes, Δt:   0.79, CFL: 9.00e-01
i:  78900, t:  106339.6 s, ωt:  10.63 (1.69 periods), wall: 23.579 minutes, Δt:   0.78, CFL: 9.00e-01
i:  79000, t:  106423.3 s, ωt:  10.64 (1.69 periods), wall: 23.606 minutes, Δt:   0.83, CFL: 9.00e-01
i:  79100, t:  106509.9 s, ωt:  10.65 (1.70 periods), wall: 23.635 minutes, Δt:   0.93, CFL: 9.00e-01
i:  79200, t:  106592.0 s, ωt:  10.66 (1.70 periods), wall: 23.663 minutes, Δt:   0.79, CFL: 9.00e-01
i:  79300, t:  106675.8 s, ωt:  10.67 (1.70 periods), wall: 23.690 minutes, Δt:   0.69, CFL: 9.00e-01
i:  79400, t:  106757.1 s, ωt:  10.68 (1.70 periods), wall: 23.717 minutes, Δt:   0.92, CFL: 9.00e-01
i:  79500, t:  106841.0 s, ωt:  10.68 (1.70 periods), wall: 23.746 minutes, Δt:   0.79, CFL: 9.00e-01
i:  79600, t:  106923.2 s, ωt:  10.69 (1.70 periods), wall: 23.773 minutes, Δt:   0.88, CFL: 9.00e-01
i:  79700, t:  107005.9 s, ωt:  10.70 (1.70 periods), wall: 23.800 minutes, Δt:   0.89, CFL: 9.00e-01
i:  79800, t:  107094.1 s, ωt:  10.71 (1.70 periods), wall: 23.827 minutes, Δt:   0.82, CFL: 9.00e-01
i:  79900, t:  107176.6 s, ωt:  10.72 (1.71 periods), wall: 23.856 minutes, Δt:   0.83, CFL: 9.00e-01
i:  80000, t:  107252.6 s, ωt:  10.73 (1.71 periods), wall: 23.883 minutes, Δt:   0.79, CFL: 9.00e-01
i:  80100, t:  107333.9 s, ωt:  10.73 (1.71 periods), wall: 23.910 minutes, Δt:   0.86, CFL: 9.00e-01
i:  80200, t:  107418.6 s, ωt:  10.74 (1.71 periods), wall: 23.937 minutes, Δt:   0.80, CFL: 9.00e-01
i:  80300, t:  107500.8 s, ωt:  10.75 (1.71 periods), wall: 23.966 minutes, Δt:   0.92, CFL: 9.00e-01
i:  80400, t:  107586.9 s, ωt:  10.76 (1.71 periods), wall: 23.993 minutes, Δt:   0.89, CFL: 9.00e-01
i:  80500, t:  107674.2 s, ωt:  10.77 (1.71 periods), wall: 24.020 minutes, Δt:   0.85, CFL: 9.00e-01
i:  80600, t:  107758.4 s, ωt:  10.78 (1.72 periods), wall: 24.373 minutes, Δt:   0.83, CFL: 9.00e-01
i:  80700, t:  107839.9 s, ωt:  10.78 (1.72 periods), wall: 24.400 minutes, Δt:   0.85, CFL: 9.00e-01
i:  80800, t:  107929.8 s, ωt:  10.79 (1.72 periods), wall: 24.439 minutes, Δt:   0.89, CFL: 9.00e-01
i:  80900, t:  108009.7 s, ωt:  10.80 (1.72 periods), wall: 24.466 minutes, Δt:   0.79, CFL: 9.00e-01
i:  81000, t:  108091.9 s, ωt:  10.81 (1.72 periods), wall: 24.618 minutes, Δt:   0.86, CFL: 9.00e-01
i:  81100, t:  108178.8 s, ωt:  10.82 (1.72 periods), wall: 24.645 minutes, Δt:   0.83, CFL: 9.00e-01
i:  81200, t:  108262.9 s, ωt:  10.83 (1.72 periods), wall: 24.672 minutes, Δt:   0.85, CFL: 9.00e-01
i:  81300, t:  108346.2 s, ωt:  10.83 (1.72 periods), wall: 24.841 minutes, Δt:   0.76, CFL: 9.00e-01
i:  81400, t:  108427.5 s, ωt:  10.84 (1.73 periods), wall: 25.163 minutes, Δt:   0.91, CFL: 9.00e-01
i:  81500, t:  108520.5 s, ωt:  10.85 (1.73 periods), wall: 25.190 minutes, Δt:   0.91, CFL: 9.00e-01
i:  81600, t:  108609.0 s, ωt:  10.86 (1.73 periods), wall: 25.217 minutes, Δt:   0.76, CFL: 9.00e-01
i:  81700, t:  108689.2 s, ωt:  10.87 (1.73 periods), wall: 25.244 minutes, Δt:   0.89, CFL: 9.00e-01
i:  81800, t:  108771.5 s, ωt:  10.88 (1.73 periods), wall: 25.480 minutes, Δt:   0.86, CFL: 9.00e-01
i:  81900, t:  108854.8 s, ωt:  10.89 (1.73 periods), wall: 25.507 minutes, Δt:   0.87, CFL: 9.00e-01
i:  82000, t:  108939.0 s, ωt:  10.89 (1.73 periods), wall: 25.534 minutes, Δt:   0.89, CFL: 9.00e-01
i:  82100, t:  109022.3 s, ωt:  10.90 (1.74 periods), wall: 25.563 minutes, Δt:   0.84, CFL: 9.00e-01
i:  82200, t:  109105.9 s, ωt:  10.91 (1.74 periods), wall: 25.590 minutes, Δt:   0.76, CFL: 9.00e-01
i:  82300, t:  109187.5 s, ωt:  10.92 (1.74 periods), wall: 25.617 minutes, Δt:   0.77, CFL: 9.00e-01
i:  82400, t:  109272.3 s, ωt:  10.93 (1.74 periods), wall: 25.644 minutes, Δt:   0.87, CFL: 9.00e-01
i:  82500, t:  109355.3 s, ωt:  10.94 (1.74 periods), wall: 25.673 minutes, Δt:   0.86, CFL: 9.00e-01
i:  82600, t:  109440.2 s, ωt:  10.94 (1.74 periods), wall: 25.700 minutes, Δt:   0.79, CFL: 9.00e-01
i:  82700, t:  109523.1 s, ωt:  10.95 (1.74 periods), wall: 25.727 minutes, Δt:   0.78, CFL: 9.00e-01
i:  82800, t:  109602.7 s, ωt:  10.96 (1.74 periods), wall: 25.754 minutes, Δt:   0.81, CFL: 9.00e-01
i:  82900, t:  109692.0 s, ωt:  10.97 (1.75 periods), wall: 25.782 minutes, Δt:   0.85, CFL: 9.00e-01
i:  83000, t:  109777.9 s, ωt:  10.98 (1.75 periods), wall: 25.809 minutes, Δt:   0.91, CFL: 9.00e-01
i:  83100, t:  109867.3 s, ωt:  10.99 (1.75 periods), wall: 25.837 minutes, Δt:   0.86, CFL: 9.00e-01
i:  83200, t:  109954.1 s, ωt:  11.00 (1.75 periods), wall: 25.864 minutes, Δt:   0.83, CFL: 9.00e-01
i:  83300, t:  110038.4 s, ωt:  11.00 (1.75 periods), wall: 25.892 minutes, Δt:   0.83, CFL: 9.00e-01
i:  83400, t:  110125.5 s, ωt:  11.01 (1.75 periods), wall: 25.919 minutes, Δt:   0.79, CFL: 9.00e-01
i:  83500, t:  110206.3 s, ωt:  11.02 (1.75 periods), wall: 25.946 minutes, Δt:   0.75, CFL: 9.00e-01
i:  83600, t:  110290.5 s, ωt:  11.03 (1.76 periods), wall: 25.975 minutes, Δt:   0.72, CFL: 9.00e-01
i:  83700, t:  110372.6 s, ωt:  11.04 (1.76 periods), wall: 26.002 minutes, Δt:   0.71, CFL: 9.00e-01
i:  83800, t:  110448.5 s, ωt:  11.04 (1.76 periods), wall: 26.029 minutes, Δt:   0.78, CFL: 9.00e-01
i:  83900, t:  110533.6 s, ωt:  11.05 (1.76 periods), wall: 26.056 minutes, Δt:   0.84, CFL: 9.00e-01
i:  84000, t:  110610.4 s, ωt:  11.06 (1.76 periods), wall: 26.086 minutes, Δt:   0.84, CFL: 9.00e-01
i:  84100, t:  110695.2 s, ωt:  11.07 (1.76 periods), wall: 26.113 minutes, Δt:   0.86, CFL: 9.00e-01
i:  84200, t:  110782.5 s, ωt:  11.08 (1.76 periods), wall: 26.140 minutes, Δt:   0.86, CFL: 9.00e-01
i:  84300, t:  110861.8 s, ωt:  11.09 (1.76 periods), wall: 26.167 minutes, Δt:   0.87, CFL: 9.00e-01
i:  84400, t:  110936.8 s, ωt:  11.09 (1.77 periods), wall: 26.196 minutes, Δt:   0.77, CFL: 9.00e-01
i:  84500, t:  111022.6 s, ωt:  11.10 (1.77 periods), wall: 26.223 minutes, Δt:   0.97, CFL: 9.00e-01
i:  84600, t:  111111.3 s, ωt:  11.11 (1.77 periods), wall: 26.250 minutes, Δt:   0.88, CFL: 9.00e-01
i:  84700, t:  111206.0 s, ωt:  11.12 (1.77 periods), wall: 26.277 minutes, Δt:   0.86, CFL: 9.00e-01
i:  84800, t:  111289.7 s, ωt:  11.13 (1.77 periods), wall: 26.306 minutes, Δt:   0.90, CFL: 9.00e-01
i:  84900, t:  111369.0 s, ωt:  11.14 (1.77 periods), wall: 26.333 minutes, Δt:   0.84, CFL: 9.00e-01
i:  85000, t:  111458.0 s, ωt:  11.15 (1.77 periods), wall: 26.360 minutes, Δt:   0.80, CFL: 9.00e-01
i:  85100, t:  111545.7 s, ωt:  11.15 (1.78 periods), wall: 26.389 minutes, Δt:   0.90, CFL: 9.00e-01
i:  85200, t:  111632.6 s, ωt:  11.16 (1.78 periods), wall: 26.416 minutes, Δt:   0.88, CFL: 9.00e-01
i:  85300, t:  111721.7 s, ωt:  11.17 (1.78 periods), wall: 26.443 minutes, Δt:   0.79, CFL: 9.00e-01
i:  85400, t:  111806.3 s, ωt:  11.18 (1.78 periods), wall: 26.471 minutes, Δt:   0.82, CFL: 9.00e-01
i:  85500, t:  111891.0 s, ωt:  11.19 (1.78 periods), wall: 26.500 minutes, Δt:   0.85, CFL: 9.00e-01
i:  85600, t:  111968.2 s, ωt:  11.20 (1.78 periods), wall: 26.527 minutes, Δt:   0.79, CFL: 9.00e-01
i:  85700, t:  112055.1 s, ωt:  11.21 (1.78 periods), wall: 26.554 minutes, Δt:   0.86, CFL: 9.00e-01
i:  85800, t:  112138.4 s, ωt:  11.21 (1.78 periods), wall: 26.581 minutes, Δt:   0.88, CFL: 9.00e-01
i:  85900, t:  112222.9 s, ωt:  11.22 (1.79 periods), wall: 26.609 minutes, Δt:   0.81, CFL: 9.00e-01
i:  86000, t:  112306.3 s, ωt:  11.23 (1.79 periods), wall: 26.636 minutes, Δt:   0.87, CFL: 9.00e-01
i:  86100, t:  112393.5 s, ωt:  11.24 (1.79 periods), wall: 26.663 minutes, Δt:   0.92, CFL: 9.00e-01
i:  86200, t:  112479.8 s, ωt:  11.25 (1.79 periods), wall: 26.692 minutes, Δt:   0.95, CFL: 9.00e-01
i:  86300, t:  112572.5 s, ωt:  11.26 (1.79 periods), wall: 26.719 minutes, Δt:   0.89, CFL: 9.00e-01
i:  86400, t:  112666.6 s, ωt:  11.27 (1.79 periods), wall: 26.746 minutes, Δt:   0.84, CFL: 9.00e-01
i:  86500, t:  112750.7 s, ωt:  11.28 (1.79 periods), wall: 26.773 minutes, Δt:   0.90, CFL: 9.00e-01
i:  86600, t:  112834.4 s, ωt:  11.28 (1.80 periods), wall: 26.802 minutes, Δt:   0.89, CFL: 9.00e-01
i:  86700, t:  112919.1 s, ωt:  11.29 (1.80 periods), wall: 26.829 minutes, Δt:   0.80, CFL: 9.00e-01
i:  86800, t:  113010.0 s, ωt:  11.30 (1.80 periods), wall: 26.856 minutes, Δt:   0.84, CFL: 9.00e-01
i:  86900, t:  113097.3 s, ωt:  11.31 (1.80 periods), wall: 26.883 minutes, Δt:   0.90, CFL: 9.00e-01
i:  87000, t:  113187.6 s, ωt:  11.32 (1.80 periods), wall: 26.913 minutes, Δt:   1.05, CFL: 9.00e-01
i:  87100, t:  113282.5 s, ωt:  11.33 (1.80 periods), wall: 26.940 minutes, Δt:   0.91, CFL: 9.00e-01
i:  87200, t:  113369.9 s, ωt:  11.34 (1.80 periods), wall: 26.967 minutes, Δt:   0.80, CFL: 9.00e-01
i:  87300, t:  113455.9 s, ωt:  11.35 (1.81 periods), wall: 26.995 minutes, Δt:   0.81, CFL: 9.00e-01
i:  87400, t:  113546.2 s, ωt:  11.35 (1.81 periods), wall: 27.022 minutes, Δt:   0.91, CFL: 9.00e-01
i:  87500, t:  113632.7 s, ωt:  11.36 (1.81 periods), wall: 27.049 minutes, Δt:   0.77, CFL: 9.00e-01
i:  87600, t:  113724.4 s, ωt:  11.37 (1.81 periods), wall: 27.077 minutes, Δt:   0.96, CFL: 9.00e-01
i:  87700, t:  113820.9 s, ωt:  11.38 (1.81 periods), wall: 27.105 minutes, Δt:   0.99, CFL: 9.00e-01
i:  87800, t:  113898.2 s, ωt:  11.39 (1.81 periods), wall: 27.132 minutes, Δt:   0.83, CFL: 9.00e-01
i:  87900, t:  113985.5 s, ωt:  11.40 (1.81 periods), wall: 27.159 minutes, Δt:   0.98, CFL: 9.00e-01
i:  88000, t:  114079.3 s, ωt:  11.41 (1.82 periods), wall: 27.189 minutes, Δt:   0.90, CFL: 9.00e-01
i:  88100, t:  114180.5 s, ωt:  11.42 (1.82 periods), wall: 27.216 minutes, Δt:   1.02, CFL: 9.00e-01
i:  88200, t:  114281.8 s, ωt:  11.43 (1.82 periods), wall: 27.243 minutes, Δt:   0.97, CFL: 9.00e-01
i:  88300, t:  114376.6 s, ωt:  11.44 (1.82 periods), wall: 27.272 minutes, Δt:   0.82, CFL: 9.00e-01
i:  88400, t:  114463.9 s, ωt:  11.45 (1.82 periods), wall: 27.299 minutes, Δt:   0.90, CFL: 9.00e-01
i:  88500, t:  114558.2 s, ωt:  11.46 (1.82 periods), wall: 27.326 minutes, Δt:   0.93, CFL: 9.00e-01
i:  88600, t:  114652.1 s, ωt:  11.47 (1.82 periods), wall: 27.353 minutes, Δt:   0.86, CFL: 9.00e-01
i:  88700, t:  114747.6 s, ωt:  11.47 (1.83 periods), wall: 27.382 minutes, Δt:   1.13, CFL: 9.00e-01
i:  88800, t:  114855.0 s, ωt:  11.49 (1.83 periods), wall: 27.409 minutes, Δt:   1.06, CFL: 9.00e-01
i:  88900, t:  114947.0 s, ωt:  11.49 (1.83 periods), wall: 27.436 minutes, Δt:   0.98, CFL: 9.00e-01
i:  89000, t:  115042.0 s, ωt:  11.50 (1.83 periods), wall: 27.465 minutes, Δt:   1.05, CFL: 9.00e-01
i:  89100, t:  115148.3 s, ωt:  11.51 (1.83 periods), wall: 27.492 minutes, Δt:   1.02, CFL: 9.00e-01
i:  89200, t:  115246.5 s, ωt:  11.52 (1.83 periods), wall: 27.519 minutes, Δt:   0.95, CFL: 9.00e-01
i:  89300, t:  115345.4 s, ωt:  11.53 (1.84 periods), wall: 27.548 minutes, Δt:   0.91, CFL: 9.00e-01
i:  89400, t:  115437.2 s, ωt:  11.54 (1.84 periods), wall: 27.575 minutes, Δt:   1.06, CFL: 9.00e-01
i:  89500, t:  115539.4 s, ωt:  11.55 (1.84 periods), wall: 27.601 minutes, Δt:   1.16, CFL: 9.00e-01
i:  89600, t:  115643.8 s, ωt:  11.56 (1.84 periods), wall: 27.630 minutes, Δt:   1.01, CFL: 9.00e-01
i:  89700, t:  115750.1 s, ωt:  11.58 (1.84 periods), wall: 27.658 minutes, Δt:   1.00, CFL: 9.00e-01
i:  89800, t:  115860.0 s, ωt:  11.59 (1.84 periods), wall: 27.685 minutes, Δt:   1.01, CFL: 9.00e-01
i:  89900, t:  115962.7 s, ωt:  11.60 (1.85 periods), wall: 27.714 minutes, Δt:   1.10, CFL: 9.00e-01
i:  90000, t:  116069.3 s, ωt:  11.61 (1.85 periods), wall: 27.741 minutes, Δt:   0.76, CFL: 9.00e-01
i:  90100, t:  116156.1 s, ωt:  11.62 (1.85 periods), wall: 27.768 minutes, Δt:   0.93, CFL: 9.00e-01
i:  90200, t:  116247.3 s, ωt:  11.62 (1.85 periods), wall: 27.797 minutes, Δt:   1.10, CFL: 9.00e-01
i:  90300, t:  116347.4 s, ωt:  11.63 (1.85 periods), wall: 27.824 minutes, Δt:   1.04, CFL: 9.00e-01
i:  90400, t:  116450.7 s, ωt:  11.65 (1.85 periods), wall: 27.851 minutes, Δt:   1.10, CFL: 9.00e-01
i:  90500, t:  116555.2 s, ωt:  11.66 (1.86 periods), wall: 27.879 minutes, Δt:   1.14, CFL: 9.00e-01
i:  90600, t:  116667.9 s, ωt:  11.67 (1.86 periods), wall: 27.906 minutes, Δt:   1.15, CFL: 9.00e-01
i:  90700, t:  116774.2 s, ωt:  11.68 (1.86 periods), wall: 27.933 minutes, Δt:   1.01, CFL: 9.00e-01
i:  90800, t:  116885.0 s, ωt:  11.69 (1.86 periods), wall: 27.962 minutes, Δt:   0.96, CFL: 9.00e-01
i:  90900, t:  116987.9 s, ωt:  11.70 (1.86 periods), wall: 27.989 minutes, Δt:   0.95, CFL: 9.00e-01
i:  91000, t:  117091.1 s, ωt:  11.71 (1.86 periods), wall: 28.016 minutes, Δt:   1.04, CFL: 9.00e-01
i:  91100, t:  117201.4 s, ωt:  11.72 (1.87 periods), wall: 28.046 minutes, Δt:   1.00, CFL: 9.00e-01
i:  91200, t:  117315.2 s, ωt:  11.73 (1.87 periods), wall: 28.073 minutes, Δt:   1.12, CFL: 9.00e-01
i:  91300, t:  117432.8 s, ωt:  11.74 (1.87 periods), wall: 28.100 minutes, Δt:   1.18, CFL: 9.00e-01
i:  91400, t:  117552.4 s, ωt:  11.76 (1.87 periods), wall: 28.129 minutes, Δt:   1.21, CFL: 9.00e-01
i:  91500, t:  117670.8 s, ωt:  11.77 (1.87 periods), wall: 28.156 minutes, Δt:   1.11, CFL: 9.00e-01
i:  91600, t:  117786.6 s, ωt:  11.78 (1.87 periods), wall: 28.184 minutes, Δt:   1.07, CFL: 9.00e-01
i:  91700, t:  117900.0 s, ωt:  11.79 (1.88 periods), wall: 28.212 minutes, Δt:   1.07, CFL: 9.00e-01
i:  91800, t:  118024.3 s, ωt:  11.80 (1.88 periods), wall: 28.239 minutes, Δt:   1.29, CFL: 9.00e-01
i:  91900, t:  118141.2 s, ωt:  11.81 (1.88 periods), wall: 28.271 minutes, Δt:   1.01, CFL: 9.00e-01
i:  92000, t:  118261.9 s, ωt:  11.83 (1.88 periods), wall: 28.298 minutes, Δt:   1.14, CFL: 9.00e-01
i:  92100, t:  118392.2 s, ωt:  11.84 (1.88 periods), wall: 28.325 minutes, Δt:   1.36, CFL: 9.00e-01
i:  92200, t:  118525.1 s, ωt:  11.85 (1.89 periods), wall: 28.354 minutes, Δt:   1.27, CFL: 9.00e-01
i:  92300, t:  118661.0 s, ωt:  11.87 (1.89 periods), wall: 28.381 minutes, Δt:   1.24, CFL: 9.00e-01
i:  92400, t:  118791.6 s, ωt:  11.88 (1.89 periods), wall: 28.410 minutes, Δt:   1.44, CFL: 9.00e-01
i:  92500, t:  118929.5 s, ωt:  11.89 (1.89 periods), wall: 28.437 minutes, Δt:   1.50, CFL: 9.00e-01
i:  92600, t:  119071.7 s, ωt:  11.91 (1.90 periods), wall: 28.465 minutes, Δt:   1.34, CFL: 9.00e-01
i:  92700, t:  119218.6 s, ωt:  11.92 (1.90 periods), wall: 28.492 minutes, Δt:   1.55, CFL: 9.00e-01
i:  92800, t:  119362.1 s, ωt:  11.94 (1.90 periods), wall: 28.519 minutes, Δt:   1.33, CFL: 9.00e-01
i:  92900, t:  119500.2 s, ωt:  11.95 (1.90 periods), wall: 28.550 minutes, Δt:   1.55, CFL: 9.00e-01
i:  93000, t:  119657.8 s, ωt:  11.97 (1.90 periods), wall: 28.577 minutes, Δt:   1.47, CFL: 9.00e-01
i:  93100, t:  119817.6 s, ωt:  11.98 (1.91 periods), wall: 28.606 minutes, Δt:   1.67, CFL: 9.00e-01
i:  93200, t:  119994.6 s, ωt:  12.00 (1.91 periods), wall: 28.634 minutes, Δt:   1.69, CFL: 9.00e-01
i:  93300, t:  120172.2 s, ωt:  12.02 (1.91 periods), wall: 28.662 minutes, Δt:   1.82, CFL: 9.00e-01
i:  93400, t:  120348.4 s, ωt:  12.03 (1.92 periods), wall: 28.691 minutes, Δt:   1.58, CFL: 9.00e-01
i:  93500, t:  120511.6 s, ωt:  12.05 (1.92 periods), wall: 28.718 minutes, Δt:   1.92, CFL: 9.00e-01
i:  93600, t:  120671.0 s, ωt:  12.07 (1.92 periods), wall: 28.749 minutes, Δt:   1.89, CFL: 9.00e-01
i:  93700, t:  120843.2 s, ωt:  12.08 (1.92 periods), wall: 28.776 minutes, Δt:   1.29, CFL: 9.00e-01
i:  93800, t:  121010.2 s, ωt:  12.10 (1.93 periods), wall: 28.806 minutes, Δt:   1.97, CFL: 9.00e-01
i:  93900, t:  121200.7 s, ωt:  12.12 (1.93 periods), wall: 28.833 minutes, Δt:   1.91, CFL: 9.00e-01
i:  94000, t:  121394.4 s, ωt:  12.14 (1.93 periods), wall: 28.862 minutes, Δt:   2.10, CFL: 9.00e-01
i:  94100, t:  121596.7 s, ωt:  12.16 (1.94 periods), wall: 28.890 minutes, Δt:   1.96, CFL: 9.00e-01
i:  94200, t:  121816.6 s, ωt:  12.18 (1.94 periods), wall: 28.917 minutes, Δt:   1.98, CFL: 9.00e-01
i:  94300, t:  122033.2 s, ωt:  12.20 (1.94 periods), wall: 28.948 minutes, Δt:   2.16, CFL: 9.00e-01
i:  94400, t:  122242.2 s, ωt:  12.22 (1.95 periods), wall: 28.977 minutes, Δt:   2.21, CFL: 9.00e-01
i:  94500, t:  122476.7 s, ωt:  12.25 (1.95 periods), wall: 29.004 minutes, Δt:   2.26, CFL: 9.00e-01
i:  94600, t:  122665.4 s, ωt:  12.27 (1.95 periods), wall: 29.033 minutes, Δt:   2.31, CFL: 9.00e-01
i:  94700, t:  122901.7 s, ωt:  12.29 (1.96 periods), wall: 29.062 minutes, Δt:   2.30, CFL: 9.00e-01
i:  94800, t:  123155.8 s, ωt:  12.32 (1.96 periods), wall: 29.091 minutes, Δt:   2.87, CFL: 9.00e-01
i:  94900, t:  123428.2 s, ωt:  12.34 (1.96 periods), wall: 29.118 minutes, Δt:   3.11, CFL: 9.00e-01
i:  95000, t:  123703.2 s, ωt:  12.37 (1.97 periods), wall: 29.147 minutes, Δt:   2.70, CFL: 8.61e-01
i:  95100, t:  124004.8 s, ωt:  12.40 (1.97 periods), wall: 29.176 minutes, Δt:   3.61, CFL: 9.00e-01
i:  95200, t:  124403.4 s, ωt:  12.44 (1.98 periods), wall: 29.205 minutes, Δt:   4.39, CFL: 9.00e-01
i:  95300, t:  124814.9 s, ωt:  12.48 (1.99 periods), wall: 29.238 minutes, Δt:   4.12, CFL: 9.00e-01
i:  95400, t:  125189.9 s, ωt:  12.52 (1.99 periods), wall: 29.267 minutes, Δt:   3.22, CFL: 9.00e-01
i:  95500, t:  125535.6 s, ωt:  12.55 (2.00 periods), wall: 29.296 minutes, Δt:   3.84, CFL: 9.00e-01
i:  95600, t:  125906.4 s, ωt:  12.59 (2.00 periods), wall: 29.356 minutes, Δt:   3.67, CFL: 9.00e-01
i:  95700, t:  126259.6 s, ωt:  12.63 (2.01 periods), wall: 29.385 minutes, Δt:   3.66, CFL: 9.00e-01
i:  95800, t:  126613.2 s, ωt:  12.66 (2.02 periods), wall: 29.419 minutes, Δt:   3.64, CFL: 9.00e-01
i:  95900, t:  126971.5 s, ωt:  12.70 (2.02 periods), wall: 29.448 minutes, Δt:   3.23, CFL: 9.00e-01
i:  96000, t:  127294.5 s, ωt:  12.73 (2.03 periods), wall: 29.477 minutes, Δt:   3.26, CFL: 9.00e-01
i:  96100, t:  127615.6 s, ωt:  12.76 (2.03 periods), wall: 29.507 minutes, Δt:   3.27, CFL: 9.00e-01
i:  96200, t:  127921.6 s, ωt:  12.79 (2.04 periods), wall: 29.536 minutes, Δt:   2.66, CFL: 9.00e-01
i:  96300, t:  128185.4 s, ωt:  12.82 (2.04 periods), wall: 29.565 minutes, Δt:   2.44, CFL: 9.00e-01
i:  96400, t:  128410.8 s, ωt:  12.84 (2.04 periods), wall: 29.592 minutes, Δt:   2.49, CFL: 9.00e-01
i:  96500, t:  128647.8 s, ωt:  12.86 (2.05 periods), wall: 29.621 minutes, Δt:   2.57, CFL: 9.00e-01
i:  96600, t:  128873.5 s, ωt:  12.89 (2.05 periods), wall: 29.650 minutes, Δt:   2.36, CFL: 9.00e-01
i:  96700, t:  129098.9 s, ωt:  12.91 (2.05 periods), wall: 29.677 minutes, Δt:   1.84, CFL: 9.00e-01
i:  96800, t:  129300.0 s, ωt:  12.93 (2.06 periods), wall: 29.706 minutes, Δt:   2.18, CFL: 9.00e-01
i:  96900, t:  129498.0 s, ωt:  12.95 (2.06 periods), wall: 29.735 minutes, Δt:   1.96, CFL: 9.00e-01
i:  97000, t:  129677.7 s, ωt:  12.97 (2.06 periods), wall: 29.762 minutes, Δt:   1.73, CFL: 9.00e-01
i:  97100, t:  129852.8 s, ωt:  12.99 (2.07 periods), wall: 29.792 minutes, Δt:   1.62, CFL: 9.00e-01
i:  97200, t:  130018.3 s, ωt:  13.00 (2.07 periods), wall: 29.819 minutes, Δt:   1.73, CFL: 9.00e-01
i:  97300, t:  130184.0 s, ωt:  13.02 (2.07 periods), wall: 29.850 minutes, Δt:   1.69, CFL: 9.00e-01
i:  97400, t:  130349.7 s, ωt:  13.03 (2.07 periods), wall: 29.877 minutes, Δt:   1.75, CFL: 9.00e-01
i:  97500, t:  130515.1 s, ωt:  13.05 (2.08 periods), wall: 29.908 minutes, Δt:   1.43, CFL: 9.00e-01
i:  97600, t:  130672.5 s, ωt:  13.07 (2.08 periods), wall: 29.935 minutes, Δt:   1.46, CFL: 9.00e-01
i:  97700, t:  130808.7 s, ωt:  13.08 (2.08 periods), wall: 29.967 minutes, Δt:   1.36, CFL: 9.00e-01
i:  97800, t:  130954.6 s, ωt:  13.10 (2.08 periods), wall: 29.994 minutes, Δt:   1.41, CFL: 9.00e-01
i:  97900, t:  131092.4 s, ωt:  13.11 (2.09 periods), wall: 30.023 minutes, Δt:   1.37, CFL: 9.00e-01
i:  98000, t:  131235.3 s, ωt:  13.12 (2.09 periods), wall: 30.050 minutes, Δt:   1.52, CFL: 9.00e-01
i:  98100, t:  131375.9 s, ωt:  13.14 (2.09 periods), wall: 30.079 minutes, Δt:   1.28, CFL: 9.00e-01
i:  98200, t:  131512.5 s, ωt:  13.15 (2.09 periods), wall: 30.106 minutes, Δt:   1.46, CFL: 9.00e-01
i:  98300, t:  131647.6 s, ωt:  13.16 (2.10 periods), wall: 30.135 minutes, Δt:   1.27, CFL: 9.00e-01
i:  98400, t:  131786.7 s, ωt:  13.18 (2.10 periods), wall: 30.163 minutes, Δt:   1.44, CFL: 9.00e-01
i:  98500, t:  131918.7 s, ωt:  13.19 (2.10 periods), wall: 30.190 minutes, Δt:   1.28, CFL: 9.00e-01
i:  98600, t:  132055.2 s, ωt:  13.21 (2.10 periods), wall: 30.219 minutes, Δt:   1.31, CFL: 9.00e-01
i:  98700, t:  132178.0 s, ωt:  13.22 (2.10 periods), wall: 30.246 minutes, Δt:   1.09, CFL: 9.00e-01
i:  98800, t:  132296.4 s, ωt:  13.23 (2.11 periods), wall: 30.275 minutes, Δt:   1.17, CFL: 9.00e-01
i:  98900, t:  132414.5 s, ωt:  13.24 (2.11 periods), wall: 30.302 minutes, Δt:   1.32, CFL: 9.00e-01
i:  99000, t:  132530.7 s, ωt:  13.25 (2.11 periods), wall: 30.329 minutes, Δt:   0.96, CFL: 9.00e-01
i:  99100, t:  132637.3 s, ωt:  13.26 (2.11 periods), wall: 30.359 minutes, Δt:   1.19, CFL: 9.00e-01
i:  99200, t:  132747.8 s, ωt:  13.27 (2.11 periods), wall: 30.386 minutes, Δt:   1.12, CFL: 9.00e-01
i:  99300, t:  132863.8 s, ωt:  13.29 (2.11 periods), wall: 30.413 minutes, Δt:   1.27, CFL: 9.00e-01
i:  99400, t:  132979.5 s, ωt:  13.30 (2.12 periods), wall: 30.442 minutes, Δt:   1.21, CFL: 9.00e-01
i:  99500, t:  133095.5 s, ωt:  13.31 (2.12 periods), wall: 30.469 minutes, Δt:   1.16, CFL: 9.00e-01
i:  99600, t:  133211.3 s, ωt:  13.32 (2.12 periods), wall: 30.499 minutes, Δt:   1.08, CFL: 9.00e-01
i:  99700, t:  133316.0 s, ωt:  13.33 (2.12 periods), wall: 30.526 minutes, Δt:   1.16, CFL: 9.00e-01
i:  99800, t:  133429.2 s, ωt:  13.34 (2.12 periods), wall: 30.553 minutes, Δt:   0.95, CFL: 9.00e-01
i:  99900, t:  133533.9 s, ωt:  13.35 (2.13 periods), wall: 30.582 minutes, Δt:   1.10, CFL: 9.00e-01
i: 100000, t:  133643.1 s, ωt:  13.36 (2.13 periods), wall: 30.610 minutes, Δt:   1.11, CFL: 9.00e-01
i: 100100, t:  133753.1 s, ωt:  13.38 (2.13 periods), wall: 30.637 minutes, Δt:   1.18, CFL: 9.00e-01
i: 100200, t:  133859.5 s, ωt:  13.39 (2.13 periods), wall: 30.666 minutes, Δt:   1.05, CFL: 9.00e-01
i: 100300, t:  133967.2 s, ωt:  13.40 (2.13 periods), wall: 30.693 minutes, Δt:   1.09, CFL: 9.00e-01
i: 100400, t:  134075.1 s, ωt:  13.41 (2.13 periods), wall: 30.720 minutes, Δt:   1.13, CFL: 9.00e-01
i: 100500, t:  134188.4 s, ωt:  13.42 (2.14 periods), wall: 30.749 minutes, Δt:   1.18, CFL: 9.00e-01
i: 100600, t:  134300.9 s, ωt:  13.43 (2.14 periods), wall: 30.776 minutes, Δt:   1.14, CFL: 9.00e-01
i: 100700, t:  134403.7 s, ωt:  13.44 (2.14 periods), wall: 30.803 minutes, Δt:   1.09, CFL: 9.00e-01
i: 100800, t:  134509.3 s, ωt:  13.45 (2.14 periods), wall: 30.832 minutes, Δt:   1.10, CFL: 9.00e-01
i: 100900, t:  134618.3 s, ωt:  13.46 (2.14 periods), wall: 30.859 minutes, Δt:   1.16, CFL: 9.00e-01
i: 101000, t:  134718.8 s, ωt:  13.47 (2.14 periods), wall: 30.886 minutes, Δt:   1.03, CFL: 9.00e-01
i: 101100, t:  134818.2 s, ωt:  13.48 (2.15 periods), wall: 30.915 minutes, Δt:   1.00, CFL: 9.00e-01
i: 101200, t:  134918.3 s, ωt:  13.49 (2.15 periods), wall: 30.942 minutes, Δt:   0.97, CFL: 9.00e-01
i: 101300, t:  135024.4 s, ωt:  13.50 (2.15 periods), wall: 30.969 minutes, Δt:   0.99, CFL: 9.00e-01
i: 101400, t:  135119.1 s, ωt:  13.51 (2.15 periods), wall: 30.999 minutes, Δt:   1.10, CFL: 9.00e-01
i: 101500, t:  135218.8 s, ωt:  13.52 (2.15 periods), wall: 31.026 minutes, Δt:   1.17, CFL: 9.00e-01
i: 101600, t:  135318.0 s, ωt:  13.53 (2.15 periods), wall: 31.053 minutes, Δt:   1.02, CFL: 9.00e-01
i: 101700, t:  135415.1 s, ωt:  13.54 (2.16 periods), wall: 31.082 minutes, Δt:   1.09, CFL: 9.00e-01
i: 101800, t:  135509.9 s, ωt:  13.55 (2.16 periods), wall: 31.109 minutes, Δt:   0.92, CFL: 9.00e-01
i: 101900, t:  135607.2 s, ωt:  13.56 (2.16 periods), wall: 31.137 minutes, Δt:   0.85, CFL: 9.00e-01
i: 102000, t:  135697.1 s, ωt:  13.57 (2.16 periods), wall: 31.164 minutes, Δt:   0.86, CFL: 9.00e-01
i: 102100, t:  135791.2 s, ωt:  13.58 (2.16 periods), wall: 31.193 minutes, Δt:   1.07, CFL: 9.00e-01
i: 102200, t:  135891.1 s, ωt:  13.59 (2.16 periods), wall: 31.221 minutes, Δt:   1.03, CFL: 9.00e-01
i: 102300, t:  135991.8 s, ωt:  13.60 (2.16 periods), wall: 31.248 minutes, Δt:   1.01, CFL: 9.00e-01
i: 102400, t:  136081.3 s, ωt:  13.61 (2.17 periods), wall: 31.280 minutes, Δt:   0.91, CFL: 9.00e-01
i: 102500, t:  136174.5 s, ωt:  13.62 (2.17 periods), wall: 31.307 minutes, Δt:   0.95, CFL: 9.00e-01
i: 102600, t:  136261.7 s, ωt:  13.63 (2.17 periods), wall: 31.334 minutes, Δt:   0.87, CFL: 9.00e-01
i: 102700, t:  136355.4 s, ωt:  13.64 (2.17 periods), wall: 31.363 minutes, Δt:   0.91, CFL: 9.00e-01
i: 102800, t:  136448.1 s, ωt:  13.64 (2.17 periods), wall: 31.390 minutes, Δt:   0.89, CFL: 9.00e-01
i: 102900, t:  136534.2 s, ωt:  13.65 (2.17 periods), wall: 31.417 minutes, Δt:   0.95, CFL: 8.95e-01
i: 103000, t:  136628.8 s, ωt:  13.66 (2.17 periods), wall: 31.444 minutes, Δt:   0.99, CFL: 9.00e-01
i: 103100, t:  136718.2 s, ωt:  13.67 (2.18 periods), wall: 31.474 minutes, Δt:   0.97, CFL: 9.00e-01
i: 103200, t:  136812.2 s, ωt:  13.68 (2.18 periods), wall: 31.501 minutes, Δt:   0.99, CFL: 9.00e-01
i: 103300, t:  136901.3 s, ωt:  13.69 (2.18 periods), wall: 31.528 minutes, Δt:   0.94, CFL: 9.00e-01
i: 103400, t:  136987.9 s, ωt:  13.70 (2.18 periods), wall: 31.558 minutes, Δt:   0.90, CFL: 9.00e-01
i: 103500, t:  137078.5 s, ωt:  13.71 (2.18 periods), wall: 31.585 minutes, Δt:   0.81, CFL: 9.00e-01
i: 103600, t:  137168.3 s, ωt:  13.72 (2.18 periods), wall: 31.612 minutes, Δt:   0.98, CFL: 9.00e-01
i: 103700, t:  137261.5 s, ωt:  13.73 (2.18 periods), wall: 31.639 minutes, Δt:   0.85, CFL: 9.00e-01
i: 103800, t:  137348.4 s, ωt:  13.73 (2.19 periods), wall: 31.668 minutes, Δt:   0.89, CFL: 9.00e-01
i: 103900, t:  137441.1 s, ωt:  13.74 (2.19 periods), wall: 31.695 minutes, Δt:   0.97, CFL: 9.00e-01
i: 104000, t:  137533.2 s, ωt:  13.75 (2.19 periods), wall: 31.723 minutes, Δt:   0.90, CFL: 9.00e-01
i: 104100, t:  137622.5 s, ωt:  13.76 (2.19 periods), wall: 31.752 minutes, Δt:   0.96, CFL: 9.00e-01
i: 104200, t:  137714.7 s, ωt:  13.77 (2.19 periods), wall: 31.779 minutes, Δt:   0.89, CFL: 9.00e-01
i: 104300, t:  137803.7 s, ωt:  13.78 (2.19 periods), wall: 31.806 minutes, Δt:   0.81, CFL: 9.00e-01
i: 104400, t:  137889.5 s, ωt:  13.79 (2.19 periods), wall: 31.833 minutes, Δt:   1.02, CFL: 9.00e-01
i: 104500, t:  137980.7 s, ωt:  13.80 (2.20 periods), wall: 31.862 minutes, Δt:   0.90, CFL: 9.00e-01
i: 104600, t:  138062.7 s, ωt:  13.81 (2.20 periods), wall: 31.889 minutes, Δt:   0.93, CFL: 9.00e-01
i: 104700, t:  138152.7 s, ωt:  13.82 (2.20 periods), wall: 31.917 minutes, Δt:   0.81, CFL: 9.00e-01
i: 104800, t:  138239.4 s, ωt:  13.82 (2.20 periods), wall: 31.946 minutes, Δt:   0.85, CFL: 9.00e-01
i: 104900, t:  138327.3 s, ωt:  13.83 (2.20 periods), wall: 31.973 minutes, Δt:   0.93, CFL: 9.00e-01
i: 105000, t:  138416.9 s, ωt:  13.84 (2.20 periods), wall: 32.000 minutes, Δt:   0.89, CFL: 9.00e-01
i: 105100, t:  138503.8 s, ωt:  13.85 (2.20 periods), wall: 32.027 minutes, Δt:   0.81, CFL: 9.00e-01
i: 105200, t:  138589.1 s, ωt:  13.86 (2.21 periods), wall: 32.056 minutes, Δt:   0.92, CFL: 9.00e-01
i: 105300, t:  138678.1 s, ωt:  13.87 (2.21 periods), wall: 32.083 minutes, Δt:   0.87, CFL: 9.00e-01
i: 105400, t:  138758.8 s, ωt:  13.88 (2.21 periods), wall: 32.110 minutes, Δt:   0.83, CFL: 9.00e-01
i: 105500, t:  138844.7 s, ωt:  13.88 (2.21 periods), wall: 32.137 minutes, Δt:   0.94, CFL: 9.00e-01
i: 105600, t:  138933.6 s, ωt:  13.89 (2.21 periods), wall: 32.166 minutes, Δt:   0.91, CFL: 9.00e-01
i: 105700, t:  139021.8 s, ωt:  13.90 (2.21 periods), wall: 32.194 minutes, Δt:   0.90, CFL: 9.00e-01
i: 105800, t:  139104.2 s, ωt:  13.91 (2.21 periods), wall: 32.221 minutes, Δt:   0.81, CFL: 9.00e-01
i: 105900, t:  139187.5 s, ωt:  13.92 (2.22 periods), wall: 32.255 minutes, Δt:   0.83, CFL: 9.00e-01
i: 106000, t:  139275.0 s, ωt:  13.93 (2.22 periods), wall: 32.282 minutes, Δt:   0.90, CFL: 9.00e-01
i: 106100, t:  139362.0 s, ωt:  13.94 (2.22 periods), wall: 32.309 minutes, Δt:   0.91, CFL: 9.00e-01
i: 106200, t:  139449.4 s, ωt:  13.94 (2.22 periods), wall: 32.336 minutes, Δt:   0.80, CFL: 9.00e-01
i: 106300, t:  139532.1 s, ωt:  13.95 (2.22 periods), wall: 32.367 minutes, Δt:   0.82, CFL: 9.00e-01
i: 106400, t:  139613.9 s, ωt:  13.96 (2.22 periods), wall: 32.394 minutes, Δt:   0.91, CFL: 9.00e-01
i: 106500, t:  139702.8 s, ωt:  13.97 (2.22 periods), wall: 32.421 minutes, Δt:   0.88, CFL: 9.00e-01
i: 106600, t:  139788.9 s, ωt:  13.98 (2.22 periods), wall: 32.448 minutes, Δt:   0.80, CFL: 9.00e-01
i: 106700, t:  139874.7 s, ωt:  13.99 (2.23 periods), wall: 32.478 minutes, Δt:   0.90, CFL: 9.00e-01
i: 106800, t:  139957.7 s, ωt:  14.00 (2.23 periods), wall: 32.505 minutes, Δt:   0.94, CFL: 9.00e-01
i: 106900, t:  140043.8 s, ωt:  14.00 (2.23 periods), wall: 32.532 minutes, Δt:   0.82, CFL: 9.00e-01
i: 107000, t:  140127.8 s, ωt:  14.01 (2.23 periods), wall: 32.563 minutes, Δt:   0.84, CFL: 9.00e-01
i: 107100, t:  140212.8 s, ωt:  14.02 (2.23 periods), wall: 32.590 minutes, Δt:   0.77, CFL: 9.00e-01
i: 107200, t:  140291.9 s, ωt:  14.03 (2.23 periods), wall: 32.618 minutes, Δt:   0.93, CFL: 9.00e-01
i: 107300, t:  140383.4 s, ωt:  14.04 (2.23 periods), wall: 32.645 minutes, Δt:   0.86, CFL: 9.00e-01
i: 107400, t:  140464.3 s, ωt:  14.05 (2.24 periods), wall: 32.674 minutes, Δt:   0.89, CFL: 9.00e-01
i: 107500, t:  140554.6 s, ωt:  14.06 (2.24 periods), wall: 32.701 minutes, Δt:   0.91, CFL: 9.00e-01
i: 107600, t:  140640.4 s, ωt:  14.06 (2.24 periods), wall: 32.729 minutes, Δt:   0.87, CFL: 9.00e-01
i: 107700, t:  140721.9 s, ωt:  14.07 (2.24 periods), wall: 32.756 minutes, Δt:   0.82, CFL: 9.00e-01
i: 107800, t:  140809.9 s, ωt:  14.08 (2.24 periods), wall: 32.785 minutes, Δt:   0.87, CFL: 9.00e-01
i: 107900, t:  140891.9 s, ωt:  14.09 (2.24 periods), wall: 32.812 minutes, Δt:   0.79, CFL: 9.00e-01
i: 108000, t:  140976.8 s, ωt:  14.10 (2.24 periods), wall: 32.839 minutes, Δt:   0.91, CFL: 9.00e-01
i: 108100, t:  141057.5 s, ωt:  14.11 (2.24 periods), wall: 32.866 minutes, Δt:   0.86, CFL: 9.00e-01
i: 108200, t:  141145.4 s, ωt:  14.11 (2.25 periods), wall: 32.897 minutes, Δt:   0.75, CFL: 9.00e-01
i: 108300, t:  141227.3 s, ωt:  14.12 (2.25 periods), wall: 32.924 minutes, Δt:   0.90, CFL: 9.00e-01
i: 108400, t:  141311.4 s, ωt:  14.13 (2.25 periods), wall: 32.951 minutes, Δt:   0.88, CFL: 9.00e-01
i: 108500, t:  141400.7 s, ωt:  14.14 (2.25 periods), wall: 32.980 minutes, Δt:   0.93, CFL: 9.00e-01
i: 108600, t:  141486.9 s, ωt:  14.15 (2.25 periods), wall: 33.007 minutes, Δt:   0.93, CFL: 9.00e-01
i: 108700, t:  141577.7 s, ωt:  14.16 (2.25 periods), wall: 33.035 minutes, Δt:   0.92, CFL: 9.00e-01
i: 108800, t:  141668.1 s, ωt:  14.17 (2.25 periods), wall: 33.062 minutes, Δt:   0.91, CFL: 9.00e-01
i: 108900, t:  141756.0 s, ωt:  14.18 (2.26 periods), wall: 33.091 minutes, Δt:   0.87, CFL: 9.00e-01
i: 109000, t:  141835.7 s, ωt:  14.18 (2.26 periods), wall: 33.118 minutes, Δt:   0.95, CFL: 9.00e-01
i: 109100, t:  141928.0 s, ωt:  14.19 (2.26 periods), wall: 33.145 minutes, Δt:   0.89, CFL: 9.00e-01
i: 109200, t:  142020.1 s, ωt:  14.20 (2.26 periods), wall: 33.175 minutes, Δt:   0.88, CFL: 9.00e-01
i: 109300, t:  142105.6 s, ωt:  14.21 (2.26 periods), wall: 33.202 minutes, Δt:   0.80, CFL: 9.00e-01
i: 109400, t:  142196.0 s, ωt:  14.22 (2.26 periods), wall: 33.229 minutes, Δt:   0.85, CFL: 9.00e-01
i: 109500, t:  142284.1 s, ωt:  14.23 (2.26 periods), wall: 33.256 minutes, Δt:   0.91, CFL: 9.00e-01
i: 109600, t:  142367.9 s, ωt:  14.24 (2.27 periods), wall: 33.286 minutes, Δt:   0.92, CFL: 9.00e-01
i: 109700, t:  142452.1 s, ωt:  14.25 (2.27 periods), wall: 33.313 minutes, Δt:   0.83, CFL: 9.00e-01
i: 109800, t:  142536.3 s, ωt:  14.25 (2.27 periods), wall: 33.340 minutes, Δt:   0.89, CFL: 9.00e-01
i: 109900, t:  142620.5 s, ωt:  14.26 (2.27 periods), wall: 33.367 minutes, Δt:   0.87, CFL: 9.00e-01
i: 110000, t:  142709.8 s, ωt:  14.27 (2.27 periods), wall: 33.396 minutes, Δt:   0.89, CFL: 9.00e-01
i: 110100, t:  142802.1 s, ωt:  14.28 (2.27 periods), wall: 33.423 minutes, Δt:   0.85, CFL: 9.00e-01
i: 110200, t:  142882.4 s, ωt:  14.29 (2.27 periods), wall: 33.450 minutes, Δt:   0.79, CFL: 9.00e-01
i: 110300, t:  142973.6 s, ωt:  14.30 (2.28 periods), wall: 33.479 minutes, Δt:   0.96, CFL: 9.00e-01
i: 110400, t:  143064.8 s, ωt:  14.31 (2.28 periods), wall: 33.506 minutes, Δt:   0.95, CFL: 9.00e-01
i: 110500, t:  143154.4 s, ωt:  14.32 (2.28 periods), wall: 33.534 minutes, Δt:   0.90, CFL: 9.00e-01
i: 110600, t:  143235.2 s, ωt:  14.32 (2.28 periods), wall: 33.561 minutes, Δt:   0.88, CFL: 9.00e-01
i: 110700, t:  143325.7 s, ωt:  14.33 (2.28 periods), wall: 33.590 minutes, Δt:   0.91, CFL: 9.00e-01
i: 110800, t:  143413.8 s, ωt:  14.34 (2.28 periods), wall: 33.617 minutes, Δt:   0.93, CFL: 9.00e-01
i: 110900, t:  143500.5 s, ωt:  14.35 (2.28 periods), wall: 33.644 minutes, Δt:   0.86, CFL: 9.00e-01
i: 111000, t:  143590.8 s, ωt:  14.36 (2.29 periods), wall: 33.673 minutes, Δt:   0.87, CFL: 9.00e-01
i: 111100, t:  143678.9 s, ωt:  14.37 (2.29 periods), wall: 33.700 minutes, Δt:   0.80, CFL: 9.00e-01
i: 111200, t:  143762.3 s, ωt:  14.38 (2.29 periods), wall: 33.727 minutes, Δt:   0.82, CFL: 9.00e-01
i: 111300, t:  143849.7 s, ωt:  14.38 (2.29 periods), wall: 33.754 minutes, Δt:   0.86, CFL: 9.00e-01
i: 111400, t:  143942.6 s, ωt:  14.39 (2.29 periods), wall: 33.784 minutes, Δt:   0.89, CFL: 9.00e-01
i: 111500, t:  144030.9 s, ωt:  14.40 (2.29 periods), wall: 33.812 minutes, Δt:   0.88, CFL: 9.00e-01
i: 111600, t:  144124.4 s, ωt:  14.41 (2.29 periods), wall: 33.839 minutes, Δt:   1.03, CFL: 9.00e-01
i: 111700, t:  144217.5 s, ωt:  14.42 (2.30 periods), wall: 33.873 minutes, Δt:   0.83, CFL: 9.00e-01
i: 111800, t:  144314.2 s, ωt:  14.43 (2.30 periods), wall: 33.900 minutes, Δt:   0.93, CFL: 9.00e-01
i: 111900, t:  144415.5 s, ωt:  14.44 (2.30 periods), wall: 33.927 minutes, Δt:   1.05, CFL: 9.00e-01
i: 112000, t:  144513.3 s, ωt:  14.45 (2.30 periods), wall: 33.954 minutes, Δt:   0.95, CFL: 9.00e-01
i: 112100, t:  144606.0 s, ωt:  14.46 (2.30 periods), wall: 33.983 minutes, Δt:   0.93, CFL: 9.00e-01
i: 112200, t:  144692.4 s, ωt:  14.47 (2.30 periods), wall: 34.010 minutes, Δt:   0.86, CFL: 9.00e-01
i: 112300, t:  144782.2 s, ωt:  14.48 (2.30 periods), wall: 34.037 minutes, Δt:   1.00, CFL: 9.00e-01
i: 112400, t:  144882.1 s, ωt:  14.49 (2.31 periods), wall: 34.066 minutes, Δt:   0.95, CFL: 9.00e-01
i: 112500, t:  144975.6 s, ωt:  14.50 (2.31 periods), wall: 34.093 minutes, Δt:   1.01, CFL: 9.00e-01
i: 112600, t:  145072.5 s, ωt:  14.51 (2.31 periods), wall: 34.120 minutes, Δt:   0.97, CFL: 9.00e-01
i: 112700, t:  145166.5 s, ωt:  14.52 (2.31 periods), wall: 34.150 minutes, Δt:   0.85, CFL: 9.00e-01
i: 112800, t:  145262.7 s, ωt:  14.53 (2.31 periods), wall: 34.177 minutes, Δt:   0.96, CFL: 9.00e-01
i: 112900, t:  145357.6 s, ωt:  14.54 (2.31 periods), wall: 34.204 minutes, Δt:   1.04, CFL: 9.00e-01
i: 113000, t:  145454.1 s, ωt:  14.55 (2.31 periods), wall: 34.231 minutes, Δt:   1.05, CFL: 9.00e-01
i: 113100, t:  145552.5 s, ωt:  14.56 (2.32 periods), wall: 34.260 minutes, Δt:   1.01, CFL: 9.00e-01
i: 113200, t:  145650.2 s, ωt:  14.57 (2.32 periods), wall: 34.287 minutes, Δt:   1.06, CFL: 9.00e-01
i: 113300, t:  145752.4 s, ωt:  14.58 (2.32 periods), wall: 34.314 minutes, Δt:   1.03, CFL: 9.00e-01
i: 113400, t:  145857.3 s, ωt:  14.59 (2.32 periods), wall: 34.343 minutes, Δt:   1.10, CFL: 9.00e-01
i: 113500, t:  145960.1 s, ωt:  14.60 (2.32 periods), wall: 34.371 minutes, Δt:   1.09, CFL: 9.00e-01
i: 113600, t:  146059.0 s, ωt:  14.61 (2.32 periods), wall: 34.398 minutes, Δt:   0.87, CFL: 9.00e-01
i: 113700, t:  146150.8 s, ωt:  14.62 (2.33 periods), wall: 34.427 minutes, Δt:   1.02, CFL: 9.00e-01
i: 113800, t:  146256.0 s, ωt:  14.63 (2.33 periods), wall: 34.455 minutes, Δt:   1.10, CFL: 9.00e-01
i: 113900, t:  146353.3 s, ωt:  14.64 (2.33 periods), wall: 34.482 minutes, Δt:   0.87, CFL: 9.00e-01
i: 114000, t:  146452.3 s, ωt:  14.65 (2.33 periods), wall: 34.511 minutes, Δt:   1.06, CFL: 9.00e-01
i: 114100, t:  146559.4 s, ωt:  14.66 (2.33 periods), wall: 34.538 minutes, Δt:   1.01, CFL: 9.00e-01
i: 114200, t:  146663.6 s, ωt:  14.67 (2.33 periods), wall: 34.565 minutes, Δt:   1.06, CFL: 9.00e-01
i: 114300, t:  146766.5 s, ωt:  14.68 (2.34 periods), wall: 34.594 minutes, Δt:   1.12, CFL: 9.00e-01
i: 114400, t:  146867.3 s, ωt:  14.69 (2.34 periods), wall: 34.621 minutes, Δt:   1.08, CFL: 9.00e-01
i: 114500, t:  146974.9 s, ωt:  14.70 (2.34 periods), wall: 34.649 minutes, Δt:   1.05, CFL: 9.00e-01
i: 114600, t:  147088.5 s, ωt:  14.71 (2.34 periods), wall: 34.678 minutes, Δt:   1.01, CFL: 9.00e-01
i: 114700, t:  147189.7 s, ωt:  14.72 (2.34 periods), wall: 34.705 minutes, Δt:   1.16, CFL: 9.00e-01
i: 114800, t:  147295.5 s, ωt:  14.73 (2.34 periods), wall: 34.732 minutes, Δt:   1.09, CFL: 9.00e-01
i: 114900, t:  147413.0 s, ωt:  14.74 (2.35 periods), wall: 34.762 minutes, Δt:   1.04, CFL: 9.00e-01
i: 115000, t:  147523.7 s, ωt:  14.75 (2.35 periods), wall: 34.789 minutes, Δt:   1.08, CFL: 9.00e-01
i: 115100, t:  147639.9 s, ωt:  14.76 (2.35 periods), wall: 34.816 minutes, Δt:   1.17, CFL: 9.00e-01
i: 115200, t:  147746.5 s, ωt:  14.77 (2.35 periods), wall: 34.846 minutes, Δt:   1.03, CFL: 9.00e-01
i: 115300, t:  147854.7 s, ωt:  14.79 (2.35 periods), wall: 34.873 minutes, Δt:   1.20, CFL: 9.00e-01
i: 115400, t:  147972.6 s, ωt:  14.80 (2.36 periods), wall: 34.903 minutes, Δt:   1.05, CFL: 9.00e-01
i: 115500, t:  148087.2 s, ωt:  14.81 (2.36 periods), wall: 34.930 minutes, Δt:   1.24, CFL: 9.00e-01
i: 115600, t:  148203.9 s, ωt:  14.82 (2.36 periods), wall: 34.957 minutes, Δt:   1.20, CFL: 9.00e-01
i: 115700, t:  148310.4 s, ωt:  14.83 (2.36 periods), wall: 34.987 minutes, Δt:   1.03, CFL: 9.00e-01
i: 115800, t:  148424.8 s, ωt:  14.84 (2.36 periods), wall: 35.014 minutes, Δt:   1.12, CFL: 9.00e-01
i: 115900, t:  148540.0 s, ωt:  14.85 (2.36 periods), wall: 35.041 minutes, Δt:   0.99, CFL: 9.00e-01
i: 116000, t:  148646.9 s, ωt:  14.86 (2.37 periods), wall: 35.071 minutes, Δt:   1.13, CFL: 9.00e-01
i: 116100, t:  148761.6 s, ωt:  14.88 (2.37 periods), wall: 35.098 minutes, Δt:   1.17, CFL: 9.00e-01
i: 116200, t:  148882.6 s, ωt:  14.89 (2.37 periods), wall: 35.126 minutes, Δt:   1.17, CFL: 9.00e-01
i: 116300, t:  149009.9 s, ωt:  14.90 (2.37 periods), wall: 35.155 minutes, Δt:   1.47, CFL: 9.00e-01
i: 116400, t:  149149.8 s, ωt:  14.91 (2.37 periods), wall: 35.182 minutes, Δt:   1.29, CFL: 9.00e-01
i: 116500, t:  149280.4 s, ωt:  14.93 (2.38 periods), wall: 35.211 minutes, Δt:   1.30, CFL: 9.00e-01
i: 116600, t:  149421.4 s, ωt:  14.94 (2.38 periods), wall: 35.238 minutes, Δt:   1.48, CFL: 9.00e-01
i: 116700, t:  149547.7 s, ωt:  14.95 (2.38 periods), wall: 35.267 minutes, Δt:   1.31, CFL: 9.00e-01
i: 116800, t:  149668.9 s, ωt:  14.97 (2.38 periods), wall: 35.294 minutes, Δt:   0.98, CFL: 9.00e-01
i: 116900, t:  149795.6 s, ωt:  14.98 (2.38 periods), wall: 35.322 minutes, Δt:   1.41, CFL: 9.00e-01
i: 117000, t:  149920.0 s, ωt:  14.99 (2.39 periods), wall: 35.350 minutes, Δt:   1.27, CFL: 9.00e-01
i: 117100, t:  150048.7 s, ωt:  15.00 (2.39 periods), wall: 35.378 minutes, Δt:   1.45, CFL: 9.00e-01
i: 117200, t:  150197.7 s, ωt:  15.02 (2.39 periods), wall: 35.407 minutes, Δt:   1.47, CFL: 9.00e-01
i: 117300, t:  150344.8 s, ωt:  15.03 (2.39 periods), wall: 35.434 minutes, Δt:   1.46, CFL: 9.00e-01
i: 117400, t:  150468.4 s, ωt:  15.05 (2.39 periods), wall: 35.462 minutes, Δt:   1.19, CFL: 9.00e-01
i: 117500, t:  150598.3 s, ωt:  15.06 (2.40 periods), wall: 35.491 minutes, Δt:   1.40, CFL: 9.00e-01
i: 117600, t:  150739.3 s, ωt:  15.07 (2.40 periods), wall: 35.518 minutes, Δt:   1.45, CFL: 9.00e-01
i: 117700, t:  150879.9 s, ωt:  15.09 (2.40 periods), wall: 35.547 minutes, Δt:   1.61, CFL: 9.00e-01
i: 117800, t:  151025.7 s, ωt:  15.10 (2.40 periods), wall: 35.574 minutes, Δt:   1.60, CFL: 9.00e-01
i: 117900, t:  151170.4 s, ωt:  15.12 (2.41 periods), wall: 35.604 minutes, Δt:   1.43, CFL: 9.00e-01
i: 118000, t:  151315.9 s, ωt:  15.13 (2.41 periods), wall: 35.631 minutes, Δt:   1.48, CFL: 9.00e-01
i: 118100, t:  151461.6 s, ωt:  15.15 (2.41 periods), wall: 35.660 minutes, Δt:   1.45, CFL: 9.00e-01
i: 118200, t:  151617.8 s, ωt:  15.16 (2.41 periods), wall: 35.687 minutes, Δt:   1.78, CFL: 9.00e-01
i: 118300, t:  151795.0 s, ωt:  15.18 (2.42 periods), wall: 35.716 minutes, Δt:   1.77, CFL: 9.00e-01
i: 118400, t:  151978.2 s, ωt:  15.20 (2.42 periods), wall: 35.743 minutes, Δt:   1.74, CFL: 9.00e-01
i: 118500, t:  152150.6 s, ωt:  15.22 (2.42 periods), wall: 35.773 minutes, Δt:   1.89, CFL: 9.00e-01
i: 118600, t:  152322.0 s, ωt:  15.23 (2.42 periods), wall: 35.800 minutes, Δt:   1.55, CFL: 9.00e-01
i: 118700, t:  152496.0 s, ωt:  15.25 (2.43 periods), wall: 35.831 minutes, Δt:   1.91, CFL: 9.00e-01
i: 118800, t:  152680.0 s, ωt:  15.27 (2.43 periods), wall: 35.858 minutes, Δt:   1.98, CFL: 9.00e-01
i: 118900, t:  152876.0 s, ωt:  15.29 (2.43 periods), wall: 35.887 minutes, Δt:   2.12, CFL: 9.00e-01
i: 119000, t:  153101.5 s, ωt:  15.31 (2.44 periods), wall: 35.917 minutes, Δt:   2.50, CFL: 9.00e-01
i: 119100, t:  153324.2 s, ωt:  15.33 (2.44 periods), wall: 35.947 minutes, Δt:   2.44, CFL: 9.00e-01
i: 119200, t:  153561.4 s, ωt:  15.36 (2.44 periods), wall: 35.975 minutes, Δt:   2.49, CFL: 9.00e-01
i: 119300, t:  153799.1 s, ωt:  15.38 (2.45 periods), wall: 36.006 minutes, Δt:   2.29, CFL: 9.00e-01
i: 119400, t:  154036.9 s, ωt:  15.40 (2.45 periods), wall: 36.035 minutes, Δt:   2.41, CFL: 9.00e-01
i: 119500, t:  154296.2 s, ωt:  15.43 (2.46 periods), wall: 36.064 minutes, Δt:   2.42, CFL: 9.00e-01
i: 119600, t:  154569.2 s, ωt:  15.46 (2.46 periods), wall: 36.094 minutes, Δt:   2.70, CFL: 9.00e-01
i: 119700, t:  154858.7 s, ωt:  15.49 (2.46 periods), wall: 36.121 minutes, Δt:   2.83, CFL: 9.00e-01
i: 119800, t:  155182.8 s, ωt:  15.52 (2.47 periods), wall: 36.150 minutes, Δt:   3.60, CFL: 9.00e-01
i: 119900, t:  155569.6 s, ωt:  15.56 (2.48 periods), wall: 36.183 minutes, Δt:   3.86, CFL: 9.00e-01
i: 120000, t:  155981.9 s, ωt:  15.60 (2.48 periods), wall: 36.212 minutes, Δt:   4.23, CFL: 9.00e-01
i: 120100, t:  156375.1 s, ωt:  15.64 (2.49 periods), wall: 36.241 minutes, Δt:   3.39, CFL: 9.00e-01
i: 120200, t:  156745.0 s, ωt:  15.67 (2.49 periods), wall: 36.269 minutes, Δt:   3.78, CFL: 9.00e-01
i: 120300, t:  157130.3 s, ωt:  15.71 (2.50 periods), wall: 36.334 minutes, Δt:   3.71, CFL: 9.00e-01
i: 120400, t:  157513.3 s, ωt:  15.75 (2.51 periods), wall: 36.363 minutes, Δt:   3.71, CFL: 9.00e-01
i: 120500, t:  157877.3 s, ωt:  15.79 (2.51 periods), wall: 36.394 minutes, Δt:   3.08, CFL: 9.00e-01
i: 120600, t:  158217.8 s, ωt:  15.82 (2.52 periods), wall: 36.423 minutes, Δt:   3.29, CFL: 9.00e-01
i: 120700, t:  158551.6 s, ωt:  15.86 (2.52 periods), wall: 36.452 minutes, Δt:   3.13, CFL: 9.00e-01
i: 120800, t:  158861.8 s, ωt:  15.89 (2.53 periods), wall: 36.480 minutes, Δt:   3.00, CFL: 9.00e-01
i: 120900, t:  159163.9 s, ωt:  15.92 (2.53 periods), wall: 36.509 minutes, Δt:   2.66, CFL: 9.00e-01
i: 121000, t:  159408.6 s, ωt:  15.94 (2.54 periods), wall: 36.538 minutes, Δt:   2.35, CFL: 9.00e-01
i: 121100, t:  159621.8 s, ωt:  15.96 (2.54 periods), wall: 36.567 minutes, Δt:   1.87, CFL: 9.00e-01
i: 121200, t:  159813.0 s, ωt:  15.98 (2.54 periods), wall: 36.594 minutes, Δt:   1.88, CFL: 9.00e-01
i: 121300, t:  159998.4 s, ωt:  16.00 (2.55 periods), wall: 36.623 minutes, Δt:   1.76, CFL: 9.00e-01
i: 121400, t:  160160.6 s, ωt:  16.02 (2.55 periods), wall: 36.650 minutes, Δt:   1.69, CFL: 9.00e-01
i: 121500, t:  160336.8 s, ωt:  16.03 (2.55 periods), wall: 36.679 minutes, Δt:   1.80, CFL: 9.00e-01
i: 121600, t:  160504.5 s, ωt:  16.05 (2.55 periods), wall: 36.706 minutes, Δt:   1.95, CFL: 9.00e-01
i: 121700, t:  160677.8 s, ωt:  16.07 (2.56 periods), wall: 36.735 minutes, Δt:   1.55, CFL: 9.00e-01
i: 121800, t:  160835.4 s, ωt:  16.08 (2.56 periods), wall: 36.762 minutes, Δt:   1.70, CFL: 9.00e-01
i: 121900, t:  160990.3 s, ωt:  16.10 (2.56 periods), wall: 36.809 minutes, Δt:   1.51, CFL: 9.00e-01
i: 122000, t:  161145.8 s, ωt:  16.11 (2.56 periods), wall: 36.836 minutes, Δt:   1.77, CFL: 9.00e-01
i: 122100, t:  161302.5 s, ωt:  16.13 (2.57 periods), wall: 36.865 minutes, Δt:   1.36, CFL: 9.00e-01
i: 122200, t:  161441.3 s, ωt:  16.14 (2.57 periods), wall: 36.892 minutes, Δt:   1.58, CFL: 9.00e-01
i: 122300, t:  161594.3 s, ωt:  16.16 (2.57 periods), wall: 36.921 minutes, Δt:   1.60, CFL: 9.00e-01
i: 122400, t:  161748.5 s, ωt:  16.17 (2.57 periods), wall: 36.948 minutes, Δt:   1.48, CFL: 9.00e-01
i: 122500, t:  161892.8 s, ωt:  16.19 (2.58 periods), wall: 36.977 minutes, Δt:   1.34, CFL: 9.00e-01
i: 122600, t:  162018.5 s, ωt:  16.20 (2.58 periods), wall: 37.004 minutes, Δt:   1.35, CFL: 9.00e-01
i: 122700, t:  162127.7 s, ωt:  16.21 (2.58 periods), wall: 37.033 minutes, Δt:   1.45, CFL: 9.00e-01
i: 122800, t:  162265.1 s, ωt:  16.23 (2.58 periods), wall: 37.060 minutes, Δt:   1.36, CFL: 9.00e-01
i: 122900, t:  162399.0 s, ωt:  16.24 (2.58 periods), wall: 37.087 minutes, Δt:   1.31, CFL: 9.00e-01
i: 123000, t:  162529.0 s, ωt:  16.25 (2.59 periods), wall: 37.115 minutes, Δt:   1.44, CFL: 9.00e-01
i: 123100, t:  162665.2 s, ωt:  16.27 (2.59 periods), wall: 37.143 minutes, Δt:   1.35, CFL: 9.00e-01
i: 123200, t:  162793.0 s, ωt:  16.28 (2.59 periods), wall: 37.172 minutes, Δt:   1.25, CFL: 9.00e-01
i: 123300, t:  162920.8 s, ωt:  16.29 (2.59 periods), wall: 37.199 minutes, Δt:   1.20, CFL: 9.00e-01
i: 123400, t:  163044.9 s, ωt:  16.30 (2.59 periods), wall: 37.226 minutes, Δt:   1.23, CFL: 9.00e-01
i: 123500, t:  163169.4 s, ωt:  16.32 (2.60 periods), wall: 37.255 minutes, Δt:   1.17, CFL: 9.00e-01
i: 123600, t:  163290.0 s, ωt:  16.33 (2.60 periods), wall: 37.282 minutes, Δt:   1.23, CFL: 9.00e-01
i: 123700, t:  163407.7 s, ωt:  16.34 (2.60 periods), wall: 37.311 minutes, Δt:   1.24, CFL: 9.00e-01
i: 123800, t:  163527.5 s, ωt:  16.35 (2.60 periods), wall: 37.338 minutes, Δt:   1.16, CFL: 9.00e-01
i: 123900, t:  163642.7 s, ωt:  16.36 (2.60 periods), wall: 37.365 minutes, Δt:   1.17, CFL: 9.00e-01
i: 124000, t:  163759.2 s, ωt:  16.38 (2.61 periods), wall: 37.394 minutes, Δt:   1.18, CFL: 9.00e-01
i: 124100, t:  163876.6 s, ωt:  16.39 (2.61 periods), wall: 37.422 minutes, Δt:   1.16, CFL: 9.00e-01
i: 124200, t:  163984.0 s, ωt:  16.40 (2.61 periods), wall: 37.449 minutes, Δt:   1.02, CFL: 9.00e-01
i: 124300, t:  164091.6 s, ωt:  16.41 (2.61 periods), wall: 37.478 minutes, Δt:   1.06, CFL: 9.00e-01
i: 124400, t:  164207.9 s, ωt:  16.42 (2.61 periods), wall: 37.505 minutes, Δt:   1.11, CFL: 9.00e-01
i: 124500, t:  164315.7 s, ωt:  16.43 (2.62 periods), wall: 37.534 minutes, Δt:   1.18, CFL: 9.00e-01
i: 124600, t:  164423.6 s, ωt:  16.44 (2.62 periods), wall: 37.561 minutes, Δt:   1.13, CFL: 9.00e-01
i: 124700, t:  164534.5 s, ωt:  16.45 (2.62 periods), wall: 37.588 minutes, Δt:   0.98, CFL: 9.00e-01
i: 124800, t:  164642.4 s, ωt:  16.46 (2.62 periods), wall: 37.617 minutes, Δt:   0.98, CFL: 9.00e-01
i: 124900, t:  164752.0 s, ωt:  16.48 (2.62 periods), wall: 37.644 minutes, Δt:   1.08, CFL: 9.00e-01
i: 125000, t:  164854.9 s, ωt:  16.49 (2.62 periods), wall: 37.671 minutes, Δt:   1.10, CFL: 9.00e-01
i: 125100, t:  164959.8 s, ωt:  16.50 (2.63 periods), wall: 37.700 minutes, Δt:   0.99, CFL: 9.00e-01
i: 125200, t:  165050.8 s, ωt:  16.51 (2.63 periods), wall: 37.727 minutes, Δt:   0.75, CFL: 9.00e-01
i: 125300, t:  165141.2 s, ωt:  16.51 (2.63 periods), wall: 37.754 minutes, Δt:   0.88, CFL: 9.00e-01
i: 125400, t:  165238.1 s, ωt:  16.52 (2.63 periods), wall: 37.781 minutes, Δt:   1.01, CFL: 9.00e-01
i: 125500, t:  165337.1 s, ωt:  16.53 (2.63 periods), wall: 37.810 minutes, Δt:   1.03, CFL: 9.00e-01
i: 125600, t:  165442.1 s, ωt:  16.54 (2.63 periods), wall: 37.837 minutes, Δt:   1.07, CFL: 9.00e-01
i: 125700, t:  165548.1 s, ωt:  16.55 (2.63 periods), wall: 37.864 minutes, Δt:   0.90, CFL: 9.00e-01
i: 125800, t:  165636.1 s, ωt:  16.56 (2.64 periods), wall: 37.893 minutes, Δt:   0.94, CFL: 9.00e-01
i: 125900, t:  165739.8 s, ωt:  16.57 (2.64 periods), wall: 37.920 minutes, Δt:   1.02, CFL: 9.00e-01
i: 126000, t:  165840.1 s, ωt:  16.58 (2.64 periods), wall: 37.947 minutes, Δt:   0.99, CFL: 9.00e-01
i: 126100, t:  165936.5 s, ωt:  16.59 (2.64 periods), wall: 37.976 minutes, Δt:   0.85, CFL: 9.00e-01
i: 126200, t:  166031.4 s, ωt:  16.60 (2.64 periods), wall: 38.003 minutes, Δt:   0.95, CFL: 9.00e-01
i: 126300, t:  166126.4 s, ωt:  16.61 (2.64 periods), wall: 38.030 minutes, Δt:   0.73, CFL: 9.00e-01
i: 126400, t:  166214.0 s, ωt:  16.62 (2.65 periods), wall: 38.058 minutes, Δt:   0.89, CFL: 9.00e-01
i: 126500, t:  166310.4 s, ωt:  16.63 (2.65 periods), wall: 38.085 minutes, Δt:   0.92, CFL: 9.00e-01
i: 126600, t:  166408.6 s, ωt:  16.64 (2.65 periods), wall: 38.112 minutes, Δt:   0.95, CFL: 9.00e-01
i: 126700, t:  166498.0 s, ωt:  16.65 (2.65 periods), wall: 38.139 minutes, Δt:   0.80, CFL: 9.00e-01
i: 126800, t:  166591.6 s, ωt:  16.66 (2.65 periods), wall: 38.168 minutes, Δt:   1.06, CFL: 9.00e-01
i: 126900, t:  166687.5 s, ωt:  16.67 (2.65 periods), wall: 38.196 minutes, Δt:   0.99, CFL: 9.00e-01
i: 127000, t:  166780.6 s, ωt:  16.68 (2.65 periods), wall: 38.223 minutes, Δt:   1.03, CFL: 9.00e-01
i: 127100, t:  166877.1 s, ωt:  16.69 (2.66 periods), wall: 38.251 minutes, Δt:   1.06, CFL: 9.00e-01
i: 127200, t:  166975.6 s, ωt:  16.70 (2.66 periods), wall: 38.278 minutes, Δt:   0.85, CFL: 9.00e-01
i: 127300, t:  167059.1 s, ωt:  16.71 (2.66 periods), wall: 38.305 minutes, Δt:   0.91, CFL: 9.00e-01
i: 127400, t:  167147.1 s, ωt:  16.71 (2.66 periods), wall: 38.340 minutes, Δt:   0.89, CFL: 9.00e-01
i: 127500, t:  167240.2 s, ωt:  16.72 (2.66 periods), wall: 38.367 minutes, Δt:   0.86, CFL: 9.00e-01
i: 127600, t:  167327.9 s, ωt:  16.73 (2.66 periods), wall: 38.394 minutes, Δt:   0.86, CFL: 9.00e-01
i: 127700, t:  167419.2 s, ωt:  16.74 (2.66 periods), wall: 38.421 minutes, Δt:   0.90, CFL: 9.00e-01
i: 127800, t:  167510.2 s, ωt:  16.75 (2.67 periods), wall: 38.449 minutes, Δt:   0.90, CFL: 9.00e-01
i: 127900, t:  167595.6 s, ωt:  16.76 (2.67 periods), wall: 38.476 minutes, Δt:   0.86, CFL: 9.00e-01
i: 128000, t:  167682.8 s, ωt:  16.77 (2.67 periods), wall: 38.503 minutes, Δt:   0.88, CFL: 9.00e-01
i: 128100, t:  167766.7 s, ωt:  16.78 (2.67 periods), wall: 38.538 minutes, Δt:   0.90, CFL: 9.00e-01
i: 128200, t:  167856.8 s, ωt:  16.79 (2.67 periods), wall: 38.565 minutes, Δt:   0.90, CFL: 9.00e-01
i: 128300, t:  167937.3 s, ωt:  16.79 (2.67 periods), wall: 38.592 minutes, Δt:   0.87, CFL: 9.00e-01
i: 128400, t:  168029.2 s, ωt:  16.80 (2.67 periods), wall: 38.619 minutes, Δt:   0.91, CFL: 9.00e-01
i: 128500, t:  168112.1 s, ωt:  16.81 (2.68 periods), wall: 38.650 minutes, Δt:   0.80, CFL: 9.00e-01
i: 128600, t:  168201.1 s, ωt:  16.82 (2.68 periods), wall: 38.677 minutes, Δt:   0.85, CFL: 9.00e-01
i: 128700, t:  168284.6 s, ωt:  16.83 (2.68 periods), wall: 38.704 minutes, Δt:   0.79, CFL: 9.00e-01
i: 128800, t:  168364.6 s, ωt:  16.84 (2.68 periods), wall: 38.731 minutes, Δt:   0.82, CFL: 9.00e-01
i: 128900, t:  168454.6 s, ωt:  16.85 (2.68 periods), wall: 38.762 minutes, Δt:   0.91, CFL: 9.00e-01
i: 129000, t:  168540.8 s, ωt:  16.85 (2.68 periods), wall: 38.789 minutes, Δt:   0.88, CFL: 9.00e-01
i: 129100, t:  168629.5 s, ωt:  16.86 (2.68 periods), wall: 38.816 minutes, Δt:   0.87, CFL: 9.00e-01
i: 129200, t:  168718.3 s, ωt:  16.87 (2.69 periods), wall: 38.850 minutes, Δt:   0.79, CFL: 9.00e-01
i: 129300, t:  168796.2 s, ωt:  16.88 (2.69 periods), wall: 38.878 minutes, Δt:   0.83, CFL: 9.00e-01
i: 129400, t:  168879.4 s, ωt:  16.89 (2.69 periods), wall: 38.905 minutes, Δt:   0.87, CFL: 9.00e-01
i: 129500, t:  168972.2 s, ωt:  16.90 (2.69 periods), wall: 38.932 minutes, Δt:   0.94, CFL: 9.00e-01
i: 129600, t:  169059.5 s, ωt:  16.91 (2.69 periods), wall: 38.970 minutes, Δt:   0.95, CFL: 9.00e-01
i: 129700, t:  169151.3 s, ωt:  16.92 (2.69 periods), wall: 38.997 minutes, Δt:   0.77, CFL: 9.00e-01
i: 129800, t:  169230.8 s, ωt:  16.92 (2.69 periods), wall: 39.024 minutes, Δt:   0.79, CFL: 9.00e-01
i: 129900, t:  169313.8 s, ωt:  16.93 (2.69 periods), wall: 39.051 minutes, Δt:   0.81, CFL: 9.00e-01
i: 130000, t:  169403.2 s, ωt:  16.94 (2.70 periods), wall: 39.083 minutes, Δt:   0.90, CFL: 9.00e-01
i: 130100, t:  169495.1 s, ωt:  16.95 (2.70 periods), wall: 39.110 minutes, Δt:   0.85, CFL: 9.00e-01
i: 130200, t:  169578.9 s, ωt:  16.96 (2.70 periods), wall: 39.137 minutes, Δt:   0.81, CFL: 9.00e-01
i: 130300, t:  169659.2 s, ωt:  16.97 (2.70 periods), wall: 39.168 minutes, Δt:   0.77, CFL: 9.00e-01
i: 130400, t:  169740.5 s, ωt:  16.97 (2.70 periods), wall: 39.195 minutes, Δt:   0.85, CFL: 9.00e-01
i: 130500, t:  169829.0 s, ωt:  16.98 (2.70 periods), wall: 39.222 minutes, Δt:   0.83, CFL: 9.00e-01
i: 130600, t:  169908.9 s, ωt:  16.99 (2.70 periods), wall: 39.249 minutes, Δt:   0.79, CFL: 9.00e-01
i: 130700, t:  169988.5 s, ωt:  17.00 (2.71 periods), wall: 39.280 minutes, Δt:   0.80, CFL: 9.00e-01
i: 130800, t:  170070.8 s, ωt:  17.01 (2.71 periods), wall: 39.307 minutes, Δt:   0.83, CFL: 9.00e-01
i: 130900, t:  170151.4 s, ωt:  17.02 (2.71 periods), wall: 39.334 minutes, Δt:   0.84, CFL: 9.00e-01
i: 131000, t:  170235.8 s, ωt:  17.02 (2.71 periods), wall: 39.361 minutes, Δt:   0.67, CFL: 9.00e-01
i: 131100, t:  170318.2 s, ωt:  17.03 (2.71 periods), wall: 39.390 minutes, Δt:   0.93, CFL: 9.00e-01
i: 131200, t:  170407.2 s, ωt:  17.04 (2.71 periods), wall: 39.417 minutes, Δt:   0.86, CFL: 9.00e-01
i: 131300, t:  170488.0 s, ωt:  17.05 (2.71 periods), wall: 39.444 minutes, Δt:   0.65, CFL: 9.00e-01
i: 131400, t:  170570.4 s, ωt:  17.06 (2.71 periods), wall: 39.471 minutes, Δt:   0.89, CFL: 9.00e-01
i: 131500, t:  170658.2 s, ωt:  17.07 (2.72 periods), wall: 39.501 minutes, Δt:   0.84, CFL: 9.00e-01
i: 131600, t:  170738.5 s, ωt:  17.07 (2.72 periods), wall: 39.528 minutes, Δt:   0.76, CFL: 9.00e-01
i: 131700, t:  170820.6 s, ωt:  17.08 (2.72 periods), wall: 39.555 minutes, Δt:   0.86, CFL: 9.00e-01
i: 131800, t:  170908.2 s, ωt:  17.09 (2.72 periods), wall: 39.593 minutes, Δt:   0.85, CFL: 9.00e-01
i: 131900, t:  170989.6 s, ωt:  17.10 (2.72 periods), wall: 39.620 minutes, Δt:   0.76, CFL: 9.00e-01
i: 132000, t:  171076.1 s, ωt:  17.11 (2.72 periods), wall: 39.647 minutes, Δt:   0.81, CFL: 9.00e-01
i: 132100, t:  171159.2 s, ωt:  17.12 (2.72 periods), wall: 39.674 minutes, Δt:   0.77, CFL: 9.00e-01
i: 132200, t:  171239.5 s, ωt:  17.12 (2.73 periods), wall: 39.705 minutes, Δt:   0.90, CFL: 9.00e-01
i: 132300, t:  171323.7 s, ωt:  17.13 (2.73 periods), wall: 39.732 minutes, Δt:   0.75, CFL: 9.00e-01
i: 132400, t:  171404.1 s, ωt:  17.14 (2.73 periods), wall: 39.759 minutes, Δt:   0.89, CFL: 9.00e-01
i: 132500, t:  171485.2 s, ωt:  17.15 (2.73 periods), wall: 39.786 minutes, Δt:   0.86, CFL: 9.00e-01
i: 132600, t:  171568.3 s, ωt:  17.16 (2.73 periods), wall: 39.818 minutes, Δt:   0.82, CFL: 9.00e-01
i: 132700, t:  171645.1 s, ωt:  17.16 (2.73 periods), wall: 39.845 minutes, Δt:   0.89, CFL: 9.00e-01
i: 132800, t:  171723.6 s, ωt:  17.17 (2.73 periods), wall: 39.872 minutes, Δt:   0.74, CFL: 9.00e-01
i: 132900, t:  171798.4 s, ωt:  17.18 (2.73 periods), wall: 39.899 minutes, Δt:   0.75, CFL: 9.00e-01
i: 133000, t:  171873.0 s, ωt:  17.19 (2.74 periods), wall: 39.933 minutes, Δt:   0.75, CFL: 9.00e-01
i: 133100, t:  171954.4 s, ωt:  17.20 (2.74 periods), wall: 39.960 minutes, Δt:   0.88, CFL: 8.75e-01
i: 133200, t:  172041.0 s, ωt:  17.20 (2.74 periods), wall: 39.987 minutes, Δt:   0.82, CFL: 9.00e-01
i: 133300, t:  172121.6 s, ωt:  17.21 (2.74 periods), wall: 40.015 minutes, Δt:   0.83, CFL: 9.00e-01
i: 133400, t:  172204.0 s, ωt:  17.22 (2.74 periods), wall: 40.044 minutes, Δt:   0.76, CFL: 9.00e-01
i: 133500, t:  172286.4 s, ωt:  17.23 (2.74 periods), wall: 40.071 minutes, Δt:   0.90, CFL: 9.00e-01
i: 133600, t:  172365.4 s, ωt:  17.24 (2.74 periods), wall: 40.098 minutes, Δt:   0.86, CFL: 9.00e-01
i: 133700, t:  172445.6 s, ωt:  17.24 (2.74 periods), wall: 40.125 minutes, Δt:   0.80, CFL: 9.00e-01
i: 133800, t:  172527.8 s, ωt:  17.25 (2.75 periods), wall: 40.157 minutes, Δt:   0.78, CFL: 9.00e-01
i: 133900, t:  172602.9 s, ωt:  17.26 (2.75 periods), wall: 40.184 minutes, Δt:   0.91, CFL: 9.00e-01
i: 134000, t:  172683.9 s, ωt:  17.27 (2.75 periods), wall: 40.211 minutes, Δt:   0.89, CFL: 9.00e-01
i: 134100, t:  172768.8 s, ωt:  17.28 (2.75 periods), wall: 40.237 minutes, Δt:   0.79, CFL: 9.00e-01
i: 134200, t:  172852.2 s, ωt:  17.29 (2.75 periods), wall: 40.274 minutes, Δt:   0.91, CFL: 9.00e-01
i: 134300, t:  172938.4 s, ωt:  17.29 (2.75 periods), wall: 40.301 minutes, Δt:   0.90, CFL: 9.00e-01
i: 134400, t:  173024.9 s, ωt:  17.30 (2.75 periods), wall: 40.328 minutes, Δt:   0.78, CFL: 9.00e-01
i: 134500, t:  173105.8 s, ωt:  17.31 (2.76 periods), wall: 40.357 minutes, Δt:   0.77, CFL: 9.00e-01
i: 134600, t:  173183.8 s, ωt:  17.32 (2.76 periods), wall: 40.384 minutes, Δt:   0.75, CFL: 9.00e-01
i: 134700, t:  173263.6 s, ωt:  17.33 (2.76 periods), wall: 40.411 minutes, Δt:   0.78, CFL: 9.00e-01
i: 134800, t:  173343.0 s, ωt:  17.33 (2.76 periods), wall: 40.438 minutes, Δt:   0.65, CFL: 9.00e-01
i: 134900, t:  173415.1 s, ωt:  17.34 (2.76 periods), wall: 40.465 minutes, Δt:   0.79, CFL: 9.00e-01
i: 135000, t:  173495.0 s, ωt:  17.35 (2.76 periods), wall: 40.498 minutes, Δt:   0.86, CFL: 9.00e-01
i: 135100, t:  173579.4 s, ωt:  17.36 (2.76 periods), wall: 40.525 minutes, Δt:   0.78, CFL: 9.00e-01
i: 135200, t:  173657.5 s, ωt:  17.37 (2.76 periods), wall: 40.552 minutes, Δt:   0.73, CFL: 9.00e-01
i: 135300, t:  173741.6 s, ωt:  17.37 (2.77 periods), wall: 40.581 minutes, Δt:   0.88, CFL: 9.00e-01
i: 135400, t:  173827.1 s, ωt:  17.38 (2.77 periods), wall: 40.608 minutes, Δt:   0.75, CFL: 9.00e-01
i: 135500, t:  173899.4 s, ωt:  17.39 (2.77 periods), wall: 40.635 minutes, Δt:   0.61, CFL: 9.00e-01
i: 135600, t:  173969.7 s, ωt:  17.40 (2.77 periods), wall: 40.662 minutes, Δt:   0.73, CFL: 9.00e-01
i: 135700, t:  174052.1 s, ωt:  17.41 (2.77 periods), wall: 40.693 minutes, Δt:   0.86, CFL: 9.00e-01
i: 135800, t:  174135.0 s, ωt:  17.41 (2.77 periods), wall: 40.720 minutes, Δt:   0.91, CFL: 9.00e-01
i: 135900, t:  174219.4 s, ωt:  17.42 (2.77 periods), wall: 40.748 minutes, Δt:   0.80, CFL: 9.00e-01
i: 136000, t:  174300.7 s, ωt:  17.43 (2.77 periods), wall: 40.775 minutes, Δt:   0.79, CFL: 9.00e-01
i: 136100, t:  174381.2 s, ωt:  17.44 (2.78 periods), wall: 40.805 minutes, Δt:   0.82, CFL: 9.00e-01
i: 136200, t:  174465.9 s, ωt:  17.45 (2.78 periods), wall: 40.832 minutes, Δt:   0.82, CFL: 9.00e-01
i: 136300, t:  174539.7 s, ωt:  17.45 (2.78 periods), wall: 40.859 minutes, Δt:   0.81, CFL: 9.00e-01
i: 136400, t:  174617.3 s, ωt:  17.46 (2.78 periods), wall: 40.886 minutes, Δt:   0.77, CFL: 9.00e-01
i: 136500, t:  174700.3 s, ωt:  17.47 (2.78 periods), wall: 40.920 minutes, Δt:   0.75, CFL: 9.00e-01
i: 136600, t:  174777.6 s, ωt:  17.48 (2.78 periods), wall: 40.947 minutes, Δt:   0.86, CFL: 9.00e-01
i: 136700, t:  174861.1 s, ωt:  17.49 (2.78 periods), wall: 40.974 minutes, Δt:   0.81, CFL: 9.00e-01
i: 136800, t:  174950.6 s, ωt:  17.50 (2.78 periods), wall: 41.001 minutes, Δt:   0.97, CFL: 9.00e-01
i: 136900, t:  175038.5 s, ωt:  17.50 (2.79 periods), wall: 41.031 minutes, Δt:   0.93, CFL: 9.00e-01
i: 137000, t:  175128.0 s, ωt:  17.51 (2.79 periods), wall: 41.058 minutes, Δt:   0.92, CFL: 9.00e-01
i: 137100, t:  175214.7 s, ωt:  17.52 (2.79 periods), wall: 41.085 minutes, Δt:   0.79, CFL: 9.00e-01
i: 137200, t:  175301.7 s, ωt:  17.53 (2.79 periods), wall: 41.114 minutes, Δt:   0.89, CFL: 9.00e-01
i: 137300, t:  175391.6 s, ωt:  17.54 (2.79 periods), wall: 41.141 minutes, Δt:   0.88, CFL: 9.00e-01
i: 137400, t:  175478.7 s, ωt:  17.55 (2.79 periods), wall: 41.168 minutes, Δt:   0.78, CFL: 9.00e-01
i: 137500, t:  175562.2 s, ωt:  17.56 (2.79 periods), wall: 41.195 minutes, Δt:   0.81, CFL: 9.00e-01
i: 137600, t:  175640.0 s, ωt:  17.56 (2.80 periods), wall: 41.225 minutes, Δt:   0.97, CFL: 9.00e-01
i: 137700, t:  175730.7 s, ωt:  17.57 (2.80 periods), wall: 41.252 minutes, Δt:   0.88, CFL: 9.00e-01
i: 137800, t:  175810.5 s, ωt:  17.58 (2.80 periods), wall: 41.279 minutes, Δt:   0.72, CFL: 9.00e-01
i: 137900, t:  175892.0 s, ωt:  17.59 (2.80 periods), wall: 41.306 minutes, Δt:   0.82, CFL: 9.00e-01
i: 138000, t:  175980.1 s, ωt:  17.60 (2.80 periods), wall: 41.336 minutes, Δt:   0.93, CFL: 9.00e-01
i: 138100, t:  176066.0 s, ωt:  17.61 (2.80 periods), wall: 41.363 minutes, Δt:   0.92, CFL: 9.00e-01
i: 138200, t:  176158.0 s, ωt:  17.62 (2.80 periods), wall: 41.390 minutes, Δt:   0.96, CFL: 9.00e-01
i: 138300, t:  176249.2 s, ωt:  17.62 (2.81 periods), wall: 41.426 minutes, Δt:   0.92, CFL: 9.00e-01
i: 138400, t:  176335.7 s, ωt:  17.63 (2.81 periods), wall: 41.453 minutes, Δt:   0.91, CFL: 9.00e-01
i: 138500, t:  176429.7 s, ωt:  17.64 (2.81 periods), wall: 41.480 minutes, Δt:   0.97, CFL: 9.00e-01
i: 138600, t:  176527.5 s, ωt:  17.65 (2.81 periods), wall: 41.507 minutes, Δt:   0.87, CFL: 9.00e-01
i: 138700, t:  176621.2 s, ωt:  17.66 (2.81 periods), wall: 41.538 minutes, Δt:   1.00, CFL: 9.00e-01
i: 138800, t:  176716.2 s, ωt:  17.67 (2.81 periods), wall: 41.565 minutes, Δt:   0.92, CFL: 9.00e-01
i: 138900, t:  176804.0 s, ωt:  17.68 (2.81 periods), wall: 41.592 minutes, Δt:   0.89, CFL: 9.00e-01
i: 139000, t:  176893.8 s, ωt:  17.69 (2.82 periods), wall: 41.621 minutes, Δt:   0.87, CFL: 9.00e-01
i: 139100, t:  176984.8 s, ωt:  17.70 (2.82 periods), wall: 41.648 minutes, Δt:   1.00, CFL: 9.00e-01
i: 139200, t:  177073.6 s, ωt:  17.71 (2.82 periods), wall: 41.675 minutes, Δt:   1.04, CFL: 9.00e-01
i: 139300, t:  177170.9 s, ωt:  17.72 (2.82 periods), wall: 41.702 minutes, Δt:   1.04, CFL: 9.00e-01
i: 139400, t:  177260.8 s, ωt:  17.73 (2.82 periods), wall: 41.734 minutes, Δt:   0.84, CFL: 9.00e-01
i: 139500, t:  177345.9 s, ωt:  17.73 (2.82 periods), wall: 41.761 minutes, Δt:   1.01, CFL: 9.00e-01
i: 139600, t:  177440.4 s, ωt:  17.74 (2.82 periods), wall: 41.788 minutes, Δt:   0.88, CFL: 9.00e-01
i: 139700, t:  177524.7 s, ωt:  17.75 (2.83 periods), wall: 41.820 minutes, Δt:   0.94, CFL: 9.00e-01
i: 139800, t:  177608.5 s, ωt:  17.76 (2.83 periods), wall: 41.847 minutes, Δt:   0.94, CFL: 9.00e-01
i: 139900, t:  177702.7 s, ωt:  17.77 (2.83 periods), wall: 41.874 minutes, Δt:   0.96, CFL: 9.00e-01
i: 140000, t:  177806.3 s, ωt:  17.78 (2.83 periods), wall: 41.901 minutes, Δt:   0.89, CFL: 9.00e-01
i: 140100, t:  177892.9 s, ωt:  17.79 (2.83 periods), wall: 41.930 minutes, Δt:   1.00, CFL: 9.00e-01
i: 140200, t:  177992.3 s, ωt:  17.80 (2.83 periods), wall: 41.957 minutes, Δt:   0.94, CFL: 9.00e-01
i: 140300, t:  178089.0 s, ωt:  17.81 (2.83 periods), wall: 41.984 minutes, Δt:   0.95, CFL: 9.00e-01
i: 140400, t:  178183.5 s, ωt:  17.82 (2.84 periods), wall: 42.015 minutes, Δt:   1.01, CFL: 9.00e-01
i: 140500, t:  178282.3 s, ωt:  17.83 (2.84 periods), wall: 42.042 minutes, Δt:   0.91, CFL: 9.00e-01
i: 140600, t:  178383.9 s, ωt:  17.84 (2.84 periods), wall: 42.069 minutes, Δt:   1.01, CFL: 9.00e-01
i: 140700, t:  178484.2 s, ωt:  17.85 (2.84 periods), wall: 42.099 minutes, Δt:   1.04, CFL: 9.00e-01
i: 140800, t:  178592.2 s, ωt:  17.86 (2.84 periods), wall: 42.126 minutes, Δt:   1.07, CFL: 9.00e-01
i: 140900, t:  178700.3 s, ωt:  17.87 (2.84 periods), wall: 42.153 minutes, Δt:   1.08, CFL: 9.00e-01
i: 141000, t:  178815.1 s, ωt:  17.88 (2.85 periods), wall: 42.184 minutes, Δt:   1.00, CFL: 9.00e-01
i: 141100, t:  178921.0 s, ωt:  17.89 (2.85 periods), wall: 42.211 minutes, Δt:   1.27, CFL: 9.00e-01
i: 141200, t:  179029.7 s, ωt:  17.90 (2.85 periods), wall: 42.238 minutes, Δt:   0.84, CFL: 9.00e-01
i: 141300, t:  179133.6 s, ωt:  17.91 (2.85 periods), wall: 42.280 minutes, Δt:   1.11, CFL: 9.00e-01
i: 141400, t:  179243.3 s, ωt:  17.92 (2.85 periods), wall: 42.307 minutes, Δt:   1.07, CFL: 9.00e-01
i: 141500, t:  179354.7 s, ωt:  17.94 (2.85 periods), wall: 42.334 minutes, Δt:   1.23, CFL: 9.00e-01
i: 141600, t:  179470.6 s, ωt:  17.95 (2.86 periods), wall: 42.364 minutes, Δt:   1.23, CFL: 9.00e-01
i: 141700, t:  179579.5 s, ωt:  17.96 (2.86 periods), wall: 42.391 minutes, Δt:   1.05, CFL: 9.00e-01
i: 141800, t:  179677.3 s, ωt:  17.97 (2.86 periods), wall: 42.419 minutes, Δt:   1.26, CFL: 9.00e-01
i: 141900, t:  179782.0 s, ωt:  17.98 (2.86 periods), wall: 42.456 minutes, Δt:   0.99, CFL: 9.00e-01
i: 142000, t:  179897.0 s, ωt:  17.99 (2.86 periods), wall: 42.483 minutes, Δt:   1.12, CFL: 9.00e-01
i: 142100, t:  180006.0 s, ωt:  18.00 (2.86 periods), wall: 42.510 minutes, Δt:   0.85, CFL: 9.00e-01
i: 142200, t:  180102.3 s, ωt:  18.01 (2.87 periods), wall: 42.540 minutes, Δt:   1.20, CFL: 9.00e-01
i: 142300, t:  180219.4 s, ωt:  18.02 (2.87 periods), wall: 42.567 minutes, Δt:   1.18, CFL: 9.00e-01
i: 142400, t:  180336.8 s, ωt:  18.03 (2.87 periods), wall: 42.602 minutes, Δt:   1.22, CFL: 9.00e-01
i: 142500, t:  180458.8 s, ωt:  18.05 (2.87 periods), wall: 42.629 minutes, Δt:   1.27, CFL: 9.00e-01
i: 142600, t:  180575.1 s, ωt:  18.06 (2.87 periods), wall: 42.656 minutes, Δt:   1.02, CFL: 9.00e-01
i: 142700, t:  180685.2 s, ωt:  18.07 (2.88 periods), wall: 42.685 minutes, Δt:   0.96, CFL: 9.00e-01
i: 142800, t:  180786.8 s, ωt:  18.08 (2.88 periods), wall: 42.712 minutes, Δt:   1.27, CFL: 9.00e-01
i: 142900, t:  180916.8 s, ωt:  18.09 (2.88 periods), wall: 42.739 minutes, Δt:   1.31, CFL: 9.00e-01
i: 143000, t:  181044.5 s, ωt:  18.10 (2.88 periods), wall: 42.770 minutes, Δt:   1.34, CFL: 9.00e-01
i: 143100, t:  181174.4 s, ωt:  18.12 (2.88 periods), wall: 42.797 minutes, Δt:   1.22, CFL: 9.00e-01
i: 143200, t:  181294.7 s, ωt:  18.13 (2.89 periods), wall: 42.827 minutes, Δt:   1.15, CFL: 9.00e-01
i: 143300, t:  181421.6 s, ωt:  18.14 (2.89 periods), wall: 42.854 minutes, Δt:   1.25, CFL: 9.00e-01
i: 143400, t:  181544.1 s, ωt:  18.15 (2.89 periods), wall: 42.881 minutes, Δt:   1.27, CFL: 9.00e-01
i: 143500, t:  181669.3 s, ωt:  18.17 (2.89 periods), wall: 42.910 minutes, Δt:   1.37, CFL: 9.00e-01
i: 143600, t:  181782.0 s, ωt:  18.18 (2.89 periods), wall: 42.937 minutes, Δt:   1.25, CFL: 9.00e-01
i: 143700, t:  181911.6 s, ωt:  18.19 (2.90 periods), wall: 42.968 minutes, Δt:   1.31, CFL: 9.00e-01
i: 143800, t:  182040.3 s, ωt:  18.20 (2.90 periods), wall: 42.995 minutes, Δt:   1.50, CFL: 9.00e-01
i: 143900, t:  182178.5 s, ωt:  18.22 (2.90 periods), wall: 43.022 minutes, Δt:   1.30, CFL: 9.00e-01
i: 144000, t:  182311.8 s, ωt:  18.23 (2.90 periods), wall: 43.051 minutes, Δt:   1.31, CFL: 9.00e-01
i: 144100, t:  182454.8 s, ωt:  18.25 (2.90 periods), wall: 43.078 minutes, Δt:   1.35, CFL: 9.00e-01
i: 144200, t:  182595.8 s, ωt:  18.26 (2.91 periods), wall: 43.107 minutes, Δt:   1.47, CFL: 9.00e-01
i: 144300, t:  182731.8 s, ωt:  18.27 (2.91 periods), wall: 43.134 minutes, Δt:   1.25, CFL: 9.00e-01
i: 144400, t:  182857.4 s, ωt:  18.29 (2.91 periods), wall: 43.171 minutes, Δt:   1.06, CFL: 9.00e-01
i: 144500, t:  182992.0 s, ωt:  18.30 (2.91 periods), wall: 43.198 minutes, Δt:   1.49, CFL: 9.00e-01
i: 144600, t:  183151.7 s, ωt:  18.32 (2.91 periods), wall: 43.225 minutes, Δt:   1.52, CFL: 9.00e-01
i: 144700, t:  183304.8 s, ωt:  18.33 (2.92 periods), wall: 43.257 minutes, Δt:   1.77, CFL: 9.00e-01
i: 144800, t:  183472.1 s, ωt:  18.35 (2.92 periods), wall: 43.292 minutes, Δt:   1.45, CFL: 9.00e-01
i: 144900, t:  183621.8 s, ωt:  18.36 (2.92 periods), wall: 43.319 minutes, Δt:   1.55, CFL: 9.00e-01
i: 145000, t:  183773.6 s, ωt:  18.38 (2.92 periods), wall: 43.346 minutes, Δt:   1.78, CFL: 9.00e-01
i: 145100, t:  183960.2 s, ωt:  18.40 (2.93 periods), wall: 43.382 minutes, Δt:   1.93, CFL: 9.00e-01
i: 145200, t:  184153.3 s, ωt:  18.42 (2.93 periods), wall: 43.413 minutes, Δt:   2.18, CFL: 9.00e-01
i: 145300, t:  184346.1 s, ωt:  18.43 (2.93 periods), wall: 43.440 minutes, Δt:   1.77, CFL: 9.00e-01
i: 145400, t:  184549.9 s, ωt:  18.45 (2.94 periods), wall: 43.471 minutes, Δt:   2.01, CFL: 9.00e-01
i: 145500, t:  184737.6 s, ωt:  18.47 (2.94 periods), wall: 43.503 minutes, Δt:   2.06, CFL: 9.00e-01
i: 145600, t:  184931.7 s, ωt:  18.49 (2.94 periods), wall: 43.530 minutes, Δt:   2.00, CFL: 9.00e-01
i: 145700, t:  185138.0 s, ωt:  18.51 (2.95 periods), wall: 43.560 minutes, Δt:   1.92, CFL: 9.00e-01
i: 145800, t:  185351.8 s, ωt:  18.54 (2.95 periods), wall: 43.587 minutes, Δt:   1.99, CFL: 9.00e-01
i: 145900, t:  185549.4 s, ωt:  18.55 (2.95 periods), wall: 43.620 minutes, Δt:   2.56, CFL: 9.00e-01
i: 146000, t:  185779.7 s, ωt:  18.58 (2.96 periods), wall: 43.652 minutes, Δt:   2.42, CFL: 9.00e-01
i: 146100, t:  186025.3 s, ωt:  18.60 (2.96 periods), wall: 43.682 minutes, Δt:   2.43, CFL: 9.00e-01
i: 146200, t:  186277.6 s, ωt:  18.63 (2.96 periods), wall: 43.709 minutes, Δt:   2.43, CFL: 9.00e-01
i: 146300, t:  186543.9 s, ωt:  18.65 (2.97 periods), wall: 43.742 minutes, Δt:   2.64, CFL: 9.00e-01
i: 146400, t:  186822.2 s, ωt:  18.68 (2.97 periods), wall: 43.773 minutes, Δt:   2.97, CFL: 9.00e-01
i: 146500, t:  187126.6 s, ωt:  18.71 (2.98 periods), wall: 43.817 minutes, Δt:   2.66, CFL: 9.00e-01
i: 146600, t:  187403.3 s, ωt:  18.74 (2.98 periods), wall: 43.850 minutes, Δt:   3.12, CFL: 9.00e-01
i: 146700, t:  187724.4 s, ωt:  18.77 (2.99 periods), wall: 43.889 minutes, Δt:   3.17, CFL: 9.00e-01
i: 146800, t:  188088.9 s, ωt:  18.81 (2.99 periods), wall: 43.920 minutes, Δt:   3.08, CFL: 9.00e-01
i: 146900, t:  188400.6 s, ωt:  18.84 (3.00 periods), wall: 43.954 minutes, Δt:   3.13, CFL: 9.00e-01
i: 147000, t:  188738.3 s, ωt:  18.87 (3.00 periods), wall: 44.025 minutes, Δt:   3.17, CFL: 9.00e-01
i: 147100, t:  189073.6 s, ωt:  18.91 (3.01 periods), wall: 44.054 minutes, Δt:   3.61, CFL: 9.00e-01
i: 147200, t:  189393.2 s, ωt:  18.94 (3.01 periods), wall: 44.083 minutes, Δt:   3.09, CFL: 9.00e-01
i: 147300, t:  189688.8 s, ωt:  18.97 (3.02 periods), wall: 44.113 minutes, Δt:   2.74, CFL: 9.00e-01
i: 147400, t:  189965.9 s, ωt:  19.00 (3.02 periods), wall: 44.146 minutes, Δt:   3.08, CFL: 9.00e-01
i: 147500, t:  190262.9 s, ωt:  19.03 (3.03 periods), wall: 44.181 minutes, Δt:   2.88, CFL: 9.00e-01
i: 147600, t:  190544.4 s, ωt:  19.05 (3.03 periods), wall: 44.212 minutes, Δt:   2.92, CFL: 9.00e-01
i: 147700, t:  190793.2 s, ωt:  19.08 (3.04 periods), wall: 44.248 minutes, Δt:   2.70, CFL: 9.00e-01
i: 147800, t:  191025.8 s, ωt:  19.10 (3.04 periods), wall: 44.282 minutes, Δt:   2.45, CFL: 9.00e-01
i: 147900, t:  191263.0 s, ωt:  19.13 (3.04 periods), wall: 44.309 minutes, Δt:   2.20, CFL: 9.00e-01
i: 148000, t:  191472.3 s, ωt:  19.15 (3.05 periods), wall: 44.340 minutes, Δt:   1.96, CFL: 9.00e-01
i: 148100, t:  191651.8 s, ωt:  19.17 (3.05 periods), wall: 44.371 minutes, Δt:   1.86, CFL: 9.00e-01
i: 148200, t:  191835.4 s, ωt:  19.18 (3.05 periods), wall: 44.398 minutes, Δt:   1.97, CFL: 9.00e-01
i: 148300, t:  192031.8 s, ωt:  19.20 (3.06 periods), wall: 44.431 minutes, Δt:   1.99, CFL: 9.00e-01
i: 148400, t:  192215.8 s, ωt:  19.22 (3.06 periods), wall: 44.458 minutes, Δt:   1.81, CFL: 9.00e-01
i: 148500, t:  192395.8 s, ωt:  19.24 (3.06 periods), wall: 44.488 minutes, Δt:   1.67, CFL: 9.00e-01
i: 148600, t:  192585.2 s, ωt:  19.26 (3.07 periods), wall: 44.521 minutes, Δt:   1.82, CFL: 9.00e-01
i: 148700, t:  192759.9 s, ωt:  19.28 (3.07 periods), wall: 44.548 minutes, Δt:   1.62, CFL: 9.00e-01
i: 148800, t:  192925.5 s, ωt:  19.29 (3.07 periods), wall: 44.611 minutes, Δt:   1.76, CFL: 9.00e-01
i: 148900, t:  193076.2 s, ωt:  19.31 (3.07 periods), wall: 44.638 minutes, Δt:   1.58, CFL: 9.00e-01
i: 149000, t:  193235.3 s, ωt:  19.32 (3.08 periods), wall: 44.668 minutes, Δt:   1.74, CFL: 9.00e-01
i: 149100, t:  193389.4 s, ωt:  19.34 (3.08 periods), wall: 44.695 minutes, Δt:   1.51, CFL: 9.00e-01
i: 149200, t:  193551.5 s, ωt:  19.36 (3.08 periods), wall: 44.724 minutes, Δt:   1.67, CFL: 9.00e-01
i: 149300, t:  193704.4 s, ωt:  19.37 (3.08 periods), wall: 44.751 minutes, Δt:   1.46, CFL: 9.00e-01
i: 149400, t:  193846.0 s, ωt:  19.38 (3.09 periods), wall: 44.781 minutes, Δt:   1.29, CFL: 9.00e-01
i: 149500, t:  193980.5 s, ωt:  19.40 (3.09 periods), wall: 44.809 minutes, Δt:   1.46, CFL: 9.00e-01
i: 149600, t:  194113.0 s, ωt:  19.41 (3.09 periods), wall: 44.836 minutes, Δt:   1.43, CFL: 9.00e-01
i: 149700, t:  194249.8 s, ωt:  19.42 (3.09 periods), wall: 44.866 minutes, Δt:   1.42, CFL: 9.00e-01
i: 149800, t:  194390.7 s, ωt:  19.44 (3.09 periods), wall: 44.893 minutes, Δt:   1.45, CFL: 9.00e-01
i: 149900, t:  194525.4 s, ωt:  19.45 (3.10 periods), wall: 44.929 minutes, Δt:   1.27, CFL: 9.00e-01
i: 150000, t:  194656.4 s, ωt:  19.47 (3.10 periods), wall: 44.957 minutes, Δt:   1.37, CFL: 9.00e-01
i: 150100, t:  194785.9 s, ωt:  19.48 (3.10 periods), wall: 44.990 minutes, Δt:   1.43, CFL: 9.00e-01
i: 150200, t:  194919.8 s, ωt:  19.49 (3.10 periods), wall: 45.017 minutes, Δt:   1.36, CFL: 9.00e-01
i: 150300, t:  195057.8 s, ωt:  19.51 (3.10 periods), wall: 45.044 minutes, Δt:   1.31, CFL: 9.00e-01
i: 150400, t:  195187.2 s, ωt:  19.52 (3.11 periods), wall: 45.074 minutes, Δt:   1.32, CFL: 9.00e-01
i: 150500, t:  195313.5 s, ωt:  19.53 (3.11 periods), wall: 45.101 minutes, Δt:   1.03, CFL: 9.00e-01
i: 150600, t:  195430.5 s, ωt:  19.54 (3.11 periods), wall: 45.132 minutes, Δt:   1.26, CFL: 9.00e-01
i: 150700, t:  195552.6 s, ωt:  19.56 (3.11 periods), wall: 45.159 minutes, Δt:   1.32, CFL: 9.00e-01
i: 150800, t:  195677.7 s, ωt:  19.57 (3.11 periods), wall: 45.186 minutes, Δt:   1.17, CFL: 9.00e-01
i: 150900, t:  195794.2 s, ωt:  19.58 (3.12 periods), wall: 45.221 minutes, Δt:   1.19, CFL: 9.00e-01
i: 151000, t:  195912.6 s, ωt:  19.59 (3.12 periods), wall: 45.248 minutes, Δt:   1.18, CFL: 9.00e-01
i: 151100, t:  196032.5 s, ωt:  19.60 (3.12 periods), wall: 45.275 minutes, Δt:   1.27, CFL: 9.00e-01
i: 151200, t:  196148.0 s, ωt:  19.61 (3.12 periods), wall: 45.307 minutes, Δt:   1.10, CFL: 9.00e-01
i: 151300, t:  196264.1 s, ωt:  19.63 (3.12 periods), wall: 45.334 minutes, Δt:   1.08, CFL: 9.00e-01
i: 151400, t:  196382.9 s, ωt:  19.64 (3.13 periods), wall: 45.364 minutes, Δt:   1.25, CFL: 9.00e-01
i: 151500, t:  196501.3 s, ωt:  19.65 (3.13 periods), wall: 45.391 minutes, Δt:   1.16, CFL: 9.00e-01
i: 151600, t:  196612.1 s, ωt:  19.66 (3.13 periods), wall: 45.418 minutes, Δt:   0.98, CFL: 9.00e-01
i: 151700, t:  196718.9 s, ωt:  19.67 (3.13 periods), wall: 45.457 minutes, Δt:   1.03, CFL: 9.00e-01
i: 151800, t:  196827.4 s, ωt:  19.68 (3.13 periods), wall: 45.484 minutes, Δt:   1.20, CFL: 9.00e-01
i: 151900, t:  196934.8 s, ωt:  19.69 (3.13 periods), wall: 45.511 minutes, Δt:   1.11, CFL: 9.00e-01
i: 152000, t:  197040.9 s, ωt:  19.70 (3.14 periods), wall: 45.542 minutes, Δt:   1.11, CFL: 9.00e-01
i: 152100, t:  197148.0 s, ωt:  19.71 (3.14 periods), wall: 45.569 minutes, Δt:   1.12, CFL: 9.00e-01
i: 152200, t:  197253.3 s, ωt:  19.73 (3.14 periods), wall: 45.596 minutes, Δt:   1.12, CFL: 9.00e-01
i: 152300, t:  197360.9 s, ωt:  19.74 (3.14 periods), wall: 45.628 minutes, Δt:   1.09, CFL: 9.00e-01
i: 152400, t:  197468.8 s, ωt:  19.75 (3.14 periods), wall: 45.655 minutes, Δt:   0.99, CFL: 9.00e-01
i: 152500, t:  197564.1 s, ωt:  19.76 (3.14 periods), wall: 45.682 minutes, Δt:   0.96, CFL: 9.00e-01
i: 152600, t:  197667.3 s, ωt:  19.77 (3.15 periods), wall: 45.716 minutes, Δt:   0.97, CFL: 9.00e-01
i: 152700, t:  197768.2 s, ωt:  19.78 (3.15 periods), wall: 45.743 minutes, Δt:   1.11, CFL: 9.00e-01
i: 152800, t:  197870.6 s, ωt:  19.79 (3.15 periods), wall: 45.770 minutes, Δt:   1.00, CFL: 9.00e-01
i: 152900, t:  197969.6 s, ωt:  19.80 (3.15 periods), wall: 45.802 minutes, Δt:   1.02, CFL: 9.00e-01
i: 153000, t:  198064.4 s, ωt:  19.81 (3.15 periods), wall: 45.829 minutes, Δt:   1.00, CFL: 9.00e-01
i: 153100, t:  198166.4 s, ωt:  19.82 (3.15 periods), wall: 45.857 minutes, Δt:   1.02, CFL: 9.00e-01
i: 153200, t:  198269.8 s, ωt:  19.83 (3.16 periods), wall: 45.887 minutes, Δt:   0.93, CFL: 9.00e-01
i: 153300, t:  198364.5 s, ωt:  19.84 (3.16 periods), wall: 45.914 minutes, Δt:   1.04, CFL: 9.00e-01
i: 153400, t:  198464.0 s, ωt:  19.85 (3.16 periods), wall: 45.941 minutes, Δt:   0.98, CFL: 9.00e-01
i: 153500, t:  198560.8 s, ωt:  19.86 (3.16 periods), wall: 45.974 minutes, Δt:   0.94, CFL: 9.00e-01
i: 153600, t:  198660.0 s, ωt:  19.87 (3.16 periods), wall: 46.001 minutes, Δt:   0.91, CFL: 9.00e-01
i: 153700, t:  198761.3 s, ωt:  19.88 (3.16 periods), wall: 46.028 minutes, Δt:   0.93, CFL: 9.00e-01
i: 153800, t:  198854.0 s, ωt:  19.89 (3.16 periods), wall: 46.055 minutes, Δt:   0.83, CFL: 9.00e-01
i: 153900, t:  198945.9 s, ωt:  19.89 (3.17 periods), wall: 46.085 minutes, Δt:   1.00, CFL: 9.00e-01
i: 154000, t:  199044.5 s, ωt:  19.90 (3.17 periods), wall: 46.112 minutes, Δt:   0.98, CFL: 9.00e-01
i: 154100, t:  199141.6 s, ωt:  19.91 (3.17 periods), wall: 46.139 minutes, Δt:   0.90, CFL: 9.00e-01
i: 154200, t:  199233.1 s, ωt:  19.92 (3.17 periods), wall: 46.169 minutes, Δt:   0.99, CFL: 9.00e-01
i: 154300, t:  199323.1 s, ωt:  19.93 (3.17 periods), wall: 46.196 minutes, Δt:   0.94, CFL: 9.00e-01
i: 154400, t:  199412.8 s, ωt:  19.94 (3.17 periods), wall: 46.223 minutes, Δt:   0.98, CFL: 9.00e-01
i: 154500, t:  199509.4 s, ωt:  19.95 (3.18 periods), wall: 46.257 minutes, Δt:   0.93, CFL: 9.00e-01
i: 154600, t:  199599.6 s, ωt:  19.96 (3.18 periods), wall: 46.284 minutes, Δt:   0.79, CFL: 9.00e-01
i: 154700, t:  199687.1 s, ωt:  19.97 (3.18 periods), wall: 46.312 minutes, Δt:   0.78, CFL: 9.00e-01
i: 154800, t:  199772.2 s, ωt:  19.98 (3.18 periods), wall: 46.339 minutes, Δt:   0.87, CFL: 9.00e-01
i: 154900, t:  199862.9 s, ωt:  19.99 (3.18 periods), wall: 46.368 minutes, Δt:   0.90, CFL: 9.00e-01
i: 155000, t:  199952.0 s, ωt:  20.00 (3.18 periods), wall: 46.395 minutes, Δt:   0.93, CFL: 9.00e-01
i: 155100, t:  200040.9 s, ωt:  20.00 (3.18 periods), wall: 46.422 minutes, Δt:   0.93, CFL: 9.00e-01
i: 155200, t:  200128.6 s, ωt:  20.01 (3.19 periods), wall: 46.452 minutes, Δt:   0.93, CFL: 9.00e-01
i: 155300, t:  200215.8 s, ωt:  20.02 (3.19 periods), wall: 46.479 minutes, Δt:   0.85, CFL: 9.00e-01
i: 155400, t:  200307.2 s, ωt:  20.03 (3.19 periods), wall: 46.506 minutes, Δt:   0.85, CFL: 9.00e-01
i: 155500, t:  200398.4 s, ωt:  20.04 (3.19 periods), wall: 46.533 minutes, Δt:   0.93, CFL: 9.00e-01
i: 155600, t:  200485.0 s, ωt:  20.05 (3.19 periods), wall: 46.562 minutes, Δt:   0.92, CFL: 9.00e-01
i: 155700, t:  200572.7 s, ωt:  20.06 (3.19 periods), wall: 46.590 minutes, Δt:   0.94, CFL: 9.00e-01
i: 155800, t:  200662.8 s, ωt:  20.07 (3.19 periods), wall: 46.617 minutes, Δt:   0.86, CFL: 9.00e-01
i: 155900, t:  200750.6 s, ωt:  20.08 (3.20 periods), wall: 46.646 minutes, Δt:   0.96, CFL: 9.00e-01
i: 156000, t:  200842.5 s, ωt:  20.08 (3.20 periods), wall: 46.673 minutes, Δt:   0.90, CFL: 9.00e-01
i: 156100, t:  200927.7 s, ωt:  20.09 (3.20 periods), wall: 46.700 minutes, Δt:   0.84, CFL: 9.00e-01
i: 156200, t:  201010.9 s, ωt:  20.10 (3.20 periods), wall: 46.727 minutes, Δt:   0.86, CFL: 9.00e-01
i: 156300, t:  201094.8 s, ωt:  20.11 (3.20 periods), wall: 46.759 minutes, Δt:   0.84, CFL: 9.00e-01
i: 156400, t:  201185.4 s, ωt:  20.12 (3.20 periods), wall: 46.786 minutes, Δt:   0.83, CFL: 9.00e-01
i: 156500, t:  201272.5 s, ωt:  20.13 (3.20 periods), wall: 46.813 minutes, Δt:   0.90, CFL: 9.00e-01
i: 156600, t:  201363.9 s, ωt:  20.14 (3.20 periods), wall: 46.840 minutes, Δt:   0.88, CFL: 9.00e-01
i: 156700, t:  201452.2 s, ωt:  20.15 (3.21 periods), wall: 46.875 minutes, Δt:   0.80, CFL: 9.00e-01
i: 156800, t:  201534.1 s, ωt:  20.15 (3.21 periods), wall: 46.902 minutes, Δt:   0.91, CFL: 9.00e-01
i: 156900, t:  201619.2 s, ωt:  20.16 (3.21 periods), wall: 46.929 minutes, Δt:   0.80, CFL: 9.00e-01
i: 157000, t:  201705.2 s, ωt:  20.17 (3.21 periods), wall: 46.958 minutes, Δt:   0.89, CFL: 9.00e-01
i: 157100, t:  201793.7 s, ωt:  20.18 (3.21 periods), wall: 46.985 minutes, Δt:   0.95, CFL: 9.00e-01
i: 157200, t:  201873.5 s, ωt:  20.19 (3.21 periods), wall: 47.012 minutes, Δt:   0.83, CFL: 9.00e-01
i: 157300, t:  201963.3 s, ωt:  20.20 (3.21 periods), wall: 47.039 minutes, Δt:   0.94, CFL: 9.00e-01
i: 157400, t:  202052.0 s, ωt:  20.21 (3.22 periods), wall: 47.074 minutes, Δt:   0.85, CFL: 9.00e-01
i: 157500, t:  202136.0 s, ωt:  20.21 (3.22 periods), wall: 47.101 minutes, Δt:   0.86, CFL: 9.00e-01
i: 157600, t:  202219.5 s, ωt:  20.22 (3.22 periods), wall: 47.129 minutes, Δt:   0.90, CFL: 9.00e-01
i: 157700, t:  202305.0 s, ωt:  20.23 (3.22 periods), wall: 47.156 minutes, Δt:   0.87, CFL: 9.00e-01
i: 157800, t:  202389.2 s, ωt:  20.24 (3.22 periods), wall: 47.185 minutes, Δt:   0.89, CFL: 9.00e-01
i: 157900, t:  202479.2 s, ωt:  20.25 (3.22 periods), wall: 47.212 minutes, Δt:   0.85, CFL: 9.00e-01
i: 158000, t:  202562.2 s, ωt:  20.26 (3.22 periods), wall: 47.239 minutes, Δt:   0.76, CFL: 9.00e-01
i: 158100, t:  202644.5 s, ωt:  20.26 (3.23 periods), wall: 47.273 minutes, Δt:   0.83, CFL: 9.00e-01
i: 158200, t:  202730.6 s, ωt:  20.27 (3.23 periods), wall: 47.300 minutes, Δt:   0.86, CFL: 9.00e-01
i: 158300, t:  202815.3 s, ωt:  20.28 (3.23 periods), wall: 47.327 minutes, Δt:   0.87, CFL: 9.00e-01
i: 158400, t:  202902.0 s, ωt:  20.29 (3.23 periods), wall: 47.354 minutes, Δt:   0.92, CFL: 9.00e-01
i: 158500, t:  202993.1 s, ωt:  20.30 (3.23 periods), wall: 47.393 minutes, Δt:   0.89, CFL: 9.00e-01
i: 158600, t:  203084.0 s, ωt:  20.31 (3.23 periods), wall: 47.421 minutes, Δt:   0.94, CFL: 9.00e-01
i: 158700, t:  203166.9 s, ωt:  20.32 (3.23 periods), wall: 47.448 minutes, Δt:   0.80, CFL: 9.00e-01
i: 158800, t:  203247.4 s, ωt:  20.32 (3.23 periods), wall: 47.475 minutes, Δt:   0.81, CFL: 9.00e-01
i: 158900, t:  203329.4 s, ωt:  20.33 (3.24 periods), wall: 47.512 minutes, Δt:   0.80, CFL: 9.00e-01
i: 159000, t:  203414.2 s, ωt:  20.34 (3.24 periods), wall: 47.540 minutes, Δt:   0.73, CFL: 9.00e-01
i: 159100, t:  203494.4 s, ωt:  20.35 (3.24 periods), wall: 47.567 minutes, Δt:   0.99, CFL: 9.00e-01
i: 159200, t:  203584.1 s, ωt:  20.36 (3.24 periods), wall: 47.602 minutes, Δt:   0.88, CFL: 9.00e-01
i: 159300, t:  203672.8 s, ωt:  20.37 (3.24 periods), wall: 47.629 minutes, Δt:   0.81, CFL: 9.00e-01
i: 159400, t:  203755.3 s, ωt:  20.38 (3.24 periods), wall: 47.656 minutes, Δt:   0.78, CFL: 9.00e-01
i: 159500, t:  203834.8 s, ωt:  20.38 (3.24 periods), wall: 47.683 minutes, Δt:   0.90, CFL: 9.00e-01
i: 159600, t:  203918.8 s, ωt:  20.39 (3.25 periods), wall: 47.716 minutes, Δt:   0.92, CFL: 9.00e-01
i: 159700, t:  204005.8 s, ωt:  20.40 (3.25 periods), wall: 47.744 minutes, Δt:   0.86, CFL: 9.00e-01
i: 159800, t:  204090.4 s, ωt:  20.41 (3.25 periods), wall: 47.771 minutes, Δt:   0.82, CFL: 9.00e-01
i: 159900, t:  204170.6 s, ωt:  20.42 (3.25 periods), wall: 47.798 minutes, Δt:   0.84, CFL: 9.00e-01
i: 160000, t:  204252.9 s, ωt:  20.43 (3.25 periods), wall: 47.828 minutes, Δt:   0.84, CFL: 9.00e-01
i: 160100, t:  204340.1 s, ωt:  20.43 (3.25 periods), wall: 47.855 minutes, Δt:   0.85, CFL: 9.00e-01
i: 160200, t:  204416.4 s, ωt:  20.44 (3.25 periods), wall: 47.882 minutes, Δt:   0.72, CFL: 9.00e-01
i: 160300, t:  204501.0 s, ωt:  20.45 (3.25 periods), wall: 47.909 minutes, Δt:   0.86, CFL: 9.00e-01
i: 160400, t:  204584.7 s, ωt:  20.46 (3.26 periods), wall: 47.938 minutes, Δt:   0.95, CFL: 9.00e-01
i: 160500, t:  204668.4 s, ωt:  20.47 (3.26 periods), wall: 47.965 minutes, Δt:   0.76, CFL: 9.00e-01
i: 160600, t:  204749.9 s, ωt:  20.47 (3.26 periods), wall: 47.992 minutes, Δt:   0.92, CFL: 9.00e-01
i: 160700, t:  204837.5 s, ωt:  20.48 (3.26 periods), wall: 48.023 minutes, Δt:   0.99, CFL: 9.00e-01
i: 160800, t:  204924.3 s, ωt:  20.49 (3.26 periods), wall: 48.050 minutes, Δt:   0.91, CFL: 9.00e-01
i: 160900, t:  205011.7 s, ωt:  20.50 (3.26 periods), wall: 48.077 minutes, Δt:   0.88, CFL: 9.00e-01
i: 161000, t:  205094.9 s, ωt:  20.51 (3.26 periods), wall: 48.104 minutes, Δt:   0.90, CFL: 9.00e-01
i: 161100, t:  205180.7 s, ωt:  20.52 (3.27 periods), wall: 48.138 minutes, Δt:   0.92, CFL: 9.00e-01
i: 161200, t:  205271.6 s, ωt:  20.53 (3.27 periods), wall: 48.165 minutes, Δt:   0.89, CFL: 9.00e-01
i: 161300, t:  205361.7 s, ωt:  20.54 (3.27 periods), wall: 48.192 minutes, Δt:   0.82, CFL: 9.00e-01
i: 161400, t:  205452.7 s, ωt:  20.55 (3.27 periods), wall: 48.219 minutes, Δt:   0.79, CFL: 9.00e-01
i: 161500, t:  205534.0 s, ωt:  20.55 (3.27 periods), wall: 48.248 minutes, Δt:   0.81, CFL: 9.00e-01
i: 161600, t:  205620.2 s, ωt:  20.56 (3.27 periods), wall: 48.275 minutes, Δt:   0.76, CFL: 9.00e-01
i: 161700, t:  205696.1 s, ωt:  20.57 (3.27 periods), wall: 48.303 minutes, Δt:   0.81, CFL: 9.00e-01
i: 161800, t:  205785.6 s, ωt:  20.58 (3.28 periods), wall: 48.337 minutes, Δt:   0.84, CFL: 9.00e-01
i: 161900, t:  205866.5 s, ωt:  20.59 (3.28 periods), wall: 48.364 minutes, Δt:   0.85, CFL: 9.00e-01
i: 162000, t:  205952.7 s, ωt:  20.60 (3.28 periods), wall: 48.391 minutes, Δt:   0.89, CFL: 9.00e-01
i: 162100, t:  206039.8 s, ωt:  20.60 (3.28 periods), wall: 48.418 minutes, Δt:   0.87, CFL: 9.00e-01
i: 162200, t:  206125.5 s, ωt:  20.61 (3.28 periods), wall: 48.450 minutes, Δt:   0.94, CFL: 9.00e-01
i: 162300, t:  206209.7 s, ωt:  20.62 (3.28 periods), wall: 48.478 minutes, Δt:   0.75, CFL: 9.00e-01
i: 162400, t:  206297.7 s, ωt:  20.63 (3.28 periods), wall: 48.505 minutes, Δt:   0.83, CFL: 9.00e-01
i: 162500, t:  206382.8 s, ωt:  20.64 (3.28 periods), wall: 48.532 minutes, Δt:   0.95, CFL: 9.00e-01
i: 162600, t:  206468.2 s, ωt:  20.65 (3.29 periods), wall: 48.560 minutes, Δt:   0.83, CFL: 9.00e-01
i: 162700, t:  206550.7 s, ωt:  20.66 (3.29 periods), wall: 48.587 minutes, Δt:   0.93, CFL: 9.00e-01
i: 162800, t:  206637.7 s, ωt:  20.66 (3.29 periods), wall: 48.614 minutes, Δt:   0.98, CFL: 9.00e-01
i: 162900, t:  206730.9 s, ωt:  20.67 (3.29 periods), wall: 48.648 minutes, Δt:   0.91, CFL: 9.00e-01
i: 163000, t:  206817.2 s, ωt:  20.68 (3.29 periods), wall: 48.675 minutes, Δt:   0.88, CFL: 9.00e-01
i: 163100, t:  206900.1 s, ωt:  20.69 (3.29 periods), wall: 48.702 minutes, Δt:   0.93, CFL: 9.00e-01
i: 163200, t:  206992.9 s, ωt:  20.70 (3.29 periods), wall: 48.729 minutes, Δt:   0.94, CFL: 9.00e-01
i: 163300, t:  207086.1 s, ωt:  20.71 (3.30 periods), wall: 48.758 minutes, Δt:   0.88, CFL: 9.00e-01
i: 163400, t:  207174.2 s, ωt:  20.72 (3.30 periods), wall: 48.785 minutes, Δt:   0.84, CFL: 9.00e-01
i: 163500, t:  207258.5 s, ωt:  20.73 (3.30 periods), wall: 48.812 minutes, Δt:   0.86, CFL: 9.00e-01
i: 163600, t:  207346.8 s, ωt:  20.73 (3.30 periods), wall: 48.848 minutes, Δt:   0.83, CFL: 9.00e-01
i: 163700, t:  207435.3 s, ωt:  20.74 (3.30 periods), wall: 48.875 minutes, Δt:   0.87, CFL: 9.00e-01
i: 163800, t:  207525.1 s, ωt:  20.75 (3.30 periods), wall: 48.902 minutes, Δt:   0.81, CFL: 9.00e-01
i: 163900, t:  207612.6 s, ωt:  20.76 (3.30 periods), wall: 48.929 minutes, Δt:   0.93, CFL: 9.00e-01
i: 164000, t:  207701.3 s, ωt:  20.77 (3.31 periods), wall: 48.975 minutes, Δt:   0.96, CFL: 9.00e-01
i: 164100, t:  207799.3 s, ωt:  20.78 (3.31 periods), wall: 49.002 minutes, Δt:   0.97, CFL: 9.00e-01
i: 164200, t:  207895.6 s, ωt:  20.79 (3.31 periods), wall: 49.029 minutes, Δt:   0.95, CFL: 9.00e-01
i: 164300, t:  207988.1 s, ωt:  20.80 (3.31 periods), wall: 49.071 minutes, Δt:   0.94, CFL: 9.00e-01
i: 164400, t:  208081.2 s, ωt:  20.81 (3.31 periods), wall: 49.098 minutes, Δt:   0.87, CFL: 9.00e-01
i: 164500, t:  208172.6 s, ωt:  20.82 (3.31 periods), wall: 49.125 minutes, Δt:   0.93, CFL: 9.00e-01
i: 164600, t:  208265.0 s, ωt:  20.83 (3.31 periods), wall: 49.152 minutes, Δt:   0.92, CFL: 9.00e-01
i: 164700, t:  208360.7 s, ωt:  20.84 (3.32 periods), wall: 49.182 minutes, Δt:   0.88, CFL: 9.00e-01
i: 164800, t:  208446.1 s, ωt:  20.84 (3.32 periods), wall: 49.209 minutes, Δt:   0.78, CFL: 9.00e-01
i: 164900, t:  208529.9 s, ωt:  20.85 (3.32 periods), wall: 49.236 minutes, Δt:   0.84, CFL: 9.00e-01
i: 165000, t:  208618.2 s, ωt:  20.86 (3.32 periods), wall: 49.271 minutes, Δt:   0.86, CFL: 9.00e-01
i: 165100, t:  208713.1 s, ωt:  20.87 (3.32 periods), wall: 49.298 minutes, Δt:   0.77, CFL: 9.00e-01
i: 165200, t:  208799.2 s, ωt:  20.88 (3.32 periods), wall: 49.325 minutes, Δt:   0.88, CFL: 9.00e-01
i: 165300, t:  208890.0 s, ωt:  20.89 (3.32 periods), wall: 49.352 minutes, Δt:   1.00, CFL: 9.00e-01
i: 165400, t:  208985.8 s, ωt:  20.90 (3.33 periods), wall: 49.383 minutes, Δt:   0.99, CFL: 9.00e-01
i: 165500, t:  209083.2 s, ωt:  20.91 (3.33 periods), wall: 49.410 minutes, Δt:   1.09, CFL: 9.00e-01
i: 165600, t:  209185.2 s, ωt:  20.92 (3.33 periods), wall: 49.437 minutes, Δt:   0.91, CFL: 9.00e-01
i: 165700, t:  209282.8 s, ωt:  20.93 (3.33 periods), wall: 49.467 minutes, Δt:   1.06, CFL: 9.00e-01
i: 165800, t:  209385.6 s, ωt:  20.94 (3.33 periods), wall: 49.494 minutes, Δt:   0.85, CFL: 9.00e-01
i: 165900, t:  209490.9 s, ωt:  20.95 (3.33 periods), wall: 49.521 minutes, Δt:   1.11, CFL: 9.00e-01
i: 166000, t:  209594.3 s, ωt:  20.96 (3.34 periods), wall: 49.551 minutes, Δt:   0.99, CFL: 9.00e-01
i: 166100, t:  209691.1 s, ωt:  20.97 (3.34 periods), wall: 49.578 minutes, Δt:   0.93, CFL: 9.00e-01
i: 166200, t:  209789.4 s, ωt:  20.98 (3.34 periods), wall: 49.605 minutes, Δt:   0.97, CFL: 9.00e-01
i: 166300, t:  209891.0 s, ωt:  20.99 (3.34 periods), wall: 49.640 minutes, Δt:   0.98, CFL: 9.00e-01
i: 166400, t:  209994.4 s, ωt:  21.00 (3.34 periods), wall: 49.667 minutes, Δt:   0.98, CFL: 9.00e-01
i: 166500, t:  210090.6 s, ωt:  21.01 (3.34 periods), wall: 49.694 minutes, Δt:   1.07, CFL: 9.00e-01
i: 166600, t:  210193.4 s, ωt:  21.02 (3.35 periods), wall: 49.727 minutes, Δt:   1.06, CFL: 9.00e-01
i: 166700, t:  210295.6 s, ωt:  21.03 (3.35 periods), wall: 49.754 minutes, Δt:   1.01, CFL: 9.00e-01
i: 166800, t:  210404.0 s, ωt:  21.04 (3.35 periods), wall: 49.781 minutes, Δt:   1.18, CFL: 9.00e-01
i: 166900, t:  210517.1 s, ωt:  21.05 (3.35 periods), wall: 49.812 minutes, Δt:   1.02, CFL: 9.00e-01
i: 167000, t:  210620.4 s, ωt:  21.06 (3.35 periods), wall: 49.839 minutes, Δt:   1.18, CFL: 9.00e-01
i: 167100, t:  210723.0 s, ωt:  21.07 (3.35 periods), wall: 49.866 minutes, Δt:   1.05, CFL: 9.00e-01
i: 167200, t:  210834.3 s, ωt:  21.08 (3.36 periods), wall: 49.901 minutes, Δt:   1.04, CFL: 9.00e-01
i: 167300, t:  210941.3 s, ωt:  21.09 (3.36 periods), wall: 49.928 minutes, Δt:   1.13, CFL: 9.00e-01
i: 167400, t:  211055.8 s, ωt:  21.11 (3.36 periods), wall: 49.956 minutes, Δt:   1.20, CFL: 9.00e-01
i: 167500, t:  211174.6 s, ωt:  21.12 (3.36 periods), wall: 49.986 minutes, Δt:   1.14, CFL: 9.00e-01
i: 167600, t:  211279.7 s, ωt:  21.13 (3.36 periods), wall: 50.013 minutes, Δt:   1.11, CFL: 9.00e-01
i: 167700, t:  211394.8 s, ωt:  21.14 (3.36 periods), wall: 50.040 minutes, Δt:   1.25, CFL: 9.00e-01
i: 167800, t:  211515.0 s, ωt:  21.15 (3.37 periods), wall: 50.070 minutes, Δt:   1.20, CFL: 9.00e-01
i: 167900, t:  211630.9 s, ωt:  21.16 (3.37 periods), wall: 50.097 minutes, Δt:   1.31, CFL: 9.00e-01
i: 168000, t:  211744.4 s, ωt:  21.17 (3.37 periods), wall: 50.129 minutes, Δt:   0.91, CFL: 9.00e-01
i: 168100, t:  211849.7 s, ωt:  21.18 (3.37 periods), wall: 50.156 minutes, Δt:   1.16, CFL: 9.00e-01
i: 168200, t:  211971.7 s, ωt:  21.20 (3.37 periods), wall: 50.183 minutes, Δt:   1.14, CFL: 9.00e-01
i: 168300, t:  212093.8 s, ωt:  21.21 (3.38 periods), wall: 50.217 minutes, Δt:   1.35, CFL: 9.00e-01
i: 168400, t:  212225.8 s, ωt:  21.22 (3.38 periods), wall: 50.244 minutes, Δt:   1.36, CFL: 9.00e-01
i: 168500, t:  212350.9 s, ωt:  21.24 (3.38 periods), wall: 50.271 minutes, Δt:   1.27, CFL: 9.00e-01
i: 168600, t:  212476.9 s, ωt:  21.25 (3.38 periods), wall: 50.302 minutes, Δt:   1.21, CFL: 9.00e-01
i: 168700, t:  212593.3 s, ωt:  21.26 (3.38 periods), wall: 50.329 minutes, Δt:   1.19, CFL: 9.00e-01
i: 168800, t:  212720.7 s, ωt:  21.27 (3.39 periods), wall: 50.366 minutes, Δt:   1.16, CFL: 9.00e-01
i: 168900, t:  212845.1 s, ωt:  21.28 (3.39 periods), wall: 50.393 minutes, Δt:   1.28, CFL: 9.00e-01
i: 169000, t:  212979.5 s, ωt:  21.30 (3.39 periods), wall: 50.420 minutes, Δt:   1.30, CFL: 9.00e-01
i: 169100, t:  213111.8 s, ωt:  21.31 (3.39 periods), wall: 50.451 minutes, Δt:   1.22, CFL: 9.00e-01
i: 169200, t:  213240.3 s, ωt:  21.32 (3.39 periods), wall: 50.478 minutes, Δt:   1.26, CFL: 9.00e-01
i: 169300, t:  213376.6 s, ωt:  21.34 (3.40 periods), wall: 50.508 minutes, Δt:   1.40, CFL: 9.00e-01
i: 169400, t:  213518.3 s, ωt:  21.35 (3.40 periods), wall: 50.535 minutes, Δt:   1.58, CFL: 9.00e-01
i: 169500, t:  213658.5 s, ωt:  21.37 (3.40 periods), wall: 50.569 minutes, Δt:   1.25, CFL: 9.00e-01
i: 169600, t:  213792.8 s, ωt:  21.38 (3.40 periods), wall: 50.596 minutes, Δt:   1.46, CFL: 9.00e-01
i: 169700, t:  213926.5 s, ωt:  21.39 (3.40 periods), wall: 50.623 minutes, Δt:   1.56, CFL: 9.00e-01
i: 169800, t:  214080.9 s, ωt:  21.41 (3.41 periods), wall: 50.653 minutes, Δt:   1.65, CFL: 9.00e-01
i: 169900, t:  214238.7 s, ωt:  21.42 (3.41 periods), wall: 50.680 minutes, Δt:   1.63, CFL: 9.00e-01
i: 170000, t:  214408.7 s, ωt:  21.44 (3.41 periods), wall: 50.711 minutes, Δt:   1.48, CFL: 9.00e-01
i: 170100, t:  214570.8 s, ωt:  21.46 (3.42 periods), wall: 50.738 minutes, Δt:   1.70, CFL: 9.00e-01
i: 170200, t:  214750.0 s, ωt:  21.47 (3.42 periods), wall: 50.770 minutes, Δt:   1.79, CFL: 9.00e-01
i: 170300, t:  214914.5 s, ωt:  21.49 (3.42 periods), wall: 50.806 minutes, Δt:   1.69, CFL: 9.00e-01
i: 170400, t:  215097.1 s, ωt:  21.51 (3.42 periods), wall: 50.833 minutes, Δt:   1.67, CFL: 9.00e-01
i: 170500, t:  215275.7 s, ωt:  21.53 (3.43 periods), wall: 50.863 minutes, Δt:   1.66, CFL: 9.00e-01
i: 170600, t:  215427.8 s, ωt:  21.54 (3.43 periods), wall: 50.890 minutes, Δt:   1.69, CFL: 9.00e-01
i: 170700, t:  215617.6 s, ωt:  21.56 (3.43 periods), wall: 50.920 minutes, Δt:   1.85, CFL: 9.00e-01
i: 170800, t:  215797.7 s, ωt:  21.58 (3.43 periods), wall: 50.947 minutes, Δt:   1.86, CFL: 9.00e-01
i: 170900, t:  215993.9 s, ωt:  21.60 (3.44 periods), wall: 50.987 minutes, Δt:   2.02, CFL: 9.00e-01
i: 171000, t:  216195.1 s, ωt:  21.62 (3.44 periods), wall: 51.016 minutes, Δt:   2.02, CFL: 9.00e-01
i: 171100, t:  216380.9 s, ωt:  21.64 (3.44 periods), wall: 51.043 minutes, Δt:   2.06, CFL: 9.00e-01
i: 171200, t:  216601.1 s, ωt:  21.66 (3.45 periods), wall: 51.076 minutes, Δt:   2.61, CFL: 9.00e-01
i: 171300, t:  216824.4 s, ωt:  21.68 (3.45 periods), wall: 51.107 minutes, Δt:   2.10, CFL: 9.00e-01
i: 171400, t:  217084.1 s, ωt:  21.71 (3.46 periods), wall: 51.134 minutes, Δt:   3.03, CFL: 9.00e-01
i: 171500, t:  217362.2 s, ωt:  21.74 (3.46 periods), wall: 51.164 minutes, Δt:   2.74, CFL: 9.00e-01
i: 171600, t:  217639.4 s, ωt:  21.76 (3.46 periods), wall: 51.198 minutes, Δt:   2.58, CFL: 9.00e-01
i: 171700, t:  217921.5 s, ωt:  21.79 (3.47 periods), wall: 51.229 minutes, Δt:   3.40, CFL: 9.00e-01
i: 171800, t:  218258.4 s, ωt:  21.83 (3.47 periods), wall: 51.260 minutes, Δt:   3.63, CFL: 9.00e-01
i: 171900, t:  218621.5 s, ωt:  21.86 (3.48 periods), wall: 51.292 minutes, Δt:   3.97, CFL: 9.00e-01
i: 172000, t:  219004.7 s, ωt:  21.90 (3.49 periods), wall: 51.328 minutes, Δt:   3.61, CFL: 9.00e-01
i: 172100, t:  219332.7 s, ωt:  21.93 (3.49 periods), wall: 51.359 minutes, Δt:   2.96, CFL: 9.00e-01
i: 172200, t:  219637.0 s, ωt:  21.96 (3.50 periods), wall: 51.389 minutes, Δt:   3.61, CFL: 9.00e-01
i: 172300, t:  219960.4 s, ωt:  22.00 (3.50 periods), wall: 51.475 minutes, Δt:   3.37, CFL: 9.00e-01
i: 172400, t:  220290.4 s, ωt:  22.03 (3.51 periods), wall: 51.504 minutes, Δt:   3.47, CFL: 9.00e-01
i: 172500, t:  220622.3 s, ωt:  22.06 (3.51 periods), wall: 51.535 minutes, Δt:   3.02, CFL: 9.00e-01
i: 172600, t:  220933.1 s, ωt:  22.09 (3.52 periods), wall: 51.564 minutes, Δt:   3.12, CFL: 9.00e-01
i: 172700, t:  221224.8 s, ωt:  22.12 (3.52 periods), wall: 51.594 minutes, Δt:   2.75, CFL: 9.00e-01
i: 172800, t:  221516.9 s, ωt:  22.15 (3.53 periods), wall: 51.627 minutes, Δt:   3.20, CFL: 9.00e-01
i: 172900, t:  221830.7 s, ωt:  22.18 (3.53 periods), wall: 51.657 minutes, Δt:   2.92, CFL: 9.00e-01
i: 173000, t:  222113.1 s, ωt:  22.21 (3.54 periods), wall: 51.689 minutes, Δt:   2.59, CFL: 9.00e-01
i: 173100, t:  222371.7 s, ωt:  22.24 (3.54 periods), wall: 51.716 minutes, Δt:   2.53, CFL: 9.00e-01
i: 173200, t:  222601.6 s, ωt:  22.26 (3.54 periods), wall: 51.745 minutes, Δt:   2.58, CFL: 9.00e-01
i: 173300, t:  222832.5 s, ωt:  22.28 (3.55 periods), wall: 51.774 minutes, Δt:   2.17, CFL: 9.00e-01
i: 173400, t:  223047.5 s, ωt:  22.30 (3.55 periods), wall: 51.801 minutes, Δt:   1.93, CFL: 9.00e-01
i: 173500, t:  223242.3 s, ωt:  22.32 (3.55 periods), wall: 51.831 minutes, Δt:   1.79, CFL: 9.00e-01
i: 173600, t:  223427.8 s, ωt:  22.34 (3.56 periods), wall: 51.860 minutes, Δt:   1.88, CFL: 9.00e-01
i: 173700, t:  223595.6 s, ωt:  22.36 (3.56 periods), wall: 51.887 minutes, Δt:   2.10, CFL: 9.00e-01
i: 173800, t:  223777.2 s, ωt:  22.38 (3.56 periods), wall: 51.918 minutes, Δt:   1.94, CFL: 9.00e-01
i: 173900, t:  223956.9 s, ωt:  22.40 (3.56 periods), wall: 51.945 minutes, Δt:   1.56, CFL: 9.00e-01
i: 174000, t:  224120.7 s, ωt:  22.41 (3.57 periods), wall: 51.977 minutes, Δt:   1.82, CFL: 9.00e-01
i: 174100, t:  224283.4 s, ωt:  22.43 (3.57 periods), wall: 52.004 minutes, Δt:   1.75, CFL: 9.00e-01
i: 174200, t:  224453.4 s, ωt:  22.45 (3.57 periods), wall: 52.034 minutes, Δt:   1.62, CFL: 9.00e-01
i: 174300, t:  224615.4 s, ωt:  22.46 (3.57 periods), wall: 52.061 minutes, Δt:   1.57, CFL: 9.00e-01
i: 174400, t:  224769.2 s, ωt:  22.48 (3.58 periods), wall: 52.095 minutes, Δt:   1.50, CFL: 9.00e-01
i: 174500, t:  224921.8 s, ωt:  22.49 (3.58 periods), wall: 52.123 minutes, Δt:   1.43, CFL: 9.00e-01
i: 174600, t:  225069.4 s, ωt:  22.51 (3.58 periods), wall: 52.156 minutes, Δt:   1.44, CFL: 9.00e-01
i: 174700, t:  225221.6 s, ωt:  22.52 (3.58 periods), wall: 52.183 minutes, Δt:   1.59, CFL: 9.00e-01
i: 174800, t:  225367.7 s, ωt:  22.54 (3.59 periods), wall: 52.214 minutes, Δt:   1.43, CFL: 9.00e-01
i: 174900, t:  225513.3 s, ωt:  22.55 (3.59 periods), wall: 52.241 minutes, Δt:   1.16, CFL: 9.00e-01
i: 175000, t:  225642.1 s, ωt:  22.56 (3.59 periods), wall: 52.271 minutes, Δt:   1.40, CFL: 9.00e-01
i: 175100, t:  225775.6 s, ωt:  22.58 (3.59 periods), wall: 52.298 minutes, Δt:   1.24, CFL: 9.00e-01
i: 175200, t:  225911.3 s, ωt:  22.59 (3.60 periods), wall: 52.364 minutes, Δt:   1.11, CFL: 9.00e-01
i: 175300, t:  226039.2 s, ωt:  22.60 (3.60 periods), wall: 52.391 minutes, Δt:   1.46, CFL: 9.00e-01
i: 175400, t:  226175.0 s, ωt:  22.62 (3.60 periods), wall: 52.418 minutes, Δt:   1.25, CFL: 9.00e-01
i: 175500, t:  226301.5 s, ωt:  22.63 (3.60 periods), wall: 53.001 minutes, Δt:   1.38, CFL: 9.00e-01
i: 175600, t:  226429.7 s, ωt:  22.64 (3.60 periods), wall: 53.029 minutes, Δt:   1.21, CFL: 9.00e-01
i: 175700, t:  226545.5 s, ωt:  22.65 (3.61 periods), wall: 53.153 minutes, Δt:   1.27, CFL: 9.00e-01
i: 175800, t:  226665.8 s, ωt:  22.67 (3.61 periods), wall: 53.181 minutes, Δt:   1.28, CFL: 9.00e-01
i: 175900, t:  226785.2 s, ωt:  22.68 (3.61 periods), wall: 53.208 minutes, Δt:   1.21, CFL: 9.00e-01
i: 176000, t:  226910.1 s, ωt:  22.69 (3.61 periods), wall: 53.519 minutes, Δt:   1.17, CFL: 9.00e-01
i: 176100, t:  227022.9 s, ωt:  22.70 (3.61 periods), wall: 53.546 minutes, Δt:   1.03, CFL: 9.00e-01
i: 176200, t:  227136.0 s, ωt:  22.71 (3.61 periods), wall: 53.574 minutes, Δt:   1.30, CFL: 9.00e-01
i: 176300, t:  227255.7 s, ωt:  22.73 (3.62 periods), wall: 53.719 minutes, Δt:   1.22, CFL: 9.00e-01
i: 176400, t:  227372.8 s, ωt:  22.74 (3.62 periods), wall: 53.746 minutes, Δt:   1.20, CFL: 9.00e-01
i: 176500, t:  227489.1 s, ωt:  22.75 (3.62 periods), wall: 53.790 minutes, Δt:   1.04, CFL: 9.00e-01
i: 176600, t:  227601.2 s, ωt:  22.76 (3.62 periods), wall: 53.817 minutes, Δt:   1.09, CFL: 9.00e-01
i: 176700, t:  227706.4 s, ωt:  22.77 (3.62 periods), wall: 53.844 minutes, Δt:   1.00, CFL: 9.00e-01
i: 176800, t:  227814.9 s, ωt:  22.78 (3.63 periods), wall: 53.874 minutes, Δt:   1.05, CFL: 9.00e-01
i: 176900, t:  227926.0 s, ωt:  22.79 (3.63 periods), wall: 53.901 minutes, Δt:   1.16, CFL: 9.00e-01
i: 177000, t:  228039.6 s, ωt:  22.80 (3.63 periods), wall: 53.929 minutes, Δt:   1.02, CFL: 9.00e-01
i: 177100, t:  228141.9 s, ωt:  22.81 (3.63 periods), wall: 53.958 minutes, Δt:   0.92, CFL: 9.00e-01
i: 177200, t:  228247.3 s, ωt:  22.82 (3.63 periods), wall: 53.986 minutes, Δt:   1.03, CFL: 9.00e-01
i: 177300, t:  228341.8 s, ωt:  22.83 (3.63 periods), wall: 54.013 minutes, Δt:   1.17, CFL: 9.00e-01
i: 177400, t:  228441.1 s, ωt:  22.84 (3.64 periods), wall: 54.043 minutes, Δt:   1.07, CFL: 9.00e-01
i: 177500, t:  228544.4 s, ωt:  22.85 (3.64 periods), wall: 54.071 minutes, Δt:   1.03, CFL: 9.00e-01
i: 177600, t:  228653.2 s, ωt:  22.87 (3.64 periods), wall: 54.098 minutes, Δt:   1.05, CFL: 9.00e-01
i: 177700, t:  228752.5 s, ωt:  22.88 (3.64 periods), wall: 54.131 minutes, Δt:   1.01, CFL: 9.00e-01
i: 177800, t:  228858.8 s, ωt:  22.89 (3.64 periods), wall: 54.159 minutes, Δt:   0.97, CFL: 9.00e-01
i: 177900, t:  228962.1 s, ωt:  22.90 (3.64 periods), wall: 54.186 minutes, Δt:   0.95, CFL: 9.00e-01
i: 178000, t:  229062.7 s, ωt:  22.91 (3.65 periods), wall: 54.217 minutes, Δt:   0.98, CFL: 9.00e-01
i: 178100, t:  229161.9 s, ωt:  22.92 (3.65 periods), wall: 54.244 minutes, Δt:   1.03, CFL: 9.00e-01
i: 178200, t:  229258.4 s, ωt:  22.93 (3.65 periods), wall: 54.271 minutes, Δt:   0.90, CFL: 9.00e-01
i: 178300, t:  229346.8 s, ωt:  22.93 (3.65 periods), wall: 54.305 minutes, Δt:   0.75, CFL: 9.00e-01
i: 178400, t:  229445.5 s, ωt:  22.94 (3.65 periods), wall: 54.332 minutes, Δt:   1.12, CFL: 9.00e-01
i: 178500, t:  229546.3 s, ωt:  22.95 (3.65 periods), wall: 54.360 minutes, Δt:   0.94, CFL: 9.00e-01
i: 178600, t:  229635.5 s, ωt:  22.96 (3.65 periods), wall: 54.387 minutes, Δt:   0.83, CFL: 9.00e-01
i: 178700, t:  229731.6 s, ωt:  22.97 (3.66 periods), wall: 54.417 minutes, Δt:   0.91, CFL: 9.00e-01
i: 178800, t:  229829.7 s, ωt:  22.98 (3.66 periods), wall: 54.444 minutes, Δt:   1.02, CFL: 9.00e-01
i: 178900, t:  229924.5 s, ωt:  22.99 (3.66 periods), wall: 54.471 minutes, Δt:   0.95, CFL: 9.00e-01
i: 179000, t:  230015.6 s, ωt:  23.00 (3.66 periods), wall: 54.502 minutes, Δt:   1.01, CFL: 9.00e-01
i: 179100, t:  230115.5 s, ωt:  23.01 (3.66 periods), wall: 54.529 minutes, Δt:   0.88, CFL: 9.00e-01
i: 179200, t:  230209.5 s, ωt:  23.02 (3.66 periods), wall: 54.556 minutes, Δt:   1.00, CFL: 9.00e-01
i: 179300, t:  230307.8 s, ωt:  23.03 (3.67 periods), wall: 54.586 minutes, Δt:   0.83, CFL: 9.00e-01
i: 179400, t:  230393.3 s, ωt:  23.04 (3.67 periods), wall: 54.613 minutes, Δt:   0.89, CFL: 9.00e-01
i: 179500, t:  230478.9 s, ωt:  23.05 (3.67 periods), wall: 54.640 minutes, Δt:   0.90, CFL: 9.00e-01
i: 179600, t:  230571.7 s, ωt:  23.06 (3.67 periods), wall: 54.667 minutes, Δt:   0.86, CFL: 9.00e-01
i: 179700, t:  230658.3 s, ωt:  23.07 (3.67 periods), wall: 54.698 minutes, Δt:   0.88, CFL: 9.00e-01
i: 179800, t:  230745.0 s, ωt:  23.07 (3.67 periods), wall: 54.725 minutes, Δt:   0.96, CFL: 9.00e-01
i: 179900, t:  230839.4 s, ωt:  23.08 (3.67 periods), wall: 54.752 minutes, Δt:   0.98, CFL: 9.00e-01
i: 180000, t:  230926.1 s, ωt:  23.09 (3.68 periods), wall: 54.783 minutes, Δt:   0.83, CFL: 9.00e-01
i: 180100, t:  231014.4 s, ωt:  23.10 (3.68 periods), wall: 54.810 minutes, Δt:   0.95, CFL: 9.00e-01
i: 180200, t:  231109.1 s, ωt:  23.11 (3.68 periods), wall: 54.837 minutes, Δt:   0.93, CFL: 9.00e-01
i: 180300, t:  231194.5 s, ωt:  23.12 (3.68 periods), wall: 54.865 minutes, Δt:   0.79, CFL: 9.00e-01
i: 180400, t:  231281.6 s, ωt:  23.13 (3.68 periods), wall: 54.897 minutes, Δt:   0.90, CFL: 9.00e-01
i: 180500, t:  231374.8 s, ωt:  23.14 (3.68 periods), wall: 54.924 minutes, Δt:   0.95, CFL: 9.00e-01
i: 180600, t:  231464.1 s, ωt:  23.15 (3.68 periods), wall: 54.951 minutes, Δt:   0.87, CFL: 9.00e-01
i: 180700, t:  231554.2 s, ωt:  23.16 (3.69 periods), wall: 54.984 minutes, Δt:   1.02, CFL: 9.00e-01
i: 180800, t:  231640.5 s, ωt:  23.16 (3.69 periods), wall: 55.011 minutes, Δt:   0.88, CFL: 9.00e-01
i: 180900, t:  231721.4 s, ωt:  23.17 (3.69 periods), wall: 55.039 minutes, Δt:   0.86, CFL: 9.00e-01
i: 181000, t:  231802.3 s, ωt:  23.18 (3.69 periods), wall: 55.066 minutes, Δt:   0.78, CFL: 9.00e-01
i: 181100, t:  231885.5 s, ωt:  23.19 (3.69 periods), wall: 55.095 minutes, Δt:   0.71, CFL: 9.00e-01
i: 181200, t:  231969.3 s, ωt:  23.20 (3.69 periods), wall: 55.122 minutes, Δt:   0.84, CFL: 9.00e-01
i: 181300, t:  232053.5 s, ωt:  23.21 (3.69 periods), wall: 55.149 minutes, Δt:   0.81, CFL: 9.00e-01
i: 181400, t:  232138.4 s, ωt:  23.21 (3.69 periods), wall: 55.176 minutes, Δt:   0.87, CFL: 9.00e-01
i: 181500, t:  232226.8 s, ωt:  23.22 (3.70 periods), wall: 55.213 minutes, Δt:   0.83, CFL: 9.00e-01
i: 181600, t:  232308.3 s, ωt:  23.23 (3.70 periods), wall: 55.240 minutes, Δt:   0.89, CFL: 9.00e-01
i: 181700, t:  232391.1 s, ωt:  23.24 (3.70 periods), wall: 55.267 minutes, Δt:   0.84, CFL: 9.00e-01
i: 181800, t:  232474.8 s, ωt:  23.25 (3.70 periods), wall: 55.294 minutes, Δt:   0.76, CFL: 9.00e-01
i: 181900, t:  232555.2 s, ωt:  23.26 (3.70 periods), wall: 55.326 minutes, Δt:   0.68, CFL: 9.00e-01
i: 182000, t:  232634.3 s, ωt:  23.26 (3.70 periods), wall: 55.353 minutes, Δt:   0.69, CFL: 9.00e-01
i: 182100, t:  232713.6 s, ωt:  23.27 (3.70 periods), wall: 55.380 minutes, Δt:   0.81, CFL: 9.00e-01
i: 182200, t:  232797.8 s, ωt:  23.28 (3.71 periods), wall: 55.410 minutes, Δt:   0.80, CFL: 9.00e-01
i: 182300, t:  232878.8 s, ωt:  23.29 (3.71 periods), wall: 55.437 minutes, Δt:   0.87, CFL: 9.00e-01
i: 182400, t:  232965.4 s, ωt:  23.30 (3.71 periods), wall: 55.464 minutes, Δt:   0.98, CFL: 9.00e-01
i: 182500, t:  233051.0 s, ωt:  23.31 (3.71 periods), wall: 55.492 minutes, Δt:   0.86, CFL: 9.00e-01
i: 182600, t:  233139.9 s, ωt:  23.31 (3.71 periods), wall: 55.524 minutes, Δt:   0.78, CFL: 9.00e-01
i: 182700, t:  233223.4 s, ωt:  23.32 (3.71 periods), wall: 55.551 minutes, Δt:   0.78, CFL: 9.00e-01
i: 182800, t:  233310.9 s, ωt:  23.33 (3.71 periods), wall: 55.579 minutes, Δt:   0.89, CFL: 9.00e-01
i: 182900, t:  233401.4 s, ωt:  23.34 (3.71 periods), wall: 55.606 minutes, Δt:   0.90, CFL: 9.00e-01
i: 183000, t:  233488.5 s, ωt:  23.35 (3.72 periods), wall: 55.636 minutes, Δt:   0.79, CFL: 9.00e-01
i: 183100, t:  233575.5 s, ωt:  23.36 (3.72 periods), wall: 55.663 minutes, Δt:   0.89, CFL: 9.00e-01
i: 183200, t:  233664.2 s, ωt:  23.37 (3.72 periods), wall: 55.690 minutes, Δt:   0.89, CFL: 9.00e-01
i: 183300, t:  233747.5 s, ωt:  23.37 (3.72 periods), wall: 55.719 minutes, Δt:   0.93, CFL: 9.00e-01
i: 183400, t:  233829.4 s, ωt:  23.38 (3.72 periods), wall: 55.746 minutes, Δt:   0.89, CFL: 9.00e-01
i: 183500, t:  233917.8 s, ωt:  23.39 (3.72 periods), wall: 55.773 minutes, Δt:   0.86, CFL: 9.00e-01
i: 183600, t:  234003.6 s, ωt:  23.40 (3.72 periods), wall: 55.801 minutes, Δt:   0.86, CFL: 9.00e-01
i: 183700, t:  234086.3 s, ωt:  23.41 (3.73 periods), wall: 55.830 minutes, Δt:   0.86, CFL: 9.00e-01
i: 183800, t:  234172.8 s, ωt:  23.42 (3.73 periods), wall: 55.857 minutes, Δt:   0.85, CFL: 9.00e-01
i: 183900, t:  234254.6 s, ωt:  23.43 (3.73 periods), wall: 55.884 minutes, Δt:   0.86, CFL: 9.00e-01
i: 184000, t:  234338.6 s, ωt:  23.43 (3.73 periods), wall: 55.911 minutes, Δt:   0.93, CFL: 9.00e-01
i: 184100, t:  234420.6 s, ωt:  23.44 (3.73 periods), wall: 55.942 minutes, Δt:   0.63, CFL: 9.00e-01
i: 184200, t:  234493.7 s, ωt:  23.45 (3.73 periods), wall: 55.969 minutes, Δt:   0.82, CFL: 9.00e-01
i: 184300, t:  234579.4 s, ωt:  23.46 (3.73 periods), wall: 55.996 minutes, Δt:   0.89, CFL: 9.00e-01
i: 184400, t:  234662.1 s, ωt:  23.47 (3.73 periods), wall: 56.024 minutes, Δt:   0.81, CFL: 9.00e-01
i: 184500, t:  234743.9 s, ωt:  23.47 (3.74 periods), wall: 56.060 minutes, Δt:   0.83, CFL: 9.00e-01
i: 184600, t:  234831.9 s, ωt:  23.48 (3.74 periods), wall: 56.087 minutes, Δt:   0.92, CFL: 9.00e-01
i: 184700, t:  234921.2 s, ωt:  23.49 (3.74 periods), wall: 56.114 minutes, Δt:   0.97, CFL: 9.00e-01
i: 184800, t:  235011.2 s, ωt:  23.50 (3.74 periods), wall: 56.146 minutes, Δt:   0.87, CFL: 9.00e-01
i: 184900, t:  235099.6 s, ωt:  23.51 (3.74 periods), wall: 56.173 minutes, Δt:   0.90, CFL: 9.00e-01
i: 185000, t:  235186.1 s, ωt:  23.52 (3.74 periods), wall: 56.200 minutes, Δt:   0.82, CFL: 9.00e-01
i: 185100, t:  235269.1 s, ωt:  23.53 (3.74 periods), wall: 56.227 minutes, Δt:   0.85, CFL: 9.00e-01
i: 185200, t:  235347.7 s, ωt:  23.53 (3.75 periods), wall: 56.259 minutes, Δt:   0.82, CFL: 9.00e-01
i: 185300, t:  235436.4 s, ωt:  23.54 (3.75 periods), wall: 56.287 minutes, Δt:   0.93, CFL: 9.00e-01
i: 185400, t:  235518.4 s, ωt:  23.55 (3.75 periods), wall: 56.314 minutes, Δt:   0.77, CFL: 9.00e-01
i: 185500, t:  235607.9 s, ωt:  23.56 (3.75 periods), wall: 56.342 minutes, Δt:   0.91, CFL: 9.00e-01
i: 185600, t:  235691.8 s, ωt:  23.57 (3.75 periods), wall: 56.370 minutes, Δt:   0.92, CFL: 9.00e-01
i: 185700, t:  235774.3 s, ωt:  23.58 (3.75 periods), wall: 56.398 minutes, Δt:   0.75, CFL: 9.00e-01
i: 185800, t:  235853.0 s, ωt:  23.59 (3.75 periods), wall: 56.425 minutes, Δt:   0.81, CFL: 9.00e-01
i: 185900, t:  235937.7 s, ωt:  23.59 (3.76 periods), wall: 56.455 minutes, Δt:   0.79, CFL: 9.00e-01
i: 186000, t:  236025.5 s, ωt:  23.60 (3.76 periods), wall: 56.483 minutes, Δt:   0.90, CFL: 9.00e-01
i: 186100, t:  236116.4 s, ωt:  23.61 (3.76 periods), wall: 56.510 minutes, Δt:   0.96, CFL: 9.00e-01
i: 186200, t:  236199.7 s, ωt:  23.62 (3.76 periods), wall: 56.537 minutes, Δt:   0.78, CFL: 9.00e-01
i: 186300, t:  236284.6 s, ωt:  23.63 (3.76 periods), wall: 56.568 minutes, Δt:   0.85, CFL: 9.00e-01
i: 186400, t:  236370.0 s, ωt:  23.64 (3.76 periods), wall: 56.595 minutes, Δt:   0.84, CFL: 9.00e-01
i: 186500, t:  236458.4 s, ωt:  23.65 (3.76 periods), wall: 56.622 minutes, Δt:   0.92, CFL: 9.00e-01
i: 186600, t:  236539.7 s, ωt:  23.65 (3.76 periods), wall: 56.649 minutes, Δt:   0.90, CFL: 9.00e-01
i: 186700, t:  236623.8 s, ωt:  23.66 (3.77 periods), wall: 56.679 minutes, Δt:   0.79, CFL: 9.00e-01
i: 186800, t:  236709.1 s, ωt:  23.67 (3.77 periods), wall: 56.706 minutes, Δt:   0.86, CFL: 9.00e-01
i: 186900, t:  236790.0 s, ωt:  23.68 (3.77 periods), wall: 56.733 minutes, Δt:   0.83, CFL: 9.00e-01
i: 187000, t:  236869.8 s, ωt:  23.69 (3.77 periods), wall: 56.760 minutes, Δt:   0.68, CFL: 9.00e-01
i: 187100, t:  236947.5 s, ωt:  23.69 (3.77 periods), wall: 56.794 minutes, Δt:   0.83, CFL: 9.00e-01
i: 187200, t:  237038.6 s, ωt:  23.70 (3.77 periods), wall: 56.821 minutes, Δt:   0.96, CFL: 9.00e-01
i: 187300, t:  237127.0 s, ωt:  23.71 (3.77 periods), wall: 56.848 minutes, Δt:   0.83, CFL: 9.00e-01
i: 187400, t:  237210.4 s, ωt:  23.72 (3.78 periods), wall: 56.879 minutes, Δt:   0.90, CFL: 9.00e-01
i: 187500, t:  237296.0 s, ωt:  23.73 (3.78 periods), wall: 56.907 minutes, Δt:   0.92, CFL: 9.00e-01
i: 187600, t:  237384.8 s, ωt:  23.74 (3.78 periods), wall: 56.934 minutes, Δt:   0.86, CFL: 9.00e-01
i: 187700, t:  237467.1 s, ωt:  23.75 (3.78 periods), wall: 56.961 minutes, Δt:   0.80, CFL: 9.00e-01
i: 187800, t:  237553.1 s, ωt:  23.76 (3.78 periods), wall: 56.992 minutes, Δt:   0.83, CFL: 9.00e-01
i: 187900, t:  237641.7 s, ωt:  23.76 (3.78 periods), wall: 57.019 minutes, Δt:   0.95, CFL: 9.00e-01
i: 188000, t:  237731.0 s, ωt:  23.77 (3.78 periods), wall: 57.047 minutes, Δt:   0.81, CFL: 9.00e-01
i: 188100, t:  237819.5 s, ωt:  23.78 (3.79 periods), wall: 57.083 minutes, Δt:   0.85, CFL: 9.00e-01
i: 188200, t:  237904.9 s, ωt:  23.79 (3.79 periods), wall: 57.110 minutes, Δt:   0.81, CFL: 9.00e-01
i: 188300, t:  237988.3 s, ωt:  23.80 (3.79 periods), wall: 57.137 minutes, Δt:   0.80, CFL: 9.00e-01
i: 188400, t:  238074.5 s, ωt:  23.81 (3.79 periods), wall: 57.164 minutes, Δt:   0.81, CFL: 9.00e-01
i: 188500, t:  238155.2 s, ωt:  23.82 (3.79 periods), wall: 57.199 minutes, Δt:   0.90, CFL: 9.00e-01
i: 188600, t:  238245.4 s, ωt:  23.82 (3.79 periods), wall: 57.226 minutes, Δt:   0.98, CFL: 9.00e-01
i: 188700, t:  238333.9 s, ωt:  23.83 (3.79 periods), wall: 57.253 minutes, Δt:   0.91, CFL: 9.00e-01
i: 188800, t:  238424.2 s, ωt:  23.84 (3.79 periods), wall: 57.280 minutes, Δt:   0.72, CFL: 9.00e-01
i: 188900, t:  238507.8 s, ωt:  23.85 (3.80 periods), wall: 57.313 minutes, Δt:   0.78, CFL: 9.00e-01
i: 189000, t:  238592.3 s, ωt:  23.86 (3.80 periods), wall: 57.340 minutes, Δt:   0.92, CFL: 9.00e-01
i: 189100, t:  238681.9 s, ωt:  23.87 (3.80 periods), wall: 57.367 minutes, Δt:   0.89, CFL: 9.00e-01
i: 189200, t:  238777.6 s, ωt:  23.88 (3.80 periods), wall: 57.397 minutes, Δt:   1.00, CFL: 9.00e-01
i: 189300, t:  238857.5 s, ωt:  23.89 (3.80 periods), wall: 57.424 minutes, Δt:   0.75, CFL: 9.00e-01
i: 189400, t:  238939.7 s, ωt:  23.89 (3.80 periods), wall: 57.451 minutes, Δt:   0.90, CFL: 9.00e-01
i: 189500, t:  239028.0 s, ωt:  23.90 (3.80 periods), wall: 57.478 minutes, Δt:   0.91, CFL: 9.00e-01
i: 189600, t:  239113.3 s, ωt:  23.91 (3.81 periods), wall: 57.511 minutes, Δt:   0.78, CFL: 9.00e-01
i: 189700, t:  239195.1 s, ωt:  23.92 (3.81 periods), wall: 57.538 minutes, Δt:   0.62, CFL: 9.00e-01
i: 189800, t:  239273.9 s, ωt:  23.93 (3.81 periods), wall: 57.565 minutes, Δt:   0.98, CFL: 9.00e-01
i: 189900, t:  239366.1 s, ωt:  23.94 (3.81 periods), wall: 57.598 minutes, Δt:   0.96, CFL: 9.00e-01
i: 190000, t:  239453.8 s, ωt:  23.95 (3.81 periods), wall: 57.627 minutes, Δt:   0.81, CFL: 9.00e-01
i: 190100, t:  239544.1 s, ωt:  23.95 (3.81 periods), wall: 57.655 minutes, Δt:   0.99, CFL: 9.00e-01
i: 190200, t:  239640.2 s, ωt:  23.96 (3.81 periods), wall: 57.682 minutes, Δt:   0.99, CFL: 9.00e-01
i: 190300, t:  239739.2 s, ωt:  23.97 (3.82 periods), wall: 57.713 minutes, Δt:   0.96, CFL: 9.00e-01
i: 190400, t:  239827.4 s, ωt:  23.98 (3.82 periods), wall: 57.740 minutes, Δt:   0.83, CFL: 9.00e-01
i: 190500, t:  239911.2 s, ωt:  23.99 (3.82 periods), wall: 57.767 minutes, Δt:   0.91, CFL: 9.00e-01
i: 190600, t:  240004.8 s, ωt:  24.00 (3.82 periods), wall: 57.794 minutes, Δt:   0.97, CFL: 9.00e-01
i: 190700, t:  240095.8 s, ωt:  24.01 (3.82 periods), wall: 57.824 minutes, Δt:   0.97, CFL: 9.00e-01
i: 190800, t:  240192.7 s, ωt:  24.02 (3.82 periods), wall: 57.851 minutes, Δt:   0.99, CFL: 9.00e-01
i: 190900, t:  240287.0 s, ωt:  24.03 (3.82 periods), wall: 57.879 minutes, Δt:   0.96, CFL: 9.00e-01
i: 191000, t:  240382.1 s, ωt:  24.04 (3.83 periods), wall: 57.908 minutes, Δt:   1.00, CFL: 9.00e-01
i: 191100, t:  240477.2 s, ωt:  24.05 (3.83 periods), wall: 57.935 minutes, Δt:   1.05, CFL: 9.00e-01
i: 191200, t:  240576.6 s, ωt:  24.06 (3.83 periods), wall: 57.962 minutes, Δt:   1.03, CFL: 9.00e-01
i: 191300, t:  240680.6 s, ωt:  24.07 (3.83 periods), wall: 57.991 minutes, Δt:   0.90, CFL: 9.00e-01
i: 191400, t:  240777.8 s, ωt:  24.08 (3.83 periods), wall: 58.018 minutes, Δt:   1.07, CFL: 9.00e-01
i: 191500, t:  240882.1 s, ωt:  24.09 (3.83 periods), wall: 58.045 minutes, Δt:   1.04, CFL: 9.00e-01
i: 191600, t:  240983.5 s, ωt:  24.10 (3.84 periods), wall: 58.075 minutes, Δt:   0.84, CFL: 9.00e-01
i: 191700, t:  241069.4 s, ωt:  24.11 (3.84 periods), wall: 58.103 minutes, Δt:   1.02, CFL: 9.00e-01
i: 191800, t:  241173.3 s, ωt:  24.12 (3.84 periods), wall: 58.130 minutes, Δt:   1.10, CFL: 9.00e-01
i: 191900, t:  241275.2 s, ωt:  24.13 (3.84 periods), wall: 58.160 minutes, Δt:   0.98, CFL: 9.00e-01
i: 192000, t:  241373.2 s, ωt:  24.14 (3.84 periods), wall: 58.187 minutes, Δt:   0.99, CFL: 9.00e-01
i: 192100, t:  241467.3 s, ωt:  24.15 (3.84 periods), wall: 58.215 minutes, Δt:   1.01, CFL: 9.00e-01
i: 192200, t:  241567.7 s, ωt:  24.16 (3.84 periods), wall: 58.242 minutes, Δt:   1.02, CFL: 9.00e-01
i: 192300, t:  241662.0 s, ωt:  24.17 (3.85 periods), wall: 58.271 minutes, Δt:   0.91, CFL: 9.00e-01
i: 192400, t:  241759.6 s, ωt:  24.18 (3.85 periods), wall: 58.298 minutes, Δt:   0.95, CFL: 9.00e-01
i: 192500, t:  241859.6 s, ωt:  24.19 (3.85 periods), wall: 58.325 minutes, Δt:   0.91, CFL: 9.00e-01
i: 192600, t:  241954.7 s, ωt:  24.20 (3.85 periods), wall: 58.355 minutes, Δt:   1.11, CFL: 9.00e-01
i: 192700, t:  242060.7 s, ωt:  24.21 (3.85 periods), wall: 58.382 minutes, Δt:   0.95, CFL: 9.00e-01
i: 192800, t:  242165.5 s, ωt:  24.22 (3.85 periods), wall: 58.410 minutes, Δt:   1.13, CFL: 9.00e-01
i: 192900, t:  242268.7 s, ωt:  24.23 (3.86 periods), wall: 58.439 minutes, Δt:   1.11, CFL: 9.00e-01
i: 193000, t:  242380.9 s, ωt:  24.24 (3.86 periods), wall: 58.466 minutes, Δt:   1.09, CFL: 9.00e-01
i: 193100, t:  242490.1 s, ωt:  24.25 (3.86 periods), wall: 58.493 minutes, Δt:   0.97, CFL: 9.00e-01
i: 193200, t:  242591.6 s, ωt:  24.26 (3.86 periods), wall: 58.524 minutes, Δt:   1.17, CFL: 9.00e-01
i: 193300, t:  242709.1 s, ωt:  24.27 (3.86 periods), wall: 58.551 minutes, Δt:   1.06, CFL: 9.00e-01
i: 193400, t:  242821.0 s, ωt:  24.28 (3.86 periods), wall: 58.578 minutes, Δt:   1.16, CFL: 9.00e-01
i: 193500, t:  242935.1 s, ωt:  24.29 (3.87 periods), wall: 58.612 minutes, Δt:   1.15, CFL: 9.00e-01
i: 193600, t:  243036.6 s, ωt:  24.30 (3.87 periods), wall: 58.639 minutes, Δt:   1.07, CFL: 9.00e-01
i: 193700, t:  243141.9 s, ωt:  24.31 (3.87 periods), wall: 58.666 minutes, Δt:   1.10, CFL: 9.00e-01
i: 193800, t:  243260.9 s, ωt:  24.33 (3.87 periods), wall: 58.699 minutes, Δt:   1.18, CFL: 9.00e-01
i: 193900, t:  243365.5 s, ωt:  24.34 (3.87 periods), wall: 58.726 minutes, Δt:   1.13, CFL: 9.00e-01
i: 194000, t:  243486.3 s, ωt:  24.35 (3.88 periods), wall: 58.757 minutes, Δt:   1.27, CFL: 9.00e-01
i: 194100, t:  243594.2 s, ωt:  24.36 (3.88 periods), wall: 58.784 minutes, Δt:   0.92, CFL: 9.00e-01
i: 194200, t:  243712.2 s, ωt:  24.37 (3.88 periods), wall: 58.811 minutes, Δt:   1.21, CFL: 9.00e-01
i: 194300, t:  243826.6 s, ωt:  24.38 (3.88 periods), wall: 58.846 minutes, Δt:   1.29, CFL: 9.00e-01
i: 194400, t:  243950.7 s, ωt:  24.40 (3.88 periods), wall: 58.873 minutes, Δt:   1.10, CFL: 9.00e-01
i: 194500, t:  244070.9 s, ωt:  24.41 (3.88 periods), wall: 58.900 minutes, Δt:   1.20, CFL: 9.00e-01
i: 194600, t:  244195.4 s, ωt:  24.42 (3.89 periods), wall: 58.935 minutes, Δt:   1.28, CFL: 9.00e-01
i: 194700, t:  244324.1 s, ωt:  24.43 (3.89 periods), wall: 58.962 minutes, Δt:   1.25, CFL: 9.00e-01
i: 194800, t:  244459.1 s, ωt:  24.45 (3.89 periods), wall: 58.994 minutes, Δt:   1.34, CFL: 9.00e-01
i: 194900, t:  244593.5 s, ωt:  24.46 (3.89 periods), wall: 59.022 minutes, Δt:   1.46, CFL: 9.00e-01
i: 195000, t:  244737.1 s, ωt:  24.47 (3.90 periods), wall: 59.051 minutes, Δt:   1.46, CFL: 9.00e-01
i: 195100, t:  244874.1 s, ωt:  24.49 (3.90 periods), wall: 59.078 minutes, Δt:   1.20, CFL: 9.00e-01
i: 195200, t:  244998.4 s, ωt:  24.50 (3.90 periods), wall: 59.105 minutes, Δt:   1.24, CFL: 9.00e-01
i: 195300, t:  245132.2 s, ωt:  24.51 (3.90 periods), wall: 59.153 minutes, Δt:   1.43, CFL: 9.00e-01
i: 195400, t:  245271.0 s, ωt:  24.53 (3.90 periods), wall: 59.180 minutes, Δt:   1.44, CFL: 9.00e-01
i: 195500, t:  245418.5 s, ωt:  24.54 (3.91 periods), wall: 59.219 minutes, Δt:   1.43, CFL: 9.00e-01
i: 195600, t:  245570.8 s, ωt:  24.56 (3.91 periods), wall: 59.246 minutes, Δt:   1.50, CFL: 9.00e-01
i: 195700, t:  245715.1 s, ωt:  24.57 (3.91 periods), wall: 59.275 minutes, Δt:   1.53, CFL: 9.00e-01
i: 195800, t:  245849.6 s, ωt:  24.58 (3.91 periods), wall: 59.302 minutes, Δt:   1.33, CFL: 9.00e-01
i: 195900, t:  245998.1 s, ωt:  24.60 (3.92 periods), wall: 59.333 minutes, Δt:   1.63, CFL: 9.00e-01
i: 196000, t:  246151.9 s, ωt:  24.62 (3.92 periods), wall: 59.361 minutes, Δt:   1.61, CFL: 9.00e-01
i: 196100, t:  246302.5 s, ωt:  24.63 (3.92 periods), wall: 59.394 minutes, Δt:   1.64, CFL: 9.00e-01
i: 196200, t:  246460.3 s, ωt:  24.65 (3.92 periods), wall: 59.421 minutes, Δt:   1.70, CFL: 9.00e-01
i: 196300, t:  246608.8 s, ωt:  24.66 (3.92 periods), wall: 59.448 minutes, Δt:   1.64, CFL: 9.00e-01
i: 196400, t:  246782.5 s, ωt:  24.68 (3.93 periods), wall: 59.480 minutes, Δt:   1.86, CFL: 9.00e-01
i: 196500, t:  246960.5 s, ωt:  24.70 (3.93 periods), wall: 59.511 minutes, Δt:   1.84, CFL: 9.00e-01
i: 196600, t:  247143.6 s, ωt:  24.71 (3.93 periods), wall: 59.538 minutes, Δt:   1.79, CFL: 9.00e-01
i: 196700, t:  247341.5 s, ωt:  24.73 (3.94 periods), wall: 59.575 minutes, Δt:   2.10, CFL: 9.00e-01
i: 196800, t:  247564.2 s, ωt:  24.76 (3.94 periods), wall: 59.605 minutes, Δt:   2.24, CFL: 9.00e-01
i: 196900, t:  247782.5 s, ωt:  24.78 (3.94 periods), wall: 59.633 minutes, Δt:   2.06, CFL: 9.00e-01
i: 197000, t:  247986.0 s, ωt:  24.80 (3.95 periods), wall: 59.667 minutes, Δt:   2.19, CFL: 9.00e-01
i: 197100, t:  248201.5 s, ωt:  24.82 (3.95 periods), wall: 59.701 minutes, Δt:   2.34, CFL: 9.00e-01
i: 197200, t:  248422.7 s, ωt:  24.84 (3.95 periods), wall: 59.728 minutes, Δt:   2.56, CFL: 9.00e-01
i: 197300, t:  248698.2 s, ωt:  24.87 (3.96 periods), wall: 59.757 minutes, Δt:   2.88, CFL: 9.00e-01
i: 197400, t:  248972.6 s, ωt:  24.90 (3.96 periods), wall: 59.793 minutes, Δt:   2.78, CFL: 9.00e-01
i: 197500, t:  249246.3 s, ωt:  24.92 (3.97 periods), wall: 59.829 minutes, Δt:   2.42, CFL: 9.00e-01
i: 197600, t:  249524.4 s, ωt:  24.95 (3.97 periods), wall: 59.864 minutes, Δt:   3.28, CFL: 9.00e-01
i: 197700, t:  249840.1 s, ωt:  24.98 (3.98 periods), wall: 59.895 minutes, Δt:   2.80, CFL: 9.00e-01
i: 197800, t:  250097.7 s, ωt:  25.01 (3.98 periods), wall: 59.929 minutes, Δt:   2.42, CFL: 9.00e-01
i: 197900, t:  250357.6 s, ωt:  25.04 (3.98 periods), wall: 59.957 minutes, Δt:   2.89, CFL: 8.23e-01
i: 198000, t:  250607.9 s, ωt:  25.06 (3.99 periods), wall: 59.988 minutes, Δt:   2.12, CFL: 9.00e-01
i: 198100, t:  250834.0 s, ωt:  25.08 (3.99 periods), wall: 1.000 hours, Δt:   2.71, CFL: 9.00e-01
i: 198200, t:  251127.8 s, ωt:  25.11 (4.00 periods), wall: 1.001 hours, Δt:   3.21, CFL: 9.00e-01
i: 198300, t:  251414.7 s, ωt:  25.14 (4.00 periods), wall: 1.002 hours, Δt:   3.16, CFL: 9.00e-01
i: 198400, t:  251706.9 s, ωt:  25.17 (4.01 periods), wall: 1.003 hours, Δt:   2.68, CFL: 9.00e-01
i: 198500, t:  251987.5 s, ωt:  25.20 (4.01 periods), wall: 1.003 hours, Δt:   2.72, CFL: 9.00e-01
i: 198600, t:  252269.9 s, ωt:  25.23 (4.01 periods), wall: 1.003 hours, Δt:   2.99, CFL: 9.00e-01
i: 198700, t:  252558.9 s, ωt:  25.26 (4.02 periods), wall: 1.004 hours, Δt:   2.76, CFL: 9.00e-01
i: 198800, t:  252823.1 s, ωt:  25.28 (4.02 periods), wall: 1.005 hours, Δt:   2.66, CFL: 9.00e-01
i: 198900, t:  253091.1 s, ωt:  25.31 (4.03 periods), wall: 1.005 hours, Δt:   2.41, CFL: 9.00e-01
i: 199000, t:  253323.6 s, ωt:  25.33 (4.03 periods), wall: 1.006 hours, Δt:   1.99, CFL: 9.00e-01
i: 199100, t:  253537.6 s, ωt:  25.35 (4.04 periods), wall: 1.006 hours, Δt:   2.21, CFL: 9.00e-01
i: 199200, t:  253752.0 s, ωt:  25.38 (4.04 periods), wall: 1.007 hours, Δt:   2.12, CFL: 9.00e-01
i: 199300, t:  253962.3 s, ωt:  25.40 (4.04 periods), wall: 1.007 hours, Δt:   2.11, CFL: 9.00e-01
i: 199400, t:  254171.2 s, ωt:  25.42 (4.05 periods), wall: 1.008 hours, Δt:   2.13, CFL: 9.00e-01
i: 199500, t:  254383.6 s, ωt:  25.44 (4.05 periods), wall: 1.008 hours, Δt:   2.04, CFL: 9.00e-01
i: 199600, t:  254588.1 s, ωt:  25.46 (4.05 periods), wall: 1.009 hours, Δt:   1.66, CFL: 9.00e-01
i: 199700, t:  254782.6 s, ωt:  25.48 (4.05 periods), wall: 1.009 hours, Δt:   1.91, CFL: 9.00e-01
i: 199800, t:  254967.6 s, ωt:  25.50 (4.06 periods), wall: 1.010 hours, Δt:   1.66, CFL: 9.00e-01
i: 199900, t:  255144.9 s, ωt:  25.51 (4.06 periods), wall: 1.010 hours, Δt:   1.80, CFL: 9.00e-01
i: 200000, t:  255334.2 s, ωt:  25.53 (4.06 periods), wall: 1.011 hours, Δt:   1.92, CFL: 9.00e-01
i: 200100, t:  255513.0 s, ωt:  25.55 (4.07 periods), wall: 1.011 hours, Δt:   1.74, CFL: 9.00e-01
i: 200200, t:  255679.7 s, ωt:  25.57 (4.07 periods), wall: 1.012 hours, Δt:   1.34, CFL: 9.00e-01
i: 200300, t:  255833.8 s, ωt:  25.58 (4.07 periods), wall: 1.013 hours, Δt:   1.68, CFL: 9.00e-01
i: 200400, t:  256001.9 s, ωt:  25.60 (4.07 periods), wall: 1.013 hours, Δt:   1.63, CFL: 9.00e-01
i: 200500, t:  256172.9 s, ωt:  25.62 (4.08 periods), wall: 1.014 hours, Δt:   1.72, CFL: 9.00e-01
i: 200600, t:  256335.6 s, ωt:  25.63 (4.08 periods), wall: 1.014 hours, Δt:   1.71, CFL: 9.00e-01
i: 200700, t:  256496.4 s, ωt:  25.65 (4.08 periods), wall: 1.015 hours, Δt:   1.67, CFL: 9.00e-01
i: 200800, t:  256654.1 s, ωt:  25.67 (4.08 periods), wall: 1.015 hours, Δt:   1.52, CFL: 9.00e-01
i: 200900, t:  256800.4 s, ωt:  25.68 (4.09 periods), wall: 1.016 hours, Δt:   1.56, CFL: 9.00e-01
i: 201000, t:  256955.3 s, ωt:  25.70 (4.09 periods), wall: 1.016 hours, Δt:   1.45, CFL: 9.00e-01
i: 201100, t:  257098.3 s, ωt:  25.71 (4.09 periods), wall: 1.017 hours, Δt:   1.44, CFL: 9.00e-01
i: 201200, t:  257231.3 s, ωt:  25.72 (4.09 periods), wall: 1.017 hours, Δt:   1.26, CFL: 9.00e-01
i: 201300, t:  257363.0 s, ωt:  25.74 (4.10 periods), wall: 1.018 hours, Δt:   1.14, CFL: 9.00e-01
i: 201400, t:  257485.5 s, ωt:  25.75 (4.10 periods), wall: 1.018 hours, Δt:   1.46, CFL: 9.00e-01
i: 201500, t:  257613.3 s, ωt:  25.76 (4.10 periods), wall: 1.019 hours, Δt:   1.34, CFL: 9.00e-01
i: 201600, t:  257737.6 s, ωt:  25.77 (4.10 periods), wall: 1.019 hours, Δt:   1.21, CFL: 9.00e-01
i: 201700, t:  257862.8 s, ωt:  25.79 (4.10 periods), wall: 1.020 hours, Δt:   1.21, CFL: 9.00e-01
i: 201800, t:  257988.6 s, ωt:  25.80 (4.11 periods), wall: 1.020 hours, Δt:   1.24, CFL: 9.00e-01
i: 201900, t:  258109.8 s, ωt:  25.81 (4.11 periods), wall: 1.020 hours, Δt:   1.37, CFL: 9.00e-01
i: 202000, t:  258238.7 s, ωt:  25.82 (4.11 periods), wall: 1.021 hours, Δt:   1.18, CFL: 9.00e-01
i: 202100, t:  258359.0 s, ωt:  25.84 (4.11 periods), wall: 1.021 hours, Δt:   1.15, CFL: 9.00e-01
i: 202200, t:  258484.0 s, ωt:  25.85 (4.11 periods), wall: 1.022 hours, Δt:   1.22, CFL: 9.00e-01
i: 202300, t:  258605.9 s, ωt:  25.86 (4.12 periods), wall: 1.022 hours, Δt:   1.17, CFL: 9.00e-01
i: 202400, t:  258720.0 s, ωt:  25.87 (4.12 periods), wall: 1.023 hours, Δt:   1.16, CFL: 9.00e-01
i: 202500, t:  258839.9 s, ωt:  25.88 (4.12 periods), wall: 1.023 hours, Δt:   1.06, CFL: 9.00e-01
i: 202600, t:  258956.8 s, ωt:  25.90 (4.12 periods), wall: 1.024 hours, Δt:   1.08, CFL: 9.00e-01
i: 202700, t:  259065.5 s, ωt:  25.91 (4.12 periods), wall: 1.024 hours, Δt:   1.03, CFL: 9.00e-01
i: 202800, t:  259165.1 s, ωt:  25.92 (4.12 periods), wall: 1.025 hours, Δt:   1.02, CFL: 9.00e-01
i: 202900, t:  259279.1 s, ωt:  25.93 (4.13 periods), wall: 1.025 hours, Δt:   1.19, CFL: 9.00e-01
i: 203000, t:  259394.1 s, ωt:  25.94 (4.13 periods), wall: 1.026 hours, Δt:   1.10, CFL: 9.00e-01
i: 203100, t:  259504.8 s, ωt:  25.95 (4.13 periods), wall: 1.026 hours, Δt:   1.11, CFL: 9.00e-01
i: 203200, t:  259610.1 s, ωt:  25.96 (4.13 periods), wall: 1.027 hours, Δt:   1.12, CFL: 9.00e-01
i: 203300, t:  259715.9 s, ωt:  25.97 (4.13 periods), wall: 1.027 hours, Δt:   1.17, CFL: 9.00e-01
i: 203400, t:  259822.0 s, ωt:  25.98 (4.14 periods), wall: 1.028 hours, Δt:   1.18, CFL: 9.00e-01
i: 203500, t:  259933.2 s, ωt:  25.99 (4.14 periods), wall: 1.028 hours, Δt:   1.02, CFL: 9.00e-01
i: 203600, t:  260033.5 s, ωt:  26.00 (4.14 periods), wall: 1.029 hours, Δt:   1.01, CFL: 9.00e-01
i: 203700, t:  260136.4 s, ωt:  26.01 (4.14 periods), wall: 1.029 hours, Δt:   0.97, CFL: 9.00e-01
i: 203800, t:  260245.5 s, ωt:  26.02 (4.14 periods), wall: 1.030 hours, Δt:   1.01, CFL: 9.00e-01
i: 203900, t:  260351.9 s, ωt:  26.04 (4.14 periods), wall: 1.030 hours, Δt:   1.06, CFL: 9.00e-01
i: 204000, t:  260454.3 s, ωt:  26.05 (4.15 periods), wall: 1.031 hours, Δt:   0.97, CFL: 9.00e-01
i: 204100, t:  260560.8 s, ωt:  26.06 (4.15 periods), wall: 1.031 hours, Δt:   1.09, CFL: 9.00e-01
i: 204200, t:  260657.6 s, ωt:  26.07 (4.15 periods), wall: 1.032 hours, Δt:   0.81, CFL: 9.00e-01
i: 204300, t:  260752.2 s, ωt:  26.08 (4.15 periods), wall: 1.032 hours, Δt:   0.99, CFL: 9.00e-01
i: 204400, t:  260847.9 s, ωt:  26.08 (4.15 periods), wall: 1.033 hours, Δt:   0.94, CFL: 9.00e-01
i: 204500, t:  260943.3 s, ωt:  26.09 (4.15 periods), wall: 1.033 hours, Δt:   0.95, CFL: 9.00e-01
i: 204600, t:  261038.2 s, ωt:  26.10 (4.15 periods), wall: 1.033 hours, Δt:   1.04, CFL: 9.00e-01
i: 204700, t:  261139.7 s, ωt:  26.11 (4.16 periods), wall: 1.034 hours, Δt:   0.99, CFL: 9.00e-01
i: 204800, t:  261230.0 s, ωt:  26.12 (4.16 periods), wall: 1.034 hours, Δt:   1.02, CFL: 9.00e-01
i: 204900, t:  261328.7 s, ωt:  26.13 (4.16 periods), wall: 1.035 hours, Δt:   1.03, CFL: 9.00e-01
i: 205000, t:  261427.2 s, ωt:  26.14 (4.16 periods), wall: 1.035 hours, Δt:   0.97, CFL: 9.00e-01
i: 205100, t:  261520.0 s, ωt:  26.15 (4.16 periods), wall: 1.036 hours, Δt:   1.01, CFL: 9.00e-01
i: 205200, t:  261617.7 s, ωt:  26.16 (4.16 periods), wall: 1.036 hours, Δt:   1.01, CFL: 9.00e-01
i: 205300, t:  261716.8 s, ωt:  26.17 (4.17 periods), wall: 1.037 hours, Δt:   0.88, CFL: 9.00e-01
i: 205400, t:  261809.9 s, ωt:  26.18 (4.17 periods), wall: 1.037 hours, Δt:   0.91, CFL: 9.00e-01
i: 205500, t:  261901.7 s, ωt:  26.19 (4.17 periods), wall: 1.038 hours, Δt:   0.90, CFL: 9.00e-01
i: 205600, t:  262000.1 s, ωt:  26.20 (4.17 periods), wall: 1.038 hours, Δt:   0.96, CFL: 9.00e-01
i: 205700, t:  262094.2 s, ωt:  26.21 (4.17 periods), wall: 1.039 hours, Δt:   0.83, CFL: 9.00e-01
i: 205800, t:  262184.1 s, ωt:  26.22 (4.17 periods), wall: 1.039 hours, Δt:   0.86, CFL: 9.00e-01
i: 205900, t:  262276.4 s, ωt:  26.23 (4.17 periods), wall: 1.040 hours, Δt:   1.00, CFL: 9.00e-01
i: 206000, t:  262377.5 s, ωt:  26.24 (4.18 periods), wall: 1.040 hours, Δt:   0.92, CFL: 9.00e-01
i: 206100, t:  262471.0 s, ωt:  26.25 (4.18 periods), wall: 1.041 hours, Δt:   1.02, CFL: 9.00e-01
i: 206200, t:  262561.3 s, ωt:  26.26 (4.18 periods), wall: 1.041 hours, Δt:   0.88, CFL: 9.00e-01
i: 206300, t:  262651.4 s, ωt:  26.27 (4.18 periods), wall: 1.042 hours, Δt:   0.97, CFL: 9.00e-01
i: 206400, t:  262744.9 s, ωt:  26.27 (4.18 periods), wall: 1.042 hours, Δt:   1.02, CFL: 9.00e-01
i: 206500, t:  262842.1 s, ωt:  26.28 (4.18 periods), wall: 1.043 hours, Δt:   0.98, CFL: 9.00e-01
i: 206600, t:  262939.0 s, ωt:  26.29 (4.18 periods), wall: 1.043 hours, Δt:   0.90, CFL: 9.00e-01
i: 206700, t:  263017.4 s, ωt:  26.30 (4.19 periods), wall: 1.044 hours, Δt:   0.90, CFL: 9.00e-01
i: 206800, t:  263112.1 s, ωt:  26.31 (4.19 periods), wall: 1.044 hours, Δt:   0.92, CFL: 9.00e-01
i: 206900, t:  263204.9 s, ωt:  26.32 (4.19 periods), wall: 1.044 hours, Δt:   0.86, CFL: 9.00e-01
i: 207000, t:  263286.5 s, ωt:  26.33 (4.19 periods), wall: 1.045 hours, Δt:   0.72, CFL: 9.00e-01
i: 207100, t:  263370.7 s, ωt:  26.34 (4.19 periods), wall: 1.045 hours, Δt:   0.92, CFL: 9.00e-01
i: 207200, t:  263466.6 s, ωt:  26.35 (4.19 periods), wall: 1.046 hours, Δt:   0.95, CFL: 9.00e-01
i: 207300, t:  263562.7 s, ωt:  26.36 (4.19 periods), wall: 1.046 hours, Δt:   0.88, CFL: 9.00e-01
i: 207400, t:  263654.4 s, ωt:  26.37 (4.20 periods), wall: 1.047 hours, Δt:   0.87, CFL: 9.00e-01
i: 207500, t:  263740.4 s, ωt:  26.37 (4.20 periods), wall: 1.047 hours, Δt:   0.85, CFL: 9.00e-01
i: 207600, t:  263823.9 s, ωt:  26.38 (4.20 periods), wall: 1.048 hours, Δt:   0.89, CFL: 9.00e-01
i: 207700, t:  263914.8 s, ωt:  26.39 (4.20 periods), wall: 1.048 hours, Δt:   0.86, CFL: 9.00e-01
i: 207800, t:  264000.5 s, ωt:  26.40 (4.20 periods), wall: 1.049 hours, Δt:   0.94, CFL: 9.00e-01
i: 207900, t:  264088.1 s, ωt:  26.41 (4.20 periods), wall: 1.049 hours, Δt:   0.85, CFL: 9.00e-01
i: 208000, t:  264176.9 s, ωt:  26.42 (4.20 periods), wall: 1.050 hours, Δt:   0.80, CFL: 9.00e-01
i: 208100, t:  264269.5 s, ωt:  26.43 (4.21 periods), wall: 1.050 hours, Δt:   0.92, CFL: 9.00e-01
i: 208200, t:  264363.3 s, ωt:  26.44 (4.21 periods), wall: 1.051 hours, Δt:   0.91, CFL: 9.00e-01
i: 208300, t:  264454.1 s, ωt:  26.45 (4.21 periods), wall: 1.051 hours, Δt:   0.90, CFL: 9.00e-01
i: 208400, t:  264540.3 s, ωt:  26.45 (4.21 periods), wall: 1.052 hours, Δt:   0.84, CFL: 9.00e-01
i: 208500, t:  264625.9 s, ωt:  26.46 (4.21 periods), wall: 1.052 hours, Δt:   0.85, CFL: 9.00e-01
i: 208600, t:  264705.7 s, ωt:  26.47 (4.21 periods), wall: 1.053 hours, Δt:   0.88, CFL: 9.00e-01
i: 208700, t:  264795.0 s, ωt:  26.48 (4.21 periods), wall: 1.053 hours, Δt:   0.92, CFL: 9.00e-01
i: 208800, t:  264883.9 s, ωt:  26.49 (4.22 periods), wall: 1.054 hours, Δt:   0.89, CFL: 9.00e-01
i: 208900, t:  264968.5 s, ωt:  26.50 (4.22 periods), wall: 1.054 hours, Δt:   0.85, CFL: 9.00e-01
i: 209000, t:  265055.6 s, ωt:  26.51 (4.22 periods), wall: 1.055 hours, Δt:   0.90, CFL: 9.00e-01
i: 209100, t:  265141.0 s, ωt:  26.51 (4.22 periods), wall: 1.055 hours, Δt:   0.84, CFL: 9.00e-01
i: 209200, t:  265227.9 s, ωt:  26.52 (4.22 periods), wall: 1.056 hours, Δt:   0.87, CFL: 9.00e-01
i: 209300, t:  265312.1 s, ωt:  26.53 (4.22 periods), wall: 1.056 hours, Δt:   0.76, CFL: 9.00e-01
i: 209400, t:  265400.4 s, ωt:  26.54 (4.22 periods), wall: 1.057 hours, Δt:   0.89, CFL: 9.00e-01
i: 209500, t:  265485.0 s, ωt:  26.55 (4.23 periods), wall: 1.057 hours, Δt:   0.71, CFL: 9.00e-01
i: 209600, t:  265561.9 s, ωt:  26.56 (4.23 periods), wall: 1.058 hours, Δt:   0.66, CFL: 9.00e-01
i: 209700, t:  265642.0 s, ωt:  26.56 (4.23 periods), wall: 1.058 hours, Δt:   0.87, CFL: 9.00e-01
i: 209800, t:  265735.9 s, ωt:  26.57 (4.23 periods), wall: 1.059 hours, Δt:   0.88, CFL: 9.00e-01
i: 209900, t:  265825.5 s, ωt:  26.58 (4.23 periods), wall: 1.059 hours, Δt:   0.95, CFL: 9.00e-01
i: 210000, t:  265909.1 s, ωt:  26.59 (4.23 periods), wall: 1.060 hours, Δt:   0.78, CFL: 9.00e-01
i: 210100, t:  265990.0 s, ωt:  26.60 (4.23 periods), wall: 1.060 hours, Δt:   0.73, CFL: 9.00e-01
i: 210200, t:  266079.3 s, ωt:  26.61 (4.23 periods), wall: 1.061 hours, Δt:   0.88, CFL: 9.00e-01
i: 210300, t:  266165.1 s, ωt:  26.62 (4.24 periods), wall: 1.061 hours, Δt:   0.94, CFL: 9.00e-01
i: 210400, t:  266257.4 s, ωt:  26.63 (4.24 periods), wall: 1.062 hours, Δt:   0.90, CFL: 9.00e-01
i: 210500, t:  266344.2 s, ωt:  26.63 (4.24 periods), wall: 1.062 hours, Δt:   0.95, CFL: 9.00e-01
i: 210600, t:  266434.9 s, ωt:  26.64 (4.24 periods), wall: 1.063 hours, Δt:   0.82, CFL: 9.00e-01
i: 210700, t:  266514.8 s, ωt:  26.65 (4.24 periods), wall: 1.063 hours, Δt:   0.68, CFL: 9.00e-01
i: 210800, t:  266602.2 s, ωt:  26.66 (4.24 periods), wall: 1.064 hours, Δt:   1.00, CFL: 9.00e-01
i: 210900, t:  266694.8 s, ωt:  26.67 (4.24 periods), wall: 1.064 hours, Δt:   0.93, CFL: 9.00e-01
i: 211000, t:  266780.0 s, ωt:  26.68 (4.25 periods), wall: 1.064 hours, Δt:   0.88, CFL: 9.00e-01
i: 211100, t:  266866.0 s, ωt:  26.69 (4.25 periods), wall: 1.065 hours, Δt:   0.93, CFL: 9.00e-01
i: 211200, t:  266955.8 s, ωt:  26.70 (4.25 periods), wall: 1.065 hours, Δt:   0.92, CFL: 9.00e-01
i: 211300, t:  267048.5 s, ωt:  26.70 (4.25 periods), wall: 1.066 hours, Δt:   1.01, CFL: 9.00e-01
i: 211400, t:  267140.0 s, ωt:  26.71 (4.25 periods), wall: 1.066 hours, Δt:   0.82, CFL: 9.00e-01
i: 211500, t:  267227.3 s, ωt:  26.72 (4.25 periods), wall: 1.067 hours, Δt:   0.93, CFL: 9.00e-01
i: 211600, t:  267319.2 s, ωt:  26.73 (4.25 periods), wall: 1.067 hours, Δt:   0.76, CFL: 9.00e-01
i: 211700, t:  267409.9 s, ωt:  26.74 (4.26 periods), wall: 1.068 hours, Δt:   0.95, CFL: 9.00e-01
i: 211800, t:  267497.2 s, ωt:  26.75 (4.26 periods), wall: 1.068 hours, Δt:   0.86, CFL: 9.00e-01
i: 211900, t:  267585.6 s, ωt:  26.76 (4.26 periods), wall: 1.069 hours, Δt:   0.85, CFL: 9.00e-01
i: 212000, t:  267674.3 s, ωt:  26.77 (4.26 periods), wall: 1.069 hours, Δt:   0.88, CFL: 9.00e-01
i: 212100, t:  267757.3 s, ωt:  26.78 (4.26 periods), wall: 1.070 hours, Δt:   0.77, CFL: 9.00e-01
i: 212200, t:  267832.2 s, ωt:  26.78 (4.26 periods), wall: 1.070 hours, Δt:   0.84, CFL: 9.00e-01
i: 212300, t:  267917.3 s, ωt:  26.79 (4.26 periods), wall: 1.071 hours, Δt:   0.68, CFL: 9.00e-01
i: 212400, t:  267999.1 s, ωt:  26.80 (4.27 periods), wall: 1.071 hours, Δt:   0.86, CFL: 9.00e-01
i: 212500, t:  268089.4 s, ωt:  26.81 (4.27 periods), wall: 1.072 hours, Δt:   0.91, CFL: 9.00e-01
i: 212600, t:  268167.5 s, ωt:  26.82 (4.27 periods), wall: 1.072 hours, Δt:   0.93, CFL: 9.00e-01
i: 212700, t:  268255.6 s, ωt:  26.83 (4.27 periods), wall: 1.072 hours, Δt:   0.86, CFL: 9.00e-01
i: 212800, t:  268340.3 s, ωt:  26.83 (4.27 periods), wall: 1.073 hours, Δt:   0.89, CFL: 9.00e-01
i: 212900, t:  268430.3 s, ωt:  26.84 (4.27 periods), wall: 1.074 hours, Δt:   0.96, CFL: 9.00e-01
i: 213000, t:  268523.7 s, ωt:  26.85 (4.27 periods), wall: 1.074 hours, Δt:   0.91, CFL: 9.00e-01
i: 213100, t:  268616.0 s, ωt:  26.86 (4.28 periods), wall: 1.074 hours, Δt:   0.90, CFL: 9.00e-01
i: 213200, t:  268701.0 s, ωt:  26.87 (4.28 periods), wall: 1.075 hours, Δt:   0.88, CFL: 9.00e-01
i: 213300, t:  268784.8 s, ωt:  26.88 (4.28 periods), wall: 1.075 hours, Δt:   0.84, CFL: 9.00e-01
i: 213400, t:  268874.4 s, ωt:  26.89 (4.28 periods), wall: 1.076 hours, Δt:   0.71, CFL: 9.00e-01
i: 213500, t:  268956.6 s, ωt:  26.90 (4.28 periods), wall: 1.076 hours, Δt:   0.94, CFL: 9.00e-01
i: 213600, t:  269049.6 s, ωt:  26.90 (4.28 periods), wall: 1.077 hours, Δt:   0.89, CFL: 9.00e-01
i: 213700, t:  269140.6 s, ωt:  26.91 (4.28 periods), wall: 1.077 hours, Δt:   0.95, CFL: 9.00e-01
i: 213800, t:  269228.9 s, ωt:  26.92 (4.28 periods), wall: 1.078 hours, Δt:   0.82, CFL: 9.00e-01
i: 213900, t:  269318.4 s, ωt:  26.93 (4.29 periods), wall: 1.078 hours, Δt:   1.04, CFL: 9.00e-01
i: 214000, t:  269419.0 s, ωt:  26.94 (4.29 periods), wall: 1.079 hours, Δt:   0.98, CFL: 9.00e-01
i: 214100, t:  269514.7 s, ωt:  26.95 (4.29 periods), wall: 1.079 hours, Δt:   0.96, CFL: 9.00e-01
i: 214200, t:  269605.3 s, ωt:  26.96 (4.29 periods), wall: 1.080 hours, Δt:   0.89, CFL: 9.00e-01
i: 214300, t:  269692.8 s, ωt:  26.97 (4.29 periods), wall: 1.080 hours, Δt:   0.97, CFL: 9.00e-01
i: 214400, t:  269784.4 s, ωt:  26.98 (4.29 periods), wall: 1.081 hours, Δt:   0.89, CFL: 9.00e-01
i: 214500, t:  269879.8 s, ωt:  26.99 (4.30 periods), wall: 1.081 hours, Δt:   1.01, CFL: 9.00e-01
i: 214600, t:  269973.7 s, ωt:  27.00 (4.30 periods), wall: 1.082 hours, Δt:   0.91, CFL: 9.00e-01
i: 214700, t:  270067.9 s, ωt:  27.01 (4.30 periods), wall: 1.082 hours, Δt:   0.92, CFL: 9.00e-01
i: 214800, t:  270160.7 s, ωt:  27.02 (4.30 periods), wall: 1.083 hours, Δt:   0.97, CFL: 9.00e-01
i: 214900, t:  270259.5 s, ωt:  27.03 (4.30 periods), wall: 1.083 hours, Δt:   0.99, CFL: 9.00e-01
i: 215000, t:  270356.4 s, ωt:  27.04 (4.30 periods), wall: 1.084 hours, Δt:   1.05, CFL: 9.00e-01
i: 215100, t:  270451.3 s, ωt:  27.05 (4.30 periods), wall: 1.084 hours, Δt:   0.92, CFL: 9.00e-01
i: 215200, t:  270547.2 s, ωt:  27.05 (4.31 periods), wall: 1.084 hours, Δt:   1.00, CFL: 9.00e-01
i: 215300, t:  270642.3 s, ωt:  27.06 (4.31 periods), wall: 1.085 hours, Δt:   0.93, CFL: 9.00e-01
i: 215400, t:  270736.5 s, ωt:  27.07 (4.31 periods), wall: 1.085 hours, Δt:   0.93, CFL: 9.00e-01
i: 215500, t:  270829.5 s, ωt:  27.08 (4.31 periods), wall: 1.086 hours, Δt:   0.93, CFL: 9.00e-01
i: 215600, t:  270914.3 s, ωt:  27.09 (4.31 periods), wall: 1.086 hours, Δt:   0.99, CFL: 9.00e-01
i: 215700, t:  271008.9 s, ωt:  27.10 (4.31 periods), wall: 1.087 hours, Δt:   0.88, CFL: 9.00e-01
i: 215800, t:  271102.9 s, ωt:  27.11 (4.31 periods), wall: 1.087 hours, Δt:   1.05, CFL: 9.00e-01
i: 215900, t:  271197.8 s, ωt:  27.12 (4.32 periods), wall: 1.088 hours, Δt:   0.93, CFL: 9.00e-01
i: 216000, t:  271293.2 s, ωt:  27.13 (4.32 periods), wall: 1.088 hours, Δt:   0.97, CFL: 9.00e-01
i: 216100, t:  271391.0 s, ωt:  27.14 (4.32 periods), wall: 1.089 hours, Δt:   1.10, CFL: 9.00e-01
i: 216200, t:  271495.3 s, ωt:  27.15 (4.32 periods), wall: 1.089 hours, Δt:   1.02, CFL: 9.00e-01
i: 216300, t:  271595.3 s, ωt:  27.16 (4.32 periods), wall: 1.090 hours, Δt:   0.96, CFL: 9.00e-01
i: 216400, t:  271691.5 s, ωt:  27.17 (4.32 periods), wall: 1.090 hours, Δt:   0.99, CFL: 9.00e-01
i: 216500, t:  271793.5 s, ωt:  27.18 (4.33 periods), wall: 1.091 hours, Δt:   1.10, CFL: 9.00e-01
i: 216600, t:  271897.4 s, ωt:  27.19 (4.33 periods), wall: 1.091 hours, Δt:   1.12, CFL: 9.00e-01
i: 216700, t:  272001.0 s, ωt:  27.20 (4.33 periods), wall: 1.091 hours, Δt:   0.89, CFL: 9.00e-01
i: 216800, t:  272100.5 s, ωt:  27.21 (4.33 periods), wall: 1.092 hours, Δt:   1.08, CFL: 9.00e-01
i: 216900, t:  272206.5 s, ωt:  27.22 (4.33 periods), wall: 1.092 hours, Δt:   1.02, CFL: 9.00e-01
i: 217000, t:  272299.6 s, ωt:  27.23 (4.33 periods), wall: 1.093 hours, Δt:   0.65, CFL: 9.00e-01
i: 217100, t:  272385.1 s, ωt:  27.24 (4.34 periods), wall: 1.093 hours, Δt:   0.98, CFL: 9.00e-01
i: 217200, t:  272475.3 s, ωt:  27.25 (4.34 periods), wall: 1.094 hours, Δt:   0.94, CFL: 9.00e-01
i: 217300, t:  272576.6 s, ωt:  27.26 (4.34 periods), wall: 1.094 hours, Δt:   1.12, CFL: 9.00e-01
i: 217400, t:  272679.9 s, ωt:  27.27 (4.34 periods), wall: 1.095 hours, Δt:   1.03, CFL: 9.00e-01
i: 217500, t:  272787.7 s, ωt:  27.28 (4.34 periods), wall: 1.095 hours, Δt:   1.01, CFL: 9.00e-01
i: 217600, t:  272888.6 s, ωt:  27.29 (4.34 periods), wall: 1.096 hours, Δt:   1.00, CFL: 9.00e-01
i: 217700, t:  272986.6 s, ωt:  27.30 (4.34 periods), wall: 1.096 hours, Δt:   0.98, CFL: 9.00e-01
i: 217800, t:  273091.7 s, ωt:  27.31 (4.35 periods), wall: 1.097 hours, Δt:   1.00, CFL: 9.00e-01
i: 217900, t:  273193.8 s, ωt:  27.32 (4.35 periods), wall: 1.097 hours, Δt:   1.06, CFL: 9.00e-01
i: 218000, t:  273299.1 s, ωt:  27.33 (4.35 periods), wall: 1.098 hours, Δt:   1.11, CFL: 9.00e-01
i: 218100, t:  273401.2 s, ωt:  27.34 (4.35 periods), wall: 1.098 hours, Δt:   1.02, CFL: 9.00e-01
i: 218200, t:  273506.0 s, ωt:  27.35 (4.35 periods), wall: 1.099 hours, Δt:   1.17, CFL: 9.00e-01
i: 218300, t:  273616.1 s, ωt:  27.36 (4.35 periods), wall: 1.099 hours, Δt:   1.04, CFL: 9.00e-01
i: 218400, t:  273727.3 s, ωt:  27.37 (4.36 periods), wall: 1.100 hours, Δt:   1.24, CFL: 9.00e-01
i: 218500, t:  273849.7 s, ωt:  27.38 (4.36 periods), wall: 1.100 hours, Δt:   1.28, CFL: 9.00e-01
i: 218600, t:  273979.0 s, ωt:  27.40 (4.36 periods), wall: 1.101 hours, Δt:   1.29, CFL: 9.00e-01
i: 218700, t:  274105.3 s, ωt:  27.41 (4.36 periods), wall: 1.101 hours, Δt:   1.09, CFL: 9.00e-01
i: 218800, t:  274217.0 s, ωt:  27.42 (4.36 periods), wall: 1.102 hours, Δt:   1.25, CFL: 9.00e-01
i: 218900, t:  274339.1 s, ωt:  27.43 (4.37 periods), wall: 1.102 hours, Δt:   1.19, CFL: 9.00e-01
i: 219000, t:  274461.7 s, ωt:  27.45 (4.37 periods), wall: 1.103 hours, Δt:   1.15, CFL: 9.00e-01
i: 219100, t:  274588.1 s, ωt:  27.46 (4.37 periods), wall: 1.103 hours, Δt:   1.34, CFL: 9.00e-01
i: 219200, t:  274706.9 s, ωt:  27.47 (4.37 periods), wall: 1.103 hours, Δt:   1.19, CFL: 9.00e-01
i: 219300, t:  274826.5 s, ωt:  27.48 (4.37 periods), wall: 1.104 hours, Δt:   1.05, CFL: 9.00e-01
i: 219400, t:  274949.9 s, ωt:  27.49 (4.38 periods), wall: 1.104 hours, Δt:   1.35, CFL: 9.00e-01
i: 219500, t:  275078.1 s, ωt:  27.51 (4.38 periods), wall: 1.105 hours, Δt:   1.21, CFL: 9.00e-01
i: 219600, t:  275197.1 s, ωt:  27.52 (4.38 periods), wall: 1.105 hours, Δt:   1.21, CFL: 9.00e-01
i: 219700, t:  275319.1 s, ωt:  27.53 (4.38 periods), wall: 1.106 hours, Δt:   1.39, CFL: 9.00e-01
i: 219800, t:  275452.1 s, ωt:  27.55 (4.38 periods), wall: 1.106 hours, Δt:   1.36, CFL: 9.00e-01
i: 219900, t:  275586.6 s, ωt:  27.56 (4.39 periods), wall: 1.107 hours, Δt:   1.16, CFL: 9.00e-01
i: 220000, t:  275712.9 s, ωt:  27.57 (4.39 periods), wall: 1.107 hours, Δt:   1.33, CFL: 9.00e-01
i: 220100, t:  275838.8 s, ωt:  27.58 (4.39 periods), wall: 1.108 hours, Δt:   1.37, CFL: 9.00e-01
i: 220200, t:  275968.6 s, ωt:  27.60 (4.39 periods), wall: 1.108 hours, Δt:   1.27, CFL: 9.00e-01
i: 220300, t:  276108.3 s, ωt:  27.61 (4.39 periods), wall: 1.109 hours, Δt:   1.20, CFL: 9.00e-01
i: 220400, t:  276240.5 s, ωt:  27.62 (4.40 periods), wall: 1.109 hours, Δt:   1.48, CFL: 9.00e-01
i: 220500, t:  276382.0 s, ωt:  27.64 (4.40 periods), wall: 1.110 hours, Δt:   1.56, CFL: 8.62e-01
i: 220600, t:  276524.8 s, ωt:  27.65 (4.40 periods), wall: 1.110 hours, Δt:   1.37, CFL: 9.00e-01
i: 220700, t:  276664.1 s, ωt:  27.67 (4.40 periods), wall: 1.111 hours, Δt:   1.28, CFL: 9.00e-01
i: 220800, t:  276783.4 s, ωt:  27.68 (4.41 periods), wall: 1.111 hours, Δt:   1.09, CFL: 9.00e-01
i: 220900, t:  276917.9 s, ωt:  27.69 (4.41 periods), wall: 1.112 hours, Δt:   1.64, CFL: 9.00e-01
i: 221000, t:  277065.8 s, ωt:  27.71 (4.41 periods), wall: 1.112 hours, Δt:   1.33, CFL: 9.00e-01
i: 221100, t:  277217.1 s, ωt:  27.72 (4.41 periods), wall: 1.113 hours, Δt:   1.63, CFL: 9.00e-01
i: 221200, t:  277379.9 s, ωt:  27.74 (4.41 periods), wall: 1.113 hours, Δt:   1.65, CFL: 9.00e-01
i: 221300, t:  277545.9 s, ωt:  27.75 (4.42 periods), wall: 1.114 hours, Δt:   1.78, CFL: 9.00e-01
i: 221400, t:  277695.2 s, ωt:  27.77 (4.42 periods), wall: 1.114 hours, Δt:   1.76, CFL: 9.00e-01
i: 221500, t:  277861.3 s, ωt:  27.79 (4.42 periods), wall: 1.115 hours, Δt:   1.51, CFL: 9.00e-01
i: 221600, t:  278016.7 s, ωt:  27.80 (4.42 periods), wall: 1.115 hours, Δt:   1.62, CFL: 9.00e-01
i: 221700, t:  278194.6 s, ωt:  27.82 (4.43 periods), wall: 1.116 hours, Δt:   1.86, CFL: 9.00e-01
i: 221800, t:  278381.7 s, ωt:  27.84 (4.43 periods), wall: 1.116 hours, Δt:   2.04, CFL: 9.00e-01
i: 221900, t:  278594.3 s, ωt:  27.86 (4.43 periods), wall: 1.117 hours, Δt:   2.06, CFL: 9.00e-01
i: 222000, t:  278788.4 s, ωt:  27.88 (4.44 periods), wall: 1.117 hours, Δt:   1.80, CFL: 9.00e-01
i: 222100, t:  278983.3 s, ωt:  27.90 (4.44 periods), wall: 1.117 hours, Δt:   1.72, CFL: 9.00e-01
i: 222200, t:  279146.5 s, ωt:  27.91 (4.44 periods), wall: 1.118 hours, Δt:   1.69, CFL: 9.00e-01
i: 222300, t:  279314.6 s, ωt:  27.93 (4.45 periods), wall: 1.119 hours, Δt:   1.66, CFL: 9.00e-01
i: 222400, t:  279500.7 s, ωt:  27.95 (4.45 periods), wall: 1.119 hours, Δt:   1.92, CFL: 9.00e-01
i: 222500, t:  279683.8 s, ωt:  27.97 (4.45 periods), wall: 1.119 hours, Δt:   1.55, CFL: 9.00e-01
i: 222600, t:  279847.8 s, ωt:  27.98 (4.45 periods), wall: 1.120 hours, Δt:   1.93, CFL: 9.00e-01
i: 222700, t:  280058.7 s, ωt:  28.01 (4.46 periods), wall: 1.120 hours, Δt:   2.37, CFL: 9.00e-01
i: 222800, t:  280291.3 s, ωt:  28.03 (4.46 periods), wall: 1.121 hours, Δt:   2.35, CFL: 9.00e-01
i: 222900, t:  280559.6 s, ωt:  28.06 (4.47 periods), wall: 1.122 hours, Δt:   2.93, CFL: 9.00e-01
i: 223000, t:  280834.9 s, ωt:  28.08 (4.47 periods), wall: 1.122 hours, Δt:   2.95, CFL: 9.00e-01
i: 223100, t:  281123.4 s, ωt:  28.11 (4.47 periods), wall: 1.123 hours, Δt:   3.61, CFL: 9.00e-01
i: 223200, t:  281457.9 s, ωt:  28.15 (4.48 periods), wall: 1.123 hours, Δt:   3.32, CFL: 9.00e-01
i: 223300, t:  281772.3 s, ωt:  28.18 (4.48 periods), wall: 1.124 hours, Δt:   3.14, CFL: 9.00e-01
i: 223400, t:  282103.5 s, ωt:  28.21 (4.49 periods), wall: 1.124 hours, Δt:   4.06, CFL: 9.00e-01
i: 223500, t:  282466.8 s, ωt:  28.25 (4.50 periods), wall: 1.125 hours, Δt:   3.71, CFL: 9.00e-01
i: 223600, t:  282836.4 s, ωt:  28.28 (4.50 periods), wall: 1.126 hours, Δt:   4.01, CFL: 9.00e-01
i: 223700, t:  283200.6 s, ωt:  28.32 (4.51 periods), wall: 1.127 hours, Δt:   3.19, CFL: 9.00e-01
i: 223800, t:  283508.0 s, ωt:  28.35 (4.51 periods), wall: 1.127 hours, Δt:   2.83, CFL: 9.00e-01
i: 223900, t:  283792.1 s, ωt:  28.38 (4.52 periods), wall: 1.128 hours, Δt:   2.21, CFL: 9.00e-01
i: 224000, t:  284045.9 s, ωt:  28.40 (4.52 periods), wall: 1.128 hours, Δt:   3.00, CFL: 9.00e-01
i: 224100, t:  284336.8 s, ωt:  28.43 (4.53 periods), wall: 1.129 hours, Δt:   2.69, CFL: 9.00e-01
i: 224200, t:  284598.8 s, ωt:  28.46 (4.53 periods), wall: 1.129 hours, Δt:   2.67, CFL: 9.00e-01
i: 224300, t:  284861.7 s, ωt:  28.49 (4.53 periods), wall: 1.130 hours, Δt:   2.63, CFL: 9.00e-01
i: 224400, t:  285098.4 s, ωt:  28.51 (4.54 periods), wall: 1.130 hours, Δt:   2.19, CFL: 9.00e-01
i: 224500, t:  285312.8 s, ωt:  28.53 (4.54 periods), wall: 1.131 hours, Δt:   2.01, CFL: 9.00e-01
i: 224600, t:  285529.2 s, ωt:  28.55 (4.54 periods), wall: 1.131 hours, Δt:   2.20, CFL: 9.00e-01
i: 224700, t:  285752.7 s, ωt:  28.58 (4.55 periods), wall: 1.132 hours, Δt:   1.96, CFL: 9.00e-01
i: 224800, t:  285947.2 s, ωt:  28.59 (4.55 periods), wall: 1.132 hours, Δt:   1.81, CFL: 9.00e-01
i: 224900, t:  286123.1 s, ωt:  28.61 (4.55 periods), wall: 1.133 hours, Δt:   1.89, CFL: 9.00e-01
i: 225000, t:  286313.5 s, ωt:  28.63 (4.56 periods), wall: 1.133 hours, Δt:   1.67, CFL: 9.00e-01
i: 225100, t:  286489.9 s, ωt:  28.65 (4.56 periods), wall: 1.134 hours, Δt:   1.54, CFL: 9.00e-01
i: 225200, t:  286647.2 s, ωt:  28.66 (4.56 periods), wall: 1.134 hours, Δt:   1.46, CFL: 9.00e-01
i: 225300, t:  286772.1 s, ωt:  28.68 (4.56 periods), wall: 1.135 hours, Δt:   1.21, CFL: 9.00e-01
i: 225400, t:  286916.6 s, ωt:  28.69 (4.57 periods), wall: 1.135 hours, Δt:   1.65, CFL: 9.00e-01
i: 225500, t:  287083.5 s, ωt:  28.71 (4.57 periods), wall: 1.136 hours, Δt:   1.76, CFL: 9.00e-01
i: 225600, t:  287244.0 s, ωt:  28.72 (4.57 periods), wall: 1.136 hours, Δt:   1.50, CFL: 9.00e-01
i: 225700, t:  287391.0 s, ωt:  28.74 (4.57 periods), wall: 1.137 hours, Δt:   1.59, CFL: 9.00e-01
i: 225800, t:  287547.3 s, ωt:  28.75 (4.58 periods), wall: 1.137 hours, Δt:   1.37, CFL: 9.00e-01
i: 225900, t:  287693.1 s, ωt:  28.77 (4.58 periods), wall: 1.138 hours, Δt:   1.18, CFL: 9.00e-01
i: 226000, t:  287832.8 s, ωt:  28.78 (4.58 periods), wall: 1.138 hours, Δt:   1.47, CFL: 9.00e-01
i: 226100, t:  287966.2 s, ωt:  28.80 (4.58 periods), wall: 1.139 hours, Δt:   1.11, CFL: 9.00e-01
i: 226200, t:  288102.7 s, ωt:  28.81 (4.59 periods), wall: 1.139 hours, Δt:   1.31, CFL: 9.00e-01
i: 226300, t:  288247.0 s, ωt:  28.82 (4.59 periods), wall: 1.140 hours, Δt:   1.44, CFL: 9.00e-01
i: 226400, t:  288387.4 s, ωt:  28.84 (4.59 periods), wall: 1.140 hours, Δt:   1.44, CFL: 9.00e-01
i: 226500, t:  288521.9 s, ωt:  28.85 (4.59 periods), wall: 1.141 hours, Δt:   1.35, CFL: 9.00e-01
i: 226600, t:  288654.9 s, ωt:  28.87 (4.59 periods), wall: 1.141 hours, Δt:   1.20, CFL: 9.00e-01
i: 226700, t:  288777.5 s, ωt:  28.88 (4.60 periods), wall: 1.142 hours, Δt:   1.32, CFL: 9.00e-01
i: 226800, t:  288908.8 s, ωt:  28.89 (4.60 periods), wall: 1.142 hours, Δt:   1.34, CFL: 9.00e-01
i: 226900, t:  289036.8 s, ωt:  28.90 (4.60 periods), wall: 1.143 hours, Δt:   1.11, CFL: 9.00e-01
i: 227000, t:  289157.2 s, ωt:  28.92 (4.60 periods), wall: 1.143 hours, Δt:   1.24, CFL: 9.00e-01
i: 227100, t:  289279.1 s, ωt:  28.93 (4.60 periods), wall: 1.144 hours, Δt:   1.24, CFL: 9.00e-01
i: 227200, t:  289401.5 s, ωt:  28.94 (4.61 periods), wall: 1.144 hours, Δt:   1.25, CFL: 9.00e-01
i: 227300, t:  289514.5 s, ωt:  28.95 (4.61 periods), wall: 1.145 hours, Δt:   1.15, CFL: 9.00e-01
i: 227400, t:  289629.1 s, ωt:  28.96 (4.61 periods), wall: 1.145 hours, Δt:   0.99, CFL: 9.00e-01
i: 227500, t:  289727.9 s, ωt:  28.97 (4.61 periods), wall: 1.146 hours, Δt:   1.09, CFL: 9.00e-01
i: 227600, t:  289840.8 s, ωt:  28.98 (4.61 periods), wall: 1.146 hours, Δt:   1.12, CFL: 9.00e-01
i: 227700, t:  289953.0 s, ωt:  29.00 (4.61 periods), wall: 1.146 hours, Δt:   0.94, CFL: 9.00e-01
i: 227800, t:  290065.9 s, ωt:  29.01 (4.62 periods), wall: 1.147 hours, Δt:   1.26, CFL: 9.00e-01
i: 227900, t:  290180.4 s, ωt:  29.02 (4.62 periods), wall: 1.147 hours, Δt:   1.13, CFL: 9.00e-01
i: 228000, t:  290288.6 s, ωt:  29.03 (4.62 periods), wall: 1.148 hours, Δt:   0.94, CFL: 9.00e-01
i: 228100, t:  290400.0 s, ωt:  29.04 (4.62 periods), wall: 1.148 hours, Δt:   1.15, CFL: 9.00e-01
i: 228200, t:  290507.6 s, ωt:  29.05 (4.62 periods), wall: 1.149 hours, Δt:   1.02, CFL: 9.00e-01
i: 228300, t:  290616.9 s, ωt:  29.06 (4.63 periods), wall: 1.149 hours, Δt:   1.10, CFL: 9.00e-01
i: 228400, t:  290729.7 s, ωt:  29.07 (4.63 periods), wall: 1.150 hours, Δt:   1.04, CFL: 9.00e-01
i: 228500, t:  290839.8 s, ωt:  29.08 (4.63 periods), wall: 1.150 hours, Δt:   1.06, CFL: 9.00e-01
i: 228600, t:  290944.2 s, ωt:  29.09 (4.63 periods), wall: 1.151 hours, Δt:   1.12, CFL: 9.00e-01
i: 228700, t:  291042.0 s, ωt:  29.10 (4.63 periods), wall: 1.151 hours, Δt:   1.02, CFL: 9.00e-01
i: 228800, t:  291145.4 s, ωt:  29.11 (4.63 periods), wall: 1.152 hours, Δt:   1.02, CFL: 9.00e-01
i: 228900, t:  291247.3 s, ωt:  29.12 (4.64 periods), wall: 1.152 hours, Δt:   1.11, CFL: 9.00e-01
i: 229000, t:  291353.0 s, ωt:  29.14 (4.64 periods), wall: 1.153 hours, Δt:   1.01, CFL: 9.00e-01
i: 229100, t:  291462.2 s, ωt:  29.15 (4.64 periods), wall: 1.153 hours, Δt:   1.13, CFL: 9.00e-01
i: 229200, t:  291565.7 s, ωt:  29.16 (4.64 periods), wall: 1.154 hours, Δt:   1.02, CFL: 9.00e-01
i: 229300, t:  291669.0 s, ωt:  29.17 (4.64 periods), wall: 1.154 hours, Δt:   0.98, CFL: 9.00e-01
i: 229400, t:  291769.6 s, ωt:  29.18 (4.64 periods), wall: 1.154 hours, Δt:   1.04, CFL: 9.00e-01
i: 229500, t:  291871.1 s, ωt:  29.19 (4.65 periods), wall: 1.155 hours, Δt:   1.14, CFL: 9.00e-01
i: 229600, t:  291966.2 s, ωt:  29.20 (4.65 periods), wall: 1.155 hours, Δt:   1.11, CFL: 9.00e-01
i: 229700, t:  292064.7 s, ωt:  29.21 (4.65 periods), wall: 1.156 hours, Δt:   1.01, CFL: 9.00e-01
i: 229800, t:  292166.1 s, ωt:  29.22 (4.65 periods), wall: 1.156 hours, Δt:   1.03, CFL: 9.00e-01
i: 229900, t:  292248.2 s, ωt:  29.22 (4.65 periods), wall: 1.157 hours, Δt:   0.94, CFL: 9.00e-01
i: 230000, t:  292348.8 s, ωt:  29.23 (4.65 periods), wall: 1.157 hours, Δt:   1.06, CFL: 9.00e-01
i: 230100, t:  292450.6 s, ωt:  29.25 (4.65 periods), wall: 1.158 hours, Δt:   0.89, CFL: 9.00e-01
i: 230200, t:  292541.5 s, ωt:  29.25 (4.66 periods), wall: 1.158 hours, Δt:   1.06, CFL: 9.00e-01
i: 230300, t:  292642.0 s, ωt:  29.26 (4.66 periods), wall: 1.159 hours, Δt:   0.84, CFL: 9.00e-01
i: 230400, t:  292736.2 s, ωt:  29.27 (4.66 periods), wall: 1.159 hours, Δt:   0.96, CFL: 9.00e-01
i: 230500, t:  292820.3 s, ωt:  29.28 (4.66 periods), wall: 1.160 hours, Δt:   0.90, CFL: 9.00e-01
i: 230600, t:  292914.3 s, ωt:  29.29 (4.66 periods), wall: 1.160 hours, Δt:   1.00, CFL: 9.00e-01
i: 230700, t:  293007.5 s, ωt:  29.30 (4.66 periods), wall: 1.161 hours, Δt:   1.04, CFL: 9.00e-01
i: 230800, t:  293102.7 s, ωt:  29.31 (4.66 periods), wall: 1.161 hours, Δt:   0.98, CFL: 9.00e-01
i: 230900, t:  293193.0 s, ωt:  29.32 (4.67 periods), wall: 1.162 hours, Δt:   0.90, CFL: 9.00e-01
i: 231000, t:  293284.0 s, ωt:  29.33 (4.67 periods), wall: 1.162 hours, Δt:   0.88, CFL: 9.00e-01
i: 231100, t:  293375.6 s, ωt:  29.34 (4.67 periods), wall: 1.163 hours, Δt:   0.84, CFL: 9.00e-01
i: 231200, t:  293466.9 s, ωt:  29.35 (4.67 periods), wall: 1.163 hours, Δt:   0.91, CFL: 9.00e-01
i: 231300, t:  293560.0 s, ωt:  29.36 (4.67 periods), wall: 1.164 hours, Δt:   1.01, CFL: 9.00e-01
i: 231400, t:  293647.2 s, ωt:  29.36 (4.67 periods), wall: 1.164 hours, Δt:   0.84, CFL: 9.00e-01
i: 231500, t:  293731.7 s, ωt:  29.37 (4.67 periods), wall: 1.165 hours, Δt:   0.86, CFL: 9.00e-01
i: 231600, t:  293811.4 s, ωt:  29.38 (4.68 periods), wall: 1.165 hours, Δt:   0.83, CFL: 9.00e-01
i: 231700, t:  293895.6 s, ωt:  29.39 (4.68 periods), wall: 1.166 hours, Δt:   0.92, CFL: 9.00e-01
i: 231800, t:  293988.7 s, ωt:  29.40 (4.68 periods), wall: 1.166 hours, Δt:   0.81, CFL: 9.00e-01
i: 231900, t:  294070.6 s, ωt:  29.41 (4.68 periods), wall: 1.167 hours, Δt:   0.89, CFL: 9.00e-01
i: 232000, t:  294163.2 s, ωt:  29.42 (4.68 periods), wall: 1.167 hours, Δt:   0.89, CFL: 9.00e-01
i: 232100, t:  294253.6 s, ωt:  29.43 (4.68 periods), wall: 1.167 hours, Δt:   0.91, CFL: 9.00e-01
i: 232200, t:  294340.8 s, ωt:  29.43 (4.68 periods), wall: 1.168 hours, Δt:   0.70, CFL: 9.00e-01
i: 232300, t:  294426.1 s, ωt:  29.44 (4.69 periods), wall: 1.169 hours, Δt:   0.91, CFL: 9.00e-01
i: 232400, t:  294517.6 s, ωt:  29.45 (4.69 periods), wall: 1.169 hours, Δt:   0.79, CFL: 9.00e-01
i: 232500, t:  294603.2 s, ωt:  29.46 (4.69 periods), wall: 1.169 hours, Δt:   0.93, CFL: 9.00e-01
i: 232600, t:  294693.9 s, ωt:  29.47 (4.69 periods), wall: 1.170 hours, Δt:   0.79, CFL: 9.00e-01
i: 232700, t:  294786.2 s, ωt:  29.48 (4.69 periods), wall: 1.170 hours, Δt:   0.89, CFL: 9.00e-01
i: 232800, t:  294876.3 s, ωt:  29.49 (4.69 periods), wall: 1.171 hours, Δt:   0.94, CFL: 9.00e-01
i: 232900, t:  294964.7 s, ωt:  29.50 (4.69 periods), wall: 1.171 hours, Δt:   0.89, CFL: 9.00e-01
i: 233000, t:  295055.6 s, ωt:  29.51 (4.70 periods), wall: 1.172 hours, Δt:   0.82, CFL: 9.00e-01
i: 233100, t:  295136.7 s, ωt:  29.51 (4.70 periods), wall: 1.172 hours, Δt:   0.85, CFL: 9.00e-01
i: 233200, t:  295220.7 s, ωt:  29.52 (4.70 periods), wall: 1.173 hours, Δt:   0.85, CFL: 9.00e-01
i: 233300, t:  295307.7 s, ωt:  29.53 (4.70 periods), wall: 1.173 hours, Δt:   0.80, CFL: 9.00e-01
i: 233400, t:  295388.4 s, ωt:  29.54 (4.70 periods), wall: 1.174 hours, Δt:   0.80, CFL: 9.00e-01
i: 233500, t:  295468.8 s, ωt:  29.55 (4.70 periods), wall: 1.174 hours, Δt:   0.84, CFL: 9.00e-01
i: 233600, t:  295557.3 s, ωt:  29.56 (4.70 periods), wall: 1.175 hours, Δt:   0.88, CFL: 9.00e-01
i: 233700, t:  295644.1 s, ωt:  29.56 (4.71 periods), wall: 1.175 hours, Δt:   0.84, CFL: 9.00e-01
i: 233800, t:  295735.9 s, ωt:  29.57 (4.71 periods), wall: 1.176 hours, Δt:   0.95, CFL: 9.00e-01
i: 233900, t:  295825.7 s, ωt:  29.58 (4.71 periods), wall: 1.176 hours, Δt:   0.92, CFL: 9.00e-01
i: 234000, t:  295909.5 s, ωt:  29.59 (4.71 periods), wall: 1.177 hours, Δt:   0.77, CFL: 9.00e-01
i: 234100, t:  295999.6 s, ωt:  29.60 (4.71 periods), wall: 1.177 hours, Δt:   0.97, CFL: 9.00e-01
i: 234200, t:  296090.4 s, ωt:  29.61 (4.71 periods), wall: 1.178 hours, Δt:   0.86, CFL: 9.00e-01
i: 234300, t:  296174.5 s, ωt:  29.62 (4.71 periods), wall: 1.178 hours, Δt:   0.82, CFL: 9.00e-01
i: 234400, t:  296257.4 s, ωt:  29.63 (4.72 periods), wall: 1.179 hours, Δt:   0.94, CFL: 9.00e-01
i: 234500, t:  296343.5 s, ωt:  29.63 (4.72 periods), wall: 1.179 hours, Δt:   0.82, CFL: 9.00e-01
i: 234600, t:  296430.1 s, ωt:  29.64 (4.72 periods), wall: 1.180 hours, Δt:   0.86, CFL: 9.00e-01
i: 234700, t:  296510.6 s, ωt:  29.65 (4.72 periods), wall: 1.180 hours, Δt:   0.79, CFL: 9.00e-01
i: 234800, t:  296592.1 s, ωt:  29.66 (4.72 periods), wall: 1.181 hours, Δt:   0.87, CFL: 9.00e-01
i: 234900, t:  296671.2 s, ωt:  29.67 (4.72 periods), wall: 1.181 hours, Δt:   0.79, CFL: 9.00e-01
i: 235000, t:  296756.5 s, ωt:  29.68 (4.72 periods), wall: 1.182 hours, Δt:   0.92, CFL: 9.00e-01
i: 235100, t:  296843.7 s, ωt:  29.68 (4.72 periods), wall: 1.182 hours, Δt:   0.76, CFL: 9.00e-01
i: 235200, t:  296922.9 s, ωt:  29.69 (4.73 periods), wall: 1.183 hours, Δt:   0.89, CFL: 9.00e-01
i: 235300, t:  297014.0 s, ωt:  29.70 (4.73 periods), wall: 1.183 hours, Δt:   0.87, CFL: 9.00e-01
i: 235400, t:  297099.2 s, ωt:  29.71 (4.73 periods), wall: 1.183 hours, Δt:   0.76, CFL: 9.00e-01
i: 235500, t:  297179.4 s, ωt:  29.72 (4.73 periods), wall: 1.184 hours, Δt:   0.89, CFL: 9.00e-01
i: 235600, t:  297260.2 s, ωt:  29.73 (4.73 periods), wall: 1.184 hours, Δt:   0.76, CFL: 9.00e-01
i: 235700, t:  297347.3 s, ωt:  29.73 (4.73 periods), wall: 1.185 hours, Δt:   0.88, CFL: 9.00e-01
i: 235800, t:  297433.8 s, ωt:  29.74 (4.73 periods), wall: 1.185 hours, Δt:   0.84, CFL: 9.00e-01
i: 235900, t:  297516.0 s, ωt:  29.75 (4.74 periods), wall: 1.186 hours, Δt:   0.92, CFL: 9.00e-01
i: 236000, t:  297598.0 s, ωt:  29.76 (4.74 periods), wall: 1.186 hours, Δt:   0.82, CFL: 9.00e-01
i: 236100, t:  297682.4 s, ωt:  29.77 (4.74 periods), wall: 1.187 hours, Δt:   0.82, CFL: 9.00e-01
i: 236200, t:  297765.4 s, ωt:  29.78 (4.74 periods), wall: 1.187 hours, Δt:   0.87, CFL: 9.00e-01
i: 236300, t:  297846.7 s, ωt:  29.78 (4.74 periods), wall: 1.188 hours, Δt:   0.81, CFL: 9.00e-01
i: 236400, t:  297927.9 s, ωt:  29.79 (4.74 periods), wall: 1.188 hours, Δt:   0.84, CFL: 9.00e-01
i: 236500, t:  298011.3 s, ωt:  29.80 (4.74 periods), wall: 1.189 hours, Δt:   0.80, CFL: 9.00e-01
i: 236600, t:  298089.6 s, ωt:  29.81 (4.74 periods), wall: 1.189 hours, Δt:   0.82, CFL: 9.00e-01
i: 236700, t:  298170.4 s, ωt:  29.82 (4.75 periods), wall: 1.190 hours, Δt:   0.87, CFL: 9.00e-01
i: 236800, t:  298251.6 s, ωt:  29.83 (4.75 periods), wall: 1.190 hours, Δt:   0.86, CFL: 9.00e-01
i: 236900, t:  298332.2 s, ωt:  29.83 (4.75 periods), wall: 1.191 hours, Δt:   0.78, CFL: 9.00e-01
i: 237000, t:  298402.5 s, ωt:  29.84 (4.75 periods), wall: 1.191 hours, Δt:   0.85, CFL: 9.00e-01
i: 237100, t:  298489.1 s, ωt:  29.85 (4.75 periods), wall: 1.192 hours, Δt:   0.88, CFL: 9.00e-01
i: 237200, t:  298573.5 s, ωt:  29.86 (4.75 periods), wall: 1.192 hours, Δt:   0.80, CFL: 9.00e-01
i: 237300, t:  298657.0 s, ωt:  29.87 (4.75 periods), wall: 1.193 hours, Δt:   0.84, CFL: 9.00e-01
i: 237400, t:  298742.1 s, ωt:  29.87 (4.75 periods), wall: 1.193 hours, Δt:   0.89, CFL: 9.00e-01
i: 237500, t:  298827.0 s, ωt:  29.88 (4.76 periods), wall: 1.194 hours, Δt:   0.84, CFL: 9.00e-01
i: 237600, t:  298909.5 s, ωt:  29.89 (4.76 periods), wall: 1.194 hours, Δt:   0.88, CFL: 9.00e-01
i: 237700, t:  298994.7 s, ωt:  29.90 (4.76 periods), wall: 1.195 hours, Δt:   0.90, CFL: 9.00e-01
i: 237800, t:  299078.7 s, ωt:  29.91 (4.76 periods), wall: 1.195 hours, Δt:   0.92, CFL: 9.00e-01
i: 237900, t:  299165.3 s, ωt:  29.92 (4.76 periods), wall: 1.195 hours, Δt:   0.84, CFL: 9.00e-01
i: 238000, t:  299254.4 s, ωt:  29.93 (4.76 periods), wall: 1.196 hours, Δt:   0.94, CFL: 9.00e-01
i: 238100, t:  299341.8 s, ωt:  29.93 (4.76 periods), wall: 1.196 hours, Δt:   0.89, CFL: 9.00e-01
i: 238200, t:  299431.0 s, ωt:  29.94 (4.77 periods), wall: 1.197 hours, Δt:   0.88, CFL: 9.00e-01
i: 238300, t:  299519.9 s, ωt:  29.95 (4.77 periods), wall: 1.197 hours, Δt:   0.86, CFL: 9.00e-01
i: 238400, t:  299605.2 s, ωt:  29.96 (4.77 periods), wall: 1.198 hours, Δt:   0.89, CFL: 9.00e-01
i: 238500, t:  299693.1 s, ωt:  29.97 (4.77 periods), wall: 1.198 hours, Δt:   0.85, CFL: 9.00e-01
i: 238600, t:  299779.8 s, ωt:  29.98 (4.77 periods), wall: 1.199 hours, Δt:   0.75, CFL: 9.00e-01
i: 238700, t:  299867.1 s, ωt:  29.99 (4.77 periods), wall: 1.199 hours, Δt:   0.90, CFL: 9.00e-01
i: 238800, t:  299954.8 s, ωt:  30.00 (4.77 periods), wall: 1.200 hours, Δt:   0.89, CFL: 9.00e-01
i: 238900, t:  300042.8 s, ωt:  30.00 (4.78 periods), wall: 1.200 hours, Δt:   0.81, CFL: 9.00e-01
i: 239000, t:  300133.5 s, ωt:  30.01 (4.78 periods), wall: 1.201 hours, Δt:   0.83, CFL: 9.00e-01
i: 239100, t:  300213.3 s, ωt:  30.02 (4.78 periods), wall: 1.201 hours, Δt:   0.88, CFL: 9.00e-01
i: 239200, t:  300300.6 s, ωt:  30.03 (4.78 periods), wall: 1.202 hours, Δt:   0.83, CFL: 9.00e-01
i: 239300, t:  300386.0 s, ωt:  30.04 (4.78 periods), wall: 1.202 hours, Δt:   0.90, CFL: 9.00e-01
i: 239400, t:  300464.2 s, ωt:  30.05 (4.78 periods), wall: 1.203 hours, Δt:   0.85, CFL: 9.00e-01
i: 239500, t:  300548.1 s, ωt:  30.05 (4.78 periods), wall: 1.203 hours, Δt:   0.74, CFL: 9.00e-01
i: 239600, t:  300637.2 s, ωt:  30.06 (4.78 periods), wall: 1.204 hours, Δt:   0.91, CFL: 9.00e-01
i: 239700, t:  300719.2 s, ωt:  30.07 (4.79 periods), wall: 1.204 hours, Δt:   0.87, CFL: 9.00e-01
i: 239800, t:  300805.2 s, ωt:  30.08 (4.79 periods), wall: 1.205 hours, Δt:   0.85, CFL: 9.00e-01
i: 239900, t:  300886.6 s, ωt:  30.09 (4.79 periods), wall: 1.205 hours, Δt:   0.87, CFL: 9.00e-01
i: 240000, t:  300970.9 s, ωt:  30.10 (4.79 periods), wall: 1.206 hours, Δt:   0.83, CFL: 9.00e-01
i: 240100, t:  301062.0 s, ωt:  30.11 (4.79 periods), wall: 1.206 hours, Δt:   0.95, CFL: 9.00e-01
i: 240200, t:  301146.1 s, ωt:  30.11 (4.79 periods), wall: 1.206 hours, Δt:   0.92, CFL: 9.00e-01
i: 240300, t:  301238.1 s, ωt:  30.12 (4.79 periods), wall: 1.207 hours, Δt:   0.90, CFL: 9.00e-01
i: 240400, t:  301320.4 s, ωt:  30.13 (4.80 periods), wall: 1.208 hours, Δt:   0.84, CFL: 9.00e-01
i: 240500, t:  301413.1 s, ωt:  30.14 (4.80 periods), wall: 1.208 hours, Δt:   0.92, CFL: 9.00e-01
i: 240600, t:  301498.7 s, ωt:  30.15 (4.80 periods), wall: 1.209 hours, Δt:   0.78, CFL: 9.00e-01
i: 240700, t:  301579.6 s, ωt:  30.16 (4.80 periods), wall: 1.209 hours, Δt:   0.91, CFL: 9.00e-01
i: 240800, t:  301667.7 s, ωt:  30.17 (4.80 periods), wall: 1.210 hours, Δt:   0.82, CFL: 9.00e-01
i: 240900, t:  301756.0 s, ωt:  30.18 (4.80 periods), wall: 1.211 hours, Δt:   0.93, CFL: 9.00e-01
i: 241000, t:  301847.0 s, ωt:  30.18 (4.80 periods), wall: 1.211 hours, Δt:   0.91, CFL: 9.00e-01
i: 241100, t:  301940.5 s, ωt:  30.19 (4.81 periods), wall: 1.212 hours, Δt:   0.94, CFL: 9.00e-01
i: 241200, t:  302030.4 s, ωt:  30.20 (4.81 periods), wall: 1.212 hours, Δt:   0.71, CFL: 9.00e-01
i: 241300, t:  302108.1 s, ωt:  30.21 (4.81 periods), wall: 1.212 hours, Δt:   0.86, CFL: 9.00e-01
i: 241400, t:  302193.1 s, ωt:  30.22 (4.81 periods), wall: 1.213 hours, Δt:   0.93, CFL: 9.00e-01
i: 241500, t:  302281.4 s, ωt:  30.23 (4.81 periods), wall: 1.213 hours, Δt:   0.82, CFL: 9.00e-01
i: 241600, t:  302366.3 s, ωt:  30.24 (4.81 periods), wall: 1.214 hours, Δt:   0.91, CFL: 9.00e-01
i: 241700, t:  302456.7 s, ωt:  30.25 (4.81 periods), wall: 1.214 hours, Δt:   1.00, CFL: 9.00e-01
i: 241800, t:  302551.2 s, ωt:  30.26 (4.82 periods), wall: 1.215 hours, Δt:   0.96, CFL: 9.00e-01
i: 241900, t:  302646.1 s, ωt:  30.26 (4.82 periods), wall: 1.215 hours, Δt:   1.03, CFL: 9.00e-01
i: 242000, t:  302739.2 s, ωt:  30.27 (4.82 periods), wall: 1.216 hours, Δt:   0.80, CFL: 9.00e-01
i: 242100, t:  302829.7 s, ωt:  30.28 (4.82 periods), wall: 1.216 hours, Δt:   0.99, CFL: 9.00e-01
i: 242200, t:  302925.3 s, ωt:  30.29 (4.82 periods), wall: 1.217 hours, Δt:   1.04, CFL: 9.00e-01
i: 242300, t:  303021.9 s, ωt:  30.30 (4.82 periods), wall: 1.217 hours, Δt:   1.04, CFL: 9.00e-01
i: 242400, t:  303120.1 s, ωt:  30.31 (4.82 periods), wall: 1.218 hours, Δt:   0.96, CFL: 9.00e-01
i: 242500, t:  303215.5 s, ωt:  30.32 (4.83 periods), wall: 1.218 hours, Δt:   1.08, CFL: 9.00e-01
i: 242600, t:  303311.1 s, ωt:  30.33 (4.83 periods), wall: 1.219 hours, Δt:   0.91, CFL: 9.00e-01
i: 242700, t:  303407.9 s, ωt:  30.34 (4.83 periods), wall: 1.219 hours, Δt:   0.90, CFL: 9.00e-01
i: 242800, t:  303509.0 s, ωt:  30.35 (4.83 periods), wall: 1.220 hours, Δt:   1.01, CFL: 9.00e-01
i: 242900, t:  303595.1 s, ωt:  30.36 (4.83 periods), wall: 1.220 hours, Δt:   0.74, CFL: 9.00e-01
i: 243000, t:  303689.6 s, ωt:  30.37 (4.83 periods), wall: 1.221 hours, Δt:   0.99, CFL: 9.00e-01
i: 243100, t:  303784.5 s, ωt:  30.38 (4.83 periods), wall: 1.221 hours, Δt:   1.05, CFL: 9.00e-01
i: 243200, t:  303885.0 s, ωt:  30.39 (4.84 periods), wall: 1.222 hours, Δt:   0.91, CFL: 9.00e-01
i: 243300, t:  303988.8 s, ωt:  30.40 (4.84 periods), wall: 1.222 hours, Δt:   1.14, CFL: 9.00e-01
i: 243400, t:  304089.7 s, ωt:  30.41 (4.84 periods), wall: 1.223 hours, Δt:   0.94, CFL: 9.00e-01
i: 243500, t:  304191.9 s, ωt:  30.42 (4.84 periods), wall: 1.223 hours, Δt:   1.05, CFL: 9.00e-01
i: 243600, t:  304293.8 s, ωt:  30.43 (4.84 periods), wall: 1.224 hours, Δt:   0.96, CFL: 9.00e-01
i: 243700, t:  304399.4 s, ωt:  30.44 (4.84 periods), wall: 1.224 hours, Δt:   1.13, CFL: 9.00e-01
i: 243800, t:  304508.7 s, ωt:  30.45 (4.85 periods), wall: 1.225 hours, Δt:   1.06, CFL: 9.00e-01
i: 243900, t:  304615.2 s, ωt:  30.46 (4.85 periods), wall: 1.225 hours, Δt:   1.16, CFL: 9.00e-01
i: 244000, t:  304725.6 s, ωt:  30.47 (4.85 periods), wall: 1.225 hours, Δt:   0.99, CFL: 9.00e-01
i: 244100, t:  304824.6 s, ωt:  30.48 (4.85 periods), wall: 1.226 hours, Δt:   1.14, CFL: 9.00e-01
i: 244200, t:  304934.3 s, ωt:  30.49 (4.85 periods), wall: 1.227 hours, Δt:   1.11, CFL: 9.00e-01
i: 244300, t:  305048.6 s, ωt:  30.50 (4.85 periods), wall: 1.227 hours, Δt:   1.23, CFL: 9.00e-01
i: 244400, t:  305162.9 s, ωt:  30.52 (4.86 periods), wall: 1.228 hours, Δt:   1.19, CFL: 9.00e-01
i: 244500, t:  305276.6 s, ωt:  30.53 (4.86 periods), wall: 1.228 hours, Δt:   1.10, CFL: 9.00e-01
i: 244600, t:  305388.7 s, ωt:  30.54 (4.86 periods), wall: 1.229 hours, Δt:   1.16, CFL: 9.00e-01
i: 244700, t:  305509.4 s, ωt:  30.55 (4.86 periods), wall: 1.229 hours, Δt:   1.19, CFL: 9.00e-01
i: 244800, t:  305622.3 s, ωt:  30.56 (4.86 periods), wall: 1.229 hours, Δt:   1.13, CFL: 9.00e-01
i: 244900, t:  305742.4 s, ωt:  30.57 (4.87 periods), wall: 1.230 hours, Δt:   1.18, CFL: 9.00e-01
i: 245000, t:  305851.4 s, ωt:  30.59 (4.87 periods), wall: 1.230 hours, Δt:   1.06, CFL: 9.00e-01
i: 245100, t:  305957.0 s, ωt:  30.60 (4.87 periods), wall: 1.231 hours, Δt:   1.19, CFL: 9.00e-01
i: 245200, t:  306078.4 s, ωt:  30.61 (4.87 periods), wall: 1.231 hours, Δt:   1.23, CFL: 9.00e-01
i: 245300, t:  306201.1 s, ωt:  30.62 (4.87 periods), wall: 1.232 hours, Δt:   1.05, CFL: 9.00e-01
i: 245400, t:  306309.0 s, ωt:  30.63 (4.88 periods), wall: 1.232 hours, Δt:   0.90, CFL: 9.00e-01
i: 245500, t:  306417.5 s, ωt:  30.64 (4.88 periods), wall: 1.233 hours, Δt:   0.96, CFL: 9.00e-01
i: 245600, t:  306529.3 s, ωt:  30.65 (4.88 periods), wall: 1.233 hours, Δt:   1.12, CFL: 9.00e-01
i: 245700, t:  306644.1 s, ωt:  30.66 (4.88 periods), wall: 1.234 hours, Δt:   1.22, CFL: 9.00e-01
i: 245800, t:  306745.1 s, ωt:  30.67 (4.88 periods), wall: 1.234 hours, Δt:   1.05, CFL: 9.00e-01
i: 245900, t:  306864.3 s, ωt:  30.69 (4.88 periods), wall: 1.235 hours, Δt:   1.30, CFL: 9.00e-01
i: 246000, t:  306985.0 s, ωt:  30.70 (4.89 periods), wall: 1.235 hours, Δt:   1.33, CFL: 9.00e-01
i: 246100, t:  307123.1 s, ωt:  30.71 (4.89 periods), wall: 1.236 hours, Δt:   1.19, CFL: 9.00e-01
i: 246200, t:  307247.5 s, ωt:  30.72 (4.89 periods), wall: 1.236 hours, Δt:   1.25, CFL: 9.00e-01
i: 246300, t:  307376.3 s, ωt:  30.74 (4.89 periods), wall: 1.237 hours, Δt:   1.17, CFL: 9.00e-01
i: 246400, t:  307504.2 s, ωt:  30.75 (4.89 periods), wall: 1.237 hours, Δt:   1.25, CFL: 9.00e-01
i: 246500, t:  307635.4 s, ωt:  30.76 (4.90 periods), wall: 1.238 hours, Δt:   1.44, CFL: 9.00e-01
i: 246600, t:  307771.0 s, ωt:  30.78 (4.90 periods), wall: 1.238 hours, Δt:   1.35, CFL: 9.00e-01
i: 246700, t:  307911.0 s, ωt:  30.79 (4.90 periods), wall: 1.239 hours, Δt:   1.29, CFL: 9.00e-01
i: 246800, t:  308044.6 s, ωt:  30.80 (4.90 periods), wall: 1.239 hours, Δt:   1.38, CFL: 9.00e-01
i: 246900, t:  308191.6 s, ωt:  30.82 (4.91 periods), wall: 1.240 hours, Δt:   1.45, CFL: 9.00e-01
i: 247000, t:  308323.1 s, ωt:  30.83 (4.91 periods), wall: 1.240 hours, Δt:   1.54, CFL: 9.00e-01
i: 247100, t:  308479.0 s, ωt:  30.85 (4.91 periods), wall: 1.241 hours, Δt:   1.58, CFL: 9.00e-01
i: 247200, t:  308630.6 s, ωt:  30.86 (4.91 periods), wall: 1.242 hours, Δt:   1.54, CFL: 9.00e-01
i: 247300, t:  308783.8 s, ωt:  30.88 (4.91 periods), wall: 1.242 hours, Δt:   1.50, CFL: 9.00e-01
i: 247400, t:  308944.0 s, ωt:  30.89 (4.92 periods), wall: 1.243 hours, Δt:   1.84, CFL: 9.00e-01
i: 247500, t:  309113.2 s, ωt:  30.91 (4.92 periods), wall: 1.243 hours, Δt:   1.50, CFL: 9.00e-01
i: 247600, t:  309271.0 s, ωt:  30.93 (4.92 periods), wall: 1.244 hours, Δt:   1.83, CFL: 9.00e-01
i: 247700, t:  309445.7 s, ωt:  30.94 (4.92 periods), wall: 1.244 hours, Δt:   1.53, CFL: 9.00e-01
i: 247800, t:  309601.7 s, ωt:  30.96 (4.93 periods), wall: 1.245 hours, Δt:   1.54, CFL: 9.00e-01
i: 247900, t:  309764.5 s, ωt:  30.98 (4.93 periods), wall: 1.245 hours, Δt:   1.83, CFL: 9.00e-01
i: 248000, t:  309953.0 s, ωt:  31.00 (4.93 periods), wall: 1.246 hours, Δt:   2.08, CFL: 9.00e-01
i: 248100, t:  310138.3 s, ωt:  31.01 (4.94 periods), wall: 1.246 hours, Δt:   1.63, CFL: 9.00e-01
i: 248200, t:  310315.6 s, ωt:  31.03 (4.94 periods), wall: 1.247 hours, Δt:   1.89, CFL: 9.00e-01
i: 248300, t:  310512.8 s, ωt:  31.05 (4.94 periods), wall: 1.247 hours, Δt:   2.10, CFL: 9.00e-01
i: 248400, t:  310711.9 s, ωt:  31.07 (4.95 periods), wall: 1.248 hours, Δt:   1.95, CFL: 9.00e-01
i: 248500, t:  310911.7 s, ωt:  31.09 (4.95 periods), wall: 1.248 hours, Δt:   1.96, CFL: 9.00e-01
i: 248600, t:  311106.9 s, ωt:  31.11 (4.95 periods), wall: 1.249 hours, Δt:   1.96, CFL: 9.00e-01
i: 248700, t:  311324.8 s, ωt:  31.13 (4.95 periods), wall: 1.249 hours, Δt:   2.05, CFL: 9.00e-01
i: 248800, t:  311539.6 s, ωt:  31.15 (4.96 periods), wall: 1.250 hours, Δt:   2.24, CFL: 9.00e-01
i: 248900, t:  311778.0 s, ωt:  31.18 (4.96 periods), wall: 1.250 hours, Δt:   2.37, CFL: 9.00e-01
i: 249000, t:  312040.1 s, ωt:  31.20 (4.97 periods), wall: 1.251 hours, Δt:   3.14, CFL: 9.00e-01
i: 249100, t:  312335.5 s, ωt:  31.23 (4.97 periods), wall: 1.252 hours, Δt:   2.79, CFL: 9.00e-01
i: 249200, t:  312619.7 s, ωt:  31.26 (4.98 periods), wall: 1.252 hours, Δt:   2.34, CFL: 9.00e-01
i: 249300, t:  312879.5 s, ωt:  31.29 (4.98 periods), wall: 1.253 hours, Δt:   2.21, CFL: 9.00e-01
i: 249400, t:  313170.2 s, ωt:  31.32 (4.98 periods), wall: 1.253 hours, Δt:   3.98, CFL: 9.00e-01
i: 249500, t:  313533.6 s, ωt:  31.35 (4.99 periods), wall: 1.254 hours, Δt:   3.16, CFL: 8.58e-01
i: 249600, t:  313855.8 s, ωt:  31.39 (5.00 periods), wall: 1.254 hours, Δt:   3.31, CFL: 9.00e-01
i: 249700, t:  314210.4 s, ωt:  31.42 (5.00 periods), wall: 1.256 hours, Δt:   3.37, CFL: 9.00e-01
i: 249800, t:  314552.6 s, ωt:  31.46 (5.01 periods), wall: 1.256 hours, Δt:   3.31, CFL: 9.00e-01
i: 249900, t:  314918.0 s, ωt:  31.49 (5.01 periods), wall: 1.257 hours, Δt:   3.84, CFL: 9.00e-01
i: 250000, t:  315223.2 s, ωt:  31.52 (5.02 periods), wall: 1.257 hours, Δt:   2.61, CFL: 9.00e-01
i: 250100, t:  315551.5 s, ωt:  31.56 (5.02 periods), wall: 1.258 hours, Δt:   3.39, CFL: 9.00e-01
i: 250200, t:  315891.4 s, ωt:  31.59 (5.03 periods), wall: 1.259 hours, Δt:   3.50, CFL: 9.00e-01
i: 250300, t:  316226.6 s, ωt:  31.62 (5.03 periods), wall: 1.259 hours, Δt:   2.96, CFL: 9.00e-01
i: 250400, t:  316494.0 s, ωt:  31.65 (5.04 periods), wall: 1.260 hours, Δt:   2.68, CFL: 9.00e-01
i: 250500, t:  316736.9 s, ωt:  31.67 (5.04 periods), wall: 1.260 hours, Δt:   2.45, CFL: 9.00e-01
i: 250600, t:  316981.5 s, ωt:  31.70 (5.04 periods), wall: 1.261 hours, Δt:   2.24, CFL: 9.00e-01
i: 250700, t:  317213.4 s, ωt:  31.72 (5.05 periods), wall: 1.262 hours, Δt:   2.16, CFL: 9.00e-01
i: 250800, t:  317422.3 s, ωt:  31.74 (5.05 periods), wall: 1.262 hours, Δt:   2.28, CFL: 9.00e-01
i: 250900, t:  317637.8 s, ωt:  31.76 (5.06 periods), wall: 1.263 hours, Δt:   2.04, CFL: 9.00e-01
i: 251000, t:  317842.7 s, ωt:  31.78 (5.06 periods), wall: 1.263 hours, Δt:   2.04, CFL: 9.00e-01
i: 251100, t:  318025.6 s, ωt:  31.80 (5.06 periods), wall: 1.264 hours, Δt:   1.70, CFL: 9.00e-01
i: 251200, t:  318198.5 s, ωt:  31.82 (5.06 periods), wall: 1.264 hours, Δt:   1.87, CFL: 9.00e-01
i: 251300, t:  318381.2 s, ωt:  31.84 (5.07 periods), wall: 1.265 hours, Δt:   1.90, CFL: 9.00e-01
i: 251400, t:  318550.3 s, ωt:  31.86 (5.07 periods), wall: 1.265 hours, Δt:   1.62, CFL: 9.00e-01
i: 251500, t:  318720.1 s, ωt:  31.87 (5.07 periods), wall: 1.266 hours, Δt:   1.53, CFL: 9.00e-01
i: 251600, t:  318884.1 s, ωt:  31.89 (5.08 periods), wall: 1.267 hours, Δt:   1.78, CFL: 9.00e-01
i: 251700, t:  319055.2 s, ωt:  31.91 (5.08 periods), wall: 1.267 hours, Δt:   1.56, CFL: 9.00e-01
i: 251800, t:  319204.9 s, ωt:  31.92 (5.08 periods), wall: 1.268 hours, Δt:   1.49, CFL: 9.00e-01
i: 251900, t:  319360.2 s, ωt:  31.94 (5.08 periods), wall: 1.268 hours, Δt:   1.46, CFL: 9.00e-01
i: 252000, t:  319506.4 s, ωt:  31.95 (5.09 periods), wall: 1.269 hours, Δt:   1.51, CFL: 9.00e-01
i: 252100, t:  319654.4 s, ωt:  31.97 (5.09 periods), wall: 1.269 hours, Δt:   1.50, CFL: 9.00e-01
i: 252200, t:  319806.9 s, ωt:  31.98 (5.09 periods), wall: 1.270 hours, Δt:   1.34, CFL: 9.00e-01
i: 252300, t:  319942.2 s, ωt:  31.99 (5.09 periods), wall: 1.270 hours, Δt:   1.50, CFL: 9.00e-01
i: 252400, t:  320080.5 s, ωt:  32.01 (5.09 periods), wall: 1.271 hours, Δt:   1.38, CFL: 9.00e-01
i: 252500, t:  320220.8 s, ωt:  32.02 (5.10 periods), wall: 1.271 hours, Δt:   1.29, CFL: 9.00e-01
i: 252600, t:  320342.2 s, ωt:  32.03 (5.10 periods), wall: 1.272 hours, Δt:   1.31, CFL: 9.00e-01
i: 252700, t:  320474.8 s, ωt:  32.05 (5.10 periods), wall: 1.272 hours, Δt:   1.30, CFL: 9.00e-01
i: 252800, t:  320602.1 s, ωt:  32.06 (5.10 periods), wall: 1.273 hours, Δt:   1.38, CFL: 9.00e-01
i: 252900, t:  320732.2 s, ωt:  32.07 (5.10 periods), wall: 1.273 hours, Δt:   1.19, CFL: 9.00e-01
i: 253000, t:  320841.2 s, ωt:  32.08 (5.11 periods), wall: 1.274 hours, Δt:   1.13, CFL: 9.00e-01
i: 253100, t:  320958.9 s, ωt:  32.10 (5.11 periods), wall: 1.274 hours, Δt:   1.32, CFL: 9.00e-01
i: 253200, t:  321079.9 s, ωt:  32.11 (5.11 periods), wall: 1.275 hours, Δt:   1.17, CFL: 9.00e-01
i: 253300, t:  321204.1 s, ωt:  32.12 (5.11 periods), wall: 1.275 hours, Δt:   1.27, CFL: 9.00e-01
i: 253400, t:  321327.1 s, ωt:  32.13 (5.11 periods), wall: 1.276 hours, Δt:   1.17, CFL: 9.00e-01
i: 253500, t:  321447.9 s, ωt:  32.14 (5.12 periods), wall: 1.276 hours, Δt:   1.32, CFL: 9.00e-01
i: 253600, t:  321560.6 s, ωt:  32.16 (5.12 periods), wall: 1.277 hours, Δt:   1.04, CFL: 9.00e-01
i: 253700, t:  321675.8 s, ωt:  32.17 (5.12 periods), wall: 1.277 hours, Δt:   0.99, CFL: 9.00e-01
i: 253800, t:  321784.3 s, ωt:  32.18 (5.12 periods), wall: 1.278 hours, Δt:   1.16, CFL: 9.00e-01
i: 253900, t:  321902.2 s, ωt:  32.19 (5.12 periods), wall: 1.278 hours, Δt:   1.24, CFL: 9.00e-01
i: 254000, t:  322023.3 s, ωt:  32.20 (5.13 periods), wall: 1.279 hours, Δt:   1.17, CFL: 9.00e-01
i: 254100, t:  322134.8 s, ωt:  32.21 (5.13 periods), wall: 1.279 hours, Δt:   1.07, CFL: 9.00e-01
i: 254200, t:  322244.2 s, ωt:  32.22 (5.13 periods), wall: 1.280 hours, Δt:   1.08, CFL: 9.00e-01
i: 254300, t:  322351.1 s, ωt:  32.24 (5.13 periods), wall: 1.280 hours, Δt:   1.03, CFL: 9.00e-01
i: 254400, t:  322460.3 s, ωt:  32.25 (5.13 periods), wall: 1.281 hours, Δt:   1.19, CFL: 9.00e-01
i: 254500, t:  322575.5 s, ωt:  32.26 (5.13 periods), wall: 1.281 hours, Δt:   1.12, CFL: 9.00e-01
i: 254600, t:  322688.0 s, ωt:  32.27 (5.14 periods), wall: 1.282 hours, Δt:   1.06, CFL: 9.00e-01
i: 254700, t:  322798.1 s, ωt:  32.28 (5.14 periods), wall: 1.282 hours, Δt:   1.04, CFL: 9.00e-01
i: 254800, t:  322901.9 s, ωt:  32.29 (5.14 periods), wall: 1.283 hours, Δt:   1.05, CFL: 9.00e-01
i: 254900, t:  323003.5 s, ωt:  32.30 (5.14 periods), wall: 1.283 hours, Δt:   0.95, CFL: 9.00e-01
i: 255000, t:  323103.9 s, ωt:  32.31 (5.14 periods), wall: 1.284 hours, Δt:   1.06, CFL: 9.00e-01
i: 255100, t:  323206.6 s, ωt:  32.32 (5.14 periods), wall: 1.284 hours, Δt:   1.05, CFL: 9.00e-01
i: 255200, t:  323305.9 s, ωt:  32.33 (5.15 periods), wall: 1.285 hours, Δt:   0.96, CFL: 9.00e-01
i: 255300, t:  323409.4 s, ωt:  32.34 (5.15 periods), wall: 1.285 hours, Δt:   1.01, CFL: 9.00e-01
i: 255400, t:  323516.6 s, ωt:  32.35 (5.15 periods), wall: 1.285 hours, Δt:   1.02, CFL: 9.00e-01
i: 255500, t:  323617.0 s, ωt:  32.36 (5.15 periods), wall: 1.286 hours, Δt:   0.92, CFL: 9.00e-01
i: 255600, t:  323721.1 s, ωt:  32.37 (5.15 periods), wall: 1.287 hours, Δt:   1.08, CFL: 9.00e-01
i: 255700, t:  323823.5 s, ωt:  32.38 (5.15 periods), wall: 1.287 hours, Δt:   1.05, CFL: 9.00e-01
i: 255800, t:  323922.1 s, ωt:  32.39 (5.16 periods), wall: 1.288 hours, Δt:   1.05, CFL: 9.00e-01
i: 255900, t:  324020.4 s, ωt:  32.40 (5.16 periods), wall: 1.288 hours, Δt:   0.97, CFL: 9.00e-01
i: 256000, t:  324119.6 s, ωt:  32.41 (5.16 periods), wall: 1.289 hours, Δt:   1.04, CFL: 9.00e-01
i: 256100, t:  324213.4 s, ωt:  32.42 (5.16 periods), wall: 1.289 hours, Δt:   1.03, CFL: 9.00e-01
i: 256200, t:  324307.5 s, ωt:  32.43 (5.16 periods), wall: 1.290 hours, Δt:   0.97, CFL: 9.00e-01
i: 256300, t:  324404.1 s, ωt:  32.44 (5.16 periods), wall: 1.290 hours, Δt:   0.96, CFL: 9.00e-01
i: 256400, t:  324499.7 s, ωt:  32.45 (5.16 periods), wall: 1.291 hours, Δt:   0.97, CFL: 9.00e-01
i: 256500, t:  324588.7 s, ωt:  32.46 (5.17 periods), wall: 1.291 hours, Δt:   0.81, CFL: 9.00e-01
i: 256600, t:  324680.8 s, ωt:  32.47 (5.17 periods), wall: 1.292 hours, Δt:   0.98, CFL: 9.00e-01
i: 256700, t:  324775.5 s, ωt:  32.48 (5.17 periods), wall: 1.292 hours, Δt:   0.85, CFL: 9.00e-01
i: 256800, t:  324871.0 s, ωt:  32.49 (5.17 periods), wall: 1.293 hours, Δt:   0.94, CFL: 9.00e-01
i: 256900, t:  324964.5 s, ωt:  32.50 (5.17 periods), wall: 1.293 hours, Δt:   0.90, CFL: 9.00e-01
i: 257000, t:  325055.6 s, ωt:  32.51 (5.17 periods), wall: 1.293 hours, Δt:   0.97, CFL: 9.00e-01
i: 257100, t:  325147.6 s, ωt:  32.51 (5.17 periods), wall: 1.294 hours, Δt:   0.88, CFL: 9.00e-01
i: 257200, t:  325239.3 s, ωt:  32.52 (5.18 periods), wall: 1.294 hours, Δt:   0.84, CFL: 9.00e-01
i: 257300, t:  325324.6 s, ωt:  32.53 (5.18 periods), wall: 1.295 hours, Δt:   0.89, CFL: 9.00e-01
i: 257400, t:  325417.7 s, ωt:  32.54 (5.18 periods), wall: 1.295 hours, Δt:   0.94, CFL: 9.00e-01
i: 257500, t:  325509.8 s, ωt:  32.55 (5.18 periods), wall: 1.296 hours, Δt:   0.91, CFL: 9.00e-01
i: 257600, t:  325606.8 s, ωt:  32.56 (5.18 periods), wall: 1.296 hours, Δt:   0.92, CFL: 9.00e-01
i: 257700, t:  325701.8 s, ωt:  32.57 (5.18 periods), wall: 1.297 hours, Δt:   0.93, CFL: 9.00e-01
i: 257800, t:  325796.5 s, ωt:  32.58 (5.19 periods), wall: 1.297 hours, Δt:   0.89, CFL: 9.00e-01
i: 257900, t:  325884.2 s, ωt:  32.59 (5.19 periods), wall: 1.298 hours, Δt:   0.88, CFL: 9.00e-01
i: 258000, t:  325974.3 s, ωt:  32.60 (5.19 periods), wall: 1.298 hours, Δt:   0.91, CFL: 9.00e-01
i: 258100, t:  326064.8 s, ωt:  32.61 (5.19 periods), wall: 1.299 hours, Δt:   0.75, CFL: 9.00e-01
i: 258200, t:  326151.6 s, ωt:  32.62 (5.19 periods), wall: 1.299 hours, Δt:   0.81, CFL: 9.00e-01
i: 258300, t:  326244.6 s, ωt:  32.62 (5.19 periods), wall: 1.300 hours, Δt:   0.98, CFL: 9.00e-01
i: 258400, t:  326333.3 s, ωt:  32.63 (5.19 periods), wall: 1.300 hours, Δt:   0.76, CFL: 9.00e-01
i: 258500, t:  326413.4 s, ωt:  32.64 (5.20 periods), wall: 1.301 hours, Δt:   1.00, CFL: 9.00e-01
i: 258600, t:  326506.8 s, ωt:  32.65 (5.20 periods), wall: 1.301 hours, Δt:   0.91, CFL: 9.00e-01
i: 258700, t:  326600.1 s, ωt:  32.66 (5.20 periods), wall: 1.302 hours, Δt:   0.81, CFL: 9.00e-01
i: 258800, t:  326689.0 s, ωt:  32.67 (5.20 periods), wall: 1.302 hours, Δt:   0.98, CFL: 9.00e-01
i: 258900, t:  326782.2 s, ωt:  32.68 (5.20 periods), wall: 1.303 hours, Δt:   0.91, CFL: 9.00e-01
i: 259000, t:  326869.6 s, ωt:  32.69 (5.20 periods), wall: 1.303 hours, Δt:   0.85, CFL: 9.00e-01
i: 259100, t:  326955.5 s, ωt:  32.70 (5.20 periods), wall: 1.304 hours, Δt:   0.81, CFL: 9.00e-01
i: 259200, t:  327036.9 s, ωt:  32.70 (5.20 periods), wall: 1.304 hours, Δt:   0.96, CFL: 9.00e-01
i: 259300, t:  327128.8 s, ωt:  32.71 (5.21 periods), wall: 1.305 hours, Δt:   0.84, CFL: 9.00e-01
i: 259400, t:  327212.2 s, ωt:  32.72 (5.21 periods), wall: 1.305 hours, Δt:   0.93, CFL: 9.00e-01
i: 259500, t:  327296.5 s, ωt:  32.73 (5.21 periods), wall: 1.306 hours, Δt:   0.85, CFL: 9.00e-01
i: 259600, t:  327379.0 s, ωt:  32.74 (5.21 periods), wall: 1.306 hours, Δt:   0.75, CFL: 9.00e-01
i: 259700, t:  327459.7 s, ωt:  32.75 (5.21 periods), wall: 1.307 hours, Δt:   0.94, CFL: 9.00e-01
i: 259800, t:  327545.4 s, ωt:  32.75 (5.21 periods), wall: 1.307 hours, Δt:   0.85, CFL: 9.00e-01
i: 259900, t:  327634.3 s, ωt:  32.76 (5.21 periods), wall: 1.308 hours, Δt:   0.84, CFL: 9.00e-01
i: 260000, t:  327719.9 s, ωt:  32.77 (5.22 periods), wall: 1.308 hours, Δt:   0.87, CFL: 9.00e-01
i: 260100, t:  327806.7 s, ωt:  32.78 (5.22 periods), wall: 1.309 hours, Δt:   0.80, CFL: 9.00e-01
i: 260200, t:  327885.6 s, ωt:  32.79 (5.22 periods), wall: 1.309 hours, Δt:   0.87, CFL: 9.00e-01
i: 260300, t:  327968.0 s, ωt:  32.80 (5.22 periods), wall: 1.310 hours, Δt:   0.90, CFL: 9.00e-01
i: 260400, t:  328054.6 s, ωt:  32.81 (5.22 periods), wall: 1.310 hours, Δt:   0.86, CFL: 9.00e-01
i: 260500, t:  328137.2 s, ωt:  32.81 (5.22 periods), wall: 1.311 hours, Δt:   0.81, CFL: 9.00e-01
i: 260600, t:  328215.6 s, ωt:  32.82 (5.22 periods), wall: 1.311 hours, Δt:   0.83, CFL: 9.00e-01
i: 260700, t:  328300.5 s, ωt:  32.83 (5.23 periods), wall: 1.312 hours, Δt:   0.85, CFL: 9.00e-01
i: 260800, t:  328386.2 s, ωt:  32.84 (5.23 periods), wall: 1.312 hours, Δt:   0.93, CFL: 9.00e-01
i: 260900, t:  328473.5 s, ωt:  32.85 (5.23 periods), wall: 1.313 hours, Δt:   0.92, CFL: 9.00e-01
i: 261000, t:  328555.8 s, ωt:  32.86 (5.23 periods), wall: 1.313 hours, Δt:   0.80, CFL: 9.00e-01
i: 261100, t:  328638.7 s, ωt:  32.86 (5.23 periods), wall: 1.314 hours, Δt:   0.77, CFL: 9.00e-01
i: 261200, t:  328710.2 s, ωt:  32.87 (5.23 periods), wall: 1.314 hours, Δt:   0.73, CFL: 9.00e-01
i: 261300, t:  328795.2 s, ωt:  32.88 (5.23 periods), wall: 1.315 hours, Δt:   0.83, CFL: 9.00e-01
i: 261400, t:  328876.4 s, ωt:  32.89 (5.23 periods), wall: 1.315 hours, Δt:   0.77, CFL: 9.00e-01
i: 261500, t:  328957.3 s, ωt:  32.90 (5.24 periods), wall: 1.316 hours, Δt:   0.91, CFL: 9.00e-01
i: 261600, t:  329042.7 s, ωt:  32.90 (5.24 periods), wall: 1.316 hours, Δt:   0.84, CFL: 9.00e-01
i: 261700, t:  329125.4 s, ωt:  32.91 (5.24 periods), wall: 1.317 hours, Δt:   0.85, CFL: 9.00e-01
i: 261800, t:  329209.0 s, ωt:  32.92 (5.24 periods), wall: 1.317 hours, Δt:   0.89, CFL: 9.00e-01
i: 261900, t:  329294.1 s, ωt:  32.93 (5.24 periods), wall: 1.318 hours, Δt:   0.84, CFL: 9.00e-01
i: 262000, t:  329375.1 s, ωt:  32.94 (5.24 periods), wall: 1.318 hours, Δt:   0.84, CFL: 9.00e-01
i: 262100, t:  329463.0 s, ωt:  32.95 (5.24 periods), wall: 1.318 hours, Δt:   0.90, CFL: 9.00e-01
i: 262200, t:  329553.0 s, ωt:  32.96 (5.24 periods), wall: 1.319 hours, Δt:   0.81, CFL: 9.00e-01
i: 262300, t:  329627.8 s, ωt:  32.96 (5.25 periods), wall: 1.319 hours, Δt:   0.79, CFL: 9.00e-01
i: 262400, t:  329712.4 s, ωt:  32.97 (5.25 periods), wall: 1.320 hours, Δt:   0.95, CFL: 9.00e-01
i: 262500, t:  329795.1 s, ωt:  32.98 (5.25 periods), wall: 1.320 hours, Δt:   0.77, CFL: 9.00e-01
i: 262600, t:  329875.1 s, ωt:  32.99 (5.25 periods), wall: 1.321 hours, Δt:   0.75, CFL: 9.00e-01
i: 262700, t:  329960.5 s, ωt:  33.00 (5.25 periods), wall: 1.321 hours, Δt:   0.88, CFL: 9.00e-01
i: 262800, t:  330048.2 s, ωt:  33.00 (5.25 periods), wall: 1.322 hours, Δt:   0.77, CFL: 9.00e-01
i: 262900, t:  330128.0 s, ωt:  33.01 (5.25 periods), wall: 1.322 hours, Δt:   0.79, CFL: 9.00e-01
i: 263000, t:  330216.5 s, ωt:  33.02 (5.26 periods), wall: 1.323 hours, Δt:   0.86, CFL: 9.00e-01
i: 263100, t:  330303.8 s, ωt:  33.03 (5.26 periods), wall: 1.323 hours, Δt:   0.84, CFL: 9.00e-01
i: 263200, t:  330389.7 s, ωt:  33.04 (5.26 periods), wall: 1.324 hours, Δt:   0.89, CFL: 9.00e-01
i: 263300, t:  330475.7 s, ωt:  33.05 (5.26 periods), wall: 1.324 hours, Δt:   0.85, CFL: 9.00e-01
i: 263400, t:  330558.2 s, ωt:  33.06 (5.26 periods), wall: 1.325 hours, Δt:   0.84, CFL: 9.00e-01
i: 263500, t:  330645.5 s, ωt:  33.06 (5.26 periods), wall: 1.325 hours, Δt:   0.89, CFL: 9.00e-01
i: 263600, t:  330738.6 s, ωt:  33.07 (5.26 periods), wall: 1.326 hours, Δt:   0.80, CFL: 9.00e-01
i: 263700, t:  330815.5 s, ωt:  33.08 (5.27 periods), wall: 1.326 hours, Δt:   0.93, CFL: 9.00e-01
i: 263800, t:  330903.1 s, ωt:  33.09 (5.27 periods), wall: 1.327 hours, Δt:   0.85, CFL: 9.00e-01
i: 263900, t:  330991.1 s, ωt:  33.10 (5.27 periods), wall: 1.327 hours, Δt:   0.88, CFL: 9.00e-01
i: 264000, t:  331079.5 s, ωt:  33.11 (5.27 periods), wall: 1.328 hours, Δt:   0.83, CFL: 9.00e-01
i: 264100, t:  331164.8 s, ωt:  33.12 (5.27 periods), wall: 1.328 hours, Δt:   0.93, CFL: 9.00e-01
i: 264200, t:  331252.8 s, ωt:  33.13 (5.27 periods), wall: 1.329 hours, Δt:   0.91, CFL: 9.00e-01
i: 264300, t:  331341.9 s, ωt:  33.13 (5.27 periods), wall: 1.329 hours, Δt:   0.83, CFL: 9.00e-01
i: 264400, t:  331425.9 s, ωt:  33.14 (5.27 periods), wall: 1.329 hours, Δt:   0.78, CFL: 9.00e-01
i: 264500, t:  331505.5 s, ωt:  33.15 (5.28 periods), wall: 1.330 hours, Δt:   0.95, CFL: 9.00e-01
i: 264600, t:  331586.0 s, ωt:  33.16 (5.28 periods), wall: 1.330 hours, Δt:   0.61, CFL: 9.00e-01
i: 264700, t:  331668.3 s, ωt:  33.17 (5.28 periods), wall: 1.331 hours, Δt:   0.90, CFL: 9.00e-01
i: 264800, t:  331753.9 s, ωt:  33.18 (5.28 periods), wall: 1.331 hours, Δt:   0.89, CFL: 9.00e-01
i: 264900, t:  331844.6 s, ωt:  33.18 (5.28 periods), wall: 1.332 hours, Δt:   0.84, CFL: 9.00e-01
i: 265000, t:  331932.9 s, ωt:  33.19 (5.28 periods), wall: 1.332 hours, Δt:   0.79, CFL: 9.00e-01
i: 265100, t:  332012.7 s, ωt:  33.20 (5.28 periods), wall: 1.333 hours, Δt:   0.90, CFL: 9.00e-01
i: 265200, t:  332101.4 s, ωt:  33.21 (5.29 periods), wall: 1.333 hours, Δt:   0.90, CFL: 9.00e-01
i: 265300, t:  332190.3 s, ωt:  33.22 (5.29 periods), wall: 1.334 hours, Δt:   0.88, CFL: 9.00e-01
i: 265400, t:  332279.1 s, ωt:  33.23 (5.29 periods), wall: 1.334 hours, Δt:   0.90, CFL: 9.00e-01
i: 265500, t:  332364.8 s, ωt:  33.24 (5.29 periods), wall: 1.335 hours, Δt:   0.88, CFL: 9.00e-01
i: 265600, t:  332450.9 s, ωt:  33.25 (5.29 periods), wall: 1.335 hours, Δt:   0.85, CFL: 9.00e-01
i: 265700, t:  332540.2 s, ωt:  33.25 (5.29 periods), wall: 1.336 hours, Δt:   0.86, CFL: 9.00e-01
i: 265800, t:  332630.6 s, ωt:  33.26 (5.29 periods), wall: 1.336 hours, Δt:   0.96, CFL: 9.00e-01
i: 265900, t:  332721.4 s, ωt:  33.27 (5.30 periods), wall: 1.337 hours, Δt:   0.90, CFL: 9.00e-01
i: 266000, t:  332805.7 s, ωt:  33.28 (5.30 periods), wall: 1.337 hours, Δt:   0.81, CFL: 9.00e-01
i: 266100, t:  332895.4 s, ωt:  33.29 (5.30 periods), wall: 1.338 hours, Δt:   1.00, CFL: 9.00e-01
i: 266200, t:  332985.9 s, ωt:  33.30 (5.30 periods), wall: 1.338 hours, Δt:   0.84, CFL: 9.00e-01
i: 266300, t:  333070.0 s, ωt:  33.31 (5.30 periods), wall: 1.339 hours, Δt:   0.95, CFL: 9.00e-01
i: 266400, t:  333155.0 s, ωt:  33.32 (5.30 periods), wall: 1.339 hours, Δt:   0.75, CFL: 9.00e-01
i: 266500, t:  333237.2 s, ωt:  33.32 (5.30 periods), wall: 1.340 hours, Δt:   0.88, CFL: 9.00e-01
i: 266600, t:  333324.7 s, ωt:  33.33 (5.31 periods), wall: 1.340 hours, Δt:   0.87, CFL: 9.00e-01
i: 266700, t:  333410.3 s, ωt:  33.34 (5.31 periods), wall: 1.341 hours, Δt:   0.84, CFL: 9.00e-01
i: 266800, t:  333494.3 s, ωt:  33.35 (5.31 periods), wall: 1.341 hours, Δt:   0.91, CFL: 9.00e-01
i: 266900, t:  333580.8 s, ωt:  33.36 (5.31 periods), wall: 1.342 hours, Δt:   0.80, CFL: 9.00e-01
i: 267000, t:  333660.8 s, ωt:  33.37 (5.31 periods), wall: 1.342 hours, Δt:   0.78, CFL: 9.00e-01
i: 267100, t:  333746.3 s, ωt:  33.37 (5.31 periods), wall: 1.343 hours, Δt:   0.93, CFL: 9.00e-01
i: 267200, t:  333837.3 s, ωt:  33.38 (5.31 periods), wall: 1.343 hours, Δt:   0.93, CFL: 9.00e-01
i: 267300, t:  333930.9 s, ωt:  33.39 (5.31 periods), wall: 1.344 hours, Δt:   1.02, CFL: 9.00e-01
i: 267400, t:  334032.4 s, ωt:  33.40 (5.32 periods), wall: 1.344 hours, Δt:   0.94, CFL: 9.00e-01
i: 267500, t:  334126.5 s, ωt:  33.41 (5.32 periods), wall: 1.345 hours, Δt:   1.02, CFL: 9.00e-01
i: 267600, t:  334228.7 s, ωt:  33.42 (5.32 periods), wall: 1.345 hours, Δt:   0.93, CFL: 9.00e-01
i: 267700, t:  334324.4 s, ωt:  33.43 (5.32 periods), wall: 1.346 hours, Δt:   1.06, CFL: 9.00e-01
i: 267800, t:  334424.3 s, ωt:  33.44 (5.32 periods), wall: 1.346 hours, Δt:   1.01, CFL: 9.00e-01
i: 267900, t:  334522.6 s, ωt:  33.45 (5.32 periods), wall: 1.347 hours, Δt:   0.94, CFL: 9.00e-01
i: 268000, t:  334618.1 s, ωt:  33.46 (5.33 periods), wall: 1.347 hours, Δt:   1.03, CFL: 9.00e-01
i: 268100, t:  334719.2 s, ωt:  33.47 (5.33 periods), wall: 1.347 hours, Δt:   0.95, CFL: 9.00e-01
i: 268200, t:  334814.6 s, ωt:  33.48 (5.33 periods), wall: 1.348 hours, Δt:   0.99, CFL: 9.00e-01
i: 268300, t:  334910.2 s, ωt:  33.49 (5.33 periods), wall: 1.349 hours, Δt:   0.97, CFL: 9.00e-01
i: 268400, t:  335006.0 s, ωt:  33.50 (5.33 periods), wall: 1.349 hours, Δt:   0.91, CFL: 9.00e-01
i: 268500, t:  335096.8 s, ωt:  33.51 (5.33 periods), wall: 1.349 hours, Δt:   0.97, CFL: 9.00e-01
i: 268600, t:  335197.0 s, ωt:  33.52 (5.33 periods), wall: 1.350 hours, Δt:   1.08, CFL: 9.00e-01
i: 268700, t:  335300.3 s, ωt:  33.53 (5.34 periods), wall: 1.351 hours, Δt:   0.92, CFL: 9.00e-01
i: 268800, t:  335393.4 s, ωt:  33.54 (5.34 periods), wall: 1.351 hours, Δt:   0.94, CFL: 9.00e-01
i: 268900, t:  335497.6 s, ωt:  33.55 (5.34 periods), wall: 1.351 hours, Δt:   1.12, CFL: 9.00e-01
i: 269000, t:  335608.8 s, ωt:  33.56 (5.34 periods), wall: 1.352 hours, Δt:   1.15, CFL: 9.00e-01
i: 269100, t:  335716.6 s, ωt:  33.57 (5.34 periods), wall: 1.353 hours, Δt:   1.11, CFL: 9.00e-01
i: 269200, t:  335817.2 s, ωt:  33.58 (5.34 periods), wall: 1.353 hours, Δt:   1.07, CFL: 9.00e-01
i: 269300, t:  335925.8 s, ωt:  33.59 (5.35 periods), wall: 1.354 hours, Δt:   0.97, CFL: 9.00e-01
i: 269400, t:  336028.6 s, ωt:  33.60 (5.35 periods), wall: 1.354 hours, Δt:   1.06, CFL: 9.00e-01
i: 269500, t:  336136.9 s, ωt:  33.61 (5.35 periods), wall: 1.355 hours, Δt:   0.94, CFL: 9.00e-01
i: 269600, t:  336223.5 s, ωt:  33.62 (5.35 periods), wall: 1.355 hours, Δt:   0.94, CFL: 9.00e-01
i: 269700, t:  336332.3 s, ωt:  33.63 (5.35 periods), wall: 1.356 hours, Δt:   1.01, CFL: 9.00e-01
i: 269800, t:  336435.7 s, ωt:  33.64 (5.35 periods), wall: 1.356 hours, Δt:   1.12, CFL: 9.00e-01
i: 269900, t:  336544.9 s, ωt:  33.65 (5.36 periods), wall: 1.357 hours, Δt:   1.06, CFL: 9.00e-01
i: 270000, t:  336639.2 s, ωt:  33.66 (5.36 periods), wall: 1.357 hours, Δt:   0.90, CFL: 9.00e-01
i: 270100, t:  336753.3 s, ωt:  33.68 (5.36 periods), wall: 1.358 hours, Δt:   1.23, CFL: 9.00e-01
i: 270200, t:  336868.0 s, ωt:  33.69 (5.36 periods), wall: 1.358 hours, Δt:   1.14, CFL: 9.00e-01
i: 270300, t:  336980.5 s, ωt:  33.70 (5.36 periods), wall: 1.359 hours, Δt:   1.18, CFL: 9.00e-01
i: 270400, t:  337100.1 s, ωt:  33.71 (5.37 periods), wall: 1.359 hours, Δt:   1.16, CFL: 9.00e-01
i: 270500, t:  337213.2 s, ωt:  33.72 (5.37 periods), wall: 1.360 hours, Δt:   1.13, CFL: 9.00e-01
i: 270600, t:  337328.9 s, ωt:  33.73 (5.37 periods), wall: 1.360 hours, Δt:   1.18, CFL: 9.00e-01
i: 270700, t:  337449.4 s, ωt:  33.74 (5.37 periods), wall: 1.361 hours, Δt:   1.08, CFL: 9.00e-01
i: 270800, t:  337557.0 s, ωt:  33.76 (5.37 periods), wall: 1.361 hours, Δt:   1.14, CFL: 9.00e-01
i: 270900, t:  337673.9 s, ωt:  33.77 (5.37 periods), wall: 1.362 hours, Δt:   1.29, CFL: 9.00e-01
i: 271000, t:  337800.7 s, ωt:  33.78 (5.38 periods), wall: 1.362 hours, Δt:   1.33, CFL: 9.00e-01
i: 271100, t:  337928.2 s, ωt:  33.79 (5.38 periods), wall: 1.363 hours, Δt:   1.24, CFL: 9.00e-01
i: 271200, t:  338054.1 s, ωt:  33.81 (5.38 periods), wall: 1.363 hours, Δt:   1.24, CFL: 9.00e-01
i: 271300, t:  338176.1 s, ωt:  33.82 (5.38 periods), wall: 1.364 hours, Δt:   1.28, CFL: 9.00e-01
i: 271400, t:  338301.1 s, ωt:  33.83 (5.38 periods), wall: 1.364 hours, Δt:   1.25, CFL: 9.00e-01
i: 271500, t:  338421.7 s, ωt:  33.84 (5.39 periods), wall: 1.365 hours, Δt:   1.12, CFL: 9.00e-01
i: 271600, t:  338542.8 s, ωt:  33.85 (5.39 periods), wall: 1.365 hours, Δt:   1.26, CFL: 9.00e-01
i: 271700, t:  338651.9 s, ωt:  33.87 (5.39 periods), wall: 1.366 hours, Δt:   1.24, CFL: 9.00e-01
i: 271800, t:  338769.4 s, ωt:  33.88 (5.39 periods), wall: 1.366 hours, Δt:   1.28, CFL: 9.00e-01
i: 271900, t:  338892.3 s, ωt:  33.89 (5.39 periods), wall: 1.367 hours, Δt:   1.30, CFL: 9.00e-01
i: 272000, t:  339025.9 s, ωt:  33.90 (5.40 periods), wall: 1.367 hours, Δt:   1.46, CFL: 9.00e-01
i: 272100, t:  339159.6 s, ωt:  33.92 (5.40 periods), wall: 1.368 hours, Δt:   1.50, CFL: 9.00e-01
i: 272200, t:  339300.2 s, ωt:  33.93 (5.40 periods), wall: 1.368 hours, Δt:   1.39, CFL: 9.00e-01
i: 272300, t:  339439.6 s, ωt:  33.94 (5.40 periods), wall: 1.369 hours, Δt:   1.30, CFL: 9.00e-01
i: 272400, t:  339586.8 s, ωt:  33.96 (5.40 periods), wall: 1.369 hours, Δt:   1.46, CFL: 9.00e-01
i: 272500, t:  339744.8 s, ωt:  33.97 (5.41 periods), wall: 1.370 hours, Δt:   1.55, CFL: 9.00e-01
i: 272600, t:  339890.2 s, ωt:  33.99 (5.41 periods), wall: 1.370 hours, Δt:   1.43, CFL: 9.00e-01
i: 272700, t:  340032.3 s, ωt:  34.00 (5.41 periods), wall: 1.371 hours, Δt:   1.36, CFL: 9.00e-01
i: 272800, t:  340177.5 s, ωt:  34.02 (5.41 periods), wall: 1.371 hours, Δt:   1.37, CFL: 9.00e-01
i: 272900, t:  340306.3 s, ωt:  34.03 (5.42 periods), wall: 1.372 hours, Δt:   1.42, CFL: 8.88e-01
i: 273000, t:  340462.4 s, ωt:  34.05 (5.42 periods), wall: 1.372 hours, Δt:   1.56, CFL: 9.00e-01
i: 273100, t:  340623.3 s, ωt:  34.06 (5.42 periods), wall: 1.373 hours, Δt:   1.51, CFL: 9.00e-01
i: 273200, t:  340791.1 s, ωt:  34.08 (5.42 periods), wall: 1.373 hours, Δt:   1.63, CFL: 9.00e-01
i: 273300, t:  340960.0 s, ωt:  34.10 (5.43 periods), wall: 1.374 hours, Δt:   1.89, CFL: 9.00e-01
i: 273400, t:  341141.2 s, ωt:  34.11 (5.43 periods), wall: 1.374 hours, Δt:   1.83, CFL: 9.00e-01
i: 273500, t:  341301.9 s, ωt:  34.13 (5.43 periods), wall: 1.375 hours, Δt:   1.78, CFL: 9.00e-01
i: 273600, t:  341485.2 s, ωt:  34.15 (5.43 periods), wall: 1.375 hours, Δt:   1.67, CFL: 9.00e-01
i: 273700, t:  341664.8 s, ωt:  34.17 (5.44 periods), wall: 1.376 hours, Δt:   1.99, CFL: 9.00e-01
i: 273800, t:  341865.3 s, ωt:  34.19 (5.44 periods), wall: 1.376 hours, Δt:   1.82, CFL: 9.00e-01
i: 273900, t:  342073.9 s, ωt:  34.21 (5.44 periods), wall: 1.377 hours, Δt:   2.15, CFL: 9.00e-01
i: 274000, t:  342279.9 s, ωt:  34.23 (5.45 periods), wall: 1.377 hours, Δt:   2.02, CFL: 9.00e-01
i: 274100, t:  342504.4 s, ωt:  34.25 (5.45 periods), wall: 1.378 hours, Δt:   2.44, CFL: 9.00e-01
i: 274200, t:  342733.4 s, ωt:  34.27 (5.45 periods), wall: 1.379 hours, Δt:   2.43, CFL: 9.00e-01
i: 274300, t:  342967.4 s, ωt:  34.30 (5.46 periods), wall: 1.379 hours, Δt:   2.31, CFL: 9.00e-01
i: 274400, t:  343234.2 s, ωt:  34.32 (5.46 periods), wall: 1.380 hours, Δt:   2.67, CFL: 9.00e-01
i: 274500, t:  343500.7 s, ωt:  34.35 (5.47 periods), wall: 1.380 hours, Δt:   2.61, CFL: 9.00e-01
i: 274600, t:  343781.5 s, ωt:  34.38 (5.47 periods), wall: 1.381 hours, Δt:   2.85, CFL: 9.00e-01
i: 274700, t:  344079.4 s, ωt:  34.41 (5.48 periods), wall: 1.381 hours, Δt:   3.22, CFL: 9.00e-01
i: 274800, t:  344397.7 s, ωt:  34.44 (5.48 periods), wall: 1.382 hours, Δt:   3.54, CFL: 9.00e-01
i: 274900, t:  344728.4 s, ωt:  34.47 (5.49 periods), wall: 1.383 hours, Δt:   3.50, CFL: 9.00e-01
i: 275000, t:  345048.4 s, ωt:  34.50 (5.49 periods), wall: 1.383 hours, Δt:   3.28, CFL: 9.00e-01
i: 275100, t:  345407.8 s, ωt:  34.54 (5.50 periods), wall: 1.384 hours, Δt:   3.17, CFL: 9.00e-01
i: 275200, t:  345748.2 s, ωt:  34.57 (5.50 periods), wall: 1.385 hours, Δt:   3.58, CFL: 9.00e-01
i: 275300, t:  346086.0 s, ωt:  34.61 (5.51 periods), wall: 1.386 hours, Δt:   3.23, CFL: 9.00e-01
i: 275400, t:  346414.3 s, ωt:  34.64 (5.51 periods), wall: 1.386 hours, Δt:   3.61, CFL: 9.00e-01
i: 275500, t:  346755.8 s, ωt:  34.68 (5.52 periods), wall: 1.387 hours, Δt:   3.30, CFL: 9.00e-01
i: 275600, t:  347087.3 s, ωt:  34.71 (5.52 periods), wall: 1.387 hours, Δt:   3.06, CFL: 9.00e-01
i: 275700, t:  347380.4 s, ωt:  34.74 (5.53 periods), wall: 1.388 hours, Δt:   2.77, CFL: 9.00e-01
i: 275800, t:  347691.1 s, ωt:  34.77 (5.53 periods), wall: 1.389 hours, Δt:   3.39, CFL: 9.00e-01
i: 275900, t:  348003.6 s, ωt:  34.80 (5.54 periods), wall: 1.389 hours, Δt:   2.96, CFL: 9.00e-01
i: 276000, t:  348274.5 s, ωt:  34.83 (5.54 periods), wall: 1.390 hours, Δt:   2.38, CFL: 9.00e-01
i: 276100, t:  348514.1 s, ωt:  34.85 (5.55 periods), wall: 1.391 hours, Δt:   2.38, CFL: 9.00e-01
i: 276200, t:  348734.5 s, ωt:  34.87 (5.55 periods), wall: 1.391 hours, Δt:   1.88, CFL: 9.00e-01
i: 276300, t:  348937.3 s, ωt:  34.89 (5.55 periods), wall: 1.392 hours, Δt:   1.60, CFL: 9.00e-01
i: 276400, t:  349117.3 s, ωt:  34.91 (5.56 periods), wall: 1.392 hours, Δt:   1.87, CFL: 9.00e-01
i: 276500, t:  349310.2 s, ωt:  34.93 (5.56 periods), wall: 1.393 hours, Δt:   1.91, CFL: 9.00e-01
i: 276600, t:  349495.6 s, ωt:  34.95 (5.56 periods), wall: 1.393 hours, Δt:   1.62, CFL: 9.00e-01
i: 276700, t:  349666.1 s, ωt:  34.97 (5.57 periods), wall: 1.394 hours, Δt:   1.61, CFL: 9.00e-01
i: 276800, t:  349840.1 s, ωt:  34.98 (5.57 periods), wall: 1.394 hours, Δt:   1.86, CFL: 9.00e-01
i: 276900, t:  350021.4 s, ωt:  35.00 (5.57 periods), wall: 1.395 hours, Δt:   1.62, CFL: 9.00e-01
i: 277000, t:  350189.2 s, ωt:  35.02 (5.57 periods), wall: 1.395 hours, Δt:   1.69, CFL: 9.00e-01
i: 277100, t:  350354.6 s, ωt:  35.04 (5.58 periods), wall: 1.396 hours, Δt:   1.52, CFL: 9.00e-01
i: 277200, t:  350509.0 s, ωt:  35.05 (5.58 periods), wall: 1.396 hours, Δt:   1.63, CFL: 9.00e-01
i: 277300, t:  350663.0 s, ωt:  35.07 (5.58 periods), wall: 1.397 hours, Δt:   1.62, CFL: 9.00e-01
i: 277400, t:  350818.0 s, ωt:  35.08 (5.58 periods), wall: 1.398 hours, Δt:   1.57, CFL: 9.00e-01
i: 277500, t:  350952.8 s, ωt:  35.10 (5.59 periods), wall: 1.398 hours, Δt:   1.22, CFL: 9.00e-01
i: 277600, t:  351089.6 s, ωt:  35.11 (5.59 periods), wall: 1.399 hours, Δt:   1.53, CFL: 9.00e-01
i: 277700, t:  351229.8 s, ωt:  35.12 (5.59 periods), wall: 1.399 hours, Δt:   1.19, CFL: 9.00e-01
i: 277800, t:  351368.0 s, ωt:  35.14 (5.59 periods), wall: 1.400 hours, Δt:   1.25, CFL: 9.00e-01
i: 277900, t:  351498.6 s, ωt:  35.15 (5.59 periods), wall: 1.400 hours, Δt:   1.38, CFL: 9.00e-01
i: 278000, t:  351636.8 s, ωt:  35.16 (5.60 periods), wall: 1.401 hours, Δt:   1.37, CFL: 9.00e-01
i: 278100, t:  351766.4 s, ωt:  35.18 (5.60 periods), wall: 1.401 hours, Δt:   1.09, CFL: 9.00e-01
i: 278200, t:  351882.2 s, ωt:  35.19 (5.60 periods), wall: 1.402 hours, Δt:   1.28, CFL: 9.00e-01
i: 278300, t:  352006.4 s, ωt:  35.20 (5.60 periods), wall: 1.402 hours, Δt:   1.30, CFL: 9.00e-01
i: 278400, t:  352131.9 s, ωt:  35.21 (5.60 periods), wall: 1.403 hours, Δt:   1.12, CFL: 9.00e-01
i: 278500, t:  352247.3 s, ωt:  35.22 (5.61 periods), wall: 1.403 hours, Δt:   1.31, CFL: 9.00e-01
i: 278600, t:  352366.5 s, ωt:  35.24 (5.61 periods), wall: 1.404 hours, Δt:   1.17, CFL: 9.00e-01
i: 278700, t:  352485.1 s, ωt:  35.25 (5.61 periods), wall: 1.404 hours, Δt:   1.10, CFL: 9.00e-01
i: 278800, t:  352599.6 s, ωt:  35.26 (5.61 periods), wall: 1.405 hours, Δt:   1.07, CFL: 9.00e-01
i: 278900, t:  352714.2 s, ωt:  35.27 (5.61 periods), wall: 1.405 hours, Δt:   1.03, CFL: 9.00e-01
i: 279000, t:  352824.9 s, ωt:  35.28 (5.62 periods), wall: 1.406 hours, Δt:   1.00, CFL: 9.00e-01
i: 279100, t:  352936.7 s, ωt:  35.29 (5.62 periods), wall: 1.406 hours, Δt:   1.13, CFL: 9.00e-01
i: 279200, t:  353052.8 s, ωt:  35.31 (5.62 periods), wall: 1.407 hours, Δt:   0.90, CFL: 9.00e-01
i: 279300, t:  353156.3 s, ωt:  35.32 (5.62 periods), wall: 1.407 hours, Δt:   1.13, CFL: 9.00e-01
i: 279400, t:  353266.4 s, ωt:  35.33 (5.62 periods), wall: 1.408 hours, Δt:   1.16, CFL: 9.00e-01
i: 279500, t:  353381.2 s, ωt:  35.34 (5.62 periods), wall: 1.408 hours, Δt:   1.14, CFL: 9.00e-01
i: 279600, t:  353488.5 s, ωt:  35.35 (5.63 periods), wall: 1.409 hours, Δt:   1.03, CFL: 9.00e-01
i: 279700, t:  353593.5 s, ωt:  35.36 (5.63 periods), wall: 1.409 hours, Δt:   1.14, CFL: 9.00e-01
i: 279800, t:  353700.0 s, ωt:  35.37 (5.63 periods), wall: 1.410 hours, Δt:   1.11, CFL: 9.00e-01
i: 279900, t:  353808.0 s, ωt:  35.38 (5.63 periods), wall: 1.410 hours, Δt:   1.06, CFL: 9.00e-01
i: 280000, t:  353913.2 s, ωt:  35.39 (5.63 periods), wall: 1.411 hours, Δt:   1.08, CFL: 9.00e-01
i: 280100, t:  354026.0 s, ωt:  35.40 (5.63 periods), wall: 1.411 hours, Δt:   1.05, CFL: 9.00e-01
i: 280200, t:  354126.5 s, ωt:  35.41 (5.64 periods), wall: 1.412 hours, Δt:   0.98, CFL: 9.00e-01
i: 280300, t:  354231.5 s, ωt:  35.42 (5.64 periods), wall: 1.412 hours, Δt:   1.12, CFL: 9.00e-01
i: 280400, t:  354333.8 s, ωt:  35.43 (5.64 periods), wall: 1.413 hours, Δt:   1.06, CFL: 9.00e-01
i: 280500, t:  354434.5 s, ωt:  35.44 (5.64 periods), wall: 1.413 hours, Δt:   0.93, CFL: 9.00e-01
i: 280600, t:  354533.9 s, ωt:  35.45 (5.64 periods), wall: 1.414 hours, Δt:   0.99, CFL: 9.00e-01
i: 280700, t:  354637.3 s, ωt:  35.46 (5.64 periods), wall: 1.414 hours, Δt:   1.03, CFL: 9.00e-01
i: 280800, t:  354733.5 s, ωt:  35.47 (5.65 periods), wall: 1.414 hours, Δt:   0.78, CFL: 9.00e-01
i: 280900, t:  354825.8 s, ωt:  35.48 (5.65 periods), wall: 1.415 hours, Δt:   0.81, CFL: 9.00e-01
i: 281000, t:  354914.0 s, ωt:  35.49 (5.65 periods), wall: 1.415 hours, Δt:   0.92, CFL: 9.00e-01
i: 281100, t:  355010.4 s, ωt:  35.50 (5.65 periods), wall: 1.416 hours, Δt:   0.87, CFL: 9.00e-01
i: 281200, t:  355106.9 s, ωt:  35.51 (5.65 periods), wall: 1.417 hours, Δt:   0.95, CFL: 9.00e-01
i: 281300, t:  355208.8 s, ωt:  35.52 (5.65 periods), wall: 1.417 hours, Δt:   0.95, CFL: 9.00e-01
i: 281400, t:  355302.3 s, ωt:  35.53 (5.65 periods), wall: 1.418 hours, Δt:   0.92, CFL: 9.00e-01
i: 281500, t:  355392.9 s, ωt:  35.54 (5.66 periods), wall: 1.418 hours, Δt:   0.80, CFL: 9.00e-01
i: 281600, t:  355486.2 s, ωt:  35.55 (5.66 periods), wall: 1.419 hours, Δt:   0.94, CFL: 9.00e-01
i: 281700, t:  355576.4 s, ωt:  35.56 (5.66 periods), wall: 1.419 hours, Δt:   0.93, CFL: 9.00e-01
i: 281800, t:  355669.4 s, ωt:  35.57 (5.66 periods), wall: 1.420 hours, Δt:   0.93, CFL: 9.00e-01
i: 281900, t:  355766.5 s, ωt:  35.58 (5.66 periods), wall: 1.420 hours, Δt:   0.96, CFL: 9.00e-01
i: 282000, t:  355857.7 s, ωt:  35.59 (5.66 periods), wall: 1.421 hours, Δt:   0.94, CFL: 9.00e-01
i: 282100, t:  355947.2 s, ωt:  35.59 (5.67 periods), wall: 1.421 hours, Δt:   0.96, CFL: 9.00e-01
i: 282200, t:  356038.9 s, ωt:  35.60 (5.67 periods), wall: 1.422 hours, Δt:   0.75, CFL: 9.00e-01
i: 282300, t:  356125.9 s, ωt:  35.61 (5.67 periods), wall: 1.422 hours, Δt:   0.85, CFL: 9.00e-01
i: 282400, t:  356214.4 s, ωt:  35.62 (5.67 periods), wall: 1.423 hours, Δt:   0.99, CFL: 9.00e-01
i: 282500, t:  356308.2 s, ωt:  35.63 (5.67 periods), wall: 1.423 hours, Δt:   0.99, CFL: 9.00e-01
i: 282600, t:  356394.9 s, ωt:  35.64 (5.67 periods), wall: 1.424 hours, Δt:   0.97, CFL: 9.00e-01
i: 282700, t:  356492.0 s, ωt:  35.65 (5.67 periods), wall: 1.424 hours, Δt:   0.94, CFL: 9.00e-01
i: 282800, t:  356579.9 s, ωt:  35.66 (5.68 periods), wall: 1.425 hours, Δt:   0.85, CFL: 9.00e-01
i: 282900, t:  356663.4 s, ωt:  35.67 (5.68 periods), wall: 1.425 hours, Δt:   0.95, CFL: 9.00e-01
i: 283000, t:  356754.3 s, ωt:  35.68 (5.68 periods), wall: 1.426 hours, Δt:   0.85, CFL: 9.00e-01
i: 283100, t:  356846.5 s, ωt:  35.68 (5.68 periods), wall: 1.426 hours, Δt:   0.97, CFL: 9.00e-01
i: 283200, t:  356930.6 s, ωt:  35.69 (5.68 periods), wall: 1.427 hours, Δt:   0.75, CFL: 9.00e-01
i: 283300, t:  357017.1 s, ωt:  35.70 (5.68 periods), wall: 1.427 hours, Δt:   0.84, CFL: 9.00e-01
i: 283400, t:  357108.0 s, ωt:  35.71 (5.68 periods), wall: 1.428 hours, Δt:   0.95, CFL: 9.00e-01
i: 283500, t:  357196.8 s, ωt:  35.72 (5.68 periods), wall: 1.428 hours, Δt:   0.82, CFL: 9.00e-01
i: 283600, t:  357283.9 s, ωt:  35.73 (5.69 periods), wall: 1.429 hours, Δt:   0.91, CFL: 9.00e-01
i: 283700, t:  357366.7 s, ωt:  35.74 (5.69 periods), wall: 1.429 hours, Δt:   0.84, CFL: 9.00e-01
i: 283800, t:  357454.0 s, ωt:  35.75 (5.69 periods), wall: 1.430 hours, Δt:   0.87, CFL: 9.00e-01
i: 283900, t:  357546.0 s, ωt:  35.75 (5.69 periods), wall: 1.430 hours, Δt:   0.92, CFL: 9.00e-01
i: 284000, t:  357637.3 s, ωt:  35.76 (5.69 periods), wall: 1.431 hours, Δt:   0.93, CFL: 9.00e-01
i: 284100, t:  357731.0 s, ωt:  35.77 (5.69 periods), wall: 1.431 hours, Δt:   0.97, CFL: 9.00e-01
i: 284200, t:  357822.3 s, ωt:  35.78 (5.69 periods), wall: 1.432 hours, Δt:   0.84, CFL: 9.00e-01
i: 284300, t:  357902.3 s, ωt:  35.79 (5.70 periods), wall: 1.432 hours, Δt:   0.91, CFL: 9.00e-01
i: 284400, t:  357991.3 s, ωt:  35.80 (5.70 periods), wall: 1.433 hours, Δt:   0.91, CFL: 9.00e-01
i: 284500, t:  358075.6 s, ωt:  35.81 (5.70 periods), wall: 1.433 hours, Δt:   0.77, CFL: 9.00e-01
i: 284600, t:  358160.9 s, ωt:  35.82 (5.70 periods), wall: 1.434 hours, Δt:   0.87, CFL: 9.00e-01
i: 284700, t:  358243.4 s, ωt:  35.82 (5.70 periods), wall: 1.435 hours, Δt:   0.87, CFL: 9.00e-01
i: 284800, t:  358331.1 s, ωt:  35.83 (5.70 periods), wall: 1.435 hours, Δt:   0.71, CFL: 9.00e-01
i: 284900, t:  358413.9 s, ωt:  35.84 (5.70 periods), wall: 1.435 hours, Δt:   0.78, CFL: 9.00e-01
i: 285000, t:  358493.6 s, ωt:  35.85 (5.71 periods), wall: 1.436 hours, Δt:   0.76, CFL: 9.00e-01
i: 285100, t:  358575.4 s, ωt:  35.86 (5.71 periods), wall: 1.436 hours, Δt:   0.75, CFL: 9.00e-01
i: 285200, t:  358663.1 s, ωt:  35.87 (5.71 periods), wall: 1.437 hours, Δt:   0.87, CFL: 9.00e-01
i: 285300, t:  358745.1 s, ωt:  35.87 (5.71 periods), wall: 1.437 hours, Δt:   0.90, CFL: 9.00e-01
i: 285400, t:  358833.3 s, ωt:  35.88 (5.71 periods), wall: 1.438 hours, Δt:   0.87, CFL: 9.00e-01
i: 285500, t:  358920.8 s, ωt:  35.89 (5.71 periods), wall: 1.438 hours, Δt:   0.91, CFL: 9.00e-01
i: 285600, t:  359008.3 s, ωt:  35.90 (5.71 periods), wall: 1.439 hours, Δt:   0.84, CFL: 9.00e-01
i: 285700, t:  359089.6 s, ωt:  35.91 (5.72 periods), wall: 1.439 hours, Δt:   0.69, CFL: 9.00e-01
i: 285800, t:  359168.9 s, ωt:  35.92 (5.72 periods), wall: 1.440 hours, Δt:   0.84, CFL: 9.00e-01
i: 285900, t:  359252.6 s, ωt:  35.93 (5.72 periods), wall: 1.440 hours, Δt:   0.81, CFL: 9.00e-01
i: 286000, t:  359334.9 s, ωt:  35.93 (5.72 periods), wall: 1.441 hours, Δt:   0.72, CFL: 9.00e-01
i: 286100, t:  359412.7 s, ωt:  35.94 (5.72 periods), wall: 1.441 hours, Δt:   0.75, CFL: 9.00e-01
i: 286200, t:  359497.6 s, ωt:  35.95 (5.72 periods), wall: 1.442 hours, Δt:   0.86, CFL: 9.00e-01
i: 286300, t:  359582.6 s, ωt:  35.96 (5.72 periods), wall: 1.442 hours, Δt:   0.88, CFL: 9.00e-01
i: 286400, t:  359675.5 s, ωt:  35.97 (5.72 periods), wall: 1.443 hours, Δt:   0.97, CFL: 9.00e-01
i: 286500, t:  359763.0 s, ωt:  35.98 (5.73 periods), wall: 1.443 hours, Δt:   0.89, CFL: 9.00e-01
i: 286600, t:  359850.9 s, ωt:  35.99 (5.73 periods), wall: 1.444 hours, Δt:   0.97, CFL: 9.00e-01
i: 286700, t:  359935.8 s, ωt:  35.99 (5.73 periods), wall: 1.444 hours, Δt:   0.83, CFL: 9.00e-01
i: 286800, t:  360012.0 s, ωt:  36.00 (5.73 periods), wall: 1.445 hours, Δt:   0.82, CFL: 9.00e-01
i: 286900, t:  360094.6 s, ωt:  36.01 (5.73 periods), wall: 1.445 hours, Δt:   0.77, CFL: 9.00e-01
i: 287000, t:  360169.4 s, ωt:  36.02 (5.73 periods), wall: 1.446 hours, Δt:   0.85, CFL: 9.00e-01
i: 287100, t:  360254.0 s, ωt:  36.03 (5.73 periods), wall: 1.446 hours, Δt:   0.78, CFL: 9.00e-01
i: 287200, t:  360335.3 s, ωt:  36.03 (5.73 periods), wall: 1.446 hours, Δt:   0.85, CFL: 9.00e-01
i: 287300, t:  360417.6 s, ωt:  36.04 (5.74 periods), wall: 1.447 hours, Δt:   0.84, CFL: 9.00e-01
i: 287400, t:  360499.9 s, ωt:  36.05 (5.74 periods), wall: 1.447 hours, Δt:   0.84, CFL: 9.00e-01
i: 287500, t:  360583.8 s, ωt:  36.06 (5.74 periods), wall: 1.448 hours, Δt:   0.80, CFL: 9.00e-01
i: 287600, t:  360666.1 s, ωt:  36.07 (5.74 periods), wall: 1.449 hours, Δt:   0.95, CFL: 9.00e-01
i: 287700, t:  360750.0 s, ωt:  36.07 (5.74 periods), wall: 1.449 hours, Δt:   0.81, CFL: 9.00e-01
i: 287800, t:  360834.5 s, ωt:  36.08 (5.74 periods), wall: 1.449 hours, Δt:   0.84, CFL: 9.00e-01
i: 287900, t:  360916.6 s, ωt:  36.09 (5.74 periods), wall: 1.450 hours, Δt:   0.80, CFL: 9.00e-01
i: 288000, t:  360996.1 s, ωt:  36.10 (5.75 periods), wall: 1.451 hours, Δt:   0.81, CFL: 9.00e-01
i: 288100, t:  361086.2 s, ωt:  36.11 (5.75 periods), wall: 1.451 hours, Δt:   0.82, CFL: 9.00e-01
i: 288200, t:  361176.2 s, ωt:  36.12 (5.75 periods), wall: 1.451 hours, Δt:   0.76, CFL: 9.00e-01
i: 288300, t:  361258.9 s, ωt:  36.13 (5.75 periods), wall: 1.452 hours, Δt:   0.82, CFL: 9.00e-01
i: 288400, t:  361341.6 s, ωt:  36.13 (5.75 periods), wall: 1.453 hours, Δt:   0.90, CFL: 9.00e-01
i: 288500, t:  361425.0 s, ωt:  36.14 (5.75 periods), wall: 1.453 hours, Δt:   0.93, CFL: 9.00e-01
i: 288600, t:  361514.6 s, ωt:  36.15 (5.75 periods), wall: 1.453 hours, Δt:   0.77, CFL: 9.00e-01
i: 288700, t:  361596.5 s, ωt:  36.16 (5.75 periods), wall: 1.454 hours, Δt:   0.87, CFL: 9.00e-01
i: 288800, t:  361673.6 s, ωt:  36.17 (5.76 periods), wall: 1.454 hours, Δt:   0.74, CFL: 9.00e-01
i: 288900, t:  361757.3 s, ωt:  36.18 (5.76 periods), wall: 1.455 hours, Δt:   0.82, CFL: 9.00e-01
i: 289000, t:  361836.7 s, ωt:  36.18 (5.76 periods), wall: 1.455 hours, Δt:   0.77, CFL: 9.00e-01
i: 289100, t:  361914.5 s, ωt:  36.19 (5.76 periods), wall: 1.456 hours, Δt:   0.73, CFL: 9.00e-01
i: 289200, t:  361992.3 s, ωt:  36.20 (5.76 periods), wall: 1.456 hours, Δt:   0.87, CFL: 9.00e-01
i: 289300, t:  362081.0 s, ωt:  36.21 (5.76 periods), wall: 1.457 hours, Δt:   0.88, CFL: 9.00e-01
i: 289400, t:  362164.8 s, ωt:  36.22 (5.76 periods), wall: 1.457 hours, Δt:   0.70, CFL: 9.00e-01
i: 289500, t:  362242.3 s, ωt:  36.22 (5.77 periods), wall: 1.458 hours, Δt:   0.78, CFL: 9.00e-01
i: 289600, t:  362323.0 s, ωt:  36.23 (5.77 periods), wall: 1.458 hours, Δt:   0.84, CFL: 9.00e-01
i: 289700, t:  362408.7 s, ωt:  36.24 (5.77 periods), wall: 1.459 hours, Δt:   0.88, CFL: 9.00e-01
i: 289800, t:  362497.5 s, ωt:  36.25 (5.77 periods), wall: 1.459 hours, Δt:   0.95, CFL: 9.00e-01
i: 289900, t:  362588.4 s, ωt:  36.26 (5.77 periods), wall: 1.460 hours, Δt:   0.76, CFL: 9.00e-01
i: 290000, t:  362659.5 s, ωt:  36.27 (5.77 periods), wall: 1.460 hours, Δt:   0.87, CFL: 9.00e-01
i: 290100, t:  362746.3 s, ωt:  36.27 (5.77 periods), wall: 1.461 hours, Δt:   0.86, CFL: 9.00e-01
i: 290200, t:  362831.0 s, ωt:  36.28 (5.77 periods), wall: 1.461 hours, Δt:   0.70, CFL: 9.00e-01
i: 290300, t:  362912.3 s, ωt:  36.29 (5.78 periods), wall: 1.462 hours, Δt:   0.89, CFL: 9.00e-01
i: 290400, t:  362998.6 s, ωt:  36.30 (5.78 periods), wall: 1.462 hours, Δt:   0.89, CFL: 9.00e-01
i: 290500, t:  363084.8 s, ωt:  36.31 (5.78 periods), wall: 1.463 hours, Δt:   0.81, CFL: 9.00e-01
i: 290600, t:  363170.8 s, ωt:  36.32 (5.78 periods), wall: 1.463 hours, Δt:   0.86, CFL: 9.00e-01
i: 290700, t:  363258.3 s, ωt:  36.33 (5.78 periods), wall: 1.464 hours, Δt:   0.92, CFL: 9.00e-01
i: 290800, t:  363348.8 s, ωt:  36.33 (5.78 periods), wall: 1.464 hours, Δt:   0.92, CFL: 9.00e-01
i: 290900, t:  363438.6 s, ωt:  36.34 (5.78 periods), wall: 1.464 hours, Δt:   0.80, CFL: 9.00e-01
i: 291000, t:  363525.4 s, ωt:  36.35 (5.79 periods), wall: 1.465 hours, Δt:   0.99, CFL: 9.00e-01
i: 291100, t:  363611.5 s, ωt:  36.36 (5.79 periods), wall: 1.466 hours, Δt:   0.84, CFL: 9.00e-01
i: 291200, t:  363700.1 s, ωt:  36.37 (5.79 periods), wall: 1.466 hours, Δt:   0.91, CFL: 9.00e-01
i: 291300, t:  363791.1 s, ωt:  36.38 (5.79 periods), wall: 1.466 hours, Δt:   0.78, CFL: 9.00e-01
i: 291400, t:  363874.3 s, ωt:  36.39 (5.79 periods), wall: 1.467 hours, Δt:   0.83, CFL: 9.00e-01
i: 291500, t:  363954.7 s, ωt:  36.40 (5.79 periods), wall: 1.468 hours, Δt:   0.84, CFL: 9.00e-01
i: 291600, t:  364041.3 s, ωt:  36.40 (5.79 periods), wall: 1.468 hours, Δt:   0.80, CFL: 9.00e-01
i: 291700, t:  364127.2 s, ωt:  36.41 (5.80 periods), wall: 1.468 hours, Δt:   0.96, CFL: 9.00e-01
i: 291800, t:  364224.5 s, ωt:  36.42 (5.80 periods), wall: 1.469 hours, Δt:   0.97, CFL: 9.00e-01
i: 291900, t:  364321.7 s, ωt:  36.43 (5.80 periods), wall: 1.469 hours, Δt:   0.93, CFL: 9.00e-01
i: 292000, t:  364416.2 s, ωt:  36.44 (5.80 periods), wall: 1.470 hours, Δt:   1.01, CFL: 9.00e-01
i: 292100, t:  364504.2 s, ωt:  36.45 (5.80 periods), wall: 1.471 hours, Δt:   0.95, CFL: 9.00e-01
i: 292200, t:  364596.3 s, ωt:  36.46 (5.80 periods), wall: 1.471 hours, Δt:   0.88, CFL: 9.00e-01
i: 292300, t:  364686.8 s, ωt:  36.47 (5.80 periods), wall: 1.471 hours, Δt:   0.97, CFL: 9.00e-01
i: 292400, t:  364776.1 s, ωt:  36.48 (5.81 periods), wall: 1.472 hours, Δt:   0.84, CFL: 9.00e-01
i: 292500, t:  364879.1 s, ωt:  36.49 (5.81 periods), wall: 1.472 hours, Δt:   1.05, CFL: 9.00e-01
i: 292600, t:  364970.1 s, ωt:  36.50 (5.81 periods), wall: 1.473 hours, Δt:   0.90, CFL: 9.00e-01
i: 292700, t:  365066.5 s, ωt:  36.51 (5.81 periods), wall: 1.473 hours, Δt:   1.00, CFL: 9.00e-01
i: 292800, t:  365164.7 s, ωt:  36.52 (5.81 periods), wall: 1.474 hours, Δt:   1.03, CFL: 9.00e-01
i: 292900, t:  365260.1 s, ωt:  36.53 (5.81 periods), wall: 1.474 hours, Δt:   1.03, CFL: 9.00e-01
i: 293000, t:  365354.3 s, ωt:  36.54 (5.81 periods), wall: 1.475 hours, Δt:   1.08, CFL: 9.00e-01
i: 293100, t:  365459.0 s, ωt:  36.55 (5.82 periods), wall: 1.475 hours, Δt:   1.05, CFL: 9.00e-01
i: 293200, t:  365562.6 s, ωt:  36.56 (5.82 periods), wall: 1.476 hours, Δt:   1.15, CFL: 9.00e-01
i: 293300, t:  365669.5 s, ωt:  36.57 (5.82 periods), wall: 1.476 hours, Δt:   1.03, CFL: 9.00e-01
i: 293400, t:  365769.8 s, ωt:  36.58 (5.82 periods), wall: 1.477 hours, Δt:   0.85, CFL: 9.00e-01
i: 293500, t:  365867.1 s, ωt:  36.59 (5.82 periods), wall: 1.477 hours, Δt:   1.02, CFL: 9.00e-01
i: 293600, t:  365972.3 s, ωt:  36.60 (5.82 periods), wall: 1.478 hours, Δt:   1.02, CFL: 9.00e-01
i: 293700, t:  366071.4 s, ωt:  36.61 (5.83 periods), wall: 1.478 hours, Δt:   1.03, CFL: 9.00e-01
i: 293800, t:  366170.4 s, ωt:  36.62 (5.83 periods), wall: 1.479 hours, Δt:   0.96, CFL: 9.00e-01
i: 293900, t:  366271.4 s, ωt:  36.63 (5.83 periods), wall: 1.479 hours, Δt:   1.03, CFL: 9.00e-01
i: 294000, t:  366374.9 s, ωt:  36.64 (5.83 periods), wall: 1.480 hours, Δt:   1.06, CFL: 9.00e-01
i: 294100, t:  366472.0 s, ωt:  36.65 (5.83 periods), wall: 1.480 hours, Δt:   0.88, CFL: 9.00e-01
i: 294200, t:  366579.0 s, ωt:  36.66 (5.83 periods), wall: 1.480 hours, Δt:   1.14, CFL: 9.00e-01
i: 294300, t:  366681.8 s, ωt:  36.67 (5.84 periods), wall: 1.481 hours, Δt:   1.02, CFL: 9.00e-01
i: 294400, t:  366783.5 s, ωt:  36.68 (5.84 periods), wall: 1.481 hours, Δt:   1.13, CFL: 9.00e-01
i: 294500, t:  366888.1 s, ωt:  36.69 (5.84 periods), wall: 1.482 hours, Δt:   0.97, CFL: 9.00e-01
i: 294600, t:  366990.4 s, ωt:  36.70 (5.84 periods), wall: 1.483 hours, Δt:   1.01, CFL: 9.00e-01
i: 294700, t:  367092.4 s, ωt:  36.71 (5.84 periods), wall: 1.483 hours, Δt:   0.99, CFL: 9.00e-01
i: 294800, t:  367196.1 s, ωt:  36.72 (5.84 periods), wall: 1.483 hours, Δt:   1.05, CFL: 9.00e-01
i: 294900, t:  367304.6 s, ωt:  36.73 (5.85 periods), wall: 1.484 hours, Δt:   1.14, CFL: 9.00e-01
i: 295000, t:  367413.1 s, ωt:  36.74 (5.85 periods), wall: 1.484 hours, Δt:   1.12, CFL: 9.00e-01
i: 295100, t:  367517.8 s, ωt:  36.75 (5.85 periods), wall: 1.485 hours, Δt:   0.99, CFL: 9.00e-01
i: 295200, t:  367618.8 s, ωt:  36.76 (5.85 periods), wall: 1.485 hours, Δt:   1.11, CFL: 9.00e-01
i: 295300, t:  367734.3 s, ωt:  36.77 (5.85 periods), wall: 1.486 hours, Δt:   1.13, CFL: 9.00e-01
i: 295400, t:  367844.3 s, ωt:  36.78 (5.85 periods), wall: 1.486 hours, Δt:   1.23, CFL: 9.00e-01
i: 295500, t:  367964.5 s, ωt:  36.80 (5.86 periods), wall: 1.487 hours, Δt:   1.12, CFL: 9.00e-01
i: 295600, t:  368070.9 s, ωt:  36.81 (5.86 periods), wall: 1.487 hours, Δt:   1.00, CFL: 9.00e-01
i: 295700, t:  368184.2 s, ωt:  36.82 (5.86 periods), wall: 1.488 hours, Δt:   1.18, CFL: 9.00e-01
i: 295800, t:  368297.1 s, ωt:  36.83 (5.86 periods), wall: 1.488 hours, Δt:   1.08, CFL: 9.00e-01
i: 295900, t:  368405.6 s, ωt:  36.84 (5.86 periods), wall: 1.489 hours, Δt:   1.06, CFL: 9.00e-01
i: 296000, t:  368525.7 s, ωt:  36.85 (5.87 periods), wall: 1.489 hours, Δt:   1.13, CFL: 9.00e-01
i: 296100, t:  368649.2 s, ωt:  36.86 (5.87 periods), wall: 1.490 hours, Δt:   1.08, CFL: 9.00e-01
i: 296200, t:  368762.7 s, ωt:  36.88 (5.87 periods), wall: 1.490 hours, Δt:   1.20, CFL: 9.00e-01
i: 296300, t:  368881.9 s, ωt:  36.89 (5.87 periods), wall: 1.491 hours, Δt:   1.12, CFL: 9.00e-01
i: 296400, t:  368986.3 s, ωt:  36.90 (5.87 periods), wall: 1.491 hours, Δt:   1.14, CFL: 9.00e-01
i: 296500, t:  369094.8 s, ωt:  36.91 (5.87 periods), wall: 1.492 hours, Δt:   1.08, CFL: 9.00e-01
i: 296600, t:  369211.5 s, ωt:  36.92 (5.88 periods), wall: 1.492 hours, Δt:   1.20, CFL: 9.00e-01
i: 296700, t:  369343.9 s, ωt:  36.93 (5.88 periods), wall: 1.493 hours, Δt:   1.35, CFL: 9.00e-01
i: 296800, t:  369473.0 s, ωt:  36.95 (5.88 periods), wall: 1.493 hours, Δt:   1.27, CFL: 9.00e-01
i: 296900, t:  369595.8 s, ωt:  36.96 (5.88 periods), wall: 1.494 hours, Δt:   1.37, CFL: 9.00e-01
i: 297000, t:  369737.0 s, ωt:  36.97 (5.88 periods), wall: 1.494 hours, Δt:   1.26, CFL: 9.00e-01
i: 297100, t:  369868.6 s, ωt:  36.99 (5.89 periods), wall: 1.495 hours, Δt:   1.31, CFL: 9.00e-01
i: 297200, t:  369994.6 s, ωt:  37.00 (5.89 periods), wall: 1.495 hours, Δt:   1.18, CFL: 9.00e-01
i: 297300, t:  370118.3 s, ωt:  37.01 (5.89 periods), wall: 1.496 hours, Δt:   1.42, CFL: 9.00e-01
i: 297400, t:  370260.2 s, ωt:  37.03 (5.89 periods), wall: 1.496 hours, Δt:   1.34, CFL: 9.00e-01
i: 297500, t:  370390.3 s, ωt:  37.04 (5.89 periods), wall: 1.497 hours, Δt:   1.39, CFL: 9.00e-01
i: 297600, t:  370529.7 s, ωt:  37.05 (5.90 periods), wall: 1.497 hours, Δt:   1.21, CFL: 9.00e-01
i: 297700, t:  370668.9 s, ωt:  37.07 (5.90 periods), wall: 1.498 hours, Δt:   1.58, CFL: 9.00e-01
i: 297800, t:  370825.1 s, ωt:  37.08 (5.90 periods), wall: 1.498 hours, Δt:   1.53, CFL: 9.00e-01
i: 297900, t:  370976.5 s, ωt:  37.10 (5.90 periods), wall: 1.499 hours, Δt:   1.44, CFL: 9.00e-01
i: 298000, t:  371115.6 s, ωt:  37.11 (5.91 periods), wall: 1.499 hours, Δt:   1.33, CFL: 9.00e-01
i: 298100, t:  371261.0 s, ωt:  37.13 (5.91 periods), wall: 1.500 hours, Δt:   1.63, CFL: 9.00e-01
i: 298200, t:  371422.6 s, ωt:  37.14 (5.91 periods), wall: 1.500 hours, Δt:   1.67, CFL: 9.00e-01
i: 298300, t:  371584.6 s, ωt:  37.16 (5.91 periods), wall: 1.501 hours, Δt:   1.58, CFL: 9.00e-01
i: 298400, t:  371742.4 s, ωt:  37.17 (5.92 periods), wall: 1.501 hours, Δt:   1.62, CFL: 9.00e-01
i: 298500, t:  371894.9 s, ωt:  37.19 (5.92 periods), wall: 1.502 hours, Δt:   1.73, CFL: 9.00e-01
i: 298600, t:  372064.0 s, ωt:  37.21 (5.92 periods), wall: 1.502 hours, Δt:   1.79, CFL: 9.00e-01
i: 298700, t:  372221.5 s, ωt:  37.22 (5.92 periods), wall: 1.503 hours, Δt:   1.70, CFL: 9.00e-01
i: 298800, t:  372401.7 s, ωt:  37.24 (5.93 periods), wall: 1.503 hours, Δt:   2.07, CFL: 9.00e-01
i: 298900, t:  372581.6 s, ωt:  37.26 (5.93 periods), wall: 1.504 hours, Δt:   1.98, CFL: 9.00e-01
i: 299000, t:  372795.2 s, ωt:  37.28 (5.93 periods), wall: 1.504 hours, Δt:   2.03, CFL: 9.00e-01
i: 299100, t:  373017.5 s, ωt:  37.30 (5.94 periods), wall: 1.505 hours, Δt:   2.14, CFL: 9.00e-01
i: 299200, t:  373248.4 s, ωt:  37.32 (5.94 periods), wall: 1.505 hours, Δt:   2.59, CFL: 9.00e-01
i: 299300, t:  373500.3 s, ωt:  37.35 (5.94 periods), wall: 1.506 hours, Δt:   2.43, CFL: 9.00e-01
i: 299400, t:  373758.2 s, ωt:  37.38 (5.95 periods), wall: 1.506 hours, Δt:   2.72, CFL: 9.00e-01
i: 299500, t:  374030.2 s, ωt:  37.40 (5.95 periods), wall: 1.507 hours, Δt:   2.55, CFL: 9.00e-01
i: 299600, t:  374279.5 s, ωt:  37.43 (5.96 periods), wall: 1.508 hours, Δt:   2.70, CFL: 9.00e-01
i: 299700, t:  374542.7 s, ωt:  37.45 (5.96 periods), wall: 1.508 hours, Δt:   2.80, CFL: 9.00e-01
i: 299800, t:  374853.2 s, ωt:  37.49 (5.97 periods), wall: 1.509 hours, Δt:   3.15, CFL: 9.00e-01
i: 299900, t:  375183.4 s, ωt:  37.52 (5.97 periods), wall: 1.509 hours, Δt:   3.14, CFL: 9.00e-01
i: 300000, t:  375515.9 s, ωt:  37.55 (5.98 periods), wall: 1.510 hours, Δt:   3.58, CFL: 9.00e-01
i: 300100, t:  375854.9 s, ωt:  37.59 (5.98 periods), wall: 1.510 hours, Δt:   3.06, CFL: 9.00e-01
i: 300200, t:  376155.4 s, ωt:  37.62 (5.99 periods), wall: 1.511 hours, Δt:   3.03, CFL: 9.00e-01
i: 300300, t:  376481.0 s, ωt:  37.65 (5.99 periods), wall: 1.511 hours, Δt:   2.96, CFL: 9.00e-01
i: 300400, t:  376781.7 s, ωt:  37.68 (6.00 periods), wall: 1.512 hours, Δt:   3.20, CFL: 9.00e-01
i: 300500, t:  377120.6 s, ωt:  37.71 (6.00 periods), wall: 1.513 hours, Δt:   3.14, CFL: 9.00e-01
i: 300600, t:  377407.8 s, ωt:  37.74 (6.01 periods), wall: 1.514 hours, Δt:   2.71, CFL: 9.00e-01
i: 300700, t:  377716.4 s, ωt:  37.77 (6.01 periods), wall: 1.514 hours, Δt:   2.91, CFL: 9.00e-01
i: 300800, t:  377995.3 s, ωt:  37.80 (6.02 periods), wall: 1.515 hours, Δt:   2.47, CFL: 9.00e-01
i: 300900, t:  378285.8 s, ωt:  37.83 (6.02 periods), wall: 1.515 hours, Δt:   3.08, CFL: 9.00e-01
i: 301000, t:  378573.7 s, ωt:  37.86 (6.03 periods), wall: 1.516 hours, Δt:   2.86, CFL: 9.00e-01
i: 301100, t:  378860.2 s, ωt:  37.89 (6.03 periods), wall: 1.516 hours, Δt:   2.50, CFL: 9.00e-01
i: 301200, t:  379132.2 s, ωt:  37.91 (6.03 periods), wall: 1.517 hours, Δt:   2.54, CFL: 9.00e-01
i: 301300, t:  379359.6 s, ωt:  37.94 (6.04 periods), wall: 1.518 hours, Δt:   2.36, CFL: 9.00e-01
i: 301400, t:  379605.9 s, ωt:  37.96 (6.04 periods), wall: 1.518 hours, Δt:   2.17, CFL: 9.00e-01
i: 301500, t:  379830.3 s, ωt:  37.98 (6.05 periods), wall: 1.519 hours, Δt:   2.48, CFL: 9.00e-01
i: 301600, t:  380055.2 s, ωt:  38.01 (6.05 periods), wall: 1.519 hours, Δt:   2.21, CFL: 9.00e-01
i: 301700, t:  380264.5 s, ωt:  38.03 (6.05 periods), wall: 1.520 hours, Δt:   2.04, CFL: 9.00e-01
i: 301800, t:  380458.4 s, ωt:  38.05 (6.06 periods), wall: 1.520 hours, Δt:   1.94, CFL: 9.00e-01
i: 301900, t:  380658.0 s, ωt:  38.07 (6.06 periods), wall: 1.521 hours, Δt:   1.92, CFL: 9.00e-01
i: 302000, t:  380830.6 s, ωt:  38.08 (6.06 periods), wall: 1.521 hours, Δt:   1.79, CFL: 9.00e-01
i: 302100, t:  381003.7 s, ωt:  38.10 (6.06 periods), wall: 1.522 hours, Δt:   1.76, CFL: 9.00e-01
i: 302200, t:  381183.6 s, ωt:  38.12 (6.07 periods), wall: 1.522 hours, Δt:   1.53, CFL: 9.00e-01
i: 302300, t:  381340.1 s, ωt:  38.13 (6.07 periods), wall: 1.523 hours, Δt:   1.42, CFL: 9.00e-01
i: 302400, t:  381495.0 s, ωt:  38.15 (6.07 periods), wall: 1.523 hours, Δt:   1.71, CFL: 9.00e-01
i: 302500, t:  381653.4 s, ωt:  38.17 (6.07 periods), wall: 1.524 hours, Δt:   1.45, CFL: 9.00e-01
i: 302600, t:  381802.4 s, ωt:  38.18 (6.08 periods), wall: 1.524 hours, Δt:   1.44, CFL: 9.00e-01
i: 302700, t:  381947.9 s, ωt:  38.19 (6.08 periods), wall: 1.525 hours, Δt:   1.40, CFL: 9.00e-01
i: 302800, t:  382091.7 s, ωt:  38.21 (6.08 periods), wall: 1.525 hours, Δt:   1.53, CFL: 9.00e-01
i: 302900, t:  382245.7 s, ωt:  38.22 (6.08 periods), wall: 1.526 hours, Δt:   1.46, CFL: 9.00e-01
i: 303000, t:  382379.5 s, ωt:  38.24 (6.09 periods), wall: 1.526 hours, Δt:   1.32, CFL: 9.00e-01
i: 303100, t:  382520.5 s, ωt:  38.25 (6.09 periods), wall: 1.527 hours, Δt:   1.37, CFL: 9.00e-01
i: 303200, t:  382659.9 s, ωt:  38.27 (6.09 periods), wall: 1.527 hours, Δt:   1.36, CFL: 9.00e-01
i: 303300, t:  382800.0 s, ωt:  38.28 (6.09 periods), wall: 1.528 hours, Δt:   1.47, CFL: 9.00e-01
i: 303400, t:  382942.4 s, ωt:  38.29 (6.09 periods), wall: 1.528 hours, Δt:   1.28, CFL: 9.00e-01
i: 303500, t:  383078.1 s, ωt:  38.31 (6.10 periods), wall: 1.529 hours, Δt:   1.52, CFL: 9.00e-01
i: 303600, t:  383220.2 s, ωt:  38.32 (6.10 periods), wall: 1.529 hours, Δt:   1.44, CFL: 9.00e-01
i: 303700, t:  383348.6 s, ωt:  38.33 (6.10 periods), wall: 1.530 hours, Δt:   1.27, CFL: 9.00e-01
i: 303800, t:  383470.0 s, ωt:  38.35 (6.10 periods), wall: 1.530 hours, Δt:   1.29, CFL: 9.00e-01
i: 303900, t:  383591.6 s, ωt:  38.36 (6.11 periods), wall: 1.531 hours, Δt:   1.17, CFL: 9.00e-01
i: 304000, t:  383715.3 s, ωt:  38.37 (6.11 periods), wall: 1.531 hours, Δt:   1.14, CFL: 9.00e-01
i: 304100, t:  383836.8 s, ωt:  38.38 (6.11 periods), wall: 1.532 hours, Δt:   1.35, CFL: 9.00e-01
i: 304200, t:  383960.7 s, ωt:  38.40 (6.11 periods), wall: 1.532 hours, Δt:   1.22, CFL: 9.00e-01
i: 304300, t:  384080.4 s, ωt:  38.41 (6.11 periods), wall: 1.533 hours, Δt:   1.34, CFL: 9.00e-01
i: 304400, t:  384201.2 s, ωt:  38.42 (6.11 periods), wall: 1.533 hours, Δt:   1.31, CFL: 9.00e-01
i: 304500, t:  384316.7 s, ωt:  38.43 (6.12 periods), wall: 1.534 hours, Δt:   1.09, CFL: 9.00e-01
i: 304600, t:  384434.8 s, ωt:  38.44 (6.12 periods), wall: 1.534 hours, Δt:   1.15, CFL: 9.00e-01
i: 304700, t:  384548.7 s, ωt:  38.45 (6.12 periods), wall: 1.535 hours, Δt:   1.25, CFL: 9.00e-01
i: 304800, t:  384669.3 s, ωt:  38.47 (6.12 periods), wall: 1.535 hours, Δt:   1.20, CFL: 9.00e-01
i: 304900, t:  384781.3 s, ωt:  38.48 (6.12 periods), wall: 1.536 hours, Δt:   0.94, CFL: 9.00e-01
i: 305000, t:  384888.5 s, ωt:  38.49 (6.13 periods), wall: 1.536 hours, Δt:   1.12, CFL: 9.00e-01
i: 305100, t:  385003.1 s, ωt:  38.50 (6.13 periods), wall: 1.537 hours, Δt:   1.06, CFL: 9.00e-01
i: 305200, t:  385110.5 s, ωt:  38.51 (6.13 periods), wall: 1.537 hours, Δt:   1.07, CFL: 9.00e-01
i: 305300, t:  385221.5 s, ωt:  38.52 (6.13 periods), wall: 1.538 hours, Δt:   1.08, CFL: 9.00e-01
i: 305400, t:  385316.3 s, ωt:  38.53 (6.13 periods), wall: 1.539 hours, Δt:   0.91, CFL: 9.00e-01
i: 305500, t:  385419.8 s, ωt:  38.54 (6.13 periods), wall: 1.539 hours, Δt:   1.10, CFL: 9.00e-01
i: 305600, t:  385523.5 s, ωt:  38.55 (6.14 periods), wall: 1.540 hours, Δt:   1.02, CFL: 9.00e-01
i: 305700, t:  385630.5 s, ωt:  38.56 (6.14 periods), wall: 1.540 hours, Δt:   0.99, CFL: 9.00e-01
i: 305800, t:  385736.5 s, ωt:  38.57 (6.14 periods), wall: 1.540 hours, Δt:   0.97, CFL: 9.00e-01
i: 305900, t:  385841.2 s, ωt:  38.58 (6.14 periods), wall: 1.541 hours, Δt:   1.01, CFL: 9.00e-01
i: 306000, t:  385943.0 s, ωt:  38.59 (6.14 periods), wall: 1.541 hours, Δt:   0.98, CFL: 9.00e-01
i: 306100, t:  386044.8 s, ωt:  38.60 (6.14 periods), wall: 1.542 hours, Δt:   1.02, CFL: 9.00e-01
i: 306200, t:  386139.0 s, ωt:  38.61 (6.15 periods), wall: 1.542 hours, Δt:   0.97, CFL: 9.00e-01
i: 306300, t:  386239.7 s, ωt:  38.62 (6.15 periods), wall: 1.543 hours, Δt:   0.98, CFL: 9.00e-01
i: 306400, t:  386341.8 s, ωt:  38.63 (6.15 periods), wall: 1.543 hours, Δt:   1.04, CFL: 9.00e-01
i: 306500, t:  386443.4 s, ωt:  38.64 (6.15 periods), wall: 1.544 hours, Δt:   1.00, CFL: 9.00e-01
i: 306600, t:  386545.7 s, ωt:  38.65 (6.15 periods), wall: 1.544 hours, Δt:   0.96, CFL: 9.00e-01
i: 306700, t:  386634.4 s, ωt:  38.66 (6.15 periods), wall: 1.545 hours, Δt:   0.92, CFL: 9.00e-01
i: 306800, t:  386725.2 s, ωt:  38.67 (6.15 periods), wall: 1.545 hours, Δt:   0.96, CFL: 9.00e-01
i: 306900, t:  386822.1 s, ωt:  38.68 (6.16 periods), wall: 1.546 hours, Δt:   1.01, CFL: 9.00e-01
i: 307000, t:  386915.3 s, ωt:  38.69 (6.16 periods), wall: 1.546 hours, Δt:   0.93, CFL: 9.00e-01
i: 307100, t:  387015.0 s, ωt:  38.70 (6.16 periods), wall: 1.547 hours, Δt:   1.00, CFL: 9.00e-01
i: 307200, t:  387107.2 s, ωt:  38.71 (6.16 periods), wall: 1.547 hours, Δt:   0.95, CFL: 9.00e-01
i: 307300, t:  387203.7 s, ωt:  38.72 (6.16 periods), wall: 1.548 hours, Δt:   0.87, CFL: 9.00e-01
i: 307400, t:  387295.8 s, ωt:  38.73 (6.16 periods), wall: 1.548 hours, Δt:   1.02, CFL: 9.00e-01
i: 307500, t:  387394.2 s, ωt:  38.74 (6.17 periods), wall: 1.549 hours, Δt:   1.00, CFL: 9.00e-01
i: 307600, t:  387488.5 s, ωt:  38.75 (6.17 periods), wall: 1.549 hours, Δt:   0.84, CFL: 9.00e-01
i: 307700, t:  387580.4 s, ωt:  38.76 (6.17 periods), wall: 1.550 hours, Δt:   0.88, CFL: 9.00e-01
i: 307800, t:  387671.8 s, ωt:  38.77 (6.17 periods), wall: 1.550 hours, Δt:   0.94, CFL: 9.00e-01
i: 307900, t:  387763.5 s, ωt:  38.78 (6.17 periods), wall: 1.551 hours, Δt:   0.92, CFL: 9.00e-01
i: 308000, t:  387852.5 s, ωt:  38.79 (6.17 periods), wall: 1.551 hours, Δt:   0.97, CFL: 9.00e-01
i: 308100, t:  387946.3 s, ωt:  38.79 (6.17 periods), wall: 1.552 hours, Δt:   0.93, CFL: 9.00e-01
i: 308200, t:  388034.5 s, ωt:  38.80 (6.18 periods), wall: 1.552 hours, Δt:   0.96, CFL: 9.00e-01
i: 308300, t:  388127.2 s, ωt:  38.81 (6.18 periods), wall: 1.553 hours, Δt:   0.97, CFL: 9.00e-01
i: 308400, t:  388224.2 s, ωt:  38.82 (6.18 periods), wall: 1.553 hours, Δt:   0.94, CFL: 9.00e-01
i: 308500, t:  388317.2 s, ωt:  38.83 (6.18 periods), wall: 1.554 hours, Δt:   0.85, CFL: 9.00e-01
i: 308600, t:  388411.5 s, ωt:  38.84 (6.18 periods), wall: 1.554 hours, Δt:   0.97, CFL: 9.00e-01
i: 308700, t:  388503.4 s, ωt:  38.85 (6.18 periods), wall: 1.555 hours, Δt:   0.94, CFL: 9.00e-01
i: 308800, t:  388590.9 s, ωt:  38.86 (6.18 periods), wall: 1.555 hours, Δt:   0.90, CFL: 9.00e-01
i: 308900, t:  388682.6 s, ωt:  38.87 (6.19 periods), wall: 1.556 hours, Δt:   0.98, CFL: 9.00e-01
i: 309000, t:  388781.0 s, ωt:  38.88 (6.19 periods), wall: 1.556 hours, Δt:   0.95, CFL: 9.00e-01
i: 309100, t:  388877.5 s, ωt:  38.89 (6.19 periods), wall: 1.556 hours, Δt:   0.86, CFL: 9.00e-01
i: 309200, t:  388971.6 s, ωt:  38.90 (6.19 periods), wall: 1.557 hours, Δt:   0.87, CFL: 9.00e-01
i: 309300, t:  389061.2 s, ωt:  38.91 (6.19 periods), wall: 1.558 hours, Δt:   0.82, CFL: 9.00e-01
i: 309400, t:  389146.1 s, ωt:  38.91 (6.19 periods), wall: 1.558 hours, Δt:   0.89, CFL: 9.00e-01
i: 309500, t:  389234.8 s, ωt:  38.92 (6.19 periods), wall: 1.558 hours, Δt:   0.95, CFL: 9.00e-01
i: 309600, t:  389320.7 s, ωt:  38.93 (6.20 periods), wall: 1.559 hours, Δt:   0.88, CFL: 9.00e-01
i: 309700, t:  389409.9 s, ωt:  38.94 (6.20 periods), wall: 1.560 hours, Δt:   0.86, CFL: 9.00e-01
i: 309800, t:  389496.9 s, ωt:  38.95 (6.20 periods), wall: 1.560 hours, Δt:   0.87, CFL: 9.00e-01
i: 309900, t:  389583.2 s, ωt:  38.96 (6.20 periods), wall: 1.561 hours, Δt:   0.83, CFL: 9.00e-01
i: 310000, t:  389663.1 s, ωt:  38.97 (6.20 periods), wall: 1.561 hours, Δt:   0.86, CFL: 9.00e-01
i: 310100, t:  389753.1 s, ωt:  38.98 (6.20 periods), wall: 1.561 hours, Δt:   0.90, CFL: 9.00e-01
i: 310200, t:  389837.9 s, ωt:  38.98 (6.20 periods), wall: 1.562 hours, Δt:   0.93, CFL: 9.00e-01
i: 310300, t:  389923.9 s, ωt:  38.99 (6.21 periods), wall: 1.563 hours, Δt:   0.85, CFL: 9.00e-01
i: 310400, t:  390006.9 s, ωt:  39.00 (6.21 periods), wall: 1.563 hours, Δt:   0.87, CFL: 9.00e-01
i: 310500, t:  390089.2 s, ωt:  39.01 (6.21 periods), wall: 1.563 hours, Δt:   0.89, CFL: 9.00e-01
i: 310600, t:  390176.4 s, ωt:  39.02 (6.21 periods), wall: 1.564 hours, Δt:   0.89, CFL: 9.00e-01
i: 310700, t:  390260.8 s, ωt:  39.03 (6.21 periods), wall: 1.564 hours, Δt:   0.80, CFL: 9.00e-01
i: 310800, t:  390346.0 s, ωt:  39.03 (6.21 periods), wall: 1.565 hours, Δt:   0.72, CFL: 9.00e-01
i: 310900, t:  390428.7 s, ωt:  39.04 (6.21 periods), wall: 1.565 hours, Δt:   0.78, CFL: 9.00e-01
i: 311000, t:  390518.7 s, ωt:  39.05 (6.22 periods), wall: 1.566 hours, Δt:   0.95, CFL: 9.00e-01
i: 311100, t:  390608.5 s, ωt:  39.06 (6.22 periods), wall: 1.566 hours, Δt:   0.79, CFL: 9.00e-01
i: 311200, t:  390700.5 s, ωt:  39.07 (6.22 periods), wall: 1.567 hours, Δt:   0.86, CFL: 9.00e-01
i: 311300, t:  390790.0 s, ωt:  39.08 (6.22 periods), wall: 1.567 hours, Δt:   0.94, CFL: 9.00e-01
i: 311400, t:  390871.7 s, ωt:  39.09 (6.22 periods), wall: 1.568 hours, Δt:   0.77, CFL: 9.00e-01
i: 311500, t:  390958.7 s, ωt:  39.10 (6.22 periods), wall: 1.568 hours, Δt:   0.85, CFL: 9.00e-01
i: 311600, t:  391042.8 s, ωt:  39.10 (6.22 periods), wall: 1.569 hours, Δt:   0.83, CFL: 9.00e-01
i: 311700, t:  391126.8 s, ωt:  39.11 (6.22 periods), wall: 1.569 hours, Δt:   0.76, CFL: 9.00e-01
i: 311800, t:  391206.5 s, ωt:  39.12 (6.23 periods), wall: 1.570 hours, Δt:   0.80, CFL: 9.00e-01
i: 311900, t:  391291.0 s, ωt:  39.13 (6.23 periods), wall: 1.570 hours, Δt:   0.93, CFL: 9.00e-01
i: 312000, t:  391381.2 s, ωt:  39.14 (6.23 periods), wall: 1.571 hours, Δt:   0.87, CFL: 9.00e-01
i: 312100, t:  391468.3 s, ωt:  39.15 (6.23 periods), wall: 1.571 hours, Δt:   0.87, CFL: 9.00e-01
i: 312200, t:  391555.6 s, ωt:  39.16 (6.23 periods), wall: 1.572 hours, Δt:   0.90, CFL: 9.00e-01
i: 312300, t:  391646.3 s, ωt:  39.16 (6.23 periods), wall: 1.572 hours, Δt:   0.93, CFL: 9.00e-01
i: 312400, t:  391728.5 s, ωt:  39.17 (6.23 periods), wall: 1.573 hours, Δt:   0.89, CFL: 9.00e-01
i: 312500, t:  391808.6 s, ωt:  39.18 (6.24 periods), wall: 1.573 hours, Δt:   0.76, CFL: 9.00e-01
i: 312600, t:  391894.8 s, ωt:  39.19 (6.24 periods), wall: 1.573 hours, Δt:   0.92, CFL: 9.00e-01
i: 312700, t:  391983.9 s, ωt:  39.20 (6.24 periods), wall: 1.574 hours, Δt:   0.89, CFL: 9.00e-01
i: 312800, t:  392071.6 s, ωt:  39.21 (6.24 periods), wall: 1.574 hours, Δt:   0.88, CFL: 9.00e-01
i: 312900, t:  392158.3 s, ωt:  39.22 (6.24 periods), wall: 1.575 hours, Δt:   0.81, CFL: 9.00e-01
i: 313000, t:  392242.9 s, ωt:  39.22 (6.24 periods), wall: 1.575 hours, Δt:   0.82, CFL: 9.00e-01
i: 313100, t:  392326.2 s, ωt:  39.23 (6.24 periods), wall: 1.576 hours, Δt:   0.92, CFL: 9.00e-01
i: 313200, t:  392414.8 s, ωt:  39.24 (6.25 periods), wall: 1.576 hours, Δt:   0.75, CFL: 9.00e-01
i: 313300, t:  392497.7 s, ωt:  39.25 (6.25 periods), wall: 1.577 hours, Δt:   0.89, CFL: 9.00e-01
i: 313400, t:  392583.0 s, ωt:  39.26 (6.25 periods), wall: 1.577 hours, Δt:   0.88, CFL: 9.00e-01
i: 313500, t:  392666.9 s, ωt:  39.27 (6.25 periods), wall: 1.578 hours, Δt:   0.90, CFL: 9.00e-01
i: 313600, t:  392745.5 s, ωt:  39.27 (6.25 periods), wall: 1.578 hours, Δt:   0.71, CFL: 9.00e-01
i: 313700, t:  392829.9 s, ωt:  39.28 (6.25 periods), wall: 1.579 hours, Δt:   0.77, CFL: 9.00e-01
i: 313800, t:  392915.7 s, ωt:  39.29 (6.25 periods), wall: 1.579 hours, Δt:   0.94, CFL: 9.00e-01
i: 313900, t:  393004.1 s, ωt:  39.30 (6.25 periods), wall: 1.580 hours, Δt:   0.90, CFL: 9.00e-01
i: 314000, t:  393091.7 s, ωt:  39.31 (6.26 periods), wall: 1.580 hours, Δt:   0.78, CFL: 9.00e-01
i: 314100, t:  393177.8 s, ωt:  39.32 (6.26 periods), wall: 1.581 hours, Δt:   0.83, CFL: 9.00e-01
i: 314200, t:  393268.9 s, ωt:  39.33 (6.26 periods), wall: 1.581 hours, Δt:   0.84, CFL: 9.00e-01
i: 314300, t:  393354.3 s, ωt:  39.34 (6.26 periods), wall: 1.582 hours, Δt:   0.83, CFL: 9.00e-01
i: 314400, t:  393445.7 s, ωt:  39.34 (6.26 periods), wall: 1.582 hours, Δt:   0.88, CFL: 9.00e-01
i: 314500, t:  393529.1 s, ωt:  39.35 (6.26 periods), wall: 1.583 hours, Δt:   0.91, CFL: 9.00e-01
i: 314600, t:  393615.8 s, ωt:  39.36 (6.26 periods), wall: 1.583 hours, Δt:   0.75, CFL: 9.00e-01
i: 314700, t:  393687.6 s, ωt:  39.37 (6.27 periods), wall: 1.584 hours, Δt:   0.75, CFL: 9.00e-01
i: 314800, t:  393761.6 s, ωt:  39.38 (6.27 periods), wall: 1.584 hours, Δt:   0.86, CFL: 9.00e-01
i: 314900, t:  393848.7 s, ωt:  39.38 (6.27 periods), wall: 1.585 hours, Δt:   0.87, CFL: 9.00e-01
i: 315000, t:  393928.1 s, ωt:  39.39 (6.27 periods), wall: 1.585 hours, Δt:   0.87, CFL: 9.00e-01
i: 315100, t:  394014.6 s, ωt:  39.40 (6.27 periods), wall: 1.586 hours, Δt:   0.91, CFL: 9.00e-01
i: 315200, t:  394108.5 s, ωt:  39.41 (6.27 periods), wall: 1.586 hours, Δt:   0.89, CFL: 9.00e-01
i: 315300, t:  394187.7 s, ωt:  39.42 (6.27 periods), wall: 1.586 hours, Δt:   0.80, CFL: 9.00e-01
i: 315400, t:  394269.9 s, ωt:  39.43 (6.27 periods), wall: 1.587 hours, Δt:   0.83, CFL: 9.00e-01
i: 315500, t:  394356.3 s, ωt:  39.44 (6.28 periods), wall: 1.587 hours, Δt:   0.92, CFL: 9.00e-01
i: 315600, t:  394446.3 s, ωt:  39.44 (6.28 periods), wall: 1.588 hours, Δt:   0.89, CFL: 9.00e-01
i: 315700, t:  394536.8 s, ωt:  39.45 (6.28 periods), wall: 1.588 hours, Δt:   0.83, CFL: 9.00e-01
i: 315800, t:  394620.6 s, ωt:  39.46 (6.28 periods), wall: 1.589 hours, Δt:   0.89, CFL: 9.00e-01
i: 315900, t:  394709.4 s, ωt:  39.47 (6.28 periods), wall: 1.589 hours, Δt:   0.98, CFL: 9.00e-01
i: 316000, t:  394794.3 s, ωt:  39.48 (6.28 periods), wall: 1.590 hours, Δt:   0.73, CFL: 9.00e-01
i: 316100, t:  394874.1 s, ωt:  39.49 (6.28 periods), wall: 1.590 hours, Δt:   0.78, CFL: 9.00e-01
i: 316200, t:  394953.5 s, ωt:  39.50 (6.29 periods), wall: 1.591 hours, Δt:   0.90, CFL: 9.00e-01
i: 316300, t:  395040.3 s, ωt:  39.50 (6.29 periods), wall: 1.591 hours, Δt:   0.84, CFL: 9.00e-01
i: 316400, t:  395133.4 s, ωt:  39.51 (6.29 periods), wall: 1.592 hours, Δt:   1.01, CFL: 9.00e-01
i: 316500, t:  395222.6 s, ωt:  39.52 (6.29 periods), wall: 1.592 hours, Δt:   0.81, CFL: 9.00e-01
i: 316600, t:  395314.2 s, ωt:  39.53 (6.29 periods), wall: 1.593 hours, Δt:   0.88, CFL: 9.00e-01
i: 316700, t:  395397.5 s, ωt:  39.54 (6.29 periods), wall: 1.593 hours, Δt:   0.79, CFL: 9.00e-01
i: 316800, t:  395485.8 s, ωt:  39.55 (6.29 periods), wall: 1.594 hours, Δt:   0.95, CFL: 9.00e-01
i: 316900, t:  395575.4 s, ωt:  39.56 (6.30 periods), wall: 1.594 hours, Δt:   0.83, CFL: 9.00e-01
i: 317000, t:  395664.7 s, ωt:  39.57 (6.30 periods), wall: 1.595 hours, Δt:   0.85, CFL: 9.00e-01
i: 317100, t:  395758.7 s, ωt:  39.58 (6.30 periods), wall: 1.595 hours, Δt:   0.91, CFL: 9.00e-01
i: 317200, t:  395848.8 s, ωt:  39.58 (6.30 periods), wall: 1.596 hours, Δt:   0.93, CFL: 9.00e-01
i: 317300, t:  395932.2 s, ωt:  39.59 (6.30 periods), wall: 1.596 hours, Δt:   0.68, CFL: 9.00e-01
i: 317400, t:  396015.7 s, ωt:  39.60 (6.30 periods), wall: 1.597 hours, Δt:   0.98, CFL: 9.00e-01
i: 317500, t:  396098.7 s, ωt:  39.61 (6.30 periods), wall: 1.597 hours, Δt:   0.79, CFL: 9.00e-01
i: 317600, t:  396186.2 s, ωt:  39.62 (6.31 periods), wall: 1.598 hours, Δt:   0.97, CFL: 9.00e-01
i: 317700, t:  396280.8 s, ωt:  39.63 (6.31 periods), wall: 1.598 hours, Δt:   0.96, CFL: 9.00e-01
i: 317800, t:  396373.3 s, ωt:  39.64 (6.31 periods), wall: 1.599 hours, Δt:   0.81, CFL: 9.00e-01
i: 317900, t:  396462.2 s, ωt:  39.65 (6.31 periods), wall: 1.599 hours, Δt:   0.74, CFL: 9.00e-01
i: 318000, t:  396552.1 s, ωt:  39.66 (6.31 periods), wall: 1.600 hours, Δt:   0.96, CFL: 9.00e-01
i: 318100, t:  396648.6 s, ωt:  39.66 (6.31 periods), wall: 1.600 hours, Δt:   0.97, CFL: 9.00e-01
i: 318200, t:  396750.3 s, ωt:  39.68 (6.31 periods), wall: 1.601 hours, Δt:   1.00, CFL: 9.00e-01
i: 318300, t:  396847.2 s, ωt:  39.68 (6.32 periods), wall: 1.601 hours, Δt:   1.05, CFL: 9.00e-01
i: 318400, t:  396939.1 s, ωt:  39.69 (6.32 periods), wall: 1.601 hours, Δt:   1.04, CFL: 9.00e-01
i: 318500, t:  397037.3 s, ωt:  39.70 (6.32 periods), wall: 1.602 hours, Δt:   0.86, CFL: 9.00e-01
i: 318600, t:  397136.1 s, ωt:  39.71 (6.32 periods), wall: 1.603 hours, Δt:   0.91, CFL: 9.00e-01
i: 318700, t:  397236.0 s, ωt:  39.72 (6.32 periods), wall: 1.603 hours, Δt:   1.00, CFL: 9.00e-01
i: 318800, t:  397341.1 s, ωt:  39.73 (6.32 periods), wall: 1.603 hours, Δt:   1.05, CFL: 9.00e-01
i: 318900, t:  397438.8 s, ωt:  39.74 (6.33 periods), wall: 1.604 hours, Δt:   1.02, CFL: 9.00e-01
i: 319000, t:  397541.3 s, ωt:  39.75 (6.33 periods), wall: 1.604 hours, Δt:   0.91, CFL: 9.00e-01
i: 319100, t:  397637.4 s, ωt:  39.76 (6.33 periods), wall: 1.605 hours, Δt:   1.01, CFL: 9.00e-01
i: 319200, t:  397737.3 s, ωt:  39.77 (6.33 periods), wall: 1.605 hours, Δt:   0.92, CFL: 9.00e-01
i: 319300, t:  397830.9 s, ωt:  39.78 (6.33 periods), wall: 1.606 hours, Δt:   1.00, CFL: 9.00e-01
i: 319400, t:  397920.6 s, ωt:  39.79 (6.33 periods), wall: 1.606 hours, Δt:   1.07, CFL: 9.00e-01
i: 319500, t:  398018.0 s, ωt:  39.80 (6.33 periods), wall: 1.607 hours, Δt:   0.98, CFL: 9.00e-01
i: 319600, t:  398117.9 s, ωt:  39.81 (6.34 periods), wall: 1.607 hours, Δt:   1.03, CFL: 9.00e-01
i: 319700, t:  398216.8 s, ωt:  39.82 (6.34 periods), wall: 1.608 hours, Δt:   0.74, CFL: 9.00e-01
i: 319800, t:  398309.5 s, ωt:  39.83 (6.34 periods), wall: 1.608 hours, Δt:   1.10, CFL: 9.00e-01
i: 319900, t:  398414.0 s, ωt:  39.84 (6.34 periods), wall: 1.609 hours, Δt:   1.13, CFL: 9.00e-01
i: 320000, t:  398521.5 s, ωt:  39.85 (6.34 periods), wall: 1.609 hours, Δt:   1.04, CFL: 9.00e-01
i: 320100, t:  398625.2 s, ωt:  39.86 (6.34 periods), wall: 1.610 hours, Δt:   0.99, CFL: 9.00e-01
i: 320200, t:  398725.5 s, ωt:  39.87 (6.35 periods), wall: 1.610 hours, Δt:   0.91, CFL: 9.00e-01
i: 320300, t:  398829.0 s, ωt:  39.88 (6.35 periods), wall: 1.611 hours, Δt:   0.98, CFL: 9.00e-01
i: 320400, t:  398930.7 s, ωt:  39.89 (6.35 periods), wall: 1.611 hours, Δt:   1.04, CFL: 9.00e-01
i: 320500, t:  399040.0 s, ωt:  39.90 (6.35 periods), wall: 1.612 hours, Δt:   0.96, CFL: 9.00e-01
i: 320600, t:  399147.7 s, ωt:  39.91 (6.35 periods), wall: 1.612 hours, Δt:   1.15, CFL: 9.00e-01
i: 320700, t:  399255.5 s, ωt:  39.93 (6.35 periods), wall: 1.613 hours, Δt:   1.13, CFL: 9.00e-01
i: 320800, t:  399360.6 s, ωt:  39.94 (6.36 periods), wall: 1.613 hours, Δt:   1.15, CFL: 9.00e-01
i: 320900, t:  399472.7 s, ωt:  39.95 (6.36 periods), wall: 1.614 hours, Δt:   1.05, CFL: 9.00e-01
i: 321000, t:  399580.0 s, ωt:  39.96 (6.36 periods), wall: 1.614 hours, Δt:   1.02, CFL: 9.00e-01
i: 321100, t:  399686.1 s, ωt:  39.97 (6.36 periods), wall: 1.615 hours, Δt:   1.19, CFL: 9.00e-01
i: 321200, t:  399796.0 s, ωt:  39.98 (6.36 periods), wall: 1.615 hours, Δt:   1.01, CFL: 9.00e-01
i: 321300, t:  399902.1 s, ωt:  39.99 (6.36 periods), wall: 1.616 hours, Δt:   1.15, CFL: 9.00e-01
i: 321400, t:  400016.3 s, ωt:  40.00 (6.37 periods), wall: 1.616 hours, Δt:   1.28, CFL: 9.00e-01
i: 321500, t:  400136.7 s, ωt:  40.01 (6.37 periods), wall: 1.617 hours, Δt:   1.18, CFL: 9.00e-01
i: 321600, t:  400261.3 s, ωt:  40.03 (6.37 periods), wall: 1.617 hours, Δt:   1.26, CFL: 9.00e-01
i: 321700, t:  400387.6 s, ωt:  40.04 (6.37 periods), wall: 1.618 hours, Δt:   1.34, CFL: 9.00e-01
i: 321800, t:  400513.3 s, ωt:  40.05 (6.37 periods), wall: 1.618 hours, Δt:   1.23, CFL: 9.00e-01
i: 321900, t:  400640.6 s, ωt:  40.06 (6.38 periods), wall: 1.619 hours, Δt:   1.39, CFL: 9.00e-01
i: 322000, t:  400773.6 s, ωt:  40.08 (6.38 periods), wall: 1.619 hours, Δt:   1.15, CFL: 9.00e-01
i: 322100, t:  400890.4 s, ωt:  40.09 (6.38 periods), wall: 1.620 hours, Δt:   1.17, CFL: 9.00e-01
i: 322200, t:  401019.6 s, ωt:  40.10 (6.38 periods), wall: 1.620 hours, Δt:   1.34, CFL: 9.00e-01
i: 322300, t:  401142.2 s, ωt:  40.11 (6.38 periods), wall: 1.620 hours, Δt:   1.27, CFL: 9.00e-01
i: 322400, t:  401269.7 s, ωt:  40.13 (6.39 periods), wall: 1.621 hours, Δt:   1.35, CFL: 9.00e-01
i: 322500, t:  401396.4 s, ωt:  40.14 (6.39 periods), wall: 1.622 hours, Δt:   1.32, CFL: 9.00e-01
i: 322600, t:  401528.2 s, ωt:  40.15 (6.39 periods), wall: 1.622 hours, Δt:   1.41, CFL: 9.00e-01
i: 322700, t:  401660.3 s, ωt:  40.17 (6.39 periods), wall: 1.623 hours, Δt:   1.26, CFL: 9.00e-01
i: 322800, t:  401798.7 s, ωt:  40.18 (6.39 periods), wall: 1.623 hours, Δt:   1.37, CFL: 9.00e-01
i: 322900, t:  401939.8 s, ωt:  40.19 (6.40 periods), wall: 1.624 hours, Δt:   1.46, CFL: 9.00e-01
i: 323000, t:  402090.9 s, ωt:  40.21 (6.40 periods), wall: 1.624 hours, Δt:   1.47, CFL: 9.00e-01
i: 323100, t:  402236.7 s, ωt:  40.22 (6.40 periods), wall: 1.625 hours, Δt:   1.46, CFL: 9.00e-01
i: 323200, t:  402373.7 s, ωt:  40.24 (6.40 periods), wall: 1.625 hours, Δt:   1.29, CFL: 9.00e-01
i: 323300, t:  402508.8 s, ωt:  40.25 (6.41 periods), wall: 1.626 hours, Δt:   1.57, CFL: 9.00e-01
i: 323400, t:  402661.8 s, ωt:  40.27 (6.41 periods), wall: 1.626 hours, Δt:   1.53, CFL: 9.00e-01
i: 323500, t:  402806.7 s, ωt:  40.28 (6.41 periods), wall: 1.627 hours, Δt:   1.23, CFL: 9.00e-01
i: 323600, t:  402960.3 s, ωt:  40.30 (6.41 periods), wall: 1.627 hours, Δt:   1.55, CFL: 9.00e-01
i: 323700, t:  403122.9 s, ωt:  40.31 (6.42 periods), wall: 1.628 hours, Δt:   1.66, CFL: 9.00e-01
i: 323800, t:  403280.2 s, ωt:  40.33 (6.42 periods), wall: 1.628 hours, Δt:   1.47, CFL: 9.00e-01
i: 323900, t:  403447.8 s, ωt:  40.34 (6.42 periods), wall: 1.629 hours, Δt:   1.74, CFL: 9.00e-01
i: 324000, t:  403604.7 s, ωt:  40.36 (6.42 periods), wall: 1.629 hours, Δt:   1.71, CFL: 9.00e-01
i: 324100, t:  403762.5 s, ωt:  40.38 (6.43 periods), wall: 1.630 hours, Δt:   1.65, CFL: 9.00e-01
i: 324200, t:  403932.2 s, ωt:  40.39 (6.43 periods), wall: 1.630 hours, Δt:   1.67, CFL: 9.00e-01
i: 324300, t:  404107.5 s, ωt:  40.41 (6.43 periods), wall: 1.631 hours, Δt:   1.60, CFL: 9.00e-01
i: 324400, t:  404267.7 s, ωt:  40.43 (6.43 periods), wall: 1.631 hours, Δt:   1.57, CFL: 9.00e-01
i: 324500, t:  404432.1 s, ωt:  40.44 (6.44 periods), wall: 1.632 hours, Δt:   1.70, CFL: 9.00e-01
i: 324600, t:  404625.8 s, ωt:  40.46 (6.44 periods), wall: 1.632 hours, Δt:   2.20, CFL: 9.00e-01
i: 324700, t:  404833.8 s, ωt:  40.48 (6.44 periods), wall: 1.633 hours, Δt:   2.01, CFL: 9.00e-01
i: 324800, t:  405015.7 s, ωt:  40.50 (6.45 periods), wall: 1.633 hours, Δt:   1.75, CFL: 9.00e-01
i: 324900, t:  405205.9 s, ωt:  40.52 (6.45 periods), wall: 1.634 hours, Δt:   1.93, CFL: 9.00e-01
i: 325000, t:  405437.2 s, ωt:  40.54 (6.45 periods), wall: 1.634 hours, Δt:   2.31, CFL: 9.00e-01
i: 325100, t:  405673.2 s, ωt:  40.57 (6.46 periods), wall: 1.635 hours, Δt:   2.44, CFL: 9.00e-01
i: 325200, t:  405893.7 s, ωt:  40.59 (6.46 periods), wall: 1.635 hours, Δt:   2.31, CFL: 9.00e-01
i: 325300, t:  406135.8 s, ωt:  40.61 (6.46 periods), wall: 1.636 hours, Δt:   2.45, CFL: 9.00e-01
i: 325400, t:  406392.6 s, ωt:  40.64 (6.47 periods), wall: 1.636 hours, Δt:   2.70, CFL: 9.00e-01
i: 325500, t:  406684.5 s, ωt:  40.67 (6.47 periods), wall: 1.637 hours, Δt:   3.35, CFL: 9.00e-01
i: 325600, t:  407048.2 s, ωt:  40.70 (6.48 periods), wall: 1.638 hours, Δt:   3.28, CFL: 9.00e-01
i: 325700, t:  407399.4 s, ωt:  40.74 (6.48 periods), wall: 1.638 hours, Δt:   3.45, CFL: 9.00e-01
i: 325800, t:  407743.5 s, ωt:  40.77 (6.49 periods), wall: 1.639 hours, Δt:   2.83, CFL: 9.00e-01
i: 325900, t:  408044.6 s, ωt:  40.80 (6.49 periods), wall: 1.639 hours, Δt:   3.42, CFL: 9.00e-01
i: 326000, t:  408367.5 s, ωt:  40.84 (6.50 periods), wall: 1.640 hours, Δt:   2.95, CFL: 9.00e-01
i: 326100, t:  408694.4 s, ωt:  40.87 (6.50 periods), wall: 1.641 hours, Δt:   3.79, CFL: 9.00e-01
i: 326200, t:  409048.1 s, ωt:  40.90 (6.51 periods), wall: 1.642 hours, Δt:   3.09, CFL: 9.00e-01
i: 326300, t:  409355.5 s, ωt:  40.94 (6.52 periods), wall: 1.643 hours, Δt:   2.97, CFL: 9.00e-01
i: 326400, t:  409681.6 s, ωt:  40.97 (6.52 periods), wall: 1.643 hours, Δt:   2.75, CFL: 9.00e-01
i: 326500, t:  409971.5 s, ωt:  41.00 (6.52 periods), wall: 1.644 hours, Δt:   2.74, CFL: 9.00e-01
i: 326600, t:  410272.1 s, ωt:  41.03 (6.53 periods), wall: 1.644 hours, Δt:   3.06, CFL: 9.00e-01
i: 326700, t:  410560.8 s, ωt:  41.06 (6.53 periods), wall: 1.645 hours, Δt:   2.60, CFL: 9.00e-01
i: 326800, t:  410832.2 s, ωt:  41.08 (6.54 periods), wall: 1.645 hours, Δt:   2.75, CFL: 9.00e-01
i: 326900, t:  411078.5 s, ωt:  41.11 (6.54 periods), wall: 1.646 hours, Δt:   2.35, CFL: 9.00e-01
i: 327000, t:  411298.7 s, ωt:  41.13 (6.55 periods), wall: 1.646 hours, Δt:   2.42, CFL: 9.00e-01
i: 327100, t:  411531.7 s, ωt:  41.15 (6.55 periods), wall: 1.647 hours, Δt:   2.14, CFL: 9.00e-01
i: 327200, t:  411744.4 s, ωt:  41.17 (6.55 periods), wall: 1.647 hours, Δt:   1.68, CFL: 9.00e-01
i: 327300, t:  411929.6 s, ωt:  41.19 (6.56 periods), wall: 1.648 hours, Δt:   2.03, CFL: 9.00e-01
i: 327400, t:  412127.1 s, ωt:  41.21 (6.56 periods), wall: 1.649 hours, Δt:   1.88, CFL: 9.00e-01
i: 327500, t:  412308.2 s, ωt:  41.23 (6.56 periods), wall: 1.649 hours, Δt:   1.85, CFL: 9.00e-01
i: 327600, t:  412494.9 s, ωt:  41.25 (6.57 periods), wall: 1.650 hours, Δt:   1.78, CFL: 9.00e-01
i: 327700, t:  412666.6 s, ωt:  41.27 (6.57 periods), wall: 1.650 hours, Δt:   1.43, CFL: 9.00e-01
i: 327800, t:  412822.9 s, ωt:  41.28 (6.57 periods), wall: 1.651 hours, Δt:   1.56, CFL: 9.00e-01
i: 327900, t:  412973.1 s, ωt:  41.30 (6.57 periods), wall: 1.651 hours, Δt:   1.60, CFL: 9.00e-01
i: 328000, t:  413132.3 s, ωt:  41.31 (6.58 periods), wall: 1.652 hours, Δt:   1.65, CFL: 9.00e-01
i: 328100, t:  413288.7 s, ωt:  41.33 (6.58 periods), wall: 1.652 hours, Δt:   1.71, CFL: 9.00e-01
i: 328200, t:  413443.0 s, ωt:  41.34 (6.58 periods), wall: 1.653 hours, Δt:   1.42, CFL: 9.00e-01
i: 328300, t:  413595.6 s, ωt:  41.36 (6.58 periods), wall: 1.653 hours, Δt:   1.39, CFL: 9.00e-01
i: 328400, t:  413743.2 s, ωt:  41.37 (6.58 periods), wall: 1.654 hours, Δt:   1.44, CFL: 9.00e-01
i: 328500, t:  413887.1 s, ωt:  41.39 (6.59 periods), wall: 1.654 hours, Δt:   1.56, CFL: 9.00e-01
i: 328600, t:  414032.9 s, ωt:  41.40 (6.59 periods), wall: 1.655 hours, Δt:   1.33, CFL: 9.00e-01
i: 328700, t:  414164.1 s, ωt:  41.42 (6.59 periods), wall: 1.655 hours, Δt:   1.35, CFL: 9.00e-01
i: 328800, t:  414303.4 s, ωt:  41.43 (6.59 periods), wall: 1.656 hours, Δt:   1.39, CFL: 9.00e-01
i: 328900, t:  414434.0 s, ωt:  41.44 (6.60 periods), wall: 1.656 hours, Δt:   1.32, CFL: 9.00e-01
i: 329000, t:  414573.3 s, ωt:  41.46 (6.60 periods), wall: 1.657 hours, Δt:   1.22, CFL: 9.00e-01
i: 329100, t:  414699.8 s, ωt:  41.47 (6.60 periods), wall: 1.657 hours, Δt:   1.25, CFL: 9.00e-01
i: 329200, t:  414821.2 s, ωt:  41.48 (6.60 periods), wall: 1.658 hours, Δt:   1.23, CFL: 9.00e-01
i: 329300, t:  414943.0 s, ωt:  41.49 (6.60 periods), wall: 1.658 hours, Δt:   1.38, CFL: 9.00e-01
i: 329400, t:  415067.2 s, ωt:  41.51 (6.61 periods), wall: 1.659 hours, Δt:   1.25, CFL: 9.00e-01
i: 329500, t:  415188.2 s, ωt:  41.52 (6.61 periods), wall: 1.659 hours, Δt:   1.19, CFL: 9.00e-01
i: 329600, t:  415300.2 s, ωt:  41.53 (6.61 periods), wall: 1.660 hours, Δt:   1.01, CFL: 9.00e-01
i: 329700, t:  415415.3 s, ωt:  41.54 (6.61 periods), wall: 1.660 hours, Δt:   1.36, CFL: 9.00e-01
i: 329800, t:  415537.4 s, ωt:  41.55 (6.61 periods), wall: 1.661 hours, Δt:   1.20, CFL: 9.00e-01
i: 329900, t:  415655.3 s, ωt:  41.57 (6.62 periods), wall: 1.661 hours, Δt:   1.16, CFL: 9.00e-01
i: 330000, t:  415772.7 s, ωt:  41.58 (6.62 periods), wall: 1.662 hours, Δt:   1.16, CFL: 9.00e-01
i: 330100, t:  415891.6 s, ωt:  41.59 (6.62 periods), wall: 1.662 hours, Δt:   1.22, CFL: 9.00e-01
i: 330200, t:  416006.2 s, ωt:  41.60 (6.62 periods), wall: 1.663 hours, Δt:   1.08, CFL: 9.00e-01
i: 330300, t:  416116.8 s, ωt:  41.61 (6.62 periods), wall: 1.663 hours, Δt:   1.08, CFL: 9.00e-01
i: 330400, t:  416233.3 s, ωt:  41.62 (6.62 periods), wall: 1.664 hours, Δt:   1.20, CFL: 9.00e-01
i: 330500, t:  416341.1 s, ωt:  41.63 (6.63 periods), wall: 1.664 hours, Δt:   1.00, CFL: 9.00e-01
i: 330600, t:  416447.1 s, ωt:  41.64 (6.63 periods), wall: 1.665 hours, Δt:   1.13, CFL: 9.00e-01
i: 330700, t:  416554.7 s, ωt:  41.66 (6.63 periods), wall: 1.665 hours, Δt:   1.01, CFL: 9.00e-01
i: 330800, t:  416650.5 s, ωt:  41.67 (6.63 periods), wall: 1.666 hours, Δt:   1.03, CFL: 9.00e-01
i: 330900, t:  416755.3 s, ωt:  41.68 (6.63 periods), wall: 1.666 hours, Δt:   0.98, CFL: 9.00e-01
i: 331000, t:  416861.2 s, ωt:  41.69 (6.63 periods), wall: 1.667 hours, Δt:   1.02, CFL: 9.00e-01
i: 331100, t:  416964.6 s, ωt:  41.70 (6.64 periods), wall: 1.667 hours, Δt:   1.05, CFL: 9.00e-01
i: 331200, t:  417068.1 s, ωt:  41.71 (6.64 periods), wall: 1.668 hours, Δt:   1.04, CFL: 9.00e-01
i: 331300, t:  417174.3 s, ωt:  41.72 (6.64 periods), wall: 1.668 hours, Δt:   1.09, CFL: 9.00e-01
i: 331400, t:  417274.6 s, ωt:  41.73 (6.64 periods), wall: 1.669 hours, Δt:   0.84, CFL: 9.00e-01
i: 331500, t:  417375.3 s, ωt:  41.74 (6.64 periods), wall: 1.669 hours, Δt:   1.01, CFL: 9.00e-01
i: 331600, t:  417471.7 s, ωt:  41.75 (6.64 periods), wall: 1.670 hours, Δt:   0.88, CFL: 9.00e-01
i: 331700, t:  417567.6 s, ωt:  41.76 (6.65 periods), wall: 1.670 hours, Δt:   0.90, CFL: 9.00e-01
i: 331800, t:  417666.7 s, ωt:  41.77 (6.65 periods), wall: 1.671 hours, Δt:   1.05, CFL: 9.00e-01
i: 331900, t:  417762.5 s, ωt:  41.78 (6.65 periods), wall: 1.671 hours, Δt:   1.04, CFL: 9.00e-01
i: 332000, t:  417862.6 s, ωt:  41.79 (6.65 periods), wall: 1.672 hours, Δt:   0.85, CFL: 9.00e-01
i: 332100, t:  417953.7 s, ωt:  41.80 (6.65 periods), wall: 1.672 hours, Δt:   0.96, CFL: 9.00e-01
i: 332200, t:  418051.3 s, ωt:  41.81 (6.65 periods), wall: 1.673 hours, Δt:   0.93, CFL: 9.00e-01
i: 332300, t:  418146.9 s, ωt:  41.81 (6.66 periods), wall: 1.673 hours, Δt:   0.98, CFL: 9.00e-01
i: 332400, t:  418239.6 s, ωt:  41.82 (6.66 periods), wall: 1.674 hours, Δt:   0.91, CFL: 9.00e-01
i: 332500, t:  418333.1 s, ωt:  41.83 (6.66 periods), wall: 1.674 hours, Δt:   0.91, CFL: 9.00e-01
i: 332600, t:  418429.1 s, ωt:  41.84 (6.66 periods), wall: 1.675 hours, Δt:   0.99, CFL: 9.00e-01
i: 332700, t:  418523.1 s, ωt:  41.85 (6.66 periods), wall: 1.675 hours, Δt:   0.92, CFL: 9.00e-01
i: 332800, t:  418616.4 s, ωt:  41.86 (6.66 periods), wall: 1.676 hours, Δt:   0.85, CFL: 9.00e-01
i: 332900, t:  418709.1 s, ωt:  41.87 (6.66 periods), wall: 1.676 hours, Δt:   1.01, CFL: 9.00e-01
i: 333000, t:  418800.2 s, ωt:  41.88 (6.67 periods), wall: 1.677 hours, Δt:   0.73, CFL: 9.00e-01
i: 333100, t:  418885.4 s, ωt:  41.89 (6.67 periods), wall: 1.677 hours, Δt:   1.02, CFL: 9.00e-01
i: 333200, t:  418974.1 s, ωt:  41.90 (6.67 periods), wall: 1.678 hours, Δt:   0.80, CFL: 9.00e-01
i: 333300, t:  419065.3 s, ωt:  41.91 (6.67 periods), wall: 1.678 hours, Δt:   0.97, CFL: 9.00e-01
i: 333400, t:  419159.8 s, ωt:  41.92 (6.67 periods), wall: 1.679 hours, Δt:   0.89, CFL: 9.00e-01
i: 333500, t:  419256.2 s, ωt:  41.93 (6.67 periods), wall: 1.679 hours, Δt:   0.97, CFL: 9.00e-01
i: 333600, t:  419344.0 s, ωt:  41.93 (6.67 periods), wall: 1.679 hours, Δt:   0.91, CFL: 9.00e-01
i: 333700, t:  419431.9 s, ωt:  41.94 (6.68 periods), wall: 1.680 hours, Δt:   0.81, CFL: 9.00e-01
i: 333800, t:  419521.0 s, ωt:  41.95 (6.68 periods), wall: 1.681 hours, Δt:   0.90, CFL: 9.00e-01
i: 333900, t:  419611.8 s, ωt:  41.96 (6.68 periods), wall: 1.681 hours, Δt:   0.95, CFL: 9.00e-01
i: 334000, t:  419695.0 s, ωt:  41.97 (6.68 periods), wall: 1.681 hours, Δt:   0.90, CFL: 9.00e-01
i: 334100, t:  419782.4 s, ωt:  41.98 (6.68 periods), wall: 1.682 hours, Δt:   0.73, CFL: 9.00e-01
i: 334200, t:  419867.3 s, ωt:  41.99 (6.68 periods), wall: 1.682 hours, Δt:   0.84, CFL: 9.00e-01
i: 334300, t:  419952.1 s, ωt:  42.00 (6.68 periods), wall: 1.683 hours, Δt:   0.90, CFL: 9.00e-01
i: 334400, t:  420046.3 s, ωt:  42.00 (6.69 periods), wall: 1.683 hours, Δt:   0.97, CFL: 9.00e-01
i: 334500, t:  420133.6 s, ωt:  42.01 (6.69 periods), wall: 1.684 hours, Δt:   0.81, CFL: 9.00e-01
i: 334600, t:  420216.6 s, ωt:  42.02 (6.69 periods), wall: 1.684 hours, Δt:   0.80, CFL: 9.00e-01
i: 334700, t:  420306.4 s, ωt:  42.03 (6.69 periods), wall: 1.685 hours, Δt:   0.90, CFL: 9.00e-01
i: 334800, t:  420390.8 s, ωt:  42.04 (6.69 periods), wall: 1.685 hours, Δt:   0.83, CFL: 9.00e-01
i: 334900, t:  420475.9 s, ωt:  42.05 (6.69 periods), wall: 1.686 hours, Δt:   0.88, CFL: 9.00e-01
i: 335000, t:  420568.9 s, ωt:  42.06 (6.69 periods), wall: 1.686 hours, Δt:   0.85, CFL: 9.00e-01
i: 335100, t:  420649.0 s, ωt:  42.06 (6.69 periods), wall: 1.687 hours, Δt:   0.80, CFL: 9.00e-01
i: 335200, t:  420731.1 s, ωt:  42.07 (6.70 periods), wall: 1.687 hours, Δt:   0.84, CFL: 9.00e-01
i: 335300, t:  420817.2 s, ωt:  42.08 (6.70 periods), wall: 1.688 hours, Δt:   0.79, CFL: 9.00e-01
i: 335400, t:  420901.4 s, ωt:  42.09 (6.70 periods), wall: 1.688 hours, Δt:   0.75, CFL: 9.00e-01
i: 335500, t:  420974.9 s, ωt:  42.10 (6.70 periods), wall: 1.689 hours, Δt:   0.79, CFL: 9.00e-01
i: 335600, t:  421065.4 s, ωt:  42.11 (6.70 periods), wall: 1.689 hours, Δt:   0.84, CFL: 9.00e-01
i: 335700, t:  421152.5 s, ωt:  42.12 (6.70 periods), wall: 1.690 hours, Δt:   0.91, CFL: 9.00e-01
i: 335800, t:  421243.0 s, ωt:  42.12 (6.70 periods), wall: 1.690 hours, Δt:   0.96, CFL: 9.00e-01
i: 335900, t:  421325.1 s, ωt:  42.13 (6.71 periods), wall: 1.691 hours, Δt:   0.87, CFL: 9.00e-01
i: 336000, t:  421413.6 s, ωt:  42.14 (6.71 periods), wall: 1.691 hours, Δt:   0.90, CFL: 9.00e-01
i: 336100, t:  421495.1 s, ωt:  42.15 (6.71 periods), wall: 1.692 hours, Δt:   0.82, CFL: 9.00e-01
i: 336200, t:  421581.3 s, ωt:  42.16 (6.71 periods), wall: 1.692 hours, Δt:   0.88, CFL: 9.00e-01
i: 336300, t:  421668.7 s, ωt:  42.17 (6.71 periods), wall: 1.693 hours, Δt:   0.96, CFL: 9.00e-01
i: 336400, t:  421746.4 s, ωt:  42.17 (6.71 periods), wall: 1.693 hours, Δt:   0.74, CFL: 9.00e-01
i: 336500, t:  421827.5 s, ωt:  42.18 (6.71 periods), wall: 1.694 hours, Δt:   0.79, CFL: 9.00e-01
i: 336600, t:  421910.6 s, ωt:  42.19 (6.71 periods), wall: 1.694 hours, Δt:   0.79, CFL: 9.00e-01
i: 336700, t:  421995.8 s, ωt:  42.20 (6.72 periods), wall: 1.695 hours, Δt:   0.84, CFL: 9.00e-01
i: 336800, t:  422082.5 s, ωt:  42.21 (6.72 periods), wall: 1.695 hours, Δt:   0.78, CFL: 9.00e-01
i: 336900, t:  422160.8 s, ωt:  42.22 (6.72 periods), wall: 1.696 hours, Δt:   0.74, CFL: 9.00e-01
i: 337000, t:  422239.1 s, ωt:  42.22 (6.72 periods), wall: 1.696 hours, Δt:   0.77, CFL: 9.00e-01
i: 337100, t:  422318.3 s, ωt:  42.23 (6.72 periods), wall: 1.697 hours, Δt:   0.87, CFL: 9.00e-01
i: 337200, t:  422402.8 s, ωt:  42.24 (6.72 periods), wall: 1.697 hours, Δt:   0.71, CFL: 9.00e-01
i: 337300, t:  422482.9 s, ωt:  42.25 (6.72 periods), wall: 1.698 hours, Δt:   0.72, CFL: 9.00e-01
i: 337400, t:  422559.6 s, ωt:  42.26 (6.73 periods), wall: 1.698 hours, Δt:   0.73, CFL: 9.00e-01
i: 337500, t:  422632.8 s, ωt:  42.26 (6.73 periods), wall: 1.699 hours, Δt:   0.83, CFL: 9.00e-01
i: 337600, t:  422716.6 s, ωt:  42.27 (6.73 periods), wall: 1.699 hours, Δt:   0.78, CFL: 9.00e-01
i: 337700, t:  422793.5 s, ωt:  42.28 (6.73 periods), wall: 1.700 hours, Δt:   0.89, CFL: 9.00e-01
i: 337800, t:  422884.6 s, ωt:  42.29 (6.73 periods), wall: 1.700 hours, Δt:   0.94, CFL: 9.00e-01
i: 337900, t:  422972.4 s, ωt:  42.30 (6.73 periods), wall: 1.701 hours, Δt:   0.91, CFL: 9.00e-01
i: 338000, t:  423057.0 s, ωt:  42.31 (6.73 periods), wall: 1.701 hours, Δt:   0.78, CFL: 9.00e-01
i: 338100, t:  423140.5 s, ωt:  42.31 (6.73 periods), wall: 1.701 hours, Δt:   0.91, CFL: 9.00e-01
i: 338200, t:  423224.1 s, ωt:  42.32 (6.74 periods), wall: 1.702 hours, Δt:   0.90, CFL: 9.00e-01
i: 338300, t:  423310.8 s, ωt:  42.33 (6.74 periods), wall: 1.703 hours, Δt:   0.85, CFL: 9.00e-01
i: 338400, t:  423392.9 s, ωt:  42.34 (6.74 periods), wall: 1.703 hours, Δt:   0.83, CFL: 9.00e-01
i: 338500, t:  423479.1 s, ωt:  42.35 (6.74 periods), wall: 1.703 hours, Δt:   0.82, CFL: 9.00e-01
i: 338600, t:  423558.6 s, ωt:  42.36 (6.74 periods), wall: 1.704 hours, Δt:   0.77, CFL: 9.00e-01
i: 338700, t:  423629.9 s, ωt:  42.36 (6.74 periods), wall: 1.705 hours, Δt:   0.69, CFL: 9.00e-01
i: 338800, t:  423703.6 s, ωt:  42.37 (6.74 periods), wall: 1.705 hours, Δt:   0.89, CFL: 9.00e-01
i: 338900, t:  423787.4 s, ωt:  42.38 (6.74 periods), wall: 1.706 hours, Δt:   0.74, CFL: 9.00e-01
i: 339000, t:  423867.4 s, ωt:  42.39 (6.75 periods), wall: 1.706 hours, Δt:   0.79, CFL: 9.00e-01
i: 339100, t:  423954.4 s, ωt:  42.40 (6.75 periods), wall: 1.707 hours, Δt:   0.85, CFL: 9.00e-01
i: 339200, t:  424036.4 s, ωt:  42.40 (6.75 periods), wall: 1.707 hours, Δt:   0.92, CFL: 9.00e-01
i: 339300, t:  424118.1 s, ωt:  42.41 (6.75 periods), wall: 1.708 hours, Δt:   0.74, CFL: 9.00e-01
i: 339400, t:  424194.0 s, ωt:  42.42 (6.75 periods), wall: 1.708 hours, Δt:   0.87, CFL: 9.00e-01
i: 339500, t:  424269.6 s, ωt:  42.43 (6.75 periods), wall: 1.709 hours, Δt:   0.83, CFL: 9.00e-01
i: 339600, t:  424352.7 s, ωt:  42.44 (6.75 periods), wall: 1.709 hours, Δt:   0.79, CFL: 9.00e-01
i: 339700, t:  424431.5 s, ωt:  42.44 (6.76 periods), wall: 1.710 hours, Δt:   0.75, CFL: 9.00e-01
i: 339800, t:  424514.3 s, ωt:  42.45 (6.76 periods), wall: 1.710 hours, Δt:   0.76, CFL: 9.00e-01
i: 339900, t:  424588.6 s, ωt:  42.46 (6.76 periods), wall: 1.710 hours, Δt:   0.73, CFL: 9.00e-01
i: 340000, t:  424662.9 s, ωt:  42.47 (6.76 periods), wall: 1.711 hours, Δt:   0.78, CFL: 9.00e-01
i: 340100, t:  424745.9 s, ωt:  42.47 (6.76 periods), wall: 1.711 hours, Δt:   0.77, CFL: 9.00e-01
i: 340200, t:  424824.9 s, ωt:  42.48 (6.76 periods), wall: 1.712 hours, Δt:   0.83, CFL: 9.00e-01
i: 340300, t:  424908.5 s, ωt:  42.49 (6.76 periods), wall: 1.712 hours, Δt:   0.86, CFL: 9.00e-01
i: 340400, t:  424990.2 s, ωt:  42.50 (6.76 periods), wall: 1.713 hours, Δt:   0.81, CFL: 8.95e-01
i: 340500, t:  425070.0 s, ωt:  42.51 (6.77 periods), wall: 1.713 hours, Δt:   0.92, CFL: 9.00e-01
i: 340600, t:  425157.1 s, ωt:  42.52 (6.77 periods), wall: 1.714 hours, Δt:   0.89, CFL: 9.00e-01
i: 340700, t:  425237.9 s, ωt:  42.52 (6.77 periods), wall: 1.714 hours, Δt:   0.90, CFL: 9.00e-01
i: 340800, t:  425324.7 s, ωt:  42.53 (6.77 periods), wall: 1.715 hours, Δt:   0.77, CFL: 9.00e-01
i: 340900, t:  425413.8 s, ωt:  42.54 (6.77 periods), wall: 1.715 hours, Δt:   0.83, CFL: 9.00e-01
i: 341000, t:  425499.8 s, ωt:  42.55 (6.77 periods), wall: 1.716 hours, Δt:   0.86, CFL: 9.00e-01
i: 341100, t:  425584.2 s, ωt:  42.56 (6.77 periods), wall: 1.716 hours, Δt:   0.87, CFL: 9.00e-01
i: 341200, t:  425669.8 s, ωt:  42.57 (6.77 periods), wall: 1.717 hours, Δt:   0.84, CFL: 9.00e-01
i: 341300, t:  425754.3 s, ωt:  42.58 (6.78 periods), wall: 1.717 hours, Δt:   0.94, CFL: 9.00e-01
i: 341400, t:  425842.8 s, ωt:  42.58 (6.78 periods), wall: 1.718 hours, Δt:   0.93, CFL: 9.00e-01
i: 341500, t:  425932.8 s, ωt:  42.59 (6.78 periods), wall: 1.718 hours, Δt:   0.84, CFL: 9.00e-01
i: 341600, t:  426024.0 s, ωt:  42.60 (6.78 periods), wall: 1.719 hours, Δt:   0.99, CFL: 9.00e-01
i: 341700, t:  426113.4 s, ωt:  42.61 (6.78 periods), wall: 1.719 hours, Δt:   0.93, CFL: 9.00e-01
i: 341800, t:  426202.1 s, ωt:  42.62 (6.78 periods), wall: 1.720 hours, Δt:   0.83, CFL: 9.00e-01
i: 341900, t:  426283.8 s, ωt:  42.63 (6.78 periods), wall: 1.720 hours, Δt:   0.71, CFL: 9.00e-01
i: 342000, t:  426360.9 s, ωt:  42.64 (6.79 periods), wall: 1.721 hours, Δt:   0.72, CFL: 9.00e-01
i: 342100, t:  426444.0 s, ωt:  42.64 (6.79 periods), wall: 1.721 hours, Δt:   0.85, CFL: 9.00e-01
i: 342200, t:  426528.0 s, ωt:  42.65 (6.79 periods), wall: 1.722 hours, Δt:   0.90, CFL: 9.00e-01
i: 342300, t:  426610.1 s, ωt:  42.66 (6.79 periods), wall: 1.722 hours, Δt:   0.83, CFL: 9.00e-01
i: 342400, t:  426692.3 s, ωt:  42.67 (6.79 periods), wall: 1.723 hours, Δt:   0.85, CFL: 9.00e-01
i: 342500, t:  426778.3 s, ωt:  42.68 (6.79 periods), wall: 1.723 hours, Δt:   0.83, CFL: 9.00e-01
i: 342600, t:  426864.7 s, ωt:  42.69 (6.79 periods), wall: 1.724 hours, Δt:   0.87, CFL: 9.00e-01
i: 342700, t:  426948.6 s, ωt:  42.69 (6.80 periods), wall: 1.724 hours, Δt:   0.93, CFL: 9.00e-01
i: 342800, t:  427027.0 s, ωt:  42.70 (6.80 periods), wall: 1.725 hours, Δt:   0.84, CFL: 9.00e-01
i: 342900, t:  427113.3 s, ωt:  42.71 (6.80 periods), wall: 1.725 hours, Δt:   0.86, CFL: 9.00e-01
i: 343000, t:  427198.9 s, ωt:  42.72 (6.80 periods), wall: 1.725 hours, Δt:   0.92, CFL: 9.00e-01
i: 343100, t:  427282.9 s, ωt:  42.73 (6.80 periods), wall: 1.726 hours, Δt:   0.86, CFL: 9.00e-01
i: 343200, t:  427373.0 s, ωt:  42.74 (6.80 periods), wall: 1.727 hours, Δt:   0.84, CFL: 9.00e-01
i: 343300, t:  427456.5 s, ωt:  42.75 (6.80 periods), wall: 1.727 hours, Δt:   0.98, CFL: 9.00e-01
i: 343400, t:  427550.2 s, ωt:  42.76 (6.80 periods), wall: 1.727 hours, Δt:   0.80, CFL: 9.00e-01
i: 343500, t:  427631.4 s, ωt:  42.76 (6.81 periods), wall: 1.728 hours, Δt:   0.86, CFL: 9.00e-01
i: 343600, t:  427720.7 s, ωt:  42.77 (6.81 periods), wall: 1.728 hours, Δt:   0.95, CFL: 9.00e-01
i: 343700, t:  427814.4 s, ωt:  42.78 (6.81 periods), wall: 1.729 hours, Δt:   0.88, CFL: 9.00e-01
i: 343800, t:  427907.7 s, ωt:  42.79 (6.81 periods), wall: 1.729 hours, Δt:   0.92, CFL: 9.00e-01
i: 343900, t:  428000.7 s, ωt:  42.80 (6.81 periods), wall: 1.730 hours, Δt:   0.83, CFL: 9.00e-01
i: 344000, t:  428091.8 s, ωt:  42.81 (6.81 periods), wall: 1.730 hours, Δt:   0.96, CFL: 9.00e-01
i: 344100, t:  428179.0 s, ωt:  42.82 (6.81 periods), wall: 1.731 hours, Δt:   0.86, CFL: 9.00e-01
i: 344200, t:  428272.6 s, ωt:  42.83 (6.82 periods), wall: 1.731 hours, Δt:   0.91, CFL: 9.00e-01
i: 344300, t:  428361.6 s, ωt:  42.84 (6.82 periods), wall: 1.732 hours, Δt:   1.01, CFL: 9.00e-01
i: 344400, t:  428455.4 s, ωt:  42.85 (6.82 periods), wall: 1.732 hours, Δt:   0.86, CFL: 9.00e-01
i: 344500, t:  428547.1 s, ωt:  42.85 (6.82 periods), wall: 1.733 hours, Δt:   1.06, CFL: 9.00e-01
i: 344600, t:  428646.9 s, ωt:  42.86 (6.82 periods), wall: 1.733 hours, Δt:   0.90, CFL: 9.00e-01
i: 344700, t:  428742.1 s, ωt:  42.87 (6.82 periods), wall: 1.734 hours, Δt:   0.90, CFL: 9.00e-01
i: 344800, t:  428837.4 s, ωt:  42.88 (6.83 periods), wall: 1.734 hours, Δt:   0.96, CFL: 9.00e-01
i: 344900, t:  428927.4 s, ωt:  42.89 (6.83 periods), wall: 1.735 hours, Δt:   0.81, CFL: 9.00e-01
i: 345000, t:  429023.1 s, ωt:  42.90 (6.83 periods), wall: 1.735 hours, Δt:   0.90, CFL: 9.00e-01
i: 345100, t:  429111.0 s, ωt:  42.91 (6.83 periods), wall: 1.736 hours, Δt:   0.85, CFL: 9.00e-01
i: 345200, t:  429201.5 s, ωt:  42.92 (6.83 periods), wall: 1.736 hours, Δt:   1.00, CFL: 9.00e-01
i: 345300, t:  429301.4 s, ωt:  42.93 (6.83 periods), wall: 1.737 hours, Δt:   0.96, CFL: 9.00e-01
i: 345400, t:  429397.3 s, ωt:  42.94 (6.83 periods), wall: 1.737 hours, Δt:   0.95, CFL: 9.00e-01
i: 345500, t:  429494.1 s, ωt:  42.95 (6.84 periods), wall: 1.738 hours, Δt:   0.93, CFL: 9.00e-01
i: 345600, t:  429590.5 s, ωt:  42.96 (6.84 periods), wall: 1.738 hours, Δt:   0.96, CFL: 9.00e-01
i: 345700, t:  429687.9 s, ωt:  42.97 (6.84 periods), wall: 1.739 hours, Δt:   0.86, CFL: 9.00e-01
i: 345800, t:  429787.2 s, ωt:  42.98 (6.84 periods), wall: 1.739 hours, Δt:   1.05, CFL: 9.00e-01
i: 345900, t:  429889.1 s, ωt:  42.99 (6.84 periods), wall: 1.740 hours, Δt:   1.07, CFL: 9.00e-01
i: 346000, t:  429988.1 s, ωt:  43.00 (6.84 periods), wall: 1.740 hours, Δt:   1.03, CFL: 9.00e-01
i: 346100, t:  430090.9 s, ωt:  43.01 (6.85 periods), wall: 1.741 hours, Δt:   1.12, CFL: 9.00e-01
i: 346200, t:  430197.2 s, ωt:  43.02 (6.85 periods), wall: 1.741 hours, Δt:   1.09, CFL: 9.00e-01
i: 346300, t:  430306.6 s, ωt:  43.03 (6.85 periods), wall: 1.741 hours, Δt:   1.01, CFL: 9.00e-01
i: 346400, t:  430404.9 s, ωt:  43.04 (6.85 periods), wall: 1.742 hours, Δt:   0.96, CFL: 9.00e-01
i: 346500, t:  430506.0 s, ωt:  43.05 (6.85 periods), wall: 1.742 hours, Δt:   0.94, CFL: 9.00e-01
i: 346600, t:  430598.0 s, ωt:  43.06 (6.85 periods), wall: 1.743 hours, Δt:   0.95, CFL: 9.00e-01
i: 346700, t:  430697.2 s, ωt:  43.07 (6.85 periods), wall: 1.743 hours, Δt:   0.81, CFL: 9.00e-01
i: 346800, t:  430789.0 s, ωt:  43.08 (6.86 periods), wall: 1.744 hours, Δt:   0.93, CFL: 9.00e-01
i: 346900, t:  430878.5 s, ωt:  43.09 (6.86 periods), wall: 1.744 hours, Δt:   0.84, CFL: 9.00e-01
i: 347000, t:  430974.9 s, ωt:  43.10 (6.86 periods), wall: 1.745 hours, Δt:   1.07, CFL: 9.00e-01
i: 347100, t:  431078.9 s, ωt:  43.11 (6.86 periods), wall: 1.745 hours, Δt:   1.03, CFL: 9.00e-01
i: 347200, t:  431181.7 s, ωt:  43.12 (6.86 periods), wall: 1.746 hours, Δt:   0.99, CFL: 9.00e-01
i: 347300, t:  431284.3 s, ωt:  43.13 (6.86 periods), wall: 1.746 hours, Δt:   1.15, CFL: 9.00e-01
i: 347400, t:  431397.5 s, ωt:  43.14 (6.87 periods), wall: 1.747 hours, Δt:   1.17, CFL: 9.00e-01
i: 347500, t:  431510.3 s, ωt:  43.15 (6.87 periods), wall: 1.747 hours, Δt:   1.13, CFL: 9.00e-01
i: 347600, t:  431620.0 s, ωt:  43.16 (6.87 periods), wall: 1.748 hours, Δt:   1.19, CFL: 9.00e-01
i: 347700, t:  431734.0 s, ωt:  43.17 (6.87 periods), wall: 1.748 hours, Δt:   1.04, CFL: 9.00e-01
i: 347800, t:  431841.0 s, ωt:  43.18 (6.87 periods), wall: 1.749 hours, Δt:   1.07, CFL: 9.00e-01
i: 347900, t:  431947.3 s, ωt:  43.19 (6.87 periods), wall: 1.749 hours, Δt:   1.11, CFL: 9.00e-01
i: 348000, t:  432054.0 s, ωt:  43.21 (6.88 periods), wall: 1.750 hours, Δt:   0.97, CFL: 9.00e-01
i: 348100, t:  432162.5 s, ωt:  43.22 (6.88 periods), wall: 1.750 hours, Δt:   1.18, CFL: 9.00e-01
i: 348200, t:  432281.5 s, ωt:  43.23 (6.88 periods), wall: 1.751 hours, Δt:   1.21, CFL: 9.00e-01
i: 348300, t:  432397.1 s, ωt:  43.24 (6.88 periods), wall: 1.751 hours, Δt:   1.21, CFL: 9.00e-01
i: 348400, t:  432519.4 s, ωt:  43.25 (6.88 periods), wall: 1.752 hours, Δt:   1.25, CFL: 9.00e-01
i: 348500, t:  432645.6 s, ωt:  43.26 (6.89 periods), wall: 1.752 hours, Δt:   1.25, CFL: 9.00e-01
i: 348600, t:  432769.8 s, ωt:  43.28 (6.89 periods), wall: 1.753 hours, Δt:   1.38, CFL: 9.00e-01
i: 348700, t:  432901.0 s, ωt:  43.29 (6.89 periods), wall: 1.753 hours, Δt:   1.15, CFL: 9.00e-01
i: 348800, t:  433027.2 s, ωt:  43.30 (6.89 periods), wall: 1.754 hours, Δt:   1.35, CFL: 9.00e-01
i: 348900, t:  433161.4 s, ωt:  43.32 (6.89 periods), wall: 1.754 hours, Δt:   1.34, CFL: 9.00e-01
i: 349000, t:  433292.3 s, ωt:  43.33 (6.90 periods), wall: 1.755 hours, Δt:   1.21, CFL: 9.00e-01
i: 349100, t:  433424.3 s, ωt:  43.34 (6.90 periods), wall: 1.755 hours, Δt:   1.34, CFL: 9.00e-01
i: 349200, t:  433551.0 s, ωt:  43.36 (6.90 periods), wall: 1.756 hours, Δt:   1.37, CFL: 9.00e-01
i: 349300, t:  433688.2 s, ωt:  43.37 (6.90 periods), wall: 1.756 hours, Δt:   1.18, CFL: 9.00e-01
i: 349400, t:  433814.0 s, ωt:  43.38 (6.90 periods), wall: 1.757 hours, Δt:   1.42, CFL: 9.00e-01
i: 349500, t:  433949.7 s, ωt:  43.39 (6.91 periods), wall: 1.757 hours, Δt:   1.35, CFL: 9.00e-01
i: 349600, t:  434085.1 s, ωt:  43.41 (6.91 periods), wall: 1.758 hours, Δt:   1.49, CFL: 9.00e-01
i: 349700, t:  434250.0 s, ωt:  43.42 (6.91 periods), wall: 1.758 hours, Δt:   1.45, CFL: 9.00e-01
i: 349800, t:  434408.7 s, ωt:  43.44 (6.91 periods), wall: 1.759 hours, Δt:   1.77, CFL: 9.00e-01
i: 349900, t:  434573.0 s, ωt:  43.46 (6.92 periods), wall: 1.759 hours, Δt:   1.44, CFL: 9.00e-01
i: 350000, t:  434735.8 s, ωt:  43.47 (6.92 periods), wall: 1.760 hours, Δt:   1.51, CFL: 9.00e-01
i: 350100, t:  434901.4 s, ωt:  43.49 (6.92 periods), wall: 1.760 hours, Δt:   1.68, CFL: 9.00e-01
i: 350200, t:  435067.2 s, ωt:  43.51 (6.92 periods), wall: 1.761 hours, Δt:   1.57, CFL: 9.00e-01
i: 350300, t:  435238.0 s, ωt:  43.52 (6.93 periods), wall: 1.761 hours, Δt:   1.78, CFL: 9.00e-01
i: 350400, t:  435406.2 s, ωt:  43.54 (6.93 periods), wall: 1.762 hours, Δt:   1.33, CFL: 9.00e-01
i: 350500, t:  435578.0 s, ωt:  43.56 (6.93 periods), wall: 1.762 hours, Δt:   1.82, CFL: 9.00e-01
i: 350600, t:  435753.4 s, ωt:  43.58 (6.94 periods), wall: 1.763 hours, Δt:   1.63, CFL: 9.00e-01
i: 350700, t:  435934.4 s, ωt:  43.59 (6.94 periods), wall: 1.763 hours, Δt:   1.95, CFL: 9.00e-01
i: 350800, t:  436117.8 s, ωt:  43.61 (6.94 periods), wall: 1.764 hours, Δt:   1.72, CFL: 9.00e-01
i: 350900, t:  436318.4 s, ωt:  43.63 (6.94 periods), wall: 1.764 hours, Δt:   2.16, CFL: 9.00e-01
i: 351000, t:  436529.6 s, ωt:  43.65 (6.95 periods), wall: 1.765 hours, Δt:   2.19, CFL: 9.00e-01
i: 351100, t:  436728.0 s, ωt:  43.67 (6.95 periods), wall: 1.765 hours, Δt:   1.64, CFL: 9.00e-01
i: 351200, t:  436943.3 s, ωt:  43.69 (6.95 periods), wall: 1.766 hours, Δt:   2.49, CFL: 9.00e-01
i: 351300, t:  437185.7 s, ωt:  43.72 (6.96 periods), wall: 1.766 hours, Δt:   2.43, CFL: 9.00e-01
i: 351400, t:  437422.3 s, ωt:  43.74 (6.96 periods), wall: 1.767 hours, Δt:   2.82, CFL: 9.00e-01
i: 351500, t:  437687.7 s, ωt:  43.77 (6.97 periods), wall: 1.768 hours, Δt:   2.97, CFL: 9.00e-01
i: 351600, t:  437965.5 s, ωt:  43.80 (6.97 periods), wall: 1.768 hours, Δt:   3.10, CFL: 9.00e-01
i: 351700, t:  438300.9 s, ωt:  43.83 (6.98 periods), wall: 1.769 hours, Δt:   3.78, CFL: 9.00e-01
i: 351800, t:  438686.3 s, ωt:  43.87 (6.98 periods), wall: 1.769 hours, Δt:   4.00, CFL: 9.00e-01
i: 351900, t:  439034.1 s, ωt:  43.90 (6.99 periods), wall: 1.770 hours, Δt:   3.84, CFL: 9.00e-01
i: 352000, t:  439392.2 s, ωt:  43.94 (6.99 periods), wall: 1.770 hours, Δt:   2.79, CFL: 9.00e-01
i: 352100, t:  439684.3 s, ωt:  43.97 (7.00 periods), wall: 1.771 hours, Δt:   2.99, CFL: 9.00e-01
i: 352200, t:  439970.5 s, ωt:  44.00 (7.00 periods), wall: 1.772 hours, Δt:   2.97, CFL: 9.00e-01
i: 352300, t:  440296.2 s, ωt:  44.03 (7.01 periods), wall: 1.773 hours, Δt:   3.21, CFL: 9.00e-01
i: 352400, t:  440615.7 s, ωt:  44.06 (7.01 periods), wall: 1.773 hours, Δt:   3.31, CFL: 9.00e-01
i: 352500, t:  440946.5 s, ωt:  44.09 (7.02 periods), wall: 1.774 hours, Δt:   3.00, CFL: 9.00e-01
i: 352600, t:  441234.1 s, ωt:  44.12 (7.02 periods), wall: 1.774 hours, Δt:   3.25, CFL: 9.00e-01
i: 352700, t:  441568.6 s, ωt:  44.16 (7.03 periods), wall: 1.775 hours, Δt:   3.42, CFL: 9.00e-01
i: 352800, t:  441878.5 s, ωt:  44.19 (7.03 periods), wall: 1.775 hours, Δt:   2.78, CFL: 9.00e-01
i: 352900, t:  442143.1 s, ωt:  44.21 (7.04 periods), wall: 1.776 hours, Δt:   2.57, CFL: 9.00e-01
i: 353000, t:  442378.0 s, ωt:  44.24 (7.04 periods), wall: 1.777 hours, Δt:   1.99, CFL: 9.00e-01
i: 353100, t:  442596.3 s, ωt:  44.26 (7.04 periods), wall: 1.777 hours, Δt:   2.00, CFL: 9.00e-01
i: 353200, t:  442793.3 s, ωt:  44.28 (7.05 periods), wall: 1.778 hours, Δt:   2.06, CFL: 9.00e-01
i: 353300, t:  443002.5 s, ωt:  44.30 (7.05 periods), wall: 1.778 hours, Δt:   2.18, CFL: 9.00e-01
i: 353400, t:  443201.2 s, ωt:  44.32 (7.05 periods), wall: 1.779 hours, Δt:   1.81, CFL: 9.00e-01
i: 353500, t:  443380.1 s, ωt:  44.34 (7.06 periods), wall: 1.780 hours, Δt:   1.66, CFL: 9.00e-01
i: 353600, t:  443553.8 s, ωt:  44.36 (7.06 periods), wall: 1.780 hours, Δt:   1.75, CFL: 9.00e-01
i: 353700, t:  443725.7 s, ωt:  44.37 (7.06 periods), wall: 1.781 hours, Δt:   1.68, CFL: 9.00e-01
i: 353800, t:  443903.5 s, ωt:  44.39 (7.06 periods), wall: 1.781 hours, Δt:   1.77, CFL: 9.00e-01
i: 353900, t:  444075.4 s, ωt:  44.41 (7.07 periods), wall: 1.782 hours, Δt:   1.79, CFL: 9.00e-01
i: 354000, t:  444249.5 s, ωt:  44.42 (7.07 periods), wall: 1.782 hours, Δt:   1.61, CFL: 9.00e-01
i: 354100, t:  444416.5 s, ωt:  44.44 (7.07 periods), wall: 1.783 hours, Δt:   1.80, CFL: 9.00e-01
i: 354200, t:  444575.5 s, ωt:  44.46 (7.08 periods), wall: 1.783 hours, Δt:   1.70, CFL: 9.00e-01
i: 354300, t:  444744.3 s, ωt:  44.47 (7.08 periods), wall: 1.784 hours, Δt:   1.57, CFL: 9.00e-01
i: 354400, t:  444900.8 s, ωt:  44.49 (7.08 periods), wall: 1.784 hours, Δt:   1.46, CFL: 9.00e-01
i: 354500, t:  445043.4 s, ωt:  44.50 (7.08 periods), wall: 1.784 hours, Δt:   1.53, CFL: 9.00e-01
i: 354600, t:  445187.0 s, ωt:  44.52 (7.09 periods), wall: 1.785 hours, Δt:   1.40, CFL: 9.00e-01
i: 354700, t:  445333.5 s, ωt:  44.53 (7.09 periods), wall: 1.786 hours, Δt:   1.64, CFL: 9.00e-01
i: 354800, t:  445488.3 s, ωt:  44.55 (7.09 periods), wall: 1.786 hours, Δt:   1.17, CFL: 9.00e-01
i: 354900, t:  445627.3 s, ωt:  44.56 (7.09 periods), wall: 1.787 hours, Δt:   1.50, CFL: 9.00e-01
i: 355000, t:  445766.5 s, ωt:  44.58 (7.09 periods), wall: 1.787 hours, Δt:   1.46, CFL: 9.00e-01
i: 355100, t:  445904.2 s, ωt:  44.59 (7.10 periods), wall: 1.788 hours, Δt:   1.37, CFL: 9.00e-01
i: 355200, t:  446039.9 s, ωt:  44.60 (7.10 periods), wall: 1.788 hours, Δt:   1.30, CFL: 9.00e-01
i: 355300, t:  446169.7 s, ωt:  44.62 (7.10 periods), wall: 1.789 hours, Δt:   1.33, CFL: 9.00e-01
i: 355400, t:  446295.8 s, ωt:  44.63 (7.10 periods), wall: 1.789 hours, Δt:   1.34, CFL: 9.00e-01
i: 355500, t:  446422.6 s, ωt:  44.64 (7.11 periods), wall: 1.790 hours, Δt:   1.30, CFL: 9.00e-01
i: 355600, t:  446550.1 s, ωt:  44.66 (7.11 periods), wall: 1.790 hours, Δt:   1.24, CFL: 9.00e-01
i: 355700, t:  446672.5 s, ωt:  44.67 (7.11 periods), wall: 1.791 hours, Δt:   1.13, CFL: 9.00e-01
i: 355800, t:  446790.4 s, ωt:  44.68 (7.11 periods), wall: 1.792 hours, Δt:   1.25, CFL: 9.00e-01
i: 355900, t:  446908.9 s, ωt:  44.69 (7.11 periods), wall: 1.792 hours, Δt:   1.23, CFL: 9.00e-01
i: 356000, t:  447030.1 s, ωt:  44.70 (7.11 periods), wall: 1.793 hours, Δt:   1.32, CFL: 9.00e-01
i: 356100, t:  447154.0 s, ωt:  44.72 (7.12 periods), wall: 1.793 hours, Δt:   1.07, CFL: 9.00e-01
i: 356200, t:  447277.0 s, ωt:  44.73 (7.12 periods), wall: 1.794 hours, Δt:   1.27, CFL: 9.00e-01
i: 356300, t:  447394.2 s, ωt:  44.74 (7.12 periods), wall: 1.794 hours, Δt:   1.07, CFL: 9.00e-01
i: 356400, t:  447509.1 s, ωt:  44.75 (7.12 periods), wall: 1.795 hours, Δt:   1.19, CFL: 9.00e-01
i: 356500, t:  447623.0 s, ωt:  44.76 (7.12 periods), wall: 1.795 hours, Δt:   1.26, CFL: 9.00e-01
i: 356600, t:  447740.1 s, ωt:  44.77 (7.13 periods), wall: 1.796 hours, Δt:   1.14, CFL: 9.00e-01
i: 356700, t:  447850.1 s, ωt:  44.79 (7.13 periods), wall: 1.796 hours, Δt:   1.09, CFL: 9.00e-01
i: 356800, t:  447961.0 s, ωt:  44.80 (7.13 periods), wall: 1.796 hours, Δt:   1.05, CFL: 9.00e-01
i: 356900, t:  448066.3 s, ωt:  44.81 (7.13 periods), wall: 1.797 hours, Δt:   1.09, CFL: 9.00e-01
i: 357000, t:  448169.5 s, ωt:  44.82 (7.13 periods), wall: 1.797 hours, Δt:   0.98, CFL: 9.00e-01
i: 357100, t:  448281.8 s, ωt:  44.83 (7.13 periods), wall: 1.798 hours, Δt:   1.10, CFL: 9.00e-01
i: 357200, t:  448393.8 s, ωt:  44.84 (7.14 periods), wall: 1.798 hours, Δt:   1.11, CFL: 9.00e-01
i: 357300, t:  448502.2 s, ωt:  44.85 (7.14 periods), wall: 1.799 hours, Δt:   1.00, CFL: 9.00e-01
i: 357400, t:  448605.4 s, ωt:  44.86 (7.14 periods), wall: 1.799 hours, Δt:   1.11, CFL: 9.00e-01
i: 357500, t:  448710.7 s, ωt:  44.87 (7.14 periods), wall: 1.800 hours, Δt:   0.88, CFL: 9.00e-01
i: 357600, t:  448810.5 s, ωt:  44.88 (7.14 periods), wall: 1.801 hours, Δt:   1.05, CFL: 9.00e-01
i: 357700, t:  448911.5 s, ωt:  44.89 (7.14 periods), wall: 1.801 hours, Δt:   1.08, CFL: 9.00e-01
i: 357800, t:  449013.7 s, ωt:  44.90 (7.15 periods), wall: 1.802 hours, Δt:   0.87, CFL: 9.00e-01
i: 357900, t:  449112.6 s, ωt:  44.91 (7.15 periods), wall: 1.802 hours, Δt:   1.04, CFL: 9.00e-01
i: 358000, t:  449217.2 s, ωt:  44.92 (7.15 periods), wall: 1.803 hours, Δt:   1.16, CFL: 9.00e-01
i: 358100, t:  449320.0 s, ωt:  44.93 (7.15 periods), wall: 1.803 hours, Δt:   1.17, CFL: 9.00e-01
i: 358200, t:  449425.4 s, ωt:  44.94 (7.15 periods), wall: 1.804 hours, Δt:   0.98, CFL: 9.00e-01
i: 358300, t:  449526.5 s, ωt:  44.95 (7.15 periods), wall: 1.804 hours, Δt:   1.06, CFL: 9.00e-01
i: 358400, t:  449629.3 s, ωt:  44.96 (7.16 periods), wall: 1.805 hours, Δt:   0.96, CFL: 9.00e-01
i: 358500, t:  449729.6 s, ωt:  44.97 (7.16 periods), wall: 1.805 hours, Δt:   1.02, CFL: 9.00e-01
i: 358600, t:  449828.1 s, ωt:  44.98 (7.16 periods), wall: 1.806 hours, Δt:   1.08, CFL: 9.00e-01
i: 358700, t:  449925.2 s, ωt:  44.99 (7.16 periods), wall: 1.806 hours, Δt:   1.00, CFL: 9.00e-01
i: 358800, t:  450023.6 s, ωt:  45.00 (7.16 periods), wall: 1.807 hours, Δt:   1.05, CFL: 9.00e-01
i: 358900, t:  450125.2 s, ωt:  45.01 (7.16 periods), wall: 1.807 hours, Δt:   0.93, CFL: 9.00e-01
i: 359000, t:  450223.0 s, ωt:  45.02 (7.17 periods), wall: 1.808 hours, Δt:   1.01, CFL: 9.00e-01
i: 359100, t:  450321.7 s, ωt:  45.03 (7.17 periods), wall: 1.808 hours, Δt:   0.81, CFL: 9.00e-01
i: 359200, t:  450414.6 s, ωt:  45.04 (7.17 periods), wall: 1.809 hours, Δt:   0.96, CFL: 9.00e-01
i: 359300, t:  450505.3 s, ωt:  45.05 (7.17 periods), wall: 1.809 hours, Δt:   0.99, CFL: 9.00e-01
i: 359400, t:  450606.1 s, ωt:  45.06 (7.17 periods), wall: 1.810 hours, Δt:   0.86, CFL: 9.00e-01
i: 359500, t:  450697.2 s, ωt:  45.07 (7.17 periods), wall: 1.810 hours, Δt:   0.94, CFL: 9.00e-01
i: 359600, t:  450786.2 s, ωt:  45.08 (7.17 periods), wall: 1.811 hours, Δt:   0.95, CFL: 9.00e-01
i: 359700, t:  450874.1 s, ωt:  45.09 (7.18 periods), wall: 1.811 hours, Δt:   0.82, CFL: 9.00e-01
i: 359800, t:  450966.2 s, ωt:  45.10 (7.18 periods), wall: 1.812 hours, Δt:   0.88, CFL: 9.00e-01
i: 359900, t:  451056.8 s, ωt:  45.11 (7.18 periods), wall: 1.812 hours, Δt:   0.89, CFL: 9.00e-01
i: 360000, t:  451150.8 s, ωt:  45.12 (7.18 periods), wall: 1.813 hours, Δt:   0.78, CFL: 9.00e-01
i: 360100, t:  451240.2 s, ωt:  45.12 (7.18 periods), wall: 1.813 hours, Δt:   1.00, CFL: 9.00e-01
i: 360200, t:  451329.8 s, ωt:  45.13 (7.18 periods), wall: 1.814 hours, Δt:   0.85, CFL: 9.00e-01
i: 360300, t:  451418.4 s, ωt:  45.14 (7.18 periods), wall: 1.814 hours, Δt:   0.92, CFL: 9.00e-01
i: 360400, t:  451511.3 s, ωt:  45.15 (7.19 periods), wall: 1.815 hours, Δt:   0.96, CFL: 9.00e-01
i: 360500, t:  451604.0 s, ωt:  45.16 (7.19 periods), wall: 1.815 hours, Δt:   0.97, CFL: 9.00e-01
i: 360600, t:  451693.3 s, ωt:  45.17 (7.19 periods), wall: 1.815 hours, Δt:   0.88, CFL: 9.00e-01
i: 360700, t:  451784.3 s, ωt:  45.18 (7.19 periods), wall: 1.816 hours, Δt:   0.70, CFL: 9.00e-01
i: 360800, t:  451861.6 s, ωt:  45.19 (7.19 periods), wall: 1.817 hours, Δt:   0.89, CFL: 9.00e-01
i: 360900, t:  451948.9 s, ωt:  45.19 (7.19 periods), wall: 1.817 hours, Δt:   1.04, CFL: 9.00e-01
i: 361000, t:  452045.2 s, ωt:  45.20 (7.19 periods), wall: 1.817 hours, Δt:   0.92, CFL: 9.00e-01
i: 361100, t:  452131.6 s, ωt:  45.21 (7.20 periods), wall: 1.818 hours, Δt:   0.92, CFL: 9.00e-01
i: 361200, t:  452218.5 s, ωt:  45.22 (7.20 periods), wall: 1.818 hours, Δt:   0.74, CFL: 9.00e-01
i: 361300, t:  452306.8 s, ωt:  45.23 (7.20 periods), wall: 1.819 hours, Δt:   0.91, CFL: 9.00e-01
i: 361400, t:  452393.2 s, ωt:  45.24 (7.20 periods), wall: 1.819 hours, Δt:   0.81, CFL: 9.00e-01
i: 361500, t:  452480.5 s, ωt:  45.25 (7.20 periods), wall: 1.820 hours, Δt:   0.90, CFL: 9.00e-01
i: 361600, t:  452566.7 s, ωt:  45.26 (7.20 periods), wall: 1.820 hours, Δt:   0.89, CFL: 9.00e-01
i: 361700, t:  452654.6 s, ωt:  45.27 (7.20 periods), wall: 1.821 hours, Δt:   0.98, CFL: 9.00e-01
i: 361800, t:  452745.9 s, ωt:  45.27 (7.21 periods), wall: 1.821 hours, Δt:   0.84, CFL: 9.00e-01
i: 361900, t:  452836.1 s, ωt:  45.28 (7.21 periods), wall: 1.822 hours, Δt:   0.87, CFL: 9.00e-01
i: 362000, t:  452919.3 s, ωt:  45.29 (7.21 periods), wall: 1.822 hours, Δt:   0.79, CFL: 9.00e-01
i: 362100, t:  452992.2 s, ωt:  45.30 (7.21 periods), wall: 1.823 hours, Δt:   0.77, CFL: 9.00e-01
i: 362200, t:  453067.6 s, ωt:  45.31 (7.21 periods), wall: 1.823 hours, Δt:   0.82, CFL: 9.00e-01
i: 362300, t:  453154.2 s, ωt:  45.32 (7.21 periods), wall: 1.824 hours, Δt:   0.90, CFL: 9.00e-01
i: 362400, t:  453237.6 s, ωt:  45.32 (7.21 periods), wall: 1.824 hours, Δt:   0.86, CFL: 9.00e-01
i: 362500, t:  453318.2 s, ωt:  45.33 (7.21 periods), wall: 1.825 hours, Δt:   0.82, CFL: 9.00e-01
i: 362600, t:  453399.9 s, ωt:  45.34 (7.22 periods), wall: 1.825 hours, Δt:   0.94, CFL: 9.00e-01
i: 362700, t:  453488.3 s, ωt:  45.35 (7.22 periods), wall: 1.826 hours, Δt:   0.83, CFL: 9.00e-01
i: 362800, t:  453575.2 s, ωt:  45.36 (7.22 periods), wall: 1.826 hours, Δt:   0.73, CFL: 9.00e-01
i: 362900, t:  453652.2 s, ωt:  45.37 (7.22 periods), wall: 1.827 hours, Δt:   0.87, CFL: 9.00e-01
i: 363000, t:  453738.2 s, ωt:  45.37 (7.22 periods), wall: 1.827 hours, Δt:   0.85, CFL: 9.00e-01
i: 363100, t:  453822.8 s, ωt:  45.38 (7.22 periods), wall: 1.828 hours, Δt:   0.87, CFL: 9.00e-01
i: 363200, t:  453903.6 s, ωt:  45.39 (7.22 periods), wall: 1.828 hours, Δt:   0.92, CFL: 9.00e-01
i: 363300, t:  453992.8 s, ωt:  45.40 (7.23 periods), wall: 1.829 hours, Δt:   0.86, CFL: 9.00e-01
i: 363400, t:  454077.7 s, ωt:  45.41 (7.23 periods), wall: 1.829 hours, Δt:   0.89, CFL: 9.00e-01
i: 363500, t:  454170.1 s, ωt:  45.42 (7.23 periods), wall: 1.830 hours, Δt:   0.94, CFL: 9.00e-01
i: 363600, t:  454253.6 s, ωt:  45.43 (7.23 periods), wall: 1.830 hours, Δt:   0.85, CFL: 9.00e-01
i: 363700, t:  454334.3 s, ωt:  45.43 (7.23 periods), wall: 1.831 hours, Δt:   0.85, CFL: 9.00e-01
i: 363800, t:  454416.2 s, ωt:  45.44 (7.23 periods), wall: 1.831 hours, Δt:   0.81, CFL: 9.00e-01
i: 363900, t:  454504.2 s, ωt:  45.45 (7.23 periods), wall: 1.832 hours, Δt:   0.97, CFL: 9.00e-01
i: 364000, t:  454590.8 s, ωt:  45.46 (7.24 periods), wall: 1.832 hours, Δt:   0.84, CFL: 9.00e-01
i: 364100, t:  454681.5 s, ωt:  45.47 (7.24 periods), wall: 1.833 hours, Δt:   0.97, CFL: 9.00e-01
i: 364200, t:  454766.5 s, ωt:  45.48 (7.24 periods), wall: 1.833 hours, Δt:   0.77, CFL: 9.00e-01
i: 364300, t:  454856.7 s, ωt:  45.49 (7.24 periods), wall: 1.834 hours, Δt:   0.83, CFL: 9.00e-01
i: 364400, t:  454943.6 s, ωt:  45.49 (7.24 periods), wall: 1.834 hours, Δt:   0.86, CFL: 9.00e-01
i: 364500, t:  455033.8 s, ωt:  45.50 (7.24 periods), wall: 1.835 hours, Δt:   0.93, CFL: 9.00e-01
i: 364600, t:  455120.1 s, ωt:  45.51 (7.24 periods), wall: 1.835 hours, Δt:   0.80, CFL: 9.00e-01
i: 364700, t:  455202.3 s, ωt:  45.52 (7.24 periods), wall: 1.836 hours, Δt:   0.74, CFL: 9.00e-01
i: 364800, t:  455282.9 s, ωt:  45.53 (7.25 periods), wall: 1.836 hours, Δt:   0.85, CFL: 9.00e-01
i: 364900, t:  455376.6 s, ωt:  45.54 (7.25 periods), wall: 1.837 hours, Δt:   0.89, CFL: 9.00e-01
i: 365000, t:  455462.4 s, ωt:  45.55 (7.25 periods), wall: 1.837 hours, Δt:   0.93, CFL: 9.00e-01
i: 365100, t:  455551.2 s, ωt:  45.56 (7.25 periods), wall: 1.838 hours, Δt:   0.81, CFL: 9.00e-01
i: 365200, t:  455637.6 s, ωt:  45.56 (7.25 periods), wall: 1.838 hours, Δt:   0.90, CFL: 9.00e-01
i: 365300, t:  455728.0 s, ωt:  45.57 (7.25 periods), wall: 1.839 hours, Δt:   0.84, CFL: 9.00e-01
i: 365400, t:  455813.4 s, ωt:  45.58 (7.25 periods), wall: 1.839 hours, Δt:   0.85, CFL: 9.00e-01
i: 365500, t:  455896.9 s, ωt:  45.59 (7.26 periods), wall: 1.840 hours, Δt:   0.83, CFL: 9.00e-01
i: 365600, t:  455986.4 s, ωt:  45.60 (7.26 periods), wall: 1.840 hours, Δt:   0.90, CFL: 9.00e-01
i: 365700, t:  456072.1 s, ωt:  45.61 (7.26 periods), wall: 1.841 hours, Δt:   0.91, CFL: 9.00e-01
i: 365800, t:  456157.3 s, ωt:  45.62 (7.26 periods), wall: 1.841 hours, Δt:   0.81, CFL: 9.00e-01
i: 365900, t:  456240.3 s, ωt:  45.62 (7.26 periods), wall: 1.842 hours, Δt:   0.94, CFL: 9.00e-01
i: 366000, t:  456332.5 s, ωt:  45.63 (7.26 periods), wall: 1.842 hours, Δt:   0.84, CFL: 9.00e-01
i: 366100, t:  456417.9 s, ωt:  45.64 (7.26 periods), wall: 1.843 hours, Δt:   0.96, CFL: 9.00e-01
i: 366200, t:  456501.7 s, ωt:  45.65 (7.27 periods), wall: 1.843 hours, Δt:   0.92, CFL: 9.00e-01
i: 366300, t:  456590.5 s, ωt:  45.66 (7.27 periods), wall: 1.844 hours, Δt:   0.82, CFL: 9.00e-01
i: 366400, t:  456679.4 s, ωt:  45.67 (7.27 periods), wall: 1.844 hours, Δt:   0.82, CFL: 9.00e-01
i: 366500, t:  456761.6 s, ωt:  45.68 (7.27 periods), wall: 1.845 hours, Δt:   0.94, CFL: 9.00e-01
i: 366600, t:  456846.8 s, ωt:  45.68 (7.27 periods), wall: 1.845 hours, Δt:   0.74, CFL: 9.00e-01
i: 366700, t:  456928.3 s, ωt:  45.69 (7.27 periods), wall: 1.846 hours, Δt:   0.82, CFL: 9.00e-01
i: 366800, t:  457016.6 s, ωt:  45.70 (7.27 periods), wall: 1.846 hours, Δt:   0.83, CFL: 9.00e-01
i: 366900, t:  457100.0 s, ωt:  45.71 (7.27 periods), wall: 1.847 hours, Δt:   0.93, CFL: 9.00e-01
i: 367000, t:  457190.1 s, ωt:  45.72 (7.28 periods), wall: 1.847 hours, Δt:   0.95, CFL: 9.00e-01
i: 367100, t:  457277.6 s, ωt:  45.73 (7.28 periods), wall: 1.848 hours, Δt:   0.80, CFL: 9.00e-01
i: 367200, t:  457365.6 s, ωt:  45.74 (7.28 periods), wall: 1.848 hours, Δt:   0.89, CFL: 9.00e-01
i: 367300, t:  457455.8 s, ωt:  45.75 (7.28 periods), wall: 1.849 hours, Δt:   0.94, CFL: 9.00e-01
i: 367400, t:  457552.6 s, ωt:  45.76 (7.28 periods), wall: 1.849 hours, Δt:   0.96, CFL: 9.00e-01
i: 367500, t:  457647.9 s, ωt:  45.76 (7.28 periods), wall: 1.850 hours, Δt:   1.00, CFL: 9.00e-01
i: 367600, t:  457742.4 s, ωt:  45.77 (7.29 periods), wall: 1.850 hours, Δt:   0.81, CFL: 9.00e-01
i: 367700, t:  457832.4 s, ωt:  45.78 (7.29 periods), wall: 1.851 hours, Δt:   0.92, CFL: 9.00e-01
i: 367800, t:  457925.0 s, ωt:  45.79 (7.29 periods), wall: 1.851 hours, Δt:   1.02, CFL: 9.00e-01
i: 367900, t:  458021.1 s, ωt:  45.80 (7.29 periods), wall: 1.852 hours, Δt:   0.91, CFL: 9.00e-01
i: 368000, t:  458118.0 s, ωt:  45.81 (7.29 periods), wall: 1.852 hours, Δt:   0.89, CFL: 9.00e-01
i: 368100, t:  458212.5 s, ωt:  45.82 (7.29 periods), wall: 1.853 hours, Δt:   1.02, CFL: 9.00e-01
i: 368200, t:  458305.9 s, ωt:  45.83 (7.29 periods), wall: 1.853 hours, Δt:   0.92, CFL: 9.00e-01
i: 368300, t:  458399.7 s, ωt:  45.84 (7.30 periods), wall: 1.854 hours, Δt:   0.91, CFL: 9.00e-01
i: 368400, t:  458485.3 s, ωt:  45.85 (7.30 periods), wall: 1.854 hours, Δt:   0.90, CFL: 9.00e-01
i: 368500, t:  458577.4 s, ωt:  45.86 (7.30 periods), wall: 1.855 hours, Δt:   0.87, CFL: 9.00e-01
i: 368600, t:  458670.5 s, ωt:  45.87 (7.30 periods), wall: 1.855 hours, Δt:   0.88, CFL: 9.00e-01
i: 368700, t:  458755.2 s, ωt:  45.88 (7.30 periods), wall: 1.856 hours, Δt:   0.91, CFL: 9.00e-01
i: 368800, t:  458850.5 s, ωt:  45.89 (7.30 periods), wall: 1.856 hours, Δt:   0.84, CFL: 9.00e-01
i: 368900, t:  458933.7 s, ωt:  45.89 (7.30 periods), wall: 1.857 hours, Δt:   0.88, CFL: 9.00e-01
i: 369000, t:  459023.6 s, ωt:  45.90 (7.31 periods), wall: 1.857 hours, Δt:   0.94, CFL: 9.00e-01
i: 369100, t:  459109.6 s, ωt:  45.91 (7.31 periods), wall: 1.858 hours, Δt:   0.85, CFL: 9.00e-01
i: 369200, t:  459199.6 s, ωt:  45.92 (7.31 periods), wall: 1.858 hours, Δt:   0.94, CFL: 9.00e-01
i: 369300, t:  459282.9 s, ωt:  45.93 (7.31 periods), wall: 1.859 hours, Δt:   0.93, CFL: 9.00e-01
i: 369400, t:  459368.3 s, ωt:  45.94 (7.31 periods), wall: 1.859 hours, Δt:   0.98, CFL: 9.00e-01
i: 369500, t:  459464.0 s, ωt:  45.95 (7.31 periods), wall: 1.860 hours, Δt:   0.92, CFL: 9.00e-01
i: 369600, t:  459557.4 s, ωt:  45.96 (7.31 periods), wall: 1.860 hours, Δt:   0.95, CFL: 9.00e-01
i: 369700, t:  459649.6 s, ωt:  45.96 (7.32 periods), wall: 1.861 hours, Δt:   0.92, CFL: 9.00e-01
i: 369800, t:  459740.1 s, ωt:  45.97 (7.32 periods), wall: 1.861 hours, Δt:   0.90, CFL: 9.00e-01
i: 369900, t:  459832.1 s, ωt:  45.98 (7.32 periods), wall: 1.862 hours, Δt:   0.95, CFL: 9.00e-01
i: 370000, t:  459932.3 s, ωt:  45.99 (7.32 periods), wall: 1.862 hours, Δt:   1.02, CFL: 9.00e-01
i: 370100, t:  460024.6 s, ωt:  46.00 (7.32 periods), wall: 1.863 hours, Δt:   0.76, CFL: 9.00e-01
i: 370200, t:  460114.5 s, ωt:  46.01 (7.32 periods), wall: 1.863 hours, Δt:   0.99, CFL: 9.00e-01
i: 370300, t:  460212.4 s, ωt:  46.02 (7.32 periods), wall: 1.864 hours, Δt:   0.98, CFL: 9.00e-01
i: 370400, t:  460313.0 s, ωt:  46.03 (7.33 periods), wall: 1.865 hours, Δt:   1.00, CFL: 9.00e-01
i: 370500, t:  460417.2 s, ωt:  46.04 (7.33 periods), wall: 1.865 hours, Δt:   0.93, CFL: 9.00e-01
i: 370600, t:  460513.5 s, ωt:  46.05 (7.33 periods), wall: 1.866 hours, Δt:   1.07, CFL: 9.00e-01
i: 370700, t:  460617.8 s, ωt:  46.06 (7.33 periods), wall: 1.866 hours, Δt:   1.02, CFL: 9.00e-01
i: 370800, t:  460719.3 s, ωt:  46.07 (7.33 periods), wall: 1.867 hours, Δt:   0.94, CFL: 9.00e-01
i: 370900, t:  460820.4 s, ωt:  46.08 (7.33 periods), wall: 1.867 hours, Δt:   1.13, CFL: 9.00e-01
i: 371000, t:  460926.6 s, ωt:  46.09 (7.34 periods), wall: 1.868 hours, Δt:   1.10, CFL: 9.00e-01
i: 371100, t:  461035.6 s, ωt:  46.10 (7.34 periods), wall: 1.869 hours, Δt:   0.95, CFL: 9.00e-01
i: 371200, t:  461132.0 s, ωt:  46.11 (7.34 periods), wall: 1.869 hours, Δt:   0.98, CFL: 9.00e-01
i: 371300, t:  461233.5 s, ωt:  46.12 (7.34 periods), wall: 1.870 hours, Δt:   1.11, CFL: 9.00e-01
i: 371400, t:  461330.8 s, ωt:  46.13 (7.34 periods), wall: 1.870 hours, Δt:   0.91, CFL: 9.00e-01
i: 371500, t:  461438.7 s, ωt:  46.14 (7.34 periods), wall: 1.871 hours, Δt:   1.02, CFL: 9.00e-01
i: 371600, t:  461536.4 s, ωt:  46.15 (7.35 periods), wall: 1.872 hours, Δt:   0.82, CFL: 9.00e-01
i: 371700, t:  461631.6 s, ωt:  46.16 (7.35 periods), wall: 1.872 hours, Δt:   1.02, CFL: 9.00e-01
i: 371800, t:  461738.6 s, ωt:  46.17 (7.35 periods), wall: 1.873 hours, Δt:   0.97, CFL: 9.00e-01
i: 371900, t:  461838.6 s, ωt:  46.18 (7.35 periods), wall: 1.873 hours, Δt:   1.10, CFL: 9.00e-01
i: 372000, t:  461943.5 s, ωt:  46.19 (7.35 periods), wall: 1.874 hours, Δt:   0.95, CFL: 9.00e-01
i: 372100, t:  462054.5 s, ωt:  46.21 (7.35 periods), wall: 1.874 hours, Δt:   1.07, CFL: 9.00e-01
i: 372200, t:  462164.3 s, ωt:  46.22 (7.36 periods), wall: 1.875 hours, Δt:   1.13, CFL: 9.00e-01
i: 372300, t:  462281.0 s, ωt:  46.23 (7.36 periods), wall: 1.876 hours, Δt:   1.06, CFL: 9.00e-01
i: 372400, t:  462390.6 s, ωt:  46.24 (7.36 periods), wall: 1.876 hours, Δt:   1.12, CFL: 9.00e-01
i: 372500, t:  462509.9 s, ωt:  46.25 (7.36 periods), wall: 1.877 hours, Δt:   1.24, CFL: 9.00e-01
i: 372600, t:  462625.9 s, ωt:  46.26 (7.36 periods), wall: 1.877 hours, Δt:   1.13, CFL: 9.00e-01
i: 372700, t:  462734.6 s, ωt:  46.27 (7.36 periods), wall: 1.878 hours, Δt:   1.15, CFL: 9.00e-01
i: 372800, t:  462842.4 s, ωt:  46.28 (7.37 periods), wall: 1.878 hours, Δt:   0.94, CFL: 9.00e-01
i: 372900, t:  462949.4 s, ωt:  46.29 (7.37 periods), wall: 1.879 hours, Δt:   1.23, CFL: 9.00e-01
i: 373000, t:  463069.3 s, ωt:  46.31 (7.37 periods), wall: 1.879 hours, Δt:   1.14, CFL: 9.00e-01
i: 373100, t:  463182.6 s, ωt:  46.32 (7.37 periods), wall: 1.880 hours, Δt:   1.08, CFL: 9.00e-01
i: 373200, t:  463307.8 s, ωt:  46.33 (7.37 periods), wall: 1.880 hours, Δt:   1.21, CFL: 9.00e-01
i: 373300, t:  463435.5 s, ωt:  46.34 (7.38 periods), wall: 1.881 hours, Δt:   1.46, CFL: 9.00e-01
i: 373400, t:  463566.7 s, ωt:  46.36 (7.38 periods), wall: 1.881 hours, Δt:   1.27, CFL: 9.00e-01
i: 373500, t:  463691.6 s, ωt:  46.37 (7.38 periods), wall: 1.882 hours, Δt:   1.42, CFL: 9.00e-01
i: 373600, t:  463834.3 s, ωt:  46.38 (7.38 periods), wall: 1.882 hours, Δt:   1.32, CFL: 9.00e-01
i: 373700, t:  463966.2 s, ωt:  46.40 (7.38 periods), wall: 1.883 hours, Δt:   1.17, CFL: 9.00e-01
i: 373800, t:  464094.8 s, ωt:  46.41 (7.39 periods), wall: 1.883 hours, Δt:   1.34, CFL: 9.00e-01
i: 373900, t:  464237.4 s, ωt:  46.42 (7.39 periods), wall: 1.884 hours, Δt:   1.44, CFL: 9.00e-01
i: 374000, t:  464382.6 s, ωt:  46.44 (7.39 periods), wall: 1.884 hours, Δt:   1.44, CFL: 9.00e-01
i: 374100, t:  464535.0 s, ωt:  46.45 (7.39 periods), wall: 1.885 hours, Δt:   1.50, CFL: 9.00e-01
i: 374200, t:  464668.9 s, ωt:  46.47 (7.40 periods), wall: 1.885 hours, Δt:   1.68, CFL: 9.00e-01
i: 374300, t:  464820.2 s, ωt:  46.48 (7.40 periods), wall: 1.886 hours, Δt:   1.29, CFL: 9.00e-01
i: 374400, t:  464962.1 s, ωt:  46.50 (7.40 periods), wall: 1.886 hours, Δt:   1.62, CFL: 9.00e-01
i: 374500, t:  465107.7 s, ωt:  46.51 (7.40 periods), wall: 1.887 hours, Δt:   1.45, CFL: 9.00e-01
i: 374600, t:  465257.5 s, ωt:  46.53 (7.40 periods), wall: 1.887 hours, Δt:   1.35, CFL: 9.00e-01
i: 374700, t:  465400.7 s, ωt:  46.54 (7.41 periods), wall: 1.888 hours, Δt:   1.28, CFL: 9.00e-01
i: 374800, t:  465538.6 s, ωt:  46.55 (7.41 periods), wall: 1.888 hours, Δt:   1.49, CFL: 9.00e-01
i: 374900, t:  465678.1 s, ωt:  46.57 (7.41 periods), wall: 1.889 hours, Δt:   1.46, CFL: 9.00e-01
i: 375000, t:  465825.6 s, ωt:  46.58 (7.41 periods), wall: 1.889 hours, Δt:   1.54, CFL: 9.00e-01
i: 375100, t:  465969.6 s, ωt:  46.60 (7.42 periods), wall: 1.890 hours, Δt:   1.60, CFL: 9.00e-01
i: 375200, t:  466114.9 s, ωt:  46.61 (7.42 periods), wall: 1.890 hours, Δt:   1.55, CFL: 9.00e-01
i: 375300, t:  466266.8 s, ωt:  46.63 (7.42 periods), wall: 1.891 hours, Δt:   1.50, CFL: 9.00e-01
i: 375400, t:  466427.8 s, ωt:  46.64 (7.42 periods), wall: 1.891 hours, Δt:   1.48, CFL: 9.00e-01
i: 375500, t:  466575.9 s, ωt:  46.66 (7.43 periods), wall: 1.892 hours, Δt:   1.67, CFL: 9.00e-01
i: 375600, t:  466736.5 s, ωt:  46.67 (7.43 periods), wall: 1.892 hours, Δt:   1.74, CFL: 9.00e-01
i: 375700, t:  466910.2 s, ωt:  46.69 (7.43 periods), wall: 1.893 hours, Δt:   1.73, CFL: 9.00e-01
i: 375800, t:  467090.6 s, ωt:  46.71 (7.43 periods), wall: 1.893 hours, Δt:   1.64, CFL: 9.00e-01
i: 375900, t:  467288.5 s, ωt:  46.73 (7.44 periods), wall: 1.894 hours, Δt:   2.20, CFL: 9.00e-01
i: 376000, t:  467497.6 s, ωt:  46.75 (7.44 periods), wall: 1.894 hours, Δt:   2.18, CFL: 9.00e-01
i: 376100, t:  467695.1 s, ωt:  46.77 (7.44 periods), wall: 1.895 hours, Δt:   2.26, CFL: 9.00e-01
i: 376200, t:  467938.0 s, ωt:  46.79 (7.45 periods), wall: 1.895 hours, Δt:   2.36, CFL: 9.00e-01
i: 376300, t:  468172.1 s, ωt:  46.82 (7.45 periods), wall: 1.896 hours, Δt:   2.19, CFL: 9.00e-01
i: 376400, t:  468410.1 s, ωt:  46.84 (7.45 periods), wall: 1.896 hours, Δt:   2.43, CFL: 9.00e-01
i: 376500, t:  468650.7 s, ωt:  46.87 (7.46 periods), wall: 1.897 hours, Δt:   2.74, CFL: 9.00e-01
i: 376600, t:  468912.8 s, ωt:  46.89 (7.46 periods), wall: 1.898 hours, Δt:   3.20, CFL: 9.00e-01
i: 376700, t:  469223.2 s, ωt:  46.92 (7.47 periods), wall: 1.898 hours, Δt:   3.10, CFL: 9.00e-01
i: 376800, t:  469532.2 s, ωt:  46.95 (7.47 periods), wall: 1.899 hours, Δt:   2.64, CFL: 9.00e-01
i: 376900, t:  469911.0 s, ωt:  46.99 (7.48 periods), wall: 1.900 hours, Δt:   4.16, CFL: 9.00e-01
i: 377000, t:  470327.9 s, ωt:  47.03 (7.49 periods), wall: 1.901 hours, Δt:   4.54, CFL: 9.00e-01
i: 377100, t:  470734.7 s, ωt:  47.07 (7.49 periods), wall: 1.901 hours, Δt:   4.01, CFL: 9.00e-01
i: 377200, t:  471128.1 s, ωt:  47.11 (7.50 periods), wall: 1.902 hours, Δt:   3.70, CFL: 9.00e-01
i: 377300, t:  471487.3 s, ωt:  47.15 (7.50 periods), wall: 1.904 hours, Δt:   3.32, CFL: 9.00e-01
i: 377400, t:  471844.8 s, ωt:  47.18 (7.51 periods), wall: 1.904 hours, Δt:   3.53, CFL: 9.00e-01
i: 377500, t:  472208.7 s, ωt:  47.22 (7.52 periods), wall: 1.905 hours, Δt:   3.25, CFL: 9.00e-01
i: 377600, t:  472548.6 s, ωt:  47.25 (7.52 periods), wall: 1.906 hours, Δt:   3.30, CFL: 9.00e-01
i: 377700, t:  472885.1 s, ωt:  47.29 (7.53 periods), wall: 1.906 hours, Δt:   3.32, CFL: 9.00e-01
i: 377800, t:  473197.6 s, ωt:  47.32 (7.53 periods), wall: 1.907 hours, Δt:   3.01, CFL: 9.00e-01
i: 377900, t:  473484.5 s, ωt:  47.35 (7.54 periods), wall: 1.907 hours, Δt:   2.81, CFL: 9.00e-01
i: 378000, t:  473762.5 s, ωt:  47.38 (7.54 periods), wall: 1.908 hours, Δt:   2.50, CFL: 9.00e-01
i: 378100, t:  474008.1 s, ωt:  47.40 (7.54 periods), wall: 1.908 hours, Δt:   2.36, CFL: 9.00e-01
i: 378200, t:  474233.6 s, ωt:  47.42 (7.55 periods), wall: 1.909 hours, Δt:   2.20, CFL: 9.00e-01
i: 378300, t:  474443.6 s, ωt:  47.44 (7.55 periods), wall: 1.910 hours, Δt:   1.88, CFL: 9.00e-01
i: 378400, t:  474635.7 s, ωt:  47.46 (7.55 periods), wall: 1.910 hours, Δt:   1.84, CFL: 9.00e-01
i: 378500, t:  474810.9 s, ωt:  47.48 (7.56 periods), wall: 1.910 hours, Δt:   1.89, CFL: 9.00e-01
i: 378600, t:  474969.2 s, ωt:  47.50 (7.56 periods), wall: 1.911 hours, Δt:   1.63, CFL: 9.00e-01
i: 378700, t:  475125.8 s, ωt:  47.51 (7.56 periods), wall: 1.912 hours, Δt:   1.60, CFL: 9.00e-01
i: 378800, t:  475278.1 s, ωt:  47.53 (7.56 periods), wall: 1.912 hours, Δt:   1.81, CFL: 9.00e-01
i: 378900, t:  475447.4 s, ωt:  47.54 (7.57 periods), wall: 1.913 hours, Δt:   1.60, CFL: 9.00e-01
i: 379000, t:  475610.1 s, ωt:  47.56 (7.57 periods), wall: 1.913 hours, Δt:   1.47, CFL: 9.00e-01
i: 379100, t:  475764.7 s, ωt:  47.58 (7.57 periods), wall: 1.914 hours, Δt:   1.62, CFL: 9.00e-01
i: 379200, t:  475922.6 s, ωt:  47.59 (7.57 periods), wall: 1.914 hours, Δt:   1.53, CFL: 9.00e-01
i: 379300, t:  476078.2 s, ωt:  47.61 (7.58 periods), wall: 1.915 hours, Δt:   1.57, CFL: 9.00e-01
i: 379400, t:  476230.9 s, ωt:  47.62 (7.58 periods), wall: 1.915 hours, Δt:   1.32, CFL: 9.00e-01
i: 379500, t:  476373.1 s, ωt:  47.64 (7.58 periods), wall: 1.916 hours, Δt:   1.41, CFL: 9.00e-01
i: 379600, t:  476522.0 s, ωt:  47.65 (7.58 periods), wall: 1.916 hours, Δt:   1.47, CFL: 9.00e-01
i: 379700, t:  476663.6 s, ωt:  47.67 (7.59 periods), wall: 1.917 hours, Δt:   1.35, CFL: 9.00e-01
i: 379800, t:  476796.8 s, ωt:  47.68 (7.59 periods), wall: 1.917 hours, Δt:   1.42, CFL: 9.00e-01
i: 379900, t:  476933.4 s, ωt:  47.69 (7.59 periods), wall: 1.918 hours, Δt:   1.41, CFL: 9.00e-01
i: 380000, t:  477072.3 s, ωt:  47.71 (7.59 periods), wall: 1.918 hours, Δt:   1.11, CFL: 9.00e-01
i: 380100, t:  477197.7 s, ωt:  47.72 (7.59 periods), wall: 1.919 hours, Δt:   1.28, CFL: 9.00e-01
i: 380200, t:  477326.7 s, ωt:  47.73 (7.60 periods), wall: 1.919 hours, Δt:   1.27, CFL: 9.00e-01
i: 380300, t:  477449.7 s, ωt:  47.74 (7.60 periods), wall: 1.920 hours, Δt:   1.13, CFL: 9.00e-01
i: 380400, t:  477574.6 s, ωt:  47.76 (7.60 periods), wall: 1.920 hours, Δt:   1.11, CFL: 9.00e-01
i: 380500, t:  477698.5 s, ωt:  47.77 (7.60 periods), wall: 1.921 hours, Δt:   1.16, CFL: 9.00e-01
i: 380600, t:  477826.1 s, ωt:  47.78 (7.60 periods), wall: 1.921 hours, Δt:   1.16, CFL: 9.00e-01
i: 380700, t:  477949.5 s, ωt:  47.79 (7.61 periods), wall: 1.922 hours, Δt:   1.15, CFL: 9.00e-01
i: 380800, t:  478070.5 s, ωt:  47.81 (7.61 periods), wall: 1.923 hours, Δt:   1.18, CFL: 9.00e-01
i: 380900, t:  478188.0 s, ωt:  47.82 (7.61 periods), wall: 1.923 hours, Δt:   1.23, CFL: 9.00e-01
i: 381000, t:  478304.9 s, ωt:  47.83 (7.61 periods), wall: 1.924 hours, Δt:   0.99, CFL: 9.00e-01
i: 381100, t:  478414.3 s, ωt:  47.84 (7.61 periods), wall: 1.924 hours, Δt:   1.16, CFL: 9.00e-01
i: 381200, t:  478533.5 s, ωt:  47.85 (7.62 periods), wall: 1.925 hours, Δt:   1.14, CFL: 9.00e-01
i: 381300, t:  478647.5 s, ωt:  47.86 (7.62 periods), wall: 1.925 hours, Δt:   1.10, CFL: 9.00e-01
i: 381400, t:  478757.4 s, ωt:  47.88 (7.62 periods), wall: 1.926 hours, Δt:   1.04, CFL: 9.00e-01
i: 381500, t:  478859.2 s, ωt:  47.89 (7.62 periods), wall: 1.926 hours, Δt:   1.00, CFL: 9.00e-01
i: 381600, t:  478966.5 s, ωt:  47.90 (7.62 periods), wall: 1.927 hours, Δt:   1.14, CFL: 9.00e-01
i: 381700, t:  479080.4 s, ωt:  47.91 (7.62 periods), wall: 1.927 hours, Δt:   1.07, CFL: 9.00e-01
i: 381800, t:  479186.6 s, ωt:  47.92 (7.63 periods), wall: 1.928 hours, Δt:   1.03, CFL: 9.00e-01
i: 381900, t:  479286.5 s, ωt:  47.93 (7.63 periods), wall: 1.929 hours, Δt:   1.15, CFL: 9.00e-01
i: 382000, t:  479385.3 s, ωt:  47.94 (7.63 periods), wall: 1.929 hours, Δt:   0.93, CFL: 9.00e-01
i: 382100, t:  479486.8 s, ωt:  47.95 (7.63 periods), wall: 1.930 hours, Δt:   1.03, CFL: 9.00e-01
i: 382200, t:  479596.1 s, ωt:  47.96 (7.63 periods), wall: 1.930 hours, Δt:   1.02, CFL: 9.00e-01
i: 382300, t:  479697.7 s, ωt:  47.97 (7.63 periods), wall: 1.930 hours, Δt:   0.98, CFL: 9.00e-01
i: 382400, t:  479800.5 s, ωt:  47.98 (7.64 periods), wall: 1.931 hours, Δt:   1.03, CFL: 9.00e-01
i: 382500, t:  479905.1 s, ωt:  47.99 (7.64 periods), wall: 1.932 hours, Δt:   1.04, CFL: 9.00e-01
i: 382600, t:  480011.7 s, ωt:  48.00 (7.64 periods), wall: 1.932 hours, Δt:   1.07, CFL: 9.00e-01
i: 382700, t:  480117.6 s, ωt:  48.01 (7.64 periods), wall: 1.933 hours, Δt:   0.90, CFL: 9.00e-01
i: 382800, t:  480206.5 s, ωt:  48.02 (7.64 periods), wall: 1.933 hours, Δt:   1.05, CFL: 9.00e-01
i: 382900, t:  480306.4 s, ωt:  48.03 (7.64 periods), wall: 1.933 hours, Δt:   1.08, CFL: 9.00e-01
i: 383000, t:  480402.2 s, ωt:  48.04 (7.65 periods), wall: 1.934 hours, Δt:   0.96, CFL: 9.00e-01
i: 383100, t:  480496.3 s, ωt:  48.05 (7.65 periods), wall: 1.935 hours, Δt:   0.97, CFL: 8.85e-01
i: 383200, t:  480593.2 s, ωt:  48.06 (7.65 periods), wall: 1.935 hours, Δt:   0.88, CFL: 9.00e-01
i: 383300, t:  480686.9 s, ωt:  48.07 (7.65 periods), wall: 1.936 hours, Δt:   0.80, CFL: 9.00e-01
i: 383400, t:  480786.8 s, ωt:  48.08 (7.65 periods), wall: 1.936 hours, Δt:   0.92, CFL: 9.00e-01
i: 383500, t:  480881.4 s, ωt:  48.09 (7.65 periods), wall: 1.936 hours, Δt:   0.91, CFL: 9.00e-01
i: 383600, t:  480971.5 s, ωt:  48.10 (7.65 periods), wall: 1.937 hours, Δt:   0.78, CFL: 9.00e-01
i: 383700, t:  481056.8 s, ωt:  48.11 (7.66 periods), wall: 1.937 hours, Δt:   0.95, CFL: 9.00e-01
i: 383800, t:  481154.9 s, ωt:  48.12 (7.66 periods), wall: 1.938 hours, Δt:   0.97, CFL: 9.00e-01
i: 383900, t:  481252.9 s, ωt:  48.13 (7.66 periods), wall: 1.938 hours, Δt:   0.97, CFL: 9.00e-01
i: 384000, t:  481345.8 s, ωt:  48.13 (7.66 periods), wall: 1.939 hours, Δt:   0.93, CFL: 9.00e-01
i: 384100, t:  481440.6 s, ωt:  48.14 (7.66 periods), wall: 1.939 hours, Δt:   0.95, CFL: 9.00e-01
i: 384200, t:  481529.9 s, ωt:  48.15 (7.66 periods), wall: 1.940 hours, Δt:   0.99, CFL: 9.00e-01
i: 384300, t:  481620.2 s, ωt:  48.16 (7.67 periods), wall: 1.940 hours, Δt:   0.99, CFL: 9.00e-01
i: 384400, t:  481710.6 s, ωt:  48.17 (7.67 periods), wall: 1.941 hours, Δt:   0.88, CFL: 9.00e-01
i: 384500, t:  481794.9 s, ωt:  48.18 (7.67 periods), wall: 1.941 hours, Δt:   1.00, CFL: 9.00e-01
i: 384600, t:  481889.8 s, ωt:  48.19 (7.67 periods), wall: 1.942 hours, Δt:   0.93, CFL: 9.00e-01
i: 384700, t:  481979.4 s, ωt:  48.20 (7.67 periods), wall: 1.942 hours, Δt:   0.99, CFL: 9.00e-01
i: 384800, t:  482064.1 s, ωt:  48.21 (7.67 periods), wall: 1.943 hours, Δt:   0.93, CFL: 9.00e-01
i: 384900, t:  482156.4 s, ωt:  48.22 (7.67 periods), wall: 1.943 hours, Δt:   0.94, CFL: 9.00e-01
i: 385000, t:  482242.2 s, ωt:  48.22 (7.68 periods), wall: 1.944 hours, Δt:   0.89, CFL: 9.00e-01
i: 385100, t:  482331.4 s, ωt:  48.23 (7.68 periods), wall: 1.944 hours, Δt:   0.91, CFL: 9.00e-01
i: 385200, t:  482417.1 s, ωt:  48.24 (7.68 periods), wall: 1.945 hours, Δt:   0.83, CFL: 9.00e-01
i: 385300, t:  482508.8 s, ωt:  48.25 (7.68 periods), wall: 1.945 hours, Δt:   0.93, CFL: 9.00e-01
i: 385400, t:  482597.2 s, ωt:  48.26 (7.68 periods), wall: 1.946 hours, Δt:   0.77, CFL: 9.00e-01
i: 385500, t:  482681.5 s, ωt:  48.27 (7.68 periods), wall: 1.946 hours, Δt:   0.87, CFL: 9.00e-01
i: 385600, t:  482768.8 s, ωt:  48.28 (7.68 periods), wall: 1.947 hours, Δt:   0.90, CFL: 9.00e-01
i: 385700, t:  482857.7 s, ωt:  48.29 (7.68 periods), wall: 1.947 hours, Δt:   0.93, CFL: 9.00e-01
i: 385800, t:  482941.9 s, ωt:  48.29 (7.69 periods), wall: 1.948 hours, Δt:   0.84, CFL: 9.00e-01
i: 385900, t:  483028.1 s, ωt:  48.30 (7.69 periods), wall: 1.948 hours, Δt:   0.86, CFL: 9.00e-01
i: 386000, t:  483117.2 s, ωt:  48.31 (7.69 periods), wall: 1.949 hours, Δt:   0.89, CFL: 9.00e-01
i: 386100, t:  483204.3 s, ωt:  48.32 (7.69 periods), wall: 1.949 hours, Δt:   0.70, CFL: 9.00e-01
i: 386200, t:  483283.1 s, ωt:  48.33 (7.69 periods), wall: 1.950 hours, Δt:   0.78, CFL: 9.00e-01
i: 386300, t:  483367.9 s, ωt:  48.34 (7.69 periods), wall: 1.950 hours, Δt:   0.84, CFL: 9.00e-01
i: 386400, t:  483454.2 s, ωt:  48.35 (7.69 periods), wall: 1.951 hours, Δt:   0.87, CFL: 9.00e-01
i: 386500, t:  483538.7 s, ωt:  48.35 (7.70 periods), wall: 1.951 hours, Δt:   0.89, CFL: 9.00e-01
i: 386600, t:  483626.3 s, ωt:  48.36 (7.70 periods), wall: 1.952 hours, Δt:   0.88, CFL: 9.00e-01
i: 386700, t:  483709.7 s, ωt:  48.37 (7.70 periods), wall: 1.952 hours, Δt:   0.80, CFL: 9.00e-01
i: 386800, t:  483795.5 s, ωt:  48.38 (7.70 periods), wall: 1.953 hours, Δt:   0.81, CFL: 9.00e-01
i: 386900, t:  483875.4 s, ωt:  48.39 (7.70 periods), wall: 1.953 hours, Δt:   0.78, CFL: 9.00e-01
i: 387000, t:  483957.7 s, ωt:  48.40 (7.70 periods), wall: 1.954 hours, Δt:   0.78, CFL: 9.00e-01
i: 387100, t:  484044.2 s, ωt:  48.40 (7.70 periods), wall: 1.954 hours, Δt:   0.93, CFL: 9.00e-01
i: 387200, t:  484131.4 s, ωt:  48.41 (7.71 periods), wall: 1.955 hours, Δt:   0.89, CFL: 9.00e-01
i: 387300, t:  484218.1 s, ωt:  48.42 (7.71 periods), wall: 1.956 hours, Δt:   0.82, CFL: 9.00e-01
i: 387400, t:  484300.1 s, ωt:  48.43 (7.71 periods), wall: 1.956 hours, Δt:   0.85, CFL: 9.00e-01
i: 387500, t:  484387.8 s, ωt:  48.44 (7.71 periods), wall: 1.956 hours, Δt:   0.73, CFL: 9.00e-01
i: 387600, t:  484469.0 s, ωt:  48.45 (7.71 periods), wall: 1.957 hours, Δt:   0.84, CFL: 9.00e-01
i: 387700, t:  484548.8 s, ωt:  48.45 (7.71 periods), wall: 1.958 hours, Δt:   0.84, CFL: 9.00e-01
i: 387800, t:  484632.7 s, ωt:  48.46 (7.71 periods), wall: 1.958 hours, Δt:   0.83, CFL: 9.00e-01
i: 387900, t:  484712.7 s, ωt:  48.47 (7.71 periods), wall: 1.958 hours, Δt:   0.89, CFL: 9.00e-01
i: 388000, t:  484802.1 s, ωt:  48.48 (7.72 periods), wall: 1.959 hours, Δt:   0.90, CFL: 9.00e-01
i: 388100, t:  484886.5 s, ωt:  48.49 (7.72 periods), wall: 1.959 hours, Δt:   0.83, CFL: 9.00e-01
i: 388200, t:  484975.9 s, ωt:  48.50 (7.72 periods), wall: 1.960 hours, Δt:   0.91, CFL: 9.00e-01
i: 388300, t:  485061.1 s, ωt:  48.51 (7.72 periods), wall: 1.960 hours, Δt:   0.88, CFL: 9.00e-01
i: 388400, t:  485151.2 s, ωt:  48.52 (7.72 periods), wall: 1.961 hours, Δt:   0.88, CFL: 9.00e-01
i: 388500, t:  485233.9 s, ωt:  48.52 (7.72 periods), wall: 1.961 hours, Δt:   0.83, CFL: 9.00e-01
i: 388600, t:  485316.7 s, ωt:  48.53 (7.72 periods), wall: 1.962 hours, Δt:   0.77, CFL: 9.00e-01
i: 388700, t:  485401.3 s, ωt:  48.54 (7.73 periods), wall: 1.962 hours, Δt:   0.84, CFL: 9.00e-01
i: 388800, t:  485493.1 s, ωt:  48.55 (7.73 periods), wall: 1.963 hours, Δt:   0.85, CFL: 9.00e-01
i: 388900, t:  485577.0 s, ωt:  48.56 (7.73 periods), wall: 1.963 hours, Δt:   0.81, CFL: 9.00e-01
i: 389000, t:  485662.9 s, ωt:  48.57 (7.73 periods), wall: 1.964 hours, Δt:   0.88, CFL: 9.00e-01
i: 389100, t:  485747.2 s, ωt:  48.57 (7.73 periods), wall: 1.964 hours, Δt:   0.90, CFL: 9.00e-01
i: 389200, t:  485823.5 s, ωt:  48.58 (7.73 periods), wall: 1.965 hours, Δt:   0.77, CFL: 9.00e-01
i: 389300, t:  485903.6 s, ωt:  48.59 (7.73 periods), wall: 1.965 hours, Δt:   0.82, CFL: 9.00e-01
i: 389400, t:  485985.8 s, ωt:  48.60 (7.73 periods), wall: 1.966 hours, Δt:   0.90, CFL: 9.00e-01
i: 389500, t:  486070.1 s, ωt:  48.61 (7.74 periods), wall: 1.966 hours, Δt:   0.84, CFL: 9.00e-01
i: 389600, t:  486151.4 s, ωt:  48.62 (7.74 periods), wall: 1.967 hours, Δt:   0.81, CFL: 9.00e-01
i: 389700, t:  486232.8 s, ωt:  48.62 (7.74 periods), wall: 1.967 hours, Δt:   0.91, CFL: 9.00e-01
i: 389800, t:  486319.3 s, ωt:  48.63 (7.74 periods), wall: 1.968 hours, Δt:   0.71, CFL: 9.00e-01
i: 389900, t:  486399.2 s, ωt:  48.64 (7.74 periods), wall: 1.968 hours, Δt:   0.82, CFL: 9.00e-01
i: 390000, t:  486478.2 s, ωt:  48.65 (7.74 periods), wall: 1.969 hours, Δt:   0.79, CFL: 9.00e-01
i: 390100, t:  486553.9 s, ωt:  48.66 (7.74 periods), wall: 1.969 hours, Δt:   0.69, CFL: 9.00e-01
i: 390200, t:  486631.7 s, ωt:  48.66 (7.74 periods), wall: 1.970 hours, Δt:   0.83, CFL: 9.00e-01
i: 390300, t:  486710.7 s, ωt:  48.67 (7.75 periods), wall: 1.970 hours, Δt:   0.68, CFL: 9.00e-01
i: 390400, t:  486791.1 s, ωt:  48.68 (7.75 periods), wall: 1.971 hours, Δt:   0.89, CFL: 9.00e-01
i: 390500, t:  486870.7 s, ωt:  48.69 (7.75 periods), wall: 1.971 hours, Δt:   0.80, CFL: 9.00e-01
i: 390600, t:  486957.9 s, ωt:  48.70 (7.75 periods), wall: 1.972 hours, Δt:   0.82, CFL: 9.00e-01
i: 390700, t:  487041.4 s, ωt:  48.70 (7.75 periods), wall: 1.972 hours, Δt:   0.89, CFL: 9.00e-01
i: 390800, t:  487122.8 s, ωt:  48.71 (7.75 periods), wall: 1.973 hours, Δt:   0.81, CFL: 9.00e-01
i: 390900, t:  487203.4 s, ωt:  48.72 (7.75 periods), wall: 1.973 hours, Δt:   0.77, CFL: 9.00e-01
i: 391000, t:  487283.9 s, ωt:  48.73 (7.76 periods), wall: 1.974 hours, Δt:   0.86, CFL: 9.00e-01
i: 391100, t:  487355.5 s, ωt:  48.74 (7.76 periods), wall: 1.974 hours, Δt:   0.83, CFL: 8.46e-01
i: 391200, t:  487438.9 s, ωt:  48.74 (7.76 periods), wall: 1.975 hours, Δt:   0.85, CFL: 9.00e-01
i: 391300, t:  487521.9 s, ωt:  48.75 (7.76 periods), wall: 1.975 hours, Δt:   0.84, CFL: 9.00e-01
i: 391400, t:  487611.3 s, ωt:  48.76 (7.76 periods), wall: 1.976 hours, Δt:   0.84, CFL: 9.00e-01
i: 391500, t:  487694.3 s, ωt:  48.77 (7.76 periods), wall: 1.976 hours, Δt:   0.85, CFL: 9.00e-01
i: 391600, t:  487780.2 s, ωt:  48.78 (7.76 periods), wall: 1.977 hours, Δt:   0.79, CFL: 9.00e-01
i: 391700, t:  487862.7 s, ωt:  48.79 (7.76 periods), wall: 1.977 hours, Δt:   0.84, CFL: 9.00e-01
i: 391800, t:  487949.4 s, ωt:  48.79 (7.77 periods), wall: 1.978 hours, Δt:   0.88, CFL: 9.00e-01
i: 391900, t:  488033.4 s, ωt:  48.80 (7.77 periods), wall: 1.978 hours, Δt:   0.77, CFL: 9.00e-01
i: 392000, t:  488113.8 s, ωt:  48.81 (7.77 periods), wall: 1.979 hours, Δt:   0.87, CFL: 9.00e-01
i: 392100, t:  488195.4 s, ωt:  48.82 (7.77 periods), wall: 1.979 hours, Δt:   0.86, CFL: 9.00e-01
i: 392200, t:  488279.3 s, ωt:  48.83 (7.77 periods), wall: 1.980 hours, Δt:   0.81, CFL: 9.00e-01
i: 392300, t:  488362.5 s, ωt:  48.84 (7.77 periods), wall: 1.980 hours, Δt:   0.83, CFL: 9.00e-01
i: 392400, t:  488442.6 s, ωt:  48.84 (7.77 periods), wall: 1.981 hours, Δt:   0.76, CFL: 9.00e-01
i: 392500, t:  488522.5 s, ωt:  48.85 (7.78 periods), wall: 1.981 hours, Δt:   0.96, CFL: 9.00e-01
i: 392600, t:  488610.2 s, ωt:  48.86 (7.78 periods), wall: 1.982 hours, Δt:   0.82, CFL: 9.00e-01
i: 392700, t:  488693.2 s, ωt:  48.87 (7.78 periods), wall: 1.982 hours, Δt:   0.95, CFL: 9.00e-01
i: 392800, t:  488782.9 s, ωt:  48.88 (7.78 periods), wall: 1.983 hours, Δt:   0.84, CFL: 9.00e-01
i: 392900, t:  488868.3 s, ωt:  48.89 (7.78 periods), wall: 1.983 hours, Δt:   0.74, CFL: 9.00e-01
i: 393000, t:  488952.9 s, ωt:  48.90 (7.78 periods), wall: 1.984 hours, Δt:   0.89, CFL: 9.00e-01
i: 393100, t:  489039.8 s, ωt:  48.90 (7.78 periods), wall: 1.984 hours, Δt:   0.86, CFL: 9.00e-01
i: 393200, t:  489121.8 s, ωt:  48.91 (7.78 periods), wall: 1.984 hours, Δt:   0.84, CFL: 9.00e-01
i: 393300, t:  489206.8 s, ωt:  48.92 (7.79 periods), wall: 1.985 hours, Δt:   0.84, CFL: 9.00e-01
i: 393400, t:  489294.4 s, ωt:  48.93 (7.79 periods), wall: 1.986 hours, Δt:   0.85, CFL: 9.00e-01
i: 393500, t:  489381.3 s, ωt:  48.94 (7.79 periods), wall: 1.986 hours, Δt:   0.94, CFL: 9.00e-01
i: 393600, t:  489461.8 s, ωt:  48.95 (7.79 periods), wall: 1.987 hours, Δt:   0.85, CFL: 9.00e-01
i: 393700, t:  489546.9 s, ωt:  48.95 (7.79 periods), wall: 1.987 hours, Δt:   0.94, CFL: 9.00e-01
i: 393800, t:  489632.9 s, ωt:  48.96 (7.79 periods), wall: 1.988 hours, Δt:   0.74, CFL: 9.00e-01
i: 393900, t:  489717.5 s, ωt:  48.97 (7.79 periods), wall: 1.988 hours, Δt:   0.82, CFL: 9.00e-01
i: 394000, t:  489801.3 s, ωt:  48.98 (7.80 periods), wall: 1.989 hours, Δt:   0.89, CFL: 9.00e-01
i: 394100, t:  489889.1 s, ωt:  48.99 (7.80 periods), wall: 1.989 hours, Δt:   0.83, CFL: 9.00e-01
i: 394200, t:  489979.8 s, ωt:  49.00 (7.80 periods), wall: 1.990 hours, Δt:   0.99, CFL: 9.00e-01
i: 394300, t:  490074.7 s, ωt:  49.01 (7.80 periods), wall: 1.990 hours, Δt:   0.98, CFL: 9.00e-01
i: 394400, t:  490169.4 s, ωt:  49.02 (7.80 periods), wall: 1.991 hours, Δt:   1.00, CFL: 9.00e-01
i: 394500, t:  490260.2 s, ωt:  49.03 (7.80 periods), wall: 1.991 hours, Δt:   0.75, CFL: 9.00e-01
i: 394600, t:  490337.7 s, ωt:  49.03 (7.80 periods), wall: 1.992 hours, Δt:   0.83, CFL: 9.00e-01
i: 394700, t:  490421.9 s, ωt:  49.04 (7.81 periods), wall: 1.992 hours, Δt:   0.85, CFL: 9.00e-01
i: 394800, t:  490501.9 s, ωt:  49.05 (7.81 periods), wall: 1.993 hours, Δt:   0.80, CFL: 9.00e-01
i: 394900, t:  490594.7 s, ωt:  49.06 (7.81 periods), wall: 1.993 hours, Δt:   0.95, CFL: 9.00e-01
i: 395000, t:  490687.6 s, ωt:  49.07 (7.81 periods), wall: 1.994 hours, Δt:   0.83, CFL: 9.00e-01
i: 395100, t:  490779.6 s, ωt:  49.08 (7.81 periods), wall: 1.994 hours, Δt:   0.95, CFL: 9.00e-01
i: 395200, t:  490872.1 s, ωt:  49.09 (7.81 periods), wall: 1.995 hours, Δt:   0.87, CFL: 9.00e-01
i: 395300, t:  490961.2 s, ωt:  49.10 (7.81 periods), wall: 1.995 hours, Δt:   0.99, CFL: 9.00e-01
i: 395400, t:  491058.8 s, ωt:  49.11 (7.82 periods), wall: 1.996 hours, Δt:   0.94, CFL: 9.00e-01
i: 395500, t:  491150.4 s, ωt:  49.12 (7.82 periods), wall: 1.996 hours, Δt:   1.01, CFL: 9.00e-01
i: 395600, t:  491240.7 s, ωt:  49.12 (7.82 periods), wall: 1.997 hours, Δt:   0.98, CFL: 9.00e-01
i: 395700, t:  491327.4 s, ωt:  49.13 (7.82 periods), wall: 1.997 hours, Δt:   0.96, CFL: 9.00e-01
i: 395800, t:  491417.7 s, ωt:  49.14 (7.82 periods), wall: 1.998 hours, Δt:   0.92, CFL: 9.00e-01
i: 395900, t:  491512.0 s, ωt:  49.15 (7.82 periods), wall: 1.998 hours, Δt:   0.95, CFL: 9.00e-01
i: 396000, t:  491614.6 s, ωt:  49.16 (7.82 periods), wall: 1.998 hours, Δt:   1.03, CFL: 9.00e-01
i: 396100, t:  491711.1 s, ωt:  49.17 (7.83 periods), wall: 1.999 hours, Δt:   1.02, CFL: 9.00e-01
i: 396200, t:  491806.0 s, ωt:  49.18 (7.83 periods), wall: 2.000 hours, Δt:   1.01, CFL: 9.00e-01
i: 396300, t:  491911.1 s, ωt:  49.19 (7.83 periods), wall: 2.000 hours, Δt:   1.00, CFL: 9.00e-01
i: 396400, t:  492006.3 s, ωt:  49.20 (7.83 periods), wall: 2.001 hours, Δt:   1.01, CFL: 9.00e-01
i: 396500, t:  492099.1 s, ωt:  49.21 (7.83 periods), wall: 2.001 hours, Δt:   0.97, CFL: 9.00e-01
i: 396600, t:  492195.4 s, ωt:  49.22 (7.83 periods), wall: 2.001 hours, Δt:   1.00, CFL: 9.00e-01
i: 396700, t:  492295.1 s, ωt:  49.23 (7.84 periods), wall: 2.002 hours, Δt:   1.04, CFL: 9.00e-01
i: 396800, t:  492397.1 s, ωt:  49.24 (7.84 periods), wall: 2.003 hours, Δt:   1.02, CFL: 9.00e-01
i: 396900, t:  492499.7 s, ωt:  49.25 (7.84 periods), wall: 2.003 hours, Δt:   1.06, CFL: 9.00e-01
i: 397000, t:  492601.7 s, ωt:  49.26 (7.84 periods), wall: 2.003 hours, Δt:   0.92, CFL: 9.00e-01
i: 397100, t:  492702.2 s, ωt:  49.27 (7.84 periods), wall: 2.004 hours, Δt:   1.01, CFL: 9.00e-01
i: 397200, t:  492799.6 s, ωt:  49.28 (7.84 periods), wall: 2.004 hours, Δt:   0.92, CFL: 9.00e-01
i: 397300, t:  492891.7 s, ωt:  49.29 (7.84 periods), wall: 2.005 hours, Δt:   0.95, CFL: 9.00e-01
i: 397400, t:  492992.3 s, ωt:  49.30 (7.85 periods), wall: 2.006 hours, Δt:   0.98, CFL: 9.00e-01
i: 397500, t:  493083.0 s, ωt:  49.31 (7.85 periods), wall: 2.006 hours, Δt:   1.08, CFL: 9.00e-01
i: 397600, t:  493182.4 s, ωt:  49.32 (7.85 periods), wall: 2.006 hours, Δt:   1.11, CFL: 9.00e-01
i: 397700, t:  493289.2 s, ωt:  49.33 (7.85 periods), wall: 2.007 hours, Δt:   1.00, CFL: 9.00e-01
i: 397800, t:  493393.4 s, ωt:  49.34 (7.85 periods), wall: 2.007 hours, Δt:   1.12, CFL: 9.00e-01
i: 397900, t:  493504.9 s, ωt:  49.35 (7.85 periods), wall: 2.008 hours, Δt:   1.05, CFL: 9.00e-01
i: 398000, t:  493609.6 s, ωt:  49.36 (7.86 periods), wall: 2.008 hours, Δt:   1.04, CFL: 9.00e-01
i: 398100, t:  493724.8 s, ωt:  49.37 (7.86 periods), wall: 2.009 hours, Δt:   1.10, CFL: 9.00e-01
i: 398200, t:  493836.9 s, ωt:  49.38 (7.86 periods), wall: 2.009 hours, Δt:   1.20, CFL: 9.00e-01
i: 398300, t:  493954.5 s, ωt:  49.40 (7.86 periods), wall: 2.010 hours, Δt:   1.19, CFL: 9.00e-01
i: 398400, t:  494069.7 s, ωt:  49.41 (7.86 periods), wall: 2.010 hours, Δt:   1.08, CFL: 9.00e-01
i: 398500, t:  494180.7 s, ωt:  49.42 (7.87 periods), wall: 2.011 hours, Δt:   1.09, CFL: 9.00e-01
i: 398600, t:  494297.6 s, ωt:  49.43 (7.87 periods), wall: 2.011 hours, Δt:   1.11, CFL: 9.00e-01
i: 398700, t:  494412.3 s, ωt:  49.44 (7.87 periods), wall: 2.012 hours, Δt:   1.27, CFL: 9.00e-01
i: 398800, t:  494531.3 s, ωt:  49.45 (7.87 periods), wall: 2.012 hours, Δt:   1.17, CFL: 9.00e-01
i: 398900, t:  494647.4 s, ωt:  49.46 (7.87 periods), wall: 2.013 hours, Δt:   1.25, CFL: 9.00e-01
i: 399000, t:  494768.9 s, ωt:  49.48 (7.87 periods), wall: 2.013 hours, Δt:   1.23, CFL: 9.00e-01
i: 399100, t:  494886.8 s, ωt:  49.49 (7.88 periods), wall: 2.014 hours, Δt:   1.12, CFL: 9.00e-01
i: 399200, t:  495003.8 s, ωt:  49.50 (7.88 periods), wall: 2.014 hours, Δt:   1.09, CFL: 9.00e-01
i: 399300, t:  495125.9 s, ωt:  49.51 (7.88 periods), wall: 2.015 hours, Δt:   1.32, CFL: 9.00e-01
i: 399400, t:  495254.2 s, ωt:  49.53 (7.88 periods), wall: 2.015 hours, Δt:   1.36, CFL: 9.00e-01
i: 399500, t:  495386.2 s, ωt:  49.54 (7.88 periods), wall: 2.016 hours, Δt:   1.38, CFL: 9.00e-01
i: 399600, t:  495518.0 s, ωt:  49.55 (7.89 periods), wall: 2.016 hours, Δt:   1.34, CFL: 9.00e-01
i: 399700, t:  495645.2 s, ωt:  49.56 (7.89 periods), wall: 2.017 hours, Δt:   1.20, CFL: 9.00e-01
i: 399800, t:  495775.3 s, ωt:  49.58 (7.89 periods), wall: 2.017 hours, Δt:   1.46, CFL: 9.00e-01
i: 399900, t:  495909.3 s, ωt:  49.59 (7.89 periods), wall: 2.018 hours, Δt:   1.25, CFL: 9.00e-01
i: 400000, t:  496040.9 s, ωt:  49.60 (7.89 periods), wall: 2.018 hours, Δt:   1.21, CFL: 9.00e-01
i: 400100, t:  496152.4 s, ωt:  49.62 (7.90 periods), wall: 2.019 hours, Δt:   1.04, CFL: 9.00e-01
i: 400200, t:  496267.4 s, ωt:  49.63 (7.90 periods), wall: 2.019 hours, Δt:   1.00, CFL: 9.00e-01
i: 400300, t:  496375.4 s, ωt:  49.64 (7.90 periods), wall: 2.020 hours, Δt:   1.29, CFL: 9.00e-01
i: 400400, t:  496492.7 s, ωt:  49.65 (7.90 periods), wall: 2.020 hours, Δt:   1.02, CFL: 9.00e-01
i: 400500, t:  496611.8 s, ωt:  49.66 (7.90 periods), wall: 2.021 hours, Δt:   1.28, CFL: 9.00e-01
i: 400600, t:  496747.8 s, ωt:  49.67 (7.91 periods), wall: 2.021 hours, Δt:   1.29, CFL: 9.00e-01
i: 400700, t:  496889.8 s, ωt:  49.69 (7.91 periods), wall: 2.022 hours, Δt:   1.23, CFL: 9.00e-01
i: 400800, t:  497017.4 s, ωt:  49.70 (7.91 periods), wall: 2.022 hours, Δt:   1.19, CFL: 9.00e-01
i: 400900, t:  497147.6 s, ωt:  49.71 (7.91 periods), wall: 2.023 hours, Δt:   1.46, CFL: 9.00e-01
i: 401000, t:  497287.2 s, ωt:  49.73 (7.91 periods), wall: 2.023 hours, Δt:   1.45, CFL: 9.00e-01
i: 401100, t:  497428.4 s, ωt:  49.74 (7.92 periods), wall: 2.024 hours, Δt:   1.47, CFL: 9.00e-01
i: 401200, t:  497589.2 s, ωt:  49.76 (7.92 periods), wall: 2.024 hours, Δt:   1.47, CFL: 9.00e-01
i: 401300, t:  497749.4 s, ωt:  49.77 (7.92 periods), wall: 2.025 hours, Δt:   1.54, CFL: 9.00e-01
i: 401400, t:  497925.2 s, ωt:  49.79 (7.92 periods), wall: 2.025 hours, Δt:   1.65, CFL: 9.00e-01
i: 401500, t:  498085.9 s, ωt:  49.81 (7.93 periods), wall: 2.026 hours, Δt:   1.68, CFL: 9.00e-01
i: 401600, t:  498255.5 s, ωt:  49.83 (7.93 periods), wall: 2.026 hours, Δt:   1.74, CFL: 9.00e-01
i: 401700, t:  498437.9 s, ωt:  49.84 (7.93 periods), wall: 2.027 hours, Δt:   1.91, CFL: 9.00e-01
i: 401800, t:  498626.3 s, ωt:  49.86 (7.94 periods), wall: 2.027 hours, Δt:   2.08, CFL: 9.00e-01
i: 401900, t:  498828.9 s, ωt:  49.88 (7.94 periods), wall: 2.028 hours, Δt:   2.11, CFL: 9.00e-01
i: 402000, t:  499029.6 s, ωt:  49.90 (7.94 periods), wall: 2.028 hours, Δt:   1.85, CFL: 9.00e-01
i: 402100, t:  499223.1 s, ωt:  49.92 (7.95 periods), wall: 2.029 hours, Δt:   2.39, CFL: 9.00e-01
i: 402200, t:  499442.7 s, ωt:  49.94 (7.95 periods), wall: 2.029 hours, Δt:   2.53, CFL: 9.00e-01
i: 402300, t:  499697.7 s, ωt:  49.97 (7.95 periods), wall: 2.030 hours, Δt:   2.50, CFL: 9.00e-01
i: 402400, t:  499932.8 s, ωt:  49.99 (7.96 periods), wall: 2.031 hours, Δt:   2.48, CFL: 9.00e-01
i: 402500, t:  500196.3 s, ωt:  50.02 (7.96 periods), wall: 2.031 hours, Δt:   2.82, CFL: 9.00e-01
i: 402600, t:  500496.4 s, ωt:  50.05 (7.97 periods), wall: 2.032 hours, Δt:   3.25, CFL: 9.00e-01
i: 402700, t:  500757.8 s, ωt:  50.08 (7.97 periods), wall: 2.032 hours, Δt:   2.89, CFL: 9.00e-01
i: 402800, t:  501044.7 s, ωt:  50.10 (7.97 periods), wall: 2.033 hours, Δt:   3.73, CFL: 9.00e-01
i: 402900, t:  501402.1 s, ωt:  50.14 (7.98 periods), wall: 2.034 hours, Δt:   4.06, CFL: 9.00e-01
i: 403000, t:  501810.1 s, ωt:  50.18 (7.99 periods), wall: 2.034 hours, Δt:   3.28, CFL: 9.00e-01
i: 403100, t:  502234.8 s, ωt:  50.22 (7.99 periods), wall: 2.035 hours, Δt:   4.26, CFL: 9.00e-01
i: 403200, t:  502638.6 s, ωt:  50.26 (8.00 periods), wall: 2.035 hours, Δt:   3.73, CFL: 9.00e-01
  Activating project at `/cephfs/store/damtp/tll46/SRIM-2026/Stokes/3D`
[ Info: Oceananigans will use 4 threads
┌ Warning: CUDA runtime library `libcusparse.so.12` was loaded from a system path, `/usr/local/software/spack/2024.2/views/maths/cuda-12.6.3/gcc-11.4.0/leehydd5fuufm35ohlbwth2mqtadrq3f/lib64/libcusparse.so.12`.
│ This may cause errors.
│ 
│ If you're running under a profiler, this situation is expected. Otherwise,
│ ensure that your library path environment variable (e.g., `PATH` on Windows
│ or `LD_LIBRARY_PATH` on Linux) does not include CUDA library paths.
│ 
│ In any other case, please file an issue.
└ @ CUDACore ~/.julia/packages/CUDACore/NlVPI/src/initialization.jl:199
┌ Warning: CUDA runtime library `libnvJitLink.so.12` was loaded from a system path, `/usr/local/software/spack/2024.2/views/maths/cuda-12.6.3/gcc-11.4.0/leehydd5fuufm35ohlbwth2mqtadrq3f/lib64/libnvJitLink.so.12`.
│ This may cause errors.
│ 
│ If you're running under a profiler, this situation is expected. Otherwise,
│ ensure that your library path environment variable (e.g., `PATH` on Windows
│ or `LD_LIBRARY_PATH` on Linux) does not include CUDA library paths.
│ 
│ In any other case, please file an issue.
└ @ CUDACore ~/.julia/packages/CUDACore/NlVPI/src/initialization.jl:199
[ Info: Case P4_T5_sqrtRi1: Ri = 1 (√Ri = 1), N² = 1e-08 s⁻², δ_s = 0.1414 m, Re_s = 5657
[ Info: Domain 10.000 × 10.000 × 50.000 m = 71 × 71 × 354 δ_s (physical), + 70.7 δ_s sponge on top → grid top 424 δ_s, 8 periods
[ Info: Analysed/plotted section: 0 – 15.00 m = 106 δ_s (pycnocline at T = 5.0 m)
[ Info: Background: softplus (profile 4), T = 5.0 m = 35.4 δ_s — N²_bg/N∞² = 0.000 at z = δ_s, 1.000 at z = Lz, 1.000 at lid; Δb over domain = 5.5e-07 m s⁻²
[ Info: Bottom Δz = 0.0086 m = 0.061 δ_s (16.4 points across δ_s); 169 cells below z = 106 δ_s; 271 physical + 29 sponge cells (sponge Δz = 2.438 δ_s)
[ Info: Δx = 0.1000 m = 0.71 δ_s, Δy = 0.1000 m = 0.71 δ_s
[ Info: Pycnocline z = T = 5.0 m: Δz = 0.1055 m, transition width = 2.197 m → 20.8 cells across
[ Info: Bottom drag: cᴰ = 0.01208 from the log law at z_ref = 0.0667 m = 41.7 z₀ (Ekman 3D: cᴰ = 0.0121 at z₁ = 0.0667 m); this grid's first cell is z₁ = 0.00430 m = 2.69 z₀
[ Info: Initializing velocities from Ri=0 spin-up: outputs/spinup_100x100x300_drag/TidalBL3D_spinup_100x100x300_drag_fields.jld2
[ Info: Using snapshot 1/1 (t = 0.00 periods of the spin-up)
[ Info: Moments.jl: closure auxiliary fields found at `model.closure_fields` (Tuple)
[ Info: Moments.jl: SGS diffusivity resolved as `model.closure_fields[1].κₑ[:b]` — 100×100×300 Field{Center, Center, Center} on RectilinearGrid on CUDAGPU
[ Info: Moments.jl: writing 13 plane-averaged profiles to outputs/P4_T5_sqrtRi1/TidalBL3D_P4_T5_sqrtRi1_moments.jld2 every 314 s (T_tide/200)
[ Info: Initializing simulation...
[ Info: Moments check @ 0.00 periods: max|⟨w⟩_xy| = 6.245e-21 m/s (= 1.6e-19 U₀); κₑ ∈ [0.000e+00, 2.342e-04] m²/s
[ Info:     ... simulation initialization complete (51.794 seconds)
[ Info: Executing initial time step...
[ Info:     ... initial time step complete (5.389 seconds).
[ Info: Moments check @ 0.05 periods: max|⟨w⟩_xy| = 9.281e-21 m/s (= 2.3e-19 U₀); κₑ ∈ [0.000e+00, 1.659e-05] m²/s
[ Info: Moments check @ 0.10 periods: max|⟨w⟩_xy| = 3.469e-21 m/s (= 8.7e-20 U₀); κₑ ∈ [0.000e+00, 9.074e-06] m²/s
[ Info: Moments check @ 0.15 periods: max|⟨w⟩_xy| = 1.344e-21 m/s (= 3.4e-20 U₀); κₑ ∈ [0.000e+00, 6.447e-06] m²/s
[ Info: Moments check @ 0.20 periods: max|⟨w⟩_xy| = 1.735e-22 m/s (= 4.3e-21 U₀); κₑ ∈ [0.000e+00, 5.351e-06] m²/s
[ Info: Moments check @ 0.25 periods: max|⟨w⟩_xy| = 3.401e-19 m/s (= 8.5e-18 U₀); κₑ ∈ [0.000e+00, 1.963e-04] m²/s
[ Info: Moments check @ 0.30 periods: max|⟨w⟩_xy| = 2.012e-20 m/s (= 5.0e-19 U₀); κₑ ∈ [0.000e+00, 1.871e-04] m²/s
[ Info: Moments check @ 0.35 periods: max|⟨w⟩_xy| = 9.021e-21 m/s (= 2.3e-19 U₀); κₑ ∈ [0.000e+00, 1.680e-04] m²/s
[ Info: Moments check @ 0.40 periods: max|⟨w⟩_xy| = 8.327e-21 m/s (= 2.1e-19 U₀); κₑ ∈ [0.000e+00, 1.490e-04] m²/s
[ Info: Moments check @ 0.45 periods: max|⟨w⟩_xy| = 1.943e-20 m/s (= 4.9e-19 U₀); κₑ ∈ [0.000e+00, 1.117e-04] m²/s
[ Info: Moments check @ 0.50 periods: max|⟨w⟩_xy| = 1.058e-19 m/s (= 2.6e-18 U₀); κₑ ∈ [0.000e+00, 9.012e-05] m²/s
[ Info: Moments check @ 0.55 periods: max|⟨w⟩_xy| = 8.153e-21 m/s (= 2.0e-19 U₀); κₑ ∈ [0.000e+00, 8.647e-05] m²/s
[ Info: Moments check @ 0.60 periods: max|⟨w⟩_xy| = 5.551e-21 m/s (= 1.4e-19 U₀); κₑ ∈ [0.000e+00, 1.046e-04] m²/s
[ Info: Moments check @ 0.65 periods: max|⟨w⟩_xy| = 1.166e-19 m/s (= 2.9e-18 U₀); κₑ ∈ [0.000e+00, 1.184e-04] m²/s
[ Info: Moments check @ 0.70 periods: max|⟨w⟩_xy| = 1.804e-20 m/s (= 4.5e-19 U₀); κₑ ∈ [0.000e+00, 1.442e-04] m²/s
[ Info: Moments check @ 0.75 periods: max|⟨w⟩_xy| = 9.368e-20 m/s (= 2.3e-18 U₀); κₑ ∈ [0.000e+00, 1.892e-04] m²/s
[ Info: Moments check @ 0.80 periods: max|⟨w⟩_xy| = 1.804e-20 m/s (= 4.5e-19 U₀); κₑ ∈ [0.000e+00, 1.851e-04] m²/s
[ Info: Moments check @ 0.85 periods: max|⟨w⟩_xy| = 1.110e-20 m/s (= 2.8e-19 U₀); κₑ ∈ [0.000e+00, 1.558e-04] m²/s
[ Info: Moments check @ 0.90 periods: max|⟨w⟩_xy| = 5.863e-20 m/s (= 1.5e-18 U₀); κₑ ∈ [0.000e+00, 1.267e-04] m²/s
[ Info: Moments check @ 0.95 periods: max|⟨w⟩_xy| = 1.180e-20 m/s (= 2.9e-19 U₀); κₑ ∈ [0.000e+00, 1.337e-04] m²/s
[ Info: Moments check @ 1.00 periods: max|⟨w⟩_xy| = 6.939e-20 m/s (= 1.7e-18 U₀); κₑ ∈ [0.000e+00, 1.261e-04] m²/s
[ Info: Moments check @ 1.05 periods: max|⟨w⟩_xy| = 6.106e-20 m/s (= 1.5e-18 U₀); κₑ ∈ [0.000e+00, 1.176e-04] m²/s
[ Info: Moments check @ 1.10 periods: max|⟨w⟩_xy| = 1.110e-20 m/s (= 2.8e-19 U₀); κₑ ∈ [0.000e+00, 9.746e-05] m²/s
[ Info: Moments check @ 1.15 periods: max|⟨w⟩_xy| = 9.021e-21 m/s (= 2.3e-19 U₀); κₑ ∈ [0.000e+00, 1.139e-04] m²/s
[ Info: Moments check @ 1.20 periods: max|⟨w⟩_xy| = 1.665e-20 m/s (= 4.2e-19 U₀); κₑ ∈ [0.000e+00, 1.421e-04] m²/s
[ Info: Moments check @ 1.25 periods: max|⟨w⟩_xy| = 5.343e-20 m/s (= 1.3e-18 U₀); κₑ ∈ [0.000e+00, 1.610e-04] m²/s
[ Info: Moments check @ 1.30 periods: max|⟨w⟩_xy| = 1.388e-19 m/s (= 3.5e-18 U₀); κₑ ∈ [0.000e+00, 1.994e-04] m²/s
[ Info: Moments check @ 1.35 periods: max|⟨w⟩_xy| = 2.220e-20 m/s (= 5.6e-19 U₀); κₑ ∈ [0.000e+00, 1.703e-04] m²/s
[ Info: Moments check @ 1.40 periods: max|⟨w⟩_xy| = 1.440e-20 m/s (= 3.6e-19 U₀); κₑ ∈ [0.000e+00, 1.371e-04] m²/s
[ Info: Moments check @ 1.45 periods: max|⟨w⟩_xy| = 2.151e-20 m/s (= 5.4e-19 U₀); κₑ ∈ [0.000e+00, 1.469e-04] m²/s
[ Info: Moments check @ 1.50 periods: max|⟨w⟩_xy| = 1.874e-20 m/s (= 4.7e-19 U₀); κₑ ∈ [0.000e+00, 1.060e-04] m²/s
[ Info: Moments check @ 1.55 periods: max|⟨w⟩_xy| = 6.939e-21 m/s (= 1.7e-19 U₀); κₑ ∈ [0.000e+00, 1.208e-04] m²/s
[ Info: Moments check @ 1.60 periods: max|⟨w⟩_xy| = 1.180e-20 m/s (= 2.9e-19 U₀); κₑ ∈ [0.000e+00, 1.072e-04] m²/s
[ Info: Moments check @ 1.65 periods: max|⟨w⟩_xy| = 1.416e-19 m/s (= 3.5e-18 U₀); κₑ ∈ [0.000e+00, 1.472e-04] m²/s
[ Info: Moments check @ 1.70 periods: max|⟨w⟩_xy| = 1.804e-20 m/s (= 4.5e-19 U₀); κₑ ∈ [0.000e+00, 1.559e-04] m²/s
[ Info: Moments check @ 1.75 periods: max|⟨w⟩_xy| = 1.249e-20 m/s (= 3.1e-19 U₀); κₑ ∈ [0.000e+00, 1.573e-04] m²/s
[ Info: Moments check @ 1.80 periods: max|⟨w⟩_xy| = 1.638e-19 m/s (= 4.1e-18 U₀); κₑ ∈ [0.000e+00, 1.977e-04] m²/s
[ Info: Moments check @ 1.85 periods: max|⟨w⟩_xy| = 6.800e-20 m/s (= 1.7e-18 U₀); κₑ ∈ [0.000e+00, 1.505e-04] m²/s
[ Info: Moments check @ 1.90 periods: max|⟨w⟩_xy| = 9.368e-21 m/s (= 2.3e-19 U₀); κₑ ∈ [0.000e+00, 1.243e-04] m²/s
[ Info: Moments check @ 1.95 periods: max|⟨w⟩_xy| = 7.633e-21 m/s (= 1.9e-19 U₀); κₑ ∈ [0.000e+00, 1.278e-04] m²/s
[ Info: Moments check @ 2.00 periods: max|⟨w⟩_xy| = 4.788e-20 m/s (= 1.2e-18 U₀); κₑ ∈ [0.000e+00, 1.054e-04] m²/s
[ Info: Moments check @ 2.05 periods: max|⟨w⟩_xy| = 5.551e-21 m/s (= 1.4e-19 U₀); κₑ ∈ [0.000e+00, 1.312e-04] m²/s
[ Info: Moments check @ 2.10 periods: max|⟨w⟩_xy| = 3.886e-20 m/s (= 9.7e-19 U₀); κₑ ∈ [0.000e+00, 1.323e-04] m²/s
[ Info: Moments check @ 2.15 periods: max|⟨w⟩_xy| = 1.103e-19 m/s (= 2.8e-18 U₀); κₑ ∈ [0.000e+00, 1.348e-04] m²/s
[ Info: Moments check @ 2.20 periods: max|⟨w⟩_xy| = 2.116e-19 m/s (= 5.3e-18 U₀); κₑ ∈ [0.000e+00, 1.663e-04] m²/s
[ Info: Moments check @ 2.25 periods: max|⟨w⟩_xy| = 2.137e-19 m/s (= 5.3e-18 U₀); κₑ ∈ [0.000e+00, 1.555e-04] m²/s
[ Info: Moments check @ 2.30 periods: max|⟨w⟩_xy| = 2.151e-20 m/s (= 5.4e-19 U₀); κₑ ∈ [0.000e+00, 1.704e-04] m²/s
[ Info: Moments check @ 2.35 periods: max|⟨w⟩_xy| = 2.220e-20 m/s (= 5.6e-19 U₀); κₑ ∈ [0.000e+00, 1.492e-04] m²/s
[ Info: Moments check @ 2.40 periods: max|⟨w⟩_xy| = 1.110e-20 m/s (= 2.8e-19 U₀); κₑ ∈ [0.000e+00, 1.357e-04] m²/s
[ Info: Moments check @ 2.45 periods: max|⟨w⟩_xy| = 4.857e-21 m/s (= 1.2e-19 U₀); κₑ ∈ [0.000e+00, 1.418e-04] m²/s
[ Info: Moments check @ 2.50 periods: max|⟨w⟩_xy| = 1.298e-19 m/s (= 3.2e-18 U₀); κₑ ∈ [0.000e+00, 9.277e-05] m²/s
[ Info: Moments check @ 2.55 periods: max|⟨w⟩_xy| = 2.706e-20 m/s (= 6.8e-19 U₀); κₑ ∈ [0.000e+00, 1.032e-04] m²/s
[ Info: Moments check @ 2.60 periods: max|⟨w⟩_xy| = 7.286e-20 m/s (= 1.8e-18 U₀); κₑ ∈ [0.000e+00, 9.657e-05] m²/s
[ Info: Moments check @ 2.65 periods: max|⟨w⟩_xy| = 1.214e-20 m/s (= 3.0e-19 U₀); κₑ ∈ [0.000e+00, 1.190e-04] m²/s
[ Info: Moments check @ 2.70 periods: max|⟨w⟩_xy| = 1.388e-20 m/s (= 3.5e-19 U₀); κₑ ∈ [0.000e+00, 1.424e-04] m²/s
[ Info: Moments check @ 2.75 periods: max|⟨w⟩_xy| = 1.943e-20 m/s (= 4.9e-19 U₀); κₑ ∈ [0.000e+00, 1.870e-04] m²/s
[ Info: Moments check @ 2.80 periods: max|⟨w⟩_xy| = 2.914e-20 m/s (= 7.3e-19 U₀); κₑ ∈ [0.000e+00, 1.858e-04] m²/s
[ Info: Moments check @ 2.85 periods: max|⟨w⟩_xy| = 1.631e-20 m/s (= 4.1e-19 U₀); κₑ ∈ [0.000e+00, 1.430e-04] m²/s
[ Info: Moments check @ 2.90 periods: max|⟨w⟩_xy| = 1.388e-20 m/s (= 3.5e-19 U₀); κₑ ∈ [0.000e+00, 1.339e-04] m²/s
[ Info: Moments check @ 2.95 periods: max|⟨w⟩_xy| = 8.327e-21 m/s (= 2.1e-19 U₀); κₑ ∈ [0.000e+00, 1.315e-04] m²/s
[ Info: Moments check @ 3.00 periods: max|⟨w⟩_xy| = 6.037e-20 m/s (= 1.5e-18 U₀); κₑ ∈ [0.000e+00, 9.892e-05] m²/s
[ Info: Moments check @ 3.05 periods: max|⟨w⟩_xy| = 6.939e-21 m/s (= 1.7e-19 U₀); κₑ ∈ [0.000e+00, 1.173e-04] m²/s
[ Info: Moments check @ 3.10 periods: max|⟨w⟩_xy| = 9.368e-21 m/s (= 2.3e-19 U₀); κₑ ∈ [0.000e+00, 9.636e-05] m²/s
[ Info: Moments check @ 3.15 periods: max|⟨w⟩_xy| = 1.318e-20 m/s (= 3.3e-19 U₀); κₑ ∈ [0.000e+00, 1.425e-04] m²/s
[ Info: Moments check @ 3.20 periods: max|⟨w⟩_xy| = 1.596e-20 m/s (= 4.0e-19 U₀); κₑ ∈ [0.000e+00, 1.784e-04] m²/s
[ Info: Moments check @ 3.25 periods: max|⟨w⟩_xy| = 1.332e-19 m/s (= 3.3e-18 U₀); κₑ ∈ [0.000e+00, 1.831e-04] m²/s
[ Info: Moments check @ 3.30 periods: max|⟨w⟩_xy| = 1.346e-19 m/s (= 3.4e-18 U₀); κₑ ∈ [0.000e+00, 1.415e-04] m²/s
[ Info: Moments check @ 3.35 periods: max|⟨w⟩_xy| = 7.910e-20 m/s (= 2.0e-18 U₀); κₑ ∈ [0.000e+00, 1.648e-04] m²/s
[ Info: Moments check @ 3.40 periods: max|⟨w⟩_xy| = 8.327e-21 m/s (= 2.1e-19 U₀); κₑ ∈ [0.000e+00, 1.319e-04] m²/s
[ Info: Moments check @ 3.45 periods: max|⟨w⟩_xy| = 7.806e-21 m/s (= 2.0e-19 U₀); κₑ ∈ [0.000e+00, 1.243e-04] m²/s
[ Info: Moments check @ 3.50 periods: max|⟨w⟩_xy| = 9.714e-21 m/s (= 2.4e-19 U₀); κₑ ∈ [0.000e+00, 9.599e-05] m²/s
[ Info: Moments check @ 3.55 periods: max|⟨w⟩_xy| = 4.857e-21 m/s (= 1.2e-19 U₀); κₑ ∈ [0.000e+00, 1.074e-04] m²/s
[ Info: Moments check @ 3.60 periods: max|⟨w⟩_xy| = 2.567e-20 m/s (= 6.4e-19 U₀); κₑ ∈ [0.000e+00, 1.323e-04] m²/s
[ Info: Moments check @ 3.65 periods: max|⟨w⟩_xy| = 6.922e-20 m/s (= 1.7e-18 U₀); κₑ ∈ [0.000e+00, 1.492e-04] m²/s
[ Info: Moments check @ 3.70 periods: max|⟨w⟩_xy| = 1.249e-20 m/s (= 3.1e-19 U₀); κₑ ∈ [0.000e+00, 1.682e-04] m²/s
[ Info: Moments check @ 3.75 periods: max|⟨w⟩_xy| = 8.327e-21 m/s (= 2.1e-19 U₀); κₑ ∈ [0.000e+00, 1.783e-04] m²/s
[ Info: Moments check @ 3.80 periods: max|⟨w⟩_xy| = 1.804e-20 m/s (= 4.5e-19 U₀); κₑ ∈ [0.000e+00, 1.589e-04] m²/s
[ Info: Moments check @ 3.85 periods: max|⟨w⟩_xy| = 1.110e-20 m/s (= 2.8e-19 U₀); κₑ ∈ [0.000e+00, 1.757e-04] m²/s
[ Info: Moments check @ 3.90 periods: max|⟨w⟩_xy| = 1.249e-20 m/s (= 3.1e-19 U₀); κₑ ∈ [0.000e+00, 1.329e-04] m²/s
[ Info: Moments check @ 3.95 periods: max|⟨w⟩_xy| = 1.527e-20 m/s (= 3.8e-19 U₀); κₑ ∈ [0.000e+00, 1.216e-04] m²/s
[ Info: Moments check @ 4.00 periods: max|⟨w⟩_xy| = 1.388e-20 m/s (= 3.5e-19 U₀); κₑ ∈ [0.000e+00, 1.965e-04] m²/s
[ Info: Moments check @ 4.05 periods: max|⟨w⟩_xy| = 5.829e-20 m/s (= 1.5e-18 U₀); κₑ ∈ [0.000e+00, 1.693e-04] m²/s
[ Info: Moments check @ 4.10 periods: max|⟨w⟩_xy| = 7.980e-21 m/s (= 2.0e-19 U₀); κₑ ∈ [0.000e+00, 1.231e-04] m²/s
[ Info: Moments check @ 4.15 periods: max|⟨w⟩_xy| = 1.110e-20 m/s (= 2.8e-19 U₀); κₑ ∈ [0.000e+00, 1.539e-04] m²/s
[ Info: Moments check @ 4.20 periods: max|⟨w⟩_xy| = 1.582e-19 m/s (= 4.0e-18 U₀); κₑ ∈ [0.000e+00, 1.378e-04] m²/s
[ Info: Moments check @ 4.25 periods: max|⟨w⟩_xy| = 1.249e-19 m/s (= 3.1e-18 U₀); κₑ ∈ [0.000e+00, 1.737e-04] m²/s
[ Info: Moments check @ 4.30 periods: max|⟨w⟩_xy| = 6.592e-20 m/s (= 1.6e-18 U₀); κₑ ∈ [0.000e+00, 1.489e-04] m²/s
[ Info: Moments check @ 4.35 periods: max|⟨w⟩_xy| = 3.990e-20 m/s (= 1.0e-18 U₀); κₑ ∈ [0.000e+00, 1.697e-04] m²/s
[ Info: Moments check @ 4.40 periods: max|⟨w⟩_xy| = 3.331e-20 m/s (= 8.3e-19 U₀); κₑ ∈ [0.000e+00, 1.340e-04] m²/s
[ Info: Moments check @ 4.45 periods: max|⟨w⟩_xy| = 1.804e-20 m/s (= 4.5e-19 U₀); κₑ ∈ [0.000e+00, 1.313e-04] m²/s
[ Info: Moments check @ 4.50 periods: max|⟨w⟩_xy| = 2.116e-20 m/s (= 5.3e-19 U₀); κₑ ∈ [0.000e+00, 1.401e-04] m²/s
[ Info: Moments check @ 4.55 periods: max|⟨w⟩_xy| = 3.331e-20 m/s (= 8.3e-19 U₀); κₑ ∈ [0.000e+00, 1.087e-04] m²/s
[ Info: Moments check @ 4.60 periods: max|⟨w⟩_xy| = 6.870e-20 m/s (= 1.7e-18 U₀); κₑ ∈ [0.000e+00, 1.316e-04] m²/s
[ Info: Moments check @ 4.65 periods: max|⟨w⟩_xy| = 8.327e-21 m/s (= 2.1e-19 U₀); κₑ ∈ [0.000e+00, 1.198e-04] m²/s
[ Info: Moments check @ 4.70 periods: max|⟨w⟩_xy| = 2.116e-20 m/s (= 5.3e-19 U₀); κₑ ∈ [0.000e+00, 1.512e-04] m²/s
[ Info: Moments check @ 4.75 periods: max|⟨w⟩_xy| = 1.943e-20 m/s (= 4.9e-19 U₀); κₑ ∈ [0.000e+00, 1.571e-04] m²/s
[ Info: Moments check @ 4.80 periods: max|⟨w⟩_xy| = 1.110e-20 m/s (= 2.8e-19 U₀); κₑ ∈ [0.000e+00, 1.810e-04] m²/s
[ Info: Moments check @ 4.85 periods: max|⟨w⟩_xy| = 1.804e-20 m/s (= 4.5e-19 U₀); κₑ ∈ [0.000e+00, 1.336e-04] m²/s
[ Info: Moments check @ 4.90 periods: max|⟨w⟩_xy| = 1.318e-20 m/s (= 3.3e-19 U₀); κₑ ∈ [0.000e+00, 1.352e-04] m²/s
[ Info: Moments check @ 4.95 periods: max|⟨w⟩_xy| = 1.041e-20 m/s (= 2.6e-19 U₀); κₑ ∈ [0.000e+00, 1.414e-04] m²/s
[ Info: Moments check @ 5.00 periods: max|⟨w⟩_xy| = 6.106e-20 m/s (= 1.5e-18 U₀); κₑ ∈ [0.000e+00, 1.308e-04] m²/s
[ Info: Moments check @ 5.05 periods: max|⟨w⟩_xy| = 6.592e-21 m/s (= 1.6e-19 U₀); κₑ ∈ [0.000e+00, 1.059e-04] m²/s
[ Info: Moments check @ 5.10 periods: max|⟨w⟩_xy| = 3.556e-20 m/s (= 8.9e-19 U₀); κₑ ∈ [0.000e+00, 9.272e-05] m²/s
[ Info: Moments check @ 5.15 periods: max|⟨w⟩_xy| = 7.078e-20 m/s (= 1.8e-18 U₀); κₑ ∈ [0.000e+00, 1.125e-04] m²/s
[ Info: Moments check @ 5.20 periods: max|⟨w⟩_xy| = 4.684e-20 m/s (= 1.2e-18 U₀); κₑ ∈ [0.000e+00, 1.666e-04] m²/s
[ Info: Moments check @ 5.25 periods: max|⟨w⟩_xy| = 9.853e-20 m/s (= 2.5e-18 U₀); κₑ ∈ [0.000e+00, 1.556e-04] m²/s
[ Info: Moments check @ 5.30 periods: max|⟨w⟩_xy| = 1.617e-19 m/s (= 4.0e-18 U₀); κₑ ∈ [0.000e+00, 1.618e-04] m²/s
[ Info: Moments check @ 5.35 periods: max|⟨w⟩_xy| = 1.249e-20 m/s (= 3.1e-19 U₀); κₑ ∈ [0.000e+00, 1.566e-04] m²/s
[ Info: Moments check @ 5.40 periods: max|⟨w⟩_xy| = 1.110e-20 m/s (= 2.8e-19 U₀); κₑ ∈ [0.000e+00, 1.364e-04] m²/s
[ Info: Moments check @ 5.45 periods: max|⟨w⟩_xy| = 1.804e-20 m/s (= 4.5e-19 U₀); κₑ ∈ [0.000e+00, 1.381e-04] m²/s
[ Info: Moments check @ 5.50 periods: max|⟨w⟩_xy| = 9.021e-21 m/s (= 2.3e-19 U₀); κₑ ∈ [0.000e+00, 1.733e-04] m²/s
[ Info: Moments check @ 5.55 periods: max|⟨w⟩_xy| = 8.327e-21 m/s (= 2.1e-19 U₀); κₑ ∈ [0.000e+00, 1.145e-04] m²/s
[ Info: Moments check @ 5.60 periods: max|⟨w⟩_xy| = 6.245e-21 m/s (= 1.6e-19 U₀); κₑ ∈ [0.000e+00, 1.354e-04] m²/s
[ Info: Moments check @ 5.65 periods: max|⟨w⟩_xy| = 8.465e-20 m/s (= 2.1e-18 U₀); κₑ ∈ [0.000e+00, 1.332e-04] m²/s
[ Info: Moments check @ 5.70 periods: max|⟨w⟩_xy| = 8.882e-20 m/s (= 2.2e-18 U₀); κₑ ∈ [0.000e+00, 1.554e-04] m²/s
[ Info: Moments check @ 5.75 periods: max|⟨w⟩_xy| = 8.743e-20 m/s (= 2.2e-18 U₀); κₑ ∈ [0.000e+00, 1.713e-04] m²/s
[ Info: Moments check @ 5.80 periods: max|⟨w⟩_xy| = 1.006e-19 m/s (= 2.5e-18 U₀); κₑ ∈ [0.000e+00, 1.710e-04] m²/s
[ Info: Moments check @ 5.85 periods: max|⟨w⟩_xy| = 5.412e-20 m/s (= 1.4e-18 U₀); κₑ ∈ [0.000e+00, 1.579e-04] m²/s
[ Info: Moments check @ 5.90 periods: max|⟨w⟩_xy| = 2.949e-20 m/s (= 7.4e-19 U₀); κₑ ∈ [0.000e+00, 1.293e-04] m²/s
[ Info: Moments check @ 5.95 periods: max|⟨w⟩_xy| = 1.665e-20 m/s (= 4.2e-19 U₀); κₑ ∈ [0.000e+00, 1.400e-04] m²/s
[ Info: Moments check @ 6.00 periods: max|⟨w⟩_xy| = 4.857e-20 m/s (= 1.2e-18 U₀); κₑ ∈ [0.000e+00, 1.287e-04] m²/s
[ Info: Moments check @ 6.05 periods: max|⟨w⟩_xy| = 6.592e-21 m/s (= 1.6e-19 U₀); κₑ ∈ [0.000e+00, 1.784e-04] m²/s
[ Info: Moments check @ 6.10 periods: max|⟨w⟩_xy| = 6.939e-21 m/s (= 1.7e-19 U₀); κₑ ∈ [0.000e+00, 1.489e-04] m²/s
[ Info: Moments check @ 6.15 periods: max|⟨w⟩_xy| = 8.327e-21 m/s (= 2.1e-19 U₀); κₑ ∈ [0.000e+00, 1.446e-04] m²/s
[ Info: Moments check @ 6.20 periods: max|⟨w⟩_xy| = 1.388e-20 m/s (= 3.5e-19 U₀); κₑ ∈ [0.000e+00, 1.609e-04] m²/s
[ Info: Moments check @ 6.25 periods: max|⟨w⟩_xy| = 1.527e-20 m/s (= 3.8e-19 U₀); κₑ ∈ [0.000e+00, 1.577e-04] m²/s
[ Info: Moments check @ 6.30 periods: max|⟨w⟩_xy| = 1.596e-20 m/s (= 4.0e-19 U₀); κₑ ∈ [0.000e+00, 1.799e-04] m²/s
[ Info: Moments check @ 6.35 periods: max|⟨w⟩_xy| = 1.804e-20 m/s (= 4.5e-19 U₀); κₑ ∈ [0.000e+00, 1.554e-04] m²/s
[ Info: Moments check @ 6.40 periods: max|⟨w⟩_xy| = 1.110e-20 m/s (= 2.8e-19 U₀); κₑ ∈ [0.000e+00, 1.716e-04] m²/s
[ Info: Moments check @ 6.45 periods: max|⟨w⟩_xy| = 1.180e-20 m/s (= 2.9e-19 U₀); κₑ ∈ [0.000e+00, 1.722e-04] m²/s
[ Info: Moments check @ 6.50 periods: max|⟨w⟩_xy| = 2.515e-20 m/s (= 6.3e-19 U₀); κₑ ∈ [0.000e+00, 1.213e-04] m²/s
[ Info: Moments check @ 6.55 periods: max|⟨w⟩_xy| = 4.580e-20 m/s (= 1.1e-18 U₀); κₑ ∈ [0.000e+00, 1.105e-04] m²/s
[ Info: Moments check @ 6.60 periods: max|⟨w⟩_xy| = 6.453e-20 m/s (= 1.6e-18 U₀); κₑ ∈ [0.000e+00, 1.192e-04] m²/s
[ Info: Moments check @ 6.65 periods: max|⟨w⟩_xy| = 1.176e-19 m/s (= 2.9e-18 U₀); κₑ ∈ [0.000e+00, 1.118e-04] m²/s
[ Info: Moments check @ 6.70 periods: max|⟨w⟩_xy| = 2.498e-20 m/s (= 6.2e-19 U₀); κₑ ∈ [0.000e+00, 1.622e-04] m²/s
[ Info: Moments check @ 6.75 periods: max|⟨w⟩_xy| = 1.110e-20 m/s (= 2.8e-19 U₀); κₑ ∈ [0.000e+00, 1.639e-04] m²/s
[ Info: Moments check @ 6.80 periods: max|⟨w⟩_xy| = 1.110e-20 m/s (= 2.8e-19 U₀); κₑ ∈ [0.000e+00, 1.750e-04] m²/s
[ Info: Moments check @ 6.85 periods: max|⟨w⟩_xy| = 9.714e-21 m/s (= 2.4e-19 U₀); κₑ ∈ [0.000e+00, 1.600e-04] m²/s
[ Info: Moments check @ 6.90 periods: max|⟨w⟩_xy| = 1.388e-20 m/s (= 3.5e-19 U₀); κₑ ∈ [0.000e+00, 1.268e-04] m²/s
[ Info: Moments check @ 6.95 periods: max|⟨w⟩_xy| = 6.939e-21 m/s (= 1.7e-19 U₀); κₑ ∈ [0.000e+00, 1.872e-04] m²/s
[ Info: Moments check @ 7.00 periods: max|⟨w⟩_xy| = 6.939e-21 m/s (= 1.7e-19 U₀); κₑ ∈ [0.000e+00, 1.387e-04] m²/s
[ Info: Moments check @ 7.05 periods: max|⟨w⟩_xy| = 5.204e-21 m/s (= 1.3e-19 U₀); κₑ ∈ [0.000e+00, 1.233e-04] m²/s
[ Info: Moments check @ 7.10 periods: max|⟨w⟩_xy| = 4.857e-21 m/s (= 1.2e-19 U₀); κₑ ∈ [0.000e+00, 9.869e-05] m²/s
[ Info: Moments check @ 7.15 periods: max|⟨w⟩_xy| = 1.700e-20 m/s (= 4.3e-19 U₀); κₑ ∈ [0.000e+00, 1.115e-04] m²/s
[ Info: Moments check @ 7.20 periods: max|⟨w⟩_xy| = 1.912e-19 m/s (= 4.8e-18 U₀); κₑ ∈ [0.000e+00, 1.257e-04] m²/s
[ Info: Moments check @ 7.25 periods: max|⟨w⟩_xy| = 9.021e-20 m/s (= 2.3e-18 U₀); κₑ ∈ [0.000e+00, 1.472e-04] m²/s
[ Info: Moments check @ 7.30 periods: max|⟨w⟩_xy| = 6.661e-20 m/s (= 1.7e-18 U₀); κₑ ∈ [0.000e+00, 1.510e-04] m²/s
[ Info: Moments check @ 7.35 periods: max|⟨w⟩_xy| = 1.318e-20 m/s (= 3.3e-19 U₀); κₑ ∈ [0.000e+00, 1.816e-04] m²/s
[ Info: Moments check @ 7.40 periods: max|⟨w⟩_xy| = 3.591e-20 m/s (= 9.0e-19 U₀); κₑ ∈ [0.000e+00, 1.455e-04] m²/s
[ Info: Moments check @ 7.45 periods: max|⟨w⟩_xy| = 1.318e-20 m/s (= 3.3e-19 U₀); κₑ ∈ [0.000e+00, 1.279e-04] m²/s
[ Info: Moments check @ 7.50 periods: max|⟨w⟩_xy| = 1.041e-20 m/s (= 2.6e-19 U₀); κₑ ∈ [0.000e+00, 1.175e-04] m²/s
[ Info: Moments check @ 7.55 periods: max|⟨w⟩_xy| = 1.145e-20 m/s (= 2.9e-19 U₀); κₑ ∈ [0.000e+00, 1.107e-04] m²/s
[ Info: Moments check @ 7.60 periods: max|⟨w⟩_xy| = 5.551e-21 m/s (= 1.4e-19 U₀); κₑ ∈ [0.000e+00, 1.071e-04] m²/s
[ Info: Moments check @ 7.65 periods: max|⟨w⟩_xy| = 9.021e-21 m/s (= 2.3e-19 U₀); κₑ ∈ [0.000e+00, 1.132e-04] m²/s
[ Info: Moments check @ 7.70 periods: max|⟨w⟩_xy| = 1.527e-20 m/s (= 3.8e-19 U₀); κₑ ∈ [0.000e+00, 1.658e-04] m²/s
[ Info: Moments check @ 7.75 periods: max|⟨w⟩_xy| = 2.220e-20 m/s (= 5.6e-19 U₀); κₑ ∈ [0.000e+00, 1.795e-04] m²/s
[ Info: Moments check @ 7.80 periods: max|⟨w⟩_xy| = 1.527e-20 m/s (= 3.8e-19 U₀); κₑ ∈ [0.000e+00, 1.670e-04] m²/s
[ Info: Moments check @ 7.85 periods: max|⟨w⟩_xy| = 2.290e-20 m/s (= 5.7e-19 U₀); κₑ ∈ [0.000e+00, 1.524e-04] m²/s
[ Info: Moments check @ 7.90 periods: max|⟨w⟩_xy| = 8.327e-21 m/s (= 2.1e-19 U₀); κₑ ∈ [0.000e+00, 1.317e-04] m²/s
[ Info: Moments check @ 7.95 periods: max|⟨w⟩_xy| = 8.327e-21 m/s (= 2.1e-19 U₀); κₑ ∈ [0.000e+00, 1.412e-04] m²/s
[ Info: Simulation is stopping after running for 2.027 hours.
[ Info: Simulation time 5.818 days equals or exceeds stop time 5.818 days.
[ Info: Moments check @ 8.00 periods: max|⟨w⟩_xy| = 4.163e-20 m/s (= 1.0e-18 U₀); κₑ ∈ [0.000e+00, 1.390e-04] m²/s
