i:      0, t:       0.0 s, ωt:   0.00 (0.00 periods), wall: 23.812 seconds, Δt:   1.20, CFL: 1.51e-01
i:    100, t:     307.9 s, ωt:   0.03 (0.00 periods), wall: 43.492 seconds, Δt:   5.65, CFL: 7.20e-01
i:    200, t:     892.6 s, ωt:   0.09 (0.01 periods), wall: 44.979 seconds, Δt:   5.15, CFL: 7.20e-01
i:    300, t:    1479.1 s, ωt:   0.15 (0.02 periods), wall: 46.464 seconds, Δt:   5.63, CFL: 7.20e-01
i:    400, t:    2035.4 s, ωt:   0.20 (0.03 periods), wall: 47.950 seconds, Δt:   5.39, CFL: 7.20e-01
i:    500, t:    2553.4 s, ωt:   0.26 (0.04 periods), wall: 49.436 seconds, Δt:   4.20, CFL: 7.20e-01
i:    600, t:    2997.4 s, ωt:   0.30 (0.05 periods), wall: 50.919 seconds, Δt:   4.31, CFL: 7.20e-01
i:    700, t:    3377.3 s, ωt:   0.34 (0.05 periods), wall: 52.393 seconds, Δt:   3.38, CFL: 7.20e-01
i:    800, t:    3698.0 s, ωt:   0.37 (0.06 periods), wall: 53.876 seconds, Δt:   3.32, CFL: 7.20e-01
i:    900, t:    3987.3 s, ωt:   0.40 (0.06 periods), wall: 55.350 seconds, Δt:   2.46, CFL: 7.20e-01
i:   1000, t:    4224.8 s, ωt:   0.42 (0.07 periods), wall: 56.815 seconds, Δt:   2.05, CFL: 7.20e-01
i:   1100, t:    4446.0 s, ωt:   0.44 (0.07 periods), wall: 58.294 seconds, Δt:   2.55, CFL: 7.20e-01
i:   1200, t:    4643.0 s, ωt:   0.46 (0.07 periods), wall: 59.761 seconds, Δt:   2.22, CFL: 7.20e-01
i:   1300, t:    4841.5 s, ωt:   0.48 (0.08 periods), wall: 1.019 minutes, Δt:   1.97, CFL: 7.20e-01
i:   1400, t:    5059.0 s, ωt:   0.51 (0.08 periods), wall: 1.045 minutes, Δt:   2.20, CFL: 7.20e-01
i:   1500, t:    5250.6 s, ωt:   0.53 (0.08 periods), wall: 1.069 minutes, Δt:   1.92, CFL: 7.20e-01
i:   1600, t:    5442.9 s, ωt:   0.54 (0.09 periods), wall: 1.094 minutes, Δt:   2.18, CFL: 7.20e-01
i:   1700, t:    5635.4 s, ωt:   0.56 (0.09 periods), wall: 1.118 minutes, Δt:   2.01, CFL: 7.20e-01
i:   1800, t:    5828.0 s, ωt:   0.58 (0.09 periods), wall: 1.143 minutes, Δt:   1.79, CFL: 7.20e-01
i:   1900, t:    6012.2 s, ωt:   0.60 (0.10 periods), wall: 1.168 minutes, Δt:   1.67, CFL: 7.20e-01
i:   2000, t:    6169.7 s, ωt:   0.62 (0.10 periods), wall: 1.193 minutes, Δt:   1.49, CFL: 7.20e-01
i:   2100, t:    6325.8 s, ωt:   0.63 (0.10 periods), wall: 1.218 minutes, Δt:   1.78, CFL: 7.20e-01
i:   2200, t:    6502.9 s, ωt:   0.65 (0.10 periods), wall: 1.242 minutes, Δt:   1.90, CFL: 7.20e-01
i:   2300, t:    6668.2 s, ωt:   0.67 (0.11 periods), wall: 1.266 minutes, Δt:   1.83, CFL: 7.20e-01
i:   2400, t:    6840.9 s, ωt:   0.68 (0.11 periods), wall: 1.289 minutes, Δt:   1.65, CFL: 7.20e-01
i:   2500, t:    7002.3 s, ωt:   0.70 (0.11 periods), wall: 1.313 minutes, Δt:   1.67, CFL: 7.20e-01
i:   2600, t:    7167.8 s, ωt:   0.72 (0.11 periods), wall: 1.337 minutes, Δt:   1.48, CFL: 7.20e-01
i:   2700, t:    7333.3 s, ωt:   0.73 (0.12 periods), wall: 1.362 minutes, Δt:   1.57, CFL: 7.20e-01
i:   2800, t:    7478.9 s, ωt:   0.75 (0.12 periods), wall: 1.387 minutes, Δt:   1.77, CFL: 7.20e-01
i:   2900, t:    7625.2 s, ωt:   0.76 (0.12 periods), wall: 1.411 minutes, Δt:   1.58, CFL: 7.20e-01
i:   3000, t:    7780.3 s, ωt:   0.78 (0.12 periods), wall: 1.436 minutes, Δt:   1.72, CFL: 7.20e-01
i:   3100, t:    7930.6 s, ωt:   0.79 (0.13 periods), wall: 1.461 minutes, Δt:   1.50, CFL: 7.20e-01
i:   3200, t:    8094.7 s, ωt:   0.81 (0.13 periods), wall: 1.486 minutes, Δt:   1.81, CFL: 7.20e-01
i:   3300, t:    8253.0 s, ωt:   0.83 (0.13 periods), wall: 1.510 minutes, Δt:   1.61, CFL: 7.20e-01
i:   3400, t:    8411.9 s, ωt:   0.84 (0.13 periods), wall: 1.535 minutes, Δt:   1.44, CFL: 7.20e-01
i:   3500, t:    8571.4 s, ωt:   0.86 (0.14 periods), wall: 1.560 minutes, Δt:   1.79, CFL: 7.20e-01
i:   3600, t:    8741.8 s, ωt:   0.87 (0.14 periods), wall: 1.584 minutes, Δt:   1.69, CFL: 7.20e-01
i:   3700, t:    8912.5 s, ωt:   0.89 (0.14 periods), wall: 1.608 minutes, Δt:   1.66, CFL: 7.20e-01
i:   3800, t:    9069.3 s, ωt:   0.91 (0.14 periods), wall: 1.633 minutes, Δt:   1.46, CFL: 7.20e-01
i:   3900, t:    9203.2 s, ωt:   0.92 (0.15 periods), wall: 1.658 minutes, Δt:   1.46, CFL: 7.20e-01
i:   4000, t:    9347.7 s, ωt:   0.93 (0.15 periods), wall: 1.683 minutes, Δt:   1.65, CFL: 7.20e-01
i:   4100, t:    9486.3 s, ωt:   0.95 (0.15 periods), wall: 1.706 minutes, Δt:   1.29, CFL: 7.20e-01
i:   4200, t:    9620.6 s, ωt:   0.96 (0.15 periods), wall: 1.730 minutes, Δt:   1.46, CFL: 7.20e-01
i:   4300, t:    9756.4 s, ωt:   0.98 (0.16 periods), wall: 1.754 minutes, Δt:   1.59, CFL: 7.20e-01
i:   4400, t:    9890.7 s, ωt:   0.99 (0.16 periods), wall: 1.778 minutes, Δt:   1.39, CFL: 7.20e-01
i:   4500, t:   10022.7 s, ωt:   1.00 (0.16 periods), wall: 1.803 minutes, Δt:   1.55, CFL: 7.20e-01
i:   4600, t:   10167.7 s, ωt:   1.02 (0.16 periods), wall: 1.828 minutes, Δt:   1.40, CFL: 7.20e-01
i:   4700, t:   10309.2 s, ωt:   1.03 (0.16 periods), wall: 1.853 minutes, Δt:   1.42, CFL: 7.20e-01
i:   4800, t:   10452.6 s, ωt:   1.05 (0.17 periods), wall: 1.877 minutes, Δt:   1.31, CFL: 7.20e-01
i:   4900, t:   10577.0 s, ωt:   1.06 (0.17 periods), wall: 1.902 minutes, Δt:   1.30, CFL: 7.20e-01
i:   5000, t:   10710.4 s, ωt:   1.07 (0.17 periods), wall: 1.927 minutes, Δt:   1.11, CFL: 7.20e-01
i:   5100, t:   10846.3 s, ωt:   1.08 (0.17 periods), wall: 1.951 minutes, Δt:   1.22, CFL: 7.20e-01
i:   5200, t:   10965.9 s, ωt:   1.10 (0.17 periods), wall: 1.976 minutes, Δt:   1.35, CFL: 7.20e-01
i:   5300, t:   11078.9 s, ωt:   1.11 (0.18 periods), wall: 1.999 minutes, Δt:   1.16, CFL: 7.20e-01
i:   5400, t:   11209.7 s, ωt:   1.12 (0.18 periods), wall: 2.023 minutes, Δt:   1.04, CFL: 7.20e-01
i:   5500, t:   11330.6 s, ωt:   1.13 (0.18 periods), wall: 2.048 minutes, Δt:   1.35, CFL: 7.20e-01
i:   5600, t:   11464.0 s, ωt:   1.15 (0.18 periods), wall: 2.073 minutes, Δt:   1.41, CFL: 7.20e-01
i:   5700, t:   11605.1 s, ωt:   1.16 (0.18 periods), wall: 2.097 minutes, Δt:   1.50, CFL: 7.20e-01
i:   5800, t:   11740.1 s, ωt:   1.17 (0.19 periods), wall: 2.122 minutes, Δt:   1.34, CFL: 7.20e-01
i:   5900, t:   11858.7 s, ωt:   1.19 (0.19 periods), wall: 2.147 minutes, Δt:   1.27, CFL: 7.20e-01
i:   6000, t:   11994.5 s, ωt:   1.20 (0.19 periods), wall: 2.171 minutes, Δt:   1.44, CFL: 7.20e-01
i:   6100, t:   12136.8 s, ωt:   1.21 (0.19 periods), wall: 2.196 minutes, Δt:   1.37, CFL: 7.20e-01
i:   6200, t:   12264.8 s, ωt:   1.23 (0.20 periods), wall: 2.221 minutes, Δt:   1.27, CFL: 7.20e-01
i:   6300, t:   12395.4 s, ωt:   1.24 (0.20 periods), wall: 2.246 minutes, Δt:   1.09, CFL: 7.20e-01
i:   6400, t:   12516.0 s, ωt:   1.25 (0.20 periods), wall: 2.271 minutes, Δt:   1.42, CFL: 7.20e-01
i:   6500, t:   12637.6 s, ωt:   1.26 (0.20 periods), wall: 2.296 minutes, Δt:   1.29, CFL: 7.20e-01
i:   6600, t:   12761.2 s, ωt:   1.28 (0.20 periods), wall: 2.321 minutes, Δt:   1.06, CFL: 7.20e-01
i:   6700, t:   12880.5 s, ωt:   1.29 (0.20 periods), wall: 2.346 minutes, Δt:   1.20, CFL: 7.20e-01
i:   6800, t:   13008.0 s, ωt:   1.30 (0.21 periods), wall: 2.370 minutes, Δt:   1.35, CFL: 7.20e-01
i:   6900, t:   13124.4 s, ωt:   1.31 (0.21 periods), wall: 2.394 minutes, Δt:   1.06, CFL: 7.20e-01
i:   7000, t:   13237.6 s, ωt:   1.32 (0.21 periods), wall: 2.419 minutes, Δt:   1.41, CFL: 7.20e-01
i:   7100, t:   13360.6 s, ωt:   1.34 (0.21 periods), wall: 2.444 minutes, Δt:   0.99, CFL: 7.20e-01
i:   7200, t:   13473.9 s, ωt:   1.35 (0.21 periods), wall: 2.468 minutes, Δt:   1.12, CFL: 7.20e-01
i:   7300, t:   13581.0 s, ωt:   1.36 (0.22 periods), wall: 2.493 minutes, Δt:   1.17, CFL: 7.20e-01
i:   7400, t:   13700.0 s, ωt:   1.37 (0.22 periods), wall: 2.517 minutes, Δt:   1.14, CFL: 7.20e-01
i:   7500, t:   13825.1 s, ωt:   1.38 (0.22 periods), wall: 2.542 minutes, Δt:   1.12, CFL: 7.20e-01
i:   7600, t:   13958.1 s, ωt:   1.40 (0.22 periods), wall: 2.567 minutes, Δt:   1.09, CFL: 7.20e-01
i:   7700, t:   14075.1 s, ωt:   1.41 (0.22 periods), wall: 2.591 minutes, Δt:   1.12, CFL: 7.20e-01
i:   7800, t:   14193.5 s, ωt:   1.42 (0.23 periods), wall: 2.616 minutes, Δt:   1.39, CFL: 7.20e-01
i:   7900, t:   14314.7 s, ωt:   1.43 (0.23 periods), wall: 2.640 minutes, Δt:   1.24, CFL: 7.20e-01
i:   8000, t:   14437.9 s, ωt:   1.44 (0.23 periods), wall: 2.665 minutes, Δt:   1.25, CFL: 7.20e-01
i:   8100, t:   14568.1 s, ωt:   1.46 (0.23 periods), wall: 2.689 minutes, Δt:   1.35, CFL: 7.20e-01
i:   8200, t:   14698.8 s, ωt:   1.47 (0.23 periods), wall: 2.714 minutes, Δt:   1.41, CFL: 7.20e-01
i:   8300, t:   14837.8 s, ωt:   1.48 (0.24 periods), wall: 2.738 minutes, Δt:   1.33, CFL: 7.20e-01
i:   8400, t:   14967.1 s, ωt:   1.50 (0.24 periods), wall: 2.762 minutes, Δt:   1.20, CFL: 7.20e-01
i:   8500, t:   15072.3 s, ωt:   1.51 (0.24 periods), wall: 2.787 minutes, Δt:   1.22, CFL: 7.20e-01
i:   8600, t:   15206.0 s, ωt:   1.52 (0.24 periods), wall: 2.812 minutes, Δt:   1.40, CFL: 7.20e-01
i:   8700, t:   15325.1 s, ωt:   1.53 (0.24 periods), wall: 2.836 minutes, Δt:   1.11, CFL: 7.20e-01
i:   8800, t:   15453.3 s, ωt:   1.55 (0.25 periods), wall: 2.861 minutes, Δt:   1.18, CFL: 7.20e-01
i:   8900, t:   15576.7 s, ωt:   1.56 (0.25 periods), wall: 2.886 minutes, Δt:   1.27, CFL: 7.20e-01
i:   9000, t:   15692.7 s, ωt:   1.57 (0.25 periods), wall: 2.910 minutes, Δt:   1.08, CFL: 7.20e-01
i:   9100, t:   15809.1 s, ωt:   1.58 (0.25 periods), wall: 2.934 minutes, Δt:   1.33, CFL: 7.20e-01
i:   9200, t:   15953.4 s, ωt:   1.60 (0.25 periods), wall: 2.958 minutes, Δt:   1.31, CFL: 7.20e-01
i:   9300, t:   16100.1 s, ωt:   1.61 (0.26 periods), wall: 2.982 minutes, Δt:   1.56, CFL: 7.20e-01
i:   9400, t:   16235.9 s, ωt:   1.62 (0.26 periods), wall: 3.005 minutes, Δt:   1.32, CFL: 7.20e-01
i:   9500, t:   16368.0 s, ωt:   1.64 (0.26 periods), wall: 3.030 minutes, Δt:   1.35, CFL: 7.20e-01
i:   9600, t:   16501.0 s, ωt:   1.65 (0.26 periods), wall: 3.054 minutes, Δt:   1.28, CFL: 7.20e-01
i:   9700, t:   16629.8 s, ωt:   1.66 (0.26 periods), wall: 3.079 minutes, Δt:   1.42, CFL: 7.20e-01
i:   9800, t:   16768.2 s, ωt:   1.68 (0.27 periods), wall: 3.103 minutes, Δt:   1.35, CFL: 7.20e-01
i:   9900, t:   16912.4 s, ωt:   1.69 (0.27 periods), wall: 3.127 minutes, Δt:   1.35, CFL: 7.20e-01
i:  10000, t:   17040.3 s, ωt:   1.70 (0.27 periods), wall: 3.152 minutes, Δt:   1.31, CFL: 7.20e-01
i:  10100, t:   17175.2 s, ωt:   1.72 (0.27 periods), wall: 3.177 minutes, Δt:   1.49, CFL: 7.20e-01
i:  10200, t:   17318.0 s, ωt:   1.73 (0.28 periods), wall: 3.201 minutes, Δt:   1.44, CFL: 7.20e-01
i:  10300, t:   17443.9 s, ωt:   1.74 (0.28 periods), wall: 3.226 minutes, Δt:   1.11, CFL: 7.20e-01
i:  10400, t:   17566.0 s, ωt:   1.76 (0.28 periods), wall: 3.250 minutes, Δt:   1.30, CFL: 7.20e-01
i:  10500, t:   17684.4 s, ωt:   1.77 (0.28 periods), wall: 3.274 minutes, Δt:   1.34, CFL: 7.20e-01
i:  10600, t:   17823.3 s, ωt:   1.78 (0.28 periods), wall: 3.298 minutes, Δt:   1.50, CFL: 7.20e-01
i:  10700, t:   17970.9 s, ωt:   1.80 (0.29 periods), wall: 3.322 minutes, Δt:   1.31, CFL: 7.20e-01
i:  10800, t:   18122.6 s, ωt:   1.81 (0.29 periods), wall: 3.347 minutes, Δt:   1.50, CFL: 7.20e-01
i:  10900, t:   18255.6 s, ωt:   1.83 (0.29 periods), wall: 3.371 minutes, Δt:   1.45, CFL: 7.20e-01
i:  11000, t:   18396.7 s, ωt:   1.84 (0.29 periods), wall: 3.396 minutes, Δt:   1.28, CFL: 7.20e-01
i:  11100, t:   18531.1 s, ωt:   1.85 (0.29 periods), wall: 3.421 minutes, Δt:   1.38, CFL: 7.20e-01
i:  11200, t:   18673.5 s, ωt:   1.87 (0.30 periods), wall: 3.446 minutes, Δt:   1.27, CFL: 7.20e-01
i:  11300, t:   18815.9 s, ωt:   1.88 (0.30 periods), wall: 3.471 minutes, Δt:   1.59, CFL: 7.20e-01
i:  11400, t:   18969.1 s, ωt:   1.90 (0.30 periods), wall: 3.496 minutes, Δt:   1.50, CFL: 7.20e-01
i:  11500, t:   19123.9 s, ωt:   1.91 (0.30 periods), wall: 3.520 minutes, Δt:   1.68, CFL: 7.20e-01
i:  11600, t:   19279.5 s, ωt:   1.93 (0.31 periods), wall: 3.545 minutes, Δt:   1.69, CFL: 7.20e-01
i:  11700, t:   19428.7 s, ωt:   1.94 (0.31 periods), wall: 3.570 minutes, Δt:   1.54, CFL: 7.20e-01
i:  11800, t:   19586.5 s, ωt:   1.96 (0.31 periods), wall: 3.594 minutes, Δt:   1.56, CFL: 7.20e-01
i:  11900, t:   19737.7 s, ωt:   1.97 (0.31 periods), wall: 3.619 minutes, Δt:   1.57, CFL: 7.20e-01
i:  12000, t:   19887.7 s, ωt:   1.99 (0.32 periods), wall: 3.644 minutes, Δt:   1.35, CFL: 7.20e-01
i:  12100, t:   20032.5 s, ωt:   2.00 (0.32 periods), wall: 3.668 minutes, Δt:   1.37, CFL: 7.20e-01
i:  12200, t:   20167.3 s, ωt:   2.02 (0.32 periods), wall: 3.693 minutes, Δt:   1.62, CFL: 7.20e-01
i:  12300, t:   20329.2 s, ωt:   2.03 (0.32 periods), wall: 3.718 minutes, Δt:   1.54, CFL: 7.20e-01
i:  12400, t:   20476.9 s, ωt:   2.05 (0.33 periods), wall: 3.742 minutes, Δt:   1.47, CFL: 7.20e-01
i:  12500, t:   20627.9 s, ωt:   2.06 (0.33 periods), wall: 3.767 minutes, Δt:   1.62, CFL: 7.20e-01
i:  12600, t:   20791.2 s, ωt:   2.08 (0.33 periods), wall: 3.791 minutes, Δt:   1.60, CFL: 7.20e-01
i:  12700, t:   20947.8 s, ωt:   2.09 (0.33 periods), wall: 3.816 minutes, Δt:   1.61, CFL: 7.20e-01
i:  12800, t:   21104.3 s, ωt:   2.11 (0.34 periods), wall: 3.840 minutes, Δt:   1.43, CFL: 7.20e-01
i:  12900, t:   21270.1 s, ωt:   2.13 (0.34 periods), wall: 3.865 minutes, Δt:   1.73, CFL: 7.20e-01
i:  13000, t:   21435.3 s, ωt:   2.14 (0.34 periods), wall: 3.890 minutes, Δt:   1.51, CFL: 7.20e-01
i:  13100, t:   21578.9 s, ωt:   2.16 (0.34 periods), wall: 3.915 minutes, Δt:   1.60, CFL: 7.20e-01
i:  13200, t:   21709.7 s, ωt:   2.17 (0.35 periods), wall: 3.940 minutes, Δt:   1.44, CFL: 7.20e-01
i:  13300, t:   21860.3 s, ωt:   2.19 (0.35 periods), wall: 3.965 minutes, Δt:   1.62, CFL: 7.20e-01
i:  13400, t:   22027.5 s, ωt:   2.20 (0.35 periods), wall: 3.989 minutes, Δt:   1.55, CFL: 7.20e-01
i:  13500, t:   22204.1 s, ωt:   2.22 (0.35 periods), wall: 4.014 minutes, Δt:   1.74, CFL: 7.20e-01
i:  13600, t:   22406.5 s, ωt:   2.24 (0.36 periods), wall: 4.039 minutes, Δt:   1.79, CFL: 7.20e-01
i:  13700, t:   22581.2 s, ωt:   2.26 (0.36 periods), wall: 4.064 minutes, Δt:   1.82, CFL: 7.20e-01
i:  13800, t:   22782.9 s, ωt:   2.28 (0.36 periods), wall: 4.089 minutes, Δt:   2.07, CFL: 7.20e-01
i:  13900, t:   22981.8 s, ωt:   2.30 (0.37 periods), wall: 4.113 minutes, Δt:   2.26, CFL: 7.20e-01
i:  14000, t:   23185.6 s, ωt:   2.32 (0.37 periods), wall: 4.138 minutes, Δt:   2.01, CFL: 7.20e-01
i:  14100, t:   23377.3 s, ωt:   2.34 (0.37 periods), wall: 4.163 minutes, Δt:   1.61, CFL: 7.20e-01
i:  14200, t:   23571.2 s, ωt:   2.36 (0.38 periods), wall: 4.187 minutes, Δt:   1.85, CFL: 7.20e-01
i:  14300, t:   23763.7 s, ωt:   2.38 (0.38 periods), wall: 4.211 minutes, Δt:   2.04, CFL: 7.20e-01
i:  14400, t:   23974.1 s, ωt:   2.40 (0.38 periods), wall: 4.236 minutes, Δt:   2.11, CFL: 7.20e-01
i:  14500, t:   24183.4 s, ωt:   2.42 (0.38 periods), wall: 4.261 minutes, Δt:   2.05, CFL: 7.20e-01
i:  14600, t:   24408.7 s, ωt:   2.44 (0.39 periods), wall: 4.286 minutes, Δt:   2.23, CFL: 7.20e-01
i:  14700, t:   24617.3 s, ωt:   2.46 (0.39 periods), wall: 4.309 minutes, Δt:   2.57, CFL: 7.20e-01
i:  14800, t:   24893.9 s, ωt:   2.49 (0.40 periods), wall: 4.333 minutes, Δt:   2.54, CFL: 7.20e-01
i:  14900, t:   25119.2 s, ωt:   2.51 (0.40 periods), wall: 4.357 minutes, Δt:   2.01, CFL: 7.20e-01
i:  15000, t:   25361.7 s, ωt:   2.54 (0.40 periods), wall: 4.382 minutes, Δt:   2.62, CFL: 7.20e-01
i:  15100, t:   25600.7 s, ωt:   2.56 (0.41 periods), wall: 4.407 minutes, Δt:   2.54, CFL: 7.20e-01
i:  15200, t:   25832.0 s, ωt:   2.58 (0.41 periods), wall: 4.431 minutes, Δt:   2.74, CFL: 7.20e-01
i:  15300, t:   26081.4 s, ωt:   2.61 (0.42 periods), wall: 4.456 minutes, Δt:   2.93, CFL: 7.20e-01
i:  15400, t:   26406.1 s, ωt:   2.64 (0.42 periods), wall: 4.481 minutes, Δt:   3.18, CFL: 7.20e-01
i:  15500, t:   26722.5 s, ωt:   2.67 (0.43 periods), wall: 4.505 minutes, Δt:   3.17, CFL: 7.20e-01
i:  15600, t:   27098.7 s, ωt:   2.71 (0.43 periods), wall: 4.528 minutes, Δt:   3.90, CFL: 7.20e-01
i:  15700, t:   27510.3 s, ωt:   2.75 (0.44 periods), wall: 4.552 minutes, Δt:   4.80, CFL: 7.20e-01
i:  15800, t:   27940.9 s, ωt:   2.79 (0.44 periods), wall: 4.577 minutes, Δt:   4.33, CFL: 7.20e-01
i:  15900, t:   28414.6 s, ωt:   2.84 (0.45 periods), wall: 4.601 minutes, Δt:   5.24, CFL: 7.20e-01
i:  16000, t:   28967.1 s, ωt:   2.90 (0.46 periods), wall: 4.627 minutes, Δt:   7.14, CFL: 7.13e-01
i:  16100, t:   29610.2 s, ωt:   2.96 (0.47 periods), wall: 4.651 minutes, Δt:   6.94, CFL: 7.20e-01
i:  16200, t:   30328.6 s, ωt:   3.03 (0.48 periods), wall: 4.676 minutes, Δt:   6.42, CFL: 7.20e-01
i:  16300, t:   31068.4 s, ωt:   3.11 (0.49 periods), wall: 4.701 minutes, Δt:   7.68, CFL: 7.20e-01
i:  16400, t:   31773.2 s, ωt:   3.18 (0.51 periods), wall: 4.727 minutes, Δt:   6.82, CFL: 7.20e-01
i:  16500, t:   32398.3 s, ωt:   3.24 (0.52 periods), wall: 4.751 minutes, Δt:   6.59, CFL: 7.20e-01
i:  16600, t:   32971.2 s, ωt:   3.30 (0.52 periods), wall: 4.776 minutes, Δt:   4.66, CFL: 7.20e-01
i:  16700, t:   33430.8 s, ωt:   3.34 (0.53 periods), wall: 4.800 minutes, Δt:   4.41, CFL: 7.20e-01
i:  16800, t:   33836.1 s, ωt:   3.38 (0.54 periods), wall: 4.825 minutes, Δt:   3.40, CFL: 7.20e-01
i:  16900, t:   34157.7 s, ωt:   3.42 (0.54 periods), wall: 4.849 minutes, Δt:   3.22, CFL: 7.20e-01
i:  17000, t:   34471.2 s, ωt:   3.45 (0.55 periods), wall: 4.873 minutes, Δt:   2.96, CFL: 7.20e-01
i:  17100, t:   34711.6 s, ωt:   3.47 (0.55 periods), wall: 4.898 minutes, Δt:   2.40, CFL: 7.20e-01
i:  17200, t:   34965.5 s, ωt:   3.50 (0.56 periods), wall: 4.923 minutes, Δt:   2.67, CFL: 7.20e-01
i:  17300, t:   35201.0 s, ωt:   3.52 (0.56 periods), wall: 4.948 minutes, Δt:   1.96, CFL: 7.20e-01
i:  17400, t:   35429.0 s, ωt:   3.54 (0.56 periods), wall: 4.972 minutes, Δt:   2.07, CFL: 7.20e-01
i:  17500, t:   35637.1 s, ωt:   3.56 (0.57 periods), wall: 4.997 minutes, Δt:   1.94, CFL: 7.20e-01
i:  17600, t:   35816.1 s, ωt:   3.58 (0.57 periods), wall: 5.021 minutes, Δt:   1.82, CFL: 7.20e-01
i:  17700, t:   36009.5 s, ωt:   3.60 (0.57 periods), wall: 5.046 minutes, Δt:   1.80, CFL: 7.20e-01
i:  17800, t:   36186.3 s, ωt:   3.62 (0.58 periods), wall: 5.071 minutes, Δt:   1.79, CFL: 7.20e-01
i:  17900, t:   36357.2 s, ωt:   3.64 (0.58 periods), wall: 5.096 minutes, Δt:   1.69, CFL: 7.20e-01
i:  18000, t:   36543.2 s, ωt:   3.65 (0.58 periods), wall: 5.121 minutes, Δt:   2.01, CFL: 7.20e-01
i:  18100, t:   36728.6 s, ωt:   3.67 (0.58 periods), wall: 5.145 minutes, Δt:   1.96, CFL: 7.20e-01
i:  18200, t:   36907.3 s, ωt:   3.69 (0.59 periods), wall: 5.170 minutes, Δt:   1.93, CFL: 7.20e-01
i:  18300, t:   37070.3 s, ωt:   3.71 (0.59 periods), wall: 5.195 minutes, Δt:   1.39, CFL: 7.20e-01
i:  18400, t:   37215.7 s, ωt:   3.72 (0.59 periods), wall: 5.219 minutes, Δt:   1.85, CFL: 7.20e-01
i:  18500, t:   37376.2 s, ωt:   3.74 (0.59 periods), wall: 5.243 minutes, Δt:   1.27, CFL: 7.20e-01
i:  18600, t:   37523.6 s, ωt:   3.75 (0.60 periods), wall: 5.269 minutes, Δt:   1.58, CFL: 7.20e-01
i:  18700, t:   37680.7 s, ωt:   3.77 (0.60 periods), wall: 5.292 minutes, Δt:   1.50, CFL: 7.20e-01
i:  18800, t:   37842.4 s, ωt:   3.78 (0.60 periods), wall: 5.316 minutes, Δt:   1.69, CFL: 7.20e-01
i:  18900, t:   38008.9 s, ωt:   3.80 (0.60 periods), wall: 5.340 minutes, Δt:   1.61, CFL: 7.20e-01
i:  19000, t:   38167.7 s, ωt:   3.82 (0.61 periods), wall: 5.365 minutes, Δt:   1.63, CFL: 7.20e-01
i:  19100, t:   38316.2 s, ωt:   3.83 (0.61 periods), wall: 5.390 minutes, Δt:   1.67, CFL: 7.20e-01
i:  19200, t:   38467.4 s, ωt:   3.85 (0.61 periods), wall: 5.415 minutes, Δt:   1.63, CFL: 7.20e-01
i:  19300, t:   38625.9 s, ωt:   3.86 (0.61 periods), wall: 5.440 minutes, Δt:   1.72, CFL: 7.20e-01
i:  19400, t:   38774.9 s, ωt:   3.88 (0.62 periods), wall: 5.465 minutes, Δt:   1.44, CFL: 7.20e-01
i:  19500, t:   38913.6 s, ωt:   3.89 (0.62 periods), wall: 5.489 minutes, Δt:   1.64, CFL: 7.20e-01
i:  19600, t:   39070.8 s, ωt:   3.91 (0.62 periods), wall: 5.514 minutes, Δt:   1.66, CFL: 7.20e-01
i:  19700, t:   39218.6 s, ωt:   3.92 (0.62 periods), wall: 5.539 minutes, Δt:   1.35, CFL: 7.20e-01
i:  19800, t:   39352.2 s, ωt:   3.94 (0.63 periods), wall: 5.564 minutes, Δt:   1.48, CFL: 7.20e-01
i:  19900, t:   39482.8 s, ωt:   3.95 (0.63 periods), wall: 5.588 minutes, Δt:   1.26, CFL: 7.20e-01
i:  20000, t:   39610.2 s, ωt:   3.96 (0.63 periods), wall: 5.613 minutes, Δt:   1.47, CFL: 7.20e-01
i:  20100, t:   39736.0 s, ωt:   3.97 (0.63 periods), wall: 5.638 minutes, Δt:   1.13, CFL: 7.20e-01
i:  20200, t:   39877.4 s, ωt:   3.99 (0.63 periods), wall: 5.662 minutes, Δt:   1.61, CFL: 7.20e-01
i:  20300, t:   40015.5 s, ωt:   4.00 (0.64 periods), wall: 5.687 minutes, Δt:   1.13, CFL: 7.20e-01
i:  20400, t:   40149.9 s, ωt:   4.01 (0.64 periods), wall: 5.712 minutes, Δt:   1.46, CFL: 7.20e-01
i:  20500, t:   40299.2 s, ωt:   4.03 (0.64 periods), wall: 5.736 minutes, Δt:   1.32, CFL: 7.20e-01
i:  20600, t:   40441.4 s, ωt:   4.04 (0.64 periods), wall: 5.761 minutes, Δt:   1.31, CFL: 7.20e-01
i:  20700, t:   40574.0 s, ωt:   4.06 (0.65 periods), wall: 5.786 minutes, Δt:   1.28, CFL: 7.20e-01
i:  20800, t:   40698.9 s, ωt:   4.07 (0.65 periods), wall: 5.810 minutes, Δt:   1.27, CFL: 7.20e-01
i:  20900, t:   40831.7 s, ωt:   4.08 (0.65 periods), wall: 5.834 minutes, Δt:   1.27, CFL: 7.20e-01
i:  21000, t:   40942.9 s, ωt:   4.09 (0.65 periods), wall: 5.858 minutes, Δt:   1.17, CFL: 7.20e-01
i:  21100, t:   41069.0 s, ωt:   4.11 (0.65 periods), wall: 5.883 minutes, Δt:   1.46, CFL: 7.20e-01
i:  21200, t:   41206.9 s, ωt:   4.12 (0.66 periods), wall: 5.907 minutes, Δt:   1.60, CFL: 7.20e-01
i:  21300, t:   41344.4 s, ωt:   4.13 (0.66 periods), wall: 5.931 minutes, Δt:   1.19, CFL: 7.20e-01
i:  21400, t:   41470.2 s, ωt:   4.15 (0.66 periods), wall: 5.956 minutes, Δt:   1.12, CFL: 7.20e-01
i:  21500, t:   41591.2 s, ωt:   4.16 (0.66 periods), wall: 5.980 minutes, Δt:   1.04, CFL: 7.20e-01
i:  21600, t:   41700.4 s, ωt:   4.17 (0.66 periods), wall: 6.005 minutes, Δt:   1.02, CFL: 7.20e-01
i:  21700, t:   41824.5 s, ωt:   4.18 (0.67 periods), wall: 6.030 minutes, Δt:   1.39, CFL: 7.20e-01
i:  21800, t:   41937.7 s, ωt:   4.19 (0.67 periods), wall: 6.055 minutes, Δt:   1.26, CFL: 7.20e-01
i:  21900, t:   42077.7 s, ωt:   4.21 (0.67 periods), wall: 6.079 minutes, Δt:   1.08, CFL: 7.20e-01
i:  22000, t:   42176.2 s, ωt:   4.22 (0.67 periods), wall: 6.104 minutes, Δt:   1.10, CFL: 7.20e-01
i:  22100, t:   42300.7 s, ωt:   4.23 (0.67 periods), wall: 6.127 minutes, Δt:   1.32, CFL: 7.20e-01
i:  22200, t:   42427.5 s, ωt:   4.24 (0.68 periods), wall: 6.151 minutes, Δt:   1.17, CFL: 7.20e-01
i:  22300, t:   42551.9 s, ωt:   4.26 (0.68 periods), wall: 6.175 minutes, Δt:   1.21, CFL: 7.20e-01
i:  22400, t:   42679.2 s, ωt:   4.27 (0.68 periods), wall: 6.200 minutes, Δt:   1.35, CFL: 7.20e-01
i:  22500, t:   42800.8 s, ωt:   4.28 (0.68 periods), wall: 6.224 minutes, Δt:   1.33, CFL: 7.20e-01
i:  22600, t:   42920.4 s, ωt:   4.29 (0.68 periods), wall: 6.249 minutes, Δt:   0.96, CFL: 7.20e-01
i:  22700, t:   43031.0 s, ωt:   4.30 (0.68 periods), wall: 6.273 minutes, Δt:   1.40, CFL: 7.20e-01
i:  22800, t:   43151.5 s, ωt:   4.32 (0.69 periods), wall: 6.298 minutes, Δt:   1.05, CFL: 7.20e-01
i:  22900, t:   43259.3 s, ωt:   4.33 (0.69 periods), wall: 6.322 minutes, Δt:   1.02, CFL: 7.20e-01
i:  23000, t:   43373.0 s, ωt:   4.34 (0.69 periods), wall: 6.347 minutes, Δt:   1.09, CFL: 7.20e-01
i:  23100, t:   43482.2 s, ωt:   4.35 (0.69 periods), wall: 6.372 minutes, Δt:   1.14, CFL: 7.20e-01
i:  23200, t:   43594.1 s, ωt:   4.36 (0.69 periods), wall: 6.396 minutes, Δt:   1.11, CFL: 7.20e-01
i:  23300, t:   43713.6 s, ωt:   4.37 (0.70 periods), wall: 6.421 minutes, Δt:   1.11, CFL: 7.20e-01
i:  23400, t:   43825.3 s, ωt:   4.38 (0.70 periods), wall: 6.445 minutes, Δt:   1.14, CFL: 7.20e-01
i:  23500, t:   43939.5 s, ωt:   4.39 (0.70 periods), wall: 6.470 minutes, Δt:   1.09, CFL: 7.20e-01
i:  23600, t:   44044.0 s, ωt:   4.40 (0.70 periods), wall: 6.494 minutes, Δt:   0.87, CFL: 7.20e-01
i:  23700, t:   44154.0 s, ωt:   4.42 (0.70 periods), wall: 6.519 minutes, Δt:   1.21, CFL: 7.20e-01
i:  23800, t:   44274.3 s, ωt:   4.43 (0.70 periods), wall: 6.543 minutes, Δt:   1.16, CFL: 7.20e-01
i:  23900, t:   44389.6 s, ωt:   4.44 (0.71 periods), wall: 6.567 minutes, Δt:   1.15, CFL: 7.20e-01
i:  24000, t:   44515.9 s, ωt:   4.45 (0.71 periods), wall: 6.591 minutes, Δt:   1.25, CFL: 7.20e-01
i:  24100, t:   44631.9 s, ωt:   4.46 (0.71 periods), wall: 6.615 minutes, Δt:   1.12, CFL: 7.20e-01
i:  24200, t:   44748.4 s, ωt:   4.47 (0.71 periods), wall: 6.638 minutes, Δt:   1.32, CFL: 7.20e-01
i:  24300, t:   44875.3 s, ωt:   4.49 (0.71 periods), wall: 6.661 minutes, Δt:   1.17, CFL: 7.20e-01
i:  24400, t:   45002.5 s, ωt:   4.50 (0.72 periods), wall: 6.685 minutes, Δt:   1.21, CFL: 7.20e-01
i:  24500, t:   45131.5 s, ωt:   4.51 (0.72 periods), wall: 6.708 minutes, Δt:   1.09, CFL: 7.20e-01
i:  24600, t:   45256.9 s, ωt:   4.53 (0.72 periods), wall: 6.733 minutes, Δt:   1.33, CFL: 7.20e-01
i:  24700, t:   45372.6 s, ωt:   4.54 (0.72 periods), wall: 6.757 minutes, Δt:   0.93, CFL: 7.20e-01
i:  24800, t:   45471.7 s, ωt:   4.55 (0.72 periods), wall: 6.782 minutes, Δt:   1.08, CFL: 7.20e-01
i:  24900, t:   45587.9 s, ωt:   4.56 (0.73 periods), wall: 6.807 minutes, Δt:   1.17, CFL: 7.20e-01
i:  25000, t:   45709.7 s, ωt:   4.57 (0.73 periods), wall: 6.831 minutes, Δt:   1.24, CFL: 7.20e-01
i:  25100, t:   45826.7 s, ωt:   4.58 (0.73 periods), wall: 6.856 minutes, Δt:   1.02, CFL: 7.20e-01
i:  25200, t:   45938.9 s, ωt:   4.59 (0.73 periods), wall: 6.880 minutes, Δt:   1.25, CFL: 7.20e-01
i:  25300, t:   46067.1 s, ωt:   4.61 (0.73 periods), wall: 6.905 minutes, Δt:   1.23, CFL: 7.20e-01
i:  25400, t:   46179.5 s, ωt:   4.62 (0.73 periods), wall: 6.929 minutes, Δt:   1.07, CFL: 7.20e-01
i:  25500, t:   46296.1 s, ωt:   4.63 (0.74 periods), wall: 6.954 minutes, Δt:   0.98, CFL: 7.20e-01
i:  25600, t:   46405.7 s, ωt:   4.64 (0.74 periods), wall: 6.979 minutes, Δt:   1.23, CFL: 7.20e-01
i:  25700, t:   46528.6 s, ωt:   4.65 (0.74 periods), wall: 7.004 minutes, Δt:   1.28, CFL: 7.20e-01
i:  25800, t:   46654.6 s, ωt:   4.67 (0.74 periods), wall: 7.028 minutes, Δt:   1.27, CFL: 7.20e-01
i:  25900, t:   46780.4 s, ωt:   4.68 (0.74 periods), wall: 7.052 minutes, Δt:   1.18, CFL: 7.20e-01
i:  26000, t:   46904.5 s, ωt:   4.69 (0.75 periods), wall: 7.077 minutes, Δt:   1.23, CFL: 7.20e-01
i:  26100, t:   47023.6 s, ωt:   4.70 (0.75 periods), wall: 7.101 minutes, Δt:   0.98, CFL: 7.20e-01
i:  26200, t:   47127.6 s, ωt:   4.71 (0.75 periods), wall: 7.126 minutes, Δt:   1.19, CFL: 7.20e-01
i:  26300, t:   47237.5 s, ωt:   4.72 (0.75 periods), wall: 7.150 minutes, Δt:   0.97, CFL: 7.20e-01
i:  26400, t:   47347.0 s, ωt:   4.73 (0.75 periods), wall: 7.174 minutes, Δt:   1.18, CFL: 7.20e-01
i:  26500, t:   47481.7 s, ωt:   4.75 (0.76 periods), wall: 7.199 minutes, Δt:   1.46, CFL: 7.20e-01
i:  26600, t:   47621.9 s, ωt:   4.76 (0.76 periods), wall: 7.224 minutes, Δt:   1.49, CFL: 7.20e-01
i:  26700, t:   47753.7 s, ωt:   4.78 (0.76 periods), wall: 7.249 minutes, Δt:   1.42, CFL: 7.20e-01
i:  26800, t:   47889.8 s, ωt:   4.79 (0.76 periods), wall: 7.273 minutes, Δt:   1.26, CFL: 7.20e-01
i:  26900, t:   48019.5 s, ωt:   4.80 (0.76 periods), wall: 7.297 minutes, Δt:   1.29, CFL: 7.20e-01
i:  27000, t:   48137.9 s, ωt:   4.81 (0.77 periods), wall: 7.321 minutes, Δt:   1.13, CFL: 7.20e-01
i:  27100, t:   48251.7 s, ωt:   4.83 (0.77 periods), wall: 7.346 minutes, Δt:   1.20, CFL: 7.20e-01
i:  27200, t:   48380.0 s, ωt:   4.84 (0.77 periods), wall: 7.371 minutes, Δt:   1.24, CFL: 7.20e-01
i:  27300, t:   48497.8 s, ωt:   4.85 (0.77 periods), wall: 7.394 minutes, Δt:   1.17, CFL: 7.20e-01
i:  27400, t:   48624.3 s, ωt:   4.86 (0.77 periods), wall: 7.418 minutes, Δt:   1.26, CFL: 7.20e-01
i:  27500, t:   48754.9 s, ωt:   4.88 (0.78 periods), wall: 7.441 minutes, Δt:   1.08, CFL: 7.20e-01
i:  27600, t:   48867.6 s, ωt:   4.89 (0.78 periods), wall: 7.465 minutes, Δt:   1.11, CFL: 7.20e-01
i:  27700, t:   48982.5 s, ωt:   4.90 (0.78 periods), wall: 7.488 minutes, Δt:   1.20, CFL: 7.20e-01
i:  27800, t:   49107.2 s, ωt:   4.91 (0.78 periods), wall: 7.513 minutes, Δt:   1.39, CFL: 7.20e-01
i:  27900, t:   49233.3 s, ωt:   4.92 (0.78 periods), wall: 7.538 minutes, Δt:   1.22, CFL: 7.20e-01
i:  28000, t:   49360.1 s, ωt:   4.94 (0.79 periods), wall: 7.562 minutes, Δt:   1.14, CFL: 7.20e-01
i:  28100, t:   49487.7 s, ωt:   4.95 (0.79 periods), wall: 7.586 minutes, Δt:   1.36, CFL: 7.20e-01
i:  28200, t:   49624.8 s, ωt:   4.96 (0.79 periods), wall: 7.611 minutes, Δt:   1.41, CFL: 7.20e-01
i:  28300, t:   49753.0 s, ωt:   4.98 (0.79 periods), wall: 7.635 minutes, Δt:   1.30, CFL: 7.20e-01
i:  28400, t:   49885.3 s, ωt:   4.99 (0.79 periods), wall: 7.659 minutes, Δt:   1.37, CFL: 7.20e-01
i:  28500, t:   50022.1 s, ωt:   5.00 (0.80 periods), wall: 7.683 minutes, Δt:   1.29, CFL: 7.20e-01
i:  28600, t:   50155.7 s, ωt:   5.02 (0.80 periods), wall: 7.706 minutes, Δt:   1.45, CFL: 7.20e-01
i:  28700, t:   50295.7 s, ωt:   5.03 (0.80 periods), wall: 7.730 minutes, Δt:   1.40, CFL: 7.20e-01
i:  28800, t:   50426.0 s, ωt:   5.04 (0.80 periods), wall: 7.755 minutes, Δt:   1.23, CFL: 7.20e-01
i:  28900, t:   50540.1 s, ωt:   5.05 (0.80 periods), wall: 7.779 minutes, Δt:   1.14, CFL: 7.20e-01
i:  29000, t:   50679.3 s, ωt:   5.07 (0.81 periods), wall: 7.803 minutes, Δt:   1.41, CFL: 7.20e-01
i:  29100, t:   50809.8 s, ωt:   5.08 (0.81 periods), wall: 7.826 minutes, Δt:   1.29, CFL: 7.20e-01
i:  29200, t:   50947.2 s, ωt:   5.09 (0.81 periods), wall: 7.850 minutes, Δt:   1.58, CFL: 7.20e-01
i:  29300, t:   51094.3 s, ωt:   5.11 (0.81 periods), wall: 7.874 minutes, Δt:   1.57, CFL: 7.20e-01
i:  29400, t:   51243.1 s, ωt:   5.12 (0.82 periods), wall: 7.899 minutes, Δt:   1.56, CFL: 7.20e-01
i:  29500, t:   51390.8 s, ωt:   5.14 (0.82 periods), wall: 7.923 minutes, Δt:   1.61, CFL: 7.20e-01
i:  29600, t:   51542.1 s, ωt:   5.15 (0.82 periods), wall: 7.948 minutes, Δt:   1.46, CFL: 7.20e-01
i:  29700, t:   51697.3 s, ωt:   5.17 (0.82 periods), wall: 7.973 minutes, Δt:   1.58, CFL: 7.20e-01
i:  29800, t:   51847.4 s, ωt:   5.18 (0.83 periods), wall: 7.998 minutes, Δt:   1.23, CFL: 7.20e-01
i:  29900, t:   51973.6 s, ωt:   5.20 (0.83 periods), wall: 8.022 minutes, Δt:   1.38, CFL: 7.20e-01
i:  30000, t:   52116.6 s, ωt:   5.21 (0.83 periods), wall: 8.047 minutes, Δt:   1.67, CFL: 7.20e-01
i:  30100, t:   52274.3 s, ωt:   5.23 (0.83 periods), wall: 8.072 minutes, Δt:   1.60, CFL: 7.20e-01
i:  30200, t:   52440.2 s, ωt:   5.24 (0.83 periods), wall: 8.097 minutes, Δt:   1.70, CFL: 7.20e-01
i:  30300, t:   52609.9 s, ωt:   5.26 (0.84 periods), wall: 8.122 minutes, Δt:   1.82, CFL: 7.20e-01
i:  30400, t:   52780.3 s, ωt:   5.28 (0.84 periods), wall: 8.147 minutes, Δt:   1.56, CFL: 7.20e-01
i:  30500, t:   52949.2 s, ωt:   5.29 (0.84 periods), wall: 8.171 minutes, Δt:   1.52, CFL: 7.20e-01
i:  30600, t:   53105.3 s, ωt:   5.31 (0.85 periods), wall: 8.196 minutes, Δt:   1.44, CFL: 7.20e-01
i:  30700, t:   53253.6 s, ωt:   5.33 (0.85 periods), wall: 8.221 minutes, Δt:   1.53, CFL: 7.20e-01
i:  30800, t:   53403.5 s, ωt:   5.34 (0.85 periods), wall: 8.245 minutes, Δt:   1.43, CFL: 7.20e-01
i:  30900, t:   53572.9 s, ωt:   5.36 (0.85 periods), wall: 8.269 minutes, Δt:   1.47, CFL: 7.20e-01
i:  31000, t:   53721.2 s, ωt:   5.37 (0.85 periods), wall: 8.293 minutes, Δt:   1.48, CFL: 7.20e-01
i:  31100, t:   53855.8 s, ωt:   5.39 (0.86 periods), wall: 8.317 minutes, Δt:   1.25, CFL: 7.20e-01
i:  31200, t:   54014.7 s, ωt:   5.40 (0.86 periods), wall: 8.342 minutes, Δt:   1.95, CFL: 7.20e-01
i:  31300, t:   54174.3 s, ωt:   5.42 (0.86 periods), wall: 8.367 minutes, Δt:   1.82, CFL: 7.20e-01
i:  31400, t:   54346.3 s, ωt:   5.43 (0.86 periods), wall: 8.392 minutes, Δt:   1.91, CFL: 7.20e-01
i:  31500, t:   54537.5 s, ωt:   5.45 (0.87 periods), wall: 8.416 minutes, Δt:   1.82, CFL: 7.20e-01
i:  31600, t:   54741.0 s, ωt:   5.47 (0.87 periods), wall: 8.441 minutes, Δt:   2.09, CFL: 7.20e-01
i:  31700, t:   54957.2 s, ωt:   5.50 (0.87 periods), wall: 8.465 minutes, Δt:   2.28, CFL: 7.20e-01
i:  31800, t:   55181.5 s, ωt:   5.52 (0.88 periods), wall: 8.490 minutes, Δt:   2.10, CFL: 7.20e-01
i:  31900, t:   55396.2 s, ωt:   5.54 (0.88 periods), wall: 8.515 minutes, Δt:   2.08, CFL: 7.20e-01
i:  32000, t:   55615.0 s, ωt:   5.56 (0.89 periods), wall: 8.539 minutes, Δt:   2.35, CFL: 7.20e-01
i:  32100, t:   55843.6 s, ωt:   5.58 (0.89 periods), wall: 8.564 minutes, Δt:   2.58, CFL: 7.20e-01
i:  32200, t:   56089.2 s, ωt:   5.61 (0.89 periods), wall: 8.589 minutes, Δt:   2.62, CFL: 7.20e-01
i:  32300, t:   56328.6 s, ωt:   5.63 (0.90 periods), wall: 8.613 minutes, Δt:   1.98, CFL: 7.20e-01
i:  32400, t:   56545.0 s, ωt:   5.65 (0.90 periods), wall: 8.638 minutes, Δt:   1.88, CFL: 7.20e-01
i:  32500, t:   56757.5 s, ωt:   5.68 (0.90 periods), wall: 8.663 minutes, Δt:   2.34, CFL: 7.20e-01
i:  32600, t:   57006.4 s, ωt:   5.70 (0.91 periods), wall: 8.687 minutes, Δt:   2.95, CFL: 7.20e-01
i:  32700, t:   57309.3 s, ωt:   5.73 (0.91 periods), wall: 8.712 minutes, Δt:   3.23, CFL: 7.20e-01
i:  32800, t:   57632.6 s, ωt:   5.76 (0.92 periods), wall: 8.737 minutes, Δt:   3.36, CFL: 7.20e-01
i:  32900, t:   57940.9 s, ωt:   5.79 (0.92 periods), wall: 8.762 minutes, Δt:   3.12, CFL: 7.20e-01
i:  33000, t:   58274.4 s, ωt:   5.83 (0.93 periods), wall: 8.787 minutes, Δt:   3.61, CFL: 7.20e-01
i:  33100, t:   58568.7 s, ωt:   5.86 (0.93 periods), wall: 8.812 minutes, Δt:   3.02, CFL: 7.20e-01
i:  33200, t:   58899.9 s, ωt:   5.89 (0.94 periods), wall: 8.836 minutes, Δt:   3.21, CFL: 7.20e-01
i:  33300, t:   59245.8 s, ωt:   5.92 (0.94 periods), wall: 8.861 minutes, Δt:   2.85, CFL: 7.20e-01
i:  33400, t:   59628.0 s, ωt:   5.96 (0.95 periods), wall: 8.886 minutes, Δt:   5.37, CFL: 7.20e-01
i:  33500, t:   60184.0 s, ωt:   6.02 (0.96 periods), wall: 8.911 minutes, Δt:   6.59, CFL: 7.20e-01
i:  33600, t:   60819.8 s, ωt:   6.08 (0.97 periods), wall: 8.936 minutes, Δt:   6.23, CFL: 7.20e-01
i:  33700, t:   61501.7 s, ωt:   6.15 (0.98 periods), wall: 8.961 minutes, Δt:   6.45, CFL: 7.20e-01
i:  33800, t:   62171.0 s, ωt:   6.22 (0.99 periods), wall: 8.986 minutes, Δt:   7.16, CFL: 7.20e-01
i:  33900, t:   62870.9 s, ωt:   6.29 (1.00 periods), wall: 9.011 minutes, Δt:   6.42, CFL: 7.20e-01
i:  34000, t:   63540.7 s, ωt:   6.35 (1.01 periods), wall: 9.037 minutes, Δt:   6.61, CFL: 7.20e-01
i:  34100, t:   64159.6 s, ωt:   6.42 (1.02 periods), wall: 9.062 minutes, Δt:   5.54, CFL: 7.20e-01
i:  34200, t:   64678.3 s, ωt:   6.47 (1.03 periods), wall: 9.086 minutes, Δt:   4.35, CFL: 7.20e-01
i:  34300, t:   65045.4 s, ωt:   6.50 (1.04 periods), wall: 9.111 minutes, Δt:   3.81, CFL: 7.20e-01
i:  34400, t:   65462.2 s, ωt:   6.55 (1.04 periods), wall: 9.136 minutes, Δt:   3.82, CFL: 7.20e-01
i:  34500, t:   65793.8 s, ωt:   6.58 (1.05 periods), wall: 9.161 minutes, Δt:   3.43, CFL: 7.20e-01
i:  34600, t:   66088.4 s, ωt:   6.61 (1.05 periods), wall: 9.186 minutes, Δt:   2.82, CFL: 7.20e-01
i:  34700, t:   66340.5 s, ωt:   6.63 (1.06 periods), wall: 9.210 minutes, Δt:   2.92, CFL: 7.20e-01
i:  34800, t:   66590.4 s, ωt:   6.66 (1.06 periods), wall: 9.234 minutes, Δt:   2.55, CFL: 7.20e-01
i:  34900, t:   66806.7 s, ωt:   6.68 (1.06 periods), wall: 9.259 minutes, Δt:   2.60, CFL: 7.20e-01
i:  35000, t:   67021.1 s, ωt:   6.70 (1.07 periods), wall: 9.284 minutes, Δt:   2.16, CFL: 7.20e-01
i:  35100, t:   67242.7 s, ωt:   6.72 (1.07 periods), wall: 9.309 minutes, Δt:   1.73, CFL: 7.20e-01
i:  35200, t:   67423.6 s, ωt:   6.74 (1.07 periods), wall: 9.334 minutes, Δt:   1.99, CFL: 7.20e-01
i:  35300, t:   67621.0 s, ωt:   6.76 (1.08 periods), wall: 9.359 minutes, Δt:   1.62, CFL: 7.20e-01
i:  35400, t:   67800.3 s, ωt:   6.78 (1.08 periods), wall: 9.383 minutes, Δt:   1.64, CFL: 7.20e-01
i:  35500, t:   67973.3 s, ωt:   6.80 (1.08 periods), wall: 9.407 minutes, Δt:   1.66, CFL: 7.20e-01
i:  35600, t:   68148.2 s, ωt:   6.81 (1.08 periods), wall: 9.432 minutes, Δt:   1.80, CFL: 7.20e-01
i:  35700, t:   68321.9 s, ωt:   6.83 (1.09 periods), wall: 9.456 minutes, Δt:   1.60, CFL: 7.20e-01
i:  35800, t:   68493.6 s, ωt:   6.85 (1.09 periods), wall: 9.480 minutes, Δt:   1.65, CFL: 7.20e-01
i:  35900, t:   68661.6 s, ωt:   6.87 (1.09 periods), wall: 9.505 minutes, Δt:   1.52, CFL: 7.20e-01
i:  36000, t:   68831.4 s, ωt:   6.88 (1.10 periods), wall: 9.529 minutes, Δt:   1.81, CFL: 7.20e-01
i:  36100, t:   68995.7 s, ωt:   6.90 (1.10 periods), wall: 9.554 minutes, Δt:   1.33, CFL: 7.20e-01
i:  36200, t:   69151.5 s, ωt:   6.92 (1.10 periods), wall: 9.579 minutes, Δt:   1.78, CFL: 7.20e-01
i:  36300, t:   69316.8 s, ωt:   6.93 (1.10 periods), wall: 9.604 minutes, Δt:   1.75, CFL: 7.20e-01
i:  36400, t:   69478.5 s, ωt:   6.95 (1.11 periods), wall: 9.628 minutes, Δt:   1.62, CFL: 7.20e-01
i:  36500, t:   69646.6 s, ωt:   6.96 (1.11 periods), wall: 9.653 minutes, Δt:   1.80, CFL: 7.20e-01
i:  36600, t:   69824.5 s, ωt:   6.98 (1.11 periods), wall: 9.678 minutes, Δt:   1.71, CFL: 7.20e-01
i:  36700, t:   69995.3 s, ωt:   7.00 (1.11 periods), wall: 9.702 minutes, Δt:   1.80, CFL: 7.20e-01
i:  36800, t:   70164.7 s, ωt:   7.02 (1.12 periods), wall: 9.727 minutes, Δt:   1.33, CFL: 7.20e-01
i:  36900, t:   70301.1 s, ωt:   7.03 (1.12 periods), wall: 9.751 minutes, Δt:   1.47, CFL: 7.20e-01
i:  37000, t:   70447.2 s, ωt:   7.04 (1.12 periods), wall: 9.776 minutes, Δt:   1.26, CFL: 7.20e-01
i:  37100, t:   70597.9 s, ωt:   7.06 (1.12 periods), wall: 9.801 minutes, Δt:   1.31, CFL: 7.20e-01
i:  37200, t:   70743.9 s, ωt:   7.07 (1.13 periods), wall: 9.825 minutes, Δt:   1.41, CFL: 7.20e-01
i:  37300, t:   70888.8 s, ωt:   7.09 (1.13 periods), wall: 9.849 minutes, Δt:   1.47, CFL: 7.20e-01
i:  37400, t:   71029.7 s, ωt:   7.10 (1.13 periods), wall: 9.874 minutes, Δt:   1.26, CFL: 7.20e-01
i:  37500, t:   71179.7 s, ωt:   7.12 (1.13 periods), wall: 9.899 minutes, Δt:   1.59, CFL: 7.20e-01
i:  37600, t:   71302.8 s, ωt:   7.13 (1.13 periods), wall: 9.923 minutes, Δt:   1.25, CFL: 7.20e-01
i:  37700, t:   71450.1 s, ωt:   7.15 (1.14 periods), wall: 9.948 minutes, Δt:   1.62, CFL: 7.20e-01
i:  37800, t:   71591.2 s, ωt:   7.16 (1.14 periods), wall: 9.972 minutes, Δt:   1.29, CFL: 7.20e-01
i:  37900, t:   71731.8 s, ωt:   7.17 (1.14 periods), wall: 9.996 minutes, Δt:   1.39, CFL: 7.20e-01
i:  38000, t:   71869.7 s, ωt:   7.19 (1.14 periods), wall: 10.020 minutes, Δt:   1.34, CFL: 7.20e-01
i:  38100, t:   72008.8 s, ωt:   7.20 (1.15 periods), wall: 10.045 minutes, Δt:   1.33, CFL: 7.20e-01
i:  38200, t:   72155.3 s, ωt:   7.22 (1.15 periods), wall: 10.070 minutes, Δt:   1.49, CFL: 7.20e-01
i:  38300, t:   72306.6 s, ωt:   7.23 (1.15 periods), wall: 10.095 minutes, Δt:   1.49, CFL: 7.20e-01
i:  38400, t:   72444.6 s, ωt:   7.24 (1.15 periods), wall: 10.119 minutes, Δt:   0.95, CFL: 7.20e-01
i:  38500, t:   72561.3 s, ωt:   7.26 (1.15 periods), wall: 10.143 minutes, Δt:   1.30, CFL: 7.20e-01
i:  38600, t:   72702.8 s, ωt:   7.27 (1.16 periods), wall: 10.168 minutes, Δt:   1.46, CFL: 7.20e-01
i:  38700, t:   72835.8 s, ωt:   7.28 (1.16 periods), wall: 10.193 minutes, Δt:   1.28, CFL: 7.20e-01
i:  38800, t:   72969.3 s, ωt:   7.30 (1.16 periods), wall: 10.218 minutes, Δt:   1.22, CFL: 7.20e-01
i:  38900, t:   73088.6 s, ωt:   7.31 (1.16 periods), wall: 10.242 minutes, Δt:   1.28, CFL: 7.20e-01
i:  39000, t:   73207.2 s, ωt:   7.32 (1.17 periods), wall: 10.267 minutes, Δt:   0.94, CFL: 7.20e-01
i:  39100, t:   73321.3 s, ωt:   7.33 (1.17 periods), wall: 10.292 minutes, Δt:   1.35, CFL: 7.20e-01
i:  39200, t:   73456.6 s, ωt:   7.35 (1.17 periods), wall: 10.316 minutes, Δt:   1.52, CFL: 7.20e-01
i:  39300, t:   73596.6 s, ωt:   7.36 (1.17 periods), wall: 10.341 minutes, Δt:   1.42, CFL: 7.20e-01
i:  39400, t:   73724.5 s, ωt:   7.37 (1.17 periods), wall: 10.366 minutes, Δt:   1.11, CFL: 7.20e-01
i:  39500, t:   73838.1 s, ωt:   7.38 (1.18 periods), wall: 10.390 minutes, Δt:   1.15, CFL: 7.20e-01
i:  39600, t:   73961.3 s, ωt:   7.40 (1.18 periods), wall: 10.415 minutes, Δt:   1.45, CFL: 7.20e-01
i:  39700, t:   74101.0 s, ωt:   7.41 (1.18 periods), wall: 10.440 minutes, Δt:   1.53, CFL: 7.20e-01
i:  39800, t:   74240.4 s, ωt:   7.42 (1.18 periods), wall: 10.465 minutes, Δt:   1.48, CFL: 7.20e-01
i:  39900, t:   74384.1 s, ωt:   7.44 (1.18 periods), wall: 10.489 minutes, Δt:   1.42, CFL: 7.20e-01
i:  40000, t:   74505.8 s, ωt:   7.45 (1.19 periods), wall: 10.514 minutes, Δt:   1.29, CFL: 7.20e-01
i:  40100, t:   74631.8 s, ωt:   7.46 (1.19 periods), wall: 10.539 minutes, Δt:   1.43, CFL: 7.20e-01
i:  40200, t:   74760.7 s, ωt:   7.48 (1.19 periods), wall: 10.563 minutes, Δt:   1.13, CFL: 7.20e-01
i:  40300, t:   74877.4 s, ωt:   7.49 (1.19 periods), wall: 10.588 minutes, Δt:   1.36, CFL: 7.20e-01
i:  40400, t:   75015.4 s, ωt:   7.50 (1.19 periods), wall: 10.612 minutes, Δt:   1.29, CFL: 7.20e-01
i:  40500, t:   75142.6 s, ωt:   7.51 (1.20 periods), wall: 10.637 minutes, Δt:   1.51, CFL: 7.20e-01
i:  40600, t:   75274.7 s, ωt:   7.53 (1.20 periods), wall: 10.662 minutes, Δt:   1.19, CFL: 7.20e-01
i:  40700, t:   75386.7 s, ωt:   7.54 (1.20 periods), wall: 10.686 minutes, Δt:   1.32, CFL: 7.20e-01
i:  40800, t:   75503.0 s, ωt:   7.55 (1.20 periods), wall: 10.711 minutes, Δt:   1.04, CFL: 7.20e-01
i:  40900, t:   75623.6 s, ωt:   7.56 (1.20 periods), wall: 10.736 minutes, Δt:   1.26, CFL: 7.20e-01
i:  41000, t:   75744.0 s, ωt:   7.57 (1.21 periods), wall: 10.760 minutes, Δt:   1.16, CFL: 7.20e-01
i:  41100, t:   75869.6 s, ωt:   7.59 (1.21 periods), wall: 10.785 minutes, Δt:   1.27, CFL: 7.20e-01
i:  41200, t:   75984.5 s, ωt:   7.60 (1.21 periods), wall: 10.810 minutes, Δt:   1.12, CFL: 7.20e-01
i:  41300, t:   76099.5 s, ωt:   7.61 (1.21 periods), wall: 10.834 minutes, Δt:   1.20, CFL: 7.20e-01
i:  41400, t:   76210.5 s, ωt:   7.62 (1.21 periods), wall: 10.858 minutes, Δt:   1.21, CFL: 7.20e-01
i:  41500, t:   76335.6 s, ωt:   7.63 (1.21 periods), wall: 10.881 minutes, Δt:   1.31, CFL: 7.20e-01
i:  41600, t:   76461.9 s, ωt:   7.65 (1.22 periods), wall: 10.905 minutes, Δt:   1.20, CFL: 7.20e-01
i:  41700, t:   76585.6 s, ωt:   7.66 (1.22 periods), wall: 10.929 minutes, Δt:   1.37, CFL: 7.20e-01
i:  41800, t:   76719.1 s, ωt:   7.67 (1.22 periods), wall: 10.954 minutes, Δt:   1.15, CFL: 7.20e-01
i:  41900, t:   76842.3 s, ωt:   7.68 (1.22 periods), wall: 10.978 minutes, Δt:   1.14, CFL: 7.20e-01
i:  42000, t:   76956.1 s, ωt:   7.70 (1.22 periods), wall: 11.003 minutes, Δt:   1.28, CFL: 7.20e-01
i:  42100, t:   77078.5 s, ωt:   7.71 (1.23 periods), wall: 11.028 minutes, Δt:   1.26, CFL: 7.20e-01
i:  42200, t:   77202.7 s, ωt:   7.72 (1.23 periods), wall: 11.052 minutes, Δt:   1.05, CFL: 7.20e-01
i:  42300, t:   77308.9 s, ωt:   7.73 (1.23 periods), wall: 11.077 minutes, Δt:   1.14, CFL: 7.20e-01
i:  42400, t:   77422.8 s, ωt:   7.74 (1.23 periods), wall: 11.102 minutes, Δt:   1.16, CFL: 7.20e-01
i:  42500, t:   77543.8 s, ωt:   7.75 (1.23 periods), wall: 11.126 minutes, Δt:   1.33, CFL: 7.20e-01
i:  42600, t:   77670.7 s, ωt:   7.77 (1.24 periods), wall: 11.151 minutes, Δt:   1.19, CFL: 7.20e-01
i:  42700, t:   77805.9 s, ωt:   7.78 (1.24 periods), wall: 11.176 minutes, Δt:   1.40, CFL: 7.20e-01
i:  42800, t:   77933.7 s, ωt:   7.79 (1.24 periods), wall: 11.201 minutes, Δt:   1.29, CFL: 7.20e-01
i:  42900, t:   78057.3 s, ωt:   7.81 (1.24 periods), wall: 11.226 minutes, Δt:   1.21, CFL: 7.20e-01
i:  43000, t:   78181.1 s, ωt:   7.82 (1.24 periods), wall: 11.251 minutes, Δt:   1.27, CFL: 7.20e-01
i:  43100, t:   78314.7 s, ωt:   7.83 (1.25 periods), wall: 11.275 minutes, Δt:   1.23, CFL: 7.20e-01
i:  43200, t:   78442.2 s, ωt:   7.84 (1.25 periods), wall: 11.300 minutes, Δt:   1.15, CFL: 7.20e-01
i:  43300, t:   78563.4 s, ωt:   7.86 (1.25 periods), wall: 11.324 minutes, Δt:   1.29, CFL: 7.20e-01
i:  43400, t:   78693.7 s, ωt:   7.87 (1.25 periods), wall: 11.349 minutes, Δt:   1.22, CFL: 7.20e-01
i:  43500, t:   78815.6 s, ωt:   7.88 (1.25 periods), wall: 11.374 minutes, Δt:   1.19, CFL: 7.20e-01
i:  43600, t:   78935.1 s, ωt:   7.89 (1.26 periods), wall: 11.399 minutes, Δt:   1.27, CFL: 7.20e-01
i:  43700, t:   79050.1 s, ωt:   7.91 (1.26 periods), wall: 11.423 minutes, Δt:   1.33, CFL: 7.20e-01
i:  43800, t:   79164.6 s, ωt:   7.92 (1.26 periods), wall: 11.447 minutes, Δt:   1.38, CFL: 7.20e-01
i:  43900, t:   79305.3 s, ωt:   7.93 (1.26 periods), wall: 11.472 minutes, Δt:   1.47, CFL: 7.20e-01
i:  44000, t:   79445.6 s, ωt:   7.94 (1.26 periods), wall: 11.497 minutes, Δt:   1.47, CFL: 7.20e-01
i:  44100, t:   79571.3 s, ωt:   7.96 (1.27 periods), wall: 11.522 minutes, Δt:   1.31, CFL: 7.20e-01
i:  44200, t:   79694.6 s, ωt:   7.97 (1.27 periods), wall: 11.546 minutes, Δt:   1.33, CFL: 7.20e-01
i:  44300, t:   79819.5 s, ωt:   7.98 (1.27 periods), wall: 11.570 minutes, Δt:   1.45, CFL: 7.20e-01
i:  44400, t:   79963.4 s, ωt:   8.00 (1.27 periods), wall: 11.595 minutes, Δt:   1.48, CFL: 7.20e-01
i:  44500, t:   80084.7 s, ωt:   8.01 (1.27 periods), wall: 11.620 minutes, Δt:   1.36, CFL: 7.20e-01
i:  44600, t:   80216.7 s, ωt:   8.02 (1.28 periods), wall: 11.644 minutes, Δt:   1.54, CFL: 7.20e-01
i:  44700, t:   80356.2 s, ωt:   8.04 (1.28 periods), wall: 11.669 minutes, Δt:   1.15, CFL: 7.20e-01
i:  44800, t:   80484.7 s, ωt:   8.05 (1.28 periods), wall: 11.694 minutes, Δt:   1.45, CFL: 7.20e-01
i:  44900, t:   80622.1 s, ωt:   8.06 (1.28 periods), wall: 11.718 minutes, Δt:   1.26, CFL: 7.20e-01
i:  45000, t:   80761.5 s, ωt:   8.08 (1.29 periods), wall: 11.743 minutes, Δt:   1.58, CFL: 7.20e-01
i:  45100, t:   80896.0 s, ωt:   8.09 (1.29 periods), wall: 11.768 minutes, Δt:   1.11, CFL: 7.20e-01
i:  45200, t:   81031.5 s, ωt:   8.10 (1.29 periods), wall: 11.792 minutes, Δt:   1.52, CFL: 7.20e-01
i:  45300, t:   81170.8 s, ωt:   8.12 (1.29 periods), wall: 11.817 minutes, Δt:   1.21, CFL: 7.20e-01
i:  45400, t:   81307.8 s, ωt:   8.13 (1.29 periods), wall: 11.842 minutes, Δt:   1.29, CFL: 7.20e-01
i:  45500, t:   81448.7 s, ωt:   8.14 (1.30 periods), wall: 11.866 minutes, Δt:   1.64, CFL: 7.20e-01
i:  45600, t:   81600.2 s, ωt:   8.16 (1.30 periods), wall: 11.891 minutes, Δt:   1.63, CFL: 7.20e-01
i:  45700, t:   81738.9 s, ωt:   8.17 (1.30 periods), wall: 11.916 minutes, Δt:   1.33, CFL: 7.20e-01
i:  45800, t:   81880.3 s, ωt:   8.19 (1.30 periods), wall: 11.941 minutes, Δt:   1.45, CFL: 7.20e-01
i:  45900, t:   82027.3 s, ωt:   8.20 (1.31 periods), wall: 11.966 minutes, Δt:   1.40, CFL: 7.20e-01
i:  46000, t:   82163.6 s, ωt:   8.22 (1.31 periods), wall: 11.990 minutes, Δt:   1.47, CFL: 7.20e-01
i:  46100, t:   82295.4 s, ωt:   8.23 (1.31 periods), wall: 12.015 minutes, Δt:   1.47, CFL: 7.20e-01
i:  46200, t:   82428.0 s, ωt:   8.24 (1.31 periods), wall: 12.040 minutes, Δt:   1.11, CFL: 7.20e-01
i:  46300, t:   82560.3 s, ωt:   8.26 (1.31 periods), wall: 12.064 minutes, Δt:   1.49, CFL: 7.20e-01
i:  46400, t:   82713.0 s, ωt:   8.27 (1.32 periods), wall: 12.089 minutes, Δt:   1.18, CFL: 7.20e-01
i:  46500, t:   82847.2 s, ωt:   8.28 (1.32 periods), wall: 12.114 minutes, Δt:   1.55, CFL: 7.20e-01
i:  46600, t:   83006.2 s, ωt:   8.30 (1.32 periods), wall: 12.138 minutes, Δt:   1.66, CFL: 7.20e-01
i:  46700, t:   83163.6 s, ωt:   8.32 (1.32 periods), wall: 12.163 minutes, Δt:   1.66, CFL: 7.20e-01
i:  46800, t:   83316.9 s, ωt:   8.33 (1.33 periods), wall: 12.188 minutes, Δt:   1.51, CFL: 7.20e-01
i:  46900, t:   83476.2 s, ωt:   8.35 (1.33 periods), wall: 12.213 minutes, Δt:   1.53, CFL: 7.20e-01
i:  47000, t:   83604.2 s, ωt:   8.36 (1.33 periods), wall: 12.237 minutes, Δt:   1.56, CFL: 7.20e-01
i:  47100, t:   83755.3 s, ωt:   8.38 (1.33 periods), wall: 12.262 minutes, Δt:   1.35, CFL: 7.20e-01
i:  47200, t:   83889.4 s, ωt:   8.39 (1.34 periods), wall: 12.286 minutes, Δt:   1.48, CFL: 7.20e-01
i:  47300, t:   84039.6 s, ωt:   8.40 (1.34 periods), wall: 12.310 minutes, Δt:   1.54, CFL: 7.20e-01
i:  47400, t:   84194.3 s, ωt:   8.42 (1.34 periods), wall: 12.335 minutes, Δt:   1.38, CFL: 7.20e-01
i:  47500, t:   84355.4 s, ωt:   8.44 (1.34 periods), wall: 12.359 minutes, Δt:   1.77, CFL: 7.20e-01
i:  47600, t:   84519.9 s, ωt:   8.45 (1.35 periods), wall: 12.384 minutes, Δt:   1.65, CFL: 7.20e-01
i:  47700, t:   84663.3 s, ωt:   8.47 (1.35 periods), wall: 12.408 minutes, Δt:   1.38, CFL: 7.20e-01
i:  47800, t:   84810.0 s, ωt:   8.48 (1.35 periods), wall: 12.433 minutes, Δt:   1.54, CFL: 7.20e-01
i:  47900, t:   84965.1 s, ωt:   8.50 (1.35 periods), wall: 12.457 minutes, Δt:   1.77, CFL: 7.20e-01
i:  48000, t:   85129.0 s, ωt:   8.51 (1.35 periods), wall: 12.482 minutes, Δt:   1.75, CFL: 7.20e-01
i:  48100, t:   85313.8 s, ωt:   8.53 (1.36 periods), wall: 12.506 minutes, Δt:   2.02, CFL: 7.20e-01
i:  48200, t:   85514.3 s, ωt:   8.55 (1.36 periods), wall: 12.530 minutes, Δt:   1.73, CFL: 7.20e-01
i:  48300, t:   85696.1 s, ωt:   8.57 (1.36 periods), wall: 12.555 minutes, Δt:   2.02, CFL: 7.20e-01
i:  48400, t:   85889.3 s, ωt:   8.59 (1.37 periods), wall: 12.580 minutes, Δt:   1.90, CFL: 7.20e-01
i:  48500, t:   86087.4 s, ωt:   8.61 (1.37 periods), wall: 12.605 minutes, Δt:   1.77, CFL: 7.20e-01
i:  48600, t:   86287.2 s, ωt:   8.63 (1.37 periods), wall: 12.630 minutes, Δt:   1.85, CFL: 7.20e-01
i:  48700, t:   86462.6 s, ωt:   8.65 (1.38 periods), wall: 12.655 minutes, Δt:   2.03, CFL: 7.20e-01
i:  48800, t:   86674.1 s, ωt:   8.67 (1.38 periods), wall: 12.679 minutes, Δt:   2.14, CFL: 7.20e-01
i:  48900, t:   86877.1 s, ωt:   8.69 (1.38 periods), wall: 12.704 minutes, Δt:   2.15, CFL: 7.20e-01
i:  49000, t:   87085.6 s, ωt:   8.71 (1.39 periods), wall: 12.729 minutes, Δt:   2.09, CFL: 7.20e-01
i:  49100, t:   87294.9 s, ωt:   8.73 (1.39 periods), wall: 12.753 minutes, Δt:   2.28, CFL: 7.20e-01
i:  49200, t:   87503.4 s, ωt:   8.75 (1.39 periods), wall: 12.778 minutes, Δt:   2.39, CFL: 7.20e-01
i:  49300, t:   87729.9 s, ωt:   8.77 (1.40 periods), wall: 12.803 minutes, Δt:   1.97, CFL: 7.20e-01
i:  49400, t:   87943.3 s, ωt:   8.79 (1.40 periods), wall: 12.827 minutes, Δt:   1.98, CFL: 7.20e-01
i:  49500, t:   88157.1 s, ωt:   8.82 (1.40 periods), wall: 12.852 minutes, Δt:   2.14, CFL: 7.20e-01
i:  49600, t:   88397.5 s, ωt:   8.84 (1.41 periods), wall: 12.877 minutes, Δt:   2.71, CFL: 7.20e-01
i:  49700, t:   88677.8 s, ωt:   8.87 (1.41 periods), wall: 12.902 minutes, Δt:   2.92, CFL: 7.20e-01
i:  49800, t:   88957.6 s, ωt:   8.90 (1.42 periods), wall: 12.927 minutes, Δt:   2.19, CFL: 7.20e-01
i:  49900, t:   89221.2 s, ωt:   8.92 (1.42 periods), wall: 12.951 minutes, Δt:   2.53, CFL: 7.20e-01
i:  50000, t:   89502.0 s, ωt:   8.95 (1.42 periods), wall: 12.976 minutes, Δt:   2.77, CFL: 7.20e-01
i:  50100, t:   89785.9 s, ωt:   8.98 (1.43 periods), wall: 13.001 minutes, Δt:   3.43, CFL: 7.20e-01
i:  50200, t:   90085.7 s, ωt:   9.01 (1.43 periods), wall: 13.026 minutes, Δt:   3.46, CFL: 7.20e-01
i:  50300, t:   90444.2 s, ωt:   9.04 (1.44 periods), wall: 13.051 minutes, Δt:   3.57, CFL: 7.20e-01
i:  50400, t:   90849.9 s, ωt:   9.08 (1.45 periods), wall: 13.076 minutes, Δt:   4.21, CFL: 7.20e-01
i:  50500, t:   91341.9 s, ωt:   9.13 (1.45 periods), wall: 13.101 minutes, Δt:   5.40, CFL: 7.20e-01
i:  50600, t:   91857.6 s, ωt:   9.19 (1.46 periods), wall: 13.125 minutes, Δt:   6.31, CFL: 7.20e-01
i:  50700, t:   92446.6 s, ωt:   9.24 (1.47 periods), wall: 13.150 minutes, Δt:   6.21, CFL: 7.20e-01
i:  50800, t:   93100.5 s, ωt:   9.31 (1.48 periods), wall: 13.175 minutes, Δt:   6.10, CFL: 7.20e-01
i:  50900, t:   93714.0 s, ωt:   9.37 (1.49 periods), wall: 13.201 minutes, Δt:   6.86, CFL: 7.20e-01
i:  51000, t:   94371.9 s, ωt:   9.44 (1.50 periods), wall: 13.226 minutes, Δt:   6.77, CFL: 7.20e-01
i:  51100, t:   95037.9 s, ωt:   9.50 (1.51 periods), wall: 13.251 minutes, Δt:   6.19, CFL: 7.20e-01
i:  51200, t:   95577.6 s, ωt:   9.56 (1.52 periods), wall: 13.276 minutes, Δt:   5.26, CFL: 7.20e-01
i:  51300, t:   96121.3 s, ωt:   9.61 (1.53 periods), wall: 13.301 minutes, Δt:   4.96, CFL: 7.20e-01
i:  51400, t:   96567.9 s, ωt:   9.66 (1.54 periods), wall: 13.326 minutes, Δt:   4.27, CFL: 7.20e-01
i:  51500, t:   96989.9 s, ωt:   9.70 (1.54 periods), wall: 13.351 minutes, Δt:   4.01, CFL: 7.20e-01
i:  51600, t:   97349.1 s, ωt:   9.73 (1.55 periods), wall: 13.376 minutes, Δt:   2.59, CFL: 7.20e-01
i:  51700, t:   97626.2 s, ωt:   9.76 (1.55 periods), wall: 13.401 minutes, Δt:   2.98, CFL: 7.20e-01
i:  51800, t:   97907.2 s, ωt:   9.79 (1.56 periods), wall: 13.425 minutes, Δt:   2.82, CFL: 7.20e-01
i:  51900, t:   98140.8 s, ωt:   9.81 (1.56 periods), wall: 13.451 minutes, Δt:   2.55, CFL: 7.20e-01
i:  52000, t:   98347.4 s, ωt:   9.83 (1.57 periods), wall: 13.474 minutes, Δt:   1.81, CFL: 7.20e-01
i:  52100, t:   98559.6 s, ωt:   9.86 (1.57 periods), wall: 13.499 minutes, Δt:   2.07, CFL: 7.20e-01
i:  52200, t:   98760.3 s, ωt:   9.88 (1.57 periods), wall: 13.524 minutes, Δt:   2.21, CFL: 7.20e-01
i:  52300, t:   98960.2 s, ωt:   9.90 (1.57 periods), wall: 13.548 minutes, Δt:   1.85, CFL: 7.20e-01
i:  52400, t:   99142.8 s, ωt:   9.91 (1.58 periods), wall: 13.573 minutes, Δt:   1.90, CFL: 7.20e-01
i:  52500, t:   99308.9 s, ωt:   9.93 (1.58 periods), wall: 13.598 minutes, Δt:   1.97, CFL: 7.20e-01
i:  52600, t:   99478.7 s, ωt:   9.95 (1.58 periods), wall: 13.622 minutes, Δt:   1.74, CFL: 7.20e-01
i:  52700, t:   99652.2 s, ωt:   9.97 (1.59 periods), wall: 13.646 minutes, Δt:   1.76, CFL: 7.20e-01
i:  52800, t:   99809.7 s, ωt:   9.98 (1.59 periods), wall: 13.671 minutes, Δt:   1.51, CFL: 7.20e-01
i:  52900, t:   99973.8 s, ωt:  10.00 (1.59 periods), wall: 13.696 minutes, Δt:   1.48, CFL: 7.20e-01
i:  53000, t:  100118.3 s, ωt:  10.01 (1.59 periods), wall: 13.721 minutes, Δt:   1.45, CFL: 7.20e-01
i:  53100, t:  100268.2 s, ωt:  10.03 (1.60 periods), wall: 13.746 minutes, Δt:   1.67, CFL: 7.20e-01
i:  53200, t:  100428.3 s, ωt:  10.04 (1.60 periods), wall: 13.770 minutes, Δt:   1.67, CFL: 7.20e-01
i:  53300, t:  100578.4 s, ωt:  10.06 (1.60 periods), wall: 13.795 minutes, Δt:   1.48, CFL: 7.20e-01
i:  53400, t:  100731.9 s, ωt:  10.07 (1.60 periods), wall: 13.820 minutes, Δt:   1.27, CFL: 7.20e-01
i:  53500, t:  100881.8 s, ωt:  10.09 (1.61 periods), wall: 13.845 minutes, Δt:   1.73, CFL: 7.20e-01
i:  53600, t:  101035.5 s, ωt:  10.10 (1.61 periods), wall: 13.870 minutes, Δt:   1.62, CFL: 7.20e-01
i:  53700, t:  101199.3 s, ωt:  10.12 (1.61 periods), wall: 13.895 minutes, Δt:   1.67, CFL: 7.20e-01
i:  53800, t:  101348.2 s, ωt:  10.13 (1.61 periods), wall: 13.920 minutes, Δt:   1.63, CFL: 7.20e-01
i:  53900, t:  101505.5 s, ωt:  10.15 (1.62 periods), wall: 13.944 minutes, Δt:   1.62, CFL: 7.20e-01
i:  54000, t:  101675.6 s, ωt:  10.17 (1.62 periods), wall: 13.969 minutes, Δt:   1.62, CFL: 7.20e-01
i:  54100, t:  101823.3 s, ωt:  10.18 (1.62 periods), wall: 13.994 minutes, Δt:   1.35, CFL: 7.20e-01
i:  54200, t:  101973.4 s, ωt:  10.20 (1.62 periods), wall: 14.019 minutes, Δt:   1.58, CFL: 7.20e-01
i:  54300, t:  102135.1 s, ωt:  10.21 (1.63 periods), wall: 14.043 minutes, Δt:   1.47, CFL: 7.20e-01
i:  54400, t:  102273.9 s, ωt:  10.23 (1.63 periods), wall: 14.068 minutes, Δt:   1.44, CFL: 7.20e-01
i:  54500, t:  102424.9 s, ωt:  10.24 (1.63 periods), wall: 14.093 minutes, Δt:   1.53, CFL: 7.20e-01
i:  54600, t:  102584.3 s, ωt:  10.26 (1.63 periods), wall: 14.118 minutes, Δt:   1.55, CFL: 7.20e-01
i:  54700, t:  102731.6 s, ωt:  10.27 (1.64 periods), wall: 14.142 minutes, Δt:   1.48, CFL: 7.20e-01
i:  54800, t:  102874.6 s, ωt:  10.29 (1.64 periods), wall: 14.167 minutes, Δt:   1.32, CFL: 7.20e-01
i:  54900, t:  103006.6 s, ωt:  10.30 (1.64 periods), wall: 14.192 minutes, Δt:   1.44, CFL: 7.20e-01
i:  55000, t:  103130.8 s, ωt:  10.31 (1.64 periods), wall: 14.217 minutes, Δt:   1.32, CFL: 7.20e-01
i:  55100, t:  103267.8 s, ωt:  10.33 (1.64 periods), wall: 14.241 minutes, Δt:   1.23, CFL: 7.20e-01
i:  55200, t:  103396.1 s, ωt:  10.34 (1.65 periods), wall: 14.266 minutes, Δt:   1.35, CFL: 7.20e-01
i:  55300, t:  103530.8 s, ωt:  10.35 (1.65 periods), wall: 14.291 minutes, Δt:   1.28, CFL: 7.20e-01
i:  55400, t:  103657.5 s, ωt:  10.37 (1.65 periods), wall: 14.316 minutes, Δt:   1.16, CFL: 7.20e-01
i:  55500, t:  103778.4 s, ωt:  10.38 (1.65 periods), wall: 14.341 minutes, Δt:   1.28, CFL: 7.20e-01
i:  55600, t:  103904.3 s, ωt:  10.39 (1.65 periods), wall: 14.365 minutes, Δt:   1.44, CFL: 7.20e-01
i:  55700, t:  104032.7 s, ωt:  10.40 (1.66 periods), wall: 14.390 minutes, Δt:   1.32, CFL: 7.20e-01
i:  55800, t:  104162.3 s, ωt:  10.42 (1.66 periods), wall: 14.415 minutes, Δt:   1.09, CFL: 7.20e-01
i:  55900, t:  104274.5 s, ωt:  10.43 (1.66 periods), wall: 14.440 minutes, Δt:   1.19, CFL: 7.20e-01
i:  56000, t:  104404.1 s, ωt:  10.44 (1.66 periods), wall: 14.464 minutes, Δt:   1.15, CFL: 7.20e-01
i:  56100, t:  104520.4 s, ωt:  10.45 (1.66 periods), wall: 14.489 minutes, Δt:   1.24, CFL: 7.20e-01
i:  56200, t:  104654.3 s, ωt:  10.47 (1.67 periods), wall: 14.514 minutes, Δt:   1.28, CFL: 7.20e-01
i:  56300, t:  104779.1 s, ωt:  10.48 (1.67 periods), wall: 14.538 minutes, Δt:   1.24, CFL: 7.20e-01
i:  56400, t:  104909.8 s, ωt:  10.49 (1.67 periods), wall: 14.563 minutes, Δt:   1.19, CFL: 7.20e-01
i:  56500, t:  105025.7 s, ωt:  10.50 (1.67 periods), wall: 14.588 minutes, Δt:   1.11, CFL: 7.20e-01
i:  56600, t:  105151.7 s, ωt:  10.52 (1.67 periods), wall: 14.613 minutes, Δt:   1.24, CFL: 7.20e-01
i:  56700, t:  105273.8 s, ωt:  10.53 (1.68 periods), wall: 14.637 minutes, Δt:   1.31, CFL: 7.20e-01
i:  56800, t:  105405.8 s, ωt:  10.54 (1.68 periods), wall: 14.662 minutes, Δt:   1.37, CFL: 7.20e-01
i:  56900, t:  105527.7 s, ωt:  10.55 (1.68 periods), wall: 14.687 minutes, Δt:   1.31, CFL: 7.20e-01
i:  57000, t:  105637.5 s, ωt:  10.56 (1.68 periods), wall: 14.712 minutes, Δt:   1.09, CFL: 7.20e-01
i:  57100, t:  105748.0 s, ωt:  10.57 (1.68 periods), wall: 14.737 minutes, Δt:   1.08, CFL: 7.20e-01
i:  57200, t:  105861.5 s, ωt:  10.59 (1.68 periods), wall: 14.761 minutes, Δt:   1.15, CFL: 7.20e-01
i:  57300, t:  105977.1 s, ωt:  10.60 (1.69 periods), wall: 14.786 minutes, Δt:   1.14, CFL: 7.20e-01
i:  57400, t:  106085.3 s, ωt:  10.61 (1.69 periods), wall: 14.810 minutes, Δt:   1.11, CFL: 7.20e-01
i:  57500, t:  106198.0 s, ωt:  10.62 (1.69 periods), wall: 14.835 minutes, Δt:   1.27, CFL: 7.20e-01
i:  57600, t:  106319.5 s, ωt:  10.63 (1.69 periods), wall: 14.858 minutes, Δt:   1.04, CFL: 7.20e-01
i:  57700, t:  106427.1 s, ωt:  10.64 (1.69 periods), wall: 14.883 minutes, Δt:   1.06, CFL: 7.20e-01
i:  57800, t:  106540.2 s, ωt:  10.65 (1.70 periods), wall: 14.907 minutes, Δt:   1.02, CFL: 7.20e-01
i:  57900, t:  106656.3 s, ωt:  10.67 (1.70 periods), wall: 14.931 minutes, Δt:   1.21, CFL: 7.20e-01
i:  58000, t:  106764.2 s, ωt:  10.68 (1.70 periods), wall: 14.956 minutes, Δt:   1.13, CFL: 7.20e-01
i:  58100, t:  106888.4 s, ωt:  10.69 (1.70 periods), wall: 14.980 minutes, Δt:   1.36, CFL: 7.20e-01
i:  58200, t:  107016.4 s, ωt:  10.70 (1.70 periods), wall: 15.005 minutes, Δt:   1.31, CFL: 7.20e-01
i:  58300, t:  107138.5 s, ωt:  10.71 (1.71 periods), wall: 15.030 minutes, Δt:   1.18, CFL: 7.20e-01
i:  58400, t:  107251.4 s, ωt:  10.73 (1.71 periods), wall: 15.055 minutes, Δt:   1.36, CFL: 7.20e-01
i:  58500, t:  107380.1 s, ωt:  10.74 (1.71 periods), wall: 15.079 minutes, Δt:   1.32, CFL: 7.20e-01
i:  58600, t:  107505.1 s, ωt:  10.75 (1.71 periods), wall: 15.104 minutes, Δt:   1.17, CFL: 7.20e-01
i:  58700, t:  107614.3 s, ωt:  10.76 (1.71 periods), wall: 15.129 minutes, Δt:   1.23, CFL: 7.20e-01
i:  58800, t:  107728.8 s, ωt:  10.77 (1.71 periods), wall: 15.153 minutes, Δt:   1.14, CFL: 7.20e-01
i:  58900, t:  107836.2 s, ωt:  10.78 (1.72 periods), wall: 15.178 minutes, Δt:   1.01, CFL: 7.20e-01
i:  59000, t:  107956.7 s, ωt:  10.80 (1.72 periods), wall: 15.203 minutes, Δt:   1.21, CFL: 7.20e-01
i:  59100, t:  108067.9 s, ωt:  10.81 (1.72 periods), wall: 15.228 minutes, Δt:   1.14, CFL: 7.20e-01
i:  59200, t:  108170.8 s, ωt:  10.82 (1.72 periods), wall: 15.253 minutes, Δt:   1.14, CFL: 7.20e-01
i:  59300, t:  108285.1 s, ωt:  10.83 (1.72 periods), wall: 15.277 minutes, Δt:   1.01, CFL: 7.20e-01
i:  59400, t:  108400.4 s, ωt:  10.84 (1.73 periods), wall: 15.302 minutes, Δt:   1.35, CFL: 7.20e-01
i:  59500, t:  108522.9 s, ωt:  10.85 (1.73 periods), wall: 15.327 minutes, Δt:   1.09, CFL: 7.20e-01
i:  59600, t:  108642.1 s, ωt:  10.86 (1.73 periods), wall: 15.352 minutes, Δt:   1.27, CFL: 7.20e-01
i:  59700, t:  108768.2 s, ωt:  10.88 (1.73 periods), wall: 15.376 minutes, Δt:   1.36, CFL: 7.20e-01
i:  59800, t:  108876.4 s, ωt:  10.89 (1.73 periods), wall: 15.401 minutes, Δt:   1.10, CFL: 7.20e-01
i:  59900, t:  108995.4 s, ωt:  10.90 (1.73 periods), wall: 15.425 minutes, Δt:   1.07, CFL: 7.20e-01
i:  60000, t:  109113.4 s, ωt:  10.91 (1.74 periods), wall: 15.450 minutes, Δt:   1.20, CFL: 7.20e-01
i:  60100, t:  109227.4 s, ωt:  10.92 (1.74 periods), wall: 15.475 minutes, Δt:   1.13, CFL: 7.20e-01
i:  60200, t:  109342.8 s, ωt:  10.93 (1.74 periods), wall: 15.500 minutes, Δt:   1.37, CFL: 7.20e-01
i:  60300, t:  109448.8 s, ωt:  10.94 (1.74 periods), wall: 15.524 minutes, Δt:   1.04, CFL: 7.20e-01
i:  60400, t:  109557.8 s, ωt:  10.96 (1.74 periods), wall: 15.548 minutes, Δt:   1.02, CFL: 7.20e-01
i:  60500, t:  109676.7 s, ωt:  10.97 (1.75 periods), wall: 15.573 minutes, Δt:   1.30, CFL: 7.20e-01
i:  60600, t:  109800.3 s, ωt:  10.98 (1.75 periods), wall: 15.597 minutes, Δt:   1.10, CFL: 7.20e-01
i:  60700, t:  109919.8 s, ωt:  10.99 (1.75 periods), wall: 15.622 minutes, Δt:   1.34, CFL: 7.20e-01
i:  60800, t:  110051.3 s, ωt:  11.01 (1.75 periods), wall: 15.646 minutes, Δt:   1.15, CFL: 7.20e-01
i:  60900, t:  110167.7 s, ωt:  11.02 (1.75 periods), wall: 15.670 minutes, Δt:   1.26, CFL: 7.20e-01
i:  61000, t:  110281.0 s, ωt:  11.03 (1.76 periods), wall: 15.695 minutes, Δt:   0.98, CFL: 7.20e-01
i:  61100, t:  110391.3 s, ωt:  11.04 (1.76 periods), wall: 15.720 minutes, Δt:   1.21, CFL: 7.20e-01
i:  61200, t:  110502.3 s, ωt:  11.05 (1.76 periods), wall: 15.745 minutes, Δt:   1.24, CFL: 7.20e-01
i:  61300, t:  110617.8 s, ωt:  11.06 (1.76 periods), wall: 15.769 minutes, Δt:   1.29, CFL: 7.20e-01
i:  61400, t:  110741.9 s, ωt:  11.07 (1.76 periods), wall: 15.794 minutes, Δt:   1.38, CFL: 7.20e-01
i:  61500, t:  110873.7 s, ωt:  11.09 (1.76 periods), wall: 15.819 minutes, Δt:   1.38, CFL: 7.20e-01
i:  61600, t:  111000.1 s, ωt:  11.10 (1.77 periods), wall: 15.844 minutes, Δt:   1.15, CFL: 7.20e-01
i:  61700, t:  111124.6 s, ωt:  11.11 (1.77 periods), wall: 15.868 minutes, Δt:   1.18, CFL: 7.20e-01
i:  61800, t:  111249.3 s, ωt:  11.12 (1.77 periods), wall: 15.893 minutes, Δt:   1.25, CFL: 7.20e-01
i:  61900, t:  111376.4 s, ωt:  11.14 (1.77 periods), wall: 15.918 minutes, Δt:   1.42, CFL: 7.20e-01
i:  62000, t:  111511.2 s, ωt:  11.15 (1.77 periods), wall: 15.943 minutes, Δt:   1.44, CFL: 7.20e-01
i:  62100, t:  111641.6 s, ωt:  11.16 (1.78 periods), wall: 15.967 minutes, Δt:   1.15, CFL: 7.20e-01
i:  62200, t:  111762.6 s, ωt:  11.18 (1.78 periods), wall: 15.992 minutes, Δt:   1.20, CFL: 7.20e-01
i:  62300, t:  111888.4 s, ωt:  11.19 (1.78 periods), wall: 16.017 minutes, Δt:   1.29, CFL: 7.20e-01
i:  62400, t:  112013.6 s, ωt:  11.20 (1.78 periods), wall: 16.042 minutes, Δt:   1.34, CFL: 7.20e-01
i:  62500, t:  112134.5 s, ωt:  11.21 (1.78 periods), wall: 16.066 minutes, Δt:   1.14, CFL: 7.20e-01
i:  62600, t:  112262.4 s, ωt:  11.23 (1.79 periods), wall: 16.091 minutes, Δt:   1.32, CFL: 7.20e-01
i:  62700, t:  112385.5 s, ωt:  11.24 (1.79 periods), wall: 16.115 minutes, Δt:   1.25, CFL: 7.20e-01
i:  62800, t:  112515.4 s, ωt:  11.25 (1.79 periods), wall: 16.139 minutes, Δt:   1.28, CFL: 7.20e-01
i:  62900, t:  112638.2 s, ωt:  11.26 (1.79 periods), wall: 16.162 minutes, Δt:   1.21, CFL: 7.20e-01
i:  63000, t:  112759.2 s, ωt:  11.28 (1.79 periods), wall: 16.185 minutes, Δt:   1.01, CFL: 7.20e-01
i:  63100, t:  112878.0 s, ωt:  11.29 (1.80 periods), wall: 16.209 minutes, Δt:   1.18, CFL: 7.20e-01
i:  63200, t:  113002.2 s, ωt:  11.30 (1.80 periods), wall: 16.234 minutes, Δt:   1.16, CFL: 7.20e-01
i:  63300, t:  113130.7 s, ωt:  11.31 (1.80 periods), wall: 16.259 minutes, Δt:   1.44, CFL: 7.20e-01
i:  63400, t:  113269.4 s, ωt:  11.33 (1.80 periods), wall: 16.284 minutes, Δt:   1.26, CFL: 7.20e-01
i:  63500, t:  113397.2 s, ωt:  11.34 (1.80 periods), wall: 16.307 minutes, Δt:   1.43, CFL: 7.20e-01
i:  63600, t:  113545.3 s, ωt:  11.35 (1.81 periods), wall: 16.332 minutes, Δt:   1.36, CFL: 7.20e-01
i:  63700, t:  113684.2 s, ωt:  11.37 (1.81 periods), wall: 16.357 minutes, Δt:   1.45, CFL: 7.20e-01
i:  63800, t:  113824.5 s, ωt:  11.38 (1.81 periods), wall: 16.381 minutes, Δt:   1.43, CFL: 7.20e-01
i:  63900, t:  113993.0 s, ωt:  11.40 (1.81 periods), wall: 16.405 minutes, Δt:   1.69, CFL: 7.20e-01
i:  64000, t:  114143.1 s, ωt:  11.41 (1.82 periods), wall: 16.429 minutes, Δt:   1.50, CFL: 7.20e-01
i:  64100, t:  114285.7 s, ωt:  11.43 (1.82 periods), wall: 16.453 minutes, Δt:   1.42, CFL: 7.20e-01
i:  64200, t:  114443.7 s, ωt:  11.44 (1.82 periods), wall: 16.478 minutes, Δt:   1.52, CFL: 7.20e-01
i:  64300, t:  114583.6 s, ωt:  11.46 (1.82 periods), wall: 16.502 minutes, Δt:   1.39, CFL: 7.20e-01
i:  64400, t:  114720.2 s, ωt:  11.47 (1.83 periods), wall: 16.527 minutes, Δt:   1.66, CFL: 7.20e-01
i:  64500, t:  114878.7 s, ωt:  11.49 (1.83 periods), wall: 16.551 minutes, Δt:   1.51, CFL: 7.20e-01
i:  64600, t:  115032.0 s, ωt:  11.50 (1.83 periods), wall: 16.576 minutes, Δt:   1.58, CFL: 7.20e-01
i:  64700, t:  115182.8 s, ωt:  11.52 (1.83 periods), wall: 16.601 minutes, Δt:   1.74, CFL: 7.20e-01
i:  64800, t:  115328.9 s, ωt:  11.53 (1.84 periods), wall: 16.625 minutes, Δt:   1.39, CFL: 7.20e-01
i:  64900, t:  115480.4 s, ωt:  11.55 (1.84 periods), wall: 16.650 minutes, Δt:   1.60, CFL: 7.20e-01
i:  65000, t:  115642.9 s, ωt:  11.56 (1.84 periods), wall: 16.675 minutes, Δt:   1.79, CFL: 7.20e-01
i:  65100, t:  115816.3 s, ωt:  11.58 (1.84 periods), wall: 16.698 minutes, Δt:   1.65, CFL: 7.20e-01
i:  65200, t:  115968.7 s, ωt:  11.60 (1.85 periods), wall: 16.723 minutes, Δt:   1.66, CFL: 7.20e-01
i:  65300, t:  116144.1 s, ωt:  11.61 (1.85 periods), wall: 16.748 minutes, Δt:   1.86, CFL: 7.20e-01
i:  65400, t:  116322.2 s, ωt:  11.63 (1.85 periods), wall: 16.772 minutes, Δt:   1.70, CFL: 7.20e-01
i:  65500, t:  116478.7 s, ωt:  11.65 (1.85 periods), wall: 16.797 minutes, Δt:   1.81, CFL: 7.20e-01
i:  65600, t:  116642.5 s, ωt:  11.66 (1.86 periods), wall: 16.822 minutes, Δt:   1.69, CFL: 7.20e-01
i:  65700, t:  116802.5 s, ωt:  11.68 (1.86 periods), wall: 16.847 minutes, Δt:   1.50, CFL: 7.20e-01
i:  65800, t:  116942.6 s, ωt:  11.69 (1.86 periods), wall: 16.872 minutes, Δt:   1.38, CFL: 7.20e-01
i:  65900, t:  117102.1 s, ωt:  11.71 (1.86 periods), wall: 16.896 minutes, Δt:   1.72, CFL: 7.20e-01
i:  66000, t:  117278.2 s, ωt:  11.73 (1.87 periods), wall: 16.921 minutes, Δt:   1.76, CFL: 7.20e-01
i:  66100, t:  117445.1 s, ωt:  11.74 (1.87 periods), wall: 16.946 minutes, Δt:   1.72, CFL: 7.20e-01
i:  66200, t:  117609.3 s, ωt:  11.76 (1.87 periods), wall: 16.970 minutes, Δt:   1.70, CFL: 7.20e-01
i:  66300, t:  117788.3 s, ωt:  11.78 (1.87 periods), wall: 16.995 minutes, Δt:   1.54, CFL: 7.20e-01
i:  66400, t:  117946.5 s, ωt:  11.79 (1.88 periods), wall: 17.020 minutes, Δt:   1.68, CFL: 7.20e-01
i:  66500, t:  118117.2 s, ωt:  11.81 (1.88 periods), wall: 17.044 minutes, Δt:   2.11, CFL: 7.20e-01
i:  66600, t:  118322.5 s, ωt:  11.83 (1.88 periods), wall: 17.069 minutes, Δt:   2.15, CFL: 7.20e-01
i:  66700, t:  118535.2 s, ωt:  11.85 (1.89 periods), wall: 17.094 minutes, Δt:   2.10, CFL: 7.20e-01
i:  66800, t:  118756.8 s, ωt:  11.88 (1.89 periods), wall: 17.119 minutes, Δt:   2.15, CFL: 7.20e-01
i:  66900, t:  118980.1 s, ωt:  11.90 (1.89 periods), wall: 17.144 minutes, Δt:   1.73, CFL: 7.20e-01
i:  67000, t:  119200.5 s, ωt:  11.92 (1.90 periods), wall: 17.169 minutes, Δt:   2.49, CFL: 7.20e-01
i:  67100, t:  119417.3 s, ωt:  11.94 (1.90 periods), wall: 17.193 minutes, Δt:   2.18, CFL: 7.20e-01
i:  67200, t:  119644.6 s, ωt:  11.96 (1.90 periods), wall: 17.217 minutes, Δt:   2.45, CFL: 7.20e-01
i:  67300, t:  119863.5 s, ωt:  11.99 (1.91 periods), wall: 17.242 minutes, Δt:   1.93, CFL: 7.20e-01
i:  67400, t:  120109.9 s, ωt:  12.01 (1.91 periods), wall: 17.267 minutes, Δt:   2.80, CFL: 7.20e-01
i:  67500, t:  120374.5 s, ωt:  12.04 (1.92 periods), wall: 17.292 minutes, Δt:   2.55, CFL: 7.20e-01
i:  67600, t:  120629.4 s, ωt:  12.06 (1.92 periods), wall: 17.317 minutes, Δt:   3.00, CFL: 7.20e-01
i:  67700, t:  120923.4 s, ωt:  12.09 (1.92 periods), wall: 17.341 minutes, Δt:   2.99, CFL: 7.20e-01
i:  67800, t:  121258.0 s, ωt:  12.13 (1.93 periods), wall: 17.366 minutes, Δt:   3.51, CFL: 7.20e-01
i:  67900, t:  121608.4 s, ωt:  12.16 (1.94 periods), wall: 17.391 minutes, Δt:   3.48, CFL: 7.20e-01
i:  68000, t:  121950.3 s, ωt:  12.20 (1.94 periods), wall: 17.416 minutes, Δt:   4.47, CFL: 7.20e-01
i:  68100, t:  122357.1 s, ωt:  12.24 (1.95 periods), wall: 17.441 minutes, Δt:   4.33, CFL: 7.20e-01
i:  68200, t:  122769.7 s, ωt:  12.28 (1.95 periods), wall: 17.465 minutes, Δt:   4.47, CFL: 7.20e-01
i:  68300, t:  123280.8 s, ωt:  12.33 (1.96 periods), wall: 17.490 minutes, Δt:   6.49, CFL: 7.20e-01
i:  68400, t:  123928.1 s, ωt:  12.39 (1.97 periods), wall: 17.515 minutes, Δt:   7.28, CFL: 7.20e-01
i:  68500, t:  124615.6 s, ωt:  12.46 (1.98 periods), wall: 17.540 minutes, Δt:   7.33, CFL: 7.20e-01
i:  68600, t:  125318.5 s, ωt:  12.53 (1.99 periods), wall: 17.565 minutes, Δt:   6.49, CFL: 7.20e-01
i:  68700, t:  125957.2 s, ωt:  12.60 (2.00 periods), wall: 17.591 minutes, Δt:   5.77, CFL: 7.20e-01
i:  68800, t:  126550.8 s, ωt:  12.66 (2.01 periods), wall: 17.616 minutes, Δt:   6.07, CFL: 7.20e-01
i:  68900, t:  127084.6 s, ωt:  12.71 (2.02 periods), wall: 17.641 minutes, Δt:   4.70, CFL: 7.20e-01
i:  69000, t:  127567.2 s, ωt:  12.76 (2.03 periods), wall: 17.666 minutes, Δt:   4.52, CFL: 7.20e-01
i:  69100, t:  128009.4 s, ωt:  12.80 (2.04 periods), wall: 17.690 minutes, Δt:   4.35, CFL: 7.20e-01
i:  69200, t:  128378.6 s, ωt:  12.84 (2.04 periods), wall: 17.715 minutes, Δt:   3.04, CFL: 7.20e-01
i:  69300, t:  128685.5 s, ωt:  12.87 (2.05 periods), wall: 17.740 minutes, Δt:   3.15, CFL: 7.20e-01
i:  69400, t:  128949.5 s, ωt:  12.89 (2.05 periods), wall: 17.765 minutes, Δt:   2.79, CFL: 7.20e-01
i:  69500, t:  129216.6 s, ωt:  12.92 (2.06 periods), wall: 17.790 minutes, Δt:   2.71, CFL: 7.20e-01
i:  69600, t:  129470.9 s, ωt:  12.95 (2.06 periods), wall: 17.814 minutes, Δt:   2.38, CFL: 7.20e-01
i:  69700, t:  129702.0 s, ωt:  12.97 (2.06 periods), wall: 17.839 minutes, Δt:   2.26, CFL: 7.20e-01
i:  69800, t:  129921.8 s, ωt:  12.99 (2.07 periods), wall: 17.864 minutes, Δt:   2.18, CFL: 7.20e-01
i:  69900, t:  130113.7 s, ωt:  13.01 (2.07 periods), wall: 17.889 minutes, Δt:   1.97, CFL: 7.20e-01
i:  70000, t:  130311.3 s, ωt:  13.03 (2.07 periods), wall: 17.913 minutes, Δt:   1.91, CFL: 7.20e-01
i:  70100, t:  130491.0 s, ωt:  13.05 (2.08 periods), wall: 17.937 minutes, Δt:   1.76, CFL: 7.20e-01
i:  70200, t:  130685.8 s, ωt:  13.07 (2.08 periods), wall: 17.960 minutes, Δt:   1.81, CFL: 7.20e-01
i:  70300, t:  130886.3 s, ωt:  13.09 (2.08 periods), wall: 17.983 minutes, Δt:   1.79, CFL: 7.20e-01
i:  70400, t:  131071.8 s, ωt:  13.11 (2.09 periods), wall: 18.007 minutes, Δt:   1.77, CFL: 7.20e-01
i:  70500, t:  131245.9 s, ωt:  13.12 (2.09 periods), wall: 18.031 minutes, Δt:   1.86, CFL: 7.20e-01
i:  70600, t:  131432.7 s, ωt:  13.14 (2.09 periods), wall: 18.055 minutes, Δt:   1.72, CFL: 7.20e-01
i:  70700, t:  131602.6 s, ωt:  13.16 (2.09 periods), wall: 18.080 minutes, Δt:   1.76, CFL: 7.20e-01
i:  70800, t:  131782.5 s, ωt:  13.18 (2.10 periods), wall: 18.105 minutes, Δt:   1.59, CFL: 7.20e-01
i:  70900, t:  131946.8 s, ωt:  13.19 (2.10 periods), wall: 18.129 minutes, Δt:   1.53, CFL: 7.20e-01
i:  71000, t:  132095.7 s, ωt:  13.21 (2.10 periods), wall: 18.154 minutes, Δt:   1.83, CFL: 7.20e-01
i:  71100, t:  132262.5 s, ωt:  13.23 (2.11 periods), wall: 18.179 minutes, Δt:   1.47, CFL: 7.20e-01
i:  71200, t:  132414.2 s, ωt:  13.24 (2.11 periods), wall: 18.204 minutes, Δt:   1.54, CFL: 7.20e-01
i:  71300, t:  132575.1 s, ωt:  13.26 (2.11 periods), wall: 18.228 minutes, Δt:   1.45, CFL: 7.20e-01
i:  71400, t:  132729.4 s, ωt:  13.27 (2.11 periods), wall: 18.253 minutes, Δt:   1.51, CFL: 7.20e-01
i:  71500, t:  132872.4 s, ωt:  13.29 (2.11 periods), wall: 18.277 minutes, Δt:   1.52, CFL: 7.20e-01
i:  71600, t:  133023.0 s, ωt:  13.30 (2.12 periods), wall: 18.302 minutes, Δt:   1.49, CFL: 7.20e-01
i:  71700, t:  133178.9 s, ωt:  13.32 (2.12 periods), wall: 18.327 minutes, Δt:   1.67, CFL: 7.20e-01
i:  71800, t:  133347.3 s, ωt:  13.33 (2.12 periods), wall: 18.351 minutes, Δt:   1.71, CFL: 7.20e-01
i:  71900, t:  133502.1 s, ωt:  13.35 (2.12 periods), wall: 18.376 minutes, Δt:   1.52, CFL: 7.20e-01
i:  72000, t:  133639.7 s, ωt:  13.36 (2.13 periods), wall: 18.400 minutes, Δt:   1.52, CFL: 7.20e-01
i:  72100, t:  133783.9 s, ωt:  13.38 (2.13 periods), wall: 18.425 minutes, Δt:   1.55, CFL: 7.20e-01
i:  72200, t:  133941.7 s, ωt:  13.39 (2.13 periods), wall: 18.450 minutes, Δt:   1.56, CFL: 7.20e-01
i:  72300, t:  134099.7 s, ωt:  13.41 (2.13 periods), wall: 18.475 minutes, Δt:   1.45, CFL: 7.20e-01
i:  72400, t:  134251.4 s, ωt:  13.43 (2.14 periods), wall: 18.499 minutes, Δt:   1.58, CFL: 7.20e-01
i:  72500, t:  134398.7 s, ωt:  13.44 (2.14 periods), wall: 18.524 minutes, Δt:   1.50, CFL: 7.20e-01
i:  72600, t:  134530.5 s, ωt:  13.45 (2.14 periods), wall: 18.549 minutes, Δt:   1.19, CFL: 7.20e-01
i:  72700, t:  134650.3 s, ωt:  13.47 (2.14 periods), wall: 18.573 minutes, Δt:   1.50, CFL: 7.20e-01
i:  72800, t:  134782.8 s, ωt:  13.48 (2.15 periods), wall: 18.598 minutes, Δt:   1.35, CFL: 7.20e-01
i:  72900, t:  134925.2 s, ωt:  13.49 (2.15 periods), wall: 18.623 minutes, Δt:   1.61, CFL: 7.20e-01
i:  73000, t:  135057.2 s, ωt:  13.51 (2.15 periods), wall: 18.647 minutes, Δt:   1.10, CFL: 7.20e-01
i:  73100, t:  135180.4 s, ωt:  13.52 (2.15 periods), wall: 18.672 minutes, Δt:   1.21, CFL: 7.20e-01
i:  73200, t:  135305.1 s, ωt:  13.53 (2.15 periods), wall: 18.697 minutes, Δt:   1.33, CFL: 7.20e-01
i:  73300, t:  135438.2 s, ωt:  13.54 (2.16 periods), wall: 18.722 minutes, Δt:   1.22, CFL: 7.20e-01
i:  73400, t:  135571.8 s, ωt:  13.56 (2.16 periods), wall: 18.746 minutes, Δt:   1.54, CFL: 7.20e-01
i:  73500, t:  135715.3 s, ωt:  13.57 (2.16 periods), wall: 18.771 minutes, Δt:   1.12, CFL: 7.20e-01
i:  73600, t:  135845.7 s, ωt:  13.58 (2.16 periods), wall: 18.796 minutes, Δt:   1.35, CFL: 7.20e-01
i:  73700, t:  135968.3 s, ωt:  13.60 (2.16 periods), wall: 18.820 minutes, Δt:   1.26, CFL: 7.20e-01
i:  73800, t:  136089.4 s, ωt:  13.61 (2.17 periods), wall: 18.845 minutes, Δt:   1.22, CFL: 7.20e-01
i:  73900, t:  136217.5 s, ωt:  13.62 (2.17 periods), wall: 18.869 minutes, Δt:   1.41, CFL: 7.20e-01
i:  74000, t:  136348.1 s, ωt:  13.63 (2.17 periods), wall: 18.894 minutes, Δt:   1.47, CFL: 7.20e-01
i:  74100, t:  136480.3 s, ωt:  13.65 (2.17 periods), wall: 18.919 minutes, Δt:   1.36, CFL: 7.20e-01
i:  74200, t:  136603.6 s, ωt:  13.66 (2.17 periods), wall: 18.944 minutes, Δt:   1.27, CFL: 7.20e-01
i:  74300, t:  136729.8 s, ωt:  13.67 (2.18 periods), wall: 18.968 minutes, Δt:   1.12, CFL: 7.20e-01
i:  74400, t:  136855.9 s, ωt:  13.69 (2.18 periods), wall: 18.993 minutes, Δt:   1.27, CFL: 7.20e-01
i:  74500, t:  136978.2 s, ωt:  13.70 (2.18 periods), wall: 19.018 minutes, Δt:   1.19, CFL: 7.20e-01
i:  74600, t:  137094.8 s, ωt:  13.71 (2.18 periods), wall: 19.043 minutes, Δt:   1.16, CFL: 7.20e-01
i:  74700, t:  137216.2 s, ωt:  13.72 (2.18 periods), wall: 19.068 minutes, Δt:   1.39, CFL: 7.20e-01
i:  74800, t:  137348.1 s, ωt:  13.73 (2.19 periods), wall: 19.092 minutes, Δt:   1.23, CFL: 7.20e-01
i:  74900, t:  137470.3 s, ωt:  13.75 (2.19 periods), wall: 19.117 minutes, Δt:   1.10, CFL: 7.20e-01
i:  75000, t:  137581.6 s, ωt:  13.76 (2.19 periods), wall: 19.141 minutes, Δt:   1.02, CFL: 7.20e-01
i:  75100, t:  137709.6 s, ωt:  13.77 (2.19 periods), wall: 19.165 minutes, Δt:   1.05, CFL: 7.20e-01
i:  75200, t:  137826.6 s, ωt:  13.78 (2.19 periods), wall: 19.188 minutes, Δt:   1.23, CFL: 7.20e-01
i:  75300, t:  137947.6 s, ωt:  13.79 (2.20 periods), wall: 19.212 minutes, Δt:   1.30, CFL: 7.20e-01
i:  75400, t:  138074.2 s, ωt:  13.81 (2.20 periods), wall: 19.237 minutes, Δt:   1.23, CFL: 7.20e-01
i:  75500, t:  138190.0 s, ωt:  13.82 (2.20 periods), wall: 19.260 minutes, Δt:   1.21, CFL: 7.20e-01
i:  75600, t:  138302.1 s, ωt:  13.83 (2.20 periods), wall: 19.284 minutes, Δt:   1.25, CFL: 7.20e-01
i:  75700, t:  138431.7 s, ωt:  13.84 (2.20 periods), wall: 19.308 minutes, Δt:   1.39, CFL: 7.20e-01
i:  75800, t:  138568.8 s, ωt:  13.86 (2.21 periods), wall: 19.332 minutes, Δt:   1.28, CFL: 7.20e-01
i:  75900, t:  138696.6 s, ωt:  13.87 (2.21 periods), wall: 19.356 minutes, Δt:   1.43, CFL: 7.20e-01
i:  76000, t:  138818.9 s, ωt:  13.88 (2.21 periods), wall: 19.381 minutes, Δt:   0.90, CFL: 7.20e-01
i:  76100, t:  138929.5 s, ωt:  13.89 (2.21 periods), wall: 19.406 minutes, Δt:   1.19, CFL: 7.20e-01
i:  76200, t:  139047.9 s, ωt:  13.90 (2.21 periods), wall: 19.430 minutes, Δt:   1.18, CFL: 7.20e-01
i:  76300, t:  139164.9 s, ωt:  13.92 (2.21 periods), wall: 19.455 minutes, Δt:   1.30, CFL: 7.20e-01
i:  76400, t:  139282.3 s, ωt:  13.93 (2.22 periods), wall: 19.480 minutes, Δt:   0.91, CFL: 7.20e-01
i:  76500, t:  139389.8 s, ωt:  13.94 (2.22 periods), wall: 19.504 minutes, Δt:   1.12, CFL: 7.20e-01
i:  76600, t:  139495.4 s, ωt:  13.95 (2.22 periods), wall: 19.529 minutes, Δt:   1.12, CFL: 7.20e-01
i:  76700, t:  139622.2 s, ωt:  13.96 (2.22 periods), wall: 19.554 minutes, Δt:   1.32, CFL: 7.20e-01
i:  76800, t:  139745.1 s, ωt:  13.97 (2.22 periods), wall: 19.578 minutes, Δt:   1.36, CFL: 7.20e-01
i:  76900, t:  139862.4 s, ωt:  13.99 (2.23 periods), wall: 19.602 minutes, Δt:   1.25, CFL: 7.20e-01
i:  77000, t:  139985.9 s, ωt:  14.00 (2.23 periods), wall: 19.626 minutes, Δt:   1.30, CFL: 7.20e-01
i:  77100, t:  140111.7 s, ωt:  14.01 (2.23 periods), wall: 19.650 minutes, Δt:   1.19, CFL: 7.20e-01
i:  77200, t:  140222.4 s, ωt:  14.02 (2.23 periods), wall: 19.676 minutes, Δt:   0.83, CFL: 7.20e-01
i:  77300, t:  140336.3 s, ωt:  14.03 (2.23 periods), wall: 19.700 minutes, Δt:   1.21, CFL: 7.20e-01
i:  77400, t:  140461.7 s, ωt:  14.05 (2.24 periods), wall: 19.723 minutes, Δt:   1.04, CFL: 7.20e-01
i:  77500, t:  140575.5 s, ωt:  14.06 (2.24 periods), wall: 19.748 minutes, Δt:   1.11, CFL: 7.20e-01
i:  77600, t:  140686.3 s, ωt:  14.07 (2.24 periods), wall: 19.773 minutes, Δt:   1.26, CFL: 7.20e-01
i:  77700, t:  140805.0 s, ωt:  14.08 (2.24 periods), wall: 19.797 minutes, Δt:   1.11, CFL: 7.20e-01
i:  77800, t:  140927.9 s, ωt:  14.09 (2.24 periods), wall: 19.822 minutes, Δt:   1.43, CFL: 7.20e-01
i:  77900, t:  141044.7 s, ωt:  14.10 (2.24 periods), wall: 19.846 minutes, Δt:   1.02, CFL: 7.20e-01
i:  78000, t:  141161.7 s, ωt:  14.12 (2.25 periods), wall: 19.871 minutes, Δt:   1.14, CFL: 7.20e-01
i:  78100, t:  141285.8 s, ωt:  14.13 (2.25 periods), wall: 19.894 minutes, Δt:   1.35, CFL: 7.20e-01
i:  78200, t:  141402.0 s, ωt:  14.14 (2.25 periods), wall: 19.917 minutes, Δt:   1.33, CFL: 7.20e-01
i:  78300, t:  141534.0 s, ωt:  14.15 (2.25 periods), wall: 19.941 minutes, Δt:   1.27, CFL: 7.20e-01
i:  78400, t:  141652.0 s, ωt:  14.17 (2.25 periods), wall: 19.965 minutes, Δt:   1.33, CFL: 7.20e-01
i:  78500, t:  141772.2 s, ωt:  14.18 (2.26 periods), wall: 19.989 minutes, Δt:   1.10, CFL: 7.20e-01
i:  78600, t:  141900.2 s, ωt:  14.19 (2.26 periods), wall: 20.013 minutes, Δt:   1.28, CFL: 7.20e-01
i:  78700, t:  142026.1 s, ωt:  14.20 (2.26 periods), wall: 20.038 minutes, Δt:   1.27, CFL: 7.20e-01
i:  78800, t:  142147.3 s, ωt:  14.21 (2.26 periods), wall: 20.062 minutes, Δt:   1.33, CFL: 7.20e-01
i:  78900, t:  142275.5 s, ωt:  14.23 (2.26 periods), wall: 20.087 minutes, Δt:   1.38, CFL: 7.20e-01
i:  79000, t:  142399.6 s, ωt:  14.24 (2.27 periods), wall: 20.112 minutes, Δt:   1.35, CFL: 7.19e-01
i:  79100, t:  142531.7 s, ωt:  14.25 (2.27 periods), wall: 20.136 minutes, Δt:   1.13, CFL: 7.20e-01
i:  79200, t:  142666.1 s, ωt:  14.27 (2.27 periods), wall: 20.161 minutes, Δt:   1.35, CFL: 7.20e-01
i:  79300, t:  142795.6 s, ωt:  14.28 (2.27 periods), wall: 20.186 minutes, Δt:   1.41, CFL: 7.20e-01
i:  79400, t:  142942.0 s, ωt:  14.29 (2.27 periods), wall: 20.211 minutes, Δt:   1.52, CFL: 7.20e-01
i:  79500, t:  143090.8 s, ωt:  14.31 (2.28 periods), wall: 20.236 minutes, Δt:   1.59, CFL: 7.20e-01
i:  79600, t:  143228.2 s, ωt:  14.32 (2.28 periods), wall: 20.260 minutes, Δt:   1.22, CFL: 7.20e-01
i:  79700, t:  143363.4 s, ωt:  14.34 (2.28 periods), wall: 20.285 minutes, Δt:   1.31, CFL: 7.20e-01
i:  79800, t:  143505.8 s, ωt:  14.35 (2.28 periods), wall: 20.310 minutes, Δt:   1.38, CFL: 7.20e-01
i:  79900, t:  143637.6 s, ωt:  14.36 (2.29 periods), wall: 20.334 minutes, Δt:   1.20, CFL: 7.20e-01
i:  80000, t:  143765.9 s, ωt:  14.38 (2.29 periods), wall: 20.359 minutes, Δt:   1.35, CFL: 7.20e-01
i:  80100, t:  143900.3 s, ωt:  14.39 (2.29 periods), wall: 20.383 minutes, Δt:   1.35, CFL: 7.20e-01
i:  80200, t:  144039.9 s, ωt:  14.40 (2.29 periods), wall: 20.408 minutes, Δt:   1.25, CFL: 7.20e-01
i:  80300, t:  144158.9 s, ωt:  14.42 (2.29 periods), wall: 20.433 minutes, Δt:   1.13, CFL: 7.20e-01
i:  80400, t:  144280.7 s, ωt:  14.43 (2.30 periods), wall: 20.457 minutes, Δt:   1.26, CFL: 7.20e-01
i:  80500, t:  144416.9 s, ωt:  14.44 (2.30 periods), wall: 20.482 minutes, Δt:   1.33, CFL: 7.20e-01
i:  80600, t:  144564.1 s, ωt:  14.46 (2.30 periods), wall: 20.507 minutes, Δt:   1.48, CFL: 7.20e-01
i:  80700, t:  144708.7 s, ωt:  14.47 (2.30 periods), wall: 20.532 minutes, Δt:   1.54, CFL: 7.20e-01
i:  80800, t:  144841.3 s, ωt:  14.48 (2.31 periods), wall: 20.557 minutes, Δt:   1.58, CFL: 7.20e-01
i:  80900, t:  144993.5 s, ωt:  14.50 (2.31 periods), wall: 20.582 minutes, Δt:   1.17, CFL: 7.20e-01
i:  81000, t:  145128.6 s, ωt:  14.51 (2.31 periods), wall: 20.606 minutes, Δt:   1.23, CFL: 7.20e-01
i:  81100, t:  145253.0 s, ωt:  14.53 (2.31 periods), wall: 20.631 minutes, Δt:   1.31, CFL: 7.20e-01
i:  81200, t:  145389.5 s, ωt:  14.54 (2.31 periods), wall: 20.655 minutes, Δt:   1.37, CFL: 7.20e-01
i:  81300, t:  145537.6 s, ωt:  14.55 (2.32 periods), wall: 20.680 minutes, Δt:   1.61, CFL: 7.20e-01
i:  81400, t:  145690.1 s, ωt:  14.57 (2.32 periods), wall: 20.704 minutes, Δt:   1.66, CFL: 7.20e-01
i:  81500, t:  145850.7 s, ωt:  14.59 (2.32 periods), wall: 20.729 minutes, Δt:   1.74, CFL: 7.20e-01
i:  81600, t:  146013.4 s, ωt:  14.60 (2.32 periods), wall: 20.754 minutes, Δt:   1.53, CFL: 7.20e-01
i:  81700, t:  146165.8 s, ωt:  14.62 (2.33 periods), wall: 20.779 minutes, Δt:   1.52, CFL: 7.20e-01
i:  81800, t:  146324.6 s, ωt:  14.63 (2.33 periods), wall: 20.803 minutes, Δt:   1.61, CFL: 7.20e-01
i:  81900, t:  146490.7 s, ωt:  14.65 (2.33 periods), wall: 20.827 minutes, Δt:   1.34, CFL: 7.20e-01
i:  82000, t:  146637.1 s, ωt:  14.66 (2.33 periods), wall: 20.852 minutes, Δt:   1.63, CFL: 7.20e-01
i:  82100, t:  146797.8 s, ωt:  14.68 (2.34 periods), wall: 20.877 minutes, Δt:   1.60, CFL: 7.20e-01
i:  82200, t:  146960.4 s, ωt:  14.70 (2.34 periods), wall: 20.901 minutes, Δt:   1.43, CFL: 7.20e-01
i:  82300, t:  147105.9 s, ωt:  14.71 (2.34 periods), wall: 20.925 minutes, Δt:   1.64, CFL: 7.20e-01
i:  82400, t:  147258.7 s, ωt:  14.73 (2.34 periods), wall: 20.950 minutes, Δt:   1.59, CFL: 7.20e-01
i:  82500, t:  147417.7 s, ωt:  14.74 (2.35 periods), wall: 20.975 minutes, Δt:   1.57, CFL: 7.20e-01
i:  82600, t:  147580.9 s, ωt:  14.76 (2.35 periods), wall: 21.000 minutes, Δt:   1.58, CFL: 7.20e-01
i:  82700, t:  147739.5 s, ωt:  14.77 (2.35 periods), wall: 21.024 minutes, Δt:   1.50, CFL: 7.20e-01
i:  82800, t:  147902.2 s, ωt:  14.79 (2.35 periods), wall: 21.049 minutes, Δt:   1.63, CFL: 7.20e-01
i:  82900, t:  148074.9 s, ωt:  14.81 (2.36 periods), wall: 21.074 minutes, Δt:   1.67, CFL: 7.20e-01
i:  83000, t:  148244.8 s, ωt:  14.82 (2.36 periods), wall: 21.098 minutes, Δt:   1.71, CFL: 7.20e-01
i:  83100, t:  148417.4 s, ωt:  14.84 (2.36 periods), wall: 21.123 minutes, Δt:   1.53, CFL: 7.20e-01
i:  83200, t:  148599.1 s, ωt:  14.86 (2.37 periods), wall: 21.148 minutes, Δt:   1.64, CFL: 7.20e-01
i:  83300, t:  148770.7 s, ωt:  14.88 (2.37 periods), wall: 21.172 minutes, Δt:   1.95, CFL: 7.20e-01
i:  83400, t:  148944.8 s, ωt:  14.89 (2.37 periods), wall: 21.197 minutes, Δt:   1.92, CFL: 7.20e-01
i:  83500, t:  149128.8 s, ωt:  14.91 (2.37 periods), wall: 21.221 minutes, Δt:   1.78, CFL: 7.20e-01
i:  83600, t:  149325.1 s, ωt:  14.93 (2.38 periods), wall: 21.245 minutes, Δt:   2.18, CFL: 7.20e-01
i:  83700, t:  149516.7 s, ωt:  14.95 (2.38 periods), wall: 21.269 minutes, Δt:   1.60, CFL: 7.20e-01
i:  83800, t:  149710.2 s, ωt:  14.97 (2.38 periods), wall: 21.293 minutes, Δt:   2.04, CFL: 7.20e-01
i:  83900, t:  149926.8 s, ωt:  14.99 (2.39 periods), wall: 21.318 minutes, Δt:   2.02, CFL: 7.20e-01
i:  84000, t:  150144.6 s, ωt:  15.01 (2.39 periods), wall: 21.343 minutes, Δt:   2.14, CFL: 7.20e-01
i:  84100, t:  150362.9 s, ωt:  15.04 (2.39 periods), wall: 21.368 minutes, Δt:   2.07, CFL: 7.20e-01
i:  84200, t:  150577.3 s, ωt:  15.06 (2.40 periods), wall: 21.394 minutes, Δt:   2.37, CFL: 7.20e-01
i:  84300, t:  150799.2 s, ωt:  15.08 (2.40 periods), wall: 21.418 minutes, Δt:   2.69, CFL: 7.20e-01
i:  84400, t:  151058.8 s, ωt:  15.11 (2.40 periods), wall: 21.443 minutes, Δt:   2.37, CFL: 7.20e-01
i:  84500, t:  151297.8 s, ωt:  15.13 (2.41 periods), wall: 21.468 minutes, Δt:   2.55, CFL: 7.20e-01
i:  84600, t:  151561.8 s, ωt:  15.16 (2.41 periods), wall: 21.492 minutes, Δt:   2.82, CFL: 7.20e-01
i:  84700, t:  151834.3 s, ωt:  15.18 (2.42 periods), wall: 21.517 minutes, Δt:   2.95, CFL: 7.20e-01
i:  84800, t:  152121.4 s, ωt:  15.21 (2.42 periods), wall: 21.542 minutes, Δt:   3.32, CFL: 7.20e-01
i:  84900, t:  152442.4 s, ωt:  15.24 (2.43 periods), wall: 21.567 minutes, Δt:   2.77, CFL: 7.20e-01
i:  85000, t:  152706.7 s, ωt:  15.27 (2.43 periods), wall: 21.590 minutes, Δt:   3.05, CFL: 7.20e-01
i:  85100, t:  153018.9 s, ωt:  15.30 (2.44 periods), wall: 21.615 minutes, Δt:   2.73, CFL: 7.20e-01
i:  85200, t:  153342.0 s, ωt:  15.33 (2.44 periods), wall: 21.640 minutes, Δt:   3.10, CFL: 7.20e-01
i:  85300, t:  153701.4 s, ωt:  15.37 (2.45 periods), wall: 21.664 minutes, Δt:   4.06, CFL: 7.20e-01
i:  85400, t:  154080.1 s, ωt:  15.41 (2.45 periods), wall: 21.689 minutes, Δt:   4.52, CFL: 7.20e-01
i:  85500, t:  154517.6 s, ωt:  15.45 (2.46 periods), wall: 21.714 minutes, Δt:   5.41, CFL: 7.20e-01
i:  85600, t:  155067.0 s, ωt:  15.51 (2.47 periods), wall: 21.739 minutes, Δt:   5.96, CFL: 7.20e-01
i:  85700, t:  155557.6 s, ωt:  15.56 (2.48 periods), wall: 21.764 minutes, Δt:   5.31, CFL: 7.20e-01
i:  85800, t:  156069.7 s, ωt:  15.61 (2.48 periods), wall: 21.789 minutes, Δt:   5.59, CFL: 7.20e-01
i:  85900, t:  156725.6 s, ωt:  15.67 (2.49 periods), wall: 21.814 minutes, Δt:   6.37, CFL: 7.20e-01
i:  86000, t:  157367.8 s, ωt:  15.74 (2.50 periods), wall: 21.840 minutes, Δt:   5.84, CFL: 7.20e-01
i:  86100, t:  157952.9 s, ωt:  15.80 (2.51 periods), wall: 21.865 minutes, Δt:   5.56, CFL: 7.20e-01
i:  86200, t:  158463.2 s, ωt:  15.85 (2.52 periods), wall: 21.890 minutes, Δt:   4.82, CFL: 7.20e-01
i:  86300, t:  158951.3 s, ωt:  15.90 (2.53 periods), wall: 21.915 minutes, Δt:   4.24, CFL: 7.20e-01
i:  86400, t:  159400.9 s, ωt:  15.94 (2.54 periods), wall: 21.940 minutes, Δt:   4.08, CFL: 7.20e-01
i:  86500, t:  159758.8 s, ωt:  15.98 (2.54 periods), wall: 21.965 minutes, Δt:   3.53, CFL: 7.20e-01
i:  86600, t:  160051.1 s, ωt:  16.01 (2.55 periods), wall: 21.990 minutes, Δt:   2.91, CFL: 7.20e-01
i:  86700, t:  160357.3 s, ωt:  16.04 (2.55 periods), wall: 22.015 minutes, Δt:   2.90, CFL: 7.20e-01
i:  86800, t:  160644.8 s, ωt:  16.06 (2.56 periods), wall: 22.039 minutes, Δt:   3.10, CFL: 7.20e-01
i:  86900, t:  160908.9 s, ωt:  16.09 (2.56 periods), wall: 22.063 minutes, Δt:   2.39, CFL: 7.20e-01
i:  87000, t:  161153.8 s, ωt:  16.12 (2.56 periods), wall: 22.087 minutes, Δt:   2.18, CFL: 7.20e-01
i:  87100, t:  161366.2 s, ωt:  16.14 (2.57 periods), wall: 22.112 minutes, Δt:   2.18, CFL: 7.20e-01
i:  87200, t:  161578.8 s, ωt:  16.16 (2.57 periods), wall: 22.137 minutes, Δt:   2.03, CFL: 7.20e-01
i:  87300, t:  161779.0 s, ωt:  16.18 (2.57 periods), wall: 22.161 minutes, Δt:   2.08, CFL: 7.20e-01
i:  87400, t:  161974.9 s, ωt:  16.20 (2.58 periods), wall: 22.186 minutes, Δt:   1.87, CFL: 7.20e-01
i:  87500, t:  162171.1 s, ωt:  16.22 (2.58 periods), wall: 22.210 minutes, Δt:   1.71, CFL: 7.20e-01
i:  87600, t:  162331.8 s, ωt:  16.23 (2.58 periods), wall: 22.234 minutes, Δt:   1.65, CFL: 7.20e-01
i:  87700, t:  162488.5 s, ωt:  16.25 (2.59 periods), wall: 22.258 minutes, Δt:   1.63, CFL: 7.20e-01
i:  87800, t:  162673.1 s, ωt:  16.27 (2.59 periods), wall: 22.281 minutes, Δt:   1.97, CFL: 7.20e-01
i:  87900, t:  162851.2 s, ωt:  16.29 (2.59 periods), wall: 22.305 minutes, Δt:   1.80, CFL: 7.20e-01
i:  88000, t:  163024.0 s, ωt:  16.30 (2.59 periods), wall: 22.328 minutes, Δt:   1.75, CFL: 7.20e-01
i:  88100, t:  163192.1 s, ωt:  16.32 (2.60 periods), wall: 22.352 minutes, Δt:   1.65, CFL: 7.20e-01
i:  88200, t:  163360.3 s, ωt:  16.34 (2.60 periods), wall: 22.376 minutes, Δt:   1.49, CFL: 7.20e-01
i:  88300, t:  163519.0 s, ωt:  16.35 (2.60 periods), wall: 22.399 minutes, Δt:   1.64, CFL: 7.20e-01
i:  88400, t:  163677.0 s, ωt:  16.37 (2.60 periods), wall: 22.422 minutes, Δt:   1.73, CFL: 7.20e-01
i:  88500, t:  163851.2 s, ωt:  16.39 (2.61 periods), wall: 22.446 minutes, Δt:   1.74, CFL: 7.20e-01
i:  88600, t:  164016.6 s, ωt:  16.40 (2.61 periods), wall: 22.470 minutes, Δt:   1.71, CFL: 7.20e-01
i:  88700, t:  164175.4 s, ωt:  16.42 (2.61 periods), wall: 22.493 minutes, Δt:   1.68, CFL: 7.20e-01
i:  88800, t:  164331.0 s, ωt:  16.43 (2.62 periods), wall: 22.517 minutes, Δt:   1.36, CFL: 7.20e-01
i:  88900, t:  164479.6 s, ωt:  16.45 (2.62 periods), wall: 22.540 minutes, Δt:   1.45, CFL: 7.20e-01
i:  89000, t:  164631.0 s, ωt:  16.46 (2.62 periods), wall: 22.564 minutes, Δt:   1.64, CFL: 7.20e-01
i:  89100, t:  164792.8 s, ωt:  16.48 (2.62 periods), wall: 22.588 minutes, Δt:   1.50, CFL: 7.20e-01
i:  89200, t:  164950.1 s, ωt:  16.50 (2.63 periods), wall: 22.612 minutes, Δt:   1.48, CFL: 7.20e-01
i:  89300, t:  165106.0 s, ωt:  16.51 (2.63 periods), wall: 22.636 minutes, Δt:   1.47, CFL: 7.20e-01
i:  89400, t:  165247.8 s, ωt:  16.52 (2.63 periods), wall: 22.660 minutes, Δt:   1.60, CFL: 7.20e-01
i:  89500, t:  165396.0 s, ωt:  16.54 (2.63 periods), wall: 22.684 minutes, Δt:   1.53, CFL: 7.20e-01
i:  89600, t:  165540.2 s, ωt:  16.55 (2.63 periods), wall: 22.707 minutes, Δt:   1.48, CFL: 7.20e-01
i:  89700, t:  165679.8 s, ωt:  16.57 (2.64 periods), wall: 22.732 minutes, Δt:   1.43, CFL: 7.20e-01
i:  89800, t:  165820.3 s, ωt:  16.58 (2.64 periods), wall: 22.757 minutes, Δt:   1.54, CFL: 7.20e-01
i:  89900, t:  165961.4 s, ωt:  16.60 (2.64 periods), wall: 22.782 minutes, Δt:   1.20, CFL: 7.20e-01
i:  90000, t:  166085.4 s, ωt:  16.61 (2.64 periods), wall: 22.807 minutes, Δt:   1.26, CFL: 7.20e-01
i:  90100, t:  166212.9 s, ωt:  16.62 (2.65 periods), wall: 22.831 minutes, Δt:   1.38, CFL: 7.20e-01
i:  90200, t:  166337.7 s, ωt:  16.63 (2.65 periods), wall: 22.855 minutes, Δt:   1.22, CFL: 7.20e-01
i:  90300, t:  166455.9 s, ωt:  16.65 (2.65 periods), wall: 22.880 minutes, Δt:   1.16, CFL: 7.20e-01
i:  90400, t:  166591.1 s, ωt:  16.66 (2.65 periods), wall: 22.905 minutes, Δt:   1.54, CFL: 7.20e-01
i:  90500, t:  166729.0 s, ωt:  16.67 (2.65 periods), wall: 22.929 minutes, Δt:   1.41, CFL: 7.20e-01
i:  90600, t:  166866.3 s, ωt:  16.69 (2.66 periods), wall: 22.952 minutes, Δt:   1.39, CFL: 7.20e-01
i:  90700, t:  166997.7 s, ωt:  16.70 (2.66 periods), wall: 22.976 minutes, Δt:   1.29, CFL: 7.20e-01
i:  90800, t:  167126.2 s, ωt:  16.71 (2.66 periods), wall: 23.000 minutes, Δt:   1.38, CFL: 7.20e-01
i:  90900, t:  167257.7 s, ωt:  16.73 (2.66 periods), wall: 23.025 minutes, Δt:   1.36, CFL: 7.20e-01
i:  91000, t:  167384.1 s, ωt:  16.74 (2.66 periods), wall: 23.050 minutes, Δt:   1.16, CFL: 7.20e-01
i:  91100, t:  167507.3 s, ωt:  16.75 (2.67 periods), wall: 23.075 minutes, Δt:   1.16, CFL: 7.20e-01
i:  91200, t:  167631.9 s, ωt:  16.76 (2.67 periods), wall: 23.099 minutes, Δt:   1.01, CFL: 7.20e-01
i:  91300, t:  167753.9 s, ωt:  16.78 (2.67 periods), wall: 23.124 minutes, Δt:   1.36, CFL: 7.20e-01
i:  91400, t:  167887.8 s, ωt:  16.79 (2.67 periods), wall: 23.149 minutes, Δt:   1.28, CFL: 7.20e-01
i:  91500, t:  168006.0 s, ωt:  16.80 (2.67 periods), wall: 23.173 minutes, Δt:   1.35, CFL: 7.20e-01
i:  91600, t:  168132.3 s, ωt:  16.81 (2.68 periods), wall: 23.197 minutes, Δt:   1.27, CFL: 7.20e-01
i:  91700, t:  168269.8 s, ωt:  16.83 (2.68 periods), wall: 23.222 minutes, Δt:   1.25, CFL: 7.20e-01
i:  91800, t:  168396.2 s, ωt:  16.84 (2.68 periods), wall: 23.247 minutes, Δt:   1.19, CFL: 7.20e-01
i:  91900, t:  168515.9 s, ωt:  16.85 (2.68 periods), wall: 23.270 minutes, Δt:   1.11, CFL: 7.20e-01
i:  92000, t:  168638.0 s, ωt:  16.86 (2.68 periods), wall: 23.293 minutes, Δt:   1.12, CFL: 7.20e-01
i:  92100, t:  168753.1 s, ωt:  16.88 (2.69 periods), wall: 23.317 minutes, Δt:   1.14, CFL: 7.20e-01
i:  92200, t:  168877.5 s, ωt:  16.89 (2.69 periods), wall: 23.342 minutes, Δt:   1.46, CFL: 7.20e-01
i:  92300, t:  169007.3 s, ωt:  16.90 (2.69 periods), wall: 23.367 minutes, Δt:   1.53, CFL: 7.20e-01
i:  92400, t:  169141.2 s, ωt:  16.91 (2.69 periods), wall: 23.392 minutes, Δt:   1.25, CFL: 7.20e-01
i:  92500, t:  169270.2 s, ωt:  16.93 (2.69 periods), wall: 23.416 minutes, Δt:   1.36, CFL: 7.20e-01
i:  92600, t:  169400.6 s, ωt:  16.94 (2.70 periods), wall: 23.441 minutes, Δt:   1.19, CFL: 7.20e-01
i:  92700, t:  169522.4 s, ωt:  16.95 (2.70 periods), wall: 23.465 minutes, Δt:   1.22, CFL: 7.20e-01
i:  92800, t:  169641.2 s, ωt:  16.96 (2.70 periods), wall: 23.490 minutes, Δt:   1.12, CFL: 7.20e-01
i:  92900, t:  169757.4 s, ωt:  16.98 (2.70 periods), wall: 23.515 minutes, Δt:   1.32, CFL: 7.20e-01
i:  93000, t:  169884.7 s, ωt:  16.99 (2.70 periods), wall: 23.539 minutes, Δt:   1.40, CFL: 7.20e-01
i:  93100, t:  170013.3 s, ωt:  17.00 (2.71 periods), wall: 23.565 minutes, Δt:   1.31, CFL: 7.20e-01
i:  93200, t:  170145.5 s, ωt:  17.01 (2.71 periods), wall: 23.589 minutes, Δt:   1.38, CFL: 7.20e-01
i:  93300, t:  170278.5 s, ωt:  17.03 (2.71 periods), wall: 23.613 minutes, Δt:   1.32, CFL: 7.20e-01
i:  93400, t:  170403.2 s, ωt:  17.04 (2.71 periods), wall: 23.637 minutes, Δt:   1.26, CFL: 7.20e-01
i:  93500, t:  170532.5 s, ωt:  17.05 (2.71 periods), wall: 23.661 minutes, Δt:   1.17, CFL: 7.20e-01
i:  93600, t:  170653.0 s, ωt:  17.07 (2.72 periods), wall: 23.685 minutes, Δt:   1.26, CFL: 7.20e-01
i:  93700, t:  170762.2 s, ωt:  17.08 (2.72 periods), wall: 23.708 minutes, Δt:   1.13, CFL: 7.20e-01
i:  93800, t:  170882.2 s, ωt:  17.09 (2.72 periods), wall: 23.732 minutes, Δt:   1.01, CFL: 7.20e-01
i:  93900, t:  171004.3 s, ωt:  17.10 (2.72 periods), wall: 23.757 minutes, Δt:   1.19, CFL: 7.20e-01
i:  94000, t:  171124.8 s, ωt:  17.11 (2.72 periods), wall: 23.781 minutes, Δt:   1.06, CFL: 7.20e-01
i:  94100, t:  171243.8 s, ωt:  17.12 (2.73 periods), wall: 23.806 minutes, Δt:   1.10, CFL: 7.20e-01
i:  94200, t:  171344.0 s, ωt:  17.13 (2.73 periods), wall: 23.831 minutes, Δt:   1.07, CFL: 7.20e-01
i:  94300, t:  171454.8 s, ωt:  17.15 (2.73 periods), wall: 23.855 minutes, Δt:   1.25, CFL: 7.20e-01
i:  94400, t:  171581.3 s, ωt:  17.16 (2.73 periods), wall: 23.880 minutes, Δt:   1.15, CFL: 7.20e-01
i:  94500, t:  171702.3 s, ωt:  17.17 (2.73 periods), wall: 23.904 minutes, Δt:   1.31, CFL: 7.20e-01
i:  94600, t:  171820.9 s, ωt:  17.18 (2.73 periods), wall: 23.929 minutes, Δt:   1.25, CFL: 7.20e-01
i:  94700, t:  171940.9 s, ωt:  17.19 (2.74 periods), wall: 23.954 minutes, Δt:   1.08, CFL: 7.20e-01
i:  94800, t:  172056.7 s, ωt:  17.21 (2.74 periods), wall: 23.979 minutes, Δt:   1.19, CFL: 7.20e-01
i:  94900, t:  172162.6 s, ωt:  17.22 (2.74 periods), wall: 24.003 minutes, Δt:   1.15, CFL: 7.20e-01
i:  95000, t:  172270.2 s, ωt:  17.23 (2.74 periods), wall: 24.028 minutes, Δt:   1.10, CFL: 7.20e-01
i:  95100, t:  172372.3 s, ωt:  17.24 (2.74 periods), wall: 24.053 minutes, Δt:   1.03, CFL: 7.20e-01
i:  95200, t:  172469.7 s, ωt:  17.25 (2.74 periods), wall: 24.077 minutes, Δt:   1.10, CFL: 7.20e-01
i:  95300, t:  172583.8 s, ωt:  17.26 (2.75 periods), wall: 24.102 minutes, Δt:   1.30, CFL: 7.20e-01
i:  95400, t:  172712.6 s, ωt:  17.27 (2.75 periods), wall: 24.127 minutes, Δt:   1.21, CFL: 7.20e-01
i:  95500, t:  172829.8 s, ωt:  17.28 (2.75 periods), wall: 24.151 minutes, Δt:   1.17, CFL: 7.20e-01
i:  95600, t:  172956.8 s, ωt:  17.30 (2.75 periods), wall: 24.176 minutes, Δt:   1.39, CFL: 7.20e-01
i:  95700, t:  173087.3 s, ωt:  17.31 (2.75 periods), wall: 24.201 minutes, Δt:   1.26, CFL: 7.20e-01
i:  95800, t:  173212.4 s, ωt:  17.32 (2.76 periods), wall: 24.226 minutes, Δt:   1.19, CFL: 7.20e-01
i:  95900, t:  173318.1 s, ωt:  17.33 (2.76 periods), wall: 24.250 minutes, Δt:   1.11, CFL: 7.20e-01
i:  96000, t:  173436.7 s, ωt:  17.34 (2.76 periods), wall: 24.275 minutes, Δt:   1.16, CFL: 7.20e-01
i:  96100, t:  173560.5 s, ωt:  17.36 (2.76 periods), wall: 24.300 minutes, Δt:   1.30, CFL: 7.20e-01
i:  96200, t:  173704.0 s, ωt:  17.37 (2.76 periods), wall: 24.325 minutes, Δt:   1.51, CFL: 7.20e-01
i:  96300, t:  173829.9 s, ωt:  17.38 (2.77 periods), wall: 24.350 minutes, Δt:   1.52, CFL: 7.20e-01
i:  96400, t:  173956.2 s, ωt:  17.40 (2.77 periods), wall: 24.374 minutes, Δt:   1.22, CFL: 7.20e-01
i:  96500, t:  174072.8 s, ωt:  17.41 (2.77 periods), wall: 24.399 minutes, Δt:   1.06, CFL: 7.20e-01
i:  96600, t:  174183.7 s, ωt:  17.42 (2.77 periods), wall: 24.424 minutes, Δt:   1.21, CFL: 7.20e-01
i:  96700, t:  174309.7 s, ωt:  17.43 (2.77 periods), wall: 24.448 minutes, Δt:   1.03, CFL: 7.20e-01
i:  96800, t:  174436.7 s, ωt:  17.44 (2.78 periods), wall: 24.473 minutes, Δt:   1.44, CFL: 7.20e-01
i:  96900, t:  174559.0 s, ωt:  17.46 (2.78 periods), wall: 24.497 minutes, Δt:   1.39, CFL: 7.20e-01
i:  97000, t:  174677.0 s, ωt:  17.47 (2.78 periods), wall: 24.522 minutes, Δt:   1.18, CFL: 7.20e-01
i:  97100, t:  174810.0 s, ωt:  17.48 (2.78 periods), wall: 24.547 minutes, Δt:   1.19, CFL: 7.20e-01
i:  97200, t:  174923.2 s, ωt:  17.49 (2.78 periods), wall: 24.572 minutes, Δt:   1.19, CFL: 7.20e-01
i:  97300, t:  175052.6 s, ωt:  17.51 (2.79 periods), wall: 24.597 minutes, Δt:   1.48, CFL: 7.20e-01
i:  97400, t:  175189.3 s, ωt:  17.52 (2.79 periods), wall: 24.620 minutes, Δt:   1.36, CFL: 7.20e-01
i:  97500, t:  175325.4 s, ωt:  17.53 (2.79 periods), wall: 24.644 minutes, Δt:   1.33, CFL: 7.20e-01
i:  97600, t:  175436.1 s, ωt:  17.54 (2.79 periods), wall: 24.668 minutes, Δt:   1.27, CFL: 7.20e-01
i:  97700, t:  175560.3 s, ωt:  17.56 (2.79 periods), wall: 24.692 minutes, Δt:   1.18, CFL: 7.20e-01
i:  97800, t:  175698.3 s, ωt:  17.57 (2.80 periods), wall: 24.717 minutes, Δt:   1.42, CFL: 7.20e-01
i:  97900, t:  175834.4 s, ωt:  17.58 (2.80 periods), wall: 24.742 minutes, Δt:   1.21, CFL: 7.20e-01
i:  98000, t:  175979.1 s, ωt:  17.60 (2.80 periods), wall: 24.767 minutes, Δt:   1.47, CFL: 7.20e-01
i:  98100, t:  176112.4 s, ωt:  17.61 (2.80 periods), wall: 24.791 minutes, Δt:   1.51, CFL: 7.20e-01
i:  98200, t:  176248.7 s, ωt:  17.62 (2.81 periods), wall: 24.816 minutes, Δt:   1.41, CFL: 7.20e-01
i:  98300, t:  176379.0 s, ωt:  17.64 (2.81 periods), wall: 24.841 minutes, Δt:   1.26, CFL: 7.20e-01
i:  98400, t:  176512.6 s, ωt:  17.65 (2.81 periods), wall: 24.866 minutes, Δt:   1.32, CFL: 7.20e-01
i:  98500, t:  176646.8 s, ωt:  17.66 (2.81 periods), wall: 24.890 minutes, Δt:   1.44, CFL: 7.20e-01
i:  98600, t:  176782.5 s, ωt:  17.68 (2.81 periods), wall: 24.915 minutes, Δt:   1.26, CFL: 7.20e-01
i:  98700, t:  176924.9 s, ωt:  17.69 (2.82 periods), wall: 24.940 minutes, Δt:   1.28, CFL: 7.20e-01
i:  98800, t:  177049.4 s, ωt:  17.70 (2.82 periods), wall: 24.965 minutes, Δt:   1.48, CFL: 7.20e-01
i:  98900, t:  177185.4 s, ωt:  17.72 (2.82 periods), wall: 24.990 minutes, Δt:   1.17, CFL: 7.20e-01
i:  99000, t:  177311.0 s, ωt:  17.73 (2.82 periods), wall: 25.015 minutes, Δt:   1.13, CFL: 7.20e-01
i:  99100, t:  177436.1 s, ωt:  17.74 (2.82 periods), wall: 25.038 minutes, Δt:   1.44, CFL: 7.20e-01
i:  99200, t:  177585.0 s, ωt:  17.76 (2.83 periods), wall: 25.062 minutes, Δt:   1.57, CFL: 7.20e-01
i:  99300, t:  177741.1 s, ωt:  17.77 (2.83 periods), wall: 25.085 minutes, Δt:   1.37, CFL: 7.20e-01
i:  99400, t:  177890.5 s, ωt:  17.79 (2.83 periods), wall: 25.108 minutes, Δt:   1.36, CFL: 7.20e-01
i:  99500, t:  178029.3 s, ωt:  17.80 (2.83 periods), wall: 25.132 minutes, Δt:   1.53, CFL: 7.20e-01
i:  99600, t:  178155.0 s, ωt:  17.82 (2.84 periods), wall: 25.156 minutes, Δt:   1.37, CFL: 7.20e-01
i:  99700, t:  178305.6 s, ωt:  17.83 (2.84 periods), wall: 25.179 minutes, Δt:   1.57, CFL: 7.20e-01
i:  99800, t:  178450.0 s, ωt:  17.84 (2.84 periods), wall: 25.202 minutes, Δt:   1.38, CFL: 7.20e-01
i:  99900, t:  178592.8 s, ωt:  17.86 (2.84 periods), wall: 25.226 minutes, Δt:   1.62, CFL: 7.20e-01
i: 100000, t:  178755.6 s, ωt:  17.88 (2.84 periods), wall: 25.249 minutes, Δt:   1.36, CFL: 7.20e-01
i: 100100, t:  178900.3 s, ωt:  17.89 (2.85 periods), wall: 25.273 minutes, Δt:   1.42, CFL: 7.20e-01
i: 100200, t:  179055.6 s, ωt:  17.91 (2.85 periods), wall: 25.296 minutes, Δt:   1.53, CFL: 7.20e-01
i: 100300, t:  179227.1 s, ωt:  17.92 (2.85 periods), wall: 25.321 minutes, Δt:   1.69, CFL: 7.20e-01
i: 100400, t:  179380.9 s, ωt:  17.94 (2.85 periods), wall: 25.346 minutes, Δt:   1.46, CFL: 7.20e-01
i: 100500, t:  179553.8 s, ωt:  17.96 (2.86 periods), wall: 25.371 minutes, Δt:   1.76, CFL: 7.20e-01
i: 100600, t:  179713.5 s, ωt:  17.97 (2.86 periods), wall: 25.396 minutes, Δt:   1.55, CFL: 7.20e-01
i: 100700, t:  179871.6 s, ωt:  17.99 (2.86 periods), wall: 25.420 minutes, Δt:   1.55, CFL: 7.20e-01
i: 100800, t:  180047.2 s, ωt:  18.00 (2.87 periods), wall: 25.445 minutes, Δt:   1.65, CFL: 7.20e-01
i: 100900, t:  180209.8 s, ωt:  18.02 (2.87 periods), wall: 25.470 minutes, Δt:   2.05, CFL: 7.20e-01
i: 101000, t:  180401.8 s, ωt:  18.04 (2.87 periods), wall: 25.494 minutes, Δt:   2.00, CFL: 7.20e-01
i: 101100, t:  180574.0 s, ωt:  18.06 (2.87 periods), wall: 25.519 minutes, Δt:   1.72, CFL: 7.20e-01
i: 101200, t:  180738.9 s, ωt:  18.07 (2.88 periods), wall: 25.544 minutes, Δt:   1.82, CFL: 7.20e-01
i: 101300, t:  180912.7 s, ωt:  18.09 (2.88 periods), wall: 25.569 minutes, Δt:   1.85, CFL: 7.20e-01
i: 101400, t:  181111.5 s, ωt:  18.11 (2.88 periods), wall: 25.594 minutes, Δt:   1.68, CFL: 7.20e-01
i: 101500, t:  181304.4 s, ωt:  18.13 (2.89 periods), wall: 25.618 minutes, Δt:   1.87, CFL: 7.20e-01
i: 101600, t:  181508.8 s, ωt:  18.15 (2.89 periods), wall: 25.643 minutes, Δt:   1.96, CFL: 7.20e-01
i: 101700, t:  181725.7 s, ωt:  18.17 (2.89 periods), wall: 25.668 minutes, Δt:   2.31, CFL: 7.20e-01
i: 101800, t:  181931.9 s, ωt:  18.19 (2.90 periods), wall: 25.693 minutes, Δt:   2.31, CFL: 7.20e-01
i: 101900, t:  182151.1 s, ωt:  18.22 (2.90 periods), wall: 25.718 minutes, Δt:   1.77, CFL: 7.20e-01
i: 102000, t:  182362.6 s, ωt:  18.24 (2.90 periods), wall: 25.742 minutes, Δt:   2.40, CFL: 7.20e-01
i: 102100, t:  182591.6 s, ωt:  18.26 (2.91 periods), wall: 25.767 minutes, Δt:   2.52, CFL: 7.20e-01
i: 102200, t:  182824.5 s, ωt:  18.28 (2.91 periods), wall: 25.792 minutes, Δt:   2.01, CFL: 7.20e-01
i: 102300, t:  183062.9 s, ωt:  18.31 (2.91 periods), wall: 25.816 minutes, Δt:   2.90, CFL: 7.20e-01
i: 102400, t:  183352.2 s, ωt:  18.34 (2.92 periods), wall: 25.841 minutes, Δt:   3.05, CFL: 7.20e-01
i: 102500, t:  183641.5 s, ωt:  18.36 (2.92 periods), wall: 25.866 minutes, Δt:   1.85, CFL: 7.20e-01
i: 102600, t:  183890.3 s, ωt:  18.39 (2.93 periods), wall: 25.891 minutes, Δt:   3.28, CFL: 7.20e-01
i: 102700, t:  184217.2 s, ωt:  18.42 (2.93 periods), wall: 25.916 minutes, Δt:   2.96, CFL: 7.20e-01
i: 102800, t:  184544.2 s, ωt:  18.45 (2.94 periods), wall: 25.941 minutes, Δt:   3.16, CFL: 7.20e-01
i: 102900, t:  184862.6 s, ωt:  18.49 (2.94 periods), wall: 25.966 minutes, Δt:   3.31, CFL: 7.20e-01
i: 103000, t:  185206.2 s, ωt:  18.52 (2.95 periods), wall: 25.991 minutes, Δt:   3.35, CFL: 7.20e-01
i: 103100, t:  185560.5 s, ωt:  18.56 (2.95 periods), wall: 26.016 minutes, Δt:   4.20, CFL: 7.20e-01
i: 103200, t:  185916.7 s, ωt:  18.59 (2.96 periods), wall: 26.041 minutes, Δt:   2.97, CFL: 7.20e-01
i: 103300, t:  186264.7 s, ωt:  18.63 (2.96 periods), wall: 26.066 minutes, Δt:   4.47, CFL: 6.75e-01
i: 103400, t:  186785.0 s, ωt:  18.68 (2.97 periods), wall: 26.091 minutes, Δt:   5.13, CFL: 7.20e-01
i: 103500, t:  187352.5 s, ωt:  18.74 (2.98 periods), wall: 26.116 minutes, Δt:   7.58, CFL: 7.20e-01
i: 103600, t:  188064.7 s, ωt:  18.81 (2.99 periods), wall: 26.141 minutes, Δt:   6.26, CFL: 7.20e-01
i: 103700, t:  188687.5 s, ωt:  18.87 (3.00 periods), wall: 26.167 minutes, Δt:   6.25, CFL: 7.20e-01
i: 103800, t:  189273.9 s, ωt:  18.93 (3.01 periods), wall: 26.192 minutes, Δt:   5.40, CFL: 7.20e-01
i: 103900, t:  189802.7 s, ωt:  18.98 (3.02 periods), wall: 26.217 minutes, Δt:   6.08, CFL: 7.20e-01
i: 104000, t:  190348.1 s, ωt:  19.03 (3.03 periods), wall: 26.242 minutes, Δt:   4.85, CFL: 7.20e-01
i: 104100, t:  190782.7 s, ωt:  19.08 (3.04 periods), wall: 26.267 minutes, Δt:   4.31, CFL: 7.20e-01
i: 104200, t:  191193.3 s, ωt:  19.12 (3.04 periods), wall: 26.292 minutes, Δt:   4.17, CFL: 7.20e-01
i: 104300, t:  191524.7 s, ωt:  19.15 (3.05 periods), wall: 26.317 minutes, Δt:   2.81, CFL: 7.20e-01
i: 104400, t:  191781.0 s, ωt:  19.18 (3.05 periods), wall: 26.341 minutes, Δt:   2.60, CFL: 7.20e-01
i: 104500, t:  192073.2 s, ωt:  19.21 (3.06 periods), wall: 26.364 minutes, Δt:   2.66, CFL: 7.20e-01
i: 104600, t:  192304.9 s, ωt:  19.23 (3.06 periods), wall: 26.388 minutes, Δt:   2.10, CFL: 7.20e-01
i: 104700, t:  192507.0 s, ωt:  19.25 (3.06 periods), wall: 26.411 minutes, Δt:   2.30, CFL: 7.20e-01
i: 104800, t:  192717.4 s, ωt:  19.27 (3.07 periods), wall: 26.435 minutes, Δt:   1.95, CFL: 7.20e-01
i: 104900, t:  192933.3 s, ωt:  19.29 (3.07 periods), wall: 26.459 minutes, Δt:   2.05, CFL: 7.20e-01
i: 105000, t:  193131.4 s, ωt:  19.31 (3.07 periods), wall: 26.482 minutes, Δt:   1.87, CFL: 7.20e-01
i: 105100, t:  193335.9 s, ωt:  19.33 (3.08 periods), wall: 26.506 minutes, Δt:   2.06, CFL: 7.20e-01
i: 105200, t:  193543.0 s, ωt:  19.35 (3.08 periods), wall: 26.531 minutes, Δt:   1.93, CFL: 7.20e-01
i: 105300, t:  193748.1 s, ωt:  19.37 (3.08 periods), wall: 26.554 minutes, Δt:   2.15, CFL: 7.20e-01
i: 105400, t:  193944.1 s, ωt:  19.39 (3.09 periods), wall: 26.578 minutes, Δt:   2.05, CFL: 7.20e-01
i: 105500, t:  194140.0 s, ωt:  19.41 (3.09 periods), wall: 26.602 minutes, Δt:   2.12, CFL: 7.20e-01
i: 105600, t:  194325.5 s, ωt:  19.43 (3.09 periods), wall: 26.625 minutes, Δt:   1.59, CFL: 7.20e-01
i: 105700, t:  194507.1 s, ωt:  19.45 (3.10 periods), wall: 26.649 minutes, Δt:   1.89, CFL: 7.20e-01
i: 105800, t:  194692.7 s, ωt:  19.47 (3.10 periods), wall: 26.674 minutes, Δt:   1.83, CFL: 7.20e-01
i: 105900, t:  194855.4 s, ωt:  19.49 (3.10 periods), wall: 26.699 minutes, Δt:   1.67, CFL: 7.20e-01
i: 106000, t:  195028.9 s, ωt:  19.50 (3.10 periods), wall: 26.723 minutes, Δt:   1.66, CFL: 7.20e-01
i: 106100, t:  195190.3 s, ωt:  19.52 (3.11 periods), wall: 26.748 minutes, Δt:   1.53, CFL: 7.20e-01
i: 106200, t:  195345.5 s, ωt:  19.53 (3.11 periods), wall: 26.773 minutes, Δt:   1.57, CFL: 7.20e-01
i: 106300, t:  195503.2 s, ωt:  19.55 (3.11 periods), wall: 26.798 minutes, Δt:   1.51, CFL: 7.20e-01
i: 106400, t:  195651.9 s, ωt:  19.57 (3.11 periods), wall: 26.822 minutes, Δt:   1.68, CFL: 7.20e-01
i: 106500, t:  195814.4 s, ωt:  19.58 (3.12 periods), wall: 26.847 minutes, Δt:   1.40, CFL: 7.20e-01
i: 106600, t:  195949.3 s, ωt:  19.59 (3.12 periods), wall: 26.872 minutes, Δt:   1.34, CFL: 7.20e-01
i: 106700, t:  196101.2 s, ωt:  19.61 (3.12 periods), wall: 26.897 minutes, Δt:   1.40, CFL: 7.20e-01
i: 106800, t:  196252.5 s, ωt:  19.63 (3.12 periods), wall: 26.921 minutes, Δt:   1.60, CFL: 7.20e-01
i: 106900, t:  196407.8 s, ωt:  19.64 (3.13 periods), wall: 26.946 minutes, Δt:   1.50, CFL: 7.20e-01
i: 107000, t:  196555.6 s, ωt:  19.66 (3.13 periods), wall: 26.970 minutes, Δt:   1.50, CFL: 7.20e-01
i: 107100, t:  196706.0 s, ωt:  19.67 (3.13 periods), wall: 26.993 minutes, Δt:   1.46, CFL: 7.20e-01
i: 107200, t:  196847.0 s, ωt:  19.68 (3.13 periods), wall: 27.017 minutes, Δt:   1.28, CFL: 7.20e-01
i: 107300, t:  196980.6 s, ωt:  19.70 (3.14 periods), wall: 27.040 minutes, Δt:   1.57, CFL: 7.20e-01
i: 107400, t:  197140.4 s, ωt:  19.71 (3.14 periods), wall: 27.064 minutes, Δt:   1.69, CFL: 7.20e-01
i: 107500, t:  197305.9 s, ωt:  19.73 (3.14 periods), wall: 27.087 minutes, Δt:   1.61, CFL: 7.20e-01
i: 107600, t:  197449.9 s, ωt:  19.74 (3.14 periods), wall: 27.111 minutes, Δt:   1.39, CFL: 7.20e-01
i: 107700, t:  197595.1 s, ωt:  19.76 (3.14 periods), wall: 27.134 minutes, Δt:   1.39, CFL: 7.20e-01
i: 107800, t:  197729.1 s, ωt:  19.77 (3.15 periods), wall: 27.158 minutes, Δt:   1.52, CFL: 7.20e-01
i: 107900, t:  197868.2 s, ωt:  19.79 (3.15 periods), wall: 27.181 minutes, Δt:   1.35, CFL: 7.20e-01
i: 108000, t:  198002.4 s, ωt:  19.80 (3.15 periods), wall: 27.205 minutes, Δt:   1.33, CFL: 7.20e-01
i: 108100, t:  198130.5 s, ωt:  19.81 (3.15 periods), wall: 27.229 minutes, Δt:   1.48, CFL: 7.20e-01
i: 108200, t:  198263.8 s, ωt:  19.83 (3.16 periods), wall: 27.252 minutes, Δt:   1.21, CFL: 7.20e-01
i: 108300, t:  198388.9 s, ωt:  19.84 (3.16 periods), wall: 27.276 minutes, Δt:   1.35, CFL: 7.20e-01
i: 108400, t:  198518.5 s, ωt:  19.85 (3.16 periods), wall: 27.299 minutes, Δt:   1.19, CFL: 7.20e-01
i: 108500, t:  198641.3 s, ωt:  19.86 (3.16 periods), wall: 27.323 minutes, Δt:   1.21, CFL: 7.20e-01
i: 108600, t:  198780.8 s, ωt:  19.88 (3.16 periods), wall: 27.346 minutes, Δt:   1.35, CFL: 7.20e-01
i: 108700, t:  198913.0 s, ωt:  19.89 (3.17 periods), wall: 27.370 minutes, Δt:   1.26, CFL: 7.20e-01
i: 108800, t:  199040.1 s, ωt:  19.90 (3.17 periods), wall: 27.393 minutes, Δt:   1.20, CFL: 7.20e-01
i: 108900, t:  199165.4 s, ωt:  19.92 (3.17 periods), wall: 27.416 minutes, Δt:   1.26, CFL: 7.20e-01
i: 109000, t:  199293.8 s, ωt:  19.93 (3.17 periods), wall: 27.440 minutes, Δt:   1.21, CFL: 7.20e-01
i: 109100, t:  199405.5 s, ωt:  19.94 (3.17 periods), wall: 27.464 minutes, Δt:   1.02, CFL: 7.20e-01
i: 109200, t:  199522.5 s, ωt:  19.95 (3.18 periods), wall: 27.487 minutes, Δt:   1.18, CFL: 7.20e-01
i: 109300, t:  199651.4 s, ωt:  19.97 (3.18 periods), wall: 27.511 minutes, Δt:   1.43, CFL: 7.20e-01
i: 109400, t:  199771.0 s, ωt:  19.98 (3.18 periods), wall: 27.534 minutes, Δt:   1.14, CFL: 7.20e-01
i: 109500, t:  199887.0 s, ωt:  19.99 (3.18 periods), wall: 27.558 minutes, Δt:   1.22, CFL: 7.20e-01
i: 109600, t:  200012.2 s, ωt:  20.00 (3.18 periods), wall: 27.581 minutes, Δt:   1.36, CFL: 7.20e-01
i: 109700, t:  200135.4 s, ωt:  20.01 (3.19 periods), wall: 27.605 minutes, Δt:   1.39, CFL: 7.20e-01
i: 109800, t:  200259.0 s, ωt:  20.03 (3.19 periods), wall: 27.629 minutes, Δt:   1.19, CFL: 7.20e-01
i: 109900, t:  200381.3 s, ωt:  20.04 (3.19 periods), wall: 27.653 minutes, Δt:   1.02, CFL: 7.20e-01
i: 110000, t:  200503.9 s, ωt:  20.05 (3.19 periods), wall: 27.677 minutes, Δt:   1.26, CFL: 7.20e-01
i: 110100, t:  200626.8 s, ωt:  20.06 (3.19 periods), wall: 27.702 minutes, Δt:   1.21, CFL: 7.20e-01
i: 110200, t:  200750.0 s, ωt:  20.08 (3.20 periods), wall: 27.725 minutes, Δt:   1.25, CFL: 7.20e-01
i: 110300, t:  200871.3 s, ωt:  20.09 (3.20 periods), wall: 27.750 minutes, Δt:   1.37, CFL: 7.20e-01
i: 110400, t:  200995.4 s, ωt:  20.10 (3.20 periods), wall: 27.774 minutes, Δt:   1.25, CFL: 7.20e-01
i: 110500, t:  201125.0 s, ωt:  20.11 (3.20 periods), wall: 27.799 minutes, Δt:   1.18, CFL: 7.20e-01
i: 110600, t:  201241.1 s, ωt:  20.12 (3.20 periods), wall: 27.823 minutes, Δt:   1.13, CFL: 7.20e-01
i: 110700, t:  201357.8 s, ωt:  20.14 (3.20 periods), wall: 27.847 minutes, Δt:   1.21, CFL: 7.20e-01
i: 110800, t:  201471.4 s, ωt:  20.15 (3.21 periods), wall: 27.872 minutes, Δt:   1.26, CFL: 7.20e-01
i: 110900, t:  201590.8 s, ωt:  20.16 (3.21 periods), wall: 27.897 minutes, Δt:   0.92, CFL: 7.20e-01
i: 111000, t:  201698.5 s, ωt:  20.17 (3.21 periods), wall: 27.922 minutes, Δt:   1.24, CFL: 7.20e-01
i: 111100, t:  201826.7 s, ωt:  20.18 (3.21 periods), wall: 27.946 minutes, Δt:   1.28, CFL: 7.20e-01
i: 111200, t:  201952.5 s, ωt:  20.20 (3.21 periods), wall: 27.971 minutes, Δt:   1.27, CFL: 7.20e-01
i: 111300, t:  202072.8 s, ωt:  20.21 (3.22 periods), wall: 27.996 minutes, Δt:   1.21, CFL: 7.20e-01
i: 111400, t:  202198.7 s, ωt:  20.22 (3.22 periods), wall: 28.021 minutes, Δt:   1.08, CFL: 7.20e-01
i: 111500, t:  202322.5 s, ωt:  20.23 (3.22 periods), wall: 28.045 minutes, Δt:   1.33, CFL: 7.20e-01
i: 111600, t:  202445.9 s, ωt:  20.24 (3.22 periods), wall: 28.070 minutes, Δt:   1.43, CFL: 7.20e-01
i: 111700, t:  202556.4 s, ωt:  20.26 (3.22 periods), wall: 28.095 minutes, Δt:   1.17, CFL: 7.20e-01
i: 111800, t:  202668.2 s, ωt:  20.27 (3.23 periods), wall: 28.120 minutes, Δt:   1.49, CFL: 7.20e-01
i: 111900, t:  202796.0 s, ωt:  20.28 (3.23 periods), wall: 28.145 minutes, Δt:   1.18, CFL: 7.20e-01
i: 112000, t:  202931.8 s, ωt:  20.29 (3.23 periods), wall: 28.169 minutes, Δt:   1.42, CFL: 7.20e-01
i: 112100, t:  203068.7 s, ωt:  20.31 (3.23 periods), wall: 28.194 minutes, Δt:   1.11, CFL: 7.20e-01
i: 112200, t:  203182.0 s, ωt:  20.32 (3.23 periods), wall: 28.219 minutes, Δt:   1.47, CFL: 7.20e-01
i: 112300, t:  203315.6 s, ωt:  20.33 (3.24 periods), wall: 28.244 minutes, Δt:   1.20, CFL: 7.20e-01
i: 112400, t:  203435.3 s, ωt:  20.34 (3.24 periods), wall: 28.268 minutes, Δt:   1.32, CFL: 7.20e-01
i: 112500, t:  203559.9 s, ωt:  20.36 (3.24 periods), wall: 28.293 minutes, Δt:   1.16, CFL: 7.20e-01
i: 112600, t:  203689.7 s, ωt:  20.37 (3.24 periods), wall: 28.317 minutes, Δt:   1.27, CFL: 7.20e-01
i: 112700, t:  203818.4 s, ωt:  20.38 (3.24 periods), wall: 28.342 minutes, Δt:   1.37, CFL: 7.20e-01
i: 112800, t:  203947.0 s, ωt:  20.39 (3.25 periods), wall: 28.367 minutes, Δt:   1.29, CFL: 7.20e-01
i: 112900, t:  204068.4 s, ωt:  20.41 (3.25 periods), wall: 28.392 minutes, Δt:   1.28, CFL: 7.20e-01
i: 113000, t:  204181.2 s, ωt:  20.42 (3.25 periods), wall: 28.416 minutes, Δt:   1.27, CFL: 7.20e-01
i: 113100, t:  204302.2 s, ωt:  20.43 (3.25 periods), wall: 28.441 minutes, Δt:   1.12, CFL: 7.20e-01
i: 113200, t:  204423.0 s, ωt:  20.44 (3.25 periods), wall: 28.465 minutes, Δt:   1.25, CFL: 7.20e-01
i: 113300, t:  204548.3 s, ωt:  20.45 (3.26 periods), wall: 28.489 minutes, Δt:   1.11, CFL: 7.20e-01
i: 113400, t:  204671.7 s, ωt:  20.47 (3.26 periods), wall: 28.513 minutes, Δt:   1.09, CFL: 7.20e-01
i: 113500, t:  204785.5 s, ωt:  20.48 (3.26 periods), wall: 28.536 minutes, Δt:   1.22, CFL: 7.20e-01
i: 113600, t:  204914.8 s, ωt:  20.49 (3.26 periods), wall: 28.561 minutes, Δt:   1.40, CFL: 7.20e-01
i: 113700, t:  205045.2 s, ωt:  20.50 (3.26 periods), wall: 28.585 minutes, Δt:   1.08, CFL: 7.20e-01
i: 113800, t:  205167.1 s, ωt:  20.52 (3.27 periods), wall: 28.610 minutes, Δt:   1.34, CFL: 7.20e-01
i: 113900, t:  205302.4 s, ωt:  20.53 (3.27 periods), wall: 28.635 minutes, Δt:   1.21, CFL: 7.20e-01
i: 114000, t:  205431.9 s, ωt:  20.54 (3.27 periods), wall: 28.659 minutes, Δt:   1.18, CFL: 7.20e-01
i: 114100, t:  205555.3 s, ωt:  20.56 (3.27 periods), wall: 28.684 minutes, Δt:   1.38, CFL: 7.20e-01
i: 114200, t:  205679.0 s, ωt:  20.57 (3.27 periods), wall: 28.709 minutes, Δt:   1.10, CFL: 7.20e-01
i: 114300, t:  205799.7 s, ωt:  20.58 (3.28 periods), wall: 28.734 minutes, Δt:   1.39, CFL: 7.20e-01
i: 114400, t:  205920.9 s, ωt:  20.59 (3.28 periods), wall: 28.759 minutes, Δt:   1.33, CFL: 7.20e-01
i: 114500, t:  206035.0 s, ωt:  20.60 (3.28 periods), wall: 28.783 minutes, Δt:   1.22, CFL: 7.20e-01
i: 114600, t:  206156.8 s, ωt:  20.62 (3.28 periods), wall: 28.808 minutes, Δt:   1.16, CFL: 7.20e-01
i: 114700, t:  206280.0 s, ωt:  20.63 (3.28 periods), wall: 28.833 minutes, Δt:   1.29, CFL: 7.20e-01
i: 114800, t:  206402.6 s, ωt:  20.64 (3.28 periods), wall: 28.857 minutes, Δt:   1.28, CFL: 7.20e-01
i: 114900, t:  206536.1 s, ωt:  20.65 (3.29 periods), wall: 28.882 minutes, Δt:   1.27, CFL: 7.20e-01
i: 115000, t:  206664.6 s, ωt:  20.67 (3.29 periods), wall: 28.907 minutes, Δt:   1.23, CFL: 7.20e-01
i: 115100, t:  206791.0 s, ωt:  20.68 (3.29 periods), wall: 28.931 minutes, Δt:   1.30, CFL: 7.20e-01
i: 115200, t:  206913.2 s, ωt:  20.69 (3.29 periods), wall: 28.956 minutes, Δt:   1.27, CFL: 7.20e-01
i: 115300, t:  207045.4 s, ωt:  20.70 (3.30 periods), wall: 28.981 minutes, Δt:   1.23, CFL: 7.20e-01
i: 115400, t:  207167.1 s, ωt:  20.72 (3.30 periods), wall: 29.006 minutes, Δt:   1.27, CFL: 7.20e-01
i: 115500, t:  207300.0 s, ωt:  20.73 (3.30 periods), wall: 29.030 minutes, Δt:   1.38, CFL: 7.20e-01
i: 115600, t:  207431.3 s, ωt:  20.74 (3.30 periods), wall: 29.056 minutes, Δt:   1.19, CFL: 7.20e-01
i: 115700, t:  207564.1 s, ωt:  20.76 (3.30 periods), wall: 29.080 minutes, Δt:   1.22, CFL: 7.20e-01
i: 115800, t:  207704.9 s, ωt:  20.77 (3.31 periods), wall: 29.105 minutes, Δt:   1.57, CFL: 7.20e-01
i: 115900, t:  207850.1 s, ωt:  20.79 (3.31 periods), wall: 29.129 minutes, Δt:   1.35, CFL: 7.20e-01
i: 116000, t:  207978.3 s, ωt:  20.80 (3.31 periods), wall: 29.154 minutes, Δt:   1.15, CFL: 7.20e-01
i: 116100, t:  208104.9 s, ωt:  20.81 (3.31 periods), wall: 29.179 minutes, Δt:   1.30, CFL: 7.20e-01
i: 116200, t:  208225.5 s, ωt:  20.82 (3.31 periods), wall: 29.204 minutes, Δt:   1.28, CFL: 7.20e-01
i: 116300, t:  208376.5 s, ωt:  20.84 (3.32 periods), wall: 29.229 minutes, Δt:   1.41, CFL: 7.20e-01
i: 116400, t:  208521.5 s, ωt:  20.85 (3.32 periods), wall: 29.253 minutes, Δt:   1.62, CFL: 7.20e-01
i: 116500, t:  208675.0 s, ωt:  20.87 (3.32 periods), wall: 29.278 minutes, Δt:   1.65, CFL: 7.20e-01
i: 116600, t:  208818.7 s, ωt:  20.88 (3.32 periods), wall: 29.303 minutes, Δt:   1.58, CFL: 7.20e-01
i: 116700, t:  208956.1 s, ωt:  20.90 (3.33 periods), wall: 29.328 minutes, Δt:   1.55, CFL: 7.20e-01
i: 116800, t:  209109.4 s, ωt:  20.91 (3.33 periods), wall: 29.353 minutes, Δt:   1.46, CFL: 7.20e-01
i: 116900, t:  209241.8 s, ωt:  20.92 (3.33 periods), wall: 29.377 minutes, Δt:   1.40, CFL: 7.20e-01
i: 117000, t:  209384.1 s, ωt:  20.94 (3.33 periods), wall: 29.402 minutes, Δt:   1.20, CFL: 7.20e-01
i: 117100, t:  209527.7 s, ωt:  20.95 (3.33 periods), wall: 29.427 minutes, Δt:   1.42, CFL: 7.20e-01
i: 117200, t:  209690.7 s, ωt:  20.97 (3.34 periods), wall: 29.452 minutes, Δt:   1.49, CFL: 7.20e-01
i: 117300, t:  209860.3 s, ωt:  20.99 (3.34 periods), wall: 29.477 minutes, Δt:   1.75, CFL: 7.20e-01
i: 117400, t:  210025.1 s, ωt:  21.00 (3.34 periods), wall: 29.501 minutes, Δt:   1.44, CFL: 7.20e-01
i: 117500, t:  210183.9 s, ωt:  21.02 (3.35 periods), wall: 29.526 minutes, Δt:   1.38, CFL: 7.20e-01
i: 117600, t:  210345.2 s, ωt:  21.03 (3.35 periods), wall: 29.551 minutes, Δt:   1.83, CFL: 7.20e-01
i: 117700, t:  210516.6 s, ωt:  21.05 (3.35 periods), wall: 29.576 minutes, Δt:   1.64, CFL: 7.20e-01
i: 117800, t:  210690.5 s, ωt:  21.07 (3.35 periods), wall: 29.600 minutes, Δt:   1.48, CFL: 7.20e-01
i: 117900, t:  210853.9 s, ωt:  21.09 (3.36 periods), wall: 29.625 minutes, Δt:   1.74, CFL: 7.20e-01
i: 118000, t:  211032.7 s, ωt:  21.10 (3.36 periods), wall: 29.649 minutes, Δt:   1.55, CFL: 7.20e-01
i: 118100, t:  211202.6 s, ωt:  21.12 (3.36 periods), wall: 29.674 minutes, Δt:   1.46, CFL: 7.20e-01
i: 118200, t:  211352.5 s, ωt:  21.14 (3.36 periods), wall: 29.699 minutes, Δt:   1.32, CFL: 7.20e-01
i: 118300, t:  211508.5 s, ωt:  21.15 (3.37 periods), wall: 29.724 minutes, Δt:   1.25, CFL: 7.20e-01
i: 118400, t:  211676.0 s, ωt:  21.17 (3.37 periods), wall: 29.749 minutes, Δt:   2.02, CFL: 7.20e-01
i: 118500, t:  211872.2 s, ωt:  21.19 (3.37 periods), wall: 29.773 minutes, Δt:   1.73, CFL: 7.20e-01
i: 118600, t:  212066.2 s, ωt:  21.21 (3.38 periods), wall: 29.798 minutes, Δt:   2.24, CFL: 7.20e-01
i: 118700, t:  212266.4 s, ωt:  21.23 (3.38 periods), wall: 29.823 minutes, Δt:   1.93, CFL: 7.20e-01
i: 118800, t:  212455.7 s, ωt:  21.25 (3.38 periods), wall: 29.848 minutes, Δt:   1.96, CFL: 7.20e-01
i: 118900, t:  212679.7 s, ωt:  21.27 (3.38 periods), wall: 29.872 minutes, Δt:   2.19, CFL: 7.20e-01
i: 119000, t:  212902.4 s, ωt:  21.29 (3.39 periods), wall: 29.897 minutes, Δt:   2.36, CFL: 7.20e-01
i: 119100, t:  213142.8 s, ωt:  21.31 (3.39 periods), wall: 29.922 minutes, Δt:   2.23, CFL: 7.20e-01
i: 119200, t:  213351.9 s, ωt:  21.34 (3.40 periods), wall: 29.947 minutes, Δt:   2.39, CFL: 7.20e-01
i: 119300, t:  213578.4 s, ωt:  21.36 (3.40 periods), wall: 29.971 minutes, Δt:   2.45, CFL: 7.20e-01
i: 119400, t:  213798.7 s, ωt:  21.38 (3.40 periods), wall: 29.996 minutes, Δt:   2.09, CFL: 7.20e-01
i: 119500, t:  214033.2 s, ωt:  21.40 (3.41 periods), wall: 30.021 minutes, Δt:   2.70, CFL: 7.20e-01
i: 119600, t:  214289.6 s, ωt:  21.43 (3.41 periods), wall: 30.046 minutes, Δt:   2.44, CFL: 7.20e-01
i: 119700, t:  214531.3 s, ωt:  21.45 (3.41 periods), wall: 30.071 minutes, Δt:   1.95, CFL: 7.20e-01
i: 119800, t:  214790.3 s, ωt:  21.48 (3.42 periods), wall: 30.095 minutes, Δt:   2.71, CFL: 7.20e-01
i: 119900, t:  215077.0 s, ωt:  21.51 (3.42 periods), wall: 30.120 minutes, Δt:   2.70, CFL: 7.20e-01
i: 120000, t:  215381.9 s, ωt:  21.54 (3.43 periods), wall: 30.146 minutes, Δt:   3.17, CFL: 7.20e-01
i: 120100, t:  215723.0 s, ωt:  21.57 (3.43 periods), wall: 30.170 minutes, Δt:   3.75, CFL: 7.20e-01
i: 120200, t:  216098.1 s, ωt:  21.61 (3.44 periods), wall: 30.195 minutes, Δt:   3.92, CFL: 7.20e-01
i: 120300, t:  216487.5 s, ωt:  21.65 (3.45 periods), wall: 30.220 minutes, Δt:   4.82, CFL: 7.20e-01
i: 120400, t:  216923.5 s, ωt:  21.69 (3.45 periods), wall: 30.245 minutes, Δt:   4.28, CFL: 7.20e-01
i: 120500, t:  217362.3 s, ωt:  21.74 (3.46 periods), wall: 30.270 minutes, Δt:   4.91, CFL: 7.20e-01
i: 120600, t:  217895.6 s, ωt:  21.79 (3.47 periods), wall: 30.295 minutes, Δt:   4.94, CFL: 7.20e-01
i: 120700, t:  218421.3 s, ωt:  21.84 (3.48 periods), wall: 30.320 minutes, Δt:   6.13, CFL: 7.14e-01
i: 120800, t:  219078.4 s, ωt:  21.91 (3.49 periods), wall: 30.345 minutes, Δt:   7.01, CFL: 7.20e-01
i: 120900, t:  219692.0 s, ωt:  21.97 (3.50 periods), wall: 30.370 minutes, Δt:   7.46, CFL: 7.20e-01
i: 121000, t:  220378.5 s, ωt:  22.04 (3.51 periods), wall: 30.396 minutes, Δt:   6.66, CFL: 7.20e-01
i: 121100, t:  221015.7 s, ωt:  22.10 (3.52 periods), wall: 30.421 minutes, Δt:   5.86, CFL: 7.20e-01
i: 121200, t:  221554.8 s, ωt:  22.16 (3.53 periods), wall: 30.446 minutes, Δt:   5.36, CFL: 7.20e-01
i: 121300, t:  222054.0 s, ωt:  22.21 (3.53 periods), wall: 30.471 minutes, Δt:   4.76, CFL: 7.20e-01
i: 121400, t:  222509.9 s, ωt:  22.25 (3.54 periods), wall: 30.496 minutes, Δt:   3.98, CFL: 7.20e-01
i: 121500, t:  222900.9 s, ωt:  22.29 (3.55 periods), wall: 30.521 minutes, Δt:   3.37, CFL: 7.20e-01
i: 121600, t:  223195.9 s, ωt:  22.32 (3.55 periods), wall: 30.546 minutes, Δt:   2.70, CFL: 7.20e-01
i: 121700, t:  223467.9 s, ωt:  22.35 (3.56 periods), wall: 30.572 minutes, Δt:   2.41, CFL: 7.20e-01
i: 121800, t:  223707.8 s, ωt:  22.37 (3.56 periods), wall: 30.596 minutes, Δt:   2.28, CFL: 7.20e-01
i: 121900, t:  223914.3 s, ωt:  22.39 (3.56 periods), wall: 30.620 minutes, Δt:   1.64, CFL: 7.20e-01
i: 122000, t:  224127.0 s, ωt:  22.41 (3.57 periods), wall: 30.645 minutes, Δt:   2.24, CFL: 7.20e-01
i: 122100, t:  224362.9 s, ωt:  22.44 (3.57 periods), wall: 30.669 minutes, Δt:   1.93, CFL: 7.20e-01
i: 122200, t:  224576.4 s, ωt:  22.46 (3.57 periods), wall: 30.694 minutes, Δt:   2.23, CFL: 7.20e-01
i: 122300, t:  224767.2 s, ωt:  22.48 (3.58 periods), wall: 30.718 minutes, Δt:   2.06, CFL: 7.20e-01
i: 122400, t:  224973.5 s, ωt:  22.50 (3.58 periods), wall: 30.743 minutes, Δt:   2.01, CFL: 7.20e-01
i: 122500, t:  225140.0 s, ωt:  22.51 (3.58 periods), wall: 30.768 minutes, Δt:   1.94, CFL: 7.20e-01
i: 122600, t:  225321.4 s, ωt:  22.53 (3.59 periods), wall: 30.793 minutes, Δt:   1.63, CFL: 7.20e-01
i: 122700, t:  225497.2 s, ωt:  22.55 (3.59 periods), wall: 30.818 minutes, Δt:   1.78, CFL: 7.20e-01
i: 122800, t:  225666.9 s, ωt:  22.57 (3.59 periods), wall: 30.842 minutes, Δt:   1.79, CFL: 7.20e-01
i: 122900, t:  225839.4 s, ωt:  22.58 (3.59 periods), wall: 30.867 minutes, Δt:   1.75, CFL: 7.20e-01
i: 123000, t:  226011.8 s, ωt:  22.60 (3.60 periods), wall: 30.892 minutes, Δt:   1.83, CFL: 7.20e-01
i: 123100, t:  226171.5 s, ωt:  22.62 (3.60 periods), wall: 30.916 minutes, Δt:   1.61, CFL: 7.20e-01
i: 123200, t:  226320.5 s, ωt:  22.63 (3.60 periods), wall: 30.941 minutes, Δt:   1.52, CFL: 7.20e-01
i: 123300, t:  226474.5 s, ωt:  22.65 (3.60 periods), wall: 30.966 minutes, Δt:   1.58, CFL: 7.20e-01
i: 123400, t:  226631.7 s, ωt:  22.66 (3.61 periods), wall: 30.991 minutes, Δt:   1.33, CFL: 7.20e-01
i: 123500, t:  226788.5 s, ωt:  22.68 (3.61 periods), wall: 31.015 minutes, Δt:   1.81, CFL: 7.20e-01
i: 123600, t:  226945.9 s, ωt:  22.69 (3.61 periods), wall: 31.040 minutes, Δt:   1.44, CFL: 7.20e-01
i: 123700, t:  227096.1 s, ωt:  22.71 (3.61 periods), wall: 31.065 minutes, Δt:   1.54, CFL: 7.20e-01
i: 123800, t:  227249.3 s, ωt:  22.72 (3.62 periods), wall: 31.090 minutes, Δt:   1.52, CFL: 7.20e-01
i: 123900, t:  227415.6 s, ωt:  22.74 (3.62 periods), wall: 31.114 minutes, Δt:   1.65, CFL: 7.20e-01
i: 124000, t:  227583.8 s, ωt:  22.76 (3.62 periods), wall: 31.139 minutes, Δt:   1.66, CFL: 7.20e-01
i: 124100, t:  227737.1 s, ωt:  22.77 (3.62 periods), wall: 31.163 minutes, Δt:   1.51, CFL: 7.20e-01
i: 124200, t:  227878.4 s, ωt:  22.79 (3.63 periods), wall: 31.188 minutes, Δt:   1.18, CFL: 7.20e-01
i: 124300, t:  228005.3 s, ωt:  22.80 (3.63 periods), wall: 31.213 minutes, Δt:   1.30, CFL: 7.20e-01
i: 124400, t:  228127.0 s, ωt:  22.81 (3.63 periods), wall: 31.237 minutes, Δt:   1.45, CFL: 7.20e-01
i: 124500, t:  228271.6 s, ωt:  22.83 (3.63 periods), wall: 31.262 minutes, Δt:   1.53, CFL: 7.20e-01
i: 124600, t:  228427.6 s, ωt:  22.84 (3.64 periods), wall: 31.287 minutes, Δt:   1.53, CFL: 7.20e-01
i: 124700, t:  228570.1 s, ωt:  22.86 (3.64 periods), wall: 31.311 minutes, Δt:   1.44, CFL: 7.20e-01
i: 124800, t:  228714.8 s, ωt:  22.87 (3.64 periods), wall: 31.335 minutes, Δt:   1.35, CFL: 7.20e-01
i: 124900, t:  228848.7 s, ωt:  22.88 (3.64 periods), wall: 31.359 minutes, Δt:   1.27, CFL: 7.20e-01
i: 125000, t:  228963.3 s, ωt:  22.90 (3.64 periods), wall: 31.383 minutes, Δt:   1.17, CFL: 7.20e-01
i: 125100, t:  229090.3 s, ωt:  22.91 (3.65 periods), wall: 31.408 minutes, Δt:   1.37, CFL: 7.20e-01
i: 125200, t:  229229.6 s, ωt:  22.92 (3.65 periods), wall: 31.432 minutes, Δt:   1.37, CFL: 7.20e-01
i: 125300, t:  229363.0 s, ωt:  22.94 (3.65 periods), wall: 31.457 minutes, Δt:   1.16, CFL: 7.20e-01
i: 125400, t:  229480.3 s, ωt:  22.95 (3.65 periods), wall: 31.482 minutes, Δt:   1.19, CFL: 7.20e-01
i: 125500, t:  229606.0 s, ωt:  22.96 (3.65 periods), wall: 31.506 minutes, Δt:   1.52, CFL: 7.20e-01
i: 125600, t:  229743.6 s, ωt:  22.97 (3.66 periods), wall: 31.531 minutes, Δt:   1.32, CFL: 7.20e-01
i: 125700, t:  229869.8 s, ωt:  22.99 (3.66 periods), wall: 31.556 minutes, Δt:   1.25, CFL: 7.20e-01
i: 125800, t:  229996.2 s, ωt:  23.00 (3.66 periods), wall: 31.580 minutes, Δt:   1.22, CFL: 7.20e-01
i: 125900, t:  230118.4 s, ωt:  23.01 (3.66 periods), wall: 31.605 minutes, Δt:   1.24, CFL: 7.20e-01
i: 126000, t:  230258.4 s, ωt:  23.03 (3.66 periods), wall: 31.629 minutes, Δt:   1.38, CFL: 7.20e-01
i: 126100, t:  230393.2 s, ωt:  23.04 (3.67 periods), wall: 31.653 minutes, Δt:   1.41, CFL: 7.20e-01
i: 126200, t:  230517.4 s, ωt:  23.05 (3.67 periods), wall: 31.678 minutes, Δt:   1.36, CFL: 7.20e-01
i: 126300, t:  230638.4 s, ωt:  23.06 (3.67 periods), wall: 31.703 minutes, Δt:   1.26, CFL: 7.20e-01
i: 126400, t:  230768.6 s, ωt:  23.08 (3.67 periods), wall: 31.728 minutes, Δt:   1.26, CFL: 7.20e-01
i: 126500, t:  230893.2 s, ωt:  23.09 (3.67 periods), wall: 31.752 minutes, Δt:   1.46, CFL: 7.20e-01
i: 126600, t:  231031.9 s, ωt:  23.10 (3.68 periods), wall: 31.777 minutes, Δt:   1.26, CFL: 7.20e-01
i: 126700, t:  231151.0 s, ωt:  23.12 (3.68 periods), wall: 31.802 minutes, Δt:   1.23, CFL: 7.20e-01
i: 126800, t:  231268.8 s, ωt:  23.13 (3.68 periods), wall: 31.827 minutes, Δt:   1.34, CFL: 7.20e-01
i: 126900, t:  231393.0 s, ωt:  23.14 (3.68 periods), wall: 31.851 minutes, Δt:   1.02, CFL: 7.20e-01
i: 127000, t:  231508.5 s, ωt:  23.15 (3.68 periods), wall: 31.876 minutes, Δt:   1.16, CFL: 7.20e-01
i: 127100, t:  231619.1 s, ωt:  23.16 (3.69 periods), wall: 31.901 minutes, Δt:   1.32, CFL: 7.20e-01
i: 127200, t:  231729.3 s, ωt:  23.17 (3.69 periods), wall: 31.925 minutes, Δt:   0.99, CFL: 7.20e-01
i: 127300, t:  231839.3 s, ωt:  23.18 (3.69 periods), wall: 31.950 minutes, Δt:   1.02, CFL: 7.20e-01
i: 127400, t:  231940.3 s, ωt:  23.19 (3.69 periods), wall: 31.975 minutes, Δt:   1.13, CFL: 7.20e-01
i: 127500, t:  232064.8 s, ωt:  23.21 (3.69 periods), wall: 32.000 minutes, Δt:   1.39, CFL: 7.20e-01
i: 127600, t:  232197.4 s, ωt:  23.22 (3.70 periods), wall: 32.025 minutes, Δt:   1.25, CFL: 7.20e-01
i: 127700, t:  232318.9 s, ωt:  23.23 (3.70 periods), wall: 32.049 minutes, Δt:   1.16, CFL: 7.20e-01
i: 127800, t:  232442.5 s, ωt:  23.24 (3.70 periods), wall: 32.074 minutes, Δt:   1.25, CFL: 7.20e-01
i: 127900, t:  232557.4 s, ωt:  23.26 (3.70 periods), wall: 32.099 minutes, Δt:   1.13, CFL: 7.20e-01
i: 128000, t:  232672.4 s, ωt:  23.27 (3.70 periods), wall: 32.124 minutes, Δt:   1.12, CFL: 7.20e-01
i: 128100, t:  232791.7 s, ωt:  23.28 (3.70 periods), wall: 32.148 minutes, Δt:   1.36, CFL: 7.20e-01
i: 128200, t:  232897.8 s, ωt:  23.29 (3.71 periods), wall: 32.172 minutes, Δt:   0.96, CFL: 7.20e-01
i: 128300, t:  233006.3 s, ωt:  23.30 (3.71 periods), wall: 32.197 minutes, Δt:   1.04, CFL: 7.20e-01
i: 128400, t:  233128.5 s, ωt:  23.31 (3.71 periods), wall: 32.221 minutes, Δt:   1.11, CFL: 7.20e-01
i: 128500, t:  233246.2 s, ωt:  23.32 (3.71 periods), wall: 32.245 minutes, Δt:   1.20, CFL: 7.20e-01
i: 128600, t:  233357.3 s, ωt:  23.34 (3.71 periods), wall: 32.270 minutes, Δt:   0.93, CFL: 7.20e-01
i: 128700, t:  233464.2 s, ωt:  23.35 (3.72 periods), wall: 32.295 minutes, Δt:   1.07, CFL: 7.20e-01
i: 128800, t:  233582.6 s, ωt:  23.36 (3.72 periods), wall: 32.319 minutes, Δt:   1.02, CFL: 7.20e-01
i: 128900, t:  233679.9 s, ωt:  23.37 (3.72 periods), wall: 32.343 minutes, Δt:   0.98, CFL: 7.20e-01
i: 129000, t:  233787.5 s, ωt:  23.38 (3.72 periods), wall: 32.367 minutes, Δt:   1.13, CFL: 7.20e-01
i: 129100, t:  233903.1 s, ωt:  23.39 (3.72 periods), wall: 32.391 minutes, Δt:   1.17, CFL: 7.20e-01
i: 129200, t:  234027.7 s, ωt:  23.40 (3.72 periods), wall: 32.415 minutes, Δt:   1.18, CFL: 7.20e-01
i: 129300, t:  234149.7 s, ωt:  23.41 (3.73 periods), wall: 32.438 minutes, Δt:   0.96, CFL: 7.20e-01
i: 129400, t:  234265.8 s, ωt:  23.43 (3.73 periods), wall: 32.462 minutes, Δt:   1.07, CFL: 7.20e-01
i: 129500, t:  234367.0 s, ωt:  23.44 (3.73 periods), wall: 32.485 minutes, Δt:   1.11, CFL: 7.20e-01
i: 129600, t:  234489.2 s, ωt:  23.45 (3.73 periods), wall: 32.509 minutes, Δt:   1.10, CFL: 7.20e-01
i: 129700, t:  234601.5 s, ωt:  23.46 (3.73 periods), wall: 32.533 minutes, Δt:   1.36, CFL: 7.20e-01
i: 129800, t:  234717.9 s, ωt:  23.47 (3.74 periods), wall: 32.557 minutes, Δt:   0.95, CFL: 7.20e-01
i: 129900, t:  234828.0 s, ωt:  23.48 (3.74 periods), wall: 32.582 minutes, Δt:   1.19, CFL: 7.20e-01
i: 130000, t:  234943.6 s, ωt:  23.49 (3.74 periods), wall: 32.606 minutes, Δt:   1.22, CFL: 7.20e-01
i: 130100, t:  235057.3 s, ωt:  23.51 (3.74 periods), wall: 32.630 minutes, Δt:   0.91, CFL: 7.20e-01
i: 130200, t:  235168.8 s, ωt:  23.52 (3.74 periods), wall: 32.655 minutes, Δt:   1.28, CFL: 7.20e-01
i: 130300, t:  235288.4 s, ωt:  23.53 (3.74 periods), wall: 32.679 minutes, Δt:   1.20, CFL: 7.20e-01
i: 130400, t:  235408.4 s, ωt:  23.54 (3.75 periods), wall: 32.704 minutes, Δt:   1.29, CFL: 7.20e-01
i: 130500, t:  235534.7 s, ωt:  23.55 (3.75 periods), wall: 32.729 minutes, Δt:   1.21, CFL: 7.20e-01
i: 130600, t:  235663.2 s, ωt:  23.57 (3.75 periods), wall: 32.754 minutes, Δt:   1.31, CFL: 7.20e-01
i: 130700, t:  235792.0 s, ωt:  23.58 (3.75 periods), wall: 32.779 minutes, Δt:   1.33, CFL: 7.20e-01
i: 130800, t:  235922.0 s, ωt:  23.59 (3.75 periods), wall: 32.803 minutes, Δt:   1.25, CFL: 7.20e-01
i: 130900, t:  236029.0 s, ωt:  23.60 (3.76 periods), wall: 32.829 minutes, Δt:   1.05, CFL: 7.20e-01
i: 131000, t:  236134.7 s, ωt:  23.61 (3.76 periods), wall: 32.853 minutes, Δt:   1.32, CFL: 7.20e-01
i: 131100, t:  236255.6 s, ωt:  23.63 (3.76 periods), wall: 32.878 minutes, Δt:   1.10, CFL: 7.20e-01
i: 131200, t:  236371.2 s, ωt:  23.64 (3.76 periods), wall: 32.903 minutes, Δt:   1.11, CFL: 7.20e-01
i: 131300, t:  236490.7 s, ωt:  23.65 (3.76 periods), wall: 32.927 minutes, Δt:   1.34, CFL: 7.20e-01
i: 131400, t:  236618.9 s, ωt:  23.66 (3.77 periods), wall: 32.952 minutes, Δt:   1.30, CFL: 7.20e-01
i: 131500, t:  236739.1 s, ωt:  23.67 (3.77 periods), wall: 32.977 minutes, Δt:   1.34, CFL: 7.20e-01
i: 131600, t:  236851.5 s, ωt:  23.69 (3.77 periods), wall: 33.001 minutes, Δt:   1.31, CFL: 7.20e-01
i: 131700, t:  236970.7 s, ωt:  23.70 (3.77 periods), wall: 33.026 minutes, Δt:   1.34, CFL: 7.20e-01
i: 131800, t:  237110.1 s, ωt:  23.71 (3.77 periods), wall: 33.051 minutes, Δt:   1.30, CFL: 7.20e-01
i: 131900, t:  237234.9 s, ωt:  23.72 (3.78 periods), wall: 33.076 minutes, Δt:   1.24, CFL: 7.20e-01
i: 132000, t:  237347.7 s, ωt:  23.73 (3.78 periods), wall: 33.100 minutes, Δt:   1.05, CFL: 7.20e-01
i: 132100, t:  237461.4 s, ωt:  23.75 (3.78 periods), wall: 33.124 minutes, Δt:   1.22, CFL: 7.20e-01
i: 132200, t:  237576.9 s, ωt:  23.76 (3.78 periods), wall: 33.149 minutes, Δt:   1.07, CFL: 7.20e-01
i: 132300, t:  237693.0 s, ωt:  23.77 (3.78 periods), wall: 33.173 minutes, Δt:   1.04, CFL: 7.20e-01
i: 132400, t:  237809.2 s, ωt:  23.78 (3.78 periods), wall: 33.197 minutes, Δt:   1.25, CFL: 7.20e-01
i: 132500, t:  237939.1 s, ωt:  23.79 (3.79 periods), wall: 33.221 minutes, Δt:   1.40, CFL: 7.20e-01
i: 132600, t:  238080.5 s, ωt:  23.81 (3.79 periods), wall: 33.245 minutes, Δt:   1.28, CFL: 7.20e-01
i: 132700, t:  238205.6 s, ωt:  23.82 (3.79 periods), wall: 33.270 minutes, Δt:   1.12, CFL: 7.20e-01
i: 132800, t:  238330.0 s, ωt:  23.83 (3.79 periods), wall: 33.295 minutes, Δt:   1.27, CFL: 7.20e-01
i: 132900, t:  238459.2 s, ωt:  23.85 (3.80 periods), wall: 33.320 minutes, Δt:   1.32, CFL: 7.20e-01
i: 133000, t:  238585.0 s, ωt:  23.86 (3.80 periods), wall: 33.344 minutes, Δt:   1.32, CFL: 7.20e-01
i: 133100, t:  238703.4 s, ωt:  23.87 (3.80 periods), wall: 33.368 minutes, Δt:   1.33, CFL: 7.20e-01
i: 133200, t:  238831.4 s, ωt:  23.88 (3.80 periods), wall: 33.392 minutes, Δt:   1.17, CFL: 7.20e-01
i: 133300, t:  238952.3 s, ωt:  23.90 (3.80 periods), wall: 33.417 minutes, Δt:   1.25, CFL: 7.20e-01
i: 133400, t:  239083.6 s, ωt:  23.91 (3.81 periods), wall: 33.441 minutes, Δt:   1.37, CFL: 7.20e-01
i: 133500, t:  239219.4 s, ωt:  23.92 (3.81 periods), wall: 33.465 minutes, Δt:   1.59, CFL: 7.20e-01
i: 133600, t:  239362.7 s, ωt:  23.94 (3.81 periods), wall: 33.490 minutes, Δt:   1.59, CFL: 7.20e-01
i: 133700, t:  239505.7 s, ωt:  23.95 (3.81 periods), wall: 33.515 minutes, Δt:   1.26, CFL: 7.20e-01
i: 133800, t:  239648.0 s, ωt:  23.96 (3.81 periods), wall: 33.539 minutes, Δt:   1.59, CFL: 7.20e-01
i: 133900, t:  239788.7 s, ωt:  23.98 (3.82 periods), wall: 33.564 minutes, Δt:   1.50, CFL: 7.20e-01
i: 134000, t:  239935.4 s, ωt:  23.99 (3.82 periods), wall: 33.589 minutes, Δt:   1.54, CFL: 7.20e-01
i: 134100, t:  240063.4 s, ωt:  24.01 (3.82 periods), wall: 33.614 minutes, Δt:   1.43, CFL: 7.20e-01
i: 134200, t:  240194.2 s, ωt:  24.02 (3.82 periods), wall: 33.638 minutes, Δt:   1.27, CFL: 7.20e-01
i: 134300, t:  240326.7 s, ωt:  24.03 (3.82 periods), wall: 33.663 minutes, Δt:   1.51, CFL: 7.20e-01
i: 134400, t:  240468.6 s, ωt:  24.05 (3.83 periods), wall: 33.688 minutes, Δt:   1.38, CFL: 7.20e-01
i: 134500, t:  240620.2 s, ωt:  24.06 (3.83 periods), wall: 33.711 minutes, Δt:   1.47, CFL: 7.20e-01
i: 134600, t:  240773.9 s, ωt:  24.08 (3.83 periods), wall: 33.735 minutes, Δt:   1.53, CFL: 7.20e-01
i: 134700, t:  240922.8 s, ωt:  24.09 (3.83 periods), wall: 33.758 minutes, Δt:   1.64, CFL: 7.20e-01
i: 134800, t:  241079.9 s, ωt:  24.11 (3.84 periods), wall: 33.783 minutes, Δt:   1.55, CFL: 7.20e-01
i: 134900, t:  241227.1 s, ωt:  24.12 (3.84 periods), wall: 33.808 minutes, Δt:   1.27, CFL: 7.20e-01
i: 135000, t:  241360.8 s, ωt:  24.14 (3.84 periods), wall: 33.833 minutes, Δt:   1.19, CFL: 7.20e-01
i: 135100, t:  241498.3 s, ωt:  24.15 (3.84 periods), wall: 33.858 minutes, Δt:   1.17, CFL: 7.20e-01
i: 135200, t:  241646.0 s, ωt:  24.16 (3.85 periods), wall: 33.883 minutes, Δt:   1.57, CFL: 7.20e-01
i: 135300, t:  241805.4 s, ωt:  24.18 (3.85 periods), wall: 33.907 minutes, Δt:   1.61, CFL: 7.20e-01
i: 135400, t:  241966.7 s, ωt:  24.20 (3.85 periods), wall: 33.932 minutes, Δt:   1.68, CFL: 7.20e-01
i: 135500, t:  242108.2 s, ωt:  24.21 (3.85 periods), wall: 33.957 minutes, Δt:   1.66, CFL: 7.20e-01
i: 135600, t:  242278.8 s, ωt:  24.23 (3.86 periods), wall: 33.982 minutes, Δt:   1.62, CFL: 7.20e-01
i: 135700, t:  242452.0 s, ωt:  24.25 (3.86 periods), wall: 34.007 minutes, Δt:   1.86, CFL: 7.20e-01
i: 135800, t:  242620.8 s, ωt:  24.26 (3.86 periods), wall: 34.031 minutes, Δt:   1.79, CFL: 7.20e-01
i: 135900, t:  242809.3 s, ωt:  24.28 (3.86 periods), wall: 34.056 minutes, Δt:   2.07, CFL: 7.20e-01
i: 136000, t:  243002.6 s, ωt:  24.30 (3.87 periods), wall: 34.081 minutes, Δt:   2.22, CFL: 7.20e-01
i: 136100, t:  243213.1 s, ωt:  24.32 (3.87 periods), wall: 34.105 minutes, Δt:   2.30, CFL: 7.20e-01
i: 136200, t:  243424.0 s, ωt:  24.34 (3.87 periods), wall: 34.130 minutes, Δt:   2.03, CFL: 7.20e-01
i: 136300, t:  243609.1 s, ωt:  24.36 (3.88 periods), wall: 34.155 minutes, Δt:   1.80, CFL: 7.20e-01
i: 136400, t:  243792.9 s, ωt:  24.38 (3.88 periods), wall: 34.180 minutes, Δt:   1.63, CFL: 7.20e-01
i: 136500, t:  243971.6 s, ωt:  24.40 (3.88 periods), wall: 34.205 minutes, Δt:   1.65, CFL: 7.20e-01
i: 136600, t:  244165.7 s, ωt:  24.42 (3.89 periods), wall: 34.230 minutes, Δt:   1.87, CFL: 7.20e-01
i: 136700, t:  244365.0 s, ωt:  24.44 (3.89 periods), wall: 34.255 minutes, Δt:   1.94, CFL: 7.20e-01
i: 136800, t:  244565.7 s, ωt:  24.46 (3.89 periods), wall: 34.280 minutes, Δt:   2.40, CFL: 7.20e-01
i: 136900, t:  244797.8 s, ωt:  24.48 (3.90 periods), wall: 34.304 minutes, Δt:   2.02, CFL: 7.20e-01
i: 137000, t:  245006.7 s, ωt:  24.50 (3.90 periods), wall: 34.328 minutes, Δt:   2.34, CFL: 7.20e-01
i: 137100, t:  245241.3 s, ωt:  24.52 (3.90 periods), wall: 34.352 minutes, Δt:   2.07, CFL: 7.20e-01
i: 137200, t:  245469.6 s, ωt:  24.55 (3.91 periods), wall: 34.377 minutes, Δt:   1.99, CFL: 7.20e-01
i: 137300, t:  245704.8 s, ωt:  24.57 (3.91 periods), wall: 34.402 minutes, Δt:   2.43, CFL: 7.20e-01
i: 137400, t:  245971.6 s, ωt:  24.60 (3.91 periods), wall: 34.427 minutes, Δt:   2.77, CFL: 7.20e-01
i: 137500, t:  246259.8 s, ωt:  24.63 (3.92 periods), wall: 34.452 minutes, Δt:   2.61, CFL: 7.20e-01
i: 137600, t:  246521.4 s, ωt:  24.65 (3.92 periods), wall: 34.477 minutes, Δt:   2.49, CFL: 7.20e-01
i: 137700, t:  246778.9 s, ωt:  24.68 (3.93 periods), wall: 34.502 minutes, Δt:   3.02, CFL: 6.94e-01
i: 137800, t:  247074.4 s, ωt:  24.71 (3.93 periods), wall: 34.527 minutes, Δt:   2.99, CFL: 7.20e-01
i: 137900, t:  247404.1 s, ωt:  24.74 (3.94 periods), wall: 34.552 minutes, Δt:   3.56, CFL: 7.20e-01
i: 138000, t:  247770.6 s, ωt:  24.78 (3.94 periods), wall: 34.576 minutes, Δt:   3.28, CFL: 7.20e-01
i: 138100, t:  248123.0 s, ωt:  24.81 (3.95 periods), wall: 34.601 minutes, Δt:   3.99, CFL: 7.20e-01
i: 138200, t:  248485.0 s, ωt:  24.85 (3.95 periods), wall: 34.626 minutes, Δt:   2.99, CFL: 7.20e-01
i: 138300, t:  248872.1 s, ωt:  24.89 (3.96 periods), wall: 34.651 minutes, Δt:   4.82, CFL: 7.20e-01
i: 138400, t:  249419.4 s, ωt:  24.94 (3.97 periods), wall: 34.676 minutes, Δt:   6.35, CFL: 7.20e-01
i: 138500, t:  250054.9 s, ωt:  25.01 (3.98 periods), wall: 34.701 minutes, Δt:   7.15, CFL: 7.20e-01
i: 138600, t:  250739.9 s, ωt:  25.07 (3.99 periods), wall: 34.726 minutes, Δt:   7.40, CFL: 7.20e-01
i: 138700, t:  251422.8 s, ωt:  25.14 (4.00 periods), wall: 34.752 minutes, Δt:   6.70, CFL: 7.20e-01
i: 138800, t:  252051.5 s, ωt:  25.21 (4.01 periods), wall: 34.778 minutes, Δt:   6.33, CFL: 7.20e-01
i: 138900, t:  252654.0 s, ωt:  25.27 (4.02 periods), wall: 34.803 minutes, Δt:   5.56, CFL: 7.20e-01
i: 139000, t:  253207.8 s, ωt:  25.32 (4.03 periods), wall: 34.828 minutes, Δt:   5.28, CFL: 7.20e-01
i: 139100, t:  253670.2 s, ωt:  25.37 (4.04 periods), wall: 34.853 minutes, Δt:   4.43, CFL: 7.20e-01
i: 139200, t:  254107.8 s, ωt:  25.41 (4.04 periods), wall: 34.878 minutes, Δt:   4.12, CFL: 7.20e-01
i: 139300, t:  254461.1 s, ωt:  25.45 (4.05 periods), wall: 34.903 minutes, Δt:   2.98, CFL: 7.20e-01
i: 139400, t:  254744.9 s, ωt:  25.47 (4.05 periods), wall: 34.928 minutes, Δt:   2.97, CFL: 7.20e-01
i: 139500, t:  255015.4 s, ωt:  25.50 (4.06 periods), wall: 34.953 minutes, Δt:   2.42, CFL: 7.20e-01
i: 139600, t:  255263.7 s, ωt:  25.53 (4.06 periods), wall: 34.978 minutes, Δt:   2.64, CFL: 7.20e-01
i: 139700, t:  255512.4 s, ωt:  25.55 (4.07 periods), wall: 35.002 minutes, Δt:   2.39, CFL: 7.20e-01
i: 139800, t:  255734.2 s, ωt:  25.57 (4.07 periods), wall: 35.027 minutes, Δt:   2.12, CFL: 7.20e-01
i: 139900, t:  255952.1 s, ωt:  25.60 (4.07 periods), wall: 35.052 minutes, Δt:   2.00, CFL: 7.20e-01
i: 140000, t:  256149.1 s, ωt:  25.61 (4.08 periods), wall: 35.077 minutes, Δt:   2.18, CFL: 7.20e-01
i: 140100, t:  256355.9 s, ωt:  25.64 (4.08 periods), wall: 35.102 minutes, Δt:   1.68, CFL: 7.20e-01
i: 140200, t:  256535.2 s, ωt:  25.65 (4.08 periods), wall: 35.127 minutes, Δt:   1.70, CFL: 7.20e-01
i: 140300, t:  256726.5 s, ωt:  25.67 (4.09 periods), wall: 35.151 minutes, Δt:   1.87, CFL: 7.20e-01
i: 140400, t:  256902.8 s, ωt:  25.69 (4.09 periods), wall: 35.176 minutes, Δt:   1.91, CFL: 7.20e-01
i: 140500, t:  257095.5 s, ωt:  25.71 (4.09 periods), wall: 35.201 minutes, Δt:   1.96, CFL: 7.20e-01
i: 140600, t:  257278.1 s, ωt:  25.73 (4.09 periods), wall: 35.226 minutes, Δt:   1.78, CFL: 7.20e-01
i: 140700, t:  257450.0 s, ωt:  25.75 (4.10 periods), wall: 35.251 minutes, Δt:   1.77, CFL: 7.20e-01
i: 140800, t:  257610.6 s, ωt:  25.76 (4.10 periods), wall: 35.276 minutes, Δt:   1.69, CFL: 7.20e-01
i: 140900, t:  257778.2 s, ωt:  25.78 (4.10 periods), wall: 35.301 minutes, Δt:   1.79, CFL: 7.20e-01
i: 141000, t:  257944.9 s, ωt:  25.79 (4.11 periods), wall: 35.325 minutes, Δt:   1.45, CFL: 7.20e-01
i: 141100, t:  258110.4 s, ωt:  25.81 (4.11 periods), wall: 35.350 minutes, Δt:   1.84, CFL: 7.20e-01
i: 141200, t:  258277.3 s, ωt:  25.83 (4.11 periods), wall: 35.375 minutes, Δt:   1.60, CFL: 7.20e-01
i: 141300, t:  258425.0 s, ωt:  25.84 (4.11 periods), wall: 35.400 minutes, Δt:   1.43, CFL: 7.20e-01
i: 141400, t:  258574.9 s, ωt:  25.86 (4.12 periods), wall: 35.425 minutes, Δt:   1.50, CFL: 7.20e-01
i: 141500, t:  258727.0 s, ωt:  25.87 (4.12 periods), wall: 35.449 minutes, Δt:   1.46, CFL: 7.20e-01
i: 141600, t:  258884.9 s, ωt:  25.89 (4.12 periods), wall: 35.474 minutes, Δt:   1.52, CFL: 7.20e-01
i: 141700, t:  259052.0 s, ωt:  25.91 (4.12 periods), wall: 35.499 minutes, Δt:   1.58, CFL: 7.20e-01
i: 141800, t:  259197.8 s, ωt:  25.92 (4.13 periods), wall: 35.524 minutes, Δt:   1.44, CFL: 7.20e-01
i: 141900, t:  259348.1 s, ωt:  25.93 (4.13 periods), wall: 35.549 minutes, Δt:   1.29, CFL: 7.20e-01
i: 142000, t:  259489.1 s, ωt:  25.95 (4.13 periods), wall: 35.573 minutes, Δt:   1.62, CFL: 7.20e-01
i: 142100, t:  259639.8 s, ωt:  25.96 (4.13 periods), wall: 35.598 minutes, Δt:   1.51, CFL: 7.20e-01
i: 142200, t:  259802.8 s, ωt:  25.98 (4.13 periods), wall: 35.623 minutes, Δt:   1.63, CFL: 7.20e-01
i: 142300, t:  259948.1 s, ωt:  25.99 (4.14 periods), wall: 35.648 minutes, Δt:   1.64, CFL: 7.20e-01
i: 142400, t:  260087.4 s, ωt:  26.01 (4.14 periods), wall: 35.672 minutes, Δt:   1.53, CFL: 7.20e-01
i: 142500, t:  260237.2 s, ωt:  26.02 (4.14 periods), wall: 35.697 minutes, Δt:   1.46, CFL: 7.20e-01
i: 142600, t:  260381.9 s, ωt:  26.04 (4.14 periods), wall: 35.722 minutes, Δt:   1.26, CFL: 7.20e-01
i: 142700, t:  260506.3 s, ωt:  26.05 (4.15 periods), wall: 35.747 minutes, Δt:   1.39, CFL: 7.20e-01
i: 142800, t:  260640.1 s, ωt:  26.06 (4.15 periods), wall: 35.771 minutes, Δt:   1.39, CFL: 7.20e-01
i: 142900, t:  260768.9 s, ωt:  26.08 (4.15 periods), wall: 35.796 minutes, Δt:   1.51, CFL: 7.20e-01
i: 143000, t:  260907.2 s, ωt:  26.09 (4.15 periods), wall: 35.821 minutes, Δt:   1.35, CFL: 7.20e-01
i: 143100, t:  261038.6 s, ωt:  26.10 (4.15 periods), wall: 35.845 minutes, Δt:   1.42, CFL: 7.20e-01
i: 143200, t:  261163.3 s, ωt:  26.12 (4.16 periods), wall: 35.870 minutes, Δt:   1.20, CFL: 7.20e-01
i: 143300, t:  261296.9 s, ωt:  26.13 (4.16 periods), wall: 35.895 minutes, Δt:   1.35, CFL: 7.20e-01
i: 143400, t:  261426.0 s, ωt:  26.14 (4.16 periods), wall: 35.920 minutes, Δt:   1.28, CFL: 7.20e-01
i: 143500, t:  261548.1 s, ωt:  26.15 (4.16 periods), wall: 35.944 minutes, Δt:   1.30, CFL: 7.20e-01
i: 143600, t:  261673.1 s, ωt:  26.17 (4.16 periods), wall: 35.969 minutes, Δt:   1.40, CFL: 7.20e-01
i: 143700, t:  261798.6 s, ωt:  26.18 (4.17 periods), wall: 35.994 minutes, Δt:   1.26, CFL: 7.20e-01
i: 143800, t:  261926.9 s, ωt:  26.19 (4.17 periods), wall: 36.019 minutes, Δt:   1.32, CFL: 7.20e-01
i: 143900, t:  262052.3 s, ωt:  26.21 (4.17 periods), wall: 36.044 minutes, Δt:   1.18, CFL: 7.20e-01
i: 144000, t:  262178.9 s, ωt:  26.22 (4.17 periods), wall: 36.068 minutes, Δt:   1.27, CFL: 7.20e-01
i: 144100, t:  262291.9 s, ωt:  26.23 (4.17 periods), wall: 36.093 minutes, Δt:   1.01, CFL: 7.20e-01
i: 144200, t:  262394.3 s, ωt:  26.24 (4.18 periods), wall: 36.118 minutes, Δt:   0.86, CFL: 7.20e-01
i: 144300, t:  262473.7 s, ωt:  26.25 (4.18 periods), wall: 36.143 minutes, Δt:   0.87, CFL: 7.20e-01
i: 144400, t:  262584.0 s, ωt:  26.26 (4.18 periods), wall: 36.167 minutes, Δt:   1.31, CFL: 7.20e-01
i: 144500, t:  262708.8 s, ωt:  26.27 (4.18 periods), wall: 36.192 minutes, Δt:   1.19, CFL: 7.20e-01
i: 144600, t:  262827.0 s, ωt:  26.28 (4.18 periods), wall: 36.217 minutes, Δt:   1.14, CFL: 7.20e-01
i: 144700, t:  262947.4 s, ωt:  26.29 (4.18 periods), wall: 36.242 minutes, Δt:   1.32, CFL: 7.20e-01
i: 144800, t:  263061.6 s, ωt:  26.31 (4.19 periods), wall: 36.267 minutes, Δt:   1.18, CFL: 7.20e-01
i: 144900, t:  263193.3 s, ωt:  26.32 (4.19 periods), wall: 36.291 minutes, Δt:   1.40, CFL: 7.20e-01
i: 145000, t:  263320.5 s, ωt:  26.33 (4.19 periods), wall: 36.315 minutes, Δt:   1.04, CFL: 7.20e-01
i: 145100, t:  263436.1 s, ωt:  26.34 (4.19 periods), wall: 36.340 minutes, Δt:   1.32, CFL: 7.20e-01
i: 145200, t:  263555.6 s, ωt:  26.36 (4.19 periods), wall: 36.364 minutes, Δt:   1.13, CFL: 7.20e-01
i: 145300, t:  263671.9 s, ωt:  26.37 (4.20 periods), wall: 36.388 minutes, Δt:   1.39, CFL: 7.20e-01
i: 145400, t:  263797.0 s, ωt:  26.38 (4.20 periods), wall: 36.412 minutes, Δt:   1.29, CFL: 7.20e-01
i: 145500, t:  263918.0 s, ωt:  26.39 (4.20 periods), wall: 36.435 minutes, Δt:   1.10, CFL: 7.20e-01
i: 145600, t:  264035.6 s, ωt:  26.40 (4.20 periods), wall: 36.460 minutes, Δt:   1.32, CFL: 7.20e-01
i: 145700, t:  264161.4 s, ωt:  26.42 (4.20 periods), wall: 36.484 minutes, Δt:   1.28, CFL: 7.20e-01
i: 145800, t:  264289.4 s, ωt:  26.43 (4.21 periods), wall: 36.508 minutes, Δt:   1.45, CFL: 7.20e-01
i: 145900, t:  264422.1 s, ωt:  26.44 (4.21 periods), wall: 36.532 minutes, Δt:   1.21, CFL: 7.20e-01
i: 146000, t:  264547.2 s, ωt:  26.45 (4.21 periods), wall: 36.556 minutes, Δt:   1.35, CFL: 7.20e-01
i: 146100, t:  264675.0 s, ωt:  26.47 (4.21 periods), wall: 36.580 minutes, Δt:   1.36, CFL: 7.20e-01
i: 146200, t:  264809.6 s, ωt:  26.48 (4.21 periods), wall: 36.603 minutes, Δt:   1.38, CFL: 7.20e-01
i: 146300, t:  264939.7 s, ωt:  26.49 (4.22 periods), wall: 36.628 minutes, Δt:   1.17, CFL: 7.20e-01
i: 146400, t:  265060.2 s, ωt:  26.51 (4.22 periods), wall: 36.652 minutes, Δt:   1.15, CFL: 7.20e-01
i: 146500, t:  265183.2 s, ωt:  26.52 (4.22 periods), wall: 36.677 minutes, Δt:   1.15, CFL: 7.20e-01
i: 146600, t:  265303.8 s, ωt:  26.53 (4.22 periods), wall: 36.701 minutes, Δt:   1.16, CFL: 7.20e-01
i: 146700, t:  265412.6 s, ωt:  26.54 (4.22 periods), wall: 36.726 minutes, Δt:   1.19, CFL: 7.20e-01
i: 146800, t:  265529.8 s, ωt:  26.55 (4.23 periods), wall: 36.750 minutes, Δt:   1.16, CFL: 7.20e-01
i: 146900, t:  265649.0 s, ωt:  26.56 (4.23 periods), wall: 36.775 minutes, Δt:   1.23, CFL: 7.20e-01
i: 147000, t:  265770.6 s, ωt:  26.58 (4.23 periods), wall: 36.800 minutes, Δt:   1.18, CFL: 7.20e-01
i: 147100, t:  265885.1 s, ωt:  26.59 (4.23 periods), wall: 36.825 minutes, Δt:   1.00, CFL: 7.20e-01
i: 147200, t:  265993.9 s, ωt:  26.60 (4.23 periods), wall: 36.849 minutes, Δt:   1.19, CFL: 7.20e-01
i: 147300, t:  266111.2 s, ωt:  26.61 (4.24 periods), wall: 36.874 minutes, Δt:   1.16, CFL: 7.20e-01
i: 147400, t:  266223.1 s, ωt:  26.62 (4.24 periods), wall: 36.898 minutes, Δt:   1.50, CFL: 7.20e-01
i: 147500, t:  266356.1 s, ωt:  26.64 (4.24 periods), wall: 36.923 minutes, Δt:   1.04, CFL: 7.20e-01
i: 147600, t:  266468.0 s, ωt:  26.65 (4.24 periods), wall: 36.947 minutes, Δt:   1.26, CFL: 7.20e-01
i: 147700, t:  266598.6 s, ωt:  26.66 (4.24 periods), wall: 36.972 minutes, Δt:   1.34, CFL: 7.20e-01
i: 147800, t:  266737.4 s, ωt:  26.67 (4.25 periods), wall: 36.996 minutes, Δt:   1.62, CFL: 7.20e-01
i: 147900, t:  266874.0 s, ωt:  26.69 (4.25 periods), wall: 37.021 minutes, Δt:   1.36, CFL: 7.20e-01
i: 148000, t:  266997.0 s, ωt:  26.70 (4.25 periods), wall: 37.046 minutes, Δt:   1.27, CFL: 7.20e-01
i: 148100, t:  267115.1 s, ωt:  26.71 (4.25 periods), wall: 37.071 minutes, Δt:   1.05, CFL: 7.20e-01
i: 148200, t:  267225.2 s, ωt:  26.72 (4.25 periods), wall: 37.095 minutes, Δt:   1.02, CFL: 7.20e-01
i: 148300, t:  267339.0 s, ωt:  26.73 (4.25 periods), wall: 37.120 minutes, Δt:   1.22, CFL: 7.20e-01
i: 148400, t:  267455.7 s, ωt:  26.75 (4.26 periods), wall: 37.145 minutes, Δt:   1.39, CFL: 7.20e-01
i: 148500, t:  267578.6 s, ωt:  26.76 (4.26 periods), wall: 37.170 minutes, Δt:   1.22, CFL: 7.20e-01
i: 148600, t:  267698.2 s, ωt:  26.77 (4.26 periods), wall: 37.195 minutes, Δt:   1.03, CFL: 7.20e-01
i: 148700, t:  267824.8 s, ωt:  26.78 (4.26 periods), wall: 37.219 minutes, Δt:   1.32, CFL: 7.20e-01
i: 148800, t:  267951.9 s, ωt:  26.80 (4.26 periods), wall: 37.244 minutes, Δt:   1.13, CFL: 7.20e-01
i: 148900, t:  268083.3 s, ωt:  26.81 (4.27 periods), wall: 37.269 minutes, Δt:   1.38, CFL: 7.20e-01
i: 149000, t:  268203.8 s, ωt:  26.82 (4.27 periods), wall: 37.293 minutes, Δt:   1.02, CFL: 7.20e-01
i: 149100, t:  268325.9 s, ωt:  26.83 (4.27 periods), wall: 37.318 minutes, Δt:   1.30, CFL: 7.20e-01
i: 149200, t:  268456.9 s, ωt:  26.85 (4.27 periods), wall: 37.343 minutes, Δt:   1.34, CFL: 7.20e-01
i: 149300, t:  268590.8 s, ωt:  26.86 (4.27 periods), wall: 37.367 minutes, Δt:   1.39, CFL: 7.20e-01
i: 149400, t:  268721.4 s, ωt:  26.87 (4.28 periods), wall: 37.392 minutes, Δt:   1.14, CFL: 7.20e-01
i: 149500, t:  268841.6 s, ωt:  26.88 (4.28 periods), wall: 37.417 minutes, Δt:   1.09, CFL: 7.20e-01
i: 149600, t:  268971.8 s, ωt:  26.90 (4.28 periods), wall: 37.442 minutes, Δt:   1.43, CFL: 7.20e-01
i: 149700, t:  269097.6 s, ωt:  26.91 (4.28 periods), wall: 37.467 minutes, Δt:   1.10, CFL: 7.20e-01
i: 149800, t:  269204.7 s, ωt:  26.92 (4.28 periods), wall: 37.491 minutes, Δt:   1.25, CFL: 7.20e-01
i: 149900, t:  269334.7 s, ωt:  26.93 (4.29 periods), wall: 37.516 minutes, Δt:   1.35, CFL: 7.20e-01
i: 150000, t:  269459.5 s, ωt:  26.95 (4.29 periods), wall: 37.541 minutes, Δt:   1.28, CFL: 7.20e-01
i: 150100, t:  269583.2 s, ωt:  26.96 (4.29 periods), wall: 37.566 minutes, Δt:   1.57, CFL: 7.20e-01
i: 150200, t:  269718.1 s, ωt:  26.97 (4.29 periods), wall: 37.590 minutes, Δt:   1.36, CFL: 7.20e-01
i: 150300, t:  269841.2 s, ωt:  26.98 (4.29 periods), wall: 37.615 minutes, Δt:   1.40, CFL: 7.20e-01
i: 150400, t:  269966.0 s, ωt:  27.00 (4.30 periods), wall: 37.640 minutes, Δt:   1.26, CFL: 7.20e-01
i: 150500, t:  270092.3 s, ωt:  27.01 (4.30 periods), wall: 37.664 minutes, Δt:   1.24, CFL: 7.20e-01
i: 150600, t:  270229.6 s, ωt:  27.02 (4.30 periods), wall: 37.689 minutes, Δt:   1.18, CFL: 7.20e-01
i: 150700, t:  270354.5 s, ωt:  27.04 (4.30 periods), wall: 37.714 minutes, Δt:   1.33, CFL: 7.20e-01
i: 150800, t:  270492.5 s, ωt:  27.05 (4.31 periods), wall: 37.738 minutes, Δt:   1.43, CFL: 7.20e-01
i: 150900, t:  270634.8 s, ωt:  27.06 (4.31 periods), wall: 37.762 minutes, Δt:   1.41, CFL: 7.20e-01
i: 151000, t:  270772.4 s, ωt:  27.08 (4.31 periods), wall: 37.787 minutes, Δt:   1.17, CFL: 7.20e-01
i: 151100, t:  270911.4 s, ωt:  27.09 (4.31 periods), wall: 37.812 minutes, Δt:   1.48, CFL: 7.20e-01
i: 151200, t:  271048.0 s, ωt:  27.10 (4.31 periods), wall: 37.836 minutes, Δt:   1.44, CFL: 7.20e-01
i: 151300, t:  271195.2 s, ωt:  27.12 (4.32 periods), wall: 37.861 minutes, Δt:   1.49, CFL: 7.20e-01
i: 151400, t:  271336.1 s, ωt:  27.13 (4.32 periods), wall: 37.886 minutes, Δt:   1.31, CFL: 7.20e-01
i: 151500, t:  271474.5 s, ωt:  27.15 (4.32 periods), wall: 37.910 minutes, Δt:   1.28, CFL: 7.20e-01
i: 151600, t:  271598.2 s, ωt:  27.16 (4.32 periods), wall: 37.935 minutes, Δt:   1.31, CFL: 7.20e-01
i: 151700, t:  271736.0 s, ωt:  27.17 (4.32 periods), wall: 37.960 minutes, Δt:   1.45, CFL: 7.20e-01
i: 151800, t:  271887.2 s, ωt:  27.19 (4.33 periods), wall: 37.984 minutes, Δt:   1.73, CFL: 7.20e-01
i: 151900, t:  272042.8 s, ωt:  27.20 (4.33 periods), wall: 38.008 minutes, Δt:   1.42, CFL: 7.20e-01
i: 152000, t:  272190.8 s, ωt:  27.22 (4.33 periods), wall: 38.033 minutes, Δt:   1.44, CFL: 7.20e-01
i: 152100, t:  272339.0 s, ωt:  27.23 (4.33 periods), wall: 38.057 minutes, Δt:   1.46, CFL: 7.20e-01
i: 152200, t:  272489.7 s, ωt:  27.25 (4.34 periods), wall: 38.082 minutes, Δt:   1.52, CFL: 7.20e-01
i: 152300, t:  272644.7 s, ωt:  27.26 (4.34 periods), wall: 38.106 minutes, Δt:   1.48, CFL: 7.20e-01
i: 152400, t:  272811.0 s, ωt:  27.28 (4.34 periods), wall: 38.132 minutes, Δt:   1.51, CFL: 7.20e-01
i: 152500, t:  272961.6 s, ωt:  27.30 (4.34 periods), wall: 38.156 minutes, Δt:   1.60, CFL: 7.20e-01
i: 152600, t:  273107.3 s, ωt:  27.31 (4.35 periods), wall: 38.180 minutes, Δt:   1.23, CFL: 7.20e-01
i: 152700, t:  273261.2 s, ωt:  27.33 (4.35 periods), wall: 38.205 minutes, Δt:   1.72, CFL: 7.20e-01
i: 152800, t:  273429.6 s, ωt:  27.34 (4.35 periods), wall: 38.230 minutes, Δt:   1.83, CFL: 7.20e-01
i: 152900, t:  273590.1 s, ωt:  27.36 (4.35 periods), wall: 38.254 minutes, Δt:   1.49, CFL: 7.20e-01
i: 153000, t:  273758.0 s, ωt:  27.38 (4.36 periods), wall: 38.279 minutes, Δt:   1.94, CFL: 7.20e-01
i: 153100, t:  273932.4 s, ωt:  27.39 (4.36 periods), wall: 38.303 minutes, Δt:   1.75, CFL: 7.20e-01
i: 153200, t:  274112.7 s, ωt:  27.41 (4.36 periods), wall: 38.328 minutes, Δt:   1.90, CFL: 7.20e-01
i: 153300, t:  274297.4 s, ωt:  27.43 (4.37 periods), wall: 38.352 minutes, Δt:   1.99, CFL: 7.20e-01
i: 153400, t:  274468.3 s, ωt:  27.45 (4.37 periods), wall: 38.376 minutes, Δt:   1.73, CFL: 7.20e-01
i: 153500, t:  274643.7 s, ωt:  27.46 (4.37 periods), wall: 38.400 minutes, Δt:   1.71, CFL: 7.20e-01
i: 153600, t:  274827.1 s, ωt:  27.48 (4.37 periods), wall: 38.425 minutes, Δt:   1.68, CFL: 7.20e-01
i: 153700, t:  274984.6 s, ωt:  27.50 (4.38 periods), wall: 38.449 minutes, Δt:   1.82, CFL: 7.20e-01
i: 153800, t:  275183.2 s, ωt:  27.52 (4.38 periods), wall: 38.473 minutes, Δt:   2.14, CFL: 7.20e-01
i: 153900, t:  275384.7 s, ωt:  27.54 (4.38 periods), wall: 38.497 minutes, Δt:   2.18, CFL: 7.20e-01
i: 154000, t:  275607.0 s, ωt:  27.56 (4.39 periods), wall: 38.521 minutes, Δt:   2.24, CFL: 7.20e-01
i: 154100, t:  275831.3 s, ωt:  27.58 (4.39 periods), wall: 38.545 minutes, Δt:   2.56, CFL: 7.20e-01
i: 154200, t:  276071.5 s, ωt:  27.61 (4.39 periods), wall: 38.568 minutes, Δt:   2.62, CFL: 7.20e-01
i: 154300, t:  276313.1 s, ωt:  27.63 (4.40 periods), wall: 38.593 minutes, Δt:   2.32, CFL: 7.20e-01
i: 154400, t:  276553.6 s, ωt:  27.66 (4.40 periods), wall: 38.618 minutes, Δt:   2.29, CFL: 7.20e-01
i: 154500, t:  276792.9 s, ωt:  27.68 (4.41 periods), wall: 38.643 minutes, Δt:   2.20, CFL: 7.20e-01
i: 154600, t:  276976.4 s, ωt:  27.70 (4.41 periods), wall: 38.667 minutes, Δt:   2.11, CFL: 7.20e-01
i: 154700, t:  277214.2 s, ωt:  27.72 (4.41 periods), wall: 38.692 minutes, Δt:   1.99, CFL: 7.20e-01
i: 154800, t:  277478.0 s, ωt:  27.75 (4.42 periods), wall: 38.717 minutes, Δt:   3.03, CFL: 7.20e-01
i: 154900, t:  277766.3 s, ωt:  27.78 (4.42 periods), wall: 38.742 minutes, Δt:   2.23, CFL: 7.20e-01
i: 155000, t:  278037.3 s, ωt:  27.80 (4.43 periods), wall: 38.767 minutes, Δt:   3.27, CFL: 7.20e-01
i: 155100, t:  278358.7 s, ωt:  27.84 (4.43 periods), wall: 38.792 minutes, Δt:   3.78, CFL: 7.20e-01
i: 155200, t:  278703.0 s, ωt:  27.87 (4.44 periods), wall: 38.817 minutes, Δt:   3.53, CFL: 7.20e-01
i: 155300, t:  279094.1 s, ωt:  27.91 (4.44 periods), wall: 38.842 minutes, Δt:   3.70, CFL: 7.20e-01
i: 155400, t:  279457.2 s, ωt:  27.95 (4.45 periods), wall: 38.867 minutes, Δt:   4.05, CFL: 7.20e-01
i: 155500, t:  279908.0 s, ωt:  27.99 (4.45 periods), wall: 38.891 minutes, Δt:   3.58, CFL: 7.20e-01
i: 155600, t:  280404.2 s, ωt:  28.04 (4.46 periods), wall: 38.916 minutes, Δt:   5.90, CFL: 7.20e-01
i: 155700, t:  280893.5 s, ωt:  28.09 (4.47 periods), wall: 38.942 minutes, Δt:   4.45, CFL: 7.20e-01
i: 155800, t:  281428.3 s, ωt:  28.14 (4.48 periods), wall: 38.966 minutes, Δt:   6.27, CFL: 7.17e-01
i: 155900, t:  282064.7 s, ωt:  28.21 (4.49 periods), wall: 38.991 minutes, Δt:   7.10, CFL: 7.20e-01
i: 156000, t:  282699.5 s, ωt:  28.27 (4.50 periods), wall: 39.015 minutes, Δt:   6.06, CFL: 7.20e-01
i: 156100, t:  283341.6 s, ωt:  28.33 (4.51 periods), wall: 39.041 minutes, Δt:   5.65, CFL: 7.20e-01
i: 156200, t:  283955.0 s, ωt:  28.40 (4.52 periods), wall: 39.065 minutes, Δt:   5.56, CFL: 7.20e-01
i: 156300, t:  284469.9 s, ωt:  28.45 (4.53 periods), wall: 39.090 minutes, Δt:   5.06, CFL: 7.20e-01
i: 156400, t:  284960.6 s, ωt:  28.50 (4.54 periods), wall: 39.116 minutes, Δt:   4.42, CFL: 7.20e-01
i: 156500, t:  285337.3 s, ωt:  28.53 (4.54 periods), wall: 39.141 minutes, Δt:   3.72, CFL: 7.20e-01
i: 156600, t:  285649.2 s, ωt:  28.56 (4.55 periods), wall: 39.166 minutes, Δt:   3.36, CFL: 7.20e-01
i: 156700, t:  285931.0 s, ωt:  28.59 (4.55 periods), wall: 39.191 minutes, Δt:   2.88, CFL: 7.20e-01
i: 156800, t:  286213.3 s, ωt:  28.62 (4.56 periods), wall: 39.215 minutes, Δt:   2.23, CFL: 7.20e-01
i: 156900, t:  286443.6 s, ωt:  28.64 (4.56 periods), wall: 39.241 minutes, Δt:   2.36, CFL: 7.20e-01
i: 157000, t:  286682.3 s, ωt:  28.67 (4.56 periods), wall: 39.265 minutes, Δt:   2.36, CFL: 7.20e-01
i: 157100, t:  286892.7 s, ωt:  28.69 (4.57 periods), wall: 39.290 minutes, Δt:   2.15, CFL: 7.20e-01
i: 157200, t:  287109.7 s, ωt:  28.71 (4.57 periods), wall: 39.314 minutes, Δt:   2.11, CFL: 7.20e-01
i: 157300, t:  287333.9 s, ωt:  28.73 (4.57 periods), wall: 39.339 minutes, Δt:   1.96, CFL: 7.20e-01
i: 157400, t:  287526.2 s, ωt:  28.75 (4.58 periods), wall: 39.364 minutes, Δt:   2.05, CFL: 7.20e-01
i: 157500, t:  287725.4 s, ωt:  28.77 (4.58 periods), wall: 39.389 minutes, Δt:   1.81, CFL: 7.20e-01
i: 157600, t:  287914.6 s, ωt:  28.79 (4.58 periods), wall: 39.414 minutes, Δt:   1.60, CFL: 7.20e-01
i: 157700, t:  288096.5 s, ωt:  28.81 (4.59 periods), wall: 39.439 minutes, Δt:   2.07, CFL: 7.20e-01
i: 157800, t:  288291.3 s, ωt:  28.83 (4.59 periods), wall: 39.464 minutes, Δt:   1.91, CFL: 7.20e-01
i: 157900, t:  288473.1 s, ωt:  28.85 (4.59 periods), wall: 39.489 minutes, Δt:   1.89, CFL: 7.20e-01
i: 158000, t:  288652.8 s, ωt:  28.87 (4.59 periods), wall: 39.513 minutes, Δt:   1.76, CFL: 7.20e-01
i: 158100, t:  288816.1 s, ωt:  28.88 (4.60 periods), wall: 39.538 minutes, Δt:   1.28, CFL: 7.20e-01
i: 158200, t:  288961.4 s, ωt:  28.90 (4.60 periods), wall: 39.563 minutes, Δt:   1.52, CFL: 7.20e-01
i: 158300, t:  289110.9 s, ωt:  28.91 (4.60 periods), wall: 39.587 minutes, Δt:   1.46, CFL: 7.20e-01
i: 158400, t:  289267.4 s, ωt:  28.93 (4.60 periods), wall: 39.612 minutes, Δt:   1.39, CFL: 7.20e-01
i: 158500, t:  289435.0 s, ωt:  28.94 (4.61 periods), wall: 39.637 minutes, Δt:   1.67, CFL: 7.20e-01
i: 158600, t:  289599.4 s, ωt:  28.96 (4.61 periods), wall: 39.662 minutes, Δt:   1.58, CFL: 7.20e-01
i: 158700, t:  289742.3 s, ωt:  28.97 (4.61 periods), wall: 39.687 minutes, Δt:   1.21, CFL: 7.20e-01
i: 158800, t:  289893.5 s, ωt:  28.99 (4.61 periods), wall: 39.711 minutes, Δt:   1.65, CFL: 7.20e-01
i: 158900, t:  290043.2 s, ωt:  29.00 (4.62 periods), wall: 39.736 minutes, Δt:   1.53, CFL: 7.20e-01
i: 159000, t:  290207.0 s, ωt:  29.02 (4.62 periods), wall: 39.761 minutes, Δt:   1.80, CFL: 7.20e-01
i: 159100, t:  290368.1 s, ωt:  29.04 (4.62 periods), wall: 39.786 minutes, Δt:   1.61, CFL: 7.20e-01
i: 159200, t:  290523.4 s, ωt:  29.05 (4.62 periods), wall: 39.811 minutes, Δt:   1.62, CFL: 7.20e-01
i: 159300, t:  290681.7 s, ωt:  29.07 (4.63 periods), wall: 39.835 minutes, Δt:   1.65, CFL: 7.20e-01
i: 159400, t:  290838.0 s, ωt:  29.08 (4.63 periods), wall: 39.860 minutes, Δt:   1.37, CFL: 7.20e-01
i: 159500, t:  290967.1 s, ωt:  29.10 (4.63 periods), wall: 39.885 minutes, Δt:   1.19, CFL: 7.20e-01
i: 159600, t:  291103.8 s, ωt:  29.11 (4.63 periods), wall: 39.910 minutes, Δt:   1.48, CFL: 7.20e-01
i: 159700, t:  291225.6 s, ωt:  29.12 (4.63 periods), wall: 39.935 minutes, Δt:   1.28, CFL: 7.20e-01
i: 159800, t:  291354.2 s, ωt:  29.14 (4.64 periods), wall: 39.960 minutes, Δt:   1.19, CFL: 7.20e-01
i: 159900, t:  291494.1 s, ωt:  29.15 (4.64 periods), wall: 39.984 minutes, Δt:   1.12, CFL: 7.20e-01
i: 160000, t:  291614.8 s, ωt:  29.16 (4.64 periods), wall: 40.009 minutes, Δt:   1.41, CFL: 7.20e-01
i: 160100, t:  291759.1 s, ωt:  29.18 (4.64 periods), wall: 40.034 minutes, Δt:   1.47, CFL: 7.20e-01
i: 160200, t:  291894.5 s, ωt:  29.19 (4.65 periods), wall: 40.059 minutes, Δt:   1.47, CFL: 7.20e-01
i: 160300, t:  292035.1 s, ωt:  29.20 (4.65 periods), wall: 40.083 minutes, Δt:   1.32, CFL: 7.20e-01
i: 160400, t:  292169.5 s, ωt:  29.22 (4.65 periods), wall: 40.108 minutes, Δt:   1.41, CFL: 7.20e-01
i: 160500, t:  292307.8 s, ωt:  29.23 (4.65 periods), wall: 40.133 minutes, Δt:   1.37, CFL: 7.20e-01
i: 160600, t:  292429.1 s, ωt:  29.24 (4.65 periods), wall: 40.158 minutes, Δt:   1.38, CFL: 7.20e-01
i: 160700, t:  292554.7 s, ωt:  29.26 (4.66 periods), wall: 40.183 minutes, Δt:   1.18, CFL: 7.20e-01
i: 160800, t:  292677.5 s, ωt:  29.27 (4.66 periods), wall: 40.207 minutes, Δt:   1.24, CFL: 7.20e-01
i: 160900, t:  292805.1 s, ωt:  29.28 (4.66 periods), wall: 40.232 minutes, Δt:   1.33, CFL: 7.20e-01
i: 161000, t:  292930.2 s, ωt:  29.29 (4.66 periods), wall: 40.257 minutes, Δt:   1.11, CFL: 7.20e-01
i: 161100, t:  293044.8 s, ωt:  29.30 (4.66 periods), wall: 40.281 minutes, Δt:   1.20, CFL: 7.20e-01
i: 161200, t:  293166.3 s, ωt:  29.32 (4.67 periods), wall: 40.306 minutes, Δt:   1.22, CFL: 7.20e-01
i: 161300, t:  293289.4 s, ωt:  29.33 (4.67 periods), wall: 40.330 minutes, Δt:   1.34, CFL: 7.20e-01
i: 161400, t:  293422.4 s, ωt:  29.34 (4.67 periods), wall: 40.353 minutes, Δt:   1.21, CFL: 7.20e-01
i: 161500, t:  293549.0 s, ωt:  29.35 (4.67 periods), wall: 40.377 minutes, Δt:   1.27, CFL: 7.20e-01
i: 161600, t:  293680.3 s, ωt:  29.37 (4.67 periods), wall: 40.401 minutes, Δt:   1.30, CFL: 7.20e-01
i: 161700, t:  293791.2 s, ωt:  29.38 (4.68 periods), wall: 40.426 minutes, Δt:   1.31, CFL: 7.20e-01
i: 161800, t:  293903.6 s, ωt:  29.39 (4.68 periods), wall: 40.450 minutes, Δt:   1.22, CFL: 7.20e-01
i: 161900, t:  294035.5 s, ωt:  29.40 (4.68 periods), wall: 40.474 minutes, Δt:   1.26, CFL: 7.20e-01
i: 162000, t:  294158.6 s, ωt:  29.42 (4.68 periods), wall: 40.499 minutes, Δt:   1.04, CFL: 7.20e-01
i: 162100, t:  294273.8 s, ωt:  29.43 (4.68 periods), wall: 40.523 minutes, Δt:   1.27, CFL: 7.20e-01
i: 162200, t:  294390.3 s, ωt:  29.44 (4.69 periods), wall: 40.548 minutes, Δt:   1.16, CFL: 7.20e-01
i: 162300, t:  294513.1 s, ωt:  29.45 (4.69 periods), wall: 40.572 minutes, Δt:   1.30, CFL: 7.20e-01
i: 162400, t:  294631.7 s, ωt:  29.46 (4.69 periods), wall: 40.597 minutes, Δt:   1.30, CFL: 7.20e-01
i: 162500, t:  294747.6 s, ωt:  29.47 (4.69 periods), wall: 40.622 minutes, Δt:   1.04, CFL: 7.20e-01
i: 162600, t:  294861.4 s, ωt:  29.49 (4.69 periods), wall: 40.646 minutes, Δt:   1.11, CFL: 7.20e-01
i: 162700, t:  294969.5 s, ωt:  29.50 (4.69 periods), wall: 40.671 minutes, Δt:   1.07, CFL: 7.20e-01
i: 162800, t:  295079.5 s, ωt:  29.51 (4.70 periods), wall: 40.696 minutes, Δt:   1.18, CFL: 7.20e-01
i: 162900, t:  295197.9 s, ωt:  29.52 (4.70 periods), wall: 40.720 minutes, Δt:   1.12, CFL: 7.20e-01
i: 163000, t:  295306.9 s, ωt:  29.53 (4.70 periods), wall: 40.745 minutes, Δt:   1.15, CFL: 7.20e-01
i: 163100, t:  295423.3 s, ωt:  29.54 (4.70 periods), wall: 40.770 minutes, Δt:   1.09, CFL: 7.20e-01
i: 163200, t:  295525.0 s, ωt:  29.55 (4.70 periods), wall: 40.794 minutes, Δt:   1.27, CFL: 7.20e-01
i: 163300, t:  295641.6 s, ωt:  29.56 (4.71 periods), wall: 40.819 minutes, Δt:   1.09, CFL: 7.20e-01
i: 163400, t:  295763.6 s, ωt:  29.58 (4.71 periods), wall: 40.844 minutes, Δt:   1.21, CFL: 7.20e-01
i: 163500, t:  295883.8 s, ωt:  29.59 (4.71 periods), wall: 40.869 minutes, Δt:   1.31, CFL: 7.20e-01
i: 163600, t:  295999.9 s, ωt:  29.60 (4.71 periods), wall: 40.894 minutes, Δt:   1.15, CFL: 7.20e-01
i: 163700, t:  296110.3 s, ωt:  29.61 (4.71 periods), wall: 40.918 minutes, Δt:   0.99, CFL: 7.20e-01
i: 163800, t:  296217.4 s, ωt:  29.62 (4.71 periods), wall: 40.943 minutes, Δt:   1.36, CFL: 7.20e-01
i: 163900, t:  296337.6 s, ωt:  29.63 (4.72 periods), wall: 40.968 minutes, Δt:   1.20, CFL: 7.20e-01
i: 164000, t:  296452.6 s, ωt:  29.65 (4.72 periods), wall: 40.992 minutes, Δt:   1.30, CFL: 7.20e-01
i: 164100, t:  296580.2 s, ωt:  29.66 (4.72 periods), wall: 41.017 minutes, Δt:   1.17, CFL: 7.20e-01
i: 164200, t:  296700.8 s, ωt:  29.67 (4.72 periods), wall: 41.041 minutes, Δt:   1.23, CFL: 7.20e-01
i: 164300, t:  296822.1 s, ωt:  29.68 (4.72 periods), wall: 41.065 minutes, Δt:   1.06, CFL: 7.20e-01
i: 164400, t:  296933.5 s, ωt:  29.69 (4.73 periods), wall: 41.090 minutes, Δt:   1.26, CFL: 7.20e-01
i: 164500, t:  297048.7 s, ωt:  29.70 (4.73 periods), wall: 41.114 minutes, Δt:   1.05, CFL: 7.20e-01
i: 164600, t:  297162.7 s, ωt:  29.72 (4.73 periods), wall: 41.139 minutes, Δt:   1.16, CFL: 7.20e-01
i: 164700, t:  297288.5 s, ωt:  29.73 (4.73 periods), wall: 41.163 minutes, Δt:   1.31, CFL: 7.20e-01
i: 164800, t:  297402.8 s, ωt:  29.74 (4.73 periods), wall: 41.188 minutes, Δt:   1.26, CFL: 7.20e-01
i: 164900, t:  297517.3 s, ωt:  29.75 (4.74 periods), wall: 41.212 minutes, Δt:   1.25, CFL: 7.20e-01
i: 165000, t:  297624.1 s, ωt:  29.76 (4.74 periods), wall: 41.237 minutes, Δt:   1.06, CFL: 7.20e-01
i: 165100, t:  297740.0 s, ωt:  29.77 (4.74 periods), wall: 41.262 minutes, Δt:   1.11, CFL: 7.20e-01
i: 165200, t:  297859.2 s, ωt:  29.79 (4.74 periods), wall: 41.286 minutes, Δt:   1.33, CFL: 7.20e-01
i: 165300, t:  297983.7 s, ωt:  29.80 (4.74 periods), wall: 41.310 minutes, Δt:   1.24, CFL: 7.20e-01
i: 165400, t:  298107.6 s, ωt:  29.81 (4.74 periods), wall: 41.334 minutes, Δt:   1.27, CFL: 7.20e-01
i: 165500, t:  298233.8 s, ωt:  29.82 (4.75 periods), wall: 41.358 minutes, Δt:   1.23, CFL: 7.20e-01
i: 165600, t:  298361.0 s, ωt:  29.84 (4.75 periods), wall: 41.383 minutes, Δt:   1.40, CFL: 7.20e-01
i: 165700, t:  298488.5 s, ωt:  29.85 (4.75 periods), wall: 41.408 minutes, Δt:   1.28, CFL: 7.20e-01
i: 165800, t:  298617.6 s, ωt:  29.86 (4.75 periods), wall: 41.433 minutes, Δt:   1.26, CFL: 7.20e-01
i: 165900, t:  298736.3 s, ωt:  29.87 (4.75 periods), wall: 41.457 minutes, Δt:   1.19, CFL: 7.20e-01
i: 166000, t:  298858.9 s, ωt:  29.89 (4.76 periods), wall: 41.481 minutes, Δt:   1.24, CFL: 7.20e-01
i: 166100, t:  298981.0 s, ωt:  29.90 (4.76 periods), wall: 41.505 minutes, Δt:   1.18, CFL: 7.20e-01
i: 166200, t:  299110.0 s, ωt:  29.91 (4.76 periods), wall: 41.530 minutes, Δt:   1.21, CFL: 7.20e-01
i: 166300, t:  299231.8 s, ωt:  29.92 (4.76 periods), wall: 41.554 minutes, Δt:   1.25, CFL: 7.20e-01
i: 166400, t:  299359.1 s, ωt:  29.94 (4.76 periods), wall: 41.577 minutes, Δt:   1.21, CFL: 7.20e-01
i: 166500, t:  299475.1 s, ωt:  29.95 (4.77 periods), wall: 41.602 minutes, Δt:   1.28, CFL: 7.20e-01
i: 166600, t:  299599.7 s, ωt:  29.96 (4.77 periods), wall: 41.626 minutes, Δt:   1.45, CFL: 7.20e-01
i: 166700, t:  299727.3 s, ωt:  29.97 (4.77 periods), wall: 41.650 minutes, Δt:   1.07, CFL: 7.20e-01
i: 166800, t:  299848.5 s, ωt:  29.98 (4.77 periods), wall: 41.674 minutes, Δt:   1.22, CFL: 7.20e-01
i: 166900, t:  299975.4 s, ωt:  30.00 (4.77 periods), wall: 41.699 minutes, Δt:   1.31, CFL: 7.20e-01
i: 167000, t:  300100.7 s, ωt:  30.01 (4.78 periods), wall: 41.724 minutes, Δt:   1.38, CFL: 7.20e-01
i: 167100, t:  300211.7 s, ωt:  30.02 (4.78 periods), wall: 41.749 minutes, Δt:   1.06, CFL: 7.20e-01
i: 167200, t:  300346.1 s, ωt:  30.03 (4.78 periods), wall: 41.773 minutes, Δt:   1.36, CFL: 7.20e-01
i: 167300, t:  300485.6 s, ωt:  30.05 (4.78 periods), wall: 41.797 minutes, Δt:   1.30, CFL: 7.20e-01
i: 167400, t:  300616.6 s, ωt:  30.06 (4.78 periods), wall: 41.821 minutes, Δt:   1.47, CFL: 7.20e-01
i: 167500, t:  300752.7 s, ωt:  30.08 (4.79 periods), wall: 41.846 minutes, Δt:   1.22, CFL: 7.20e-01
i: 167600, t:  300888.6 s, ωt:  30.09 (4.79 periods), wall: 41.871 minutes, Δt:   1.18, CFL: 7.20e-01
i: 167700, t:  301016.7 s, ωt:  30.10 (4.79 periods), wall: 41.896 minutes, Δt:   1.28, CFL: 7.20e-01
i: 167800, t:  301142.6 s, ωt:  30.11 (4.79 periods), wall: 41.921 minutes, Δt:   1.16, CFL: 7.20e-01
i: 167900, t:  301277.6 s, ωt:  30.13 (4.79 periods), wall: 41.945 minutes, Δt:   1.10, CFL: 7.20e-01
i: 168000, t:  301405.9 s, ωt:  30.14 (4.80 periods), wall: 41.970 minutes, Δt:   1.21, CFL: 7.20e-01
i: 168100, t:  301531.6 s, ωt:  30.15 (4.80 periods), wall: 41.995 minutes, Δt:   1.36, CFL: 7.20e-01
i: 168200, t:  301651.4 s, ωt:  30.17 (4.80 periods), wall: 42.020 minutes, Δt:   1.31, CFL: 7.20e-01
i: 168300, t:  301782.1 s, ωt:  30.18 (4.80 periods), wall: 42.044 minutes, Δt:   1.42, CFL: 7.20e-01
i: 168400, t:  301914.4 s, ωt:  30.19 (4.81 periods), wall: 42.068 minutes, Δt:   1.52, CFL: 7.20e-01
i: 168500, t:  302042.0 s, ωt:  30.20 (4.81 periods), wall: 42.093 minutes, Δt:   1.28, CFL: 7.20e-01
i: 168600, t:  302180.1 s, ωt:  30.22 (4.81 periods), wall: 42.117 minutes, Δt:   1.25, CFL: 7.20e-01
i: 168700, t:  302316.9 s, ωt:  30.23 (4.81 periods), wall: 42.142 minutes, Δt:   1.60, CFL: 7.20e-01
i: 168800, t:  302466.4 s, ωt:  30.25 (4.81 periods), wall: 42.167 minutes, Δt:   1.46, CFL: 7.20e-01
i: 168900, t:  302624.1 s, ωt:  30.26 (4.82 periods), wall: 42.191 minutes, Δt:   1.61, CFL: 7.20e-01
i: 169000, t:  302767.8 s, ωt:  30.28 (4.82 periods), wall: 42.216 minutes, Δt:   1.37, CFL: 7.20e-01
i: 169100, t:  302912.7 s, ωt:  30.29 (4.82 periods), wall: 42.241 minutes, Δt:   1.68, CFL: 7.20e-01
i: 169200, t:  303060.5 s, ωt:  30.31 (4.82 periods), wall: 42.265 minutes, Δt:   1.49, CFL: 7.20e-01
i: 169300, t:  303189.7 s, ωt:  30.32 (4.83 periods), wall: 42.290 minutes, Δt:   1.36, CFL: 7.20e-01
i: 169400, t:  303328.6 s, ωt:  30.33 (4.83 periods), wall: 42.315 minutes, Δt:   1.44, CFL: 7.20e-01
i: 169500, t:  303488.0 s, ωt:  30.35 (4.83 periods), wall: 42.340 minutes, Δt:   1.49, CFL: 7.20e-01
i: 169600, t:  303628.5 s, ωt:  30.36 (4.83 periods), wall: 42.364 minutes, Δt:   1.29, CFL: 7.20e-01
i: 169700, t:  303777.2 s, ωt:  30.38 (4.83 periods), wall: 42.388 minutes, Δt:   1.49, CFL: 7.20e-01
i: 169800, t:  303924.0 s, ωt:  30.39 (4.84 periods), wall: 42.413 minutes, Δt:   1.55, CFL: 7.20e-01
i: 169900, t:  304085.4 s, ωt:  30.41 (4.84 periods), wall: 42.437 minutes, Δt:   1.82, CFL: 7.20e-01
i: 170000, t:  304255.4 s, ωt:  30.43 (4.84 periods), wall: 42.461 minutes, Δt:   1.79, CFL: 7.20e-01
i: 170100, t:  304426.3 s, ωt:  30.44 (4.85 periods), wall: 42.486 minutes, Δt:   1.85, CFL: 7.20e-01
i: 170200, t:  304586.1 s, ωt:  30.46 (4.85 periods), wall: 42.510 minutes, Δt:   1.68, CFL: 7.20e-01
i: 170300, t:  304764.8 s, ωt:  30.48 (4.85 periods), wall: 42.534 minutes, Δt:   1.57, CFL: 7.20e-01
i: 170400, t:  304935.1 s, ωt:  30.49 (4.85 periods), wall: 42.557 minutes, Δt:   2.04, CFL: 7.20e-01
i: 170500, t:  305118.2 s, ωt:  30.51 (4.86 periods), wall: 42.581 minutes, Δt:   1.82, CFL: 7.20e-01
i: 170600, t:  305282.9 s, ωt:  30.53 (4.86 periods), wall: 42.605 minutes, Δt:   1.94, CFL: 7.20e-01
i: 170700, t:  305446.6 s, ωt:  30.54 (4.86 periods), wall: 42.630 minutes, Δt:   1.47, CFL: 7.20e-01
i: 170800, t:  305610.6 s, ωt:  30.56 (4.86 periods), wall: 42.655 minutes, Δt:   1.65, CFL: 7.20e-01
i: 170900, t:  305789.1 s, ωt:  30.58 (4.87 periods), wall: 42.679 minutes, Δt:   1.77, CFL: 7.20e-01
i: 171000, t:  305950.1 s, ωt:  30.60 (4.87 periods), wall: 42.704 minutes, Δt:   1.83, CFL: 7.20e-01
i: 171100, t:  306122.4 s, ωt:  30.61 (4.87 periods), wall: 42.730 minutes, Δt:   1.88, CFL: 7.20e-01
i: 171200, t:  306305.2 s, ωt:  30.63 (4.87 periods), wall: 42.754 minutes, Δt:   1.92, CFL: 7.20e-01
i: 171300, t:  306455.5 s, ωt:  30.65 (4.88 periods), wall: 42.779 minutes, Δt:   1.44, CFL: 7.20e-01
i: 171400, t:  306617.6 s, ωt:  30.66 (4.88 periods), wall: 42.804 minutes, Δt:   1.77, CFL: 7.20e-01
i: 171500, t:  306800.9 s, ωt:  30.68 (4.88 periods), wall: 42.828 minutes, Δt:   2.08, CFL: 7.20e-01
i: 171600, t:  307001.7 s, ωt:  30.70 (4.89 periods), wall: 42.854 minutes, Δt:   1.84, CFL: 7.20e-01
i: 171700, t:  307192.2 s, ωt:  30.72 (4.89 periods), wall: 42.878 minutes, Δt:   1.97, CFL: 7.20e-01
i: 171800, t:  307401.1 s, ωt:  30.74 (4.89 periods), wall: 42.903 minutes, Δt:   2.25, CFL: 7.20e-01
i: 171900, t:  307620.2 s, ωt:  30.76 (4.90 periods), wall: 42.928 minutes, Δt:   2.06, CFL: 7.20e-01
i: 172000, t:  307836.9 s, ωt:  30.78 (4.90 periods), wall: 42.952 minutes, Δt:   2.03, CFL: 7.20e-01
i: 172100, t:  308059.8 s, ωt:  30.81 (4.90 periods), wall: 42.976 minutes, Δt:   1.93, CFL: 7.20e-01
i: 172200, t:  308299.4 s, ωt:  30.83 (4.91 periods), wall: 43.001 minutes, Δt:   2.61, CFL: 7.20e-01
i: 172300, t:  308566.0 s, ωt:  30.86 (4.91 periods), wall: 43.026 minutes, Δt:   2.58, CFL: 7.20e-01
i: 172400, t:  308829.4 s, ωt:  30.88 (4.92 periods), wall: 43.051 minutes, Δt:   2.83, CFL: 7.20e-01
i: 172500, t:  309132.7 s, ωt:  30.91 (4.92 periods), wall: 43.075 minutes, Δt:   2.87, CFL: 7.20e-01
i: 172600, t:  309439.2 s, ωt:  30.94 (4.92 periods), wall: 43.100 minutes, Δt:   2.77, CFL: 7.20e-01
i: 172700, t:  309747.5 s, ωt:  30.97 (4.93 periods), wall: 43.125 minutes, Δt:   3.19, CFL: 7.20e-01
i: 172800, t:  310058.1 s, ωt:  31.01 (4.93 periods), wall: 43.150 minutes, Δt:   3.57, CFL: 7.20e-01
i: 172900, t:  310403.8 s, ωt:  31.04 (4.94 periods), wall: 43.175 minutes, Δt:   4.05, CFL: 7.20e-01
i: 173000, t:  310784.5 s, ωt:  31.08 (4.95 periods), wall: 43.200 minutes, Δt:   4.28, CFL: 7.20e-01
i: 173100, t:  311155.9 s, ωt:  31.12 (4.95 periods), wall: 43.225 minutes, Δt:   4.08, CFL: 6.98e-01
i: 173200, t:  311567.3 s, ωt:  31.16 (4.96 periods), wall: 43.250 minutes, Δt:   4.78, CFL: 7.20e-01
i: 173300, t:  312016.4 s, ωt:  31.20 (4.97 periods), wall: 43.275 minutes, Δt:   5.57, CFL: 7.20e-01
i: 173400, t:  312586.0 s, ωt:  31.26 (4.97 periods), wall: 43.300 minutes, Δt:   5.55, CFL: 7.20e-01
i: 173500, t:  313216.8 s, ωt:  31.32 (4.98 periods), wall: 43.325 minutes, Δt:   6.88, CFL: 7.20e-01
i: 173600, t:  313875.4 s, ωt:  31.39 (5.00 periods), wall: 43.351 minutes, Δt:   6.59, CFL: 7.20e-01
i: 173700, t:  314538.0 s, ωt:  31.45 (5.01 periods), wall: 43.378 minutes, Δt:   6.45, CFL: 7.20e-01
i: 173800, t:  315161.9 s, ωt:  31.52 (5.02 periods), wall: 43.403 minutes, Δt:   6.82, CFL: 7.20e-01
i: 173900, t:  315775.7 s, ωt:  31.58 (5.03 periods), wall: 43.428 minutes, Δt:   5.73, CFL: 7.20e-01
i: 174000, t:  316276.0 s, ωt:  31.63 (5.03 periods), wall: 43.453 minutes, Δt:   4.14, CFL: 7.20e-01
i: 174100, t:  316697.7 s, ωt:  31.67 (5.04 periods), wall: 43.479 minutes, Δt:   3.87, CFL: 7.20e-01
i: 174200, t:  317080.5 s, ωt:  31.71 (5.05 periods), wall: 43.504 minutes, Δt:   3.47, CFL: 7.20e-01
i: 174300, t:  317422.5 s, ωt:  31.74 (5.05 periods), wall: 43.529 minutes, Δt:   3.01, CFL: 7.20e-01
i: 174400, t:  317729.8 s, ωt:  31.77 (5.06 periods), wall: 43.553 minutes, Δt:   2.53, CFL: 7.20e-01
i: 174500, t:  317977.3 s, ωt:  31.80 (5.06 periods), wall: 43.578 minutes, Δt:   2.33, CFL: 7.20e-01
i: 174600, t:  318204.3 s, ωt:  31.82 (5.06 periods), wall: 43.602 minutes, Δt:   2.13, CFL: 7.20e-01
i: 174700, t:  318435.8 s, ωt:  31.84 (5.07 periods), wall: 43.627 minutes, Δt:   2.11, CFL: 7.20e-01
i: 174800, t:  318648.7 s, ωt:  31.86 (5.07 periods), wall: 43.652 minutes, Δt:   2.10, CFL: 7.20e-01
i: 174900, t:  318856.4 s, ωt:  31.89 (5.07 periods), wall: 43.677 minutes, Δt:   2.03, CFL: 7.20e-01
i: 175000, t:  319059.9 s, ωt:  31.91 (5.08 periods), wall: 43.702 minutes, Δt:   1.97, CFL: 7.20e-01
i: 175100, t:  319259.1 s, ωt:  31.93 (5.08 periods), wall: 43.727 minutes, Δt:   2.30, CFL: 7.20e-01
i: 175200, t:  319469.1 s, ωt:  31.95 (5.08 periods), wall: 43.751 minutes, Δt:   2.04, CFL: 7.20e-01
i: 175300, t:  319673.5 s, ωt:  31.97 (5.09 periods), wall: 43.776 minutes, Δt:   1.83, CFL: 7.20e-01
i: 175400, t:  319854.4 s, ωt:  31.99 (5.09 periods), wall: 43.801 minutes, Δt:   2.13, CFL: 7.20e-01
i: 175500, t:  320038.2 s, ωt:  32.00 (5.09 periods), wall: 43.826 minutes, Δt:   1.60, CFL: 7.20e-01
i: 175600, t:  320210.2 s, ωt:  32.02 (5.10 periods), wall: 43.850 minutes, Δt:   1.52, CFL: 7.20e-01
i: 175700, t:  320376.2 s, ωt:  32.04 (5.10 periods), wall: 43.875 minutes, Δt:   1.54, CFL: 7.20e-01
i: 175800, t:  320531.5 s, ωt:  32.05 (5.10 periods), wall: 43.899 minutes, Δt:   1.84, CFL: 7.20e-01
i: 175900, t:  320719.7 s, ωt:  32.07 (5.10 periods), wall: 43.923 minutes, Δt:   1.85, CFL: 7.20e-01
i: 176000, t:  320907.5 s, ωt:  32.09 (5.11 periods), wall: 43.948 minutes, Δt:   1.74, CFL: 7.20e-01
i: 176100, t:  321081.1 s, ωt:  32.11 (5.11 periods), wall: 43.973 minutes, Δt:   1.62, CFL: 7.20e-01
i: 176200, t:  321239.8 s, ωt:  32.12 (5.11 periods), wall: 43.998 minutes, Δt:   1.46, CFL: 7.20e-01
i: 176300, t:  321395.5 s, ωt:  32.14 (5.12 periods), wall: 44.023 minutes, Δt:   1.61, CFL: 7.20e-01
i: 176400, t:  321549.6 s, ωt:  32.15 (5.12 periods), wall: 44.048 minutes, Δt:   1.59, CFL: 7.20e-01
i: 176500, t:  321701.7 s, ωt:  32.17 (5.12 periods), wall: 44.073 minutes, Δt:   1.45, CFL: 7.20e-01
i: 176600, t:  321846.7 s, ωt:  32.18 (5.12 periods), wall: 44.097 minutes, Δt:   1.48, CFL: 7.20e-01
i: 176700, t:  322006.4 s, ωt:  32.20 (5.12 periods), wall: 44.122 minutes, Δt:   1.39, CFL: 7.20e-01
i: 176800, t:  322156.7 s, ωt:  32.22 (5.13 periods), wall: 44.147 minutes, Δt:   1.59, CFL: 7.20e-01
i: 176900, t:  322313.1 s, ωt:  32.23 (5.13 periods), wall: 44.171 minutes, Δt:   1.41, CFL: 7.20e-01
i: 177000, t:  322469.1 s, ωt:  32.25 (5.13 periods), wall: 44.196 minutes, Δt:   1.51, CFL: 7.20e-01
i: 177100, t:  322615.4 s, ωt:  32.26 (5.13 periods), wall: 44.221 minutes, Δt:   1.24, CFL: 7.20e-01
i: 177200, t:  322752.9 s, ωt:  32.28 (5.14 periods), wall: 44.246 minutes, Δt:   1.46, CFL: 7.20e-01
i: 177300, t:  322904.3 s, ωt:  32.29 (5.14 periods), wall: 44.270 minutes, Δt:   1.42, CFL: 7.20e-01
i: 177400, t:  323048.7 s, ωt:  32.30 (5.14 periods), wall: 44.295 minutes, Δt:   1.25, CFL: 7.20e-01
i: 177500, t:  323181.3 s, ωt:  32.32 (5.14 periods), wall: 44.319 minutes, Δt:   1.46, CFL: 7.20e-01
i: 177600, t:  323327.8 s, ωt:  32.33 (5.15 periods), wall: 44.344 minutes, Δt:   1.59, CFL: 7.20e-01
i: 177700, t:  323475.6 s, ωt:  32.35 (5.15 periods), wall: 44.369 minutes, Δt:   1.52, CFL: 7.20e-01
i: 177800, t:  323629.4 s, ωt:  32.36 (5.15 periods), wall: 44.394 minutes, Δt:   1.37, CFL: 7.20e-01
i: 177900, t:  323768.9 s, ωt:  32.38 (5.15 periods), wall: 44.418 minutes, Δt:   1.48, CFL: 7.20e-01
i: 178000, t:  323917.1 s, ωt:  32.39 (5.16 periods), wall: 44.442 minutes, Δt:   1.34, CFL: 7.20e-01
i: 178100, t:  324066.4 s, ωt:  32.41 (5.16 periods), wall: 44.467 minutes, Δt:   1.54, CFL: 7.20e-01
i: 178200, t:  324209.1 s, ωt:  32.42 (5.16 periods), wall: 44.492 minutes, Δt:   1.28, CFL: 7.20e-01
i: 178300, t:  324344.6 s, ωt:  32.43 (5.16 periods), wall: 44.517 minutes, Δt:   1.12, CFL: 7.20e-01
i: 178400, t:  324483.7 s, ωt:  32.45 (5.16 periods), wall: 44.541 minutes, Δt:   1.43, CFL: 7.20e-01
i: 178500, t:  324606.8 s, ωt:  32.46 (5.17 periods), wall: 44.566 minutes, Δt:   1.40, CFL: 7.20e-01
i: 178600, t:  324742.9 s, ωt:  32.47 (5.17 periods), wall: 44.591 minutes, Δt:   1.28, CFL: 7.20e-01
i: 178700, t:  324864.8 s, ωt:  32.49 (5.17 periods), wall: 44.615 minutes, Δt:   1.21, CFL: 7.20e-01
i: 178800, t:  324994.3 s, ωt:  32.50 (5.17 periods), wall: 44.640 minutes, Δt:   1.04, CFL: 7.20e-01
i: 178900, t:  325112.1 s, ωt:  32.51 (5.17 periods), wall: 44.664 minutes, Δt:   1.33, CFL: 7.20e-01
i: 179000, t:  325232.5 s, ωt:  32.52 (5.18 periods), wall: 44.689 minutes, Δt:   1.29, CFL: 7.20e-01
i: 179100, t:  325352.5 s, ωt:  32.54 (5.18 periods), wall: 44.713 minutes, Δt:   1.17, CFL: 7.20e-01
i: 179200, t:  325483.6 s, ωt:  32.55 (5.18 periods), wall: 44.737 minutes, Δt:   1.18, CFL: 7.20e-01
i: 179300, t:  325606.1 s, ωt:  32.56 (5.18 periods), wall: 44.762 minutes, Δt:   1.11, CFL: 7.20e-01
i: 179400, t:  325732.3 s, ωt:  32.57 (5.18 periods), wall: 44.787 minutes, Δt:   1.37, CFL: 7.20e-01
i: 179500, t:  325856.3 s, ωt:  32.59 (5.19 periods), wall: 44.812 minutes, Δt:   1.18, CFL: 7.20e-01
i: 179600, t:  325973.9 s, ωt:  32.60 (5.19 periods), wall: 44.836 minutes, Δt:   1.35, CFL: 7.20e-01
i: 179700, t:  326108.2 s, ωt:  32.61 (5.19 periods), wall: 44.861 minutes, Δt:   1.24, CFL: 7.20e-01
i: 179800, t:  326242.4 s, ωt:  32.62 (5.19 periods), wall: 44.885 minutes, Δt:   1.45, CFL: 7.20e-01
i: 179900, t:  326380.7 s, ωt:  32.64 (5.19 periods), wall: 44.910 minutes, Δt:   1.24, CFL: 7.20e-01
i: 180000, t:  326507.0 s, ωt:  32.65 (5.20 periods), wall: 44.934 minutes, Δt:   1.36, CFL: 7.20e-01
i: 180100, t:  326631.1 s, ωt:  32.66 (5.20 periods), wall: 44.959 minutes, Δt:   1.18, CFL: 7.20e-01
i: 180200, t:  326736.6 s, ωt:  32.67 (5.20 periods), wall: 44.984 minutes, Δt:   1.08, CFL: 7.20e-01
i: 180300, t:  326858.1 s, ωt:  32.69 (5.20 periods), wall: 45.008 minutes, Δt:   1.12, CFL: 7.20e-01
i: 180400, t:  326977.6 s, ωt:  32.70 (5.20 periods), wall: 45.032 minutes, Δt:   1.15, CFL: 7.20e-01
i: 180500, t:  327107.7 s, ωt:  32.71 (5.21 periods), wall: 45.056 minutes, Δt:   1.49, CFL: 7.20e-01
i: 180600, t:  327232.1 s, ωt:  32.72 (5.21 periods), wall: 45.080 minutes, Δt:   1.03, CFL: 7.20e-01
i: 180700, t:  327350.5 s, ωt:  32.74 (5.21 periods), wall: 45.105 minutes, Δt:   1.27, CFL: 7.20e-01
i: 180800, t:  327483.2 s, ωt:  32.75 (5.21 periods), wall: 45.129 minutes, Δt:   1.25, CFL: 7.20e-01
i: 180900, t:  327612.8 s, ωt:  32.76 (5.21 periods), wall: 45.152 minutes, Δt:   1.20, CFL: 7.20e-01
i: 181000, t:  327728.3 s, ωt:  32.77 (5.22 periods), wall: 45.176 minutes, Δt:   1.18, CFL: 7.20e-01
i: 181100, t:  327842.3 s, ωt:  32.78 (5.22 periods), wall: 45.201 minutes, Δt:   1.09, CFL: 7.20e-01
i: 181200, t:  327952.8 s, ωt:  32.80 (5.22 periods), wall: 45.226 minutes, Δt:   1.33, CFL: 7.20e-01
i: 181300, t:  328073.9 s, ωt:  32.81 (5.22 periods), wall: 45.251 minutes, Δt:   1.28, CFL: 7.20e-01
i: 181400, t:  328195.2 s, ωt:  32.82 (5.22 periods), wall: 45.274 minutes, Δt:   1.14, CFL: 7.20e-01
i: 181500, t:  328312.5 s, ωt:  32.83 (5.23 periods), wall: 45.298 minutes, Δt:   1.05, CFL: 7.20e-01
i: 181600, t:  328423.3 s, ωt:  32.84 (5.23 periods), wall: 45.322 minutes, Δt:   1.15, CFL: 7.20e-01
i: 181700, t:  328540.9 s, ωt:  32.85 (5.23 periods), wall: 45.346 minutes, Δt:   1.00, CFL: 7.20e-01
i: 181800, t:  328644.1 s, ωt:  32.86 (5.23 periods), wall: 45.371 minutes, Δt:   1.16, CFL: 7.20e-01
i: 181900, t:  328757.3 s, ωt:  32.88 (5.23 periods), wall: 45.396 minutes, Δt:   1.18, CFL: 7.20e-01
i: 182000, t:  328885.7 s, ωt:  32.89 (5.23 periods), wall: 45.420 minutes, Δt:   1.33, CFL: 7.20e-01
i: 182100, t:  329006.9 s, ωt:  32.90 (5.24 periods), wall: 45.445 minutes, Δt:   1.15, CFL: 7.20e-01
i: 182200, t:  329128.7 s, ωt:  32.91 (5.24 periods), wall: 45.469 minutes, Δt:   1.12, CFL: 7.20e-01
i: 182300, t:  329241.6 s, ωt:  32.92 (5.24 periods), wall: 45.494 minutes, Δt:   1.45, CFL: 7.20e-01
i: 182400, t:  329372.7 s, ωt:  32.94 (5.24 periods), wall: 45.518 minutes, Δt:   1.13, CFL: 7.20e-01
i: 182500, t:  329489.2 s, ωt:  32.95 (5.24 periods), wall: 45.542 minutes, Δt:   1.10, CFL: 7.20e-01
i: 182600, t:  329608.3 s, ωt:  32.96 (5.25 periods), wall: 45.566 minutes, Δt:   1.13, CFL: 7.20e-01
i: 182700, t:  329739.0 s, ωt:  32.97 (5.25 periods), wall: 45.590 minutes, Δt:   1.21, CFL: 7.20e-01
i: 182800, t:  329870.1 s, ωt:  32.99 (5.25 periods), wall: 45.615 minutes, Δt:   1.32, CFL: 7.20e-01
i: 182900, t:  330000.9 s, ωt:  33.00 (5.25 periods), wall: 45.639 minutes, Δt:   1.13, CFL: 7.20e-01
i: 183000, t:  330119.7 s, ωt:  33.01 (5.25 periods), wall: 45.663 minutes, Δt:   1.34, CFL: 7.20e-01
i: 183100, t:  330248.9 s, ωt:  33.02 (5.26 periods), wall: 45.688 minutes, Δt:   1.17, CFL: 7.20e-01
i: 183200, t:  330378.7 s, ωt:  33.04 (5.26 periods), wall: 45.712 minutes, Δt:   1.30, CFL: 7.20e-01
i: 183300, t:  330501.4 s, ωt:  33.05 (5.26 periods), wall: 45.736 minutes, Δt:   1.15, CFL: 7.20e-01
i: 183400, t:  330627.0 s, ωt:  33.06 (5.26 periods), wall: 45.761 minutes, Δt:   1.35, CFL: 7.20e-01
i: 183500, t:  330752.8 s, ωt:  33.08 (5.26 periods), wall: 45.784 minutes, Δt:   1.17, CFL: 7.20e-01
i: 183600, t:  330893.9 s, ωt:  33.09 (5.27 periods), wall: 45.809 minutes, Δt:   1.35, CFL: 7.20e-01
i: 183700, t:  331025.0 s, ωt:  33.10 (5.27 periods), wall: 45.834 minutes, Δt:   1.14, CFL: 7.20e-01
i: 183800, t:  331143.0 s, ωt:  33.11 (5.27 periods), wall: 45.858 minutes, Δt:   1.21, CFL: 7.20e-01
i: 183900, t:  331262.9 s, ωt:  33.13 (5.27 periods), wall: 45.881 minutes, Δt:   1.21, CFL: 7.20e-01
i: 184000, t:  331372.8 s, ωt:  33.14 (5.27 periods), wall: 45.905 minutes, Δt:   1.06, CFL: 7.20e-01
i: 184100, t:  331493.0 s, ωt:  33.15 (5.28 periods), wall: 45.930 minutes, Δt:   1.24, CFL: 7.20e-01
i: 184200, t:  331607.8 s, ωt:  33.16 (5.28 periods), wall: 45.955 minutes, Δt:   1.25, CFL: 7.20e-01
i: 184300, t:  331736.5 s, ωt:  33.17 (5.28 periods), wall: 45.979 minutes, Δt:   1.40, CFL: 7.20e-01
i: 184400, t:  331870.3 s, ωt:  33.19 (5.28 periods), wall: 46.004 minutes, Δt:   1.28, CFL: 7.20e-01
i: 184500, t:  331992.7 s, ωt:  33.20 (5.28 periods), wall: 46.029 minutes, Δt:   1.29, CFL: 7.20e-01
i: 184600, t:  332121.6 s, ωt:  33.21 (5.29 periods), wall: 46.054 minutes, Δt:   1.41, CFL: 7.20e-01
i: 184700, t:  332265.6 s, ωt:  33.23 (5.29 periods), wall: 46.078 minutes, Δt:   1.33, CFL: 7.20e-01
i: 184800, t:  332399.9 s, ωt:  33.24 (5.29 periods), wall: 46.103 minutes, Δt:   1.23, CFL: 7.20e-01
i: 184900, t:  332515.4 s, ωt:  33.25 (5.29 periods), wall: 46.128 minutes, Δt:   0.85, CFL: 7.20e-01
i: 185000, t:  332630.2 s, ωt:  33.26 (5.29 periods), wall: 46.152 minutes, Δt:   1.23, CFL: 7.20e-01
i: 185100, t:  332757.0 s, ωt:  33.28 (5.30 periods), wall: 46.177 minutes, Δt:   1.13, CFL: 7.20e-01
i: 185200, t:  332880.0 s, ωt:  33.29 (5.30 periods), wall: 46.202 minutes, Δt:   1.25, CFL: 7.20e-01
i: 185300, t:  333014.0 s, ωt:  33.30 (5.30 periods), wall: 46.226 minutes, Δt:   1.27, CFL: 7.20e-01
i: 185400, t:  333150.8 s, ωt:  33.32 (5.30 periods), wall: 46.251 minutes, Δt:   1.44, CFL: 7.20e-01
i: 185500, t:  333288.2 s, ωt:  33.33 (5.30 periods), wall: 46.276 minutes, Δt:   1.47, CFL: 7.20e-01
i: 185600, t:  333432.2 s, ωt:  33.34 (5.31 periods), wall: 46.301 minutes, Δt:   1.37, CFL: 7.20e-01
i: 185700, t:  333576.2 s, ωt:  33.36 (5.31 periods), wall: 46.325 minutes, Δt:   1.39, CFL: 7.20e-01
i: 185800, t:  333715.5 s, ωt:  33.37 (5.31 periods), wall: 46.350 minutes, Δt:   1.61, CFL: 7.20e-01
i: 185900, t:  333851.7 s, ωt:  33.39 (5.31 periods), wall: 46.375 minutes, Δt:   1.43, CFL: 7.20e-01
i: 186000, t:  333977.5 s, ωt:  33.40 (5.32 periods), wall: 46.400 minutes, Δt:   1.44, CFL: 7.20e-01
i: 186100, t:  334107.2 s, ωt:  33.41 (5.32 periods), wall: 46.425 minutes, Δt:   1.15, CFL: 7.20e-01
i: 186200, t:  334244.7 s, ωt:  33.42 (5.32 periods), wall: 46.448 minutes, Δt:   1.51, CFL: 7.20e-01
i: 186300, t:  334389.5 s, ωt:  33.44 (5.32 periods), wall: 46.472 minutes, Δt:   1.64, CFL: 7.20e-01
i: 186400, t:  334532.1 s, ωt:  33.45 (5.32 periods), wall: 46.497 minutes, Δt:   1.69, CFL: 7.20e-01
i: 186500, t:  334694.2 s, ωt:  33.47 (5.33 periods), wall: 46.522 minutes, Δt:   1.76, CFL: 7.20e-01
i: 186600, t:  334861.7 s, ωt:  33.49 (5.33 periods), wall: 46.546 minutes, Δt:   1.49, CFL: 7.20e-01
i: 186700, t:  334996.5 s, ωt:  33.50 (5.33 periods), wall: 46.570 minutes, Δt:   1.20, CFL: 7.20e-01
i: 186800, t:  335128.1 s, ωt:  33.51 (5.33 periods), wall: 46.595 minutes, Δt:   1.54, CFL: 7.20e-01
i: 186900, t:  335273.5 s, ωt:  33.53 (5.34 periods), wall: 46.620 minutes, Δt:   1.35, CFL: 7.20e-01
i: 187000, t:  335411.7 s, ωt:  33.54 (5.34 periods), wall: 46.645 minutes, Δt:   1.32, CFL: 7.20e-01
i: 187100, t:  335563.6 s, ωt:  33.56 (5.34 periods), wall: 46.669 minutes, Δt:   1.71, CFL: 7.20e-01
i: 187200, t:  335731.6 s, ωt:  33.57 (5.34 periods), wall: 46.693 minutes, Δt:   1.50, CFL: 7.20e-01
i: 187300, t:  335892.1 s, ωt:  33.59 (5.35 periods), wall: 46.718 minutes, Δt:   1.73, CFL: 7.20e-01
i: 187400, t:  336058.0 s, ωt:  33.61 (5.35 periods), wall: 46.742 minutes, Δt:   1.48, CFL: 7.20e-01
i: 187500, t:  336217.1 s, ωt:  33.62 (5.35 periods), wall: 46.767 minutes, Δt:   1.66, CFL: 7.20e-01
i: 187600, t:  336391.3 s, ωt:  33.64 (5.35 periods), wall: 46.792 minutes, Δt:   1.80, CFL: 7.20e-01
i: 187700, t:  336569.1 s, ωt:  33.66 (5.36 periods), wall: 46.817 minutes, Δt:   1.75, CFL: 7.20e-01
i: 187800, t:  336744.9 s, ωt:  33.67 (5.36 periods), wall: 46.841 minutes, Δt:   1.67, CFL: 7.20e-01
i: 187900, t:  336911.9 s, ωt:  33.69 (5.36 periods), wall: 46.865 minutes, Δt:   1.45, CFL: 7.20e-01
i: 188000, t:  337089.0 s, ωt:  33.71 (5.36 periods), wall: 46.889 minutes, Δt:   1.88, CFL: 7.20e-01
i: 188100, t:  337261.7 s, ωt:  33.73 (5.37 periods), wall: 46.914 minutes, Δt:   1.79, CFL: 7.20e-01
i: 188200, t:  337432.3 s, ωt:  33.74 (5.37 periods), wall: 46.939 minutes, Δt:   1.85, CFL: 7.20e-01
i: 188300, t:  337604.7 s, ωt:  33.76 (5.37 periods), wall: 46.963 minutes, Δt:   1.91, CFL: 7.20e-01
i: 188400, t:  337802.5 s, ωt:  33.78 (5.38 periods), wall: 46.988 minutes, Δt:   1.92, CFL: 7.20e-01
i: 188500, t:  337985.5 s, ωt:  33.80 (5.38 periods), wall: 47.013 minutes, Δt:   1.80, CFL: 7.20e-01
i: 188600, t:  338151.8 s, ωt:  33.82 (5.38 periods), wall: 47.037 minutes, Δt:   1.65, CFL: 7.20e-01
i: 188700, t:  338317.3 s, ωt:  33.83 (5.38 periods), wall: 47.062 minutes, Δt:   1.80, CFL: 7.20e-01
i: 188800, t:  338516.2 s, ωt:  33.85 (5.39 periods), wall: 47.086 minutes, Δt:   2.05, CFL: 7.20e-01
i: 188900, t:  338731.7 s, ωt:  33.87 (5.39 periods), wall: 47.111 minutes, Δt:   2.27, CFL: 7.20e-01
i: 189000, t:  338944.4 s, ωt:  33.89 (5.39 periods), wall: 47.135 minutes, Δt:   2.13, CFL: 7.20e-01
i: 189100, t:  339159.0 s, ωt:  33.92 (5.40 periods), wall: 47.159 minutes, Δt:   2.26, CFL: 7.20e-01
i: 189200, t:  339382.6 s, ωt:  33.94 (5.40 periods), wall: 47.183 minutes, Δt:   2.37, CFL: 7.20e-01
i: 189300, t:  339630.5 s, ωt:  33.96 (5.41 periods), wall: 47.208 minutes, Δt:   2.28, CFL: 7.20e-01
i: 189400, t:  339852.7 s, ωt:  33.99 (5.41 periods), wall: 47.233 minutes, Δt:   2.37, CFL: 7.20e-01
i: 189500, t:  340092.2 s, ωt:  34.01 (5.41 periods), wall: 47.258 minutes, Δt:   2.27, CFL: 7.20e-01
i: 189600, t:  340350.4 s, ωt:  34.04 (5.42 periods), wall: 47.283 minutes, Δt:   2.17, CFL: 7.20e-01
i: 189700, t:  340609.0 s, ωt:  34.06 (5.42 periods), wall: 47.308 minutes, Δt:   2.83, CFL: 7.20e-01
i: 189800, t:  340909.3 s, ωt:  34.09 (5.43 periods), wall: 47.332 minutes, Δt:   3.21, CFL: 7.20e-01
i: 189900, t:  341210.0 s, ωt:  34.12 (5.43 periods), wall: 47.357 minutes, Δt:   3.14, CFL: 7.20e-01
i: 190000, t:  341549.6 s, ωt:  34.15 (5.44 periods), wall: 47.381 minutes, Δt:   2.97, CFL: 7.20e-01
i: 190100, t:  341905.4 s, ωt:  34.19 (5.44 periods), wall: 47.406 minutes, Δt:   3.08, CFL: 7.20e-01
i: 190200, t:  342240.3 s, ωt:  34.22 (5.45 periods), wall: 47.431 minutes, Δt:   3.97, CFL: 7.02e-01
i: 190300, t:  342640.2 s, ωt:  34.26 (5.45 periods), wall: 47.456 minutes, Δt:   3.88, CFL: 7.20e-01
i: 190400, t:  343107.7 s, ωt:  34.31 (5.46 periods), wall: 47.482 minutes, Δt:   5.34, CFL: 7.20e-01
i: 190500, t:  343652.4 s, ωt:  34.37 (5.47 periods), wall: 47.507 minutes, Δt:   6.01, CFL: 7.20e-01
i: 190600, t:  344219.0 s, ωt:  34.42 (5.48 periods), wall: 47.532 minutes, Δt:   5.85, CFL: 7.20e-01
i: 190700, t:  344829.6 s, ωt:  34.48 (5.49 periods), wall: 47.557 minutes, Δt:   6.44, CFL: 7.20e-01
i: 190800, t:  345458.7 s, ωt:  34.55 (5.50 periods), wall: 47.582 minutes, Δt:   5.95, CFL: 7.20e-01
i: 190900, t:  346079.2 s, ωt:  34.61 (5.51 periods), wall: 47.608 minutes, Δt:   5.73, CFL: 7.20e-01
i: 191000, t:  346632.4 s, ωt:  34.66 (5.52 periods), wall: 47.633 minutes, Δt:   5.15, CFL: 7.20e-01
i: 191100, t:  347151.1 s, ωt:  34.72 (5.53 periods), wall: 47.659 minutes, Δt:   4.89, CFL: 7.20e-01
i: 191200, t:  347576.7 s, ωt:  34.76 (5.53 periods), wall: 47.684 minutes, Δt:   3.76, CFL: 7.20e-01
i: 191300, t:  347958.7 s, ωt:  34.80 (5.54 periods), wall: 47.709 minutes, Δt:   3.23, CFL: 7.20e-01
i: 191400, t:  348312.3 s, ωt:  34.83 (5.54 periods), wall: 47.734 minutes, Δt:   3.79, CFL: 7.20e-01
i: 191500, t:  348659.4 s, ωt:  34.87 (5.55 periods), wall: 47.759 minutes, Δt:   3.05, CFL: 7.20e-01
i: 191600, t:  348935.0 s, ωt:  34.89 (5.55 periods), wall: 47.784 minutes, Δt:   2.60, CFL: 7.20e-01
i: 191700, t:  349180.9 s, ωt:  34.92 (5.56 periods), wall: 47.809 minutes, Δt:   2.46, CFL: 7.20e-01
i: 191800, t:  349418.3 s, ωt:  34.94 (5.56 periods), wall: 47.834 minutes, Δt:   2.47, CFL: 7.20e-01
i: 191900, t:  349664.0 s, ωt:  34.97 (5.57 periods), wall: 47.860 minutes, Δt:   2.33, CFL: 7.20e-01
i: 192000, t:  349857.9 s, ωt:  34.99 (5.57 periods), wall: 47.884 minutes, Δt:   2.00, CFL: 7.20e-01
i: 192100, t:  350067.9 s, ωt:  35.01 (5.57 periods), wall: 47.909 minutes, Δt:   1.91, CFL: 7.20e-01
i: 192200, t:  350284.5 s, ωt:  35.03 (5.57 periods), wall: 47.934 minutes, Δt:   2.10, CFL: 7.20e-01
i: 192300, t:  350454.2 s, ωt:  35.05 (5.58 periods), wall: 47.959 minutes, Δt:   1.31, CFL: 7.20e-01
i: 192400, t:  350630.3 s, ωt:  35.06 (5.58 periods), wall: 47.984 minutes, Δt:   1.68, CFL: 7.20e-01
i: 192500, t:  350813.7 s, ωt:  35.08 (5.58 periods), wall: 48.008 minutes, Δt:   2.28, CFL: 7.20e-01
i: 192600, t:  351004.0 s, ωt:  35.10 (5.59 periods), wall: 48.033 minutes, Δt:   1.46, CFL: 7.20e-01
i: 192700, t:  351169.9 s, ωt:  35.12 (5.59 periods), wall: 48.058 minutes, Δt:   1.69, CFL: 7.20e-01
i: 192800, t:  351323.6 s, ωt:  35.13 (5.59 periods), wall: 48.083 minutes, Δt:   1.82, CFL: 7.20e-01
i: 192900, t:  351499.0 s, ωt:  35.15 (5.59 periods), wall: 48.107 minutes, Δt:   1.66, CFL: 7.20e-01
i: 193000, t:  351661.8 s, ωt:  35.17 (5.60 periods), wall: 48.132 minutes, Δt:   1.89, CFL: 7.20e-01
i: 193100, t:  351828.9 s, ωt:  35.18 (5.60 periods), wall: 48.157 minutes, Δt:   1.57, CFL: 7.20e-01
i: 193200, t:  351990.2 s, ωt:  35.20 (5.60 periods), wall: 48.182 minutes, Δt:   1.47, CFL: 7.20e-01
i: 193300, t:  352152.3 s, ωt:  35.22 (5.60 periods), wall: 48.206 minutes, Δt:   1.71, CFL: 7.20e-01
i: 193400, t:  352327.8 s, ωt:  35.23 (5.61 periods), wall: 48.231 minutes, Δt:   1.60, CFL: 7.20e-01
i: 193500, t:  352479.7 s, ωt:  35.25 (5.61 periods), wall: 48.256 minutes, Δt:   1.60, CFL: 7.20e-01
i: 193600, t:  352629.4 s, ωt:  35.26 (5.61 periods), wall: 48.281 minutes, Δt:   1.56, CFL: 7.20e-01
i: 193700, t:  352779.4 s, ωt:  35.28 (5.61 periods), wall: 48.305 minutes, Δt:   1.58, CFL: 7.20e-01
i: 193800, t:  352930.8 s, ωt:  35.29 (5.62 periods), wall: 48.330 minutes, Δt:   1.42, CFL: 7.20e-01
i: 193900, t:  353071.3 s, ωt:  35.31 (5.62 periods), wall: 48.353 minutes, Δt:   1.35, CFL: 7.20e-01
i: 194000, t:  353219.0 s, ωt:  35.32 (5.62 periods), wall: 48.378 minutes, Δt:   1.55, CFL: 7.20e-01
i: 194100, t:  353362.6 s, ωt:  35.34 (5.62 periods), wall: 48.402 minutes, Δt:   1.52, CFL: 7.20e-01
i: 194200, t:  353508.3 s, ωt:  35.35 (5.63 periods), wall: 48.427 minutes, Δt:   1.35, CFL: 7.20e-01
i: 194300, t:  353649.2 s, ωt:  35.36 (5.63 periods), wall: 48.451 minutes, Δt:   1.44, CFL: 7.20e-01
i: 194400, t:  353784.7 s, ωt:  35.38 (5.63 periods), wall: 48.476 minutes, Δt:   1.32, CFL: 7.20e-01
i: 194500, t:  353918.3 s, ωt:  35.39 (5.63 periods), wall: 48.501 minutes, Δt:   1.29, CFL: 7.20e-01
i: 194600, t:  354052.3 s, ωt:  35.41 (5.63 periods), wall: 48.525 minutes, Δt:   1.26, CFL: 7.20e-01
i: 194700, t:  354186.6 s, ωt:  35.42 (5.64 periods), wall: 48.550 minutes, Δt:   1.18, CFL: 7.20e-01
i: 194800, t:  354300.8 s, ωt:  35.43 (5.64 periods), wall: 48.576 minutes, Δt:   1.16, CFL: 7.20e-01
i: 194900, t:  354437.6 s, ωt:  35.44 (5.64 periods), wall: 48.600 minutes, Δt:   1.28, CFL: 7.20e-01
i: 195000, t:  354569.4 s, ωt:  35.46 (5.64 periods), wall: 48.625 minutes, Δt:   1.45, CFL: 7.20e-01
i: 195100, t:  354717.7 s, ωt:  35.47 (5.65 periods), wall: 48.649 minutes, Δt:   1.45, CFL: 7.20e-01
i: 195200, t:  354843.3 s, ωt:  35.48 (5.65 periods), wall: 48.674 minutes, Δt:   1.44, CFL: 7.20e-01
i: 195300, t:  354985.4 s, ωt:  35.50 (5.65 periods), wall: 48.698 minutes, Δt:   1.25, CFL: 7.20e-01
i: 195400, t:  355105.9 s, ωt:  35.51 (5.65 periods), wall: 48.723 minutes, Δt:   1.18, CFL: 7.20e-01
i: 195500, t:  355234.5 s, ωt:  35.52 (5.65 periods), wall: 48.747 minutes, Δt:   1.39, CFL: 7.20e-01
i: 195600, t:  355371.4 s, ωt:  35.54 (5.66 periods), wall: 48.772 minutes, Δt:   1.36, CFL: 7.20e-01
i: 195700, t:  355513.7 s, ωt:  35.55 (5.66 periods), wall: 48.796 minutes, Δt:   1.53, CFL: 7.20e-01
i: 195800, t:  355647.8 s, ωt:  35.56 (5.66 periods), wall: 48.821 minutes, Δt:   1.33, CFL: 7.20e-01
i: 195900, t:  355782.8 s, ωt:  35.58 (5.66 periods), wall: 48.846 minutes, Δt:   1.48, CFL: 7.20e-01
i: 196000, t:  355920.9 s, ωt:  35.59 (5.66 periods), wall: 48.870 minutes, Δt:   1.48, CFL: 7.20e-01
i: 196100, t:  356054.7 s, ωt:  35.61 (5.67 periods), wall: 48.895 minutes, Δt:   1.34, CFL: 7.20e-01
i: 196200, t:  356192.5 s, ωt:  35.62 (5.67 periods), wall: 48.920 minutes, Δt:   1.16, CFL: 7.20e-01
i: 196300, t:  356309.5 s, ωt:  35.63 (5.67 periods), wall: 48.944 minutes, Δt:   1.16, CFL: 7.20e-01
i: 196400, t:  356433.0 s, ωt:  35.64 (5.67 periods), wall: 48.969 minutes, Δt:   1.18, CFL: 7.20e-01
i: 196500, t:  356546.7 s, ωt:  35.65 (5.67 periods), wall: 48.993 minutes, Δt:   0.98, CFL: 7.20e-01
i: 196600, t:  356660.8 s, ωt:  35.67 (5.68 periods), wall: 49.018 minutes, Δt:   1.22, CFL: 7.20e-01
i: 196700, t:  356780.1 s, ωt:  35.68 (5.68 periods), wall: 49.043 minutes, Δt:   1.12, CFL: 7.20e-01
i: 196800, t:  356894.7 s, ωt:  35.69 (5.68 periods), wall: 49.067 minutes, Δt:   1.10, CFL: 7.20e-01
i: 196900, t:  357014.7 s, ωt:  35.70 (5.68 periods), wall: 49.092 minutes, Δt:   1.24, CFL: 7.20e-01
i: 197000, t:  357139.2 s, ωt:  35.71 (5.68 periods), wall: 49.116 minutes, Δt:   1.24, CFL: 7.20e-01
i: 197100, t:  357270.6 s, ωt:  35.73 (5.69 periods), wall: 49.141 minutes, Δt:   1.34, CFL: 7.20e-01
i: 197200, t:  357394.0 s, ωt:  35.74 (5.69 periods), wall: 49.165 minutes, Δt:   1.09, CFL: 7.20e-01
i: 197300, t:  357522.9 s, ωt:  35.75 (5.69 periods), wall: 49.189 minutes, Δt:   1.46, CFL: 7.20e-01
i: 197400, t:  357640.2 s, ωt:  35.76 (5.69 periods), wall: 49.214 minutes, Δt:   1.07, CFL: 7.20e-01
i: 197500, t:  357757.3 s, ωt:  35.78 (5.69 periods), wall: 49.238 minutes, Δt:   1.15, CFL: 7.20e-01
i: 197600, t:  357866.1 s, ωt:  35.79 (5.70 periods), wall: 49.262 minutes, Δt:   1.26, CFL: 7.20e-01
i: 197700, t:  357995.5 s, ωt:  35.80 (5.70 periods), wall: 49.286 minutes, Δt:   1.35, CFL: 7.20e-01
i: 197800, t:  358127.2 s, ωt:  35.81 (5.70 periods), wall: 49.310 minutes, Δt:   1.22, CFL: 7.20e-01
i: 197900, t:  358236.6 s, ωt:  35.82 (5.70 periods), wall: 49.335 minutes, Δt:   1.03, CFL: 7.20e-01
i: 198000, t:  358354.2 s, ωt:  35.84 (5.70 periods), wall: 49.359 minutes, Δt:   1.31, CFL: 7.20e-01
i: 198100, t:  358476.6 s, ωt:  35.85 (5.71 periods), wall: 49.383 minutes, Δt:   1.18, CFL: 7.20e-01
i: 198200, t:  358597.8 s, ωt:  35.86 (5.71 periods), wall: 49.407 minutes, Δt:   1.13, CFL: 7.20e-01
i: 198300, t:  358715.9 s, ωt:  35.87 (5.71 periods), wall: 49.431 minutes, Δt:   1.26, CFL: 7.20e-01
i: 198400, t:  358831.7 s, ωt:  35.88 (5.71 periods), wall: 49.456 minutes, Δt:   1.31, CFL: 7.20e-01
i: 198500, t:  358943.0 s, ωt:  35.89 (5.71 periods), wall: 49.481 minutes, Δt:   1.31, CFL: 7.20e-01
i: 198600, t:  359074.2 s, ωt:  35.91 (5.71 periods), wall: 49.505 minutes, Δt:   1.14, CFL: 7.20e-01
i: 198700, t:  359183.8 s, ωt:  35.92 (5.72 periods), wall: 49.530 minutes, Δt:   1.02, CFL: 7.20e-01
i: 198800, t:  359295.4 s, ωt:  35.93 (5.72 periods), wall: 49.555 minutes, Δt:   1.27, CFL: 7.20e-01
i: 198900, t:  359417.0 s, ωt:  35.94 (5.72 periods), wall: 49.579 minutes, Δt:   1.13, CFL: 7.20e-01
i: 199000, t:  359537.0 s, ωt:  35.95 (5.72 periods), wall: 49.603 minutes, Δt:   1.10, CFL: 7.20e-01
i: 199100, t:  359654.8 s, ωt:  35.97 (5.72 periods), wall: 49.626 minutes, Δt:   1.35, CFL: 7.20e-01
i: 199200, t:  359785.8 s, ωt:  35.98 (5.73 periods), wall: 49.650 minutes, Δt:   1.09, CFL: 7.20e-01
i: 199300, t:  359903.9 s, ωt:  35.99 (5.73 periods), wall: 49.673 minutes, Δt:   1.05, CFL: 7.20e-01
i: 199400, t:  360006.3 s, ωt:  36.00 (5.73 periods), wall: 49.697 minutes, Δt:   1.20, CFL: 7.20e-01
i: 199500, t:  360129.1 s, ωt:  36.01 (5.73 periods), wall: 49.722 minutes, Δt:   1.32, CFL: 7.20e-01
i: 199600, t:  360248.9 s, ωt:  36.02 (5.73 periods), wall: 49.746 minutes, Δt:   1.19, CFL: 7.20e-01
i: 199700, t:  360370.9 s, ωt:  36.04 (5.74 periods), wall: 49.769 minutes, Δt:   1.30, CFL: 7.20e-01
i: 199800, t:  360498.0 s, ωt:  36.05 (5.74 periods), wall: 49.793 minutes, Δt:   1.34, CFL: 7.20e-01
i: 199900, t:  360627.4 s, ωt:  36.06 (5.74 periods), wall: 49.816 minutes, Δt:   1.41, CFL: 7.20e-01
i: 200000, t:  360760.6 s, ωt:  36.08 (5.74 periods), wall: 49.841 minutes, Δt:   1.21, CFL: 7.20e-01
i: 200100, t:  360876.9 s, ωt:  36.09 (5.74 periods), wall: 49.866 minutes, Δt:   1.14, CFL: 7.20e-01
i: 200200, t:  360984.1 s, ωt:  36.10 (5.75 periods), wall: 49.890 minutes, Δt:   1.06, CFL: 7.20e-01
i: 200300, t:  361106.4 s, ωt:  36.11 (5.75 periods), wall: 49.914 minutes, Δt:   1.16, CFL: 7.20e-01
i: 200400, t:  361215.9 s, ωt:  36.12 (5.75 periods), wall: 49.937 minutes, Δt:   1.09, CFL: 7.20e-01
i: 200500, t:  361325.2 s, ωt:  36.13 (5.75 periods), wall: 49.961 minutes, Δt:   1.06, CFL: 7.20e-01
i: 200600, t:  361441.4 s, ωt:  36.14 (5.75 periods), wall: 49.984 minutes, Δt:   1.11, CFL: 7.20e-01
i: 200700, t:  361566.3 s, ωt:  36.16 (5.75 periods), wall: 50.008 minutes, Δt:   1.21, CFL: 7.20e-01
i: 200800, t:  361685.2 s, ωt:  36.17 (5.76 periods), wall: 50.032 minutes, Δt:   1.34, CFL: 7.20e-01
i: 200900, t:  361808.5 s, ωt:  36.18 (5.76 periods), wall: 50.056 minutes, Δt:   1.01, CFL: 7.20e-01
i: 201000, t:  361927.6 s, ωt:  36.19 (5.76 periods), wall: 50.081 minutes, Δt:   1.30, CFL: 7.20e-01
i: 201100, t:  362058.3 s, ωt:  36.21 (5.76 periods), wall: 50.106 minutes, Δt:   1.18, CFL: 7.20e-01
i: 201200, t:  362185.8 s, ωt:  36.22 (5.76 periods), wall: 50.130 minutes, Δt:   1.41, CFL: 7.20e-01
i: 201300, t:  362306.6 s, ωt:  36.23 (5.77 periods), wall: 50.155 minutes, Δt:   0.98, CFL: 7.20e-01
i: 201400, t:  362426.1 s, ωt:  36.24 (5.77 periods), wall: 50.180 minutes, Δt:   1.24, CFL: 7.20e-01
i: 201500, t:  362544.6 s, ωt:  36.25 (5.77 periods), wall: 50.205 minutes, Δt:   1.19, CFL: 7.20e-01
i: 201600, t:  362669.7 s, ωt:  36.27 (5.77 periods), wall: 50.230 minutes, Δt:   1.14, CFL: 7.20e-01
i: 201700, t:  362791.6 s, ωt:  36.28 (5.77 periods), wall: 50.254 minutes, Δt:   1.21, CFL: 7.20e-01
i: 201800, t:  362918.4 s, ωt:  36.29 (5.78 periods), wall: 50.279 minutes, Δt:   1.26, CFL: 7.20e-01
i: 201900, t:  363033.2 s, ωt:  36.30 (5.78 periods), wall: 50.303 minutes, Δt:   1.34, CFL: 7.20e-01
i: 202000, t:  363152.5 s, ωt:  36.32 (5.78 periods), wall: 50.328 minutes, Δt:   1.47, CFL: 7.08e-01
i: 202100, t:  363288.8 s, ωt:  36.33 (5.78 periods), wall: 50.353 minutes, Δt:   1.22, CFL: 7.20e-01
i: 202200, t:  363414.8 s, ωt:  36.34 (5.78 periods), wall: 50.378 minutes, Δt:   1.50, CFL: 7.20e-01
i: 202300, t:  363547.9 s, ωt:  36.35 (5.79 periods), wall: 50.403 minutes, Δt:   1.18, CFL: 7.20e-01
i: 202400, t:  363675.4 s, ωt:  36.37 (5.79 periods), wall: 50.427 minutes, Δt:   1.11, CFL: 7.20e-01
i: 202500, t:  363795.4 s, ωt:  36.38 (5.79 periods), wall: 50.452 minutes, Δt:   1.30, CFL: 7.20e-01
i: 202600, t:  363930.7 s, ωt:  36.39 (5.79 periods), wall: 50.477 minutes, Δt:   1.51, CFL: 7.20e-01
i: 202700, t:  364065.1 s, ωt:  36.41 (5.79 periods), wall: 50.502 minutes, Δt:   1.36, CFL: 7.20e-01
i: 202800, t:  364190.5 s, ωt:  36.42 (5.80 periods), wall: 50.527 minutes, Δt:   1.28, CFL: 7.20e-01
i: 202900, t:  364313.9 s, ωt:  36.43 (5.80 periods), wall: 50.551 minutes, Δt:   0.98, CFL: 7.20e-01
i: 203000, t:  364424.7 s, ωt:  36.44 (5.80 periods), wall: 50.576 minutes, Δt:   1.23, CFL: 7.20e-01
i: 203100, t:  364548.7 s, ωt:  36.45 (5.80 periods), wall: 50.601 minutes, Δt:   1.21, CFL: 7.20e-01
i: 203200, t:  364681.2 s, ωt:  36.47 (5.80 periods), wall: 50.625 minutes, Δt:   1.40, CFL: 7.20e-01
i: 203300, t:  364806.6 s, ωt:  36.48 (5.81 periods), wall: 50.652 minutes, Δt:   1.34, CFL: 7.20e-01
i: 203400, t:  364922.6 s, ωt:  36.49 (5.81 periods), wall: 50.676 minutes, Δt:   1.12, CFL: 7.20e-01
i: 203500, t:  365055.7 s, ωt:  36.51 (5.81 periods), wall: 50.701 minutes, Δt:   1.43, CFL: 7.20e-01
i: 203600, t:  365187.5 s, ωt:  36.52 (5.81 periods), wall: 50.726 minutes, Δt:   1.30, CFL: 7.20e-01
i: 203700, t:  365312.7 s, ωt:  36.53 (5.81 periods), wall: 50.751 minutes, Δt:   1.12, CFL: 7.20e-01
i: 203800, t:  365430.0 s, ωt:  36.54 (5.82 periods), wall: 50.775 minutes, Δt:   1.21, CFL: 7.20e-01
i: 203900, t:  365555.3 s, ωt:  36.56 (5.82 periods), wall: 50.798 minutes, Δt:   1.48, CFL: 7.20e-01
i: 204000, t:  365696.2 s, ωt:  36.57 (5.82 periods), wall: 50.822 minutes, Δt:   1.44, CFL: 7.20e-01
i: 204100, t:  365836.6 s, ωt:  36.58 (5.82 periods), wall: 50.846 minutes, Δt:   1.36, CFL: 7.20e-01
i: 204200, t:  365970.7 s, ωt:  36.60 (5.82 periods), wall: 50.869 minutes, Δt:   1.42, CFL: 7.20e-01
i: 204300, t:  366118.2 s, ωt:  36.61 (5.83 periods), wall: 50.894 minutes, Δt:   1.67, CFL: 7.20e-01
i: 204400, t:  366257.5 s, ωt:  36.63 (5.83 periods), wall: 50.918 minutes, Δt:   1.32, CFL: 7.20e-01
i: 204500, t:  366380.3 s, ωt:  36.64 (5.83 periods), wall: 50.943 minutes, Δt:   1.38, CFL: 7.20e-01
i: 204600, t:  366520.0 s, ωt:  36.65 (5.83 periods), wall: 50.968 minutes, Δt:   1.49, CFL: 7.20e-01
i: 204700, t:  366664.3 s, ωt:  36.67 (5.84 periods), wall: 50.993 minutes, Δt:   1.28, CFL: 7.20e-01
i: 204800, t:  366809.4 s, ωt:  36.68 (5.84 periods), wall: 51.017 minutes, Δt:   1.47, CFL: 7.20e-01
i: 204900, t:  366957.2 s, ωt:  36.70 (5.84 periods), wall: 51.041 minutes, Δt:   1.74, CFL: 7.20e-01
i: 205000, t:  367118.4 s, ωt:  36.71 (5.84 periods), wall: 51.066 minutes, Δt:   1.81, CFL: 7.20e-01
i: 205100, t:  367287.6 s, ωt:  36.73 (5.85 periods), wall: 51.091 minutes, Δt:   1.78, CFL: 7.20e-01
i: 205200, t:  367447.3 s, ωt:  36.74 (5.85 periods), wall: 51.116 minutes, Δt:   1.61, CFL: 7.20e-01
i: 205300, t:  367611.7 s, ωt:  36.76 (5.85 periods), wall: 51.141 minutes, Δt:   1.67, CFL: 7.20e-01
i: 205400, t:  367788.5 s, ωt:  36.78 (5.85 periods), wall: 51.166 minutes, Δt:   1.76, CFL: 7.20e-01
i: 205500, t:  367974.5 s, ωt:  36.80 (5.86 periods), wall: 51.191 minutes, Δt:   1.84, CFL: 7.20e-01
i: 205600, t:  368149.4 s, ωt:  36.81 (5.86 periods), wall: 51.216 minutes, Δt:   1.99, CFL: 7.20e-01
i: 205700, t:  368323.1 s, ωt:  36.83 (5.86 periods), wall: 51.241 minutes, Δt:   1.96, CFL: 7.20e-01
i: 205800, t:  368497.7 s, ωt:  36.85 (5.86 periods), wall: 51.265 minutes, Δt:   1.99, CFL: 7.20e-01
i: 205900, t:  368690.6 s, ωt:  36.87 (5.87 periods), wall: 51.290 minutes, Δt:   2.05, CFL: 7.20e-01
i: 206000, t:  368866.0 s, ωt:  36.89 (5.87 periods), wall: 51.315 minutes, Δt:   1.83, CFL: 7.20e-01
i: 206100, t:  369029.5 s, ωt:  36.90 (5.87 periods), wall: 51.340 minutes, Δt:   1.77, CFL: 7.20e-01
i: 206200, t:  369205.6 s, ωt:  36.92 (5.88 periods), wall: 51.365 minutes, Δt:   1.74, CFL: 7.20e-01
i: 206300, t:  369379.3 s, ωt:  36.94 (5.88 periods), wall: 51.390 minutes, Δt:   1.96, CFL: 7.20e-01
i: 206400, t:  369572.4 s, ωt:  36.96 (5.88 periods), wall: 51.415 minutes, Δt:   2.22, CFL: 7.20e-01
i: 206500, t:  369775.4 s, ωt:  36.98 (5.89 periods), wall: 51.440 minutes, Δt:   2.26, CFL: 7.20e-01
i: 206600, t:  370001.8 s, ωt:  37.00 (5.89 periods), wall: 51.464 minutes, Δt:   2.36, CFL: 7.20e-01
i: 206700, t:  370235.0 s, ωt:  37.02 (5.89 periods), wall: 51.490 minutes, Δt:   2.17, CFL: 7.20e-01
i: 206800, t:  370442.9 s, ωt:  37.04 (5.90 periods), wall: 51.515 minutes, Δt:   2.22, CFL: 7.20e-01
i: 206900, t:  370665.5 s, ωt:  37.07 (5.90 periods), wall: 51.539 minutes, Δt:   2.17, CFL: 7.20e-01
i: 207000, t:  370874.1 s, ωt:  37.09 (5.90 periods), wall: 51.564 minutes, Δt:   1.76, CFL: 7.20e-01
i: 207100, t:  371089.8 s, ωt:  37.11 (5.91 periods), wall: 51.590 minutes, Δt:   2.71, CFL: 7.20e-01
i: 207200, t:  371348.8 s, ωt:  37.13 (5.91 periods), wall: 51.615 minutes, Δt:   2.31, CFL: 7.20e-01
i: 207300, t:  371571.7 s, ωt:  37.16 (5.91 periods), wall: 51.639 minutes, Δt:   2.33, CFL: 7.20e-01
i: 207400, t:  371815.4 s, ωt:  37.18 (5.92 periods), wall: 51.664 minutes, Δt:   2.53, CFL: 7.20e-01
i: 207500, t:  372089.7 s, ωt:  37.21 (5.92 periods), wall: 51.689 minutes, Δt:   2.84, CFL: 7.20e-01
i: 207600, t:  372371.1 s, ωt:  37.24 (5.93 periods), wall: 51.714 minutes, Δt:   3.02, CFL: 7.20e-01
i: 207700, t:  372693.1 s, ωt:  37.27 (5.93 periods), wall: 51.740 minutes, Δt:   3.62, CFL: 7.20e-01
i: 207800, t:  372991.6 s, ωt:  37.30 (5.94 periods), wall: 51.765 minutes, Δt:   3.41, CFL: 7.20e-01
i: 207900, t:  373347.4 s, ωt:  37.33 (5.94 periods), wall: 51.790 minutes, Δt:   4.00, CFL: 7.20e-01
i: 208000, t:  373695.5 s, ωt:  37.37 (5.95 periods), wall: 51.814 minutes, Δt:   4.06, CFL: 7.20e-01
i: 208100, t:  374095.5 s, ωt:  37.41 (5.95 periods), wall: 51.839 minutes, Δt:   4.46, CFL: 7.20e-01
i: 208200, t:  374587.5 s, ωt:  37.46 (5.96 periods), wall: 51.865 minutes, Δt:   5.19, CFL: 7.20e-01
i: 208300, t:  375179.3 s, ωt:  37.52 (5.97 periods), wall: 51.890 minutes, Δt:   7.27, CFL: 7.20e-01
i: 208400, t:  375802.5 s, ωt:  37.58 (5.98 periods), wall: 51.915 minutes, Δt:   6.70, CFL: 7.20e-01
i: 208500, t:  376406.9 s, ωt:  37.64 (5.99 periods), wall: 51.941 minutes, Δt:   7.26, CFL: 7.20e-01
i: 208600, t:  377062.7 s, ωt:  37.71 (6.00 periods), wall: 51.969 minutes, Δt:   5.91, CFL: 7.20e-01
i: 208700, t:  377655.6 s, ωt:  37.77 (6.01 periods), wall: 51.995 minutes, Δt:   6.28, CFL: 7.20e-01
i: 208800, t:  378172.9 s, ωt:  37.82 (6.02 periods), wall: 52.020 minutes, Δt:   5.50, CFL: 7.20e-01
i: 208900, t:  378651.9 s, ωt:  37.87 (6.03 periods), wall: 52.045 minutes, Δt:   4.14, CFL: 7.20e-01
i: 209000, t:  379047.6 s, ωt:  37.90 (6.03 periods), wall: 52.070 minutes, Δt:   4.26, CFL: 7.20e-01
i: 209100, t:  379447.0 s, ωt:  37.94 (6.04 periods), wall: 52.095 minutes, Δt:   4.07, CFL: 7.20e-01
i: 209200, t:  379837.6 s, ωt:  37.98 (6.05 periods), wall: 52.121 minutes, Δt:   3.51, CFL: 7.20e-01
i: 209300, t:  380176.2 s, ωt:  38.02 (6.05 periods), wall: 52.146 minutes, Δt:   3.27, CFL: 7.20e-01
i: 209400, t:  380478.8 s, ωt:  38.05 (6.06 periods), wall: 52.171 minutes, Δt:   2.74, CFL: 7.20e-01
i: 209500, t:  380753.4 s, ωt:  38.08 (6.06 periods), wall: 52.196 minutes, Δt:   2.70, CFL: 7.20e-01
i: 209600, t:  381011.7 s, ωt:  38.10 (6.06 periods), wall: 52.221 minutes, Δt:   2.56, CFL: 7.20e-01
i: 209700, t:  381268.1 s, ωt:  38.13 (6.07 periods), wall: 52.246 minutes, Δt:   2.34, CFL: 7.20e-01
i: 209800, t:  381490.1 s, ωt:  38.15 (6.07 periods), wall: 52.271 minutes, Δt:   2.21, CFL: 7.20e-01
i: 209900, t:  381726.6 s, ωt:  38.17 (6.08 periods), wall: 52.296 minutes, Δt:   2.31, CFL: 7.20e-01
i: 210000, t:  381940.7 s, ωt:  38.19 (6.08 periods), wall: 52.321 minutes, Δt:   1.92, CFL: 7.20e-01
i: 210100, t:  382138.4 s, ωt:  38.21 (6.08 periods), wall: 52.345 minutes, Δt:   1.96, CFL: 7.20e-01
i: 210200, t:  382324.7 s, ωt:  38.23 (6.08 periods), wall: 52.370 minutes, Δt:   2.01, CFL: 7.20e-01
i: 210300, t:  382526.1 s, ωt:  38.25 (6.09 periods), wall: 52.395 minutes, Δt:   1.97, CFL: 7.20e-01
i: 210400, t:  382717.2 s, ωt:  38.27 (6.09 periods), wall: 52.420 minutes, Δt:   1.49, CFL: 7.20e-01
i: 210500, t:  382896.6 s, ωt:  38.29 (6.09 periods), wall: 52.445 minutes, Δt:   2.12, CFL: 7.20e-01
i: 210600, t:  383071.3 s, ωt:  38.31 (6.10 periods), wall: 52.469 minutes, Δt:   1.88, CFL: 7.20e-01
i: 210700, t:  383252.9 s, ωt:  38.33 (6.10 periods), wall: 52.494 minutes, Δt:   1.63, CFL: 7.20e-01
i: 210800, t:  383421.5 s, ωt:  38.34 (6.10 periods), wall: 52.519 minutes, Δt:   1.78, CFL: 7.20e-01
i: 210900, t:  383599.9 s, ωt:  38.36 (6.11 periods), wall: 52.543 minutes, Δt:   1.90, CFL: 7.20e-01
i: 211000, t:  383768.2 s, ωt:  38.38 (6.11 periods), wall: 52.567 minutes, Δt:   1.68, CFL: 7.20e-01
i: 211100, t:  383934.3 s, ωt:  38.39 (6.11 periods), wall: 52.591 minutes, Δt:   1.76, CFL: 7.20e-01
i: 211200, t:  384094.5 s, ωt:  38.41 (6.11 periods), wall: 52.616 minutes, Δt:   1.40, CFL: 7.20e-01
i: 211300, t:  384256.8 s, ωt:  38.43 (6.12 periods), wall: 52.641 minutes, Δt:   1.76, CFL: 7.20e-01
i: 211400, t:  384415.8 s, ωt:  38.44 (6.12 periods), wall: 52.665 minutes, Δt:   1.42, CFL: 7.20e-01
i: 211500, t:  384566.6 s, ωt:  38.46 (6.12 periods), wall: 52.690 minutes, Δt:   1.42, CFL: 7.20e-01
i: 211600, t:  384715.8 s, ωt:  38.47 (6.12 periods), wall: 52.714 minutes, Δt:   1.40, CFL: 7.20e-01
i: 211700, t:  384866.6 s, ωt:  38.49 (6.13 periods), wall: 52.738 minutes, Δt:   1.49, CFL: 7.20e-01
i: 211800, t:  385031.4 s, ωt:  38.50 (6.13 periods), wall: 52.762 minutes, Δt:   1.50, CFL: 7.20e-01
i: 211900, t:  385173.4 s, ωt:  38.52 (6.13 periods), wall: 52.787 minutes, Δt:   1.55, CFL: 7.20e-01
i: 212000, t:  385316.5 s, ωt:  38.53 (6.13 periods), wall: 52.812 minutes, Δt:   1.60, CFL: 7.20e-01
i: 212100, t:  385463.5 s, ωt:  38.55 (6.13 periods), wall: 52.837 minutes, Δt:   1.45, CFL: 7.20e-01
i: 212200, t:  385612.7 s, ωt:  38.56 (6.14 periods), wall: 52.862 minutes, Δt:   1.39, CFL: 7.20e-01
i: 212300, t:  385760.0 s, ωt:  38.58 (6.14 periods), wall: 52.887 minutes, Δt:   1.40, CFL: 7.20e-01
i: 212400, t:  385907.0 s, ωt:  38.59 (6.14 periods), wall: 52.912 minutes, Δt:   1.60, CFL: 7.20e-01
i: 212500, t:  386045.1 s, ωt:  38.60 (6.14 periods), wall: 52.936 minutes, Δt:   1.32, CFL: 7.20e-01
i: 212600, t:  386177.3 s, ωt:  38.62 (6.15 periods), wall: 52.961 minutes, Δt:   1.35, CFL: 7.20e-01
i: 212700, t:  386317.9 s, ωt:  38.63 (6.15 periods), wall: 52.985 minutes, Δt:   1.22, CFL: 7.20e-01
i: 212800, t:  386462.7 s, ωt:  38.65 (6.15 periods), wall: 53.011 minutes, Δt:   1.37, CFL: 7.20e-01
i: 212900, t:  386599.2 s, ωt:  38.66 (6.15 periods), wall: 53.035 minutes, Δt:   1.45, CFL: 7.20e-01
i: 213000, t:  386730.0 s, ωt:  38.67 (6.15 periods), wall: 53.058 minutes, Δt:   1.22, CFL: 7.20e-01
i: 213100, t:  386857.7 s, ωt:  38.69 (6.16 periods), wall: 53.083 minutes, Δt:   1.25, CFL: 7.20e-01
i: 213200, t:  386991.8 s, ωt:  38.70 (6.16 periods), wall: 53.107 minutes, Δt:   1.32, CFL: 7.20e-01
i: 213300, t:  387118.6 s, ωt:  38.71 (6.16 periods), wall: 53.131 minutes, Δt:   1.15, CFL: 7.20e-01
i: 213400, t:  387239.9 s, ωt:  38.72 (6.16 periods), wall: 53.156 minutes, Δt:   1.35, CFL: 7.20e-01
i: 213500, t:  387353.8 s, ωt:  38.74 (6.16 periods), wall: 53.180 minutes, Δt:   1.08, CFL: 7.20e-01
i: 213600, t:  387480.5 s, ωt:  38.75 (6.17 periods), wall: 53.205 minutes, Δt:   1.41, CFL: 7.20e-01
i: 213700, t:  387609.5 s, ωt:  38.76 (6.17 periods), wall: 53.230 minutes, Δt:   1.24, CFL: 7.20e-01
i: 213800, t:  387736.7 s, ωt:  38.77 (6.17 periods), wall: 53.254 minutes, Δt:   1.22, CFL: 7.20e-01
i: 213900, t:  387863.0 s, ωt:  38.79 (6.17 periods), wall: 53.278 minutes, Δt:   1.39, CFL: 7.20e-01
i: 214000, t:  387991.9 s, ωt:  38.80 (6.18 periods), wall: 53.302 minutes, Δt:   1.34, CFL: 7.20e-01
i: 214100, t:  388128.0 s, ωt:  38.81 (6.18 periods), wall: 53.326 minutes, Δt:   1.36, CFL: 7.20e-01
i: 214200, t:  388259.0 s, ωt:  38.83 (6.18 periods), wall: 53.350 minutes, Δt:   1.36, CFL: 7.20e-01
i: 214300, t:  388395.2 s, ωt:  38.84 (6.18 periods), wall: 53.375 minutes, Δt:   1.31, CFL: 7.20e-01
i: 214400, t:  388522.6 s, ωt:  38.85 (6.18 periods), wall: 53.399 minutes, Δt:   1.34, CFL: 7.20e-01
i: 214500, t:  388651.0 s, ωt:  38.87 (6.19 periods), wall: 53.424 minutes, Δt:   0.98, CFL: 7.20e-01
i: 214600, t:  388766.3 s, ωt:  38.88 (6.19 periods), wall: 53.448 minutes, Δt:   1.23, CFL: 7.20e-01
i: 214700, t:  388893.2 s, ωt:  38.89 (6.19 periods), wall: 53.471 minutes, Δt:   1.36, CFL: 7.20e-01
i: 214800, t:  389028.1 s, ωt:  38.90 (6.19 periods), wall: 53.495 minutes, Δt:   1.35, CFL: 7.20e-01
i: 214900, t:  389157.6 s, ωt:  38.92 (6.19 periods), wall: 53.519 minutes, Δt:   1.15, CFL: 7.20e-01
i: 215000, t:  389284.8 s, ωt:  38.93 (6.20 periods), wall: 53.543 minutes, Δt:   1.14, CFL: 7.20e-01
i: 215100, t:  389404.7 s, ωt:  38.94 (6.20 periods), wall: 53.566 minutes, Δt:   1.19, CFL: 7.20e-01
i: 215200, t:  389522.2 s, ωt:  38.95 (6.20 periods), wall: 53.589 minutes, Δt:   1.32, CFL: 7.15e-01
i: 215300, t:  389651.9 s, ωt:  38.97 (6.20 periods), wall: 53.614 minutes, Δt:   1.30, CFL: 7.20e-01
i: 215400, t:  389774.3 s, ωt:  38.98 (6.20 periods), wall: 53.637 minutes, Δt:   1.20, CFL: 7.20e-01
i: 215500, t:  389905.6 s, ωt:  38.99 (6.21 periods), wall: 53.662 minutes, Δt:   1.19, CFL: 7.20e-01
i: 215600, t:  390030.9 s, ωt:  39.00 (6.21 periods), wall: 53.686 minutes, Δt:   1.07, CFL: 7.20e-01
i: 215700, t:  390149.5 s, ωt:  39.01 (6.21 periods), wall: 53.711 minutes, Δt:   1.20, CFL: 7.20e-01
i: 215800, t:  390272.6 s, ωt:  39.03 (6.21 periods), wall: 53.736 minutes, Δt:   1.23, CFL: 7.20e-01
i: 215900, t:  390400.2 s, ωt:  39.04 (6.21 periods), wall: 53.761 minutes, Δt:   1.23, CFL: 7.20e-01
i: 216000, t:  390528.5 s, ωt:  39.05 (6.22 periods), wall: 53.785 minutes, Δt:   1.19, CFL: 7.20e-01
i: 216100, t:  390635.4 s, ωt:  39.06 (6.22 periods), wall: 53.810 minutes, Δt:   0.96, CFL: 7.20e-01
i: 216200, t:  390747.4 s, ωt:  39.07 (6.22 periods), wall: 53.835 minutes, Δt:   1.14, CFL: 7.20e-01
i: 216300, t:  390869.3 s, ωt:  39.09 (6.22 periods), wall: 53.860 minutes, Δt:   1.15, CFL: 7.20e-01
i: 216400, t:  390995.8 s, ωt:  39.10 (6.22 periods), wall: 53.885 minutes, Δt:   1.22, CFL: 7.20e-01
i: 216500, t:  391118.5 s, ωt:  39.11 (6.22 periods), wall: 53.909 minutes, Δt:   1.12, CFL: 7.20e-01
i: 216600, t:  391228.5 s, ωt:  39.12 (6.23 periods), wall: 53.934 minutes, Δt:   1.23, CFL: 7.20e-01
i: 216700, t:  391352.3 s, ωt:  39.14 (6.23 periods), wall: 53.959 minutes, Δt:   1.06, CFL: 7.20e-01
i: 216800, t:  391467.4 s, ωt:  39.15 (6.23 periods), wall: 53.984 minutes, Δt:   1.21, CFL: 7.20e-01
i: 216900, t:  391588.5 s, ωt:  39.16 (6.23 periods), wall: 54.009 minutes, Δt:   1.14, CFL: 7.20e-01
i: 217000, t:  391690.1 s, ωt:  39.17 (6.23 periods), wall: 54.033 minutes, Δt:   1.17, CFL: 7.20e-01
i: 217100, t:  391807.5 s, ωt:  39.18 (6.24 periods), wall: 54.058 minutes, Δt:   1.20, CFL: 7.20e-01
i: 217200, t:  391916.5 s, ωt:  39.19 (6.24 periods), wall: 54.082 minutes, Δt:   1.08, CFL: 7.20e-01
i: 217300, t:  392031.8 s, ωt:  39.20 (6.24 periods), wall: 54.107 minutes, Δt:   1.14, CFL: 7.20e-01
i: 217400, t:  392125.1 s, ωt:  39.21 (6.24 periods), wall: 54.132 minutes, Δt:   0.99, CFL: 7.20e-01
i: 217500, t:  392245.3 s, ωt:  39.22 (6.24 periods), wall: 54.156 minutes, Δt:   1.25, CFL: 7.20e-01
i: 217600, t:  392373.6 s, ωt:  39.24 (6.24 periods), wall: 54.181 minutes, Δt:   1.24, CFL: 7.20e-01
i: 217700, t:  392499.7 s, ωt:  39.25 (6.25 periods), wall: 54.206 minutes, Δt:   1.31, CFL: 7.20e-01
i: 217800, t:  392631.7 s, ωt:  39.26 (6.25 periods), wall: 54.230 minutes, Δt:   1.36, CFL: 7.20e-01
i: 217900, t:  392752.1 s, ωt:  39.28 (6.25 periods), wall: 54.255 minutes, Δt:   1.16, CFL: 7.20e-01
i: 218000, t:  392870.1 s, ωt:  39.29 (6.25 periods), wall: 54.279 minutes, Δt:   1.32, CFL: 7.20e-01
i: 218100, t:  393004.7 s, ωt:  39.30 (6.25 periods), wall: 54.304 minutes, Δt:   1.39, CFL: 7.20e-01
i: 218200, t:  393133.1 s, ωt:  39.31 (6.26 periods), wall: 54.329 minutes, Δt:   1.18, CFL: 7.20e-01
i: 218300, t:  393256.0 s, ωt:  39.33 (6.26 periods), wall: 54.353 minutes, Δt:   1.19, CFL: 7.20e-01
i: 218400, t:  393378.8 s, ωt:  39.34 (6.26 periods), wall: 54.379 minutes, Δt:   1.41, CFL: 7.20e-01
i: 218500, t:  393512.5 s, ωt:  39.35 (6.26 periods), wall: 54.403 minutes, Δt:   1.47, CFL: 7.20e-01
i: 218600, t:  393644.0 s, ωt:  39.36 (6.27 periods), wall: 54.428 minutes, Δt:   1.44, CFL: 7.20e-01
i: 218700, t:  393775.1 s, ωt:  39.38 (6.27 periods), wall: 54.453 minutes, Δt:   1.10, CFL: 7.20e-01
i: 218800, t:  393904.6 s, ωt:  39.39 (6.27 periods), wall: 54.477 minutes, Δt:   1.38, CFL: 7.20e-01
i: 218900, t:  394032.9 s, ωt:  39.40 (6.27 periods), wall: 54.502 minutes, Δt:   1.46, CFL: 7.20e-01
i: 219000, t:  394173.6 s, ωt:  39.42 (6.27 periods), wall: 54.527 minutes, Δt:   1.40, CFL: 7.20e-01
i: 219100, t:  394295.7 s, ωt:  39.43 (6.28 periods), wall: 54.552 minutes, Δt:   1.27, CFL: 7.20e-01
i: 219200, t:  394413.7 s, ωt:  39.44 (6.28 periods), wall: 54.577 minutes, Δt:   1.15, CFL: 7.20e-01
i: 219300, t:  394543.1 s, ωt:  39.45 (6.28 periods), wall: 54.601 minutes, Δt:   1.39, CFL: 7.20e-01
i: 219400, t:  394676.9 s, ωt:  39.47 (6.28 periods), wall: 54.626 minutes, Δt:   1.35, CFL: 7.20e-01
i: 219500, t:  394805.7 s, ωt:  39.48 (6.28 periods), wall: 54.651 minutes, Δt:   1.24, CFL: 7.20e-01
i: 219600, t:  394931.2 s, ωt:  39.49 (6.29 periods), wall: 54.676 minutes, Δt:   1.28, CFL: 7.20e-01
i: 219700, t:  395049.3 s, ωt:  39.50 (6.29 periods), wall: 54.701 minutes, Δt:   1.12, CFL: 7.20e-01
i: 219800, t:  395185.2 s, ωt:  39.52 (6.29 periods), wall: 54.726 minutes, Δt:   1.50, CFL: 7.20e-01
i: 219900, t:  395319.6 s, ωt:  39.53 (6.29 periods), wall: 54.751 minutes, Δt:   1.28, CFL: 7.20e-01
i: 220000, t:  395449.9 s, ωt:  39.54 (6.29 periods), wall: 54.775 minutes, Δt:   1.31, CFL: 7.20e-01
i: 220100, t:  395578.9 s, ωt:  39.56 (6.30 periods), wall: 54.800 minutes, Δt:   1.34, CFL: 7.20e-01
i: 220200, t:  395716.0 s, ωt:  39.57 (6.30 periods), wall: 54.825 minutes, Δt:   1.36, CFL: 7.20e-01
i: 220300, t:  395849.4 s, ωt:  39.58 (6.30 periods), wall: 54.850 minutes, Δt:   1.29, CFL: 7.20e-01
i: 220400, t:  395967.9 s, ωt:  39.60 (6.30 periods), wall: 54.875 minutes, Δt:   0.92, CFL: 7.20e-01
i: 220500, t:  396084.0 s, ωt:  39.61 (6.30 periods), wall: 54.899 minutes, Δt:   1.27, CFL: 7.20e-01
i: 220600, t:  396215.1 s, ωt:  39.62 (6.31 periods), wall: 54.924 minutes, Δt:   1.30, CFL: 7.20e-01
i: 220700, t:  396348.7 s, ωt:  39.63 (6.31 periods), wall: 54.949 minutes, Δt:   1.33, CFL: 7.20e-01
i: 220800, t:  396478.4 s, ωt:  39.65 (6.31 periods), wall: 54.974 minutes, Δt:   1.46, CFL: 7.20e-01
i: 220900, t:  396607.7 s, ωt:  39.66 (6.31 periods), wall: 54.999 minutes, Δt:   1.41, CFL: 7.20e-01
i: 221000, t:  396747.2 s, ωt:  39.67 (6.31 periods), wall: 55.023 minutes, Δt:   1.43, CFL: 7.20e-01
i: 221100, t:  396878.1 s, ωt:  39.69 (6.32 periods), wall: 55.048 minutes, Δt:   1.53, CFL: 7.20e-01
i: 221200, t:  397018.0 s, ωt:  39.70 (6.32 periods), wall: 55.073 minutes, Δt:   1.30, CFL: 7.20e-01
i: 221300, t:  397158.0 s, ωt:  39.72 (6.32 periods), wall: 55.098 minutes, Δt:   1.44, CFL: 7.20e-01
i: 221400, t:  397298.2 s, ωt:  39.73 (6.32 periods), wall: 55.123 minutes, Δt:   1.49, CFL: 7.20e-01
i: 221500, t:  397447.3 s, ωt:  39.74 (6.33 periods), wall: 55.148 minutes, Δt:   1.68, CFL: 7.20e-01
i: 221600, t:  397597.2 s, ωt:  39.76 (6.33 periods), wall: 55.172 minutes, Δt:   1.64, CFL: 7.20e-01
i: 221700, t:  397738.6 s, ωt:  39.77 (6.33 periods), wall: 55.197 minutes, Δt:   1.50, CFL: 7.20e-01
i: 221800, t:  397865.8 s, ωt:  39.79 (6.33 periods), wall: 55.222 minutes, Δt:   1.11, CFL: 7.20e-01
i: 221900, t:  398006.1 s, ωt:  39.80 (6.33 periods), wall: 55.246 minutes, Δt:   1.38, CFL: 7.20e-01
i: 222000, t:  398145.7 s, ωt:  39.81 (6.34 periods), wall: 55.271 minutes, Δt:   1.37, CFL: 7.20e-01
i: 222100, t:  398302.2 s, ωt:  39.83 (6.34 periods), wall: 55.295 minutes, Δt:   1.71, CFL: 7.20e-01
i: 222200, t:  398465.8 s, ωt:  39.85 (6.34 periods), wall: 55.320 minutes, Δt:   1.58, CFL: 7.20e-01
i: 222300, t:  398639.9 s, ωt:  39.86 (6.34 periods), wall: 55.344 minutes, Δt:   1.78, CFL: 7.20e-01
i: 222400, t:  398816.1 s, ωt:  39.88 (6.35 periods), wall: 55.369 minutes, Δt:   1.78, CFL: 7.20e-01
i: 222500, t:  398972.8 s, ωt:  39.90 (6.35 periods), wall: 55.394 minutes, Δt:   1.61, CFL: 7.20e-01
i: 222600, t:  399149.7 s, ωt:  39.91 (6.35 periods), wall: 55.419 minutes, Δt:   1.58, CFL: 7.20e-01
i: 222700, t:  399297.8 s, ωt:  39.93 (6.36 periods), wall: 55.443 minutes, Δt:   1.53, CFL: 7.20e-01
i: 222800, t:  399460.0 s, ωt:  39.95 (6.36 periods), wall: 55.468 minutes, Δt:   1.63, CFL: 7.20e-01
i: 222900, t:  399617.0 s, ωt:  39.96 (6.36 periods), wall: 55.493 minutes, Δt:   1.65, CFL: 7.20e-01
i: 223000, t:  399779.4 s, ωt:  39.98 (6.36 periods), wall: 55.518 minutes, Δt:   1.65, CFL: 7.20e-01
i: 223100, t:  399936.7 s, ωt:  39.99 (6.37 periods), wall: 55.543 minutes, Δt:   1.63, CFL: 7.20e-01
i: 223200, t:  400087.6 s, ωt:  40.01 (6.37 periods), wall: 55.568 minutes, Δt:   1.50, CFL: 7.20e-01
i: 223300, t:  400252.2 s, ωt:  40.03 (6.37 periods), wall: 55.592 minutes, Δt:   1.89, CFL: 7.20e-01
i: 223400, t:  400419.1 s, ωt:  40.04 (6.37 periods), wall: 55.617 minutes, Δt:   1.29, CFL: 7.20e-01
i: 223500, t:  400594.3 s, ωt:  40.06 (6.38 periods), wall: 55.642 minutes, Δt:   1.88, CFL: 7.20e-01
i: 223600, t:  400790.5 s, ωt:  40.08 (6.38 periods), wall: 55.666 minutes, Δt:   2.17, CFL: 7.20e-01
i: 223700, t:  400978.1 s, ωt:  40.10 (6.38 periods), wall: 55.691 minutes, Δt:   2.18, CFL: 7.20e-01
i: 223800, t:  401191.7 s, ωt:  40.12 (6.39 periods), wall: 55.716 minutes, Δt:   2.01, CFL: 7.20e-01
i: 223900, t:  401402.6 s, ωt:  40.14 (6.39 periods), wall: 55.741 minutes, Δt:   2.21, CFL: 7.20e-01
i: 224000, t:  401633.3 s, ωt:  40.16 (6.39 periods), wall: 55.766 minutes, Δt:   2.46, CFL: 7.20e-01
i: 224100, t:  401859.0 s, ωt:  40.19 (6.40 periods), wall: 55.791 minutes, Δt:   1.86, CFL: 7.20e-01
i: 224200, t:  402074.2 s, ωt:  40.21 (6.40 periods), wall: 55.816 minutes, Δt:   2.18, CFL: 7.20e-01
i: 224300, t:  402326.0 s, ωt:  40.23 (6.40 periods), wall: 55.841 minutes, Δt:   2.32, CFL: 7.20e-01
i: 224400, t:  402564.3 s, ωt:  40.26 (6.41 periods), wall: 55.866 minutes, Δt:   2.37, CFL: 7.20e-01
i: 224500, t:  402809.0 s, ωt:  40.28 (6.41 periods), wall: 55.890 minutes, Δt:   2.26, CFL: 7.20e-01
i: 224600, t:  403058.1 s, ωt:  40.31 (6.41 periods), wall: 55.915 minutes, Δt:   2.09, CFL: 7.20e-01
i: 224700, t:  403322.2 s, ωt:  40.33 (6.42 periods), wall: 55.940 minutes, Δt:   2.87, CFL: 7.20e-01
i: 224800, t:  403637.4 s, ωt:  40.36 (6.42 periods), wall: 55.965 minutes, Δt:   3.19, CFL: 7.20e-01
i: 224900, t:  403919.2 s, ωt:  40.39 (6.43 periods), wall: 55.990 minutes, Δt:   2.68, CFL: 7.20e-01
i: 225000, t:  404210.8 s, ωt:  40.42 (6.43 periods), wall: 56.015 minutes, Δt:   2.02, CFL: 7.20e-01
i: 225100, t:  404516.1 s, ωt:  40.45 (6.44 periods), wall: 56.040 minutes, Δt:   3.80, CFL: 7.20e-01
i: 225200, t:  404879.6 s, ωt:  40.49 (6.44 periods), wall: 56.065 minutes, Δt:   3.04, CFL: 7.20e-01
i: 225300, t:  405213.3 s, ωt:  40.52 (6.45 periods), wall: 56.091 minutes, Δt:   3.34, CFL: 7.20e-01
i: 225400, t:  405660.2 s, ωt:  40.57 (6.46 periods), wall: 56.116 minutes, Δt:   4.90, CFL: 7.20e-01
i: 225500, t:  406101.3 s, ωt:  40.61 (6.46 periods), wall: 56.141 minutes, Δt:   4.39, CFL: 7.20e-01
i: 225600, t:  406718.7 s, ωt:  40.67 (6.47 periods), wall: 56.166 minutes, Δt:   7.73, CFL: 7.20e-01
i: 225700, t:  407379.2 s, ωt:  40.74 (6.48 periods), wall: 56.192 minutes, Δt:   7.00, CFL: 7.20e-01
i: 225800, t:  408080.7 s, ωt:  40.81 (6.49 periods), wall: 56.218 minutes, Δt:   6.83, CFL: 7.20e-01
i: 225900, t:  408756.5 s, ωt:  40.88 (6.51 periods), wall: 56.246 minutes, Δt:   7.27, CFL: 7.20e-01
i: 226000, t:  409406.2 s, ωt:  40.94 (6.52 periods), wall: 56.272 minutes, Δt:   6.11, CFL: 7.20e-01
i: 226100, t:  409983.2 s, ωt:  41.00 (6.53 periods), wall: 56.297 minutes, Δt:   5.31, CFL: 7.20e-01
i: 226200, t:  410489.4 s, ωt:  41.05 (6.53 periods), wall: 56.323 minutes, Δt:   5.57, CFL: 7.20e-01
i: 226300, t:  410968.5 s, ωt:  41.10 (6.54 periods), wall: 56.348 minutes, Δt:   4.22, CFL: 7.20e-01
i: 226400, t:  411377.9 s, ωt:  41.14 (6.55 periods), wall: 56.374 minutes, Δt:   2.98, CFL: 7.20e-01
i: 226500, t:  411669.7 s, ωt:  41.17 (6.55 periods), wall: 56.398 minutes, Δt:   2.76, CFL: 7.20e-01
i: 226600, t:  411991.7 s, ωt:  41.20 (6.56 periods), wall: 56.423 minutes, Δt:   3.24, CFL: 7.20e-01
i: 226700, t:  412263.0 s, ωt:  41.23 (6.56 periods), wall: 56.449 minutes, Δt:   2.65, CFL: 7.20e-01
i: 226800, t:  412497.4 s, ωt:  41.25 (6.57 periods), wall: 56.473 minutes, Δt:   2.04, CFL: 7.20e-01
i: 226900, t:  412724.9 s, ωt:  41.27 (6.57 periods), wall: 56.498 minutes, Δt:   2.21, CFL: 7.20e-01
i: 227000, t:  412922.2 s, ωt:  41.29 (6.57 periods), wall: 56.523 minutes, Δt:   2.07, CFL: 7.20e-01
i: 227100, t:  413125.9 s, ωt:  41.31 (6.58 periods), wall: 56.548 minutes, Δt:   2.03, CFL: 7.20e-01
i: 227200, t:  413327.5 s, ωt:  41.33 (6.58 periods), wall: 56.573 minutes, Δt:   2.02, CFL: 7.20e-01
i: 227300, t:  413508.7 s, ωt:  41.35 (6.58 periods), wall: 56.598 minutes, Δt:   1.84, CFL: 7.20e-01
i: 227400, t:  413661.2 s, ωt:  41.37 (6.58 periods), wall: 56.622 minutes, Δt:   1.50, CFL: 7.20e-01
i: 227500, t:  413837.8 s, ωt:  41.38 (6.59 periods), wall: 56.647 minutes, Δt:   1.61, CFL: 7.20e-01
i: 227600, t:  414003.1 s, ωt:  41.40 (6.59 periods), wall: 56.672 minutes, Δt:   1.68, CFL: 7.20e-01
i: 227700, t:  414162.3 s, ωt:  41.42 (6.59 periods), wall: 56.696 minutes, Δt:   1.68, CFL: 7.20e-01
i: 227800, t:  414325.6 s, ωt:  41.43 (6.59 periods), wall: 56.721 minutes, Δt:   1.65, CFL: 7.20e-01
i: 227900, t:  414510.2 s, ωt:  41.45 (6.60 periods), wall: 56.746 minutes, Δt:   1.74, CFL: 7.20e-01
i: 228000, t:  414690.2 s, ωt:  41.47 (6.60 periods), wall: 56.770 minutes, Δt:   1.86, CFL: 7.20e-01
i: 228100, t:  414868.8 s, ωt:  41.49 (6.60 periods), wall: 56.796 minutes, Δt:   1.68, CFL: 7.20e-01
i: 228200, t:  415028.1 s, ωt:  41.50 (6.61 periods), wall: 56.821 minutes, Δt:   1.39, CFL: 7.20e-01
i: 228300, t:  415175.9 s, ωt:  41.52 (6.61 periods), wall: 56.844 minutes, Δt:   1.63, CFL: 7.20e-01
i: 228400, t:  415336.5 s, ωt:  41.53 (6.61 periods), wall: 56.869 minutes, Δt:   1.77, CFL: 7.20e-01
i: 228500, t:  415504.8 s, ωt:  41.55 (6.61 periods), wall: 56.893 minutes, Δt:   1.50, CFL: 7.20e-01
i: 228600, t:  415656.4 s, ωt:  41.57 (6.62 periods), wall: 56.918 minutes, Δt:   1.75, CFL: 7.20e-01
i: 228700, t:  415810.9 s, ωt:  41.58 (6.62 periods), wall: 56.943 minutes, Δt:   1.81, CFL: 7.20e-01
i: 228800, t:  415976.9 s, ωt:  41.60 (6.62 periods), wall: 56.968 minutes, Δt:   1.60, CFL: 7.20e-01
i: 228900, t:  416134.6 s, ωt:  41.61 (6.62 periods), wall: 56.992 minutes, Δt:   1.60, CFL: 7.20e-01
i: 229000, t:  416292.5 s, ωt:  41.63 (6.63 periods), wall: 57.018 minutes, Δt:   1.65, CFL: 7.20e-01
i: 229100, t:  416435.2 s, ωt:  41.64 (6.63 periods), wall: 57.042 minutes, Δt:   1.49, CFL: 7.20e-01
i: 229200, t:  416578.4 s, ωt:  41.66 (6.63 periods), wall: 57.067 minutes, Δt:   1.45, CFL: 7.20e-01
i: 229300, t:  416718.8 s, ωt:  41.67 (6.63 periods), wall: 57.092 minutes, Δt:   1.26, CFL: 7.20e-01
i: 229400, t:  416860.5 s, ωt:  41.69 (6.63 periods), wall: 57.117 minutes, Δt:   1.41, CFL: 7.20e-01
i: 229500, t:  416993.4 s, ωt:  41.70 (6.64 periods), wall: 57.142 minutes, Δt:   1.27, CFL: 7.20e-01
i: 229600, t:  417120.5 s, ωt:  41.71 (6.64 periods), wall: 57.166 minutes, Δt:   1.43, CFL: 7.20e-01
i: 229700, t:  417237.7 s, ωt:  41.72 (6.64 periods), wall: 57.191 minutes, Δt:   1.19, CFL: 7.20e-01
i: 229800, t:  417369.2 s, ωt:  41.74 (6.64 periods), wall: 57.216 minutes, Δt:   1.28, CFL: 7.20e-01
i: 229900, t:  417505.8 s, ωt:  41.75 (6.64 periods), wall: 57.241 minutes, Δt:   1.21, CFL: 7.20e-01
i: 230000, t:  417632.5 s, ωt:  41.76 (6.65 periods), wall: 57.267 minutes, Δt:   1.48, CFL: 7.20e-01
i: 230100, t:  417773.3 s, ωt:  41.78 (6.65 periods), wall: 57.291 minutes, Δt:   1.46, CFL: 7.20e-01
i: 230200, t:  417922.7 s, ωt:  41.79 (6.65 periods), wall: 57.315 minutes, Δt:   1.27, CFL: 7.20e-01
i: 230300, t:  418049.5 s, ωt:  41.80 (6.65 periods), wall: 57.339 minutes, Δt:   1.44, CFL: 7.20e-01
i: 230400, t:  418183.2 s, ωt:  41.82 (6.66 periods), wall: 57.364 minutes, Δt:   1.24, CFL: 7.20e-01
i: 230500, t:  418306.9 s, ωt:  41.83 (6.66 periods), wall: 57.388 minutes, Δt:   1.09, CFL: 7.20e-01
i: 230600, t:  418424.5 s, ωt:  41.84 (6.66 periods), wall: 57.413 minutes, Δt:   1.30, CFL: 7.20e-01
i: 230700, t:  418543.7 s, ωt:  41.85 (6.66 periods), wall: 57.438 minutes, Δt:   1.20, CFL: 7.20e-01
i: 230800, t:  418669.8 s, ωt:  41.87 (6.66 periods), wall: 57.463 minutes, Δt:   1.17, CFL: 7.20e-01
i: 230900, t:  418792.3 s, ωt:  41.88 (6.67 periods), wall: 57.487 minutes, Δt:   1.22, CFL: 7.20e-01
i: 231000, t:  418913.8 s, ωt:  41.89 (6.67 periods), wall: 57.512 minutes, Δt:   1.13, CFL: 7.20e-01
i: 231100, t:  419030.0 s, ωt:  41.90 (6.67 periods), wall: 57.536 minutes, Δt:   1.08, CFL: 7.20e-01
i: 231200, t:  419138.2 s, ωt:  41.91 (6.67 periods), wall: 57.561 minutes, Δt:   1.20, CFL: 7.20e-01
i: 231300, t:  419264.1 s, ωt:  41.93 (6.67 periods), wall: 57.585 minutes, Δt:   1.28, CFL: 7.20e-01
i: 231400, t:  419384.6 s, ωt:  41.94 (6.67 periods), wall: 57.610 minutes, Δt:   1.22, CFL: 7.20e-01
i: 231500, t:  419501.9 s, ωt:  41.95 (6.68 periods), wall: 57.634 minutes, Δt:   1.22, CFL: 7.20e-01
i: 231600, t:  419622.9 s, ωt:  41.96 (6.68 periods), wall: 57.658 minutes, Δt:   0.98, CFL: 7.20e-01
i: 231700, t:  419746.9 s, ωt:  41.97 (6.68 periods), wall: 57.683 minutes, Δt:   1.15, CFL: 7.20e-01
i: 231800, t:  419865.6 s, ωt:  41.99 (6.68 periods), wall: 57.707 minutes, Δt:   1.16, CFL: 7.20e-01
i: 231900, t:  419976.8 s, ωt:  42.00 (6.68 periods), wall: 57.732 minutes, Δt:   1.22, CFL: 7.20e-01
i: 232000, t:  420095.9 s, ωt:  42.01 (6.69 periods), wall: 57.757 minutes, Δt:   1.21, CFL: 7.20e-01
i: 232100, t:  420206.2 s, ωt:  42.02 (6.69 periods), wall: 57.781 minutes, Δt:   1.07, CFL: 7.20e-01
i: 232200, t:  420325.4 s, ωt:  42.03 (6.69 periods), wall: 57.806 minutes, Δt:   1.23, CFL: 7.20e-01
i: 232300, t:  420434.2 s, ωt:  42.04 (6.69 periods), wall: 57.831 minutes, Δt:   1.15, CFL: 7.20e-01
i: 232400, t:  420548.7 s, ωt:  42.05 (6.69 periods), wall: 57.856 minutes, Δt:   1.19, CFL: 7.20e-01
i: 232500, t:  420671.7 s, ωt:  42.07 (6.70 periods), wall: 57.881 minutes, Δt:   1.35, CFL: 7.20e-01
i: 232600, t:  420796.5 s, ωt:  42.08 (6.70 periods), wall: 57.905 minutes, Δt:   1.26, CFL: 7.20e-01
i: 232700, t:  420920.2 s, ωt:  42.09 (6.70 periods), wall: 57.929 minutes, Δt:   1.43, CFL: 7.20e-01
i: 232800, t:  421058.3 s, ωt:  42.11 (6.70 periods), wall: 57.954 minutes, Δt:   1.17, CFL: 7.20e-01
i: 232900, t:  421174.6 s, ωt:  42.12 (6.70 periods), wall: 57.979 minutes, Δt:   1.07, CFL: 7.20e-01
i: 233000, t:  421287.6 s, ωt:  42.13 (6.71 periods), wall: 58.004 minutes, Δt:   0.93, CFL: 7.20e-01
i: 233100, t:  421406.9 s, ωt:  42.14 (6.71 periods), wall: 58.029 minutes, Δt:   1.25, CFL: 7.20e-01
i: 233200, t:  421528.8 s, ωt:  42.15 (6.71 periods), wall: 58.053 minutes, Δt:   1.35, CFL: 7.20e-01
i: 233300, t:  421648.4 s, ωt:  42.16 (6.71 periods), wall: 58.078 minutes, Δt:   1.12, CFL: 7.20e-01
i: 233400, t:  421767.9 s, ωt:  42.18 (6.71 periods), wall: 58.103 minutes, Δt:   1.26, CFL: 7.20e-01
i: 233500, t:  421877.1 s, ωt:  42.19 (6.71 periods), wall: 58.127 minutes, Δt:   1.06, CFL: 7.19e-01
i: 233600, t:  421983.1 s, ωt:  42.20 (6.72 periods), wall: 58.152 minutes, Δt:   1.13, CFL: 7.20e-01
i: 233700, t:  422099.5 s, ωt:  42.21 (6.72 periods), wall: 58.175 minutes, Δt:   1.23, CFL: 7.20e-01
i: 233800, t:  422216.6 s, ωt:  42.22 (6.72 periods), wall: 58.200 minutes, Δt:   0.94, CFL: 7.20e-01
i: 233900, t:  422317.7 s, ωt:  42.23 (6.72 periods), wall: 58.225 minutes, Δt:   1.20, CFL: 7.20e-01
i: 234000, t:  422433.9 s, ωt:  42.24 (6.72 periods), wall: 58.249 minutes, Δt:   1.16, CFL: 7.20e-01
i: 234100, t:  422549.1 s, ωt:  42.25 (6.73 periods), wall: 58.274 minutes, Δt:   1.25, CFL: 7.20e-01
i: 234200, t:  422665.8 s, ωt:  42.27 (6.73 periods), wall: 58.299 minutes, Δt:   1.12, CFL: 7.20e-01
i: 234300, t:  422780.5 s, ωt:  42.28 (6.73 periods), wall: 58.323 minutes, Δt:   1.17, CFL: 7.20e-01
i: 234400, t:  422892.4 s, ωt:  42.29 (6.73 periods), wall: 58.348 minutes, Δt:   1.15, CFL: 7.20e-01
i: 234500, t:  423008.0 s, ωt:  42.30 (6.73 periods), wall: 58.373 minutes, Δt:   1.12, CFL: 7.20e-01
i: 234600, t:  423132.2 s, ωt:  42.31 (6.73 periods), wall: 58.397 minutes, Δt:   1.14, CFL: 7.20e-01
i: 234700, t:  423253.1 s, ωt:  42.33 (6.74 periods), wall: 58.423 minutes, Δt:   1.35, CFL: 7.20e-01
i: 234800, t:  423382.3 s, ωt:  42.34 (6.74 periods), wall: 58.447 minutes, Δt:   1.18, CFL: 7.20e-01
i: 234900, t:  423494.1 s, ωt:  42.35 (6.74 periods), wall: 58.471 minutes, Δt:   1.00, CFL: 7.20e-01
i: 235000, t:  423583.0 s, ωt:  42.36 (6.74 periods), wall: 58.495 minutes, Δt:   1.14, CFL: 7.20e-01
i: 235100, t:  423693.1 s, ωt:  42.37 (6.74 periods), wall: 58.520 minutes, Δt:   0.94, CFL: 7.20e-01
i: 235200, t:  423797.8 s, ωt:  42.38 (6.74 periods), wall: 58.544 minutes, Δt:   1.19, CFL: 7.20e-01
i: 235300, t:  423915.7 s, ωt:  42.39 (6.75 periods), wall: 58.569 minutes, Δt:   1.18, CFL: 7.20e-01
i: 235400, t:  424036.2 s, ωt:  42.40 (6.75 periods), wall: 58.594 minutes, Δt:   1.21, CFL: 7.20e-01
i: 235500, t:  424162.4 s, ωt:  42.42 (6.75 periods), wall: 58.619 minutes, Δt:   1.25, CFL: 7.20e-01
i: 235600, t:  424281.1 s, ωt:  42.43 (6.75 periods), wall: 58.643 minutes, Δt:   1.28, CFL: 6.93e-01
i: 235700, t:  424413.2 s, ωt:  42.44 (6.75 periods), wall: 58.667 minutes, Δt:   1.41, CFL: 7.20e-01
i: 235800, t:  424532.8 s, ωt:  42.45 (6.76 periods), wall: 58.692 minutes, Δt:   1.10, CFL: 7.20e-01
i: 235900, t:  424643.3 s, ωt:  42.46 (6.76 periods), wall: 58.716 minutes, Δt:   1.01, CFL: 7.20e-01
i: 236000, t:  424752.1 s, ωt:  42.48 (6.76 periods), wall: 58.741 minutes, Δt:   1.09, CFL: 7.20e-01
i: 236100, t:  424865.2 s, ωt:  42.49 (6.76 periods), wall: 58.765 minutes, Δt:   1.01, CFL: 7.20e-01
i: 236200, t:  424988.4 s, ωt:  42.50 (6.76 periods), wall: 58.789 minutes, Δt:   1.29, CFL: 7.20e-01
i: 236300, t:  425111.0 s, ωt:  42.51 (6.77 periods), wall: 58.814 minutes, Δt:   1.17, CFL: 7.20e-01
i: 236400, t:  425228.2 s, ωt:  42.52 (6.77 periods), wall: 58.838 minutes, Δt:   1.21, CFL: 7.20e-01
i: 236500, t:  425348.2 s, ωt:  42.53 (6.77 periods), wall: 58.863 minutes, Δt:   1.31, CFL: 7.20e-01
i: 236600, t:  425476.3 s, ωt:  42.55 (6.77 periods), wall: 58.888 minutes, Δt:   1.24, CFL: 7.20e-01
i: 236700, t:  425582.7 s, ωt:  42.56 (6.77 periods), wall: 58.913 minutes, Δt:   1.16, CFL: 7.20e-01
i: 236800, t:  425698.3 s, ωt:  42.57 (6.78 periods), wall: 58.938 minutes, Δt:   1.18, CFL: 7.20e-01
i: 236900, t:  425807.2 s, ωt:  42.58 (6.78 periods), wall: 58.963 minutes, Δt:   1.00, CFL: 7.20e-01
i: 237000, t:  425929.8 s, ωt:  42.59 (6.78 periods), wall: 58.987 minutes, Δt:   1.08, CFL: 7.20e-01
i: 237100, t:  426062.2 s, ωt:  42.61 (6.78 periods), wall: 59.012 minutes, Δt:   1.33, CFL: 7.20e-01
i: 237200, t:  426175.7 s, ωt:  42.62 (6.78 periods), wall: 59.037 minutes, Δt:   1.18, CFL: 7.20e-01
i: 237300, t:  426300.6 s, ωt:  42.63 (6.78 periods), wall: 59.061 minutes, Δt:   1.42, CFL: 7.20e-01
i: 237400, t:  426429.7 s, ωt:  42.64 (6.79 periods), wall: 59.086 minutes, Δt:   1.14, CFL: 7.20e-01
i: 237500, t:  426553.2 s, ωt:  42.66 (6.79 periods), wall: 59.110 minutes, Δt:   1.37, CFL: 7.20e-01
i: 237600, t:  426673.0 s, ωt:  42.67 (6.79 periods), wall: 59.135 minutes, Δt:   1.40, CFL: 7.20e-01
i: 237700, t:  426794.3 s, ωt:  42.68 (6.79 periods), wall: 59.160 minutes, Δt:   1.05, CFL: 7.20e-01
i: 237800, t:  426910.4 s, ωt:  42.69 (6.79 periods), wall: 59.185 minutes, Δt:   1.27, CFL: 7.20e-01
i: 237900, t:  427032.9 s, ωt:  42.70 (6.80 periods), wall: 59.210 minutes, Δt:   1.22, CFL: 7.20e-01
i: 238000, t:  427161.5 s, ωt:  42.72 (6.80 periods), wall: 59.234 minutes, Δt:   1.30, CFL: 7.20e-01
i: 238100, t:  427290.7 s, ωt:  42.73 (6.80 periods), wall: 59.259 minutes, Δt:   1.33, CFL: 7.20e-01
i: 238200, t:  427413.4 s, ωt:  42.74 (6.80 periods), wall: 59.283 minutes, Δt:   1.26, CFL: 7.20e-01
i: 238300, t:  427536.7 s, ωt:  42.75 (6.80 periods), wall: 59.308 minutes, Δt:   1.20, CFL: 7.20e-01
i: 238400, t:  427664.3 s, ωt:  42.77 (6.81 periods), wall: 59.333 minutes, Δt:   1.43, CFL: 7.20e-01
i: 238500, t:  427793.0 s, ωt:  42.78 (6.81 periods), wall: 59.358 minutes, Δt:   1.01, CFL: 7.20e-01
i: 238600, t:  427926.9 s, ωt:  42.79 (6.81 periods), wall: 59.383 minutes, Δt:   1.38, CFL: 7.20e-01
i: 238700, t:  428064.0 s, ωt:  42.81 (6.81 periods), wall: 59.407 minutes, Δt:   1.04, CFL: 7.20e-01
i: 238800, t:  428194.5 s, ωt:  42.82 (6.81 periods), wall: 59.432 minutes, Δt:   1.31, CFL: 7.20e-01
i: 238900, t:  428321.9 s, ωt:  42.83 (6.82 periods), wall: 59.457 minutes, Δt:   1.24, CFL: 7.20e-01
i: 239000, t:  428453.2 s, ωt:  42.85 (6.82 periods), wall: 59.482 minutes, Δt:   1.18, CFL: 7.20e-01
i: 239100, t:  428586.7 s, ωt:  42.86 (6.82 periods), wall: 59.507 minutes, Δt:   1.40, CFL: 7.20e-01
i: 239200, t:  428711.3 s, ωt:  42.87 (6.82 periods), wall: 59.532 minutes, Δt:   1.31, CFL: 7.20e-01
i: 239300, t:  428834.6 s, ωt:  42.88 (6.83 periods), wall: 59.557 minutes, Δt:   1.06, CFL: 7.20e-01
i: 239400, t:  428970.8 s, ωt:  42.90 (6.83 periods), wall: 59.582 minutes, Δt:   1.53, CFL: 7.20e-01
i: 239500, t:  429105.4 s, ωt:  42.91 (6.83 periods), wall: 59.606 minutes, Δt:   1.17, CFL: 7.20e-01
i: 239600, t:  429240.4 s, ωt:  42.92 (6.83 periods), wall: 59.631 minutes, Δt:   1.56, CFL: 7.20e-01
i: 239700, t:  429395.4 s, ωt:  42.94 (6.83 periods), wall: 59.656 minutes, Δt:   1.59, CFL: 7.20e-01
i: 239800, t:  429545.7 s, ωt:  42.95 (6.84 periods), wall: 59.681 minutes, Δt:   1.45, CFL: 7.20e-01
i: 239900, t:  429691.9 s, ωt:  42.97 (6.84 periods), wall: 59.706 minutes, Δt:   1.39, CFL: 7.20e-01
i: 240000, t:  429826.7 s, ωt:  42.98 (6.84 periods), wall: 59.731 minutes, Δt:   1.50, CFL: 7.20e-01
i: 240100, t:  429974.7 s, ωt:  43.00 (6.84 periods), wall: 59.755 minutes, Δt:   1.53, CFL: 7.20e-01
i: 240200, t:  430117.7 s, ωt:  43.01 (6.85 periods), wall: 59.780 minutes, Δt:   1.53, CFL: 7.20e-01
i: 240300, t:  430270.2 s, ωt:  43.03 (6.85 periods), wall: 59.804 minutes, Δt:   1.62, CFL: 7.20e-01
i: 240400, t:  430428.7 s, ωt:  43.04 (6.85 periods), wall: 59.829 minutes, Δt:   1.59, CFL: 7.20e-01
i: 240500, t:  430594.1 s, ωt:  43.06 (6.85 periods), wall: 59.854 minutes, Δt:   1.75, CFL: 7.20e-01
i: 240600, t:  430747.0 s, ωt:  43.07 (6.86 periods), wall: 59.879 minutes, Δt:   1.30, CFL: 7.20e-01
i: 240700, t:  430891.2 s, ωt:  43.09 (6.86 periods), wall: 59.903 minutes, Δt:   1.55, CFL: 7.20e-01
i: 240800, t:  431046.9 s, ωt:  43.10 (6.86 periods), wall: 59.928 minutes, Δt:   1.43, CFL: 7.20e-01
i: 240900, t:  431216.1 s, ωt:  43.12 (6.86 periods), wall: 59.953 minutes, Δt:   1.66, CFL: 7.20e-01
i: 241000, t:  431393.9 s, ωt:  43.14 (6.87 periods), wall: 59.977 minutes, Δt:   1.96, CFL: 7.20e-01
i: 241100, t:  431580.3 s, ωt:  43.16 (6.87 periods), wall: 1.000 hours, Δt:   1.69, CFL: 7.20e-01
i: 241200, t:  431769.0 s, ωt:  43.18 (6.87 periods), wall: 1.000 hours, Δt:   2.02, CFL: 7.20e-01
i: 241300, t:  431956.4 s, ωt:  43.20 (6.87 periods), wall: 1.001 hours, Δt:   1.33, CFL: 7.20e-01
i: 241400, t:  432120.0 s, ωt:  43.21 (6.88 periods), wall: 1.001 hours, Δt:   1.71, CFL: 7.20e-01
i: 241500, t:  432277.0 s, ωt:  43.23 (6.88 periods), wall: 1.002 hours, Δt:   1.58, CFL: 7.20e-01
i: 241600, t:  432434.8 s, ωt:  43.24 (6.88 periods), wall: 1.002 hours, Δt:   1.74, CFL: 7.20e-01
i: 241700, t:  432618.0 s, ωt:  43.26 (6.89 periods), wall: 1.003 hours, Δt:   1.90, CFL: 7.20e-01
i: 241800, t:  432816.6 s, ωt:  43.28 (6.89 periods), wall: 1.003 hours, Δt:   2.00, CFL: 7.20e-01
i: 241900, t:  433023.1 s, ωt:  43.30 (6.89 periods), wall: 1.003 hours, Δt:   2.11, CFL: 7.20e-01
i: 242000, t:  433237.4 s, ωt:  43.32 (6.90 periods), wall: 1.004 hours, Δt:   2.00, CFL: 7.20e-01
i: 242100, t:  433436.3 s, ωt:  43.34 (6.90 periods), wall: 1.004 hours, Δt:   2.04, CFL: 7.20e-01
i: 242200, t:  433648.7 s, ωt:  43.36 (6.90 periods), wall: 1.005 hours, Δt:   2.45, CFL: 7.20e-01
i: 242300, t:  433857.9 s, ωt:  43.39 (6.91 periods), wall: 1.005 hours, Δt:   2.05, CFL: 7.20e-01
i: 242400, t:  434087.0 s, ωt:  43.41 (6.91 periods), wall: 1.005 hours, Δt:   2.25, CFL: 7.20e-01
i: 242500, t:  434291.0 s, ωt:  43.43 (6.91 periods), wall: 1.006 hours, Δt:   2.17, CFL: 7.20e-01
i: 242600, t:  434527.8 s, ωt:  43.45 (6.92 periods), wall: 1.006 hours, Δt:   2.26, CFL: 7.20e-01
i: 242700, t:  434785.1 s, ωt:  43.48 (6.92 periods), wall: 1.007 hours, Δt:   2.51, CFL: 7.20e-01
i: 242800, t:  435039.8 s, ωt:  43.50 (6.92 periods), wall: 1.007 hours, Δt:   2.92, CFL: 7.20e-01
i: 242900, t:  435357.2 s, ωt:  43.54 (6.93 periods), wall: 1.007 hours, Δt:   3.55, CFL: 7.20e-01
i: 243000, t:  435675.5 s, ωt:  43.57 (6.93 periods), wall: 1.008 hours, Δt:   3.09, CFL: 7.20e-01
i: 243100, t:  435997.4 s, ωt:  43.60 (6.94 periods), wall: 1.008 hours, Δt:   3.11, CFL: 7.20e-01
i: 243200, t:  436361.2 s, ωt:  43.64 (6.94 periods), wall: 1.009 hours, Δt:   3.96, CFL: 7.20e-01
i: 243300, t:  436756.9 s, ωt:  43.68 (6.95 periods), wall: 1.009 hours, Δt:   4.05, CFL: 7.20e-01
i: 243400, t:  437143.4 s, ωt:  43.71 (6.96 periods), wall: 1.010 hours, Δt:   3.94, CFL: 7.20e-01
i: 243500, t:  437642.0 s, ωt:  43.76 (6.97 periods), wall: 1.010 hours, Δt:   6.58, CFL: 7.20e-01
i: 243600, t:  438258.2 s, ωt:  43.83 (6.98 periods), wall: 1.010 hours, Δt:   6.24, CFL: 7.20e-01
i: 243700, t:  438872.4 s, ωt:  43.89 (6.98 periods), wall: 1.011 hours, Δt:   6.33, CFL: 6.51e-01
i: 243800, t:  439559.7 s, ωt:  43.96 (7.00 periods), wall: 1.011 hours, Δt:   6.62, CFL: 7.20e-01
i: 243900, t:  440259.8 s, ωt:  44.03 (7.01 periods), wall: 1.012 hours, Δt:   6.66, CFL: 7.20e-01
i: 244000, t:  440879.7 s, ωt:  44.09 (7.02 periods), wall: 1.012 hours, Δt:   5.51, CFL: 7.20e-01
i: 244100, t:  441425.5 s, ωt:  44.14 (7.03 periods), wall: 1.013 hours, Δt:   5.37, CFL: 7.20e-01
i: 244200, t:  441901.5 s, ωt:  44.19 (7.03 periods), wall: 1.013 hours, Δt:   3.84, CFL: 7.20e-01
i: 244300, t:  442280.4 s, ωt:  44.23 (7.04 periods), wall: 1.013 hours, Δt:   4.03, CFL: 7.20e-01
i: 244400, t:  442597.4 s, ωt:  44.26 (7.04 periods), wall: 1.014 hours, Δt:   3.25, CFL: 7.20e-01
i: 244500, t:  442950.8 s, ωt:  44.30 (7.05 periods), wall: 1.014 hours, Δt:   2.81, CFL: 7.20e-01
i: 244600, t:  443255.4 s, ωt:  44.33 (7.05 periods), wall: 1.015 hours, Δt:   3.34, CFL: 7.20e-01
i: 244700, t:  443547.5 s, ωt:  44.35 (7.06 periods), wall: 1.015 hours, Δt:   2.95, CFL: 7.20e-01
i: 244800, t:  443811.7 s, ωt:  44.38 (7.06 periods), wall: 1.015 hours, Δt:   2.59, CFL: 7.20e-01
i: 244900, t:  444060.4 s, ωt:  44.41 (7.07 periods), wall: 1.016 hours, Δt:   2.48, CFL: 7.20e-01
i: 245000, t:  444285.3 s, ωt:  44.43 (7.07 periods), wall: 1.016 hours, Δt:   2.15, CFL: 7.20e-01
i: 245100, t:  444504.0 s, ωt:  44.45 (7.07 periods), wall: 1.017 hours, Δt:   2.11, CFL: 7.20e-01
i: 245200, t:  444721.6 s, ωt:  44.47 (7.08 periods), wall: 1.017 hours, Δt:   2.34, CFL: 7.20e-01
i: 245300, t:  444923.6 s, ωt:  44.49 (7.08 periods), wall: 1.018 hours, Δt:   1.70, CFL: 7.20e-01
i: 245400, t:  445111.0 s, ωt:  44.51 (7.08 periods), wall: 1.018 hours, Δt:   2.04, CFL: 7.20e-01
i: 245500, t:  445314.6 s, ωt:  44.53 (7.09 periods), wall: 1.018 hours, Δt:   2.01, CFL: 7.20e-01
i: 245600, t:  445511.6 s, ωt:  44.55 (7.09 periods), wall: 1.019 hours, Δt:   1.81, CFL: 7.20e-01
i: 245700, t:  445711.1 s, ωt:  44.57 (7.09 periods), wall: 1.019 hours, Δt:   2.01, CFL: 7.20e-01
i: 245800, t:  445899.6 s, ωt:  44.59 (7.10 periods), wall: 1.020 hours, Δt:   1.94, CFL: 7.20e-01
i: 245900, t:  446074.0 s, ωt:  44.61 (7.10 periods), wall: 1.020 hours, Δt:   1.90, CFL: 7.20e-01
i: 246000, t:  446255.7 s, ωt:  44.63 (7.10 periods), wall: 1.020 hours, Δt:   2.21, CFL: 7.20e-01
i: 246100, t:  446434.0 s, ωt:  44.64 (7.11 periods), wall: 1.021 hours, Δt:   1.66, CFL: 7.20e-01
i: 246200, t:  446615.3 s, ωt:  44.66 (7.11 periods), wall: 1.021 hours, Δt:   1.48, CFL: 7.20e-01
i: 246300, t:  446774.0 s, ωt:  44.68 (7.11 periods), wall: 1.022 hours, Δt:   1.37, CFL: 7.20e-01
i: 246400, t:  446932.8 s, ωt:  44.69 (7.11 periods), wall: 1.022 hours, Δt:   1.79, CFL: 7.20e-01
i: 246500, t:  447097.0 s, ωt:  44.71 (7.12 periods), wall: 1.023 hours, Δt:   1.43, CFL: 7.20e-01
i: 246600, t:  447241.1 s, ωt:  44.72 (7.12 periods), wall: 1.023 hours, Δt:   1.63, CFL: 7.20e-01
i: 246700, t:  447396.4 s, ωt:  44.74 (7.12 periods), wall: 1.023 hours, Δt:   1.50, CFL: 7.20e-01
i: 246800, t:  447542.6 s, ωt:  44.75 (7.12 periods), wall: 1.024 hours, Δt:   1.24, CFL: 7.20e-01
i: 246900, t:  447685.6 s, ωt:  44.77 (7.13 periods), wall: 1.024 hours, Δt:   1.63, CFL: 7.20e-01
i: 247000, t:  447834.9 s, ωt:  44.78 (7.13 periods), wall: 1.025 hours, Δt:   1.38, CFL: 7.20e-01
i: 247100, t:  447986.2 s, ωt:  44.80 (7.13 periods), wall: 1.025 hours, Δt:   1.35, CFL: 7.20e-01
i: 247200, t:  448133.2 s, ωt:  44.81 (7.13 periods), wall: 1.025 hours, Δt:   1.33, CFL: 7.20e-01
i: 247300, t:  448271.3 s, ωt:  44.83 (7.13 periods), wall: 1.026 hours, Δt:   1.37, CFL: 7.20e-01
i: 247400, t:  448416.4 s, ωt:  44.84 (7.14 periods), wall: 1.026 hours, Δt:   1.65, CFL: 7.20e-01
i: 247500, t:  448567.4 s, ωt:  44.86 (7.14 periods), wall: 1.027 hours, Δt:   1.63, CFL: 7.20e-01
i: 247600, t:  448713.0 s, ωt:  44.87 (7.14 periods), wall: 1.027 hours, Δt:   1.58, CFL: 7.20e-01
i: 247700, t:  448859.9 s, ωt:  44.89 (7.14 periods), wall: 1.027 hours, Δt:   1.47, CFL: 7.20e-01
i: 247800, t:  449000.8 s, ωt:  44.90 (7.15 periods), wall: 1.028 hours, Δt:   1.24, CFL: 7.20e-01
i: 247900, t:  449147.4 s, ωt:  44.91 (7.15 periods), wall: 1.028 hours, Δt:   1.86, CFL: 7.20e-01
i: 248000, t:  449302.0 s, ωt:  44.93 (7.15 periods), wall: 1.029 hours, Δt:   1.47, CFL: 7.20e-01
i: 248100, t:  449439.7 s, ωt:  44.94 (7.15 periods), wall: 1.029 hours, Δt:   1.38, CFL: 7.20e-01
i: 248200, t:  449578.7 s, ωt:  44.96 (7.16 periods), wall: 1.029 hours, Δt:   1.50, CFL: 7.20e-01
i: 248300, t:  449728.5 s, ωt:  44.97 (7.16 periods), wall: 1.030 hours, Δt:   1.38, CFL: 7.20e-01
i: 248400, t:  449862.4 s, ωt:  44.99 (7.16 periods), wall: 1.030 hours, Δt:   1.49, CFL: 7.20e-01
i: 248500, t:  449998.8 s, ωt:  45.00 (7.16 periods), wall: 1.031 hours, Δt:   1.24, CFL: 7.20e-01
i: 248600, t:  450129.2 s, ωt:  45.01 (7.16 periods), wall: 1.031 hours, Δt:   1.17, CFL: 7.20e-01
i: 248700, t:  450258.4 s, ωt:  45.03 (7.17 periods), wall: 1.032 hours, Δt:   1.24, CFL: 7.20e-01
i: 248800, t:  450398.9 s, ωt:  45.04 (7.17 periods), wall: 1.032 hours, Δt:   1.45, CFL: 7.20e-01
i: 248900, t:  450532.7 s, ωt:  45.05 (7.17 periods), wall: 1.032 hours, Δt:   1.34, CFL: 7.20e-01
i: 249000, t:  450652.4 s, ωt:  45.07 (7.17 periods), wall: 1.033 hours, Δt:   1.05, CFL: 7.20e-01
i: 249100, t:  450778.5 s, ωt:  45.08 (7.17 periods), wall: 1.033 hours, Δt:   1.29, CFL: 7.20e-01
i: 249200, t:  450914.2 s, ωt:  45.09 (7.18 periods), wall: 1.034 hours, Δt:   1.53, CFL: 7.20e-01
i: 249300, t:  451044.6 s, ωt:  45.10 (7.18 periods), wall: 1.034 hours, Δt:   1.18, CFL: 7.20e-01
i: 249400, t:  451171.2 s, ωt:  45.12 (7.18 periods), wall: 1.034 hours, Δt:   1.15, CFL: 7.20e-01
i: 249500, t:  451290.6 s, ωt:  45.13 (7.18 periods), wall: 1.035 hours, Δt:   1.21, CFL: 7.20e-01
i: 249600, t:  451416.4 s, ωt:  45.14 (7.18 periods), wall: 1.035 hours, Δt:   1.23, CFL: 7.20e-01
i: 249700, t:  451540.8 s, ωt:  45.15 (7.19 periods), wall: 1.036 hours, Δt:   1.32, CFL: 7.20e-01
i: 249800, t:  451652.2 s, ωt:  45.17 (7.19 periods), wall: 1.036 hours, Δt:   1.06, CFL: 7.20e-01
i: 249900, t:  451758.5 s, ωt:  45.18 (7.19 periods), wall: 1.037 hours, Δt:   1.14, CFL: 7.20e-01
i: 250000, t:  451872.4 s, ωt:  45.19 (7.19 periods), wall: 1.037 hours, Δt:   1.07, CFL: 7.20e-01
i: 250100, t:  451990.7 s, ωt:  45.20 (7.19 periods), wall: 1.037 hours, Δt:   1.24, CFL: 7.20e-01
i: 250200, t:  452107.7 s, ωt:  45.21 (7.20 periods), wall: 1.038 hours, Δt:   1.07, CFL: 7.20e-01
i: 250300, t:  452226.4 s, ωt:  45.22 (7.20 periods), wall: 1.038 hours, Δt:   1.28, CFL: 7.20e-01
i: 250400, t:  452358.3 s, ωt:  45.24 (7.20 periods), wall: 1.039 hours, Δt:   1.12, CFL: 7.20e-01
i: 250500, t:  452474.8 s, ωt:  45.25 (7.20 periods), wall: 1.039 hours, Δt:   1.15, CFL: 7.20e-01
i: 250600, t:  452595.8 s, ωt:  45.26 (7.20 periods), wall: 1.039 hours, Δt:   1.22, CFL: 7.20e-01
i: 250700, t:  452716.1 s, ωt:  45.27 (7.21 periods), wall: 1.040 hours, Δt:   1.22, CFL: 7.20e-01
i: 250800, t:  452841.0 s, ωt:  45.28 (7.21 periods), wall: 1.040 hours, Δt:   1.16, CFL: 7.20e-01
i: 250900, t:  452953.5 s, ωt:  45.30 (7.21 periods), wall: 1.041 hours, Δt:   1.16, CFL: 7.20e-01
i: 251000, t:  453074.3 s, ωt:  45.31 (7.21 periods), wall: 1.041 hours, Δt:   1.12, CFL: 7.20e-01
i: 251100, t:  453197.4 s, ωt:  45.32 (7.21 periods), wall: 1.041 hours, Δt:   1.33, CFL: 7.20e-01
i: 251200, t:  453322.5 s, ωt:  45.33 (7.21 periods), wall: 1.042 hours, Δt:   1.16, CFL: 7.20e-01
i: 251300, t:  453432.8 s, ωt:  45.34 (7.22 periods), wall: 1.042 hours, Δt:   1.22, CFL: 7.20e-01
i: 251400, t:  453557.3 s, ωt:  45.36 (7.22 periods), wall: 1.043 hours, Δt:   1.13, CFL: 7.20e-01
i: 251500, t:  453678.4 s, ωt:  45.37 (7.22 periods), wall: 1.043 hours, Δt:   1.20, CFL: 7.20e-01
i: 251600, t:  453800.2 s, ωt:  45.38 (7.22 periods), wall: 1.044 hours, Δt:   1.21, CFL: 7.20e-01
i: 251700, t:  453918.0 s, ωt:  45.39 (7.22 periods), wall: 1.044 hours, Δt:   1.12, CFL: 7.20e-01
i: 251800, t:  454032.2 s, ωt:  45.40 (7.23 periods), wall: 1.044 hours, Δt:   1.06, CFL: 7.20e-01
i: 251900, t:  454152.3 s, ωt:  45.42 (7.23 periods), wall: 1.045 hours, Δt:   1.17, CFL: 7.20e-01
i: 252000, t:  454278.9 s, ωt:  45.43 (7.23 periods), wall: 1.045 hours, Δt:   1.12, CFL: 7.20e-01
i: 252100, t:  454401.1 s, ωt:  45.44 (7.23 periods), wall: 1.046 hours, Δt:   1.28, CFL: 7.20e-01
i: 252200, t:  454525.7 s, ωt:  45.45 (7.23 periods), wall: 1.046 hours, Δt:   1.29, CFL: 7.20e-01
i: 252300, t:  454651.3 s, ωt:  45.47 (7.24 periods), wall: 1.046 hours, Δt:   1.27, CFL: 7.20e-01
i: 252400, t:  454784.5 s, ωt:  45.48 (7.24 periods), wall: 1.047 hours, Δt:   1.38, CFL: 7.20e-01
i: 252500, t:  454905.8 s, ωt:  45.49 (7.24 periods), wall: 1.047 hours, Δt:   1.08, CFL: 7.20e-01
i: 252600, t:  455018.9 s, ωt:  45.50 (7.24 periods), wall: 1.048 hours, Δt:   1.09, CFL: 7.20e-01
i: 252700, t:  455134.6 s, ωt:  45.51 (7.24 periods), wall: 1.048 hours, Δt:   1.36, CFL: 7.20e-01
i: 252800, t:  455258.5 s, ωt:  45.53 (7.25 periods), wall: 1.049 hours, Δt:   1.21, CFL: 7.20e-01
i: 252900, t:  455376.0 s, ωt:  45.54 (7.25 periods), wall: 1.049 hours, Δt:   1.16, CFL: 7.20e-01
i: 253000, t:  455494.1 s, ωt:  45.55 (7.25 periods), wall: 1.049 hours, Δt:   1.22, CFL: 7.20e-01
i: 253100, t:  455612.5 s, ωt:  45.56 (7.25 periods), wall: 1.050 hours, Δt:   1.40, CFL: 7.20e-01
i: 253200, t:  455729.1 s, ωt:  45.57 (7.25 periods), wall: 1.050 hours, Δt:   1.37, CFL: 7.20e-01
i: 253300, t:  455852.6 s, ωt:  45.59 (7.26 periods), wall: 1.051 hours, Δt:   1.31, CFL: 7.20e-01
i: 253400, t:  455976.0 s, ωt:  45.60 (7.26 periods), wall: 1.051 hours, Δt:   1.35, CFL: 7.20e-01
i: 253500, t:  456108.6 s, ωt:  45.61 (7.26 periods), wall: 1.051 hours, Δt:   1.26, CFL: 7.20e-01
i: 253600, t:  456229.8 s, ωt:  45.62 (7.26 periods), wall: 1.052 hours, Δt:   1.15, CFL: 7.20e-01
i: 253700, t:  456341.4 s, ωt:  45.63 (7.26 periods), wall: 1.052 hours, Δt:   1.04, CFL: 7.20e-01
i: 253800, t:  456465.9 s, ωt:  45.65 (7.26 periods), wall: 1.053 hours, Δt:   1.39, CFL: 7.20e-01
i: 253900, t:  456585.9 s, ωt:  45.66 (7.27 periods), wall: 1.053 hours, Δt:   1.32, CFL: 7.20e-01
i: 254000, t:  456724.2 s, ωt:  45.67 (7.27 periods), wall: 1.053 hours, Δt:   1.29, CFL: 7.20e-01
i: 254100, t:  456854.0 s, ωt:  45.69 (7.27 periods), wall: 1.054 hours, Δt:   1.31, CFL: 7.20e-01
i: 254200, t:  456984.1 s, ωt:  45.70 (7.27 periods), wall: 1.054 hours, Δt:   1.38, CFL: 7.20e-01
i: 254300, t:  457113.4 s, ωt:  45.71 (7.28 periods), wall: 1.055 hours, Δt:   1.20, CFL: 7.20e-01
i: 254400, t:  457229.6 s, ωt:  45.72 (7.28 periods), wall: 1.055 hours, Δt:   1.10, CFL: 7.20e-01
i: 254500, t:  457342.3 s, ωt:  45.73 (7.28 periods), wall: 1.056 hours, Δt:   1.27, CFL: 7.20e-01
i: 254600, t:  457457.9 s, ωt:  45.75 (7.28 periods), wall: 1.056 hours, Δt:   1.24, CFL: 7.20e-01
i: 254700, t:  457578.8 s, ωt:  45.76 (7.28 periods), wall: 1.056 hours, Δt:   1.18, CFL: 7.20e-01
i: 254800, t:  457696.8 s, ωt:  45.77 (7.28 periods), wall: 1.057 hours, Δt:   1.41, CFL: 7.20e-01
i: 254900, t:  457823.3 s, ωt:  45.78 (7.29 periods), wall: 1.057 hours, Δt:   1.36, CFL: 7.20e-01
i: 255000, t:  457955.1 s, ωt:  45.80 (7.29 periods), wall: 1.058 hours, Δt:   1.21, CFL: 7.20e-01
i: 255100, t:  458087.2 s, ωt:  45.81 (7.29 periods), wall: 1.058 hours, Δt:   1.23, CFL: 7.20e-01
i: 255200, t:  458212.5 s, ωt:  45.82 (7.29 periods), wall: 1.058 hours, Δt:   1.35, CFL: 7.20e-01
i: 255300, t:  458338.5 s, ωt:  45.83 (7.29 periods), wall: 1.059 hours, Δt:   1.23, CFL: 7.20e-01
i: 255400, t:  458464.9 s, ωt:  45.85 (7.30 periods), wall: 1.059 hours, Δt:   1.40, CFL: 7.20e-01
i: 255500, t:  458594.2 s, ωt:  45.86 (7.30 periods), wall: 1.060 hours, Δt:   1.20, CFL: 7.20e-01
i: 255600, t:  458719.2 s, ωt:  45.87 (7.30 periods), wall: 1.060 hours, Δt:   1.38, CFL: 7.20e-01
i: 255700, t:  458865.4 s, ωt:  45.89 (7.30 periods), wall: 1.060 hours, Δt:   1.51, CFL: 7.20e-01
i: 255800, t:  459005.6 s, ωt:  45.90 (7.31 periods), wall: 1.061 hours, Δt:   1.44, CFL: 7.20e-01
i: 255900, t:  459152.7 s, ωt:  45.92 (7.31 periods), wall: 1.061 hours, Δt:   1.54, CFL: 7.20e-01
i: 256000, t:  459309.4 s, ωt:  45.93 (7.31 periods), wall: 1.062 hours, Δt:   1.64, CFL: 7.20e-01
i: 256100, t:  459461.2 s, ωt:  45.95 (7.31 periods), wall: 1.062 hours, Δt:   1.52, CFL: 7.20e-01
i: 256200, t:  459613.5 s, ωt:  45.96 (7.31 periods), wall: 1.062 hours, Δt:   1.38, CFL: 7.20e-01
i: 256300, t:  459747.8 s, ωt:  45.97 (7.32 periods), wall: 1.063 hours, Δt:   1.37, CFL: 7.20e-01
i: 256400, t:  459898.4 s, ωt:  45.99 (7.32 periods), wall: 1.063 hours, Δt:   1.46, CFL: 7.20e-01
i: 256500, t:  460053.6 s, ωt:  46.01 (7.32 periods), wall: 1.064 hours, Δt:   1.72, CFL: 7.20e-01
i: 256600, t:  460215.5 s, ωt:  46.02 (7.32 periods), wall: 1.064 hours, Δt:   1.76, CFL: 7.20e-01
i: 256700, t:  460380.4 s, ωt:  46.04 (7.33 periods), wall: 1.064 hours, Δt:   1.37, CFL: 7.20e-01
i: 256800, t:  460517.6 s, ωt:  46.05 (7.33 periods), wall: 1.065 hours, Δt:   1.40, CFL: 7.20e-01
i: 256900, t:  460669.4 s, ωt:  46.07 (7.33 periods), wall: 1.065 hours, Δt:   1.35, CFL: 7.20e-01
i: 257000, t:  460827.3 s, ωt:  46.08 (7.33 periods), wall: 1.066 hours, Δt:   1.84, CFL: 7.20e-01
i: 257100, t:  460976.2 s, ωt:  46.10 (7.34 periods), wall: 1.066 hours, Δt:   1.35, CFL: 7.20e-01
i: 257200, t:  461135.6 s, ωt:  46.11 (7.34 periods), wall: 1.066 hours, Δt:   1.62, CFL: 7.20e-01
i: 257300, t:  461286.4 s, ωt:  46.13 (7.34 periods), wall: 1.067 hours, Δt:   1.54, CFL: 7.20e-01
i: 257400, t:  461435.6 s, ωt:  46.14 (7.34 periods), wall: 1.067 hours, Δt:   1.51, CFL: 7.20e-01
i: 257500, t:  461594.9 s, ωt:  46.16 (7.35 periods), wall: 1.068 hours, Δt:   1.34, CFL: 7.20e-01
i: 257600, t:  461740.6 s, ωt:  46.17 (7.35 periods), wall: 1.068 hours, Δt:   1.60, CFL: 7.20e-01
i: 257700, t:  461888.7 s, ωt:  46.19 (7.35 periods), wall: 1.069 hours, Δt:   1.66, CFL: 7.20e-01
i: 257800, t:  462036.1 s, ωt:  46.20 (7.35 periods), wall: 1.069 hours, Δt:   1.68, CFL: 7.20e-01
i: 257900, t:  462201.3 s, ωt:  46.22 (7.36 periods), wall: 1.069 hours, Δt:   1.63, CFL: 7.20e-01
i: 258000, t:  462360.0 s, ωt:  46.24 (7.36 periods), wall: 1.070 hours, Δt:   1.60, CFL: 7.20e-01
i: 258100, t:  462535.4 s, ωt:  46.25 (7.36 periods), wall: 1.070 hours, Δt:   1.87, CFL: 7.20e-01
i: 258200, t:  462691.1 s, ωt:  46.27 (7.36 periods), wall: 1.071 hours, Δt:   1.78, CFL: 7.20e-01
i: 258300, t:  462867.8 s, ωt:  46.29 (7.37 periods), wall: 1.071 hours, Δt:   1.62, CFL: 7.20e-01
i: 258400, t:  463034.6 s, ωt:  46.30 (7.37 periods), wall: 1.071 hours, Δt:   1.65, CFL: 7.20e-01
i: 258500, t:  463213.5 s, ωt:  46.32 (7.37 periods), wall: 1.072 hours, Δt:   1.85, CFL: 7.20e-01
i: 258600, t:  463404.1 s, ωt:  46.34 (7.38 periods), wall: 1.072 hours, Δt:   1.95, CFL: 7.20e-01
i: 258700, t:  463608.1 s, ωt:  46.36 (7.38 periods), wall: 1.073 hours, Δt:   1.97, CFL: 7.20e-01
i: 258800, t:  463806.1 s, ωt:  46.38 (7.38 periods), wall: 1.073 hours, Δt:   1.83, CFL: 7.20e-01
i: 258900, t:  463996.6 s, ωt:  46.40 (7.38 periods), wall: 1.073 hours, Δt:   2.04, CFL: 7.20e-01
i: 259000, t:  464195.1 s, ωt:  46.42 (7.39 periods), wall: 1.074 hours, Δt:   2.22, CFL: 7.20e-01
i: 259100, t:  464404.8 s, ωt:  46.44 (7.39 periods), wall: 1.074 hours, Δt:   2.27, CFL: 7.20e-01
i: 259200, t:  464612.5 s, ωt:  46.46 (7.39 periods), wall: 1.075 hours, Δt:   1.79, CFL: 7.20e-01
i: 259300, t:  464795.4 s, ωt:  46.48 (7.40 periods), wall: 1.075 hours, Δt:   2.17, CFL: 7.20e-01
i: 259400, t:  465018.6 s, ωt:  46.50 (7.40 periods), wall: 1.076 hours, Δt:   2.31, CFL: 7.20e-01
i: 259500, t:  465247.9 s, ωt:  46.52 (7.40 periods), wall: 1.076 hours, Δt:   2.39, CFL: 7.20e-01
i: 259600, t:  465479.5 s, ωt:  46.55 (7.41 periods), wall: 1.076 hours, Δt:   2.23, CFL: 7.20e-01
i: 259700, t:  465738.4 s, ωt:  46.57 (7.41 periods), wall: 1.077 hours, Δt:   2.34, CFL: 7.20e-01
i: 259800, t:  466011.0 s, ωt:  46.60 (7.42 periods), wall: 1.077 hours, Δt:   2.86, CFL: 7.20e-01
i: 259900, t:  466287.8 s, ωt:  46.63 (7.42 periods), wall: 1.078 hours, Δt:   2.76, CFL: 7.20e-01
i: 260000, t:  466519.2 s, ωt:  46.65 (7.42 periods), wall: 1.078 hours, Δt:   2.72, CFL: 7.20e-01
i: 260100, t:  466814.6 s, ωt:  46.68 (7.43 periods), wall: 1.078 hours, Δt:   2.93, CFL: 7.20e-01
i: 260200, t:  467162.9 s, ωt:  46.72 (7.44 periods), wall: 1.079 hours, Δt:   4.33, CFL: 7.20e-01
i: 260300, t:  467494.5 s, ωt:  46.75 (7.44 periods), wall: 1.079 hours, Δt:   2.50, CFL: 7.20e-01
i: 260400, t:  467793.6 s, ωt:  46.78 (7.45 periods), wall: 1.080 hours, Δt:   3.82, CFL: 7.20e-01
i: 260500, t:  468204.0 s, ωt:  46.82 (7.45 periods), wall: 1.080 hours, Δt:   4.11, CFL: 7.20e-01
i: 260600, t:  468699.5 s, ωt:  46.87 (7.46 periods), wall: 1.081 hours, Δt:   5.55, CFL: 7.20e-01
i: 260700, t:  469263.6 s, ωt:  46.93 (7.47 periods), wall: 1.081 hours, Δt:   4.99, CFL: 7.20e-01
i: 260800, t:  469769.9 s, ωt:  46.98 (7.48 periods), wall: 1.081 hours, Δt:   6.14, CFL: 6.10e-01
i: 260900, t:  470416.2 s, ωt:  47.04 (7.49 periods), wall: 1.082 hours, Δt:   4.82, CFL: 7.20e-01
i: 261000, t:  471025.1 s, ωt:  47.10 (7.50 periods), wall: 1.082 hours, Δt:   7.27, CFL: 7.20e-01
i: 261100, t:  471693.2 s, ωt:  47.17 (7.51 periods), wall: 1.083 hours, Δt:   6.75, CFL: 7.20e-01
i: 261200, t:  472294.9 s, ωt:  47.23 (7.52 periods), wall: 1.083 hours, Δt:   5.66, CFL: 7.20e-01
i: 261300, t:  472823.4 s, ωt:  47.28 (7.53 periods), wall: 1.084 hours, Δt:   4.38, CFL: 7.20e-01
i: 261400, t:  473270.4 s, ωt:  47.33 (7.53 periods), wall: 1.084 hours, Δt:   4.76, CFL: 7.20e-01
i: 261500, t:  473700.4 s, ωt:  47.37 (7.54 periods), wall: 1.084 hours, Δt:   3.87, CFL: 7.20e-01
i: 261600, t:  474084.2 s, ωt:  47.41 (7.55 periods), wall: 1.085 hours, Δt:   3.10, CFL: 7.20e-01
i: 261700, t:  474383.7 s, ωt:  47.44 (7.55 periods), wall: 1.085 hours, Δt:   3.27, CFL: 7.20e-01
i: 261800, t:  474697.1 s, ωt:  47.47 (7.56 periods), wall: 1.086 hours, Δt:   2.61, CFL: 7.20e-01
i: 261900, t:  474958.6 s, ωt:  47.50 (7.56 periods), wall: 1.086 hours, Δt:   2.69, CFL: 7.20e-01
i: 262000, t:  475203.8 s, ωt:  47.52 (7.56 periods), wall: 1.086 hours, Δt:   2.41, CFL: 7.20e-01
i: 262100, t:  475418.7 s, ωt:  47.54 (7.57 periods), wall: 1.087 hours, Δt:   2.28, CFL: 7.20e-01
i: 262200, t:  475637.1 s, ωt:  47.56 (7.57 periods), wall: 1.087 hours, Δt:   2.42, CFL: 7.20e-01
i: 262300, t:  475856.2 s, ωt:  47.59 (7.57 periods), wall: 1.088 hours, Δt:   1.95, CFL: 7.20e-01
i: 262400, t:  476048.0 s, ωt:  47.60 (7.58 periods), wall: 1.088 hours, Δt:   1.98, CFL: 7.20e-01
i: 262500, t:  476250.6 s, ωt:  47.63 (7.58 periods), wall: 1.089 hours, Δt:   2.11, CFL: 7.20e-01
i: 262600, t:  476462.0 s, ωt:  47.65 (7.58 periods), wall: 1.089 hours, Δt:   1.84, CFL: 7.20e-01
i: 262700, t:  476658.8 s, ωt:  47.67 (7.59 periods), wall: 1.089 hours, Δt:   2.15, CFL: 7.20e-01
i: 262800, t:  476849.1 s, ωt:  47.68 (7.59 periods), wall: 1.090 hours, Δt:   1.89, CFL: 7.20e-01
i: 262900, t:  477031.5 s, ωt:  47.70 (7.59 periods), wall: 1.090 hours, Δt:   1.98, CFL: 7.20e-01
i: 263000, t:  477205.7 s, ωt:  47.72 (7.59 periods), wall: 1.091 hours, Δt:   1.80, CFL: 7.20e-01
i: 263100, t:  477377.3 s, ωt:  47.74 (7.60 periods), wall: 1.091 hours, Δt:   1.80, CFL: 7.20e-01
i: 263200, t:  477568.6 s, ωt:  47.76 (7.60 periods), wall: 1.091 hours, Δt:   1.89, CFL: 7.20e-01
i: 263300, t:  477739.2 s, ωt:  47.77 (7.60 periods), wall: 1.092 hours, Δt:   1.66, CFL: 7.20e-01
i: 263400, t:  477893.7 s, ωt:  47.79 (7.61 periods), wall: 1.092 hours, Δt:   1.55, CFL: 7.20e-01
i: 263500, t:  478048.3 s, ωt:  47.80 (7.61 periods), wall: 1.093 hours, Δt:   1.70, CFL: 7.20e-01
i: 263600, t:  478195.8 s, ωt:  47.82 (7.61 periods), wall: 1.093 hours, Δt:   1.54, CFL: 7.20e-01
i: 263700, t:  478349.0 s, ωt:  47.83 (7.61 periods), wall: 1.093 hours, Δt:   1.51, CFL: 7.20e-01
i: 263800, t:  478504.1 s, ωt:  47.85 (7.62 periods), wall: 1.094 hours, Δt:   1.70, CFL: 7.20e-01
i: 263900, t:  478654.4 s, ωt:  47.87 (7.62 periods), wall: 1.094 hours, Δt:   1.44, CFL: 7.20e-01
i: 264000, t:  478792.2 s, ωt:  47.88 (7.62 periods), wall: 1.095 hours, Δt:   1.26, CFL: 7.20e-01
i: 264100, t:  478934.7 s, ωt:  47.89 (7.62 periods), wall: 1.095 hours, Δt:   1.47, CFL: 7.20e-01
i: 264200, t:  479074.0 s, ωt:  47.91 (7.62 periods), wall: 1.096 hours, Δt:   1.19, CFL: 7.20e-01
i: 264300, t:  479214.8 s, ωt:  47.92 (7.63 periods), wall: 1.096 hours, Δt:   1.37, CFL: 7.20e-01
i: 264400, t:  479360.2 s, ωt:  47.94 (7.63 periods), wall: 1.096 hours, Δt:   1.36, CFL: 7.20e-01
i: 264500, t:  479496.2 s, ωt:  47.95 (7.63 periods), wall: 1.097 hours, Δt:   1.35, CFL: 7.20e-01
i: 264600, t:  479622.7 s, ωt:  47.96 (7.63 periods), wall: 1.097 hours, Δt:   1.39, CFL: 7.20e-01
i: 264700, t:  479761.4 s, ωt:  47.98 (7.64 periods), wall: 1.098 hours, Δt:   1.35, CFL: 7.20e-01
i: 264800, t:  479906.0 s, ωt:  47.99 (7.64 periods), wall: 1.098 hours, Δt:   1.28, CFL: 7.20e-01
i: 264900, t:  480044.7 s, ωt:  48.00 (7.64 periods), wall: 1.098 hours, Δt:   1.25, CFL: 7.20e-01
i: 265000, t:  480180.7 s, ωt:  48.02 (7.64 periods), wall: 1.099 hours, Δt:   1.48, CFL: 7.20e-01
i: 265100, t:  480324.4 s, ωt:  48.03 (7.64 periods), wall: 1.099 hours, Δt:   1.46, CFL: 7.20e-01
i: 265200, t:  480461.3 s, ωt:  48.05 (7.65 periods), wall: 1.100 hours, Δt:   1.46, CFL: 7.20e-01
i: 265300, t:  480590.8 s, ωt:  48.06 (7.65 periods), wall: 1.100 hours, Δt:   1.48, CFL: 7.20e-01
i: 265400, t:  480720.7 s, ωt:  48.07 (7.65 periods), wall: 1.100 hours, Δt:   1.07, CFL: 7.20e-01
i: 265500, t:  480860.5 s, ωt:  48.09 (7.65 periods), wall: 1.101 hours, Δt:   1.48, CFL: 7.20e-01
i: 265600, t:  481001.1 s, ωt:  48.10 (7.66 periods), wall: 1.101 hours, Δt:   1.33, CFL: 7.20e-01
i: 265700, t:  481128.6 s, ωt:  48.11 (7.66 periods), wall: 1.102 hours, Δt:   1.08, CFL: 7.20e-01
i: 265800, t:  481245.1 s, ωt:  48.12 (7.66 periods), wall: 1.102 hours, Δt:   1.34, CFL: 7.20e-01
i: 265900, t:  481374.3 s, ωt:  48.14 (7.66 periods), wall: 1.102 hours, Δt:   1.51, CFL: 7.20e-01
i: 266000, t:  481511.9 s, ωt:  48.15 (7.66 periods), wall: 1.103 hours, Δt:   1.35, CFL: 7.20e-01
i: 266100, t:  481642.7 s, ωt:  48.16 (7.67 periods), wall: 1.103 hours, Δt:   1.50, CFL: 7.20e-01
i: 266200, t:  481772.7 s, ωt:  48.18 (7.67 periods), wall: 1.104 hours, Δt:   1.37, CFL: 7.20e-01
i: 266300, t:  481902.2 s, ωt:  48.19 (7.67 periods), wall: 1.104 hours, Δt:   1.41, CFL: 7.20e-01
i: 266400, t:  482030.6 s, ωt:  48.20 (7.67 periods), wall: 1.104 hours, Δt:   1.17, CFL: 7.20e-01
i: 266500, t:  482157.9 s, ωt:  48.22 (7.67 periods), wall: 1.105 hours, Δt:   1.43, CFL: 7.20e-01
i: 266600, t:  482274.6 s, ωt:  48.23 (7.68 periods), wall: 1.105 hours, Δt:   1.43, CFL: 7.20e-01
i: 266700, t:  482401.7 s, ωt:  48.24 (7.68 periods), wall: 1.106 hours, Δt:   1.34, CFL: 7.20e-01
i: 266800, t:  482531.8 s, ωt:  48.25 (7.68 periods), wall: 1.106 hours, Δt:   1.36, CFL: 7.20e-01
i: 266900, t:  482652.5 s, ωt:  48.27 (7.68 periods), wall: 1.107 hours, Δt:   1.45, CFL: 7.20e-01
i: 267000, t:  482779.2 s, ωt:  48.28 (7.68 periods), wall: 1.107 hours, Δt:   1.14, CFL: 7.20e-01
i: 267100, t:  482893.8 s, ωt:  48.29 (7.69 periods), wall: 1.107 hours, Δt:   1.13, CFL: 7.20e-01
i: 267200, t:  483008.4 s, ωt:  48.30 (7.69 periods), wall: 1.108 hours, Δt:   1.06, CFL: 7.20e-01
i: 267300, t:  483112.3 s, ωt:  48.31 (7.69 periods), wall: 1.108 hours, Δt:   1.04, CFL: 7.20e-01
i: 267400, t:  483237.3 s, ωt:  48.32 (7.69 periods), wall: 1.109 hours, Δt:   1.30, CFL: 7.20e-01
i: 267500, t:  483357.7 s, ωt:  48.34 (7.69 periods), wall: 1.109 hours, Δt:   1.19, CFL: 7.20e-01
i: 267600, t:  483477.9 s, ωt:  48.35 (7.69 periods), wall: 1.109 hours, Δt:   1.24, CFL: 7.20e-01
i: 267700, t:  483599.1 s, ωt:  48.36 (7.70 periods), wall: 1.110 hours, Δt:   1.07, CFL: 7.20e-01
i: 267800, t:  483715.2 s, ωt:  48.37 (7.70 periods), wall: 1.110 hours, Δt:   1.30, CFL: 7.20e-01
i: 267900, t:  483837.8 s, ωt:  48.38 (7.70 periods), wall: 1.111 hours, Δt:   1.11, CFL: 7.20e-01
i: 268000, t:  483960.3 s, ωt:  48.40 (7.70 periods), wall: 1.111 hours, Δt:   1.26, CFL: 7.20e-01
i: 268100, t:  484089.5 s, ωt:  48.41 (7.70 periods), wall: 1.111 hours, Δt:   1.24, CFL: 7.20e-01
i: 268200, t:  484208.4 s, ωt:  48.42 (7.71 periods), wall: 1.112 hours, Δt:   1.13, CFL: 7.20e-01
i: 268300, t:  484319.4 s, ωt:  48.43 (7.71 periods), wall: 1.112 hours, Δt:   1.04, CFL: 7.20e-01
i: 268400, t:  484431.0 s, ωt:  48.44 (7.71 periods), wall: 1.113 hours, Δt:   1.04, CFL: 7.20e-01
i: 268500, t:  484544.3 s, ωt:  48.45 (7.71 periods), wall: 1.113 hours, Δt:   1.20, CFL: 7.20e-01
i: 268600, t:  484652.7 s, ωt:  48.47 (7.71 periods), wall: 1.114 hours, Δt:   1.15, CFL: 7.20e-01
i: 268700, t:  484757.7 s, ωt:  48.48 (7.72 periods), wall: 1.114 hours, Δt:   0.99, CFL: 7.20e-01
i: 268800, t:  484878.5 s, ωt:  48.49 (7.72 periods), wall: 1.114 hours, Δt:   1.10, CFL: 7.20e-01
i: 268900, t:  484991.4 s, ωt:  48.50 (7.72 periods), wall: 1.115 hours, Δt:   1.28, CFL: 7.20e-01
i: 269000, t:  485105.7 s, ωt:  48.51 (7.72 periods), wall: 1.115 hours, Δt:   1.23, CFL: 7.20e-01
i: 269100, t:  485225.3 s, ωt:  48.52 (7.72 periods), wall: 1.116 hours, Δt:   1.02, CFL: 7.20e-01
i: 269200, t:  485335.2 s, ωt:  48.53 (7.72 periods), wall: 1.116 hours, Δt:   1.19, CFL: 7.20e-01
i: 269300, t:  485450.9 s, ωt:  48.55 (7.73 periods), wall: 1.116 hours, Δt:   1.26, CFL: 7.20e-01
i: 269400, t:  485578.4 s, ωt:  48.56 (7.73 periods), wall: 1.117 hours, Δt:   1.23, CFL: 7.20e-01
i: 269500, t:  485696.5 s, ωt:  48.57 (7.73 periods), wall: 1.117 hours, Δt:   1.25, CFL: 7.20e-01
i: 269600, t:  485811.4 s, ωt:  48.58 (7.73 periods), wall: 1.118 hours, Δt:   1.26, CFL: 7.20e-01
i: 269700, t:  485928.8 s, ωt:  48.59 (7.73 periods), wall: 1.118 hours, Δt:   1.05, CFL: 7.20e-01
i: 269800, t:  486043.7 s, ωt:  48.60 (7.74 periods), wall: 1.118 hours, Δt:   0.99, CFL: 7.20e-01
i: 269900, t:  486146.2 s, ωt:  48.61 (7.74 periods), wall: 1.119 hours, Δt:   1.00, CFL: 7.20e-01
i: 270000, t:  486256.7 s, ωt:  48.63 (7.74 periods), wall: 1.119 hours, Δt:   1.24, CFL: 7.20e-01
i: 270100, t:  486370.8 s, ωt:  48.64 (7.74 periods), wall: 1.120 hours, Δt:   1.32, CFL: 7.20e-01
i: 270200, t:  486482.3 s, ωt:  48.65 (7.74 periods), wall: 1.120 hours, Δt:   1.14, CFL: 7.20e-01
i: 270300, t:  486604.7 s, ωt:  48.66 (7.74 periods), wall: 1.120 hours, Δt:   1.11, CFL: 7.20e-01
i: 270400, t:  486722.6 s, ωt:  48.67 (7.75 periods), wall: 1.121 hours, Δt:   1.01, CFL: 7.20e-01
i: 270500, t:  486842.3 s, ωt:  48.68 (7.75 periods), wall: 1.121 hours, Δt:   1.29, CFL: 7.20e-01
i: 270600, t:  486967.1 s, ωt:  48.70 (7.75 periods), wall: 1.122 hours, Δt:   1.27, CFL: 7.20e-01
i: 270700, t:  487097.5 s, ωt:  48.71 (7.75 periods), wall: 1.122 hours, Δt:   1.14, CFL: 7.20e-01
i: 270800, t:  487220.1 s, ωt:  48.72 (7.75 periods), wall: 1.123 hours, Δt:   1.23, CFL: 7.20e-01
i: 270900, t:  487316.5 s, ωt:  48.73 (7.76 periods), wall: 1.123 hours, Δt:   0.98, CFL: 7.20e-01
i: 271000, t:  487420.6 s, ωt:  48.74 (7.76 periods), wall: 1.123 hours, Δt:   0.83, CFL: 7.20e-01
i: 271100, t:  487523.3 s, ωt:  48.75 (7.76 periods), wall: 1.124 hours, Δt:   1.09, CFL: 7.20e-01
i: 271200, t:  487627.7 s, ωt:  48.76 (7.76 periods), wall: 1.124 hours, Δt:   1.08, CFL: 7.20e-01
i: 271300, t:  487746.7 s, ωt:  48.77 (7.76 periods), wall: 1.125 hours, Δt:   1.30, CFL: 7.20e-01
i: 271400, t:  487872.0 s, ωt:  48.79 (7.76 periods), wall: 1.125 hours, Δt:   1.15, CFL: 7.20e-01
i: 271500, t:  487997.1 s, ωt:  48.80 (7.77 periods), wall: 1.125 hours, Δt:   1.16, CFL: 7.20e-01
i: 271600, t:  488106.3 s, ωt:  48.81 (7.77 periods), wall: 1.126 hours, Δt:   1.23, CFL: 7.20e-01
i: 271700, t:  488221.0 s, ωt:  48.82 (7.77 periods), wall: 1.126 hours, Δt:   1.03, CFL: 7.20e-01
i: 271800, t:  488331.6 s, ωt:  48.83 (7.77 periods), wall: 1.127 hours, Δt:   1.22, CFL: 7.20e-01
i: 271900, t:  488448.1 s, ωt:  48.84 (7.77 periods), wall: 1.127 hours, Δt:   1.15, CFL: 7.20e-01
i: 272000, t:  488566.6 s, ωt:  48.86 (7.78 periods), wall: 1.128 hours, Δt:   1.10, CFL: 7.20e-01
i: 272100, t:  488678.5 s, ωt:  48.87 (7.78 periods), wall: 1.128 hours, Δt:   1.17, CFL: 7.20e-01
i: 272200, t:  488803.6 s, ωt:  48.88 (7.78 periods), wall: 1.128 hours, Δt:   1.32, CFL: 7.20e-01
i: 272300, t:  488929.4 s, ωt:  48.89 (7.78 periods), wall: 1.129 hours, Δt:   1.26, CFL: 7.20e-01
i: 272400, t:  489047.9 s, ωt:  48.90 (7.78 periods), wall: 1.129 hours, Δt:   1.21, CFL: 7.20e-01
i: 272500, t:  489160.1 s, ωt:  48.92 (7.79 periods), wall: 1.130 hours, Δt:   0.84, CFL: 7.20e-01
i: 272600, t:  489274.6 s, ωt:  48.93 (7.79 periods), wall: 1.130 hours, Δt:   1.21, CFL: 7.20e-01
i: 272700, t:  489388.2 s, ωt:  48.94 (7.79 periods), wall: 1.130 hours, Δt:   0.85, CFL: 7.20e-01
i: 272800, t:  489503.3 s, ωt:  48.95 (7.79 periods), wall: 1.131 hours, Δt:   1.28, CFL: 7.20e-01
i: 272900, t:  489625.8 s, ωt:  48.96 (7.79 periods), wall: 1.131 hours, Δt:   1.17, CFL: 7.20e-01
i: 273000, t:  489740.1 s, ωt:  48.97 (7.79 periods), wall: 1.132 hours, Δt:   1.09, CFL: 7.20e-01
i: 273100, t:  489850.7 s, ωt:  48.99 (7.80 periods), wall: 1.132 hours, Δt:   1.22, CFL: 7.20e-01
i: 273200, t:  489977.7 s, ωt:  49.00 (7.80 periods), wall: 1.132 hours, Δt:   1.22, CFL: 7.20e-01
i: 273300, t:  490106.5 s, ωt:  49.01 (7.80 periods), wall: 1.133 hours, Δt:   1.19, CFL: 7.20e-01
i: 273400, t:  490235.5 s, ωt:  49.02 (7.80 periods), wall: 1.133 hours, Δt:   1.24, CFL: 7.20e-01
i: 273500, t:  490365.8 s, ωt:  49.04 (7.80 periods), wall: 1.134 hours, Δt:   1.09, CFL: 7.20e-01
i: 273600, t:  490477.8 s, ωt:  49.05 (7.81 periods), wall: 1.134 hours, Δt:   1.07, CFL: 7.20e-01
i: 273700, t:  490596.9 s, ωt:  49.06 (7.81 periods), wall: 1.134 hours, Δt:   1.27, CFL: 7.20e-01
i: 273800, t:  490723.1 s, ωt:  49.07 (7.81 periods), wall: 1.135 hours, Δt:   1.16, CFL: 7.20e-01
i: 273900, t:  490841.5 s, ωt:  49.08 (7.81 periods), wall: 1.135 hours, Δt:   1.52, CFL: 7.20e-01
i: 274000, t:  490984.7 s, ωt:  49.10 (7.81 periods), wall: 1.136 hours, Δt:   1.39, CFL: 7.20e-01
i: 274100, t:  491127.6 s, ωt:  49.11 (7.82 periods), wall: 1.136 hours, Δt:   1.21, CFL: 7.20e-01
i: 274200, t:  491261.3 s, ωt:  49.13 (7.82 periods), wall: 1.137 hours, Δt:   1.33, CFL: 7.20e-01
i: 274300, t:  491399.7 s, ωt:  49.14 (7.82 periods), wall: 1.137 hours, Δt:   1.54, CFL: 7.20e-01
i: 274400, t:  491555.8 s, ωt:  49.16 (7.82 periods), wall: 1.137 hours, Δt:   1.40, CFL: 7.20e-01
i: 274500, t:  491697.9 s, ωt:  49.17 (7.83 periods), wall: 1.138 hours, Δt:   1.52, CFL: 7.20e-01
i: 274600, t:  491847.1 s, ωt:  49.18 (7.83 periods), wall: 1.138 hours, Δt:   1.43, CFL: 7.20e-01
i: 274700, t:  491985.9 s, ωt:  49.20 (7.83 periods), wall: 1.139 hours, Δt:   1.79, CFL: 7.20e-01
i: 274800, t:  492148.5 s, ωt:  49.21 (7.83 periods), wall: 1.139 hours, Δt:   1.52, CFL: 7.20e-01
i: 274900, t:  492289.1 s, ωt:  49.23 (7.84 periods), wall: 1.139 hours, Δt:   1.58, CFL: 7.20e-01
i: 275000, t:  492436.7 s, ωt:  49.24 (7.84 periods), wall: 1.140 hours, Δt:   1.46, CFL: 7.20e-01
i: 275100, t:  492568.0 s, ωt:  49.26 (7.84 periods), wall: 1.140 hours, Δt:   1.07, CFL: 7.20e-01
i: 275200, t:  492691.4 s, ωt:  49.27 (7.84 periods), wall: 1.141 hours, Δt:   1.52, CFL: 7.20e-01
i: 275300, t:  492849.2 s, ωt:  49.28 (7.84 periods), wall: 1.141 hours, Δt:   1.52, CFL: 7.20e-01
i: 275400, t:  492998.8 s, ωt:  49.30 (7.85 periods), wall: 1.141 hours, Δt:   1.44, CFL: 7.20e-01
i: 275500, t:  493152.6 s, ωt:  49.32 (7.85 periods), wall: 1.142 hours, Δt:   1.65, CFL: 7.20e-01
i: 275600, t:  493308.7 s, ωt:  49.33 (7.85 periods), wall: 1.142 hours, Δt:   1.35, CFL: 7.20e-01
i: 275700, t:  493448.3 s, ωt:  49.34 (7.85 periods), wall: 1.143 hours, Δt:   1.18, CFL: 7.20e-01
i: 275800, t:  493579.3 s, ωt:  49.36 (7.86 periods), wall: 1.143 hours, Δt:   1.60, CFL: 7.20e-01
i: 275900, t:  493743.2 s, ωt:  49.37 (7.86 periods), wall: 1.144 hours, Δt:   1.58, CFL: 7.20e-01
i: 276000, t:  493924.2 s, ωt:  49.39 (7.86 periods), wall: 1.144 hours, Δt:   1.80, CFL: 7.20e-01
i: 276100, t:  494093.1 s, ωt:  49.41 (7.86 periods), wall: 1.144 hours, Δt:   1.59, CFL: 7.20e-01
i: 276200, t:  494244.1 s, ωt:  49.42 (7.87 periods), wall: 1.145 hours, Δt:   1.37, CFL: 7.20e-01
i: 276300, t:  494406.7 s, ωt:  49.44 (7.87 periods), wall: 1.145 hours, Δt:   1.85, CFL: 7.20e-01
i: 276400, t:  494590.7 s, ωt:  49.46 (7.87 periods), wall: 1.146 hours, Δt:   1.91, CFL: 7.20e-01
i: 276500, t:  494774.1 s, ωt:  49.48 (7.87 periods), wall: 1.146 hours, Δt:   1.67, CFL: 7.20e-01
i: 276600, t:  494948.5 s, ωt:  49.49 (7.88 periods), wall: 1.146 hours, Δt:   1.64, CFL: 7.20e-01
i: 276700, t:  495117.9 s, ωt:  49.51 (7.88 periods), wall: 1.147 hours, Δt:   1.51, CFL: 7.20e-01
i: 276800, t:  495290.7 s, ωt:  49.53 (7.88 periods), wall: 1.147 hours, Δt:   2.06, CFL: 7.20e-01
i: 276900, t:  495461.0 s, ωt:  49.55 (7.89 periods), wall: 1.148 hours, Δt:   1.91, CFL: 7.20e-01
i: 277000, t:  495652.5 s, ωt:  49.57 (7.89 periods), wall: 1.148 hours, Δt:   2.07, CFL: 7.20e-01
i: 277100, t:  495825.5 s, ωt:  49.58 (7.89 periods), wall: 1.148 hours, Δt:   2.00, CFL: 7.20e-01
i: 277200, t:  496025.5 s, ωt:  49.60 (7.89 periods), wall: 1.149 hours, Δt:   1.74, CFL: 7.20e-01
i: 277300, t:  496213.4 s, ωt:  49.62 (7.90 periods), wall: 1.149 hours, Δt:   1.78, CFL: 7.20e-01
i: 277400, t:  496420.7 s, ωt:  49.64 (7.90 periods), wall: 1.150 hours, Δt:   2.16, CFL: 7.20e-01
i: 277500, t:  496624.4 s, ωt:  49.66 (7.90 periods), wall: 1.150 hours, Δt:   1.97, CFL: 7.20e-01
i: 277600, t:  496843.8 s, ωt:  49.68 (7.91 periods), wall: 1.150 hours, Δt:   2.53, CFL: 7.20e-01
i: 277700, t:  497101.7 s, ωt:  49.71 (7.91 periods), wall: 1.151 hours, Δt:   2.67, CFL: 7.20e-01
i: 277800, t:  497330.6 s, ωt:  49.73 (7.92 periods), wall: 1.151 hours, Δt:   2.09, CFL: 7.20e-01
i: 277900, t:  497581.2 s, ωt:  49.76 (7.92 periods), wall: 1.152 hours, Δt:   2.21, CFL: 7.20e-01
i: 278000, t:  497818.3 s, ωt:  49.78 (7.92 periods), wall: 1.152 hours, Δt:   2.75, CFL: 7.20e-01
i: 278100, t:  498112.7 s, ωt:  49.81 (7.93 periods), wall: 1.153 hours, Δt:   3.33, CFL: 7.20e-01
i: 278200, t:  498425.3 s, ωt:  49.84 (7.93 periods), wall: 1.153 hours, Δt:   3.39, CFL: 7.20e-01
i: 278300, t:  498750.2 s, ωt:  49.88 (7.94 periods), wall: 1.153 hours, Δt:   3.07, CFL: 7.20e-01
i: 278400, t:  499079.1 s, ωt:  49.91 (7.94 periods), wall: 1.154 hours, Δt:   3.53, CFL: 7.20e-01
i: 278500, t:  499458.5 s, ωt:  49.95 (7.95 periods), wall: 1.154 hours, Δt:   4.36, CFL: 7.20e-01
i: 278600, t:  499813.7 s, ωt:  49.98 (7.95 periods), wall: 1.155 hours, Δt:   3.10, CFL: 7.20e-01
i: 278700, t:  500196.5 s, ωt:  50.02 (7.96 periods), wall: 1.155 hours, Δt:   4.32, CFL: 7.20e-01
i: 278800, t:  500674.5 s, ωt:  50.07 (7.97 periods), wall: 1.155 hours, Δt:   5.11, CFL: 7.20e-01
i: 278900, t:  501266.0 s, ωt:  50.13 (7.98 periods), wall: 1.156 hours, Δt:   5.93, CFL: 7.20e-01
i: 279000, t:  501923.2 s, ωt:  50.19 (7.99 periods), wall: 1.156 hours, Δt:   7.34, CFL: 7.20e-01
i: 279100, t:  502630.2 s, ωt:  50.26 (8.00 periods), wall: 1.157 hours, Δt:   6.23, CFL: 7.20e-01
[ Info: Oceananigans will use 16 threads
[ Info: Case L2_Ri2500 (L = 2 m): Ri = 2500, N² = 2.5e-05 s⁻², δ_s = 0.1414 m, Re_s = 5657
[ Info: Domain 7.071 × 3.536 × 12.728 m = 50 × 25 × 90 δ_s, 8 periods
[ Info: Background: exponential, N²_bg = N∞²[1−exp(−z/L)], L = 2.000 m = 14 δ_s (N²_bg/N∞² = 0.068 at z = δ_s, 0.507 at z = 10 δ_s)
[ Info: Bottom Δz = 0.0110 m = 0.077 δ_s (12.9 points across δ_s); 121 of 128 cells below the sponge
[ Info: Δx = 0.2210 m = 1.56 δ_s, Δy = 0.1105 m = 0.78 δ_s
[ Info: Initializing velocities from Ri=0 spin-up: output_L4_Ri0/TidalBL3D_L4_Ri0_fields.jld2
[ Info: Using snapshot 11/11 (t = 5.00 periods of the spin-up)
[ Info: x-y slice at k = 12 (z = 0.149 m ≈ δ)
[ Info: Initializing simulation...
[ Info:     ... simulation initialization complete (17.719 seconds)
[ Info: Executing initial time step...
[ Info:     ... initial time step complete (4.104 seconds).
[ Info: Simulation is stopping after running for 1.151 hours.
[ Info: Simulation time 5.818 days equals or exceeds stop time 5.818 days.
