i:      0, t:       0.0 s, ωt:   0.00 (0.00 periods), wall: 23.737 seconds, Δt:   1.20, CFL: 1.51e-01
i:    100, t:     307.3 s, ωt:   0.03 (0.00 periods), wall: 43.480 seconds, Δt:   5.54, CFL: 7.20e-01
i:    200, t:     879.4 s, ωt:   0.09 (0.01 periods), wall: 44.949 seconds, Δt:   5.01, CFL: 7.20e-01
i:    300, t:    1454.2 s, ωt:   0.15 (0.02 periods), wall: 46.355 seconds, Δt:   6.09, CFL: 7.20e-01
i:    400, t:    2002.7 s, ωt:   0.20 (0.03 periods), wall: 47.777 seconds, Δt:   5.70, CFL: 7.20e-01
i:    500, t:    2545.0 s, ωt:   0.25 (0.04 periods), wall: 49.224 seconds, Δt:   5.31, CFL: 7.20e-01
i:    600, t:    3021.5 s, ωt:   0.30 (0.05 periods), wall: 50.673 seconds, Δt:   3.92, CFL: 7.20e-01
i:    700, t:    3414.8 s, ωt:   0.34 (0.05 periods), wall: 52.155 seconds, Δt:   3.63, CFL: 7.20e-01
i:    800, t:    3721.9 s, ωt:   0.37 (0.06 periods), wall: 53.644 seconds, Δt:   2.45, CFL: 7.20e-01
i:    900, t:    3981.2 s, ωt:   0.40 (0.06 periods), wall: 55.138 seconds, Δt:   2.42, CFL: 7.20e-01
i:   1000, t:    4226.9 s, ωt:   0.42 (0.07 periods), wall: 56.625 seconds, Δt:   2.58, CFL: 7.20e-01
i:   1100, t:    4458.0 s, ωt:   0.45 (0.07 periods), wall: 58.088 seconds, Δt:   2.71, CFL: 7.20e-01
i:   1200, t:    4673.8 s, ωt:   0.47 (0.07 periods), wall: 59.527 seconds, Δt:   2.23, CFL: 7.20e-01
i:   1300, t:    4873.6 s, ωt:   0.49 (0.08 periods), wall: 1.017 minutes, Δt:   2.22, CFL: 7.20e-01
i:   1400, t:    5070.9 s, ωt:   0.51 (0.08 periods), wall: 1.042 minutes, Δt:   2.14, CFL: 7.20e-01
i:   1500, t:    5288.6 s, ωt:   0.53 (0.08 periods), wall: 1.066 minutes, Δt:   2.13, CFL: 7.20e-01
i:   1600, t:    5474.9 s, ωt:   0.55 (0.09 periods), wall: 1.089 minutes, Δt:   1.59, CFL: 7.20e-01
i:   1700, t:    5652.1 s, ωt:   0.57 (0.09 periods), wall: 1.113 minutes, Δt:   2.02, CFL: 7.20e-01
i:   1800, t:    5845.3 s, ωt:   0.58 (0.09 periods), wall: 1.136 minutes, Δt:   1.55, CFL: 7.20e-01
i:   1900, t:    6006.2 s, ωt:   0.60 (0.10 periods), wall: 1.159 minutes, Δt:   1.72, CFL: 7.20e-01
i:   2000, t:    6185.1 s, ωt:   0.62 (0.10 periods), wall: 1.182 minutes, Δt:   1.71, CFL: 7.20e-01
i:   2100, t:    6354.2 s, ωt:   0.64 (0.10 periods), wall: 1.206 minutes, Δt:   1.82, CFL: 7.20e-01
i:   2200, t:    6539.7 s, ωt:   0.65 (0.10 periods), wall: 1.231 minutes, Δt:   1.73, CFL: 7.20e-01
i:   2300, t:    6718.7 s, ωt:   0.67 (0.11 periods), wall: 1.256 minutes, Δt:   1.61, CFL: 7.20e-01
i:   2400, t:    6884.5 s, ωt:   0.69 (0.11 periods), wall: 1.280 minutes, Δt:   1.75, CFL: 7.20e-01
i:   2500, t:    7037.7 s, ωt:   0.70 (0.11 periods), wall: 1.305 minutes, Δt:   1.75, CFL: 7.20e-01
i:   2600, t:    7205.3 s, ωt:   0.72 (0.11 periods), wall: 1.330 minutes, Δt:   1.60, CFL: 7.20e-01
i:   2700, t:    7357.1 s, ωt:   0.74 (0.12 periods), wall: 1.355 minutes, Δt:   1.37, CFL: 7.20e-01
i:   2800, t:    7502.2 s, ωt:   0.75 (0.12 periods), wall: 1.379 minutes, Δt:   1.39, CFL: 7.20e-01
i:   2900, t:    7650.7 s, ωt:   0.77 (0.12 periods), wall: 1.404 minutes, Δt:   1.43, CFL: 7.20e-01
i:   3000, t:    7813.0 s, ωt:   0.78 (0.12 periods), wall: 1.428 minutes, Δt:   1.48, CFL: 7.20e-01
i:   3100, t:    7949.3 s, ωt:   0.79 (0.13 periods), wall: 1.453 minutes, Δt:   1.00, CFL: 7.20e-01
i:   3200, t:    8086.3 s, ωt:   0.81 (0.13 periods), wall: 1.478 minutes, Δt:   1.68, CFL: 7.20e-01
i:   3300, t:    8239.8 s, ωt:   0.82 (0.13 periods), wall: 1.503 minutes, Δt:   1.76, CFL: 7.20e-01
i:   3400, t:    8393.7 s, ωt:   0.84 (0.13 periods), wall: 1.527 minutes, Δt:   1.55, CFL: 7.20e-01
i:   3500, t:    8542.4 s, ωt:   0.85 (0.14 periods), wall: 1.552 minutes, Δt:   1.41, CFL: 7.20e-01
i:   3600, t:    8695.1 s, ωt:   0.87 (0.14 periods), wall: 1.576 minutes, Δt:   1.41, CFL: 7.20e-01
i:   3700, t:    8823.4 s, ωt:   0.88 (0.14 periods), wall: 1.601 minutes, Δt:   1.46, CFL: 7.20e-01
i:   3800, t:    8974.1 s, ωt:   0.90 (0.14 periods), wall: 1.626 minutes, Δt:   1.60, CFL: 7.20e-01
i:   3900, t:    9112.0 s, ωt:   0.91 (0.15 periods), wall: 1.651 minutes, Δt:   1.58, CFL: 7.20e-01
i:   4000, t:    9246.9 s, ωt:   0.92 (0.15 periods), wall: 1.675 minutes, Δt:   1.20, CFL: 7.20e-01
i:   4100, t:    9374.2 s, ωt:   0.94 (0.15 periods), wall: 1.700 minutes, Δt:   1.36, CFL: 7.20e-01
i:   4200, t:    9516.3 s, ωt:   0.95 (0.15 periods), wall: 1.724 minutes, Δt:   1.46, CFL: 7.20e-01
i:   4300, t:    9659.3 s, ωt:   0.97 (0.15 periods), wall: 1.748 minutes, Δt:   1.51, CFL: 7.20e-01
i:   4400, t:    9802.3 s, ωt:   0.98 (0.16 periods), wall: 1.773 minutes, Δt:   1.54, CFL: 7.20e-01
i:   4500, t:    9941.5 s, ωt:   0.99 (0.16 periods), wall: 1.798 minutes, Δt:   1.65, CFL: 7.20e-01
i:   4600, t:   10084.5 s, ωt:   1.01 (0.16 periods), wall: 1.823 minutes, Δt:   1.26, CFL: 7.20e-01
i:   4700, t:   10220.5 s, ωt:   1.02 (0.16 periods), wall: 1.847 minutes, Δt:   1.26, CFL: 7.20e-01
i:   4800, t:   10353.3 s, ωt:   1.04 (0.16 periods), wall: 1.872 minutes, Δt:   1.41, CFL: 7.20e-01
i:   4900, t:   10490.5 s, ωt:   1.05 (0.17 periods), wall: 1.897 minutes, Δt:   1.44, CFL: 7.20e-01
i:   5000, t:   10634.1 s, ωt:   1.06 (0.17 periods), wall: 1.922 minutes, Δt:   1.47, CFL: 7.20e-01
i:   5100, t:   10754.9 s, ωt:   1.08 (0.17 periods), wall: 1.947 minutes, Δt:   1.40, CFL: 7.20e-01
i:   5200, t:   10884.7 s, ωt:   1.09 (0.17 periods), wall: 1.971 minutes, Δt:   1.30, CFL: 7.20e-01
i:   5300, t:   11005.5 s, ωt:   1.10 (0.18 periods), wall: 1.996 minutes, Δt:   1.51, CFL: 7.20e-01
i:   5400, t:   11147.2 s, ωt:   1.11 (0.18 periods), wall: 2.021 minutes, Δt:   1.33, CFL: 7.20e-01
i:   5500, t:   11274.6 s, ωt:   1.13 (0.18 periods), wall: 2.045 minutes, Δt:   1.11, CFL: 7.20e-01
i:   5600, t:   11399.8 s, ωt:   1.14 (0.18 periods), wall: 2.070 minutes, Δt:   1.20, CFL: 7.20e-01
i:   5700, t:   11522.7 s, ωt:   1.15 (0.18 periods), wall: 2.095 minutes, Δt:   1.36, CFL: 7.20e-01
i:   5800, t:   11647.1 s, ωt:   1.16 (0.19 periods), wall: 2.120 minutes, Δt:   1.38, CFL: 7.20e-01
i:   5900, t:   11764.9 s, ωt:   1.18 (0.19 periods), wall: 2.145 minutes, Δt:   1.30, CFL: 7.20e-01
i:   6000, t:   11886.6 s, ωt:   1.19 (0.19 periods), wall: 2.170 minutes, Δt:   1.39, CFL: 7.20e-01
i:   6100, t:   12029.7 s, ωt:   1.20 (0.19 periods), wall: 2.194 minutes, Δt:   1.36, CFL: 7.20e-01
i:   6200, t:   12146.8 s, ωt:   1.21 (0.19 periods), wall: 2.219 minutes, Δt:   1.17, CFL: 7.20e-01
i:   6300, t:   12279.1 s, ωt:   1.23 (0.20 periods), wall: 2.244 minutes, Δt:   1.40, CFL: 7.20e-01
i:   6400, t:   12401.2 s, ωt:   1.24 (0.20 periods), wall: 2.269 minutes, Δt:   1.40, CFL: 7.20e-01
i:   6500, t:   12538.0 s, ωt:   1.25 (0.20 periods), wall: 2.293 minutes, Δt:   1.22, CFL: 7.20e-01
i:   6600, t:   12647.4 s, ωt:   1.26 (0.20 periods), wall: 2.318 minutes, Δt:   0.99, CFL: 7.20e-01
i:   6700, t:   12777.0 s, ωt:   1.28 (0.20 periods), wall: 2.343 minutes, Δt:   1.24, CFL: 7.20e-01
i:   6800, t:   12902.4 s, ωt:   1.29 (0.21 periods), wall: 2.368 minutes, Δt:   1.16, CFL: 7.20e-01
i:   6900, t:   13037.7 s, ωt:   1.30 (0.21 periods), wall: 2.393 minutes, Δt:   1.58, CFL: 7.20e-01
i:   7000, t:   13174.7 s, ωt:   1.32 (0.21 periods), wall: 2.417 minutes, Δt:   1.17, CFL: 7.20e-01
i:   7100, t:   13295.5 s, ωt:   1.33 (0.21 periods), wall: 2.442 minutes, Δt:   1.32, CFL: 7.20e-01
i:   7200, t:   13424.8 s, ωt:   1.34 (0.21 periods), wall: 2.467 minutes, Δt:   1.26, CFL: 7.20e-01
i:   7300, t:   13560.6 s, ωt:   1.36 (0.22 periods), wall: 2.490 minutes, Δt:   1.24, CFL: 7.20e-01
i:   7400, t:   13690.0 s, ωt:   1.37 (0.22 periods), wall: 2.514 minutes, Δt:   1.33, CFL: 7.20e-01
i:   7500, t:   13815.0 s, ωt:   1.38 (0.22 periods), wall: 2.537 minutes, Δt:   1.23, CFL: 7.20e-01
i:   7600, t:   13938.7 s, ωt:   1.39 (0.22 periods), wall: 2.561 minutes, Δt:   1.33, CFL: 7.20e-01
i:   7700, t:   14068.7 s, ωt:   1.41 (0.22 periods), wall: 2.585 minutes, Δt:   1.33, CFL: 7.20e-01
i:   7800, t:   14190.3 s, ωt:   1.42 (0.23 periods), wall: 2.610 minutes, Δt:   1.58, CFL: 7.20e-01
i:   7900, t:   14327.3 s, ωt:   1.43 (0.23 periods), wall: 2.635 minutes, Δt:   1.28, CFL: 7.20e-01
i:   8000, t:   14457.8 s, ωt:   1.45 (0.23 periods), wall: 2.659 minutes, Δt:   1.18, CFL: 7.20e-01
i:   8100, t:   14586.9 s, ωt:   1.46 (0.23 periods), wall: 2.684 minutes, Δt:   1.35, CFL: 7.20e-01
i:   8200, t:   14724.1 s, ωt:   1.47 (0.23 periods), wall: 2.708 minutes, Δt:   1.34, CFL: 7.20e-01
i:   8300, t:   14865.9 s, ωt:   1.49 (0.24 periods), wall: 2.732 minutes, Δt:   1.37, CFL: 7.20e-01
i:   8400, t:   15003.3 s, ωt:   1.50 (0.24 periods), wall: 2.756 minutes, Δt:   1.43, CFL: 7.20e-01
i:   8500, t:   15139.3 s, ωt:   1.51 (0.24 periods), wall: 2.780 minutes, Δt:   1.24, CFL: 7.20e-01
i:   8600, t:   15268.9 s, ωt:   1.53 (0.24 periods), wall: 2.805 minutes, Δt:   1.15, CFL: 7.20e-01
i:   8700, t:   15392.4 s, ωt:   1.54 (0.24 periods), wall: 2.830 minutes, Δt:   1.29, CFL: 7.20e-01
i:   8800, t:   15514.3 s, ωt:   1.55 (0.25 periods), wall: 2.855 minutes, Δt:   1.03, CFL: 7.20e-01
i:   8900, t:   15627.2 s, ωt:   1.56 (0.25 periods), wall: 2.879 minutes, Δt:   1.24, CFL: 7.20e-01
i:   9000, t:   15750.7 s, ωt:   1.58 (0.25 periods), wall: 2.904 minutes, Δt:   1.25, CFL: 7.20e-01
i:   9100, t:   15879.1 s, ωt:   1.59 (0.25 periods), wall: 2.929 minutes, Δt:   1.32, CFL: 7.20e-01
i:   9200, t:   15991.5 s, ωt:   1.60 (0.25 periods), wall: 2.952 minutes, Δt:   1.24, CFL: 7.20e-01
i:   9300, t:   16120.6 s, ωt:   1.61 (0.26 periods), wall: 2.977 minutes, Δt:   1.30, CFL: 7.20e-01
i:   9400, t:   16251.5 s, ωt:   1.63 (0.26 periods), wall: 3.001 minutes, Δt:   1.25, CFL: 7.20e-01
i:   9500, t:   16364.2 s, ωt:   1.64 (0.26 periods), wall: 3.026 minutes, Δt:   1.15, CFL: 7.20e-01
i:   9600, t:   16494.6 s, ωt:   1.65 (0.26 periods), wall: 3.051 minutes, Δt:   1.37, CFL: 7.20e-01
i:   9700, t:   16634.9 s, ωt:   1.66 (0.26 periods), wall: 3.076 minutes, Δt:   1.43, CFL: 7.20e-01
i:   9800, t:   16755.2 s, ωt:   1.68 (0.27 periods), wall: 3.100 minutes, Δt:   1.02, CFL: 7.20e-01
i:   9900, t:   16876.7 s, ωt:   1.69 (0.27 periods), wall: 3.124 minutes, Δt:   1.48, CFL: 7.20e-01
i:  10000, t:   17004.1 s, ωt:   1.70 (0.27 periods), wall: 3.149 minutes, Δt:   1.04, CFL: 7.20e-01
i:  10100, t:   17127.1 s, ωt:   1.71 (0.27 periods), wall: 3.173 minutes, Δt:   1.36, CFL: 7.20e-01
i:  10200, t:   17256.6 s, ωt:   1.73 (0.27 periods), wall: 3.198 minutes, Δt:   1.11, CFL: 7.20e-01
i:  10300, t:   17387.2 s, ωt:   1.74 (0.28 periods), wall: 3.223 minutes, Δt:   1.35, CFL: 7.20e-01
i:  10400, t:   17524.5 s, ωt:   1.75 (0.28 periods), wall: 3.248 minutes, Δt:   1.49, CFL: 7.20e-01
i:  10500, t:   17654.2 s, ωt:   1.77 (0.28 periods), wall: 3.273 minutes, Δt:   1.34, CFL: 7.20e-01
i:  10600, t:   17775.0 s, ωt:   1.78 (0.28 periods), wall: 3.296 minutes, Δt:   0.98, CFL: 7.20e-01
i:  10700, t:   17896.3 s, ωt:   1.79 (0.28 periods), wall: 3.321 minutes, Δt:   1.27, CFL: 7.20e-01
i:  10800, t:   18017.2 s, ωt:   1.80 (0.29 periods), wall: 3.346 minutes, Δt:   1.17, CFL: 7.20e-01
i:  10900, t:   18149.3 s, ωt:   1.81 (0.29 periods), wall: 3.370 minutes, Δt:   1.30, CFL: 7.20e-01
i:  11000, t:   18277.2 s, ωt:   1.83 (0.29 periods), wall: 3.395 minutes, Δt:   1.37, CFL: 7.20e-01
i:  11100, t:   18403.8 s, ωt:   1.84 (0.29 periods), wall: 3.418 minutes, Δt:   1.08, CFL: 7.20e-01
i:  11200, t:   18525.7 s, ωt:   1.85 (0.29 periods), wall: 3.442 minutes, Δt:   1.33, CFL: 7.20e-01
i:  11300, t:   18663.3 s, ωt:   1.87 (0.30 periods), wall: 3.465 minutes, Δt:   1.47, CFL: 7.20e-01
i:  11400, t:   18815.8 s, ωt:   1.88 (0.30 periods), wall: 3.489 minutes, Δt:   1.15, CFL: 7.20e-01
i:  11500, t:   18954.9 s, ωt:   1.90 (0.30 periods), wall: 3.513 minutes, Δt:   1.54, CFL: 7.20e-01
i:  11600, t:   19101.2 s, ωt:   1.91 (0.30 periods), wall: 3.537 minutes, Δt:   1.65, CFL: 7.20e-01
i:  11700, t:   19257.2 s, ωt:   1.93 (0.31 periods), wall: 3.561 minutes, Δt:   1.54, CFL: 7.20e-01
i:  11800, t:   19403.8 s, ωt:   1.94 (0.31 periods), wall: 3.586 minutes, Δt:   1.20, CFL: 7.20e-01
i:  11900, t:   19540.8 s, ωt:   1.95 (0.31 periods), wall: 3.611 minutes, Δt:   1.39, CFL: 7.20e-01
i:  12000, t:   19678.1 s, ωt:   1.97 (0.31 periods), wall: 3.635 minutes, Δt:   1.49, CFL: 7.20e-01
i:  12100, t:   19828.4 s, ωt:   1.98 (0.32 periods), wall: 3.660 minutes, Δt:   1.61, CFL: 7.20e-01
i:  12200, t:   19959.7 s, ωt:   2.00 (0.32 periods), wall: 3.685 minutes, Δt:   1.55, CFL: 7.20e-01
i:  12300, t:   20129.2 s, ωt:   2.01 (0.32 periods), wall: 3.709 minutes, Δt:   1.65, CFL: 7.20e-01
i:  12400, t:   20295.8 s, ωt:   2.03 (0.32 periods), wall: 3.734 minutes, Δt:   1.78, CFL: 7.20e-01
i:  12500, t:   20458.5 s, ωt:   2.05 (0.33 periods), wall: 3.757 minutes, Δt:   1.60, CFL: 7.20e-01
i:  12600, t:   20623.9 s, ωt:   2.06 (0.33 periods), wall: 3.781 minutes, Δt:   1.81, CFL: 7.20e-01
i:  12700, t:   20791.7 s, ωt:   2.08 (0.33 periods), wall: 3.805 minutes, Δt:   1.54, CFL: 7.20e-01
i:  12800, t:   20944.1 s, ωt:   2.09 (0.33 periods), wall: 3.830 minutes, Δt:   1.83, CFL: 7.20e-01
i:  12900, t:   21095.7 s, ωt:   2.11 (0.34 periods), wall: 3.854 minutes, Δt:   1.19, CFL: 7.20e-01
i:  13000, t:   21246.8 s, ωt:   2.12 (0.34 periods), wall: 3.878 minutes, Δt:   1.57, CFL: 7.20e-01
i:  13100, t:   21412.9 s, ωt:   2.14 (0.34 periods), wall: 3.903 minutes, Δt:   1.36, CFL: 7.20e-01
i:  13200, t:   21567.6 s, ωt:   2.16 (0.34 periods), wall: 3.926 minutes, Δt:   1.54, CFL: 7.20e-01
i:  13300, t:   21734.9 s, ωt:   2.17 (0.35 periods), wall: 3.950 minutes, Δt:   1.63, CFL: 7.20e-01
i:  13400, t:   21905.3 s, ωt:   2.19 (0.35 periods), wall: 3.974 minutes, Δt:   1.68, CFL: 7.20e-01
i:  13500, t:   22062.4 s, ωt:   2.21 (0.35 periods), wall: 3.998 minutes, Δt:   1.61, CFL: 7.20e-01
i:  13600, t:   22207.8 s, ωt:   2.22 (0.35 periods), wall: 4.023 minutes, Δt:   1.39, CFL: 7.20e-01
i:  13700, t:   22354.9 s, ωt:   2.24 (0.36 periods), wall: 4.048 minutes, Δt:   1.73, CFL: 7.20e-01
i:  13800, t:   22512.3 s, ωt:   2.25 (0.36 periods), wall: 4.072 minutes, Δt:   1.67, CFL: 7.20e-01
i:  13900, t:   22673.9 s, ωt:   2.27 (0.36 periods), wall: 4.097 minutes, Δt:   2.10, CFL: 7.20e-01
i:  14000, t:   22866.0 s, ωt:   2.29 (0.36 periods), wall: 4.121 minutes, Δt:   1.56, CFL: 7.20e-01
i:  14100, t:   23033.8 s, ωt:   2.30 (0.37 periods), wall: 4.145 minutes, Δt:   1.71, CFL: 7.20e-01
i:  14200, t:   23199.1 s, ωt:   2.32 (0.37 periods), wall: 4.168 minutes, Δt:   1.69, CFL: 7.20e-01
i:  14300, t:   23376.6 s, ωt:   2.34 (0.37 periods), wall: 4.193 minutes, Δt:   2.04, CFL: 7.20e-01
i:  14400, t:   23563.6 s, ωt:   2.36 (0.38 periods), wall: 4.217 minutes, Δt:   1.84, CFL: 7.20e-01
i:  14500, t:   23759.5 s, ωt:   2.38 (0.38 periods), wall: 4.242 minutes, Δt:   1.90, CFL: 7.20e-01
i:  14600, t:   23968.4 s, ωt:   2.40 (0.38 periods), wall: 4.265 minutes, Δt:   2.07, CFL: 7.20e-01
i:  14700, t:   24190.3 s, ωt:   2.42 (0.39 periods), wall: 4.290 minutes, Δt:   2.37, CFL: 7.20e-01
i:  14800, t:   24408.1 s, ωt:   2.44 (0.39 periods), wall: 4.314 minutes, Δt:   2.33, CFL: 7.20e-01
i:  14900, t:   24607.2 s, ωt:   2.46 (0.39 periods), wall: 4.338 minutes, Δt:   1.63, CFL: 7.20e-01
i:  15000, t:   24813.5 s, ωt:   2.48 (0.39 periods), wall: 4.361 minutes, Δt:   2.60, CFL: 7.20e-01
i:  15100, t:   25060.5 s, ωt:   2.51 (0.40 periods), wall: 4.385 minutes, Δt:   2.27, CFL: 7.20e-01
i:  15200, t:   25273.8 s, ωt:   2.53 (0.40 periods), wall: 4.410 minutes, Δt:   2.17, CFL: 7.20e-01
i:  15300, t:   25484.9 s, ωt:   2.55 (0.41 periods), wall: 4.434 minutes, Δt:   2.20, CFL: 7.20e-01
i:  15400, t:   25725.9 s, ωt:   2.57 (0.41 periods), wall: 4.459 minutes, Δt:   2.47, CFL: 7.20e-01
i:  15500, t:   25970.5 s, ωt:   2.60 (0.41 periods), wall: 4.484 minutes, Δt:   2.64, CFL: 7.20e-01
i:  15600, t:   26236.1 s, ωt:   2.62 (0.42 periods), wall: 4.510 minutes, Δt:   2.69, CFL: 7.20e-01
i:  15700, t:   26531.6 s, ωt:   2.65 (0.42 periods), wall: 4.534 minutes, Δt:   3.52, CFL: 7.20e-01
i:  15800, t:   26871.1 s, ωt:   2.69 (0.43 periods), wall: 4.558 minutes, Δt:   3.82, CFL: 7.20e-01
i:  15900, t:   27245.8 s, ωt:   2.72 (0.43 periods), wall: 4.583 minutes, Δt:   3.88, CFL: 7.20e-01
i:  16000, t:   27603.0 s, ωt:   2.76 (0.44 periods), wall: 4.608 minutes, Δt:   3.97, CFL: 7.20e-01
i:  16100, t:   27986.1 s, ωt:   2.80 (0.45 periods), wall: 4.632 minutes, Δt:   3.91, CFL: 7.20e-01
i:  16200, t:   28414.0 s, ωt:   2.84 (0.45 periods), wall: 4.655 minutes, Δt:   4.74, CFL: 7.20e-01
i:  16300, t:   28878.9 s, ωt:   2.89 (0.46 periods), wall: 4.680 minutes, Δt:   4.45, CFL: 7.20e-01
i:  16400, t:   29430.4 s, ωt:   2.94 (0.47 periods), wall: 4.705 minutes, Δt:   6.72, CFL: 7.20e-01
i:  16500, t:   30129.5 s, ωt:   3.01 (0.48 periods), wall: 4.729 minutes, Δt:   7.16, CFL: 7.20e-01
i:  16600, t:   30844.8 s, ωt:   3.08 (0.49 periods), wall: 4.755 minutes, Δt:   7.64, CFL: 7.20e-01
i:  16700, t:   31564.1 s, ωt:   3.16 (0.50 periods), wall: 4.780 minutes, Δt:   5.86, CFL: 7.20e-01
i:  16800, t:   32235.3 s, ωt:   3.22 (0.51 periods), wall: 4.805 minutes, Δt:   6.18, CFL: 7.20e-01
i:  16900, t:   32836.2 s, ωt:   3.28 (0.52 periods), wall: 4.830 minutes, Δt:   5.01, CFL: 7.20e-01
i:  17000, t:   33315.1 s, ωt:   3.33 (0.53 periods), wall: 4.855 minutes, Δt:   4.69, CFL: 7.20e-01
i:  17100, t:   33744.1 s, ωt:   3.37 (0.54 periods), wall: 4.880 minutes, Δt:   3.56, CFL: 7.20e-01
i:  17200, t:   34061.8 s, ωt:   3.41 (0.54 periods), wall: 4.904 minutes, Δt:   3.28, CFL: 7.20e-01
i:  17300, t:   34362.9 s, ωt:   3.44 (0.55 periods), wall: 4.929 minutes, Δt:   2.81, CFL: 7.20e-01
i:  17400, t:   34652.1 s, ωt:   3.47 (0.55 periods), wall: 4.954 minutes, Δt:   2.75, CFL: 7.20e-01
i:  17500, t:   34902.2 s, ωt:   3.49 (0.56 periods), wall: 4.979 minutes, Δt:   2.55, CFL: 7.20e-01
i:  17600, t:   35131.5 s, ωt:   3.51 (0.56 periods), wall: 5.003 minutes, Δt:   2.16, CFL: 7.20e-01
i:  17700, t:   35356.3 s, ωt:   3.54 (0.56 periods), wall: 5.027 minutes, Δt:   2.10, CFL: 7.20e-01
i:  17800, t:   35561.3 s, ωt:   3.56 (0.57 periods), wall: 5.052 minutes, Δt:   1.95, CFL: 7.20e-01
i:  17900, t:   35759.0 s, ωt:   3.58 (0.57 periods), wall: 5.076 minutes, Δt:   2.03, CFL: 7.20e-01
i:  18000, t:   35959.8 s, ωt:   3.60 (0.57 periods), wall: 5.101 minutes, Δt:   2.01, CFL: 7.20e-01
i:  18100, t:   36151.1 s, ωt:   3.62 (0.58 periods), wall: 5.126 minutes, Δt:   1.81, CFL: 7.20e-01
i:  18200, t:   36328.3 s, ωt:   3.63 (0.58 periods), wall: 5.150 minutes, Δt:   1.84, CFL: 7.20e-01
i:  18300, t:   36496.5 s, ωt:   3.65 (0.58 periods), wall: 5.175 minutes, Δt:   1.82, CFL: 7.20e-01
i:  18400, t:   36679.8 s, ωt:   3.67 (0.58 periods), wall: 5.199 minutes, Δt:   1.67, CFL: 7.20e-01
i:  18500, t:   36864.8 s, ωt:   3.69 (0.59 periods), wall: 5.224 minutes, Δt:   2.01, CFL: 7.20e-01
i:  18600, t:   37048.3 s, ωt:   3.70 (0.59 periods), wall: 5.248 minutes, Δt:   1.84, CFL: 7.20e-01
i:  18700, t:   37224.6 s, ωt:   3.72 (0.59 periods), wall: 5.273 minutes, Δt:   1.70, CFL: 7.20e-01
i:  18800, t:   37393.7 s, ωt:   3.74 (0.60 periods), wall: 5.297 minutes, Δt:   1.80, CFL: 7.20e-01
i:  18900, t:   37553.6 s, ωt:   3.76 (0.60 periods), wall: 5.322 minutes, Δt:   1.65, CFL: 7.20e-01
i:  19000, t:   37714.7 s, ωt:   3.77 (0.60 periods), wall: 5.346 minutes, Δt:   1.41, CFL: 7.20e-01
i:  19100, t:   37867.6 s, ωt:   3.79 (0.60 periods), wall: 5.371 minutes, Δt:   1.61, CFL: 7.20e-01
i:  19200, t:   38029.9 s, ωt:   3.80 (0.61 periods), wall: 5.396 minutes, Δt:   1.63, CFL: 7.20e-01
i:  19300, t:   38183.4 s, ωt:   3.82 (0.61 periods), wall: 5.420 minutes, Δt:   1.56, CFL: 7.20e-01
i:  19400, t:   38340.3 s, ωt:   3.83 (0.61 periods), wall: 5.445 minutes, Δt:   1.60, CFL: 7.20e-01
i:  19500, t:   38491.7 s, ωt:   3.85 (0.61 periods), wall: 5.470 minutes, Δt:   1.47, CFL: 7.20e-01
i:  19600, t:   38641.6 s, ωt:   3.86 (0.61 periods), wall: 5.494 minutes, Δt:   1.62, CFL: 7.20e-01
i:  19700, t:   38793.2 s, ωt:   3.88 (0.62 periods), wall: 5.519 minutes, Δt:   1.32, CFL: 7.20e-01
i:  19800, t:   38931.2 s, ωt:   3.89 (0.62 periods), wall: 5.543 minutes, Δt:   1.43, CFL: 7.20e-01
i:  19900, t:   39072.6 s, ωt:   3.91 (0.62 periods), wall: 5.568 minutes, Δt:   1.58, CFL: 7.20e-01
i:  20000, t:   39218.4 s, ωt:   3.92 (0.62 periods), wall: 5.593 minutes, Δt:   1.43, CFL: 7.20e-01
i:  20100, t:   39362.6 s, ωt:   3.94 (0.63 periods), wall: 5.616 minutes, Δt:   1.34, CFL: 7.20e-01
i:  20200, t:   39501.6 s, ωt:   3.95 (0.63 periods), wall: 5.640 minutes, Δt:   1.33, CFL: 7.20e-01
i:  20300, t:   39639.4 s, ωt:   3.96 (0.63 periods), wall: 5.663 minutes, Δt:   1.48, CFL: 7.20e-01
i:  20400, t:   39773.5 s, ωt:   3.98 (0.63 periods), wall: 5.688 minutes, Δt:   1.28, CFL: 7.20e-01
i:  20500, t:   39915.8 s, ωt:   3.99 (0.64 periods), wall: 5.713 minutes, Δt:   1.24, CFL: 7.20e-01
i:  20600, t:   40049.7 s, ωt:   4.00 (0.64 periods), wall: 5.736 minutes, Δt:   1.63, CFL: 7.20e-01
i:  20700, t:   40195.6 s, ωt:   4.02 (0.64 periods), wall: 5.760 minutes, Δt:   1.40, CFL: 7.20e-01
i:  20800, t:   40332.5 s, ωt:   4.03 (0.64 periods), wall: 5.784 minutes, Δt:   1.30, CFL: 7.20e-01
i:  20900, t:   40463.1 s, ωt:   4.05 (0.64 periods), wall: 5.807 minutes, Δt:   1.36, CFL: 7.20e-01
i:  21000, t:   40598.8 s, ωt:   4.06 (0.65 periods), wall: 5.831 minutes, Δt:   1.39, CFL: 7.20e-01
i:  21100, t:   40743.3 s, ωt:   4.07 (0.65 periods), wall: 5.854 minutes, Δt:   1.46, CFL: 7.20e-01
i:  21200, t:   40874.4 s, ωt:   4.09 (0.65 periods), wall: 5.878 minutes, Δt:   1.28, CFL: 7.20e-01
i:  21300, t:   41005.3 s, ωt:   4.10 (0.65 periods), wall: 5.902 minutes, Δt:   1.26, CFL: 7.20e-01
i:  21400, t:   41132.6 s, ωt:   4.11 (0.65 periods), wall: 5.927 minutes, Δt:   1.26, CFL: 7.20e-01
i:  21500, t:   41245.2 s, ωt:   4.12 (0.66 periods), wall: 5.951 minutes, Δt:   0.93, CFL: 7.20e-01
i:  21600, t:   41373.3 s, ωt:   4.14 (0.66 periods), wall: 5.975 minutes, Δt:   1.27, CFL: 7.20e-01
i:  21700, t:   41501.6 s, ωt:   4.15 (0.66 periods), wall: 5.999 minutes, Δt:   1.35, CFL: 7.20e-01
i:  21800, t:   41629.8 s, ωt:   4.16 (0.66 periods), wall: 6.022 minutes, Δt:   1.23, CFL: 7.20e-01
i:  21900, t:   41757.2 s, ωt:   4.18 (0.66 periods), wall: 6.046 minutes, Δt:   1.29, CFL: 7.20e-01
i:  22000, t:   41883.9 s, ωt:   4.19 (0.67 periods), wall: 6.071 minutes, Δt:   1.38, CFL: 7.20e-01
i:  22100, t:   42009.9 s, ωt:   4.20 (0.67 periods), wall: 6.096 minutes, Δt:   1.18, CFL: 7.20e-01
i:  22200, t:   42121.3 s, ωt:   4.21 (0.67 periods), wall: 6.120 minutes, Δt:   1.22, CFL: 7.20e-01
i:  22300, t:   42240.2 s, ωt:   4.22 (0.67 periods), wall: 6.145 minutes, Δt:   1.38, CFL: 7.20e-01
i:  22400, t:   42357.7 s, ωt:   4.24 (0.67 periods), wall: 6.170 minutes, Δt:   1.22, CFL: 7.20e-01
i:  22500, t:   42480.8 s, ωt:   4.25 (0.68 periods), wall: 6.195 minutes, Δt:   1.08, CFL: 7.20e-01
i:  22600, t:   42600.0 s, ωt:   4.26 (0.68 periods), wall: 6.220 minutes, Δt:   1.25, CFL: 7.20e-01
i:  22700, t:   42710.3 s, ωt:   4.27 (0.68 periods), wall: 6.245 minutes, Δt:   1.12, CFL: 7.20e-01
i:  22800, t:   42839.0 s, ωt:   4.28 (0.68 periods), wall: 6.270 minutes, Δt:   1.21, CFL: 7.20e-01
i:  22900, t:   42962.2 s, ωt:   4.30 (0.68 periods), wall: 6.294 minutes, Δt:   1.23, CFL: 7.20e-01
i:  23000, t:   43069.4 s, ωt:   4.31 (0.69 periods), wall: 6.319 minutes, Δt:   1.13, CFL: 7.20e-01
i:  23100, t:   43196.1 s, ωt:   4.32 (0.69 periods), wall: 6.343 minutes, Δt:   1.38, CFL: 7.20e-01
i:  23200, t:   43315.9 s, ωt:   4.33 (0.69 periods), wall: 6.368 minutes, Δt:   1.19, CFL: 7.20e-01
i:  23300, t:   43441.6 s, ωt:   4.34 (0.69 periods), wall: 6.393 minutes, Δt:   1.37, CFL: 7.20e-01
i:  23400, t:   43571.7 s, ωt:   4.36 (0.69 periods), wall: 6.418 minutes, Δt:   1.19, CFL: 7.20e-01
i:  23500, t:   43686.5 s, ωt:   4.37 (0.70 periods), wall: 6.443 minutes, Δt:   1.34, CFL: 7.12e-01
i:  23600, t:   43810.9 s, ωt:   4.38 (0.70 periods), wall: 6.467 minutes, Δt:   1.11, CFL: 7.20e-01
i:  23700, t:   43934.9 s, ωt:   4.39 (0.70 periods), wall: 6.491 minutes, Δt:   1.19, CFL: 7.20e-01
i:  23800, t:   44058.6 s, ωt:   4.41 (0.70 periods), wall: 6.516 minutes, Δt:   1.35, CFL: 7.20e-01
i:  23900, t:   44176.0 s, ωt:   4.42 (0.70 periods), wall: 6.540 minutes, Δt:   1.08, CFL: 7.20e-01
i:  24000, t:   44278.5 s, ωt:   4.43 (0.70 periods), wall: 6.564 minutes, Δt:   1.06, CFL: 7.20e-01
i:  24100, t:   44400.8 s, ωt:   4.44 (0.71 periods), wall: 6.588 minutes, Δt:   1.38, CFL: 7.20e-01
i:  24200, t:   44514.8 s, ωt:   4.45 (0.71 periods), wall: 6.612 minutes, Δt:   1.33, CFL: 7.20e-01
i:  24300, t:   44626.2 s, ωt:   4.46 (0.71 periods), wall: 6.636 minutes, Δt:   1.13, CFL: 7.20e-01
i:  24400, t:   44737.2 s, ωt:   4.47 (0.71 periods), wall: 6.661 minutes, Δt:   1.22, CFL: 7.20e-01
i:  24500, t:   44857.4 s, ωt:   4.49 (0.71 periods), wall: 6.685 minutes, Δt:   1.10, CFL: 7.20e-01
i:  24600, t:   44970.8 s, ωt:   4.50 (0.72 periods), wall: 6.710 minutes, Δt:   1.29, CFL: 7.20e-01
i:  24700, t:   45085.2 s, ωt:   4.51 (0.72 periods), wall: 6.734 minutes, Δt:   1.05, CFL: 7.20e-01
i:  24800, t:   45197.9 s, ωt:   4.52 (0.72 periods), wall: 6.759 minutes, Δt:   1.26, CFL: 7.20e-01
i:  24900, t:   45314.8 s, ωt:   4.53 (0.72 periods), wall: 6.783 minutes, Δt:   1.13, CFL: 7.20e-01
i:  25000, t:   45430.3 s, ωt:   4.54 (0.72 periods), wall: 6.808 minutes, Δt:   0.93, CFL: 7.20e-01
i:  25100, t:   45536.3 s, ωt:   4.55 (0.72 periods), wall: 6.832 minutes, Δt:   1.24, CFL: 7.20e-01
i:  25200, t:   45635.4 s, ωt:   4.56 (0.73 periods), wall: 6.856 minutes, Δt:   1.04, CFL: 7.20e-01
i:  25300, t:   45747.1 s, ωt:   4.57 (0.73 periods), wall: 6.879 minutes, Δt:   1.04, CFL: 7.20e-01
i:  25400, t:   45851.3 s, ωt:   4.59 (0.73 periods), wall: 6.902 minutes, Δt:   0.96, CFL: 7.20e-01
i:  25500, t:   45962.7 s, ωt:   4.60 (0.73 periods), wall: 6.926 minutes, Δt:   1.15, CFL: 7.20e-01
i:  25600, t:   46089.1 s, ωt:   4.61 (0.73 periods), wall: 6.949 minutes, Δt:   1.31, CFL: 7.20e-01
i:  25700, t:   46220.9 s, ωt:   4.62 (0.74 periods), wall: 6.973 minutes, Δt:   1.31, CFL: 7.20e-01
i:  25800, t:   46351.8 s, ωt:   4.64 (0.74 periods), wall: 6.996 minutes, Δt:   1.22, CFL: 7.20e-01
i:  25900, t:   46477.9 s, ωt:   4.65 (0.74 periods), wall: 7.020 minutes, Δt:   1.34, CFL: 7.20e-01
i:  26000, t:   46593.7 s, ωt:   4.66 (0.74 periods), wall: 7.044 minutes, Δt:   1.20, CFL: 7.20e-01
i:  26100, t:   46709.9 s, ωt:   4.67 (0.74 periods), wall: 7.068 minutes, Δt:   1.18, CFL: 7.20e-01
i:  26200, t:   46827.7 s, ωt:   4.68 (0.75 periods), wall: 7.093 minutes, Δt:   1.08, CFL: 7.20e-01
i:  26300, t:   46948.6 s, ωt:   4.69 (0.75 periods), wall: 7.118 minutes, Δt:   1.30, CFL: 7.20e-01
i:  26400, t:   47076.6 s, ωt:   4.71 (0.75 periods), wall: 7.142 minutes, Δt:   1.32, CFL: 7.20e-01
i:  26500, t:   47201.4 s, ωt:   4.72 (0.75 periods), wall: 7.167 minutes, Δt:   1.31, CFL: 7.20e-01
i:  26600, t:   47336.2 s, ωt:   4.73 (0.75 periods), wall: 7.192 minutes, Δt:   1.53, CFL: 7.20e-01
i:  26700, t:   47464.5 s, ωt:   4.75 (0.76 periods), wall: 7.217 minutes, Δt:   1.35, CFL: 7.20e-01
i:  26800, t:   47585.9 s, ωt:   4.76 (0.76 periods), wall: 7.241 minutes, Δt:   1.31, CFL: 7.20e-01
i:  26900, t:   47710.3 s, ωt:   4.77 (0.76 periods), wall: 7.266 minutes, Δt:   0.95, CFL: 7.20e-01
i:  27000, t:   47814.4 s, ωt:   4.78 (0.76 periods), wall: 7.290 minutes, Δt:   1.22, CFL: 7.20e-01
i:  27100, t:   47937.4 s, ωt:   4.79 (0.76 periods), wall: 7.315 minutes, Δt:   1.10, CFL: 7.20e-01
i:  27200, t:   48060.6 s, ωt:   4.81 (0.76 periods), wall: 7.339 minutes, Δt:   1.27, CFL: 7.20e-01
i:  27300, t:   48181.7 s, ωt:   4.82 (0.77 periods), wall: 7.364 minutes, Δt:   1.15, CFL: 7.20e-01
i:  27400, t:   48307.8 s, ωt:   4.83 (0.77 periods), wall: 7.389 minutes, Δt:   1.25, CFL: 7.20e-01
i:  27500, t:   48433.5 s, ωt:   4.84 (0.77 periods), wall: 7.414 minutes, Δt:   1.30, CFL: 7.20e-01
i:  27600, t:   48569.2 s, ωt:   4.86 (0.77 periods), wall: 7.438 minutes, Δt:   1.15, CFL: 7.20e-01
i:  27700, t:   48684.8 s, ωt:   4.87 (0.77 periods), wall: 7.463 minutes, Δt:   0.90, CFL: 7.20e-01
i:  27800, t:   48802.5 s, ωt:   4.88 (0.78 periods), wall: 7.488 minutes, Δt:   1.22, CFL: 7.20e-01
i:  27900, t:   48914.5 s, ωt:   4.89 (0.78 periods), wall: 7.513 minutes, Δt:   1.30, CFL: 7.20e-01
i:  28000, t:   49036.9 s, ωt:   4.90 (0.78 periods), wall: 7.538 minutes, Δt:   1.28, CFL: 7.20e-01
i:  28100, t:   49169.9 s, ωt:   4.92 (0.78 periods), wall: 7.563 minutes, Δt:   1.16, CFL: 7.20e-01
i:  28200, t:   49306.3 s, ωt:   4.93 (0.78 periods), wall: 7.587 minutes, Δt:   1.64, CFL: 7.20e-01
i:  28300, t:   49446.2 s, ωt:   4.94 (0.79 periods), wall: 7.612 minutes, Δt:   1.46, CFL: 7.20e-01
i:  28400, t:   49570.4 s, ωt:   4.96 (0.79 periods), wall: 7.637 minutes, Δt:   1.34, CFL: 7.20e-01
i:  28500, t:   49712.0 s, ωt:   4.97 (0.79 periods), wall: 7.662 minutes, Δt:   1.08, CFL: 7.20e-01
i:  28600, t:   49823.2 s, ωt:   4.98 (0.79 periods), wall: 7.686 minutes, Δt:   1.04, CFL: 7.20e-01
i:  28700, t:   49936.5 s, ωt:   4.99 (0.79 periods), wall: 7.711 minutes, Δt:   1.37, CFL: 7.20e-01
i:  28800, t:   50060.4 s, ωt:   5.01 (0.80 periods), wall: 7.735 minutes, Δt:   1.10, CFL: 7.20e-01
i:  28900, t:   50197.2 s, ωt:   5.02 (0.80 periods), wall: 7.759 minutes, Δt:   1.29, CFL: 7.20e-01
i:  29000, t:   50333.4 s, ωt:   5.03 (0.80 periods), wall: 7.782 minutes, Δt:   1.40, CFL: 7.20e-01
i:  29100, t:   50468.8 s, ωt:   5.05 (0.80 periods), wall: 7.806 minutes, Δt:   1.25, CFL: 7.20e-01
i:  29200, t:   50611.7 s, ωt:   5.06 (0.81 periods), wall: 7.829 minutes, Δt:   1.40, CFL: 7.20e-01
i:  29300, t:   50746.2 s, ωt:   5.07 (0.81 periods), wall: 7.854 minutes, Δt:   1.38, CFL: 7.20e-01
i:  29400, t:   50888.2 s, ωt:   5.09 (0.81 periods), wall: 7.878 minutes, Δt:   1.55, CFL: 7.20e-01
i:  29500, t:   51035.0 s, ωt:   5.10 (0.81 periods), wall: 7.903 minutes, Δt:   1.44, CFL: 7.20e-01
i:  29600, t:   51179.0 s, ωt:   5.12 (0.81 periods), wall: 7.928 minutes, Δt:   1.32, CFL: 7.20e-01
i:  29700, t:   51313.5 s, ωt:   5.13 (0.82 periods), wall: 7.953 minutes, Δt:   1.50, CFL: 7.20e-01
i:  29800, t:   51449.4 s, ωt:   5.14 (0.82 periods), wall: 7.978 minutes, Δt:   1.33, CFL: 7.20e-01
i:  29900, t:   51583.3 s, ωt:   5.16 (0.82 periods), wall: 8.003 minutes, Δt:   1.58, CFL: 7.20e-01
i:  30000, t:   51727.5 s, ωt:   5.17 (0.82 periods), wall: 8.028 minutes, Δt:   1.29, CFL: 7.20e-01
i:  30100, t:   51866.8 s, ωt:   5.19 (0.83 periods), wall: 8.052 minutes, Δt:   1.45, CFL: 7.20e-01
i:  30200, t:   52016.7 s, ωt:   5.20 (0.83 periods), wall: 8.077 minutes, Δt:   1.40, CFL: 7.20e-01
i:  30300, t:   52170.7 s, ωt:   5.22 (0.83 periods), wall: 8.100 minutes, Δt:   1.65, CFL: 7.20e-01
i:  30400, t:   52327.5 s, ωt:   5.23 (0.83 periods), wall: 8.124 minutes, Δt:   1.53, CFL: 7.20e-01
i:  30500, t:   52482.8 s, ωt:   5.25 (0.84 periods), wall: 8.149 minutes, Δt:   1.63, CFL: 7.20e-01
i:  30600, t:   52629.9 s, ωt:   5.26 (0.84 periods), wall: 8.173 minutes, Δt:   1.36, CFL: 7.20e-01
i:  30700, t:   52795.9 s, ωt:   5.28 (0.84 periods), wall: 8.198 minutes, Δt:   1.97, CFL: 7.20e-01
i:  30800, t:   52978.8 s, ωt:   5.30 (0.84 periods), wall: 8.223 minutes, Δt:   1.80, CFL: 7.20e-01
i:  30900, t:   53142.5 s, ωt:   5.31 (0.85 periods), wall: 8.248 minutes, Δt:   1.73, CFL: 7.20e-01
i:  31000, t:   53319.0 s, ωt:   5.33 (0.85 periods), wall: 8.272 minutes, Δt:   1.59, CFL: 7.20e-01
i:  31100, t:   53481.0 s, ωt:   5.35 (0.85 periods), wall: 8.297 minutes, Δt:   1.55, CFL: 7.20e-01
i:  31200, t:   53623.3 s, ωt:   5.36 (0.85 periods), wall: 8.322 minutes, Δt:   1.38, CFL: 7.20e-01
i:  31300, t:   53765.9 s, ωt:   5.38 (0.86 periods), wall: 8.347 minutes, Δt:   1.55, CFL: 7.20e-01
i:  31400, t:   53928.0 s, ωt:   5.39 (0.86 periods), wall: 8.372 minutes, Δt:   1.59, CFL: 7.20e-01
i:  31500, t:   54096.5 s, ωt:   5.41 (0.86 periods), wall: 8.397 minutes, Δt:   1.56, CFL: 7.20e-01
i:  31600, t:   54252.9 s, ωt:   5.43 (0.86 periods), wall: 8.422 minutes, Δt:   1.52, CFL: 7.20e-01
i:  31700, t:   54400.4 s, ωt:   5.44 (0.87 periods), wall: 8.446 minutes, Δt:   1.37, CFL: 7.20e-01
i:  31800, t:   54550.3 s, ωt:   5.46 (0.87 periods), wall: 8.471 minutes, Δt:   1.48, CFL: 7.20e-01
i:  31900, t:   54711.8 s, ωt:   5.47 (0.87 periods), wall: 8.496 minutes, Δt:   1.52, CFL: 7.20e-01
i:  32000, t:   54874.9 s, ωt:   5.49 (0.87 periods), wall: 8.521 minutes, Δt:   1.50, CFL: 7.20e-01
i:  32100, t:   55037.3 s, ωt:   5.50 (0.88 periods), wall: 8.545 minutes, Δt:   1.87, CFL: 7.20e-01
i:  32200, t:   55230.0 s, ωt:   5.52 (0.88 periods), wall: 8.570 minutes, Δt:   1.62, CFL: 7.20e-01
i:  32300, t:   55422.2 s, ωt:   5.54 (0.88 periods), wall: 8.595 minutes, Δt:   2.24, CFL: 7.20e-01
i:  32400, t:   55630.0 s, ωt:   5.56 (0.89 periods), wall: 8.620 minutes, Δt:   2.07, CFL: 7.20e-01
i:  32500, t:   55850.3 s, ωt:   5.59 (0.89 periods), wall: 8.645 minutes, Δt:   2.16, CFL: 7.20e-01
i:  32600, t:   56058.6 s, ωt:   5.61 (0.89 periods), wall: 8.671 minutes, Δt:   2.03, CFL: 7.20e-01
i:  32700, t:   56269.8 s, ωt:   5.63 (0.90 periods), wall: 8.695 minutes, Δt:   2.43, CFL: 7.20e-01
i:  32800, t:   56516.7 s, ωt:   5.65 (0.90 periods), wall: 8.720 minutes, Δt:   2.41, CFL: 7.20e-01
i:  32900, t:   56742.8 s, ωt:   5.67 (0.90 periods), wall: 8.745 minutes, Δt:   2.47, CFL: 7.20e-01
i:  33000, t:   56960.8 s, ωt:   5.70 (0.91 periods), wall: 8.770 minutes, Δt:   2.42, CFL: 7.20e-01
i:  33100, t:   57183.8 s, ωt:   5.72 (0.91 periods), wall: 8.795 minutes, Δt:   2.44, CFL: 7.20e-01
i:  33200, t:   57441.0 s, ωt:   5.74 (0.91 periods), wall: 8.819 minutes, Δt:   2.37, CFL: 7.20e-01
i:  33300, t:   57669.3 s, ωt:   5.77 (0.92 periods), wall: 8.844 minutes, Δt:   2.72, CFL: 7.20e-01
i:  33400, t:   57921.4 s, ωt:   5.79 (0.92 periods), wall: 8.869 minutes, Δt:   2.60, CFL: 7.20e-01
i:  33500, t:   58180.3 s, ωt:   5.82 (0.93 periods), wall: 8.894 minutes, Δt:   3.01, CFL: 7.20e-01
i:  33600, t:   58456.5 s, ωt:   5.85 (0.93 periods), wall: 8.919 minutes, Δt:   2.34, CFL: 7.20e-01
i:  33700, t:   58731.1 s, ωt:   5.87 (0.93 periods), wall: 8.944 minutes, Δt:   3.22, CFL: 7.20e-01
i:  33800, t:   59026.7 s, ωt:   5.90 (0.94 periods), wall: 8.969 minutes, Δt:   3.32, CFL: 7.20e-01
i:  33900, t:   59363.3 s, ωt:   5.94 (0.94 periods), wall: 8.993 minutes, Δt:   3.22, CFL: 7.20e-01
i:  34000, t:   59774.7 s, ωt:   5.98 (0.95 periods), wall: 9.018 minutes, Δt:   3.86, CFL: 7.20e-01
i:  34100, t:   60246.6 s, ωt:   6.02 (0.96 periods), wall: 9.044 minutes, Δt:   5.66, CFL: 7.20e-01
i:  34200, t:   60836.2 s, ωt:   6.08 (0.97 periods), wall: 9.069 minutes, Δt:   6.87, CFL: 7.20e-01
i:  34300, t:   61522.4 s, ωt:   6.15 (0.98 periods), wall: 9.094 minutes, Δt:   7.40, CFL: 7.20e-01
i:  34400, t:   62100.9 s, ωt:   6.21 (0.99 periods), wall: 9.119 minutes, Δt:   5.91, CFL: 7.20e-01
i:  34500, t:   62713.8 s, ωt:   6.27 (1.00 periods), wall: 9.144 minutes, Δt:   5.97, CFL: 7.20e-01
i:  34600, t:   63293.5 s, ωt:   6.33 (1.01 periods), wall: 9.170 minutes, Δt:   6.20, CFL: 7.20e-01
i:  34700, t:   63882.1 s, ωt:   6.39 (1.02 periods), wall: 9.195 minutes, Δt:   5.29, CFL: 7.20e-01
i:  34800, t:   64394.8 s, ωt:   6.44 (1.02 periods), wall: 9.220 minutes, Δt:   5.12, CFL: 7.20e-01
i:  34900, t:   64843.8 s, ωt:   6.48 (1.03 periods), wall: 9.245 minutes, Δt:   3.40, CFL: 7.20e-01
i:  35000, t:   65231.3 s, ωt:   6.52 (1.04 periods), wall: 9.269 minutes, Δt:   3.68, CFL: 7.20e-01
i:  35100, t:   65584.6 s, ωt:   6.56 (1.04 periods), wall: 9.294 minutes, Δt:   3.40, CFL: 7.20e-01
i:  35200, t:   65902.3 s, ωt:   6.59 (1.05 periods), wall: 9.319 minutes, Δt:   2.89, CFL: 7.20e-01
i:  35300, t:   66204.4 s, ωt:   6.62 (1.05 periods), wall: 9.344 minutes, Δt:   2.81, CFL: 7.20e-01
i:  35400, t:   66462.6 s, ωt:   6.65 (1.06 periods), wall: 9.369 minutes, Δt:   2.90, CFL: 7.20e-01
i:  35500, t:   66709.2 s, ωt:   6.67 (1.06 periods), wall: 9.394 minutes, Δt:   2.26, CFL: 7.20e-01
i:  35600, t:   66953.3 s, ωt:   6.70 (1.07 periods), wall: 9.419 minutes, Δt:   2.29, CFL: 7.20e-01
i:  35700, t:   67177.2 s, ωt:   6.72 (1.07 periods), wall: 9.444 minutes, Δt:   2.14, CFL: 7.20e-01
i:  35800, t:   67381.8 s, ωt:   6.74 (1.07 periods), wall: 9.469 minutes, Δt:   1.93, CFL: 7.20e-01
i:  35900, t:   67578.7 s, ωt:   6.76 (1.08 periods), wall: 9.493 minutes, Δt:   2.18, CFL: 7.20e-01
i:  36000, t:   67768.3 s, ωt:   6.78 (1.08 periods), wall: 9.517 minutes, Δt:   1.84, CFL: 7.20e-01
i:  36100, t:   67954.3 s, ωt:   6.80 (1.08 periods), wall: 9.541 minutes, Δt:   1.89, CFL: 7.20e-01
i:  36200, t:   68142.1 s, ωt:   6.81 (1.08 periods), wall: 9.565 minutes, Δt:   2.02, CFL: 7.20e-01
i:  36300, t:   68304.7 s, ωt:   6.83 (1.09 periods), wall: 9.589 minutes, Δt:   1.93, CFL: 7.20e-01
i:  36400, t:   68474.4 s, ωt:   6.85 (1.09 periods), wall: 9.614 minutes, Δt:   1.24, CFL: 7.20e-01
i:  36500, t:   68631.5 s, ωt:   6.86 (1.09 periods), wall: 9.639 minutes, Δt:   1.87, CFL: 7.20e-01
i:  36600, t:   68800.3 s, ωt:   6.88 (1.09 periods), wall: 9.663 minutes, Δt:   1.71, CFL: 7.20e-01
i:  36700, t:   68968.4 s, ωt:   6.90 (1.10 periods), wall: 9.688 minutes, Δt:   1.68, CFL: 7.20e-01
i:  36800, t:   69142.4 s, ωt:   6.91 (1.10 periods), wall: 9.713 minutes, Δt:   1.61, CFL: 7.20e-01
i:  36900, t:   69308.3 s, ωt:   6.93 (1.10 periods), wall: 9.738 minutes, Δt:   1.31, CFL: 7.20e-01
i:  37000, t:   69473.1 s, ωt:   6.95 (1.11 periods), wall: 9.762 minutes, Δt:   1.74, CFL: 7.20e-01
i:  37100, t:   69643.8 s, ωt:   6.96 (1.11 periods), wall: 9.787 minutes, Δt:   1.62, CFL: 7.20e-01
i:  37200, t:   69803.1 s, ωt:   6.98 (1.11 periods), wall: 9.812 minutes, Δt:   1.65, CFL: 7.20e-01
i:  37300, t:   69968.2 s, ωt:   7.00 (1.11 periods), wall: 9.836 minutes, Δt:   1.36, CFL: 7.20e-01
i:  37400, t:   70128.0 s, ωt:   7.01 (1.12 periods), wall: 9.860 minutes, Δt:   1.61, CFL: 7.20e-01
i:  37500, t:   70288.9 s, ωt:   7.03 (1.12 periods), wall: 9.885 minutes, Δt:   1.40, CFL: 7.20e-01
i:  37600, t:   70437.9 s, ωt:   7.04 (1.12 periods), wall: 9.910 minutes, Δt:   1.48, CFL: 7.20e-01
i:  37700, t:   70596.7 s, ωt:   7.06 (1.12 periods), wall: 9.934 minutes, Δt:   1.65, CFL: 7.20e-01
i:  37800, t:   70731.5 s, ωt:   7.07 (1.13 periods), wall: 9.957 minutes, Δt:   1.38, CFL: 7.20e-01
i:  37900, t:   70887.1 s, ωt:   7.09 (1.13 periods), wall: 9.981 minutes, Δt:   1.33, CFL: 7.20e-01
i:  38000, t:   71031.4 s, ωt:   7.10 (1.13 periods), wall: 10.004 minutes, Δt:   1.43, CFL: 7.20e-01
i:  38100, t:   71170.3 s, ωt:   7.12 (1.13 periods), wall: 10.029 minutes, Δt:   1.28, CFL: 7.20e-01
i:  38200, t:   71324.4 s, ωt:   7.13 (1.14 periods), wall: 10.054 minutes, Δt:   1.23, CFL: 7.20e-01
i:  38300, t:   71455.0 s, ωt:   7.15 (1.14 periods), wall: 10.077 minutes, Δt:   1.58, CFL: 7.20e-01
i:  38400, t:   71594.8 s, ωt:   7.16 (1.14 periods), wall: 10.101 minutes, Δt:   1.54, CFL: 7.20e-01
i:  38500, t:   71729.4 s, ωt:   7.17 (1.14 periods), wall: 10.124 minutes, Δt:   1.53, CFL: 7.20e-01
i:  38600, t:   71855.9 s, ωt:   7.19 (1.14 periods), wall: 10.148 minutes, Δt:   1.45, CFL: 7.20e-01
i:  38700, t:   71994.5 s, ωt:   7.20 (1.15 periods), wall: 10.171 minutes, Δt:   1.55, CFL: 7.20e-01
i:  38800, t:   72135.7 s, ωt:   7.21 (1.15 periods), wall: 10.196 minutes, Δt:   1.32, CFL: 7.20e-01
i:  38900, t:   72275.5 s, ωt:   7.23 (1.15 periods), wall: 10.220 minutes, Δt:   1.46, CFL: 7.20e-01
i:  39000, t:   72414.3 s, ωt:   7.24 (1.15 periods), wall: 10.245 minutes, Δt:   1.52, CFL: 7.20e-01
i:  39100, t:   72555.3 s, ωt:   7.26 (1.15 periods), wall: 10.269 minutes, Δt:   1.18, CFL: 7.20e-01
i:  39200, t:   72682.9 s, ωt:   7.27 (1.16 periods), wall: 10.294 minutes, Δt:   1.32, CFL: 7.20e-01
i:  39300, t:   72818.1 s, ωt:   7.28 (1.16 periods), wall: 10.319 minutes, Δt:   1.39, CFL: 7.20e-01
i:  39400, t:   72949.8 s, ωt:   7.29 (1.16 periods), wall: 10.344 minutes, Δt:   1.31, CFL: 7.20e-01
i:  39500, t:   73081.1 s, ωt:   7.31 (1.16 periods), wall: 10.368 minutes, Δt:   1.07, CFL: 7.20e-01
i:  39600, t:   73216.0 s, ωt:   7.32 (1.17 periods), wall: 10.393 minutes, Δt:   1.41, CFL: 7.20e-01
i:  39700, t:   73354.1 s, ωt:   7.34 (1.17 periods), wall: 10.417 minutes, Δt:   1.35, CFL: 7.20e-01
i:  39800, t:   73484.5 s, ωt:   7.35 (1.17 periods), wall: 10.442 minutes, Δt:   1.19, CFL: 7.20e-01
i:  39900, t:   73621.8 s, ωt:   7.36 (1.17 periods), wall: 10.466 minutes, Δt:   1.48, CFL: 7.20e-01
i:  40000, t:   73759.0 s, ωt:   7.38 (1.17 periods), wall: 10.491 minutes, Δt:   1.34, CFL: 7.20e-01
i:  40100, t:   73896.0 s, ωt:   7.39 (1.18 periods), wall: 10.516 minutes, Δt:   1.51, CFL: 7.20e-01
i:  40200, t:   74028.5 s, ωt:   7.40 (1.18 periods), wall: 10.540 minutes, Δt:   1.33, CFL: 7.20e-01
i:  40300, t:   74161.6 s, ωt:   7.42 (1.18 periods), wall: 10.564 minutes, Δt:   1.18, CFL: 7.20e-01
i:  40400, t:   74290.7 s, ωt:   7.43 (1.18 periods), wall: 10.589 minutes, Δt:   1.30, CFL: 7.20e-01
i:  40500, t:   74410.0 s, ωt:   7.44 (1.18 periods), wall: 10.614 minutes, Δt:   0.98, CFL: 7.20e-01
i:  40600, t:   74521.8 s, ωt:   7.45 (1.19 periods), wall: 10.639 minutes, Δt:   1.17, CFL: 7.20e-01
i:  40700, t:   74639.2 s, ωt:   7.46 (1.19 periods), wall: 10.663 minutes, Δt:   1.09, CFL: 7.20e-01
i:  40800, t:   74745.7 s, ωt:   7.47 (1.19 periods), wall: 10.687 minutes, Δt:   1.09, CFL: 7.20e-01
i:  40900, t:   74857.0 s, ωt:   7.49 (1.19 periods), wall: 10.712 minutes, Δt:   1.26, CFL: 7.20e-01
i:  41000, t:   74985.1 s, ωt:   7.50 (1.19 periods), wall: 10.736 minutes, Δt:   1.14, CFL: 7.20e-01
i:  41100, t:   75097.9 s, ωt:   7.51 (1.20 periods), wall: 10.760 minutes, Δt:   1.27, CFL: 7.20e-01
i:  41200, t:   75216.8 s, ωt:   7.52 (1.20 periods), wall: 10.785 minutes, Δt:   1.29, CFL: 7.20e-01
i:  41300, t:   75340.5 s, ωt:   7.53 (1.20 periods), wall: 10.809 minutes, Δt:   1.12, CFL: 7.20e-01
i:  41400, t:   75456.9 s, ωt:   7.55 (1.20 periods), wall: 10.834 minutes, Δt:   1.28, CFL: 7.20e-01
i:  41500, t:   75572.9 s, ωt:   7.56 (1.20 periods), wall: 10.858 minutes, Δt:   1.27, CFL: 7.20e-01
i:  41600, t:   75688.6 s, ωt:   7.57 (1.20 periods), wall: 10.883 minutes, Δt:   1.34, CFL: 7.20e-01
i:  41700, t:   75801.4 s, ωt:   7.58 (1.21 periods), wall: 10.908 minutes, Δt:   1.34, CFL: 7.20e-01
i:  41800, t:   75924.0 s, ωt:   7.59 (1.21 periods), wall: 10.932 minutes, Δt:   1.28, CFL: 7.20e-01
i:  41900, t:   76047.3 s, ωt:   7.60 (1.21 periods), wall: 10.956 minutes, Δt:   1.12, CFL: 7.20e-01
i:  42000, t:   76166.2 s, ωt:   7.62 (1.21 periods), wall: 10.979 minutes, Δt:   1.40, CFL: 7.20e-01
i:  42100, t:   76303.2 s, ωt:   7.63 (1.21 periods), wall: 11.003 minutes, Δt:   1.24, CFL: 7.20e-01
i:  42200, t:   76438.3 s, ωt:   7.64 (1.22 periods), wall: 11.026 minutes, Δt:   1.52, CFL: 7.20e-01
i:  42300, t:   76560.5 s, ωt:   7.66 (1.22 periods), wall: 11.050 minutes, Δt:   1.21, CFL: 7.20e-01
i:  42400, t:   76677.0 s, ωt:   7.67 (1.22 periods), wall: 11.074 minutes, Δt:   1.43, CFL: 7.20e-01
i:  42500, t:   76793.2 s, ωt:   7.68 (1.22 periods), wall: 11.099 minutes, Δt:   1.10, CFL: 7.20e-01
i:  42600, t:   76914.5 s, ωt:   7.69 (1.22 periods), wall: 11.123 minutes, Δt:   1.28, CFL: 7.20e-01
i:  42700, t:   77032.6 s, ωt:   7.70 (1.23 periods), wall: 11.148 minutes, Δt:   1.13, CFL: 7.20e-01
i:  42800, t:   77146.5 s, ωt:   7.71 (1.23 periods), wall: 11.173 minutes, Δt:   1.09, CFL: 7.20e-01
i:  42900, t:   77261.3 s, ωt:   7.73 (1.23 periods), wall: 11.197 minutes, Δt:   1.00, CFL: 7.20e-01
i:  43000, t:   77367.4 s, ωt:   7.74 (1.23 periods), wall: 11.221 minutes, Δt:   1.21, CFL: 7.20e-01
i:  43100, t:   77481.9 s, ωt:   7.75 (1.23 periods), wall: 11.246 minutes, Δt:   1.01, CFL: 7.20e-01
i:  43200, t:   77590.4 s, ωt:   7.76 (1.23 periods), wall: 11.270 minutes, Δt:   1.14, CFL: 7.20e-01
i:  43300, t:   77705.6 s, ωt:   7.77 (1.24 periods), wall: 11.295 minutes, Δt:   1.07, CFL: 7.20e-01
i:  43400, t:   77816.3 s, ωt:   7.78 (1.24 periods), wall: 11.319 minutes, Δt:   1.21, CFL: 7.20e-01
i:  43500, t:   77930.5 s, ωt:   7.79 (1.24 periods), wall: 11.343 minutes, Δt:   1.01, CFL: 7.20e-01
i:  43600, t:   78049.3 s, ωt:   7.80 (1.24 periods), wall: 11.367 minutes, Δt:   1.23, CFL: 7.20e-01
i:  43700, t:   78170.6 s, ωt:   7.82 (1.24 periods), wall: 11.391 minutes, Δt:   1.17, CFL: 7.20e-01
i:  43800, t:   78299.7 s, ωt:   7.83 (1.25 periods), wall: 11.416 minutes, Δt:   1.15, CFL: 7.20e-01
i:  43900, t:   78433.9 s, ωt:   7.84 (1.25 periods), wall: 11.441 minutes, Δt:   1.44, CFL: 7.20e-01
i:  44000, t:   78559.7 s, ωt:   7.86 (1.25 periods), wall: 11.466 minutes, Δt:   1.42, CFL: 7.20e-01
i:  44100, t:   78690.2 s, ωt:   7.87 (1.25 periods), wall: 11.491 minutes, Δt:   1.24, CFL: 7.20e-01
i:  44200, t:   78801.7 s, ωt:   7.88 (1.25 periods), wall: 11.515 minutes, Δt:   1.09, CFL: 7.20e-01
i:  44300, t:   78912.9 s, ωt:   7.89 (1.26 periods), wall: 11.540 minutes, Δt:   1.07, CFL: 7.20e-01
i:  44400, t:   79030.7 s, ωt:   7.90 (1.26 periods), wall: 11.564 minutes, Δt:   1.32, CFL: 7.20e-01
i:  44500, t:   79144.9 s, ωt:   7.91 (1.26 periods), wall: 11.589 minutes, Δt:   1.03, CFL: 7.20e-01
i:  44600, t:   79265.5 s, ωt:   7.93 (1.26 periods), wall: 11.613 minutes, Δt:   1.12, CFL: 7.20e-01
i:  44700, t:   79384.3 s, ωt:   7.94 (1.26 periods), wall: 11.638 minutes, Δt:   1.13, CFL: 7.20e-01
i:  44800, t:   79484.5 s, ωt:   7.95 (1.27 periods), wall: 11.663 minutes, Δt:   1.05, CFL: 7.20e-01
i:  44900, t:   79609.4 s, ωt:   7.96 (1.27 periods), wall: 11.688 minutes, Δt:   1.17, CFL: 7.20e-01
i:  45000, t:   79736.8 s, ωt:   7.97 (1.27 periods), wall: 11.712 minutes, Δt:   1.31, CFL: 7.20e-01
i:  45100, t:   79860.5 s, ωt:   7.99 (1.27 periods), wall: 11.737 minutes, Δt:   1.18, CFL: 7.20e-01
i:  45200, t:   79988.5 s, ωt:   8.00 (1.27 periods), wall: 11.762 minutes, Δt:   1.39, CFL: 7.20e-01
i:  45300, t:   80124.6 s, ωt:   8.01 (1.28 periods), wall: 11.787 minutes, Δt:   1.31, CFL: 7.20e-01
i:  45400, t:   80251.2 s, ωt:   8.03 (1.28 periods), wall: 11.811 minutes, Δt:   1.37, CFL: 7.20e-01
i:  45500, t:   80380.8 s, ωt:   8.04 (1.28 periods), wall: 11.836 minutes, Δt:   1.24, CFL: 7.20e-01
i:  45600, t:   80503.0 s, ωt:   8.05 (1.28 periods), wall: 11.859 minutes, Δt:   1.17, CFL: 7.20e-01
i:  45700, t:   80629.4 s, ωt:   8.06 (1.28 periods), wall: 11.883 minutes, Δt:   1.51, CFL: 7.20e-01
i:  45800, t:   80754.9 s, ωt:   8.08 (1.29 periods), wall: 11.906 minutes, Δt:   1.17, CFL: 7.20e-01
i:  45900, t:   80880.1 s, ωt:   8.09 (1.29 periods), wall: 11.930 minutes, Δt:   1.24, CFL: 7.20e-01
i:  46000, t:   81008.4 s, ωt:   8.10 (1.29 periods), wall: 11.954 minutes, Δt:   1.32, CFL: 7.20e-01
i:  46100, t:   81124.5 s, ωt:   8.11 (1.29 periods), wall: 11.977 minutes, Δt:   1.26, CFL: 7.20e-01
i:  46200, t:   81254.7 s, ωt:   8.13 (1.29 periods), wall: 12.000 minutes, Δt:   1.35, CFL: 7.20e-01
i:  46300, t:   81374.8 s, ωt:   8.14 (1.30 periods), wall: 12.023 minutes, Δt:   1.01, CFL: 7.20e-01
i:  46400, t:   81495.5 s, ωt:   8.15 (1.30 periods), wall: 12.047 minutes, Δt:   1.11, CFL: 7.20e-01
i:  46500, t:   81614.1 s, ωt:   8.16 (1.30 periods), wall: 12.072 minutes, Δt:   1.38, CFL: 7.20e-01
i:  46600, t:   81752.0 s, ωt:   8.18 (1.30 periods), wall: 12.096 minutes, Δt:   1.48, CFL: 7.20e-01
i:  46700, t:   81906.6 s, ωt:   8.19 (1.30 periods), wall: 12.121 minutes, Δt:   1.49, CFL: 7.20e-01
i:  46800, t:   82040.4 s, ωt:   8.20 (1.31 periods), wall: 12.146 minutes, Δt:   1.41, CFL: 7.20e-01
i:  46900, t:   82188.2 s, ωt:   8.22 (1.31 periods), wall: 12.171 minutes, Δt:   1.65, CFL: 7.20e-01
i:  47000, t:   82333.0 s, ωt:   8.23 (1.31 periods), wall: 12.195 minutes, Δt:   1.33, CFL: 7.20e-01
i:  47100, t:   82452.9 s, ωt:   8.25 (1.31 periods), wall: 12.220 minutes, Δt:   1.54, CFL: 7.20e-01
i:  47200, t:   82578.7 s, ωt:   8.26 (1.31 periods), wall: 12.244 minutes, Δt:   1.16, CFL: 7.20e-01
i:  47300, t:   82698.6 s, ωt:   8.27 (1.32 periods), wall: 12.269 minutes, Δt:   1.11, CFL: 7.20e-01
i:  47400, t:   82824.3 s, ωt:   8.28 (1.32 periods), wall: 12.294 minutes, Δt:   1.22, CFL: 7.20e-01
i:  47500, t:   82957.8 s, ωt:   8.30 (1.32 periods), wall: 12.319 minutes, Δt:   1.17, CFL: 7.20e-01
i:  47600, t:   83087.4 s, ωt:   8.31 (1.32 periods), wall: 12.343 minutes, Δt:   1.26, CFL: 7.20e-01
i:  47700, t:   83221.7 s, ωt:   8.32 (1.32 periods), wall: 12.368 minutes, Δt:   1.33, CFL: 7.20e-01
i:  47800, t:   83360.1 s, ωt:   8.34 (1.33 periods), wall: 12.393 minutes, Δt:   1.49, CFL: 7.20e-01
i:  47900, t:   83506.9 s, ωt:   8.35 (1.33 periods), wall: 12.417 minutes, Δt:   1.58, CFL: 7.20e-01
i:  48000, t:   83662.3 s, ωt:   8.37 (1.33 periods), wall: 12.442 minutes, Δt:   1.56, CFL: 7.20e-01
i:  48100, t:   83821.0 s, ωt:   8.38 (1.33 periods), wall: 12.467 minutes, Δt:   1.75, CFL: 7.20e-01
i:  48200, t:   83992.8 s, ωt:   8.40 (1.34 periods), wall: 12.492 minutes, Δt:   1.83, CFL: 7.20e-01
i:  48300, t:   84164.1 s, ωt:   8.42 (1.34 periods), wall: 12.516 minutes, Δt:   1.77, CFL: 7.20e-01
i:  48400, t:   84317.9 s, ωt:   8.43 (1.34 periods), wall: 12.541 minutes, Δt:   1.51, CFL: 7.20e-01
i:  48500, t:   84475.5 s, ωt:   8.45 (1.34 periods), wall: 12.566 minutes, Δt:   1.91, CFL: 7.20e-01
i:  48600, t:   84636.4 s, ωt:   8.46 (1.35 periods), wall: 12.591 minutes, Δt:   1.70, CFL: 7.20e-01
i:  48700, t:   84804.5 s, ωt:   8.48 (1.35 periods), wall: 12.616 minutes, Δt:   1.55, CFL: 7.20e-01
i:  48800, t:   84969.1 s, ωt:   8.50 (1.35 periods), wall: 12.640 minutes, Δt:   1.52, CFL: 7.20e-01
i:  48900, t:   85128.7 s, ωt:   8.51 (1.35 periods), wall: 12.665 minutes, Δt:   1.85, CFL: 7.20e-01
i:  49000, t:   85300.4 s, ωt:   8.53 (1.36 periods), wall: 12.690 minutes, Δt:   1.76, CFL: 7.20e-01
i:  49100, t:   85477.1 s, ωt:   8.55 (1.36 periods), wall: 12.714 minutes, Δt:   2.10, CFL: 7.20e-01
i:  49200, t:   85659.9 s, ωt:   8.57 (1.36 periods), wall: 12.739 minutes, Δt:   2.18, CFL: 7.20e-01
i:  49300, t:   85832.5 s, ωt:   8.58 (1.37 periods), wall: 12.764 minutes, Δt:   1.81, CFL: 7.20e-01
i:  49400, t:   86017.6 s, ωt:   8.60 (1.37 periods), wall: 12.788 minutes, Δt:   1.73, CFL: 7.20e-01
i:  49500, t:   86203.1 s, ωt:   8.62 (1.37 periods), wall: 12.813 minutes, Δt:   1.74, CFL: 7.20e-01
i:  49600, t:   86383.9 s, ωt:   8.64 (1.37 periods), wall: 12.837 minutes, Δt:   1.73, CFL: 7.20e-01
i:  49700, t:   86569.5 s, ωt:   8.66 (1.38 periods), wall: 12.862 minutes, Δt:   2.19, CFL: 7.20e-01
i:  49800, t:   86757.9 s, ωt:   8.68 (1.38 periods), wall: 12.887 minutes, Δt:   1.91, CFL: 7.20e-01
i:  49900, t:   86941.3 s, ωt:   8.69 (1.38 periods), wall: 12.912 minutes, Δt:   1.89, CFL: 7.20e-01
i:  50000, t:   87142.1 s, ωt:   8.71 (1.39 periods), wall: 12.937 minutes, Δt:   2.18, CFL: 7.20e-01
i:  50100, t:   87354.8 s, ωt:   8.74 (1.39 periods), wall: 12.962 minutes, Δt:   2.05, CFL: 7.20e-01
i:  50200, t:   87566.5 s, ωt:   8.76 (1.39 periods), wall: 12.987 minutes, Δt:   2.11, CFL: 7.20e-01
i:  50300, t:   87777.3 s, ωt:   8.78 (1.40 periods), wall: 13.011 minutes, Δt:   2.13, CFL: 7.20e-01
i:  50400, t:   87997.0 s, ωt:   8.80 (1.40 periods), wall: 13.035 minutes, Δt:   2.72, CFL: 7.20e-01
i:  50500, t:   88267.3 s, ωt:   8.83 (1.40 periods), wall: 13.058 minutes, Δt:   2.72, CFL: 7.20e-01
i:  50600, t:   88507.7 s, ωt:   8.85 (1.41 periods), wall: 13.082 minutes, Δt:   2.53, CFL: 7.20e-01
i:  50700, t:   88755.1 s, ωt:   8.88 (1.41 periods), wall: 13.105 minutes, Δt:   2.90, CFL: 7.20e-01
i:  50800, t:   89035.2 s, ωt:   8.90 (1.42 periods), wall: 13.129 minutes, Δt:   3.29, CFL: 7.20e-01
i:  50900, t:   89309.8 s, ωt:   8.93 (1.42 periods), wall: 13.153 minutes, Δt:   2.47, CFL: 7.20e-01
i:  51000, t:   89576.8 s, ωt:   8.96 (1.43 periods), wall: 13.177 minutes, Δt:   2.80, CFL: 7.20e-01
i:  51100, t:   89887.5 s, ωt:   8.99 (1.43 periods), wall: 13.202 minutes, Δt:   3.30, CFL: 7.20e-01
i:  51200, t:   90233.8 s, ωt:   9.02 (1.44 periods), wall: 13.226 minutes, Δt:   3.59, CFL: 7.20e-01
i:  51300, t:   90611.4 s, ωt:   9.06 (1.44 periods), wall: 13.251 minutes, Δt:   3.71, CFL: 7.20e-01
i:  51400, t:   90952.7 s, ωt:   9.10 (1.45 periods), wall: 13.276 minutes, Δt:   3.53, CFL: 7.20e-01
i:  51500, t:   91360.7 s, ωt:   9.14 (1.45 periods), wall: 13.301 minutes, Δt:   4.58, CFL: 7.20e-01
i:  51600, t:   91788.8 s, ωt:   9.18 (1.46 periods), wall: 13.326 minutes, Δt:   4.53, CFL: 7.20e-01
i:  51700, t:   92282.5 s, ωt:   9.23 (1.47 periods), wall: 13.351 minutes, Δt:   4.86, CFL: 7.20e-01
i:  51800, t:   92788.0 s, ωt:   9.28 (1.48 periods), wall: 13.376 minutes, Δt:   5.32, CFL: 7.20e-01
i:  51900, t:   93318.0 s, ωt:   9.33 (1.49 periods), wall: 13.401 minutes, Δt:   6.09, CFL: 7.20e-01
i:  52000, t:   93904.3 s, ωt:   9.39 (1.49 periods), wall: 13.426 minutes, Δt:   5.52, CFL: 7.20e-01
i:  52100, t:   94509.0 s, ωt:   9.45 (1.50 periods), wall: 13.451 minutes, Δt:   5.60, CFL: 7.20e-01
i:  52200, t:   95042.8 s, ωt:   9.50 (1.51 periods), wall: 13.476 minutes, Δt:   5.32, CFL: 7.20e-01
i:  52300, t:   95535.6 s, ωt:   9.55 (1.52 periods), wall: 13.501 minutes, Δt:   3.90, CFL: 7.20e-01
i:  52400, t:   95933.5 s, ωt:   9.59 (1.53 periods), wall: 13.526 minutes, Δt:   4.41, CFL: 7.20e-01
i:  52500, t:   96351.0 s, ωt:   9.64 (1.53 periods), wall: 13.550 minutes, Δt:   3.80, CFL: 7.20e-01
i:  52600, t:   96701.2 s, ωt:   9.67 (1.54 periods), wall: 13.575 minutes, Δt:   3.55, CFL: 7.20e-01
i:  52700, t:   97088.1 s, ωt:   9.71 (1.55 periods), wall: 13.600 minutes, Δt:   4.15, CFL: 7.20e-01
i:  52800, t:   97435.3 s, ωt:   9.74 (1.55 periods), wall: 13.625 minutes, Δt:   3.29, CFL: 7.20e-01
i:  52900, t:   97727.4 s, ωt:   9.77 (1.56 periods), wall: 13.650 minutes, Δt:   2.16, CFL: 7.20e-01
i:  53000, t:   97967.9 s, ωt:   9.80 (1.56 periods), wall: 13.675 minutes, Δt:   2.41, CFL: 7.20e-01
i:  53100, t:   98209.8 s, ωt:   9.82 (1.56 periods), wall: 13.699 minutes, Δt:   2.55, CFL: 7.20e-01
i:  53200, t:   98423.1 s, ωt:   9.84 (1.57 periods), wall: 13.724 minutes, Δt:   1.94, CFL: 7.20e-01
i:  53300, t:   98633.8 s, ωt:   9.86 (1.57 periods), wall: 13.748 minutes, Δt:   2.17, CFL: 7.20e-01
i:  53400, t:   98852.8 s, ωt:   9.89 (1.57 periods), wall: 13.773 minutes, Δt:   2.14, CFL: 7.20e-01
i:  53500, t:   99056.4 s, ωt:   9.91 (1.58 periods), wall: 13.797 minutes, Δt:   2.13, CFL: 7.20e-01
i:  53600, t:   99257.7 s, ωt:   9.93 (1.58 periods), wall: 13.822 minutes, Δt:   1.84, CFL: 7.20e-01
i:  53700, t:   99448.6 s, ωt:   9.94 (1.58 periods), wall: 13.847 minutes, Δt:   1.48, CFL: 7.20e-01
i:  53800, t:   99608.2 s, ωt:   9.96 (1.59 periods), wall: 13.871 minutes, Δt:   2.15, CFL: 7.20e-01
i:  53900, t:   99797.4 s, ωt:   9.98 (1.59 periods), wall: 13.896 minutes, Δt:   1.85, CFL: 7.20e-01
i:  54000, t:   99969.6 s, ωt:  10.00 (1.59 periods), wall: 13.921 minutes, Δt:   1.83, CFL: 7.20e-01
i:  54100, t:  100155.3 s, ωt:  10.02 (1.59 periods), wall: 13.946 minutes, Δt:   1.51, CFL: 7.20e-01
i:  54200, t:  100323.5 s, ωt:  10.03 (1.60 periods), wall: 13.970 minutes, Δt:   1.43, CFL: 7.20e-01
i:  54300, t:  100479.3 s, ωt:  10.05 (1.60 periods), wall: 13.993 minutes, Δt:   1.81, CFL: 7.20e-01
i:  54400, t:  100650.0 s, ωt:  10.07 (1.60 periods), wall: 14.018 minutes, Δt:   1.83, CFL: 7.20e-01
i:  54500, t:  100829.7 s, ωt:  10.08 (1.60 periods), wall: 14.042 minutes, Δt:   1.56, CFL: 7.20e-01
i:  54600, t:  100988.5 s, ωt:  10.10 (1.61 periods), wall: 14.066 minutes, Δt:   1.65, CFL: 7.20e-01
i:  54700, t:  101133.8 s, ωt:  10.11 (1.61 periods), wall: 14.089 minutes, Δt:   1.64, CFL: 7.20e-01
i:  54800, t:  101277.7 s, ωt:  10.13 (1.61 periods), wall: 14.114 minutes, Δt:   1.33, CFL: 7.20e-01
i:  54900, t:  101427.9 s, ωt:  10.14 (1.61 periods), wall: 14.139 minutes, Δt:   1.37, CFL: 7.20e-01
i:  55000, t:  101560.6 s, ωt:  10.16 (1.62 periods), wall: 14.163 minutes, Δt:   1.40, CFL: 7.20e-01
i:  55100, t:  101719.3 s, ωt:  10.17 (1.62 periods), wall: 14.188 minutes, Δt:   1.78, CFL: 7.20e-01
i:  55200, t:  101868.9 s, ωt:  10.19 (1.62 periods), wall: 14.213 minutes, Δt:   1.42, CFL: 7.20e-01
i:  55300, t:  102017.3 s, ωt:  10.20 (1.62 periods), wall: 14.238 minutes, Δt:   1.56, CFL: 7.20e-01
i:  55400, t:  102167.2 s, ωt:  10.22 (1.63 periods), wall: 14.263 minutes, Δt:   1.53, CFL: 7.20e-01
i:  55500, t:  102314.1 s, ωt:  10.23 (1.63 periods), wall: 14.287 minutes, Δt:   1.58, CFL: 7.20e-01
i:  55600, t:  102455.2 s, ωt:  10.25 (1.63 periods), wall: 14.312 minutes, Δt:   1.14, CFL: 7.20e-01
i:  55700, t:  102600.0 s, ωt:  10.26 (1.63 periods), wall: 14.337 minutes, Δt:   1.36, CFL: 7.20e-01
i:  55800, t:  102723.0 s, ωt:  10.27 (1.63 periods), wall: 14.361 minutes, Δt:   1.21, CFL: 7.20e-01
i:  55900, t:  102865.4 s, ωt:  10.29 (1.64 periods), wall: 14.386 minutes, Δt:   1.31, CFL: 7.20e-01
i:  56000, t:  103007.4 s, ωt:  10.30 (1.64 periods), wall: 14.411 minutes, Δt:   1.46, CFL: 7.20e-01
i:  56100, t:  103142.3 s, ωt:  10.31 (1.64 periods), wall: 14.435 minutes, Δt:   1.39, CFL: 7.20e-01
i:  56200, t:  103279.4 s, ωt:  10.33 (1.64 periods), wall: 14.459 minutes, Δt:   1.34, CFL: 7.20e-01
i:  56300, t:  103412.0 s, ωt:  10.34 (1.65 periods), wall: 14.484 minutes, Δt:   1.13, CFL: 7.20e-01
i:  56400, t:  103544.5 s, ωt:  10.35 (1.65 periods), wall: 14.508 minutes, Δt:   1.28, CFL: 7.20e-01
i:  56500, t:  103673.8 s, ωt:  10.37 (1.65 periods), wall: 14.533 minutes, Δt:   1.22, CFL: 7.20e-01
i:  56600, t:  103797.3 s, ωt:  10.38 (1.65 periods), wall: 14.556 minutes, Δt:   1.23, CFL: 7.20e-01
i:  56700, t:  103921.2 s, ωt:  10.39 (1.65 periods), wall: 14.579 minutes, Δt:   1.45, CFL: 7.20e-01
i:  56800, t:  104055.6 s, ωt:  10.41 (1.66 periods), wall: 14.604 minutes, Δt:   1.37, CFL: 7.20e-01
i:  56900, t:  104183.3 s, ωt:  10.42 (1.66 periods), wall: 14.628 minutes, Δt:   1.09, CFL: 7.20e-01
i:  57000, t:  104305.2 s, ωt:  10.43 (1.66 periods), wall: 14.653 minutes, Δt:   1.40, CFL: 7.20e-01
i:  57100, t:  104439.2 s, ωt:  10.44 (1.66 periods), wall: 14.678 minutes, Δt:   1.31, CFL: 7.20e-01
i:  57200, t:  104561.2 s, ωt:  10.46 (1.66 periods), wall: 14.703 minutes, Δt:   1.33, CFL: 7.20e-01
i:  57300, t:  104697.2 s, ωt:  10.47 (1.67 periods), wall: 14.727 minutes, Δt:   1.40, CFL: 7.20e-01
i:  57400, t:  104833.3 s, ωt:  10.48 (1.67 periods), wall: 14.751 minutes, Δt:   1.22, CFL: 7.20e-01
i:  57500, t:  104969.6 s, ωt:  10.50 (1.67 periods), wall: 14.775 minutes, Δt:   1.32, CFL: 7.20e-01
i:  57600, t:  105093.8 s, ωt:  10.51 (1.67 periods), wall: 14.800 minutes, Δt:   1.15, CFL: 7.20e-01
i:  57700, t:  105215.2 s, ωt:  10.52 (1.67 periods), wall: 14.825 minutes, Δt:   1.04, CFL: 7.20e-01
i:  57800, t:  105336.3 s, ωt:  10.53 (1.68 periods), wall: 14.850 minutes, Δt:   1.19, CFL: 7.20e-01
i:  57900, t:  105457.5 s, ωt:  10.55 (1.68 periods), wall: 14.875 minutes, Δt:   1.43, CFL: 7.20e-01
i:  58000, t:  105569.7 s, ωt:  10.56 (1.68 periods), wall: 14.899 minutes, Δt:   1.20, CFL: 7.20e-01
i:  58100, t:  105694.8 s, ωt:  10.57 (1.68 periods), wall: 14.924 minutes, Δt:   1.26, CFL: 7.20e-01
i:  58200, t:  105820.5 s, ωt:  10.58 (1.68 periods), wall: 14.948 minutes, Δt:   1.07, CFL: 7.20e-01
i:  58300, t:  105942.6 s, ωt:  10.59 (1.69 periods), wall: 14.973 minutes, Δt:   1.32, CFL: 7.20e-01
i:  58400, t:  106072.3 s, ωt:  10.61 (1.69 periods), wall: 14.998 minutes, Δt:   1.19, CFL: 7.20e-01
i:  58500, t:  106196.1 s, ωt:  10.62 (1.69 periods), wall: 15.022 minutes, Δt:   1.39, CFL: 7.20e-01
i:  58600, t:  106335.7 s, ωt:  10.63 (1.69 periods), wall: 15.047 minutes, Δt:   1.20, CFL: 7.20e-01
i:  58700, t:  106459.6 s, ωt:  10.65 (1.69 periods), wall: 15.072 minutes, Δt:   1.35, CFL: 7.20e-01
i:  58800, t:  106580.8 s, ωt:  10.66 (1.70 periods), wall: 15.096 minutes, Δt:   1.08, CFL: 7.20e-01
i:  58900, t:  106692.0 s, ωt:  10.67 (1.70 periods), wall: 15.121 minutes, Δt:   1.10, CFL: 7.20e-01
i:  59000, t:  106813.5 s, ωt:  10.68 (1.70 periods), wall: 15.145 minutes, Δt:   1.10, CFL: 7.20e-01
i:  59100, t:  106917.2 s, ωt:  10.69 (1.70 periods), wall: 15.170 minutes, Δt:   0.92, CFL: 7.20e-01
i:  59200, t:  107019.0 s, ωt:  10.70 (1.70 periods), wall: 15.194 minutes, Δt:   1.09, CFL: 7.20e-01
i:  59300, t:  107125.6 s, ωt:  10.71 (1.70 periods), wall: 15.219 minutes, Δt:   0.96, CFL: 7.20e-01
i:  59400, t:  107232.9 s, ωt:  10.72 (1.71 periods), wall: 15.244 minutes, Δt:   1.04, CFL: 7.20e-01
i:  59500, t:  107358.4 s, ωt:  10.74 (1.71 periods), wall: 15.268 minutes, Δt:   1.29, CFL: 7.20e-01
i:  59600, t:  107483.6 s, ωt:  10.75 (1.71 periods), wall: 15.292 minutes, Δt:   1.20, CFL: 7.20e-01
i:  59700, t:  107598.3 s, ωt:  10.76 (1.71 periods), wall: 15.316 minutes, Δt:   1.24, CFL: 7.20e-01
i:  59800, t:  107719.9 s, ωt:  10.77 (1.71 periods), wall: 15.340 minutes, Δt:   1.28, CFL: 7.20e-01
i:  59900, t:  107844.1 s, ωt:  10.78 (1.72 periods), wall: 15.363 minutes, Δt:   1.18, CFL: 7.20e-01
i:  60000, t:  107971.3 s, ωt:  10.80 (1.72 periods), wall: 15.387 minutes, Δt:   1.49, CFL: 7.20e-01
i:  60100, t:  108094.8 s, ωt:  10.81 (1.72 periods), wall: 15.411 minutes, Δt:   1.29, CFL: 7.20e-01
i:  60200, t:  108228.6 s, ωt:  10.82 (1.72 periods), wall: 15.436 minutes, Δt:   1.38, CFL: 7.20e-01
i:  60300, t:  108359.9 s, ωt:  10.84 (1.72 periods), wall: 15.461 minutes, Δt:   1.31, CFL: 7.20e-01
i:  60400, t:  108486.8 s, ωt:  10.85 (1.73 periods), wall: 15.486 minutes, Δt:   1.27, CFL: 7.20e-01
i:  60500, t:  108612.6 s, ωt:  10.86 (1.73 periods), wall: 15.510 minutes, Δt:   1.16, CFL: 7.20e-01
i:  60600, t:  108730.6 s, ωt:  10.87 (1.73 periods), wall: 15.534 minutes, Δt:   1.25, CFL: 7.20e-01
i:  60700, t:  108849.3 s, ωt:  10.88 (1.73 periods), wall: 15.559 minutes, Δt:   1.26, CFL: 7.20e-01
i:  60800, t:  108977.1 s, ωt:  10.90 (1.73 periods), wall: 15.583 minutes, Δt:   1.24, CFL: 7.20e-01
i:  60900, t:  109097.8 s, ωt:  10.91 (1.74 periods), wall: 15.608 minutes, Δt:   1.22, CFL: 7.20e-01
i:  61000, t:  109216.2 s, ωt:  10.92 (1.74 periods), wall: 15.633 minutes, Δt:   1.07, CFL: 7.20e-01
i:  61100, t:  109323.8 s, ωt:  10.93 (1.74 periods), wall: 15.658 minutes, Δt:   1.01, CFL: 7.20e-01
i:  61200, t:  109435.0 s, ωt:  10.94 (1.74 periods), wall: 15.682 minutes, Δt:   1.26, CFL: 7.20e-01
i:  61300, t:  109553.3 s, ωt:  10.96 (1.74 periods), wall: 15.707 minutes, Δt:   1.09, CFL: 7.20e-01
i:  61400, t:  109672.0 s, ωt:  10.97 (1.75 periods), wall: 15.731 minutes, Δt:   1.36, CFL: 7.20e-01
i:  61500, t:  109802.2 s, ωt:  10.98 (1.75 periods), wall: 15.756 minutes, Δt:   1.34, CFL: 7.20e-01
i:  61600, t:  109913.5 s, ωt:  10.99 (1.75 periods), wall: 15.780 minutes, Δt:   1.09, CFL: 7.20e-01
i:  61700, t:  110032.0 s, ωt:  11.00 (1.75 periods), wall: 15.804 minutes, Δt:   1.34, CFL: 7.20e-01
i:  61800, t:  110161.8 s, ωt:  11.02 (1.75 periods), wall: 15.829 minutes, Δt:   1.26, CFL: 7.20e-01
i:  61900, t:  110278.8 s, ωt:  11.03 (1.76 periods), wall: 15.854 minutes, Δt:   1.20, CFL: 7.20e-01
i:  62000, t:  110412.8 s, ωt:  11.04 (1.76 periods), wall: 15.879 minutes, Δt:   1.40, CFL: 7.20e-01
i:  62100, t:  110543.7 s, ωt:  11.05 (1.76 periods), wall: 15.903 minutes, Δt:   1.25, CFL: 7.20e-01
i:  62200, t:  110658.3 s, ωt:  11.07 (1.76 periods), wall: 15.928 minutes, Δt:   1.20, CFL: 7.20e-01
i:  62300, t:  110777.2 s, ωt:  11.08 (1.76 periods), wall: 15.953 minutes, Δt:   0.99, CFL: 7.20e-01
i:  62400, t:  110889.0 s, ωt:  11.09 (1.76 periods), wall: 15.978 minutes, Δt:   1.29, CFL: 7.20e-01
i:  62500, t:  111003.9 s, ωt:  11.10 (1.77 periods), wall: 16.002 minutes, Δt:   1.28, CFL: 7.20e-01
i:  62600, t:  111127.4 s, ωt:  11.11 (1.77 periods), wall: 16.026 minutes, Δt:   1.14, CFL: 7.20e-01
i:  62700, t:  111247.0 s, ωt:  11.12 (1.77 periods), wall: 16.050 minutes, Δt:   1.11, CFL: 7.20e-01
i:  62800, t:  111362.6 s, ωt:  11.14 (1.77 periods), wall: 16.075 minutes, Δt:   1.20, CFL: 7.20e-01
i:  62900, t:  111472.1 s, ωt:  11.15 (1.77 periods), wall: 16.099 minutes, Δt:   0.96, CFL: 7.20e-01
i:  63000, t:  111584.1 s, ωt:  11.16 (1.78 periods), wall: 16.124 minutes, Δt:   1.01, CFL: 7.20e-01
i:  63100, t:  111707.8 s, ωt:  11.17 (1.78 periods), wall: 16.149 minutes, Δt:   1.20, CFL: 7.20e-01
i:  63200, t:  111817.8 s, ωt:  11.18 (1.78 periods), wall: 16.172 minutes, Δt:   0.92, CFL: 7.20e-01
i:  63300, t:  111916.9 s, ωt:  11.19 (1.78 periods), wall: 16.197 minutes, Δt:   1.20, CFL: 7.20e-01
i:  63400, t:  112032.7 s, ωt:  11.20 (1.78 periods), wall: 16.221 minutes, Δt:   1.28, CFL: 7.20e-01
i:  63500, t:  112169.5 s, ωt:  11.22 (1.79 periods), wall: 16.245 minutes, Δt:   1.37, CFL: 7.20e-01
i:  63600, t:  112273.7 s, ωt:  11.23 (1.79 periods), wall: 16.269 minutes, Δt:   1.00, CFL: 7.20e-01
i:  63700, t:  112400.7 s, ωt:  11.24 (1.79 periods), wall: 16.293 minutes, Δt:   1.28, CFL: 7.20e-01
i:  63800, t:  112528.0 s, ωt:  11.25 (1.79 periods), wall: 16.318 minutes, Δt:   1.25, CFL: 7.20e-01
i:  63900, t:  112649.2 s, ωt:  11.26 (1.79 periods), wall: 16.343 minutes, Δt:   1.47, CFL: 7.20e-01
i:  64000, t:  112770.3 s, ωt:  11.28 (1.79 periods), wall: 16.367 minutes, Δt:   1.09, CFL: 7.20e-01
i:  64100, t:  112890.0 s, ωt:  11.29 (1.80 periods), wall: 16.392 minutes, Δt:   1.36, CFL: 7.20e-01
i:  64200, t:  113029.0 s, ωt:  11.30 (1.80 periods), wall: 16.417 minutes, Δt:   1.36, CFL: 7.20e-01
i:  64300, t:  113172.2 s, ωt:  11.32 (1.80 periods), wall: 16.442 minutes, Δt:   1.37, CFL: 7.20e-01
i:  64400, t:  113304.6 s, ωt:  11.33 (1.80 periods), wall: 16.467 minutes, Δt:   1.26, CFL: 7.20e-01
i:  64500, t:  113446.9 s, ωt:  11.34 (1.81 periods), wall: 16.491 minutes, Δt:   1.55, CFL: 7.20e-01
i:  64600, t:  113595.4 s, ωt:  11.36 (1.81 periods), wall: 16.516 minutes, Δt:   1.61, CFL: 7.20e-01
i:  64700, t:  113734.3 s, ωt:  11.37 (1.81 periods), wall: 16.540 minutes, Δt:   1.36, CFL: 7.20e-01
i:  64800, t:  113863.0 s, ωt:  11.39 (1.81 periods), wall: 16.565 minutes, Δt:   1.18, CFL: 7.20e-01
i:  64900, t:  114010.6 s, ωt:  11.40 (1.81 periods), wall: 16.590 minutes, Δt:   1.45, CFL: 7.20e-01
i:  65000, t:  114154.5 s, ωt:  11.42 (1.82 periods), wall: 16.615 minutes, Δt:   1.52, CFL: 7.20e-01
i:  65100, t:  114286.6 s, ωt:  11.43 (1.82 periods), wall: 16.640 minutes, Δt:   1.11, CFL: 7.20e-01
i:  65200, t:  114412.6 s, ωt:  11.44 (1.82 periods), wall: 16.665 minutes, Δt:   1.46, CFL: 7.20e-01
i:  65300, t:  114557.0 s, ωt:  11.46 (1.82 periods), wall: 16.690 minutes, Δt:   1.49, CFL: 7.20e-01
i:  65400, t:  114682.4 s, ωt:  11.47 (1.83 periods), wall: 16.715 minutes, Δt:   1.15, CFL: 7.20e-01
i:  65500, t:  114814.9 s, ωt:  11.48 (1.83 periods), wall: 16.740 minutes, Δt:   1.18, CFL: 7.20e-01
i:  65600, t:  114950.6 s, ωt:  11.50 (1.83 periods), wall: 16.764 minutes, Δt:   1.37, CFL: 7.20e-01
i:  65700, t:  115076.4 s, ωt:  11.51 (1.83 periods), wall: 16.789 minutes, Δt:   1.45, CFL: 7.20e-01
i:  65800, t:  115216.8 s, ωt:  11.52 (1.83 periods), wall: 16.814 minutes, Δt:   1.35, CFL: 7.20e-01
i:  65900, t:  115357.5 s, ωt:  11.54 (1.84 periods), wall: 16.839 minutes, Δt:   1.50, CFL: 7.20e-01
i:  66000, t:  115497.0 s, ωt:  11.55 (1.84 periods), wall: 16.864 minutes, Δt:   1.27, CFL: 7.20e-01
i:  66100, t:  115635.0 s, ωt:  11.56 (1.84 periods), wall: 16.888 minutes, Δt:   1.51, CFL: 7.20e-01
i:  66200, t:  115793.4 s, ωt:  11.58 (1.84 periods), wall: 16.913 minutes, Δt:   1.65, CFL: 7.20e-01
i:  66300, t:  115931.0 s, ωt:  11.59 (1.85 periods), wall: 16.939 minutes, Δt:   1.59, CFL: 7.20e-01
i:  66400, t:  116095.2 s, ωt:  11.61 (1.85 periods), wall: 16.963 minutes, Δt:   1.64, CFL: 7.20e-01
i:  66500, t:  116257.5 s, ωt:  11.63 (1.85 periods), wall: 16.988 minutes, Δt:   1.89, CFL: 7.20e-01
i:  66600, t:  116433.1 s, ωt:  11.64 (1.85 periods), wall: 17.013 minutes, Δt:   1.63, CFL: 7.20e-01
i:  66700, t:  116591.9 s, ωt:  11.66 (1.86 periods), wall: 17.038 minutes, Δt:   1.53, CFL: 7.20e-01
i:  66800, t:  116760.5 s, ωt:  11.68 (1.86 periods), wall: 17.063 minutes, Δt:   1.90, CFL: 7.20e-01
i:  66900, t:  116919.9 s, ωt:  11.69 (1.86 periods), wall: 17.088 minutes, Δt:   1.30, CFL: 7.20e-01
i:  67000, t:  117091.5 s, ωt:  11.71 (1.86 periods), wall: 17.112 minutes, Δt:   1.57, CFL: 7.20e-01
i:  67100, t:  117250.3 s, ωt:  11.73 (1.87 periods), wall: 17.137 minutes, Δt:   1.79, CFL: 7.20e-01
i:  67200, t:  117426.7 s, ωt:  11.74 (1.87 periods), wall: 17.162 minutes, Δt:   1.82, CFL: 7.20e-01
i:  67300, t:  117574.2 s, ωt:  11.76 (1.87 periods), wall: 17.187 minutes, Δt:   1.92, CFL: 7.20e-01
i:  67400, t:  117763.0 s, ωt:  11.78 (1.87 periods), wall: 17.212 minutes, Δt:   1.54, CFL: 7.20e-01
i:  67500, t:  117931.5 s, ωt:  11.79 (1.88 periods), wall: 17.237 minutes, Δt:   1.94, CFL: 7.20e-01
i:  67600, t:  118117.4 s, ωt:  11.81 (1.88 periods), wall: 17.262 minutes, Δt:   2.19, CFL: 7.20e-01
i:  67700, t:  118294.1 s, ωt:  11.83 (1.88 periods), wall: 17.287 minutes, Δt:   1.64, CFL: 7.20e-01
i:  67800, t:  118486.3 s, ωt:  11.85 (1.89 periods), wall: 17.312 minutes, Δt:   2.15, CFL: 7.20e-01
i:  67900, t:  118703.3 s, ωt:  11.87 (1.89 periods), wall: 17.337 minutes, Δt:   2.30, CFL: 7.20e-01
i:  68000, t:  118904.1 s, ωt:  11.89 (1.89 periods), wall: 17.361 minutes, Δt:   2.16, CFL: 7.20e-01
i:  68100, t:  119120.2 s, ωt:  11.91 (1.90 periods), wall: 17.386 minutes, Δt:   1.88, CFL: 7.20e-01
i:  68200, t:  119353.0 s, ωt:  11.94 (1.90 periods), wall: 17.410 minutes, Δt:   2.42, CFL: 7.20e-01
i:  68300, t:  119620.2 s, ωt:  11.96 (1.90 periods), wall: 17.435 minutes, Δt:   2.44, CFL: 7.20e-01
i:  68400, t:  119861.1 s, ωt:  11.99 (1.91 periods), wall: 17.460 minutes, Δt:   2.10, CFL: 7.20e-01
i:  68500, t:  120099.6 s, ωt:  12.01 (1.91 periods), wall: 17.484 minutes, Δt:   2.48, CFL: 7.20e-01
i:  68600, t:  120341.0 s, ωt:  12.03 (1.92 periods), wall: 17.508 minutes, Δt:   2.65, CFL: 7.20e-01
i:  68700, t:  120622.1 s, ωt:  12.06 (1.92 periods), wall: 17.532 minutes, Δt:   2.78, CFL: 7.20e-01
i:  68800, t:  120906.5 s, ωt:  12.09 (1.92 periods), wall: 17.556 minutes, Δt:   3.21, CFL: 7.20e-01
i:  68900, t:  121249.4 s, ωt:  12.12 (1.93 periods), wall: 17.580 minutes, Δt:   3.12, CFL: 7.20e-01
i:  69000, t:  121570.6 s, ωt:  12.16 (1.93 periods), wall: 17.604 minutes, Δt:   3.57, CFL: 7.20e-01
i:  69100, t:  121921.4 s, ωt:  12.19 (1.94 periods), wall: 17.628 minutes, Δt:   3.25, CFL: 7.20e-01
i:  69200, t:  122261.9 s, ωt:  12.23 (1.95 periods), wall: 17.653 minutes, Δt:   3.60, CFL: 7.20e-01
i:  69300, t:  122624.2 s, ωt:  12.26 (1.95 periods), wall: 17.677 minutes, Δt:   4.14, CFL: 7.20e-01
i:  69400, t:  123048.4 s, ωt:  12.30 (1.96 periods), wall: 17.702 minutes, Δt:   3.51, CFL: 7.20e-01
i:  69500, t:  123534.6 s, ωt:  12.35 (1.97 periods), wall: 17.727 minutes, Δt:   6.43, CFL: 7.20e-01
i:  69600, t:  124169.4 s, ωt:  12.42 (1.98 periods), wall: 17.752 minutes, Δt:   5.67, CFL: 7.20e-01
i:  69700, t:  124796.6 s, ωt:  12.48 (1.99 periods), wall: 17.777 minutes, Δt:   5.16, CFL: 7.20e-01
i:  69800, t:  125416.7 s, ωt:  12.54 (2.00 periods), wall: 17.802 minutes, Δt:   6.60, CFL: 7.20e-01
i:  69900, t:  125993.3 s, ωt:  12.60 (2.01 periods), wall: 17.834 minutes, Δt:   5.54, CFL: 7.20e-01
i:  70000, t:  126561.9 s, ωt:  12.66 (2.01 periods), wall: 17.859 minutes, Δt:   5.49, CFL: 7.20e-01
i:  70100, t:  127127.2 s, ωt:  12.71 (2.02 periods), wall: 17.884 minutes, Δt:   5.04, CFL: 7.20e-01
i:  70200, t:  127655.3 s, ωt:  12.77 (2.03 periods), wall: 17.909 minutes, Δt:   5.11, CFL: 7.20e-01
i:  70300, t:  128141.4 s, ωt:  12.81 (2.04 periods), wall: 17.934 minutes, Δt:   4.35, CFL: 7.20e-01
i:  70400, t:  128483.9 s, ωt:  12.85 (2.04 periods), wall: 17.960 minutes, Δt:   3.22, CFL: 7.20e-01
i:  70500, t:  128799.8 s, ωt:  12.88 (2.05 periods), wall: 17.983 minutes, Δt:   2.80, CFL: 7.20e-01
i:  70600, t:  129126.0 s, ωt:  12.91 (2.06 periods), wall: 18.009 minutes, Δt:   3.11, CFL: 7.20e-01
i:  70700, t:  129419.2 s, ωt:  12.94 (2.06 periods), wall: 18.033 minutes, Δt:   2.47, CFL: 7.20e-01
i:  70800, t:  129654.4 s, ωt:  12.97 (2.06 periods), wall: 18.058 minutes, Δt:   2.45, CFL: 7.20e-01
i:  70900, t:  129875.4 s, ωt:  12.99 (2.07 periods), wall: 18.083 minutes, Δt:   2.20, CFL: 7.20e-01
i:  71000, t:  130115.9 s, ωt:  13.01 (2.07 periods), wall: 18.109 minutes, Δt:   2.23, CFL: 7.20e-01
i:  71100, t:  130333.4 s, ωt:  13.03 (2.07 periods), wall: 18.133 minutes, Δt:   2.21, CFL: 7.20e-01
i:  71200, t:  130529.2 s, ωt:  13.05 (2.08 periods), wall: 18.157 minutes, Δt:   1.65, CFL: 7.20e-01
i:  71300, t:  130723.5 s, ωt:  13.07 (2.08 periods), wall: 18.181 minutes, Δt:   2.07, CFL: 7.20e-01
i:  71400, t:  130943.3 s, ωt:  13.09 (2.08 periods), wall: 18.205 minutes, Δt:   2.13, CFL: 7.20e-01
i:  71500, t:  131147.7 s, ωt:  13.11 (2.09 periods), wall: 18.229 minutes, Δt:   1.96, CFL: 7.20e-01
i:  71600, t:  131327.7 s, ωt:  13.13 (2.09 periods), wall: 18.253 minutes, Δt:   1.96, CFL: 7.20e-01
i:  71700, t:  131510.7 s, ωt:  13.15 (2.09 periods), wall: 18.278 minutes, Δt:   1.84, CFL: 7.20e-01
i:  71800, t:  131686.8 s, ωt:  13.17 (2.10 periods), wall: 18.303 minutes, Δt:   1.61, CFL: 7.20e-01
i:  71900, t:  131864.2 s, ωt:  13.19 (2.10 periods), wall: 18.327 minutes, Δt:   1.39, CFL: 7.20e-01
i:  72000, t:  132020.8 s, ωt:  13.20 (2.10 periods), wall: 18.352 minutes, Δt:   1.67, CFL: 7.20e-01
i:  72100, t:  132177.7 s, ωt:  13.22 (2.10 periods), wall: 18.377 minutes, Δt:   1.83, CFL: 7.20e-01
i:  72200, t:  132341.2 s, ωt:  13.23 (2.11 periods), wall: 18.402 minutes, Δt:   1.60, CFL: 7.20e-01
i:  72300, t:  132501.2 s, ωt:  13.25 (2.11 periods), wall: 18.426 minutes, Δt:   1.52, CFL: 7.20e-01
i:  72400, t:  132659.7 s, ωt:  13.27 (2.11 periods), wall: 18.451 minutes, Δt:   1.50, CFL: 7.20e-01
i:  72500, t:  132824.7 s, ωt:  13.28 (2.11 periods), wall: 18.475 minutes, Δt:   1.50, CFL: 7.20e-01
i:  72600, t:  132966.3 s, ωt:  13.30 (2.12 periods), wall: 18.500 minutes, Δt:   1.58, CFL: 7.20e-01
i:  72700, t:  133116.5 s, ωt:  13.31 (2.12 periods), wall: 18.525 minutes, Δt:   1.48, CFL: 7.20e-01
i:  72800, t:  133272.1 s, ωt:  13.33 (2.12 periods), wall: 18.550 minutes, Δt:   1.54, CFL: 7.20e-01
i:  72900, t:  133440.5 s, ωt:  13.34 (2.12 periods), wall: 18.574 minutes, Δt:   1.80, CFL: 7.20e-01
i:  73000, t:  133615.6 s, ωt:  13.36 (2.13 periods), wall: 18.599 minutes, Δt:   1.53, CFL: 7.20e-01
i:  73100, t:  133783.3 s, ωt:  13.38 (2.13 periods), wall: 18.624 minutes, Δt:   1.64, CFL: 7.20e-01
i:  73200, t:  133943.0 s, ωt:  13.39 (2.13 periods), wall: 18.649 minutes, Δt:   1.55, CFL: 7.20e-01
i:  73300, t:  134081.2 s, ωt:  13.41 (2.13 periods), wall: 18.673 minutes, Δt:   1.61, CFL: 7.20e-01
i:  73400, t:  134235.8 s, ωt:  13.42 (2.14 periods), wall: 18.698 minutes, Δt:   1.30, CFL: 7.20e-01
i:  73500, t:  134372.2 s, ωt:  13.44 (2.14 periods), wall: 18.721 minutes, Δt:   1.59, CFL: 7.20e-01
i:  73600, t:  134523.2 s, ωt:  13.45 (2.14 periods), wall: 18.745 minutes, Δt:   1.35, CFL: 7.20e-01
i:  73700, t:  134656.2 s, ωt:  13.47 (2.14 periods), wall: 18.769 minutes, Δt:   1.44, CFL: 7.20e-01
i:  73800, t:  134807.6 s, ωt:  13.48 (2.15 periods), wall: 18.793 minutes, Δt:   1.37, CFL: 7.20e-01
i:  73900, t:  134942.3 s, ωt:  13.49 (2.15 periods), wall: 18.818 minutes, Δt:   1.39, CFL: 7.20e-01
i:  74000, t:  135088.5 s, ωt:  13.51 (2.15 periods), wall: 18.842 minutes, Δt:   1.60, CFL: 7.20e-01
i:  74100, t:  135218.4 s, ωt:  13.52 (2.15 periods), wall: 18.866 minutes, Δt:   1.29, CFL: 7.20e-01
i:  74200, t:  135347.2 s, ωt:  13.53 (2.15 periods), wall: 18.889 minutes, Δt:   1.46, CFL: 7.20e-01
i:  74300, t:  135488.3 s, ωt:  13.55 (2.16 periods), wall: 18.913 minutes, Δt:   1.19, CFL: 7.20e-01
i:  74400, t:  135618.9 s, ωt:  13.56 (2.16 periods), wall: 18.937 minutes, Δt:   1.41, CFL: 7.20e-01
i:  74500, t:  135761.5 s, ωt:  13.58 (2.16 periods), wall: 18.962 minutes, Δt:   1.33, CFL: 7.20e-01
i:  74600, t:  135895.1 s, ωt:  13.59 (2.16 periods), wall: 18.986 minutes, Δt:   1.38, CFL: 7.20e-01
i:  74700, t:  136015.4 s, ωt:  13.60 (2.16 periods), wall: 19.011 minutes, Δt:   1.09, CFL: 7.20e-01
i:  74800, t:  136124.5 s, ωt:  13.61 (2.17 periods), wall: 19.036 minutes, Δt:   1.34, CFL: 7.20e-01
i:  74900, t:  136262.5 s, ωt:  13.63 (2.17 periods), wall: 19.061 minutes, Δt:   1.30, CFL: 7.20e-01
i:  75000, t:  136384.3 s, ωt:  13.64 (2.17 periods), wall: 19.086 minutes, Δt:   1.08, CFL: 7.20e-01
i:  75100, t:  136513.8 s, ωt:  13.65 (2.17 periods), wall: 19.110 minutes, Δt:   1.29, CFL: 7.20e-01
i:  75200, t:  136650.1 s, ωt:  13.67 (2.17 periods), wall: 19.135 minutes, Δt:   1.25, CFL: 7.20e-01
i:  75300, t:  136775.1 s, ωt:  13.68 (2.18 periods), wall: 19.160 minutes, Δt:   1.31, CFL: 7.20e-01
i:  75400, t:  136895.7 s, ωt:  13.69 (2.18 periods), wall: 19.184 minutes, Δt:   1.06, CFL: 7.20e-01
i:  75500, t:  137010.7 s, ωt:  13.70 (2.18 periods), wall: 19.209 minutes, Δt:   1.29, CFL: 7.20e-01
i:  75600, t:  137116.1 s, ωt:  13.71 (2.18 periods), wall: 19.234 minutes, Δt:   1.07, CFL: 7.20e-01
i:  75700, t:  137238.3 s, ωt:  13.72 (2.18 periods), wall: 19.258 minutes, Δt:   1.39, CFL: 7.20e-01
i:  75800, t:  137375.3 s, ωt:  13.74 (2.19 periods), wall: 19.283 minutes, Δt:   1.41, CFL: 7.20e-01
i:  75900, t:  137509.6 s, ωt:  13.75 (2.19 periods), wall: 19.308 minutes, Δt:   1.23, CFL: 7.20e-01
i:  76000, t:  137640.6 s, ωt:  13.76 (2.19 periods), wall: 19.333 minutes, Δt:   1.04, CFL: 7.20e-01
i:  76100, t:  137755.6 s, ωt:  13.78 (2.19 periods), wall: 19.358 minutes, Δt:   1.36, CFL: 7.20e-01
i:  76200, t:  137888.7 s, ωt:  13.79 (2.19 periods), wall: 19.383 minutes, Δt:   1.04, CFL: 7.20e-01
i:  76300, t:  138006.5 s, ωt:  13.80 (2.20 periods), wall: 19.408 minutes, Δt:   1.16, CFL: 7.20e-01
i:  76400, t:  138119.2 s, ωt:  13.81 (2.20 periods), wall: 19.433 minutes, Δt:   1.20, CFL: 7.20e-01
i:  76500, t:  138244.0 s, ωt:  13.82 (2.20 periods), wall: 19.457 minutes, Δt:   1.17, CFL: 7.20e-01
i:  76600, t:  138363.7 s, ωt:  13.84 (2.20 periods), wall: 19.482 minutes, Δt:   1.29, CFL: 7.20e-01
i:  76700, t:  138495.2 s, ωt:  13.85 (2.20 periods), wall: 19.507 minutes, Δt:   1.24, CFL: 7.20e-01
i:  76800, t:  138610.2 s, ωt:  13.86 (2.21 periods), wall: 19.532 minutes, Δt:   1.30, CFL: 7.20e-01
i:  76900, t:  138730.4 s, ωt:  13.87 (2.21 periods), wall: 19.557 minutes, Δt:   1.05, CFL: 7.20e-01
i:  77000, t:  138852.3 s, ωt:  13.89 (2.21 periods), wall: 19.582 minutes, Δt:   1.29, CFL: 7.20e-01
i:  77100, t:  138966.2 s, ωt:  13.90 (2.21 periods), wall: 19.607 minutes, Δt:   1.20, CFL: 7.20e-01
i:  77200, t:  139090.5 s, ωt:  13.91 (2.21 periods), wall: 19.631 minutes, Δt:   1.29, CFL: 7.20e-01
i:  77300, t:  139214.9 s, ωt:  13.92 (2.22 periods), wall: 19.656 minutes, Δt:   1.25, CFL: 7.20e-01
i:  77400, t:  139332.3 s, ωt:  13.93 (2.22 periods), wall: 19.681 minutes, Δt:   1.14, CFL: 7.20e-01
i:  77500, t:  139447.5 s, ωt:  13.94 (2.22 periods), wall: 19.706 minutes, Δt:   1.05, CFL: 7.20e-01
i:  77600, t:  139552.4 s, ωt:  13.96 (2.22 periods), wall: 19.732 minutes, Δt:   1.00, CFL: 7.20e-01
i:  77700, t:  139657.9 s, ωt:  13.97 (2.22 periods), wall: 19.755 minutes, Δt:   1.19, CFL: 7.20e-01
i:  77800, t:  139769.1 s, ωt:  13.98 (2.22 periods), wall: 19.780 minutes, Δt:   1.12, CFL: 7.20e-01
i:  77900, t:  139892.3 s, ωt:  13.99 (2.23 periods), wall: 19.805 minutes, Δt:   0.90, CFL: 7.20e-01
i:  78000, t:  140003.6 s, ωt:  14.00 (2.23 periods), wall: 19.830 minutes, Δt:   1.18, CFL: 7.20e-01
i:  78100, t:  140122.7 s, ωt:  14.01 (2.23 periods), wall: 19.855 minutes, Δt:   1.13, CFL: 7.20e-01
i:  78200, t:  140239.1 s, ωt:  14.02 (2.23 periods), wall: 19.879 minutes, Δt:   1.17, CFL: 7.20e-01
i:  78300, t:  140362.2 s, ωt:  14.04 (2.23 periods), wall: 19.904 minutes, Δt:   1.13, CFL: 7.20e-01
i:  78400, t:  140487.3 s, ωt:  14.05 (2.24 periods), wall: 19.929 minutes, Δt:   1.27, CFL: 7.20e-01
i:  78500, t:  140603.4 s, ωt:  14.06 (2.24 periods), wall: 19.954 minutes, Δt:   1.30, CFL: 7.20e-01
i:  78600, t:  140729.1 s, ωt:  14.07 (2.24 periods), wall: 19.978 minutes, Δt:   1.30, CFL: 7.20e-01
i:  78700, t:  140852.7 s, ωt:  14.09 (2.24 periods), wall: 20.003 minutes, Δt:   1.44, CFL: 7.20e-01
i:  78800, t:  140960.8 s, ωt:  14.10 (2.24 periods), wall: 20.028 minutes, Δt:   1.03, CFL: 7.20e-01
i:  78900, t:  141067.6 s, ωt:  14.11 (2.25 periods), wall: 20.052 minutes, Δt:   1.32, CFL: 7.20e-01
i:  79000, t:  141208.9 s, ωt:  14.12 (2.25 periods), wall: 20.077 minutes, Δt:   1.38, CFL: 7.20e-01
i:  79100, t:  141341.4 s, ωt:  14.13 (2.25 periods), wall: 20.102 minutes, Δt:   1.25, CFL: 7.20e-01
i:  79200, t:  141463.6 s, ωt:  14.15 (2.25 periods), wall: 20.127 minutes, Δt:   1.24, CFL: 7.20e-01
i:  79300, t:  141593.6 s, ωt:  14.16 (2.25 periods), wall: 20.152 minutes, Δt:   1.22, CFL: 7.20e-01
i:  79400, t:  141729.2 s, ωt:  14.17 (2.26 periods), wall: 20.177 minutes, Δt:   1.31, CFL: 7.20e-01
i:  79500, t:  141861.5 s, ωt:  14.19 (2.26 periods), wall: 20.201 minutes, Δt:   1.34, CFL: 7.20e-01
i:  79600, t:  141981.1 s, ωt:  14.20 (2.26 periods), wall: 20.226 minutes, Δt:   1.37, CFL: 7.20e-01
i:  79700, t:  142116.7 s, ωt:  14.21 (2.26 periods), wall: 20.251 minutes, Δt:   1.23, CFL: 7.20e-01
i:  79800, t:  142246.3 s, ωt:  14.22 (2.26 periods), wall: 20.276 minutes, Δt:   1.39, CFL: 7.20e-01
i:  79900, t:  142375.6 s, ωt:  14.24 (2.27 periods), wall: 20.301 minutes, Δt:   1.21, CFL: 7.20e-01
i:  80000, t:  142499.3 s, ωt:  14.25 (2.27 periods), wall: 20.326 minutes, Δt:   1.08, CFL: 7.20e-01
i:  80100, t:  142626.1 s, ωt:  14.26 (2.27 periods), wall: 20.350 minutes, Δt:   1.23, CFL: 7.20e-01
i:  80200, t:  142751.8 s, ωt:  14.28 (2.27 periods), wall: 20.375 minutes, Δt:   1.17, CFL: 7.20e-01
i:  80300, t:  142875.1 s, ωt:  14.29 (2.27 periods), wall: 20.400 minutes, Δt:   1.29, CFL: 7.20e-01
i:  80400, t:  142984.2 s, ωt:  14.30 (2.28 periods), wall: 20.425 minutes, Δt:   1.28, CFL: 7.20e-01
i:  80500, t:  143109.6 s, ωt:  14.31 (2.28 periods), wall: 20.449 minutes, Δt:   1.12, CFL: 7.20e-01
i:  80600, t:  143219.1 s, ωt:  14.32 (2.28 periods), wall: 20.474 minutes, Δt:   1.03, CFL: 7.20e-01
i:  80700, t:  143325.9 s, ωt:  14.33 (2.28 periods), wall: 20.499 minutes, Δt:   1.11, CFL: 7.20e-01
i:  80800, t:  143439.7 s, ωt:  14.34 (2.28 periods), wall: 20.524 minutes, Δt:   1.15, CFL: 7.20e-01
i:  80900, t:  143543.5 s, ωt:  14.35 (2.28 periods), wall: 20.549 minutes, Δt:   0.92, CFL: 7.20e-01
i:  81000, t:  143660.3 s, ωt:  14.37 (2.29 periods), wall: 20.574 minutes, Δt:   1.32, CFL: 7.20e-01
i:  81100, t:  143788.2 s, ωt:  14.38 (2.29 periods), wall: 20.598 minutes, Δt:   1.32, CFL: 7.20e-01
i:  81200, t:  143910.2 s, ωt:  14.39 (2.29 periods), wall: 20.623 minutes, Δt:   1.11, CFL: 7.20e-01
i:  81300, t:  144029.9 s, ωt:  14.40 (2.29 periods), wall: 20.648 minutes, Δt:   1.38, CFL: 7.20e-01
i:  81400, t:  144144.4 s, ωt:  14.41 (2.29 periods), wall: 20.673 minutes, Δt:   1.07, CFL: 7.20e-01
i:  81500, t:  144265.1 s, ωt:  14.43 (2.30 periods), wall: 20.697 minutes, Δt:   1.14, CFL: 7.20e-01
i:  81600, t:  144397.9 s, ωt:  14.44 (2.30 periods), wall: 20.722 minutes, Δt:   1.23, CFL: 7.20e-01
i:  81700, t:  144524.6 s, ωt:  14.45 (2.30 periods), wall: 20.747 minutes, Δt:   1.09, CFL: 7.20e-01
i:  81800, t:  144648.2 s, ωt:  14.46 (2.30 periods), wall: 20.772 minutes, Δt:   1.17, CFL: 7.20e-01
i:  81900, t:  144772.4 s, ωt:  14.48 (2.30 periods), wall: 20.795 minutes, Δt:   1.34, CFL: 7.20e-01
i:  82000, t:  144904.4 s, ωt:  14.49 (2.31 periods), wall: 20.819 minutes, Δt:   1.21, CFL: 7.20e-01
i:  82100, t:  145032.3 s, ωt:  14.50 (2.31 periods), wall: 20.842 minutes, Δt:   1.40, CFL: 7.20e-01
i:  82200, t:  145159.2 s, ωt:  14.52 (2.31 periods), wall: 20.866 minutes, Δt:   1.19, CFL: 7.20e-01
i:  82300, t:  145301.5 s, ωt:  14.53 (2.31 periods), wall: 20.891 minutes, Δt:   1.35, CFL: 7.20e-01
i:  82400, t:  145445.9 s, ωt:  14.54 (2.31 periods), wall: 20.915 minutes, Δt:   1.25, CFL: 7.20e-01
i:  82500, t:  145565.3 s, ωt:  14.56 (2.32 periods), wall: 20.940 minutes, Δt:   1.46, CFL: 7.20e-01
i:  82600, t:  145709.5 s, ωt:  14.57 (2.32 periods), wall: 20.965 minutes, Δt:   1.48, CFL: 7.20e-01
i:  82700, t:  145846.9 s, ωt:  14.58 (2.32 periods), wall: 20.990 minutes, Δt:   1.25, CFL: 7.20e-01
i:  82800, t:  145983.6 s, ωt:  14.60 (2.32 periods), wall: 21.015 minutes, Δt:   1.34, CFL: 7.20e-01
i:  82900, t:  146136.1 s, ωt:  14.61 (2.33 periods), wall: 21.039 minutes, Δt:   1.70, CFL: 7.20e-01
i:  83000, t:  146276.9 s, ωt:  14.63 (2.33 periods), wall: 21.063 minutes, Δt:   1.37, CFL: 7.20e-01
i:  83100, t:  146415.5 s, ωt:  14.64 (2.33 periods), wall: 21.089 minutes, Δt:   1.35, CFL: 7.20e-01
i:  83200, t:  146563.7 s, ωt:  14.66 (2.33 periods), wall: 21.113 minutes, Δt:   1.71, CFL: 7.20e-01
i:  83300, t:  146722.0 s, ωt:  14.67 (2.34 periods), wall: 21.138 minutes, Δt:   1.61, CFL: 7.20e-01
i:  83400, t:  146881.1 s, ωt:  14.69 (2.34 periods), wall: 21.162 minutes, Δt:   1.63, CFL: 7.20e-01
i:  83500, t:  147039.2 s, ωt:  14.70 (2.34 periods), wall: 21.187 minutes, Δt:   1.53, CFL: 7.20e-01
i:  83600, t:  147185.3 s, ωt:  14.72 (2.34 periods), wall: 21.211 minutes, Δt:   1.44, CFL: 7.20e-01
i:  83700, t:  147360.3 s, ωt:  14.74 (2.35 periods), wall: 21.236 minutes, Δt:   1.97, CFL: 7.20e-01
i:  83800, t:  147521.8 s, ωt:  14.75 (2.35 periods), wall: 21.260 minutes, Δt:   1.77, CFL: 7.20e-01
i:  83900, t:  147687.4 s, ωt:  14.77 (2.35 periods), wall: 21.285 minutes, Δt:   1.52, CFL: 7.20e-01
i:  84000, t:  147855.7 s, ωt:  14.79 (2.35 periods), wall: 21.309 minutes, Δt:   1.43, CFL: 7.20e-01
i:  84100, t:  148007.5 s, ωt:  14.80 (2.36 periods), wall: 21.334 minutes, Δt:   1.78, CFL: 7.20e-01
i:  84200, t:  148182.4 s, ωt:  14.82 (2.36 periods), wall: 21.357 minutes, Δt:   1.58, CFL: 7.20e-01
i:  84300, t:  148342.4 s, ωt:  14.83 (2.36 periods), wall: 21.381 minutes, Δt:   1.51, CFL: 7.20e-01
i:  84400, t:  148512.6 s, ωt:  14.85 (2.36 periods), wall: 21.406 minutes, Δt:   1.90, CFL: 7.20e-01
i:  84500, t:  148685.5 s, ωt:  14.87 (2.37 periods), wall: 21.431 minutes, Δt:   1.71, CFL: 7.20e-01
i:  84600, t:  148845.9 s, ωt:  14.88 (2.37 periods), wall: 21.455 minutes, Δt:   1.35, CFL: 7.20e-01
i:  84700, t:  148984.3 s, ωt:  14.90 (2.37 periods), wall: 21.480 minutes, Δt:   1.52, CFL: 7.20e-01
i:  84800, t:  149140.1 s, ωt:  14.91 (2.37 periods), wall: 21.503 minutes, Δt:   1.71, CFL: 7.20e-01
i:  84900, t:  149328.1 s, ωt:  14.93 (2.38 periods), wall: 21.527 minutes, Δt:   1.70, CFL: 7.20e-01
i:  85000, t:  149513.9 s, ωt:  14.95 (2.38 periods), wall: 21.551 minutes, Δt:   2.04, CFL: 7.20e-01
i:  85100, t:  149724.0 s, ωt:  14.97 (2.38 periods), wall: 21.575 minutes, Δt:   2.01, CFL: 7.20e-01
i:  85200, t:  149936.2 s, ωt:  14.99 (2.39 periods), wall: 21.601 minutes, Δt:   2.14, CFL: 7.20e-01
i:  85300, t:  150133.2 s, ωt:  15.01 (2.39 periods), wall: 21.625 minutes, Δt:   2.26, CFL: 7.20e-01
i:  85400, t:  150347.4 s, ωt:  15.03 (2.39 periods), wall: 21.650 minutes, Δt:   2.24, CFL: 7.20e-01
i:  85500, t:  150600.1 s, ωt:  15.06 (2.40 periods), wall: 21.675 minutes, Δt:   2.61, CFL: 7.20e-01
i:  85600, t:  150857.9 s, ωt:  15.09 (2.40 periods), wall: 21.700 minutes, Δt:   2.52, CFL: 7.20e-01
i:  85700, t:  151100.9 s, ωt:  15.11 (2.40 periods), wall: 21.725 minutes, Δt:   2.52, CFL: 7.20e-01
i:  85800, t:  151375.5 s, ωt:  15.14 (2.41 periods), wall: 21.749 minutes, Δt:   2.68, CFL: 7.20e-01
i:  85900, t:  151639.5 s, ωt:  15.16 (2.41 periods), wall: 21.773 minutes, Δt:   2.92, CFL: 7.20e-01
i:  86000, t:  151908.9 s, ωt:  15.19 (2.42 periods), wall: 21.799 minutes, Δt:   2.57, CFL: 7.20e-01
i:  86100, t:  152201.4 s, ωt:  15.22 (2.42 periods), wall: 21.824 minutes, Δt:   3.02, CFL: 7.20e-01
i:  86200, t:  152488.2 s, ωt:  15.25 (2.43 periods), wall: 21.849 minutes, Δt:   3.25, CFL: 7.20e-01
i:  86300, t:  152824.8 s, ωt:  15.28 (2.43 periods), wall: 21.873 minutes, Δt:   3.67, CFL: 7.20e-01
i:  86400, t:  153165.4 s, ωt:  15.32 (2.44 periods), wall: 21.898 minutes, Δt:   3.49, CFL: 7.20e-01
i:  86500, t:  153541.2 s, ωt:  15.35 (2.44 periods), wall: 21.923 minutes, Δt:   3.86, CFL: 7.20e-01
i:  86600, t:  153967.2 s, ωt:  15.40 (2.45 periods), wall: 21.949 minutes, Δt:   4.17, CFL: 7.20e-01
i:  86700, t:  154391.1 s, ωt:  15.44 (2.46 periods), wall: 21.973 minutes, Δt:   4.62, CFL: 7.20e-01
i:  86800, t:  154877.1 s, ωt:  15.49 (2.46 periods), wall: 21.998 minutes, Δt:   5.86, CFL: 6.72e-01
i:  86900, t:  155430.3 s, ωt:  15.54 (2.47 periods), wall: 22.023 minutes, Δt:   4.57, CFL: 7.20e-01
i:  87000, t:  155984.3 s, ωt:  15.60 (2.48 periods), wall: 22.048 minutes, Δt:   5.69, CFL: 7.20e-01
i:  87100, t:  156631.7 s, ωt:  15.66 (2.49 periods), wall: 22.073 minutes, Δt:   7.07, CFL: 7.20e-01
i:  87200, t:  157272.8 s, ωt:  15.73 (2.50 periods), wall: 22.106 minutes, Δt:   6.89, CFL: 7.20e-01
i:  87300, t:  157879.5 s, ωt:  15.79 (2.51 periods), wall: 22.132 minutes, Δt:   5.50, CFL: 7.20e-01
i:  87400, t:  158393.1 s, ωt:  15.84 (2.52 periods), wall: 22.157 minutes, Δt:   4.28, CFL: 7.20e-01
i:  87500, t:  158834.0 s, ωt:  15.88 (2.53 periods), wall: 22.181 minutes, Δt:   4.37, CFL: 7.20e-01
i:  87600, t:  159211.1 s, ωt:  15.92 (2.53 periods), wall: 22.206 minutes, Δt:   3.52, CFL: 7.20e-01
i:  87700, t:  159571.0 s, ωt:  15.96 (2.54 periods), wall: 22.231 minutes, Δt:   3.65, CFL: 7.20e-01
i:  87800, t:  159918.1 s, ωt:  15.99 (2.55 periods), wall: 22.256 minutes, Δt:   3.51, CFL: 7.20e-01
i:  87900, t:  160212.4 s, ωt:  16.02 (2.55 periods), wall: 22.281 minutes, Δt:   2.61, CFL: 7.20e-01
i:  88000, t:  160491.1 s, ωt:  16.05 (2.55 periods), wall: 22.306 minutes, Δt:   2.98, CFL: 7.20e-01
i:  88100, t:  160772.5 s, ωt:  16.08 (2.56 periods), wall: 22.331 minutes, Δt:   2.19, CFL: 7.20e-01
i:  88200, t:  161000.4 s, ωt:  16.10 (2.56 periods), wall: 22.356 minutes, Δt:   2.04, CFL: 7.20e-01
i:  88300, t:  161217.9 s, ωt:  16.12 (2.57 periods), wall: 22.380 minutes, Δt:   2.18, CFL: 7.20e-01
i:  88400, t:  161423.2 s, ωt:  16.14 (2.57 periods), wall: 22.405 minutes, Δt:   2.22, CFL: 7.20e-01
i:  88500, t:  161636.2 s, ωt:  16.16 (2.57 periods), wall: 22.430 minutes, Δt:   1.98, CFL: 7.20e-01
i:  88600, t:  161826.4 s, ωt:  16.18 (2.58 periods), wall: 22.455 minutes, Δt:   1.92, CFL: 7.20e-01
i:  88700, t:  162031.1 s, ωt:  16.20 (2.58 periods), wall: 22.479 minutes, Δt:   2.25, CFL: 7.20e-01
i:  88800, t:  162237.9 s, ωt:  16.22 (2.58 periods), wall: 22.505 minutes, Δt:   2.14, CFL: 7.20e-01
i:  88900, t:  162436.5 s, ωt:  16.24 (2.59 periods), wall: 22.529 minutes, Δt:   1.58, CFL: 7.20e-01
i:  89000, t:  162619.9 s, ωt:  16.26 (2.59 periods), wall: 22.554 minutes, Δt:   1.94, CFL: 7.20e-01
i:  89100, t:  162798.5 s, ωt:  16.28 (2.59 periods), wall: 22.579 minutes, Δt:   1.70, CFL: 7.20e-01
i:  89200, t:  162969.7 s, ωt:  16.30 (2.59 periods), wall: 22.604 minutes, Δt:   1.62, CFL: 7.20e-01
i:  89300, t:  163129.2 s, ωt:  16.31 (2.60 periods), wall: 22.630 minutes, Δt:   1.78, CFL: 7.20e-01
i:  89400, t:  163306.0 s, ωt:  16.33 (2.60 periods), wall: 22.654 minutes, Δt:   1.88, CFL: 7.20e-01
i:  89500, t:  163486.0 s, ωt:  16.35 (2.60 periods), wall: 22.678 minutes, Δt:   1.65, CFL: 7.20e-01
i:  89600, t:  163642.8 s, ωt:  16.36 (2.60 periods), wall: 22.703 minutes, Δt:   1.61, CFL: 7.20e-01
i:  89700, t:  163813.3 s, ωt:  16.38 (2.61 periods), wall: 22.727 minutes, Δt:   1.60, CFL: 7.20e-01
i:  89800, t:  163961.8 s, ωt:  16.40 (2.61 periods), wall: 22.752 minutes, Δt:   1.58, CFL: 7.20e-01
i:  89900, t:  164122.3 s, ωt:  16.41 (2.61 periods), wall: 22.777 minutes, Δt:   1.43, CFL: 7.20e-01
i:  90000, t:  164267.5 s, ωt:  16.43 (2.61 periods), wall: 22.801 minutes, Δt:   1.62, CFL: 7.20e-01
i:  90100, t:  164430.7 s, ωt:  16.44 (2.62 periods), wall: 22.826 minutes, Δt:   1.55, CFL: 7.20e-01
i:  90200, t:  164574.2 s, ωt:  16.46 (2.62 periods), wall: 22.850 minutes, Δt:   1.56, CFL: 7.20e-01
i:  90300, t:  164724.1 s, ωt:  16.47 (2.62 periods), wall: 22.874 minutes, Δt:   1.42, CFL: 7.20e-01
i:  90400, t:  164881.9 s, ωt:  16.49 (2.62 periods), wall: 22.897 minutes, Δt:   1.64, CFL: 7.20e-01
i:  90500, t:  165042.7 s, ωt:  16.50 (2.63 periods), wall: 22.922 minutes, Δt:   1.64, CFL: 7.20e-01
i:  90600, t:  165187.6 s, ωt:  16.52 (2.63 periods), wall: 22.946 minutes, Δt:   1.38, CFL: 7.20e-01
i:  90700, t:  165322.6 s, ωt:  16.53 (2.63 periods), wall: 22.971 minutes, Δt:   1.34, CFL: 7.20e-01
i:  90800, t:  165457.6 s, ωt:  16.55 (2.63 periods), wall: 22.996 minutes, Δt:   1.23, CFL: 7.20e-01
i:  90900, t:  165604.2 s, ωt:  16.56 (2.64 periods), wall: 23.021 minutes, Δt:   1.48, CFL: 7.20e-01
i:  91000, t:  165745.7 s, ωt:  16.57 (2.64 periods), wall: 23.046 minutes, Δt:   1.48, CFL: 7.20e-01
i:  91100, t:  165886.1 s, ωt:  16.59 (2.64 periods), wall: 23.070 minutes, Δt:   1.48, CFL: 7.20e-01
i:  91200, t:  166039.3 s, ωt:  16.60 (2.64 periods), wall: 23.094 minutes, Δt:   1.45, CFL: 7.20e-01
i:  91300, t:  166169.1 s, ωt:  16.62 (2.64 periods), wall: 23.118 minutes, Δt:   1.20, CFL: 7.20e-01
i:  91400, t:  166293.8 s, ωt:  16.63 (2.65 periods), wall: 23.143 minutes, Δt:   1.57, CFL: 7.20e-01
i:  91500, t:  166440.2 s, ωt:  16.64 (2.65 periods), wall: 23.167 minutes, Δt:   1.46, CFL: 7.20e-01
i:  91600, t:  166578.0 s, ωt:  16.66 (2.65 periods), wall: 23.191 minutes, Δt:   1.37, CFL: 7.20e-01
i:  91700, t:  166704.4 s, ωt:  16.67 (2.65 periods), wall: 23.215 minutes, Δt:   1.26, CFL: 7.20e-01
i:  91800, t:  166833.5 s, ωt:  16.68 (2.66 periods), wall: 23.240 minutes, Δt:   1.24, CFL: 7.20e-01
i:  91900, t:  166954.2 s, ωt:  16.70 (2.66 periods), wall: 23.264 minutes, Δt:   1.25, CFL: 7.20e-01
i:  92000, t:  167080.0 s, ωt:  16.71 (2.66 periods), wall: 23.289 minutes, Δt:   1.39, CFL: 7.20e-01
i:  92100, t:  167216.2 s, ωt:  16.72 (2.66 periods), wall: 23.314 minutes, Δt:   1.29, CFL: 7.20e-01
i:  92200, t:  167345.4 s, ωt:  16.73 (2.66 periods), wall: 23.338 minutes, Δt:   1.25, CFL: 7.20e-01
i:  92300, t:  167480.5 s, ωt:  16.75 (2.67 periods), wall: 23.362 minutes, Δt:   1.38, CFL: 7.20e-01
i:  92400, t:  167615.7 s, ωt:  16.76 (2.67 periods), wall: 23.387 minutes, Δt:   1.55, CFL: 7.20e-01
i:  92500, t:  167758.6 s, ωt:  16.78 (2.67 periods), wall: 23.412 minutes, Δt:   1.40, CFL: 7.20e-01
i:  92600, t:  167891.9 s, ωt:  16.79 (2.67 periods), wall: 23.436 minutes, Δt:   1.43, CFL: 7.20e-01
i:  92700, t:  168030.7 s, ωt:  16.80 (2.67 periods), wall: 23.460 minutes, Δt:   1.26, CFL: 7.20e-01
i:  92800, t:  168165.0 s, ωt:  16.82 (2.68 periods), wall: 23.485 minutes, Δt:   1.29, CFL: 7.20e-01
i:  92900, t:  168293.7 s, ωt:  16.83 (2.68 periods), wall: 23.509 minutes, Δt:   1.39, CFL: 7.20e-01
i:  93000, t:  168423.9 s, ωt:  16.84 (2.68 periods), wall: 23.534 minutes, Δt:   1.29, CFL: 7.20e-01
i:  93100, t:  168547.1 s, ωt:  16.85 (2.68 periods), wall: 23.558 minutes, Δt:   1.32, CFL: 7.20e-01
i:  93200, t:  168672.8 s, ωt:  16.87 (2.68 periods), wall: 23.583 minutes, Δt:   1.23, CFL: 7.20e-01
i:  93300, t:  168793.4 s, ωt:  16.88 (2.69 periods), wall: 23.608 minutes, Δt:   1.25, CFL: 7.20e-01
i:  93400, t:  168918.4 s, ωt:  16.89 (2.69 periods), wall: 23.633 minutes, Δt:   1.28, CFL: 7.20e-01
i:  93500, t:  169044.5 s, ωt:  16.90 (2.69 periods), wall: 23.658 minutes, Δt:   1.36, CFL: 7.20e-01
i:  93600, t:  169168.4 s, ωt:  16.92 (2.69 periods), wall: 23.682 minutes, Δt:   1.07, CFL: 7.20e-01
i:  93700, t:  169284.0 s, ωt:  16.93 (2.69 periods), wall: 23.706 minutes, Δt:   1.09, CFL: 7.20e-01
i:  93800, t:  169391.2 s, ωt:  16.94 (2.70 periods), wall: 23.731 minutes, Δt:   1.16, CFL: 7.20e-01
i:  93900, t:  169513.8 s, ωt:  16.95 (2.70 periods), wall: 23.756 minutes, Δt:   1.15, CFL: 7.20e-01
i:  94000, t:  169631.4 s, ωt:  16.96 (2.70 periods), wall: 23.781 minutes, Δt:   1.17, CFL: 7.20e-01
i:  94100, t:  169742.9 s, ωt:  16.97 (2.70 periods), wall: 23.806 minutes, Δt:   1.31, CFL: 7.20e-01
i:  94200, t:  169869.2 s, ωt:  16.99 (2.70 periods), wall: 23.830 minutes, Δt:   1.26, CFL: 7.20e-01
i:  94300, t:  170000.1 s, ωt:  17.00 (2.71 periods), wall: 23.855 minutes, Δt:   1.21, CFL: 7.20e-01
i:  94400, t:  170132.3 s, ωt:  17.01 (2.71 periods), wall: 23.880 minutes, Δt:   1.13, CFL: 7.20e-01
i:  94500, t:  170244.5 s, ωt:  17.02 (2.71 periods), wall: 23.904 minutes, Δt:   1.10, CFL: 7.20e-01
i:  94600, t:  170367.4 s, ωt:  17.04 (2.71 periods), wall: 23.929 minutes, Δt:   1.38, CFL: 7.20e-01
i:  94700, t:  170488.4 s, ωt:  17.05 (2.71 periods), wall: 23.952 minutes, Δt:   1.24, CFL: 7.20e-01
i:  94800, t:  170612.7 s, ωt:  17.06 (2.72 periods), wall: 23.976 minutes, Δt:   1.28, CFL: 7.20e-01
i:  94900, t:  170727.2 s, ωt:  17.07 (2.72 periods), wall: 24.001 minutes, Δt:   1.16, CFL: 7.20e-01
i:  95000, t:  170850.6 s, ωt:  17.09 (2.72 periods), wall: 24.025 minutes, Δt:   1.26, CFL: 7.20e-01
i:  95100, t:  170973.1 s, ωt:  17.10 (2.72 periods), wall: 24.050 minutes, Δt:   1.06, CFL: 7.20e-01
i:  95200, t:  171074.7 s, ωt:  17.11 (2.72 periods), wall: 24.073 minutes, Δt:   1.15, CFL: 7.14e-01
i:  95300, t:  171188.2 s, ωt:  17.12 (2.72 periods), wall: 24.096 minutes, Δt:   1.17, CFL: 7.20e-01
i:  95400, t:  171304.8 s, ωt:  17.13 (2.73 periods), wall: 24.120 minutes, Δt:   1.12, CFL: 7.20e-01
i:  95500, t:  171426.5 s, ωt:  17.14 (2.73 periods), wall: 24.144 minutes, Δt:   1.02, CFL: 7.20e-01
i:  95600, t:  171537.8 s, ωt:  17.15 (2.73 periods), wall: 24.169 minutes, Δt:   1.11, CFL: 7.20e-01
i:  95700, t:  171652.1 s, ωt:  17.17 (2.73 periods), wall: 24.194 minutes, Δt:   1.20, CFL: 7.20e-01
i:  95800, t:  171757.7 s, ωt:  17.18 (2.73 periods), wall: 24.218 minutes, Δt:   1.18, CFL: 7.20e-01
i:  95900, t:  171866.0 s, ωt:  17.19 (2.74 periods), wall: 24.242 minutes, Δt:   1.08, CFL: 7.20e-01
i:  96000, t:  171982.0 s, ωt:  17.20 (2.74 periods), wall: 24.265 minutes, Δt:   1.09, CFL: 7.20e-01
i:  96100, t:  172102.1 s, ωt:  17.21 (2.74 periods), wall: 24.289 minutes, Δt:   1.32, CFL: 7.20e-01
i:  96200, t:  172224.0 s, ωt:  17.22 (2.74 periods), wall: 24.314 minutes, Δt:   1.20, CFL: 7.20e-01
i:  96300, t:  172341.4 s, ωt:  17.23 (2.74 periods), wall: 24.337 minutes, Δt:   1.17, CFL: 7.20e-01
i:  96400, t:  172445.8 s, ωt:  17.24 (2.74 periods), wall: 24.361 minutes, Δt:   0.93, CFL: 7.20e-01
i:  96500, t:  172539.7 s, ωt:  17.25 (2.75 periods), wall: 24.386 minutes, Δt:   0.86, CFL: 7.20e-01
i:  96600, t:  172644.8 s, ωt:  17.26 (2.75 periods), wall: 24.410 minutes, Δt:   1.11, CFL: 7.20e-01
i:  96700, t:  172762.6 s, ωt:  17.28 (2.75 periods), wall: 24.434 minutes, Δt:   1.27, CFL: 7.20e-01
i:  96800, t:  172885.1 s, ωt:  17.29 (2.75 periods), wall: 24.458 minutes, Δt:   1.21, CFL: 7.20e-01
i:  96900, t:  173008.4 s, ωt:  17.30 (2.75 periods), wall: 24.481 minutes, Δt:   1.33, CFL: 7.20e-01
i:  97000, t:  173139.2 s, ωt:  17.31 (2.76 periods), wall: 24.505 minutes, Δt:   1.27, CFL: 7.20e-01
i:  97100, t:  173265.6 s, ωt:  17.33 (2.76 periods), wall: 24.530 minutes, Δt:   1.11, CFL: 7.20e-01
i:  97200, t:  173385.3 s, ωt:  17.34 (2.76 periods), wall: 24.554 minutes, Δt:   1.04, CFL: 7.20e-01
i:  97300, t:  173492.6 s, ωt:  17.35 (2.76 periods), wall: 24.578 minutes, Δt:   0.97, CFL: 7.20e-01
i:  97400, t:  173606.9 s, ωt:  17.36 (2.76 periods), wall: 24.602 minutes, Δt:   1.30, CFL: 7.20e-01
i:  97500, t:  173737.4 s, ωt:  17.37 (2.77 periods), wall: 24.627 minutes, Δt:   1.13, CFL: 7.20e-01
i:  97600, t:  173850.0 s, ωt:  17.38 (2.77 periods), wall: 24.652 minutes, Δt:   1.12, CFL: 7.20e-01
i:  97700, t:  173956.9 s, ωt:  17.40 (2.77 periods), wall: 24.677 minutes, Δt:   1.13, CFL: 7.20e-01
i:  97800, t:  174083.4 s, ωt:  17.41 (2.77 periods), wall: 24.702 minutes, Δt:   1.31, CFL: 7.20e-01
i:  97900, t:  174215.4 s, ωt:  17.42 (2.77 periods), wall: 24.726 minutes, Δt:   1.21, CFL: 7.20e-01
i:  98000, t:  174334.2 s, ωt:  17.43 (2.77 periods), wall: 24.751 minutes, Δt:   1.28, CFL: 7.20e-01
i:  98100, t:  174472.8 s, ωt:  17.45 (2.78 periods), wall: 24.776 minutes, Δt:   1.39, CFL: 7.20e-01
i:  98200, t:  174599.1 s, ωt:  17.46 (2.78 periods), wall: 24.801 minutes, Δt:   1.28, CFL: 7.20e-01
i:  98300, t:  174732.8 s, ωt:  17.47 (2.78 periods), wall: 24.826 minutes, Δt:   1.48, CFL: 7.20e-01
i:  98400, t:  174867.4 s, ωt:  17.49 (2.78 periods), wall: 24.851 minutes, Δt:   1.11, CFL: 7.20e-01
i:  98500, t:  174989.1 s, ωt:  17.50 (2.79 periods), wall: 24.875 minutes, Δt:   1.15, CFL: 7.20e-01
i:  98600, t:  175113.9 s, ωt:  17.51 (2.79 periods), wall: 24.900 minutes, Δt:   1.36, CFL: 7.20e-01
i:  98700, t:  175251.4 s, ωt:  17.53 (2.79 periods), wall: 24.925 minutes, Δt:   1.30, CFL: 7.20e-01
i:  98800, t:  175383.0 s, ωt:  17.54 (2.79 periods), wall: 24.950 minutes, Δt:   1.39, CFL: 7.20e-01
i:  98900, t:  175519.0 s, ωt:  17.55 (2.79 periods), wall: 24.975 minutes, Δt:   0.96, CFL: 7.20e-01
i:  99000, t:  175627.8 s, ωt:  17.56 (2.80 periods), wall: 25.000 minutes, Δt:   1.27, CFL: 7.20e-01
i:  99100, t:  175745.4 s, ωt:  17.57 (2.80 periods), wall: 25.024 minutes, Δt:   1.07, CFL: 7.20e-01
i:  99200, t:  175882.5 s, ωt:  17.59 (2.80 periods), wall: 25.049 minutes, Δt:   1.47, CFL: 7.20e-01
i:  99300, t:  176018.4 s, ωt:  17.60 (2.80 periods), wall: 25.073 minutes, Δt:   1.23, CFL: 7.20e-01
i:  99400, t:  176145.0 s, ωt:  17.61 (2.80 periods), wall: 25.098 minutes, Δt:   1.40, CFL: 7.20e-01
i:  99500, t:  176277.0 s, ωt:  17.63 (2.81 periods), wall: 25.123 minutes, Δt:   1.44, CFL: 7.20e-01
i:  99600, t:  176414.2 s, ωt:  17.64 (2.81 periods), wall: 25.147 minutes, Δt:   1.36, CFL: 7.20e-01
i:  99700, t:  176548.3 s, ωt:  17.65 (2.81 periods), wall: 25.172 minutes, Δt:   1.39, CFL: 7.20e-01
i:  99800, t:  176681.8 s, ωt:  17.67 (2.81 periods), wall: 25.197 minutes, Δt:   1.27, CFL: 7.20e-01
i:  99900, t:  176818.6 s, ωt:  17.68 (2.81 periods), wall: 25.221 minutes, Δt:   1.59, CFL: 7.20e-01
i: 100000, t:  176950.8 s, ωt:  17.70 (2.82 periods), wall: 25.247 minutes, Δt:   1.02, CFL: 7.20e-01
i: 100100, t:  177080.3 s, ωt:  17.71 (2.82 periods), wall: 25.271 minutes, Δt:   1.55, CFL: 7.20e-01
i: 100200, t:  177222.4 s, ωt:  17.72 (2.82 periods), wall: 25.296 minutes, Δt:   1.56, CFL: 7.20e-01
i: 100300, t:  177370.9 s, ωt:  17.74 (2.82 periods), wall: 25.321 minutes, Δt:   1.54, CFL: 7.20e-01
i: 100400, t:  177520.4 s, ωt:  17.75 (2.83 periods), wall: 25.346 minutes, Δt:   1.48, CFL: 7.20e-01
i: 100500, t:  177661.1 s, ωt:  17.77 (2.83 periods), wall: 25.370 minutes, Δt:   1.35, CFL: 7.20e-01
i: 100600, t:  177790.4 s, ωt:  17.78 (2.83 periods), wall: 25.395 minutes, Δt:   1.27, CFL: 7.20e-01
i: 100700, t:  177917.5 s, ωt:  17.79 (2.83 periods), wall: 25.420 minutes, Δt:   1.49, CFL: 7.20e-01
i: 100800, t:  178058.9 s, ωt:  17.81 (2.83 periods), wall: 25.445 minutes, Δt:   1.40, CFL: 7.20e-01
i: 100900, t:  178190.9 s, ωt:  17.82 (2.84 periods), wall: 25.470 minutes, Δt:   1.27, CFL: 7.20e-01
i: 101000, t:  178332.5 s, ωt:  17.83 (2.84 periods), wall: 25.494 minutes, Δt:   1.38, CFL: 7.20e-01
i: 101100, t:  178471.4 s, ωt:  17.85 (2.84 periods), wall: 25.520 minutes, Δt:   1.52, CFL: 7.20e-01
i: 101200, t:  178606.7 s, ωt:  17.86 (2.84 periods), wall: 25.544 minutes, Δt:   1.29, CFL: 7.20e-01
i: 101300, t:  178754.7 s, ωt:  17.88 (2.84 periods), wall: 25.569 minutes, Δt:   1.72, CFL: 7.20e-01
i: 101400, t:  178917.7 s, ωt:  17.89 (2.85 periods), wall: 25.594 minutes, Δt:   1.81, CFL: 7.20e-01
i: 101500, t:  179076.7 s, ωt:  17.91 (2.85 periods), wall: 25.619 minutes, Δt:   1.57, CFL: 7.20e-01
i: 101600, t:  179236.0 s, ωt:  17.92 (2.85 periods), wall: 25.644 minutes, Δt:   1.52, CFL: 7.20e-01
i: 101700, t:  179384.3 s, ωt:  17.94 (2.85 periods), wall: 25.668 minutes, Δt:   1.46, CFL: 7.20e-01
i: 101800, t:  179549.0 s, ωt:  17.95 (2.86 periods), wall: 25.693 minutes, Δt:   1.46, CFL: 7.20e-01
i: 101900, t:  179696.2 s, ωt:  17.97 (2.86 periods), wall: 25.718 minutes, Δt:   1.70, CFL: 7.20e-01
i: 102000, t:  179875.1 s, ωt:  17.99 (2.86 periods), wall: 25.743 minutes, Δt:   1.71, CFL: 7.20e-01
i: 102100, t:  180028.5 s, ωt:  18.00 (2.87 periods), wall: 25.768 minutes, Δt:   1.69, CFL: 7.20e-01
i: 102200, t:  180194.8 s, ωt:  18.02 (2.87 periods), wall: 25.793 minutes, Δt:   1.61, CFL: 7.20e-01
i: 102300, t:  180340.2 s, ωt:  18.03 (2.87 periods), wall: 25.818 minutes, Δt:   1.88, CFL: 7.20e-01
i: 102400, t:  180529.6 s, ωt:  18.05 (2.87 periods), wall: 25.843 minutes, Δt:   1.89, CFL: 7.20e-01
i: 102500, t:  180724.6 s, ωt:  18.07 (2.88 periods), wall: 25.869 minutes, Δt:   1.52, CFL: 7.20e-01
i: 102600, t:  180920.4 s, ωt:  18.09 (2.88 periods), wall: 25.893 minutes, Δt:   2.14, CFL: 7.20e-01
i: 102700, t:  181140.6 s, ωt:  18.11 (2.88 periods), wall: 25.917 minutes, Δt:   2.21, CFL: 7.20e-01
i: 102800, t:  181339.1 s, ωt:  18.13 (2.89 periods), wall: 25.941 minutes, Δt:   2.02, CFL: 7.20e-01
i: 102900, t:  181549.9 s, ωt:  18.15 (2.89 periods), wall: 25.965 minutes, Δt:   2.21, CFL: 7.20e-01
i: 103000, t:  181764.9 s, ωt:  18.18 (2.89 periods), wall: 25.990 minutes, Δt:   2.09, CFL: 7.20e-01
i: 103100, t:  181990.9 s, ωt:  18.20 (2.90 periods), wall: 26.014 minutes, Δt:   2.34, CFL: 7.20e-01
i: 103200, t:  182229.4 s, ωt:  18.22 (2.90 periods), wall: 26.038 minutes, Δt:   2.33, CFL: 7.20e-01
i: 103300, t:  182465.2 s, ωt:  18.25 (2.90 periods), wall: 26.062 minutes, Δt:   2.59, CFL: 7.20e-01
i: 103400, t:  182694.0 s, ωt:  18.27 (2.91 periods), wall: 26.086 minutes, Δt:   1.83, CFL: 7.20e-01
i: 103500, t:  182920.0 s, ωt:  18.29 (2.91 periods), wall: 26.110 minutes, Δt:   2.45, CFL: 7.20e-01
i: 103600, t:  183147.8 s, ωt:  18.31 (2.91 periods), wall: 26.133 minutes, Δt:   2.46, CFL: 7.20e-01
i: 103700, t:  183423.2 s, ωt:  18.34 (2.92 periods), wall: 26.157 minutes, Δt:   2.84, CFL: 7.20e-01
i: 103800, t:  183719.2 s, ωt:  18.37 (2.92 periods), wall: 26.181 minutes, Δt:   3.06, CFL: 7.20e-01
i: 103900, t:  184032.0 s, ωt:  18.40 (2.93 periods), wall: 26.205 minutes, Δt:   2.96, CFL: 7.20e-01
i: 104000, t:  184348.7 s, ωt:  18.43 (2.93 periods), wall: 26.229 minutes, Δt:   2.87, CFL: 7.20e-01
i: 104100, t:  184701.2 s, ωt:  18.47 (2.94 periods), wall: 26.253 minutes, Δt:   3.67, CFL: 7.20e-01
i: 104200, t:  185080.0 s, ωt:  18.51 (2.95 periods), wall: 26.278 minutes, Δt:   2.99, CFL: 7.20e-01
i: 104300, t:  185447.2 s, ωt:  18.54 (2.95 periods), wall: 26.303 minutes, Δt:   3.87, CFL: 7.20e-01
i: 104400, t:  185819.9 s, ωt:  18.58 (2.96 periods), wall: 26.328 minutes, Δt:   4.84, CFL: 7.13e-01
i: 104500, t:  186296.4 s, ωt:  18.63 (2.96 periods), wall: 26.353 minutes, Δt:   4.79, CFL: 7.20e-01
i: 104600, t:  186861.9 s, ωt:  18.69 (2.97 periods), wall: 26.379 minutes, Δt:   7.21, CFL: 7.20e-01
i: 104700, t:  187526.9 s, ωt:  18.75 (2.98 periods), wall: 26.404 minutes, Δt:   6.35, CFL: 7.20e-01
i: 104800, t:  188181.4 s, ωt:  18.82 (2.99 periods), wall: 26.428 minutes, Δt:   6.51, CFL: 7.20e-01
i: 104900, t:  188893.7 s, ωt:  18.89 (3.01 periods), wall: 26.461 minutes, Δt:   7.08, CFL: 7.20e-01
i: 105000, t:  189595.0 s, ωt:  18.96 (3.02 periods), wall: 26.486 minutes, Δt:   6.99, CFL: 7.20e-01
i: 105100, t:  190256.4 s, ωt:  19.03 (3.03 periods), wall: 26.511 minutes, Δt:   6.22, CFL: 7.20e-01
i: 105200, t:  190792.8 s, ωt:  19.08 (3.04 periods), wall: 26.535 minutes, Δt:   5.09, CFL: 7.20e-01
i: 105300, t:  191272.5 s, ωt:  19.13 (3.04 periods), wall: 26.560 minutes, Δt:   4.62, CFL: 7.20e-01
i: 105400, t:  191670.5 s, ωt:  19.17 (3.05 periods), wall: 26.584 minutes, Δt:   3.69, CFL: 7.20e-01
i: 105500, t:  191981.6 s, ωt:  19.20 (3.06 periods), wall: 26.608 minutes, Δt:   2.98, CFL: 7.20e-01
i: 105600, t:  192246.6 s, ωt:  19.22 (3.06 periods), wall: 26.632 minutes, Δt:   2.58, CFL: 7.20e-01
i: 105700, t:  192499.4 s, ωt:  19.25 (3.06 periods), wall: 26.656 minutes, Δt:   2.37, CFL: 7.20e-01
i: 105800, t:  192738.7 s, ωt:  19.27 (3.07 periods), wall: 26.680 minutes, Δt:   2.01, CFL: 7.20e-01
i: 105900, t:  192966.0 s, ωt:  19.30 (3.07 periods), wall: 26.704 minutes, Δt:   2.23, CFL: 7.20e-01
i: 106000, t:  193179.2 s, ωt:  19.32 (3.07 periods), wall: 26.728 minutes, Δt:   2.01, CFL: 7.20e-01
i: 106100, t:  193381.2 s, ωt:  19.34 (3.08 periods), wall: 26.751 minutes, Δt:   2.11, CFL: 7.20e-01
i: 106200, t:  193577.0 s, ωt:  19.36 (3.08 periods), wall: 26.775 minutes, Δt:   2.15, CFL: 7.20e-01
i: 106300, t:  193794.4 s, ωt:  19.38 (3.08 periods), wall: 26.800 minutes, Δt:   2.08, CFL: 7.20e-01
i: 106400, t:  193977.5 s, ωt:  19.40 (3.09 periods), wall: 26.825 minutes, Δt:   1.68, CFL: 7.20e-01
i: 106500, t:  194159.0 s, ωt:  19.42 (3.09 periods), wall: 26.850 minutes, Δt:   1.90, CFL: 7.20e-01
i: 106600, t:  194345.9 s, ωt:  19.43 (3.09 periods), wall: 26.875 minutes, Δt:   1.90, CFL: 7.20e-01
i: 106700, t:  194532.1 s, ωt:  19.45 (3.10 periods), wall: 26.900 minutes, Δt:   1.96, CFL: 7.20e-01
i: 106800, t:  194718.0 s, ωt:  19.47 (3.10 periods), wall: 26.924 minutes, Δt:   1.95, CFL: 7.20e-01
i: 106900, t:  194891.6 s, ωt:  19.49 (3.10 periods), wall: 26.950 minutes, Δt:   1.76, CFL: 7.20e-01
i: 107000, t:  195063.4 s, ωt:  19.51 (3.10 periods), wall: 26.974 minutes, Δt:   1.71, CFL: 7.20e-01
i: 107100, t:  195231.1 s, ωt:  19.52 (3.11 periods), wall: 26.997 minutes, Δt:   1.81, CFL: 7.20e-01
i: 107200, t:  195402.8 s, ωt:  19.54 (3.11 periods), wall: 27.021 minutes, Δt:   1.82, CFL: 7.20e-01
i: 107300, t:  195576.3 s, ωt:  19.56 (3.11 periods), wall: 27.045 minutes, Δt:   1.85, CFL: 7.20e-01
i: 107400, t:  195736.6 s, ωt:  19.57 (3.12 periods), wall: 27.070 minutes, Δt:   1.30, CFL: 7.20e-01
i: 107500, t:  195887.8 s, ωt:  19.59 (3.12 periods), wall: 27.095 minutes, Δt:   1.23, CFL: 7.20e-01
i: 107600, t:  196032.3 s, ωt:  19.60 (3.12 periods), wall: 27.119 minutes, Δt:   1.54, CFL: 7.20e-01
i: 107700, t:  196193.0 s, ωt:  19.62 (3.12 periods), wall: 27.143 minutes, Δt:   1.71, CFL: 7.20e-01
i: 107800, t:  196347.3 s, ωt:  19.63 (3.12 periods), wall: 27.168 minutes, Δt:   1.52, CFL: 7.20e-01
i: 107900, t:  196492.3 s, ωt:  19.65 (3.13 periods), wall: 27.193 minutes, Δt:   1.55, CFL: 7.20e-01
i: 108000, t:  196627.7 s, ωt:  19.66 (3.13 periods), wall: 27.218 minutes, Δt:   1.61, CFL: 7.20e-01
i: 108100, t:  196761.3 s, ωt:  19.68 (3.13 periods), wall: 27.242 minutes, Δt:   1.34, CFL: 7.20e-01
i: 108200, t:  196902.3 s, ωt:  19.69 (3.13 periods), wall: 27.267 minutes, Δt:   1.39, CFL: 7.20e-01
i: 108300, t:  197041.2 s, ωt:  19.70 (3.14 periods), wall: 27.292 minutes, Δt:   1.37, CFL: 7.20e-01
i: 108400, t:  197158.4 s, ωt:  19.72 (3.14 periods), wall: 27.317 minutes, Δt:   0.91, CFL: 7.20e-01
i: 108500, t:  197280.1 s, ωt:  19.73 (3.14 periods), wall: 27.342 minutes, Δt:   1.34, CFL: 7.20e-01
i: 108600, t:  197400.1 s, ωt:  19.74 (3.14 periods), wall: 27.366 minutes, Δt:   1.11, CFL: 7.20e-01
i: 108700, t:  197515.5 s, ωt:  19.75 (3.14 periods), wall: 27.390 minutes, Δt:   1.00, CFL: 7.20e-01
i: 108800, t:  197625.5 s, ωt:  19.76 (3.15 periods), wall: 27.414 minutes, Δt:   1.35, CFL: 7.20e-01
i: 108900, t:  197763.6 s, ωt:  19.78 (3.15 periods), wall: 27.439 minutes, Δt:   1.08, CFL: 7.20e-01
i: 109000, t:  197882.1 s, ωt:  19.79 (3.15 periods), wall: 27.463 minutes, Δt:   1.44, CFL: 7.20e-01
i: 109100, t:  198008.3 s, ωt:  19.80 (3.15 periods), wall: 27.488 minutes, Δt:   1.29, CFL: 7.20e-01
i: 109200, t:  198140.7 s, ωt:  19.81 (3.15 periods), wall: 27.513 minutes, Δt:   1.36, CFL: 7.20e-01
i: 109300, t:  198258.5 s, ωt:  19.83 (3.16 periods), wall: 27.537 minutes, Δt:   1.20, CFL: 7.20e-01
i: 109400, t:  198387.8 s, ωt:  19.84 (3.16 periods), wall: 27.560 minutes, Δt:   1.36, CFL: 7.20e-01
i: 109500, t:  198521.8 s, ωt:  19.85 (3.16 periods), wall: 27.584 minutes, Δt:   1.42, CFL: 7.20e-01
i: 109600, t:  198663.1 s, ωt:  19.87 (3.16 periods), wall: 27.608 minutes, Δt:   1.28, CFL: 7.20e-01
i: 109700, t:  198787.1 s, ωt:  19.88 (3.16 periods), wall: 27.633 minutes, Δt:   1.10, CFL: 7.20e-01
i: 109800, t:  198899.4 s, ωt:  19.89 (3.17 periods), wall: 27.658 minutes, Δt:   1.01, CFL: 7.20e-01
i: 109900, t:  199007.9 s, ωt:  19.90 (3.17 periods), wall: 27.683 minutes, Δt:   1.43, CFL: 7.20e-01
i: 110000, t:  199130.4 s, ωt:  19.91 (3.17 periods), wall: 27.708 minutes, Δt:   1.18, CFL: 7.20e-01
i: 110100, t:  199259.0 s, ωt:  19.93 (3.17 periods), wall: 27.733 minutes, Δt:   1.23, CFL: 7.20e-01
i: 110200, t:  199395.9 s, ωt:  19.94 (3.17 periods), wall: 27.757 minutes, Δt:   1.37, CFL: 7.20e-01
i: 110300, t:  199537.5 s, ωt:  19.95 (3.18 periods), wall: 27.782 minutes, Δt:   1.40, CFL: 7.20e-01
i: 110400, t:  199679.9 s, ωt:  19.97 (3.18 periods), wall: 27.807 minutes, Δt:   1.30, CFL: 7.20e-01
i: 110500, t:  199816.2 s, ωt:  19.98 (3.18 periods), wall: 27.831 minutes, Δt:   1.42, CFL: 7.20e-01
i: 110600, t:  199932.0 s, ωt:  19.99 (3.18 periods), wall: 27.857 minutes, Δt:   1.10, CFL: 7.20e-01
i: 110700, t:  200047.5 s, ωt:  20.00 (3.18 periods), wall: 27.881 minutes, Δt:   1.24, CFL: 7.20e-01
i: 110800, t:  200178.2 s, ωt:  20.02 (3.19 periods), wall: 27.905 minutes, Δt:   1.28, CFL: 7.20e-01
i: 110900, t:  200308.7 s, ωt:  20.03 (3.19 periods), wall: 27.930 minutes, Δt:   1.42, CFL: 7.20e-01
i: 111000, t:  200433.6 s, ωt:  20.04 (3.19 periods), wall: 27.954 minutes, Δt:   1.23, CFL: 7.20e-01
i: 111100, t:  200555.4 s, ωt:  20.06 (3.19 periods), wall: 27.979 minutes, Δt:   1.22, CFL: 7.20e-01
i: 111200, t:  200683.9 s, ωt:  20.07 (3.19 periods), wall: 28.003 minutes, Δt:   1.17, CFL: 7.20e-01
i: 111300, t:  200785.2 s, ωt:  20.08 (3.20 periods), wall: 28.027 minutes, Δt:   1.19, CFL: 7.20e-01
i: 111400, t:  200905.2 s, ωt:  20.09 (3.20 periods), wall: 28.052 minutes, Δt:   1.38, CFL: 7.20e-01
i: 111500, t:  201043.7 s, ωt:  20.10 (3.20 periods), wall: 28.077 minutes, Δt:   1.13, CFL: 7.20e-01
i: 111600, t:  201166.3 s, ωt:  20.12 (3.20 periods), wall: 28.102 minutes, Δt:   1.11, CFL: 7.20e-01
i: 111700, t:  201285.4 s, ωt:  20.13 (3.20 periods), wall: 28.127 minutes, Δt:   1.30, CFL: 7.20e-01
i: 111800, t:  201422.8 s, ωt:  20.14 (3.21 periods), wall: 28.152 minutes, Δt:   1.35, CFL: 7.20e-01
i: 111900, t:  201551.9 s, ωt:  20.16 (3.21 periods), wall: 28.176 minutes, Δt:   1.26, CFL: 7.20e-01
i: 112000, t:  201683.7 s, ωt:  20.17 (3.21 periods), wall: 28.201 minutes, Δt:   1.26, CFL: 7.20e-01
i: 112100, t:  201798.2 s, ωt:  20.18 (3.21 periods), wall: 28.225 minutes, Δt:   1.21, CFL: 7.20e-01
i: 112200, t:  201917.4 s, ωt:  20.19 (3.21 periods), wall: 28.249 minutes, Δt:   0.96, CFL: 7.20e-01
i: 112300, t:  202036.7 s, ωt:  20.20 (3.22 periods), wall: 28.274 minutes, Δt:   1.18, CFL: 7.20e-01
i: 112400, t:  202146.8 s, ωt:  20.21 (3.22 periods), wall: 28.299 minutes, Δt:   1.31, CFL: 7.20e-01
i: 112500, t:  202276.3 s, ωt:  20.23 (3.22 periods), wall: 28.323 minutes, Δt:   1.05, CFL: 7.20e-01
i: 112600, t:  202399.7 s, ωt:  20.24 (3.22 periods), wall: 28.349 minutes, Δt:   1.38, CFL: 7.20e-01
i: 112700, t:  202526.2 s, ωt:  20.25 (3.22 periods), wall: 28.374 minutes, Δt:   1.05, CFL: 7.20e-01
i: 112800, t:  202649.7 s, ωt:  20.26 (3.23 periods), wall: 28.398 minutes, Δt:   1.20, CFL: 7.20e-01
i: 112900, t:  202766.4 s, ωt:  20.28 (3.23 periods), wall: 28.423 minutes, Δt:   1.26, CFL: 7.20e-01
i: 113000, t:  202879.0 s, ωt:  20.29 (3.23 periods), wall: 28.447 minutes, Δt:   1.37, CFL: 7.20e-01
i: 113100, t:  203011.3 s, ωt:  20.30 (3.23 periods), wall: 28.471 minutes, Δt:   1.22, CFL: 7.20e-01
i: 113200, t:  203139.2 s, ωt:  20.31 (3.23 periods), wall: 28.494 minutes, Δt:   1.33, CFL: 7.20e-01
i: 113300, t:  203269.1 s, ωt:  20.33 (3.24 periods), wall: 28.518 minutes, Δt:   1.11, CFL: 7.20e-01
i: 113400, t:  203385.0 s, ωt:  20.34 (3.24 periods), wall: 28.542 minutes, Δt:   1.36, CFL: 7.20e-01
i: 113500, t:  203503.0 s, ωt:  20.35 (3.24 periods), wall: 28.566 minutes, Δt:   1.08, CFL: 7.20e-01
i: 113600, t:  203616.1 s, ωt:  20.36 (3.24 periods), wall: 28.590 minutes, Δt:   1.34, CFL: 7.20e-01
i: 113700, t:  203744.5 s, ωt:  20.37 (3.24 periods), wall: 28.613 minutes, Δt:   1.23, CFL: 7.20e-01
i: 113800, t:  203860.2 s, ωt:  20.39 (3.24 periods), wall: 28.636 minutes, Δt:   1.23, CFL: 7.20e-01
i: 113900, t:  203987.9 s, ωt:  20.40 (3.25 periods), wall: 28.660 minutes, Δt:   1.16, CFL: 7.20e-01
i: 114000, t:  204093.7 s, ωt:  20.41 (3.25 periods), wall: 28.683 minutes, Δt:   1.06, CFL: 7.20e-01
i: 114100, t:  204220.1 s, ωt:  20.42 (3.25 periods), wall: 28.707 minutes, Δt:   1.25, CFL: 7.20e-01
i: 114200, t:  204333.4 s, ωt:  20.43 (3.25 periods), wall: 28.731 minutes, Δt:   1.28, CFL: 7.20e-01
i: 114300, t:  204454.0 s, ωt:  20.45 (3.25 periods), wall: 28.755 minutes, Δt:   1.24, CFL: 7.20e-01
i: 114400, t:  204563.8 s, ωt:  20.46 (3.26 periods), wall: 28.778 minutes, Δt:   1.08, CFL: 7.20e-01
i: 114500, t:  204678.0 s, ωt:  20.47 (3.26 periods), wall: 28.802 minutes, Δt:   1.18, CFL: 7.20e-01
i: 114600, t:  204813.4 s, ωt:  20.48 (3.26 periods), wall: 28.825 minutes, Δt:   1.22, CFL: 7.20e-01
i: 114700, t:  204940.8 s, ωt:  20.49 (3.26 periods), wall: 28.849 minutes, Δt:   1.07, CFL: 7.20e-01
i: 114800, t:  205048.1 s, ωt:  20.50 (3.26 periods), wall: 28.872 minutes, Δt:   1.13, CFL: 7.20e-01
i: 114900, t:  205171.4 s, ωt:  20.52 (3.27 periods), wall: 28.897 minutes, Δt:   1.44, CFL: 7.20e-01
i: 115000, t:  205299.5 s, ωt:  20.53 (3.27 periods), wall: 28.921 minutes, Δt:   1.10, CFL: 7.20e-01
i: 115100, t:  205418.9 s, ωt:  20.54 (3.27 periods), wall: 28.945 minutes, Δt:   1.22, CFL: 7.20e-01
i: 115200, t:  205538.1 s, ωt:  20.55 (3.27 periods), wall: 28.970 minutes, Δt:   0.97, CFL: 7.20e-01
i: 115300, t:  205642.5 s, ωt:  20.56 (3.27 periods), wall: 28.994 minutes, Δt:   1.09, CFL: 7.20e-01
i: 115400, t:  205763.2 s, ωt:  20.58 (3.27 periods), wall: 29.019 minutes, Δt:   1.26, CFL: 7.20e-01
i: 115500, t:  205890.8 s, ωt:  20.59 (3.28 periods), wall: 29.043 minutes, Δt:   1.48, CFL: 7.20e-01
i: 115600, t:  206026.3 s, ωt:  20.60 (3.28 periods), wall: 29.068 minutes, Δt:   1.28, CFL: 7.20e-01
i: 115700, t:  206158.2 s, ωt:  20.62 (3.28 periods), wall: 29.092 minutes, Δt:   1.36, CFL: 7.20e-01
i: 115800, t:  206289.6 s, ωt:  20.63 (3.28 periods), wall: 29.116 minutes, Δt:   1.30, CFL: 7.20e-01
i: 115900, t:  206409.4 s, ωt:  20.64 (3.29 periods), wall: 29.140 minutes, Δt:   1.22, CFL: 7.20e-01
i: 116000, t:  206536.5 s, ωt:  20.65 (3.29 periods), wall: 29.165 minutes, Δt:   1.21, CFL: 7.20e-01
i: 116100, t:  206657.1 s, ωt:  20.67 (3.29 periods), wall: 29.190 minutes, Δt:   1.13, CFL: 7.20e-01
i: 116200, t:  206775.7 s, ωt:  20.68 (3.29 periods), wall: 29.215 minutes, Δt:   1.25, CFL: 7.20e-01
i: 116300, t:  206904.6 s, ωt:  20.69 (3.29 periods), wall: 29.239 minutes, Δt:   1.20, CFL: 7.20e-01
i: 116400, t:  207032.1 s, ωt:  20.70 (3.30 periods), wall: 29.264 minutes, Δt:   1.12, CFL: 7.20e-01
i: 116500, t:  207172.0 s, ωt:  20.72 (3.30 periods), wall: 29.288 minutes, Δt:   1.33, CFL: 7.20e-01
i: 116600, t:  207310.4 s, ωt:  20.73 (3.30 periods), wall: 29.313 minutes, Δt:   1.26, CFL: 7.20e-01
i: 116700, t:  207437.6 s, ωt:  20.74 (3.30 periods), wall: 29.337 minutes, Δt:   1.21, CFL: 7.20e-01
i: 116800, t:  207561.9 s, ωt:  20.76 (3.30 periods), wall: 29.362 minutes, Δt:   1.44, CFL: 7.20e-01
i: 116900, t:  207685.7 s, ωt:  20.77 (3.31 periods), wall: 29.387 minutes, Δt:   1.26, CFL: 7.20e-01
i: 117000, t:  207820.6 s, ωt:  20.78 (3.31 periods), wall: 29.412 minutes, Δt:   1.43, CFL: 7.20e-01
i: 117100, t:  207942.8 s, ωt:  20.79 (3.31 periods), wall: 29.436 minutes, Δt:   1.26, CFL: 7.20e-01
i: 117200, t:  208067.2 s, ωt:  20.81 (3.31 periods), wall: 29.461 minutes, Δt:   1.19, CFL: 7.20e-01
i: 117300, t:  208195.7 s, ωt:  20.82 (3.31 periods), wall: 29.485 minutes, Δt:   1.55, CFL: 7.20e-01
i: 117400, t:  208331.3 s, ωt:  20.83 (3.32 periods), wall: 29.510 minutes, Δt:   1.29, CFL: 7.20e-01
i: 117500, t:  208467.8 s, ωt:  20.85 (3.32 periods), wall: 29.535 minutes, Δt:   1.31, CFL: 7.20e-01
i: 117600, t:  208608.0 s, ωt:  20.86 (3.32 periods), wall: 29.560 minutes, Δt:   1.32, CFL: 7.20e-01
i: 117700, t:  208742.5 s, ωt:  20.87 (3.32 periods), wall: 29.584 minutes, Δt:   1.46, CFL: 7.20e-01
i: 117800, t:  208882.1 s, ωt:  20.89 (3.32 periods), wall: 29.609 minutes, Δt:   1.31, CFL: 7.20e-01
i: 117900, t:  209021.8 s, ωt:  20.90 (3.33 periods), wall: 29.633 minutes, Δt:   1.50, CFL: 7.20e-01
i: 118000, t:  209169.4 s, ωt:  20.92 (3.33 periods), wall: 29.656 minutes, Δt:   1.56, CFL: 7.20e-01
i: 118100, t:  209310.0 s, ωt:  20.93 (3.33 periods), wall: 29.681 minutes, Δt:   1.35, CFL: 7.20e-01
i: 118200, t:  209456.8 s, ωt:  20.95 (3.33 periods), wall: 29.705 minutes, Δt:   1.54, CFL: 7.20e-01
i: 118300, t:  209608.4 s, ωt:  20.96 (3.34 periods), wall: 29.730 minutes, Δt:   1.54, CFL: 7.20e-01
i: 118400, t:  209758.8 s, ωt:  20.98 (3.34 periods), wall: 29.755 minutes, Δt:   1.52, CFL: 7.20e-01
i: 118500, t:  209910.8 s, ωt:  20.99 (3.34 periods), wall: 29.780 minutes, Δt:   1.74, CFL: 7.20e-01
i: 118600, t:  210056.8 s, ωt:  21.01 (3.34 periods), wall: 29.805 minutes, Δt:   1.50, CFL: 7.20e-01
i: 118700, t:  210201.1 s, ωt:  21.02 (3.35 periods), wall: 29.830 minutes, Δt:   1.37, CFL: 7.20e-01
i: 118800, t:  210360.0 s, ωt:  21.04 (3.35 periods), wall: 29.854 minutes, Δt:   1.43, CFL: 7.20e-01
i: 118900, t:  210508.7 s, ωt:  21.05 (3.35 periods), wall: 29.879 minutes, Δt:   1.89, CFL: 7.20e-01
i: 119000, t:  210683.8 s, ωt:  21.07 (3.35 periods), wall: 29.904 minutes, Δt:   1.61, CFL: 7.20e-01
i: 119100, t:  210840.5 s, ωt:  21.08 (3.36 periods), wall: 29.929 minutes, Δt:   1.61, CFL: 7.20e-01
i: 119200, t:  210982.8 s, ωt:  21.10 (3.36 periods), wall: 29.953 minutes, Δt:   1.20, CFL: 7.20e-01
i: 119300, t:  211125.7 s, ωt:  21.11 (3.36 periods), wall: 29.977 minutes, Δt:   1.47, CFL: 7.20e-01
i: 119400, t:  211277.6 s, ωt:  21.13 (3.36 periods), wall: 30.002 minutes, Δt:   1.57, CFL: 7.20e-01
i: 119500, t:  211423.5 s, ωt:  21.14 (3.36 periods), wall: 30.027 minutes, Δt:   1.62, CFL: 7.20e-01
i: 119600, t:  211593.9 s, ωt:  21.16 (3.37 periods), wall: 30.052 minutes, Δt:   1.83, CFL: 7.20e-01
i: 119700, t:  211759.7 s, ωt:  21.18 (3.37 periods), wall: 30.077 minutes, Δt:   1.57, CFL: 7.20e-01
i: 119800, t:  211932.7 s, ωt:  21.19 (3.37 periods), wall: 30.101 minutes, Δt:   1.57, CFL: 7.20e-01
i: 119900, t:  212102.6 s, ωt:  21.21 (3.38 periods), wall: 30.126 minutes, Δt:   1.60, CFL: 7.20e-01
i: 120000, t:  212286.0 s, ωt:  21.23 (3.38 periods), wall: 30.151 minutes, Δt:   1.65, CFL: 7.20e-01
i: 120100, t:  212451.3 s, ωt:  21.25 (3.38 periods), wall: 30.175 minutes, Δt:   1.68, CFL: 7.20e-01
i: 120200, t:  212644.7 s, ωt:  21.26 (3.38 periods), wall: 30.199 minutes, Δt:   1.85, CFL: 7.20e-01
i: 120300, t:  212855.1 s, ωt:  21.29 (3.39 periods), wall: 30.224 minutes, Δt:   2.30, CFL: 7.20e-01
i: 120400, t:  213067.9 s, ωt:  21.31 (3.39 periods), wall: 30.249 minutes, Δt:   1.88, CFL: 7.20e-01
i: 120500, t:  213280.1 s, ωt:  21.33 (3.39 periods), wall: 30.273 minutes, Δt:   2.38, CFL: 7.20e-01
i: 120600, t:  213508.3 s, ωt:  21.35 (3.40 periods), wall: 30.298 minutes, Δt:   2.14, CFL: 7.20e-01
i: 120700, t:  213726.9 s, ωt:  21.37 (3.40 periods), wall: 30.323 minutes, Δt:   2.36, CFL: 7.20e-01
i: 120800, t:  213956.3 s, ωt:  21.40 (3.41 periods), wall: 30.348 minutes, Δt:   2.34, CFL: 7.20e-01
i: 120900, t:  214197.7 s, ωt:  21.42 (3.41 periods), wall: 30.373 minutes, Δt:   1.92, CFL: 7.20e-01
i: 121000, t:  214374.3 s, ωt:  21.44 (3.41 periods), wall: 30.398 minutes, Δt:   1.97, CFL: 7.20e-01
i: 121100, t:  214573.5 s, ωt:  21.46 (3.42 periods), wall: 30.423 minutes, Δt:   2.77, CFL: 7.20e-01
i: 121200, t:  214824.0 s, ωt:  21.48 (3.42 periods), wall: 30.448 minutes, Δt:   2.35, CFL: 7.20e-01
i: 121300, t:  215125.5 s, ωt:  21.51 (3.42 periods), wall: 30.473 minutes, Δt:   3.15, CFL: 7.20e-01
i: 121400, t:  215418.5 s, ωt:  21.54 (3.43 periods), wall: 30.498 minutes, Δt:   3.42, CFL: 7.20e-01
i: 121500, t:  215747.2 s, ωt:  21.57 (3.43 periods), wall: 30.524 minutes, Δt:   2.64, CFL: 7.20e-01
i: 121600, t:  216105.2 s, ωt:  21.61 (3.44 periods), wall: 30.549 minutes, Δt:   4.19, CFL: 7.20e-01
i: 121700, t:  216490.0 s, ωt:  21.65 (3.45 periods), wall: 30.574 minutes, Δt:   4.35, CFL: 7.20e-01
i: 121800, t:  216918.2 s, ωt:  21.69 (3.45 periods), wall: 30.599 minutes, Δt:   4.55, CFL: 7.20e-01
i: 121900, t:  217355.4 s, ωt:  21.74 (3.46 periods), wall: 30.624 minutes, Δt:   4.63, CFL: 7.20e-01
i: 122000, t:  217900.9 s, ωt:  21.79 (3.47 periods), wall: 30.649 minutes, Δt:   7.31, CFL: 7.20e-01
i: 122100, t:  218545.2 s, ωt:  21.85 (3.48 periods), wall: 30.674 minutes, Δt:   5.99, CFL: 7.20e-01
i: 122200, t:  219194.6 s, ωt:  21.92 (3.49 periods), wall: 30.700 minutes, Δt:   6.76, CFL: 7.20e-01
i: 122300, t:  219837.3 s, ωt:  21.98 (3.50 periods), wall: 30.725 minutes, Δt:   6.53, CFL: 7.20e-01
i: 122400, t:  220517.0 s, ωt:  22.05 (3.51 periods), wall: 30.758 minutes, Δt:   6.36, CFL: 7.20e-01
i: 122500, t:  221115.9 s, ωt:  22.11 (3.52 periods), wall: 30.783 minutes, Δt:   6.17, CFL: 7.20e-01
i: 122600, t:  221692.4 s, ωt:  22.17 (3.53 periods), wall: 30.809 minutes, Δt:   5.55, CFL: 7.20e-01
i: 122700, t:  222213.2 s, ωt:  22.22 (3.54 periods), wall: 30.834 minutes, Δt:   4.72, CFL: 7.20e-01
i: 122800, t:  222709.1 s, ωt:  22.27 (3.54 periods), wall: 30.859 minutes, Δt:   4.55, CFL: 7.20e-01
i: 122900, t:  223057.0 s, ωt:  22.31 (3.55 periods), wall: 30.884 minutes, Δt:   3.76, CFL: 7.20e-01
i: 123000, t:  223366.4 s, ωt:  22.34 (3.55 periods), wall: 30.909 minutes, Δt:   3.04, CFL: 7.20e-01
i: 123100, t:  223648.4 s, ωt:  22.36 (3.56 periods), wall: 30.934 minutes, Δt:   2.83, CFL: 7.20e-01
i: 123200, t:  223899.2 s, ωt:  22.39 (3.56 periods), wall: 30.958 minutes, Δt:   2.43, CFL: 7.20e-01
i: 123300, t:  224117.8 s, ωt:  22.41 (3.57 periods), wall: 30.983 minutes, Δt:   1.77, CFL: 7.20e-01
i: 123400, t:  224330.0 s, ωt:  22.43 (3.57 periods), wall: 31.008 minutes, Δt:   2.18, CFL: 7.20e-01
i: 123500, t:  224535.3 s, ωt:  22.45 (3.57 periods), wall: 31.033 minutes, Δt:   1.80, CFL: 7.20e-01
i: 123600, t:  224733.6 s, ωt:  22.47 (3.58 periods), wall: 31.058 minutes, Δt:   2.13, CFL: 7.20e-01
i: 123700, t:  224937.3 s, ωt:  22.49 (3.58 periods), wall: 31.082 minutes, Δt:   2.14, CFL: 7.20e-01
i: 123800, t:  225139.9 s, ωt:  22.51 (3.58 periods), wall: 31.107 minutes, Δt:   2.00, CFL: 7.20e-01
i: 123900, t:  225325.8 s, ωt:  22.53 (3.59 periods), wall: 31.132 minutes, Δt:   1.63, CFL: 7.20e-01
i: 124000, t:  225504.3 s, ωt:  22.55 (3.59 periods), wall: 31.157 minutes, Δt:   1.82, CFL: 7.20e-01
i: 124100, t:  225689.6 s, ωt:  22.57 (3.59 periods), wall: 31.181 minutes, Δt:   1.90, CFL: 7.20e-01
i: 124200, t:  225867.5 s, ωt:  22.59 (3.59 periods), wall: 31.206 minutes, Δt:   1.73, CFL: 7.20e-01
i: 124300, t:  226042.1 s, ωt:  22.60 (3.60 periods), wall: 31.231 minutes, Δt:   1.63, CFL: 7.20e-01
i: 124400, t:  226193.6 s, ωt:  22.62 (3.60 periods), wall: 31.256 minutes, Δt:   1.50, CFL: 7.20e-01
i: 124500, t:  226367.2 s, ωt:  22.64 (3.60 periods), wall: 31.280 minutes, Δt:   1.77, CFL: 7.20e-01
i: 124600, t:  226540.0 s, ωt:  22.65 (3.61 periods), wall: 31.304 minutes, Δt:   1.69, CFL: 7.20e-01
i: 124700, t:  226698.2 s, ωt:  22.67 (3.61 periods), wall: 31.328 minutes, Δt:   1.70, CFL: 7.20e-01
i: 124800, t:  226868.4 s, ωt:  22.69 (3.61 periods), wall: 31.351 minutes, Δt:   1.56, CFL: 7.20e-01
i: 124900, t:  227019.1 s, ωt:  22.70 (3.61 periods), wall: 31.375 minutes, Δt:   1.25, CFL: 7.20e-01
i: 125000, t:  227162.9 s, ωt:  22.72 (3.62 periods), wall: 31.399 minutes, Δt:   1.70, CFL: 7.20e-01
i: 125100, t:  227317.4 s, ωt:  22.73 (3.62 periods), wall: 31.422 minutes, Δt:   1.47, CFL: 7.20e-01
i: 125200, t:  227462.4 s, ωt:  22.75 (3.62 periods), wall: 31.446 minutes, Δt:   1.62, CFL: 7.20e-01
i: 125300, t:  227620.0 s, ωt:  22.76 (3.62 periods), wall: 31.470 minutes, Δt:   1.61, CFL: 7.20e-01
i: 125400, t:  227785.5 s, ωt:  22.78 (3.63 periods), wall: 31.494 minutes, Δt:   1.85, CFL: 7.19e-01
i: 125500, t:  227934.8 s, ωt:  22.79 (3.63 periods), wall: 31.519 minutes, Δt:   1.49, CFL: 7.20e-01
i: 125600, t:  228076.8 s, ωt:  22.81 (3.63 periods), wall: 31.544 minutes, Δt:   1.51, CFL: 7.20e-01
i: 125700, t:  228224.0 s, ωt:  22.82 (3.63 periods), wall: 31.569 minutes, Δt:   1.53, CFL: 7.20e-01
i: 125800, t:  228362.5 s, ωt:  22.84 (3.63 periods), wall: 31.594 minutes, Δt:   1.62, CFL: 7.20e-01
i: 125900, t:  228518.0 s, ωt:  22.85 (3.64 periods), wall: 31.619 minutes, Δt:   1.57, CFL: 7.20e-01
i: 126000, t:  228673.2 s, ωt:  22.87 (3.64 periods), wall: 31.644 minutes, Δt:   1.59, CFL: 7.20e-01
i: 126100, t:  228822.6 s, ωt:  22.88 (3.64 periods), wall: 31.669 minutes, Δt:   1.52, CFL: 7.20e-01
i: 126200, t:  228969.2 s, ωt:  22.90 (3.64 periods), wall: 31.693 minutes, Δt:   1.53, CFL: 7.20e-01
i: 126300, t:  229111.8 s, ωt:  22.91 (3.65 periods), wall: 31.718 minutes, Δt:   1.35, CFL: 7.20e-01
i: 126400, t:  229243.8 s, ωt:  22.92 (3.65 periods), wall: 31.742 minutes, Δt:   1.43, CFL: 7.20e-01
i: 126500, t:  229378.4 s, ωt:  22.94 (3.65 periods), wall: 31.766 minutes, Δt:   1.41, CFL: 7.20e-01
i: 126600, t:  229509.8 s, ωt:  22.95 (3.65 periods), wall: 31.790 minutes, Δt:   1.34, CFL: 7.20e-01
i: 126700, t:  229640.1 s, ωt:  22.96 (3.65 periods), wall: 31.814 minutes, Δt:   1.44, CFL: 7.20e-01
i: 126800, t:  229767.1 s, ωt:  22.98 (3.66 periods), wall: 31.839 minutes, Δt:   1.19, CFL: 7.20e-01
i: 126900, t:  229887.2 s, ωt:  22.99 (3.66 periods), wall: 31.864 minutes, Δt:   0.94, CFL: 7.20e-01
i: 127000, t:  230005.2 s, ωt:  23.00 (3.66 periods), wall: 31.890 minutes, Δt:   1.35, CFL: 7.20e-01
i: 127100, t:  230139.0 s, ωt:  23.01 (3.66 periods), wall: 31.914 minutes, Δt:   1.42, CFL: 7.20e-01
i: 127200, t:  230268.9 s, ωt:  23.03 (3.66 periods), wall: 31.938 minutes, Δt:   1.31, CFL: 7.20e-01
i: 127300, t:  230392.0 s, ωt:  23.04 (3.67 periods), wall: 31.963 minutes, Δt:   1.05, CFL: 7.20e-01
i: 127400, t:  230507.5 s, ωt:  23.05 (3.67 periods), wall: 31.988 minutes, Δt:   1.48, CFL: 7.20e-01
i: 127500, t:  230639.7 s, ωt:  23.06 (3.67 periods), wall: 32.013 minutes, Δt:   1.19, CFL: 7.20e-01
i: 127600, t:  230753.9 s, ωt:  23.08 (3.67 periods), wall: 32.037 minutes, Δt:   1.38, CFL: 7.20e-01
i: 127700, t:  230873.2 s, ωt:  23.09 (3.67 periods), wall: 32.062 minutes, Δt:   1.14, CFL: 7.20e-01
i: 127800, t:  231000.2 s, ωt:  23.10 (3.68 periods), wall: 32.087 minutes, Δt:   1.27, CFL: 7.20e-01
i: 127900, t:  231110.4 s, ωt:  23.11 (3.68 periods), wall: 32.111 minutes, Δt:   1.05, CFL: 7.20e-01
i: 128000, t:  231225.9 s, ωt:  23.12 (3.68 periods), wall: 32.135 minutes, Δt:   1.14, CFL: 7.20e-01
i: 128100, t:  231350.3 s, ωt:  23.14 (3.68 periods), wall: 32.160 minutes, Δt:   1.27, CFL: 7.20e-01
i: 128200, t:  231459.7 s, ωt:  23.15 (3.68 periods), wall: 32.184 minutes, Δt:   1.15, CFL: 7.20e-01
i: 128300, t:  231578.4 s, ωt:  23.16 (3.69 periods), wall: 32.209 minutes, Δt:   1.31, CFL: 7.20e-01
i: 128400, t:  231693.1 s, ωt:  23.17 (3.69 periods), wall: 32.234 minutes, Δt:   1.26, CFL: 7.20e-01
i: 128500, t:  231815.2 s, ωt:  23.18 (3.69 periods), wall: 32.259 minutes, Δt:   1.27, CFL: 7.20e-01
i: 128600, t:  231938.5 s, ωt:  23.19 (3.69 periods), wall: 32.284 minutes, Δt:   1.13, CFL: 7.20e-01
i: 128700, t:  232043.9 s, ωt:  23.20 (3.69 periods), wall: 32.308 minutes, Δt:   1.35, CFL: 7.20e-01
i: 128800, t:  232168.0 s, ωt:  23.22 (3.70 periods), wall: 32.333 minutes, Δt:   1.10, CFL: 7.20e-01
i: 128900, t:  232288.6 s, ωt:  23.23 (3.70 periods), wall: 32.358 minutes, Δt:   1.21, CFL: 7.20e-01
i: 129000, t:  232413.0 s, ωt:  23.24 (3.70 periods), wall: 32.382 minutes, Δt:   1.24, CFL: 7.20e-01
i: 129100, t:  232533.0 s, ωt:  23.25 (3.70 periods), wall: 32.407 minutes, Δt:   1.19, CFL: 7.20e-01
i: 129200, t:  232657.1 s, ωt:  23.27 (3.70 periods), wall: 32.432 minutes, Δt:   1.38, CFL: 7.20e-01
i: 129300, t:  232776.7 s, ωt:  23.28 (3.70 periods), wall: 32.457 minutes, Δt:   1.32, CFL: 7.20e-01
i: 129400, t:  232898.2 s, ωt:  23.29 (3.71 periods), wall: 32.481 minutes, Δt:   1.27, CFL: 7.20e-01
i: 129500, t:  233019.0 s, ωt:  23.30 (3.71 periods), wall: 32.506 minutes, Δt:   1.07, CFL: 7.20e-01
i: 129600, t:  233127.1 s, ωt:  23.31 (3.71 periods), wall: 32.531 minutes, Δt:   1.02, CFL: 7.20e-01
i: 129700, t:  233245.2 s, ωt:  23.32 (3.71 periods), wall: 32.555 minutes, Δt:   1.19, CFL: 7.20e-01
i: 129800, t:  233353.1 s, ωt:  23.34 (3.71 periods), wall: 32.580 minutes, Δt:   1.08, CFL: 7.20e-01
i: 129900, t:  233464.5 s, ωt:  23.35 (3.72 periods), wall: 32.605 minutes, Δt:   1.18, CFL: 7.20e-01
i: 130000, t:  233584.2 s, ωt:  23.36 (3.72 periods), wall: 32.629 minutes, Δt:   1.19, CFL: 7.20e-01
i: 130100, t:  233705.4 s, ωt:  23.37 (3.72 periods), wall: 32.654 minutes, Δt:   1.26, CFL: 7.20e-01
i: 130200, t:  233827.0 s, ωt:  23.38 (3.72 periods), wall: 32.679 minutes, Δt:   1.25, CFL: 7.20e-01
i: 130300, t:  233946.1 s, ωt:  23.39 (3.72 periods), wall: 32.703 minutes, Δt:   1.06, CFL: 7.20e-01
i: 130400, t:  234064.7 s, ωt:  23.41 (3.73 periods), wall: 32.726 minutes, Δt:   1.21, CFL: 7.20e-01
i: 130500, t:  234177.2 s, ωt:  23.42 (3.73 periods), wall: 32.750 minutes, Δt:   1.10, CFL: 7.20e-01
i: 130600, t:  234294.6 s, ωt:  23.43 (3.73 periods), wall: 32.773 minutes, Δt:   1.21, CFL: 7.20e-01
i: 130700, t:  234398.5 s, ωt:  23.44 (3.73 periods), wall: 32.797 minutes, Δt:   0.98, CFL: 7.20e-01
i: 130800, t:  234513.1 s, ωt:  23.45 (3.73 periods), wall: 32.822 minutes, Δt:   0.98, CFL: 7.20e-01
i: 130900, t:  234630.2 s, ωt:  23.46 (3.73 periods), wall: 32.846 minutes, Δt:   1.15, CFL: 7.20e-01
i: 131000, t:  234749.5 s, ωt:  23.47 (3.74 periods), wall: 32.871 minutes, Δt:   1.34, CFL: 7.20e-01
i: 131100, t:  234859.8 s, ωt:  23.49 (3.74 periods), wall: 32.895 minutes, Δt:   1.12, CFL: 7.20e-01
i: 131200, t:  234973.4 s, ωt:  23.50 (3.74 periods), wall: 32.920 minutes, Δt:   1.17, CFL: 7.20e-01
i: 131300, t:  235098.1 s, ωt:  23.51 (3.74 periods), wall: 32.945 minutes, Δt:   1.30, CFL: 7.20e-01
i: 131400, t:  235210.6 s, ωt:  23.52 (3.74 periods), wall: 32.970 minutes, Δt:   1.08, CFL: 7.20e-01
i: 131500, t:  235329.7 s, ωt:  23.53 (3.75 periods), wall: 32.995 minutes, Δt:   1.26, CFL: 7.20e-01
i: 131600, t:  235444.0 s, ωt:  23.54 (3.75 periods), wall: 33.020 minutes, Δt:   1.24, CFL: 7.20e-01
i: 131700, t:  235559.2 s, ωt:  23.56 (3.75 periods), wall: 33.044 minutes, Δt:   1.25, CFL: 7.20e-01
i: 131800, t:  235674.8 s, ωt:  23.57 (3.75 periods), wall: 33.069 minutes, Δt:   1.00, CFL: 7.20e-01
i: 131900, t:  235794.8 s, ωt:  23.58 (3.75 periods), wall: 33.094 minutes, Δt:   1.32, CFL: 7.20e-01
i: 132000, t:  235918.5 s, ωt:  23.59 (3.75 periods), wall: 33.118 minutes, Δt:   1.10, CFL: 7.20e-01
i: 132100, t:  236037.2 s, ωt:  23.60 (3.76 periods), wall: 33.143 minutes, Δt:   1.29, CFL: 7.20e-01
i: 132200, t:  236161.2 s, ωt:  23.62 (3.76 periods), wall: 33.167 minutes, Δt:   1.20, CFL: 7.20e-01
i: 132300, t:  236287.1 s, ωt:  23.63 (3.76 periods), wall: 33.192 minutes, Δt:   1.34, CFL: 7.20e-01
i: 132400, t:  236401.4 s, ωt:  23.64 (3.76 periods), wall: 33.217 minutes, Δt:   1.24, CFL: 7.20e-01
i: 132500, t:  236527.5 s, ωt:  23.65 (3.76 periods), wall: 33.241 minutes, Δt:   1.24, CFL: 7.20e-01
i: 132600, t:  236645.9 s, ωt:  23.66 (3.77 periods), wall: 33.267 minutes, Δt:   1.00, CFL: 7.20e-01
i: 132700, t:  236760.2 s, ωt:  23.68 (3.77 periods), wall: 33.291 minutes, Δt:   1.10, CFL: 7.20e-01
i: 132800, t:  236871.2 s, ωt:  23.69 (3.77 periods), wall: 33.315 minutes, Δt:   1.11, CFL: 7.20e-01
i: 132900, t:  236980.8 s, ωt:  23.70 (3.77 periods), wall: 33.339 minutes, Δt:   1.03, CFL: 7.20e-01
i: 133000, t:  237085.5 s, ωt:  23.71 (3.77 periods), wall: 33.363 minutes, Δt:   1.07, CFL: 7.20e-01
i: 133100, t:  237197.4 s, ωt:  23.72 (3.78 periods), wall: 33.387 minutes, Δt:   1.25, CFL: 7.20e-01
i: 133200, t:  237320.2 s, ωt:  23.73 (3.78 periods), wall: 33.411 minutes, Δt:   1.12, CFL: 7.20e-01
i: 133300, t:  237452.2 s, ωt:  23.75 (3.78 periods), wall: 33.436 minutes, Δt:   1.38, CFL: 7.20e-01
i: 133400, t:  237579.2 s, ωt:  23.76 (3.78 periods), wall: 33.461 minutes, Δt:   1.14, CFL: 7.20e-01
i: 133500, t:  237711.4 s, ωt:  23.77 (3.78 periods), wall: 33.485 minutes, Δt:   1.26, CFL: 7.20e-01
i: 133600, t:  237840.2 s, ωt:  23.78 (3.79 periods), wall: 33.511 minutes, Δt:   1.44, CFL: 7.20e-01
i: 133700, t:  237971.8 s, ωt:  23.80 (3.79 periods), wall: 33.535 minutes, Δt:   1.43, CFL: 7.20e-01
i: 133800, t:  238105.6 s, ωt:  23.81 (3.79 periods), wall: 33.560 minutes, Δt:   1.26, CFL: 7.20e-01
i: 133900, t:  238232.8 s, ωt:  23.82 (3.79 periods), wall: 33.584 minutes, Δt:   1.26, CFL: 7.20e-01
i: 134000, t:  238344.0 s, ωt:  23.83 (3.79 periods), wall: 33.609 minutes, Δt:   1.29, CFL: 7.20e-01
i: 134100, t:  238473.5 s, ωt:  23.85 (3.80 periods), wall: 33.633 minutes, Δt:   1.28, CFL: 7.20e-01
i: 134200, t:  238609.5 s, ωt:  23.86 (3.80 periods), wall: 33.658 minutes, Δt:   1.37, CFL: 7.20e-01
i: 134300, t:  238759.1 s, ωt:  23.88 (3.80 periods), wall: 33.683 minutes, Δt:   1.57, CFL: 7.20e-01
i: 134400, t:  238898.7 s, ωt:  23.89 (3.80 periods), wall: 33.707 minutes, Δt:   1.23, CFL: 7.20e-01
i: 134500, t:  239034.1 s, ωt:  23.90 (3.80 periods), wall: 33.731 minutes, Δt:   1.35, CFL: 7.20e-01
i: 134600, t:  239159.6 s, ωt:  23.92 (3.81 periods), wall: 33.756 minutes, Δt:   1.10, CFL: 7.20e-01
i: 134700, t:  239288.9 s, ωt:  23.93 (3.81 periods), wall: 33.779 minutes, Δt:   1.40, CFL: 7.20e-01
i: 134800, t:  239415.0 s, ωt:  23.94 (3.81 periods), wall: 33.804 minutes, Δt:   1.21, CFL: 7.20e-01
i: 134900, t:  239552.4 s, ωt:  23.96 (3.81 periods), wall: 33.828 minutes, Δt:   1.49, CFL: 7.20e-01
i: 135000, t:  239702.7 s, ωt:  23.97 (3.81 periods), wall: 33.852 minutes, Δt:   1.52, CFL: 7.20e-01
i: 135100, t:  239849.7 s, ωt:  23.98 (3.82 periods), wall: 33.877 minutes, Δt:   1.51, CFL: 7.20e-01
i: 135200, t:  239981.6 s, ωt:  24.00 (3.82 periods), wall: 33.902 minutes, Δt:   1.28, CFL: 7.20e-01
i: 135300, t:  240118.6 s, ωt:  24.01 (3.82 periods), wall: 33.927 minutes, Δt:   1.41, CFL: 7.20e-01
i: 135400, t:  240273.5 s, ωt:  24.03 (3.82 periods), wall: 33.950 minutes, Δt:   1.19, CFL: 7.20e-01
i: 135500, t:  240400.0 s, ωt:  24.04 (3.83 periods), wall: 33.975 minutes, Δt:   1.46, CFL: 7.20e-01
i: 135600, t:  240547.3 s, ωt:  24.05 (3.83 periods), wall: 34.000 minutes, Δt:   1.33, CFL: 7.20e-01
i: 135700, t:  240700.7 s, ωt:  24.07 (3.83 periods), wall: 34.024 minutes, Δt:   1.60, CFL: 7.20e-01
i: 135800, t:  240855.3 s, ωt:  24.09 (3.83 periods), wall: 34.049 minutes, Δt:   1.67, CFL: 7.20e-01
i: 135900, t:  241008.6 s, ωt:  24.10 (3.84 periods), wall: 34.074 minutes, Δt:   1.65, CFL: 7.20e-01
i: 136000, t:  241166.5 s, ωt:  24.12 (3.84 periods), wall: 34.098 minutes, Δt:   1.63, CFL: 7.20e-01
i: 136100, t:  241318.0 s, ωt:  24.13 (3.84 periods), wall: 34.123 minutes, Δt:   1.53, CFL: 7.20e-01
i: 136200, t:  241457.8 s, ωt:  24.15 (3.84 periods), wall: 34.148 minutes, Δt:   1.59, CFL: 7.20e-01
i: 136300, t:  241611.5 s, ωt:  24.16 (3.85 periods), wall: 34.173 minutes, Δt:   1.84, CFL: 7.20e-01
i: 136400, t:  241776.8 s, ωt:  24.18 (3.85 periods), wall: 34.197 minutes, Δt:   1.74, CFL: 7.20e-01
i: 136500, t:  241954.7 s, ωt:  24.20 (3.85 periods), wall: 34.222 minutes, Δt:   1.74, CFL: 7.20e-01
i: 136600, t:  242125.3 s, ωt:  24.21 (3.85 periods), wall: 34.246 minutes, Δt:   1.59, CFL: 7.20e-01
i: 136700, t:  242297.2 s, ωt:  24.23 (3.86 periods), wall: 34.272 minutes, Δt:   1.63, CFL: 7.20e-01
i: 136800, t:  242477.0 s, ωt:  24.25 (3.86 periods), wall: 34.297 minutes, Δt:   2.00, CFL: 7.20e-01
i: 136900, t:  242650.1 s, ωt:  24.27 (3.86 periods), wall: 34.322 minutes, Δt:   1.57, CFL: 7.20e-01
i: 137000, t:  242805.6 s, ωt:  24.28 (3.86 periods), wall: 34.346 minutes, Δt:   1.61, CFL: 7.20e-01
i: 137100, t:  242988.5 s, ωt:  24.30 (3.87 periods), wall: 34.371 minutes, Δt:   1.98, CFL: 7.20e-01
i: 137200, t:  243166.6 s, ωt:  24.32 (3.87 periods), wall: 34.395 minutes, Δt:   1.76, CFL: 7.20e-01
i: 137300, t:  243339.8 s, ωt:  24.33 (3.87 periods), wall: 34.419 minutes, Δt:   1.59, CFL: 7.20e-01
i: 137400, t:  243506.2 s, ωt:  24.35 (3.88 periods), wall: 34.443 minutes, Δt:   1.71, CFL: 7.20e-01
i: 137500, t:  243692.5 s, ωt:  24.37 (3.88 periods), wall: 34.467 minutes, Δt:   1.91, CFL: 7.20e-01
i: 137600, t:  243903.5 s, ωt:  24.39 (3.88 periods), wall: 34.491 minutes, Δt:   2.13, CFL: 7.20e-01
i: 137700, t:  244109.0 s, ωt:  24.41 (3.89 periods), wall: 34.516 minutes, Δt:   1.82, CFL: 7.20e-01
i: 137800, t:  244301.2 s, ωt:  24.43 (3.89 periods), wall: 34.541 minutes, Δt:   2.02, CFL: 7.20e-01
i: 137900, t:  244498.6 s, ωt:  24.45 (3.89 periods), wall: 34.566 minutes, Δt:   2.03, CFL: 7.20e-01
i: 138000, t:  244689.3 s, ωt:  24.47 (3.89 periods), wall: 34.591 minutes, Δt:   1.99, CFL: 7.20e-01
i: 138100, t:  244881.4 s, ωt:  24.49 (3.90 periods), wall: 34.616 minutes, Δt:   1.94, CFL: 7.20e-01
i: 138200, t:  245071.4 s, ωt:  24.51 (3.90 periods), wall: 34.641 minutes, Δt:   2.12, CFL: 7.20e-01
i: 138300, t:  245271.4 s, ωt:  24.53 (3.90 periods), wall: 34.666 minutes, Δt:   2.06, CFL: 7.20e-01
i: 138400, t:  245492.3 s, ωt:  24.55 (3.91 periods), wall: 34.691 minutes, Δt:   2.30, CFL: 7.20e-01
i: 138500, t:  245725.1 s, ωt:  24.57 (3.91 periods), wall: 34.715 minutes, Δt:   2.53, CFL: 7.20e-01
i: 138600, t:  245977.2 s, ωt:  24.60 (3.91 periods), wall: 34.739 minutes, Δt:   2.21, CFL: 7.20e-01
i: 138700, t:  246219.2 s, ωt:  24.62 (3.92 periods), wall: 34.764 minutes, Δt:   2.84, CFL: 7.20e-01
i: 138800, t:  246472.0 s, ωt:  24.65 (3.92 periods), wall: 34.789 minutes, Δt:   2.50, CFL: 7.20e-01
i: 138900, t:  246718.1 s, ωt:  24.67 (3.93 periods), wall: 34.814 minutes, Δt:   2.92, CFL: 7.20e-01
i: 139000, t:  247013.8 s, ωt:  24.70 (3.93 periods), wall: 34.839 minutes, Δt:   3.37, CFL: 7.20e-01
i: 139100, t:  247370.3 s, ωt:  24.74 (3.94 periods), wall: 34.865 minutes, Δt:   3.37, CFL: 7.20e-01
i: 139200, t:  247698.0 s, ωt:  24.77 (3.94 periods), wall: 34.890 minutes, Δt:   3.74, CFL: 7.06e-01
i: 139300, t:  248068.2 s, ωt:  24.81 (3.95 periods), wall: 34.915 minutes, Δt:   3.35, CFL: 7.20e-01
i: 139400, t:  248510.3 s, ωt:  24.85 (3.96 periods), wall: 34.941 minutes, Δt:   4.65, CFL: 7.20e-01
i: 139500, t:  249017.4 s, ωt:  24.90 (3.96 periods), wall: 34.966 minutes, Δt:   6.15, CFL: 7.20e-01
i: 139600, t:  249596.6 s, ωt:  24.96 (3.97 periods), wall: 34.991 minutes, Δt:   4.33, CFL: 7.20e-01
i: 139700, t:  250187.9 s, ωt:  25.02 (3.98 periods), wall: 35.017 minutes, Δt:   7.49, CFL: 7.20e-01
i: 139800, t:  250895.5 s, ωt:  25.09 (3.99 periods), wall: 35.042 minutes, Δt:   6.53, CFL: 7.20e-01
i: 139900, t:  251555.2 s, ωt:  25.16 (4.00 periods), wall: 35.075 minutes, Δt:   6.93, CFL: 7.20e-01
i: 140000, t:  252219.6 s, ωt:  25.22 (4.01 periods), wall: 35.101 minutes, Δt:   5.94, CFL: 7.20e-01
i: 140100, t:  252778.1 s, ωt:  25.28 (4.02 periods), wall: 35.126 minutes, Δt:   5.02, CFL: 7.20e-01
i: 140200, t:  253296.0 s, ωt:  25.33 (4.03 periods), wall: 35.151 minutes, Δt:   5.08, CFL: 7.20e-01
i: 140300, t:  253753.0 s, ωt:  25.38 (4.04 periods), wall: 35.176 minutes, Δt:   4.23, CFL: 7.20e-01
i: 140400, t:  254121.0 s, ωt:  25.41 (4.04 periods), wall: 35.200 minutes, Δt:   3.72, CFL: 7.20e-01
i: 140500, t:  254443.0 s, ωt:  25.44 (4.05 periods), wall: 35.225 minutes, Δt:   3.11, CFL: 7.20e-01
i: 140600, t:  254711.6 s, ωt:  25.47 (4.05 periods), wall: 35.250 minutes, Δt:   2.74, CFL: 7.20e-01
i: 140700, t:  255006.6 s, ωt:  25.50 (4.06 periods), wall: 35.275 minutes, Δt:   3.02, CFL: 7.20e-01
i: 140800, t:  255282.2 s, ωt:  25.53 (4.06 periods), wall: 35.300 minutes, Δt:   2.33, CFL: 7.20e-01
i: 140900, t:  255541.3 s, ωt:  25.55 (4.07 periods), wall: 35.325 minutes, Δt:   2.29, CFL: 7.20e-01
i: 141000, t:  255769.8 s, ωt:  25.58 (4.07 periods), wall: 35.348 minutes, Δt:   2.09, CFL: 7.20e-01
i: 141100, t:  255993.1 s, ωt:  25.60 (4.07 periods), wall: 35.372 minutes, Δt:   2.11, CFL: 7.20e-01
i: 141200, t:  256206.2 s, ωt:  25.62 (4.08 periods), wall: 35.397 minutes, Δt:   2.11, CFL: 7.20e-01
i: 141300, t:  256402.0 s, ωt:  25.64 (4.08 periods), wall: 35.421 minutes, Δt:   1.98, CFL: 7.20e-01
i: 141400, t:  256604.7 s, ωt:  25.66 (4.08 periods), wall: 35.446 minutes, Δt:   1.98, CFL: 7.20e-01
i: 141500, t:  256798.8 s, ωt:  25.68 (4.09 periods), wall: 35.471 minutes, Δt:   2.24, CFL: 7.20e-01
i: 141600, t:  256993.7 s, ωt:  25.70 (4.09 periods), wall: 35.496 minutes, Δt:   1.95, CFL: 7.20e-01
i: 141700, t:  257179.2 s, ωt:  25.72 (4.09 periods), wall: 35.520 minutes, Δt:   1.62, CFL: 7.20e-01
i: 141800, t:  257359.7 s, ωt:  25.74 (4.10 periods), wall: 35.545 minutes, Δt:   2.11, CFL: 7.20e-01
i: 141900, t:  257552.9 s, ωt:  25.76 (4.10 periods), wall: 35.570 minutes, Δt:   1.73, CFL: 7.20e-01
i: 142000, t:  257740.3 s, ωt:  25.77 (4.10 periods), wall: 35.595 minutes, Δt:   1.96, CFL: 7.20e-01
i: 142100, t:  257915.8 s, ωt:  25.79 (4.10 periods), wall: 35.619 minutes, Δt:   1.91, CFL: 7.20e-01
i: 142200, t:  258090.0 s, ωt:  25.81 (4.11 periods), wall: 35.644 minutes, Δt:   1.58, CFL: 7.20e-01
i: 142300, t:  258242.0 s, ωt:  25.82 (4.11 periods), wall: 35.668 minutes, Δt:   1.48, CFL: 7.20e-01
i: 142400, t:  258392.7 s, ωt:  25.84 (4.11 periods), wall: 35.693 minutes, Δt:   1.40, CFL: 7.20e-01
i: 142500, t:  258546.8 s, ωt:  25.85 (4.11 periods), wall: 35.718 minutes, Δt:   1.56, CFL: 7.20e-01
i: 142600, t:  258695.0 s, ωt:  25.87 (4.12 periods), wall: 35.743 minutes, Δt:   1.52, CFL: 7.20e-01
i: 142700, t:  258858.6 s, ωt:  25.89 (4.12 periods), wall: 35.767 minutes, Δt:   1.74, CFL: 7.20e-01
i: 142800, t:  259013.2 s, ωt:  25.90 (4.12 periods), wall: 35.792 minutes, Δt:   1.72, CFL: 7.20e-01
i: 142900, t:  259174.0 s, ωt:  25.92 (4.12 periods), wall: 35.817 minutes, Δt:   1.53, CFL: 7.20e-01
i: 143000, t:  259316.3 s, ωt:  25.93 (4.13 periods), wall: 35.842 minutes, Δt:   1.55, CFL: 7.20e-01
i: 143100, t:  259464.6 s, ωt:  25.95 (4.13 periods), wall: 35.867 minutes, Δt:   1.70, CFL: 7.20e-01
i: 143200, t:  259612.8 s, ωt:  25.96 (4.13 periods), wall: 35.892 minutes, Δt:   1.23, CFL: 7.20e-01
i: 143300, t:  259765.9 s, ωt:  25.98 (4.13 periods), wall: 35.916 minutes, Δt:   1.55, CFL: 7.20e-01
i: 143400, t:  259916.7 s, ωt:  25.99 (4.14 periods), wall: 35.941 minutes, Δt:   1.56, CFL: 7.20e-01
i: 143500, t:  260070.0 s, ωt:  26.01 (4.14 periods), wall: 35.965 minutes, Δt:   1.66, CFL: 7.20e-01
i: 143600, t:  260216.7 s, ωt:  26.02 (4.14 periods), wall: 35.990 minutes, Δt:   1.26, CFL: 7.20e-01
i: 143700, t:  260361.5 s, ωt:  26.04 (4.14 periods), wall: 36.015 minutes, Δt:   1.56, CFL: 7.20e-01
i: 143800, t:  260501.7 s, ωt:  26.05 (4.15 periods), wall: 36.040 minutes, Δt:   1.48, CFL: 7.20e-01
i: 143900, t:  260632.3 s, ωt:  26.06 (4.15 periods), wall: 36.065 minutes, Δt:   1.24, CFL: 7.20e-01
i: 144000, t:  260763.3 s, ωt:  26.08 (4.15 periods), wall: 36.090 minutes, Δt:   1.24, CFL: 7.20e-01
i: 144100, t:  260883.7 s, ωt:  26.09 (4.15 periods), wall: 36.114 minutes, Δt:   1.39, CFL: 7.20e-01
i: 144200, t:  261018.1 s, ωt:  26.10 (4.15 periods), wall: 36.139 minutes, Δt:   1.48, CFL: 7.20e-01
i: 144300, t:  261159.1 s, ωt:  26.12 (4.16 periods), wall: 36.165 minutes, Δt:   1.28, CFL: 7.20e-01
i: 144400, t:  261280.8 s, ωt:  26.13 (4.16 periods), wall: 36.189 minutes, Δt:   1.17, CFL: 7.20e-01
i: 144500, t:  261413.9 s, ωt:  26.14 (4.16 periods), wall: 36.214 minutes, Δt:   0.94, CFL: 7.20e-01
i: 144600, t:  261535.0 s, ωt:  26.15 (4.16 periods), wall: 36.238 minutes, Δt:   1.21, CFL: 7.20e-01
i: 144700, t:  261660.0 s, ωt:  26.17 (4.16 periods), wall: 36.263 minutes, Δt:   1.15, CFL: 7.20e-01
i: 144800, t:  261787.5 s, ωt:  26.18 (4.17 periods), wall: 36.288 minutes, Δt:   1.35, CFL: 7.20e-01
i: 144900, t:  261917.4 s, ωt:  26.19 (4.17 periods), wall: 36.312 minutes, Δt:   1.09, CFL: 7.20e-01
i: 145000, t:  262046.1 s, ωt:  26.20 (4.17 periods), wall: 36.338 minutes, Δt:   1.36, CFL: 7.20e-01
i: 145100, t:  262165.3 s, ωt:  26.22 (4.17 periods), wall: 36.362 minutes, Δt:   1.21, CFL: 7.20e-01
i: 145200, t:  262297.7 s, ωt:  26.23 (4.17 periods), wall: 36.386 minutes, Δt:   1.12, CFL: 7.20e-01
i: 145300, t:  262420.8 s, ωt:  26.24 (4.18 periods), wall: 36.411 minutes, Δt:   1.31, CFL: 7.20e-01
i: 145400, t:  262544.0 s, ωt:  26.25 (4.18 periods), wall: 36.436 minutes, Δt:   1.24, CFL: 7.20e-01
i: 145500, t:  262666.3 s, ωt:  26.27 (4.18 periods), wall: 36.461 minutes, Δt:   1.26, CFL: 7.20e-01
i: 145600, t:  262777.7 s, ωt:  26.28 (4.18 periods), wall: 36.485 minutes, Δt:   1.04, CFL: 7.20e-01
i: 145700, t:  262885.8 s, ωt:  26.29 (4.18 periods), wall: 36.509 minutes, Δt:   1.30, CFL: 7.20e-01
i: 145800, t:  263020.5 s, ωt:  26.30 (4.19 periods), wall: 36.534 minutes, Δt:   1.34, CFL: 7.20e-01
i: 145900, t:  263129.6 s, ωt:  26.31 (4.19 periods), wall: 36.559 minutes, Δt:   1.37, CFL: 7.20e-01
i: 146000, t:  263256.3 s, ωt:  26.33 (4.19 periods), wall: 36.584 minutes, Δt:   1.17, CFL: 7.20e-01
i: 146100, t:  263374.7 s, ωt:  26.34 (4.19 periods), wall: 36.609 minutes, Δt:   1.09, CFL: 7.20e-01
i: 146200, t:  263498.2 s, ωt:  26.35 (4.19 periods), wall: 36.634 minutes, Δt:   1.28, CFL: 7.20e-01
i: 146300, t:  263634.4 s, ωt:  26.36 (4.20 periods), wall: 36.659 minutes, Δt:   1.20, CFL: 7.20e-01
i: 146400, t:  263749.0 s, ωt:  26.37 (4.20 periods), wall: 36.684 minutes, Δt:   1.00, CFL: 7.20e-01
i: 146500, t:  263868.8 s, ωt:  26.39 (4.20 periods), wall: 36.709 minutes, Δt:   1.16, CFL: 7.20e-01
i: 146600, t:  263997.6 s, ωt:  26.40 (4.20 periods), wall: 36.733 minutes, Δt:   1.26, CFL: 7.20e-01
i: 146700, t:  264119.2 s, ωt:  26.41 (4.20 periods), wall: 36.758 minutes, Δt:   1.26, CFL: 7.20e-01
i: 146800, t:  264227.7 s, ωt:  26.42 (4.21 periods), wall: 36.783 minutes, Δt:   1.41, CFL: 7.20e-01
i: 146900, t:  264358.6 s, ωt:  26.44 (4.21 periods), wall: 36.808 minutes, Δt:   1.28, CFL: 7.20e-01
i: 147000, t:  264485.2 s, ωt:  26.45 (4.21 periods), wall: 36.832 minutes, Δt:   1.10, CFL: 7.20e-01
i: 147100, t:  264606.9 s, ωt:  26.46 (4.21 periods), wall: 36.857 minutes, Δt:   0.98, CFL: 7.20e-01
i: 147200, t:  264709.0 s, ωt:  26.47 (4.21 periods), wall: 36.881 minutes, Δt:   1.20, CFL: 7.20e-01
i: 147300, t:  264823.7 s, ωt:  26.48 (4.21 periods), wall: 36.906 minutes, Δt:   1.28, CFL: 7.20e-01
i: 147400, t:  264948.8 s, ωt:  26.49 (4.22 periods), wall: 36.931 minutes, Δt:   1.26, CFL: 7.20e-01
i: 147500, t:  265079.7 s, ωt:  26.51 (4.22 periods), wall: 36.955 minutes, Δt:   1.25, CFL: 7.20e-01
i: 147600, t:  265211.8 s, ωt:  26.52 (4.22 periods), wall: 36.981 minutes, Δt:   1.45, CFL: 7.20e-01
i: 147700, t:  265337.6 s, ωt:  26.53 (4.22 periods), wall: 37.005 minutes, Δt:   1.16, CFL: 7.20e-01
i: 147800, t:  265468.5 s, ωt:  26.55 (4.23 periods), wall: 37.030 minutes, Δt:   1.41, CFL: 7.20e-01
i: 147900, t:  265591.7 s, ωt:  26.56 (4.23 periods), wall: 37.054 minutes, Δt:   1.23, CFL: 7.20e-01
i: 148000, t:  265716.7 s, ωt:  26.57 (4.23 periods), wall: 37.078 minutes, Δt:   1.26, CFL: 7.20e-01
i: 148100, t:  265841.5 s, ωt:  26.58 (4.23 periods), wall: 37.103 minutes, Δt:   1.16, CFL: 7.20e-01
i: 148200, t:  265954.5 s, ωt:  26.60 (4.23 periods), wall: 37.127 minutes, Δt:   1.24, CFL: 7.20e-01
i: 148300, t:  266084.0 s, ωt:  26.61 (4.23 periods), wall: 37.152 minutes, Δt:   1.27, CFL: 7.20e-01
i: 148400, t:  266205.3 s, ωt:  26.62 (4.24 periods), wall: 37.177 minutes, Δt:   1.08, CFL: 7.20e-01
i: 148500, t:  266320.7 s, ωt:  26.63 (4.24 periods), wall: 37.201 minutes, Δt:   1.13, CFL: 7.20e-01
i: 148600, t:  266442.0 s, ωt:  26.64 (4.24 periods), wall: 37.226 minutes, Δt:   1.11, CFL: 7.20e-01
i: 148700, t:  266560.0 s, ωt:  26.66 (4.24 periods), wall: 37.251 minutes, Δt:   1.36, CFL: 7.20e-01
i: 148800, t:  266682.6 s, ωt:  26.67 (4.24 periods), wall: 37.275 minutes, Δt:   1.09, CFL: 7.20e-01
i: 148900, t:  266803.1 s, ωt:  26.68 (4.25 periods), wall: 37.299 minutes, Δt:   1.28, CFL: 7.20e-01
i: 149000, t:  266924.9 s, ωt:  26.69 (4.25 periods), wall: 37.324 minutes, Δt:   1.13, CFL: 7.20e-01
i: 149100, t:  267026.9 s, ωt:  26.70 (4.25 periods), wall: 37.349 minutes, Δt:   1.32, CFL: 7.20e-01
i: 149200, t:  267150.6 s, ωt:  26.72 (4.25 periods), wall: 37.374 minutes, Δt:   1.40, CFL: 7.20e-01
i: 149300, t:  267280.3 s, ωt:  26.73 (4.25 periods), wall: 37.398 minutes, Δt:   1.14, CFL: 7.20e-01
i: 149400, t:  267402.0 s, ωt:  26.74 (4.26 periods), wall: 37.423 minutes, Δt:   1.40, CFL: 7.20e-01
i: 149500, t:  267520.5 s, ωt:  26.75 (4.26 periods), wall: 37.448 minutes, Δt:   1.05, CFL: 7.20e-01
i: 149600, t:  267637.0 s, ωt:  26.76 (4.26 periods), wall: 37.472 minutes, Δt:   1.03, CFL: 7.20e-01
i: 149700, t:  267746.7 s, ωt:  26.77 (4.26 periods), wall: 37.498 minutes, Δt:   1.10, CFL: 7.20e-01
i: 149800, t:  267869.0 s, ωt:  26.79 (4.26 periods), wall: 37.522 minutes, Δt:   1.21, CFL: 7.20e-01
i: 149900, t:  267975.3 s, ωt:  26.80 (4.26 periods), wall: 37.546 minutes, Δt:   1.32, CFL: 7.20e-01
i: 150000, t:  268101.6 s, ωt:  26.81 (4.27 periods), wall: 37.571 minutes, Δt:   1.06, CFL: 7.20e-01
i: 150100, t:  268212.9 s, ωt:  26.82 (4.27 periods), wall: 37.595 minutes, Δt:   1.13, CFL: 7.20e-01
i: 150200, t:  268330.6 s, ωt:  26.83 (4.27 periods), wall: 37.621 minutes, Δt:   1.38, CFL: 7.20e-01
i: 150300, t:  268463.3 s, ωt:  26.85 (4.27 periods), wall: 37.645 minutes, Δt:   1.14, CFL: 7.20e-01
i: 150400, t:  268591.7 s, ωt:  26.86 (4.27 periods), wall: 37.670 minutes, Δt:   1.47, CFL: 7.20e-01
i: 150500, t:  268733.8 s, ωt:  26.87 (4.28 periods), wall: 37.695 minutes, Δt:   1.60, CFL: 7.20e-01
i: 150600, t:  268883.9 s, ωt:  26.89 (4.28 periods), wall: 37.720 minutes, Δt:   1.47, CFL: 7.20e-01
i: 150700, t:  269028.3 s, ωt:  26.90 (4.28 periods), wall: 37.745 minutes, Δt:   0.96, CFL: 7.20e-01
i: 150800, t:  269139.5 s, ωt:  26.91 (4.28 periods), wall: 37.769 minutes, Δt:   0.95, CFL: 7.20e-01
i: 150900, t:  269254.3 s, ωt:  26.93 (4.29 periods), wall: 37.794 minutes, Δt:   1.35, CFL: 7.20e-01
i: 151000, t:  269384.8 s, ωt:  26.94 (4.29 periods), wall: 37.819 minutes, Δt:   1.19, CFL: 7.20e-01
i: 151100, t:  269518.3 s, ωt:  26.95 (4.29 periods), wall: 37.843 minutes, Δt:   1.33, CFL: 7.20e-01
i: 151200, t:  269649.1 s, ωt:  26.96 (4.29 periods), wall: 37.869 minutes, Δt:   1.24, CFL: 7.20e-01
i: 151300, t:  269773.6 s, ωt:  26.98 (4.29 periods), wall: 37.894 minutes, Δt:   1.36, CFL: 7.20e-01
i: 151400, t:  269899.4 s, ωt:  26.99 (4.30 periods), wall: 37.918 minutes, Δt:   1.24, CFL: 7.20e-01
i: 151500, t:  270019.8 s, ωt:  27.00 (4.30 periods), wall: 37.943 minutes, Δt:   1.21, CFL: 7.20e-01
i: 151600, t:  270132.1 s, ωt:  27.01 (4.30 periods), wall: 37.968 minutes, Δt:   1.12, CFL: 7.20e-01
i: 151700, t:  270241.8 s, ωt:  27.02 (4.30 periods), wall: 37.993 minutes, Δt:   1.36, CFL: 7.20e-01
i: 151800, t:  270387.3 s, ωt:  27.04 (4.30 periods), wall: 38.018 minutes, Δt:   1.40, CFL: 7.20e-01
i: 151900, t:  270511.8 s, ωt:  27.05 (4.31 periods), wall: 38.043 minutes, Δt:   0.99, CFL: 7.20e-01
i: 152000, t:  270629.2 s, ωt:  27.06 (4.31 periods), wall: 38.067 minutes, Δt:   1.36, CFL: 7.20e-01
i: 152100, t:  270768.6 s, ωt:  27.08 (4.31 periods), wall: 38.092 minutes, Δt:   1.46, CFL: 7.20e-01
i: 152200, t:  270904.4 s, ωt:  27.09 (4.31 periods), wall: 38.117 minutes, Δt:   1.51, CFL: 7.20e-01
i: 152300, t:  271042.6 s, ωt:  27.10 (4.31 periods), wall: 38.142 minutes, Δt:   1.39, CFL: 7.20e-01
i: 152400, t:  271173.5 s, ωt:  27.12 (4.32 periods), wall: 38.167 minutes, Δt:   1.39, CFL: 7.20e-01
i: 152500, t:  271311.5 s, ωt:  27.13 (4.32 periods), wall: 38.191 minutes, Δt:   1.33, CFL: 7.20e-01
i: 152600, t:  271451.8 s, ωt:  27.15 (4.32 periods), wall: 38.216 minutes, Δt:   1.62, CFL: 7.20e-01
i: 152700, t:  271604.5 s, ωt:  27.16 (4.32 periods), wall: 38.240 minutes, Δt:   1.46, CFL: 7.20e-01
i: 152800, t:  271741.7 s, ωt:  27.17 (4.32 periods), wall: 38.264 minutes, Δt:   1.49, CFL: 7.15e-01
i: 152900, t:  271885.2 s, ωt:  27.19 (4.33 periods), wall: 38.289 minutes, Δt:   1.46, CFL: 7.20e-01
i: 153000, t:  272033.4 s, ωt:  27.20 (4.33 periods), wall: 38.314 minutes, Δt:   1.60, CFL: 7.20e-01
i: 153100, t:  272206.9 s, ωt:  27.22 (4.33 periods), wall: 38.339 minutes, Δt:   1.64, CFL: 7.20e-01
i: 153200, t:  272347.6 s, ωt:  27.23 (4.33 periods), wall: 38.362 minutes, Δt:   1.49, CFL: 7.20e-01
i: 153300, t:  272502.2 s, ωt:  27.25 (4.34 periods), wall: 38.386 minutes, Δt:   1.40, CFL: 7.20e-01
i: 153400, t:  272664.9 s, ωt:  27.27 (4.34 periods), wall: 38.409 minutes, Δt:   1.64, CFL: 7.20e-01
i: 153500, t:  272835.4 s, ωt:  27.28 (4.34 periods), wall: 38.433 minutes, Δt:   1.67, CFL: 7.20e-01
i: 153600, t:  272983.0 s, ωt:  27.30 (4.34 periods), wall: 38.456 minutes, Δt:   1.46, CFL: 7.20e-01
i: 153700, t:  273123.5 s, ωt:  27.31 (4.35 periods), wall: 38.481 minutes, Δt:   1.58, CFL: 7.20e-01
i: 153800, t:  273274.8 s, ωt:  27.33 (4.35 periods), wall: 38.505 minutes, Δt:   1.60, CFL: 7.20e-01
i: 153900, t:  273436.4 s, ωt:  27.34 (4.35 periods), wall: 38.529 minutes, Δt:   1.64, CFL: 7.20e-01
i: 154000, t:  273579.9 s, ωt:  27.36 (4.35 periods), wall: 38.554 minutes, Δt:   1.33, CFL: 7.20e-01
i: 154100, t:  273729.7 s, ωt:  27.37 (4.36 periods), wall: 38.579 minutes, Δt:   1.92, CFL: 7.20e-01
i: 154200, t:  273906.8 s, ωt:  27.39 (4.36 periods), wall: 38.604 minutes, Δt:   1.60, CFL: 7.20e-01
i: 154300, t:  274063.6 s, ωt:  27.41 (4.36 periods), wall: 38.629 minutes, Δt:   1.59, CFL: 7.20e-01
i: 154400, t:  274240.7 s, ωt:  27.42 (4.36 periods), wall: 38.654 minutes, Δt:   1.97, CFL: 7.20e-01
i: 154500, t:  274434.2 s, ωt:  27.44 (4.37 periods), wall: 38.680 minutes, Δt:   1.94, CFL: 7.20e-01
i: 154600, t:  274616.4 s, ωt:  27.46 (4.37 periods), wall: 38.705 minutes, Δt:   1.79, CFL: 7.20e-01
i: 154700, t:  274807.0 s, ωt:  27.48 (4.37 periods), wall: 38.730 minutes, Δt:   1.86, CFL: 7.20e-01
i: 154800, t:  275005.9 s, ωt:  27.50 (4.38 periods), wall: 38.755 minutes, Δt:   2.01, CFL: 7.20e-01
i: 154900, t:  275192.4 s, ωt:  27.52 (4.38 periods), wall: 38.780 minutes, Δt:   1.77, CFL: 7.20e-01
i: 155000, t:  275394.7 s, ωt:  27.54 (4.38 periods), wall: 38.805 minutes, Δt:   2.45, CFL: 7.20e-01
i: 155100, t:  275628.7 s, ωt:  27.56 (4.39 periods), wall: 38.829 minutes, Δt:   2.26, CFL: 7.20e-01
i: 155200, t:  275829.4 s, ωt:  27.58 (4.39 periods), wall: 38.854 minutes, Δt:   2.07, CFL: 7.20e-01
i: 155300, t:  276020.3 s, ωt:  27.60 (4.39 periods), wall: 38.879 minutes, Δt:   2.14, CFL: 7.20e-01
i: 155400, t:  276249.4 s, ωt:  27.62 (4.40 periods), wall: 38.903 minutes, Δt:   2.26, CFL: 7.20e-01
i: 155500, t:  276476.8 s, ωt:  27.65 (4.40 periods), wall: 38.928 minutes, Δt:   2.34, CFL: 7.20e-01
i: 155600, t:  276693.6 s, ωt:  27.67 (4.40 periods), wall: 38.953 minutes, Δt:   1.99, CFL: 7.20e-01
i: 155700, t:  276911.6 s, ωt:  27.69 (4.41 periods), wall: 38.978 minutes, Δt:   2.32, CFL: 7.20e-01
i: 155800, t:  277140.7 s, ωt:  27.71 (4.41 periods), wall: 39.004 minutes, Δt:   2.18, CFL: 7.20e-01
i: 155900, t:  277356.3 s, ωt:  27.74 (4.41 periods), wall: 39.028 minutes, Δt:   2.17, CFL: 7.20e-01
i: 156000, t:  277609.8 s, ωt:  27.76 (4.42 periods), wall: 39.054 minutes, Δt:   2.52, CFL: 7.20e-01
i: 156100, t:  277853.1 s, ωt:  27.79 (4.42 periods), wall: 39.079 minutes, Δt:   2.58, CFL: 7.20e-01
i: 156200, t:  278144.1 s, ωt:  27.81 (4.43 periods), wall: 39.103 minutes, Δt:   3.31, CFL: 7.20e-01
i: 156300, t:  278454.0 s, ωt:  27.85 (4.43 periods), wall: 39.129 minutes, Δt:   2.65, CFL: 7.20e-01
i: 156400, t:  278727.5 s, ωt:  27.87 (4.44 periods), wall: 39.154 minutes, Δt:   3.08, CFL: 7.20e-01
i: 156500, t:  279029.1 s, ωt:  27.90 (4.44 periods), wall: 39.179 minutes, Δt:   3.19, CFL: 7.20e-01
i: 156600, t:  279307.2 s, ωt:  27.93 (4.45 periods), wall: 39.204 minutes, Δt:   2.60, CFL: 7.20e-01
i: 156700, t:  279662.4 s, ωt:  27.97 (4.45 periods), wall: 39.228 minutes, Δt:   3.91, CFL: 7.20e-01
i: 156800, t:  280086.0 s, ωt:  28.01 (4.46 periods), wall: 39.253 minutes, Δt:   4.49, CFL: 7.20e-01
i: 156900, t:  280623.8 s, ωt:  28.06 (4.47 periods), wall: 39.278 minutes, Δt:   5.83, CFL: 7.20e-01
i: 157000, t:  281214.0 s, ωt:  28.12 (4.48 periods), wall: 39.303 minutes, Δt:   6.81, CFL: 7.20e-01
i: 157100, t:  281836.6 s, ωt:  28.18 (4.49 periods), wall: 39.329 minutes, Δt:   6.49, CFL: 7.20e-01
i: 157200, t:  282442.8 s, ωt:  28.24 (4.50 periods), wall: 39.355 minutes, Δt:   7.24, CFL: 7.20e-01
i: 157300, t:  283094.4 s, ωt:  28.31 (4.51 periods), wall: 39.388 minutes, Δt:   5.64, CFL: 7.20e-01
i: 157400, t:  283613.8 s, ωt:  28.36 (4.51 periods), wall: 39.413 minutes, Δt:   4.51, CFL: 7.20e-01
i: 157500, t:  284107.2 s, ωt:  28.41 (4.52 periods), wall: 39.438 minutes, Δt:   5.28, CFL: 7.20e-01
i: 157600, t:  284564.3 s, ωt:  28.46 (4.53 periods), wall: 39.463 minutes, Δt:   4.25, CFL: 7.20e-01
i: 157700, t:  284969.3 s, ωt:  28.50 (4.54 periods), wall: 39.489 minutes, Δt:   3.63, CFL: 7.20e-01
i: 157800, t:  285350.0 s, ωt:  28.53 (4.54 periods), wall: 39.514 minutes, Δt:   4.12, CFL: 7.20e-01
i: 157900, t:  285711.5 s, ωt:  28.57 (4.55 periods), wall: 39.539 minutes, Δt:   3.09, CFL: 7.20e-01
i: 158000, t:  286012.8 s, ωt:  28.60 (4.55 periods), wall: 39.565 minutes, Δt:   2.96, CFL: 7.20e-01
i: 158100, t:  286288.8 s, ωt:  28.63 (4.56 periods), wall: 39.590 minutes, Δt:   2.71, CFL: 7.20e-01
i: 158200, t:  286550.7 s, ωt:  28.66 (4.56 periods), wall: 39.615 minutes, Δt:   2.38, CFL: 7.20e-01
i: 158300, t:  286795.1 s, ωt:  28.68 (4.56 periods), wall: 39.640 minutes, Δt:   2.45, CFL: 7.20e-01
i: 158400, t:  287027.0 s, ωt:  28.70 (4.57 periods), wall: 39.665 minutes, Δt:   2.12, CFL: 7.20e-01
i: 158500, t:  287257.4 s, ωt:  28.73 (4.57 periods), wall: 39.690 minutes, Δt:   2.20, CFL: 7.20e-01
i: 158600, t:  287476.4 s, ωt:  28.75 (4.58 periods), wall: 39.714 minutes, Δt:   2.17, CFL: 7.20e-01
i: 158700, t:  287669.8 s, ωt:  28.77 (4.58 periods), wall: 39.737 minutes, Δt:   1.89, CFL: 7.20e-01
i: 158800, t:  287860.7 s, ωt:  28.79 (4.58 periods), wall: 39.762 minutes, Δt:   1.78, CFL: 7.20e-01
i: 158900, t:  288051.4 s, ωt:  28.81 (4.58 periods), wall: 39.786 minutes, Δt:   2.18, CFL: 7.20e-01
i: 159000, t:  288243.8 s, ωt:  28.82 (4.59 periods), wall: 39.811 minutes, Δt:   1.74, CFL: 7.20e-01
i: 159100, t:  288404.8 s, ωt:  28.84 (4.59 periods), wall: 39.836 minutes, Δt:   1.68, CFL: 7.20e-01
i: 159200, t:  288575.4 s, ωt:  28.86 (4.59 periods), wall: 39.861 minutes, Δt:   1.71, CFL: 7.20e-01
i: 159300, t:  288750.4 s, ωt:  28.88 (4.60 periods), wall: 39.885 minutes, Δt:   1.65, CFL: 7.20e-01
i: 159400, t:  288921.6 s, ωt:  28.89 (4.60 periods), wall: 39.909 minutes, Δt:   1.71, CFL: 7.20e-01
i: 159500, t:  289088.9 s, ωt:  28.91 (4.60 periods), wall: 39.934 minutes, Δt:   1.53, CFL: 7.20e-01
i: 159600, t:  289261.0 s, ωt:  28.93 (4.60 periods), wall: 39.959 minutes, Δt:   1.68, CFL: 7.20e-01
i: 159700, t:  289423.6 s, ωt:  28.94 (4.61 periods), wall: 39.984 minutes, Δt:   1.61, CFL: 7.20e-01
i: 159800, t:  289587.3 s, ωt:  28.96 (4.61 periods), wall: 40.008 minutes, Δt:   1.62, CFL: 7.20e-01
i: 159900, t:  289743.4 s, ωt:  28.97 (4.61 periods), wall: 40.033 minutes, Δt:   1.50, CFL: 7.20e-01
i: 160000, t:  289910.8 s, ωt:  28.99 (4.61 periods), wall: 40.058 minutes, Δt:   1.72, CFL: 7.20e-01
i: 160100, t:  290080.4 s, ωt:  29.01 (4.62 periods), wall: 40.083 minutes, Δt:   1.56, CFL: 7.20e-01
i: 160200, t:  290237.7 s, ωt:  29.02 (4.62 periods), wall: 40.106 minutes, Δt:   1.60, CFL: 7.20e-01
i: 160300, t:  290385.1 s, ωt:  29.04 (4.62 periods), wall: 40.131 minutes, Δt:   1.44, CFL: 7.20e-01
i: 160400, t:  290530.6 s, ωt:  29.05 (4.62 periods), wall: 40.156 minutes, Δt:   1.31, CFL: 7.20e-01
i: 160500, t:  290673.1 s, ωt:  29.07 (4.63 periods), wall: 40.180 minutes, Δt:   1.65, CFL: 7.20e-01
i: 160600, t:  290827.8 s, ωt:  29.08 (4.63 periods), wall: 40.205 minutes, Δt:   1.43, CFL: 7.20e-01
i: 160700, t:  290983.7 s, ωt:  29.10 (4.63 periods), wall: 40.231 minutes, Δt:   1.59, CFL: 7.20e-01
i: 160800, t:  291147.0 s, ωt:  29.11 (4.63 periods), wall: 40.255 minutes, Δt:   1.55, CFL: 7.20e-01
i: 160900, t:  291279.2 s, ωt:  29.13 (4.64 periods), wall: 40.280 minutes, Δt:   1.11, CFL: 7.20e-01
i: 161000, t:  291397.5 s, ωt:  29.14 (4.64 periods), wall: 40.305 minutes, Δt:   1.11, CFL: 7.20e-01
i: 161100, t:  291530.9 s, ωt:  29.15 (4.64 periods), wall: 40.329 minutes, Δt:   1.59, CFL: 7.20e-01
i: 161200, t:  291674.1 s, ωt:  29.17 (4.64 periods), wall: 40.354 minutes, Δt:   1.30, CFL: 7.20e-01
i: 161300, t:  291803.9 s, ωt:  29.18 (4.64 periods), wall: 40.379 minutes, Δt:   1.34, CFL: 7.20e-01
i: 161400, t:  291949.8 s, ωt:  29.19 (4.65 periods), wall: 40.404 minutes, Δt:   1.25, CFL: 7.20e-01
i: 161500, t:  292081.4 s, ωt:  29.21 (4.65 periods), wall: 40.428 minutes, Δt:   1.29, CFL: 7.20e-01
i: 161600, t:  292213.7 s, ωt:  29.22 (4.65 periods), wall: 40.453 minutes, Δt:   1.28, CFL: 7.20e-01
i: 161700, t:  292346.6 s, ωt:  29.23 (4.65 periods), wall: 40.478 minutes, Δt:   1.22, CFL: 7.20e-01
i: 161800, t:  292459.7 s, ωt:  29.25 (4.65 periods), wall: 40.502 minutes, Δt:   1.12, CFL: 7.20e-01
i: 161900, t:  292583.4 s, ωt:  29.26 (4.66 periods), wall: 40.527 minutes, Δt:   1.01, CFL: 7.20e-01
i: 162000, t:  292697.9 s, ωt:  29.27 (4.66 periods), wall: 40.552 minutes, Δt:   1.31, CFL: 7.20e-01
i: 162100, t:  292833.6 s, ωt:  29.28 (4.66 periods), wall: 40.577 minutes, Δt:   1.51, CFL: 7.20e-01
i: 162200, t:  292967.9 s, ωt:  29.30 (4.66 periods), wall: 40.602 minutes, Δt:   1.37, CFL: 7.20e-01
i: 162300, t:  293103.8 s, ωt:  29.31 (4.66 periods), wall: 40.626 minutes, Δt:   1.17, CFL: 7.20e-01
i: 162400, t:  293230.2 s, ωt:  29.32 (4.67 periods), wall: 40.651 minutes, Δt:   1.32, CFL: 7.20e-01
i: 162500, t:  293360.6 s, ωt:  29.34 (4.67 periods), wall: 40.676 minutes, Δt:   1.17, CFL: 7.20e-01
i: 162600, t:  293479.9 s, ωt:  29.35 (4.67 periods), wall: 40.700 minutes, Δt:   1.21, CFL: 7.20e-01
i: 162700, t:  293595.0 s, ωt:  29.36 (4.67 periods), wall: 40.725 minutes, Δt:   1.27, CFL: 7.20e-01
i: 162800, t:  293729.4 s, ωt:  29.37 (4.67 periods), wall: 40.750 minutes, Δt:   1.19, CFL: 7.20e-01
i: 162900, t:  293843.6 s, ωt:  29.38 (4.68 periods), wall: 40.775 minutes, Δt:   1.02, CFL: 7.20e-01
i: 163000, t:  293968.3 s, ωt:  29.40 (4.68 periods), wall: 40.800 minutes, Δt:   1.24, CFL: 7.20e-01
i: 163100, t:  294082.2 s, ωt:  29.41 (4.68 periods), wall: 40.825 minutes, Δt:   1.18, CFL: 7.20e-01
i: 163200, t:  294201.4 s, ωt:  29.42 (4.68 periods), wall: 40.849 minutes, Δt:   1.28, CFL: 7.20e-01
i: 163300, t:  294324.1 s, ωt:  29.43 (4.68 periods), wall: 40.873 minutes, Δt:   1.13, CFL: 7.20e-01
i: 163400, t:  294454.7 s, ωt:  29.45 (4.69 periods), wall: 40.897 minutes, Δt:   1.19, CFL: 7.20e-01
i: 163500, t:  294578.8 s, ωt:  29.46 (4.69 periods), wall: 40.921 minutes, Δt:   1.18, CFL: 7.20e-01
i: 163600, t:  294688.5 s, ωt:  29.47 (4.69 periods), wall: 40.944 minutes, Δt:   0.92, CFL: 7.20e-01
i: 163700, t:  294784.3 s, ωt:  29.48 (4.69 periods), wall: 40.969 minutes, Δt:   1.30, CFL: 7.20e-01
i: 163800, t:  294889.0 s, ωt:  29.49 (4.69 periods), wall: 40.993 minutes, Δt:   1.20, CFL: 7.20e-01
i: 163900, t:  295006.1 s, ωt:  29.50 (4.70 periods), wall: 41.018 minutes, Δt:   1.29, CFL: 7.20e-01
i: 164000, t:  295117.5 s, ωt:  29.51 (4.70 periods), wall: 41.043 minutes, Δt:   1.02, CFL: 7.20e-01
i: 164100, t:  295230.1 s, ωt:  29.52 (4.70 periods), wall: 41.067 minutes, Δt:   1.07, CFL: 7.20e-01
i: 164200, t:  295353.9 s, ωt:  29.54 (4.70 periods), wall: 41.092 minutes, Δt:   1.42, CFL: 7.20e-01
i: 164300, t:  295479.1 s, ωt:  29.55 (4.70 periods), wall: 41.117 minutes, Δt:   1.15, CFL: 7.20e-01
i: 164400, t:  295599.1 s, ωt:  29.56 (4.70 periods), wall: 41.141 minutes, Δt:   1.07, CFL: 7.20e-01
i: 164500, t:  295717.6 s, ωt:  29.57 (4.71 periods), wall: 41.167 minutes, Δt:   1.18, CFL: 7.20e-01
i: 164600, t:  295841.0 s, ωt:  29.58 (4.71 periods), wall: 41.191 minutes, Δt:   1.23, CFL: 7.20e-01
i: 164700, t:  295956.8 s, ωt:  29.60 (4.71 periods), wall: 41.216 minutes, Δt:   1.12, CFL: 7.20e-01
i: 164800, t:  296068.3 s, ωt:  29.61 (4.71 periods), wall: 41.240 minutes, Δt:   1.07, CFL: 7.20e-01
i: 164900, t:  296181.5 s, ωt:  29.62 (4.71 periods), wall: 41.265 minutes, Δt:   0.90, CFL: 7.20e-01
i: 165000, t:  296292.3 s, ωt:  29.63 (4.72 periods), wall: 41.290 minutes, Δt:   1.19, CFL: 7.20e-01
i: 165100, t:  296412.2 s, ωt:  29.64 (4.72 periods), wall: 41.313 minutes, Δt:   1.07, CFL: 7.20e-01
i: 165200, t:  296529.3 s, ωt:  29.65 (4.72 periods), wall: 41.337 minutes, Δt:   1.20, CFL: 7.20e-01
i: 165300, t:  296652.7 s, ωt:  29.67 (4.72 periods), wall: 41.361 minutes, Δt:   1.36, CFL: 7.20e-01
i: 165400, t:  296772.5 s, ωt:  29.68 (4.72 periods), wall: 41.385 minutes, Δt:   1.02, CFL: 7.20e-01
i: 165500, t:  296884.2 s, ωt:  29.69 (4.73 periods), wall: 41.410 minutes, Δt:   1.20, CFL: 7.20e-01
i: 165600, t:  297004.0 s, ωt:  29.70 (4.73 periods), wall: 41.435 minutes, Δt:   1.11, CFL: 7.20e-01
i: 165700, t:  297108.3 s, ωt:  29.71 (4.73 periods), wall: 41.460 minutes, Δt:   0.98, CFL: 7.20e-01
i: 165800, t:  297219.5 s, ωt:  29.72 (4.73 periods), wall: 41.485 minutes, Δt:   1.30, CFL: 7.20e-01
i: 165900, t:  297340.3 s, ωt:  29.73 (4.73 periods), wall: 41.509 minutes, Δt:   1.26, CFL: 7.20e-01
i: 166000, t:  297475.1 s, ωt:  29.75 (4.73 periods), wall: 41.534 minutes, Δt:   1.25, CFL: 7.20e-01
i: 166100, t:  297599.7 s, ωt:  29.76 (4.74 periods), wall: 41.560 minutes, Δt:   1.14, CFL: 7.20e-01
i: 166200, t:  297713.3 s, ωt:  29.77 (4.74 periods), wall: 41.584 minutes, Δt:   1.21, CFL: 7.20e-01
i: 166300, t:  297829.3 s, ωt:  29.78 (4.74 periods), wall: 41.608 minutes, Δt:   1.05, CFL: 7.20e-01
i: 166400, t:  297938.9 s, ωt:  29.79 (4.74 periods), wall: 41.633 minutes, Δt:   1.03, CFL: 7.20e-01
i: 166500, t:  298039.7 s, ωt:  29.80 (4.74 periods), wall: 41.657 minutes, Δt:   0.97, CFL: 7.20e-01
i: 166600, t:  298149.9 s, ωt:  29.81 (4.75 periods), wall: 41.681 minutes, Δt:   1.11, CFL: 7.20e-01
i: 166700, t:  298266.5 s, ωt:  29.83 (4.75 periods), wall: 41.705 minutes, Δt:   1.14, CFL: 7.20e-01
i: 166800, t:  298380.4 s, ωt:  29.84 (4.75 periods), wall: 41.729 minutes, Δt:   1.10, CFL: 7.20e-01
i: 166900, t:  298499.1 s, ωt:  29.85 (4.75 periods), wall: 41.753 minutes, Δt:   1.30, CFL: 7.20e-01
i: 167000, t:  298620.9 s, ωt:  29.86 (4.75 periods), wall: 41.777 minutes, Δt:   1.14, CFL: 7.20e-01
i: 167100, t:  298746.8 s, ωt:  29.87 (4.75 periods), wall: 41.800 minutes, Δt:   1.25, CFL: 7.20e-01
i: 167200, t:  298869.3 s, ωt:  29.89 (4.76 periods), wall: 41.826 minutes, Δt:   1.16, CFL: 7.20e-01
i: 167300, t:  298983.4 s, ωt:  29.90 (4.76 periods), wall: 41.850 minutes, Δt:   1.22, CFL: 7.20e-01
i: 167400, t:  299102.4 s, ωt:  29.91 (4.76 periods), wall: 41.875 minutes, Δt:   1.24, CFL: 7.20e-01
i: 167500, t:  299227.8 s, ωt:  29.92 (4.76 periods), wall: 41.900 minutes, Δt:   1.06, CFL: 7.20e-01
i: 167600, t:  299347.9 s, ωt:  29.93 (4.76 periods), wall: 41.924 minutes, Δt:   1.39, CFL: 7.20e-01
i: 167700, t:  299471.4 s, ωt:  29.95 (4.77 periods), wall: 41.949 minutes, Δt:   1.17, CFL: 7.20e-01
i: 167800, t:  299593.6 s, ωt:  29.96 (4.77 periods), wall: 41.974 minutes, Δt:   1.34, CFL: 7.20e-01
i: 167900, t:  299721.3 s, ωt:  29.97 (4.77 periods), wall: 41.998 minutes, Δt:   1.16, CFL: 7.20e-01
i: 168000, t:  299835.3 s, ωt:  29.98 (4.77 periods), wall: 42.023 minutes, Δt:   1.05, CFL: 7.20e-01
i: 168100, t:  299959.9 s, ωt:  30.00 (4.77 periods), wall: 42.048 minutes, Δt:   1.24, CFL: 7.20e-01
i: 168200, t:  300083.6 s, ωt:  30.01 (4.78 periods), wall: 42.073 minutes, Δt:   1.30, CFL: 7.20e-01
i: 168300, t:  300207.5 s, ωt:  30.02 (4.78 periods), wall: 42.097 minutes, Δt:   1.27, CFL: 7.20e-01
i: 168400, t:  300318.3 s, ωt:  30.03 (4.78 periods), wall: 42.121 minutes, Δt:   1.16, CFL: 7.20e-01
i: 168500, t:  300445.4 s, ωt:  30.04 (4.78 periods), wall: 42.147 minutes, Δt:   1.47, CFL: 7.20e-01
i: 168600, t:  300570.2 s, ωt:  30.06 (4.78 periods), wall: 42.171 minutes, Δt:   1.29, CFL: 7.20e-01
i: 168700, t:  300701.5 s, ωt:  30.07 (4.79 periods), wall: 42.196 minutes, Δt:   1.38, CFL: 7.20e-01
i: 168800, t:  300828.9 s, ωt:  30.08 (4.79 periods), wall: 42.221 minutes, Δt:   1.17, CFL: 7.20e-01
i: 168900, t:  300949.4 s, ωt:  30.09 (4.79 periods), wall: 42.245 minutes, Δt:   1.20, CFL: 7.20e-01
i: 169000, t:  301070.5 s, ωt:  30.11 (4.79 periods), wall: 42.271 minutes, Δt:   1.31, CFL: 7.20e-01
i: 169100, t:  301182.6 s, ωt:  30.12 (4.79 periods), wall: 42.296 minutes, Δt:   0.98, CFL: 7.20e-01
i: 169200, t:  301286.4 s, ωt:  30.13 (4.80 periods), wall: 42.320 minutes, Δt:   1.24, CFL: 7.20e-01
i: 169300, t:  301409.4 s, ωt:  30.14 (4.80 periods), wall: 42.345 minutes, Δt:   1.00, CFL: 7.20e-01
i: 169400, t:  301526.1 s, ωt:  30.15 (4.80 periods), wall: 42.369 minutes, Δt:   1.20, CFL: 7.20e-01
i: 169500, t:  301661.9 s, ωt:  30.17 (4.80 periods), wall: 42.395 minutes, Δt:   1.43, CFL: 7.20e-01
i: 169600, t:  301808.2 s, ωt:  30.18 (4.80 periods), wall: 42.420 minutes, Δt:   1.33, CFL: 7.20e-01
i: 169700, t:  301949.1 s, ωt:  30.19 (4.81 periods), wall: 42.445 minutes, Δt:   1.49, CFL: 7.20e-01
i: 169800, t:  302087.3 s, ωt:  30.21 (4.81 periods), wall: 42.469 minutes, Δt:   1.25, CFL: 7.20e-01
i: 169900, t:  302219.7 s, ωt:  30.22 (4.81 periods), wall: 42.494 minutes, Δt:   1.39, CFL: 7.20e-01
i: 170000, t:  302337.2 s, ωt:  30.23 (4.81 periods), wall: 42.518 minutes, Δt:   1.32, CFL: 7.20e-01
i: 170100, t:  302467.6 s, ωt:  30.25 (4.81 periods), wall: 42.541 minutes, Δt:   1.17, CFL: 7.20e-01
i: 170200, t:  302594.0 s, ωt:  30.26 (4.82 periods), wall: 42.565 minutes, Δt:   1.39, CFL: 7.20e-01
i: 170300, t:  302726.8 s, ωt:  30.27 (4.82 periods), wall: 42.589 minutes, Δt:   1.50, CFL: 7.20e-01
i: 170400, t:  302873.9 s, ωt:  30.29 (4.82 periods), wall: 42.614 minutes, Δt:   1.70, CFL: 7.20e-01
i: 170500, t:  303016.2 s, ωt:  30.30 (4.82 periods), wall: 42.639 minutes, Δt:   1.46, CFL: 7.20e-01
i: 170600, t:  303145.2 s, ωt:  30.31 (4.82 periods), wall: 42.663 minutes, Δt:   1.04, CFL: 7.20e-01
i: 170700, t:  303285.0 s, ωt:  30.33 (4.83 periods), wall: 42.688 minutes, Δt:   1.58, CFL: 7.20e-01
i: 170800, t:  303413.8 s, ωt:  30.34 (4.83 periods), wall: 42.712 minutes, Δt:   1.23, CFL: 7.20e-01
i: 170900, t:  303549.8 s, ωt:  30.35 (4.83 periods), wall: 42.738 minutes, Δt:   1.45, CFL: 7.20e-01
i: 171000, t:  303687.0 s, ωt:  30.37 (4.83 periods), wall: 42.762 minutes, Δt:   1.13, CFL: 7.20e-01
i: 171100, t:  303809.1 s, ωt:  30.38 (4.84 periods), wall: 42.788 minutes, Δt:   1.45, CFL: 7.20e-01
i: 171200, t:  303955.3 s, ωt:  30.40 (4.84 periods), wall: 42.812 minutes, Δt:   1.38, CFL: 7.20e-01
i: 171300, t:  304102.2 s, ωt:  30.41 (4.84 periods), wall: 42.837 minutes, Δt:   1.29, CFL: 7.20e-01
i: 171400, t:  304253.6 s, ωt:  30.43 (4.84 periods), wall: 42.863 minutes, Δt:   1.62, CFL: 7.20e-01
i: 171500, t:  304415.4 s, ωt:  30.44 (4.84 periods), wall: 42.887 minutes, Δt:   1.68, CFL: 7.20e-01
i: 171600, t:  304580.7 s, ωt:  30.46 (4.85 periods), wall: 42.912 minutes, Δt:   1.76, CFL: 7.20e-01
i: 171700, t:  304734.5 s, ωt:  30.47 (4.85 periods), wall: 42.937 minutes, Δt:   1.75, CFL: 7.20e-01
i: 171800, t:  304899.1 s, ωt:  30.49 (4.85 periods), wall: 42.962 minutes, Δt:   1.76, CFL: 7.20e-01
i: 171900, t:  305078.4 s, ωt:  30.51 (4.86 periods), wall: 42.987 minutes, Δt:   1.76, CFL: 7.20e-01
i: 172000, t:  305252.1 s, ωt:  30.53 (4.86 periods), wall: 43.011 minutes, Δt:   1.99, CFL: 7.20e-01
i: 172100, t:  305434.5 s, ωt:  30.54 (4.86 periods), wall: 43.036 minutes, Δt:   1.61, CFL: 7.20e-01
i: 172200, t:  305572.4 s, ωt:  30.56 (4.86 periods), wall: 43.061 minutes, Δt:   1.25, CFL: 7.20e-01
i: 172300, t:  305716.6 s, ωt:  30.57 (4.87 periods), wall: 43.086 minutes, Δt:   1.39, CFL: 7.20e-01
i: 172400, t:  305882.3 s, ωt:  30.59 (4.87 periods), wall: 43.111 minutes, Δt:   1.86, CFL: 7.20e-01
i: 172500, t:  306058.2 s, ωt:  30.61 (4.87 periods), wall: 43.136 minutes, Δt:   1.71, CFL: 7.20e-01
i: 172600, t:  306232.8 s, ωt:  30.62 (4.87 periods), wall: 43.160 minutes, Δt:   1.78, CFL: 7.20e-01
i: 172700, t:  306413.3 s, ωt:  30.64 (4.88 periods), wall: 43.185 minutes, Δt:   1.75, CFL: 7.20e-01
i: 172800, t:  306582.9 s, ωt:  30.66 (4.88 periods), wall: 43.209 minutes, Δt:   1.85, CFL: 7.20e-01
i: 172900, t:  306744.0 s, ωt:  30.67 (4.88 periods), wall: 43.234 minutes, Δt:   1.75, CFL: 7.20e-01
i: 173000, t:  306899.9 s, ωt:  30.69 (4.88 periods), wall: 43.259 minutes, Δt:   2.01, CFL: 7.20e-01
i: 173100, t:  307097.8 s, ωt:  30.71 (4.89 periods), wall: 43.283 minutes, Δt:   2.01, CFL: 7.20e-01
i: 173200, t:  307301.9 s, ωt:  30.73 (4.89 periods), wall: 43.308 minutes, Δt:   1.94, CFL: 7.20e-01
i: 173300, t:  307511.3 s, ωt:  30.75 (4.89 periods), wall: 43.332 minutes, Δt:   2.34, CFL: 7.20e-01
i: 173400, t:  307720.2 s, ωt:  30.77 (4.90 periods), wall: 43.356 minutes, Δt:   1.77, CFL: 7.20e-01
i: 173500, t:  307921.9 s, ωt:  30.79 (4.90 periods), wall: 43.380 minutes, Δt:   1.89, CFL: 7.20e-01
i: 173600, t:  308111.7 s, ωt:  30.81 (4.90 periods), wall: 43.405 minutes, Δt:   1.94, CFL: 7.20e-01
i: 173700, t:  308335.1 s, ωt:  30.83 (4.91 periods), wall: 43.430 minutes, Δt:   2.62, CFL: 7.20e-01
i: 173800, t:  308545.7 s, ωt:  30.85 (4.91 periods), wall: 43.454 minutes, Δt:   2.37, CFL: 7.20e-01
i: 173900, t:  308787.0 s, ωt:  30.88 (4.91 periods), wall: 43.479 minutes, Δt:   2.39, CFL: 7.20e-01
i: 174000, t:  309030.9 s, ωt:  30.90 (4.92 periods), wall: 43.504 minutes, Δt:   2.66, CFL: 7.20e-01
i: 174100, t:  309312.7 s, ωt:  30.93 (4.92 periods), wall: 43.529 minutes, Δt:   2.63, CFL: 7.20e-01
i: 174200, t:  309580.7 s, ωt:  30.96 (4.93 periods), wall: 43.554 minutes, Δt:   2.87, CFL: 7.20e-01
i: 174300, t:  309837.9 s, ωt:  30.98 (4.93 periods), wall: 43.579 minutes, Δt:   2.53, CFL: 7.20e-01
i: 174400, t:  310077.9 s, ωt:  31.01 (4.94 periods), wall: 43.604 minutes, Δt:   3.28, CFL: 7.20e-01
i: 174500, t:  310372.5 s, ωt:  31.04 (4.94 periods), wall: 43.628 minutes, Δt:   2.88, CFL: 7.20e-01
i: 174600, t:  310694.3 s, ωt:  31.07 (4.94 periods), wall: 43.653 minutes, Δt:   3.81, CFL: 7.18e-01
i: 174700, t:  311055.3 s, ωt:  31.11 (4.95 periods), wall: 43.679 minutes, Δt:   3.76, CFL: 7.20e-01
i: 174800, t:  311533.6 s, ωt:  31.15 (4.96 periods), wall: 43.704 minutes, Δt:   4.74, CFL: 7.20e-01
i: 174900, t:  312047.1 s, ωt:  31.20 (4.97 periods), wall: 43.730 minutes, Δt:   5.69, CFL: 7.20e-01
i: 175000, t:  312618.1 s, ωt:  31.26 (4.98 periods), wall: 43.755 minutes, Δt:   5.49, CFL: 7.20e-01
i: 175100, t:  313223.8 s, ωt:  31.32 (4.99 periods), wall: 43.781 minutes, Δt:   6.84, CFL: 7.20e-01
i: 175200, t:  313879.4 s, ωt:  31.39 (5.00 periods), wall: 43.807 minutes, Δt:   7.33, CFL: 7.20e-01
i: 175300, t:  314544.5 s, ωt:  31.45 (5.01 periods), wall: 43.839 minutes, Δt:   5.74, CFL: 7.20e-01
i: 175400, t:  315154.0 s, ωt:  31.52 (5.02 periods), wall: 43.865 minutes, Δt:   6.45, CFL: 7.20e-01
i: 175500, t:  315741.9 s, ωt:  31.57 (5.03 periods), wall: 43.890 minutes, Δt:   5.93, CFL: 7.20e-01
i: 175600, t:  316246.1 s, ωt:  31.62 (5.03 periods), wall: 43.915 minutes, Δt:   4.48, CFL: 7.20e-01
i: 175700, t:  316613.1 s, ωt:  31.66 (5.04 periods), wall: 43.940 minutes, Δt:   3.17, CFL: 7.20e-01
i: 175800, t:  316965.1 s, ωt:  31.70 (5.04 periods), wall: 43.965 minutes, Δt:   3.50, CFL: 7.20e-01
i: 175900, t:  317293.6 s, ωt:  31.73 (5.05 periods), wall: 43.990 minutes, Δt:   2.90, CFL: 7.20e-01
i: 176000, t:  317584.9 s, ωt:  31.76 (5.05 periods), wall: 44.015 minutes, Δt:   3.09, CFL: 7.20e-01
i: 176100, t:  317857.3 s, ωt:  31.79 (5.06 periods), wall: 44.040 minutes, Δt:   2.84, CFL: 7.20e-01
i: 176200, t:  318103.4 s, ωt:  31.81 (5.06 periods), wall: 44.065 minutes, Δt:   2.63, CFL: 7.20e-01
i: 176300, t:  318344.9 s, ωt:  31.83 (5.07 periods), wall: 44.090 minutes, Δt:   2.03, CFL: 7.20e-01
i: 176400, t:  318566.5 s, ωt:  31.86 (5.07 periods), wall: 44.115 minutes, Δt:   2.19, CFL: 7.20e-01
i: 176500, t:  318789.5 s, ωt:  31.88 (5.07 periods), wall: 44.139 minutes, Δt:   2.41, CFL: 7.20e-01
i: 176600, t:  319001.4 s, ωt:  31.90 (5.08 periods), wall: 44.164 minutes, Δt:   2.21, CFL: 7.20e-01
i: 176700, t:  319211.5 s, ωt:  31.92 (5.08 periods), wall: 44.189 minutes, Δt:   2.10, CFL: 7.20e-01
i: 176800, t:  319401.3 s, ωt:  31.94 (5.08 periods), wall: 44.214 minutes, Δt:   1.55, CFL: 7.20e-01
i: 176900, t:  319587.7 s, ωt:  31.96 (5.09 periods), wall: 44.239 minutes, Δt:   1.81, CFL: 7.20e-01
i: 177000, t:  319770.8 s, ωt:  31.98 (5.09 periods), wall: 44.264 minutes, Δt:   2.17, CFL: 7.20e-01
i: 177100, t:  319965.1 s, ωt:  32.00 (5.09 periods), wall: 44.289 minutes, Δt:   1.85, CFL: 7.20e-01
i: 177200, t:  320158.3 s, ωt:  32.02 (5.10 periods), wall: 44.314 minutes, Δt:   1.78, CFL: 7.20e-01
i: 177300, t:  320335.3 s, ωt:  32.03 (5.10 periods), wall: 44.339 minutes, Δt:   1.77, CFL: 7.20e-01
i: 177400, t:  320506.7 s, ωt:  32.05 (5.10 periods), wall: 44.364 minutes, Δt:   1.56, CFL: 7.20e-01
i: 177500, t:  320665.7 s, ωt:  32.07 (5.10 periods), wall: 44.388 minutes, Δt:   1.35, CFL: 7.20e-01
i: 177600, t:  320811.1 s, ωt:  32.08 (5.11 periods), wall: 44.412 minutes, Δt:   1.58, CFL: 7.20e-01
i: 177700, t:  320987.7 s, ωt:  32.10 (5.11 periods), wall: 44.437 minutes, Δt:   1.71, CFL: 7.20e-01
i: 177800, t:  321161.0 s, ωt:  32.12 (5.11 periods), wall: 44.462 minutes, Δt:   1.51, CFL: 7.20e-01
i: 177900, t:  321333.6 s, ωt:  32.13 (5.11 periods), wall: 44.487 minutes, Δt:   1.86, CFL: 7.20e-01
i: 178000, t:  321498.6 s, ωt:  32.15 (5.12 periods), wall: 44.512 minutes, Δt:   1.65, CFL: 7.20e-01
i: 178100, t:  321636.6 s, ωt:  32.16 (5.12 periods), wall: 44.536 minutes, Δt:   1.48, CFL: 7.20e-01
i: 178200, t:  321801.5 s, ωt:  32.18 (5.12 periods), wall: 44.561 minutes, Δt:   1.81, CFL: 7.20e-01
i: 178300, t:  321962.7 s, ωt:  32.20 (5.12 periods), wall: 44.586 minutes, Δt:   1.61, CFL: 7.20e-01
i: 178400, t:  322122.9 s, ωt:  32.21 (5.13 periods), wall: 44.611 minutes, Δt:   1.58, CFL: 7.20e-01
i: 178500, t:  322276.9 s, ωt:  32.23 (5.13 periods), wall: 44.636 minutes, Δt:   1.61, CFL: 7.20e-01
i: 178600, t:  322427.6 s, ωt:  32.24 (5.13 periods), wall: 44.661 minutes, Δt:   1.63, CFL: 7.20e-01
i: 178700, t:  322581.1 s, ωt:  32.26 (5.13 periods), wall: 44.686 minutes, Δt:   1.39, CFL: 7.20e-01
i: 178800, t:  322715.9 s, ωt:  32.27 (5.14 periods), wall: 44.711 minutes, Δt:   1.41, CFL: 7.20e-01
i: 178900, t:  322858.3 s, ωt:  32.29 (5.14 periods), wall: 44.736 minutes, Δt:   1.47, CFL: 7.20e-01
i: 179000, t:  322999.1 s, ωt:  32.30 (5.14 periods), wall: 44.761 minutes, Δt:   1.45, CFL: 7.20e-01
i: 179100, t:  323139.5 s, ωt:  32.31 (5.14 periods), wall: 44.785 minutes, Δt:   1.50, CFL: 7.20e-01
i: 179200, t:  323274.2 s, ωt:  32.33 (5.15 periods), wall: 44.810 minutes, Δt:   1.45, CFL: 7.20e-01
i: 179300, t:  323414.5 s, ωt:  32.34 (5.15 periods), wall: 44.835 minutes, Δt:   1.31, CFL: 7.20e-01
i: 179400, t:  323544.9 s, ωt:  32.35 (5.15 periods), wall: 44.859 minutes, Δt:   1.38, CFL: 7.20e-01
i: 179500, t:  323693.4 s, ωt:  32.37 (5.15 periods), wall: 44.884 minutes, Δt:   1.41, CFL: 7.20e-01
i: 179600, t:  323828.1 s, ωt:  32.38 (5.15 periods), wall: 44.908 minutes, Δt:   1.36, CFL: 7.20e-01
i: 179700, t:  323961.5 s, ωt:  32.40 (5.16 periods), wall: 44.934 minutes, Δt:   1.03, CFL: 7.20e-01
i: 179800, t:  324080.6 s, ωt:  32.41 (5.16 periods), wall: 44.959 minutes, Δt:   1.16, CFL: 7.20e-01
i: 179900, t:  324204.9 s, ωt:  32.42 (5.16 periods), wall: 44.983 minutes, Δt:   1.10, CFL: 7.20e-01
i: 180000, t:  324330.3 s, ωt:  32.43 (5.16 periods), wall: 45.008 minutes, Δt:   1.21, CFL: 7.20e-01
i: 180100, t:  324465.6 s, ωt:  32.45 (5.16 periods), wall: 45.032 minutes, Δt:   1.35, CFL: 7.20e-01
i: 180200, t:  324593.6 s, ωt:  32.46 (5.17 periods), wall: 45.057 minutes, Δt:   1.19, CFL: 7.20e-01
i: 180300, t:  324707.8 s, ωt:  32.47 (5.17 periods), wall: 45.082 minutes, Δt:   1.18, CFL: 7.20e-01
i: 180400, t:  324830.1 s, ωt:  32.48 (5.17 periods), wall: 45.106 minutes, Δt:   1.23, CFL: 7.20e-01
i: 180500, t:  324958.0 s, ωt:  32.50 (5.17 periods), wall: 45.131 minutes, Δt:   1.42, CFL: 7.20e-01
i: 180600, t:  325099.1 s, ωt:  32.51 (5.17 periods), wall: 45.156 minutes, Δt:   1.35, CFL: 7.20e-01
i: 180700, t:  325237.0 s, ωt:  32.52 (5.18 periods), wall: 45.181 minutes, Δt:   1.39, CFL: 7.20e-01
i: 180800, t:  325364.7 s, ωt:  32.54 (5.18 periods), wall: 45.205 minutes, Δt:   1.33, CFL: 7.20e-01
i: 180900, t:  325483.2 s, ωt:  32.55 (5.18 periods), wall: 45.230 minutes, Δt:   1.18, CFL: 7.20e-01
i: 181000, t:  325607.2 s, ωt:  32.56 (5.18 periods), wall: 45.255 minutes, Δt:   1.29, CFL: 7.20e-01
i: 181100, t:  325735.9 s, ωt:  32.57 (5.18 periods), wall: 45.280 minutes, Δt:   1.40, CFL: 7.20e-01
i: 181200, t:  325868.1 s, ωt:  32.59 (5.19 periods), wall: 45.305 minutes, Δt:   1.36, CFL: 7.20e-01
i: 181300, t:  325999.2 s, ωt:  32.60 (5.19 periods), wall: 45.329 minutes, Δt:   1.32, CFL: 7.20e-01
i: 181400, t:  326121.1 s, ωt:  32.61 (5.19 periods), wall: 45.353 minutes, Δt:   1.17, CFL: 7.20e-01
i: 181500, t:  326251.8 s, ωt:  32.63 (5.19 periods), wall: 45.378 minutes, Δt:   1.27, CFL: 7.20e-01
i: 181600, t:  326372.4 s, ωt:  32.64 (5.19 periods), wall: 45.402 minutes, Δt:   1.23, CFL: 7.20e-01
i: 181700, t:  326492.9 s, ωt:  32.65 (5.20 periods), wall: 45.428 minutes, Δt:   1.25, CFL: 7.20e-01
i: 181800, t:  326611.1 s, ωt:  32.66 (5.20 periods), wall: 45.453 minutes, Δt:   1.22, CFL: 7.20e-01
i: 181900, t:  326738.1 s, ωt:  32.67 (5.20 periods), wall: 45.477 minutes, Δt:   1.24, CFL: 7.20e-01
i: 182000, t:  326861.6 s, ωt:  32.69 (5.20 periods), wall: 45.502 minutes, Δt:   1.00, CFL: 7.20e-01
i: 182100, t:  326974.0 s, ωt:  32.70 (5.20 periods), wall: 45.527 minutes, Δt:   1.24, CFL: 7.20e-01
i: 182200, t:  327093.8 s, ωt:  32.71 (5.21 periods), wall: 45.552 minutes, Δt:   1.34, CFL: 7.20e-01
i: 182300, t:  327223.4 s, ωt:  32.72 (5.21 periods), wall: 45.577 minutes, Δt:   1.27, CFL: 7.20e-01
i: 182400, t:  327341.5 s, ωt:  32.73 (5.21 periods), wall: 45.602 minutes, Δt:   1.13, CFL: 7.20e-01
i: 182500, t:  327470.7 s, ωt:  32.75 (5.21 periods), wall: 45.627 minutes, Δt:   1.30, CFL: 7.20e-01
i: 182600, t:  327600.3 s, ωt:  32.76 (5.21 periods), wall: 45.652 minutes, Δt:   1.37, CFL: 7.20e-01
i: 182700, t:  327717.3 s, ωt:  32.77 (5.22 periods), wall: 45.677 minutes, Δt:   1.16, CFL: 7.20e-01
i: 182800, t:  327843.0 s, ωt:  32.78 (5.22 periods), wall: 45.702 minutes, Δt:   1.09, CFL: 7.20e-01
i: 182900, t:  327945.1 s, ωt:  32.79 (5.22 periods), wall: 45.726 minutes, Δt:   1.15, CFL: 7.20e-01
i: 183000, t:  328065.0 s, ωt:  32.81 (5.22 periods), wall: 45.751 minutes, Δt:   1.34, CFL: 7.20e-01
i: 183100, t:  328192.4 s, ωt:  32.82 (5.22 periods), wall: 45.776 minutes, Δt:   1.27, CFL: 7.20e-01
i: 183200, t:  328307.4 s, ωt:  32.83 (5.23 periods), wall: 45.801 minutes, Δt:   1.21, CFL: 7.20e-01
i: 183300, t:  328438.0 s, ωt:  32.84 (5.23 periods), wall: 45.825 minutes, Δt:   1.36, CFL: 7.20e-01
i: 183400, t:  328573.2 s, ωt:  32.86 (5.23 periods), wall: 45.850 minutes, Δt:   1.39, CFL: 7.20e-01
i: 183500, t:  328714.3 s, ωt:  32.87 (5.23 periods), wall: 45.875 minutes, Δt:   1.22, CFL: 7.20e-01
i: 183600, t:  328840.3 s, ωt:  32.88 (5.23 periods), wall: 45.899 minutes, Δt:   1.17, CFL: 7.20e-01
i: 183700, t:  328974.8 s, ωt:  32.90 (5.24 periods), wall: 45.924 minutes, Δt:   1.10, CFL: 7.20e-01
i: 183800, t:  329089.4 s, ωt:  32.91 (5.24 periods), wall: 45.949 minutes, Δt:   1.16, CFL: 7.20e-01
i: 183900, t:  329210.6 s, ωt:  32.92 (5.24 periods), wall: 45.973 minutes, Δt:   1.28, CFL: 7.20e-01
i: 184000, t:  329338.7 s, ωt:  32.93 (5.24 periods), wall: 45.998 minutes, Δt:   1.30, CFL: 7.20e-01
i: 184100, t:  329451.6 s, ωt:  32.95 (5.24 periods), wall: 46.022 minutes, Δt:   1.13, CFL: 7.20e-01
i: 184200, t:  329578.6 s, ωt:  32.96 (5.25 periods), wall: 46.046 minutes, Δt:   1.28, CFL: 7.20e-01
i: 184300, t:  329690.9 s, ωt:  32.97 (5.25 periods), wall: 46.071 minutes, Δt:   1.15, CFL: 7.20e-01
i: 184400, t:  329808.8 s, ωt:  32.98 (5.25 periods), wall: 46.096 minutes, Δt:   1.30, CFL: 7.20e-01
i: 184500, t:  329929.8 s, ωt:  32.99 (5.25 periods), wall: 46.121 minutes, Δt:   1.01, CFL: 7.20e-01
i: 184600, t:  330043.4 s, ωt:  33.00 (5.25 periods), wall: 46.145 minutes, Δt:   1.27, CFL: 7.20e-01
i: 184700, t:  330155.5 s, ωt:  33.02 (5.25 periods), wall: 46.170 minutes, Δt:   1.10, CFL: 7.20e-01
i: 184800, t:  330268.9 s, ωt:  33.03 (5.26 periods), wall: 46.195 minutes, Δt:   1.18, CFL: 7.20e-01
i: 184900, t:  330372.0 s, ωt:  33.04 (5.26 periods), wall: 46.219 minutes, Δt:   1.21, CFL: 7.20e-01
i: 185000, t:  330492.7 s, ωt:  33.05 (5.26 periods), wall: 46.244 minutes, Δt:   1.28, CFL: 7.20e-01
i: 185100, t:  330600.9 s, ωt:  33.06 (5.26 periods), wall: 46.269 minutes, Δt:   1.24, CFL: 7.20e-01
i: 185200, t:  330725.3 s, ωt:  33.07 (5.26 periods), wall: 46.294 minutes, Δt:   1.20, CFL: 7.20e-01
i: 185300, t:  330839.1 s, ωt:  33.08 (5.27 periods), wall: 46.318 minutes, Δt:   1.11, CFL: 7.20e-01
i: 185400, t:  330958.8 s, ωt:  33.10 (5.27 periods), wall: 46.343 minutes, Δt:   1.34, CFL: 7.20e-01
i: 185500, t:  331090.5 s, ωt:  33.11 (5.27 periods), wall: 46.367 minutes, Δt:   1.27, CFL: 7.20e-01
i: 185600, t:  331217.0 s, ωt:  33.12 (5.27 periods), wall: 46.392 minutes, Δt:   1.15, CFL: 7.20e-01
i: 185700, t:  331332.5 s, ωt:  33.13 (5.27 periods), wall: 46.417 minutes, Δt:   1.00, CFL: 7.20e-01
i: 185800, t:  331448.5 s, ωt:  33.14 (5.28 periods), wall: 46.442 minutes, Δt:   1.14, CFL: 7.20e-01
i: 185900, t:  331561.4 s, ωt:  33.16 (5.28 periods), wall: 46.466 minutes, Δt:   1.14, CFL: 7.20e-01
i: 186000, t:  331679.9 s, ωt:  33.17 (5.28 periods), wall: 46.491 minutes, Δt:   1.30, CFL: 7.20e-01
i: 186100, t:  331798.8 s, ωt:  33.18 (5.28 periods), wall: 46.516 minutes, Δt:   1.18, CFL: 7.20e-01
i: 186200, t:  331925.0 s, ωt:  33.19 (5.28 periods), wall: 46.541 minutes, Δt:   1.01, CFL: 7.20e-01
i: 186300, t:  332036.9 s, ωt:  33.20 (5.28 periods), wall: 46.565 minutes, Δt:   1.06, CFL: 7.20e-01
i: 186400, t:  332144.2 s, ωt:  33.21 (5.29 periods), wall: 46.590 minutes, Δt:   0.96, CFL: 7.20e-01
i: 186500, t:  332268.4 s, ωt:  33.23 (5.29 periods), wall: 46.614 minutes, Δt:   1.42, CFL: 7.20e-01
i: 186600, t:  332419.1 s, ωt:  33.24 (5.29 periods), wall: 46.639 minutes, Δt:   1.50, CFL: 7.20e-01
i: 186700, t:  332575.4 s, ωt:  33.26 (5.29 periods), wall: 46.663 minutes, Δt:   1.47, CFL: 7.20e-01
i: 186800, t:  332709.2 s, ωt:  33.27 (5.30 periods), wall: 46.688 minutes, Δt:   1.34, CFL: 7.20e-01
i: 186900, t:  332840.3 s, ωt:  33.28 (5.30 periods), wall: 46.714 minutes, Δt:   1.35, CFL: 7.20e-01
i: 187000, t:  332975.4 s, ωt:  33.30 (5.30 periods), wall: 46.738 minutes, Δt:   1.43, CFL: 7.20e-01
i: 187100, t:  333115.9 s, ωt:  33.31 (5.30 periods), wall: 46.764 minutes, Δt:   1.39, CFL: 7.20e-01
i: 187200, t:  333259.1 s, ωt:  33.33 (5.30 periods), wall: 46.788 minutes, Δt:   1.34, CFL: 7.20e-01
i: 187300, t:  333385.2 s, ωt:  33.34 (5.31 periods), wall: 46.813 minutes, Δt:   1.24, CFL: 7.20e-01
i: 187400, t:  333522.4 s, ωt:  33.35 (5.31 periods), wall: 46.838 minutes, Δt:   1.31, CFL: 7.20e-01
i: 187500, t:  333651.2 s, ωt:  33.37 (5.31 periods), wall: 46.863 minutes, Δt:   1.35, CFL: 7.20e-01
i: 187600, t:  333779.6 s, ωt:  33.38 (5.31 periods), wall: 46.887 minutes, Δt:   1.37, CFL: 7.20e-01
i: 187700, t:  333914.8 s, ωt:  33.39 (5.31 periods), wall: 46.911 minutes, Δt:   1.41, CFL: 7.20e-01
i: 187800, t:  334065.3 s, ωt:  33.41 (5.32 periods), wall: 46.937 minutes, Δt:   1.28, CFL: 7.20e-01
i: 187900, t:  334194.1 s, ωt:  33.42 (5.32 periods), wall: 46.961 minutes, Δt:   1.43, CFL: 7.20e-01
i: 188000, t:  334323.7 s, ωt:  33.43 (5.32 periods), wall: 46.985 minutes, Δt:   1.14, CFL: 7.20e-01
i: 188100, t:  334440.2 s, ωt:  33.44 (5.32 periods), wall: 47.009 minutes, Δt:   1.35, CFL: 7.20e-01
i: 188200, t:  334571.2 s, ωt:  33.46 (5.32 periods), wall: 47.033 minutes, Δt:   1.20, CFL: 7.20e-01
i: 188300, t:  334702.4 s, ωt:  33.47 (5.33 periods), wall: 47.059 minutes, Δt:   1.29, CFL: 7.20e-01
i: 188400, t:  334832.8 s, ωt:  33.48 (5.33 periods), wall: 47.083 minutes, Δt:   1.38, CFL: 7.20e-01
i: 188500, t:  334970.2 s, ωt:  33.50 (5.33 periods), wall: 47.108 minutes, Δt:   1.33, CFL: 7.20e-01
i: 188600, t:  335075.1 s, ωt:  33.51 (5.33 periods), wall: 47.131 minutes, Δt:   1.19, CFL: 7.20e-01
i: 188700, t:  335216.9 s, ωt:  33.52 (5.34 periods), wall: 47.155 minutes, Δt:   1.44, CFL: 7.20e-01
i: 188800, t:  335359.4 s, ωt:  33.54 (5.34 periods), wall: 47.180 minutes, Δt:   1.27, CFL: 7.20e-01
i: 188900, t:  335492.2 s, ωt:  33.55 (5.34 periods), wall: 47.205 minutes, Δt:   1.32, CFL: 7.20e-01
i: 189000, t:  335646.6 s, ωt:  33.56 (5.34 periods), wall: 47.230 minutes, Δt:   1.41, CFL: 7.20e-01
i: 189100, t:  335790.9 s, ωt:  33.58 (5.34 periods), wall: 47.255 minutes, Δt:   1.47, CFL: 7.20e-01
i: 189200, t:  335958.0 s, ωt:  33.60 (5.35 periods), wall: 47.280 minutes, Δt:   1.48, CFL: 7.20e-01
i: 189300, t:  336114.8 s, ωt:  33.61 (5.35 periods), wall: 47.304 minutes, Δt:   1.58, CFL: 7.20e-01
i: 189400, t:  336274.7 s, ωt:  33.63 (5.35 periods), wall: 47.330 minutes, Δt:   1.52, CFL: 7.20e-01
i: 189500, t:  336443.4 s, ωt:  33.64 (5.35 periods), wall: 47.354 minutes, Δt:   1.83, CFL: 7.20e-01
i: 189600, t:  336623.4 s, ωt:  33.66 (5.36 periods), wall: 47.379 minutes, Δt:   1.31, CFL: 7.20e-01
i: 189700, t:  336781.9 s, ωt:  33.68 (5.36 periods), wall: 47.404 minutes, Δt:   1.64, CFL: 7.20e-01
i: 189800, t:  336961.7 s, ωt:  33.70 (5.36 periods), wall: 47.429 minutes, Δt:   1.71, CFL: 7.20e-01
i: 189900, t:  337132.5 s, ωt:  33.71 (5.37 periods), wall: 47.454 minutes, Δt:   2.07, CFL: 7.20e-01
i: 190000, t:  337315.0 s, ωt:  33.73 (5.37 periods), wall: 47.479 minutes, Δt:   2.01, CFL: 7.20e-01
i: 190100, t:  337496.4 s, ωt:  33.75 (5.37 periods), wall: 47.504 minutes, Δt:   1.91, CFL: 7.20e-01
i: 190200, t:  337661.0 s, ωt:  33.77 (5.37 periods), wall: 47.529 minutes, Δt:   1.94, CFL: 7.20e-01
i: 190300, t:  337858.5 s, ωt:  33.79 (5.38 periods), wall: 47.554 minutes, Δt:   1.75, CFL: 7.20e-01
i: 190400, t:  338045.4 s, ωt:  33.80 (5.38 periods), wall: 47.579 minutes, Δt:   2.07, CFL: 7.20e-01
i: 190500, t:  338241.1 s, ωt:  33.82 (5.38 periods), wall: 47.604 minutes, Δt:   2.03, CFL: 7.20e-01
i: 190600, t:  338448.0 s, ωt:  33.84 (5.39 periods), wall: 47.629 minutes, Δt:   1.93, CFL: 7.20e-01
i: 190700, t:  338669.7 s, ωt:  33.87 (5.39 periods), wall: 47.654 minutes, Δt:   1.96, CFL: 7.20e-01
i: 190800, t:  338866.0 s, ωt:  33.89 (5.39 periods), wall: 47.679 minutes, Δt:   2.17, CFL: 7.20e-01
i: 190900, t:  339061.8 s, ωt:  33.91 (5.40 periods), wall: 47.703 minutes, Δt:   2.21, CFL: 7.20e-01
i: 191000, t:  339283.7 s, ωt:  33.93 (5.40 periods), wall: 47.727 minutes, Δt:   2.34, CFL: 7.20e-01
i: 191100, t:  339500.4 s, ωt:  33.95 (5.40 periods), wall: 47.751 minutes, Δt:   2.15, CFL: 7.20e-01
i: 191200, t:  339723.9 s, ωt:  33.97 (5.41 periods), wall: 47.776 minutes, Δt:   2.41, CFL: 7.20e-01
i: 191300, t:  339947.3 s, ωt:  33.99 (5.41 periods), wall: 47.801 minutes, Δt:   2.36, CFL: 7.20e-01
i: 191400, t:  340218.7 s, ωt:  34.02 (5.41 periods), wall: 47.825 minutes, Δt:   2.94, CFL: 7.20e-01
i: 191500, t:  340498.5 s, ωt:  34.05 (5.42 periods), wall: 47.850 minutes, Δt:   3.13, CFL: 7.20e-01
i: 191600, t:  340811.3 s, ωt:  34.08 (5.42 periods), wall: 47.875 minutes, Δt:   2.83, CFL: 7.20e-01
i: 191700, t:  341105.0 s, ωt:  34.11 (5.43 periods), wall: 47.900 minutes, Δt:   2.94, CFL: 7.20e-01
i: 191800, t:  341409.6 s, ωt:  34.14 (5.43 periods), wall: 47.925 minutes, Δt:   2.60, CFL: 7.20e-01
i: 191900, t:  341677.7 s, ωt:  34.17 (5.44 periods), wall: 47.950 minutes, Δt:   2.77, CFL: 7.20e-01
i: 192000, t:  342014.2 s, ωt:  34.20 (5.44 periods), wall: 47.976 minutes, Δt:   4.19, CFL: 7.20e-01
i: 192100, t:  342409.4 s, ωt:  34.24 (5.45 periods), wall: 48.001 minutes, Δt:   3.58, CFL: 7.20e-01
i: 192200, t:  342782.0 s, ωt:  34.28 (5.46 periods), wall: 48.026 minutes, Δt:   4.25, CFL: 7.20e-01
i: 192300, t:  343217.9 s, ωt:  34.32 (5.46 periods), wall: 48.052 minutes, Δt:   4.12, CFL: 7.20e-01
i: 192400, t:  343728.4 s, ωt:  34.37 (5.47 periods), wall: 48.077 minutes, Δt:   6.50, CFL: 7.20e-01
i: 192500, t:  344344.2 s, ωt:  34.43 (5.48 periods), wall: 48.103 minutes, Δt:   6.05, CFL: 7.20e-01
i: 192600, t:  344964.3 s, ωt:  34.50 (5.49 periods), wall: 48.128 minutes, Δt:   6.78, CFL: 7.20e-01
i: 192700, t:  345595.9 s, ωt:  34.56 (5.50 periods), wall: 48.162 minutes, Δt:   6.75, CFL: 7.20e-01
i: 192800, t:  346199.7 s, ωt:  34.62 (5.51 periods), wall: 48.187 minutes, Δt:   5.44, CFL: 7.20e-01
i: 192900, t:  346757.0 s, ωt:  34.68 (5.52 periods), wall: 48.212 minutes, Δt:   6.38, CFL: 7.20e-01
i: 193000, t:  347323.9 s, ωt:  34.73 (5.53 periods), wall: 48.237 minutes, Δt:   5.30, CFL: 7.20e-01
i: 193100, t:  347841.1 s, ωt:  34.78 (5.54 periods), wall: 48.262 minutes, Δt:   4.40, CFL: 7.20e-01
i: 193200, t:  348282.1 s, ωt:  34.83 (5.54 periods), wall: 48.287 minutes, Δt:   4.09, CFL: 7.20e-01
i: 193300, t:  348688.6 s, ωt:  34.87 (5.55 periods), wall: 48.311 minutes, Δt:   3.59, CFL: 7.20e-01
i: 193400, t:  349030.9 s, ωt:  34.90 (5.55 periods), wall: 48.335 minutes, Δt:   3.42, CFL: 7.20e-01
i: 193500, t:  349334.4 s, ωt:  34.93 (5.56 periods), wall: 48.360 minutes, Δt:   2.99, CFL: 7.20e-01
i: 193600, t:  349607.1 s, ωt:  34.96 (5.56 periods), wall: 48.385 minutes, Δt:   2.41, CFL: 7.20e-01
i: 193700, t:  349847.4 s, ωt:  34.98 (5.57 periods), wall: 48.409 minutes, Δt:   1.86, CFL: 7.20e-01
i: 193800, t:  350050.0 s, ωt:  35.00 (5.57 periods), wall: 48.434 minutes, Δt:   1.99, CFL: 7.20e-01
i: 193900, t:  350271.1 s, ωt:  35.03 (5.57 periods), wall: 48.458 minutes, Δt:   2.09, CFL: 7.20e-01
i: 194000, t:  350482.4 s, ωt:  35.05 (5.58 periods), wall: 48.482 minutes, Δt:   1.88, CFL: 7.20e-01
i: 194100, t:  350662.1 s, ωt:  35.07 (5.58 periods), wall: 48.508 minutes, Δt:   1.88, CFL: 7.20e-01
i: 194200, t:  350857.0 s, ωt:  35.09 (5.58 periods), wall: 48.532 minutes, Δt:   1.57, CFL: 7.20e-01
i: 194300, t:  351039.1 s, ωt:  35.10 (5.59 periods), wall: 48.556 minutes, Δt:   1.98, CFL: 7.20e-01
i: 194400, t:  351226.6 s, ωt:  35.12 (5.59 periods), wall: 48.581 minutes, Δt:   2.11, CFL: 7.20e-01
i: 194500, t:  351411.5 s, ωt:  35.14 (5.59 periods), wall: 48.606 minutes, Δt:   1.96, CFL: 7.20e-01
i: 194600, t:  351582.1 s, ωt:  35.16 (5.60 periods), wall: 48.631 minutes, Δt:   1.76, CFL: 7.20e-01
i: 194700, t:  351761.1 s, ωt:  35.18 (5.60 periods), wall: 48.656 minutes, Δt:   1.53, CFL: 7.20e-01
i: 194800, t:  351931.8 s, ωt:  35.19 (5.60 periods), wall: 48.680 minutes, Δt:   1.77, CFL: 7.20e-01
i: 194900, t:  352107.5 s, ωt:  35.21 (5.60 periods), wall: 48.704 minutes, Δt:   1.97, CFL: 7.20e-01
i: 195000, t:  352287.1 s, ωt:  35.23 (5.61 periods), wall: 48.728 minutes, Δt:   1.66, CFL: 7.20e-01
i: 195100, t:  352450.4 s, ωt:  35.25 (5.61 periods), wall: 48.751 minutes, Δt:   1.38, CFL: 7.20e-01
i: 195200, t:  352602.9 s, ωt:  35.26 (5.61 periods), wall: 48.776 minutes, Δt:   1.69, CFL: 7.20e-01
i: 195300, t:  352759.8 s, ωt:  35.28 (5.61 periods), wall: 48.799 minutes, Δt:   1.48, CFL: 7.20e-01
i: 195400, t:  352912.6 s, ωt:  35.29 (5.62 periods), wall: 48.823 minutes, Δt:   1.55, CFL: 7.20e-01
i: 195500, t:  353071.7 s, ωt:  35.31 (5.62 periods), wall: 48.847 minutes, Δt:   1.47, CFL: 7.20e-01
i: 195600, t:  353226.9 s, ωt:  35.32 (5.62 periods), wall: 48.871 minutes, Δt:   1.59, CFL: 7.20e-01
i: 195700, t:  353381.4 s, ωt:  35.34 (5.62 periods), wall: 48.894 minutes, Δt:   1.58, CFL: 7.20e-01
i: 195800, t:  353529.3 s, ωt:  35.35 (5.63 periods), wall: 48.918 minutes, Δt:   1.51, CFL: 7.20e-01
i: 195900, t:  353678.0 s, ωt:  35.37 (5.63 periods), wall: 48.942 minutes, Δt:   1.57, CFL: 7.20e-01
i: 196000, t:  353821.6 s, ωt:  35.38 (5.63 periods), wall: 48.967 minutes, Δt:   1.34, CFL: 7.20e-01
i: 196100, t:  353946.1 s, ωt:  35.39 (5.63 periods), wall: 48.991 minutes, Δt:   1.29, CFL: 7.20e-01
i: 196200, t:  354087.5 s, ωt:  35.41 (5.64 periods), wall: 49.015 minutes, Δt:   1.24, CFL: 7.20e-01
i: 196300, t:  354231.1 s, ωt:  35.42 (5.64 periods), wall: 49.038 minutes, Δt:   1.45, CFL: 7.20e-01
i: 196400, t:  354369.0 s, ωt:  35.44 (5.64 periods), wall: 49.063 minutes, Δt:   1.41, CFL: 7.20e-01
i: 196500, t:  354486.8 s, ωt:  35.45 (5.64 periods), wall: 49.088 minutes, Δt:   0.88, CFL: 7.20e-01
i: 196600, t:  354607.2 s, ωt:  35.46 (5.64 periods), wall: 49.112 minutes, Δt:   1.40, CFL: 7.20e-01
i: 196700, t:  354736.8 s, ωt:  35.47 (5.65 periods), wall: 49.137 minutes, Δt:   1.24, CFL: 7.20e-01
i: 196800, t:  354870.9 s, ωt:  35.49 (5.65 periods), wall: 49.162 minutes, Δt:   1.36, CFL: 7.20e-01
i: 196900, t:  354999.0 s, ωt:  35.50 (5.65 periods), wall: 49.187 minutes, Δt:   1.48, CFL: 7.20e-01
i: 197000, t:  355137.7 s, ωt:  35.51 (5.65 periods), wall: 49.212 minutes, Δt:   1.22, CFL: 7.20e-01
i: 197100, t:  355271.4 s, ωt:  35.53 (5.65 periods), wall: 49.237 minutes, Δt:   1.28, CFL: 7.20e-01
i: 197200, t:  355397.9 s, ωt:  35.54 (5.66 periods), wall: 49.261 minutes, Δt:   1.02, CFL: 7.20e-01
i: 197300, t:  355518.2 s, ωt:  35.55 (5.66 periods), wall: 49.286 minutes, Δt:   1.37, CFL: 7.20e-01
i: 197400, t:  355647.7 s, ωt:  35.56 (5.66 periods), wall: 49.311 minutes, Δt:   1.42, CFL: 7.20e-01
i: 197500, t:  355784.3 s, ωt:  35.58 (5.66 periods), wall: 49.336 minutes, Δt:   1.10, CFL: 7.20e-01
i: 197600, t:  355910.1 s, ωt:  35.59 (5.66 periods), wall: 49.359 minutes, Δt:   1.23, CFL: 7.20e-01
i: 197700, t:  356036.0 s, ωt:  35.60 (5.67 periods), wall: 49.383 minutes, Δt:   1.16, CFL: 7.20e-01
i: 197800, t:  356162.4 s, ωt:  35.62 (5.67 periods), wall: 49.407 minutes, Δt:   1.25, CFL: 7.20e-01
i: 197900, t:  356292.6 s, ωt:  35.63 (5.67 periods), wall: 49.431 minutes, Δt:   1.08, CFL: 7.20e-01
i: 198000, t:  356395.8 s, ωt:  35.64 (5.67 periods), wall: 49.455 minutes, Δt:   1.15, CFL: 7.20e-01
i: 198100, t:  356514.5 s, ωt:  35.65 (5.67 periods), wall: 49.478 minutes, Δt:   1.23, CFL: 7.20e-01
i: 198200, t:  356648.9 s, ωt:  35.66 (5.68 periods), wall: 49.502 minutes, Δt:   1.26, CFL: 7.20e-01
i: 198300, t:  356783.1 s, ωt:  35.68 (5.68 periods), wall: 49.526 minutes, Δt:   1.46, CFL: 7.20e-01
i: 198400, t:  356915.7 s, ωt:  35.69 (5.68 periods), wall: 49.549 minutes, Δt:   1.20, CFL: 7.20e-01
i: 198500, t:  357041.2 s, ωt:  35.70 (5.68 periods), wall: 49.573 minutes, Δt:   1.40, CFL: 7.20e-01
i: 198600, t:  357168.4 s, ωt:  35.72 (5.68 periods), wall: 49.596 minutes, Δt:   1.26, CFL: 7.20e-01
i: 198700, t:  357290.3 s, ωt:  35.73 (5.69 periods), wall: 49.620 minutes, Δt:   1.07, CFL: 7.20e-01
i: 198800, t:  357416.1 s, ωt:  35.74 (5.69 periods), wall: 49.644 minutes, Δt:   1.29, CFL: 7.20e-01
i: 198900, t:  357527.8 s, ωt:  35.75 (5.69 periods), wall: 49.667 minutes, Δt:   1.09, CFL: 7.20e-01
i: 199000, t:  357635.2 s, ωt:  35.76 (5.69 periods), wall: 49.691 minutes, Δt:   1.04, CFL: 7.20e-01
i: 199100, t:  357744.5 s, ωt:  35.77 (5.69 periods), wall: 49.714 minutes, Δt:   1.26, CFL: 7.20e-01
i: 199200, t:  357863.4 s, ωt:  35.79 (5.70 periods), wall: 49.738 minutes, Δt:   1.23, CFL: 7.20e-01
i: 199300, t:  357988.7 s, ωt:  35.80 (5.70 periods), wall: 49.761 minutes, Δt:   1.15, CFL: 7.20e-01
i: 199400, t:  358120.0 s, ωt:  35.81 (5.70 periods), wall: 49.785 minutes, Δt:   1.32, CFL: 7.20e-01
i: 199500, t:  358248.4 s, ωt:  35.82 (5.70 periods), wall: 49.809 minutes, Δt:   1.31, CFL: 7.20e-01
i: 199600, t:  358365.7 s, ωt:  35.84 (5.70 periods), wall: 49.832 minutes, Δt:   1.18, CFL: 7.20e-01
i: 199700, t:  358485.4 s, ωt:  35.85 (5.71 periods), wall: 49.857 minutes, Δt:   1.10, CFL: 7.20e-01
i: 199800, t:  358599.4 s, ωt:  35.86 (5.71 periods), wall: 49.881 minutes, Δt:   1.15, CFL: 7.20e-01
i: 199900, t:  358708.0 s, ωt:  35.87 (5.71 periods), wall: 49.905 minutes, Δt:   1.24, CFL: 7.20e-01
i: 200000, t:  358823.5 s, ωt:  35.88 (5.71 periods), wall: 49.929 minutes, Δt:   1.14, CFL: 7.20e-01
i: 200100, t:  358936.3 s, ωt:  35.89 (5.71 periods), wall: 49.954 minutes, Δt:   1.09, CFL: 7.20e-01
i: 200200, t:  359042.1 s, ωt:  35.90 (5.71 periods), wall: 49.979 minutes, Δt:   1.31, CFL: 7.20e-01
i: 200300, t:  359159.2 s, ωt:  35.92 (5.72 periods), wall: 50.004 minutes, Δt:   1.28, CFL: 7.20e-01
i: 200400, t:  359278.9 s, ωt:  35.93 (5.72 periods), wall: 50.028 minutes, Δt:   1.13, CFL: 7.20e-01
i: 200500, t:  359399.3 s, ωt:  35.94 (5.72 periods), wall: 50.053 minutes, Δt:   1.10, CFL: 7.20e-01
i: 200600, t:  359521.3 s, ωt:  35.95 (5.72 periods), wall: 50.077 minutes, Δt:   1.27, CFL: 7.20e-01
i: 200700, t:  359652.5 s, ωt:  35.97 (5.72 periods), wall: 50.101 minutes, Δt:   1.13, CFL: 7.20e-01
i: 200800, t:  359767.2 s, ωt:  35.98 (5.73 periods), wall: 50.126 minutes, Δt:   1.11, CFL: 7.20e-01
i: 200900, t:  359876.0 s, ωt:  35.99 (5.73 periods), wall: 50.150 minutes, Δt:   1.11, CFL: 7.20e-01
i: 201000, t:  359992.6 s, ωt:  36.00 (5.73 periods), wall: 50.174 minutes, Δt:   1.24, CFL: 7.20e-01
i: 201100, t:  360105.9 s, ωt:  36.01 (5.73 periods), wall: 50.199 minutes, Δt:   1.02, CFL: 7.20e-01
i: 201200, t:  360216.9 s, ωt:  36.02 (5.73 periods), wall: 50.222 minutes, Δt:   1.16, CFL: 7.20e-01
i: 201300, t:  360331.2 s, ωt:  36.03 (5.73 periods), wall: 50.245 minutes, Δt:   1.07, CFL: 7.20e-01
i: 201400, t:  360429.5 s, ωt:  36.04 (5.74 periods), wall: 50.269 minutes, Δt:   1.10, CFL: 7.20e-01
i: 201500, t:  360548.6 s, ωt:  36.05 (5.74 periods), wall: 50.292 minutes, Δt:   1.28, CFL: 7.20e-01
i: 201600, t:  360667.4 s, ωt:  36.07 (5.74 periods), wall: 50.316 minutes, Δt:   1.35, CFL: 7.20e-01
i: 201700, t:  360776.0 s, ωt:  36.08 (5.74 periods), wall: 50.341 minutes, Δt:   0.88, CFL: 7.20e-01
i: 201800, t:  360875.4 s, ωt:  36.09 (5.74 periods), wall: 50.365 minutes, Δt:   1.05, CFL: 7.20e-01
i: 201900, t:  360996.0 s, ωt:  36.10 (5.75 periods), wall: 50.391 minutes, Δt:   1.35, CFL: 7.20e-01
i: 202000, t:  361121.7 s, ωt:  36.11 (5.75 periods), wall: 50.415 minutes, Δt:   1.14, CFL: 7.20e-01
i: 202100, t:  361240.2 s, ωt:  36.12 (5.75 periods), wall: 50.440 minutes, Δt:   1.22, CFL: 7.20e-01
i: 202200, t:  361359.9 s, ωt:  36.14 (5.75 periods), wall: 50.464 minutes, Δt:   1.30, CFL: 7.20e-01
i: 202300, t:  361482.2 s, ωt:  36.15 (5.75 periods), wall: 50.487 minutes, Δt:   1.18, CFL: 7.20e-01
i: 202400, t:  361607.8 s, ωt:  36.16 (5.76 periods), wall: 50.511 minutes, Δt:   1.23, CFL: 7.20e-01
i: 202500, t:  361720.4 s, ωt:  36.17 (5.76 periods), wall: 50.535 minutes, Δt:   0.92, CFL: 7.20e-01
i: 202600, t:  361828.1 s, ωt:  36.18 (5.76 periods), wall: 50.560 minutes, Δt:   0.99, CFL: 7.20e-01
i: 202700, t:  361936.3 s, ωt:  36.19 (5.76 periods), wall: 50.584 minutes, Δt:   1.31, CFL: 7.20e-01
i: 202800, t:  362044.3 s, ωt:  36.20 (5.76 periods), wall: 50.609 minutes, Δt:   1.17, CFL: 7.20e-01
i: 202900, t:  362167.1 s, ωt:  36.22 (5.76 periods), wall: 50.634 minutes, Δt:   1.30, CFL: 7.20e-01
i: 203000, t:  362293.8 s, ωt:  36.23 (5.77 periods), wall: 50.659 minutes, Δt:   1.07, CFL: 7.20e-01
i: 203100, t:  362407.1 s, ωt:  36.24 (5.77 periods), wall: 50.683 minutes, Δt:   1.36, CFL: 7.20e-01
i: 203200, t:  362504.7 s, ωt:  36.25 (5.77 periods), wall: 50.707 minutes, Δt:   1.01, CFL: 7.20e-01
i: 203300, t:  362623.0 s, ωt:  36.26 (5.77 periods), wall: 50.732 minutes, Δt:   1.14, CFL: 7.20e-01
i: 203400, t:  362743.0 s, ωt:  36.27 (5.77 periods), wall: 50.757 minutes, Δt:   1.24, CFL: 7.20e-01
i: 203500, t:  362864.4 s, ωt:  36.29 (5.78 periods), wall: 50.782 minutes, Δt:   1.26, CFL: 7.20e-01
i: 203600, t:  362984.6 s, ωt:  36.30 (5.78 periods), wall: 50.807 minutes, Δt:   1.13, CFL: 7.20e-01
i: 203700, t:  363098.9 s, ωt:  36.31 (5.78 periods), wall: 50.831 minutes, Δt:   1.12, CFL: 7.20e-01
i: 203800, t:  363208.1 s, ωt:  36.32 (5.78 periods), wall: 50.856 minutes, Δt:   1.08, CFL: 7.20e-01
i: 203900, t:  363320.8 s, ωt:  36.33 (5.78 periods), wall: 50.881 minutes, Δt:   1.01, CFL: 7.20e-01
i: 204000, t:  363441.8 s, ωt:  36.34 (5.78 periods), wall: 50.906 minutes, Δt:   1.21, CFL: 7.20e-01
i: 204100, t:  363559.9 s, ωt:  36.36 (5.79 periods), wall: 50.931 minutes, Δt:   1.11, CFL: 7.20e-01
i: 204200, t:  363687.9 s, ωt:  36.37 (5.79 periods), wall: 50.954 minutes, Δt:   1.01, CFL: 7.20e-01
i: 204300, t:  363800.1 s, ωt:  36.38 (5.79 periods), wall: 50.978 minutes, Δt:   1.24, CFL: 7.20e-01
i: 204400, t:  363918.7 s, ωt:  36.39 (5.79 periods), wall: 51.002 minutes, Δt:   1.36, CFL: 7.20e-01
i: 204500, t:  364055.6 s, ωt:  36.41 (5.79 periods), wall: 51.025 minutes, Δt:   1.46, CFL: 7.20e-01
i: 204600, t:  364187.2 s, ωt:  36.42 (5.80 periods), wall: 51.050 minutes, Δt:   1.42, CFL: 7.20e-01
i: 204700, t:  364317.1 s, ωt:  36.43 (5.80 periods), wall: 51.074 minutes, Δt:   1.33, CFL: 7.20e-01
i: 204800, t:  364438.7 s, ωt:  36.44 (5.80 periods), wall: 51.099 minutes, Δt:   1.35, CFL: 7.20e-01
i: 204900, t:  364574.2 s, ωt:  36.46 (5.80 periods), wall: 51.124 minutes, Δt:   1.30, CFL: 7.20e-01
i: 205000, t:  364707.4 s, ωt:  36.47 (5.80 periods), wall: 51.149 minutes, Δt:   1.32, CFL: 7.20e-01
i: 205100, t:  364860.5 s, ωt:  36.49 (5.81 periods), wall: 51.174 minutes, Δt:   1.35, CFL: 7.20e-01
i: 205200, t:  364987.6 s, ωt:  36.50 (5.81 periods), wall: 51.199 minutes, Δt:   1.22, CFL: 7.20e-01
i: 205300, t:  365118.1 s, ωt:  36.51 (5.81 periods), wall: 51.224 minutes, Δt:   1.29, CFL: 7.20e-01
i: 205400, t:  365260.4 s, ωt:  36.53 (5.81 periods), wall: 51.249 minutes, Δt:   1.30, CFL: 7.20e-01
i: 205500, t:  365397.6 s, ωt:  36.54 (5.82 periods), wall: 51.274 minutes, Δt:   1.32, CFL: 7.20e-01
i: 205600, t:  365547.4 s, ωt:  36.55 (5.82 periods), wall: 51.299 minutes, Δt:   1.44, CFL: 7.20e-01
i: 205700, t:  365697.5 s, ωt:  36.57 (5.82 periods), wall: 51.324 minutes, Δt:   1.46, CFL: 7.20e-01
i: 205800, t:  365844.5 s, ωt:  36.58 (5.82 periods), wall: 51.349 minutes, Δt:   1.43, CFL: 7.20e-01
i: 205900, t:  365974.7 s, ωt:  36.60 (5.82 periods), wall: 51.373 minutes, Δt:   1.22, CFL: 7.20e-01
i: 206000, t:  366112.1 s, ωt:  36.61 (5.83 periods), wall: 51.398 minutes, Δt:   1.44, CFL: 7.20e-01
i: 206100, t:  366247.6 s, ωt:  36.62 (5.83 periods), wall: 51.423 minutes, Δt:   1.47, CFL: 7.20e-01
i: 206200, t:  366396.6 s, ωt:  36.64 (5.83 periods), wall: 51.449 minutes, Δt:   1.50, CFL: 7.20e-01
i: 206300, t:  366555.0 s, ωt:  36.66 (5.83 periods), wall: 51.473 minutes, Δt:   1.50, CFL: 7.20e-01
i: 206400, t:  366697.4 s, ωt:  36.67 (5.84 periods), wall: 51.498 minutes, Δt:   1.48, CFL: 7.20e-01
i: 206500, t:  366857.3 s, ωt:  36.69 (5.84 periods), wall: 51.523 minutes, Δt:   1.26, CFL: 7.20e-01
i: 206600, t:  367007.3 s, ωt:  36.70 (5.84 periods), wall: 51.548 minutes, Δt:   1.59, CFL: 7.20e-01
i: 206700, t:  367166.9 s, ωt:  36.72 (5.84 periods), wall: 51.573 minutes, Δt:   1.85, CFL: 7.20e-01
i: 206800, t:  367339.1 s, ωt:  36.73 (5.85 periods), wall: 51.598 minutes, Δt:   1.79, CFL: 7.20e-01
i: 206900, t:  367490.0 s, ωt:  36.75 (5.85 periods), wall: 51.622 minutes, Δt:   1.13, CFL: 7.20e-01
i: 207000, t:  367626.7 s, ωt:  36.76 (5.85 periods), wall: 51.647 minutes, Δt:   1.75, CFL: 7.20e-01
i: 207100, t:  367792.2 s, ωt:  36.78 (5.85 periods), wall: 51.672 minutes, Δt:   1.72, CFL: 7.20e-01
i: 207200, t:  367945.5 s, ωt:  36.79 (5.86 periods), wall: 51.697 minutes, Δt:   1.47, CFL: 7.20e-01
i: 207300, t:  368110.2 s, ωt:  36.81 (5.86 periods), wall: 51.721 minutes, Δt:   1.74, CFL: 7.20e-01
i: 207400, t:  368282.4 s, ωt:  36.83 (5.86 periods), wall: 51.746 minutes, Δt:   1.59, CFL: 7.20e-01
i: 207500, t:  368439.6 s, ωt:  36.84 (5.86 periods), wall: 51.771 minutes, Δt:   1.70, CFL: 7.20e-01
i: 207600, t:  368614.2 s, ωt:  36.86 (5.87 periods), wall: 51.796 minutes, Δt:   1.62, CFL: 7.20e-01
i: 207700, t:  368787.7 s, ωt:  36.88 (5.87 periods), wall: 51.820 minutes, Δt:   1.89, CFL: 7.20e-01
i: 207800, t:  368971.0 s, ωt:  36.90 (5.87 periods), wall: 51.845 minutes, Δt:   1.81, CFL: 7.20e-01
i: 207900, t:  369157.4 s, ωt:  36.92 (5.88 periods), wall: 51.871 minutes, Δt:   1.81, CFL: 7.20e-01
i: 208000, t:  369322.6 s, ωt:  36.93 (5.88 periods), wall: 51.895 minutes, Δt:   1.72, CFL: 7.20e-01
i: 208100, t:  369497.8 s, ωt:  36.95 (5.88 periods), wall: 51.920 minutes, Δt:   1.26, CFL: 7.20e-01
i: 208200, t:  369671.8 s, ωt:  36.97 (5.88 periods), wall: 51.945 minutes, Δt:   1.89, CFL: 7.20e-01
i: 208300, t:  369872.0 s, ωt:  36.99 (5.89 periods), wall: 51.970 minutes, Δt:   1.89, CFL: 7.20e-01
i: 208400, t:  370063.6 s, ωt:  37.01 (5.89 periods), wall: 51.995 minutes, Δt:   2.19, CFL: 7.20e-01
i: 208500, t:  370254.3 s, ωt:  37.03 (5.89 periods), wall: 52.020 minutes, Δt:   1.66, CFL: 7.20e-01
i: 208600, t:  370445.4 s, ωt:  37.04 (5.90 periods), wall: 52.045 minutes, Δt:   2.00, CFL: 7.20e-01
i: 208700, t:  370639.7 s, ωt:  37.06 (5.90 periods), wall: 52.069 minutes, Δt:   1.82, CFL: 7.20e-01
i: 208800, t:  370835.3 s, ωt:  37.08 (5.90 periods), wall: 52.094 minutes, Δt:   1.86, CFL: 7.20e-01
i: 208900, t:  371025.5 s, ωt:  37.10 (5.91 periods), wall: 52.118 minutes, Δt:   1.87, CFL: 7.20e-01
i: 209000, t:  371237.4 s, ωt:  37.12 (5.91 periods), wall: 52.143 minutes, Δt:   2.02, CFL: 7.20e-01
i: 209100, t:  371448.7 s, ωt:  37.14 (5.91 periods), wall: 52.168 minutes, Δt:   2.26, CFL: 7.20e-01
i: 209200, t:  371673.0 s, ωt:  37.17 (5.92 periods), wall: 52.193 minutes, Δt:   2.65, CFL: 7.20e-01
i: 209300, t:  371934.6 s, ωt:  37.19 (5.92 periods), wall: 52.218 minutes, Δt:   2.57, CFL: 7.20e-01
i: 209400, t:  372196.2 s, ωt:  37.22 (5.92 periods), wall: 52.243 minutes, Δt:   2.68, CFL: 7.20e-01
i: 209500, t:  372484.3 s, ωt:  37.25 (5.93 periods), wall: 52.268 minutes, Δt:   2.86, CFL: 7.20e-01
i: 209600, t:  372799.7 s, ωt:  37.28 (5.93 periods), wall: 52.293 minutes, Δt:   3.28, CFL: 7.20e-01
i: 209700, t:  373118.8 s, ωt:  37.31 (5.94 periods), wall: 52.318 minutes, Δt:   3.24, CFL: 7.20e-01
i: 209800, t:  373447.4 s, ωt:  37.34 (5.94 periods), wall: 52.343 minutes, Δt:   3.58, CFL: 7.20e-01
i: 209900, t:  373786.7 s, ωt:  37.38 (5.95 periods), wall: 52.369 minutes, Δt:   3.92, CFL: 7.20e-01
i: 210000, t:  374224.3 s, ωt:  37.42 (5.96 periods), wall: 52.395 minutes, Δt:   4.31, CFL: 7.20e-01
i: 210100, t:  374717.8 s, ωt:  37.47 (5.96 periods), wall: 52.420 minutes, Δt:   4.73, CFL: 7.20e-01
i: 210200, t:  375164.8 s, ωt:  37.52 (5.97 periods), wall: 52.446 minutes, Δt:   4.96, CFL: 6.05e-01
i: 210300, t:  375794.6 s, ωt:  37.58 (5.98 periods), wall: 52.471 minutes, Δt:   7.22, CFL: 7.20e-01
i: 210400, t:  376535.8 s, ωt:  37.65 (5.99 periods), wall: 52.497 minutes, Δt:   7.15, CFL: 7.20e-01
i: 210500, t:  377247.8 s, ωt:  37.72 (6.00 periods), wall: 52.530 minutes, Δt:   6.80, CFL: 7.20e-01
i: 210600, t:  377870.7 s, ωt:  37.79 (6.01 periods), wall: 52.555 minutes, Δt:   6.63, CFL: 7.20e-01
i: 210700, t:  378494.9 s, ωt:  37.85 (6.02 periods), wall: 52.581 minutes, Δt:   5.70, CFL: 7.20e-01
i: 210800, t:  379040.1 s, ωt:  37.90 (6.03 periods), wall: 52.607 minutes, Δt:   5.04, CFL: 7.20e-01
i: 210900, t:  379509.4 s, ωt:  37.95 (6.04 periods), wall: 52.633 minutes, Δt:   4.85, CFL: 7.20e-01
i: 211000, t:  379920.4 s, ωt:  37.99 (6.05 periods), wall: 52.658 minutes, Δt:   3.62, CFL: 7.20e-01
i: 211100, t:  380228.8 s, ωt:  38.02 (6.05 periods), wall: 52.683 minutes, Δt:   3.09, CFL: 7.20e-01
i: 211200, t:  380539.4 s, ωt:  38.05 (6.06 periods), wall: 52.708 minutes, Δt:   2.98, CFL: 7.20e-01
i: 211300, t:  380829.5 s, ωt:  38.08 (6.06 periods), wall: 52.733 minutes, Δt:   2.91, CFL: 7.20e-01
i: 211400, t:  381097.7 s, ωt:  38.11 (6.07 periods), wall: 52.759 minutes, Δt:   2.62, CFL: 7.20e-01
i: 211500, t:  381351.8 s, ωt:  38.14 (6.07 periods), wall: 52.783 minutes, Δt:   2.34, CFL: 7.20e-01
i: 211600, t:  381588.2 s, ωt:  38.16 (6.07 periods), wall: 52.809 minutes, Δt:   2.30, CFL: 7.20e-01
i: 211700, t:  381796.9 s, ωt:  38.18 (6.08 periods), wall: 52.834 minutes, Δt:   2.20, CFL: 7.20e-01
i: 211800, t:  382013.0 s, ωt:  38.20 (6.08 periods), wall: 52.859 minutes, Δt:   2.20, CFL: 7.20e-01
i: 211900, t:  382213.5 s, ωt:  38.22 (6.08 periods), wall: 52.884 minutes, Δt:   2.17, CFL: 7.20e-01
i: 212000, t:  382428.8 s, ωt:  38.24 (6.09 periods), wall: 52.910 minutes, Δt:   2.17, CFL: 7.20e-01
i: 212100, t:  382615.9 s, ωt:  38.26 (6.09 periods), wall: 52.935 minutes, Δt:   1.84, CFL: 7.20e-01
i: 212200, t:  382808.4 s, ωt:  38.28 (6.09 periods), wall: 52.960 minutes, Δt:   1.91, CFL: 7.20e-01
i: 212300, t:  382993.1 s, ωt:  38.30 (6.10 periods), wall: 52.985 minutes, Δt:   1.62, CFL: 7.20e-01
i: 212400, t:  383168.1 s, ωt:  38.32 (6.10 periods), wall: 53.010 minutes, Δt:   1.77, CFL: 7.20e-01
i: 212500, t:  383340.4 s, ωt:  38.33 (6.10 periods), wall: 53.034 minutes, Δt:   1.74, CFL: 7.20e-01
i: 212600, t:  383507.8 s, ωt:  38.35 (6.10 periods), wall: 53.059 minutes, Δt:   1.60, CFL: 7.20e-01
i: 212700, t:  383677.1 s, ωt:  38.37 (6.11 periods), wall: 53.084 minutes, Δt:   1.80, CFL: 7.20e-01
i: 212800, t:  383840.9 s, ωt:  38.38 (6.11 periods), wall: 53.109 minutes, Δt:   1.49, CFL: 7.20e-01
i: 212900, t:  384001.2 s, ωt:  38.40 (6.11 periods), wall: 53.134 minutes, Δt:   1.59, CFL: 7.20e-01
i: 213000, t:  384161.0 s, ωt:  38.42 (6.11 periods), wall: 53.159 minutes, Δt:   1.64, CFL: 7.20e-01
i: 213100, t:  384318.2 s, ωt:  38.43 (6.12 periods), wall: 53.184 minutes, Δt:   1.46, CFL: 7.20e-01
i: 213200, t:  384479.5 s, ωt:  38.45 (6.12 periods), wall: 53.208 minutes, Δt:   1.63, CFL: 7.20e-01
i: 213300, t:  384628.6 s, ωt:  38.46 (6.12 periods), wall: 53.233 minutes, Δt:   1.41, CFL: 7.20e-01
i: 213400, t:  384781.6 s, ωt:  38.48 (6.12 periods), wall: 53.258 minutes, Δt:   1.45, CFL: 7.20e-01
i: 213500, t:  384919.1 s, ωt:  38.49 (6.13 periods), wall: 53.282 minutes, Δt:   1.24, CFL: 7.20e-01
i: 213600, t:  385067.6 s, ωt:  38.51 (6.13 periods), wall: 53.306 minutes, Δt:   1.51, CFL: 7.20e-01
i: 213700, t:  385210.3 s, ωt:  38.52 (6.13 periods), wall: 53.332 minutes, Δt:   1.33, CFL: 7.20e-01
i: 213800, t:  385350.4 s, ωt:  38.54 (6.13 periods), wall: 53.357 minutes, Δt:   1.38, CFL: 7.20e-01
i: 213900, t:  385489.5 s, ωt:  38.55 (6.14 periods), wall: 53.381 minutes, Δt:   1.56, CFL: 7.20e-01
i: 214000, t:  385636.0 s, ωt:  38.56 (6.14 periods), wall: 53.406 minutes, Δt:   1.40, CFL: 7.20e-01
i: 214100, t:  385771.8 s, ωt:  38.58 (6.14 periods), wall: 53.431 minutes, Δt:   1.55, CFL: 7.20e-01
i: 214200, t:  385905.7 s, ωt:  38.59 (6.14 periods), wall: 53.456 minutes, Δt:   1.26, CFL: 7.20e-01
i: 214300, t:  386040.4 s, ωt:  38.60 (6.14 periods), wall: 53.481 minutes, Δt:   1.52, CFL: 7.20e-01
i: 214400, t:  386183.4 s, ωt:  38.62 (6.15 periods), wall: 53.506 minutes, Δt:   1.33, CFL: 7.20e-01
i: 214500, t:  386308.2 s, ωt:  38.63 (6.15 periods), wall: 53.530 minutes, Δt:   1.55, CFL: 7.20e-01
i: 214600, t:  386446.8 s, ωt:  38.64 (6.15 periods), wall: 53.556 minutes, Δt:   1.55, CFL: 7.20e-01
i: 214700, t:  386598.4 s, ωt:  38.66 (6.15 periods), wall: 53.580 minutes, Δt:   1.43, CFL: 7.20e-01
i: 214800, t:  386739.1 s, ωt:  38.67 (6.16 periods), wall: 53.606 minutes, Δt:   1.25, CFL: 7.20e-01
i: 214900, t:  386857.5 s, ωt:  38.69 (6.16 periods), wall: 53.630 minutes, Δt:   1.10, CFL: 7.20e-01
i: 215000, t:  386975.2 s, ωt:  38.70 (6.16 periods), wall: 53.654 minutes, Δt:   1.29, CFL: 7.20e-01
i: 215100, t:  387112.2 s, ωt:  38.71 (6.16 periods), wall: 53.680 minutes, Δt:   1.38, CFL: 7.20e-01
i: 215200, t:  387237.0 s, ωt:  38.72 (6.16 periods), wall: 53.704 minutes, Δt:   1.16, CFL: 7.20e-01
i: 215300, t:  387369.9 s, ωt:  38.74 (6.17 periods), wall: 53.729 minutes, Δt:   1.27, CFL: 7.20e-01
i: 215400, t:  387496.2 s, ωt:  38.75 (6.17 periods), wall: 53.754 minutes, Δt:   1.23, CFL: 7.20e-01
i: 215500, t:  387619.0 s, ωt:  38.76 (6.17 periods), wall: 53.779 minutes, Δt:   1.46, CFL: 7.20e-01
i: 215600, t:  387758.6 s, ωt:  38.78 (6.17 periods), wall: 53.804 minutes, Δt:   1.25, CFL: 7.20e-01
i: 215700, t:  387863.6 s, ωt:  38.79 (6.17 periods), wall: 53.828 minutes, Δt:   1.33, CFL: 7.20e-01
i: 215800, t:  387998.6 s, ωt:  38.80 (6.18 periods), wall: 53.853 minutes, Δt:   1.29, CFL: 7.20e-01
i: 215900, t:  388125.9 s, ωt:  38.81 (6.18 periods), wall: 53.879 minutes, Δt:   1.21, CFL: 7.20e-01
i: 216000, t:  388256.4 s, ωt:  38.83 (6.18 periods), wall: 53.903 minutes, Δt:   1.39, CFL: 7.20e-01
i: 216100, t:  388383.9 s, ωt:  38.84 (6.18 periods), wall: 53.927 minutes, Δt:   1.21, CFL: 7.20e-01
i: 216200, t:  388507.4 s, ωt:  38.85 (6.18 periods), wall: 53.952 minutes, Δt:   1.31, CFL: 7.20e-01
i: 216300, t:  388628.0 s, ωt:  38.86 (6.19 periods), wall: 53.977 minutes, Δt:   1.48, CFL: 7.20e-01
i: 216400, t:  388755.0 s, ωt:  38.88 (6.19 periods), wall: 54.002 minutes, Δt:   1.32, CFL: 7.20e-01
i: 216500, t:  388885.8 s, ωt:  38.89 (6.19 periods), wall: 54.026 minutes, Δt:   1.20, CFL: 7.20e-01
i: 216600, t:  389010.0 s, ωt:  38.90 (6.19 periods), wall: 54.051 minutes, Δt:   1.25, CFL: 7.20e-01
i: 216700, t:  389134.2 s, ωt:  38.91 (6.19 periods), wall: 54.075 minutes, Δt:   1.33, CFL: 7.20e-01
i: 216800, t:  389264.0 s, ωt:  38.93 (6.20 periods), wall: 54.100 minutes, Δt:   1.42, CFL: 7.20e-01
i: 216900, t:  389402.6 s, ωt:  38.94 (6.20 periods), wall: 54.125 minutes, Δt:   1.34, CFL: 7.20e-01
i: 217000, t:  389525.2 s, ωt:  38.95 (6.20 periods), wall: 54.149 minutes, Δt:   1.03, CFL: 7.20e-01
i: 217100, t:  389649.6 s, ωt:  38.96 (6.20 periods), wall: 54.175 minutes, Δt:   1.20, CFL: 7.20e-01
i: 217200, t:  389772.6 s, ωt:  38.98 (6.20 periods), wall: 54.199 minutes, Δt:   1.34, CFL: 7.20e-01
i: 217300, t:  389888.0 s, ωt:  38.99 (6.21 periods), wall: 54.224 minutes, Δt:   1.15, CFL: 7.20e-01
i: 217400, t:  389989.6 s, ωt:  39.00 (6.21 periods), wall: 54.249 minutes, Δt:   1.03, CFL: 7.20e-01
i: 217500, t:  390104.8 s, ωt:  39.01 (6.21 periods), wall: 54.274 minutes, Δt:   1.23, CFL: 7.20e-01
i: 217600, t:  390218.3 s, ωt:  39.02 (6.21 periods), wall: 54.299 minutes, Δt:   1.27, CFL: 7.20e-01
i: 217700, t:  390335.3 s, ωt:  39.03 (6.21 periods), wall: 54.323 minutes, Δt:   1.12, CFL: 7.20e-01
i: 217800, t:  390453.5 s, ωt:  39.05 (6.21 periods), wall: 54.347 minutes, Δt:   1.29, CFL: 7.20e-01
i: 217900, t:  390577.7 s, ωt:  39.06 (6.22 periods), wall: 54.371 minutes, Δt:   1.22, CFL: 7.20e-01
i: 218000, t:  390700.5 s, ωt:  39.07 (6.22 periods), wall: 54.396 minutes, Δt:   1.15, CFL: 7.20e-01
i: 218100, t:  390821.7 s, ωt:  39.08 (6.22 periods), wall: 54.421 minutes, Δt:   1.35, CFL: 7.20e-01
i: 218200, t:  390948.0 s, ωt:  39.09 (6.22 periods), wall: 54.446 minutes, Δt:   1.31, CFL: 7.20e-01
i: 218300, t:  391076.5 s, ωt:  39.11 (6.22 periods), wall: 54.471 minutes, Δt:   1.12, CFL: 7.20e-01
i: 218400, t:  391183.2 s, ωt:  39.12 (6.23 periods), wall: 54.495 minutes, Δt:   0.94, CFL: 7.20e-01
i: 218500, t:  391296.2 s, ωt:  39.13 (6.23 periods), wall: 54.520 minutes, Δt:   1.12, CFL: 7.20e-01
i: 218600, t:  391408.0 s, ωt:  39.14 (6.23 periods), wall: 54.543 minutes, Δt:   1.01, CFL: 7.20e-01
i: 218700, t:  391531.5 s, ωt:  39.15 (6.23 periods), wall: 54.568 minutes, Δt:   1.19, CFL: 7.20e-01
i: 218800, t:  391664.6 s, ωt:  39.17 (6.23 periods), wall: 54.592 minutes, Δt:   1.22, CFL: 7.20e-01
i: 218900, t:  391780.4 s, ωt:  39.18 (6.24 periods), wall: 54.617 minutes, Δt:   1.36, CFL: 7.20e-01
i: 219000, t:  391916.9 s, ωt:  39.19 (6.24 periods), wall: 54.642 minutes, Δt:   1.22, CFL: 7.20e-01
i: 219100, t:  392020.7 s, ωt:  39.20 (6.24 periods), wall: 54.667 minutes, Δt:   1.09, CFL: 7.20e-01
i: 219200, t:  392133.2 s, ωt:  39.21 (6.24 periods), wall: 54.692 minutes, Δt:   1.17, CFL: 7.20e-01
i: 219300, t:  392243.5 s, ωt:  39.22 (6.24 periods), wall: 54.716 minutes, Δt:   1.05, CFL: 7.20e-01
i: 219400, t:  392361.3 s, ωt:  39.24 (6.24 periods), wall: 54.739 minutes, Δt:   1.26, CFL: 7.20e-01
i: 219500, t:  392471.1 s, ωt:  39.25 (6.25 periods), wall: 54.764 minutes, Δt:   1.00, CFL: 7.20e-01
i: 219600, t:  392589.0 s, ωt:  39.26 (6.25 periods), wall: 54.789 minutes, Δt:   1.15, CFL: 7.20e-01
i: 219700, t:  392712.9 s, ωt:  39.27 (6.25 periods), wall: 54.814 minutes, Δt:   1.18, CFL: 7.20e-01
i: 219800, t:  392843.1 s, ωt:  39.28 (6.25 periods), wall: 54.839 minutes, Δt:   1.21, CFL: 7.20e-01
i: 219900, t:  392969.6 s, ωt:  39.30 (6.25 periods), wall: 54.864 minutes, Δt:   1.28, CFL: 7.20e-01
i: 220000, t:  393099.4 s, ωt:  39.31 (6.26 periods), wall: 54.889 minutes, Δt:   1.25, CFL: 7.20e-01
i: 220100, t:  393231.2 s, ωt:  39.32 (6.26 periods), wall: 54.913 minutes, Δt:   1.24, CFL: 7.20e-01
i: 220200, t:  393357.0 s, ωt:  39.34 (6.26 periods), wall: 54.938 minutes, Δt:   1.27, CFL: 7.20e-01
i: 220300, t:  393481.8 s, ωt:  39.35 (6.26 periods), wall: 54.963 minutes, Δt:   1.29, CFL: 7.20e-01
i: 220400, t:  393610.9 s, ωt:  39.36 (6.26 periods), wall: 54.987 minutes, Δt:   1.29, CFL: 7.20e-01
i: 220500, t:  393724.3 s, ωt:  39.37 (6.27 periods), wall: 55.013 minutes, Δt:   1.35, CFL: 7.20e-01
i: 220600, t:  393859.4 s, ωt:  39.39 (6.27 periods), wall: 55.038 minutes, Δt:   1.29, CFL: 7.20e-01
i: 220700, t:  393990.8 s, ωt:  39.40 (6.27 periods), wall: 55.063 minutes, Δt:   1.18, CFL: 7.20e-01
i: 220800, t:  394123.6 s, ωt:  39.41 (6.27 periods), wall: 55.088 minutes, Δt:   1.27, CFL: 7.20e-01
i: 220900, t:  394247.3 s, ωt:  39.42 (6.27 periods), wall: 55.112 minutes, Δt:   1.19, CFL: 7.20e-01
i: 221000, t:  394371.0 s, ωt:  39.44 (6.28 periods), wall: 55.137 minutes, Δt:   1.24, CFL: 7.20e-01
i: 221100, t:  394505.2 s, ωt:  39.45 (6.28 periods), wall: 55.162 minutes, Δt:   1.35, CFL: 7.20e-01
i: 221200, t:  394638.7 s, ωt:  39.46 (6.28 periods), wall: 55.187 minutes, Δt:   1.29, CFL: 7.20e-01
i: 221300, t:  394767.1 s, ωt:  39.48 (6.28 periods), wall: 55.211 minutes, Δt:   1.51, CFL: 7.20e-01
i: 221400, t:  394892.1 s, ωt:  39.49 (6.28 periods), wall: 55.236 minutes, Δt:   1.46, CFL: 7.20e-01
i: 221500, t:  395020.4 s, ωt:  39.50 (6.29 periods), wall: 55.261 minutes, Δt:   1.54, CFL: 7.20e-01
i: 221600, t:  395171.0 s, ωt:  39.52 (6.29 periods), wall: 55.285 minutes, Δt:   1.29, CFL: 7.20e-01
i: 221700, t:  395294.6 s, ωt:  39.53 (6.29 periods), wall: 55.309 minutes, Δt:   1.37, CFL: 7.20e-01
i: 221800, t:  395421.0 s, ωt:  39.54 (6.29 periods), wall: 55.333 minutes, Δt:   1.41, CFL: 7.20e-01
i: 221900, t:  395566.4 s, ωt:  39.56 (6.30 periods), wall: 55.357 minutes, Δt:   1.50, CFL: 7.20e-01
i: 222000, t:  395692.9 s, ωt:  39.57 (6.30 periods), wall: 55.382 minutes, Δt:   1.26, CFL: 7.20e-01
i: 222100, t:  395832.4 s, ωt:  39.58 (6.30 periods), wall: 55.406 minutes, Δt:   1.07, CFL: 7.20e-01
i: 222200, t:  395960.7 s, ωt:  39.60 (6.30 periods), wall: 55.431 minutes, Δt:   1.32, CFL: 7.20e-01
i: 222300, t:  396092.4 s, ωt:  39.61 (6.30 periods), wall: 55.456 minutes, Δt:   1.30, CFL: 7.20e-01
i: 222400, t:  396216.8 s, ωt:  39.62 (6.31 periods), wall: 55.481 minutes, Δt:   1.15, CFL: 7.20e-01
i: 222500, t:  396337.2 s, ωt:  39.63 (6.31 periods), wall: 55.506 minutes, Δt:   1.32, CFL: 7.20e-01
i: 222600, t:  396474.7 s, ωt:  39.65 (6.31 periods), wall: 55.530 minutes, Δt:   1.45, CFL: 7.20e-01
i: 222700, t:  396613.6 s, ωt:  39.66 (6.31 periods), wall: 55.554 minutes, Δt:   1.50, CFL: 7.20e-01
i: 222800, t:  396748.0 s, ωt:  39.67 (6.31 periods), wall: 55.579 minutes, Δt:   1.32, CFL: 7.20e-01
i: 222900, t:  396882.7 s, ωt:  39.69 (6.32 periods), wall: 55.604 minutes, Δt:   1.34, CFL: 7.20e-01
i: 223000, t:  397012.0 s, ωt:  39.70 (6.32 periods), wall: 55.629 minutes, Δt:   1.51, CFL: 7.20e-01
i: 223100, t:  397159.3 s, ωt:  39.72 (6.32 periods), wall: 55.654 minutes, Δt:   1.45, CFL: 7.20e-01
i: 223200, t:  397285.6 s, ωt:  39.73 (6.32 periods), wall: 55.679 minutes, Δt:   1.62, CFL: 7.20e-01
i: 223300, t:  397433.1 s, ωt:  39.74 (6.33 periods), wall: 55.704 minutes, Δt:   1.56, CFL: 7.20e-01
i: 223400, t:  397579.2 s, ωt:  39.76 (6.33 periods), wall: 55.729 minutes, Δt:   1.31, CFL: 7.20e-01
i: 223500, t:  397712.6 s, ωt:  39.77 (6.33 periods), wall: 55.753 minutes, Δt:   1.11, CFL: 7.20e-01
i: 223600, t:  397841.3 s, ωt:  39.78 (6.33 periods), wall: 55.778 minutes, Δt:   1.38, CFL: 7.20e-01
i: 223700, t:  397982.6 s, ωt:  39.80 (6.33 periods), wall: 55.802 minutes, Δt:   1.48, CFL: 7.20e-01
i: 223800, t:  398119.1 s, ωt:  39.81 (6.34 periods), wall: 55.828 minutes, Δt:   1.47, CFL: 7.20e-01
i: 223900, t:  398273.2 s, ωt:  39.83 (6.34 periods), wall: 55.852 minutes, Δt:   1.45, CFL: 7.20e-01
i: 224000, t:  398410.1 s, ωt:  39.84 (6.34 periods), wall: 55.877 minutes, Δt:   1.56, CFL: 7.20e-01
i: 224100, t:  398563.1 s, ωt:  39.86 (6.34 periods), wall: 55.902 minutes, Δt:   1.60, CFL: 7.20e-01
i: 224200, t:  398722.2 s, ωt:  39.87 (6.35 periods), wall: 55.926 minutes, Δt:   1.46, CFL: 7.20e-01
i: 224300, t:  398885.7 s, ωt:  39.89 (6.35 periods), wall: 55.951 minutes, Δt:   1.87, CFL: 7.20e-01
i: 224400, t:  399057.1 s, ωt:  39.91 (6.35 periods), wall: 55.976 minutes, Δt:   1.61, CFL: 7.20e-01
i: 224500, t:  399233.0 s, ωt:  39.92 (6.35 periods), wall: 56.001 minutes, Δt:   2.02, CFL: 7.20e-01
i: 224600, t:  399423.8 s, ωt:  39.94 (6.36 periods), wall: 56.025 minutes, Δt:   1.70, CFL: 7.20e-01
i: 224700, t:  399589.4 s, ωt:  39.96 (6.36 periods), wall: 56.050 minutes, Δt:   1.91, CFL: 7.20e-01
i: 224800, t:  399753.3 s, ωt:  39.98 (6.36 periods), wall: 56.075 minutes, Δt:   1.34, CFL: 7.20e-01
i: 224900, t:  399897.3 s, ωt:  39.99 (6.36 periods), wall: 56.100 minutes, Δt:   1.52, CFL: 7.20e-01
i: 225000, t:  400058.8 s, ωt:  40.01 (6.37 periods), wall: 56.125 minutes, Δt:   1.78, CFL: 7.20e-01
i: 225100, t:  400242.7 s, ωt:  40.02 (6.37 periods), wall: 56.150 minutes, Δt:   1.87, CFL: 7.20e-01
i: 225200, t:  400412.1 s, ωt:  40.04 (6.37 periods), wall: 56.176 minutes, Δt:   1.43, CFL: 7.20e-01
i: 225300, t:  400580.1 s, ωt:  40.06 (6.38 periods), wall: 56.201 minutes, Δt:   1.55, CFL: 7.20e-01
i: 225400, t:  400762.9 s, ωt:  40.08 (6.38 periods), wall: 56.226 minutes, Δt:   1.85, CFL: 7.20e-01
i: 225500, t:  400959.6 s, ωt:  40.10 (6.38 periods), wall: 56.251 minutes, Δt:   1.76, CFL: 7.20e-01
i: 225600, t:  401146.3 s, ωt:  40.11 (6.38 periods), wall: 56.276 minutes, Δt:   2.16, CFL: 7.20e-01
i: 225700, t:  401357.1 s, ωt:  40.14 (6.39 periods), wall: 56.301 minutes, Δt:   2.34, CFL: 7.20e-01
i: 225800, t:  401589.6 s, ωt:  40.16 (6.39 periods), wall: 56.326 minutes, Δt:   2.17, CFL: 7.20e-01
i: 225900, t:  401789.1 s, ωt:  40.18 (6.39 periods), wall: 56.351 minutes, Δt:   1.87, CFL: 7.20e-01
i: 226000, t:  402008.8 s, ωt:  40.20 (6.40 periods), wall: 56.376 minutes, Δt:   2.64, CFL: 7.20e-01
i: 226100, t:  402220.7 s, ωt:  40.22 (6.40 periods), wall: 56.401 minutes, Δt:   2.10, CFL: 7.20e-01
i: 226200, t:  402462.1 s, ωt:  40.25 (6.41 periods), wall: 56.426 minutes, Δt:   2.36, CFL: 7.20e-01
i: 226300, t:  402700.6 s, ωt:  40.27 (6.41 periods), wall: 56.451 minutes, Δt:   2.68, CFL: 7.20e-01
i: 226400, t:  402947.6 s, ωt:  40.29 (6.41 periods), wall: 56.477 minutes, Δt:   2.17, CFL: 7.20e-01
i: 226500, t:  403199.6 s, ωt:  40.32 (6.42 periods), wall: 56.502 minutes, Δt:   2.52, CFL: 7.20e-01
i: 226600, t:  403453.3 s, ωt:  40.35 (6.42 periods), wall: 56.527 minutes, Δt:   2.59, CFL: 7.20e-01
i: 226700, t:  403734.4 s, ωt:  40.37 (6.43 periods), wall: 56.552 minutes, Δt:   2.76, CFL: 7.20e-01
i: 226800, t:  404056.8 s, ωt:  40.41 (6.43 periods), wall: 56.578 minutes, Δt:   3.19, CFL: 7.20e-01
i: 226900, t:  404355.7 s, ωt:  40.44 (6.44 periods), wall: 56.603 minutes, Δt:   3.19, CFL: 7.20e-01
i: 227000, t:  404685.3 s, ωt:  40.47 (6.44 periods), wall: 56.628 minutes, Δt:   3.61, CFL: 6.84e-01
i: 227100, t:  405053.3 s, ωt:  40.51 (6.45 periods), wall: 56.654 minutes, Δt:   3.36, CFL: 7.20e-01
i: 227200, t:  405402.9 s, ωt:  40.54 (6.45 periods), wall: 56.679 minutes, Δt:   4.09, CFL: 7.20e-01
i: 227300, t:  405872.6 s, ωt:  40.59 (6.46 periods), wall: 56.705 minutes, Δt:   4.56, CFL: 7.20e-01
i: 227400, t:  406306.5 s, ωt:  40.63 (6.47 periods), wall: 56.730 minutes, Δt:   4.49, CFL: 7.20e-01
i: 227500, t:  406854.0 s, ωt:  40.69 (6.48 periods), wall: 56.756 minutes, Δt:   5.48, CFL: 7.20e-01
i: 227600, t:  407396.2 s, ωt:  40.74 (6.48 periods), wall: 56.781 minutes, Δt:   5.20, CFL: 7.20e-01
i: 227700, t:  407932.4 s, ωt:  40.79 (6.49 periods), wall: 56.807 minutes, Δt:   6.14, CFL: 7.20e-01
i: 227800, t:  408509.6 s, ωt:  40.85 (6.50 periods), wall: 56.843 minutes, Δt:   5.94, CFL: 7.20e-01
i: 227900, t:  409089.9 s, ωt:  40.91 (6.51 periods), wall: 56.868 minutes, Δt:   5.14, CFL: 7.20e-01
i: 228000, t:  409631.1 s, ωt:  40.96 (6.52 periods), wall: 56.894 minutes, Δt:   5.09, CFL: 7.20e-01
i: 228100, t:  410143.8 s, ωt:  41.01 (6.53 periods), wall: 56.919 minutes, Δt:   4.93, CFL: 7.20e-01
i: 228200, t:  410576.5 s, ωt:  41.06 (6.53 periods), wall: 56.945 minutes, Δt:   4.21, CFL: 7.20e-01
i: 228300, t:  410978.9 s, ωt:  41.10 (6.54 periods), wall: 56.970 minutes, Δt:   3.90, CFL: 7.20e-01
i: 228400, t:  411340.7 s, ωt:  41.13 (6.55 periods), wall: 56.996 minutes, Δt:   3.56, CFL: 7.20e-01
i: 228500, t:  411673.8 s, ωt:  41.17 (6.55 periods), wall: 57.021 minutes, Δt:   3.29, CFL: 7.20e-01
i: 228600, t:  411952.4 s, ωt:  41.20 (6.56 periods), wall: 57.046 minutes, Δt:   2.55, CFL: 7.20e-01
i: 228700, t:  412195.0 s, ωt:  41.22 (6.56 periods), wall: 57.071 minutes, Δt:   2.38, CFL: 7.20e-01
i: 228800, t:  412424.8 s, ωt:  41.24 (6.56 periods), wall: 57.094 minutes, Δt:   2.24, CFL: 7.20e-01
i: 228900, t:  412646.4 s, ωt:  41.26 (6.57 periods), wall: 57.120 minutes, Δt:   2.11, CFL: 7.20e-01
i: 229000, t:  412860.5 s, ωt:  41.29 (6.57 periods), wall: 57.145 minutes, Δt:   1.81, CFL: 7.20e-01
i: 229100, t:  413058.0 s, ωt:  41.31 (6.57 periods), wall: 57.169 minutes, Δt:   1.88, CFL: 7.20e-01
i: 229200, t:  413264.4 s, ωt:  41.33 (6.58 periods), wall: 57.194 minutes, Δt:   1.89, CFL: 7.20e-01
i: 229300, t:  413462.1 s, ωt:  41.35 (6.58 periods), wall: 57.218 minutes, Δt:   1.56, CFL: 7.20e-01
i: 229400, t:  413641.0 s, ωt:  41.36 (6.58 periods), wall: 57.242 minutes, Δt:   2.02, CFL: 7.20e-01
i: 229500, t:  413834.3 s, ωt:  41.38 (6.59 periods), wall: 57.267 minutes, Δt:   1.70, CFL: 7.20e-01
i: 229600, t:  414008.6 s, ωt:  41.40 (6.59 periods), wall: 57.291 minutes, Δt:   1.68, CFL: 7.20e-01
i: 229700, t:  414175.3 s, ωt:  41.42 (6.59 periods), wall: 57.317 minutes, Δt:   1.84, CFL: 7.20e-01
i: 229800, t:  414358.5 s, ωt:  41.44 (6.59 periods), wall: 57.341 minutes, Δt:   1.41, CFL: 7.20e-01
i: 229900, t:  414506.7 s, ωt:  41.45 (6.60 periods), wall: 57.367 minutes, Δt:   1.53, CFL: 7.20e-01
i: 230000, t:  414674.3 s, ωt:  41.47 (6.60 periods), wall: 57.391 minutes, Δt:   1.67, CFL: 7.20e-01
i: 230100, t:  414858.7 s, ωt:  41.49 (6.60 periods), wall: 57.416 minutes, Δt:   1.70, CFL: 7.20e-01
i: 230200, t:  415038.7 s, ωt:  41.50 (6.61 periods), wall: 57.441 minutes, Δt:   1.75, CFL: 7.20e-01
i: 230300, t:  415211.2 s, ωt:  41.52 (6.61 periods), wall: 57.466 minutes, Δt:   1.71, CFL: 7.20e-01
i: 230400, t:  415384.7 s, ωt:  41.54 (6.61 periods), wall: 57.491 minutes, Δt:   1.82, CFL: 7.20e-01
i: 230500, t:  415559.3 s, ωt:  41.56 (6.61 periods), wall: 57.515 minutes, Δt:   1.81, CFL: 7.20e-01
i: 230600, t:  415723.8 s, ωt:  41.57 (6.62 periods), wall: 57.541 minutes, Δt:   1.73, CFL: 7.20e-01
i: 230700, t:  415884.8 s, ωt:  41.59 (6.62 periods), wall: 57.565 minutes, Δt:   1.52, CFL: 7.20e-01
i: 230800, t:  416030.9 s, ωt:  41.60 (6.62 periods), wall: 57.590 minutes, Δt:   1.51, CFL: 7.20e-01
i: 230900, t:  416196.4 s, ωt:  41.62 (6.62 periods), wall: 57.615 minutes, Δt:   1.72, CFL: 7.20e-01
i: 231000, t:  416346.0 s, ωt:  41.63 (6.63 periods), wall: 57.640 minutes, Δt:   1.46, CFL: 7.20e-01
i: 231100, t:  416502.3 s, ωt:  41.65 (6.63 periods), wall: 57.664 minutes, Δt:   1.57, CFL: 7.20e-01
i: 231200, t:  416644.5 s, ωt:  41.66 (6.63 periods), wall: 57.688 minutes, Δt:   1.47, CFL: 7.20e-01
i: 231300, t:  416779.4 s, ωt:  41.68 (6.63 periods), wall: 57.713 minutes, Δt:   1.45, CFL: 7.20e-01
i: 231400, t:  416918.7 s, ωt:  41.69 (6.64 periods), wall: 57.739 minutes, Δt:   1.33, CFL: 7.20e-01
i: 231500, t:  417050.4 s, ωt:  41.71 (6.64 periods), wall: 57.763 minutes, Δt:   1.39, CFL: 7.20e-01
i: 231600, t:  417188.1 s, ωt:  41.72 (6.64 periods), wall: 57.788 minutes, Δt:   1.27, CFL: 7.20e-01
i: 231700, t:  417317.8 s, ωt:  41.73 (6.64 periods), wall: 57.813 minutes, Δt:   1.20, CFL: 7.20e-01
i: 231800, t:  417440.9 s, ωt:  41.74 (6.64 periods), wall: 57.837 minutes, Δt:   1.23, CFL: 7.20e-01
i: 231900, t:  417562.7 s, ωt:  41.76 (6.65 periods), wall: 57.862 minutes, Δt:   1.36, CFL: 7.20e-01
i: 232000, t:  417703.1 s, ωt:  41.77 (6.65 periods), wall: 57.887 minutes, Δt:   1.53, CFL: 7.20e-01
i: 232100, t:  417839.5 s, ωt:  41.78 (6.65 periods), wall: 57.911 minutes, Δt:   1.23, CFL: 7.20e-01
i: 232200, t:  417965.6 s, ωt:  41.80 (6.65 periods), wall: 57.935 minutes, Δt:   1.28, CFL: 7.20e-01
i: 232300, t:  418104.0 s, ωt:  41.81 (6.65 periods), wall: 57.959 minutes, Δt:   1.10, CFL: 7.20e-01
i: 232400, t:  418230.5 s, ωt:  41.82 (6.66 periods), wall: 57.984 minutes, Δt:   1.41, CFL: 7.20e-01
i: 232500, t:  418357.3 s, ωt:  41.84 (6.66 periods), wall: 58.009 minutes, Δt:   1.03, CFL: 7.20e-01
i: 232600, t:  418480.2 s, ωt:  41.85 (6.66 periods), wall: 58.033 minutes, Δt:   1.37, CFL: 7.20e-01
i: 232700, t:  418618.7 s, ωt:  41.86 (6.66 periods), wall: 58.057 minutes, Δt:   1.39, CFL: 7.20e-01
i: 232800, t:  418752.0 s, ωt:  41.88 (6.66 periods), wall: 58.082 minutes, Δt:   1.24, CFL: 7.20e-01
i: 232900, t:  418872.0 s, ωt:  41.89 (6.67 periods), wall: 58.106 minutes, Δt:   1.19, CFL: 7.20e-01
i: 233000, t:  418982.5 s, ωt:  41.90 (6.67 periods), wall: 58.130 minutes, Δt:   1.25, CFL: 7.20e-01
i: 233100, t:  419111.0 s, ωt:  41.91 (6.67 periods), wall: 58.155 minutes, Δt:   1.27, CFL: 7.20e-01
i: 233200, t:  419228.5 s, ωt:  41.92 (6.67 periods), wall: 58.180 minutes, Δt:   1.05, CFL: 7.20e-01
i: 233300, t:  419346.5 s, ωt:  41.93 (6.67 periods), wall: 58.203 minutes, Δt:   1.30, CFL: 7.20e-01
i: 233400, t:  419478.6 s, ωt:  41.95 (6.68 periods), wall: 58.228 minutes, Δt:   1.39, CFL: 7.20e-01
i: 233500, t:  419603.2 s, ωt:  41.96 (6.68 periods), wall: 58.253 minutes, Δt:   1.23, CFL: 7.20e-01
i: 233600, t:  419721.2 s, ωt:  41.97 (6.68 periods), wall: 58.278 minutes, Δt:   1.13, CFL: 7.20e-01
i: 233700, t:  419833.1 s, ωt:  41.98 (6.68 periods), wall: 58.303 minutes, Δt:   1.03, CFL: 7.20e-01
i: 233800, t:  419943.3 s, ωt:  41.99 (6.68 periods), wall: 58.328 minutes, Δt:   1.16, CFL: 7.20e-01
i: 233900, t:  420055.6 s, ωt:  42.01 (6.69 periods), wall: 58.353 minutes, Δt:   1.24, CFL: 7.20e-01
i: 234000, t:  420184.1 s, ωt:  42.02 (6.69 periods), wall: 58.378 minutes, Δt:   1.11, CFL: 7.20e-01
i: 234100, t:  420291.0 s, ωt:  42.03 (6.69 periods), wall: 58.403 minutes, Δt:   1.28, CFL: 7.20e-01
i: 234200, t:  420409.5 s, ωt:  42.04 (6.69 periods), wall: 58.429 minutes, Δt:   1.17, CFL: 7.20e-01
i: 234300, t:  420534.8 s, ωt:  42.05 (6.69 periods), wall: 58.453 minutes, Δt:   1.36, CFL: 7.20e-01
i: 234400, t:  420652.7 s, ωt:  42.07 (6.69 periods), wall: 58.478 minutes, Δt:   1.02, CFL: 7.20e-01
i: 234500, t:  420762.4 s, ωt:  42.08 (6.70 periods), wall: 58.504 minutes, Δt:   1.18, CFL: 7.20e-01
i: 234600, t:  420885.4 s, ωt:  42.09 (6.70 periods), wall: 58.528 minutes, Δt:   1.31, CFL: 7.20e-01
i: 234700, t:  421010.5 s, ωt:  42.10 (6.70 periods), wall: 58.554 minutes, Δt:   1.07, CFL: 7.20e-01
i: 234800, t:  421137.4 s, ωt:  42.11 (6.70 periods), wall: 58.579 minutes, Δt:   1.27, CFL: 7.20e-01
i: 234900, t:  421253.4 s, ωt:  42.13 (6.70 periods), wall: 58.603 minutes, Δt:   1.12, CFL: 7.20e-01
i: 235000, t:  421366.4 s, ωt:  42.14 (6.71 periods), wall: 58.628 minutes, Δt:   1.22, CFL: 7.20e-01
i: 235100, t:  421490.7 s, ωt:  42.15 (6.71 periods), wall: 58.653 minutes, Δt:   1.30, CFL: 7.20e-01
i: 235200, t:  421618.5 s, ωt:  42.16 (6.71 periods), wall: 58.678 minutes, Δt:   1.27, CFL: 7.20e-01
i: 235300, t:  421722.4 s, ωt:  42.17 (6.71 periods), wall: 58.703 minutes, Δt:   1.14, CFL: 7.20e-01
i: 235400, t:  421845.7 s, ωt:  42.18 (6.71 periods), wall: 58.728 minutes, Δt:   1.14, CFL: 7.20e-01
i: 235500, t:  421960.2 s, ωt:  42.20 (6.72 periods), wall: 58.753 minutes, Δt:   1.19, CFL: 7.20e-01
i: 235600, t:  422083.6 s, ωt:  42.21 (6.72 periods), wall: 58.777 minutes, Δt:   1.50, CFL: 7.20e-01
i: 235700, t:  422216.3 s, ωt:  42.22 (6.72 periods), wall: 58.801 minutes, Δt:   1.18, CFL: 7.20e-01
i: 235800, t:  422330.7 s, ωt:  42.23 (6.72 periods), wall: 58.826 minutes, Δt:   1.19, CFL: 7.20e-01
i: 235900, t:  422449.0 s, ωt:  42.24 (6.72 periods), wall: 58.851 minutes, Δt:   0.95, CFL: 7.20e-01
i: 236000, t:  422565.7 s, ωt:  42.26 (6.73 periods), wall: 58.876 minutes, Δt:   1.11, CFL: 7.20e-01
i: 236100, t:  422687.4 s, ωt:  42.27 (6.73 periods), wall: 58.900 minutes, Δt:   1.02, CFL: 7.20e-01
i: 236200, t:  422808.8 s, ωt:  42.28 (6.73 periods), wall: 58.925 minutes, Δt:   1.40, CFL: 7.20e-01
i: 236300, t:  422943.4 s, ωt:  42.29 (6.73 periods), wall: 58.949 minutes, Δt:   1.36, CFL: 7.20e-01
i: 236400, t:  423067.9 s, ωt:  42.31 (6.73 periods), wall: 58.974 minutes, Δt:   1.25, CFL: 7.20e-01
i: 236500, t:  423188.6 s, ωt:  42.32 (6.74 periods), wall: 58.999 minutes, Δt:   1.05, CFL: 7.20e-01
i: 236600, t:  423299.7 s, ωt:  42.33 (6.74 periods), wall: 59.023 minutes, Δt:   1.31, CFL: 7.20e-01
i: 236700, t:  423431.7 s, ωt:  42.34 (6.74 periods), wall: 59.047 minutes, Δt:   1.38, CFL: 7.20e-01
i: 236800, t:  423556.6 s, ωt:  42.36 (6.74 periods), wall: 59.071 minutes, Δt:   1.03, CFL: 7.20e-01
i: 236900, t:  423669.4 s, ωt:  42.37 (6.74 periods), wall: 59.096 minutes, Δt:   1.10, CFL: 7.20e-01
i: 237000, t:  423771.7 s, ωt:  42.38 (6.74 periods), wall: 59.119 minutes, Δt:   0.80, CFL: 7.20e-01
i: 237100, t:  423874.0 s, ωt:  42.39 (6.75 periods), wall: 59.144 minutes, Δt:   1.21, CFL: 7.20e-01
i: 237200, t:  423996.0 s, ωt:  42.40 (6.75 periods), wall: 59.168 minutes, Δt:   1.26, CFL: 7.20e-01
i: 237300, t:  424116.1 s, ωt:  42.41 (6.75 periods), wall: 59.193 minutes, Δt:   1.18, CFL: 7.20e-01
i: 237400, t:  424223.7 s, ωt:  42.42 (6.75 periods), wall: 59.217 minutes, Δt:   1.07, CFL: 7.20e-01
i: 237500, t:  424332.6 s, ωt:  42.43 (6.75 periods), wall: 59.241 minutes, Δt:   1.03, CFL: 7.20e-01
i: 237600, t:  424448.7 s, ωt:  42.44 (6.76 periods), wall: 59.266 minutes, Δt:   0.97, CFL: 7.20e-01
i: 237700, t:  424570.1 s, ωt:  42.46 (6.76 periods), wall: 59.290 minutes, Δt:   1.13, CFL: 7.20e-01
i: 237800, t:  424689.9 s, ωt:  42.47 (6.76 periods), wall: 59.315 minutes, Δt:   1.22, CFL: 7.20e-01
i: 237900, t:  424798.4 s, ωt:  42.48 (6.76 periods), wall: 59.339 minutes, Δt:   1.06, CFL: 7.20e-01
i: 238000, t:  424907.3 s, ωt:  42.49 (6.76 periods), wall: 59.364 minutes, Δt:   1.11, CFL: 7.20e-01
i: 238100, t:  425017.4 s, ωt:  42.50 (6.76 periods), wall: 59.389 minutes, Δt:   1.22, CFL: 7.20e-01
i: 238200, t:  425145.9 s, ωt:  42.51 (6.77 periods), wall: 59.415 minutes, Δt:   1.33, CFL: 7.20e-01
i: 238300, t:  425259.4 s, ωt:  42.53 (6.77 periods), wall: 59.439 minutes, Δt:   1.23, CFL: 7.20e-01
i: 238400, t:  425387.3 s, ωt:  42.54 (6.77 periods), wall: 59.463 minutes, Δt:   1.33, CFL: 7.20e-01
i: 238500, t:  425514.1 s, ωt:  42.55 (6.77 periods), wall: 59.488 minutes, Δt:   1.27, CFL: 7.20e-01
i: 238600, t:  425636.5 s, ωt:  42.56 (6.77 periods), wall: 59.513 minutes, Δt:   1.32, CFL: 7.20e-01
i: 238700, t:  425762.2 s, ωt:  42.58 (6.78 periods), wall: 59.538 minutes, Δt:   1.28, CFL: 7.20e-01
i: 238800, t:  425882.1 s, ωt:  42.59 (6.78 periods), wall: 59.563 minutes, Δt:   1.16, CFL: 7.20e-01
i: 238900, t:  425998.5 s, ωt:  42.60 (6.78 periods), wall: 59.586 minutes, Δt:   0.98, CFL: 7.20e-01
i: 239000, t:  426106.7 s, ωt:  42.61 (6.78 periods), wall: 59.610 minutes, Δt:   1.22, CFL: 7.20e-01
i: 239100, t:  426239.3 s, ωt:  42.62 (6.78 periods), wall: 59.634 minutes, Δt:   1.33, CFL: 7.20e-01
i: 239200, t:  426364.0 s, ωt:  42.64 (6.79 periods), wall: 59.658 minutes, Δt:   1.15, CFL: 7.20e-01
i: 239300, t:  426482.5 s, ωt:  42.65 (6.79 periods), wall: 59.683 minutes, Δt:   1.14, CFL: 7.20e-01
i: 239400, t:  426613.8 s, ωt:  42.66 (6.79 periods), wall: 59.707 minutes, Δt:   1.40, CFL: 7.20e-01
i: 239500, t:  426736.8 s, ωt:  42.67 (6.79 periods), wall: 59.731 minutes, Δt:   1.23, CFL: 7.20e-01
i: 239600, t:  426858.8 s, ωt:  42.69 (6.79 periods), wall: 59.754 minutes, Δt:   1.27, CFL: 7.20e-01
i: 239700, t:  426969.9 s, ωt:  42.70 (6.80 periods), wall: 59.778 minutes, Δt:   1.25, CFL: 7.20e-01
i: 239800, t:  427096.7 s, ωt:  42.71 (6.80 periods), wall: 59.802 minutes, Δt:   1.47, CFL: 7.20e-01
i: 239900, t:  427237.5 s, ωt:  42.72 (6.80 periods), wall: 59.826 minutes, Δt:   1.25, CFL: 7.20e-01
i: 240000, t:  427374.2 s, ωt:  42.74 (6.80 periods), wall: 59.851 minutes, Δt:   1.00, CFL: 7.20e-01
i: 240100, t:  427495.0 s, ωt:  42.75 (6.80 periods), wall: 59.876 minutes, Δt:   1.44, CFL: 7.20e-01
i: 240200, t:  427633.2 s, ωt:  42.76 (6.81 periods), wall: 59.901 minutes, Δt:   1.27, CFL: 7.20e-01
i: 240300, t:  427767.8 s, ωt:  42.78 (6.81 periods), wall: 59.926 minutes, Δt:   1.34, CFL: 7.20e-01
i: 240400, t:  427913.0 s, ωt:  42.79 (6.81 periods), wall: 59.951 minutes, Δt:   1.47, CFL: 7.20e-01
i: 240500, t:  428052.0 s, ωt:  42.81 (6.81 periods), wall: 59.975 minutes, Δt:   1.37, CFL: 7.20e-01
i: 240600, t:  428199.1 s, ωt:  42.82 (6.81 periods), wall: 1.000 hours, Δt:   1.51, CFL: 7.20e-01
i: 240700, t:  428332.4 s, ωt:  42.83 (6.82 periods), wall: 1.000 hours, Δt:   1.10, CFL: 7.20e-01
i: 240800, t:  428457.0 s, ωt:  42.85 (6.82 periods), wall: 1.001 hours, Δt:   1.21, CFL: 7.20e-01
i: 240900, t:  428588.4 s, ωt:  42.86 (6.82 periods), wall: 1.001 hours, Δt:   1.30, CFL: 7.20e-01
i: 241000, t:  428719.2 s, ωt:  42.87 (6.82 periods), wall: 1.002 hours, Δt:   1.21, CFL: 7.20e-01
i: 241100, t:  428840.2 s, ωt:  42.88 (6.83 periods), wall: 1.002 hours, Δt:   1.46, CFL: 7.20e-01
i: 241200, t:  428979.6 s, ωt:  42.90 (6.83 periods), wall: 1.002 hours, Δt:   1.56, CFL: 7.20e-01
i: 241300, t:  429128.9 s, ωt:  42.91 (6.83 periods), wall: 1.003 hours, Δt:   1.54, CFL: 7.20e-01
i: 241400, t:  429281.6 s, ωt:  42.93 (6.83 periods), wall: 1.003 hours, Δt:   1.23, CFL: 7.20e-01
i: 241500, t:  429406.3 s, ωt:  42.94 (6.83 periods), wall: 1.004 hours, Δt:   1.21, CFL: 7.20e-01
i: 241600, t:  429533.8 s, ωt:  42.95 (6.84 periods), wall: 1.004 hours, Δt:   1.35, CFL: 7.20e-01
i: 241700, t:  429671.8 s, ωt:  42.97 (6.84 periods), wall: 1.005 hours, Δt:   1.42, CFL: 7.20e-01
i: 241800, t:  429820.4 s, ωt:  42.98 (6.84 periods), wall: 1.005 hours, Δt:   1.71, CFL: 7.20e-01
i: 241900, t:  429983.5 s, ωt:  43.00 (6.84 periods), wall: 1.005 hours, Δt:   1.47, CFL: 7.20e-01
i: 242000, t:  430109.0 s, ωt:  43.01 (6.85 periods), wall: 1.006 hours, Δt:   1.39, CFL: 7.20e-01
i: 242100, t:  430263.2 s, ωt:  43.03 (6.85 periods), wall: 1.006 hours, Δt:   1.66, CFL: 7.20e-01
i: 242200, t:  430420.6 s, ωt:  43.04 (6.85 periods), wall: 1.007 hours, Δt:   1.35, CFL: 7.20e-01
i: 242300, t:  430565.3 s, ωt:  43.06 (6.85 periods), wall: 1.007 hours, Δt:   1.45, CFL: 7.20e-01
i: 242400, t:  430706.6 s, ωt:  43.07 (6.85 periods), wall: 1.007 hours, Δt:   1.65, CFL: 7.20e-01
i: 242500, t:  430865.6 s, ωt:  43.09 (6.86 periods), wall: 1.008 hours, Δt:   1.61, CFL: 7.20e-01
i: 242600, t:  431033.9 s, ωt:  43.10 (6.86 periods), wall: 1.008 hours, Δt:   1.49, CFL: 7.20e-01
i: 242700, t:  431185.8 s, ωt:  43.12 (6.86 periods), wall: 1.009 hours, Δt:   1.76, CFL: 7.20e-01
i: 242800, t:  431367.1 s, ωt:  43.14 (6.87 periods), wall: 1.009 hours, Δt:   1.52, CFL: 7.20e-01
i: 242900, t:  431549.0 s, ωt:  43.15 (6.87 periods), wall: 1.009 hours, Δt:   1.61, CFL: 7.20e-01
i: 243000, t:  431705.8 s, ωt:  43.17 (6.87 periods), wall: 1.010 hours, Δt:   1.85, CFL: 7.20e-01
i: 243100, t:  431873.0 s, ωt:  43.19 (6.87 periods), wall: 1.010 hours, Δt:   1.48, CFL: 7.20e-01
i: 243200, t:  432024.6 s, ωt:  43.20 (6.88 periods), wall: 1.011 hours, Δt:   1.67, CFL: 7.20e-01
i: 243300, t:  432211.9 s, ωt:  43.22 (6.88 periods), wall: 1.011 hours, Δt:   2.13, CFL: 7.20e-01
i: 243400, t:  432402.7 s, ωt:  43.24 (6.88 periods), wall: 1.012 hours, Δt:   1.74, CFL: 7.20e-01
i: 243500, t:  432607.7 s, ωt:  43.26 (6.89 periods), wall: 1.012 hours, Δt:   2.06, CFL: 7.20e-01
i: 243600, t:  432801.5 s, ωt:  43.28 (6.89 periods), wall: 1.012 hours, Δt:   1.89, CFL: 7.20e-01
i: 243700, t:  432985.1 s, ωt:  43.30 (6.89 periods), wall: 1.013 hours, Δt:   1.77, CFL: 7.20e-01
i: 243800, t:  433180.0 s, ωt:  43.32 (6.89 periods), wall: 1.013 hours, Δt:   1.92, CFL: 7.20e-01
i: 243900, t:  433387.1 s, ωt:  43.34 (6.90 periods), wall: 1.014 hours, Δt:   2.23, CFL: 7.20e-01
i: 244000, t:  433617.5 s, ωt:  43.36 (6.90 periods), wall: 1.014 hours, Δt:   2.32, CFL: 7.20e-01
i: 244100, t:  433849.0 s, ωt:  43.38 (6.90 periods), wall: 1.014 hours, Δt:   2.09, CFL: 7.20e-01
i: 244200, t:  434081.6 s, ωt:  43.41 (6.91 periods), wall: 1.015 hours, Δt:   2.24, CFL: 7.20e-01
i: 244300, t:  434304.2 s, ωt:  43.43 (6.91 periods), wall: 1.015 hours, Δt:   2.35, CFL: 7.20e-01
i: 244400, t:  434555.3 s, ωt:  43.46 (6.92 periods), wall: 1.016 hours, Δt:   3.00, CFL: 7.20e-01
i: 244500, t:  434841.7 s, ωt:  43.48 (6.92 periods), wall: 1.016 hours, Δt:   2.90, CFL: 7.20e-01
i: 244600, t:  435110.6 s, ωt:  43.51 (6.92 periods), wall: 1.017 hours, Δt:   2.52, CFL: 7.20e-01
i: 244700, t:  435411.4 s, ωt:  43.54 (6.93 periods), wall: 1.017 hours, Δt:   2.73, CFL: 7.20e-01
i: 244800, t:  435675.9 s, ωt:  43.57 (6.93 periods), wall: 1.017 hours, Δt:   2.44, CFL: 7.20e-01
i: 244900, t:  435967.6 s, ωt:  43.60 (6.94 periods), wall: 1.018 hours, Δt:   3.52, CFL: 7.20e-01
i: 245000, t:  436307.8 s, ωt:  43.63 (6.94 periods), wall: 1.018 hours, Δt:   3.54, CFL: 7.20e-01
i: 245100, t:  436702.2 s, ωt:  43.67 (6.95 periods), wall: 1.019 hours, Δt:   2.96, CFL: 7.20e-01
i: 245200, t:  437045.9 s, ωt:  43.70 (6.96 periods), wall: 1.019 hours, Δt:   4.37, CFL: 7.20e-01
i: 245300, t:  437486.4 s, ωt:  43.75 (6.96 periods), wall: 1.019 hours, Δt:   3.65, CFL: 7.20e-01
i: 245400, t:  437938.0 s, ωt:  43.79 (6.97 periods), wall: 1.020 hours, Δt:   5.31, CFL: 7.20e-01
i: 245500, t:  438453.1 s, ωt:  43.85 (6.98 periods), wall: 1.020 hours, Δt:   5.24, CFL: 7.20e-01
i: 245600, t:  439045.9 s, ωt:  43.90 (6.99 periods), wall: 1.021 hours, Δt:   6.51, CFL: 7.20e-01
i: 245700, t:  439653.2 s, ωt:  43.97 (7.00 periods), wall: 1.021 hours, Δt:   5.64, CFL: 7.20e-01
i: 245800, t:  440211.5 s, ωt:  44.02 (7.01 periods), wall: 1.022 hours, Δt:   5.89, CFL: 7.20e-01
i: 245900, t:  440710.2 s, ωt:  44.07 (7.01 periods), wall: 1.022 hours, Δt:   4.77, CFL: 7.20e-01
i: 246000, t:  441261.7 s, ωt:  44.13 (7.02 periods), wall: 1.023 hours, Δt:   5.07, CFL: 7.20e-01
i: 246100, t:  441738.1 s, ωt:  44.17 (7.03 periods), wall: 1.023 hours, Δt:   4.17, CFL: 7.20e-01
i: 246200, t:  442155.0 s, ωt:  44.22 (7.04 periods), wall: 1.023 hours, Δt:   4.15, CFL: 7.20e-01
i: 246300, t:  442526.4 s, ωt:  44.25 (7.04 periods), wall: 1.024 hours, Δt:   3.76, CFL: 7.20e-01
i: 246400, t:  442857.5 s, ωt:  44.29 (7.05 periods), wall: 1.024 hours, Δt:   3.13, CFL: 7.20e-01
i: 246500, t:  443189.9 s, ωt:  44.32 (7.05 periods), wall: 1.025 hours, Δt:   2.82, CFL: 7.20e-01
i: 246600, t:  443458.3 s, ωt:  44.35 (7.06 periods), wall: 1.025 hours, Δt:   2.44, CFL: 7.20e-01
i: 246700, t:  443729.7 s, ωt:  44.37 (7.06 periods), wall: 1.025 hours, Δt:   2.69, CFL: 7.20e-01
i: 246800, t:  443976.7 s, ωt:  44.40 (7.07 periods), wall: 1.026 hours, Δt:   2.68, CFL: 7.20e-01
i: 246900, t:  444225.9 s, ωt:  44.42 (7.07 periods), wall: 1.026 hours, Δt:   2.42, CFL: 7.20e-01
i: 247000, t:  444464.9 s, ωt:  44.45 (7.07 periods), wall: 1.027 hours, Δt:   2.05, CFL: 7.20e-01
i: 247100, t:  444657.1 s, ωt:  44.47 (7.08 periods), wall: 1.027 hours, Δt:   2.19, CFL: 7.20e-01
i: 247200, t:  444866.5 s, ωt:  44.49 (7.08 periods), wall: 1.028 hours, Δt:   1.84, CFL: 7.20e-01
i: 247300, t:  445058.8 s, ωt:  44.51 (7.08 periods), wall: 1.028 hours, Δt:   1.55, CFL: 7.20e-01
i: 247400, t:  445248.3 s, ωt:  44.52 (7.09 periods), wall: 1.028 hours, Δt:   1.78, CFL: 7.20e-01
i: 247500, t:  445413.7 s, ωt:  44.54 (7.09 periods), wall: 1.029 hours, Δt:   1.83, CFL: 7.20e-01
i: 247600, t:  445610.0 s, ωt:  44.56 (7.09 periods), wall: 1.029 hours, Δt:   1.89, CFL: 7.20e-01
i: 247700, t:  445795.4 s, ωt:  44.58 (7.10 periods), wall: 1.030 hours, Δt:   1.70, CFL: 7.20e-01
i: 247800, t:  445968.6 s, ωt:  44.60 (7.10 periods), wall: 1.030 hours, Δt:   1.84, CFL: 7.20e-01
i: 247900, t:  446155.8 s, ωt:  44.62 (7.10 periods), wall: 1.030 hours, Δt:   2.02, CFL: 7.20e-01
i: 248000, t:  446337.9 s, ωt:  44.63 (7.10 periods), wall: 1.031 hours, Δt:   1.56, CFL: 7.20e-01
i: 248100, t:  446518.3 s, ωt:  44.65 (7.11 periods), wall: 1.031 hours, Δt:   1.95, CFL: 7.20e-01
i: 248200, t:  446690.6 s, ωt:  44.67 (7.11 periods), wall: 1.032 hours, Δt:   1.70, CFL: 7.20e-01
i: 248300, t:  446858.1 s, ωt:  44.69 (7.11 periods), wall: 1.032 hours, Δt:   1.58, CFL: 7.20e-01
i: 248400, t:  447030.6 s, ωt:  44.70 (7.11 periods), wall: 1.032 hours, Δt:   1.69, CFL: 7.20e-01
i: 248500, t:  447194.5 s, ωt:  44.72 (7.12 periods), wall: 1.033 hours, Δt:   1.73, CFL: 7.20e-01
i: 248600, t:  447352.0 s, ωt:  44.74 (7.12 periods), wall: 1.033 hours, Δt:   1.48, CFL: 7.20e-01
i: 248700, t:  447505.1 s, ωt:  44.75 (7.12 periods), wall: 1.034 hours, Δt:   1.59, CFL: 7.20e-01
i: 248800, t:  447659.6 s, ωt:  44.77 (7.12 periods), wall: 1.034 hours, Δt:   1.45, CFL: 7.20e-01
i: 248900, t:  447808.1 s, ωt:  44.78 (7.13 periods), wall: 1.034 hours, Δt:   1.44, CFL: 7.20e-01
i: 249000, t:  447951.2 s, ωt:  44.80 (7.13 periods), wall: 1.035 hours, Δt:   1.35, CFL: 7.20e-01
i: 249100, t:  448091.4 s, ωt:  44.81 (7.13 periods), wall: 1.035 hours, Δt:   1.41, CFL: 7.20e-01
i: 249200, t:  448230.6 s, ωt:  44.82 (7.13 periods), wall: 1.036 hours, Δt:   1.55, CFL: 7.20e-01
i: 249300, t:  448376.3 s, ωt:  44.84 (7.14 periods), wall: 1.036 hours, Δt:   1.44, CFL: 7.20e-01
i: 249400, t:  448528.3 s, ωt:  44.85 (7.14 periods), wall: 1.037 hours, Δt:   1.37, CFL: 7.20e-01
i: 249500, t:  448661.5 s, ωt:  44.87 (7.14 periods), wall: 1.037 hours, Δt:   1.42, CFL: 7.20e-01
i: 249600, t:  448794.8 s, ωt:  44.88 (7.14 periods), wall: 1.037 hours, Δt:   1.37, CFL: 7.20e-01
i: 249700, t:  448936.8 s, ωt:  44.89 (7.15 periods), wall: 1.038 hours, Δt:   1.53, CFL: 7.20e-01
i: 249800, t:  449081.2 s, ωt:  44.91 (7.15 periods), wall: 1.038 hours, Δt:   1.23, CFL: 7.20e-01
i: 249900, t:  449221.0 s, ωt:  44.92 (7.15 periods), wall: 1.039 hours, Δt:   1.47, CFL: 7.20e-01
i: 250000, t:  449362.6 s, ωt:  44.94 (7.15 periods), wall: 1.039 hours, Δt:   1.44, CFL: 7.20e-01
i: 250100, t:  449501.4 s, ωt:  44.95 (7.15 periods), wall: 1.039 hours, Δt:   1.25, CFL: 7.20e-01
i: 250200, t:  449629.6 s, ωt:  44.96 (7.16 periods), wall: 1.040 hours, Δt:   1.33, CFL: 7.20e-01
i: 250300, t:  449759.6 s, ωt:  44.98 (7.16 periods), wall: 1.040 hours, Δt:   1.38, CFL: 7.20e-01
i: 250400, t:  449876.1 s, ωt:  44.99 (7.16 periods), wall: 1.041 hours, Δt:   1.03, CFL: 7.20e-01
i: 250500, t:  449997.6 s, ωt:  45.00 (7.16 periods), wall: 1.041 hours, Δt:   1.14, CFL: 7.20e-01
i: 250600, t:  450131.8 s, ωt:  45.01 (7.16 periods), wall: 1.041 hours, Δt:   1.43, CFL: 7.20e-01
i: 250700, t:  450278.7 s, ωt:  45.03 (7.17 periods), wall: 1.042 hours, Δt:   1.47, CFL: 7.20e-01
i: 250800, t:  450410.5 s, ωt:  45.04 (7.17 periods), wall: 1.042 hours, Δt:   1.09, CFL: 7.20e-01
i: 250900, t:  450541.0 s, ωt:  45.05 (7.17 periods), wall: 1.043 hours, Δt:   1.35, CFL: 7.20e-01
i: 251000, t:  450674.6 s, ωt:  45.07 (7.17 periods), wall: 1.043 hours, Δt:   1.17, CFL: 7.20e-01
i: 251100, t:  450792.6 s, ωt:  45.08 (7.17 periods), wall: 1.043 hours, Δt:   1.13, CFL: 7.20e-01
i: 251200, t:  450897.6 s, ωt:  45.09 (7.18 periods), wall: 1.044 hours, Δt:   1.11, CFL: 7.20e-01
i: 251300, t:  451019.4 s, ωt:  45.10 (7.18 periods), wall: 1.044 hours, Δt:   1.15, CFL: 7.20e-01
i: 251400, t:  451129.3 s, ωt:  45.11 (7.18 periods), wall: 1.045 hours, Δt:   1.19, CFL: 7.20e-01
i: 251500, t:  451234.7 s, ωt:  45.12 (7.18 periods), wall: 1.045 hours, Δt:   0.91, CFL: 7.20e-01
i: 251600, t:  451347.1 s, ωt:  45.13 (7.18 periods), wall: 1.046 hours, Δt:   1.15, CFL: 7.20e-01
i: 251700, t:  451474.7 s, ωt:  45.15 (7.19 periods), wall: 1.046 hours, Δt:   1.25, CFL: 7.20e-01
i: 251800, t:  451606.0 s, ωt:  45.16 (7.19 periods), wall: 1.046 hours, Δt:   1.39, CFL: 7.20e-01
i: 251900, t:  451741.0 s, ωt:  45.17 (7.19 periods), wall: 1.047 hours, Δt:   1.40, CFL: 7.20e-01
i: 252000, t:  451874.8 s, ωt:  45.19 (7.19 periods), wall: 1.047 hours, Δt:   1.25, CFL: 7.20e-01
i: 252100, t:  451993.4 s, ωt:  45.20 (7.19 periods), wall: 1.048 hours, Δt:   1.15, CFL: 7.20e-01
i: 252200, t:  452108.2 s, ωt:  45.21 (7.20 periods), wall: 1.048 hours, Δt:   1.05, CFL: 7.20e-01
i: 252300, t:  452215.5 s, ωt:  45.22 (7.20 periods), wall: 1.048 hours, Δt:   1.10, CFL: 7.20e-01
i: 252400, t:  452333.4 s, ωt:  45.23 (7.20 periods), wall: 1.049 hours, Δt:   1.31, CFL: 7.20e-01
i: 252500, t:  452458.5 s, ωt:  45.25 (7.20 periods), wall: 1.049 hours, Δt:   1.21, CFL: 7.20e-01
i: 252600, t:  452575.3 s, ωt:  45.26 (7.20 periods), wall: 1.050 hours, Δt:   1.31, CFL: 7.20e-01
i: 252700, t:  452701.4 s, ωt:  45.27 (7.20 periods), wall: 1.050 hours, Δt:   1.13, CFL: 7.20e-01
i: 252800, t:  452825.8 s, ωt:  45.28 (7.21 periods), wall: 1.050 hours, Δt:   1.12, CFL: 7.20e-01
i: 252900, t:  452946.5 s, ωt:  45.29 (7.21 periods), wall: 1.051 hours, Δt:   1.11, CFL: 7.20e-01
i: 253000, t:  453067.1 s, ωt:  45.31 (7.21 periods), wall: 1.051 hours, Δt:   1.24, CFL: 7.20e-01
i: 253100, t:  453183.9 s, ωt:  45.32 (7.21 periods), wall: 1.052 hours, Δt:   0.98, CFL: 7.20e-01
i: 253200, t:  453289.9 s, ωt:  45.33 (7.21 periods), wall: 1.052 hours, Δt:   1.27, CFL: 7.20e-01
i: 253300, t:  453410.0 s, ωt:  45.34 (7.22 periods), wall: 1.052 hours, Δt:   1.15, CFL: 7.20e-01
i: 253400, t:  453511.2 s, ωt:  45.35 (7.22 periods), wall: 1.053 hours, Δt:   0.85, CFL: 7.20e-01
i: 253500, t:  453621.2 s, ωt:  45.36 (7.22 periods), wall: 1.053 hours, Δt:   1.27, CFL: 7.20e-01
i: 253600, t:  453735.2 s, ωt:  45.37 (7.22 periods), wall: 1.054 hours, Δt:   0.95, CFL: 7.20e-01
i: 253700, t:  453846.3 s, ωt:  45.38 (7.22 periods), wall: 1.054 hours, Δt:   1.17, CFL: 7.20e-01
i: 253800, t:  453956.5 s, ωt:  45.40 (7.22 periods), wall: 1.055 hours, Δt:   1.13, CFL: 7.20e-01
i: 253900, t:  454068.9 s, ωt:  45.41 (7.23 periods), wall: 1.055 hours, Δt:   1.14, CFL: 7.20e-01
i: 254000, t:  454183.9 s, ωt:  45.42 (7.23 periods), wall: 1.055 hours, Δt:   1.09, CFL: 7.20e-01
i: 254100, t:  454300.5 s, ωt:  45.43 (7.23 periods), wall: 1.056 hours, Δt:   1.41, CFL: 7.20e-01
i: 254200, t:  454429.2 s, ωt:  45.44 (7.23 periods), wall: 1.056 hours, Δt:   1.15, CFL: 7.20e-01
i: 254300, t:  454550.1 s, ωt:  45.46 (7.23 periods), wall: 1.057 hours, Δt:   1.26, CFL: 7.20e-01
i: 254400, t:  454671.6 s, ωt:  45.47 (7.24 periods), wall: 1.057 hours, Δt:   1.24, CFL: 7.20e-01
i: 254500, t:  454780.6 s, ωt:  45.48 (7.24 periods), wall: 1.057 hours, Δt:   1.02, CFL: 7.20e-01
i: 254600, t:  454897.2 s, ωt:  45.49 (7.24 periods), wall: 1.058 hours, Δt:   1.28, CFL: 7.20e-01
i: 254700, t:  455025.9 s, ωt:  45.50 (7.24 periods), wall: 1.058 hours, Δt:   1.23, CFL: 7.20e-01
i: 254800, t:  455152.1 s, ωt:  45.52 (7.24 periods), wall: 1.059 hours, Δt:   1.32, CFL: 7.20e-01
i: 254900, t:  455281.3 s, ωt:  45.53 (7.25 periods), wall: 1.059 hours, Δt:   1.08, CFL: 7.20e-01
i: 255000, t:  455401.3 s, ωt:  45.54 (7.25 periods), wall: 1.059 hours, Δt:   1.32, CFL: 7.20e-01
i: 255100, t:  455535.0 s, ωt:  45.55 (7.25 periods), wall: 1.060 hours, Δt:   1.42, CFL: 7.20e-01
i: 255200, t:  455670.9 s, ωt:  45.57 (7.25 periods), wall: 1.060 hours, Δt:   1.31, CFL: 7.20e-01
i: 255300, t:  455802.2 s, ωt:  45.58 (7.25 periods), wall: 1.061 hours, Δt:   1.17, CFL: 7.20e-01
i: 255400, t:  455930.2 s, ωt:  45.59 (7.26 periods), wall: 1.061 hours, Δt:   1.25, CFL: 7.20e-01
i: 255500, t:  456070.9 s, ωt:  45.61 (7.26 periods), wall: 1.061 hours, Δt:   1.28, CFL: 7.20e-01
i: 255600, t:  456197.5 s, ωt:  45.62 (7.26 periods), wall: 1.062 hours, Δt:   1.11, CFL: 7.20e-01
i: 255700, t:  456326.3 s, ωt:  45.63 (7.26 periods), wall: 1.062 hours, Δt:   1.27, CFL: 7.20e-01
i: 255800, t:  456443.1 s, ωt:  45.64 (7.26 periods), wall: 1.063 hours, Δt:   0.97, CFL: 7.20e-01
i: 255900, t:  456559.4 s, ωt:  45.66 (7.27 periods), wall: 1.063 hours, Δt:   1.24, CFL: 7.20e-01
i: 256000, t:  456673.7 s, ωt:  45.67 (7.27 periods), wall: 1.063 hours, Δt:   1.14, CFL: 7.20e-01
i: 256100, t:  456791.3 s, ωt:  45.68 (7.27 periods), wall: 1.064 hours, Δt:   1.46, CFL: 7.20e-01
i: 256200, t:  456915.7 s, ωt:  45.69 (7.27 periods), wall: 1.064 hours, Δt:   1.06, CFL: 7.20e-01
i: 256300, t:  457035.4 s, ωt:  45.70 (7.27 periods), wall: 1.065 hours, Δt:   1.18, CFL: 7.20e-01
i: 256400, t:  457149.7 s, ωt:  45.71 (7.28 periods), wall: 1.065 hours, Δt:   1.27, CFL: 7.20e-01
i: 256500, t:  457281.9 s, ωt:  45.73 (7.28 periods), wall: 1.065 hours, Δt:   1.25, CFL: 7.20e-01
i: 256600, t:  457410.8 s, ωt:  45.74 (7.28 periods), wall: 1.066 hours, Δt:   1.23, CFL: 7.20e-01
i: 256700, t:  457531.0 s, ωt:  45.75 (7.28 periods), wall: 1.066 hours, Δt:   1.31, CFL: 7.20e-01
i: 256800, t:  457652.0 s, ωt:  45.77 (7.28 periods), wall: 1.067 hours, Δt:   1.47, CFL: 7.20e-01
i: 256900, t:  457793.6 s, ωt:  45.78 (7.29 periods), wall: 1.067 hours, Δt:   1.37, CFL: 7.20e-01
i: 257000, t:  457920.4 s, ωt:  45.79 (7.29 periods), wall: 1.067 hours, Δt:   1.29, CFL: 7.20e-01
i: 257100, t:  458055.8 s, ωt:  45.81 (7.29 periods), wall: 1.068 hours, Δt:   1.40, CFL: 7.20e-01
i: 257200, t:  458189.4 s, ωt:  45.82 (7.29 periods), wall: 1.068 hours, Δt:   1.32, CFL: 7.20e-01
i: 257300, t:  458321.6 s, ωt:  45.83 (7.29 periods), wall: 1.069 hours, Δt:   1.15, CFL: 7.20e-01
i: 257400, t:  458444.7 s, ωt:  45.84 (7.30 periods), wall: 1.069 hours, Δt:   1.37, CFL: 7.20e-01
i: 257500, t:  458579.7 s, ωt:  45.86 (7.30 periods), wall: 1.070 hours, Δt:   1.43, CFL: 7.20e-01
i: 257600, t:  458716.0 s, ωt:  45.87 (7.30 periods), wall: 1.070 hours, Δt:   1.48, CFL: 7.20e-01
i: 257700, t:  458857.3 s, ωt:  45.89 (7.30 periods), wall: 1.070 hours, Δt:   1.25, CFL: 7.20e-01
i: 257800, t:  458992.6 s, ωt:  45.90 (7.31 periods), wall: 1.071 hours, Δt:   1.50, CFL: 7.20e-01
i: 257900, t:  459139.2 s, ωt:  45.91 (7.31 periods), wall: 1.071 hours, Δt:   1.39, CFL: 7.20e-01
i: 258000, t:  459278.2 s, ωt:  45.93 (7.31 periods), wall: 1.072 hours, Δt:   1.54, CFL: 7.20e-01
i: 258100, t:  459430.1 s, ωt:  45.94 (7.31 periods), wall: 1.072 hours, Δt:   1.18, CFL: 7.20e-01
i: 258200, t:  459576.9 s, ωt:  45.96 (7.31 periods), wall: 1.072 hours, Δt:   1.45, CFL: 7.20e-01
i: 258300, t:  459721.4 s, ωt:  45.97 (7.32 periods), wall: 1.073 hours, Δt:   1.57, CFL: 7.20e-01
i: 258400, t:  459857.7 s, ωt:  45.99 (7.32 periods), wall: 1.073 hours, Δt:   1.44, CFL: 7.20e-01
i: 258500, t:  460002.9 s, ωt:  46.00 (7.32 periods), wall: 1.074 hours, Δt:   1.47, CFL: 7.20e-01
i: 258600, t:  460152.1 s, ωt:  46.02 (7.32 periods), wall: 1.074 hours, Δt:   1.42, CFL: 7.20e-01
i: 258700, t:  460273.7 s, ωt:  46.03 (7.33 periods), wall: 1.074 hours, Δt:   1.38, CFL: 7.20e-01
i: 258800, t:  460416.4 s, ωt:  46.04 (7.33 periods), wall: 1.075 hours, Δt:   1.52, CFL: 7.20e-01
i: 258900, t:  460579.2 s, ωt:  46.06 (7.33 periods), wall: 1.075 hours, Δt:   1.61, CFL: 7.20e-01
i: 259000, t:  460737.8 s, ωt:  46.07 (7.33 periods), wall: 1.076 hours, Δt:   1.57, CFL: 7.20e-01
i: 259100, t:  460877.3 s, ωt:  46.09 (7.34 periods), wall: 1.076 hours, Δt:   1.48, CFL: 7.20e-01
i: 259200, t:  461031.1 s, ωt:  46.10 (7.34 periods), wall: 1.076 hours, Δt:   1.25, CFL: 7.20e-01
i: 259300, t:  461167.8 s, ωt:  46.12 (7.34 periods), wall: 1.077 hours, Δt:   1.48, CFL: 7.20e-01
i: 259400, t:  461321.6 s, ωt:  46.13 (7.34 periods), wall: 1.077 hours, Δt:   1.80, CFL: 7.20e-01
i: 259500, t:  461459.3 s, ωt:  46.15 (7.34 periods), wall: 1.078 hours, Δt:   1.16, CFL: 7.20e-01
i: 259600, t:  461600.9 s, ωt:  46.16 (7.35 periods), wall: 1.078 hours, Δt:   1.58, CFL: 7.20e-01
i: 259700, t:  461771.5 s, ωt:  46.18 (7.35 periods), wall: 1.079 hours, Δt:   1.66, CFL: 7.20e-01
i: 259800, t:  461931.8 s, ωt:  46.19 (7.35 periods), wall: 1.079 hours, Δt:   1.38, CFL: 7.20e-01
i: 259900, t:  462081.8 s, ωt:  46.21 (7.35 periods), wall: 1.079 hours, Δt:   1.43, CFL: 7.20e-01
i: 260000, t:  462255.4 s, ωt:  46.23 (7.36 periods), wall: 1.080 hours, Δt:   1.90, CFL: 7.20e-01
i: 260100, t:  462433.6 s, ωt:  46.24 (7.36 periods), wall: 1.080 hours, Δt:   1.43, CFL: 7.20e-01
i: 260200, t:  462592.9 s, ωt:  46.26 (7.36 periods), wall: 1.081 hours, Δt:   1.83, CFL: 7.20e-01
i: 260300, t:  462759.8 s, ωt:  46.28 (7.37 periods), wall: 1.081 hours, Δt:   1.57, CFL: 7.20e-01
i: 260400, t:  462939.7 s, ωt:  46.29 (7.37 periods), wall: 1.081 hours, Δt:   1.83, CFL: 7.20e-01
i: 260500, t:  463122.2 s, ωt:  46.31 (7.37 periods), wall: 1.082 hours, Δt:   1.83, CFL: 7.20e-01
i: 260600, t:  463304.6 s, ωt:  46.33 (7.37 periods), wall: 1.082 hours, Δt:   1.92, CFL: 7.20e-01
i: 260700, t:  463479.4 s, ωt:  46.35 (7.38 periods), wall: 1.083 hours, Δt:   1.63, CFL: 7.20e-01
i: 260800, t:  463655.2 s, ωt:  46.37 (7.38 periods), wall: 1.083 hours, Δt:   2.04, CFL: 7.20e-01
i: 260900, t:  463878.4 s, ωt:  46.39 (7.38 periods), wall: 1.084 hours, Δt:   2.15, CFL: 7.20e-01
i: 261000, t:  464086.7 s, ωt:  46.41 (7.39 periods), wall: 1.084 hours, Δt:   1.87, CFL: 7.20e-01
i: 261100, t:  464286.3 s, ωt:  46.43 (7.39 periods), wall: 1.084 hours, Δt:   2.23, CFL: 7.20e-01
i: 261200, t:  464484.2 s, ωt:  46.45 (7.39 periods), wall: 1.085 hours, Δt:   1.90, CFL: 7.20e-01
i: 261300, t:  464689.1 s, ωt:  46.47 (7.40 periods), wall: 1.085 hours, Δt:   2.05, CFL: 7.20e-01
i: 261400, t:  464913.0 s, ωt:  46.49 (7.40 periods), wall: 1.086 hours, Δt:   2.36, CFL: 7.20e-01
i: 261500, t:  465158.1 s, ωt:  46.52 (7.40 periods), wall: 1.086 hours, Δt:   2.49, CFL: 7.20e-01
i: 261600, t:  465389.2 s, ωt:  46.54 (7.41 periods), wall: 1.086 hours, Δt:   2.11, CFL: 7.20e-01
i: 261700, t:  465635.3 s, ωt:  46.56 (7.41 periods), wall: 1.087 hours, Δt:   2.52, CFL: 7.20e-01
i: 261800, t:  465871.9 s, ωt:  46.59 (7.41 periods), wall: 1.087 hours, Δt:   2.56, CFL: 7.20e-01
i: 261900, t:  466150.9 s, ωt:  46.62 (7.42 periods), wall: 1.088 hours, Δt:   2.50, CFL: 7.20e-01
i: 262000, t:  466405.5 s, ωt:  46.64 (7.42 periods), wall: 1.088 hours, Δt:   2.52, CFL: 7.20e-01
i: 262100, t:  466686.1 s, ωt:  46.67 (7.43 periods), wall: 1.089 hours, Δt:   2.40, CFL: 7.20e-01
i: 262200, t:  466987.3 s, ωt:  46.70 (7.43 periods), wall: 1.089 hours, Δt:   3.07, CFL: 7.20e-01
i: 262300, t:  467292.3 s, ωt:  46.73 (7.44 periods), wall: 1.089 hours, Δt:   3.42, CFL: 7.20e-01
i: 262400, t:  467679.5 s, ωt:  46.77 (7.44 periods), wall: 1.090 hours, Δt:   3.57, CFL: 7.20e-01
i: 262500, t:  468066.4 s, ωt:  46.81 (7.45 periods), wall: 1.090 hours, Δt:   3.84, CFL: 7.20e-01
i: 262600, t:  468406.4 s, ωt:  46.84 (7.45 periods), wall: 1.091 hours, Δt:   4.06, CFL: 7.20e-01
i: 262700, t:  468879.3 s, ωt:  46.89 (7.46 periods), wall: 1.091 hours, Δt:   4.30, CFL: 7.20e-01
i: 262800, t:  469333.2 s, ωt:  46.93 (7.47 periods), wall: 1.091 hours, Δt:   5.68, CFL: 7.20e-01
i: 262900, t:  469916.4 s, ωt:  46.99 (7.48 periods), wall: 1.092 hours, Δt:   6.65, CFL: 7.20e-01
i: 263000, t:  470554.8 s, ωt:  47.06 (7.49 periods), wall: 1.092 hours, Δt:   6.20, CFL: 7.20e-01
i: 263100, t:  471150.5 s, ωt:  47.12 (7.50 periods), wall: 1.093 hours, Δt:   5.87, CFL: 7.20e-01
i: 263200, t:  471681.7 s, ωt:  47.17 (7.51 periods), wall: 1.093 hours, Δt:   5.51, CFL: 7.20e-01
i: 263300, t:  472158.3 s, ωt:  47.22 (7.51 periods), wall: 1.094 hours, Δt:   4.42, CFL: 7.20e-01
i: 263400, t:  472635.2 s, ωt:  47.26 (7.52 periods), wall: 1.094 hours, Δt:   4.92, CFL: 7.20e-01
i: 263500, t:  473092.3 s, ωt:  47.31 (7.53 periods), wall: 1.095 hours, Δt:   3.77, CFL: 7.20e-01
i: 263600, t:  473477.5 s, ωt:  47.35 (7.54 periods), wall: 1.095 hours, Δt:   3.62, CFL: 7.20e-01
i: 263700, t:  473843.7 s, ωt:  47.38 (7.54 periods), wall: 1.095 hours, Δt:   3.62, CFL: 7.20e-01
i: 263800, t:  474180.3 s, ωt:  47.42 (7.55 periods), wall: 1.096 hours, Δt:   2.83, CFL: 7.20e-01
i: 263900, t:  474478.9 s, ωt:  47.45 (7.55 periods), wall: 1.096 hours, Δt:   2.65, CFL: 7.20e-01
i: 264000, t:  474765.9 s, ωt:  47.48 (7.56 periods), wall: 1.097 hours, Δt:   2.98, CFL: 7.20e-01
i: 264100, t:  475073.4 s, ωt:  47.51 (7.56 periods), wall: 1.097 hours, Δt:   2.75, CFL: 7.20e-01
i: 264200, t:  475327.8 s, ωt:  47.53 (7.57 periods), wall: 1.098 hours, Δt:   2.71, CFL: 7.20e-01
i: 264300, t:  475568.3 s, ωt:  47.56 (7.57 periods), wall: 1.098 hours, Δt:   2.21, CFL: 7.20e-01
i: 264400, t:  475787.7 s, ωt:  47.58 (7.57 periods), wall: 1.098 hours, Δt:   2.48, CFL: 7.20e-01
i: 264500, t:  476025.0 s, ωt:  47.60 (7.58 periods), wall: 1.099 hours, Δt:   2.22, CFL: 7.20e-01
i: 264600, t:  476248.9 s, ωt:  47.62 (7.58 periods), wall: 1.099 hours, Δt:   1.96, CFL: 7.20e-01
i: 264700, t:  476440.7 s, ωt:  47.64 (7.58 periods), wall: 1.100 hours, Δt:   2.02, CFL: 7.20e-01
i: 264800, t:  476651.8 s, ωt:  47.67 (7.59 periods), wall: 1.100 hours, Δt:   2.02, CFL: 7.20e-01
i: 264900, t:  476841.8 s, ωt:  47.68 (7.59 periods), wall: 1.100 hours, Δt:   1.85, CFL: 7.20e-01
i: 265000, t:  477030.8 s, ωt:  47.70 (7.59 periods), wall: 1.101 hours, Δt:   1.74, CFL: 7.20e-01
i: 265100, t:  477190.6 s, ωt:  47.72 (7.59 periods), wall: 1.101 hours, Δt:   1.59, CFL: 7.20e-01
i: 265200, t:  477374.4 s, ωt:  47.74 (7.60 periods), wall: 1.102 hours, Δt:   1.89, CFL: 7.20e-01
i: 265300, t:  477552.2 s, ωt:  47.76 (7.60 periods), wall: 1.102 hours, Δt:   2.02, CFL: 7.20e-01
i: 265400, t:  477731.5 s, ωt:  47.77 (7.60 periods), wall: 1.102 hours, Δt:   1.43, CFL: 7.20e-01
i: 265500, t:  477881.1 s, ωt:  47.79 (7.61 periods), wall: 1.103 hours, Δt:   1.39, CFL: 7.20e-01
i: 265600, t:  478033.9 s, ωt:  47.80 (7.61 periods), wall: 1.103 hours, Δt:   1.49, CFL: 7.20e-01
i: 265700, t:  478185.6 s, ωt:  47.82 (7.61 periods), wall: 1.104 hours, Δt:   1.40, CFL: 7.20e-01
i: 265800, t:  478331.6 s, ωt:  47.83 (7.61 periods), wall: 1.104 hours, Δt:   1.68, CFL: 7.20e-01
i: 265900, t:  478490.1 s, ωt:  47.85 (7.62 periods), wall: 1.105 hours, Δt:   1.66, CFL: 7.20e-01
i: 266000, t:  478639.2 s, ωt:  47.86 (7.62 periods), wall: 1.105 hours, Δt:   1.49, CFL: 7.20e-01
i: 266100, t:  478778.7 s, ωt:  47.88 (7.62 periods), wall: 1.105 hours, Δt:   1.41, CFL: 7.20e-01
i: 266200, t:  478913.7 s, ωt:  47.89 (7.62 periods), wall: 1.106 hours, Δt:   1.44, CFL: 7.20e-01
i: 266300, t:  479065.0 s, ωt:  47.91 (7.62 periods), wall: 1.106 hours, Δt:   1.44, CFL: 7.20e-01
i: 266400, t:  479213.1 s, ωt:  47.92 (7.63 periods), wall: 1.107 hours, Δt:   1.33, CFL: 7.20e-01
i: 266500, t:  479353.3 s, ωt:  47.94 (7.63 periods), wall: 1.107 hours, Δt:   1.32, CFL: 7.20e-01
i: 266600, t:  479489.5 s, ωt:  47.95 (7.63 periods), wall: 1.107 hours, Δt:   1.44, CFL: 7.20e-01
i: 266700, t:  479638.7 s, ωt:  47.96 (7.63 periods), wall: 1.108 hours, Δt:   1.55, CFL: 7.20e-01
i: 266800, t:  479785.0 s, ωt:  47.98 (7.64 periods), wall: 1.108 hours, Δt:   1.48, CFL: 7.20e-01
i: 266900, t:  479934.9 s, ωt:  47.99 (7.64 periods), wall: 1.109 hours, Δt:   1.49, CFL: 7.20e-01
i: 267000, t:  480086.7 s, ωt:  48.01 (7.64 periods), wall: 1.109 hours, Δt:   1.51, CFL: 7.20e-01
i: 267100, t:  480238.7 s, ωt:  48.02 (7.64 periods), wall: 1.110 hours, Δt:   1.36, CFL: 7.20e-01
i: 267200, t:  480383.7 s, ωt:  48.04 (7.65 periods), wall: 1.110 hours, Δt:   1.35, CFL: 7.20e-01
i: 267300, t:  480521.5 s, ωt:  48.05 (7.65 periods), wall: 1.110 hours, Δt:   1.48, CFL: 7.20e-01
i: 267400, t:  480653.2 s, ωt:  48.07 (7.65 periods), wall: 1.111 hours, Δt:   1.36, CFL: 7.20e-01
i: 267500, t:  480779.8 s, ωt:  48.08 (7.65 periods), wall: 1.111 hours, Δt:   1.31, CFL: 7.20e-01
i: 267600, t:  480902.2 s, ωt:  48.09 (7.65 periods), wall: 1.112 hours, Δt:   1.28, CFL: 7.20e-01
i: 267700, t:  481030.4 s, ωt:  48.10 (7.66 periods), wall: 1.112 hours, Δt:   1.23, CFL: 7.20e-01
i: 267800, t:  481166.1 s, ωt:  48.12 (7.66 periods), wall: 1.112 hours, Δt:   1.39, CFL: 7.20e-01
i: 267900, t:  481293.2 s, ωt:  48.13 (7.66 periods), wall: 1.113 hours, Δt:   1.40, CFL: 7.20e-01
i: 268000, t:  481430.2 s, ωt:  48.14 (7.66 periods), wall: 1.113 hours, Δt:   1.26, CFL: 7.20e-01
i: 268100, t:  481571.2 s, ωt:  48.16 (7.66 periods), wall: 1.114 hours, Δt:   1.54, CFL: 7.20e-01
i: 268200, t:  481700.7 s, ωt:  48.17 (7.67 periods), wall: 1.114 hours, Δt:   1.11, CFL: 7.20e-01
i: 268300, t:  481839.7 s, ωt:  48.18 (7.67 periods), wall: 1.114 hours, Δt:   1.44, CFL: 7.20e-01
i: 268400, t:  481962.3 s, ωt:  48.20 (7.67 periods), wall: 1.115 hours, Δt:   1.05, CFL: 7.20e-01
i: 268500, t:  482066.9 s, ωt:  48.21 (7.67 periods), wall: 1.115 hours, Δt:   1.31, CFL: 7.20e-01
i: 268600, t:  482193.0 s, ωt:  48.22 (7.67 periods), wall: 1.116 hours, Δt:   1.33, CFL: 7.20e-01
i: 268700, t:  482321.4 s, ωt:  48.23 (7.68 periods), wall: 1.116 hours, Δt:   1.21, CFL: 7.20e-01
i: 268800, t:  482431.3 s, ωt:  48.24 (7.68 periods), wall: 1.116 hours, Δt:   1.38, CFL: 7.20e-01
i: 268900, t:  482556.2 s, ωt:  48.26 (7.68 periods), wall: 1.117 hours, Δt:   1.19, CFL: 7.20e-01
i: 269000, t:  482663.5 s, ωt:  48.27 (7.68 periods), wall: 1.117 hours, Δt:   1.10, CFL: 7.20e-01
i: 269100, t:  482783.4 s, ωt:  48.28 (7.68 periods), wall: 1.118 hours, Δt:   1.20, CFL: 7.20e-01
i: 269200, t:  482907.9 s, ωt:  48.29 (7.69 periods), wall: 1.118 hours, Δt:   1.26, CFL: 7.20e-01
i: 269300, t:  483037.0 s, ωt:  48.30 (7.69 periods), wall: 1.119 hours, Δt:   1.27, CFL: 7.20e-01
i: 269400, t:  483165.7 s, ωt:  48.32 (7.69 periods), wall: 1.119 hours, Δt:   1.21, CFL: 7.20e-01
i: 269500, t:  483282.0 s, ωt:  48.33 (7.69 periods), wall: 1.119 hours, Δt:   1.02, CFL: 7.20e-01
i: 269600, t:  483382.4 s, ωt:  48.34 (7.69 periods), wall: 1.120 hours, Δt:   0.97, CFL: 7.20e-01
i: 269700, t:  483487.5 s, ωt:  48.35 (7.69 periods), wall: 1.120 hours, Δt:   1.26, CFL: 7.20e-01
i: 269800, t:  483609.4 s, ωt:  48.36 (7.70 periods), wall: 1.121 hours, Δt:   1.07, CFL: 7.20e-01
i: 269900, t:  483727.8 s, ωt:  48.37 (7.70 periods), wall: 1.121 hours, Δt:   1.11, CFL: 7.20e-01
i: 270000, t:  483843.1 s, ωt:  48.38 (7.70 periods), wall: 1.121 hours, Δt:   1.23, CFL: 7.20e-01
i: 270100, t:  483962.9 s, ωt:  48.40 (7.70 periods), wall: 1.122 hours, Δt:   1.23, CFL: 7.20e-01
i: 270200, t:  484077.9 s, ωt:  48.41 (7.70 periods), wall: 1.122 hours, Δt:   1.12, CFL: 7.20e-01
i: 270300, t:  484188.4 s, ωt:  48.42 (7.71 periods), wall: 1.123 hours, Δt:   1.24, CFL: 7.20e-01
i: 270400, t:  484297.8 s, ωt:  48.43 (7.71 periods), wall: 1.123 hours, Δt:   1.23, CFL: 7.20e-01
i: 270500, t:  484407.6 s, ωt:  48.44 (7.71 periods), wall: 1.123 hours, Δt:   1.20, CFL: 7.20e-01
i: 270600, t:  484526.7 s, ωt:  48.45 (7.71 periods), wall: 1.124 hours, Δt:   1.06, CFL: 7.20e-01
i: 270700, t:  484647.4 s, ωt:  48.46 (7.71 periods), wall: 1.124 hours, Δt:   1.21, CFL: 7.20e-01
i: 270800, t:  484766.7 s, ωt:  48.48 (7.72 periods), wall: 1.125 hours, Δt:   1.22, CFL: 7.20e-01
i: 270900, t:  484877.6 s, ωt:  48.49 (7.72 periods), wall: 1.125 hours, Δt:   0.94, CFL: 7.20e-01
i: 271000, t:  484984.1 s, ωt:  48.50 (7.72 periods), wall: 1.126 hours, Δt:   1.09, CFL: 7.20e-01
i: 271100, t:  485093.9 s, ωt:  48.51 (7.72 periods), wall: 1.126 hours, Δt:   1.21, CFL: 7.20e-01
i: 271200, t:  485219.4 s, ωt:  48.52 (7.72 periods), wall: 1.126 hours, Δt:   1.24, CFL: 7.20e-01
i: 271300, t:  485334.3 s, ωt:  48.53 (7.72 periods), wall: 1.127 hours, Δt:   1.26, CFL: 7.20e-01
i: 271400, t:  485443.3 s, ωt:  48.54 (7.73 periods), wall: 1.127 hours, Δt:   0.98, CFL: 7.20e-01
i: 271500, t:  485553.2 s, ωt:  48.56 (7.73 periods), wall: 1.128 hours, Δt:   0.96, CFL: 7.20e-01
i: 271600, t:  485659.6 s, ωt:  48.57 (7.73 periods), wall: 1.128 hours, Δt:   0.96, CFL: 7.20e-01
i: 271700, t:  485778.2 s, ωt:  48.58 (7.73 periods), wall: 1.128 hours, Δt:   1.24, CFL: 7.20e-01
i: 271800, t:  485905.3 s, ωt:  48.59 (7.73 periods), wall: 1.129 hours, Δt:   1.04, CFL: 7.20e-01
i: 271900, t:  486015.4 s, ωt:  48.60 (7.74 periods), wall: 1.129 hours, Δt:   1.01, CFL: 7.20e-01
i: 272000, t:  486125.5 s, ωt:  48.61 (7.74 periods), wall: 1.130 hours, Δt:   1.09, CFL: 7.20e-01
i: 272100, t:  486247.6 s, ωt:  48.62 (7.74 periods), wall: 1.130 hours, Δt:   1.29, CFL: 7.20e-01
i: 272200, t:  486367.2 s, ωt:  48.64 (7.74 periods), wall: 1.130 hours, Δt:   1.29, CFL: 7.20e-01
i: 272300, t:  486488.5 s, ωt:  48.65 (7.74 periods), wall: 1.131 hours, Δt:   1.20, CFL: 7.20e-01
i: 272400, t:  486603.5 s, ωt:  48.66 (7.74 periods), wall: 1.131 hours, Δt:   1.06, CFL: 7.20e-01
i: 272500, t:  486718.6 s, ωt:  48.67 (7.75 periods), wall: 1.132 hours, Δt:   1.06, CFL: 7.20e-01
i: 272600, t:  486823.3 s, ωt:  48.68 (7.75 periods), wall: 1.132 hours, Δt:   1.10, CFL: 7.20e-01
i: 272700, t:  486925.7 s, ωt:  48.69 (7.75 periods), wall: 1.133 hours, Δt:   0.88, CFL: 7.20e-01
i: 272800, t:  487028.6 s, ωt:  48.70 (7.75 periods), wall: 1.133 hours, Δt:   1.31, CFL: 7.20e-01
i: 272900, t:  487147.8 s, ωt:  48.71 (7.75 periods), wall: 1.133 hours, Δt:   1.09, CFL: 7.20e-01
i: 273000, t:  487263.7 s, ωt:  48.73 (7.76 periods), wall: 1.134 hours, Δt:   1.23, CFL: 7.20e-01
i: 273100, t:  487379.3 s, ωt:  48.74 (7.76 periods), wall: 1.134 hours, Δt:   1.06, CFL: 7.20e-01
i: 273200, t:  487497.4 s, ωt:  48.75 (7.76 periods), wall: 1.135 hours, Δt:   1.16, CFL: 7.20e-01
i: 273300, t:  487608.5 s, ωt:  48.76 (7.76 periods), wall: 1.135 hours, Δt:   1.12, CFL: 7.20e-01
i: 273400, t:  487727.2 s, ωt:  48.77 (7.76 periods), wall: 1.135 hours, Δt:   1.38, CFL: 7.20e-01
i: 273500, t:  487842.7 s, ωt:  48.78 (7.76 periods), wall: 1.136 hours, Δt:   1.19, CFL: 7.20e-01
i: 273600, t:  487962.4 s, ωt:  48.80 (7.77 periods), wall: 1.136 hours, Δt:   1.27, CFL: 7.20e-01
i: 273700, t:  488085.6 s, ωt:  48.81 (7.77 periods), wall: 1.137 hours, Δt:   1.07, CFL: 7.20e-01
i: 273800, t:  488196.5 s, ωt:  48.82 (7.77 periods), wall: 1.137 hours, Δt:   1.13, CFL: 7.20e-01
i: 273900, t:  488328.0 s, ωt:  48.83 (7.77 periods), wall: 1.138 hours, Δt:   1.17, CFL: 7.20e-01
i: 274000, t:  488458.8 s, ωt:  48.85 (7.77 periods), wall: 1.138 hours, Δt:   1.37, CFL: 7.20e-01
i: 274100, t:  488586.4 s, ωt:  48.86 (7.78 periods), wall: 1.138 hours, Δt:   1.38, CFL: 7.20e-01
i: 274200, t:  488707.6 s, ωt:  48.87 (7.78 periods), wall: 1.139 hours, Δt:   1.19, CFL: 7.20e-01
i: 274300, t:  488828.5 s, ωt:  48.88 (7.78 periods), wall: 1.139 hours, Δt:   1.40, CFL: 7.20e-01
i: 274400, t:  488959.7 s, ωt:  48.90 (7.78 periods), wall: 1.140 hours, Δt:   1.15, CFL: 7.20e-01
i: 274500, t:  489068.8 s, ωt:  48.91 (7.78 periods), wall: 1.140 hours, Δt:   1.28, CFL: 7.20e-01
i: 274600, t:  489201.2 s, ωt:  48.92 (7.79 periods), wall: 1.140 hours, Δt:   1.49, CFL: 7.20e-01
i: 274700, t:  489338.2 s, ωt:  48.93 (7.79 periods), wall: 1.141 hours, Δt:   1.24, CFL: 7.20e-01
i: 274800, t:  489461.4 s, ωt:  48.95 (7.79 periods), wall: 1.141 hours, Δt:   1.18, CFL: 7.20e-01
i: 274900, t:  489578.7 s, ωt:  48.96 (7.79 periods), wall: 1.142 hours, Δt:   1.31, CFL: 7.20e-01
i: 275000, t:  489723.2 s, ωt:  48.97 (7.79 periods), wall: 1.142 hours, Δt:   1.54, CFL: 7.20e-01
i: 275100, t:  489856.8 s, ωt:  48.99 (7.80 periods), wall: 1.142 hours, Δt:   1.46, CFL: 7.20e-01
i: 275200, t:  489998.8 s, ωt:  49.00 (7.80 periods), wall: 1.143 hours, Δt:   1.14, CFL: 7.20e-01
i: 275300, t:  490116.0 s, ωt:  49.01 (7.80 periods), wall: 1.143 hours, Δt:   1.17, CFL: 7.20e-01
i: 275400, t:  490230.4 s, ωt:  49.02 (7.80 periods), wall: 1.144 hours, Δt:   1.33, CFL: 7.20e-01
i: 275500, t:  490352.0 s, ωt:  49.04 (7.80 periods), wall: 1.144 hours, Δt:   1.15, CFL: 7.20e-01
i: 275600, t:  490470.0 s, ωt:  49.05 (7.81 periods), wall: 1.144 hours, Δt:   1.33, CFL: 7.20e-01
i: 275700, t:  490583.0 s, ωt:  49.06 (7.81 periods), wall: 1.145 hours, Δt:   1.15, CFL: 7.20e-01
i: 275800, t:  490698.7 s, ωt:  49.07 (7.81 periods), wall: 1.145 hours, Δt:   1.43, CFL: 7.20e-01
i: 275900, t:  490822.1 s, ωt:  49.08 (7.81 periods), wall: 1.146 hours, Δt:   1.10, CFL: 7.20e-01
i: 276000, t:  490955.0 s, ωt:  49.10 (7.81 periods), wall: 1.146 hours, Δt:   1.20, CFL: 7.20e-01
i: 276100, t:  491086.7 s, ωt:  49.11 (7.82 periods), wall: 1.147 hours, Δt:   1.36, CFL: 7.20e-01
i: 276200, t:  491221.6 s, ωt:  49.12 (7.82 periods), wall: 1.147 hours, Δt:   1.23, CFL: 7.20e-01
i: 276300, t:  491353.5 s, ωt:  49.14 (7.82 periods), wall: 1.147 hours, Δt:   1.27, CFL: 7.20e-01
i: 276400, t:  491468.3 s, ωt:  49.15 (7.82 periods), wall: 1.148 hours, Δt:   1.20, CFL: 7.20e-01
i: 276500, t:  491590.7 s, ωt:  49.16 (7.82 periods), wall: 1.148 hours, Δt:   1.19, CFL: 7.20e-01
i: 276600, t:  491717.6 s, ωt:  49.17 (7.83 periods), wall: 1.149 hours, Δt:   1.31, CFL: 7.20e-01
i: 276700, t:  491838.6 s, ωt:  49.18 (7.83 periods), wall: 1.149 hours, Δt:   1.45, CFL: 7.20e-01
i: 276800, t:  491983.0 s, ωt:  49.20 (7.83 periods), wall: 1.149 hours, Δt:   1.69, CFL: 7.20e-01
i: 276900, t:  492133.6 s, ωt:  49.21 (7.83 periods), wall: 1.150 hours, Δt:   1.29, CFL: 7.20e-01
i: 277000, t:  492272.8 s, ωt:  49.23 (7.83 periods), wall: 1.150 hours, Δt:   1.39, CFL: 7.20e-01
i: 277100, t:  492424.2 s, ωt:  49.24 (7.84 periods), wall: 1.151 hours, Δt:   1.52, CFL: 7.20e-01
i: 277200, t:  492570.7 s, ωt:  49.26 (7.84 periods), wall: 1.151 hours, Δt:   1.40, CFL: 7.20e-01
i: 277300, t:  492710.1 s, ωt:  49.27 (7.84 periods), wall: 1.152 hours, Δt:   1.29, CFL: 7.20e-01
i: 277400, t:  492842.1 s, ωt:  49.28 (7.84 periods), wall: 1.152 hours, Δt:   1.40, CFL: 7.20e-01
i: 277500, t:  492977.5 s, ωt:  49.30 (7.85 periods), wall: 1.152 hours, Δt:   1.24, CFL: 7.20e-01
i: 277600, t:  493120.4 s, ωt:  49.31 (7.85 periods), wall: 1.153 hours, Δt:   1.31, CFL: 7.20e-01
i: 277700, t:  493249.0 s, ωt:  49.32 (7.85 periods), wall: 1.153 hours, Δt:   1.17, CFL: 7.20e-01
i: 277800, t:  493379.6 s, ωt:  49.34 (7.85 periods), wall: 1.154 hours, Δt:   1.54, CFL: 7.20e-01
i: 277900, t:  493530.5 s, ωt:  49.35 (7.85 periods), wall: 1.154 hours, Δt:   1.65, CFL: 7.20e-01
i: 278000, t:  493698.3 s, ωt:  49.37 (7.86 periods), wall: 1.154 hours, Δt:   1.63, CFL: 7.20e-01
i: 278100, t:  493850.7 s, ωt:  49.39 (7.86 periods), wall: 1.155 hours, Δt:   1.35, CFL: 7.20e-01
i: 278200, t:  494002.9 s, ωt:  49.40 (7.86 periods), wall: 1.155 hours, Δt:   1.67, CFL: 7.20e-01
i: 278300, t:  494162.7 s, ωt:  49.42 (7.86 periods), wall: 1.156 hours, Δt:   1.73, CFL: 7.20e-01
i: 278400, t:  494336.0 s, ωt:  49.43 (7.87 periods), wall: 1.156 hours, Δt:   1.86, CFL: 7.20e-01
i: 278500, t:  494503.3 s, ωt:  49.45 (7.87 periods), wall: 1.156 hours, Δt:   1.95, CFL: 7.20e-01
i: 278600, t:  494676.3 s, ωt:  49.47 (7.87 periods), wall: 1.157 hours, Δt:   1.79, CFL: 7.20e-01
i: 278700, t:  494853.0 s, ωt:  49.49 (7.88 periods), wall: 1.157 hours, Δt:   1.85, CFL: 7.20e-01
i: 278800, t:  495032.1 s, ωt:  49.50 (7.88 periods), wall: 1.158 hours, Δt:   1.50, CFL: 7.20e-01
i: 278900, t:  495168.3 s, ωt:  49.52 (7.88 periods), wall: 1.158 hours, Δt:   1.51, CFL: 7.20e-01
i: 279000, t:  495340.6 s, ωt:  49.53 (7.88 periods), wall: 1.159 hours, Δt:   1.98, CFL: 7.20e-01
i: 279100, t:  495529.9 s, ωt:  49.55 (7.89 periods), wall: 1.159 hours, Δt:   1.98, CFL: 7.20e-01
i: 279200, t:  495741.6 s, ωt:  49.57 (7.89 periods), wall: 1.159 hours, Δt:   2.44, CFL: 7.20e-01
i: 279300, t:  495960.0 s, ωt:  49.60 (7.89 periods), wall: 1.160 hours, Δt:   2.40, CFL: 7.20e-01
i: 279400, t:  496199.9 s, ωt:  49.62 (7.90 periods), wall: 1.160 hours, Δt:   2.36, CFL: 7.20e-01
i: 279500, t:  496432.0 s, ωt:  49.64 (7.90 periods), wall: 1.161 hours, Δt:   2.01, CFL: 7.20e-01
i: 279600, t:  496652.3 s, ωt:  49.67 (7.90 periods), wall: 1.161 hours, Δt:   2.56, CFL: 7.20e-01
i: 279700, t:  496846.9 s, ωt:  49.68 (7.91 periods), wall: 1.161 hours, Δt:   2.16, CFL: 7.20e-01
i: 279800, t:  497081.3 s, ωt:  49.71 (7.91 periods), wall: 1.162 hours, Δt:   2.67, CFL: 7.20e-01
i: 279900, t:  497344.9 s, ωt:  49.73 (7.92 periods), wall: 1.162 hours, Δt:   2.74, CFL: 7.20e-01
i: 280000, t:  497611.1 s, ωt:  49.76 (7.92 periods), wall: 1.163 hours, Δt:   2.48, CFL: 7.20e-01
i: 280100, t:  497896.3 s, ωt:  49.79 (7.92 periods), wall: 1.163 hours, Δt:   2.95, CFL: 7.20e-01
i: 280200, t:  498197.3 s, ωt:  49.82 (7.93 periods), wall: 1.163 hours, Δt:   3.27, CFL: 7.20e-01
i: 280300, t:  498505.9 s, ωt:  49.85 (7.93 periods), wall: 1.164 hours, Δt:   2.97, CFL: 7.20e-01
i: 280400, t:  498798.6 s, ωt:  49.88 (7.94 periods), wall: 1.164 hours, Δt:   3.07, CFL: 7.20e-01
i: 280500, t:  499118.8 s, ωt:  49.91 (7.94 periods), wall: 1.165 hours, Δt:   3.50, CFL: 7.20e-01
i: 280600, t:  499499.2 s, ωt:  49.95 (7.95 periods), wall: 1.165 hours, Δt:   3.55, CFL: 7.20e-01
i: 280700, t:  499835.3 s, ωt:  49.98 (7.96 periods), wall: 1.166 hours, Δt:   3.97, CFL: 7.20e-01
i: 280800, t:  500235.4 s, ωt:  50.02 (7.96 periods), wall: 1.166 hours, Δt:   4.57, CFL: 7.20e-01
i: 280900, t:  500704.7 s, ωt:  50.07 (7.97 periods), wall: 1.166 hours, Δt:   5.38, CFL: 7.20e-01
i: 281000, t:  501185.8 s, ωt:  50.12 (7.98 periods), wall: 1.167 hours, Δt:   4.69, CFL: 7.14e-01
i: 281100, t:  501724.0 s, ωt:  50.17 (7.99 periods), wall: 1.167 hours, Δt:   6.06, CFL: 7.20e-01
i: 281200, t:  502323.0 s, ωt:  50.23 (7.99 periods), wall: 1.168 hours, Δt:   5.48, CFL: 7.20e-01
[ Info: Oceananigans will use 16 threads
[ Info: Case L4_Ri2500 (L = 4 m): Ri = 2500, N² = 2.5e-05 s⁻², δ_s = 0.1414 m, Re_s = 5657
[ Info: Domain 7.071 × 3.536 × 12.728 m = 50 × 25 × 90 δ_s, 8 periods
[ Info: Background: exponential, N²_bg = N∞²[1−exp(−z/L)], L = 4.000 m = 28 δ_s (N²_bg/N∞² = 0.035 at z = δ_s, 0.298 at z = 10 δ_s)
[ Info: Bottom Δz = 0.0110 m = 0.077 δ_s (12.9 points across δ_s); 121 of 128 cells below the sponge
[ Info: Δx = 0.2210 m = 1.56 δ_s, Δy = 0.1105 m = 0.78 δ_s
[ Info: Initializing velocities from Ri=0 spin-up: output_L4_Ri0/TidalBL3D_L4_Ri0_fields.jld2
[ Info: Using snapshot 11/11 (t = 5.00 periods of the spin-up)
[ Info: x-y slice at k = 12 (z = 0.149 m ≈ δ)
[ Info: Initializing simulation...
[ Info:     ... simulation initialization complete (17.691 seconds)
[ Info: Executing initial time step...
[ Info:     ... initial time step complete (4.124 seconds).
[ Info: Simulation is stopping after running for 1.162 hours.
[ Info: Simulation time 5.818 days equals or exceeds stop time 5.818 days.
